county,precinct,office,district,party,candidate,votes
Taylor,Precinct 1,BALLOTS CAST,,REP,BALLOTS CAST - REPUBLICAN,305
Taylor,Precinct 2,BALLOTS CAST,,REP,BALLOTS CAST - REPUBLICAN,295
Taylor,Precinct 3,BALLOTS CAST,,REP,BALLOTS CAST - REPUBLICAN,179
Taylor,Precinct 4,BALLOTS CAST,,REP,BALLOTS CAST - REPUBLICAN,110
Taylor,Precinct 5,BALLOTS CAST,,REP,BALLOTS CAST - REPUBLICAN,196
Taylor,Precinct 6,BALLOTS CAST,,REP,BALLOTS CAST - REPUBLICAN,102
Taylor,Precinct 9,BALLOTS CAST,,REP,BALLOTS CAST - REPUBLICAN,140
Taylor,Precinct 10,BALLOTS CAST,,REP,BALLOTS CAST - REPUBLICAN,275
Taylor,Precinct 11,BALLOTS CAST,,REP,BALLOTS CAST - REPUBLICAN,94
Taylor,Precinct 12,BALLOTS CAST,,REP,BALLOTS CAST - REPUBLICAN,204
Taylor,Precinct 14,BALLOTS CAST,,REP,BALLOTS CAST - REPUBLICAN,117
Taylor,Precinct 17,BALLOTS CAST,,REP,BALLOTS CAST - REPUBLICAN,172
Taylor,Precinct 19,BALLOTS CAST,,REP,BALLOTS CAST - REPUBLICAN,150
Taylor,Precinct 26,BALLOTS CAST,,REP,BALLOTS CAST - REPUBLICAN,193
Taylor,Precinct 29,BALLOTS CAST,,REP,BALLOTS CAST - REPUBLICAN,113
Taylor,Precinct 31,BALLOTS CAST,,REP,BALLOTS CAST - REPUBLICAN,173
Taylor,Precinct 36,BALLOTS CAST,,REP,BALLOTS CAST - REPUBLICAN,253
Taylor,Precinct 1,BALLOTS CAST,,DEM,BALLOTS CAST - DEMOCRATIC,81
Taylor,Precinct 2,BALLOTS CAST,,DEM,BALLOTS CAST - DEMOCRATIC,111
Taylor,Precinct 3,BALLOTS CAST,,DEM,BALLOTS CAST - DEMOCRATIC,67
Taylor,Precinct 4,BALLOTS CAST,,DEM,BALLOTS CAST - DEMOCRATIC,60
Taylor,Precinct 5,BALLOTS CAST,,DEM,BALLOTS CAST - DEMOCRATIC,57
Taylor,Precinct 6,BALLOTS CAST,,DEM,BALLOTS CAST - DEMOCRATIC,36
Taylor,Precinct 9,BALLOTS CAST,,DEM,BALLOTS CAST - DEMOCRATIC,34
Taylor,Precinct 10,BALLOTS CAST,,DEM,BALLOTS CAST - DEMOCRATIC,131
Taylor,Precinct 11,BALLOTS CAST,,DEM,BALLOTS CAST - DEMOCRATIC,30
Taylor,Precinct 12,BALLOTS CAST,,DEM,BALLOTS CAST - DEMOCRATIC,75
Taylor,Precinct 14,BALLOTS CAST,,DEM,BALLOTS CAST - DEMOCRATIC,50
Taylor,Precinct 17,BALLOTS CAST,,DEM,BALLOTS CAST - DEMOCRATIC,57
Taylor,Precinct 19,BALLOTS CAST,,DEM,BALLOTS CAST - DEMOCRATIC,58
Taylor,Precinct 26,BALLOTS CAST,,DEM,BALLOTS CAST - DEMOCRATIC,68
Taylor,Precinct 29,BALLOTS CAST,,DEM,BALLOTS CAST - DEMOCRATIC,37
Taylor,Precinct 31,BALLOTS CAST,,DEM,BALLOTS CAST - DEMOCRATIC,64
Taylor,Precinct 36,BALLOTS CAST,,DEM,BALLOTS CAST - DEMOCRATIC,81
Taylor,Precinct 1,BALLOTS CAST,,MTN,BALLOTS CAST - MOUNTAIN,1
Taylor,Precinct 2,BALLOTS CAST,,MTN,BALLOTS CAST - MOUNTAIN,0
Taylor,Precinct 3,BALLOTS CAST,,MTN,BALLOTS CAST - MOUNTAIN,0
Taylor,Precinct 4,BALLOTS CAST,,MTN,BALLOTS CAST - MOUNTAIN,0
Taylor,Precinct 5,BALLOTS CAST,,MTN,BALLOTS CAST - MOUNTAIN,0
Taylor,Precinct 6,BALLOTS CAST,,MTN,BALLOTS CAST - MOUNTAIN,0
Taylor,Precinct 9,BALLOTS CAST,,MTN,BALLOTS CAST - MOUNTAIN,2
Taylor,Precinct 10,BALLOTS CAST,,MTN,BALLOTS CAST - MOUNTAIN,0
Taylor,Precinct 11,BALLOTS CAST,,MTN,BALLOTS CAST - MOUNTAIN,2
Taylor,Precinct 12,BALLOTS CAST,,MTN,BALLOTS CAST - MOUNTAIN,1
Taylor,Precinct 14,BALLOTS CAST,,MTN,BALLOTS CAST - MOUNTAIN,1
Taylor,Precinct 17,BALLOTS CAST,,MTN,BALLOTS CAST - MOUNTAIN,0
Taylor,Precinct 19,BALLOTS CAST,,MTN,BALLOTS CAST - MOUNTAIN,0
Taylor,Precinct 26,BALLOTS CAST,,MTN,BALLOTS CAST - MOUNTAIN,0
Taylor,Precinct 29,BALLOTS CAST,,MTN,BALLOTS CAST - MOUNTAIN,0
Taylor,Precinct 31,BALLOTS CAST,,MTN,BALLOTS CAST - MOUNTAIN,1
Taylor,Precinct 36,BALLOTS CAST,,MTN,BALLOTS CAST - MOUNTAIN,1
Taylor,Precinct 1,BALLOTS CAST,,,BALLOTS CAST - NONPARTISAN,0
Taylor,Precinct 2,BALLOTS CAST,,,BALLOTS CAST - NONPARTISAN,12
Taylor,Precinct 3,BALLOTS CAST,,,BALLOTS CAST - NONPARTISAN,0
Taylor,Precinct 4,BALLOTS CAST,,,BALLOTS CAST - NONPARTISAN,1
Taylor,Precinct 5,BALLOTS CAST,,,BALLOTS CAST - NONPARTISAN,0
Taylor,Precinct 6,BALLOTS CAST,,,BALLOTS CAST - NONPARTISAN,6
Taylor,Precinct 9,BALLOTS CAST,,,BALLOTS CAST - NONPARTISAN,1
Taylor,Precinct 10,BALLOTS CAST,,,BALLOTS CAST - NONPARTISAN,11
Taylor,Precinct 11,BALLOTS CAST,,,BALLOTS CAST - NONPARTISAN,6
Taylor,Precinct 12,BALLOTS CAST,,,BALLOTS CAST - NONPARTISAN,6
Taylor,Precinct 14,BALLOTS CAST,,,BALLOTS CAST - NONPARTISAN,2
Taylor,Precinct 17,BALLOTS CAST,,,BALLOTS CAST - NONPARTISAN,0
Taylor,Precinct 19,BALLOTS CAST,,,BALLOTS CAST - NONPARTISAN,2
Taylor,Precinct 26,BALLOTS CAST,,,BALLOTS CAST - NONPARTISAN,3
Taylor,Precinct 29,BALLOTS CAST,,,BALLOTS CAST - NONPARTISAN,9
Taylor,Precinct 31,BALLOTS CAST,,,BALLOTS CAST - NONPARTISAN,7
Taylor,Precinct 36,BALLOTS CAST,,,BALLOTS CAST - NONPARTISAN,1
Taylor,Precinct 1,President,,REP,DAVID STUCKENBERG,2
Taylor,Precinct 2,President,,REP,DAVID STUCKENBERG,1
Taylor,Precinct 3,President,,REP,DAVID STUCKENBERG,1
Taylor,Precinct 4,President,,REP,DAVID STUCKENBERG,0
Taylor,Precinct 5,President,,REP,DAVID STUCKENBERG,0
Taylor,Precinct 6,President,,REP,DAVID STUCKENBERG,0
Taylor,Precinct 9,President,,REP,DAVID STUCKENBERG,3
Taylor,Precinct 10,President,,REP,DAVID STUCKENBERG,0
Taylor,Precinct 11,President,,REP,DAVID STUCKENBERG,0
Taylor,Precinct 12,President,,REP,DAVID STUCKENBERG,0
Taylor,Precinct 14,President,,REP,DAVID STUCKENBERG,3
Taylor,Precinct 17,President,,REP,DAVID STUCKENBERG,2
Taylor,Precinct 19,President,,REP,DAVID STUCKENBERG,3
Taylor,Precinct 26,President,,REP,DAVID STUCKENBERG,3
Taylor,Precinct 29,President,,REP,DAVID STUCKENBERG,0
Taylor,Precinct 31,President,,REP,DAVID STUCKENBERG,1
Taylor,Precinct 36,President,,REP,DAVID STUCKENBERG,2
Taylor,Precinct 1,President,,REP,RACHEL HANNA MoHAWK SWIFT,2
Taylor,Precinct 2,President,,REP,RACHEL HANNA MoHAWK SWIFT,1
Taylor,Precinct 3,President,,REP,RACHEL HANNA MoHAWK SWIFT,2
Taylor,Precinct 4,President,,REP,RACHEL HANNA MoHAWK SWIFT,0
Taylor,Precinct 5,President,,REP,RACHEL HANNA MoHAWK SWIFT,1
Taylor,Precinct 6,President,,REP,RACHEL HANNA MoHAWK SWIFT,1
Taylor,Precinct 9,President,,REP,RACHEL HANNA MoHAWK SWIFT,1
Taylor,Precinct 10,President,,REP,RACHEL HANNA MoHAWK SWIFT,3
Taylor,Precinct 11,President,,REP,RACHEL HANNA MoHAWK SWIFT,0
Taylor,Precinct 12,President,,REP,RACHEL HANNA MoHAWK SWIFT,4
Taylor,Precinct 14,President,,REP,RACHEL HANNA MoHAWK SWIFT,4
Taylor,Precinct 17,President,,REP,RACHEL HANNA MoHAWK SWIFT,0
Taylor,Precinct 19,President,,REP,RACHEL HANNA MoHAWK SWIFT,3
Taylor,Precinct 26,President,,REP,RACHEL HANNA MoHAWK SWIFT,3
Taylor,Precinct 29,President,,REP,RACHEL HANNA MoHAWK SWIFT,1
Taylor,Precinct 31,President,,REP,RACHEL HANNA MoHAWK SWIFT,2
Taylor,Precinct 36,President,,REP,RACHEL HANNA MoHAWK SWIFT,7
Taylor,Precinct 1,President,,REP,DONALD J. TRUMP,259
Taylor,Precinct 2,President,,REP,DONALD J. TRUMP,254
Taylor,Precinct 3,President,,REP,DONALD J. TRUMP,148
Taylor,Precinct 4,President,,REP,DONALD J. TRUMP,98
Taylor,Precinct 5,President,,REP,DONALD J. TRUMP,169
Taylor,Precinct 6,President,,REP,DONALD J. TRUMP,91
Taylor,Precinct 9,President,,REP,DONALD J. TRUMP,119
Taylor,Precinct 10,President,,REP,DONALD J. TRUMP,246
Taylor,Precinct 11,President,,REP,DONALD J. TRUMP,89
Taylor,Precinct 12,President,,REP,DONALD J. TRUMP,176
Taylor,Precinct 14,President,,REP,DONALD J. TRUMP,99
Taylor,Precinct 17,President,,REP,DONALD J. TRUMP,154
Taylor,Precinct 19,President,,REP,DONALD J. TRUMP,133
Taylor,Precinct 26,President,,REP,DONALD J. TRUMP,165
Taylor,Precinct 29,President,,REP,DONALD J. TRUMP,94
Taylor,Precinct 31,President,,REP,DONALD J. TRUMP,145
Taylor,Precinct 36,President,,REP,DONALD J. TRUMP,214
Taylor,Precinct 1,President,,REP,RYAN L. BINKLEY,0
Taylor,Precinct 2,President,,REP,RYAN L. BINKLEY,4
Taylor,Precinct 3,President,,REP,RYAN L. BINKLEY,2
Taylor,Precinct 4,President,,REP,RYAN L. BINKLEY,1
Taylor,Precinct 5,President,,REP,RYAN L. BINKLEY,1
Taylor,Precinct 6,President,,REP,RYAN L. BINKLEY,1
Taylor,Precinct 9,President,,REP,RYAN L. BINKLEY,3
Taylor,Precinct 10,President,,REP,RYAN L. BINKLEY,1
Taylor,Precinct 11,President,,REP,RYAN L. BINKLEY,0
Taylor,Precinct 12,President,,REP,RYAN L. BINKLEY,4
Taylor,Precinct 14,President,,REP,RYAN L. BINKLEY,2
Taylor,Precinct 17,President,,REP,RYAN L. BINKLEY,1
Taylor,Precinct 19,President,,REP,RYAN L. BINKLEY,0
Taylor,Precinct 26,President,,REP,RYAN L. BINKLEY,1
Taylor,Precinct 29,President,,REP,RYAN L. BINKLEY,1
Taylor,Precinct 31,President,,REP,RYAN L. BINKLEY,0
Taylor,Precinct 36,President,,REP,RYAN L. BINKLEY,2
Taylor,Precinct 1,President,,REP,NIKKI R. HALEY,37
Taylor,Precinct 2,President,,REP,NIKKI R. HALEY,23
Taylor,Precinct 3,President,,REP,NIKKI R. HALEY,25
Taylor,Precinct 4,President,,REP,NIKKI R. HALEY,9
Taylor,Precinct 5,President,,REP,NIKKI R. HALEY,23
Taylor,Precinct 6,President,,REP,NIKKI R. HALEY,7
Taylor,Precinct 9,President,,REP,NIKKI R. HALEY,12
Taylor,Precinct 10,President,,REP,NIKKI R. HALEY,17
Taylor,Precinct 11,President,,REP,NIKKI R. HALEY,1
Taylor,Precinct 12,President,,REP,NIKKI R. HALEY,15
Taylor,Precinct 14,President,,REP,NIKKI R. HALEY,7
Taylor,Precinct 17,President,,REP,NIKKI R. HALEY,9
Taylor,Precinct 19,President,,REP,NIKKI R. HALEY,9
Taylor,Precinct 26,President,,REP,NIKKI R. HALEY,16
Taylor,Precinct 29,President,,REP,NIKKI R. HALEY,10
Taylor,Precinct 31,President,,REP,NIKKI R. HALEY,19
Taylor,Precinct 36,President,,REP,NIKKI R. HALEY,21
Taylor,Precinct 1,President,,DEM,JASON MICHAEL PALMER,7
Taylor,Precinct 2,President,,DEM,JASON MICHAEL PALMER,18
Taylor,Precinct 3,President,,DEM,JASON MICHAEL PALMER,12
Taylor,Precinct 4,President,,DEM,JASON MICHAEL PALMER,5
Taylor,Precinct 5,President,,DEM,JASON MICHAEL PALMER,7
Taylor,Precinct 6,President,,DEM,JASON MICHAEL PALMER,8
Taylor,Precinct 9,President,,DEM,JASON MICHAEL PALMER,5
Taylor,Precinct 10,President,,DEM,JASON MICHAEL PALMER,14
Taylor,Precinct 11,President,,DEM,JASON MICHAEL PALMER,4
Taylor,Precinct 12,President,,DEM,JASON MICHAEL PALMER,5
Taylor,Precinct 14,President,,DEM,JASON MICHAEL PALMER,11
Taylor,Precinct 17,President,,DEM,JASON MICHAEL PALMER,10
Taylor,Precinct 19,President,,DEM,JASON MICHAEL PALMER,11
Taylor,Precinct 26,President,,DEM,JASON MICHAEL PALMER,12
Taylor,Precinct 29,President,,DEM,JASON MICHAEL PALMER,4
Taylor,Precinct 31,President,,DEM,JASON MICHAEL PALMER,6
Taylor,Precinct 36,President,,DEM,JASON MICHAEL PALMER,12
Taylor,Precinct 1,President,,DEM,DEAN PHILLIPS,3
Taylor,Precinct 2,President,,DEM,DEAN PHILLIPS,3
Taylor,Precinct 3,President,,DEM,DEAN PHILLIPS,6
Taylor,Precinct 4,President,,DEM,DEAN PHILLIPS,2
Taylor,Precinct 5,President,,DEM,DEAN PHILLIPS,4
Taylor,Precinct 6,President,,DEM,DEAN PHILLIPS,1
Taylor,Precinct 9,President,,DEM,DEAN PHILLIPS,3
Taylor,Precinct 10,President,,DEM,DEAN PHILLIPS,2
Taylor,Precinct 11,President,,DEM,DEAN PHILLIPS,2
Taylor,Precinct 12,President,,DEM,DEAN PHILLIPS,8
Taylor,Precinct 14,President,,DEM,DEAN PHILLIPS,2
Taylor,Precinct 17,President,,DEM,DEAN PHILLIPS,4
Taylor,Precinct 19,President,,DEM,DEAN PHILLIPS,3
Taylor,Precinct 26,President,,DEM,DEAN PHILLIPS,4
Taylor,Precinct 29,President,,DEM,DEAN PHILLIPS,4
Taylor,Precinct 31,President,,DEM,DEAN PHILLIPS,3
Taylor,Precinct 36,President,,DEM,DEAN PHILLIPS,3
Taylor,Precinct 1,President,,DEM,STEPHEN P LYONS,7
Taylor,Precinct 2,President,,DEM,STEPHEN P LYONS,3
Taylor,Precinct 3,President,,DEM,STEPHEN P LYONS,4
Taylor,Precinct 4,President,,DEM,STEPHEN P LYONS,4
Taylor,Precinct 5,President,,DEM,STEPHEN P LYONS,3
Taylor,Precinct 6,President,,DEM,STEPHEN P LYONS,2
Taylor,Precinct 9,President,,DEM,STEPHEN P LYONS,1
Taylor,Precinct 10,President,,DEM,STEPHEN P LYONS,6
Taylor,Precinct 11,President,,DEM,STEPHEN P LYONS,3
Taylor,Precinct 12,President,,DEM,STEPHEN P LYONS,8
Taylor,Precinct 14,President,,DEM,STEPHEN P LYONS,4
Taylor,Precinct 17,President,,DEM,STEPHEN P LYONS,4
Taylor,Precinct 19,President,,DEM,STEPHEN P LYONS,2
Taylor,Precinct 26,President,,DEM,STEPHEN P LYONS,2
Taylor,Precinct 29,President,,DEM,STEPHEN P LYONS,4
Taylor,Precinct 31,President,,DEM,STEPHEN P LYONS,8
Taylor,Precinct 36,President,,DEM,STEPHEN P LYONS,6
Taylor,Precinct 1,President,,DEM,ARMANDO 'MANDO' PEREZ-SERRATO,0
Taylor,Precinct 2,President,,DEM,ARMANDO 'MANDO' PEREZ-SERRATO,1
Taylor,Precinct 3,President,,DEM,ARMANDO 'MANDO' PEREZ-SERRATO,0
Taylor,Precinct 4,President,,DEM,ARMANDO 'MANDO' PEREZ-SERRATO,1
Taylor,Precinct 5,President,,DEM,ARMANDO 'MANDO' PEREZ-SERRATO,1
Taylor,Precinct 6,President,,DEM,ARMANDO 'MANDO' PEREZ-SERRATO,0
Taylor,Precinct 9,President,,DEM,ARMANDO 'MANDO' PEREZ-SERRATO,0
Taylor,Precinct 10,President,,DEM,ARMANDO 'MANDO' PEREZ-SERRATO,2
Taylor,Precinct 11,President,,DEM,ARMANDO 'MANDO' PEREZ-SERRATO,1
Taylor,Precinct 12,President,,DEM,ARMANDO 'MANDO' PEREZ-SERRATO,0
Taylor,Precinct 14,President,,DEM,ARMANDO 'MANDO' PEREZ-SERRATO,2
Taylor,Precinct 17,President,,DEM,ARMANDO 'MANDO' PEREZ-SERRATO,1
Taylor,Precinct 19,President,,DEM,ARMANDO 'MANDO' PEREZ-SERRATO,1
Taylor,Precinct 26,President,,DEM,ARMANDO 'MANDO' PEREZ-SERRATO,0
Taylor,Precinct 29,President,,DEM,ARMANDO 'MANDO' PEREZ-SERRATO,0
Taylor,Precinct 31,President,,DEM,ARMANDO 'MANDO' PEREZ-SERRATO,2
Taylor,Precinct 36,President,,DEM,ARMANDO 'MANDO' PEREZ-SERRATO,1
Taylor,Precinct 1,President,,DEM,JOSEPH R. BIDEN JR,53
Taylor,Precinct 2,President,,DEM,JOSEPH R. BIDEN JR,58
Taylor,Precinct 3,President,,DEM,JOSEPH R. BIDEN JR,37
Taylor,Precinct 4,President,,DEM,JOSEPH R. BIDEN JR,29
Taylor,Precinct 5,President,,DEM,JOSEPH R. BIDEN JR,35
Taylor,Precinct 6,President,,DEM,JOSEPH R. BIDEN JR,19
Taylor,Precinct 9,President,,DEM,JOSEPH R. BIDEN JR,16
Taylor,Precinct 10,President,,DEM,JOSEPH R. BIDEN JR,80
Taylor,Precinct 11,President,,DEM,JOSEPH R. BIDEN JR,15
Taylor,Precinct 12,President,,DEM,JOSEPH R. BIDEN JR,46
Taylor,Precinct 14,President,,DEM,JOSEPH R. BIDEN JR,23
Taylor,Precinct 17,President,,DEM,JOSEPH R. BIDEN JR,25
Taylor,Precinct 19,President,,DEM,JOSEPH R. BIDEN JR,36
Taylor,Precinct 26,President,,DEM,JOSEPH R. BIDEN JR,42
Taylor,Precinct 29,President,,DEM,JOSEPH R. BIDEN JR,19
Taylor,Precinct 31,President,,DEM,JOSEPH R. BIDEN JR,38
Taylor,Precinct 36,President,,DEM,JOSEPH R. BIDEN JR,37
Taylor,Precinct 1,President,,MTN,JILL STEIN,1
Taylor,Precinct 2,President,,MTN,JILL STEIN,0
Taylor,Precinct 3,President,,MTN,JILL STEIN,0
Taylor,Precinct 4,President,,MTN,JILL STEIN,0
Taylor,Precinct 5,President,,MTN,JILL STEIN,0
Taylor,Precinct 6,President,,MTN,JILL STEIN,0
Taylor,Precinct 9,President,,MTN,JILL STEIN,1
Taylor,Precinct 10,President,,MTN,JILL STEIN,0
Taylor,Precinct 11,President,,MTN,JILL STEIN,2
Taylor,Precinct 12,President,,MTN,JILL STEIN,1
Taylor,Precinct 14,President,,MTN,JILL STEIN,1
Taylor,Precinct 17,President,,MTN,JILL STEIN,0
Taylor,Precinct 19,President,,MTN,JILL STEIN,0
Taylor,Precinct 26,President,,MTN,JILL STEIN,0
Taylor,Precinct 29,President,,MTN,JILL STEIN,0
Taylor,Precinct 31,President,,MTN,JILL STEIN,0
Taylor,Precinct 36,President,,MTN,JILL STEIN,1
Taylor,Precinct 1,U.S. Senate,,REP,ZANE LAWHORN,3
Taylor,Precinct 2,U.S. Senate,,REP,ZANE LAWHORN,2
Taylor,Precinct 3,U.S. Senate,,REP,ZANE LAWHORN,4
Taylor,Precinct 4,U.S. Senate,,REP,ZANE LAWHORN,3
Taylor,Precinct 5,U.S. Senate,,REP,ZANE LAWHORN,4
Taylor,Precinct 6,U.S. Senate,,REP,ZANE LAWHORN,1
Taylor,Precinct 9,U.S. Senate,,REP,ZANE LAWHORN,1
Taylor,Precinct 10,U.S. Senate,,REP,ZANE LAWHORN,2
Taylor,Precinct 11,U.S. Senate,,REP,ZANE LAWHORN,2
Taylor,Precinct 12,U.S. Senate,,REP,ZANE LAWHORN,4
Taylor,Precinct 14,U.S. Senate,,REP,ZANE LAWHORN,3
Taylor,Precinct 17,U.S. Senate,,REP,ZANE LAWHORN,2
Taylor,Precinct 19,U.S. Senate,,REP,ZANE LAWHORN,1
Taylor,Precinct 26,U.S. Senate,,REP,ZANE LAWHORN,2
Taylor,Precinct 29,U.S. Senate,,REP,ZANE LAWHORN,2
Taylor,Precinct 31,U.S. Senate,,REP,ZANE LAWHORN,2
Taylor,Precinct 36,U.S. Senate,,REP,ZANE LAWHORN,4
Taylor,Precinct 1,U.S. Senate,,REP,BRYAN McKINNEY,19
Taylor,Precinct 2,U.S. Senate,,REP,BRYAN McKINNEY,15
Taylor,Precinct 3,U.S. Senate,,REP,BRYAN McKINNEY,10
Taylor,Precinct 4,U.S. Senate,,REP,BRYAN McKINNEY,6
Taylor,Precinct 5,U.S. Senate,,REP,BRYAN McKINNEY,6
Taylor,Precinct 6,U.S. Senate,,REP,BRYAN McKINNEY,5
Taylor,Precinct 9,U.S. Senate,,REP,BRYAN McKINNEY,6
Taylor,Precinct 10,U.S. Senate,,REP,BRYAN McKINNEY,9
Taylor,Precinct 11,U.S. Senate,,REP,BRYAN McKINNEY,2
Taylor,Precinct 12,U.S. Senate,,REP,BRYAN McKINNEY,8
Taylor,Precinct 14,U.S. Senate,,REP,BRYAN McKINNEY,6
Taylor,Precinct 17,U.S. Senate,,REP,BRYAN McKINNEY,8
Taylor,Precinct 19,U.S. Senate,,REP,BRYAN McKINNEY,9
Taylor,Precinct 26,U.S. Senate,,REP,BRYAN McKINNEY,11
Taylor,Precinct 29,U.S. Senate,,REP,BRYAN McKINNEY,5
Taylor,Precinct 31,U.S. Senate,,REP,BRYAN McKINNEY,11
Taylor,Precinct 36,U.S. Senate,,REP,BRYAN McKINNEY,11
Taylor,Precinct 1,U.S. Senate,,REP,ALEXANDER X. MOONEY,61
Taylor,Precinct 2,U.S. Senate,,REP,ALEXANDER X. MOONEY,67
Taylor,Precinct 3,U.S. Senate,,REP,ALEXANDER X. MOONEY,45
Taylor,Precinct 4,U.S. Senate,,REP,ALEXANDER X. MOONEY,32
Taylor,Precinct 5,U.S. Senate,,REP,ALEXANDER X. MOONEY,41
Taylor,Precinct 6,U.S. Senate,,REP,ALEXANDER X. MOONEY,13
Taylor,Precinct 9,U.S. Senate,,REP,ALEXANDER X. MOONEY,33
Taylor,Precinct 10,U.S. Senate,,REP,ALEXANDER X. MOONEY,66
Taylor,Precinct 11,U.S. Senate,,REP,ALEXANDER X. MOONEY,14
Taylor,Precinct 12,U.S. Senate,,REP,ALEXANDER X. MOONEY,50
Taylor,Precinct 14,U.S. Senate,,REP,ALEXANDER X. MOONEY,24
Taylor,Precinct 17,U.S. Senate,,REP,ALEXANDER X. MOONEY,37
Taylor,Precinct 19,U.S. Senate,,REP,ALEXANDER X. MOONEY,36
Taylor,Precinct 26,U.S. Senate,,REP,ALEXANDER X. MOONEY,41
Taylor,Precinct 29,U.S. Senate,,REP,ALEXANDER X. MOONEY,24
Taylor,Precinct 31,U.S. Senate,,REP,ALEXANDER X. MOONEY,27
Taylor,Precinct 36,U.S. Senate,,REP,ALEXANDER X. MOONEY,48
Taylor,Precinct 1,U.S. Senate,,REP,JIM JUSTICE,197
Taylor,Precinct 2,U.S. Senate,,REP,JIM JUSTICE,181
Taylor,Precinct 3,U.S. Senate,,REP,JIM JUSTICE,105
Taylor,Precinct 4,U.S. Senate,,REP,JIM JUSTICE,63
Taylor,Precinct 5,U.S. Senate,,REP,JIM JUSTICE,131
Taylor,Precinct 6,U.S. Senate,,REP,JIM JUSTICE,75
Taylor,Precinct 9,U.S. Senate,,REP,JIM JUSTICE,93
Taylor,Precinct 10,U.S. Senate,,REP,JIM JUSTICE,178
Taylor,Precinct 11,U.S. Senate,,REP,JIM JUSTICE,69
Taylor,Precinct 12,U.S. Senate,,REP,JIM JUSTICE,126
Taylor,Precinct 14,U.S. Senate,,REP,JIM JUSTICE,69
Taylor,Precinct 17,U.S. Senate,,REP,JIM JUSTICE,104
Taylor,Precinct 19,U.S. Senate,,REP,JIM JUSTICE,95
Taylor,Precinct 26,U.S. Senate,,REP,JIM JUSTICE,119
Taylor,Precinct 29,U.S. Senate,,REP,JIM JUSTICE,58
Taylor,Precinct 31,U.S. Senate,,REP,JIM JUSTICE,109
Taylor,Precinct 36,U.S. Senate,,REP,JIM JUSTICE,162
Taylor,Precinct 1,U.S. Senate,,REP,DON LINDSAY,6
Taylor,Precinct 2,U.S. Senate,,REP,DON LINDSAY,1
Taylor,Precinct 3,U.S. Senate,,REP,DON LINDSAY,3
Taylor,Precinct 4,U.S. Senate,,REP,DON LINDSAY,2
Taylor,Precinct 5,U.S. Senate,,REP,DON LINDSAY,3
Taylor,Precinct 6,U.S. Senate,,REP,DON LINDSAY,2
Taylor,Precinct 9,U.S. Senate,,REP,DON LINDSAY,1
Taylor,Precinct 10,U.S. Senate,,REP,DON LINDSAY,7
Taylor,Precinct 11,U.S. Senate,,REP,DON LINDSAY,3
Taylor,Precinct 12,U.S. Senate,,REP,DON LINDSAY,0
Taylor,Precinct 14,U.S. Senate,,REP,DON LINDSAY,1
Taylor,Precinct 17,U.S. Senate,,REP,DON LINDSAY,5
Taylor,Precinct 19,U.S. Senate,,REP,DON LINDSAY,3
Taylor,Precinct 26,U.S. Senate,,REP,DON LINDSAY,1
Taylor,Precinct 29,U.S. Senate,,REP,DON LINDSAY,3
Taylor,Precinct 31,U.S. Senate,,REP,DON LINDSAY,3
Taylor,Precinct 36,U.S. Senate,,REP,DON LINDSAY,5
Taylor,Precinct 1,U.S. Senate,,REP,JANET McNULTY,1
Taylor,Precinct 2,U.S. Senate,,REP,JANET McNULTY,7
Taylor,Precinct 3,U.S. Senate,,REP,JANET McNULTY,5
Taylor,Precinct 4,U.S. Senate,,REP,JANET McNULTY,1
Taylor,Precinct 5,U.S. Senate,,REP,JANET McNULTY,4
Taylor,Precinct 6,U.S. Senate,,REP,JANET McNULTY,1
Taylor,Precinct 9,U.S. Senate,,REP,JANET McNULTY,0
Taylor,Precinct 10,U.S. Senate,,REP,JANET McNULTY,2
Taylor,Precinct 11,U.S. Senate,,REP,JANET McNULTY,0
Taylor,Precinct 12,U.S. Senate,,REP,JANET McNULTY,3
Taylor,Precinct 14,U.S. Senate,,REP,JANET McNULTY,3
Taylor,Precinct 17,U.S. Senate,,REP,JANET McNULTY,1
Taylor,Precinct 19,U.S. Senate,,REP,JANET McNULTY,1
Taylor,Precinct 26,U.S. Senate,,REP,JANET McNULTY,7
Taylor,Precinct 29,U.S. Senate,,REP,JANET McNULTY,5
Taylor,Precinct 31,U.S. Senate,,REP,JANET McNULTY,7
Taylor,Precinct 36,U.S. Senate,,REP,JANET McNULTY,8
Taylor,Precinct 1,U.S. Senate,,REP,BRYAN BIRD,6
Taylor,Precinct 2,U.S. Senate,,REP,BRYAN BIRD,9
Taylor,Precinct 3,U.S. Senate,,REP,BRYAN BIRD,4
Taylor,Precinct 4,U.S. Senate,,REP,BRYAN BIRD,2
Taylor,Precinct 5,U.S. Senate,,REP,BRYAN BIRD,6
Taylor,Precinct 6,U.S. Senate,,REP,BRYAN BIRD,0
Taylor,Precinct 9,U.S. Senate,,REP,BRYAN BIRD,4
Taylor,Precinct 10,U.S. Senate,,REP,BRYAN BIRD,3
Taylor,Precinct 11,U.S. Senate,,REP,BRYAN BIRD,0
Taylor,Precinct 12,U.S. Senate,,REP,BRYAN BIRD,3
Taylor,Precinct 14,U.S. Senate,,REP,BRYAN BIRD,2
Taylor,Precinct 17,U.S. Senate,,REP,BRYAN BIRD,9
Taylor,Precinct 19,U.S. Senate,,REP,BRYAN BIRD,3
Taylor,Precinct 26,U.S. Senate,,REP,BRYAN BIRD,5
Taylor,Precinct 29,U.S. Senate,,REP,BRYAN BIRD,9
Taylor,Precinct 31,U.S. Senate,,REP,BRYAN BIRD,3
Taylor,Precinct 36,U.S. Senate,,REP,BRYAN BIRD,3
Taylor,Precinct 1,U.S. Senate,,DEM,ZACHARY SHREWSBURY,19
Taylor,Precinct 2,U.S. Senate,,DEM,ZACHARY SHREWSBURY,24
Taylor,Precinct 3,U.S. Senate,,DEM,ZACHARY SHREWSBURY,19
Taylor,Precinct 4,U.S. Senate,,DEM,ZACHARY SHREWSBURY,16
Taylor,Precinct 5,U.S. Senate,,DEM,ZACHARY SHREWSBURY,12
Taylor,Precinct 6,U.S. Senate,,DEM,ZACHARY SHREWSBURY,7
Taylor,Precinct 9,U.S. Senate,,DEM,ZACHARY SHREWSBURY,7
Taylor,Precinct 10,U.S. Senate,,DEM,ZACHARY SHREWSBURY,43
Taylor,Precinct 11,U.S. Senate,,DEM,ZACHARY SHREWSBURY,8
Taylor,Precinct 12,U.S. Senate,,DEM,ZACHARY SHREWSBURY,23
Taylor,Precinct 14,U.S. Senate,,DEM,ZACHARY SHREWSBURY,9
Taylor,Precinct 17,U.S. Senate,,DEM,ZACHARY SHREWSBURY,10
Taylor,Precinct 19,U.S. Senate,,DEM,ZACHARY SHREWSBURY,21
Taylor,Precinct 26,U.S. Senate,,DEM,ZACHARY SHREWSBURY,15
Taylor,Precinct 29,U.S. Senate,,DEM,ZACHARY SHREWSBURY,13
Taylor,Precinct 31,U.S. Senate,,DEM,ZACHARY SHREWSBURY,21
Taylor,Precinct 36,U.S. Senate,,DEM,ZACHARY SHREWSBURY,16
Taylor,Precinct 1,U.S. Senate,,DEM,DON BLANKENSHIP,17
Taylor,Precinct 2,U.S. Senate,,DEM,DON BLANKENSHIP,19
Taylor,Precinct 3,U.S. Senate,,DEM,DON BLANKENSHIP,13
Taylor,Precinct 4,U.S. Senate,,DEM,DON BLANKENSHIP,6
Taylor,Precinct 5,U.S. Senate,,DEM,DON BLANKENSHIP,11
Taylor,Precinct 6,U.S. Senate,,DEM,DON BLANKENSHIP,7
Taylor,Precinct 9,U.S. Senate,,DEM,DON BLANKENSHIP,9
Taylor,Precinct 10,U.S. Senate,,DEM,DON BLANKENSHIP,16
Taylor,Precinct 11,U.S. Senate,,DEM,DON BLANKENSHIP,6
Taylor,Precinct 12,U.S. Senate,,DEM,DON BLANKENSHIP,19
Taylor,Precinct 14,U.S. Senate,,DEM,DON BLANKENSHIP,14
Taylor,Precinct 17,U.S. Senate,,DEM,DON BLANKENSHIP,12
Taylor,Precinct 19,U.S. Senate,,DEM,DON BLANKENSHIP,9
Taylor,Precinct 26,U.S. Senate,,DEM,DON BLANKENSHIP,15
Taylor,Precinct 29,U.S. Senate,,DEM,DON BLANKENSHIP,5
Taylor,Precinct 31,U.S. Senate,,DEM,DON BLANKENSHIP,8
Taylor,Precinct 36,U.S. Senate,,DEM,DON BLANKENSHIP,14
Taylor,Precinct 1,U.S. Senate,,DEM,GLENN ELLIOTT,39
Taylor,Precinct 2,U.S. Senate,,DEM,GLENN ELLIOTT,46
Taylor,Precinct 3,U.S. Senate,,DEM,GLENN ELLIOTT,31
Taylor,Precinct 4,U.S. Senate,,DEM,GLENN ELLIOTT,27
Taylor,Precinct 5,U.S. Senate,,DEM,GLENN ELLIOTT,32
Taylor,Precinct 6,U.S. Senate,,DEM,GLENN ELLIOTT,15
Taylor,Precinct 9,U.S. Senate,,DEM,GLENN ELLIOTT,14
Taylor,Precinct 10,U.S. Senate,,DEM,GLENN ELLIOTT,56
Taylor,Precinct 11,U.S. Senate,,DEM,GLENN ELLIOTT,13
Taylor,Precinct 12,U.S. Senate,,DEM,GLENN ELLIOTT,28
Taylor,Precinct 14,U.S. Senate,,DEM,GLENN ELLIOTT,20
Taylor,Precinct 17,U.S. Senate,,DEM,GLENN ELLIOTT,28
Taylor,Precinct 19,U.S. Senate,,DEM,GLENN ELLIOTT,25
Taylor,Precinct 26,U.S. Senate,,DEM,GLENN ELLIOTT,29
Taylor,Precinct 29,U.S. Senate,,DEM,GLENN ELLIOTT,15
Taylor,Precinct 31,U.S. Senate,,DEM,GLENN ELLIOTT,28
Taylor,Precinct 36,U.S. Senate,,DEM,GLENN ELLIOTT,39
Taylor,Precinct 1,U.S. Senate,,MTN,NO CANDIDATE FILED,0
Taylor,Precinct 2,U.S. Senate,,MTN,NO CANDIDATE FILED,0
Taylor,Precinct 3,U.S. Senate,,MTN,NO CANDIDATE FILED,0
Taylor,Precinct 4,U.S. Senate,,MTN,NO CANDIDATE FILED,0
Taylor,Precinct 5,U.S. Senate,,MTN,NO CANDIDATE FILED,0
Taylor,Precinct 6,U.S. Senate,,MTN,NO CANDIDATE FILED,0
Taylor,Precinct 9,U.S. Senate,,MTN,NO CANDIDATE FILED,0
Taylor,Precinct 10,U.S. Senate,,MTN,NO CANDIDATE FILED,0
Taylor,Precinct 11,U.S. Senate,,MTN,NO CANDIDATE FILED,0
Taylor,Precinct 12,U.S. Senate,,MTN,NO CANDIDATE FILED,0
Taylor,Precinct 14,U.S. Senate,,MTN,NO CANDIDATE FILED,0
Taylor,Precinct 17,U.S. Senate,,MTN,NO CANDIDATE FILED,0
Taylor,Precinct 19,U.S. Senate,,MTN,NO CANDIDATE FILED,0
Taylor,Precinct 26,U.S. Senate,,MTN,NO CANDIDATE FILED,0
Taylor,Precinct 29,U.S. Senate,,MTN,NO CANDIDATE FILED,0
Taylor,Precinct 31,U.S. Senate,,MTN,NO CANDIDATE FILED,0
Taylor,Precinct 36,U.S. Senate,,MTN,NO CANDIDATE FILED,0
Taylor,Precinct 1,U.S. House,2,REP,JOSEPH (JOE) EARLEY,161
Taylor,Precinct 2,U.S. House,2,REP,JOSEPH (JOE) EARLEY,135
Taylor,Precinct 3,U.S. House,2,REP,JOSEPH (JOE) EARLEY,74
Taylor,Precinct 4,U.S. House,2,REP,JOSEPH (JOE) EARLEY,51
Taylor,Precinct 5,U.S. House,2,REP,JOSEPH (JOE) EARLEY,88
Taylor,Precinct 6,U.S. House,2,REP,JOSEPH (JOE) EARLEY,39
Taylor,Precinct 9,U.S. House,2,REP,JOSEPH (JOE) EARLEY,43
Taylor,Precinct 10,U.S. House,2,REP,JOSEPH (JOE) EARLEY,117
Taylor,Precinct 11,U.S. House,2,REP,JOSEPH (JOE) EARLEY,39
Taylor,Precinct 12,U.S. House,2,REP,JOSEPH (JOE) EARLEY,84
Taylor,Precinct 14,U.S. House,2,REP,JOSEPH (JOE) EARLEY,50
Taylor,Precinct 17,U.S. House,2,REP,JOSEPH (JOE) EARLEY,87
Taylor,Precinct 19,U.S. House,2,REP,JOSEPH (JOE) EARLEY,71
Taylor,Precinct 26,U.S. House,2,REP,JOSEPH (JOE) EARLEY,88
Taylor,Precinct 29,U.S. House,2,REP,JOSEPH (JOE) EARLEY,45
Taylor,Precinct 31,U.S. House,2,REP,JOSEPH (JOE) EARLEY,81
Taylor,Precinct 36,U.S. House,2,REP,JOSEPH (JOE) EARLEY,94
Taylor,Precinct 1,U.S. House,2,REP,DENNIS 'NATE' CAIN,4
Taylor,Precinct 2,U.S. House,2,REP,DENNIS 'NATE' CAIN,6
Taylor,Precinct 3,U.S. House,2,REP,DENNIS 'NATE' CAIN,12
Taylor,Precinct 4,U.S. House,2,REP,DENNIS 'NATE' CAIN,6
Taylor,Precinct 5,U.S. House,2,REP,DENNIS 'NATE' CAIN,6
Taylor,Precinct 6,U.S. House,2,REP,DENNIS 'NATE' CAIN,5
Taylor,Precinct 9,U.S. House,2,REP,DENNIS 'NATE' CAIN,3
Taylor,Precinct 10,U.S. House,2,REP,DENNIS 'NATE' CAIN,12
Taylor,Precinct 11,U.S. House,2,REP,DENNIS 'NATE' CAIN,3
Taylor,Precinct 12,U.S. House,2,REP,DENNIS 'NATE' CAIN,11
Taylor,Precinct 14,U.S. House,2,REP,DENNIS 'NATE' CAIN,4
Taylor,Precinct 17,U.S. House,2,REP,DENNIS 'NATE' CAIN,8
Taylor,Precinct 19,U.S. House,2,REP,DENNIS 'NATE' CAIN,4
Taylor,Precinct 26,U.S. House,2,REP,DENNIS 'NATE' CAIN,12
Taylor,Precinct 29,U.S. House,2,REP,DENNIS 'NATE' CAIN,6
Taylor,Precinct 31,U.S. House,2,REP,DENNIS 'NATE' CAIN,6
Taylor,Precinct 36,U.S. House,2,REP,DENNIS 'NATE' CAIN,9
Taylor,Precinct 1,U.S. House,2,REP,CHRIS 'MOOKIE' WALKER,24
Taylor,Precinct 2,U.S. House,2,REP,CHRIS 'MOOKIE' WALKER,25
Taylor,Precinct 3,U.S. House,2,REP,CHRIS 'MOOKIE' WALKER,16
Taylor,Precinct 4,U.S. House,2,REP,CHRIS 'MOOKIE' WALKER,5
Taylor,Precinct 5,U.S. House,2,REP,CHRIS 'MOOKIE' WALKER,23
Taylor,Precinct 6,U.S. House,2,REP,CHRIS 'MOOKIE' WALKER,13
Taylor,Precinct 9,U.S. House,2,REP,CHRIS 'MOOKIE' WALKER,15
Taylor,Precinct 10,U.S. House,2,REP,CHRIS 'MOOKIE' WALKER,26
Taylor,Precinct 11,U.S. House,2,REP,CHRIS 'MOOKIE' WALKER,9
Taylor,Precinct 12,U.S. House,2,REP,CHRIS 'MOOKIE' WALKER,21
Taylor,Precinct 14,U.S. House,2,REP,CHRIS 'MOOKIE' WALKER,11
Taylor,Precinct 17,U.S. House,2,REP,CHRIS 'MOOKIE' WALKER,14
Taylor,Precinct 19,U.S. House,2,REP,CHRIS 'MOOKIE' WALKER,14
Taylor,Precinct 26,U.S. House,2,REP,CHRIS 'MOOKIE' WALKER,14
Taylor,Precinct 29,U.S. House,2,REP,CHRIS 'MOOKIE' WALKER,11
Taylor,Precinct 31,U.S. House,2,REP,CHRIS 'MOOKIE' WALKER,18
Taylor,Precinct 36,U.S. House,2,REP,CHRIS 'MOOKIE' WALKER,26
Taylor,Precinct 1,U.S. House,2,REP,ALEXANDER GAASERUD,2
Taylor,Precinct 2,U.S. House,2,REP,ALEXANDER GAASERUD,3
Taylor,Precinct 3,U.S. House,2,REP,ALEXANDER GAASERUD,2
Taylor,Precinct 4,U.S. House,2,REP,ALEXANDER GAASERUD,2
Taylor,Precinct 5,U.S. House,2,REP,ALEXANDER GAASERUD,2
Taylor,Precinct 6,U.S. House,2,REP,ALEXANDER GAASERUD,2
Taylor,Precinct 9,U.S. House,2,REP,ALEXANDER GAASERUD,2
Taylor,Precinct 10,U.S. House,2,REP,ALEXANDER GAASERUD,5
Taylor,Precinct 11,U.S. House,2,REP,ALEXANDER GAASERUD,1
Taylor,Precinct 12,U.S. House,2,REP,ALEXANDER GAASERUD,5
Taylor,Precinct 14,U.S. House,2,REP,ALEXANDER GAASERUD,1
Taylor,Precinct 17,U.S. House,2,REP,ALEXANDER GAASERUD,1
Taylor,Precinct 19,U.S. House,2,REP,ALEXANDER GAASERUD,0
Taylor,Precinct 26,U.S. House,2,REP,ALEXANDER GAASERUD,4
Taylor,Precinct 29,U.S. House,2,REP,ALEXANDER GAASERUD,4
Taylor,Precinct 31,U.S. House,2,REP,ALEXANDER GAASERUD,3
Taylor,Precinct 36,U.S. House,2,REP,ALEXANDER GAASERUD,5
Taylor,Precinct 1,U.S. House,2,REP,RILEY MOORE,86
Taylor,Precinct 2,U.S. House,2,REP,RILEY MOORE,97
Taylor,Precinct 3,U.S. House,2,REP,RILEY MOORE,62
Taylor,Precinct 4,U.S. House,2,REP,RILEY MOORE,42
Taylor,Precinct 5,U.S. House,2,REP,RILEY MOORE,66
Taylor,Precinct 6,U.S. House,2,REP,RILEY MOORE,32
Taylor,Precinct 9,U.S. House,2,REP,RILEY MOORE,56
Taylor,Precinct 10,U.S. House,2,REP,RILEY MOORE,90
Taylor,Precinct 11,U.S. House,2,REP,RILEY MOORE,25
Taylor,Precinct 12,U.S. House,2,REP,RILEY MOORE,65
Taylor,Precinct 14,U.S. House,2,REP,RILEY MOORE,35
Taylor,Precinct 17,U.S. House,2,REP,RILEY MOORE,46
Taylor,Precinct 19,U.S. House,2,REP,RILEY MOORE,51
Taylor,Precinct 26,U.S. House,2,REP,RILEY MOORE,56
Taylor,Precinct 29,U.S. House,2,REP,RILEY MOORE,32
Taylor,Precinct 31,U.S. House,2,REP,RILEY MOORE,47
Taylor,Precinct 36,U.S. House,2,REP,RILEY MOORE,84
Taylor,Precinct 1,U.S. House,2,DEM,STEVEN WENDELIN,69
Taylor,Precinct 2,U.S. House,2,DEM,STEVEN WENDELIN,70
Taylor,Precinct 3,U.S. House,2,DEM,STEVEN WENDELIN,55
Taylor,Precinct 4,U.S. House,2,DEM,STEVEN WENDELIN,41
Taylor,Precinct 5,U.S. House,2,DEM,STEVEN WENDELIN,48
Taylor,Precinct 6,U.S. House,2,DEM,STEVEN WENDELIN,25
Taylor,Precinct 9,U.S. House,2,DEM,STEVEN WENDELIN,24
Taylor,Precinct 10,U.S. House,2,DEM,STEVEN WENDELIN,92
Taylor,Precinct 11,U.S. House,2,DEM,STEVEN WENDELIN,18
Taylor,Precinct 12,U.S. House,2,DEM,STEVEN WENDELIN,62
Taylor,Precinct 14,U.S. House,2,DEM,STEVEN WENDELIN,36
Taylor,Precinct 17,U.S. House,2,DEM,STEVEN WENDELIN,42
Taylor,Precinct 19,U.S. House,2,DEM,STEVEN WENDELIN,45
Taylor,Precinct 26,U.S. House,2,DEM,STEVEN WENDELIN,50
Taylor,Precinct 29,U.S. House,2,DEM,STEVEN WENDELIN,26
Taylor,Precinct 31,U.S. House,2,DEM,STEVEN WENDELIN,49
Taylor,Precinct 36,U.S. House,2,DEM,STEVEN WENDELIN,54
Taylor,Precinct 1,U.S. House,2,MTN,NO CANDIDATE FILED,0
Taylor,Precinct 2,U.S. House,2,MTN,NO CANDIDATE FILED,0
Taylor,Precinct 3,U.S. House,2,MTN,NO CANDIDATE FILED,0
Taylor,Precinct 4,U.S. House,2,MTN,NO CANDIDATE FILED,0
Taylor,Precinct 5,U.S. House,2,MTN,NO CANDIDATE FILED,0
Taylor,Precinct 6,U.S. House,2,MTN,NO CANDIDATE FILED,0
Taylor,Precinct 9,U.S. House,2,MTN,NO CANDIDATE FILED,0
Taylor,Precinct 10,U.S. House,2,MTN,NO CANDIDATE FILED,0
Taylor,Precinct 11,U.S. House,2,MTN,NO CANDIDATE FILED,0
Taylor,Precinct 12,U.S. House,2,MTN,NO CANDIDATE FILED,0
Taylor,Precinct 14,U.S. House,2,MTN,NO CANDIDATE FILED,0
Taylor,Precinct 17,U.S. House,2,MTN,NO CANDIDATE FILED,0
Taylor,Precinct 19,U.S. House,2,MTN,NO CANDIDATE FILED,0
Taylor,Precinct 26,U.S. House,2,MTN,NO CANDIDATE FILED,0
Taylor,Precinct 29,U.S. House,2,MTN,NO CANDIDATE FILED,0
Taylor,Precinct 31,U.S. House,2,MTN,NO CANDIDATE FILED,0
Taylor,Precinct 36,U.S. House,2,MTN,NO CANDIDATE FILED,0
Taylor,Precinct 1,Governor,,REP,KEVIN 'KC' CHRISTIAN,2
Taylor,Precinct 2,Governor,,REP,KEVIN 'KC' CHRISTIAN,2
Taylor,Precinct 3,Governor,,REP,KEVIN 'KC' CHRISTIAN,1
Taylor,Precinct 4,Governor,,REP,KEVIN 'KC' CHRISTIAN,1
Taylor,Precinct 5,Governor,,REP,KEVIN 'KC' CHRISTIAN,5
Taylor,Precinct 6,Governor,,REP,KEVIN 'KC' CHRISTIAN,1
Taylor,Precinct 9,Governor,,REP,KEVIN 'KC' CHRISTIAN,3
Taylor,Precinct 10,Governor,,REP,KEVIN 'KC' CHRISTIAN,3
Taylor,Precinct 11,Governor,,REP,KEVIN 'KC' CHRISTIAN,2
Taylor,Precinct 12,Governor,,REP,KEVIN 'KC' CHRISTIAN,2
Taylor,Precinct 14,Governor,,REP,KEVIN 'KC' CHRISTIAN,3
Taylor,Precinct 17,Governor,,REP,KEVIN 'KC' CHRISTIAN,2
Taylor,Precinct 19,Governor,,REP,KEVIN 'KC' CHRISTIAN,3
Taylor,Precinct 26,Governor,,REP,KEVIN 'KC' CHRISTIAN,5
Taylor,Precinct 29,Governor,,REP,KEVIN 'KC' CHRISTIAN,0
Taylor,Precinct 31,Governor,,REP,KEVIN 'KC' CHRISTIAN,5
Taylor,Precinct 36,Governor,,REP,KEVIN 'KC' CHRISTIAN,3
Taylor,Precinct 1,Governor,,REP,MAC WARNER,72
Taylor,Precinct 2,Governor,,REP,MAC WARNER,84
Taylor,Precinct 3,Governor,,REP,MAC WARNER,50
Taylor,Precinct 4,Governor,,REP,MAC WARNER,25
Taylor,Precinct 5,Governor,,REP,MAC WARNER,52
Taylor,Precinct 6,Governor,,REP,MAC WARNER,16
Taylor,Precinct 9,Governor,,REP,MAC WARNER,27
Taylor,Precinct 10,Governor,,REP,MAC WARNER,57
Taylor,Precinct 11,Governor,,REP,MAC WARNER,24
Taylor,Precinct 12,Governor,,REP,MAC WARNER,34
Taylor,Precinct 14,Governor,,REP,MAC WARNER,26
Taylor,Precinct 17,Governor,,REP,MAC WARNER,28
Taylor,Precinct 19,Governor,,REP,MAC WARNER,34
Taylor,Precinct 26,Governor,,REP,MAC WARNER,42
Taylor,Precinct 29,Governor,,REP,MAC WARNER,24
Taylor,Precinct 31,Governor,,REP,MAC WARNER,31
Taylor,Precinct 36,Governor,,REP,MAC WARNER,51
Taylor,Precinct 1,Governor,,REP,PATRICK MORRISEY,91
Taylor,Precinct 2,Governor,,REP,PATRICK MORRISEY,79
Taylor,Precinct 3,Governor,,REP,PATRICK MORRISEY,53
Taylor,Precinct 4,Governor,,REP,PATRICK MORRISEY,35
Taylor,Precinct 5,Governor,,REP,PATRICK MORRISEY,50
Taylor,Precinct 6,Governor,,REP,PATRICK MORRISEY,32
Taylor,Precinct 9,Governor,,REP,PATRICK MORRISEY,43
Taylor,Precinct 10,Governor,,REP,PATRICK MORRISEY,86
Taylor,Precinct 11,Governor,,REP,PATRICK MORRISEY,21
Taylor,Precinct 12,Governor,,REP,PATRICK MORRISEY,73
Taylor,Precinct 14,Governor,,REP,PATRICK MORRISEY,36
Taylor,Precinct 17,Governor,,REP,PATRICK MORRISEY,61
Taylor,Precinct 19,Governor,,REP,PATRICK MORRISEY,38
Taylor,Precinct 26,Governor,,REP,PATRICK MORRISEY,55
Taylor,Precinct 29,Governor,,REP,PATRICK MORRISEY,29
Taylor,Precinct 31,Governor,,REP,PATRICK MORRISEY,49
Taylor,Precinct 36,Governor,,REP,PATRICK MORRISEY,75
Taylor,Precinct 1,Governor,,REP,CHRIS MILLER,42
Taylor,Precinct 2,Governor,,REP,CHRIS MILLER,48
Taylor,Precinct 3,Governor,,REP,CHRIS MILLER,29
Taylor,Precinct 4,Governor,,REP,CHRIS MILLER,26
Taylor,Precinct 5,Governor,,REP,CHRIS MILLER,22
Taylor,Precinct 6,Governor,,REP,CHRIS MILLER,13
Taylor,Precinct 9,Governor,,REP,CHRIS MILLER,33
Taylor,Precinct 10,Governor,,REP,CHRIS MILLER,52
Taylor,Precinct 11,Governor,,REP,CHRIS MILLER,23
Taylor,Precinct 12,Governor,,REP,CHRIS MILLER,30
Taylor,Precinct 14,Governor,,REP,CHRIS MILLER,11
Taylor,Precinct 17,Governor,,REP,CHRIS MILLER,29
Taylor,Precinct 19,Governor,,REP,CHRIS MILLER,32
Taylor,Precinct 26,Governor,,REP,CHRIS MILLER,35
Taylor,Precinct 29,Governor,,REP,CHRIS MILLER,16
Taylor,Precinct 31,Governor,,REP,CHRIS MILLER,26
Taylor,Precinct 36,Governor,,REP,CHRIS MILLER,36
Taylor,Precinct 1,Governor,,REP,MOORE CAPITO,89
Taylor,Precinct 2,Governor,,REP,MOORE CAPITO,72
Taylor,Precinct 3,Governor,,REP,MOORE CAPITO,40
Taylor,Precinct 4,Governor,,REP,MOORE CAPITO,23
Taylor,Precinct 5,Governor,,REP,MOORE CAPITO,63
Taylor,Precinct 6,Governor,,REP,MOORE CAPITO,34
Taylor,Precinct 9,Governor,,REP,MOORE CAPITO,26
Taylor,Precinct 10,Governor,,REP,MOORE CAPITO,70
Taylor,Precinct 11,Governor,,REP,MOORE CAPITO,19
Taylor,Precinct 12,Governor,,REP,MOORE CAPITO,56
Taylor,Precinct 14,Governor,,REP,MOORE CAPITO,28
Taylor,Precinct 17,Governor,,REP,MOORE CAPITO,48
Taylor,Precinct 19,Governor,,REP,MOORE CAPITO,41
Taylor,Precinct 26,Governor,,REP,MOORE CAPITO,45
Taylor,Precinct 29,Governor,,REP,MOORE CAPITO,31
Taylor,Precinct 31,Governor,,REP,MOORE CAPITO,48
Taylor,Precinct 36,Governor,,REP,MOORE CAPITO,75
Taylor,Precinct 1,Governor,,REP,MITCH ROBERTS,1
Taylor,Precinct 2,Governor,,REP,MITCH ROBERTS,2
Taylor,Precinct 3,Governor,,REP,MITCH ROBERTS,3
Taylor,Precinct 4,Governor,,REP,MITCH ROBERTS,0
Taylor,Precinct 5,Governor,,REP,MITCH ROBERTS,2
Taylor,Precinct 6,Governor,,REP,MITCH ROBERTS,2
Taylor,Precinct 9,Governor,,REP,MITCH ROBERTS,1
Taylor,Precinct 10,Governor,,REP,MITCH ROBERTS,2
Taylor,Precinct 11,Governor,,REP,MITCH ROBERTS,2
Taylor,Precinct 12,Governor,,REP,MITCH ROBERTS,4
Taylor,Precinct 14,Governor,,REP,MITCH ROBERTS,3
Taylor,Precinct 17,Governor,,REP,MITCH ROBERTS,0
Taylor,Precinct 19,Governor,,REP,MITCH ROBERTS,0
Taylor,Precinct 26,Governor,,REP,MITCH ROBERTS,4
Taylor,Precinct 29,Governor,,REP,MITCH ROBERTS,4
Taylor,Precinct 31,Governor,,REP,MITCH ROBERTS,3
Taylor,Precinct 36,Governor,,REP,MITCH ROBERTS,4
Taylor,Precinct 1,Governor,,DEM,STEVE WILLIAMS,70
Taylor,Precinct 2,Governor,,DEM,STEVE WILLIAMS,71
Taylor,Precinct 3,Governor,,DEM,STEVE WILLIAMS,52
Taylor,Precinct 4,Governor,,DEM,STEVE WILLIAMS,44
Taylor,Precinct 5,Governor,,DEM,STEVE WILLIAMS,50
Taylor,Precinct 6,Governor,,DEM,STEVE WILLIAMS,23
Taylor,Precinct 9,Governor,,DEM,STEVE WILLIAMS,25
Taylor,Precinct 10,Governor,,DEM,STEVE WILLIAMS,95
Taylor,Precinct 11,Governor,,DEM,STEVE WILLIAMS,22
Taylor,Precinct 12,Governor,,DEM,STEVE WILLIAMS,62
Taylor,Precinct 14,Governor,,DEM,STEVE WILLIAMS,37
Taylor,Precinct 17,Governor,,DEM,STEVE WILLIAMS,42
Taylor,Precinct 19,Governor,,DEM,STEVE WILLIAMS,46
Taylor,Precinct 26,Governor,,DEM,STEVE WILLIAMS,54
Taylor,Precinct 29,Governor,,DEM,STEVE WILLIAMS,30
Taylor,Precinct 31,Governor,,DEM,STEVE WILLIAMS,51
Taylor,Precinct 36,Governor,,DEM,STEVE WILLIAMS,53
Taylor,Precinct 1,Governor,,MTN,CHASE LINKO-LOOPER,1
Taylor,Precinct 2,Governor,,MTN,CHASE LINKO-LOOPER,0
Taylor,Precinct 3,Governor,,MTN,CHASE LINKO-LOOPER,0
Taylor,Precinct 4,Governor,,MTN,CHASE LINKO-LOOPER,0
Taylor,Precinct 5,Governor,,MTN,CHASE LINKO-LOOPER,0
Taylor,Precinct 6,Governor,,MTN,CHASE LINKO-LOOPER,0
Taylor,Precinct 9,Governor,,MTN,CHASE LINKO-LOOPER,1
Taylor,Precinct 10,Governor,,MTN,CHASE LINKO-LOOPER,0
Taylor,Precinct 11,Governor,,MTN,CHASE LINKO-LOOPER,2
Taylor,Precinct 12,Governor,,MTN,CHASE LINKO-LOOPER,1
Taylor,Precinct 14,Governor,,MTN,CHASE LINKO-LOOPER,1
Taylor,Precinct 17,Governor,,MTN,CHASE LINKO-LOOPER,0
Taylor,Precinct 19,Governor,,MTN,CHASE LINKO-LOOPER,0
Taylor,Precinct 26,Governor,,MTN,CHASE LINKO-LOOPER,0
Taylor,Precinct 29,Governor,,MTN,CHASE LINKO-LOOPER,0
Taylor,Precinct 31,Governor,,MTN,CHASE LINKO-LOOPER,0
Taylor,Precinct 36,Governor,,MTN,CHASE LINKO-LOOPER,1
Taylor,Precinct 1,Secretary of State,,REP,DOUG SKAFF JR.,43
Taylor,Precinct 2,Secretary of State,,REP,DOUG SKAFF JR.,27
Taylor,Precinct 3,Secretary of State,,REP,DOUG SKAFF JR.,30
Taylor,Precinct 4,Secretary of State,,REP,DOUG SKAFF JR.,9
Taylor,Precinct 5,Secretary of State,,REP,DOUG SKAFF JR.,27
Taylor,Precinct 6,Secretary of State,,REP,DOUG SKAFF JR.,12
Taylor,Precinct 9,Secretary of State,,REP,DOUG SKAFF JR.,11
Taylor,Precinct 10,Secretary of State,,REP,DOUG SKAFF JR.,29
Taylor,Precinct 11,Secretary of State,,REP,DOUG SKAFF JR.,5
Taylor,Precinct 12,Secretary of State,,REP,DOUG SKAFF JR.,22
Taylor,Precinct 14,Secretary of State,,REP,DOUG SKAFF JR.,15
Taylor,Precinct 17,Secretary of State,,REP,DOUG SKAFF JR.,19
Taylor,Precinct 19,Secretary of State,,REP,DOUG SKAFF JR.,13
Taylor,Precinct 26,Secretary of State,,REP,DOUG SKAFF JR.,22
Taylor,Precinct 29,Secretary of State,,REP,DOUG SKAFF JR.,13
Taylor,Precinct 31,Secretary of State,,REP,DOUG SKAFF JR.,17
Taylor,Precinct 36,Secretary of State,,REP,DOUG SKAFF JR.,26
Taylor,Precinct 1,Secretary of State,,REP,KRIS WARNER,150
Taylor,Precinct 2,Secretary of State,,REP,KRIS WARNER,150
Taylor,Precinct 3,Secretary of State,,REP,KRIS WARNER,78
Taylor,Precinct 4,Secretary of State,,REP,KRIS WARNER,62
Taylor,Precinct 5,Secretary of State,,REP,KRIS WARNER,104
Taylor,Precinct 6,Secretary of State,,REP,KRIS WARNER,47
Taylor,Precinct 9,Secretary of State,,REP,KRIS WARNER,67
Taylor,Precinct 10,Secretary of State,,REP,KRIS WARNER,163
Taylor,Precinct 11,Secretary of State,,REP,KRIS WARNER,47
Taylor,Precinct 12,Secretary of State,,REP,KRIS WARNER,106
Taylor,Precinct 14,Secretary of State,,REP,KRIS WARNER,57
Taylor,Precinct 17,Secretary of State,,REP,KRIS WARNER,95
Taylor,Precinct 19,Secretary of State,,REP,KRIS WARNER,79
Taylor,Precinct 26,Secretary of State,,REP,KRIS WARNER,110
Taylor,Precinct 29,Secretary of State,,REP,KRIS WARNER,53
Taylor,Precinct 31,Secretary of State,,REP,KRIS WARNER,93
Taylor,Precinct 36,Secretary of State,,REP,KRIS WARNER,126
Taylor,Precinct 1,Secretary of State,,REP,BRIAN WOOD,34
Taylor,Precinct 2,Secretary of State,,REP,BRIAN WOOD,44
Taylor,Precinct 3,Secretary of State,,REP,BRIAN WOOD,26
Taylor,Precinct 4,Secretary of State,,REP,BRIAN WOOD,19
Taylor,Precinct 5,Secretary of State,,REP,BRIAN WOOD,20
Taylor,Precinct 6,Secretary of State,,REP,BRIAN WOOD,15
Taylor,Precinct 9,Secretary of State,,REP,BRIAN WOOD,15
Taylor,Precinct 10,Secretary of State,,REP,BRIAN WOOD,34
Taylor,Precinct 11,Secretary of State,,REP,BRIAN WOOD,13
Taylor,Precinct 12,Secretary of State,,REP,BRIAN WOOD,30
Taylor,Precinct 14,Secretary of State,,REP,BRIAN WOOD,10
Taylor,Precinct 17,Secretary of State,,REP,BRIAN WOOD,21
Taylor,Precinct 19,Secretary of State,,REP,BRIAN WOOD,22
Taylor,Precinct 26,Secretary of State,,REP,BRIAN WOOD,29
Taylor,Precinct 29,Secretary of State,,REP,BRIAN WOOD,21
Taylor,Precinct 31,Secretary of State,,REP,BRIAN WOOD,27
Taylor,Precinct 36,Secretary of State,,REP,BRIAN WOOD,31
Taylor,Precinct 1,Secretary of State,,REP,KEN REED,24
Taylor,Precinct 2,Secretary of State,,REP,KEN REED,29
Taylor,Precinct 3,Secretary of State,,REP,KEN REED,26
Taylor,Precinct 4,Secretary of State,,REP,KEN REED,14
Taylor,Precinct 5,Secretary of State,,REP,KEN REED,27
Taylor,Precinct 6,Secretary of State,,REP,KEN REED,9
Taylor,Precinct 9,Secretary of State,,REP,KEN REED,23
Taylor,Precinct 10,Secretary of State,,REP,KEN REED,22
Taylor,Precinct 11,Secretary of State,,REP,KEN REED,13
Taylor,Precinct 12,Secretary of State,,REP,KEN REED,25
Taylor,Precinct 14,Secretary of State,,REP,KEN REED,14
Taylor,Precinct 17,Secretary of State,,REP,KEN REED,21
Taylor,Precinct 19,Secretary of State,,REP,KEN REED,18
Taylor,Precinct 26,Secretary of State,,REP,KEN REED,16
Taylor,Precinct 29,Secretary of State,,REP,KEN REED,10
Taylor,Precinct 31,Secretary of State,,REP,KEN REED,17
Taylor,Precinct 36,Secretary of State,,REP,KEN REED,25
Taylor,Precinct 1,Secretary of State,,DEM,THORNTON COOPER,69
Taylor,Precinct 2,Secretary of State,,DEM,THORNTON COOPER,68
Taylor,Precinct 3,Secretary of State,,DEM,THORNTON COOPER,53
Taylor,Precinct 4,Secretary of State,,DEM,THORNTON COOPER,42
Taylor,Precinct 5,Secretary of State,,DEM,THORNTON COOPER,46
Taylor,Precinct 6,Secretary of State,,DEM,THORNTON COOPER,25
Taylor,Precinct 9,Secretary of State,,DEM,THORNTON COOPER,23
Taylor,Precinct 10,Secretary of State,,DEM,THORNTON COOPER,92
Taylor,Precinct 11,Secretary of State,,DEM,THORNTON COOPER,21
Taylor,Precinct 12,Secretary of State,,DEM,THORNTON COOPER,59
Taylor,Precinct 14,Secretary of State,,DEM,THORNTON COOPER,34
Taylor,Precinct 17,Secretary of State,,DEM,THORNTON COOPER,42
Taylor,Precinct 19,Secretary of State,,DEM,THORNTON COOPER,48
Taylor,Precinct 26,Secretary of State,,DEM,THORNTON COOPER,47
Taylor,Precinct 29,Secretary of State,,DEM,THORNTON COOPER,29
Taylor,Precinct 31,Secretary of State,,DEM,THORNTON COOPER,48
Taylor,Precinct 36,Secretary of State,,DEM,THORNTON COOPER,56
Taylor,Precinct 1,Secretary of State,,MTN,NO CANDIDATE FILED,0
Taylor,Precinct 2,Secretary of State,,MTN,NO CANDIDATE FILED,0
Taylor,Precinct 3,Secretary of State,,MTN,NO CANDIDATE FILED,0
Taylor,Precinct 4,Secretary of State,,MTN,NO CANDIDATE FILED,0
Taylor,Precinct 5,Secretary of State,,MTN,NO CANDIDATE FILED,0
Taylor,Precinct 6,Secretary of State,,MTN,NO CANDIDATE FILED,0
Taylor,Precinct 9,Secretary of State,,MTN,NO CANDIDATE FILED,0
Taylor,Precinct 10,Secretary of State,,MTN,NO CANDIDATE FILED,0
Taylor,Precinct 11,Secretary of State,,MTN,NO CANDIDATE FILED,0
Taylor,Precinct 12,Secretary of State,,MTN,NO CANDIDATE FILED,0
Taylor,Precinct 14,Secretary of State,,MTN,NO CANDIDATE FILED,0
Taylor,Precinct 17,Secretary of State,,MTN,NO CANDIDATE FILED,0
Taylor,Precinct 19,Secretary of State,,MTN,NO CANDIDATE FILED,0
Taylor,Precinct 26,Secretary of State,,MTN,NO CANDIDATE FILED,0
Taylor,Precinct 29,Secretary of State,,MTN,NO CANDIDATE FILED,0
Taylor,Precinct 31,Secretary of State,,MTN,NO CANDIDATE FILED,0
Taylor,Precinct 36,Secretary of State,,MTN,NO CANDIDATE FILED,0
Taylor,Precinct 1,Auditor,,REP,ERIC L. HOUSEHOLDER,70
Taylor,Precinct 2,Auditor,,REP,ERIC L. HOUSEHOLDER,62
Taylor,Precinct 3,Auditor,,REP,ERIC L. HOUSEHOLDER,50
Taylor,Precinct 4,Auditor,,REP,ERIC L. HOUSEHOLDER,27
Taylor,Precinct 5,Auditor,,REP,ERIC L. HOUSEHOLDER,48
Taylor,Precinct 6,Auditor,,REP,ERIC L. HOUSEHOLDER,24
Taylor,Precinct 9,Auditor,,REP,ERIC L. HOUSEHOLDER,38
Taylor,Precinct 10,Auditor,,REP,ERIC L. HOUSEHOLDER,73
Taylor,Precinct 11,Auditor,,REP,ERIC L. HOUSEHOLDER,17
Taylor,Precinct 12,Auditor,,REP,ERIC L. HOUSEHOLDER,49
Taylor,Precinct 14,Auditor,,REP,ERIC L. HOUSEHOLDER,17
Taylor,Precinct 17,Auditor,,REP,ERIC L. HOUSEHOLDER,40
Taylor,Precinct 19,Auditor,,REP,ERIC L. HOUSEHOLDER,37
Taylor,Precinct 26,Auditor,,REP,ERIC L. HOUSEHOLDER,39
Taylor,Precinct 29,Auditor,,REP,ERIC L. HOUSEHOLDER,19
Taylor,Precinct 31,Auditor,,REP,ERIC L. HOUSEHOLDER,33
Taylor,Precinct 36,Auditor,,REP,ERIC L. HOUSEHOLDER,59
Taylor,Precinct 1,Auditor,,REP,CALEB L. HANNA,29
Taylor,Precinct 2,Auditor,,REP,CALEB L. HANNA,25
Taylor,Precinct 3,Auditor,,REP,CALEB L. HANNA,25
Taylor,Precinct 4,Auditor,,REP,CALEB L. HANNA,15
Taylor,Precinct 5,Auditor,,REP,CALEB L. HANNA,20
Taylor,Precinct 6,Auditor,,REP,CALEB L. HANNA,14
Taylor,Precinct 9,Auditor,,REP,CALEB L. HANNA,14
Taylor,Precinct 10,Auditor,,REP,CALEB L. HANNA,36
Taylor,Precinct 11,Auditor,,REP,CALEB L. HANNA,10
Taylor,Precinct 12,Auditor,,REP,CALEB L. HANNA,24
Taylor,Precinct 14,Auditor,,REP,CALEB L. HANNA,14
Taylor,Precinct 17,Auditor,,REP,CALEB L. HANNA,25
Taylor,Precinct 19,Auditor,,REP,CALEB L. HANNA,20
Taylor,Precinct 26,Auditor,,REP,CALEB L. HANNA,19
Taylor,Precinct 29,Auditor,,REP,CALEB L. HANNA,11
Taylor,Precinct 31,Auditor,,REP,CALEB L. HANNA,15
Taylor,Precinct 36,Auditor,,REP,CALEB L. HANNA,22
Taylor,Precinct 1,Auditor,,REP,MARK HUNT,75
Taylor,Precinct 2,Auditor,,REP,MARK HUNT,79
Taylor,Precinct 3,Auditor,,REP,MARK HUNT,32
Taylor,Precinct 4,Auditor,,REP,MARK HUNT,34
Taylor,Precinct 5,Auditor,,REP,MARK HUNT,53
Taylor,Precinct 6,Auditor,,REP,MARK HUNT,21
Taylor,Precinct 9,Auditor,,REP,MARK HUNT,23
Taylor,Precinct 10,Auditor,,REP,MARK HUNT,57
Taylor,Precinct 11,Auditor,,REP,MARK HUNT,25
Taylor,Precinct 12,Auditor,,REP,MARK HUNT,51
Taylor,Precinct 14,Auditor,,REP,MARK HUNT,34
Taylor,Precinct 17,Auditor,,REP,MARK HUNT,47
Taylor,Precinct 19,Auditor,,REP,MARK HUNT,46
Taylor,Precinct 26,Auditor,,REP,MARK HUNT,56
Taylor,Precinct 29,Auditor,,REP,MARK HUNT,35
Taylor,Precinct 31,Auditor,,REP,MARK HUNT,51
Taylor,Precinct 36,Auditor,,REP,MARK HUNT,60
Taylor,Precinct 1,Auditor,,REP,TRICIA JACKSON,57
Taylor,Precinct 2,Auditor,,REP,TRICIA JACKSON,67
Taylor,Precinct 3,Auditor,,REP,TRICIA JACKSON,47
Taylor,Precinct 4,Auditor,,REP,TRICIA JACKSON,26
Taylor,Precinct 5,Auditor,,REP,TRICIA JACKSON,47
Taylor,Precinct 6,Auditor,,REP,TRICIA JACKSON,22
Taylor,Precinct 9,Auditor,,REP,TRICIA JACKSON,31
Taylor,Precinct 10,Auditor,,REP,TRICIA JACKSON,59
Taylor,Precinct 11,Auditor,,REP,TRICIA JACKSON,18
Taylor,Precinct 12,Auditor,,REP,TRICIA JACKSON,48
Taylor,Precinct 14,Auditor,,REP,TRICIA JACKSON,29
Taylor,Precinct 17,Auditor,,REP,TRICIA JACKSON,39
Taylor,Precinct 19,Auditor,,REP,TRICIA JACKSON,25
Taylor,Precinct 26,Auditor,,REP,TRICIA JACKSON,48
Taylor,Precinct 29,Auditor,,REP,TRICIA JACKSON,26
Taylor,Precinct 31,Auditor,,REP,TRICIA JACKSON,50
Taylor,Precinct 36,Auditor,,REP,TRICIA JACKSON,61
Taylor,Precinct 1,Auditor,,DEM,MARY ANN ROEBUCK CLAYTOR,68
Taylor,Precinct 2,Auditor,,DEM,MARY ANN ROEBUCK CLAYTOR,75
Taylor,Precinct 3,Auditor,,DEM,MARY ANN ROEBUCK CLAYTOR,52
Taylor,Precinct 4,Auditor,,DEM,MARY ANN ROEBUCK CLAYTOR,42
Taylor,Precinct 5,Auditor,,DEM,MARY ANN ROEBUCK CLAYTOR,50
Taylor,Precinct 6,Auditor,,DEM,MARY ANN ROEBUCK CLAYTOR,27
Taylor,Precinct 9,Auditor,,DEM,MARY ANN ROEBUCK CLAYTOR,24
Taylor,Precinct 10,Auditor,,DEM,MARY ANN ROEBUCK CLAYTOR,98
Taylor,Precinct 11,Auditor,,DEM,MARY ANN ROEBUCK CLAYTOR,20
Taylor,Precinct 12,Auditor,,DEM,MARY ANN ROEBUCK CLAYTOR,64
Taylor,Precinct 14,Auditor,,DEM,MARY ANN ROEBUCK CLAYTOR,37
Taylor,Precinct 17,Auditor,,DEM,MARY ANN ROEBUCK CLAYTOR,41
Taylor,Precinct 19,Auditor,,DEM,MARY ANN ROEBUCK CLAYTOR,49
Taylor,Precinct 26,Auditor,,DEM,MARY ANN ROEBUCK CLAYTOR,53
Taylor,Precinct 29,Auditor,,DEM,MARY ANN ROEBUCK CLAYTOR,29
Taylor,Precinct 31,Auditor,,DEM,MARY ANN ROEBUCK CLAYTOR,50
Taylor,Precinct 36,Auditor,,DEM,MARY ANN ROEBUCK CLAYTOR,50
Taylor,Precinct 1,Auditor,,MTN,NO CANDIDATE FILED,0
Taylor,Precinct 2,Auditor,,MTN,NO CANDIDATE FILED,0
Taylor,Precinct 3,Auditor,,MTN,NO CANDIDATE FILED,0
Taylor,Precinct 4,Auditor,,MTN,NO CANDIDATE FILED,0
Taylor,Precinct 5,Auditor,,MTN,NO CANDIDATE FILED,0
Taylor,Precinct 6,Auditor,,MTN,NO CANDIDATE FILED,0
Taylor,Precinct 9,Auditor,,MTN,NO CANDIDATE FILED,0
Taylor,Precinct 10,Auditor,,MTN,NO CANDIDATE FILED,0
Taylor,Precinct 11,Auditor,,MTN,NO CANDIDATE FILED,0
Taylor,Precinct 12,Auditor,,MTN,NO CANDIDATE FILED,0
Taylor,Precinct 14,Auditor,,MTN,NO CANDIDATE FILED,0
Taylor,Precinct 17,Auditor,,MTN,NO CANDIDATE FILED,0
Taylor,Precinct 19,Auditor,,MTN,NO CANDIDATE FILED,0
Taylor,Precinct 26,Auditor,,MTN,NO CANDIDATE FILED,0
Taylor,Precinct 29,Auditor,,MTN,NO CANDIDATE FILED,0
Taylor,Precinct 31,Auditor,,MTN,NO CANDIDATE FILED,0
Taylor,Precinct 36,Auditor,,MTN,NO CANDIDATE FILED,0
Taylor,Precinct 1,State Treasurer,,REP,LARRY PACK,215
Taylor,Precinct 2,State Treasurer,,REP,LARRY PACK,214
Taylor,Precinct 3,State Treasurer,,REP,LARRY PACK,140
Taylor,Precinct 4,State Treasurer,,REP,LARRY PACK,90
Taylor,Precinct 5,State Treasurer,,REP,LARRY PACK,155
Taylor,Precinct 6,State Treasurer,,REP,LARRY PACK,73
Taylor,Precinct 9,State Treasurer,,REP,LARRY PACK,96
Taylor,Precinct 10,State Treasurer,,REP,LARRY PACK,208
Taylor,Precinct 11,State Treasurer,,REP,LARRY PACK,65
Taylor,Precinct 12,State Treasurer,,REP,LARRY PACK,156
Taylor,Precinct 14,State Treasurer,,REP,LARRY PACK,85
Taylor,Precinct 17,State Treasurer,,REP,LARRY PACK,126
Taylor,Precinct 19,State Treasurer,,REP,LARRY PACK,116
Taylor,Precinct 26,State Treasurer,,REP,LARRY PACK,148
Taylor,Precinct 29,State Treasurer,,REP,LARRY PACK,86
Taylor,Precinct 31,State Treasurer,,REP,LARRY PACK,133
Taylor,Precinct 36,State Treasurer,,REP,LARRY PACK,169
Taylor,Precinct 1,State Treasurer,,DEM,NO CANDIDATE FILED,0
Taylor,Precinct 2,State Treasurer,,DEM,NO CANDIDATE FILED,0
Taylor,Precinct 3,State Treasurer,,DEM,NO CANDIDATE FILED,0
Taylor,Precinct 4,State Treasurer,,DEM,NO CANDIDATE FILED,0
Taylor,Precinct 5,State Treasurer,,DEM,NO CANDIDATE FILED,0
Taylor,Precinct 6,State Treasurer,,DEM,NO CANDIDATE FILED,0
Taylor,Precinct 9,State Treasurer,,DEM,NO CANDIDATE FILED,0
Taylor,Precinct 10,State Treasurer,,DEM,NO CANDIDATE FILED,0
Taylor,Precinct 11,State Treasurer,,DEM,NO CANDIDATE FILED,0
Taylor,Precinct 12,State Treasurer,,DEM,NO CANDIDATE FILED,0
Taylor,Precinct 14,State Treasurer,,DEM,NO CANDIDATE FILED,0
Taylor,Precinct 17,State Treasurer,,DEM,NO CANDIDATE FILED,0
Taylor,Precinct 19,State Treasurer,,DEM,NO CANDIDATE FILED,0
Taylor,Precinct 26,State Treasurer,,DEM,NO CANDIDATE FILED,0
Taylor,Precinct 29,State Treasurer,,DEM,NO CANDIDATE FILED,0
Taylor,Precinct 31,State Treasurer,,DEM,NO CANDIDATE FILED,0
Taylor,Precinct 36,State Treasurer,,DEM,NO CANDIDATE FILED,0
Taylor,Precinct 1,State Treasurer,,MTN,NO CANDIDATE FILED,0
Taylor,Precinct 2,State Treasurer,,MTN,NO CANDIDATE FILED,0
Taylor,Precinct 3,State Treasurer,,MTN,NO CANDIDATE FILED,0
Taylor,Precinct 4,State Treasurer,,MTN,NO CANDIDATE FILED,0
Taylor,Precinct 5,State Treasurer,,MTN,NO CANDIDATE FILED,0
Taylor,Precinct 6,State Treasurer,,MTN,NO CANDIDATE FILED,0
Taylor,Precinct 9,State Treasurer,,MTN,NO CANDIDATE FILED,0
Taylor,Precinct 10,State Treasurer,,MTN,NO CANDIDATE FILED,0
Taylor,Precinct 11,State Treasurer,,MTN,NO CANDIDATE FILED,0
Taylor,Precinct 12,State Treasurer,,MTN,NO CANDIDATE FILED,0
Taylor,Precinct 14,State Treasurer,,MTN,NO CANDIDATE FILED,0
Taylor,Precinct 17,State Treasurer,,MTN,NO CANDIDATE FILED,0
Taylor,Precinct 19,State Treasurer,,MTN,NO CANDIDATE FILED,0
Taylor,Precinct 26,State Treasurer,,MTN,NO CANDIDATE FILED,0
Taylor,Precinct 29,State Treasurer,,MTN,NO CANDIDATE FILED,0
Taylor,Precinct 31,State Treasurer,,MTN,NO CANDIDATE FILED,0
Taylor,Precinct 36,State Treasurer,,MTN,NO CANDIDATE FILED,0
Taylor,Precinct 1,Commissioner of Agriculture,,REP,KENT LEONHARDT,191
Taylor,Precinct 2,Commissioner of Agriculture,,REP,KENT LEONHARDT,208
Taylor,Precinct 3,Commissioner of Agriculture,,REP,KENT LEONHARDT,131
Taylor,Precinct 4,Commissioner of Agriculture,,REP,KENT LEONHARDT,75
Taylor,Precinct 5,Commissioner of Agriculture,,REP,KENT LEONHARDT,136
Taylor,Precinct 6,Commissioner of Agriculture,,REP,KENT LEONHARDT,58
Taylor,Precinct 9,Commissioner of Agriculture,,REP,KENT LEONHARDT,93
Taylor,Precinct 10,Commissioner of Agriculture,,REP,KENT LEONHARDT,191
Taylor,Precinct 11,Commissioner of Agriculture,,REP,KENT LEONHARDT,55
Taylor,Precinct 12,Commissioner of Agriculture,,REP,KENT LEONHARDT,125
Taylor,Precinct 14,Commissioner of Agriculture,,REP,KENT LEONHARDT,64
Taylor,Precinct 17,Commissioner of Agriculture,,REP,KENT LEONHARDT,107
Taylor,Precinct 19,Commissioner of Agriculture,,REP,KENT LEONHARDT,100
Taylor,Precinct 26,Commissioner of Agriculture,,REP,KENT LEONHARDT,113
Taylor,Precinct 29,Commissioner of Agriculture,,REP,KENT LEONHARDT,62
Taylor,Precinct 31,Commissioner of Agriculture,,REP,KENT LEONHARDT,105
Taylor,Precinct 36,Commissioner of Agriculture,,REP,KENT LEONHARDT,160
Taylor,Precinct 1,Commissioner of Agriculture,,REP,JOSHUA KURT HIGGINBOTHAM,42
Taylor,Precinct 2,Commissioner of Agriculture,,REP,JOSHUA KURT HIGGINBOTHAM,35
Taylor,Precinct 3,Commissioner of Agriculture,,REP,JOSHUA KURT HIGGINBOTHAM,18
Taylor,Precinct 4,Commissioner of Agriculture,,REP,JOSHUA KURT HIGGINBOTHAM,18
Taylor,Precinct 5,Commissioner of Agriculture,,REP,JOSHUA KURT HIGGINBOTHAM,22
Taylor,Precinct 6,Commissioner of Agriculture,,REP,JOSHUA KURT HIGGINBOTHAM,18
Taylor,Precinct 9,Commissioner of Agriculture,,REP,JOSHUA KURT HIGGINBOTHAM,12
Taylor,Precinct 10,Commissioner of Agriculture,,REP,JOSHUA KURT HIGGINBOTHAM,31
Taylor,Precinct 11,Commissioner of Agriculture,,REP,JOSHUA KURT HIGGINBOTHAM,16
Taylor,Precinct 12,Commissioner of Agriculture,,REP,JOSHUA KURT HIGGINBOTHAM,34
Taylor,Precinct 14,Commissioner of Agriculture,,REP,JOSHUA KURT HIGGINBOTHAM,22
Taylor,Precinct 17,Commissioner of Agriculture,,REP,JOSHUA KURT HIGGINBOTHAM,35
Taylor,Precinct 19,Commissioner of Agriculture,,REP,JOSHUA KURT HIGGINBOTHAM,20
Taylor,Precinct 26,Commissioner of Agriculture,,REP,JOSHUA KURT HIGGINBOTHAM,40
Taylor,Precinct 29,Commissioner of Agriculture,,REP,JOSHUA KURT HIGGINBOTHAM,20
Taylor,Precinct 31,Commissioner of Agriculture,,REP,JOSHUA KURT HIGGINBOTHAM,36
Taylor,Precinct 36,Commissioner of Agriculture,,REP,JOSHUA KURT HIGGINBOTHAM,38
Taylor,Precinct 1,Commissioner of Agriculture,,REP,ROY RAMEY,25
Taylor,Precinct 2,Commissioner of Agriculture,,REP,ROY RAMEY,11
Taylor,Precinct 3,Commissioner of Agriculture,,REP,ROY RAMEY,8
Taylor,Precinct 4,Commissioner of Agriculture,,REP,ROY RAMEY,8
Taylor,Precinct 5,Commissioner of Agriculture,,REP,ROY RAMEY,21
Taylor,Precinct 6,Commissioner of Agriculture,,REP,ROY RAMEY,10
Taylor,Precinct 9,Commissioner of Agriculture,,REP,ROY RAMEY,13
Taylor,Precinct 10,Commissioner of Agriculture,,REP,ROY RAMEY,18
Taylor,Precinct 11,Commissioner of Agriculture,,REP,ROY RAMEY,4
Taylor,Precinct 12,Commissioner of Agriculture,,REP,ROY RAMEY,14
Taylor,Precinct 14,Commissioner of Agriculture,,REP,ROY RAMEY,11
Taylor,Precinct 17,Commissioner of Agriculture,,REP,ROY RAMEY,12
Taylor,Precinct 19,Commissioner of Agriculture,,REP,ROY RAMEY,12
Taylor,Precinct 26,Commissioner of Agriculture,,REP,ROY RAMEY,14
Taylor,Precinct 29,Commissioner of Agriculture,,REP,ROY RAMEY,11
Taylor,Precinct 31,Commissioner of Agriculture,,REP,ROY RAMEY,9
Taylor,Precinct 36,Commissioner of Agriculture,,REP,ROY RAMEY,15
Taylor,Precinct 1,Commissioner of Agriculture,,DEM,DEBORAH STILES,71
Taylor,Precinct 2,Commissioner of Agriculture,,DEM,DEBORAH STILES,80
Taylor,Precinct 3,Commissioner of Agriculture,,DEM,DEBORAH STILES,56
Taylor,Precinct 4,Commissioner of Agriculture,,DEM,DEBORAH STILES,44
Taylor,Precinct 5,Commissioner of Agriculture,,DEM,DEBORAH STILES,51
Taylor,Precinct 6,Commissioner of Agriculture,,DEM,DEBORAH STILES,27
Taylor,Precinct 9,Commissioner of Agriculture,,DEM,DEBORAH STILES,24
Taylor,Precinct 10,Commissioner of Agriculture,,DEM,DEBORAH STILES,102
Taylor,Precinct 11,Commissioner of Agriculture,,DEM,DEBORAH STILES,21
Taylor,Precinct 12,Commissioner of Agriculture,,DEM,DEBORAH STILES,60
Taylor,Precinct 14,Commissioner of Agriculture,,DEM,DEBORAH STILES,37
Taylor,Precinct 17,Commissioner of Agriculture,,DEM,DEBORAH STILES,43
Taylor,Precinct 19,Commissioner of Agriculture,,DEM,DEBORAH STILES,44
Taylor,Precinct 26,Commissioner of Agriculture,,DEM,DEBORAH STILES,54
Taylor,Precinct 29,Commissioner of Agriculture,,DEM,DEBORAH STILES,31
Taylor,Precinct 31,Commissioner of Agriculture,,DEM,DEBORAH STILES,51
Taylor,Precinct 36,Commissioner of Agriculture,,DEM,DEBORAH STILES,55
Taylor,Precinct 1,Commissioner of Agriculture,,MTN,NO CANDIDATE FILED,0
Taylor,Precinct 2,Commissioner of Agriculture,,MTN,NO CANDIDATE FILED,0
Taylor,Precinct 3,Commissioner of Agriculture,,MTN,NO CANDIDATE FILED,0
Taylor,Precinct 4,Commissioner of Agriculture,,MTN,NO CANDIDATE FILED,0
Taylor,Precinct 5,Commissioner of Agriculture,,MTN,NO CANDIDATE FILED,0
Taylor,Precinct 6,Commissioner of Agriculture,,MTN,NO CANDIDATE FILED,0
Taylor,Precinct 9,Commissioner of Agriculture,,MTN,NO CANDIDATE FILED,0
Taylor,Precinct 10,Commissioner of Agriculture,,MTN,NO CANDIDATE FILED,0
Taylor,Precinct 11,Commissioner of Agriculture,,MTN,NO CANDIDATE FILED,0
Taylor,Precinct 12,Commissioner of Agriculture,,MTN,NO CANDIDATE FILED,0
Taylor,Precinct 14,Commissioner of Agriculture,,MTN,NO CANDIDATE FILED,0
Taylor,Precinct 17,Commissioner of Agriculture,,MTN,NO CANDIDATE FILED,0
Taylor,Precinct 19,Commissioner of Agriculture,,MTN,NO CANDIDATE FILED,0
Taylor,Precinct 26,Commissioner of Agriculture,,MTN,NO CANDIDATE FILED,0
Taylor,Precinct 29,Commissioner of Agriculture,,MTN,NO CANDIDATE FILED,0
Taylor,Precinct 31,Commissioner of Agriculture,,MTN,NO CANDIDATE FILED,0
Taylor,Precinct 36,Commissioner of Agriculture,,MTN,NO CANDIDATE FILED,0
Taylor,Precinct 1,Attorney General,,REP,MIKE STUART,94
Taylor,Precinct 2,Attorney General,,REP,MIKE STUART,91
Taylor,Precinct 3,Attorney General,,REP,MIKE STUART,68
Taylor,Precinct 4,Attorney General,,REP,MIKE STUART,43
Taylor,Precinct 5,Attorney General,,REP,MIKE STUART,63
Taylor,Precinct 6,Attorney General,,REP,MIKE STUART,27
Taylor,Precinct 9,Attorney General,,REP,MIKE STUART,41
Taylor,Precinct 10,Attorney General,,REP,MIKE STUART,90
Taylor,Precinct 11,Attorney General,,REP,MIKE STUART,35
Taylor,Precinct 12,Attorney General,,REP,MIKE STUART,69
Taylor,Precinct 14,Attorney General,,REP,MIKE STUART,37
Taylor,Precinct 17,Attorney General,,REP,MIKE STUART,58
Taylor,Precinct 19,Attorney General,,REP,MIKE STUART,55
Taylor,Precinct 26,Attorney General,,REP,MIKE STUART,83
Taylor,Precinct 29,Attorney General,,REP,MIKE STUART,40
Taylor,Precinct 31,Attorney General,,REP,MIKE STUART,67
Taylor,Precinct 36,Attorney General,,REP,MIKE STUART,73
Taylor,Precinct 1,Attorney General,,REP,JOHN 'JB' McCUSKEY,165
Taylor,Precinct 2,Attorney General,,REP,JOHN 'JB' McCUSKEY,153
Taylor,Precinct 3,Attorney General,,REP,JOHN 'JB' McCUSKEY,90
Taylor,Precinct 4,Attorney General,,REP,JOHN 'JB' McCUSKEY,61
Taylor,Precinct 5,Attorney General,,REP,JOHN 'JB' McCUSKEY,117
Taylor,Precinct 6,Attorney General,,REP,JOHN 'JB' McCUSKEY,57
Taylor,Precinct 9,Attorney General,,REP,JOHN 'JB' McCUSKEY,70
Taylor,Precinct 10,Attorney General,,REP,JOHN 'JB' McCUSKEY,150
Taylor,Precinct 11,Attorney General,,REP,JOHN 'JB' McCUSKEY,40
Taylor,Precinct 12,Attorney General,,REP,JOHN 'JB' McCUSKEY,115
Taylor,Precinct 14,Attorney General,,REP,JOHN 'JB' McCUSKEY,60
Taylor,Precinct 17,Attorney General,,REP,JOHN 'JB' McCUSKEY,100
Taylor,Precinct 19,Attorney General,,REP,JOHN 'JB' McCUSKEY,79
Taylor,Precinct 26,Attorney General,,REP,JOHN 'JB' McCUSKEY,88
Taylor,Precinct 29,Attorney General,,REP,JOHN 'JB' McCUSKEY,53
Taylor,Precinct 31,Attorney General,,REP,JOHN 'JB' McCUSKEY,84
Taylor,Precinct 36,Attorney General,,REP,JOHN 'JB' McCUSKEY,141
Taylor,Precinct 1,Attorney General,,DEM,TERESA TORISEVA,52
Taylor,Precinct 2,Attorney General,,DEM,TERESA TORISEVA,57
Taylor,Precinct 3,Attorney General,,DEM,TERESA TORISEVA,39
Taylor,Precinct 4,Attorney General,,DEM,TERESA TORISEVA,30
Taylor,Precinct 5,Attorney General,,DEM,TERESA TORISEVA,36
Taylor,Precinct 6,Attorney General,,DEM,TERESA TORISEVA,17
Taylor,Precinct 9,Attorney General,,DEM,TERESA TORISEVA,17
Taylor,Precinct 10,Attorney General,,DEM,TERESA TORISEVA,77
Taylor,Precinct 11,Attorney General,,DEM,TERESA TORISEVA,14
Taylor,Precinct 12,Attorney General,,DEM,TERESA TORISEVA,40
Taylor,Precinct 14,Attorney General,,DEM,TERESA TORISEVA,25
Taylor,Precinct 17,Attorney General,,DEM,TERESA TORISEVA,25
Taylor,Precinct 19,Attorney General,,DEM,TERESA TORISEVA,27
Taylor,Precinct 26,Attorney General,,DEM,TERESA TORISEVA,34
Taylor,Precinct 29,Attorney General,,DEM,TERESA TORISEVA,15
Taylor,Precinct 31,Attorney General,,DEM,TERESA TORISEVA,36
Taylor,Precinct 36,Attorney General,,DEM,TERESA TORISEVA,42
Taylor,Precinct 1,Attorney General,,DEM,RICHIE ROBB,23
Taylor,Precinct 2,Attorney General,,DEM,RICHIE ROBB,26
Taylor,Precinct 3,Attorney General,,DEM,RICHIE ROBB,22
Taylor,Precinct 4,Attorney General,,DEM,RICHIE ROBB,17
Taylor,Precinct 5,Attorney General,,DEM,RICHIE ROBB,14
Taylor,Precinct 6,Attorney General,,DEM,RICHIE ROBB,12
Taylor,Precinct 9,Attorney General,,DEM,RICHIE ROBB,10
Taylor,Precinct 10,Attorney General,,DEM,RICHIE ROBB,27
Taylor,Precinct 11,Attorney General,,DEM,RICHIE ROBB,10
Taylor,Precinct 12,Attorney General,,DEM,RICHIE ROBB,21
Taylor,Precinct 14,Attorney General,,DEM,RICHIE ROBB,14
Taylor,Precinct 17,Attorney General,,DEM,RICHIE ROBB,20
Taylor,Precinct 19,Attorney General,,DEM,RICHIE ROBB,26
Taylor,Precinct 26,Attorney General,,DEM,RICHIE ROBB,21
Taylor,Precinct 29,Attorney General,,DEM,RICHIE ROBB,14
Taylor,Precinct 31,Attorney General,,DEM,RICHIE ROBB,15
Taylor,Precinct 36,Attorney General,,DEM,RICHIE ROBB,19
Taylor,Precinct 1,Attorney General,,MTN,NO CANDIDATE FILED,0
Taylor,Precinct 2,Attorney General,,MTN,NO CANDIDATE FILED,0
Taylor,Precinct 3,Attorney General,,MTN,NO CANDIDATE FILED,0
Taylor,Precinct 4,Attorney General,,MTN,NO CANDIDATE FILED,0
Taylor,Precinct 5,Attorney General,,MTN,NO CANDIDATE FILED,0
Taylor,Precinct 6,Attorney General,,MTN,NO CANDIDATE FILED,0
Taylor,Precinct 9,Attorney General,,MTN,NO CANDIDATE FILED,0
Taylor,Precinct 10,Attorney General,,MTN,NO CANDIDATE FILED,0
Taylor,Precinct 11,Attorney General,,MTN,NO CANDIDATE FILED,0
Taylor,Precinct 12,Attorney General,,MTN,NO CANDIDATE FILED,0
Taylor,Precinct 14,Attorney General,,MTN,NO CANDIDATE FILED,0
Taylor,Precinct 17,Attorney General,,MTN,NO CANDIDATE FILED,0
Taylor,Precinct 19,Attorney General,,MTN,NO CANDIDATE FILED,0
Taylor,Precinct 26,Attorney General,,MTN,NO CANDIDATE FILED,0
Taylor,Precinct 29,Attorney General,,MTN,NO CANDIDATE FILED,0
Taylor,Precinct 31,Attorney General,,MTN,NO CANDIDATE FILED,0
Taylor,Precinct 36,Attorney General,,MTN,NO CANDIDATE FILED,0
Taylor,Precinct 1,State Senate,12,REP,PATRICK S MARTIN,220
Taylor,Precinct 2,State Senate,12,REP,PATRICK S MARTIN,218
Taylor,Precinct 3,State Senate,12,REP,PATRICK S MARTIN,147
Taylor,Precinct 4,State Senate,12,REP,PATRICK S MARTIN,87
Taylor,Precinct 5,State Senate,12,REP,PATRICK S MARTIN,161
Taylor,Precinct 6,State Senate,12,REP,PATRICK S MARTIN,79
Taylor,Precinct 17,State Senate,12,REP,PATRICK S MARTIN,139
Taylor,Precinct 19,State Senate,12,REP,PATRICK S MARTIN,120
Taylor,Precinct 1,State Senate,12,DEM,NO CANDIDATE FILED,0
Taylor,Precinct 2,State Senate,12,DEM,NO CANDIDATE FILED,0
Taylor,Precinct 3,State Senate,12,DEM,NO CANDIDATE FILED,0
Taylor,Precinct 4,State Senate,12,DEM,NO CANDIDATE FILED,0
Taylor,Precinct 5,State Senate,12,DEM,NO CANDIDATE FILED,0
Taylor,Precinct 6,State Senate,12,DEM,NO CANDIDATE FILED,0
Taylor,Precinct 17,State Senate,12,DEM,NO CANDIDATE FILED,0
Taylor,Precinct 19,State Senate,12,DEM,NO CANDIDATE FILED,0
Taylor,Precinct 1,State Senate,12,MTN,NO CANDIDATE FILED,0
Taylor,Precinct 2,State Senate,12,MTN,NO CANDIDATE FILED,0
Taylor,Precinct 3,State Senate,12,MTN,NO CANDIDATE FILED,0
Taylor,Precinct 4,State Senate,12,MTN,NO CANDIDATE FILED,0
Taylor,Precinct 5,State Senate,12,MTN,NO CANDIDATE FILED,0
Taylor,Precinct 6,State Senate,12,MTN,NO CANDIDATE FILED,0
Taylor,Precinct 17,State Senate,12,MTN,NO CANDIDATE FILED,0
Taylor,Precinct 19,State Senate,12,MTN,NO CANDIDATE FILED,0
Taylor,Precinct 9,State Senate,14,REP,RANDY E. SMITH,103
Taylor,Precinct 10,State Senate,14,REP,RANDY E. SMITH,224
Taylor,Precinct 11,State Senate,14,REP,RANDY E. SMITH,68
Taylor,Precinct 12,State Senate,14,REP,RANDY E. SMITH,157
Taylor,Precinct 14,State Senate,14,REP,RANDY E. SMITH,86
Taylor,Precinct 26,State Senate,14,REP,RANDY E. SMITH,147
Taylor,Precinct 29,State Senate,14,REP,RANDY E. SMITH,89
Taylor,Precinct 31,State Senate,14,REP,RANDY E. SMITH,139
Taylor,Precinct 36,State Senate,14,REP,RANDY E. SMITH,190
Taylor,Precinct 9,State Senate,14,DEM,NO CANDIDATE FILED,0
Taylor,Precinct 10,State Senate,14,DEM,NO CANDIDATE FILED,0
Taylor,Precinct 11,State Senate,14,DEM,NO CANDIDATE FILED,0
Taylor,Precinct 12,State Senate,14,DEM,NO CANDIDATE FILED,0
Taylor,Precinct 14,State Senate,14,DEM,NO CANDIDATE FILED,0
Taylor,Precinct 26,State Senate,14,DEM,NO CANDIDATE FILED,0
Taylor,Precinct 29,State Senate,14,DEM,NO CANDIDATE FILED,0
Taylor,Precinct 31,State Senate,14,DEM,NO CANDIDATE FILED,0
Taylor,Precinct 36,State Senate,14,DEM,NO CANDIDATE FILED,0
Taylor,Precinct 9,State Senate,14,MTN,BETSY ORNDOFF-SAYERS,1
Taylor,Precinct 10,State Senate,14,MTN,BETSY ORNDOFF-SAYERS,0
Taylor,Precinct 11,State Senate,14,MTN,BETSY ORNDOFF-SAYERS,2
Taylor,Precinct 12,State Senate,14,MTN,BETSY ORNDOFF-SAYERS,1
Taylor,Precinct 14,State Senate,14,MTN,BETSY ORNDOFF-SAYERS,1
Taylor,Precinct 26,State Senate,14,MTN,BETSY ORNDOFF-SAYERS,0
Taylor,Precinct 29,State Senate,14,MTN,BETSY ORNDOFF-SAYERS,0
Taylor,Precinct 31,State Senate,14,MTN,BETSY ORNDOFF-SAYERS,1
Taylor,Precinct 36,State Senate,14,MTN,BETSY ORNDOFF-SAYERS,1
Taylor,Precinct 1,State House,73,REP,BRYAN SMITH,90
Taylor,Precinct 2,State House,73,REP,BRYAN SMITH,124
Taylor,Precinct 3,State House,73,REP,BRYAN SMITH,73
Taylor,Precinct 4,State House,73,REP,BRYAN SMITH,46
Taylor,Precinct 5,State House,73,REP,BRYAN SMITH,58
Taylor,Precinct 6,State House,73,REP,BRYAN SMITH,50
Taylor,Precinct 9,State House,73,REP,BRYAN SMITH,64
Taylor,Precinct 10,State House,73,REP,BRYAN SMITH,133
Taylor,Precinct 11,State House,73,REP,BRYAN SMITH,52
Taylor,Precinct 12,State House,73,REP,BRYAN SMITH,96
Taylor,Precinct 14,State House,73,REP,BRYAN SMITH,56
Taylor,Precinct 17,State House,73,REP,BRYAN SMITH,77
Taylor,Precinct 19,State House,73,REP,BRYAN SMITH,52
Taylor,Precinct 26,State House,73,REP,BRYAN SMITH,90
Taylor,Precinct 29,State House,73,REP,BRYAN SMITH,51
Taylor,Precinct 31,State House,73,REP,BRYAN SMITH,81
Taylor,Precinct 36,State House,73,REP,BRYAN SMITH,111
Taylor,Precinct 1,State House,73,REP,FRED GUIDI,86
Taylor,Precinct 2,State House,73,REP,FRED GUIDI,102
Taylor,Precinct 3,State House,73,REP,FRED GUIDI,57
Taylor,Precinct 4,State House,73,REP,FRED GUIDI,56
Taylor,Precinct 5,State House,73,REP,FRED GUIDI,38
Taylor,Precinct 6,State House,73,REP,FRED GUIDI,34
Taylor,Precinct 9,State House,73,REP,FRED GUIDI,47
Taylor,Precinct 10,State House,73,REP,FRED GUIDI,105
Taylor,Precinct 11,State House,73,REP,FRED GUIDI,30
Taylor,Precinct 12,State House,73,REP,FRED GUIDI,85
Taylor,Precinct 14,State House,73,REP,FRED GUIDI,31
Taylor,Precinct 17,State House,73,REP,FRED GUIDI,51
Taylor,Precinct 19,State House,73,REP,FRED GUIDI,42
Taylor,Precinct 26,State House,73,REP,FRED GUIDI,77
Taylor,Precinct 29,State House,73,REP,FRED GUIDI,38
Taylor,Precinct 31,State House,73,REP,FRED GUIDI,67
Taylor,Precinct 36,State House,73,REP,FRED GUIDI,97
Taylor,Precinct 1,State House,73,REP,RICHARD A. 'RICK' WOLFE,86
Taylor,Precinct 2,State House,73,REP,RICHARD A. 'RICK' WOLFE,33
Taylor,Precinct 3,State House,73,REP,RICHARD A. 'RICK' WOLFE,31
Taylor,Precinct 4,State House,73,REP,RICHARD A. 'RICK' WOLFE,5
Taylor,Precinct 5,State House,73,REP,RICHARD A. 'RICK' WOLFE,81
Taylor,Precinct 6,State House,73,REP,RICHARD A. 'RICK' WOLFE,7
Taylor,Precinct 9,State House,73,REP,RICHARD A. 'RICK' WOLFE,11
Taylor,Precinct 10,State House,73,REP,RICHARD A. 'RICK' WOLFE,24
Taylor,Precinct 11,State House,73,REP,RICHARD A. 'RICK' WOLFE,5
Taylor,Precinct 12,State House,73,REP,RICHARD A. 'RICK' WOLFE,14
Taylor,Precinct 14,State House,73,REP,RICHARD A. 'RICK' WOLFE,15
Taylor,Precinct 17,State House,73,REP,RICHARD A. 'RICK' WOLFE,32
Taylor,Precinct 19,State House,73,REP,RICHARD A. 'RICK' WOLFE,42
Taylor,Precinct 26,State House,73,REP,RICHARD A. 'RICK' WOLFE,15
Taylor,Precinct 29,State House,73,REP,RICHARD A. 'RICK' WOLFE,13
Taylor,Precinct 31,State House,73,REP,RICHARD A. 'RICK' WOLFE,13
Taylor,Precinct 36,State House,73,REP,RICHARD A. 'RICK' WOLFE,27
Taylor,Precinct 1,State House,73,DEM,NO CANDIDATE FILED,0
Taylor,Precinct 2,State House,73,DEM,NO CANDIDATE FILED,0
Taylor,Precinct 3,State House,73,DEM,NO CANDIDATE FILED,0
Taylor,Precinct 4,State House,73,DEM,NO CANDIDATE FILED,0
Taylor,Precinct 5,State House,73,DEM,NO CANDIDATE FILED,0
Taylor,Precinct 6,State House,73,DEM,NO CANDIDATE FILED,0
Taylor,Precinct 9,State House,73,DEM,NO CANDIDATE FILED,0
Taylor,Precinct 10,State House,73,DEM,NO CANDIDATE FILED,0
Taylor,Precinct 11,State House,73,DEM,NO CANDIDATE FILED,0
Taylor,Precinct 12,State House,73,DEM,NO CANDIDATE FILED,0
Taylor,Precinct 14,State House,73,DEM,NO CANDIDATE FILED,0
Taylor,Precinct 17,State House,73,DEM,NO CANDIDATE FILED,0
Taylor,Precinct 19,State House,73,DEM,NO CANDIDATE FILED,0
Taylor,Precinct 26,State House,73,DEM,NO CANDIDATE FILED,0
Taylor,Precinct 29,State House,73,DEM,NO CANDIDATE FILED,0
Taylor,Precinct 31,State House,73,DEM,NO CANDIDATE FILED,0
Taylor,Precinct 36,State House,73,DEM,NO CANDIDATE FILED,0
Taylor,Precinct 1,State House,73,MTN,NO CANDIDATE FILED,0
Taylor,Precinct 2,State House,73,MTN,NO CANDIDATE FILED,0
Taylor,Precinct 3,State House,73,MTN,NO CANDIDATE FILED,0
Taylor,Precinct 4,State House,73,MTN,NO CANDIDATE FILED,0
Taylor,Precinct 5,State House,73,MTN,NO CANDIDATE FILED,0
Taylor,Precinct 6,State House,73,MTN,NO CANDIDATE FILED,0
Taylor,Precinct 9,State House,73,MTN,NO CANDIDATE FILED,0
Taylor,Precinct 10,State House,73,MTN,NO CANDIDATE FILED,0
Taylor,Precinct 11,State House,73,MTN,NO CANDIDATE FILED,0
Taylor,Precinct 12,State House,73,MTN,NO CANDIDATE FILED,0
Taylor,Precinct 14,State House,73,MTN,NO CANDIDATE FILED,0
Taylor,Precinct 17,State House,73,MTN,NO CANDIDATE FILED,0
Taylor,Precinct 19,State House,73,MTN,NO CANDIDATE FILED,0
Taylor,Precinct 26,State House,73,MTN,NO CANDIDATE FILED,0
Taylor,Precinct 29,State House,73,MTN,NO CANDIDATE FILED,0
Taylor,Precinct 31,State House,73,MTN,NO CANDIDATE FILED,0
Taylor,Precinct 36,State House,73,MTN,NO CANDIDATE FILED,0
Taylor,Precinct 1,Supreme Court of Appeals,,,HALEY BUNN,280
Taylor,Precinct 2,Supreme Court of Appeals,,,HALEY BUNN,284
Taylor,Precinct 3,Supreme Court of Appeals,,,HALEY BUNN,180
Taylor,Precinct 4,Supreme Court of Appeals,,,HALEY BUNN,126
Taylor,Precinct 5,Supreme Court of Appeals,,,HALEY BUNN,196
Taylor,Precinct 6,Supreme Court of Appeals,,,HALEY BUNN,101
Taylor,Precinct 9,Supreme Court of Appeals,,,HALEY BUNN,113
Taylor,Precinct 10,Supreme Court of Appeals,,,HALEY BUNN,304
Taylor,Precinct 11,Supreme Court of Appeals,,,HALEY BUNN,90
Taylor,Precinct 12,Supreme Court of Appeals,,,HALEY BUNN,203
Taylor,Precinct 14,Supreme Court of Appeals,,,HALEY BUNN,122
Taylor,Precinct 17,Supreme Court of Appeals,,,HALEY BUNN,181
Taylor,Precinct 19,Supreme Court of Appeals,,,HALEY BUNN,150
Taylor,Precinct 26,Supreme Court of Appeals,,,HALEY BUNN,200
Taylor,Precinct 29,Supreme Court of Appeals,,,HALEY BUNN,120
Taylor,Precinct 31,Supreme Court of Appeals,,,HALEY BUNN,191
Taylor,Precinct 36,Supreme Court of Appeals,,,HALEY BUNN,238
Taylor,Precinct 1,Supreme Court of Appeals,,,CHARLES S TRUMP IV,270
Taylor,Precinct 2,Supreme Court of Appeals,,,CHARLES S TRUMP IV,265
Taylor,Precinct 3,Supreme Court of Appeals,,,CHARLES S TRUMP IV,167
Taylor,Precinct 4,Supreme Court of Appeals,,,CHARLES S TRUMP IV,109
Taylor,Precinct 5,Supreme Court of Appeals,,,CHARLES S TRUMP IV,193
Taylor,Precinct 6,Supreme Court of Appeals,,,CHARLES S TRUMP IV,93
Taylor,Precinct 9,Supreme Court of Appeals,,,CHARLES S TRUMP IV,110
Taylor,Precinct 10,Supreme Court of Appeals,,,CHARLES S TRUMP IV,271
Taylor,Precinct 11,Supreme Court of Appeals,,,CHARLES S TRUMP IV,86
Taylor,Precinct 12,Supreme Court of Appeals,,,CHARLES S TRUMP IV,191
Taylor,Precinct 14,Supreme Court of Appeals,,,CHARLES S TRUMP IV,115
Taylor,Precinct 17,Supreme Court of Appeals,,,CHARLES S TRUMP IV,171
Taylor,Precinct 19,Supreme Court of Appeals,,,CHARLES S TRUMP IV,141
Taylor,Precinct 26,Supreme Court of Appeals,,,CHARLES S TRUMP IV,179
Taylor,Precinct 29,Supreme Court of Appeals,,,CHARLES S TRUMP IV,111
Taylor,Precinct 31,Supreme Court of Appeals,,,CHARLES S TRUMP IV,178
Taylor,Precinct 36,Supreme Court of Appeals,,,CHARLES S TRUMP IV,225
Taylor,Precinct 1,Supreme Court of Appeals,,,MYCHAL S. SCHULZ,70
Taylor,Precinct 2,Supreme Court of Appeals,,,MYCHAL S. SCHULZ,63
Taylor,Precinct 3,Supreme Court of Appeals,,,MYCHAL S. SCHULZ,39
Taylor,Precinct 4,Supreme Court of Appeals,,,MYCHAL S. SCHULZ,31
Taylor,Precinct 5,Supreme Court of Appeals,,,MYCHAL S. SCHULZ,59
Taylor,Precinct 6,Supreme Court of Appeals,,,MYCHAL S. SCHULZ,26
Taylor,Precinct 9,Supreme Court of Appeals,,,MYCHAL S. SCHULZ,21
Taylor,Precinct 10,Supreme Court of Appeals,,,MYCHAL S. SCHULZ,91
Taylor,Precinct 11,Supreme Court of Appeals,,,MYCHAL S. SCHULZ,26
Taylor,Precinct 12,Supreme Court of Appeals,,,MYCHAL S. SCHULZ,60
Taylor,Precinct 14,Supreme Court of Appeals,,,MYCHAL S. SCHULZ,32
Taylor,Precinct 17,Supreme Court of Appeals,,,MYCHAL S. SCHULZ,58
Taylor,Precinct 19,Supreme Court of Appeals,,,MYCHAL S. SCHULZ,27
Taylor,Precinct 26,Supreme Court of Appeals,,,MYCHAL S. SCHULZ,63
Taylor,Precinct 29,Supreme Court of Appeals,,,MYCHAL S. SCHULZ,37
Taylor,Precinct 31,Supreme Court of Appeals,,,MYCHAL S. SCHULZ,48
Taylor,Precinct 36,Supreme Court of Appeals,,,MYCHAL S. SCHULZ,66
Taylor,Precinct 1,Supreme Court of Appeals,,,ELGINE HECETA McARDLE,75
Taylor,Precinct 2,Supreme Court of Appeals,,,ELGINE HECETA McARDLE,74
Taylor,Precinct 3,Supreme Court of Appeals,,,ELGINE HECETA McARDLE,56
Taylor,Precinct 4,Supreme Court of Appeals,,,ELGINE HECETA McARDLE,47
Taylor,Precinct 5,Supreme Court of Appeals,,,ELGINE HECETA McARDLE,53
Taylor,Precinct 6,Supreme Court of Appeals,,,ELGINE HECETA McARDLE,25
Taylor,Precinct 9,Supreme Court of Appeals,,,ELGINE HECETA McARDLE,24
Taylor,Precinct 10,Supreme Court of Appeals,,,ELGINE HECETA McARDLE,88
Taylor,Precinct 11,Supreme Court of Appeals,,,ELGINE HECETA McARDLE,17
Taylor,Precinct 12,Supreme Court of Appeals,,,ELGINE HECETA McARDLE,40
Taylor,Precinct 14,Supreme Court of Appeals,,,ELGINE HECETA McARDLE,26
Taylor,Precinct 17,Supreme Court of Appeals,,,ELGINE HECETA McARDLE,29
Taylor,Precinct 19,Supreme Court of Appeals,,,ELGINE HECETA McARDLE,40
Taylor,Precinct 26,Supreme Court of Appeals,,,ELGINE HECETA McARDLE,52
Taylor,Precinct 29,Supreme Court of Appeals,,,ELGINE HECETA McARDLE,26
Taylor,Precinct 31,Supreme Court of Appeals,,,ELGINE HECETA McARDLE,48
Taylor,Precinct 36,Supreme Court of Appeals,,,ELGINE HECETA McARDLE,69
Taylor,Precinct 1,Supreme Court of Appeals,,,S. RYAN WHITE,147
Taylor,Precinct 2,Supreme Court of Appeals,,,S. RYAN WHITE,165
Taylor,Precinct 3,Supreme Court of Appeals,,,S. RYAN WHITE,106
Taylor,Precinct 4,Supreme Court of Appeals,,,S. RYAN WHITE,64
Taylor,Precinct 5,Supreme Court of Appeals,,,S. RYAN WHITE,101
Taylor,Precinct 6,Supreme Court of Appeals,,,S. RYAN WHITE,53
Taylor,Precinct 9,Supreme Court of Appeals,,,S. RYAN WHITE,80
Taylor,Precinct 10,Supreme Court of Appeals,,,S. RYAN WHITE,137
Taylor,Precinct 11,Supreme Court of Appeals,,,S. RYAN WHITE,48
Taylor,Precinct 12,Supreme Court of Appeals,,,S. RYAN WHITE,121
Taylor,Precinct 14,Supreme Court of Appeals,,,S. RYAN WHITE,71
Taylor,Precinct 17,Supreme Court of Appeals,,,S. RYAN WHITE,98
Taylor,Precinct 19,Supreme Court of Appeals,,,S. RYAN WHITE,96
Taylor,Precinct 26,Supreme Court of Appeals,,,S. RYAN WHITE,93
Taylor,Precinct 29,Supreme Court of Appeals,,,S. RYAN WHITE,60
Taylor,Precinct 31,Supreme Court of Appeals,,,S. RYAN WHITE,99
Taylor,Precinct 36,Supreme Court of Appeals,,,S. RYAN WHITE,106
Taylor,Precinct 1,Supreme Court of Appeals,,,SHAWN D. NINES,309
Taylor,Precinct 2,Supreme Court of Appeals,,,SHAWN D. NINES,336
Taylor,Precinct 3,Supreme Court of Appeals,,,SHAWN D. NINES,196
Taylor,Precinct 4,Supreme Court of Appeals,,,SHAWN D. NINES,150
Taylor,Precinct 5,Supreme Court of Appeals,,,SHAWN D. NINES,207
Taylor,Precinct 6,Supreme Court of Appeals,,,SHAWN D. NINES,123
Taylor,Precinct 9,Supreme Court of Appeals,,,SHAWN D. NINES,146
Taylor,Precinct 10,Supreme Court of Appeals,,,SHAWN D. NINES,360
Taylor,Precinct 11,Supreme Court of Appeals,,,SHAWN D. NINES,107
Taylor,Precinct 12,Supreme Court of Appeals,,,SHAWN D. NINES,247
Taylor,Precinct 14,Supreme Court of Appeals,,,SHAWN D. NINES,146
Taylor,Precinct 17,Supreme Court of Appeals,,,SHAWN D. NINES,200
Taylor,Precinct 19,Supreme Court of Appeals,,,SHAWN D. NINES,167
Taylor,Precinct 26,Supreme Court of Appeals,,,SHAWN D. NINES,235
Taylor,Precinct 29,Supreme Court of Appeals,,,SHAWN D. NINES,128
Taylor,Precinct 31,Supreme Court of Appeals,,,SHAWN D. NINES,217
Taylor,Precinct 36,Supreme Court of Appeals,,,SHAWN D. NINES,291
Taylor,Precinct 1,Supreme Court of Appeals,,,THOMAS B. HOXIE,187
Taylor,Precinct 2,Supreme Court of Appeals,,,THOMAS B. HOXIE,187
Taylor,Precinct 3,Supreme Court of Appeals,,,THOMAS B. HOXIE,110
Taylor,Precinct 4,Supreme Court of Appeals,,,THOMAS B. HOXIE,98
Taylor,Precinct 5,Supreme Court of Appeals,,,THOMAS B. HOXIE,122
Taylor,Precinct 6,Supreme Court of Appeals,,,THOMAS B. HOXIE,84
Taylor,Precinct 9,Supreme Court of Appeals,,,THOMAS B. HOXIE,113
Taylor,Precinct 10,Supreme Court of Appeals,,,THOMAS B. HOXIE,227
Taylor,Precinct 11,Supreme Court of Appeals,,,THOMAS B. HOXIE,67
Taylor,Precinct 12,Supreme Court of Appeals,,,THOMAS B. HOXIE,164
Taylor,Precinct 14,Supreme Court of Appeals,,,THOMAS B. HOXIE,84
Taylor,Precinct 17,Supreme Court of Appeals,,,THOMAS B. HOXIE,134
Taylor,Precinct 19,Supreme Court of Appeals,,,THOMAS B. HOXIE,109
Taylor,Precinct 26,Supreme Court of Appeals,,,THOMAS B. HOXIE,129
Taylor,Precinct 29,Supreme Court of Appeals,,,THOMAS B. HOXIE,88
Taylor,Precinct 31,Supreme Court of Appeals,,,THOMAS B. HOXIE,121
Taylor,Precinct 36,Supreme Court of Appeals,,,THOMAS B. HOXIE,179
Taylor,Precinct 1,Supreme Court of Appeals,,,ALLISON CLARK IAPALUCCI,174
Taylor,Precinct 2,Supreme Court of Appeals,,,ALLISON CLARK IAPALUCCI,203
Taylor,Precinct 3,Supreme Court of Appeals,,,ALLISON CLARK IAPALUCCI,112
Taylor,Precinct 4,Supreme Court of Appeals,,,ALLISON CLARK IAPALUCCI,69
Taylor,Precinct 5,Supreme Court of Appeals,,,ALLISON CLARK IAPALUCCI,114
Taylor,Precinct 6,Supreme Court of Appeals,,,ALLISON CLARK IAPALUCCI,52
Taylor,Precinct 9,Supreme Court of Appeals,,,ALLISON CLARK IAPALUCCI,42
Taylor,Precinct 10,Supreme Court of Appeals,,,ALLISON CLARK IAPALUCCI,162
Taylor,Precinct 11,Supreme Court of Appeals,,,ALLISON CLARK IAPALUCCI,56
Taylor,Precinct 12,Supreme Court of Appeals,,,ALLISON CLARK IAPALUCCI,106
Taylor,Precinct 14,Supreme Court of Appeals,,,ALLISON CLARK IAPALUCCI,70
Taylor,Precinct 17,Supreme Court of Appeals,,,ALLISON CLARK IAPALUCCI,82
Taylor,Precinct 19,Supreme Court of Appeals,,,ALLISON CLARK IAPALUCCI,80
Taylor,Precinct 26,Supreme Court of Appeals,,,ALLISON CLARK IAPALUCCI,125
Taylor,Precinct 29,Supreme Court of Appeals,,,ALLISON CLARK IAPALUCCI,55
Taylor,Precinct 31,Supreme Court of Appeals,,,ALLISON CLARK IAPALUCCI,104
Taylor,Precinct 36,Supreme Court of Appeals,,,ALLISON CLARK IAPALUCCI,138
Taylor,Precinct 1,Supreme Court of Appeals,,,KAREN HILL JOHNSON,281
Taylor,Precinct 2,Supreme Court of Appeals,,,KAREN HILL JOHNSON,291
Taylor,Precinct 3,Supreme Court of Appeals,,,KAREN HILL JOHNSON,184
Taylor,Precinct 4,Supreme Court of Appeals,,,KAREN HILL JOHNSON,133
Taylor,Precinct 5,Supreme Court of Appeals,,,KAREN HILL JOHNSON,204
Taylor,Precinct 6,Supreme Court of Appeals,,,KAREN HILL JOHNSON,104
Taylor,Precinct 9,Supreme Court of Appeals,,,KAREN HILL JOHNSON,115
Taylor,Precinct 10,Supreme Court of Appeals,,,KAREN HILL JOHNSON,313
Taylor,Precinct 11,Supreme Court of Appeals,,,KAREN HILL JOHNSON,88
Taylor,Precinct 12,Supreme Court of Appeals,,,KAREN HILL JOHNSON,206
Taylor,Precinct 14,Supreme Court of Appeals,,,KAREN HILL JOHNSON,131
Taylor,Precinct 17,Supreme Court of Appeals,,,KAREN HILL JOHNSON,183
Taylor,Precinct 19,Supreme Court of Appeals,,,KAREN HILL JOHNSON,156
Taylor,Precinct 26,Supreme Court of Appeals,,,KAREN HILL JOHNSON,200
Taylor,Precinct 29,Supreme Court of Appeals,,,KAREN HILL JOHNSON,128
Taylor,Precinct 31,Supreme Court of Appeals,,,KAREN HILL JOHNSON,190
Taylor,Precinct 36,Supreme Court of Appeals,,,KAREN HILL JOHNSON,237
Taylor,Precinct 1,MAGISTRATE,,,BOBBIE MILLER,190
Taylor,Precinct 2,MAGISTRATE,,,BOBBIE MILLER,204
Taylor,Precinct 3,MAGISTRATE,,,BOBBIE MILLER,137
Taylor,Precinct 4,MAGISTRATE,,,BOBBIE MILLER,81
Taylor,Precinct 5,MAGISTRATE,,,BOBBIE MILLER,135
Taylor,Precinct 6,MAGISTRATE,,,BOBBIE MILLER,61
Taylor,Precinct 9,MAGISTRATE,,,BOBBIE MILLER,74
Taylor,Precinct 10,MAGISTRATE,,,BOBBIE MILLER,172
Taylor,Precinct 11,MAGISTRATE,,,BOBBIE MILLER,44
Taylor,Precinct 12,MAGISTRATE,,,BOBBIE MILLER,123
Taylor,Precinct 14,MAGISTRATE,,,BOBBIE MILLER,76
Taylor,Precinct 17,MAGISTRATE,,,BOBBIE MILLER,119
Taylor,Precinct 19,MAGISTRATE,,,BOBBIE MILLER,105
Taylor,Precinct 26,MAGISTRATE,,,BOBBIE MILLER,123
Taylor,Precinct 29,MAGISTRATE,,,BOBBIE MILLER,73
Taylor,Precinct 31,MAGISTRATE,,,BOBBIE MILLER,120
Taylor,Precinct 36,MAGISTRATE,,,BOBBIE MILLER,131
Taylor,Precinct 1,MAGISTRATE,,,E. SUE GUTHRIE,140
Taylor,Precinct 2,MAGISTRATE,,,E. SUE GUTHRIE,161
Taylor,Precinct 3,MAGISTRATE,,,E. SUE GUTHRIE,71
Taylor,Precinct 4,MAGISTRATE,,,E. SUE GUTHRIE,76
Taylor,Precinct 5,MAGISTRATE,,,E. SUE GUTHRIE,87
Taylor,Precinct 6,MAGISTRATE,,,E. SUE GUTHRIE,63
Taylor,Precinct 9,MAGISTRATE,,,E. SUE GUTHRIE,81
Taylor,Precinct 10,MAGISTRATE,,,E. SUE GUTHRIE,219
Taylor,Precinct 11,MAGISTRATE,,,E. SUE GUTHRIE,79
Taylor,Precinct 12,MAGISTRATE,,,E. SUE GUTHRIE,139
Taylor,Precinct 14,MAGISTRATE,,,E. SUE GUTHRIE,76
Taylor,Precinct 17,MAGISTRATE,,,E. SUE GUTHRIE,90
Taylor,Precinct 19,MAGISTRATE,,,E. SUE GUTHRIE,79
Taylor,Precinct 26,MAGISTRATE,,,E. SUE GUTHRIE,123
Taylor,Precinct 29,MAGISTRATE,,,E. SUE GUTHRIE,65
Taylor,Precinct 31,MAGISTRATE,,,E. SUE GUTHRIE,101
Taylor,Precinct 36,MAGISTRATE,,,E. SUE GUTHRIE,184
Taylor,Precinct 1,MAGISTRATE,,,DONN PAUL KITZMILLER,122
Taylor,Precinct 2,MAGISTRATE,,,DONN PAUL KITZMILLER,171
Taylor,Precinct 3,MAGISTRATE,,,DONN PAUL KITZMILLER,75
Taylor,Precinct 4,MAGISTRATE,,,DONN PAUL KITZMILLER,90
Taylor,Precinct 5,MAGISTRATE,,,DONN PAUL KITZMILLER,78
Taylor,Precinct 6,MAGISTRATE,,,DONN PAUL KITZMILLER,56
Taylor,Precinct 9,MAGISTRATE,,,DONN PAUL KITZMILLER,66
Taylor,Precinct 10,MAGISTRATE,,,DONN PAUL KITZMILLER,151
Taylor,Precinct 11,MAGISTRATE,,,DONN PAUL KITZMILLER,53
Taylor,Precinct 12,MAGISTRATE,,,DONN PAUL KITZMILLER,145
Taylor,Precinct 14,MAGISTRATE,,,DONN PAUL KITZMILLER,67
Taylor,Precinct 17,MAGISTRATE,,,DONN PAUL KITZMILLER,47
Taylor,Precinct 19,MAGISTRATE,,,DONN PAUL KITZMILLER,59
Taylor,Precinct 26,MAGISTRATE,,,DONN PAUL KITZMILLER,119
Taylor,Precinct 29,MAGISTRATE,,,DONN PAUL KITZMILLER,63
Taylor,Precinct 31,MAGISTRATE,,,DONN PAUL KITZMILLER,127
Taylor,Precinct 36,MAGISTRATE,,,DONN PAUL KITZMILLER,132
Taylor,Precinct 1,MAGISTRATE,,,ERIC SMITH,101
Taylor,Precinct 2,MAGISTRATE,,,ERIC SMITH,103
Taylor,Precinct 3,MAGISTRATE,,,ERIC SMITH,69
Taylor,Precinct 4,MAGISTRATE,,,ERIC SMITH,33
Taylor,Precinct 5,MAGISTRATE,,,ERIC SMITH,65
Taylor,Precinct 6,MAGISTRATE,,,ERIC SMITH,30
Taylor,Precinct 9,MAGISTRATE,,,ERIC SMITH,54
Taylor,Precinct 10,MAGISTRATE,,,ERIC SMITH,160
Taylor,Precinct 11,MAGISTRATE,,,ERIC SMITH,47
Taylor,Precinct 12,MAGISTRATE,,,ERIC SMITH,76
Taylor,Precinct 14,MAGISTRATE,,,ERIC SMITH,53
Taylor,Precinct 17,MAGISTRATE,,,ERIC SMITH,38
Taylor,Precinct 19,MAGISTRATE,,,ERIC SMITH,34
Taylor,Precinct 26,MAGISTRATE,,,ERIC SMITH,67
Taylor,Precinct 29,MAGISTRATE,,,ERIC SMITH,39
Taylor,Precinct 31,MAGISTRATE,,,ERIC SMITH,60
Taylor,Precinct 36,MAGISTRATE,,,ERIC SMITH,91
Taylor,Precinct 1,MAGISTRATE,,,JUDY L. SHAFFER,107
Taylor,Precinct 2,MAGISTRATE,,,JUDY L. SHAFFER,87
Taylor,Precinct 3,MAGISTRATE,,,JUDY L. SHAFFER,66
Taylor,Precinct 4,MAGISTRATE,,,JUDY L. SHAFFER,39
Taylor,Precinct 5,MAGISTRATE,,,JUDY L. SHAFFER,81
Taylor,Precinct 6,MAGISTRATE,,,JUDY L. SHAFFER,44
Taylor,Precinct 9,MAGISTRATE,,,JUDY L. SHAFFER,37
Taylor,Precinct 10,MAGISTRATE,,,JUDY L. SHAFFER,76
Taylor,Precinct 11,MAGISTRATE,,,JUDY L. SHAFFER,22
Taylor,Precinct 12,MAGISTRATE,,,JUDY L. SHAFFER,48
Taylor,Precinct 14,MAGISTRATE,,,JUDY L. SHAFFER,31
Taylor,Precinct 17,MAGISTRATE,,,JUDY L. SHAFFER,136
Taylor,Precinct 19,MAGISTRATE,,,JUDY L. SHAFFER,100
Taylor,Precinct 26,MAGISTRATE,,,JUDY L. SHAFFER,53
Taylor,Precinct 29,MAGISTRATE,,,JUDY L. SHAFFER,39
Taylor,Precinct 31,MAGISTRATE,,,JUDY L. SHAFFER,40
Taylor,Precinct 36,MAGISTRATE,,,JUDY L. SHAFFER,80
Taylor,Precinct 1,REP FOR COUNTY COMMISSIONER,,REP,SAM GERKIN,144
Taylor,Precinct 2,REP FOR COUNTY COMMISSIONER,,REP,SAM GERKIN,193
Taylor,Precinct 3,REP FOR COUNTY COMMISSIONER,,REP,SAM GERKIN,88
Taylor,Precinct 4,REP FOR COUNTY COMMISSIONER,,REP,SAM GERKIN,85
Taylor,Precinct 5,REP FOR COUNTY COMMISSIONER,,REP,SAM GERKIN,97
Taylor,Precinct 6,REP FOR COUNTY COMMISSIONER,,REP,SAM GERKIN,74
Taylor,Precinct 9,REP FOR COUNTY COMMISSIONER,,REP,SAM GERKIN,93
Taylor,Precinct 10,REP FOR COUNTY COMMISSIONER,,REP,SAM GERKIN,180
Taylor,Precinct 11,REP FOR COUNTY COMMISSIONER,,REP,SAM GERKIN,57
Taylor,Precinct 12,REP FOR COUNTY COMMISSIONER,,REP,SAM GERKIN,141
Taylor,Precinct 14,REP FOR COUNTY COMMISSIONER,,REP,SAM GERKIN,78
Taylor,Precinct 17,REP FOR COUNTY COMMISSIONER,,REP,SAM GERKIN,111
Taylor,Precinct 19,REP FOR COUNTY COMMISSIONER,,REP,SAM GERKIN,98
Taylor,Precinct 26,REP FOR COUNTY COMMISSIONER,,REP,SAM GERKIN,137
Taylor,Precinct 29,REP FOR COUNTY COMMISSIONER,,REP,SAM GERKIN,72
Taylor,Precinct 31,REP FOR COUNTY COMMISSIONER,,REP,SAM GERKIN,126
Taylor,Precinct 36,REP FOR COUNTY COMMISSIONER,,REP,SAM GERKIN,172
Taylor,Precinct 1,REP FOR COUNTY COMMISSIONER,,REP,TERRY A. AUSTIN,137
Taylor,Precinct 2,REP FOR COUNTY COMMISSIONER,,REP,TERRY A. AUSTIN,82
Taylor,Precinct 3,REP FOR COUNTY COMMISSIONER,,REP,TERRY A. AUSTIN,74
Taylor,Precinct 4,REP FOR COUNTY COMMISSIONER,,REP,TERRY A. AUSTIN,24
Taylor,Precinct 5,REP FOR COUNTY COMMISSIONER,,REP,TERRY A. AUSTIN,84
Taylor,Precinct 6,REP FOR COUNTY COMMISSIONER,,REP,TERRY A. AUSTIN,21
Taylor,Precinct 9,REP FOR COUNTY COMMISSIONER,,REP,TERRY A. AUSTIN,35
Taylor,Precinct 10,REP FOR COUNTY COMMISSIONER,,REP,TERRY A. AUSTIN,82
Taylor,Precinct 11,REP FOR COUNTY COMMISSIONER,,REP,TERRY A. AUSTIN,35
Taylor,Precinct 12,REP FOR COUNTY COMMISSIONER,,REP,TERRY A. AUSTIN,50
Taylor,Precinct 14,REP FOR COUNTY COMMISSIONER,,REP,TERRY A. AUSTIN,30
Taylor,Precinct 17,REP FOR COUNTY COMMISSIONER,,REP,TERRY A. AUSTIN,55
Taylor,Precinct 19,REP FOR COUNTY COMMISSIONER,,REP,TERRY A. AUSTIN,44
Taylor,Precinct 26,REP FOR COUNTY COMMISSIONER,,REP,TERRY A. AUSTIN,45
Taylor,Precinct 29,REP FOR COUNTY COMMISSIONER,,REP,TERRY A. AUSTIN,32
Taylor,Precinct 31,REP FOR COUNTY COMMISSIONER,,REP,TERRY A. AUSTIN,40
Taylor,Precinct 36,REP FOR COUNTY COMMISSIONER,,REP,TERRY A. AUSTIN,74
Taylor,Precinct 1,DEM FOR COUNTY COMMISSIONER,,DEM,MIKE MANYPENNY,65
Taylor,Precinct 2,DEM FOR COUNTY COMMISSIONER,,DEM,MIKE MANYPENNY,82
Taylor,Precinct 3,DEM FOR COUNTY COMMISSIONER,,DEM,MIKE MANYPENNY,54
Taylor,Precinct 4,DEM FOR COUNTY COMMISSIONER,,DEM,MIKE MANYPENNY,47
Taylor,Precinct 5,DEM FOR COUNTY COMMISSIONER,,DEM,MIKE MANYPENNY,46
Taylor,Precinct 6,DEM FOR COUNTY COMMISSIONER,,DEM,MIKE MANYPENNY,29
Taylor,Precinct 9,DEM FOR COUNTY COMMISSIONER,,DEM,MIKE MANYPENNY,22
Taylor,Precinct 10,DEM FOR COUNTY COMMISSIONER,,DEM,MIKE MANYPENNY,107
Taylor,Precinct 11,DEM FOR COUNTY COMMISSIONER,,DEM,MIKE MANYPENNY,25
Taylor,Precinct 12,DEM FOR COUNTY COMMISSIONER,,DEM,MIKE MANYPENNY,57
Taylor,Precinct 14,DEM FOR COUNTY COMMISSIONER,,DEM,MIKE MANYPENNY,41
Taylor,Precinct 17,DEM FOR COUNTY COMMISSIONER,,DEM,MIKE MANYPENNY,44
Taylor,Precinct 19,DEM FOR COUNTY COMMISSIONER,,DEM,MIKE MANYPENNY,48
Taylor,Precinct 26,DEM FOR COUNTY COMMISSIONER,,DEM,MIKE MANYPENNY,56
Taylor,Precinct 29,DEM FOR COUNTY COMMISSIONER,,DEM,MIKE MANYPENNY,28
Taylor,Precinct 31,DEM FOR COUNTY COMMISSIONER,,DEM,MIKE MANYPENNY,56
Taylor,Precinct 36,DEM FOR COUNTY COMMISSIONER,,DEM,MIKE MANYPENNY,60
Taylor,Precinct 1,MTN FOR COUNTY COMMISSIONER,,MTN,NO CANDIDATE FILED,0
Taylor,Precinct 2,MTN FOR COUNTY COMMISSIONER,,MTN,NO CANDIDATE FILED,0
Taylor,Precinct 3,MTN FOR COUNTY COMMISSIONER,,MTN,NO CANDIDATE FILED,0
Taylor,Precinct 4,MTN FOR COUNTY COMMISSIONER,,MTN,NO CANDIDATE FILED,0
Taylor,Precinct 5,MTN FOR COUNTY COMMISSIONER,,MTN,NO CANDIDATE FILED,0
Taylor,Precinct 6,MTN FOR COUNTY COMMISSIONER,,MTN,NO CANDIDATE FILED,0
Taylor,Precinct 9,MTN FOR COUNTY COMMISSIONER,,MTN,NO CANDIDATE FILED,0
Taylor,Precinct 10,MTN FOR COUNTY COMMISSIONER,,MTN,NO CANDIDATE FILED,0
Taylor,Precinct 11,MTN FOR COUNTY COMMISSIONER,,MTN,NO CANDIDATE FILED,0
Taylor,Precinct 12,MTN FOR COUNTY COMMISSIONER,,MTN,NO CANDIDATE FILED,0
Taylor,Precinct 14,MTN FOR COUNTY COMMISSIONER,,MTN,NO CANDIDATE FILED,0
Taylor,Precinct 17,MTN FOR COUNTY COMMISSIONER,,MTN,NO CANDIDATE FILED,0
Taylor,Precinct 19,MTN FOR COUNTY COMMISSIONER,,MTN,NO CANDIDATE FILED,0
Taylor,Precinct 26,MTN FOR COUNTY COMMISSIONER,,MTN,NO CANDIDATE FILED,0
Taylor,Precinct 29,MTN FOR COUNTY COMMISSIONER,,MTN,NO CANDIDATE FILED,0
Taylor,Precinct 31,MTN FOR COUNTY COMMISSIONER,,MTN,NO CANDIDATE FILED,0
Taylor,Precinct 36,MTN FOR COUNTY COMMISSIONER,,MTN,NO CANDIDATE FILED,0
Taylor,Precinct 1,REP FOR PROSECUTING ATTORNEY,,REP,JOHN L. BORD,240
Taylor,Precinct 2,REP FOR PROSECUTING ATTORNEY,,REP,JOHN L. BORD,236
Taylor,Precinct 3,REP FOR PROSECUTING ATTORNEY,,REP,JOHN L. BORD,142
Taylor,Precinct 4,REP FOR PROSECUTING ATTORNEY,,REP,JOHN L. BORD,94
Taylor,Precinct 5,REP FOR PROSECUTING ATTORNEY,,REP,JOHN L. BORD,154
Taylor,Precinct 6,REP FOR PROSECUTING ATTORNEY,,REP,JOHN L. BORD,83
Taylor,Precinct 9,REP FOR PROSECUTING ATTORNEY,,REP,JOHN L. BORD,96
Taylor,Precinct 10,REP FOR PROSECUTING ATTORNEY,,REP,JOHN L. BORD,210
Taylor,Precinct 11,REP FOR PROSECUTING ATTORNEY,,REP,JOHN L. BORD,69
Taylor,Precinct 12,REP FOR PROSECUTING ATTORNEY,,REP,JOHN L. BORD,158
Taylor,Precinct 14,REP FOR PROSECUTING ATTORNEY,,REP,JOHN L. BORD,86
Taylor,Precinct 17,REP FOR PROSECUTING ATTORNEY,,REP,JOHN L. BORD,136
Taylor,Precinct 19,REP FOR PROSECUTING ATTORNEY,,REP,JOHN L. BORD,116
Taylor,Precinct 26,REP FOR PROSECUTING ATTORNEY,,REP,JOHN L. BORD,155
Taylor,Precinct 29,REP FOR PROSECUTING ATTORNEY,,REP,JOHN L. BORD,89
Taylor,Precinct 31,REP FOR PROSECUTING ATTORNEY,,REP,JOHN L. BORD,140
Taylor,Precinct 36,REP FOR PROSECUTING ATTORNEY,,REP,JOHN L. BORD,193
Taylor,Precinct 1,DEM FOR PROSECUTING ATTORNEY,,DEM,NO CANDIDATE FILED,0
Taylor,Precinct 2,DEM FOR PROSECUTING ATTORNEY,,DEM,NO CANDIDATE FILED,0
Taylor,Precinct 3,DEM FOR PROSECUTING ATTORNEY,,DEM,NO CANDIDATE FILED,0
Taylor,Precinct 4,DEM FOR PROSECUTING ATTORNEY,,DEM,NO CANDIDATE FILED,0
Taylor,Precinct 5,DEM FOR PROSECUTING ATTORNEY,,DEM,NO CANDIDATE FILED,0
Taylor,Precinct 6,DEM FOR PROSECUTING ATTORNEY,,DEM,NO CANDIDATE FILED,0
Taylor,Precinct 9,DEM FOR PROSECUTING ATTORNEY,,DEM,NO CANDIDATE FILED,0
Taylor,Precinct 10,DEM FOR PROSECUTING ATTORNEY,,DEM,NO CANDIDATE FILED,0
Taylor,Precinct 11,DEM FOR PROSECUTING ATTORNEY,,DEM,NO CANDIDATE FILED,0
Taylor,Precinct 12,DEM FOR PROSECUTING ATTORNEY,,DEM,NO CANDIDATE FILED,0
Taylor,Precinct 14,DEM FOR PROSECUTING ATTORNEY,,DEM,NO CANDIDATE FILED,0
Taylor,Precinct 17,DEM FOR PROSECUTING ATTORNEY,,DEM,NO CANDIDATE FILED,0
Taylor,Precinct 19,DEM FOR PROSECUTING ATTORNEY,,DEM,NO CANDIDATE FILED,0
Taylor,Precinct 26,DEM FOR PROSECUTING ATTORNEY,,DEM,NO CANDIDATE FILED,0
Taylor,Precinct 29,DEM FOR PROSECUTING ATTORNEY,,DEM,NO CANDIDATE FILED,0
Taylor,Precinct 31,DEM FOR PROSECUTING ATTORNEY,,DEM,NO CANDIDATE FILED,0
Taylor,Precinct 36,DEM FOR PROSECUTING ATTORNEY,,DEM,NO CANDIDATE FILED,0
Taylor,Precinct 1,MTN FOR PROSECUTING ATTORNEY,,MTN,NO CANDIDATE FILED,0
Taylor,Precinct 2,MTN FOR PROSECUTING ATTORNEY,,MTN,NO CANDIDATE FILED,0
Taylor,Precinct 3,MTN FOR PROSECUTING ATTORNEY,,MTN,NO CANDIDATE FILED,0
Taylor,Precinct 4,MTN FOR PROSECUTING ATTORNEY,,MTN,NO CANDIDATE FILED,0
Taylor,Precinct 5,MTN FOR PROSECUTING ATTORNEY,,MTN,NO CANDIDATE FILED,0
Taylor,Precinct 6,MTN FOR PROSECUTING ATTORNEY,,MTN,NO CANDIDATE FILED,0
Taylor,Precinct 9,MTN FOR PROSECUTING ATTORNEY,,MTN,NO CANDIDATE FILED,0
Taylor,Precinct 10,MTN FOR PROSECUTING ATTORNEY,,MTN,NO CANDIDATE FILED,0
Taylor,Precinct 11,MTN FOR PROSECUTING ATTORNEY,,MTN,NO CANDIDATE FILED,0
Taylor,Precinct 12,MTN FOR PROSECUTING ATTORNEY,,MTN,NO CANDIDATE FILED,0
Taylor,Precinct 14,MTN FOR PROSECUTING ATTORNEY,,MTN,NO CANDIDATE FILED,0
Taylor,Precinct 17,MTN FOR PROSECUTING ATTORNEY,,MTN,NO CANDIDATE FILED,0
Taylor,Precinct 19,MTN FOR PROSECUTING ATTORNEY,,MTN,NO CANDIDATE FILED,0
Taylor,Precinct 26,MTN FOR PROSECUTING ATTORNEY,,MTN,NO CANDIDATE FILED,0
Taylor,Precinct 29,MTN FOR PROSECUTING ATTORNEY,,MTN,NO CANDIDATE FILED,0
Taylor,Precinct 31,MTN FOR PROSECUTING ATTORNEY,,MTN,NO CANDIDATE FILED,0
Taylor,Precinct 36,MTN FOR PROSECUTING ATTORNEY,,MTN,NO CANDIDATE FILED,0
Taylor,Precinct 1,REP FOR SHERIFF,,REP,ROBERT J. KENNEDY,33
Taylor,Precinct 2,REP FOR SHERIFF,,REP,ROBERT J. KENNEDY,46
Taylor,Precinct 3,REP FOR SHERIFF,,REP,ROBERT J. KENNEDY,26
Taylor,Precinct 4,REP FOR SHERIFF,,REP,ROBERT J. KENNEDY,19
Taylor,Precinct 5,REP FOR SHERIFF,,REP,ROBERT J. KENNEDY,8
Taylor,Precinct 6,REP FOR SHERIFF,,REP,ROBERT J. KENNEDY,11
Taylor,Precinct 9,REP FOR SHERIFF,,REP,ROBERT J. KENNEDY,18
Taylor,Precinct 10,REP FOR SHERIFF,,REP,ROBERT J. KENNEDY,27
Taylor,Precinct 11,REP FOR SHERIFF,,REP,ROBERT J. KENNEDY,9
Taylor,Precinct 12,REP FOR SHERIFF,,REP,ROBERT J. KENNEDY,14
Taylor,Precinct 14,REP FOR SHERIFF,,REP,ROBERT J. KENNEDY,11
Taylor,Precinct 17,REP FOR SHERIFF,,REP,ROBERT J. KENNEDY,11
Taylor,Precinct 19,REP FOR SHERIFF,,REP,ROBERT J. KENNEDY,14
Taylor,Precinct 26,REP FOR SHERIFF,,REP,ROBERT J. KENNEDY,14
Taylor,Precinct 29,REP FOR SHERIFF,,REP,ROBERT J. KENNEDY,12
Taylor,Precinct 31,REP FOR SHERIFF,,REP,ROBERT J. KENNEDY,23
Taylor,Precinct 36,REP FOR SHERIFF,,REP,ROBERT J. KENNEDY,20
Taylor,Precinct 1,REP FOR SHERIFF,,REP,RICK JONES,14
Taylor,Precinct 2,REP FOR SHERIFF,,REP,RICK JONES,5
Taylor,Precinct 3,REP FOR SHERIFF,,REP,RICK JONES,6
Taylor,Precinct 4,REP FOR SHERIFF,,REP,RICK JONES,4
Taylor,Precinct 5,REP FOR SHERIFF,,REP,RICK JONES,8
Taylor,Precinct 6,REP FOR SHERIFF,,REP,RICK JONES,3
Taylor,Precinct 9,REP FOR SHERIFF,,REP,RICK JONES,5
Taylor,Precinct 10,REP FOR SHERIFF,,REP,RICK JONES,8
Taylor,Precinct 11,REP FOR SHERIFF,,REP,RICK JONES,1
Taylor,Precinct 12,REP FOR SHERIFF,,REP,RICK JONES,12
Taylor,Precinct 14,REP FOR SHERIFF,,REP,RICK JONES,4
Taylor,Precinct 17,REP FOR SHERIFF,,REP,RICK JONES,4
Taylor,Precinct 19,REP FOR SHERIFF,,REP,RICK JONES,8
Taylor,Precinct 26,REP FOR SHERIFF,,REP,RICK JONES,8
Taylor,Precinct 29,REP FOR SHERIFF,,REP,RICK JONES,1
Taylor,Precinct 31,REP FOR SHERIFF,,REP,RICK JONES,7
Taylor,Precinct 36,REP FOR SHERIFF,,REP,RICK JONES,18
Taylor,Precinct 1,REP FOR SHERIFF,,REP,CLARK D. SINCLAIR,70
Taylor,Precinct 2,REP FOR SHERIFF,,REP,CLARK D. SINCLAIR,51
Taylor,Precinct 3,REP FOR SHERIFF,,REP,CLARK D. SINCLAIR,44
Taylor,Precinct 4,REP FOR SHERIFF,,REP,CLARK D. SINCLAIR,13
Taylor,Precinct 5,REP FOR SHERIFF,,REP,CLARK D. SINCLAIR,64
Taylor,Precinct 6,REP FOR SHERIFF,,REP,CLARK D. SINCLAIR,5
Taylor,Precinct 9,REP FOR SHERIFF,,REP,CLARK D. SINCLAIR,14
Taylor,Precinct 10,REP FOR SHERIFF,,REP,CLARK D. SINCLAIR,45
Taylor,Precinct 11,REP FOR SHERIFF,,REP,CLARK D. SINCLAIR,11
Taylor,Precinct 12,REP FOR SHERIFF,,REP,CLARK D. SINCLAIR,31
Taylor,Precinct 14,REP FOR SHERIFF,,REP,CLARK D. SINCLAIR,17
Taylor,Precinct 17,REP FOR SHERIFF,,REP,CLARK D. SINCLAIR,31
Taylor,Precinct 19,REP FOR SHERIFF,,REP,CLARK D. SINCLAIR,42
Taylor,Precinct 26,REP FOR SHERIFF,,REP,CLARK D. SINCLAIR,24
Taylor,Precinct 29,REP FOR SHERIFF,,REP,CLARK D. SINCLAIR,10
Taylor,Precinct 31,REP FOR SHERIFF,,REP,CLARK D. SINCLAIR,19
Taylor,Precinct 36,REP FOR SHERIFF,,REP,CLARK D. SINCLAIR,17
Taylor,Precinct 1,REP FOR SHERIFF,,REP,RANDY DURRETT,158
Taylor,Precinct 2,REP FOR SHERIFF,,REP,RANDY DURRETT,146
Taylor,Precinct 3,REP FOR SHERIFF,,REP,RANDY DURRETT,77
Taylor,Precinct 4,REP FOR SHERIFF,,REP,RANDY DURRETT,48
Taylor,Precinct 5,REP FOR SHERIFF,,REP,RANDY DURRETT,100
Taylor,Precinct 6,REP FOR SHERIFF,,REP,RANDY DURRETT,65
Taylor,Precinct 9,REP FOR SHERIFF,,REP,RANDY DURRETT,90
Taylor,Precinct 10,REP FOR SHERIFF,,REP,RANDY DURRETT,156
Taylor,Precinct 11,REP FOR SHERIFF,,REP,RANDY DURRETT,55
Taylor,Precinct 12,REP FOR SHERIFF,,REP,RANDY DURRETT,118
Taylor,Precinct 14,REP FOR SHERIFF,,REP,RANDY DURRETT,72
Taylor,Precinct 17,REP FOR SHERIFF,,REP,RANDY DURRETT,98
Taylor,Precinct 19,REP FOR SHERIFF,,REP,RANDY DURRETT,73
Taylor,Precinct 26,REP FOR SHERIFF,,REP,RANDY DURRETT,114
Taylor,Precinct 29,REP FOR SHERIFF,,REP,RANDY DURRETT,79
Taylor,Precinct 31,REP FOR SHERIFF,,REP,RANDY DURRETT,90
Taylor,Precinct 36,REP FOR SHERIFF,,REP,RANDY DURRETT,160
Taylor,Precinct 1,REP FOR SHERIFF,,REP,DAVID POSTON,18
Taylor,Precinct 2,REP FOR SHERIFF,,REP,DAVID POSTON,37
Taylor,Precinct 3,REP FOR SHERIFF,,REP,DAVID POSTON,15
Taylor,Precinct 4,REP FOR SHERIFF,,REP,DAVID POSTON,26
Taylor,Precinct 5,REP FOR SHERIFF,,REP,DAVID POSTON,9
Taylor,Precinct 6,REP FOR SHERIFF,,REP,DAVID POSTON,15
Taylor,Precinct 9,REP FOR SHERIFF,,REP,DAVID POSTON,9
Taylor,Precinct 10,REP FOR SHERIFF,,REP,DAVID POSTON,35
Taylor,Precinct 11,REP FOR SHERIFF,,REP,DAVID POSTON,18
Taylor,Precinct 12,REP FOR SHERIFF,,REP,DAVID POSTON,28
Taylor,Precinct 14,REP FOR SHERIFF,,REP,DAVID POSTON,11
Taylor,Precinct 17,REP FOR SHERIFF,,REP,DAVID POSTON,26
Taylor,Precinct 19,REP FOR SHERIFF,,REP,DAVID POSTON,11
Taylor,Precinct 26,REP FOR SHERIFF,,REP,DAVID POSTON,32
Taylor,Precinct 29,REP FOR SHERIFF,,REP,DAVID POSTON,10
Taylor,Precinct 31,REP FOR SHERIFF,,REP,DAVID POSTON,33
Taylor,Precinct 36,REP FOR SHERIFF,,REP,DAVID POSTON,37
Taylor,Precinct 1,DEM FOR SHERIFF,,DEM,NO CANDIDATE FILED,0
Taylor,Precinct 2,DEM FOR SHERIFF,,DEM,NO CANDIDATE FILED,0
Taylor,Precinct 3,DEM FOR SHERIFF,,DEM,NO CANDIDATE FILED,0
Taylor,Precinct 4,DEM FOR SHERIFF,,DEM,NO CANDIDATE FILED,0
Taylor,Precinct 5,DEM FOR SHERIFF,,DEM,NO CANDIDATE FILED,0
Taylor,Precinct 6,DEM FOR SHERIFF,,DEM,NO CANDIDATE FILED,0
Taylor,Precinct 9,DEM FOR SHERIFF,,DEM,NO CANDIDATE FILED,0
Taylor,Precinct 10,DEM FOR SHERIFF,,DEM,NO CANDIDATE FILED,0
Taylor,Precinct 11,DEM FOR SHERIFF,,DEM,NO CANDIDATE FILED,0
Taylor,Precinct 12,DEM FOR SHERIFF,,DEM,NO CANDIDATE FILED,0
Taylor,Precinct 14,DEM FOR SHERIFF,,DEM,NO CANDIDATE FILED,0
Taylor,Precinct 17,DEM FOR SHERIFF,,DEM,NO CANDIDATE FILED,0
Taylor,Precinct 19,DEM FOR SHERIFF,,DEM,NO CANDIDATE FILED,0
Taylor,Precinct 26,DEM FOR SHERIFF,,DEM,NO CANDIDATE FILED,0
Taylor,Precinct 29,DEM FOR SHERIFF,,DEM,NO CANDIDATE FILED,0
Taylor,Precinct 31,DEM FOR SHERIFF,,DEM,NO CANDIDATE FILED,0
Taylor,Precinct 36,DEM FOR SHERIFF,,DEM,NO CANDIDATE FILED,0
Taylor,Precinct 1,MTN FOR SHERIFF,,MTN,NO CANDIDATE FILED,0
Taylor,Precinct 2,MTN FOR SHERIFF,,MTN,NO CANDIDATE FILED,0
Taylor,Precinct 3,MTN FOR SHERIFF,,MTN,NO CANDIDATE FILED,0
Taylor,Precinct 4,MTN FOR SHERIFF,,MTN,NO CANDIDATE FILED,0
Taylor,Precinct 5,MTN FOR SHERIFF,,MTN,NO CANDIDATE FILED,0
Taylor,Precinct 6,MTN FOR SHERIFF,,MTN,NO CANDIDATE FILED,0
Taylor,Precinct 9,MTN FOR SHERIFF,,MTN,NO CANDIDATE FILED,0
Taylor,Precinct 10,MTN FOR SHERIFF,,MTN,NO CANDIDATE FILED,0
Taylor,Precinct 11,MTN FOR SHERIFF,,MTN,NO CANDIDATE FILED,0
Taylor,Precinct 12,MTN FOR SHERIFF,,MTN,NO CANDIDATE FILED,0
Taylor,Precinct 14,MTN FOR SHERIFF,,MTN,NO CANDIDATE FILED,0
Taylor,Precinct 17,MTN FOR SHERIFF,,MTN,NO CANDIDATE FILED,0
Taylor,Precinct 19,MTN FOR SHERIFF,,MTN,NO CANDIDATE FILED,0
Taylor,Precinct 26,MTN FOR SHERIFF,,MTN,NO CANDIDATE FILED,0
Taylor,Precinct 29,MTN FOR SHERIFF,,MTN,NO CANDIDATE FILED,0
Taylor,Precinct 31,MTN FOR SHERIFF,,MTN,NO CANDIDATE FILED,0
Taylor,Precinct 36,MTN FOR SHERIFF,,MTN,NO CANDIDATE FILED,0
Taylor,Precinct 1,REP FOR ASSESSOR,,REP,CHRISTA R. KINSEY,260
Taylor,Precinct 2,REP FOR ASSESSOR,,REP,CHRISTA R. KINSEY,242
Taylor,Precinct 3,REP FOR ASSESSOR,,REP,CHRISTA R. KINSEY,151
Taylor,Precinct 4,REP FOR ASSESSOR,,REP,CHRISTA R. KINSEY,91
Taylor,Precinct 5,REP FOR ASSESSOR,,REP,CHRISTA R. KINSEY,168
Taylor,Precinct 6,REP FOR ASSESSOR,,REP,CHRISTA R. KINSEY,84
Taylor,Precinct 9,REP FOR ASSESSOR,,REP,CHRISTA R. KINSEY,109
Taylor,Precinct 10,REP FOR ASSESSOR,,REP,CHRISTA R. KINSEY,233
Taylor,Precinct 11,REP FOR ASSESSOR,,REP,CHRISTA R. KINSEY,74
Taylor,Precinct 12,REP FOR ASSESSOR,,REP,CHRISTA R. KINSEY,175
Taylor,Precinct 14,REP FOR ASSESSOR,,REP,CHRISTA R. KINSEY,91
Taylor,Precinct 17,REP FOR ASSESSOR,,REP,CHRISTA R. KINSEY,153
Taylor,Precinct 19,REP FOR ASSESSOR,,REP,CHRISTA R. KINSEY,127
Taylor,Precinct 26,REP FOR ASSESSOR,,REP,CHRISTA R. KINSEY,162
Taylor,Precinct 29,REP FOR ASSESSOR,,REP,CHRISTA R. KINSEY,92
Taylor,Precinct 31,REP FOR ASSESSOR,,REP,CHRISTA R. KINSEY,153
Taylor,Precinct 36,REP FOR ASSESSOR,,REP,CHRISTA R. KINSEY,210
Taylor,Precinct 1,DEM FOR ASSESSOR,,DEM,NO CANDIDATE FILED,0
Taylor,Precinct 2,DEM FOR ASSESSOR,,DEM,NO CANDIDATE FILED,0
Taylor,Precinct 3,DEM FOR ASSESSOR,,DEM,NO CANDIDATE FILED,0
Taylor,Precinct 4,DEM FOR ASSESSOR,,DEM,NO CANDIDATE FILED,0
Taylor,Precinct 5,DEM FOR ASSESSOR,,DEM,NO CANDIDATE FILED,0
Taylor,Precinct 6,DEM FOR ASSESSOR,,DEM,NO CANDIDATE FILED,0
Taylor,Precinct 9,DEM FOR ASSESSOR,,DEM,NO CANDIDATE FILED,0
Taylor,Precinct 10,DEM FOR ASSESSOR,,DEM,NO CANDIDATE FILED,0
Taylor,Precinct 11,DEM FOR ASSESSOR,,DEM,NO CANDIDATE FILED,0
Taylor,Precinct 12,DEM FOR ASSESSOR,,DEM,NO CANDIDATE FILED,0
Taylor,Precinct 14,DEM FOR ASSESSOR,,DEM,NO CANDIDATE FILED,0
Taylor,Precinct 17,DEM FOR ASSESSOR,,DEM,NO CANDIDATE FILED,0
Taylor,Precinct 19,DEM FOR ASSESSOR,,DEM,NO CANDIDATE FILED,0
Taylor,Precinct 26,DEM FOR ASSESSOR,,DEM,NO CANDIDATE FILED,0
Taylor,Precinct 29,DEM FOR ASSESSOR,,DEM,NO CANDIDATE FILED,0
Taylor,Precinct 31,DEM FOR ASSESSOR,,DEM,NO CANDIDATE FILED,0
Taylor,Precinct 36,DEM FOR ASSESSOR,,DEM,NO CANDIDATE FILED,0
Taylor,Precinct 1,MTN FOR ASSESSOR,,MTN,NO CANDIDATE FILED,0
Taylor,Precinct 2,MTN FOR ASSESSOR,,MTN,NO CANDIDATE FILED,0
Taylor,Precinct 3,MTN FOR ASSESSOR,,MTN,NO CANDIDATE FILED,0
Taylor,Precinct 4,MTN FOR ASSESSOR,,MTN,NO CANDIDATE FILED,0
Taylor,Precinct 5,MTN FOR ASSESSOR,,MTN,NO CANDIDATE FILED,0
Taylor,Precinct 6,MTN FOR ASSESSOR,,MTN,NO CANDIDATE FILED,0
Taylor,Precinct 9,MTN FOR ASSESSOR,,MTN,NO CANDIDATE FILED,0
Taylor,Precinct 10,MTN FOR ASSESSOR,,MTN,NO CANDIDATE FILED,0
Taylor,Precinct 11,MTN FOR ASSESSOR,,MTN,NO CANDIDATE FILED,0
Taylor,Precinct 12,MTN FOR ASSESSOR,,MTN,NO CANDIDATE FILED,0
Taylor,Precinct 14,MTN FOR ASSESSOR,,MTN,NO CANDIDATE FILED,0
Taylor,Precinct 17,MTN FOR ASSESSOR,,MTN,NO CANDIDATE FILED,0
Taylor,Precinct 19,MTN FOR ASSESSOR,,MTN,NO CANDIDATE FILED,0
Taylor,Precinct 26,MTN FOR ASSESSOR,,MTN,NO CANDIDATE FILED,0
Taylor,Precinct 29,MTN FOR ASSESSOR,,MTN,NO CANDIDATE FILED,0
Taylor,Precinct 31,MTN FOR ASSESSOR,,MTN,NO CANDIDATE FILED,0
Taylor,Precinct 36,MTN FOR ASSESSOR,,MTN,NO CANDIDATE FILED,0
Taylor,Precinct 1,REP FOR SURVEYOR,,REP,TIMOTHY R. BRAKE,247
Taylor,Precinct 2,REP FOR SURVEYOR,,REP,TIMOTHY R. BRAKE,236
Taylor,Precinct 3,REP FOR SURVEYOR,,REP,TIMOTHY R. BRAKE,145
Taylor,Precinct 4,REP FOR SURVEYOR,,REP,TIMOTHY R. BRAKE,95
Taylor,Precinct 5,REP FOR SURVEYOR,,REP,TIMOTHY R. BRAKE,161
Taylor,Precinct 6,REP FOR SURVEYOR,,REP,TIMOTHY R. BRAKE,78
Taylor,Precinct 9,REP FOR SURVEYOR,,REP,TIMOTHY R. BRAKE,102
Taylor,Precinct 10,REP FOR SURVEYOR,,REP,TIMOTHY R. BRAKE,229
Taylor,Precinct 11,REP FOR SURVEYOR,,REP,TIMOTHY R. BRAKE,72
Taylor,Precinct 12,REP FOR SURVEYOR,,REP,TIMOTHY R. BRAKE,169
Taylor,Precinct 14,REP FOR SURVEYOR,,REP,TIMOTHY R. BRAKE,94
Taylor,Precinct 17,REP FOR SURVEYOR,,REP,TIMOTHY R. BRAKE,156
Taylor,Precinct 19,REP FOR SURVEYOR,,REP,TIMOTHY R. BRAKE,125
Taylor,Precinct 26,REP FOR SURVEYOR,,REP,TIMOTHY R. BRAKE,160
Taylor,Precinct 29,REP FOR SURVEYOR,,REP,TIMOTHY R. BRAKE,92
Taylor,Precinct 31,REP FOR SURVEYOR,,REP,TIMOTHY R. BRAKE,149
Taylor,Precinct 36,REP FOR SURVEYOR,,REP,TIMOTHY R. BRAKE,211
Taylor,Precinct 1,DEM FOR SURVEYOR,,DEM,NO CANDIDATE FILED,0
Taylor,Precinct 2,DEM FOR SURVEYOR,,DEM,NO CANDIDATE FILED,0
Taylor,Precinct 3,DEM FOR SURVEYOR,,DEM,NO CANDIDATE FILED,0
Taylor,Precinct 4,DEM FOR SURVEYOR,,DEM,NO CANDIDATE FILED,0
Taylor,Precinct 5,DEM FOR SURVEYOR,,DEM,NO CANDIDATE FILED,0
Taylor,Precinct 6,DEM FOR SURVEYOR,,DEM,NO CANDIDATE FILED,0
Taylor,Precinct 9,DEM FOR SURVEYOR,,DEM,NO CANDIDATE FILED,0
Taylor,Precinct 10,DEM FOR SURVEYOR,,DEM,NO CANDIDATE FILED,0
Taylor,Precinct 11,DEM FOR SURVEYOR,,DEM,NO CANDIDATE FILED,0
Taylor,Precinct 12,DEM FOR SURVEYOR,,DEM,NO CANDIDATE FILED,0
Taylor,Precinct 14,DEM FOR SURVEYOR,,DEM,NO CANDIDATE FILED,0
Taylor,Precinct 17,DEM FOR SURVEYOR,,DEM,NO CANDIDATE FILED,0
Taylor,Precinct 19,DEM FOR SURVEYOR,,DEM,NO CANDIDATE FILED,0
Taylor,Precinct 26,DEM FOR SURVEYOR,,DEM,NO CANDIDATE FILED,0
Taylor,Precinct 29,DEM FOR SURVEYOR,,DEM,NO CANDIDATE FILED,0
Taylor,Precinct 31,DEM FOR SURVEYOR,,DEM,NO CANDIDATE FILED,0
Taylor,Precinct 36,DEM FOR SURVEYOR,,DEM,NO CANDIDATE FILED,0
Taylor,Precinct 1,MTN FOR SURVEYOR,,MTN,NO CANDIDATE FILED,0
Taylor,Precinct 2,MTN FOR SURVEYOR,,MTN,NO CANDIDATE FILED,0
Taylor,Precinct 3,MTN FOR SURVEYOR,,MTN,NO CANDIDATE FILED,0
Taylor,Precinct 4,MTN FOR SURVEYOR,,MTN,NO CANDIDATE FILED,0
Taylor,Precinct 5,MTN FOR SURVEYOR,,MTN,NO CANDIDATE FILED,0
Taylor,Precinct 6,MTN FOR SURVEYOR,,MTN,NO CANDIDATE FILED,0
Taylor,Precinct 9,MTN FOR SURVEYOR,,MTN,NO CANDIDATE FILED,0
Taylor,Precinct 10,MTN FOR SURVEYOR,,MTN,NO CANDIDATE FILED,0
Taylor,Precinct 11,MTN FOR SURVEYOR,,MTN,NO CANDIDATE FILED,0
Taylor,Precinct 12,MTN FOR SURVEYOR,,MTN,NO CANDIDATE FILED,0
Taylor,Precinct 14,MTN FOR SURVEYOR,,MTN,NO CANDIDATE FILED,0
Taylor,Precinct 17,MTN FOR SURVEYOR,,MTN,NO CANDIDATE FILED,0
Taylor,Precinct 19,MTN FOR SURVEYOR,,MTN,NO CANDIDATE FILED,0
Taylor,Precinct 26,MTN FOR SURVEYOR,,MTN,NO CANDIDATE FILED,0
Taylor,Precinct 29,MTN FOR SURVEYOR,,MTN,NO CANDIDATE FILED,0
Taylor,Precinct 31,MTN FOR SURVEYOR,,MTN,NO CANDIDATE FILED,0
Taylor,Precinct 36,MTN FOR SURVEYOR,,MTN,NO CANDIDATE FILED,0
Taylor,Precinct 1,Supreme Court of Appeals,,,MELISSA D. KNOTTS,182
Taylor,Precinct 2,Supreme Court of Appeals,,,MELISSA D. KNOTTS,160
Taylor,Precinct 3,Supreme Court of Appeals,,,MELISSA D. KNOTTS,109
Taylor,Precinct 4,Supreme Court of Appeals,,,MELISSA D. KNOTTS,60
Taylor,Precinct 5,Supreme Court of Appeals,,,MELISSA D. KNOTTS,130
Taylor,Precinct 6,Supreme Court of Appeals,,,MELISSA D. KNOTTS,49
Taylor,Precinct 9,Supreme Court of Appeals,,,MELISSA D. KNOTTS,59
Taylor,Precinct 10,Supreme Court of Appeals,,,MELISSA D. KNOTTS,155
Taylor,Precinct 11,Supreme Court of Appeals,,,MELISSA D. KNOTTS,43
Taylor,Precinct 12,Supreme Court of Appeals,,,MELISSA D. KNOTTS,88
Taylor,Precinct 14,Supreme Court of Appeals,,,MELISSA D. KNOTTS,62
Taylor,Precinct 17,Supreme Court of Appeals,,,MELISSA D. KNOTTS,98
Taylor,Precinct 19,Supreme Court of Appeals,,,MELISSA D. KNOTTS,103
Taylor,Precinct 26,Supreme Court of Appeals,,,MELISSA D. KNOTTS,81
Taylor,Precinct 29,Supreme Court of Appeals,,,MELISSA D. KNOTTS,50
Taylor,Precinct 31,Supreme Court of Appeals,,,MELISSA D. KNOTTS,75
Taylor,Precinct 36,Supreme Court of Appeals,,,MELISSA D. KNOTTS,100
Taylor,Precinct 1,Supreme Court of Appeals,,,AUSTIN R. UPTON,77
Taylor,Precinct 2,Supreme Court of Appeals,,,AUSTIN R. UPTON,142
Taylor,Precinct 3,Supreme Court of Appeals,,,AUSTIN R. UPTON,66
Taylor,Precinct 4,Supreme Court of Appeals,,,AUSTIN R. UPTON,65
Taylor,Precinct 5,Supreme Court of Appeals,,,AUSTIN R. UPTON,76
Taylor,Precinct 6,Supreme Court of Appeals,,,AUSTIN R. UPTON,28
Taylor,Precinct 9,Supreme Court of Appeals,,,AUSTIN R. UPTON,67
Taylor,Precinct 10,Supreme Court of Appeals,,,AUSTIN R. UPTON,169
Taylor,Precinct 11,Supreme Court of Appeals,,,AUSTIN R. UPTON,44
Taylor,Precinct 12,Supreme Court of Appeals,,,AUSTIN R. UPTON,125
Taylor,Precinct 14,Supreme Court of Appeals,,,AUSTIN R. UPTON,54
Taylor,Precinct 17,Supreme Court of Appeals,,,AUSTIN R. UPTON,29
Taylor,Precinct 19,Supreme Court of Appeals,,,AUSTIN R. UPTON,42
Taylor,Precinct 26,Supreme Court of Appeals,,,AUSTIN R. UPTON,97
Taylor,Precinct 29,Supreme Court of Appeals,,,AUSTIN R. UPTON,64
Taylor,Precinct 31,Supreme Court of Appeals,,,AUSTIN R. UPTON,92
Taylor,Precinct 36,Supreme Court of Appeals,,,AUSTIN R. UPTON,120
Taylor,Precinct 1,Supreme Court of Appeals,,,STEWART K. WHITEHAIR,121
Taylor,Precinct 2,Supreme Court of Appeals,,,STEWART K. WHITEHAIR,134
Taylor,Precinct 3,Supreme Court of Appeals,,,STEWART K. WHITEHAIR,87
Taylor,Precinct 4,Supreme Court of Appeals,,,STEWART K. WHITEHAIR,64
Taylor,Precinct 5,Supreme Court of Appeals,,,STEWART K. WHITEHAIR,73
Taylor,Precinct 6,Supreme Court of Appeals,,,STEWART K. WHITEHAIR,51
Taylor,Precinct 9,Supreme Court of Appeals,,,STEWART K. WHITEHAIR,54
Taylor,Precinct 10,Supreme Court of Appeals,,,STEWART K. WHITEHAIR,134
Taylor,Precinct 11,Supreme Court of Appeals,,,STEWART K. WHITEHAIR,40
Taylor,Precinct 12,Supreme Court of Appeals,,,STEWART K. WHITEHAIR,79
Taylor,Precinct 14,Supreme Court of Appeals,,,STEWART K. WHITEHAIR,53
Taylor,Precinct 17,Supreme Court of Appeals,,,STEWART K. WHITEHAIR,105
Taylor,Precinct 19,Supreme Court of Appeals,,,STEWART K. WHITEHAIR,61
Taylor,Precinct 26,Supreme Court of Appeals,,,STEWART K. WHITEHAIR,75
Taylor,Precinct 29,Supreme Court of Appeals,,,STEWART K. WHITEHAIR,49
Taylor,Precinct 31,Supreme Court of Appeals,,,STEWART K. WHITEHAIR,91
Taylor,Precinct 36,Supreme Court of Appeals,,,STEWART K. WHITEHAIR,98
Taylor,Precinct 1,Supreme Court of Appeals,,,MATTHEW WAGEMAN,98
Taylor,Precinct 2,Supreme Court of Appeals,,,MATTHEW WAGEMAN,84
Taylor,Precinct 3,Supreme Court of Appeals,,,MATTHEW WAGEMAN,58
Taylor,Precinct 4,Supreme Court of Appeals,,,MATTHEW WAGEMAN,33
Taylor,Precinct 5,Supreme Court of Appeals,,,MATTHEW WAGEMAN,56
Taylor,Precinct 6,Supreme Court of Appeals,,,MATTHEW WAGEMAN,24
Taylor,Precinct 9,Supreme Court of Appeals,,,MATTHEW WAGEMAN,31
Taylor,Precinct 10,Supreme Court of Appeals,,,MATTHEW WAGEMAN,63
Taylor,Precinct 11,Supreme Court of Appeals,,,MATTHEW WAGEMAN,10
Taylor,Precinct 12,Supreme Court of Appeals,,,MATTHEW WAGEMAN,44
Taylor,Precinct 14,Supreme Court of Appeals,,,MATTHEW WAGEMAN,23
Taylor,Precinct 17,Supreme Court of Appeals,,,MATTHEW WAGEMAN,98
Taylor,Precinct 19,Supreme Court of Appeals,,,MATTHEW WAGEMAN,75
Taylor,Precinct 26,Supreme Court of Appeals,,,MATTHEW WAGEMAN,37
Taylor,Precinct 29,Supreme Court of Appeals,,,MATTHEW WAGEMAN,23
Taylor,Precinct 31,Supreme Court of Appeals,,,MATTHEW WAGEMAN,40
Taylor,Precinct 36,Supreme Court of Appeals,,,MATTHEW WAGEMAN,67
Taylor,Precinct 1,Supreme Court of Appeals,,,JASON McDANIEL,74
Taylor,Precinct 2,Supreme Court of Appeals,,,JASON McDANIEL,104
Taylor,Precinct 3,Supreme Court of Appeals,,,JASON McDANIEL,47
Taylor,Precinct 4,Supreme Court of Appeals,,,JASON McDANIEL,40
Taylor,Precinct 5,Supreme Court of Appeals,,,JASON McDANIEL,64
Taylor,Precinct 6,Supreme Court of Appeals,,,JASON McDANIEL,42
Taylor,Precinct 9,Supreme Court of Appeals,,,JASON McDANIEL,24
Taylor,Precinct 10,Supreme Court of Appeals,,,JASON McDANIEL,82
Taylor,Precinct 11,Supreme Court of Appeals,,,JASON McDANIEL,34
Taylor,Precinct 12,Supreme Court of Appeals,,,JASON McDANIEL,74
Taylor,Precinct 14,Supreme Court of Appeals,,,JASON McDANIEL,39
Taylor,Precinct 17,Supreme Court of Appeals,,,JASON McDANIEL,80
Taylor,Precinct 19,Supreme Court of Appeals,,,JASON McDANIEL,58
Taylor,Precinct 26,Supreme Court of Appeals,,,JASON McDANIEL,60
Taylor,Precinct 29,Supreme Court of Appeals,,,JASON McDANIEL,30
Taylor,Precinct 31,Supreme Court of Appeals,,,JASON McDANIEL,72
Taylor,Precinct 36,Supreme Court of Appeals,,,JASON McDANIEL,79
Taylor,Precinct 1,Supreme Court of Appeals,,,JOHN R. TAYLOR,152
Taylor,Precinct 2,Supreme Court of Appeals,,,JOHN R. TAYLOR,177
Taylor,Precinct 3,Supreme Court of Appeals,,,JOHN R. TAYLOR,113
Taylor,Precinct 4,Supreme Court of Appeals,,,JOHN R. TAYLOR,90
Taylor,Precinct 5,Supreme Court of Appeals,,,JOHN R. TAYLOR,115
Taylor,Precinct 6,Supreme Court of Appeals,,,JOHN R. TAYLOR,58
Taylor,Precinct 9,Supreme Court of Appeals,,,JOHN R. TAYLOR,78
Taylor,Precinct 10,Supreme Court of Appeals,,,JOHN R. TAYLOR,226
Taylor,Precinct 11,Supreme Court of Appeals,,,JOHN R. TAYLOR,61
Taylor,Precinct 12,Supreme Court of Appeals,,,JOHN R. TAYLOR,127
Taylor,Precinct 14,Supreme Court of Appeals,,,JOHN R. TAYLOR,77
Taylor,Precinct 17,Supreme Court of Appeals,,,JOHN R. TAYLOR,54
Taylor,Precinct 19,Supreme Court of Appeals,,,JOHN R. TAYLOR,68
Taylor,Precinct 26,Supreme Court of Appeals,,,JOHN R. TAYLOR,132
Taylor,Precinct 29,Supreme Court of Appeals,,,JOHN R. TAYLOR,80
Taylor,Precinct 31,Supreme Court of Appeals,,,JOHN R. TAYLOR,115
Taylor,Precinct 36,Supreme Court of Appeals,,,JOHN R. TAYLOR,138
Taylor,Precinct 1,Supreme Court of Appeals,,,DANIEL DOWDY,141
Taylor,Precinct 2,Supreme Court of Appeals,,,DANIEL DOWDY,143
Taylor,Precinct 3,Supreme Court of Appeals,,,DANIEL DOWDY,60
Taylor,Precinct 4,Supreme Court of Appeals,,,DANIEL DOWDY,54
Taylor,Precinct 5,Supreme Court of Appeals,,,DANIEL DOWDY,66
Taylor,Precinct 6,Supreme Court of Appeals,,,DANIEL DOWDY,49
Taylor,Precinct 9,Supreme Court of Appeals,,,DANIEL DOWDY,75
Taylor,Precinct 10,Supreme Court of Appeals,,,DANIEL DOWDY,161
Taylor,Precinct 11,Supreme Court of Appeals,,,DANIEL DOWDY,55
Taylor,Precinct 12,Supreme Court of Appeals,,,DANIEL DOWDY,119
Taylor,Precinct 14,Supreme Court of Appeals,,,DANIEL DOWDY,64
Taylor,Precinct 17,Supreme Court of Appeals,,,DANIEL DOWDY,76
Taylor,Precinct 19,Supreme Court of Appeals,,,DANIEL DOWDY,75
Taylor,Precinct 26,Supreme Court of Appeals,,,DANIEL DOWDY,95
Taylor,Precinct 29,Supreme Court of Appeals,,,DANIEL DOWDY,49
Taylor,Precinct 31,Supreme Court of Appeals,,,DANIEL DOWDY,77
Taylor,Precinct 36,Supreme Court of Appeals,,,DANIEL DOWDY,147
Taylor,Precinct 1,FOR CONSERVATION DISTRICT SUPERVISOR,,,LOGAN T. HOSAFLOOK,96
Taylor,Precinct 2,FOR CONSERVATION DISTRICT SUPERVISOR,,,LOGAN T. HOSAFLOOK,104
Taylor,Precinct 3,FOR CONSERVATION DISTRICT SUPERVISOR,,,LOGAN T. HOSAFLOOK,59
Taylor,Precinct 4,FOR CONSERVATION DISTRICT SUPERVISOR,,,LOGAN T. HOSAFLOOK,35
Taylor,Precinct 5,FOR CONSERVATION DISTRICT SUPERVISOR,,,LOGAN T. HOSAFLOOK,69
Taylor,Precinct 6,FOR CONSERVATION DISTRICT SUPERVISOR,,,LOGAN T. HOSAFLOOK,33
Taylor,Precinct 9,FOR CONSERVATION DISTRICT SUPERVISOR,,,LOGAN T. HOSAFLOOK,42
Taylor,Precinct 10,FOR CONSERVATION DISTRICT SUPERVISOR,,,LOGAN T. HOSAFLOOK,81
Taylor,Precinct 11,FOR CONSERVATION DISTRICT SUPERVISOR,,,LOGAN T. HOSAFLOOK,22
Taylor,Precinct 12,FOR CONSERVATION DISTRICT SUPERVISOR,,,LOGAN T. HOSAFLOOK,63
Taylor,Precinct 14,FOR CONSERVATION DISTRICT SUPERVISOR,,,LOGAN T. HOSAFLOOK,32
Taylor,Precinct 17,FOR CONSERVATION DISTRICT SUPERVISOR,,,LOGAN T. HOSAFLOOK,47
Taylor,Precinct 19,FOR CONSERVATION DISTRICT SUPERVISOR,,,LOGAN T. HOSAFLOOK,43
Taylor,Precinct 26,FOR CONSERVATION DISTRICT SUPERVISOR,,,LOGAN T. HOSAFLOOK,43
Taylor,Precinct 29,FOR CONSERVATION DISTRICT SUPERVISOR,,,LOGAN T. HOSAFLOOK,33
Taylor,Precinct 31,FOR CONSERVATION DISTRICT SUPERVISOR,,,LOGAN T. HOSAFLOOK,40
Taylor,Precinct 36,FOR CONSERVATION DISTRICT SUPERVISOR,,,LOGAN T. HOSAFLOOK,61
Taylor,Precinct 1,FOR CONSERVATION DISTRICT SUPERVISOR,,,CHAD N. PROUDFOOT,219
Taylor,Precinct 2,FOR CONSERVATION DISTRICT SUPERVISOR,,,CHAD N. PROUDFOOT,237
Taylor,Precinct 3,FOR CONSERVATION DISTRICT SUPERVISOR,,,CHAD N. PROUDFOOT,145
Taylor,Precinct 4,FOR CONSERVATION DISTRICT SUPERVISOR,,,CHAD N. PROUDFOOT,121
Taylor,Precinct 5,FOR CONSERVATION DISTRICT SUPERVISOR,,,CHAD N. PROUDFOOT,141
Taylor,Precinct 6,FOR CONSERVATION DISTRICT SUPERVISOR,,,CHAD N. PROUDFOOT,86
Taylor,Precinct 9,FOR CONSERVATION DISTRICT SUPERVISOR,,,CHAD N. PROUDFOOT,95
Taylor,Precinct 10,FOR CONSERVATION DISTRICT SUPERVISOR,,,CHAD N. PROUDFOOT,274
Taylor,Precinct 11,FOR CONSERVATION DISTRICT SUPERVISOR,,,CHAD N. PROUDFOOT,84
Taylor,Precinct 12,FOR CONSERVATION DISTRICT SUPERVISOR,,,CHAD N. PROUDFOOT,191
Taylor,Precinct 14,FOR CONSERVATION DISTRICT SUPERVISOR,,,CHAD N. PROUDFOOT,110
Taylor,Precinct 17,FOR CONSERVATION DISTRICT SUPERVISOR,,,CHAD N. PROUDFOOT,153
Taylor,Precinct 19,FOR CONSERVATION DISTRICT SUPERVISOR,,,CHAD N. PROUDFOOT,124
Taylor,Precinct 26,FOR CONSERVATION DISTRICT SUPERVISOR,,,CHAD N. PROUDFOOT,195
Taylor,Precinct 29,FOR CONSERVATION DISTRICT SUPERVISOR,,,CHAD N. PROUDFOOT,100
Taylor,Precinct 31,FOR CONSERVATION DISTRICT SUPERVISOR,,,CHAD N. PROUDFOOT,177
Taylor,Precinct 36,FOR CONSERVATION DISTRICT SUPERVISOR,,,CHAD N. PROUDFOOT,225
Taylor,Precinct 12,FIRST WARD GRAFTON,,,PHIL McDANIEL,224
Taylor,Precinct 14,FIRST WARD GRAFTON,,,PHIL McDANIEL,129
Taylor,Precinct 26,FIRST WARD GRAFTON,,,PHIL McDANIEL,212
Taylor,Precinct 29,FIRST WARD GRAFTON,,,PHIL McDANIEL,125
Taylor,Precinct 31,FIRST WARD GRAFTON,,,PHIL McDANIEL,199
Taylor,Precinct 12,AT LARGE GRAFTON,,,JIM MORGAN,96
Taylor,Precinct 14,AT LARGE GRAFTON,,,JIM MORGAN,54
Taylor,Precinct 26,AT LARGE GRAFTON,,,JIM MORGAN,63
Taylor,Precinct 29,AT LARGE GRAFTON,,,JIM MORGAN,43
Taylor,Precinct 31,AT LARGE GRAFTON,,,JIM MORGAN,73
Taylor,Precinct 12,AT LARGE GRAFTON,,,BECKY BARTLETT,153
Taylor,Precinct 14,AT LARGE GRAFTON,,,BECKY BARTLETT,91
Taylor,Precinct 26,AT LARGE GRAFTON,,,BECKY BARTLETT,166
Taylor,Precinct 29,AT LARGE GRAFTON,,,BECKY BARTLETT,90
Taylor,Precinct 31,AT LARGE GRAFTON,,,BECKY BARTLETT,139
Taylor,Precinct 1,BOE Excess Levy,,,For the Levy,289
Taylor,Precinct 2,BOE Excess Levy,,,For the Levy,262
Taylor,Precinct 3,BOE Excess Levy,,,For the Levy,172
Taylor,Precinct 4,BOE Excess Levy,,,For the Levy,94
Taylor,Precinct 5,BOE Excess Levy,,,For the Levy,164
Taylor,Precinct 6,BOE Excess Levy,,,For the Levy,85
Taylor,Precinct 9,BOE Excess Levy,,,For the Levy,103
Taylor,Precinct 10,BOE Excess Levy,,,For the Levy,251
Taylor,Precinct 11,BOE Excess Levy,,,For the Levy,84
Taylor,Precinct 12,BOE Excess Levy,,,For the Levy,188
Taylor,Precinct 14,BOE Excess Levy,,,For the Levy,104
Taylor,Precinct 17,BOE Excess Levy,,,For the Levy,125
Taylor,Precinct 19,BOE Excess Levy,,,For the Levy,138
Taylor,Precinct 26,BOE Excess Levy,,,For the Levy,171
Taylor,Precinct 29,BOE Excess Levy,,,For the Levy,94
Taylor,Precinct 31,BOE Excess Levy,,,For the Levy,170
Taylor,Precinct 36,BOE Excess Levy,,,For the Levy,209
Taylor,Precinct 1,BOE Excess Levy,,,Against the Levy,93
Taylor,Precinct 2,BOE Excess Levy,,,Against the Levy,148
Taylor,Precinct 3,BOE Excess Levy,,,Against the Levy,65
Taylor,Precinct 4,BOE Excess Levy,,,Against the Levy,72
Taylor,Precinct 5,BOE Excess Levy,,,Against the Levy,86
Taylor,Precinct 6,BOE Excess Levy,,,Against the Levy,57
Taylor,Precinct 9,BOE Excess Levy,,,Against the Levy,68
Taylor,Precinct 10,BOE Excess Levy,,,Against the Levy,159
Taylor,Precinct 11,BOE Excess Levy,,,Against the Levy,47
Taylor,Precinct 12,BOE Excess Levy,,,Against the Levy,89
Taylor,Precinct 14,BOE Excess Levy,,,Against the Levy,58
Taylor,Precinct 17,BOE Excess Levy,,,Against the Levy,102
Taylor,Precinct 19,BOE Excess Levy,,,Against the Levy,66
Taylor,Precinct 26,BOE Excess Levy,,,Against the Levy,85
Taylor,Precinct 29,BOE Excess Levy,,,Against the Levy,55
Taylor,Precinct 31,BOE Excess Levy,,,Against the Levy,64
Taylor,Precinct 36,BOE Excess Levy,,,Against the Levy,110
Taylor,Precinct 1,EMS Levy,,,"Yes, for renewal levy to maintain oper",330
Taylor,Precinct 2,EMS Levy,,,"Yes, for renewal levy to maintain oper",319
Taylor,Precinct 3,EMS Levy,,,"Yes, for renewal levy to maintain oper",209
Taylor,Precinct 4,EMS Levy,,,"Yes, for renewal levy to maintain oper",128
Taylor,Precinct 5,EMS Levy,,,"Yes, for renewal levy to maintain oper",201
Taylor,Precinct 6,EMS Levy,,,"Yes, for renewal levy to maintain oper",105
Taylor,Precinct 9,EMS Levy,,,"Yes, for renewal levy to maintain oper",134
Taylor,Precinct 10,EMS Levy,,,"Yes, for renewal levy to maintain oper",311
Taylor,Precinct 11,EMS Levy,,,"Yes, for renewal levy to maintain oper",94
Taylor,Precinct 12,EMS Levy,,,"Yes, for renewal levy to maintain oper",234
Taylor,Precinct 14,EMS Levy,,,"Yes, for renewal levy to maintain oper",128
Taylor,Precinct 17,EMS Levy,,,"Yes, for renewal levy to maintain oper",188
Taylor,Precinct 19,EMS Levy,,,"Yes, for renewal levy to maintain oper",182
Taylor,Precinct 26,EMS Levy,,,"Yes, for renewal levy to maintain oper",200
Taylor,Precinct 29,EMS Levy,,,"Yes, for renewal levy to maintain oper",121
Taylor,Precinct 31,EMS Levy,,,"Yes, for renewal levy to maintain oper",209
Taylor,Precinct 36,EMS Levy,,,"Yes, for renewal levy to maintain oper",261
Taylor,Precinct 1,EMS Levy,,,"No, against renewal levy to maintain o",47
Taylor,Precinct 2,EMS Levy,,,"No, against renewal levy to maintain o",83
Taylor,Precinct 3,EMS Levy,,,"No, against renewal levy to maintain o",25
Taylor,Precinct 4,EMS Levy,,,"No, against renewal levy to maintain o",38
Taylor,Precinct 5,EMS Levy,,,"No, against renewal levy to maintain o",39
Taylor,Precinct 6,EMS Levy,,,"No, against renewal levy to maintain o",36
Taylor,Precinct 9,EMS Levy,,,"No, against renewal levy to maintain o",33
Taylor,Precinct 10,EMS Levy,,,"No, against renewal levy to maintain o",92
Taylor,Precinct 11,EMS Levy,,,"No, against renewal levy to maintain o",35
Taylor,Precinct 12,EMS Levy,,,"No, against renewal levy to maintain o",36
Taylor,Precinct 14,EMS Levy,,,"No, against renewal levy to maintain o",24
Taylor,Precinct 17,EMS Levy,,,"No, against renewal levy to maintain o",36
Taylor,Precinct 19,EMS Levy,,,"No, against renewal levy to maintain o",20
Taylor,Precinct 26,EMS Levy,,,"No, against renewal levy to maintain o",49
Taylor,Precinct 29,EMS Levy,,,"No, against renewal levy to maintain o",26
Taylor,Precinct 31,EMS Levy,,,"No, against renewal levy to maintain o",27
Taylor,Precinct 36,EMS Levy,,,"No, against renewal levy to maintain o",58
Taylor,Precinct 1,County Health Dept Levy,,,"Yes, for renewal levy to maintain oper",305
Taylor,Precinct 2,County Health Dept Levy,,,"Yes, for renewal levy to maintain oper",303
Taylor,Precinct 3,County Health Dept Levy,,,"Yes, for renewal levy to maintain oper",193
Taylor,Precinct 4,County Health Dept Levy,,,"Yes, for renewal levy to maintain oper",119
Taylor,Precinct 5,County Health Dept Levy,,,"Yes, for renewal levy to maintain oper",179
Taylor,Precinct 6,County Health Dept Levy,,,"Yes, for renewal levy to maintain oper",97
Taylor,Precinct 9,County Health Dept Levy,,,"Yes, for renewal levy to maintain oper",125
Taylor,Precinct 10,County Health Dept Levy,,,"Yes, for renewal levy to maintain oper",298
Taylor,Precinct 11,County Health Dept Levy,,,"Yes, for renewal levy to maintain oper",95
Taylor,Precinct 12,County Health Dept Levy,,,"Yes, for renewal levy to maintain oper",213
Taylor,Precinct 14,County Health Dept Levy,,,"Yes, for renewal levy to maintain oper",122
Taylor,Precinct 17,County Health Dept Levy,,,"Yes, for renewal levy to maintain oper",172
Taylor,Precinct 19,County Health Dept Levy,,,"Yes, for renewal levy to maintain oper",152
Taylor,Precinct 26,County Health Dept Levy,,,"Yes, for renewal levy to maintain oper",195
Taylor,Precinct 29,County Health Dept Levy,,,"Yes, for renewal levy to maintain oper",106
Taylor,Precinct 31,County Health Dept Levy,,,"Yes, for renewal levy to maintain oper",201
Taylor,Precinct 36,County Health Dept Levy,,,"Yes, for renewal levy to maintain oper",244
Taylor,Precinct 1,County Health Dept Levy,,,"No, against renewal levy to maintain o",72
Taylor,Precinct 2,County Health Dept Levy,,,"No, against renewal levy to maintain o",100
Taylor,Precinct 3,County Health Dept Levy,,,"No, against renewal levy to maintain o",42
Taylor,Precinct 4,County Health Dept Levy,,,"No, against renewal levy to maintain o",46
Taylor,Precinct 5,County Health Dept Levy,,,"No, against renewal levy to maintain o",58
Taylor,Precinct 6,County Health Dept Levy,,,"No, against renewal levy to maintain o",41
Taylor,Precinct 9,County Health Dept Levy,,,"No, against renewal levy to maintain o",44
Taylor,Precinct 10,County Health Dept Levy,,,"No, against renewal levy to maintain o",108
Taylor,Precinct 11,County Health Dept Levy,,,"No, against renewal levy to maintain o",34
Taylor,Precinct 12,County Health Dept Levy,,,"No, against renewal levy to maintain o",61
Taylor,Precinct 14,County Health Dept Levy,,,"No, against renewal levy to maintain o",32
Taylor,Precinct 17,County Health Dept Levy,,,"No, against renewal levy to maintain o",54
Taylor,Precinct 19,County Health Dept Levy,,,"No, against renewal levy to maintain o",46
Taylor,Precinct 26,County Health Dept Levy,,,"No, against renewal levy to maintain o",58
Taylor,Precinct 29,County Health Dept Levy,,,"No, against renewal levy to maintain o",40
Taylor,Precinct 31,County Health Dept Levy,,,"No, against renewal levy to maintain o",31
Taylor,Precinct 36,County Health Dept Levy,,,"No, against renewal levy to maintain o",72
Taylor,Precinct 1,Public Library Levy,,,"Yes, for Renewal Levy to maintain oper",302
Taylor,Precinct 2,Public Library Levy,,,"Yes, for Renewal Levy to maintain oper",309
Taylor,Precinct 3,Public Library Levy,,,"Yes, for Renewal Levy to maintain oper",192
Taylor,Precinct 4,Public Library Levy,,,"Yes, for Renewal Levy to maintain oper",114
Taylor,Precinct 5,Public Library Levy,,,"Yes, for Renewal Levy to maintain oper",182
Taylor,Precinct 6,Public Library Levy,,,"Yes, for Renewal Levy to maintain oper",107
Taylor,Precinct 9,Public Library Levy,,,"Yes, for Renewal Levy to maintain oper",130
Taylor,Precinct 10,Public Library Levy,,,"Yes, for Renewal Levy to maintain oper",307
Taylor,Precinct 11,Public Library Levy,,,"Yes, for Renewal Levy to maintain oper",91
Taylor,Precinct 12,Public Library Levy,,,"Yes, for Renewal Levy to maintain oper",225
Taylor,Precinct 14,Public Library Levy,,,"Yes, for Renewal Levy to maintain oper",132
Taylor,Precinct 17,Public Library Levy,,,"Yes, for Renewal Levy to maintain oper",149
Taylor,Precinct 19,Public Library Levy,,,"Yes, for Renewal Levy to maintain oper",146
Taylor,Precinct 26,Public Library Levy,,,"Yes, for Renewal Levy to maintain oper",203
Taylor,Precinct 29,Public Library Levy,,,"Yes, for Renewal Levy to maintain oper",117
Taylor,Precinct 31,Public Library Levy,,,"Yes, for Renewal Levy to maintain oper",217
Taylor,Precinct 36,Public Library Levy,,,"Yes, for Renewal Levy to maintain oper",241
Taylor,Precinct 1,Public Library Levy,,,"No, against Renewal Levy to maintain o",78
Taylor,Precinct 2,Public Library Levy,,,"No, against Renewal Levy to maintain o",96
Taylor,Precinct 3,Public Library Levy,,,"No, against Renewal Levy to maintain o",42
Taylor,Precinct 4,Public Library Levy,,,"No, against Renewal Levy to maintain o",55
Taylor,Precinct 5,Public Library Levy,,,"No, against Renewal Levy to maintain o",61
Taylor,Precinct 6,Public Library Levy,,,"No, against Renewal Levy to maintain o",36
Taylor,Precinct 9,Public Library Levy,,,"No, against Renewal Levy to maintain o",39
Taylor,Precinct 10,Public Library Levy,,,"No, against Renewal Levy to maintain o",105
Taylor,Precinct 11,Public Library Levy,,,"No, against Renewal Levy to maintain o",40
Taylor,Precinct 12,Public Library Levy,,,"No, against Renewal Levy to maintain o",53
Taylor,Precinct 14,Public Library Levy,,,"No, against Renewal Levy to maintain o",28
Taylor,Precinct 17,Public Library Levy,,,"No, against Renewal Levy to maintain o",76
Taylor,Precinct 19,Public Library Levy,,,"No, against Renewal Levy to maintain o",51
Taylor,Precinct 26,Public Library Levy,,,"No, against Renewal Levy to maintain o",51
Taylor,Precinct 29,Public Library Levy,,,"No, against Renewal Levy to maintain o",31
Taylor,Precinct 31,Public Library Levy,,,"No, against Renewal Levy to maintain o",17
Taylor,Precinct 36,Public Library Levy,,,"No, against Renewal Levy to maintain o",81
Taylor,Precinct 1,Senior Citizen Levy,,,"Yes, for Renewal Levy to maintain oper",334
Taylor,Precinct 2,Senior Citizen Levy,,,"Yes, for Renewal Levy to maintain oper",347
Taylor,Precinct 3,Senior Citizen Levy,,,"Yes, for Renewal Levy to maintain oper",214
Taylor,Precinct 4,Senior Citizen Levy,,,"Yes, for Renewal Levy to maintain oper",129
Taylor,Precinct 5,Senior Citizen Levy,,,"Yes, for Renewal Levy to maintain oper",202
Taylor,Precinct 6,Senior Citizen Levy,,,"Yes, for Renewal Levy to maintain oper",116
Taylor,Precinct 9,Senior Citizen Levy,,,"Yes, for Renewal Levy to maintain oper",138
Taylor,Precinct 10,Senior Citizen Levy,,,"Yes, for Renewal Levy to maintain oper",348
Taylor,Precinct 11,Senior Citizen Levy,,,"Yes, for Renewal Levy to maintain oper",105
Taylor,Precinct 12,Senior Citizen Levy,,,"Yes, for Renewal Levy to maintain oper",249
Taylor,Precinct 14,Senior Citizen Levy,,,"Yes, for Renewal Levy to maintain oper",148
Taylor,Precinct 17,Senior Citizen Levy,,,"Yes, for Renewal Levy to maintain oper",190
Taylor,Precinct 19,Senior Citizen Levy,,,"Yes, for Renewal Levy to maintain oper",172
Taylor,Precinct 26,Senior Citizen Levy,,,"Yes, for Renewal Levy to maintain oper",218
Taylor,Precinct 29,Senior Citizen Levy,,,"Yes, for Renewal Levy to maintain oper",125
Taylor,Precinct 31,Senior Citizen Levy,,,"Yes, for Renewal Levy to maintain oper",218
Taylor,Precinct 36,Senior Citizen Levy,,,"Yes, for Renewal Levy to maintain oper",277
Taylor,Precinct 1,Senior Citizen Levy,,,"No, against Levy Renewal to maintain o",50
Taylor,Precinct 2,Senior Citizen Levy,,,"No, against Levy Renewal to maintain o",65
Taylor,Precinct 3,Senior Citizen Levy,,,"No, against Levy Renewal to maintain o",25
Taylor,Precinct 4,Senior Citizen Levy,,,"No, against Levy Renewal to maintain o",39
Taylor,Precinct 5,Senior Citizen Levy,,,"No, against Levy Renewal to maintain o",44
Taylor,Precinct 6,Senior Citizen Levy,,,"No, against Levy Renewal to maintain o",26
Taylor,Precinct 9,Senior Citizen Levy,,,"No, against Levy Renewal to maintain o",28
Taylor,Precinct 10,Senior Citizen Levy,,,"No, against Levy Renewal to maintain o",64
Taylor,Precinct 11,Senior Citizen Levy,,,"No, against Levy Renewal to maintain o",25
Taylor,Precinct 12,Senior Citizen Levy,,,"No, against Levy Renewal to maintain o",29
Taylor,Precinct 14,Senior Citizen Levy,,,"No, against Levy Renewal to maintain o",16
Taylor,Precinct 17,Senior Citizen Levy,,,"No, against Levy Renewal to maintain o",37
Taylor,Precinct 19,Senior Citizen Levy,,,"No, against Levy Renewal to maintain o",26
Taylor,Precinct 26,Senior Citizen Levy,,,"No, against Levy Renewal to maintain o",38
Taylor,Precinct 29,Senior Citizen Levy,,,"No, against Levy Renewal to maintain o",25
Taylor,Precinct 31,Senior Citizen Levy,,,"No, against Levy Renewal to maintain o",17
Taylor,Precinct 36,Senior Citizen Levy,,,"No, against Levy Renewal to maintain o",49
