county,precinct,office,district,party,candidate,votes
Wood,PRECINCT 8,BALLOTS CAST,,REP,BALLOTS CAST - REPUBLICAN,81
Wood,PRECINCT 10,BALLOTS CAST,,REP,BALLOTS CAST - REPUBLICAN,71
Wood,PRECINCT 13,BALLOTS CAST,,REP,BALLOTS CAST - REPUBLICAN,48
Wood,PRECINCT 16,BALLOTS CAST,,REP,BALLOTS CAST - REPUBLICAN,60
Wood,PRECINCT 19,BALLOTS CAST,,REP,BALLOTS CAST - REPUBLICAN,235
Wood,PRECINCT 27,BALLOTS CAST,,REP,BALLOTS CAST - REPUBLICAN,65
Wood,PRECINCT 29,BALLOTS CAST,,REP,BALLOTS CAST - REPUBLICAN,169
Wood,PRECINCT 32,BALLOTS CAST,,REP,BALLOTS CAST - REPUBLICAN,134
Wood,PRECINCT 33,BALLOTS CAST,,REP,BALLOTS CAST - REPUBLICAN,27
Wood,PRECINCT 34A,BALLOTS CAST,,REP,BALLOTS CAST - REPUBLICAN,233
Wood,PRECINCT 35,BALLOTS CAST,,REP,BALLOTS CAST - REPUBLICAN,172
Wood,PRECINCT 36,BALLOTS CAST,,REP,BALLOTS CAST - REPUBLICAN,101
Wood,PRECINCT 36B,BALLOTS CAST,,REP,BALLOTS CAST - REPUBLICAN,192
Wood,PRECINCT 37,BALLOTS CAST,,REP,BALLOTS CAST - REPUBLICAN,250
Wood,PRECINCT 37A,BALLOTS CAST,,REP,BALLOTS CAST - REPUBLICAN,210
Wood,PRECINCT 38,BALLOTS CAST,,REP,BALLOTS CAST - REPUBLICAN,38
Wood,PRECINCT 39,BALLOTS CAST,,REP,BALLOTS CAST - REPUBLICAN,81
Wood,PRECINCT 40,BALLOTS CAST,,REP,BALLOTS CAST - REPUBLICAN,72
Wood,PRECINCT 40A,BALLOTS CAST,,REP,BALLOTS CAST - REPUBLICAN,121
Wood,PRECINCT 41,BALLOTS CAST,,REP,BALLOTS CAST - REPUBLICAN,162
Wood,PRECINCT 42A,BALLOTS CAST,,REP,BALLOTS CAST - REPUBLICAN,230
Wood,PRECINCT 43A,BALLOTS CAST,,REP,BALLOTS CAST - REPUBLICAN,239
Wood,PRECINCT 45,BALLOTS CAST,,REP,BALLOTS CAST - REPUBLICAN,166
Wood,PRECINCT 45A,BALLOTS CAST,,REP,BALLOTS CAST - REPUBLICAN,233
Wood,PRECINCT 46,BALLOTS CAST,,REP,BALLOTS CAST - REPUBLICAN,342
Wood,PRECINCT 46B,BALLOTS CAST,,REP,BALLOTS CAST - REPUBLICAN,331
Wood,PRECINCT 47,BALLOTS CAST,,REP,BALLOTS CAST - REPUBLICAN,91
Wood,PRECINCT 48,BALLOTS CAST,,REP,BALLOTS CAST - REPUBLICAN,307
Wood,PRECINCT 49,BALLOTS CAST,,REP,BALLOTS CAST - REPUBLICAN,141
Wood,PRECINCT 49A,BALLOTS CAST,,REP,BALLOTS CAST - REPUBLICAN,149
Wood,PRECINCT 50,BALLOTS CAST,,REP,BALLOTS CAST - REPUBLICAN,95
Wood,PRECINCT 51,BALLOTS CAST,,REP,BALLOTS CAST - REPUBLICAN,260
Wood,PRECINCT 52,BALLOTS CAST,,REP,BALLOTS CAST - REPUBLICAN,292
Wood,PRECINCT 53,BALLOTS CAST,,REP,BALLOTS CAST - REPUBLICAN,174
Wood,PRECINCT 53A,BALLOTS CAST,,REP,BALLOTS CAST - REPUBLICAN,152
Wood,PRECINCT 54,BALLOTS CAST,,REP,BALLOTS CAST - REPUBLICAN,125
Wood,PRECINCT 54A,BALLOTS CAST,,REP,BALLOTS CAST - REPUBLICAN,154
Wood,PRECINCT 56,BALLOTS CAST,,REP,BALLOTS CAST - REPUBLICAN,100
Wood,PRECINCT 56A,BALLOTS CAST,,REP,BALLOTS CAST - REPUBLICAN,184
Wood,PRECINCT 57,BALLOTS CAST,,REP,BALLOTS CAST - REPUBLICAN,148
Wood,PRECINCT 57A,BALLOTS CAST,,REP,BALLOTS CAST - REPUBLICAN,145
Wood,PRECINCT 58,BALLOTS CAST,,REP,BALLOTS CAST - REPUBLICAN,260
Wood,PRECINCT 60,BALLOTS CAST,,REP,BALLOTS CAST - REPUBLICAN,99
Wood,PRECINCT 61,BALLOTS CAST,,REP,BALLOTS CAST - REPUBLICAN,139
Wood,PRECINCT 62,BALLOTS CAST,,REP,BALLOTS CAST - REPUBLICAN,241
Wood,PRECINCT 63,BALLOTS CAST,,REP,BALLOTS CAST - REPUBLICAN,88
Wood,PRECINCT 63A,BALLOTS CAST,,REP,BALLOTS CAST - REPUBLICAN,167
Wood,PRECINCT 63B,BALLOTS CAST,,REP,BALLOTS CAST - REPUBLICAN,138
Wood,PRECINCT 64,BALLOTS CAST,,REP,BALLOTS CAST - REPUBLICAN,209
Wood,PRECINCT 67,BALLOTS CAST,,REP,BALLOTS CAST - REPUBLICAN,311
Wood,PRECINCT 67A,BALLOTS CAST,,REP,BALLOTS CAST - REPUBLICAN,321
Wood,PRECINCT 69,BALLOTS CAST,,REP,BALLOTS CAST - REPUBLICAN,149
Wood,PRECINCT 71,BALLOTS CAST,,REP,BALLOTS CAST - REPUBLICAN,49
Wood,PRECINCT 74,BALLOTS CAST,,REP,BALLOTS CAST - REPUBLICAN,164
Wood,PRECINCT 74B,BALLOTS CAST,,REP,BALLOTS CAST - REPUBLICAN,212
Wood,PRECINCT 74C,BALLOTS CAST,,REP,BALLOTS CAST - REPUBLICAN,178
Wood,PRECINCT 74U,BALLOTS CAST,,REP,BALLOTS CAST - REPUBLICAN,34
Wood,PRECINCT 75,BALLOTS CAST,,REP,BALLOTS CAST - REPUBLICAN,109
Wood,PRECINCT 77,BALLOTS CAST,,REP,BALLOTS CAST - REPUBLICAN,172
Wood,PRECINCT 78,BALLOTS CAST,,REP,BALLOTS CAST - REPUBLICAN,108
Wood,PRECINCT 78A,BALLOTS CAST,,REP,BALLOTS CAST - REPUBLICAN,265
Wood,PRECINCT 79,BALLOTS CAST,,REP,BALLOTS CAST - REPUBLICAN,195
Wood,PRECINCT 81,BALLOTS CAST,,REP,BALLOTS CAST - REPUBLICAN,132
Wood,PRECINCT 82,BALLOTS CAST,,REP,BALLOTS CAST - REPUBLICAN,239
Wood,PRECINCT 85,BALLOTS CAST,,REP,BALLOTS CAST - REPUBLICAN,170
Wood,PRECINCT 86,BALLOTS CAST,,REP,BALLOTS CAST - REPUBLICAN,207
Wood,PRECINCT 87,BALLOTS CAST,,REP,BALLOTS CAST - REPUBLICAN,170
Wood,PRECINCT 88,BALLOTS CAST,,REP,BALLOTS CAST - REPUBLICAN,193
Wood,PRECINCT 89,BALLOTS CAST,,REP,BALLOTS CAST - REPUBLICAN,242
Wood,PRECINCT 8,BALLOTS CAST,,DEM,BALLOTS CAST - DEMOCRATIC,49
Wood,PRECINCT 10,BALLOTS CAST,,DEM,BALLOTS CAST - DEMOCRATIC,54
Wood,PRECINCT 13,BALLOTS CAST,,DEM,BALLOTS CAST - DEMOCRATIC,41
Wood,PRECINCT 16,BALLOTS CAST,,DEM,BALLOTS CAST - DEMOCRATIC,45
Wood,PRECINCT 19,BALLOTS CAST,,DEM,BALLOTS CAST - DEMOCRATIC,102
Wood,PRECINCT 27,BALLOTS CAST,,DEM,BALLOTS CAST - DEMOCRATIC,25
Wood,PRECINCT 29,BALLOTS CAST,,DEM,BALLOTS CAST - DEMOCRATIC,94
Wood,PRECINCT 32,BALLOTS CAST,,DEM,BALLOTS CAST - DEMOCRATIC,90
Wood,PRECINCT 33,BALLOTS CAST,,DEM,BALLOTS CAST - DEMOCRATIC,24
Wood,PRECINCT 34A,BALLOTS CAST,,DEM,BALLOTS CAST - DEMOCRATIC,115
Wood,PRECINCT 35,BALLOTS CAST,,DEM,BALLOTS CAST - DEMOCRATIC,83
Wood,PRECINCT 36,BALLOTS CAST,,DEM,BALLOTS CAST - DEMOCRATIC,61
Wood,PRECINCT 36B,BALLOTS CAST,,DEM,BALLOTS CAST - DEMOCRATIC,80
Wood,PRECINCT 37,BALLOTS CAST,,DEM,BALLOTS CAST - DEMOCRATIC,106
Wood,PRECINCT 37A,BALLOTS CAST,,DEM,BALLOTS CAST - DEMOCRATIC,119
Wood,PRECINCT 38,BALLOTS CAST,,DEM,BALLOTS CAST - DEMOCRATIC,11
Wood,PRECINCT 39,BALLOTS CAST,,DEM,BALLOTS CAST - DEMOCRATIC,30
Wood,PRECINCT 40,BALLOTS CAST,,DEM,BALLOTS CAST - DEMOCRATIC,33
Wood,PRECINCT 40A,BALLOTS CAST,,DEM,BALLOTS CAST - DEMOCRATIC,50
Wood,PRECINCT 41,BALLOTS CAST,,DEM,BALLOTS CAST - DEMOCRATIC,65
Wood,PRECINCT 42A,BALLOTS CAST,,DEM,BALLOTS CAST - DEMOCRATIC,101
Wood,PRECINCT 43A,BALLOTS CAST,,DEM,BALLOTS CAST - DEMOCRATIC,104
Wood,PRECINCT 45,BALLOTS CAST,,DEM,BALLOTS CAST - DEMOCRATIC,81
Wood,PRECINCT 45A,BALLOTS CAST,,DEM,BALLOTS CAST - DEMOCRATIC,93
Wood,PRECINCT 46,BALLOTS CAST,,DEM,BALLOTS CAST - DEMOCRATIC,110
Wood,PRECINCT 46B,BALLOTS CAST,,DEM,BALLOTS CAST - DEMOCRATIC,101
Wood,PRECINCT 47,BALLOTS CAST,,DEM,BALLOTS CAST - DEMOCRATIC,19
Wood,PRECINCT 48,BALLOTS CAST,,DEM,BALLOTS CAST - DEMOCRATIC,88
Wood,PRECINCT 49,BALLOTS CAST,,DEM,BALLOTS CAST - DEMOCRATIC,54
Wood,PRECINCT 49A,BALLOTS CAST,,DEM,BALLOTS CAST - DEMOCRATIC,63
Wood,PRECINCT 50,BALLOTS CAST,,DEM,BALLOTS CAST - DEMOCRATIC,31
Wood,PRECINCT 51,BALLOTS CAST,,DEM,BALLOTS CAST - DEMOCRATIC,109
Wood,PRECINCT 52,BALLOTS CAST,,DEM,BALLOTS CAST - DEMOCRATIC,121
Wood,PRECINCT 53,BALLOTS CAST,,DEM,BALLOTS CAST - DEMOCRATIC,34
Wood,PRECINCT 53A,BALLOTS CAST,,DEM,BALLOTS CAST - DEMOCRATIC,38
Wood,PRECINCT 54,BALLOTS CAST,,DEM,BALLOTS CAST - DEMOCRATIC,39
Wood,PRECINCT 54A,BALLOTS CAST,,DEM,BALLOTS CAST - DEMOCRATIC,54
Wood,PRECINCT 56,BALLOTS CAST,,DEM,BALLOTS CAST - DEMOCRATIC,32
Wood,PRECINCT 56A,BALLOTS CAST,,DEM,BALLOTS CAST - DEMOCRATIC,38
Wood,PRECINCT 57,BALLOTS CAST,,DEM,BALLOTS CAST - DEMOCRATIC,48
Wood,PRECINCT 57A,BALLOTS CAST,,DEM,BALLOTS CAST - DEMOCRATIC,40
Wood,PRECINCT 58,BALLOTS CAST,,DEM,BALLOTS CAST - DEMOCRATIC,80
Wood,PRECINCT 60,BALLOTS CAST,,DEM,BALLOTS CAST - DEMOCRATIC,30
Wood,PRECINCT 61,BALLOTS CAST,,DEM,BALLOTS CAST - DEMOCRATIC,34
Wood,PRECINCT 62,BALLOTS CAST,,DEM,BALLOTS CAST - DEMOCRATIC,89
Wood,PRECINCT 63,BALLOTS CAST,,DEM,BALLOTS CAST - DEMOCRATIC,19
Wood,PRECINCT 63A,BALLOTS CAST,,DEM,BALLOTS CAST - DEMOCRATIC,59
Wood,PRECINCT 63B,BALLOTS CAST,,DEM,BALLOTS CAST - DEMOCRATIC,48
Wood,PRECINCT 64,BALLOTS CAST,,DEM,BALLOTS CAST - DEMOCRATIC,53
Wood,PRECINCT 67,BALLOTS CAST,,DEM,BALLOTS CAST - DEMOCRATIC,101
Wood,PRECINCT 67A,BALLOTS CAST,,DEM,BALLOTS CAST - DEMOCRATIC,77
Wood,PRECINCT 69,BALLOTS CAST,,DEM,BALLOTS CAST - DEMOCRATIC,36
Wood,PRECINCT 71,BALLOTS CAST,,DEM,BALLOTS CAST - DEMOCRATIC,26
Wood,PRECINCT 74,BALLOTS CAST,,DEM,BALLOTS CAST - DEMOCRATIC,51
Wood,PRECINCT 74B,BALLOTS CAST,,DEM,BALLOTS CAST - DEMOCRATIC,67
Wood,PRECINCT 74C,BALLOTS CAST,,DEM,BALLOTS CAST - DEMOCRATIC,55
Wood,PRECINCT 74U,BALLOTS CAST,,DEM,BALLOTS CAST - DEMOCRATIC,13
Wood,PRECINCT 75,BALLOTS CAST,,DEM,BALLOTS CAST - DEMOCRATIC,56
Wood,PRECINCT 77,BALLOTS CAST,,DEM,BALLOTS CAST - DEMOCRATIC,69
Wood,PRECINCT 78,BALLOTS CAST,,DEM,BALLOTS CAST - DEMOCRATIC,35
Wood,PRECINCT 78A,BALLOTS CAST,,DEM,BALLOTS CAST - DEMOCRATIC,60
Wood,PRECINCT 79,BALLOTS CAST,,DEM,BALLOTS CAST - DEMOCRATIC,50
Wood,PRECINCT 81,BALLOTS CAST,,DEM,BALLOTS CAST - DEMOCRATIC,23
Wood,PRECINCT 82,BALLOTS CAST,,DEM,BALLOTS CAST - DEMOCRATIC,37
Wood,PRECINCT 85,BALLOTS CAST,,DEM,BALLOTS CAST - DEMOCRATIC,40
Wood,PRECINCT 86,BALLOTS CAST,,DEM,BALLOTS CAST - DEMOCRATIC,59
Wood,PRECINCT 87,BALLOTS CAST,,DEM,BALLOTS CAST - DEMOCRATIC,36
Wood,PRECINCT 88,BALLOTS CAST,,DEM,BALLOTS CAST - DEMOCRATIC,44
Wood,PRECINCT 89,BALLOTS CAST,,DEM,BALLOTS CAST - DEMOCRATIC,67
Wood,PRECINCT 8,BALLOTS CAST,,MTN,BALLOTS CAST - MOUNTAIN,0
Wood,PRECINCT 10,BALLOTS CAST,,MTN,BALLOTS CAST - MOUNTAIN,0
Wood,PRECINCT 13,BALLOTS CAST,,MTN,BALLOTS CAST - MOUNTAIN,0
Wood,PRECINCT 16,BALLOTS CAST,,MTN,BALLOTS CAST - MOUNTAIN,1
Wood,PRECINCT 19,BALLOTS CAST,,MTN,BALLOTS CAST - MOUNTAIN,0
Wood,PRECINCT 27,BALLOTS CAST,,MTN,BALLOTS CAST - MOUNTAIN,0
Wood,PRECINCT 29,BALLOTS CAST,,MTN,BALLOTS CAST - MOUNTAIN,1
Wood,PRECINCT 32,BALLOTS CAST,,MTN,BALLOTS CAST - MOUNTAIN,0
Wood,PRECINCT 33,BALLOTS CAST,,MTN,BALLOTS CAST - MOUNTAIN,0
Wood,PRECINCT 34A,BALLOTS CAST,,MTN,BALLOTS CAST - MOUNTAIN,0
Wood,PRECINCT 35,BALLOTS CAST,,MTN,BALLOTS CAST - MOUNTAIN,1
Wood,PRECINCT 36,BALLOTS CAST,,MTN,BALLOTS CAST - MOUNTAIN,0
Wood,PRECINCT 36B,BALLOTS CAST,,MTN,BALLOTS CAST - MOUNTAIN,0
Wood,PRECINCT 37,BALLOTS CAST,,MTN,BALLOTS CAST - MOUNTAIN,0
Wood,PRECINCT 37A,BALLOTS CAST,,MTN,BALLOTS CAST - MOUNTAIN,0
Wood,PRECINCT 38,BALLOTS CAST,,MTN,BALLOTS CAST - MOUNTAIN,0
Wood,PRECINCT 39,BALLOTS CAST,,MTN,BALLOTS CAST - MOUNTAIN,0
Wood,PRECINCT 40,BALLOTS CAST,,MTN,BALLOTS CAST - MOUNTAIN,0
Wood,PRECINCT 40A,BALLOTS CAST,,MTN,BALLOTS CAST - MOUNTAIN,0
Wood,PRECINCT 41,BALLOTS CAST,,MTN,BALLOTS CAST - MOUNTAIN,0
Wood,PRECINCT 42A,BALLOTS CAST,,MTN,BALLOTS CAST - MOUNTAIN,1
Wood,PRECINCT 43A,BALLOTS CAST,,MTN,BALLOTS CAST - MOUNTAIN,1
Wood,PRECINCT 45,BALLOTS CAST,,MTN,BALLOTS CAST - MOUNTAIN,0
Wood,PRECINCT 45A,BALLOTS CAST,,MTN,BALLOTS CAST - MOUNTAIN,0
Wood,PRECINCT 46,BALLOTS CAST,,MTN,BALLOTS CAST - MOUNTAIN,0
Wood,PRECINCT 46B,BALLOTS CAST,,MTN,BALLOTS CAST - MOUNTAIN,0
Wood,PRECINCT 47,BALLOTS CAST,,MTN,BALLOTS CAST - MOUNTAIN,0
Wood,PRECINCT 48,BALLOTS CAST,,MTN,BALLOTS CAST - MOUNTAIN,0
Wood,PRECINCT 49,BALLOTS CAST,,MTN,BALLOTS CAST - MOUNTAIN,0
Wood,PRECINCT 49A,BALLOTS CAST,,MTN,BALLOTS CAST - MOUNTAIN,0
Wood,PRECINCT 50,BALLOTS CAST,,MTN,BALLOTS CAST - MOUNTAIN,0
Wood,PRECINCT 51,BALLOTS CAST,,MTN,BALLOTS CAST - MOUNTAIN,0
Wood,PRECINCT 52,BALLOTS CAST,,MTN,BALLOTS CAST - MOUNTAIN,0
Wood,PRECINCT 53,BALLOTS CAST,,MTN,BALLOTS CAST - MOUNTAIN,0
Wood,PRECINCT 53A,BALLOTS CAST,,MTN,BALLOTS CAST - MOUNTAIN,0
Wood,PRECINCT 54,BALLOTS CAST,,MTN,BALLOTS CAST - MOUNTAIN,0
Wood,PRECINCT 54A,BALLOTS CAST,,MTN,BALLOTS CAST - MOUNTAIN,0
Wood,PRECINCT 56,BALLOTS CAST,,MTN,BALLOTS CAST - MOUNTAIN,0
Wood,PRECINCT 56A,BALLOTS CAST,,MTN,BALLOTS CAST - MOUNTAIN,1
Wood,PRECINCT 57,BALLOTS CAST,,MTN,BALLOTS CAST - MOUNTAIN,2
Wood,PRECINCT 57A,BALLOTS CAST,,MTN,BALLOTS CAST - MOUNTAIN,0
Wood,PRECINCT 58,BALLOTS CAST,,MTN,BALLOTS CAST - MOUNTAIN,0
Wood,PRECINCT 60,BALLOTS CAST,,MTN,BALLOTS CAST - MOUNTAIN,0
Wood,PRECINCT 61,BALLOTS CAST,,MTN,BALLOTS CAST - MOUNTAIN,0
Wood,PRECINCT 62,BALLOTS CAST,,MTN,BALLOTS CAST - MOUNTAIN,0
Wood,PRECINCT 63,BALLOTS CAST,,MTN,BALLOTS CAST - MOUNTAIN,0
Wood,PRECINCT 63A,BALLOTS CAST,,MTN,BALLOTS CAST - MOUNTAIN,0
Wood,PRECINCT 63B,BALLOTS CAST,,MTN,BALLOTS CAST - MOUNTAIN,0
Wood,PRECINCT 64,BALLOTS CAST,,MTN,BALLOTS CAST - MOUNTAIN,0
Wood,PRECINCT 67,BALLOTS CAST,,MTN,BALLOTS CAST - MOUNTAIN,0
Wood,PRECINCT 67A,BALLOTS CAST,,MTN,BALLOTS CAST - MOUNTAIN,0
Wood,PRECINCT 69,BALLOTS CAST,,MTN,BALLOTS CAST - MOUNTAIN,0
Wood,PRECINCT 71,BALLOTS CAST,,MTN,BALLOTS CAST - MOUNTAIN,0
Wood,PRECINCT 74,BALLOTS CAST,,MTN,BALLOTS CAST - MOUNTAIN,0
Wood,PRECINCT 74B,BALLOTS CAST,,MTN,BALLOTS CAST - MOUNTAIN,0
Wood,PRECINCT 74C,BALLOTS CAST,,MTN,BALLOTS CAST - MOUNTAIN,0
Wood,PRECINCT 74U,BALLOTS CAST,,MTN,BALLOTS CAST - MOUNTAIN,0
Wood,PRECINCT 75,BALLOTS CAST,,MTN,BALLOTS CAST - MOUNTAIN,3
Wood,PRECINCT 77,BALLOTS CAST,,MTN,BALLOTS CAST - MOUNTAIN,0
Wood,PRECINCT 78,BALLOTS CAST,,MTN,BALLOTS CAST - MOUNTAIN,0
Wood,PRECINCT 78A,BALLOTS CAST,,MTN,BALLOTS CAST - MOUNTAIN,0
Wood,PRECINCT 79,BALLOTS CAST,,MTN,BALLOTS CAST - MOUNTAIN,0
Wood,PRECINCT 81,BALLOTS CAST,,MTN,BALLOTS CAST - MOUNTAIN,0
Wood,PRECINCT 82,BALLOTS CAST,,MTN,BALLOTS CAST - MOUNTAIN,0
Wood,PRECINCT 85,BALLOTS CAST,,MTN,BALLOTS CAST - MOUNTAIN,1
Wood,PRECINCT 86,BALLOTS CAST,,MTN,BALLOTS CAST - MOUNTAIN,0
Wood,PRECINCT 87,BALLOTS CAST,,MTN,BALLOTS CAST - MOUNTAIN,0
Wood,PRECINCT 88,BALLOTS CAST,,MTN,BALLOTS CAST - MOUNTAIN,1
Wood,PRECINCT 89,BALLOTS CAST,,MTN,BALLOTS CAST - MOUNTAIN,0
Wood,PRECINCT 8,BALLOTS CAST,,,BALLOTS CAST - NONPARTISAN,6
Wood,PRECINCT 10,BALLOTS CAST,,,BALLOTS CAST - NONPARTISAN,6
Wood,PRECINCT 13,BALLOTS CAST,,,BALLOTS CAST - NONPARTISAN,3
Wood,PRECINCT 16,BALLOTS CAST,,,BALLOTS CAST - NONPARTISAN,9
Wood,PRECINCT 19,BALLOTS CAST,,,BALLOTS CAST - NONPARTISAN,10
Wood,PRECINCT 27,BALLOTS CAST,,,BALLOTS CAST - NONPARTISAN,6
Wood,PRECINCT 29,BALLOTS CAST,,,BALLOTS CAST - NONPARTISAN,10
Wood,PRECINCT 32,BALLOTS CAST,,,BALLOTS CAST - NONPARTISAN,10
Wood,PRECINCT 33,BALLOTS CAST,,,BALLOTS CAST - NONPARTISAN,0
Wood,PRECINCT 34A,BALLOTS CAST,,,BALLOTS CAST - NONPARTISAN,5
Wood,PRECINCT 35,BALLOTS CAST,,,BALLOTS CAST - NONPARTISAN,6
Wood,PRECINCT 36,BALLOTS CAST,,,BALLOTS CAST - NONPARTISAN,7
Wood,PRECINCT 36B,BALLOTS CAST,,,BALLOTS CAST - NONPARTISAN,9
Wood,PRECINCT 37,BALLOTS CAST,,,BALLOTS CAST - NONPARTISAN,2
Wood,PRECINCT 37A,BALLOTS CAST,,,BALLOTS CAST - NONPARTISAN,5
Wood,PRECINCT 38,BALLOTS CAST,,,BALLOTS CAST - NONPARTISAN,0
Wood,PRECINCT 39,BALLOTS CAST,,,BALLOTS CAST - NONPARTISAN,7
Wood,PRECINCT 40,BALLOTS CAST,,,BALLOTS CAST - NONPARTISAN,5
Wood,PRECINCT 40A,BALLOTS CAST,,,BALLOTS CAST - NONPARTISAN,3
Wood,PRECINCT 41,BALLOTS CAST,,,BALLOTS CAST - NONPARTISAN,5
Wood,PRECINCT 42A,BALLOTS CAST,,,BALLOTS CAST - NONPARTISAN,9
Wood,PRECINCT 43A,BALLOTS CAST,,,BALLOTS CAST - NONPARTISAN,7
Wood,PRECINCT 45,BALLOTS CAST,,,BALLOTS CAST - NONPARTISAN,5
Wood,PRECINCT 45A,BALLOTS CAST,,,BALLOTS CAST - NONPARTISAN,14
Wood,PRECINCT 46,BALLOTS CAST,,,BALLOTS CAST - NONPARTISAN,9
Wood,PRECINCT 46B,BALLOTS CAST,,,BALLOTS CAST - NONPARTISAN,7
Wood,PRECINCT 47,BALLOTS CAST,,,BALLOTS CAST - NONPARTISAN,2
Wood,PRECINCT 48,BALLOTS CAST,,,BALLOTS CAST - NONPARTISAN,17
Wood,PRECINCT 49,BALLOTS CAST,,,BALLOTS CAST - NONPARTISAN,1
Wood,PRECINCT 49A,BALLOTS CAST,,,BALLOTS CAST - NONPARTISAN,5
Wood,PRECINCT 50,BALLOTS CAST,,,BALLOTS CAST - NONPARTISAN,7
Wood,PRECINCT 51,BALLOTS CAST,,,BALLOTS CAST - NONPARTISAN,22
Wood,PRECINCT 52,BALLOTS CAST,,,BALLOTS CAST - NONPARTISAN,34
Wood,PRECINCT 53,BALLOTS CAST,,,BALLOTS CAST - NONPARTISAN,2
Wood,PRECINCT 53A,BALLOTS CAST,,,BALLOTS CAST - NONPARTISAN,11
Wood,PRECINCT 54,BALLOTS CAST,,,BALLOTS CAST - NONPARTISAN,9
Wood,PRECINCT 54A,BALLOTS CAST,,,BALLOTS CAST - NONPARTISAN,6
Wood,PRECINCT 56,BALLOTS CAST,,,BALLOTS CAST - NONPARTISAN,3
Wood,PRECINCT 56A,BALLOTS CAST,,,BALLOTS CAST - NONPARTISAN,2
Wood,PRECINCT 57,BALLOTS CAST,,,BALLOTS CAST - NONPARTISAN,0
Wood,PRECINCT 57A,BALLOTS CAST,,,BALLOTS CAST - NONPARTISAN,1
Wood,PRECINCT 58,BALLOTS CAST,,,BALLOTS CAST - NONPARTISAN,11
Wood,PRECINCT 60,BALLOTS CAST,,,BALLOTS CAST - NONPARTISAN,13
Wood,PRECINCT 61,BALLOTS CAST,,,BALLOTS CAST - NONPARTISAN,11
Wood,PRECINCT 62,BALLOTS CAST,,,BALLOTS CAST - NONPARTISAN,5
Wood,PRECINCT 63,BALLOTS CAST,,,BALLOTS CAST - NONPARTISAN,4
Wood,PRECINCT 63A,BALLOTS CAST,,,BALLOTS CAST - NONPARTISAN,10
Wood,PRECINCT 63B,BALLOTS CAST,,,BALLOTS CAST - NONPARTISAN,2
Wood,PRECINCT 64,BALLOTS CAST,,,BALLOTS CAST - NONPARTISAN,6
Wood,PRECINCT 67,BALLOTS CAST,,,BALLOTS CAST - NONPARTISAN,14
Wood,PRECINCT 67A,BALLOTS CAST,,,BALLOTS CAST - NONPARTISAN,11
Wood,PRECINCT 69,BALLOTS CAST,,,BALLOTS CAST - NONPARTISAN,5
Wood,PRECINCT 71,BALLOTS CAST,,,BALLOTS CAST - NONPARTISAN,3
Wood,PRECINCT 74,BALLOTS CAST,,,BALLOTS CAST - NONPARTISAN,7
Wood,PRECINCT 74B,BALLOTS CAST,,,BALLOTS CAST - NONPARTISAN,5
Wood,PRECINCT 74C,BALLOTS CAST,,,BALLOTS CAST - NONPARTISAN,6
Wood,PRECINCT 74U,BALLOTS CAST,,,BALLOTS CAST - NONPARTISAN,2
Wood,PRECINCT 75,BALLOTS CAST,,,BALLOTS CAST - NONPARTISAN,13
Wood,PRECINCT 77,BALLOTS CAST,,,BALLOTS CAST - NONPARTISAN,11
Wood,PRECINCT 78,BALLOTS CAST,,,BALLOTS CAST - NONPARTISAN,1
Wood,PRECINCT 78A,BALLOTS CAST,,,BALLOTS CAST - NONPARTISAN,1
Wood,PRECINCT 79,BALLOTS CAST,,,BALLOTS CAST - NONPARTISAN,2
Wood,PRECINCT 81,BALLOTS CAST,,,BALLOTS CAST - NONPARTISAN,1
Wood,PRECINCT 82,BALLOTS CAST,,,BALLOTS CAST - NONPARTISAN,1
Wood,PRECINCT 85,BALLOTS CAST,,,BALLOTS CAST - NONPARTISAN,13
Wood,PRECINCT 86,BALLOTS CAST,,,BALLOTS CAST - NONPARTISAN,8
Wood,PRECINCT 87,BALLOTS CAST,,,BALLOTS CAST - NONPARTISAN,9
Wood,PRECINCT 88,BALLOTS CAST,,,BALLOTS CAST - NONPARTISAN,4
Wood,PRECINCT 89,BALLOTS CAST,,,BALLOTS CAST - NONPARTISAN,9
Wood,PRECINCT 8,President,,REP,DONALD J.  TRUMP,64
Wood,PRECINCT 10,President,,REP,DONALD J.  TRUMP,67
Wood,PRECINCT 13,President,,REP,DONALD J.  TRUMP,41
Wood,PRECINCT 16,President,,REP,DONALD J.  TRUMP,49
Wood,PRECINCT 19,President,,REP,DONALD J.  TRUMP,188
Wood,PRECINCT 27,President,,REP,DONALD J.  TRUMP,56
Wood,PRECINCT 29,President,,REP,DONALD J.  TRUMP,128
Wood,PRECINCT 32,President,,REP,DONALD J.  TRUMP,110
Wood,PRECINCT 33,President,,REP,DONALD J.  TRUMP,24
Wood,PRECINCT 34A,President,,REP,DONALD J.  TRUMP,180
Wood,PRECINCT 35,President,,REP,DONALD J.  TRUMP,144
Wood,PRECINCT 36,President,,REP,DONALD J.  TRUMP,84
Wood,PRECINCT 36B,President,,REP,DONALD J.  TRUMP,151
Wood,PRECINCT 37,President,,REP,DONALD J.  TRUMP,195
Wood,PRECINCT 37A,President,,REP,DONALD J.  TRUMP,169
Wood,PRECINCT 38,President,,REP,DONALD J.  TRUMP,33
Wood,PRECINCT 39,President,,REP,DONALD J.  TRUMP,62
Wood,PRECINCT 40,President,,REP,DONALD J.  TRUMP,64
Wood,PRECINCT 40A,President,,REP,DONALD J.  TRUMP,103
Wood,PRECINCT 41,President,,REP,DONALD J.  TRUMP,143
Wood,PRECINCT 42A,President,,REP,DONALD J.  TRUMP,198
Wood,PRECINCT 43A,President,,REP,DONALD J.  TRUMP,200
Wood,PRECINCT 45,President,,REP,DONALD J.  TRUMP,133
Wood,PRECINCT 45A,President,,REP,DONALD J.  TRUMP,191
Wood,PRECINCT 46,President,,REP,DONALD J.  TRUMP,262
Wood,PRECINCT 46B,President,,REP,DONALD J.  TRUMP,250
Wood,PRECINCT 47,President,,REP,DONALD J.  TRUMP,80
Wood,PRECINCT 48,President,,REP,DONALD J.  TRUMP,261
Wood,PRECINCT 49,President,,REP,DONALD J.  TRUMP,125
Wood,PRECINCT 49A,President,,REP,DONALD J.  TRUMP,111
Wood,PRECINCT 50,President,,REP,DONALD J.  TRUMP,86
Wood,PRECINCT 51,President,,REP,DONALD J.  TRUMP,215
Wood,PRECINCT 52,President,,REP,DONALD J.  TRUMP,228
Wood,PRECINCT 53,President,,REP,DONALD J.  TRUMP,159
Wood,PRECINCT 53A,President,,REP,DONALD J.  TRUMP,140
Wood,PRECINCT 54,President,,REP,DONALD J.  TRUMP,113
Wood,PRECINCT 54A,President,,REP,DONALD J.  TRUMP,139
Wood,PRECINCT 56,President,,REP,DONALD J.  TRUMP,88
Wood,PRECINCT 56A,President,,REP,DONALD J.  TRUMP,157
Wood,PRECINCT 57,President,,REP,DONALD J.  TRUMP,132
Wood,PRECINCT 57A,President,,REP,DONALD J.  TRUMP,128
Wood,PRECINCT 58,President,,REP,DONALD J.  TRUMP,238
Wood,PRECINCT 60,President,,REP,DONALD J.  TRUMP,88
Wood,PRECINCT 61,President,,REP,DONALD J.  TRUMP,124
Wood,PRECINCT 62,President,,REP,DONALD J.  TRUMP,198
Wood,PRECINCT 63,President,,REP,DONALD J.  TRUMP,75
Wood,PRECINCT 63A,President,,REP,DONALD J.  TRUMP,138
Wood,PRECINCT 63B,President,,REP,DONALD J.  TRUMP,117
Wood,PRECINCT 64,President,,REP,DONALD J.  TRUMP,172
Wood,PRECINCT 67,President,,REP,DONALD J.  TRUMP,283
Wood,PRECINCT 67A,President,,REP,DONALD J.  TRUMP,279
Wood,PRECINCT 69,President,,REP,DONALD J.  TRUMP,139
Wood,PRECINCT 71,President,,REP,DONALD J.  TRUMP,44
Wood,PRECINCT 74,President,,REP,DONALD J.  TRUMP,140
Wood,PRECINCT 74B,President,,REP,DONALD J.  TRUMP,177
Wood,PRECINCT 74C,President,,REP,DONALD J.  TRUMP,150
Wood,PRECINCT 74U,President,,REP,DONALD J.  TRUMP,30
Wood,PRECINCT 75,President,,REP,DONALD J.  TRUMP,95
Wood,PRECINCT 77,President,,REP,DONALD J.  TRUMP,150
Wood,PRECINCT 78,President,,REP,DONALD J.  TRUMP,94
Wood,PRECINCT 78A,President,,REP,DONALD J.  TRUMP,234
Wood,PRECINCT 79,President,,REP,DONALD J.  TRUMP,172
Wood,PRECINCT 81,President,,REP,DONALD J.  TRUMP,123
Wood,PRECINCT 82,President,,REP,DONALD J.  TRUMP,204
Wood,PRECINCT 85,President,,REP,DONALD J.  TRUMP,161
Wood,PRECINCT 86,President,,REP,DONALD J.  TRUMP,177
Wood,PRECINCT 87,President,,REP,DONALD J.  TRUMP,152
Wood,PRECINCT 88,President,,REP,DONALD J.  TRUMP,160
Wood,PRECINCT 89,President,,REP,DONALD J.  TRUMP,203
Wood,PRECINCT 8,President,,REP,RACHEL HANNA MoHAWK SWIFT,1
Wood,PRECINCT 10,President,,REP,RACHEL HANNA MoHAWK SWIFT,3
Wood,PRECINCT 13,President,,REP,RACHEL HANNA MoHAWK SWIFT,0
Wood,PRECINCT 16,President,,REP,RACHEL HANNA MoHAWK SWIFT,0
Wood,PRECINCT 19,President,,REP,RACHEL HANNA MoHAWK SWIFT,7
Wood,PRECINCT 27,President,,REP,RACHEL HANNA MoHAWK SWIFT,0
Wood,PRECINCT 29,President,,REP,RACHEL HANNA MoHAWK SWIFT,4
Wood,PRECINCT 32,President,,REP,RACHEL HANNA MoHAWK SWIFT,4
Wood,PRECINCT 33,President,,REP,RACHEL HANNA MoHAWK SWIFT,0
Wood,PRECINCT 34A,President,,REP,RACHEL HANNA MoHAWK SWIFT,1
Wood,PRECINCT 35,President,,REP,RACHEL HANNA MoHAWK SWIFT,1
Wood,PRECINCT 36,President,,REP,RACHEL HANNA MoHAWK SWIFT,0
Wood,PRECINCT 36B,President,,REP,RACHEL HANNA MoHAWK SWIFT,2
Wood,PRECINCT 37,President,,REP,RACHEL HANNA MoHAWK SWIFT,4
Wood,PRECINCT 37A,President,,REP,RACHEL HANNA MoHAWK SWIFT,4
Wood,PRECINCT 38,President,,REP,RACHEL HANNA MoHAWK SWIFT,0
Wood,PRECINCT 39,President,,REP,RACHEL HANNA MoHAWK SWIFT,0
Wood,PRECINCT 40,President,,REP,RACHEL HANNA MoHAWK SWIFT,4
Wood,PRECINCT 40A,President,,REP,RACHEL HANNA MoHAWK SWIFT,0
Wood,PRECINCT 41,President,,REP,RACHEL HANNA MoHAWK SWIFT,2
Wood,PRECINCT 42A,President,,REP,RACHEL HANNA MoHAWK SWIFT,2
Wood,PRECINCT 43A,President,,REP,RACHEL HANNA MoHAWK SWIFT,1
Wood,PRECINCT 45,President,,REP,RACHEL HANNA MoHAWK SWIFT,2
Wood,PRECINCT 45A,President,,REP,RACHEL HANNA MoHAWK SWIFT,1
Wood,PRECINCT 46,President,,REP,RACHEL HANNA MoHAWK SWIFT,4
Wood,PRECINCT 46B,President,,REP,RACHEL HANNA MoHAWK SWIFT,1
Wood,PRECINCT 47,President,,REP,RACHEL HANNA MoHAWK SWIFT,0
Wood,PRECINCT 48,President,,REP,RACHEL HANNA MoHAWK SWIFT,2
Wood,PRECINCT 49,President,,REP,RACHEL HANNA MoHAWK SWIFT,1
Wood,PRECINCT 49A,President,,REP,RACHEL HANNA MoHAWK SWIFT,1
Wood,PRECINCT 50,President,,REP,RACHEL HANNA MoHAWK SWIFT,2
Wood,PRECINCT 51,President,,REP,RACHEL HANNA MoHAWK SWIFT,4
Wood,PRECINCT 52,President,,REP,RACHEL HANNA MoHAWK SWIFT,6
Wood,PRECINCT 53,President,,REP,RACHEL HANNA MoHAWK SWIFT,0
Wood,PRECINCT 53A,President,,REP,RACHEL HANNA MoHAWK SWIFT,0
Wood,PRECINCT 54,President,,REP,RACHEL HANNA MoHAWK SWIFT,0
Wood,PRECINCT 54A,President,,REP,RACHEL HANNA MoHAWK SWIFT,1
Wood,PRECINCT 56,President,,REP,RACHEL HANNA MoHAWK SWIFT,0
Wood,PRECINCT 56A,President,,REP,RACHEL HANNA MoHAWK SWIFT,1
Wood,PRECINCT 57,President,,REP,RACHEL HANNA MoHAWK SWIFT,0
Wood,PRECINCT 57A,President,,REP,RACHEL HANNA MoHAWK SWIFT,1
Wood,PRECINCT 58,President,,REP,RACHEL HANNA MoHAWK SWIFT,1
Wood,PRECINCT 60,President,,REP,RACHEL HANNA MoHAWK SWIFT,0
Wood,PRECINCT 61,President,,REP,RACHEL HANNA MoHAWK SWIFT,0
Wood,PRECINCT 62,President,,REP,RACHEL HANNA MoHAWK SWIFT,1
Wood,PRECINCT 63,President,,REP,RACHEL HANNA MoHAWK SWIFT,1
Wood,PRECINCT 63A,President,,REP,RACHEL HANNA MoHAWK SWIFT,1
Wood,PRECINCT 63B,President,,REP,RACHEL HANNA MoHAWK SWIFT,0
Wood,PRECINCT 64,President,,REP,RACHEL HANNA MoHAWK SWIFT,0
Wood,PRECINCT 67,President,,REP,RACHEL HANNA MoHAWK SWIFT,1
Wood,PRECINCT 67A,President,,REP,RACHEL HANNA MoHAWK SWIFT,5
Wood,PRECINCT 69,President,,REP,RACHEL HANNA MoHAWK SWIFT,2
Wood,PRECINCT 71,President,,REP,RACHEL HANNA MoHAWK SWIFT,0
Wood,PRECINCT 74,President,,REP,RACHEL HANNA MoHAWK SWIFT,6
Wood,PRECINCT 74B,President,,REP,RACHEL HANNA MoHAWK SWIFT,2
Wood,PRECINCT 74C,President,,REP,RACHEL HANNA MoHAWK SWIFT,3
Wood,PRECINCT 74U,President,,REP,RACHEL HANNA MoHAWK SWIFT,0
Wood,PRECINCT 75,President,,REP,RACHEL HANNA MoHAWK SWIFT,1
Wood,PRECINCT 77,President,,REP,RACHEL HANNA MoHAWK SWIFT,0
Wood,PRECINCT 78,President,,REP,RACHEL HANNA MoHAWK SWIFT,1
Wood,PRECINCT 78A,President,,REP,RACHEL HANNA MoHAWK SWIFT,1
Wood,PRECINCT 79,President,,REP,RACHEL HANNA MoHAWK SWIFT,3
Wood,PRECINCT 81,President,,REP,RACHEL HANNA MoHAWK SWIFT,0
Wood,PRECINCT 82,President,,REP,RACHEL HANNA MoHAWK SWIFT,4
Wood,PRECINCT 85,President,,REP,RACHEL HANNA MoHAWK SWIFT,0
Wood,PRECINCT 86,President,,REP,RACHEL HANNA MoHAWK SWIFT,2
Wood,PRECINCT 87,President,,REP,RACHEL HANNA MoHAWK SWIFT,0
Wood,PRECINCT 88,President,,REP,RACHEL HANNA MoHAWK SWIFT,0
Wood,PRECINCT 89,President,,REP,RACHEL HANNA MoHAWK SWIFT,0
Wood,PRECINCT 8,President,,REP,NIKKI R.  HALEY,15
Wood,PRECINCT 10,President,,REP,NIKKI R.  HALEY,1
Wood,PRECINCT 13,President,,REP,NIKKI R.  HALEY,4
Wood,PRECINCT 16,President,,REP,NIKKI R.  HALEY,7
Wood,PRECINCT 19,President,,REP,NIKKI R.  HALEY,28
Wood,PRECINCT 27,President,,REP,NIKKI R.  HALEY,7
Wood,PRECINCT 29,President,,REP,NIKKI R.  HALEY,27
Wood,PRECINCT 32,President,,REP,NIKKI R.  HALEY,17
Wood,PRECINCT 33,President,,REP,NIKKI R.  HALEY,2
Wood,PRECINCT 34A,President,,REP,NIKKI R.  HALEY,36
Wood,PRECINCT 35,President,,REP,NIKKI R.  HALEY,22
Wood,PRECINCT 36,President,,REP,NIKKI R.  HALEY,13
Wood,PRECINCT 36B,President,,REP,NIKKI R.  HALEY,26
Wood,PRECINCT 37,President,,REP,NIKKI R.  HALEY,38
Wood,PRECINCT 37A,President,,REP,NIKKI R.  HALEY,23
Wood,PRECINCT 38,President,,REP,NIKKI R.  HALEY,3
Wood,PRECINCT 39,President,,REP,NIKKI R.  HALEY,14
Wood,PRECINCT 40,President,,REP,NIKKI R.  HALEY,4
Wood,PRECINCT 40A,President,,REP,NIKKI R.  HALEY,13
Wood,PRECINCT 41,President,,REP,NIKKI R.  HALEY,12
Wood,PRECINCT 42A,President,,REP,NIKKI R.  HALEY,24
Wood,PRECINCT 43A,President,,REP,NIKKI R.  HALEY,20
Wood,PRECINCT 45,President,,REP,NIKKI R.  HALEY,26
Wood,PRECINCT 45A,President,,REP,NIKKI R.  HALEY,28
Wood,PRECINCT 46,President,,REP,NIKKI R.  HALEY,56
Wood,PRECINCT 46B,President,,REP,NIKKI R.  HALEY,63
Wood,PRECINCT 47,President,,REP,NIKKI R.  HALEY,9
Wood,PRECINCT 48,President,,REP,NIKKI R.  HALEY,35
Wood,PRECINCT 49,President,,REP,NIKKI R.  HALEY,12
Wood,PRECINCT 49A,President,,REP,NIKKI R.  HALEY,29
Wood,PRECINCT 50,President,,REP,NIKKI R.  HALEY,7
Wood,PRECINCT 51,President,,REP,NIKKI R.  HALEY,33
Wood,PRECINCT 52,President,,REP,NIKKI R.  HALEY,43
Wood,PRECINCT 53,President,,REP,NIKKI R.  HALEY,12
Wood,PRECINCT 53A,President,,REP,NIKKI R.  HALEY,6
Wood,PRECINCT 54,President,,REP,NIKKI R.  HALEY,7
Wood,PRECINCT 54A,President,,REP,NIKKI R.  HALEY,12
Wood,PRECINCT 56,President,,REP,NIKKI R.  HALEY,11
Wood,PRECINCT 56A,President,,REP,NIKKI R.  HALEY,16
Wood,PRECINCT 57,President,,REP,NIKKI R.  HALEY,12
Wood,PRECINCT 57A,President,,REP,NIKKI R.  HALEY,11
Wood,PRECINCT 58,President,,REP,NIKKI R.  HALEY,16
Wood,PRECINCT 60,President,,REP,NIKKI R.  HALEY,7
Wood,PRECINCT 61,President,,REP,NIKKI R.  HALEY,9
Wood,PRECINCT 62,President,,REP,NIKKI R.  HALEY,40
Wood,PRECINCT 63,President,,REP,NIKKI R.  HALEY,9
Wood,PRECINCT 63A,President,,REP,NIKKI R.  HALEY,22
Wood,PRECINCT 63B,President,,REP,NIKKI R.  HALEY,17
Wood,PRECINCT 64,President,,REP,NIKKI R.  HALEY,32
Wood,PRECINCT 67,President,,REP,NIKKI R.  HALEY,20
Wood,PRECINCT 67A,President,,REP,NIKKI R.  HALEY,24
Wood,PRECINCT 69,President,,REP,NIKKI R.  HALEY,4
Wood,PRECINCT 71,President,,REP,NIKKI R.  HALEY,5
Wood,PRECINCT 74,President,,REP,NIKKI R.  HALEY,10
Wood,PRECINCT 74B,President,,REP,NIKKI R.  HALEY,24
Wood,PRECINCT 74C,President,,REP,NIKKI R.  HALEY,20
Wood,PRECINCT 74U,President,,REP,NIKKI R.  HALEY,2
Wood,PRECINCT 75,President,,REP,NIKKI R.  HALEY,10
Wood,PRECINCT 77,President,,REP,NIKKI R.  HALEY,13
Wood,PRECINCT 78,President,,REP,NIKKI R.  HALEY,9
Wood,PRECINCT 78A,President,,REP,NIKKI R.  HALEY,24
Wood,PRECINCT 79,President,,REP,NIKKI R.  HALEY,16
Wood,PRECINCT 81,President,,REP,NIKKI R.  HALEY,8
Wood,PRECINCT 82,President,,REP,NIKKI R.  HALEY,15
Wood,PRECINCT 85,President,,REP,NIKKI R.  HALEY,2
Wood,PRECINCT 86,President,,REP,NIKKI R.  HALEY,24
Wood,PRECINCT 87,President,,REP,NIKKI R.  HALEY,15
Wood,PRECINCT 88,President,,REP,NIKKI R.  HALEY,24
Wood,PRECINCT 89,President,,REP,NIKKI R.  HALEY,32
Wood,PRECINCT 8,President,,REP,RYAN L.  BINKLEY,0
Wood,PRECINCT 10,President,,REP,RYAN L.  BINKLEY,0
Wood,PRECINCT 13,President,,REP,RYAN L.  BINKLEY,0
Wood,PRECINCT 16,President,,REP,RYAN L.  BINKLEY,1
Wood,PRECINCT 19,President,,REP,RYAN L.  BINKLEY,0
Wood,PRECINCT 27,President,,REP,RYAN L.  BINKLEY,0
Wood,PRECINCT 29,President,,REP,RYAN L.  BINKLEY,1
Wood,PRECINCT 32,President,,REP,RYAN L.  BINKLEY,0
Wood,PRECINCT 33,President,,REP,RYAN L.  BINKLEY,1
Wood,PRECINCT 34A,President,,REP,RYAN L.  BINKLEY,2
Wood,PRECINCT 35,President,,REP,RYAN L.  BINKLEY,1
Wood,PRECINCT 36,President,,REP,RYAN L.  BINKLEY,0
Wood,PRECINCT 36B,President,,REP,RYAN L.  BINKLEY,3
Wood,PRECINCT 37,President,,REP,RYAN L.  BINKLEY,0
Wood,PRECINCT 37A,President,,REP,RYAN L.  BINKLEY,2
Wood,PRECINCT 38,President,,REP,RYAN L.  BINKLEY,1
Wood,PRECINCT 39,President,,REP,RYAN L.  BINKLEY,1
Wood,PRECINCT 40,President,,REP,RYAN L.  BINKLEY,0
Wood,PRECINCT 40A,President,,REP,RYAN L.  BINKLEY,0
Wood,PRECINCT 41,President,,REP,RYAN L.  BINKLEY,1
Wood,PRECINCT 42A,President,,REP,RYAN L.  BINKLEY,0
Wood,PRECINCT 43A,President,,REP,RYAN L.  BINKLEY,3
Wood,PRECINCT 45,President,,REP,RYAN L.  BINKLEY,0
Wood,PRECINCT 45A,President,,REP,RYAN L.  BINKLEY,2
Wood,PRECINCT 46,President,,REP,RYAN L.  BINKLEY,3
Wood,PRECINCT 46B,President,,REP,RYAN L.  BINKLEY,1
Wood,PRECINCT 47,President,,REP,RYAN L.  BINKLEY,1
Wood,PRECINCT 48,President,,REP,RYAN L.  BINKLEY,0
Wood,PRECINCT 49,President,,REP,RYAN L.  BINKLEY,0
Wood,PRECINCT 49A,President,,REP,RYAN L.  BINKLEY,0
Wood,PRECINCT 50,President,,REP,RYAN L.  BINKLEY,0
Wood,PRECINCT 51,President,,REP,RYAN L.  BINKLEY,1
Wood,PRECINCT 52,President,,REP,RYAN L.  BINKLEY,4
Wood,PRECINCT 53,President,,REP,RYAN L.  BINKLEY,2
Wood,PRECINCT 53A,President,,REP,RYAN L.  BINKLEY,2
Wood,PRECINCT 54,President,,REP,RYAN L.  BINKLEY,0
Wood,PRECINCT 54A,President,,REP,RYAN L.  BINKLEY,0
Wood,PRECINCT 56,President,,REP,RYAN L.  BINKLEY,0
Wood,PRECINCT 56A,President,,REP,RYAN L.  BINKLEY,2
Wood,PRECINCT 57,President,,REP,RYAN L.  BINKLEY,0
Wood,PRECINCT 57A,President,,REP,RYAN L.  BINKLEY,0
Wood,PRECINCT 58,President,,REP,RYAN L.  BINKLEY,0
Wood,PRECINCT 60,President,,REP,RYAN L.  BINKLEY,2
Wood,PRECINCT 61,President,,REP,RYAN L.  BINKLEY,4
Wood,PRECINCT 62,President,,REP,RYAN L.  BINKLEY,0
Wood,PRECINCT 63,President,,REP,RYAN L.  BINKLEY,1
Wood,PRECINCT 63A,President,,REP,RYAN L.  BINKLEY,4
Wood,PRECINCT 63B,President,,REP,RYAN L.  BINKLEY,1
Wood,PRECINCT 64,President,,REP,RYAN L.  BINKLEY,0
Wood,PRECINCT 67,President,,REP,RYAN L.  BINKLEY,1
Wood,PRECINCT 67A,President,,REP,RYAN L.  BINKLEY,3
Wood,PRECINCT 69,President,,REP,RYAN L.  BINKLEY,1
Wood,PRECINCT 71,President,,REP,RYAN L.  BINKLEY,0
Wood,PRECINCT 74,President,,REP,RYAN L.  BINKLEY,2
Wood,PRECINCT 74B,President,,REP,RYAN L.  BINKLEY,2
Wood,PRECINCT 74C,President,,REP,RYAN L.  BINKLEY,0
Wood,PRECINCT 74U,President,,REP,RYAN L.  BINKLEY,0
Wood,PRECINCT 75,President,,REP,RYAN L.  BINKLEY,1
Wood,PRECINCT 77,President,,REP,RYAN L.  BINKLEY,2
Wood,PRECINCT 78,President,,REP,RYAN L.  BINKLEY,1
Wood,PRECINCT 78A,President,,REP,RYAN L.  BINKLEY,3
Wood,PRECINCT 79,President,,REP,RYAN L.  BINKLEY,1
Wood,PRECINCT 81,President,,REP,RYAN L.  BINKLEY,0
Wood,PRECINCT 82,President,,REP,RYAN L.  BINKLEY,2
Wood,PRECINCT 85,President,,REP,RYAN L.  BINKLEY,2
Wood,PRECINCT 86,President,,REP,RYAN L.  BINKLEY,0
Wood,PRECINCT 87,President,,REP,RYAN L.  BINKLEY,0
Wood,PRECINCT 88,President,,REP,RYAN L.  BINKLEY,1
Wood,PRECINCT 89,President,,REP,RYAN L.  BINKLEY,1
Wood,PRECINCT 8,President,,REP,DAVID STUCKENBERG,1
Wood,PRECINCT 10,President,,REP,DAVID STUCKENBERG,0
Wood,PRECINCT 13,President,,REP,DAVID STUCKENBERG,0
Wood,PRECINCT 16,President,,REP,DAVID STUCKENBERG,1
Wood,PRECINCT 19,President,,REP,DAVID STUCKENBERG,2
Wood,PRECINCT 27,President,,REP,DAVID STUCKENBERG,1
Wood,PRECINCT 29,President,,REP,DAVID STUCKENBERG,2
Wood,PRECINCT 32,President,,REP,DAVID STUCKENBERG,0
Wood,PRECINCT 33,President,,REP,DAVID STUCKENBERG,0
Wood,PRECINCT 34A,President,,REP,DAVID STUCKENBERG,3
Wood,PRECINCT 35,President,,REP,DAVID STUCKENBERG,0
Wood,PRECINCT 36,President,,REP,DAVID STUCKENBERG,0
Wood,PRECINCT 36B,President,,REP,DAVID STUCKENBERG,1
Wood,PRECINCT 37,President,,REP,DAVID STUCKENBERG,3
Wood,PRECINCT 37A,President,,REP,DAVID STUCKENBERG,3
Wood,PRECINCT 38,President,,REP,DAVID STUCKENBERG,0
Wood,PRECINCT 39,President,,REP,DAVID STUCKENBERG,0
Wood,PRECINCT 40,President,,REP,DAVID STUCKENBERG,0
Wood,PRECINCT 40A,President,,REP,DAVID STUCKENBERG,2
Wood,PRECINCT 41,President,,REP,DAVID STUCKENBERG,1
Wood,PRECINCT 42A,President,,REP,DAVID STUCKENBERG,0
Wood,PRECINCT 43A,President,,REP,DAVID STUCKENBERG,1
Wood,PRECINCT 45,President,,REP,DAVID STUCKENBERG,0
Wood,PRECINCT 45A,President,,REP,DAVID STUCKENBERG,4
Wood,PRECINCT 46,President,,REP,DAVID STUCKENBERG,1
Wood,PRECINCT 46B,President,,REP,DAVID STUCKENBERG,0
Wood,PRECINCT 47,President,,REP,DAVID STUCKENBERG,0
Wood,PRECINCT 48,President,,REP,DAVID STUCKENBERG,1
Wood,PRECINCT 49,President,,REP,DAVID STUCKENBERG,1
Wood,PRECINCT 49A,President,,REP,DAVID STUCKENBERG,0
Wood,PRECINCT 50,President,,REP,DAVID STUCKENBERG,0
Wood,PRECINCT 51,President,,REP,DAVID STUCKENBERG,2
Wood,PRECINCT 52,President,,REP,DAVID STUCKENBERG,2
Wood,PRECINCT 53,President,,REP,DAVID STUCKENBERG,0
Wood,PRECINCT 53A,President,,REP,DAVID STUCKENBERG,1
Wood,PRECINCT 54,President,,REP,DAVID STUCKENBERG,0
Wood,PRECINCT 54A,President,,REP,DAVID STUCKENBERG,0
Wood,PRECINCT 56,President,,REP,DAVID STUCKENBERG,0
Wood,PRECINCT 56A,President,,REP,DAVID STUCKENBERG,5
Wood,PRECINCT 57,President,,REP,DAVID STUCKENBERG,2
Wood,PRECINCT 57A,President,,REP,DAVID STUCKENBERG,3
Wood,PRECINCT 58,President,,REP,DAVID STUCKENBERG,2
Wood,PRECINCT 60,President,,REP,DAVID STUCKENBERG,0
Wood,PRECINCT 61,President,,REP,DAVID STUCKENBERG,1
Wood,PRECINCT 62,President,,REP,DAVID STUCKENBERG,0
Wood,PRECINCT 63,President,,REP,DAVID STUCKENBERG,0
Wood,PRECINCT 63A,President,,REP,DAVID STUCKENBERG,1
Wood,PRECINCT 63B,President,,REP,DAVID STUCKENBERG,0
Wood,PRECINCT 64,President,,REP,DAVID STUCKENBERG,2
Wood,PRECINCT 67,President,,REP,DAVID STUCKENBERG,1
Wood,PRECINCT 67A,President,,REP,DAVID STUCKENBERG,1
Wood,PRECINCT 69,President,,REP,DAVID STUCKENBERG,0
Wood,PRECINCT 71,President,,REP,DAVID STUCKENBERG,0
Wood,PRECINCT 74,President,,REP,DAVID STUCKENBERG,1
Wood,PRECINCT 74B,President,,REP,DAVID STUCKENBERG,2
Wood,PRECINCT 74C,President,,REP,DAVID STUCKENBERG,1
Wood,PRECINCT 74U,President,,REP,DAVID STUCKENBERG,0
Wood,PRECINCT 75,President,,REP,DAVID STUCKENBERG,0
Wood,PRECINCT 77,President,,REP,DAVID STUCKENBERG,1
Wood,PRECINCT 78,President,,REP,DAVID STUCKENBERG,2
Wood,PRECINCT 78A,President,,REP,DAVID STUCKENBERG,0
Wood,PRECINCT 79,President,,REP,DAVID STUCKENBERG,2
Wood,PRECINCT 81,President,,REP,DAVID STUCKENBERG,0
Wood,PRECINCT 82,President,,REP,DAVID STUCKENBERG,2
Wood,PRECINCT 85,President,,REP,DAVID STUCKENBERG,1
Wood,PRECINCT 86,President,,REP,DAVID STUCKENBERG,1
Wood,PRECINCT 87,President,,REP,DAVID STUCKENBERG,1
Wood,PRECINCT 88,President,,REP,DAVID STUCKENBERG,1
Wood,PRECINCT 89,President,,REP,DAVID STUCKENBERG,1
Wood,PRECINCT 8,President,,DEM,JASON MICHAEL  PALMER,6
Wood,PRECINCT 10,President,,DEM,JASON MICHAEL  PALMER,1
Wood,PRECINCT 13,President,,DEM,JASON MICHAEL  PALMER,2
Wood,PRECINCT 16,President,,DEM,JASON MICHAEL  PALMER,3
Wood,PRECINCT 19,President,,DEM,JASON MICHAEL  PALMER,14
Wood,PRECINCT 27,President,,DEM,JASON MICHAEL  PALMER,1
Wood,PRECINCT 29,President,,DEM,JASON MICHAEL  PALMER,1
Wood,PRECINCT 32,President,,DEM,JASON MICHAEL  PALMER,3
Wood,PRECINCT 33,President,,DEM,JASON MICHAEL  PALMER,3
Wood,PRECINCT 34A,President,,DEM,JASON MICHAEL  PALMER,16
Wood,PRECINCT 35,President,,DEM,JASON MICHAEL  PALMER,1
Wood,PRECINCT 36,President,,DEM,JASON MICHAEL  PALMER,2
Wood,PRECINCT 36B,President,,DEM,JASON MICHAEL  PALMER,9
Wood,PRECINCT 37,President,,DEM,JASON MICHAEL  PALMER,7
Wood,PRECINCT 37A,President,,DEM,JASON MICHAEL  PALMER,10
Wood,PRECINCT 38,President,,DEM,JASON MICHAEL  PALMER,1
Wood,PRECINCT 39,President,,DEM,JASON MICHAEL  PALMER,1
Wood,PRECINCT 40,President,,DEM,JASON MICHAEL  PALMER,7
Wood,PRECINCT 40A,President,,DEM,JASON MICHAEL  PALMER,8
Wood,PRECINCT 41,President,,DEM,JASON MICHAEL  PALMER,2
Wood,PRECINCT 42A,President,,DEM,JASON MICHAEL  PALMER,6
Wood,PRECINCT 43A,President,,DEM,JASON MICHAEL  PALMER,12
Wood,PRECINCT 45,President,,DEM,JASON MICHAEL  PALMER,11
Wood,PRECINCT 45A,President,,DEM,JASON MICHAEL  PALMER,10
Wood,PRECINCT 46,President,,DEM,JASON MICHAEL  PALMER,7
Wood,PRECINCT 46B,President,,DEM,JASON MICHAEL  PALMER,4
Wood,PRECINCT 47,President,,DEM,JASON MICHAEL  PALMER,4
Wood,PRECINCT 48,President,,DEM,JASON MICHAEL  PALMER,11
Wood,PRECINCT 49,President,,DEM,JASON MICHAEL  PALMER,3
Wood,PRECINCT 49A,President,,DEM,JASON MICHAEL  PALMER,5
Wood,PRECINCT 50,President,,DEM,JASON MICHAEL  PALMER,7
Wood,PRECINCT 51,President,,DEM,JASON MICHAEL  PALMER,10
Wood,PRECINCT 52,President,,DEM,JASON MICHAEL  PALMER,8
Wood,PRECINCT 53,President,,DEM,JASON MICHAEL  PALMER,4
Wood,PRECINCT 53A,President,,DEM,JASON MICHAEL  PALMER,1
Wood,PRECINCT 54,President,,DEM,JASON MICHAEL  PALMER,2
Wood,PRECINCT 54A,President,,DEM,JASON MICHAEL  PALMER,5
Wood,PRECINCT 56,President,,DEM,JASON MICHAEL  PALMER,3
Wood,PRECINCT 56A,President,,DEM,JASON MICHAEL  PALMER,5
Wood,PRECINCT 57,President,,DEM,JASON MICHAEL  PALMER,6
Wood,PRECINCT 57A,President,,DEM,JASON MICHAEL  PALMER,5
Wood,PRECINCT 58,President,,DEM,JASON MICHAEL  PALMER,9
Wood,PRECINCT 60,President,,DEM,JASON MICHAEL  PALMER,4
Wood,PRECINCT 61,President,,DEM,JASON MICHAEL  PALMER,8
Wood,PRECINCT 62,President,,DEM,JASON MICHAEL  PALMER,7
Wood,PRECINCT 63,President,,DEM,JASON MICHAEL  PALMER,0
Wood,PRECINCT 63A,President,,DEM,JASON MICHAEL  PALMER,11
Wood,PRECINCT 63B,President,,DEM,JASON MICHAEL  PALMER,4
Wood,PRECINCT 64,President,,DEM,JASON MICHAEL  PALMER,2
Wood,PRECINCT 67,President,,DEM,JASON MICHAEL  PALMER,16
Wood,PRECINCT 67A,President,,DEM,JASON MICHAEL  PALMER,8
Wood,PRECINCT 69,President,,DEM,JASON MICHAEL  PALMER,5
Wood,PRECINCT 71,President,,DEM,JASON MICHAEL  PALMER,3
Wood,PRECINCT 74,President,,DEM,JASON MICHAEL  PALMER,7
Wood,PRECINCT 74B,President,,DEM,JASON MICHAEL  PALMER,9
Wood,PRECINCT 74C,President,,DEM,JASON MICHAEL  PALMER,4
Wood,PRECINCT 74U,President,,DEM,JASON MICHAEL  PALMER,3
Wood,PRECINCT 75,President,,DEM,JASON MICHAEL  PALMER,6
Wood,PRECINCT 77,President,,DEM,JASON MICHAEL  PALMER,10
Wood,PRECINCT 78,President,,DEM,JASON MICHAEL  PALMER,5
Wood,PRECINCT 78A,President,,DEM,JASON MICHAEL  PALMER,11
Wood,PRECINCT 79,President,,DEM,JASON MICHAEL  PALMER,11
Wood,PRECINCT 81,President,,DEM,JASON MICHAEL  PALMER,4
Wood,PRECINCT 82,President,,DEM,JASON MICHAEL  PALMER,9
Wood,PRECINCT 85,President,,DEM,JASON MICHAEL  PALMER,5
Wood,PRECINCT 86,President,,DEM,JASON MICHAEL  PALMER,9
Wood,PRECINCT 87,President,,DEM,JASON MICHAEL  PALMER,6
Wood,PRECINCT 88,President,,DEM,JASON MICHAEL  PALMER,3
Wood,PRECINCT 89,President,,DEM,JASON MICHAEL  PALMER,5
Wood,PRECINCT 8,President,,DEM,ARMANDO 'MANDO'  PEREZ-SERRATO,1
Wood,PRECINCT 10,President,,DEM,ARMANDO 'MANDO'  PEREZ-SERRATO,1
Wood,PRECINCT 13,President,,DEM,ARMANDO 'MANDO'  PEREZ-SERRATO,2
Wood,PRECINCT 16,President,,DEM,ARMANDO 'MANDO'  PEREZ-SERRATO,0
Wood,PRECINCT 19,President,,DEM,ARMANDO 'MANDO'  PEREZ-SERRATO,6
Wood,PRECINCT 27,President,,DEM,ARMANDO 'MANDO'  PEREZ-SERRATO,1
Wood,PRECINCT 29,President,,DEM,ARMANDO 'MANDO'  PEREZ-SERRATO,2
Wood,PRECINCT 32,President,,DEM,ARMANDO 'MANDO'  PEREZ-SERRATO,1
Wood,PRECINCT 33,President,,DEM,ARMANDO 'MANDO'  PEREZ-SERRATO,1
Wood,PRECINCT 34A,President,,DEM,ARMANDO 'MANDO'  PEREZ-SERRATO,3
Wood,PRECINCT 35,President,,DEM,ARMANDO 'MANDO'  PEREZ-SERRATO,1
Wood,PRECINCT 36,President,,DEM,ARMANDO 'MANDO'  PEREZ-SERRATO,2
Wood,PRECINCT 36B,President,,DEM,ARMANDO 'MANDO'  PEREZ-SERRATO,3
Wood,PRECINCT 37,President,,DEM,ARMANDO 'MANDO'  PEREZ-SERRATO,1
Wood,PRECINCT 37A,President,,DEM,ARMANDO 'MANDO'  PEREZ-SERRATO,4
Wood,PRECINCT 38,President,,DEM,ARMANDO 'MANDO'  PEREZ-SERRATO,0
Wood,PRECINCT 39,President,,DEM,ARMANDO 'MANDO'  PEREZ-SERRATO,1
Wood,PRECINCT 40,President,,DEM,ARMANDO 'MANDO'  PEREZ-SERRATO,0
Wood,PRECINCT 40A,President,,DEM,ARMANDO 'MANDO'  PEREZ-SERRATO,0
Wood,PRECINCT 41,President,,DEM,ARMANDO 'MANDO'  PEREZ-SERRATO,4
Wood,PRECINCT 42A,President,,DEM,ARMANDO 'MANDO'  PEREZ-SERRATO,5
Wood,PRECINCT 43A,President,,DEM,ARMANDO 'MANDO'  PEREZ-SERRATO,3
Wood,PRECINCT 45,President,,DEM,ARMANDO 'MANDO'  PEREZ-SERRATO,1
Wood,PRECINCT 45A,President,,DEM,ARMANDO 'MANDO'  PEREZ-SERRATO,5
Wood,PRECINCT 46,President,,DEM,ARMANDO 'MANDO'  PEREZ-SERRATO,0
Wood,PRECINCT 46B,President,,DEM,ARMANDO 'MANDO'  PEREZ-SERRATO,3
Wood,PRECINCT 47,President,,DEM,ARMANDO 'MANDO'  PEREZ-SERRATO,0
Wood,PRECINCT 48,President,,DEM,ARMANDO 'MANDO'  PEREZ-SERRATO,0
Wood,PRECINCT 49,President,,DEM,ARMANDO 'MANDO'  PEREZ-SERRATO,2
Wood,PRECINCT 49A,President,,DEM,ARMANDO 'MANDO'  PEREZ-SERRATO,1
Wood,PRECINCT 50,President,,DEM,ARMANDO 'MANDO'  PEREZ-SERRATO,1
Wood,PRECINCT 51,President,,DEM,ARMANDO 'MANDO'  PEREZ-SERRATO,6
Wood,PRECINCT 52,President,,DEM,ARMANDO 'MANDO'  PEREZ-SERRATO,2
Wood,PRECINCT 53,President,,DEM,ARMANDO 'MANDO'  PEREZ-SERRATO,1
Wood,PRECINCT 53A,President,,DEM,ARMANDO 'MANDO'  PEREZ-SERRATO,1
Wood,PRECINCT 54,President,,DEM,ARMANDO 'MANDO'  PEREZ-SERRATO,1
Wood,PRECINCT 54A,President,,DEM,ARMANDO 'MANDO'  PEREZ-SERRATO,1
Wood,PRECINCT 56,President,,DEM,ARMANDO 'MANDO'  PEREZ-SERRATO,0
Wood,PRECINCT 56A,President,,DEM,ARMANDO 'MANDO'  PEREZ-SERRATO,1
Wood,PRECINCT 57,President,,DEM,ARMANDO 'MANDO'  PEREZ-SERRATO,0
Wood,PRECINCT 57A,President,,DEM,ARMANDO 'MANDO'  PEREZ-SERRATO,3
Wood,PRECINCT 58,President,,DEM,ARMANDO 'MANDO'  PEREZ-SERRATO,3
Wood,PRECINCT 60,President,,DEM,ARMANDO 'MANDO'  PEREZ-SERRATO,3
Wood,PRECINCT 61,President,,DEM,ARMANDO 'MANDO'  PEREZ-SERRATO,0
Wood,PRECINCT 62,President,,DEM,ARMANDO 'MANDO'  PEREZ-SERRATO,3
Wood,PRECINCT 63,President,,DEM,ARMANDO 'MANDO'  PEREZ-SERRATO,2
Wood,PRECINCT 63A,President,,DEM,ARMANDO 'MANDO'  PEREZ-SERRATO,1
Wood,PRECINCT 63B,President,,DEM,ARMANDO 'MANDO'  PEREZ-SERRATO,0
Wood,PRECINCT 64,President,,DEM,ARMANDO 'MANDO'  PEREZ-SERRATO,2
Wood,PRECINCT 67,President,,DEM,ARMANDO 'MANDO'  PEREZ-SERRATO,1
Wood,PRECINCT 67A,President,,DEM,ARMANDO 'MANDO'  PEREZ-SERRATO,0
Wood,PRECINCT 69,President,,DEM,ARMANDO 'MANDO'  PEREZ-SERRATO,1
Wood,PRECINCT 71,President,,DEM,ARMANDO 'MANDO'  PEREZ-SERRATO,2
Wood,PRECINCT 74,President,,DEM,ARMANDO 'MANDO'  PEREZ-SERRATO,0
Wood,PRECINCT 74B,President,,DEM,ARMANDO 'MANDO'  PEREZ-SERRATO,1
Wood,PRECINCT 74C,President,,DEM,ARMANDO 'MANDO'  PEREZ-SERRATO,3
Wood,PRECINCT 74U,President,,DEM,ARMANDO 'MANDO'  PEREZ-SERRATO,0
Wood,PRECINCT 75,President,,DEM,ARMANDO 'MANDO'  PEREZ-SERRATO,0
Wood,PRECINCT 77,President,,DEM,ARMANDO 'MANDO'  PEREZ-SERRATO,2
Wood,PRECINCT 78,President,,DEM,ARMANDO 'MANDO'  PEREZ-SERRATO,0
Wood,PRECINCT 78A,President,,DEM,ARMANDO 'MANDO'  PEREZ-SERRATO,1
Wood,PRECINCT 79,President,,DEM,ARMANDO 'MANDO'  PEREZ-SERRATO,0
Wood,PRECINCT 81,President,,DEM,ARMANDO 'MANDO'  PEREZ-SERRATO,1
Wood,PRECINCT 82,President,,DEM,ARMANDO 'MANDO'  PEREZ-SERRATO,2
Wood,PRECINCT 85,President,,DEM,ARMANDO 'MANDO'  PEREZ-SERRATO,1
Wood,PRECINCT 86,President,,DEM,ARMANDO 'MANDO'  PEREZ-SERRATO,2
Wood,PRECINCT 87,President,,DEM,ARMANDO 'MANDO'  PEREZ-SERRATO,0
Wood,PRECINCT 88,President,,DEM,ARMANDO 'MANDO'  PEREZ-SERRATO,1
Wood,PRECINCT 89,President,,DEM,ARMANDO 'MANDO'  PEREZ-SERRATO,1
Wood,PRECINCT 8,President,,DEM,DEAN PHILLIPS,1
Wood,PRECINCT 10,President,,DEM,DEAN PHILLIPS,0
Wood,PRECINCT 13,President,,DEM,DEAN PHILLIPS,4
Wood,PRECINCT 16,President,,DEM,DEAN PHILLIPS,0
Wood,PRECINCT 19,President,,DEM,DEAN PHILLIPS,3
Wood,PRECINCT 27,President,,DEM,DEAN PHILLIPS,3
Wood,PRECINCT 29,President,,DEM,DEAN PHILLIPS,3
Wood,PRECINCT 32,President,,DEM,DEAN PHILLIPS,1
Wood,PRECINCT 33,President,,DEM,DEAN PHILLIPS,0
Wood,PRECINCT 34A,President,,DEM,DEAN PHILLIPS,8
Wood,PRECINCT 35,President,,DEM,DEAN PHILLIPS,4
Wood,PRECINCT 36,President,,DEM,DEAN PHILLIPS,4
Wood,PRECINCT 36B,President,,DEM,DEAN PHILLIPS,4
Wood,PRECINCT 37,President,,DEM,DEAN PHILLIPS,4
Wood,PRECINCT 37A,President,,DEM,DEAN PHILLIPS,4
Wood,PRECINCT 38,President,,DEM,DEAN PHILLIPS,0
Wood,PRECINCT 39,President,,DEM,DEAN PHILLIPS,1
Wood,PRECINCT 40,President,,DEM,DEAN PHILLIPS,1
Wood,PRECINCT 40A,President,,DEM,DEAN PHILLIPS,0
Wood,PRECINCT 41,President,,DEM,DEAN PHILLIPS,2
Wood,PRECINCT 42A,President,,DEM,DEAN PHILLIPS,4
Wood,PRECINCT 43A,President,,DEM,DEAN PHILLIPS,3
Wood,PRECINCT 45,President,,DEM,DEAN PHILLIPS,3
Wood,PRECINCT 45A,President,,DEM,DEAN PHILLIPS,4
Wood,PRECINCT 46,President,,DEM,DEAN PHILLIPS,6
Wood,PRECINCT 46B,President,,DEM,DEAN PHILLIPS,2
Wood,PRECINCT 47,President,,DEM,DEAN PHILLIPS,0
Wood,PRECINCT 48,President,,DEM,DEAN PHILLIPS,2
Wood,PRECINCT 49,President,,DEM,DEAN PHILLIPS,1
Wood,PRECINCT 49A,President,,DEM,DEAN PHILLIPS,1
Wood,PRECINCT 50,President,,DEM,DEAN PHILLIPS,0
Wood,PRECINCT 51,President,,DEM,DEAN PHILLIPS,4
Wood,PRECINCT 52,President,,DEM,DEAN PHILLIPS,6
Wood,PRECINCT 53,President,,DEM,DEAN PHILLIPS,4
Wood,PRECINCT 53A,President,,DEM,DEAN PHILLIPS,6
Wood,PRECINCT 54,President,,DEM,DEAN PHILLIPS,4
Wood,PRECINCT 54A,President,,DEM,DEAN PHILLIPS,2
Wood,PRECINCT 56,President,,DEM,DEAN PHILLIPS,3
Wood,PRECINCT 56A,President,,DEM,DEAN PHILLIPS,3
Wood,PRECINCT 57,President,,DEM,DEAN PHILLIPS,3
Wood,PRECINCT 57A,President,,DEM,DEAN PHILLIPS,3
Wood,PRECINCT 58,President,,DEM,DEAN PHILLIPS,8
Wood,PRECINCT 60,President,,DEM,DEAN PHILLIPS,2
Wood,PRECINCT 61,President,,DEM,DEAN PHILLIPS,3
Wood,PRECINCT 62,President,,DEM,DEAN PHILLIPS,6
Wood,PRECINCT 63,President,,DEM,DEAN PHILLIPS,0
Wood,PRECINCT 63A,President,,DEM,DEAN PHILLIPS,3
Wood,PRECINCT 63B,President,,DEM,DEAN PHILLIPS,4
Wood,PRECINCT 64,President,,DEM,DEAN PHILLIPS,3
Wood,PRECINCT 67,President,,DEM,DEAN PHILLIPS,13
Wood,PRECINCT 67A,President,,DEM,DEAN PHILLIPS,8
Wood,PRECINCT 69,President,,DEM,DEAN PHILLIPS,3
Wood,PRECINCT 71,President,,DEM,DEAN PHILLIPS,1
Wood,PRECINCT 74,President,,DEM,DEAN PHILLIPS,4
Wood,PRECINCT 74B,President,,DEM,DEAN PHILLIPS,3
Wood,PRECINCT 74C,President,,DEM,DEAN PHILLIPS,2
Wood,PRECINCT 74U,President,,DEM,DEAN PHILLIPS,1
Wood,PRECINCT 75,President,,DEM,DEAN PHILLIPS,4
Wood,PRECINCT 77,President,,DEM,DEAN PHILLIPS,4
Wood,PRECINCT 78,President,,DEM,DEAN PHILLIPS,2
Wood,PRECINCT 78A,President,,DEM,DEAN PHILLIPS,3
Wood,PRECINCT 79,President,,DEM,DEAN PHILLIPS,10
Wood,PRECINCT 81,President,,DEM,DEAN PHILLIPS,1
Wood,PRECINCT 82,President,,DEM,DEAN PHILLIPS,3
Wood,PRECINCT 85,President,,DEM,DEAN PHILLIPS,1
Wood,PRECINCT 86,President,,DEM,DEAN PHILLIPS,3
Wood,PRECINCT 87,President,,DEM,DEAN PHILLIPS,4
Wood,PRECINCT 88,President,,DEM,DEAN PHILLIPS,3
Wood,PRECINCT 89,President,,DEM,DEAN PHILLIPS,4
Wood,PRECINCT 8,President,,DEM,JOSEPH R. BIDEN JR,35
Wood,PRECINCT 10,President,,DEM,JOSEPH R. BIDEN JR,39
Wood,PRECINCT 13,President,,DEM,JOSEPH R. BIDEN JR,24
Wood,PRECINCT 16,President,,DEM,JOSEPH R. BIDEN JR,37
Wood,PRECINCT 19,President,,DEM,JOSEPH R. BIDEN JR,66
Wood,PRECINCT 27,President,,DEM,JOSEPH R. BIDEN JR,19
Wood,PRECINCT 29,President,,DEM,JOSEPH R. BIDEN JR,76
Wood,PRECINCT 32,President,,DEM,JOSEPH R. BIDEN JR,76
Wood,PRECINCT 33,President,,DEM,JOSEPH R. BIDEN JR,15
Wood,PRECINCT 34A,President,,DEM,JOSEPH R. BIDEN JR,68
Wood,PRECINCT 35,President,,DEM,JOSEPH R. BIDEN JR,67
Wood,PRECINCT 36,President,,DEM,JOSEPH R. BIDEN JR,44
Wood,PRECINCT 36B,President,,DEM,JOSEPH R. BIDEN JR,48
Wood,PRECINCT 37,President,,DEM,JOSEPH R. BIDEN JR,82
Wood,PRECINCT 37A,President,,DEM,JOSEPH R. BIDEN JR,75
Wood,PRECINCT 38,President,,DEM,JOSEPH R. BIDEN JR,7
Wood,PRECINCT 39,President,,DEM,JOSEPH R. BIDEN JR,25
Wood,PRECINCT 40,President,,DEM,JOSEPH R. BIDEN JR,18
Wood,PRECINCT 40A,President,,DEM,JOSEPH R. BIDEN JR,31
Wood,PRECINCT 41,President,,DEM,JOSEPH R. BIDEN JR,48
Wood,PRECINCT 42A,President,,DEM,JOSEPH R. BIDEN JR,75
Wood,PRECINCT 43A,President,,DEM,JOSEPH R. BIDEN JR,62
Wood,PRECINCT 45,President,,DEM,JOSEPH R. BIDEN JR,50
Wood,PRECINCT 45A,President,,DEM,JOSEPH R. BIDEN JR,58
Wood,PRECINCT 46,President,,DEM,JOSEPH R. BIDEN JR,82
Wood,PRECINCT 46B,President,,DEM,JOSEPH R. BIDEN JR,79
Wood,PRECINCT 47,President,,DEM,JOSEPH R. BIDEN JR,13
Wood,PRECINCT 48,President,,DEM,JOSEPH R. BIDEN JR,58
Wood,PRECINCT 49,President,,DEM,JOSEPH R. BIDEN JR,40
Wood,PRECINCT 49A,President,,DEM,JOSEPH R. BIDEN JR,46
Wood,PRECINCT 50,President,,DEM,JOSEPH R. BIDEN JR,18
Wood,PRECINCT 51,President,,DEM,JOSEPH R. BIDEN JR,62
Wood,PRECINCT 52,President,,DEM,JOSEPH R. BIDEN JR,76
Wood,PRECINCT 53,President,,DEM,JOSEPH R. BIDEN JR,19
Wood,PRECINCT 53A,President,,DEM,JOSEPH R. BIDEN JR,24
Wood,PRECINCT 54,President,,DEM,JOSEPH R. BIDEN JR,24
Wood,PRECINCT 54A,President,,DEM,JOSEPH R. BIDEN JR,33
Wood,PRECINCT 56,President,,DEM,JOSEPH R. BIDEN JR,15
Wood,PRECINCT 56A,President,,DEM,JOSEPH R. BIDEN JR,23
Wood,PRECINCT 57,President,,DEM,JOSEPH R. BIDEN JR,28
Wood,PRECINCT 57A,President,,DEM,JOSEPH R. BIDEN JR,26
Wood,PRECINCT 58,President,,DEM,JOSEPH R. BIDEN JR,43
Wood,PRECINCT 60,President,,DEM,JOSEPH R. BIDEN JR,12
Wood,PRECINCT 61,President,,DEM,JOSEPH R. BIDEN JR,10
Wood,PRECINCT 62,President,,DEM,JOSEPH R. BIDEN JR,47
Wood,PRECINCT 63,President,,DEM,JOSEPH R. BIDEN JR,12
Wood,PRECINCT 63A,President,,DEM,JOSEPH R. BIDEN JR,33
Wood,PRECINCT 63B,President,,DEM,JOSEPH R. BIDEN JR,27
Wood,PRECINCT 64,President,,DEM,JOSEPH R. BIDEN JR,36
Wood,PRECINCT 67,President,,DEM,JOSEPH R. BIDEN JR,52
Wood,PRECINCT 67A,President,,DEM,JOSEPH R. BIDEN JR,42
Wood,PRECINCT 69,President,,DEM,JOSEPH R. BIDEN JR,19
Wood,PRECINCT 71,President,,DEM,JOSEPH R. BIDEN JR,17
Wood,PRECINCT 74,President,,DEM,JOSEPH R. BIDEN JR,27
Wood,PRECINCT 74B,President,,DEM,JOSEPH R. BIDEN JR,36
Wood,PRECINCT 74C,President,,DEM,JOSEPH R. BIDEN JR,36
Wood,PRECINCT 74U,President,,DEM,JOSEPH R. BIDEN JR,7
Wood,PRECINCT 75,President,,DEM,JOSEPH R. BIDEN JR,30
Wood,PRECINCT 77,President,,DEM,JOSEPH R. BIDEN JR,39
Wood,PRECINCT 78,President,,DEM,JOSEPH R. BIDEN JR,20
Wood,PRECINCT 78A,President,,DEM,JOSEPH R. BIDEN JR,24
Wood,PRECINCT 79,President,,DEM,JOSEPH R. BIDEN JR,22
Wood,PRECINCT 81,President,,DEM,JOSEPH R. BIDEN JR,10
Wood,PRECINCT 82,President,,DEM,JOSEPH R. BIDEN JR,18
Wood,PRECINCT 85,President,,DEM,JOSEPH R. BIDEN JR,20
Wood,PRECINCT 86,President,,DEM,JOSEPH R. BIDEN JR,33
Wood,PRECINCT 87,President,,DEM,JOSEPH R. BIDEN JR,17
Wood,PRECINCT 88,President,,DEM,JOSEPH R. BIDEN JR,20
Wood,PRECINCT 89,President,,DEM,JOSEPH R. BIDEN JR,48
Wood,PRECINCT 8,President,,DEM,STEPHEN P  LYONS,0
Wood,PRECINCT 10,President,,DEM,STEPHEN P  LYONS,7
Wood,PRECINCT 13,President,,DEM,STEPHEN P  LYONS,3
Wood,PRECINCT 16,President,,DEM,STEPHEN P  LYONS,1
Wood,PRECINCT 19,President,,DEM,STEPHEN P  LYONS,2
Wood,PRECINCT 27,President,,DEM,STEPHEN P  LYONS,0
Wood,PRECINCT 29,President,,DEM,STEPHEN P  LYONS,5
Wood,PRECINCT 32,President,,DEM,STEPHEN P  LYONS,5
Wood,PRECINCT 33,President,,DEM,STEPHEN P  LYONS,2
Wood,PRECINCT 34A,President,,DEM,STEPHEN P  LYONS,5
Wood,PRECINCT 35,President,,DEM,STEPHEN P  LYONS,2
Wood,PRECINCT 36,President,,DEM,STEPHEN P  LYONS,2
Wood,PRECINCT 36B,President,,DEM,STEPHEN P  LYONS,3
Wood,PRECINCT 37,President,,DEM,STEPHEN P  LYONS,3
Wood,PRECINCT 37A,President,,DEM,STEPHEN P  LYONS,9
Wood,PRECINCT 38,President,,DEM,STEPHEN P  LYONS,1
Wood,PRECINCT 39,President,,DEM,STEPHEN P  LYONS,1
Wood,PRECINCT 40,President,,DEM,STEPHEN P  LYONS,2
Wood,PRECINCT 40A,President,,DEM,STEPHEN P  LYONS,3
Wood,PRECINCT 41,President,,DEM,STEPHEN P  LYONS,3
Wood,PRECINCT 42A,President,,DEM,STEPHEN P  LYONS,6
Wood,PRECINCT 43A,President,,DEM,STEPHEN P  LYONS,7
Wood,PRECINCT 45,President,,DEM,STEPHEN P  LYONS,6
Wood,PRECINCT 45A,President,,DEM,STEPHEN P  LYONS,5
Wood,PRECINCT 46,President,,DEM,STEPHEN P  LYONS,3
Wood,PRECINCT 46B,President,,DEM,STEPHEN P  LYONS,3
Wood,PRECINCT 47,President,,DEM,STEPHEN P  LYONS,1
Wood,PRECINCT 48,President,,DEM,STEPHEN P  LYONS,4
Wood,PRECINCT 49,President,,DEM,STEPHEN P  LYONS,2
Wood,PRECINCT 49A,President,,DEM,STEPHEN P  LYONS,6
Wood,PRECINCT 50,President,,DEM,STEPHEN P  LYONS,2
Wood,PRECINCT 51,President,,DEM,STEPHEN P  LYONS,2
Wood,PRECINCT 52,President,,DEM,STEPHEN P  LYONS,7
Wood,PRECINCT 53,President,,DEM,STEPHEN P  LYONS,2
Wood,PRECINCT 53A,President,,DEM,STEPHEN P  LYONS,1
Wood,PRECINCT 54,President,,DEM,STEPHEN P  LYONS,1
Wood,PRECINCT 54A,President,,DEM,STEPHEN P  LYONS,3
Wood,PRECINCT 56,President,,DEM,STEPHEN P  LYONS,6
Wood,PRECINCT 56A,President,,DEM,STEPHEN P  LYONS,2
Wood,PRECINCT 57,President,,DEM,STEPHEN P  LYONS,3
Wood,PRECINCT 57A,President,,DEM,STEPHEN P  LYONS,0
Wood,PRECINCT 58,President,,DEM,STEPHEN P  LYONS,4
Wood,PRECINCT 60,President,,DEM,STEPHEN P  LYONS,3
Wood,PRECINCT 61,President,,DEM,STEPHEN P  LYONS,8
Wood,PRECINCT 62,President,,DEM,STEPHEN P  LYONS,8
Wood,PRECINCT 63,President,,DEM,STEPHEN P  LYONS,3
Wood,PRECINCT 63A,President,,DEM,STEPHEN P  LYONS,2
Wood,PRECINCT 63B,President,,DEM,STEPHEN P  LYONS,4
Wood,PRECINCT 64,President,,DEM,STEPHEN P  LYONS,4
Wood,PRECINCT 67,President,,DEM,STEPHEN P  LYONS,5
Wood,PRECINCT 67A,President,,DEM,STEPHEN P  LYONS,6
Wood,PRECINCT 69,President,,DEM,STEPHEN P  LYONS,4
Wood,PRECINCT 71,President,,DEM,STEPHEN P  LYONS,2
Wood,PRECINCT 74,President,,DEM,STEPHEN P  LYONS,4
Wood,PRECINCT 74B,President,,DEM,STEPHEN P  LYONS,10
Wood,PRECINCT 74C,President,,DEM,STEPHEN P  LYONS,4
Wood,PRECINCT 74U,President,,DEM,STEPHEN P  LYONS,1
Wood,PRECINCT 75,President,,DEM,STEPHEN P  LYONS,3
Wood,PRECINCT 77,President,,DEM,STEPHEN P  LYONS,4
Wood,PRECINCT 78,President,,DEM,STEPHEN P  LYONS,3
Wood,PRECINCT 78A,President,,DEM,STEPHEN P  LYONS,6
Wood,PRECINCT 79,President,,DEM,STEPHEN P  LYONS,2
Wood,PRECINCT 81,President,,DEM,STEPHEN P  LYONS,2
Wood,PRECINCT 82,President,,DEM,STEPHEN P  LYONS,3
Wood,PRECINCT 85,President,,DEM,STEPHEN P  LYONS,5
Wood,PRECINCT 86,President,,DEM,STEPHEN P  LYONS,8
Wood,PRECINCT 87,President,,DEM,STEPHEN P  LYONS,1
Wood,PRECINCT 88,President,,DEM,STEPHEN P  LYONS,5
Wood,PRECINCT 89,President,,DEM,STEPHEN P  LYONS,0
Wood,PRECINCT 8,President,,MTN,JILL STEIN,0
Wood,PRECINCT 10,President,,MTN,JILL STEIN,0
Wood,PRECINCT 13,President,,MTN,JILL STEIN,0
Wood,PRECINCT 16,President,,MTN,JILL STEIN,1
Wood,PRECINCT 19,President,,MTN,JILL STEIN,0
Wood,PRECINCT 27,President,,MTN,JILL STEIN,0
Wood,PRECINCT 29,President,,MTN,JILL STEIN,1
Wood,PRECINCT 32,President,,MTN,JILL STEIN,0
Wood,PRECINCT 33,President,,MTN,JILL STEIN,0
Wood,PRECINCT 34A,President,,MTN,JILL STEIN,0
Wood,PRECINCT 35,President,,MTN,JILL STEIN,1
Wood,PRECINCT 36,President,,MTN,JILL STEIN,0
Wood,PRECINCT 36B,President,,MTN,JILL STEIN,0
Wood,PRECINCT 37,President,,MTN,JILL STEIN,0
Wood,PRECINCT 37A,President,,MTN,JILL STEIN,0
Wood,PRECINCT 38,President,,MTN,JILL STEIN,0
Wood,PRECINCT 39,President,,MTN,JILL STEIN,0
Wood,PRECINCT 40,President,,MTN,JILL STEIN,0
Wood,PRECINCT 40A,President,,MTN,JILL STEIN,0
Wood,PRECINCT 41,President,,MTN,JILL STEIN,0
Wood,PRECINCT 42A,President,,MTN,JILL STEIN,1
Wood,PRECINCT 43A,President,,MTN,JILL STEIN,1
Wood,PRECINCT 45,President,,MTN,JILL STEIN,0
Wood,PRECINCT 45A,President,,MTN,JILL STEIN,0
Wood,PRECINCT 46,President,,MTN,JILL STEIN,0
Wood,PRECINCT 46B,President,,MTN,JILL STEIN,0
Wood,PRECINCT 47,President,,MTN,JILL STEIN,0
Wood,PRECINCT 48,President,,MTN,JILL STEIN,0
Wood,PRECINCT 49,President,,MTN,JILL STEIN,0
Wood,PRECINCT 49A,President,,MTN,JILL STEIN,0
Wood,PRECINCT 50,President,,MTN,JILL STEIN,0
Wood,PRECINCT 51,President,,MTN,JILL STEIN,0
Wood,PRECINCT 52,President,,MTN,JILL STEIN,0
Wood,PRECINCT 53,President,,MTN,JILL STEIN,0
Wood,PRECINCT 53A,President,,MTN,JILL STEIN,0
Wood,PRECINCT 54,President,,MTN,JILL STEIN,0
Wood,PRECINCT 54A,President,,MTN,JILL STEIN,0
Wood,PRECINCT 56,President,,MTN,JILL STEIN,0
Wood,PRECINCT 56A,President,,MTN,JILL STEIN,1
Wood,PRECINCT 57,President,,MTN,JILL STEIN,2
Wood,PRECINCT 57A,President,,MTN,JILL STEIN,0
Wood,PRECINCT 58,President,,MTN,JILL STEIN,0
Wood,PRECINCT 60,President,,MTN,JILL STEIN,0
Wood,PRECINCT 61,President,,MTN,JILL STEIN,0
Wood,PRECINCT 62,President,,MTN,JILL STEIN,0
Wood,PRECINCT 63,President,,MTN,JILL STEIN,0
Wood,PRECINCT 63A,President,,MTN,JILL STEIN,0
Wood,PRECINCT 63B,President,,MTN,JILL STEIN,0
Wood,PRECINCT 64,President,,MTN,JILL STEIN,0
Wood,PRECINCT 67,President,,MTN,JILL STEIN,0
Wood,PRECINCT 67A,President,,MTN,JILL STEIN,0
Wood,PRECINCT 69,President,,MTN,JILL STEIN,0
Wood,PRECINCT 71,President,,MTN,JILL STEIN,0
Wood,PRECINCT 74,President,,MTN,JILL STEIN,0
Wood,PRECINCT 74B,President,,MTN,JILL STEIN,0
Wood,PRECINCT 74C,President,,MTN,JILL STEIN,0
Wood,PRECINCT 74U,President,,MTN,JILL STEIN,0
Wood,PRECINCT 75,President,,MTN,JILL STEIN,2
Wood,PRECINCT 77,President,,MTN,JILL STEIN,0
Wood,PRECINCT 78,President,,MTN,JILL STEIN,0
Wood,PRECINCT 78A,President,,MTN,JILL STEIN,0
Wood,PRECINCT 79,President,,MTN,JILL STEIN,0
Wood,PRECINCT 81,President,,MTN,JILL STEIN,0
Wood,PRECINCT 82,President,,MTN,JILL STEIN,0
Wood,PRECINCT 85,President,,MTN,JILL STEIN,1
Wood,PRECINCT 86,President,,MTN,JILL STEIN,0
Wood,PRECINCT 87,President,,MTN,JILL STEIN,0
Wood,PRECINCT 88,President,,MTN,JILL STEIN,1
Wood,PRECINCT 89,President,,MTN,JILL STEIN,0
Wood,PRECINCT 8,U.S. Senate,,REP,DON  LINDSAY,2
Wood,PRECINCT 10,U.S. Senate,,REP,DON  LINDSAY,1
Wood,PRECINCT 13,U.S. Senate,,REP,DON  LINDSAY,7
Wood,PRECINCT 16,U.S. Senate,,REP,DON  LINDSAY,4
Wood,PRECINCT 19,U.S. Senate,,REP,DON  LINDSAY,12
Wood,PRECINCT 27,U.S. Senate,,REP,DON  LINDSAY,7
Wood,PRECINCT 29,U.S. Senate,,REP,DON  LINDSAY,8
Wood,PRECINCT 32,U.S. Senate,,REP,DON  LINDSAY,7
Wood,PRECINCT 33,U.S. Senate,,REP,DON  LINDSAY,2
Wood,PRECINCT 34A,U.S. Senate,,REP,DON  LINDSAY,13
Wood,PRECINCT 35,U.S. Senate,,REP,DON  LINDSAY,13
Wood,PRECINCT 36,U.S. Senate,,REP,DON  LINDSAY,6
Wood,PRECINCT 36B,U.S. Senate,,REP,DON  LINDSAY,11
Wood,PRECINCT 37,U.S. Senate,,REP,DON  LINDSAY,11
Wood,PRECINCT 37A,U.S. Senate,,REP,DON  LINDSAY,9
Wood,PRECINCT 38,U.S. Senate,,REP,DON  LINDSAY,4
Wood,PRECINCT 39,U.S. Senate,,REP,DON  LINDSAY,6
Wood,PRECINCT 40,U.S. Senate,,REP,DON  LINDSAY,4
Wood,PRECINCT 40A,U.S. Senate,,REP,DON  LINDSAY,5
Wood,PRECINCT 41,U.S. Senate,,REP,DON  LINDSAY,10
Wood,PRECINCT 42A,U.S. Senate,,REP,DON  LINDSAY,5
Wood,PRECINCT 43A,U.S. Senate,,REP,DON  LINDSAY,13
Wood,PRECINCT 45,U.S. Senate,,REP,DON  LINDSAY,8
Wood,PRECINCT 45A,U.S. Senate,,REP,DON  LINDSAY,24
Wood,PRECINCT 46,U.S. Senate,,REP,DON  LINDSAY,20
Wood,PRECINCT 46B,U.S. Senate,,REP,DON  LINDSAY,14
Wood,PRECINCT 47,U.S. Senate,,REP,DON  LINDSAY,5
Wood,PRECINCT 48,U.S. Senate,,REP,DON  LINDSAY,15
Wood,PRECINCT 49,U.S. Senate,,REP,DON  LINDSAY,12
Wood,PRECINCT 49A,U.S. Senate,,REP,DON  LINDSAY,6
Wood,PRECINCT 50,U.S. Senate,,REP,DON  LINDSAY,4
Wood,PRECINCT 51,U.S. Senate,,REP,DON  LINDSAY,11
Wood,PRECINCT 52,U.S. Senate,,REP,DON  LINDSAY,4
Wood,PRECINCT 53,U.S. Senate,,REP,DON  LINDSAY,11
Wood,PRECINCT 53A,U.S. Senate,,REP,DON  LINDSAY,8
Wood,PRECINCT 54,U.S. Senate,,REP,DON  LINDSAY,9
Wood,PRECINCT 54A,U.S. Senate,,REP,DON  LINDSAY,4
Wood,PRECINCT 56,U.S. Senate,,REP,DON  LINDSAY,5
Wood,PRECINCT 56A,U.S. Senate,,REP,DON  LINDSAY,10
Wood,PRECINCT 57,U.S. Senate,,REP,DON  LINDSAY,6
Wood,PRECINCT 57A,U.S. Senate,,REP,DON  LINDSAY,9
Wood,PRECINCT 58,U.S. Senate,,REP,DON  LINDSAY,13
Wood,PRECINCT 60,U.S. Senate,,REP,DON  LINDSAY,4
Wood,PRECINCT 61,U.S. Senate,,REP,DON  LINDSAY,13
Wood,PRECINCT 62,U.S. Senate,,REP,DON  LINDSAY,11
Wood,PRECINCT 63,U.S. Senate,,REP,DON  LINDSAY,5
Wood,PRECINCT 63A,U.S. Senate,,REP,DON  LINDSAY,4
Wood,PRECINCT 63B,U.S. Senate,,REP,DON  LINDSAY,4
Wood,PRECINCT 64,U.S. Senate,,REP,DON  LINDSAY,11
Wood,PRECINCT 67,U.S. Senate,,REP,DON  LINDSAY,9
Wood,PRECINCT 67A,U.S. Senate,,REP,DON  LINDSAY,15
Wood,PRECINCT 69,U.S. Senate,,REP,DON  LINDSAY,14
Wood,PRECINCT 71,U.S. Senate,,REP,DON  LINDSAY,4
Wood,PRECINCT 74,U.S. Senate,,REP,DON  LINDSAY,16
Wood,PRECINCT 74B,U.S. Senate,,REP,DON  LINDSAY,19
Wood,PRECINCT 74C,U.S. Senate,,REP,DON  LINDSAY,10
Wood,PRECINCT 74U,U.S. Senate,,REP,DON  LINDSAY,2
Wood,PRECINCT 75,U.S. Senate,,REP,DON  LINDSAY,9
Wood,PRECINCT 77,U.S. Senate,,REP,DON  LINDSAY,13
Wood,PRECINCT 78,U.S. Senate,,REP,DON  LINDSAY,10
Wood,PRECINCT 78A,U.S. Senate,,REP,DON  LINDSAY,16
Wood,PRECINCT 79,U.S. Senate,,REP,DON  LINDSAY,22
Wood,PRECINCT 81,U.S. Senate,,REP,DON  LINDSAY,12
Wood,PRECINCT 82,U.S. Senate,,REP,DON  LINDSAY,16
Wood,PRECINCT 85,U.S. Senate,,REP,DON  LINDSAY,4
Wood,PRECINCT 86,U.S. Senate,,REP,DON  LINDSAY,15
Wood,PRECINCT 87,U.S. Senate,,REP,DON  LINDSAY,17
Wood,PRECINCT 88,U.S. Senate,,REP,DON  LINDSAY,16
Wood,PRECINCT 89,U.S. Senate,,REP,DON  LINDSAY,16
Wood,PRECINCT 8,U.S. Senate,,REP,ZANE LAWHORN,0
Wood,PRECINCT 10,U.S. Senate,,REP,ZANE LAWHORN,1
Wood,PRECINCT 13,U.S. Senate,,REP,ZANE LAWHORN,1
Wood,PRECINCT 16,U.S. Senate,,REP,ZANE LAWHORN,1
Wood,PRECINCT 19,U.S. Senate,,REP,ZANE LAWHORN,2
Wood,PRECINCT 27,U.S. Senate,,REP,ZANE LAWHORN,1
Wood,PRECINCT 29,U.S. Senate,,REP,ZANE LAWHORN,0
Wood,PRECINCT 32,U.S. Senate,,REP,ZANE LAWHORN,0
Wood,PRECINCT 33,U.S. Senate,,REP,ZANE LAWHORN,0
Wood,PRECINCT 34A,U.S. Senate,,REP,ZANE LAWHORN,4
Wood,PRECINCT 35,U.S. Senate,,REP,ZANE LAWHORN,3
Wood,PRECINCT 36,U.S. Senate,,REP,ZANE LAWHORN,2
Wood,PRECINCT 36B,U.S. Senate,,REP,ZANE LAWHORN,2
Wood,PRECINCT 37,U.S. Senate,,REP,ZANE LAWHORN,6
Wood,PRECINCT 37A,U.S. Senate,,REP,ZANE LAWHORN,3
Wood,PRECINCT 38,U.S. Senate,,REP,ZANE LAWHORN,0
Wood,PRECINCT 39,U.S. Senate,,REP,ZANE LAWHORN,2
Wood,PRECINCT 40,U.S. Senate,,REP,ZANE LAWHORN,3
Wood,PRECINCT 40A,U.S. Senate,,REP,ZANE LAWHORN,2
Wood,PRECINCT 41,U.S. Senate,,REP,ZANE LAWHORN,2
Wood,PRECINCT 42A,U.S. Senate,,REP,ZANE LAWHORN,3
Wood,PRECINCT 43A,U.S. Senate,,REP,ZANE LAWHORN,1
Wood,PRECINCT 45,U.S. Senate,,REP,ZANE LAWHORN,2
Wood,PRECINCT 45A,U.S. Senate,,REP,ZANE LAWHORN,2
Wood,PRECINCT 46,U.S. Senate,,REP,ZANE LAWHORN,4
Wood,PRECINCT 46B,U.S. Senate,,REP,ZANE LAWHORN,2
Wood,PRECINCT 47,U.S. Senate,,REP,ZANE LAWHORN,0
Wood,PRECINCT 48,U.S. Senate,,REP,ZANE LAWHORN,0
Wood,PRECINCT 49,U.S. Senate,,REP,ZANE LAWHORN,1
Wood,PRECINCT 49A,U.S. Senate,,REP,ZANE LAWHORN,0
Wood,PRECINCT 50,U.S. Senate,,REP,ZANE LAWHORN,2
Wood,PRECINCT 51,U.S. Senate,,REP,ZANE LAWHORN,4
Wood,PRECINCT 52,U.S. Senate,,REP,ZANE LAWHORN,3
Wood,PRECINCT 53,U.S. Senate,,REP,ZANE LAWHORN,1
Wood,PRECINCT 53A,U.S. Senate,,REP,ZANE LAWHORN,2
Wood,PRECINCT 54,U.S. Senate,,REP,ZANE LAWHORN,1
Wood,PRECINCT 54A,U.S. Senate,,REP,ZANE LAWHORN,0
Wood,PRECINCT 56,U.S. Senate,,REP,ZANE LAWHORN,1
Wood,PRECINCT 56A,U.S. Senate,,REP,ZANE LAWHORN,4
Wood,PRECINCT 57,U.S. Senate,,REP,ZANE LAWHORN,2
Wood,PRECINCT 57A,U.S. Senate,,REP,ZANE LAWHORN,2
Wood,PRECINCT 58,U.S. Senate,,REP,ZANE LAWHORN,6
Wood,PRECINCT 60,U.S. Senate,,REP,ZANE LAWHORN,0
Wood,PRECINCT 61,U.S. Senate,,REP,ZANE LAWHORN,1
Wood,PRECINCT 62,U.S. Senate,,REP,ZANE LAWHORN,3
Wood,PRECINCT 63,U.S. Senate,,REP,ZANE LAWHORN,0
Wood,PRECINCT 63A,U.S. Senate,,REP,ZANE LAWHORN,0
Wood,PRECINCT 63B,U.S. Senate,,REP,ZANE LAWHORN,1
Wood,PRECINCT 64,U.S. Senate,,REP,ZANE LAWHORN,2
Wood,PRECINCT 67,U.S. Senate,,REP,ZANE LAWHORN,1
Wood,PRECINCT 67A,U.S. Senate,,REP,ZANE LAWHORN,6
Wood,PRECINCT 69,U.S. Senate,,REP,ZANE LAWHORN,0
Wood,PRECINCT 71,U.S. Senate,,REP,ZANE LAWHORN,0
Wood,PRECINCT 74,U.S. Senate,,REP,ZANE LAWHORN,1
Wood,PRECINCT 74B,U.S. Senate,,REP,ZANE LAWHORN,2
Wood,PRECINCT 74C,U.S. Senate,,REP,ZANE LAWHORN,2
Wood,PRECINCT 74U,U.S. Senate,,REP,ZANE LAWHORN,1
Wood,PRECINCT 75,U.S. Senate,,REP,ZANE LAWHORN,2
Wood,PRECINCT 77,U.S. Senate,,REP,ZANE LAWHORN,1
Wood,PRECINCT 78,U.S. Senate,,REP,ZANE LAWHORN,2
Wood,PRECINCT 78A,U.S. Senate,,REP,ZANE LAWHORN,4
Wood,PRECINCT 79,U.S. Senate,,REP,ZANE LAWHORN,2
Wood,PRECINCT 81,U.S. Senate,,REP,ZANE LAWHORN,1
Wood,PRECINCT 82,U.S. Senate,,REP,ZANE LAWHORN,0
Wood,PRECINCT 85,U.S. Senate,,REP,ZANE LAWHORN,3
Wood,PRECINCT 86,U.S. Senate,,REP,ZANE LAWHORN,2
Wood,PRECINCT 87,U.S. Senate,,REP,ZANE LAWHORN,2
Wood,PRECINCT 88,U.S. Senate,,REP,ZANE LAWHORN,4
Wood,PRECINCT 89,U.S. Senate,,REP,ZANE LAWHORN,1
Wood,PRECINCT 8,U.S. Senate,,REP,BRYAN McKINNEY,2
Wood,PRECINCT 10,U.S. Senate,,REP,BRYAN McKINNEY,2
Wood,PRECINCT 13,U.S. Senate,,REP,BRYAN McKINNEY,1
Wood,PRECINCT 16,U.S. Senate,,REP,BRYAN McKINNEY,1
Wood,PRECINCT 19,U.S. Senate,,REP,BRYAN McKINNEY,4
Wood,PRECINCT 27,U.S. Senate,,REP,BRYAN McKINNEY,1
Wood,PRECINCT 29,U.S. Senate,,REP,BRYAN McKINNEY,2
Wood,PRECINCT 32,U.S. Senate,,REP,BRYAN McKINNEY,2
Wood,PRECINCT 33,U.S. Senate,,REP,BRYAN McKINNEY,2
Wood,PRECINCT 34A,U.S. Senate,,REP,BRYAN McKINNEY,3
Wood,PRECINCT 35,U.S. Senate,,REP,BRYAN McKINNEY,3
Wood,PRECINCT 36,U.S. Senate,,REP,BRYAN McKINNEY,6
Wood,PRECINCT 36B,U.S. Senate,,REP,BRYAN McKINNEY,11
Wood,PRECINCT 37,U.S. Senate,,REP,BRYAN McKINNEY,4
Wood,PRECINCT 37A,U.S. Senate,,REP,BRYAN McKINNEY,7
Wood,PRECINCT 38,U.S. Senate,,REP,BRYAN McKINNEY,0
Wood,PRECINCT 39,U.S. Senate,,REP,BRYAN McKINNEY,3
Wood,PRECINCT 40,U.S. Senate,,REP,BRYAN McKINNEY,1
Wood,PRECINCT 40A,U.S. Senate,,REP,BRYAN McKINNEY,4
Wood,PRECINCT 41,U.S. Senate,,REP,BRYAN McKINNEY,3
Wood,PRECINCT 42A,U.S. Senate,,REP,BRYAN McKINNEY,1
Wood,PRECINCT 43A,U.S. Senate,,REP,BRYAN McKINNEY,4
Wood,PRECINCT 45,U.S. Senate,,REP,BRYAN McKINNEY,6
Wood,PRECINCT 45A,U.S. Senate,,REP,BRYAN McKINNEY,5
Wood,PRECINCT 46,U.S. Senate,,REP,BRYAN McKINNEY,4
Wood,PRECINCT 46B,U.S. Senate,,REP,BRYAN McKINNEY,4
Wood,PRECINCT 47,U.S. Senate,,REP,BRYAN McKINNEY,6
Wood,PRECINCT 48,U.S. Senate,,REP,BRYAN McKINNEY,3
Wood,PRECINCT 49,U.S. Senate,,REP,BRYAN McKINNEY,6
Wood,PRECINCT 49A,U.S. Senate,,REP,BRYAN McKINNEY,2
Wood,PRECINCT 50,U.S. Senate,,REP,BRYAN McKINNEY,1
Wood,PRECINCT 51,U.S. Senate,,REP,BRYAN McKINNEY,6
Wood,PRECINCT 52,U.S. Senate,,REP,BRYAN McKINNEY,7
Wood,PRECINCT 53,U.S. Senate,,REP,BRYAN McKINNEY,4
Wood,PRECINCT 53A,U.S. Senate,,REP,BRYAN McKINNEY,2
Wood,PRECINCT 54,U.S. Senate,,REP,BRYAN McKINNEY,1
Wood,PRECINCT 54A,U.S. Senate,,REP,BRYAN McKINNEY,2
Wood,PRECINCT 56,U.S. Senate,,REP,BRYAN McKINNEY,1
Wood,PRECINCT 56A,U.S. Senate,,REP,BRYAN McKINNEY,8
Wood,PRECINCT 57,U.S. Senate,,REP,BRYAN McKINNEY,3
Wood,PRECINCT 57A,U.S. Senate,,REP,BRYAN McKINNEY,4
Wood,PRECINCT 58,U.S. Senate,,REP,BRYAN McKINNEY,7
Wood,PRECINCT 60,U.S. Senate,,REP,BRYAN McKINNEY,7
Wood,PRECINCT 61,U.S. Senate,,REP,BRYAN McKINNEY,8
Wood,PRECINCT 62,U.S. Senate,,REP,BRYAN McKINNEY,5
Wood,PRECINCT 63,U.S. Senate,,REP,BRYAN McKINNEY,3
Wood,PRECINCT 63A,U.S. Senate,,REP,BRYAN McKINNEY,3
Wood,PRECINCT 63B,U.S. Senate,,REP,BRYAN McKINNEY,5
Wood,PRECINCT 64,U.S. Senate,,REP,BRYAN McKINNEY,7
Wood,PRECINCT 67,U.S. Senate,,REP,BRYAN McKINNEY,7
Wood,PRECINCT 67A,U.S. Senate,,REP,BRYAN McKINNEY,3
Wood,PRECINCT 69,U.S. Senate,,REP,BRYAN McKINNEY,3
Wood,PRECINCT 71,U.S. Senate,,REP,BRYAN McKINNEY,0
Wood,PRECINCT 74,U.S. Senate,,REP,BRYAN McKINNEY,2
Wood,PRECINCT 74B,U.S. Senate,,REP,BRYAN McKINNEY,5
Wood,PRECINCT 74C,U.S. Senate,,REP,BRYAN McKINNEY,9
Wood,PRECINCT 74U,U.S. Senate,,REP,BRYAN McKINNEY,0
Wood,PRECINCT 75,U.S. Senate,,REP,BRYAN McKINNEY,2
Wood,PRECINCT 77,U.S. Senate,,REP,BRYAN McKINNEY,7
Wood,PRECINCT 78,U.S. Senate,,REP,BRYAN McKINNEY,1
Wood,PRECINCT 78A,U.S. Senate,,REP,BRYAN McKINNEY,7
Wood,PRECINCT 79,U.S. Senate,,REP,BRYAN McKINNEY,4
Wood,PRECINCT 81,U.S. Senate,,REP,BRYAN McKINNEY,4
Wood,PRECINCT 82,U.S. Senate,,REP,BRYAN McKINNEY,7
Wood,PRECINCT 85,U.S. Senate,,REP,BRYAN McKINNEY,12
Wood,PRECINCT 86,U.S. Senate,,REP,BRYAN McKINNEY,4
Wood,PRECINCT 87,U.S. Senate,,REP,BRYAN McKINNEY,2
Wood,PRECINCT 88,U.S. Senate,,REP,BRYAN McKINNEY,3
Wood,PRECINCT 89,U.S. Senate,,REP,BRYAN McKINNEY,5
Wood,PRECINCT 8,U.S. Senate,,REP,JANET McNULTY,3
Wood,PRECINCT 10,U.S. Senate,,REP,JANET McNULTY,4
Wood,PRECINCT 13,U.S. Senate,,REP,JANET McNULTY,1
Wood,PRECINCT 16,U.S. Senate,,REP,JANET McNULTY,0
Wood,PRECINCT 19,U.S. Senate,,REP,JANET McNULTY,6
Wood,PRECINCT 27,U.S. Senate,,REP,JANET McNULTY,1
Wood,PRECINCT 29,U.S. Senate,,REP,JANET McNULTY,2
Wood,PRECINCT 32,U.S. Senate,,REP,JANET McNULTY,5
Wood,PRECINCT 33,U.S. Senate,,REP,JANET McNULTY,1
Wood,PRECINCT 34A,U.S. Senate,,REP,JANET McNULTY,5
Wood,PRECINCT 35,U.S. Senate,,REP,JANET McNULTY,3
Wood,PRECINCT 36,U.S. Senate,,REP,JANET McNULTY,5
Wood,PRECINCT 36B,U.S. Senate,,REP,JANET McNULTY,4
Wood,PRECINCT 37,U.S. Senate,,REP,JANET McNULTY,4
Wood,PRECINCT 37A,U.S. Senate,,REP,JANET McNULTY,0
Wood,PRECINCT 38,U.S. Senate,,REP,JANET McNULTY,1
Wood,PRECINCT 39,U.S. Senate,,REP,JANET McNULTY,2
Wood,PRECINCT 40,U.S. Senate,,REP,JANET McNULTY,0
Wood,PRECINCT 40A,U.S. Senate,,REP,JANET McNULTY,4
Wood,PRECINCT 41,U.S. Senate,,REP,JANET McNULTY,6
Wood,PRECINCT 42A,U.S. Senate,,REP,JANET McNULTY,4
Wood,PRECINCT 43A,U.S. Senate,,REP,JANET McNULTY,4
Wood,PRECINCT 45,U.S. Senate,,REP,JANET McNULTY,2
Wood,PRECINCT 45A,U.S. Senate,,REP,JANET McNULTY,4
Wood,PRECINCT 46,U.S. Senate,,REP,JANET McNULTY,5
Wood,PRECINCT 46B,U.S. Senate,,REP,JANET McNULTY,12
Wood,PRECINCT 47,U.S. Senate,,REP,JANET McNULTY,1
Wood,PRECINCT 48,U.S. Senate,,REP,JANET McNULTY,1
Wood,PRECINCT 49,U.S. Senate,,REP,JANET McNULTY,2
Wood,PRECINCT 49A,U.S. Senate,,REP,JANET McNULTY,1
Wood,PRECINCT 50,U.S. Senate,,REP,JANET McNULTY,1
Wood,PRECINCT 51,U.S. Senate,,REP,JANET McNULTY,6
Wood,PRECINCT 52,U.S. Senate,,REP,JANET McNULTY,4
Wood,PRECINCT 53,U.S. Senate,,REP,JANET McNULTY,3
Wood,PRECINCT 53A,U.S. Senate,,REP,JANET McNULTY,2
Wood,PRECINCT 54,U.S. Senate,,REP,JANET McNULTY,1
Wood,PRECINCT 54A,U.S. Senate,,REP,JANET McNULTY,4
Wood,PRECINCT 56,U.S. Senate,,REP,JANET McNULTY,3
Wood,PRECINCT 56A,U.S. Senate,,REP,JANET McNULTY,2
Wood,PRECINCT 57,U.S. Senate,,REP,JANET McNULTY,3
Wood,PRECINCT 57A,U.S. Senate,,REP,JANET McNULTY,2
Wood,PRECINCT 58,U.S. Senate,,REP,JANET McNULTY,4
Wood,PRECINCT 60,U.S. Senate,,REP,JANET McNULTY,2
Wood,PRECINCT 61,U.S. Senate,,REP,JANET McNULTY,0
Wood,PRECINCT 62,U.S. Senate,,REP,JANET McNULTY,7
Wood,PRECINCT 63,U.S. Senate,,REP,JANET McNULTY,1
Wood,PRECINCT 63A,U.S. Senate,,REP,JANET McNULTY,3
Wood,PRECINCT 63B,U.S. Senate,,REP,JANET McNULTY,0
Wood,PRECINCT 64,U.S. Senate,,REP,JANET McNULTY,6
Wood,PRECINCT 67,U.S. Senate,,REP,JANET McNULTY,2
Wood,PRECINCT 67A,U.S. Senate,,REP,JANET McNULTY,6
Wood,PRECINCT 69,U.S. Senate,,REP,JANET McNULTY,0
Wood,PRECINCT 71,U.S. Senate,,REP,JANET McNULTY,4
Wood,PRECINCT 74,U.S. Senate,,REP,JANET McNULTY,5
Wood,PRECINCT 74B,U.S. Senate,,REP,JANET McNULTY,9
Wood,PRECINCT 74C,U.S. Senate,,REP,JANET McNULTY,2
Wood,PRECINCT 74U,U.S. Senate,,REP,JANET McNULTY,0
Wood,PRECINCT 75,U.S. Senate,,REP,JANET McNULTY,5
Wood,PRECINCT 77,U.S. Senate,,REP,JANET McNULTY,2
Wood,PRECINCT 78,U.S. Senate,,REP,JANET McNULTY,3
Wood,PRECINCT 78A,U.S. Senate,,REP,JANET McNULTY,2
Wood,PRECINCT 79,U.S. Senate,,REP,JANET McNULTY,2
Wood,PRECINCT 81,U.S. Senate,,REP,JANET McNULTY,1
Wood,PRECINCT 82,U.S. Senate,,REP,JANET McNULTY,7
Wood,PRECINCT 85,U.S. Senate,,REP,JANET McNULTY,3
Wood,PRECINCT 86,U.S. Senate,,REP,JANET McNULTY,2
Wood,PRECINCT 87,U.S. Senate,,REP,JANET McNULTY,0
Wood,PRECINCT 88,U.S. Senate,,REP,JANET McNULTY,4
Wood,PRECINCT 89,U.S. Senate,,REP,JANET McNULTY,3
Wood,PRECINCT 8,U.S. Senate,,REP,ALEXANDER X.  MOONEY,29
Wood,PRECINCT 10,U.S. Senate,,REP,ALEXANDER X.  MOONEY,23
Wood,PRECINCT 13,U.S. Senate,,REP,ALEXANDER X.  MOONEY,11
Wood,PRECINCT 16,U.S. Senate,,REP,ALEXANDER X.  MOONEY,24
Wood,PRECINCT 19,U.S. Senate,,REP,ALEXANDER X.  MOONEY,50
Wood,PRECINCT 27,U.S. Senate,,REP,ALEXANDER X.  MOONEY,11
Wood,PRECINCT 29,U.S. Senate,,REP,ALEXANDER X.  MOONEY,49
Wood,PRECINCT 32,U.S. Senate,,REP,ALEXANDER X.  MOONEY,34
Wood,PRECINCT 33,U.S. Senate,,REP,ALEXANDER X.  MOONEY,5
Wood,PRECINCT 34A,U.S. Senate,,REP,ALEXANDER X.  MOONEY,46
Wood,PRECINCT 35,U.S. Senate,,REP,ALEXANDER X.  MOONEY,33
Wood,PRECINCT 36,U.S. Senate,,REP,ALEXANDER X.  MOONEY,22
Wood,PRECINCT 36B,U.S. Senate,,REP,ALEXANDER X.  MOONEY,44
Wood,PRECINCT 37,U.S. Senate,,REP,ALEXANDER X.  MOONEY,43
Wood,PRECINCT 37A,U.S. Senate,,REP,ALEXANDER X.  MOONEY,47
Wood,PRECINCT 38,U.S. Senate,,REP,ALEXANDER X.  MOONEY,9
Wood,PRECINCT 39,U.S. Senate,,REP,ALEXANDER X.  MOONEY,19
Wood,PRECINCT 40,U.S. Senate,,REP,ALEXANDER X.  MOONEY,14
Wood,PRECINCT 40A,U.S. Senate,,REP,ALEXANDER X.  MOONEY,34
Wood,PRECINCT 41,U.S. Senate,,REP,ALEXANDER X.  MOONEY,38
Wood,PRECINCT 42A,U.S. Senate,,REP,ALEXANDER X.  MOONEY,54
Wood,PRECINCT 43A,U.S. Senate,,REP,ALEXANDER X.  MOONEY,55
Wood,PRECINCT 45,U.S. Senate,,REP,ALEXANDER X.  MOONEY,44
Wood,PRECINCT 45A,U.S. Senate,,REP,ALEXANDER X.  MOONEY,47
Wood,PRECINCT 46,U.S. Senate,,REP,ALEXANDER X.  MOONEY,83
Wood,PRECINCT 46B,U.S. Senate,,REP,ALEXANDER X.  MOONEY,90
Wood,PRECINCT 47,U.S. Senate,,REP,ALEXANDER X.  MOONEY,21
Wood,PRECINCT 48,U.S. Senate,,REP,ALEXANDER X.  MOONEY,85
Wood,PRECINCT 49,U.S. Senate,,REP,ALEXANDER X.  MOONEY,32
Wood,PRECINCT 49A,U.S. Senate,,REP,ALEXANDER X.  MOONEY,29
Wood,PRECINCT 50,U.S. Senate,,REP,ALEXANDER X.  MOONEY,29
Wood,PRECINCT 51,U.S. Senate,,REP,ALEXANDER X.  MOONEY,64
Wood,PRECINCT 52,U.S. Senate,,REP,ALEXANDER X.  MOONEY,74
Wood,PRECINCT 53,U.S. Senate,,REP,ALEXANDER X.  MOONEY,34
Wood,PRECINCT 53A,U.S. Senate,,REP,ALEXANDER X.  MOONEY,43
Wood,PRECINCT 54,U.S. Senate,,REP,ALEXANDER X.  MOONEY,43
Wood,PRECINCT 54A,U.S. Senate,,REP,ALEXANDER X.  MOONEY,36
Wood,PRECINCT 56,U.S. Senate,,REP,ALEXANDER X.  MOONEY,36
Wood,PRECINCT 56A,U.S. Senate,,REP,ALEXANDER X.  MOONEY,53
Wood,PRECINCT 57,U.S. Senate,,REP,ALEXANDER X.  MOONEY,46
Wood,PRECINCT 57A,U.S. Senate,,REP,ALEXANDER X.  MOONEY,37
Wood,PRECINCT 58,U.S. Senate,,REP,ALEXANDER X.  MOONEY,69
Wood,PRECINCT 60,U.S. Senate,,REP,ALEXANDER X.  MOONEY,33
Wood,PRECINCT 61,U.S. Senate,,REP,ALEXANDER X.  MOONEY,42
Wood,PRECINCT 62,U.S. Senate,,REP,ALEXANDER X.  MOONEY,60
Wood,PRECINCT 63,U.S. Senate,,REP,ALEXANDER X.  MOONEY,33
Wood,PRECINCT 63A,U.S. Senate,,REP,ALEXANDER X.  MOONEY,44
Wood,PRECINCT 63B,U.S. Senate,,REP,ALEXANDER X.  MOONEY,22
Wood,PRECINCT 64,U.S. Senate,,REP,ALEXANDER X.  MOONEY,65
Wood,PRECINCT 67,U.S. Senate,,REP,ALEXANDER X.  MOONEY,101
Wood,PRECINCT 67A,U.S. Senate,,REP,ALEXANDER X.  MOONEY,94
Wood,PRECINCT 69,U.S. Senate,,REP,ALEXANDER X.  MOONEY,44
Wood,PRECINCT 71,U.S. Senate,,REP,ALEXANDER X.  MOONEY,13
Wood,PRECINCT 74,U.S. Senate,,REP,ALEXANDER X.  MOONEY,37
Wood,PRECINCT 74B,U.S. Senate,,REP,ALEXANDER X.  MOONEY,43
Wood,PRECINCT 74C,U.S. Senate,,REP,ALEXANDER X.  MOONEY,38
Wood,PRECINCT 74U,U.S. Senate,,REP,ALEXANDER X.  MOONEY,10
Wood,PRECINCT 75,U.S. Senate,,REP,ALEXANDER X.  MOONEY,26
Wood,PRECINCT 77,U.S. Senate,,REP,ALEXANDER X.  MOONEY,36
Wood,PRECINCT 78,U.S. Senate,,REP,ALEXANDER X.  MOONEY,19
Wood,PRECINCT 78A,U.S. Senate,,REP,ALEXANDER X.  MOONEY,78
Wood,PRECINCT 79,U.S. Senate,,REP,ALEXANDER X.  MOONEY,42
Wood,PRECINCT 81,U.S. Senate,,REP,ALEXANDER X.  MOONEY,51
Wood,PRECINCT 82,U.S. Senate,,REP,ALEXANDER X.  MOONEY,86
Wood,PRECINCT 85,U.S. Senate,,REP,ALEXANDER X.  MOONEY,49
Wood,PRECINCT 86,U.S. Senate,,REP,ALEXANDER X.  MOONEY,47
Wood,PRECINCT 87,U.S. Senate,,REP,ALEXANDER X.  MOONEY,48
Wood,PRECINCT 88,U.S. Senate,,REP,ALEXANDER X.  MOONEY,42
Wood,PRECINCT 89,U.S. Senate,,REP,ALEXANDER X.  MOONEY,61
Wood,PRECINCT 8,U.S. Senate,,REP,BRYAN BIRD,0
Wood,PRECINCT 10,U.S. Senate,,REP,BRYAN BIRD,3
Wood,PRECINCT 13,U.S. Senate,,REP,BRYAN BIRD,0
Wood,PRECINCT 16,U.S. Senate,,REP,BRYAN BIRD,0
Wood,PRECINCT 19,U.S. Senate,,REP,BRYAN BIRD,4
Wood,PRECINCT 27,U.S. Senate,,REP,BRYAN BIRD,0
Wood,PRECINCT 29,U.S. Senate,,REP,BRYAN BIRD,3
Wood,PRECINCT 32,U.S. Senate,,REP,BRYAN BIRD,4
Wood,PRECINCT 33,U.S. Senate,,REP,BRYAN BIRD,1
Wood,PRECINCT 34A,U.S. Senate,,REP,BRYAN BIRD,2
Wood,PRECINCT 35,U.S. Senate,,REP,BRYAN BIRD,1
Wood,PRECINCT 36,U.S. Senate,,REP,BRYAN BIRD,3
Wood,PRECINCT 36B,U.S. Senate,,REP,BRYAN BIRD,2
Wood,PRECINCT 37,U.S. Senate,,REP,BRYAN BIRD,7
Wood,PRECINCT 37A,U.S. Senate,,REP,BRYAN BIRD,5
Wood,PRECINCT 38,U.S. Senate,,REP,BRYAN BIRD,0
Wood,PRECINCT 39,U.S. Senate,,REP,BRYAN BIRD,3
Wood,PRECINCT 40,U.S. Senate,,REP,BRYAN BIRD,1
Wood,PRECINCT 40A,U.S. Senate,,REP,BRYAN BIRD,1
Wood,PRECINCT 41,U.S. Senate,,REP,BRYAN BIRD,1
Wood,PRECINCT 42A,U.S. Senate,,REP,BRYAN BIRD,3
Wood,PRECINCT 43A,U.S. Senate,,REP,BRYAN BIRD,4
Wood,PRECINCT 45,U.S. Senate,,REP,BRYAN BIRD,2
Wood,PRECINCT 45A,U.S. Senate,,REP,BRYAN BIRD,3
Wood,PRECINCT 46,U.S. Senate,,REP,BRYAN BIRD,2
Wood,PRECINCT 46B,U.S. Senate,,REP,BRYAN BIRD,0
Wood,PRECINCT 47,U.S. Senate,,REP,BRYAN BIRD,1
Wood,PRECINCT 48,U.S. Senate,,REP,BRYAN BIRD,4
Wood,PRECINCT 49,U.S. Senate,,REP,BRYAN BIRD,2
Wood,PRECINCT 49A,U.S. Senate,,REP,BRYAN BIRD,0
Wood,PRECINCT 50,U.S. Senate,,REP,BRYAN BIRD,5
Wood,PRECINCT 51,U.S. Senate,,REP,BRYAN BIRD,4
Wood,PRECINCT 52,U.S. Senate,,REP,BRYAN BIRD,4
Wood,PRECINCT 53,U.S. Senate,,REP,BRYAN BIRD,3
Wood,PRECINCT 53A,U.S. Senate,,REP,BRYAN BIRD,1
Wood,PRECINCT 54,U.S. Senate,,REP,BRYAN BIRD,3
Wood,PRECINCT 54A,U.S. Senate,,REP,BRYAN BIRD,2
Wood,PRECINCT 56,U.S. Senate,,REP,BRYAN BIRD,2
Wood,PRECINCT 56A,U.S. Senate,,REP,BRYAN BIRD,6
Wood,PRECINCT 57,U.S. Senate,,REP,BRYAN BIRD,2
Wood,PRECINCT 57A,U.S. Senate,,REP,BRYAN BIRD,4
Wood,PRECINCT 58,U.S. Senate,,REP,BRYAN BIRD,5
Wood,PRECINCT 60,U.S. Senate,,REP,BRYAN BIRD,2
Wood,PRECINCT 61,U.S. Senate,,REP,BRYAN BIRD,3
Wood,PRECINCT 62,U.S. Senate,,REP,BRYAN BIRD,1
Wood,PRECINCT 63,U.S. Senate,,REP,BRYAN BIRD,2
Wood,PRECINCT 63A,U.S. Senate,,REP,BRYAN BIRD,4
Wood,PRECINCT 63B,U.S. Senate,,REP,BRYAN BIRD,2
Wood,PRECINCT 64,U.S. Senate,,REP,BRYAN BIRD,3
Wood,PRECINCT 67,U.S. Senate,,REP,BRYAN BIRD,4
Wood,PRECINCT 67A,U.S. Senate,,REP,BRYAN BIRD,4
Wood,PRECINCT 69,U.S. Senate,,REP,BRYAN BIRD,3
Wood,PRECINCT 71,U.S. Senate,,REP,BRYAN BIRD,0
Wood,PRECINCT 74,U.S. Senate,,REP,BRYAN BIRD,4
Wood,PRECINCT 74B,U.S. Senate,,REP,BRYAN BIRD,2
Wood,PRECINCT 74C,U.S. Senate,,REP,BRYAN BIRD,4
Wood,PRECINCT 74U,U.S. Senate,,REP,BRYAN BIRD,0
Wood,PRECINCT 75,U.S. Senate,,REP,BRYAN BIRD,2
Wood,PRECINCT 77,U.S. Senate,,REP,BRYAN BIRD,4
Wood,PRECINCT 78,U.S. Senate,,REP,BRYAN BIRD,0
Wood,PRECINCT 78A,U.S. Senate,,REP,BRYAN BIRD,1
Wood,PRECINCT 79,U.S. Senate,,REP,BRYAN BIRD,4
Wood,PRECINCT 81,U.S. Senate,,REP,BRYAN BIRD,3
Wood,PRECINCT 82,U.S. Senate,,REP,BRYAN BIRD,5
Wood,PRECINCT 85,U.S. Senate,,REP,BRYAN BIRD,10
Wood,PRECINCT 86,U.S. Senate,,REP,BRYAN BIRD,7
Wood,PRECINCT 87,U.S. Senate,,REP,BRYAN BIRD,4
Wood,PRECINCT 88,U.S. Senate,,REP,BRYAN BIRD,6
Wood,PRECINCT 89,U.S. Senate,,REP,BRYAN BIRD,6
Wood,PRECINCT 8,U.S. Senate,,REP,JIM JUSTICE,41
Wood,PRECINCT 10,U.S. Senate,,REP,JIM JUSTICE,36
Wood,PRECINCT 13,U.S. Senate,,REP,JIM JUSTICE,24
Wood,PRECINCT 16,U.S. Senate,,REP,JIM JUSTICE,29
Wood,PRECINCT 19,U.S. Senate,,REP,JIM JUSTICE,152
Wood,PRECINCT 27,U.S. Senate,,REP,JIM JUSTICE,44
Wood,PRECINCT 29,U.S. Senate,,REP,JIM JUSTICE,97
Wood,PRECINCT 32,U.S. Senate,,REP,JIM JUSTICE,78
Wood,PRECINCT 33,U.S. Senate,,REP,JIM JUSTICE,15
Wood,PRECINCT 34A,U.S. Senate,,REP,JIM JUSTICE,151
Wood,PRECINCT 35,U.S. Senate,,REP,JIM JUSTICE,110
Wood,PRECINCT 36,U.S. Senate,,REP,JIM JUSTICE,53
Wood,PRECINCT 36B,U.S. Senate,,REP,JIM JUSTICE,107
Wood,PRECINCT 37,U.S. Senate,,REP,JIM JUSTICE,169
Wood,PRECINCT 37A,U.S. Senate,,REP,JIM JUSTICE,129
Wood,PRECINCT 38,U.S. Senate,,REP,JIM JUSTICE,23
Wood,PRECINCT 39,U.S. Senate,,REP,JIM JUSTICE,44
Wood,PRECINCT 40,U.S. Senate,,REP,JIM JUSTICE,48
Wood,PRECINCT 40A,U.S. Senate,,REP,JIM JUSTICE,68
Wood,PRECINCT 41,U.S. Senate,,REP,JIM JUSTICE,101
Wood,PRECINCT 42A,U.S. Senate,,REP,JIM JUSTICE,157
Wood,PRECINCT 43A,U.S. Senate,,REP,JIM JUSTICE,149
Wood,PRECINCT 45,U.S. Senate,,REP,JIM JUSTICE,95
Wood,PRECINCT 45A,U.S. Senate,,REP,JIM JUSTICE,135
Wood,PRECINCT 46,U.S. Senate,,REP,JIM JUSTICE,201
Wood,PRECINCT 46B,U.S. Senate,,REP,JIM JUSTICE,197
Wood,PRECINCT 47,U.S. Senate,,REP,JIM JUSTICE,56
Wood,PRECINCT 48,U.S. Senate,,REP,JIM JUSTICE,190
Wood,PRECINCT 49,U.S. Senate,,REP,JIM JUSTICE,83
Wood,PRECINCT 49A,U.S. Senate,,REP,JIM JUSTICE,106
Wood,PRECINCT 50,U.S. Senate,,REP,JIM JUSTICE,50
Wood,PRECINCT 51,U.S. Senate,,REP,JIM JUSTICE,160
Wood,PRECINCT 52,U.S. Senate,,REP,JIM JUSTICE,187
Wood,PRECINCT 53,U.S. Senate,,REP,JIM JUSTICE,115
Wood,PRECINCT 53A,U.S. Senate,,REP,JIM JUSTICE,94
Wood,PRECINCT 54,U.S. Senate,,REP,JIM JUSTICE,65
Wood,PRECINCT 54A,U.S. Senate,,REP,JIM JUSTICE,104
Wood,PRECINCT 56,U.S. Senate,,REP,JIM JUSTICE,52
Wood,PRECINCT 56A,U.S. Senate,,REP,JIM JUSTICE,96
Wood,PRECINCT 57,U.S. Senate,,REP,JIM JUSTICE,83
Wood,PRECINCT 57A,U.S. Senate,,REP,JIM JUSTICE,84
Wood,PRECINCT 58,U.S. Senate,,REP,JIM JUSTICE,152
Wood,PRECINCT 60,U.S. Senate,,REP,JIM JUSTICE,49
Wood,PRECINCT 61,U.S. Senate,,REP,JIM JUSTICE,69
Wood,PRECINCT 62,U.S. Senate,,REP,JIM JUSTICE,145
Wood,PRECINCT 63,U.S. Senate,,REP,JIM JUSTICE,42
Wood,PRECINCT 63A,U.S. Senate,,REP,JIM JUSTICE,102
Wood,PRECINCT 63B,U.S. Senate,,REP,JIM JUSTICE,99
Wood,PRECINCT 64,U.S. Senate,,REP,JIM JUSTICE,105
Wood,PRECINCT 67,U.S. Senate,,REP,JIM JUSTICE,178
Wood,PRECINCT 67A,U.S. Senate,,REP,JIM JUSTICE,187
Wood,PRECINCT 69,U.S. Senate,,REP,JIM JUSTICE,82
Wood,PRECINCT 71,U.S. Senate,,REP,JIM JUSTICE,26
Wood,PRECINCT 74,U.S. Senate,,REP,JIM JUSTICE,93
Wood,PRECINCT 74B,U.S. Senate,,REP,JIM JUSTICE,126
Wood,PRECINCT 74C,U.S. Senate,,REP,JIM JUSTICE,108
Wood,PRECINCT 74U,U.S. Senate,,REP,JIM JUSTICE,21
Wood,PRECINCT 75,U.S. Senate,,REP,JIM JUSTICE,59
Wood,PRECINCT 77,U.S. Senate,,REP,JIM JUSTICE,104
Wood,PRECINCT 78,U.S. Senate,,REP,JIM JUSTICE,70
Wood,PRECINCT 78A,U.S. Senate,,REP,JIM JUSTICE,154
Wood,PRECINCT 79,U.S. Senate,,REP,JIM JUSTICE,116
Wood,PRECINCT 81,U.S. Senate,,REP,JIM JUSTICE,56
Wood,PRECINCT 82,U.S. Senate,,REP,JIM JUSTICE,113
Wood,PRECINCT 85,U.S. Senate,,REP,JIM JUSTICE,85
Wood,PRECINCT 86,U.S. Senate,,REP,JIM JUSTICE,127
Wood,PRECINCT 87,U.S. Senate,,REP,JIM JUSTICE,92
Wood,PRECINCT 88,U.S. Senate,,REP,JIM JUSTICE,113
Wood,PRECINCT 89,U.S. Senate,,REP,JIM JUSTICE,145
Wood,PRECINCT 8,U.S. Senate,,DEM,ZACHARY  SHREWSBURY,14
Wood,PRECINCT 10,U.S. Senate,,DEM,ZACHARY  SHREWSBURY,18
Wood,PRECINCT 13,U.S. Senate,,DEM,ZACHARY  SHREWSBURY,13
Wood,PRECINCT 16,U.S. Senate,,DEM,ZACHARY  SHREWSBURY,17
Wood,PRECINCT 19,U.S. Senate,,DEM,ZACHARY  SHREWSBURY,30
Wood,PRECINCT 27,U.S. Senate,,DEM,ZACHARY  SHREWSBURY,11
Wood,PRECINCT 29,U.S. Senate,,DEM,ZACHARY  SHREWSBURY,28
Wood,PRECINCT 32,U.S. Senate,,DEM,ZACHARY  SHREWSBURY,27
Wood,PRECINCT 33,U.S. Senate,,DEM,ZACHARY  SHREWSBURY,7
Wood,PRECINCT 34A,U.S. Senate,,DEM,ZACHARY  SHREWSBURY,35
Wood,PRECINCT 35,U.S. Senate,,DEM,ZACHARY  SHREWSBURY,22
Wood,PRECINCT 36,U.S. Senate,,DEM,ZACHARY  SHREWSBURY,24
Wood,PRECINCT 36B,U.S. Senate,,DEM,ZACHARY  SHREWSBURY,26
Wood,PRECINCT 37,U.S. Senate,,DEM,ZACHARY  SHREWSBURY,28
Wood,PRECINCT 37A,U.S. Senate,,DEM,ZACHARY  SHREWSBURY,38
Wood,PRECINCT 38,U.S. Senate,,DEM,ZACHARY  SHREWSBURY,3
Wood,PRECINCT 39,U.S. Senate,,DEM,ZACHARY  SHREWSBURY,7
Wood,PRECINCT 40,U.S. Senate,,DEM,ZACHARY  SHREWSBURY,5
Wood,PRECINCT 40A,U.S. Senate,,DEM,ZACHARY  SHREWSBURY,18
Wood,PRECINCT 41,U.S. Senate,,DEM,ZACHARY  SHREWSBURY,16
Wood,PRECINCT 42A,U.S. Senate,,DEM,ZACHARY  SHREWSBURY,35
Wood,PRECINCT 43A,U.S. Senate,,DEM,ZACHARY  SHREWSBURY,37
Wood,PRECINCT 45,U.S. Senate,,DEM,ZACHARY  SHREWSBURY,27
Wood,PRECINCT 45A,U.S. Senate,,DEM,ZACHARY  SHREWSBURY,20
Wood,PRECINCT 46,U.S. Senate,,DEM,ZACHARY  SHREWSBURY,28
Wood,PRECINCT 46B,U.S. Senate,,DEM,ZACHARY  SHREWSBURY,32
Wood,PRECINCT 47,U.S. Senate,,DEM,ZACHARY  SHREWSBURY,8
Wood,PRECINCT 48,U.S. Senate,,DEM,ZACHARY  SHREWSBURY,26
Wood,PRECINCT 49,U.S. Senate,,DEM,ZACHARY  SHREWSBURY,11
Wood,PRECINCT 49A,U.S. Senate,,DEM,ZACHARY  SHREWSBURY,23
Wood,PRECINCT 50,U.S. Senate,,DEM,ZACHARY  SHREWSBURY,7
Wood,PRECINCT 51,U.S. Senate,,DEM,ZACHARY  SHREWSBURY,25
Wood,PRECINCT 52,U.S. Senate,,DEM,ZACHARY  SHREWSBURY,38
Wood,PRECINCT 53,U.S. Senate,,DEM,ZACHARY  SHREWSBURY,9
Wood,PRECINCT 53A,U.S. Senate,,DEM,ZACHARY  SHREWSBURY,13
Wood,PRECINCT 54,U.S. Senate,,DEM,ZACHARY  SHREWSBURY,12
Wood,PRECINCT 54A,U.S. Senate,,DEM,ZACHARY  SHREWSBURY,15
Wood,PRECINCT 56,U.S. Senate,,DEM,ZACHARY  SHREWSBURY,10
Wood,PRECINCT 56A,U.S. Senate,,DEM,ZACHARY  SHREWSBURY,10
Wood,PRECINCT 57,U.S. Senate,,DEM,ZACHARY  SHREWSBURY,12
Wood,PRECINCT 57A,U.S. Senate,,DEM,ZACHARY  SHREWSBURY,13
Wood,PRECINCT 58,U.S. Senate,,DEM,ZACHARY  SHREWSBURY,19
Wood,PRECINCT 60,U.S. Senate,,DEM,ZACHARY  SHREWSBURY,10
Wood,PRECINCT 61,U.S. Senate,,DEM,ZACHARY  SHREWSBURY,5
Wood,PRECINCT 62,U.S. Senate,,DEM,ZACHARY  SHREWSBURY,20
Wood,PRECINCT 63,U.S. Senate,,DEM,ZACHARY  SHREWSBURY,8
Wood,PRECINCT 63A,U.S. Senate,,DEM,ZACHARY  SHREWSBURY,16
Wood,PRECINCT 63B,U.S. Senate,,DEM,ZACHARY  SHREWSBURY,15
Wood,PRECINCT 64,U.S. Senate,,DEM,ZACHARY  SHREWSBURY,18
Wood,PRECINCT 67,U.S. Senate,,DEM,ZACHARY  SHREWSBURY,24
Wood,PRECINCT 67A,U.S. Senate,,DEM,ZACHARY  SHREWSBURY,20
Wood,PRECINCT 69,U.S. Senate,,DEM,ZACHARY  SHREWSBURY,9
Wood,PRECINCT 71,U.S. Senate,,DEM,ZACHARY  SHREWSBURY,6
Wood,PRECINCT 74,U.S. Senate,,DEM,ZACHARY  SHREWSBURY,15
Wood,PRECINCT 74B,U.S. Senate,,DEM,ZACHARY  SHREWSBURY,18
Wood,PRECINCT 74C,U.S. Senate,,DEM,ZACHARY  SHREWSBURY,20
Wood,PRECINCT 74U,U.S. Senate,,DEM,ZACHARY  SHREWSBURY,9
Wood,PRECINCT 75,U.S. Senate,,DEM,ZACHARY  SHREWSBURY,20
Wood,PRECINCT 77,U.S. Senate,,DEM,ZACHARY  SHREWSBURY,21
Wood,PRECINCT 78,U.S. Senate,,DEM,ZACHARY  SHREWSBURY,7
Wood,PRECINCT 78A,U.S. Senate,,DEM,ZACHARY  SHREWSBURY,10
Wood,PRECINCT 79,U.S. Senate,,DEM,ZACHARY  SHREWSBURY,15
Wood,PRECINCT 81,U.S. Senate,,DEM,ZACHARY  SHREWSBURY,5
Wood,PRECINCT 82,U.S. Senate,,DEM,ZACHARY  SHREWSBURY,10
Wood,PRECINCT 85,U.S. Senate,,DEM,ZACHARY  SHREWSBURY,9
Wood,PRECINCT 86,U.S. Senate,,DEM,ZACHARY  SHREWSBURY,17
Wood,PRECINCT 87,U.S. Senate,,DEM,ZACHARY  SHREWSBURY,8
Wood,PRECINCT 88,U.S. Senate,,DEM,ZACHARY  SHREWSBURY,13
Wood,PRECINCT 89,U.S. Senate,,DEM,ZACHARY  SHREWSBURY,22
Wood,PRECINCT 8,U.S. Senate,,DEM,DON BLANKENSHIP,6
Wood,PRECINCT 10,U.S. Senate,,DEM,DON BLANKENSHIP,9
Wood,PRECINCT 13,U.S. Senate,,DEM,DON BLANKENSHIP,9
Wood,PRECINCT 16,U.S. Senate,,DEM,DON BLANKENSHIP,7
Wood,PRECINCT 19,U.S. Senate,,DEM,DON BLANKENSHIP,12
Wood,PRECINCT 27,U.S. Senate,,DEM,DON BLANKENSHIP,6
Wood,PRECINCT 29,U.S. Senate,,DEM,DON BLANKENSHIP,13
Wood,PRECINCT 32,U.S. Senate,,DEM,DON BLANKENSHIP,15
Wood,PRECINCT 33,U.S. Senate,,DEM,DON BLANKENSHIP,5
Wood,PRECINCT 34A,U.S. Senate,,DEM,DON BLANKENSHIP,19
Wood,PRECINCT 35,U.S. Senate,,DEM,DON BLANKENSHIP,12
Wood,PRECINCT 36,U.S. Senate,,DEM,DON BLANKENSHIP,8
Wood,PRECINCT 36B,U.S. Senate,,DEM,DON BLANKENSHIP,16
Wood,PRECINCT 37,U.S. Senate,,DEM,DON BLANKENSHIP,12
Wood,PRECINCT 37A,U.S. Senate,,DEM,DON BLANKENSHIP,17
Wood,PRECINCT 38,U.S. Senate,,DEM,DON BLANKENSHIP,1
Wood,PRECINCT 39,U.S. Senate,,DEM,DON BLANKENSHIP,1
Wood,PRECINCT 40,U.S. Senate,,DEM,DON BLANKENSHIP,11
Wood,PRECINCT 40A,U.S. Senate,,DEM,DON BLANKENSHIP,7
Wood,PRECINCT 41,U.S. Senate,,DEM,DON BLANKENSHIP,8
Wood,PRECINCT 42A,U.S. Senate,,DEM,DON BLANKENSHIP,15
Wood,PRECINCT 43A,U.S. Senate,,DEM,DON BLANKENSHIP,17
Wood,PRECINCT 45,U.S. Senate,,DEM,DON BLANKENSHIP,13
Wood,PRECINCT 45A,U.S. Senate,,DEM,DON BLANKENSHIP,18
Wood,PRECINCT 46,U.S. Senate,,DEM,DON BLANKENSHIP,9
Wood,PRECINCT 46B,U.S. Senate,,DEM,DON BLANKENSHIP,13
Wood,PRECINCT 47,U.S. Senate,,DEM,DON BLANKENSHIP,3
Wood,PRECINCT 48,U.S. Senate,,DEM,DON BLANKENSHIP,15
Wood,PRECINCT 49,U.S. Senate,,DEM,DON BLANKENSHIP,9
Wood,PRECINCT 49A,U.S. Senate,,DEM,DON BLANKENSHIP,7
Wood,PRECINCT 50,U.S. Senate,,DEM,DON BLANKENSHIP,5
Wood,PRECINCT 51,U.S. Senate,,DEM,DON BLANKENSHIP,18
Wood,PRECINCT 52,U.S. Senate,,DEM,DON BLANKENSHIP,17
Wood,PRECINCT 53,U.S. Senate,,DEM,DON BLANKENSHIP,3
Wood,PRECINCT 53A,U.S. Senate,,DEM,DON BLANKENSHIP,10
Wood,PRECINCT 54,U.S. Senate,,DEM,DON BLANKENSHIP,6
Wood,PRECINCT 54A,U.S. Senate,,DEM,DON BLANKENSHIP,4
Wood,PRECINCT 56,U.S. Senate,,DEM,DON BLANKENSHIP,3
Wood,PRECINCT 56A,U.S. Senate,,DEM,DON BLANKENSHIP,10
Wood,PRECINCT 57,U.S. Senate,,DEM,DON BLANKENSHIP,12
Wood,PRECINCT 57A,U.S. Senate,,DEM,DON BLANKENSHIP,8
Wood,PRECINCT 58,U.S. Senate,,DEM,DON BLANKENSHIP,15
Wood,PRECINCT 60,U.S. Senate,,DEM,DON BLANKENSHIP,5
Wood,PRECINCT 61,U.S. Senate,,DEM,DON BLANKENSHIP,7
Wood,PRECINCT 62,U.S. Senate,,DEM,DON BLANKENSHIP,12
Wood,PRECINCT 63,U.S. Senate,,DEM,DON BLANKENSHIP,1
Wood,PRECINCT 63A,U.S. Senate,,DEM,DON BLANKENSHIP,11
Wood,PRECINCT 63B,U.S. Senate,,DEM,DON BLANKENSHIP,11
Wood,PRECINCT 64,U.S. Senate,,DEM,DON BLANKENSHIP,4
Wood,PRECINCT 67,U.S. Senate,,DEM,DON BLANKENSHIP,21
Wood,PRECINCT 67A,U.S. Senate,,DEM,DON BLANKENSHIP,16
Wood,PRECINCT 69,U.S. Senate,,DEM,DON BLANKENSHIP,9
Wood,PRECINCT 71,U.S. Senate,,DEM,DON BLANKENSHIP,7
Wood,PRECINCT 74,U.S. Senate,,DEM,DON BLANKENSHIP,10
Wood,PRECINCT 74B,U.S. Senate,,DEM,DON BLANKENSHIP,10
Wood,PRECINCT 74C,U.S. Senate,,DEM,DON BLANKENSHIP,13
Wood,PRECINCT 74U,U.S. Senate,,DEM,DON BLANKENSHIP,0
Wood,PRECINCT 75,U.S. Senate,,DEM,DON BLANKENSHIP,10
Wood,PRECINCT 77,U.S. Senate,,DEM,DON BLANKENSHIP,12
Wood,PRECINCT 78,U.S. Senate,,DEM,DON BLANKENSHIP,8
Wood,PRECINCT 78A,U.S. Senate,,DEM,DON BLANKENSHIP,10
Wood,PRECINCT 79,U.S. Senate,,DEM,DON BLANKENSHIP,13
Wood,PRECINCT 81,U.S. Senate,,DEM,DON BLANKENSHIP,5
Wood,PRECINCT 82,U.S. Senate,,DEM,DON BLANKENSHIP,8
Wood,PRECINCT 85,U.S. Senate,,DEM,DON BLANKENSHIP,10
Wood,PRECINCT 86,U.S. Senate,,DEM,DON BLANKENSHIP,13
Wood,PRECINCT 87,U.S. Senate,,DEM,DON BLANKENSHIP,7
Wood,PRECINCT 88,U.S. Senate,,DEM,DON BLANKENSHIP,9
Wood,PRECINCT 89,U.S. Senate,,DEM,DON BLANKENSHIP,7
Wood,PRECINCT 8,U.S. Senate,,DEM,GLENN ELLIOTT,25
Wood,PRECINCT 10,U.S. Senate,,DEM,GLENN ELLIOTT,20
Wood,PRECINCT 13,U.S. Senate,,DEM,GLENN ELLIOTT,14
Wood,PRECINCT 16,U.S. Senate,,DEM,GLENN ELLIOTT,18
Wood,PRECINCT 19,U.S. Senate,,DEM,GLENN ELLIOTT,50
Wood,PRECINCT 27,U.S. Senate,,DEM,GLENN ELLIOTT,8
Wood,PRECINCT 29,U.S. Senate,,DEM,GLENN ELLIOTT,44
Wood,PRECINCT 32,U.S. Senate,,DEM,GLENN ELLIOTT,39
Wood,PRECINCT 33,U.S. Senate,,DEM,GLENN ELLIOTT,8
Wood,PRECINCT 34A,U.S. Senate,,DEM,GLENN ELLIOTT,49
Wood,PRECINCT 35,U.S. Senate,,DEM,GLENN ELLIOTT,44
Wood,PRECINCT 36,U.S. Senate,,DEM,GLENN ELLIOTT,23
Wood,PRECINCT 36B,U.S. Senate,,DEM,GLENN ELLIOTT,29
Wood,PRECINCT 37,U.S. Senate,,DEM,GLENN ELLIOTT,53
Wood,PRECINCT 37A,U.S. Senate,,DEM,GLENN ELLIOTT,51
Wood,PRECINCT 38,U.S. Senate,,DEM,GLENN ELLIOTT,6
Wood,PRECINCT 39,U.S. Senate,,DEM,GLENN ELLIOTT,19
Wood,PRECINCT 40,U.S. Senate,,DEM,GLENN ELLIOTT,13
Wood,PRECINCT 40A,U.S. Senate,,DEM,GLENN ELLIOTT,19
Wood,PRECINCT 41,U.S. Senate,,DEM,GLENN ELLIOTT,31
Wood,PRECINCT 42A,U.S. Senate,,DEM,GLENN ELLIOTT,46
Wood,PRECINCT 43A,U.S. Senate,,DEM,GLENN ELLIOTT,39
Wood,PRECINCT 45,U.S. Senate,,DEM,GLENN ELLIOTT,35
Wood,PRECINCT 45A,U.S. Senate,,DEM,GLENN ELLIOTT,48
Wood,PRECINCT 46,U.S. Senate,,DEM,GLENN ELLIOTT,60
Wood,PRECINCT 46B,U.S. Senate,,DEM,GLENN ELLIOTT,48
Wood,PRECINCT 47,U.S. Senate,,DEM,GLENN ELLIOTT,8
Wood,PRECINCT 48,U.S. Senate,,DEM,GLENN ELLIOTT,37
Wood,PRECINCT 49,U.S. Senate,,DEM,GLENN ELLIOTT,30
Wood,PRECINCT 49A,U.S. Senate,,DEM,GLENN ELLIOTT,29
Wood,PRECINCT 50,U.S. Senate,,DEM,GLENN ELLIOTT,15
Wood,PRECINCT 51,U.S. Senate,,DEM,GLENN ELLIOTT,40
Wood,PRECINCT 52,U.S. Senate,,DEM,GLENN ELLIOTT,52
Wood,PRECINCT 53,U.S. Senate,,DEM,GLENN ELLIOTT,16
Wood,PRECINCT 53A,U.S. Senate,,DEM,GLENN ELLIOTT,12
Wood,PRECINCT 54,U.S. Senate,,DEM,GLENN ELLIOTT,16
Wood,PRECINCT 54A,U.S. Senate,,DEM,GLENN ELLIOTT,27
Wood,PRECINCT 56,U.S. Senate,,DEM,GLENN ELLIOTT,13
Wood,PRECINCT 56A,U.S. Senate,,DEM,GLENN ELLIOTT,17
Wood,PRECINCT 57,U.S. Senate,,DEM,GLENN ELLIOTT,20
Wood,PRECINCT 57A,U.S. Senate,,DEM,GLENN ELLIOTT,17
Wood,PRECINCT 58,U.S. Senate,,DEM,GLENN ELLIOTT,31
Wood,PRECINCT 60,U.S. Senate,,DEM,GLENN ELLIOTT,10
Wood,PRECINCT 61,U.S. Senate,,DEM,GLENN ELLIOTT,15
Wood,PRECINCT 62,U.S. Senate,,DEM,GLENN ELLIOTT,41
Wood,PRECINCT 63,U.S. Senate,,DEM,GLENN ELLIOTT,9
Wood,PRECINCT 63A,U.S. Senate,,DEM,GLENN ELLIOTT,23
Wood,PRECINCT 63B,U.S. Senate,,DEM,GLENN ELLIOTT,17
Wood,PRECINCT 64,U.S. Senate,,DEM,GLENN ELLIOTT,27
Wood,PRECINCT 67,U.S. Senate,,DEM,GLENN ELLIOTT,44
Wood,PRECINCT 67A,U.S. Senate,,DEM,GLENN ELLIOTT,32
Wood,PRECINCT 69,U.S. Senate,,DEM,GLENN ELLIOTT,18
Wood,PRECINCT 71,U.S. Senate,,DEM,GLENN ELLIOTT,13
Wood,PRECINCT 74,U.S. Senate,,DEM,GLENN ELLIOTT,22
Wood,PRECINCT 74B,U.S. Senate,,DEM,GLENN ELLIOTT,36
Wood,PRECINCT 74C,U.S. Senate,,DEM,GLENN ELLIOTT,19
Wood,PRECINCT 74U,U.S. Senate,,DEM,GLENN ELLIOTT,2
Wood,PRECINCT 75,U.S. Senate,,DEM,GLENN ELLIOTT,16
Wood,PRECINCT 77,U.S. Senate,,DEM,GLENN ELLIOTT,25
Wood,PRECINCT 78,U.S. Senate,,DEM,GLENN ELLIOTT,13
Wood,PRECINCT 78A,U.S. Senate,,DEM,GLENN ELLIOTT,31
Wood,PRECINCT 79,U.S. Senate,,DEM,GLENN ELLIOTT,18
Wood,PRECINCT 81,U.S. Senate,,DEM,GLENN ELLIOTT,10
Wood,PRECINCT 82,U.S. Senate,,DEM,GLENN ELLIOTT,18
Wood,PRECINCT 85,U.S. Senate,,DEM,GLENN ELLIOTT,17
Wood,PRECINCT 86,U.S. Senate,,DEM,GLENN ELLIOTT,26
Wood,PRECINCT 87,U.S. Senate,,DEM,GLENN ELLIOTT,17
Wood,PRECINCT 88,U.S. Senate,,DEM,GLENN ELLIOTT,19
Wood,PRECINCT 89,U.S. Senate,,DEM,GLENN ELLIOTT,32
Wood,PRECINCT 8,U.S. Senate,,MTN,NO CANDIDATE FILED,0
Wood,PRECINCT 10,U.S. Senate,,MTN,NO CANDIDATE FILED,0
Wood,PRECINCT 13,U.S. Senate,,MTN,NO CANDIDATE FILED,0
Wood,PRECINCT 16,U.S. Senate,,MTN,NO CANDIDATE FILED,0
Wood,PRECINCT 19,U.S. Senate,,MTN,NO CANDIDATE FILED,0
Wood,PRECINCT 27,U.S. Senate,,MTN,NO CANDIDATE FILED,0
Wood,PRECINCT 29,U.S. Senate,,MTN,NO CANDIDATE FILED,0
Wood,PRECINCT 32,U.S. Senate,,MTN,NO CANDIDATE FILED,0
Wood,PRECINCT 33,U.S. Senate,,MTN,NO CANDIDATE FILED,0
Wood,PRECINCT 34A,U.S. Senate,,MTN,NO CANDIDATE FILED,0
Wood,PRECINCT 35,U.S. Senate,,MTN,NO CANDIDATE FILED,0
Wood,PRECINCT 36,U.S. Senate,,MTN,NO CANDIDATE FILED,0
Wood,PRECINCT 36B,U.S. Senate,,MTN,NO CANDIDATE FILED,0
Wood,PRECINCT 37,U.S. Senate,,MTN,NO CANDIDATE FILED,0
Wood,PRECINCT 37A,U.S. Senate,,MTN,NO CANDIDATE FILED,0
Wood,PRECINCT 38,U.S. Senate,,MTN,NO CANDIDATE FILED,0
Wood,PRECINCT 39,U.S. Senate,,MTN,NO CANDIDATE FILED,0
Wood,PRECINCT 40,U.S. Senate,,MTN,NO CANDIDATE FILED,0
Wood,PRECINCT 40A,U.S. Senate,,MTN,NO CANDIDATE FILED,0
Wood,PRECINCT 41,U.S. Senate,,MTN,NO CANDIDATE FILED,0
Wood,PRECINCT 42A,U.S. Senate,,MTN,NO CANDIDATE FILED,0
Wood,PRECINCT 43A,U.S. Senate,,MTN,NO CANDIDATE FILED,0
Wood,PRECINCT 45,U.S. Senate,,MTN,NO CANDIDATE FILED,0
Wood,PRECINCT 45A,U.S. Senate,,MTN,NO CANDIDATE FILED,0
Wood,PRECINCT 46,U.S. Senate,,MTN,NO CANDIDATE FILED,0
Wood,PRECINCT 46B,U.S. Senate,,MTN,NO CANDIDATE FILED,0
Wood,PRECINCT 47,U.S. Senate,,MTN,NO CANDIDATE FILED,0
Wood,PRECINCT 48,U.S. Senate,,MTN,NO CANDIDATE FILED,0
Wood,PRECINCT 49,U.S. Senate,,MTN,NO CANDIDATE FILED,0
Wood,PRECINCT 49A,U.S. Senate,,MTN,NO CANDIDATE FILED,0
Wood,PRECINCT 50,U.S. Senate,,MTN,NO CANDIDATE FILED,0
Wood,PRECINCT 51,U.S. Senate,,MTN,NO CANDIDATE FILED,0
Wood,PRECINCT 52,U.S. Senate,,MTN,NO CANDIDATE FILED,0
Wood,PRECINCT 53,U.S. Senate,,MTN,NO CANDIDATE FILED,0
Wood,PRECINCT 53A,U.S. Senate,,MTN,NO CANDIDATE FILED,0
Wood,PRECINCT 54,U.S. Senate,,MTN,NO CANDIDATE FILED,0
Wood,PRECINCT 54A,U.S. Senate,,MTN,NO CANDIDATE FILED,0
Wood,PRECINCT 56,U.S. Senate,,MTN,NO CANDIDATE FILED,0
Wood,PRECINCT 56A,U.S. Senate,,MTN,NO CANDIDATE FILED,0
Wood,PRECINCT 57,U.S. Senate,,MTN,NO CANDIDATE FILED,0
Wood,PRECINCT 57A,U.S. Senate,,MTN,NO CANDIDATE FILED,0
Wood,PRECINCT 58,U.S. Senate,,MTN,NO CANDIDATE FILED,0
Wood,PRECINCT 60,U.S. Senate,,MTN,NO CANDIDATE FILED,0
Wood,PRECINCT 61,U.S. Senate,,MTN,NO CANDIDATE FILED,0
Wood,PRECINCT 62,U.S. Senate,,MTN,NO CANDIDATE FILED,0
Wood,PRECINCT 63,U.S. Senate,,MTN,NO CANDIDATE FILED,0
Wood,PRECINCT 63A,U.S. Senate,,MTN,NO CANDIDATE FILED,0
Wood,PRECINCT 63B,U.S. Senate,,MTN,NO CANDIDATE FILED,0
Wood,PRECINCT 64,U.S. Senate,,MTN,NO CANDIDATE FILED,0
Wood,PRECINCT 67,U.S. Senate,,MTN,NO CANDIDATE FILED,0
Wood,PRECINCT 67A,U.S. Senate,,MTN,NO CANDIDATE FILED,0
Wood,PRECINCT 69,U.S. Senate,,MTN,NO CANDIDATE FILED,0
Wood,PRECINCT 71,U.S. Senate,,MTN,NO CANDIDATE FILED,0
Wood,PRECINCT 74,U.S. Senate,,MTN,NO CANDIDATE FILED,0
Wood,PRECINCT 74B,U.S. Senate,,MTN,NO CANDIDATE FILED,0
Wood,PRECINCT 74C,U.S. Senate,,MTN,NO CANDIDATE FILED,0
Wood,PRECINCT 74U,U.S. Senate,,MTN,NO CANDIDATE FILED,0
Wood,PRECINCT 75,U.S. Senate,,MTN,NO CANDIDATE FILED,0
Wood,PRECINCT 77,U.S. Senate,,MTN,NO CANDIDATE FILED,0
Wood,PRECINCT 78,U.S. Senate,,MTN,NO CANDIDATE FILED,0
Wood,PRECINCT 78A,U.S. Senate,,MTN,NO CANDIDATE FILED,0
Wood,PRECINCT 79,U.S. Senate,,MTN,NO CANDIDATE FILED,0
Wood,PRECINCT 81,U.S. Senate,,MTN,NO CANDIDATE FILED,0
Wood,PRECINCT 82,U.S. Senate,,MTN,NO CANDIDATE FILED,0
Wood,PRECINCT 85,U.S. Senate,,MTN,NO CANDIDATE FILED,0
Wood,PRECINCT 86,U.S. Senate,,MTN,NO CANDIDATE FILED,0
Wood,PRECINCT 87,U.S. Senate,,MTN,NO CANDIDATE FILED,0
Wood,PRECINCT 88,U.S. Senate,,MTN,NO CANDIDATE FILED,0
Wood,PRECINCT 89,U.S. Senate,,MTN,NO CANDIDATE FILED,0
Wood,PRECINCT 8,U.S. House,2,REP,RILEY MOORE,23
Wood,PRECINCT 10,U.S. House,2,REP,RILEY MOORE,22
Wood,PRECINCT 13,U.S. House,2,REP,RILEY MOORE,14
Wood,PRECINCT 16,U.S. House,2,REP,RILEY MOORE,19
Wood,PRECINCT 19,U.S. House,2,REP,RILEY MOORE,82
Wood,PRECINCT 27,U.S. House,2,REP,RILEY MOORE,17
Wood,PRECINCT 29,U.S. House,2,REP,RILEY MOORE,71
Wood,PRECINCT 32,U.S. House,2,REP,RILEY MOORE,49
Wood,PRECINCT 33,U.S. House,2,REP,RILEY MOORE,12
Wood,PRECINCT 34A,U.S. House,2,REP,RILEY MOORE,91
Wood,PRECINCT 35,U.S. House,2,REP,RILEY MOORE,73
Wood,PRECINCT 36,U.S. House,2,REP,RILEY MOORE,37
Wood,PRECINCT 36B,U.S. House,2,REP,RILEY MOORE,65
Wood,PRECINCT 37,U.S. House,2,REP,RILEY MOORE,105
Wood,PRECINCT 37A,U.S. House,2,REP,RILEY MOORE,80
Wood,PRECINCT 38,U.S. House,2,REP,RILEY MOORE,18
Wood,PRECINCT 39,U.S. House,2,REP,RILEY MOORE,26
Wood,PRECINCT 40,U.S. House,2,REP,RILEY MOORE,25
Wood,PRECINCT 40A,U.S. House,2,REP,RILEY MOORE,64
Wood,PRECINCT 41,U.S. House,2,REP,RILEY MOORE,62
Wood,PRECINCT 42A,U.S. House,2,REP,RILEY MOORE,93
Wood,PRECINCT 43A,U.S. House,2,REP,RILEY MOORE,99
Wood,PRECINCT 45,U.S. House,2,REP,RILEY MOORE,55
Wood,PRECINCT 45A,U.S. House,2,REP,RILEY MOORE,84
Wood,PRECINCT 46,U.S. House,2,REP,RILEY MOORE,156
Wood,PRECINCT 46B,U.S. House,2,REP,RILEY MOORE,143
Wood,PRECINCT 47,U.S. House,2,REP,RILEY MOORE,29
Wood,PRECINCT 48,U.S. House,2,REP,RILEY MOORE,135
Wood,PRECINCT 49,U.S. House,2,REP,RILEY MOORE,56
Wood,PRECINCT 49A,U.S. House,2,REP,RILEY MOORE,52
Wood,PRECINCT 50,U.S. House,2,REP,RILEY MOORE,27
Wood,PRECINCT 51,U.S. House,2,REP,RILEY MOORE,105
Wood,PRECINCT 52,U.S. House,2,REP,RILEY MOORE,118
Wood,PRECINCT 53,U.S. House,2,REP,RILEY MOORE,69
Wood,PRECINCT 53A,U.S. House,2,REP,RILEY MOORE,54
Wood,PRECINCT 54,U.S. House,2,REP,RILEY MOORE,46
Wood,PRECINCT 54A,U.S. House,2,REP,RILEY MOORE,61
Wood,PRECINCT 56,U.S. House,2,REP,RILEY MOORE,32
Wood,PRECINCT 56A,U.S. House,2,REP,RILEY MOORE,76
Wood,PRECINCT 57,U.S. House,2,REP,RILEY MOORE,61
Wood,PRECINCT 57A,U.S. House,2,REP,RILEY MOORE,51
Wood,PRECINCT 58,U.S. House,2,REP,RILEY MOORE,95
Wood,PRECINCT 60,U.S. House,2,REP,RILEY MOORE,32
Wood,PRECINCT 61,U.S. House,2,REP,RILEY MOORE,45
Wood,PRECINCT 62,U.S. House,2,REP,RILEY MOORE,96
Wood,PRECINCT 63,U.S. House,2,REP,RILEY MOORE,31
Wood,PRECINCT 63A,U.S. House,2,REP,RILEY MOORE,58
Wood,PRECINCT 63B,U.S. House,2,REP,RILEY MOORE,50
Wood,PRECINCT 64,U.S. House,2,REP,RILEY MOORE,76
Wood,PRECINCT 67,U.S. House,2,REP,RILEY MOORE,93
Wood,PRECINCT 67A,U.S. House,2,REP,RILEY MOORE,104
Wood,PRECINCT 69,U.S. House,2,REP,RILEY MOORE,67
Wood,PRECINCT 71,U.S. House,2,REP,RILEY MOORE,14
Wood,PRECINCT 74,U.S. House,2,REP,RILEY MOORE,60
Wood,PRECINCT 74B,U.S. House,2,REP,RILEY MOORE,88
Wood,PRECINCT 74C,U.S. House,2,REP,RILEY MOORE,67
Wood,PRECINCT 74U,U.S. House,2,REP,RILEY MOORE,20
Wood,PRECINCT 75,U.S. House,2,REP,RILEY MOORE,36
Wood,PRECINCT 77,U.S. House,2,REP,RILEY MOORE,68
Wood,PRECINCT 78,U.S. House,2,REP,RILEY MOORE,39
Wood,PRECINCT 78A,U.S. House,2,REP,RILEY MOORE,104
Wood,PRECINCT 79,U.S. House,2,REP,RILEY MOORE,68
Wood,PRECINCT 81,U.S. House,2,REP,RILEY MOORE,46
Wood,PRECINCT 82,U.S. House,2,REP,RILEY MOORE,73
Wood,PRECINCT 85,U.S. House,2,REP,RILEY MOORE,55
Wood,PRECINCT 86,U.S. House,2,REP,RILEY MOORE,80
Wood,PRECINCT 87,U.S. House,2,REP,RILEY MOORE,57
Wood,PRECINCT 88,U.S. House,2,REP,RILEY MOORE,67
Wood,PRECINCT 89,U.S. House,2,REP,RILEY MOORE,100
Wood,PRECINCT 8,U.S. House,2,REP,CHRIS 'MOOKIE' WALKER,4
Wood,PRECINCT 10,U.S. House,2,REP,CHRIS 'MOOKIE' WALKER,6
Wood,PRECINCT 13,U.S. House,2,REP,CHRIS 'MOOKIE' WALKER,4
Wood,PRECINCT 16,U.S. House,2,REP,CHRIS 'MOOKIE' WALKER,6
Wood,PRECINCT 19,U.S. House,2,REP,CHRIS 'MOOKIE' WALKER,13
Wood,PRECINCT 27,U.S. House,2,REP,CHRIS 'MOOKIE' WALKER,4
Wood,PRECINCT 29,U.S. House,2,REP,CHRIS 'MOOKIE' WALKER,11
Wood,PRECINCT 32,U.S. House,2,REP,CHRIS 'MOOKIE' WALKER,12
Wood,PRECINCT 33,U.S. House,2,REP,CHRIS 'MOOKIE' WALKER,1
Wood,PRECINCT 34A,U.S. House,2,REP,CHRIS 'MOOKIE' WALKER,16
Wood,PRECINCT 35,U.S. House,2,REP,CHRIS 'MOOKIE' WALKER,11
Wood,PRECINCT 36,U.S. House,2,REP,CHRIS 'MOOKIE' WALKER,7
Wood,PRECINCT 36B,U.S. House,2,REP,CHRIS 'MOOKIE' WALKER,15
Wood,PRECINCT 37,U.S. House,2,REP,CHRIS 'MOOKIE' WALKER,13
Wood,PRECINCT 37A,U.S. House,2,REP,CHRIS 'MOOKIE' WALKER,17
Wood,PRECINCT 38,U.S. House,2,REP,CHRIS 'MOOKIE' WALKER,0
Wood,PRECINCT 39,U.S. House,2,REP,CHRIS 'MOOKIE' WALKER,2
Wood,PRECINCT 40,U.S. House,2,REP,CHRIS 'MOOKIE' WALKER,8
Wood,PRECINCT 40A,U.S. House,2,REP,CHRIS 'MOOKIE' WALKER,8
Wood,PRECINCT 41,U.S. House,2,REP,CHRIS 'MOOKIE' WALKER,9
Wood,PRECINCT 42A,U.S. House,2,REP,CHRIS 'MOOKIE' WALKER,22
Wood,PRECINCT 43A,U.S. House,2,REP,CHRIS 'MOOKIE' WALKER,21
Wood,PRECINCT 45,U.S. House,2,REP,CHRIS 'MOOKIE' WALKER,18
Wood,PRECINCT 45A,U.S. House,2,REP,CHRIS 'MOOKIE' WALKER,17
Wood,PRECINCT 46,U.S. House,2,REP,CHRIS 'MOOKIE' WALKER,16
Wood,PRECINCT 46B,U.S. House,2,REP,CHRIS 'MOOKIE' WALKER,28
Wood,PRECINCT 47,U.S. House,2,REP,CHRIS 'MOOKIE' WALKER,8
Wood,PRECINCT 48,U.S. House,2,REP,CHRIS 'MOOKIE' WALKER,26
Wood,PRECINCT 49,U.S. House,2,REP,CHRIS 'MOOKIE' WALKER,14
Wood,PRECINCT 49A,U.S. House,2,REP,CHRIS 'MOOKIE' WALKER,16
Wood,PRECINCT 50,U.S. House,2,REP,CHRIS 'MOOKIE' WALKER,10
Wood,PRECINCT 51,U.S. House,2,REP,CHRIS 'MOOKIE' WALKER,16
Wood,PRECINCT 52,U.S. House,2,REP,CHRIS 'MOOKIE' WALKER,28
Wood,PRECINCT 53,U.S. House,2,REP,CHRIS 'MOOKIE' WALKER,15
Wood,PRECINCT 53A,U.S. House,2,REP,CHRIS 'MOOKIE' WALKER,6
Wood,PRECINCT 54,U.S. House,2,REP,CHRIS 'MOOKIE' WALKER,12
Wood,PRECINCT 54A,U.S. House,2,REP,CHRIS 'MOOKIE' WALKER,15
Wood,PRECINCT 56,U.S. House,2,REP,CHRIS 'MOOKIE' WALKER,9
Wood,PRECINCT 56A,U.S. House,2,REP,CHRIS 'MOOKIE' WALKER,21
Wood,PRECINCT 57,U.S. House,2,REP,CHRIS 'MOOKIE' WALKER,7
Wood,PRECINCT 57A,U.S. House,2,REP,CHRIS 'MOOKIE' WALKER,15
Wood,PRECINCT 58,U.S. House,2,REP,CHRIS 'MOOKIE' WALKER,33
Wood,PRECINCT 60,U.S. House,2,REP,CHRIS 'MOOKIE' WALKER,7
Wood,PRECINCT 61,U.S. House,2,REP,CHRIS 'MOOKIE' WALKER,13
Wood,PRECINCT 62,U.S. House,2,REP,CHRIS 'MOOKIE' WALKER,11
Wood,PRECINCT 63,U.S. House,2,REP,CHRIS 'MOOKIE' WALKER,7
Wood,PRECINCT 63A,U.S. House,2,REP,CHRIS 'MOOKIE' WALKER,21
Wood,PRECINCT 63B,U.S. House,2,REP,CHRIS 'MOOKIE' WALKER,6
Wood,PRECINCT 64,U.S. House,2,REP,CHRIS 'MOOKIE' WALKER,15
Wood,PRECINCT 67,U.S. House,2,REP,CHRIS 'MOOKIE' WALKER,26
Wood,PRECINCT 67A,U.S. House,2,REP,CHRIS 'MOOKIE' WALKER,28
Wood,PRECINCT 69,U.S. House,2,REP,CHRIS 'MOOKIE' WALKER,7
Wood,PRECINCT 71,U.S. House,2,REP,CHRIS 'MOOKIE' WALKER,4
Wood,PRECINCT 74,U.S. House,2,REP,CHRIS 'MOOKIE' WALKER,13
Wood,PRECINCT 74B,U.S. House,2,REP,CHRIS 'MOOKIE' WALKER,22
Wood,PRECINCT 74C,U.S. House,2,REP,CHRIS 'MOOKIE' WALKER,19
Wood,PRECINCT 74U,U.S. House,2,REP,CHRIS 'MOOKIE' WALKER,3
Wood,PRECINCT 75,U.S. House,2,REP,CHRIS 'MOOKIE' WALKER,8
Wood,PRECINCT 77,U.S. House,2,REP,CHRIS 'MOOKIE' WALKER,14
Wood,PRECINCT 78,U.S. House,2,REP,CHRIS 'MOOKIE' WALKER,6
Wood,PRECINCT 78A,U.S. House,2,REP,CHRIS 'MOOKIE' WALKER,15
Wood,PRECINCT 79,U.S. House,2,REP,CHRIS 'MOOKIE' WALKER,18
Wood,PRECINCT 81,U.S. House,2,REP,CHRIS 'MOOKIE' WALKER,3
Wood,PRECINCT 82,U.S. House,2,REP,CHRIS 'MOOKIE' WALKER,17
Wood,PRECINCT 85,U.S. House,2,REP,CHRIS 'MOOKIE' WALKER,19
Wood,PRECINCT 86,U.S. House,2,REP,CHRIS 'MOOKIE' WALKER,17
Wood,PRECINCT 87,U.S. House,2,REP,CHRIS 'MOOKIE' WALKER,17
Wood,PRECINCT 88,U.S. House,2,REP,CHRIS 'MOOKIE' WALKER,11
Wood,PRECINCT 89,U.S. House,2,REP,CHRIS 'MOOKIE' WALKER,19
Wood,PRECINCT 8,U.S. House,2,REP,ALEXANDER GAASERUD,26
Wood,PRECINCT 10,U.S. House,2,REP,ALEXANDER GAASERUD,30
Wood,PRECINCT 13,U.S. House,2,REP,ALEXANDER GAASERUD,21
Wood,PRECINCT 16,U.S. House,2,REP,ALEXANDER GAASERUD,19
Wood,PRECINCT 19,U.S. House,2,REP,ALEXANDER GAASERUD,78
Wood,PRECINCT 27,U.S. House,2,REP,ALEXANDER GAASERUD,30
Wood,PRECINCT 29,U.S. House,2,REP,ALEXANDER GAASERUD,46
Wood,PRECINCT 32,U.S. House,2,REP,ALEXANDER GAASERUD,42
Wood,PRECINCT 33,U.S. House,2,REP,ALEXANDER GAASERUD,11
Wood,PRECINCT 34A,U.S. House,2,REP,ALEXANDER GAASERUD,74
Wood,PRECINCT 35,U.S. House,2,REP,ALEXANDER GAASERUD,45
Wood,PRECINCT 36,U.S. House,2,REP,ALEXANDER GAASERUD,27
Wood,PRECINCT 36B,U.S. House,2,REP,ALEXANDER GAASERUD,52
Wood,PRECINCT 37,U.S. House,2,REP,ALEXANDER GAASERUD,69
Wood,PRECINCT 37A,U.S. House,2,REP,ALEXANDER GAASERUD,68
Wood,PRECINCT 38,U.S. House,2,REP,ALEXANDER GAASERUD,11
Wood,PRECINCT 39,U.S. House,2,REP,ALEXANDER GAASERUD,36
Wood,PRECINCT 40,U.S. House,2,REP,ALEXANDER GAASERUD,17
Wood,PRECINCT 40A,U.S. House,2,REP,ALEXANDER GAASERUD,28
Wood,PRECINCT 41,U.S. House,2,REP,ALEXANDER GAASERUD,56
Wood,PRECINCT 42A,U.S. House,2,REP,ALEXANDER GAASERUD,64
Wood,PRECINCT 43A,U.S. House,2,REP,ALEXANDER GAASERUD,56
Wood,PRECINCT 45,U.S. House,2,REP,ALEXANDER GAASERUD,58
Wood,PRECINCT 45A,U.S. House,2,REP,ALEXANDER GAASERUD,65
Wood,PRECINCT 46,U.S. House,2,REP,ALEXANDER GAASERUD,83
Wood,PRECINCT 46B,U.S. House,2,REP,ALEXANDER GAASERUD,80
Wood,PRECINCT 47,U.S. House,2,REP,ALEXANDER GAASERUD,23
Wood,PRECINCT 48,U.S. House,2,REP,ALEXANDER GAASERUD,79
Wood,PRECINCT 49,U.S. House,2,REP,ALEXANDER GAASERUD,41
Wood,PRECINCT 49A,U.S. House,2,REP,ALEXANDER GAASERUD,38
Wood,PRECINCT 50,U.S. House,2,REP,ALEXANDER GAASERUD,35
Wood,PRECINCT 51,U.S. House,2,REP,ALEXANDER GAASERUD,71
Wood,PRECINCT 52,U.S. House,2,REP,ALEXANDER GAASERUD,82
Wood,PRECINCT 53,U.S. House,2,REP,ALEXANDER GAASERUD,58
Wood,PRECINCT 53A,U.S. House,2,REP,ALEXANDER GAASERUD,61
Wood,PRECINCT 54,U.S. House,2,REP,ALEXANDER GAASERUD,30
Wood,PRECINCT 54A,U.S. House,2,REP,ALEXANDER GAASERUD,43
Wood,PRECINCT 56,U.S. House,2,REP,ALEXANDER GAASERUD,36
Wood,PRECINCT 56A,U.S. House,2,REP,ALEXANDER GAASERUD,42
Wood,PRECINCT 57,U.S. House,2,REP,ALEXANDER GAASERUD,43
Wood,PRECINCT 57A,U.S. House,2,REP,ALEXANDER GAASERUD,42
Wood,PRECINCT 58,U.S. House,2,REP,ALEXANDER GAASERUD,77
Wood,PRECINCT 60,U.S. House,2,REP,ALEXANDER GAASERUD,36
Wood,PRECINCT 61,U.S. House,2,REP,ALEXANDER GAASERUD,46
Wood,PRECINCT 62,U.S. House,2,REP,ALEXANDER GAASERUD,68
Wood,PRECINCT 63,U.S. House,2,REP,ALEXANDER GAASERUD,23
Wood,PRECINCT 63A,U.S. House,2,REP,ALEXANDER GAASERUD,37
Wood,PRECINCT 63B,U.S. House,2,REP,ALEXANDER GAASERUD,39
Wood,PRECINCT 64,U.S. House,2,REP,ALEXANDER GAASERUD,74
Wood,PRECINCT 67,U.S. House,2,REP,ALEXANDER GAASERUD,92
Wood,PRECINCT 67A,U.S. House,2,REP,ALEXANDER GAASERUD,103
Wood,PRECINCT 69,U.S. House,2,REP,ALEXANDER GAASERUD,37
Wood,PRECINCT 71,U.S. House,2,REP,ALEXANDER GAASERUD,21
Wood,PRECINCT 74,U.S. House,2,REP,ALEXANDER GAASERUD,57
Wood,PRECINCT 74B,U.S. House,2,REP,ALEXANDER GAASERUD,66
Wood,PRECINCT 74C,U.S. House,2,REP,ALEXANDER GAASERUD,57
Wood,PRECINCT 74U,U.S. House,2,REP,ALEXANDER GAASERUD,6
Wood,PRECINCT 75,U.S. House,2,REP,ALEXANDER GAASERUD,37
Wood,PRECINCT 77,U.S. House,2,REP,ALEXANDER GAASERUD,57
Wood,PRECINCT 78,U.S. House,2,REP,ALEXANDER GAASERUD,40
Wood,PRECINCT 78A,U.S. House,2,REP,ALEXANDER GAASERUD,81
Wood,PRECINCT 79,U.S. House,2,REP,ALEXANDER GAASERUD,63
Wood,PRECINCT 81,U.S. House,2,REP,ALEXANDER GAASERUD,36
Wood,PRECINCT 82,U.S. House,2,REP,ALEXANDER GAASERUD,71
Wood,PRECINCT 85,U.S. House,2,REP,ALEXANDER GAASERUD,57
Wood,PRECINCT 86,U.S. House,2,REP,ALEXANDER GAASERUD,61
Wood,PRECINCT 87,U.S. House,2,REP,ALEXANDER GAASERUD,55
Wood,PRECINCT 88,U.S. House,2,REP,ALEXANDER GAASERUD,68
Wood,PRECINCT 89,U.S. House,2,REP,ALEXANDER GAASERUD,76
Wood,PRECINCT 8,U.S. House,2,REP,JOSEPH (JOE) EARLEY,10
Wood,PRECINCT 10,U.S. House,2,REP,JOSEPH (JOE) EARLEY,3
Wood,PRECINCT 13,U.S. House,2,REP,JOSEPH (JOE) EARLEY,3
Wood,PRECINCT 16,U.S. House,2,REP,JOSEPH (JOE) EARLEY,4
Wood,PRECINCT 19,U.S. House,2,REP,JOSEPH (JOE) EARLEY,29
Wood,PRECINCT 27,U.S. House,2,REP,JOSEPH (JOE) EARLEY,7
Wood,PRECINCT 29,U.S. House,2,REP,JOSEPH (JOE) EARLEY,17
Wood,PRECINCT 32,U.S. House,2,REP,JOSEPH (JOE) EARLEY,10
Wood,PRECINCT 33,U.S. House,2,REP,JOSEPH (JOE) EARLEY,0
Wood,PRECINCT 34A,U.S. House,2,REP,JOSEPH (JOE) EARLEY,23
Wood,PRECINCT 35,U.S. House,2,REP,JOSEPH (JOE) EARLEY,16
Wood,PRECINCT 36,U.S. House,2,REP,JOSEPH (JOE) EARLEY,14
Wood,PRECINCT 36B,U.S. House,2,REP,JOSEPH (JOE) EARLEY,18
Wood,PRECINCT 37,U.S. House,2,REP,JOSEPH (JOE) EARLEY,27
Wood,PRECINCT 37A,U.S. House,2,REP,JOSEPH (JOE) EARLEY,28
Wood,PRECINCT 38,U.S. House,2,REP,JOSEPH (JOE) EARLEY,4
Wood,PRECINCT 39,U.S. House,2,REP,JOSEPH (JOE) EARLEY,4
Wood,PRECINCT 40,U.S. House,2,REP,JOSEPH (JOE) EARLEY,14
Wood,PRECINCT 40A,U.S. House,2,REP,JOSEPH (JOE) EARLEY,8
Wood,PRECINCT 41,U.S. House,2,REP,JOSEPH (JOE) EARLEY,14
Wood,PRECINCT 42A,U.S. House,2,REP,JOSEPH (JOE) EARLEY,20
Wood,PRECINCT 43A,U.S. House,2,REP,JOSEPH (JOE) EARLEY,24
Wood,PRECINCT 45,U.S. House,2,REP,JOSEPH (JOE) EARLEY,17
Wood,PRECINCT 45A,U.S. House,2,REP,JOSEPH (JOE) EARLEY,29
Wood,PRECINCT 46,U.S. House,2,REP,JOSEPH (JOE) EARLEY,45
Wood,PRECINCT 46B,U.S. House,2,REP,JOSEPH (JOE) EARLEY,20
Wood,PRECINCT 47,U.S. House,2,REP,JOSEPH (JOE) EARLEY,19
Wood,PRECINCT 48,U.S. House,2,REP,JOSEPH (JOE) EARLEY,27
Wood,PRECINCT 49,U.S. House,2,REP,JOSEPH (JOE) EARLEY,11
Wood,PRECINCT 49A,U.S. House,2,REP,JOSEPH (JOE) EARLEY,13
Wood,PRECINCT 50,U.S. House,2,REP,JOSEPH (JOE) EARLEY,4
Wood,PRECINCT 51,U.S. House,2,REP,JOSEPH (JOE) EARLEY,39
Wood,PRECINCT 52,U.S. House,2,REP,JOSEPH (JOE) EARLEY,25
Wood,PRECINCT 53,U.S. House,2,REP,JOSEPH (JOE) EARLEY,15
Wood,PRECINCT 53A,U.S. House,2,REP,JOSEPH (JOE) EARLEY,14
Wood,PRECINCT 54,U.S. House,2,REP,JOSEPH (JOE) EARLEY,10
Wood,PRECINCT 54A,U.S. House,2,REP,JOSEPH (JOE) EARLEY,11
Wood,PRECINCT 56,U.S. House,2,REP,JOSEPH (JOE) EARLEY,12
Wood,PRECINCT 56A,U.S. House,2,REP,JOSEPH (JOE) EARLEY,22
Wood,PRECINCT 57,U.S. House,2,REP,JOSEPH (JOE) EARLEY,12
Wood,PRECINCT 57A,U.S. House,2,REP,JOSEPH (JOE) EARLEY,15
Wood,PRECINCT 58,U.S. House,2,REP,JOSEPH (JOE) EARLEY,23
Wood,PRECINCT 60,U.S. House,2,REP,JOSEPH (JOE) EARLEY,5
Wood,PRECINCT 61,U.S. House,2,REP,JOSEPH (JOE) EARLEY,11
Wood,PRECINCT 62,U.S. House,2,REP,JOSEPH (JOE) EARLEY,17
Wood,PRECINCT 63,U.S. House,2,REP,JOSEPH (JOE) EARLEY,8
Wood,PRECINCT 63A,U.S. House,2,REP,JOSEPH (JOE) EARLEY,9
Wood,PRECINCT 63B,U.S. House,2,REP,JOSEPH (JOE) EARLEY,10
Wood,PRECINCT 64,U.S. House,2,REP,JOSEPH (JOE) EARLEY,11
Wood,PRECINCT 67,U.S. House,2,REP,JOSEPH (JOE) EARLEY,22
Wood,PRECINCT 67A,U.S. House,2,REP,JOSEPH (JOE) EARLEY,22
Wood,PRECINCT 69,U.S. House,2,REP,JOSEPH (JOE) EARLEY,14
Wood,PRECINCT 71,U.S. House,2,REP,JOSEPH (JOE) EARLEY,1
Wood,PRECINCT 74,U.S. House,2,REP,JOSEPH (JOE) EARLEY,13
Wood,PRECINCT 74B,U.S. House,2,REP,JOSEPH (JOE) EARLEY,11
Wood,PRECINCT 74C,U.S. House,2,REP,JOSEPH (JOE) EARLEY,10
Wood,PRECINCT 74U,U.S. House,2,REP,JOSEPH (JOE) EARLEY,4
Wood,PRECINCT 75,U.S. House,2,REP,JOSEPH (JOE) EARLEY,10
Wood,PRECINCT 77,U.S. House,2,REP,JOSEPH (JOE) EARLEY,11
Wood,PRECINCT 78,U.S. House,2,REP,JOSEPH (JOE) EARLEY,6
Wood,PRECINCT 78A,U.S. House,2,REP,JOSEPH (JOE) EARLEY,25
Wood,PRECINCT 79,U.S. House,2,REP,JOSEPH (JOE) EARLEY,11
Wood,PRECINCT 81,U.S. House,2,REP,JOSEPH (JOE) EARLEY,12
Wood,PRECINCT 82,U.S. House,2,REP,JOSEPH (JOE) EARLEY,21
Wood,PRECINCT 85,U.S. House,2,REP,JOSEPH (JOE) EARLEY,8
Wood,PRECINCT 86,U.S. House,2,REP,JOSEPH (JOE) EARLEY,19
Wood,PRECINCT 87,U.S. House,2,REP,JOSEPH (JOE) EARLEY,11
Wood,PRECINCT 88,U.S. House,2,REP,JOSEPH (JOE) EARLEY,14
Wood,PRECINCT 89,U.S. House,2,REP,JOSEPH (JOE) EARLEY,24
Wood,PRECINCT 8,U.S. House,2,REP,DENNIS 'NATE' CAIN,15
Wood,PRECINCT 10,U.S. House,2,REP,DENNIS 'NATE' CAIN,5
Wood,PRECINCT 13,U.S. House,2,REP,DENNIS 'NATE' CAIN,5
Wood,PRECINCT 16,U.S. House,2,REP,DENNIS 'NATE' CAIN,8
Wood,PRECINCT 19,U.S. House,2,REP,DENNIS 'NATE' CAIN,11
Wood,PRECINCT 27,U.S. House,2,REP,DENNIS 'NATE' CAIN,4
Wood,PRECINCT 29,U.S. House,2,REP,DENNIS 'NATE' CAIN,11
Wood,PRECINCT 32,U.S. House,2,REP,DENNIS 'NATE' CAIN,8
Wood,PRECINCT 33,U.S. House,2,REP,DENNIS 'NATE' CAIN,3
Wood,PRECINCT 34A,U.S. House,2,REP,DENNIS 'NATE' CAIN,7
Wood,PRECINCT 35,U.S. House,2,REP,DENNIS 'NATE' CAIN,10
Wood,PRECINCT 36,U.S. House,2,REP,DENNIS 'NATE' CAIN,5
Wood,PRECINCT 36B,U.S. House,2,REP,DENNIS 'NATE' CAIN,17
Wood,PRECINCT 37,U.S. House,2,REP,DENNIS 'NATE' CAIN,12
Wood,PRECINCT 37A,U.S. House,2,REP,DENNIS 'NATE' CAIN,3
Wood,PRECINCT 38,U.S. House,2,REP,DENNIS 'NATE' CAIN,2
Wood,PRECINCT 39,U.S. House,2,REP,DENNIS 'NATE' CAIN,4
Wood,PRECINCT 40,U.S. House,2,REP,DENNIS 'NATE' CAIN,1
Wood,PRECINCT 40A,U.S. House,2,REP,DENNIS 'NATE' CAIN,5
Wood,PRECINCT 41,U.S. House,2,REP,DENNIS 'NATE' CAIN,11
Wood,PRECINCT 42A,U.S. House,2,REP,DENNIS 'NATE' CAIN,12
Wood,PRECINCT 43A,U.S. House,2,REP,DENNIS 'NATE' CAIN,14
Wood,PRECINCT 45,U.S. House,2,REP,DENNIS 'NATE' CAIN,8
Wood,PRECINCT 45A,U.S. House,2,REP,DENNIS 'NATE' CAIN,18
Wood,PRECINCT 46,U.S. House,2,REP,DENNIS 'NATE' CAIN,9
Wood,PRECINCT 46B,U.S. House,2,REP,DENNIS 'NATE' CAIN,22
Wood,PRECINCT 47,U.S. House,2,REP,DENNIS 'NATE' CAIN,5
Wood,PRECINCT 48,U.S. House,2,REP,DENNIS 'NATE' CAIN,16
Wood,PRECINCT 49,U.S. House,2,REP,DENNIS 'NATE' CAIN,5
Wood,PRECINCT 49A,U.S. House,2,REP,DENNIS 'NATE' CAIN,11
Wood,PRECINCT 50,U.S. House,2,REP,DENNIS 'NATE' CAIN,13
Wood,PRECINCT 51,U.S. House,2,REP,DENNIS 'NATE' CAIN,7
Wood,PRECINCT 52,U.S. House,2,REP,DENNIS 'NATE' CAIN,10
Wood,PRECINCT 53,U.S. House,2,REP,DENNIS 'NATE' CAIN,9
Wood,PRECINCT 53A,U.S. House,2,REP,DENNIS 'NATE' CAIN,8
Wood,PRECINCT 54,U.S. House,2,REP,DENNIS 'NATE' CAIN,13
Wood,PRECINCT 54A,U.S. House,2,REP,DENNIS 'NATE' CAIN,8
Wood,PRECINCT 56,U.S. House,2,REP,DENNIS 'NATE' CAIN,5
Wood,PRECINCT 56A,U.S. House,2,REP,DENNIS 'NATE' CAIN,14
Wood,PRECINCT 57,U.S. House,2,REP,DENNIS 'NATE' CAIN,11
Wood,PRECINCT 57A,U.S. House,2,REP,DENNIS 'NATE' CAIN,13
Wood,PRECINCT 58,U.S. House,2,REP,DENNIS 'NATE' CAIN,16
Wood,PRECINCT 60,U.S. House,2,REP,DENNIS 'NATE' CAIN,12
Wood,PRECINCT 61,U.S. House,2,REP,DENNIS 'NATE' CAIN,6
Wood,PRECINCT 62,U.S. House,2,REP,DENNIS 'NATE' CAIN,28
Wood,PRECINCT 63,U.S. House,2,REP,DENNIS 'NATE' CAIN,13
Wood,PRECINCT 63A,U.S. House,2,REP,DENNIS 'NATE' CAIN,27
Wood,PRECINCT 63B,U.S. House,2,REP,DENNIS 'NATE' CAIN,18
Wood,PRECINCT 64,U.S. House,2,REP,DENNIS 'NATE' CAIN,19
Wood,PRECINCT 67,U.S. House,2,REP,DENNIS 'NATE' CAIN,42
Wood,PRECINCT 67A,U.S. House,2,REP,DENNIS 'NATE' CAIN,41
Wood,PRECINCT 69,U.S. House,2,REP,DENNIS 'NATE' CAIN,12
Wood,PRECINCT 71,U.S. House,2,REP,DENNIS 'NATE' CAIN,7
Wood,PRECINCT 74,U.S. House,2,REP,DENNIS 'NATE' CAIN,11
Wood,PRECINCT 74B,U.S. House,2,REP,DENNIS 'NATE' CAIN,7
Wood,PRECINCT 74C,U.S. House,2,REP,DENNIS 'NATE' CAIN,9
Wood,PRECINCT 74U,U.S. House,2,REP,DENNIS 'NATE' CAIN,0
Wood,PRECINCT 75,U.S. House,2,REP,DENNIS 'NATE' CAIN,13
Wood,PRECINCT 77,U.S. House,2,REP,DENNIS 'NATE' CAIN,9
Wood,PRECINCT 78,U.S. House,2,REP,DENNIS 'NATE' CAIN,8
Wood,PRECINCT 78A,U.S. House,2,REP,DENNIS 'NATE' CAIN,16
Wood,PRECINCT 79,U.S. House,2,REP,DENNIS 'NATE' CAIN,21
Wood,PRECINCT 81,U.S. House,2,REP,DENNIS 'NATE' CAIN,26
Wood,PRECINCT 82,U.S. House,2,REP,DENNIS 'NATE' CAIN,35
Wood,PRECINCT 85,U.S. House,2,REP,DENNIS 'NATE' CAIN,17
Wood,PRECINCT 86,U.S. House,2,REP,DENNIS 'NATE' CAIN,11
Wood,PRECINCT 87,U.S. House,2,REP,DENNIS 'NATE' CAIN,16
Wood,PRECINCT 88,U.S. House,2,REP,DENNIS 'NATE' CAIN,21
Wood,PRECINCT 89,U.S. House,2,REP,DENNIS 'NATE' CAIN,11
Wood,PRECINCT 8,U.S. House,2,DEM,STEVEN WENDELIN,37
Wood,PRECINCT 10,U.S. House,2,DEM,STEVEN WENDELIN,36
Wood,PRECINCT 13,U.S. House,2,DEM,STEVEN WENDELIN,31
Wood,PRECINCT 16,U.S. House,2,DEM,STEVEN WENDELIN,37
Wood,PRECINCT 19,U.S. House,2,DEM,STEVEN WENDELIN,79
Wood,PRECINCT 27,U.S. House,2,DEM,STEVEN WENDELIN,19
Wood,PRECINCT 29,U.S. House,2,DEM,STEVEN WENDELIN,70
Wood,PRECINCT 32,U.S. House,2,DEM,STEVEN WENDELIN,65
Wood,PRECINCT 33,U.S. House,2,DEM,STEVEN WENDELIN,17
Wood,PRECINCT 34A,U.S. House,2,DEM,STEVEN WENDELIN,81
Wood,PRECINCT 35,U.S. House,2,DEM,STEVEN WENDELIN,68
Wood,PRECINCT 36,U.S. House,2,DEM,STEVEN WENDELIN,44
Wood,PRECINCT 36B,U.S. House,2,DEM,STEVEN WENDELIN,58
Wood,PRECINCT 37,U.S. House,2,DEM,STEVEN WENDELIN,75
Wood,PRECINCT 37A,U.S. House,2,DEM,STEVEN WENDELIN,85
Wood,PRECINCT 38,U.S. House,2,DEM,STEVEN WENDELIN,7
Wood,PRECINCT 39,U.S. House,2,DEM,STEVEN WENDELIN,24
Wood,PRECINCT 40,U.S. House,2,DEM,STEVEN WENDELIN,23
Wood,PRECINCT 40A,U.S. House,2,DEM,STEVEN WENDELIN,39
Wood,PRECINCT 41,U.S. House,2,DEM,STEVEN WENDELIN,46
Wood,PRECINCT 42A,U.S. House,2,DEM,STEVEN WENDELIN,82
Wood,PRECINCT 43A,U.S. House,2,DEM,STEVEN WENDELIN,65
Wood,PRECINCT 45,U.S. House,2,DEM,STEVEN WENDELIN,62
Wood,PRECINCT 45A,U.S. House,2,DEM,STEVEN WENDELIN,63
Wood,PRECINCT 46,U.S. House,2,DEM,STEVEN WENDELIN,73
Wood,PRECINCT 46B,U.S. House,2,DEM,STEVEN WENDELIN,79
Wood,PRECINCT 47,U.S. House,2,DEM,STEVEN WENDELIN,14
Wood,PRECINCT 48,U.S. House,2,DEM,STEVEN WENDELIN,62
Wood,PRECINCT 49,U.S. House,2,DEM,STEVEN WENDELIN,46
Wood,PRECINCT 49A,U.S. House,2,DEM,STEVEN WENDELIN,50
Wood,PRECINCT 50,U.S. House,2,DEM,STEVEN WENDELIN,24
Wood,PRECINCT 51,U.S. House,2,DEM,STEVEN WENDELIN,76
Wood,PRECINCT 52,U.S. House,2,DEM,STEVEN WENDELIN,82
Wood,PRECINCT 53,U.S. House,2,DEM,STEVEN WENDELIN,24
Wood,PRECINCT 53A,U.S. House,2,DEM,STEVEN WENDELIN,28
Wood,PRECINCT 54,U.S. House,2,DEM,STEVEN WENDELIN,24
Wood,PRECINCT 54A,U.S. House,2,DEM,STEVEN WENDELIN,37
Wood,PRECINCT 56,U.S. House,2,DEM,STEVEN WENDELIN,22
Wood,PRECINCT 56A,U.S. House,2,DEM,STEVEN WENDELIN,35
Wood,PRECINCT 57,U.S. House,2,DEM,STEVEN WENDELIN,30
Wood,PRECINCT 57A,U.S. House,2,DEM,STEVEN WENDELIN,31
Wood,PRECINCT 58,U.S. House,2,DEM,STEVEN WENDELIN,56
Wood,PRECINCT 60,U.S. House,2,DEM,STEVEN WENDELIN,19
Wood,PRECINCT 61,U.S. House,2,DEM,STEVEN WENDELIN,20
Wood,PRECINCT 62,U.S. House,2,DEM,STEVEN WENDELIN,60
Wood,PRECINCT 63,U.S. House,2,DEM,STEVEN WENDELIN,16
Wood,PRECINCT 63A,U.S. House,2,DEM,STEVEN WENDELIN,41
Wood,PRECINCT 63B,U.S. House,2,DEM,STEVEN WENDELIN,32
Wood,PRECINCT 64,U.S. House,2,DEM,STEVEN WENDELIN,41
Wood,PRECINCT 67,U.S. House,2,DEM,STEVEN WENDELIN,74
Wood,PRECINCT 67A,U.S. House,2,DEM,STEVEN WENDELIN,53
Wood,PRECINCT 69,U.S. House,2,DEM,STEVEN WENDELIN,30
Wood,PRECINCT 71,U.S. House,2,DEM,STEVEN WENDELIN,20
Wood,PRECINCT 74,U.S. House,2,DEM,STEVEN WENDELIN,35
Wood,PRECINCT 74B,U.S. House,2,DEM,STEVEN WENDELIN,49
Wood,PRECINCT 74C,U.S. House,2,DEM,STEVEN WENDELIN,42
Wood,PRECINCT 74U,U.S. House,2,DEM,STEVEN WENDELIN,10
Wood,PRECINCT 75,U.S. House,2,DEM,STEVEN WENDELIN,37
Wood,PRECINCT 77,U.S. House,2,DEM,STEVEN WENDELIN,50
Wood,PRECINCT 78,U.S. House,2,DEM,STEVEN WENDELIN,26
Wood,PRECINCT 78A,U.S. House,2,DEM,STEVEN WENDELIN,32
Wood,PRECINCT 79,U.S. House,2,DEM,STEVEN WENDELIN,39
Wood,PRECINCT 81,U.S. House,2,DEM,STEVEN WENDELIN,12
Wood,PRECINCT 82,U.S. House,2,DEM,STEVEN WENDELIN,28
Wood,PRECINCT 85,U.S. House,2,DEM,STEVEN WENDELIN,23
Wood,PRECINCT 86,U.S. House,2,DEM,STEVEN WENDELIN,51
Wood,PRECINCT 87,U.S. House,2,DEM,STEVEN WENDELIN,24
Wood,PRECINCT 88,U.S. House,2,DEM,STEVEN WENDELIN,32
Wood,PRECINCT 89,U.S. House,2,DEM,STEVEN WENDELIN,53
Wood,PRECINCT 8,U.S. House,2,MTN,NO CANDIDATE FILED,0
Wood,PRECINCT 10,U.S. House,2,MTN,NO CANDIDATE FILED,0
Wood,PRECINCT 13,U.S. House,2,MTN,NO CANDIDATE FILED,0
Wood,PRECINCT 16,U.S. House,2,MTN,NO CANDIDATE FILED,0
Wood,PRECINCT 19,U.S. House,2,MTN,NO CANDIDATE FILED,0
Wood,PRECINCT 27,U.S. House,2,MTN,NO CANDIDATE FILED,0
Wood,PRECINCT 29,U.S. House,2,MTN,NO CANDIDATE FILED,0
Wood,PRECINCT 32,U.S. House,2,MTN,NO CANDIDATE FILED,0
Wood,PRECINCT 33,U.S. House,2,MTN,NO CANDIDATE FILED,0
Wood,PRECINCT 34A,U.S. House,2,MTN,NO CANDIDATE FILED,0
Wood,PRECINCT 35,U.S. House,2,MTN,NO CANDIDATE FILED,0
Wood,PRECINCT 36,U.S. House,2,MTN,NO CANDIDATE FILED,0
Wood,PRECINCT 36B,U.S. House,2,MTN,NO CANDIDATE FILED,0
Wood,PRECINCT 37,U.S. House,2,MTN,NO CANDIDATE FILED,0
Wood,PRECINCT 37A,U.S. House,2,MTN,NO CANDIDATE FILED,0
Wood,PRECINCT 38,U.S. House,2,MTN,NO CANDIDATE FILED,0
Wood,PRECINCT 39,U.S. House,2,MTN,NO CANDIDATE FILED,0
Wood,PRECINCT 40,U.S. House,2,MTN,NO CANDIDATE FILED,0
Wood,PRECINCT 40A,U.S. House,2,MTN,NO CANDIDATE FILED,0
Wood,PRECINCT 41,U.S. House,2,MTN,NO CANDIDATE FILED,0
Wood,PRECINCT 42A,U.S. House,2,MTN,NO CANDIDATE FILED,0
Wood,PRECINCT 43A,U.S. House,2,MTN,NO CANDIDATE FILED,0
Wood,PRECINCT 45,U.S. House,2,MTN,NO CANDIDATE FILED,0
Wood,PRECINCT 45A,U.S. House,2,MTN,NO CANDIDATE FILED,0
Wood,PRECINCT 46,U.S. House,2,MTN,NO CANDIDATE FILED,0
Wood,PRECINCT 46B,U.S. House,2,MTN,NO CANDIDATE FILED,0
Wood,PRECINCT 47,U.S. House,2,MTN,NO CANDIDATE FILED,0
Wood,PRECINCT 48,U.S. House,2,MTN,NO CANDIDATE FILED,0
Wood,PRECINCT 49,U.S. House,2,MTN,NO CANDIDATE FILED,0
Wood,PRECINCT 49A,U.S. House,2,MTN,NO CANDIDATE FILED,0
Wood,PRECINCT 50,U.S. House,2,MTN,NO CANDIDATE FILED,0
Wood,PRECINCT 51,U.S. House,2,MTN,NO CANDIDATE FILED,0
Wood,PRECINCT 52,U.S. House,2,MTN,NO CANDIDATE FILED,0
Wood,PRECINCT 53,U.S. House,2,MTN,NO CANDIDATE FILED,0
Wood,PRECINCT 53A,U.S. House,2,MTN,NO CANDIDATE FILED,0
Wood,PRECINCT 54,U.S. House,2,MTN,NO CANDIDATE FILED,0
Wood,PRECINCT 54A,U.S. House,2,MTN,NO CANDIDATE FILED,0
Wood,PRECINCT 56,U.S. House,2,MTN,NO CANDIDATE FILED,0
Wood,PRECINCT 56A,U.S. House,2,MTN,NO CANDIDATE FILED,0
Wood,PRECINCT 57,U.S. House,2,MTN,NO CANDIDATE FILED,0
Wood,PRECINCT 57A,U.S. House,2,MTN,NO CANDIDATE FILED,0
Wood,PRECINCT 58,U.S. House,2,MTN,NO CANDIDATE FILED,0
Wood,PRECINCT 60,U.S. House,2,MTN,NO CANDIDATE FILED,0
Wood,PRECINCT 61,U.S. House,2,MTN,NO CANDIDATE FILED,0
Wood,PRECINCT 62,U.S. House,2,MTN,NO CANDIDATE FILED,0
Wood,PRECINCT 63,U.S. House,2,MTN,NO CANDIDATE FILED,0
Wood,PRECINCT 63A,U.S. House,2,MTN,NO CANDIDATE FILED,0
Wood,PRECINCT 63B,U.S. House,2,MTN,NO CANDIDATE FILED,0
Wood,PRECINCT 64,U.S. House,2,MTN,NO CANDIDATE FILED,0
Wood,PRECINCT 67,U.S. House,2,MTN,NO CANDIDATE FILED,0
Wood,PRECINCT 67A,U.S. House,2,MTN,NO CANDIDATE FILED,0
Wood,PRECINCT 69,U.S. House,2,MTN,NO CANDIDATE FILED,0
Wood,PRECINCT 71,U.S. House,2,MTN,NO CANDIDATE FILED,0
Wood,PRECINCT 74,U.S. House,2,MTN,NO CANDIDATE FILED,0
Wood,PRECINCT 74B,U.S. House,2,MTN,NO CANDIDATE FILED,0
Wood,PRECINCT 74C,U.S. House,2,MTN,NO CANDIDATE FILED,0
Wood,PRECINCT 74U,U.S. House,2,MTN,NO CANDIDATE FILED,0
Wood,PRECINCT 75,U.S. House,2,MTN,NO CANDIDATE FILED,0
Wood,PRECINCT 77,U.S. House,2,MTN,NO CANDIDATE FILED,0
Wood,PRECINCT 78,U.S. House,2,MTN,NO CANDIDATE FILED,0
Wood,PRECINCT 78A,U.S. House,2,MTN,NO CANDIDATE FILED,0
Wood,PRECINCT 79,U.S. House,2,MTN,NO CANDIDATE FILED,0
Wood,PRECINCT 81,U.S. House,2,MTN,NO CANDIDATE FILED,0
Wood,PRECINCT 82,U.S. House,2,MTN,NO CANDIDATE FILED,0
Wood,PRECINCT 85,U.S. House,2,MTN,NO CANDIDATE FILED,0
Wood,PRECINCT 86,U.S. House,2,MTN,NO CANDIDATE FILED,0
Wood,PRECINCT 87,U.S. House,2,MTN,NO CANDIDATE FILED,0
Wood,PRECINCT 88,U.S. House,2,MTN,NO CANDIDATE FILED,0
Wood,PRECINCT 89,U.S. House,2,MTN,NO CANDIDATE FILED,0
Wood,PRECINCT 8,Governor,,REP,MOORE CAPITO,26
Wood,PRECINCT 10,Governor,,REP,MOORE CAPITO,14
Wood,PRECINCT 13,Governor,,REP,MOORE CAPITO,7
Wood,PRECINCT 16,Governor,,REP,MOORE CAPITO,19
Wood,PRECINCT 19,Governor,,REP,MOORE CAPITO,78
Wood,PRECINCT 27,Governor,,REP,MOORE CAPITO,15
Wood,PRECINCT 29,Governor,,REP,MOORE CAPITO,45
Wood,PRECINCT 32,Governor,,REP,MOORE CAPITO,41
Wood,PRECINCT 33,Governor,,REP,MOORE CAPITO,9
Wood,PRECINCT 34A,Governor,,REP,MOORE CAPITO,75
Wood,PRECINCT 35,Governor,,REP,MOORE CAPITO,59
Wood,PRECINCT 36,Governor,,REP,MOORE CAPITO,38
Wood,PRECINCT 36B,Governor,,REP,MOORE CAPITO,70
Wood,PRECINCT 37,Governor,,REP,MOORE CAPITO,85
Wood,PRECINCT 37A,Governor,,REP,MOORE CAPITO,63
Wood,PRECINCT 38,Governor,,REP,MOORE CAPITO,14
Wood,PRECINCT 39,Governor,,REP,MOORE CAPITO,30
Wood,PRECINCT 40,Governor,,REP,MOORE CAPITO,18
Wood,PRECINCT 40A,Governor,,REP,MOORE CAPITO,40
Wood,PRECINCT 41,Governor,,REP,MOORE CAPITO,45
Wood,PRECINCT 42A,Governor,,REP,MOORE CAPITO,62
Wood,PRECINCT 43A,Governor,,REP,MOORE CAPITO,62
Wood,PRECINCT 45,Governor,,REP,MOORE CAPITO,42
Wood,PRECINCT 45A,Governor,,REP,MOORE CAPITO,74
Wood,PRECINCT 46,Governor,,REP,MOORE CAPITO,124
Wood,PRECINCT 46B,Governor,,REP,MOORE CAPITO,132
Wood,PRECINCT 47,Governor,,REP,MOORE CAPITO,15
Wood,PRECINCT 48,Governor,,REP,MOORE CAPITO,73
Wood,PRECINCT 49,Governor,,REP,MOORE CAPITO,38
Wood,PRECINCT 49A,Governor,,REP,MOORE CAPITO,38
Wood,PRECINCT 50,Governor,,REP,MOORE CAPITO,29
Wood,PRECINCT 51,Governor,,REP,MOORE CAPITO,72
Wood,PRECINCT 52,Governor,,REP,MOORE CAPITO,100
Wood,PRECINCT 53,Governor,,REP,MOORE CAPITO,45
Wood,PRECINCT 53A,Governor,,REP,MOORE CAPITO,34
Wood,PRECINCT 54,Governor,,REP,MOORE CAPITO,27
Wood,PRECINCT 54A,Governor,,REP,MOORE CAPITO,45
Wood,PRECINCT 56,Governor,,REP,MOORE CAPITO,17
Wood,PRECINCT 56A,Governor,,REP,MOORE CAPITO,62
Wood,PRECINCT 57,Governor,,REP,MOORE CAPITO,37
Wood,PRECINCT 57A,Governor,,REP,MOORE CAPITO,36
Wood,PRECINCT 58,Governor,,REP,MOORE CAPITO,62
Wood,PRECINCT 60,Governor,,REP,MOORE CAPITO,19
Wood,PRECINCT 61,Governor,,REP,MOORE CAPITO,23
Wood,PRECINCT 62,Governor,,REP,MOORE CAPITO,83
Wood,PRECINCT 63,Governor,,REP,MOORE CAPITO,19
Wood,PRECINCT 63A,Governor,,REP,MOORE CAPITO,61
Wood,PRECINCT 63B,Governor,,REP,MOORE CAPITO,49
Wood,PRECINCT 64,Governor,,REP,MOORE CAPITO,77
Wood,PRECINCT 67,Governor,,REP,MOORE CAPITO,72
Wood,PRECINCT 67A,Governor,,REP,MOORE CAPITO,84
Wood,PRECINCT 69,Governor,,REP,MOORE CAPITO,44
Wood,PRECINCT 71,Governor,,REP,MOORE CAPITO,13
Wood,PRECINCT 74,Governor,,REP,MOORE CAPITO,47
Wood,PRECINCT 74B,Governor,,REP,MOORE CAPITO,59
Wood,PRECINCT 74C,Governor,,REP,MOORE CAPITO,47
Wood,PRECINCT 74U,Governor,,REP,MOORE CAPITO,12
Wood,PRECINCT 75,Governor,,REP,MOORE CAPITO,28
Wood,PRECINCT 77,Governor,,REP,MOORE CAPITO,44
Wood,PRECINCT 78,Governor,,REP,MOORE CAPITO,36
Wood,PRECINCT 78A,Governor,,REP,MOORE CAPITO,89
Wood,PRECINCT 79,Governor,,REP,MOORE CAPITO,71
Wood,PRECINCT 81,Governor,,REP,MOORE CAPITO,16
Wood,PRECINCT 82,Governor,,REP,MOORE CAPITO,75
Wood,PRECINCT 85,Governor,,REP,MOORE CAPITO,29
Wood,PRECINCT 86,Governor,,REP,MOORE CAPITO,55
Wood,PRECINCT 87,Governor,,REP,MOORE CAPITO,40
Wood,PRECINCT 88,Governor,,REP,MOORE CAPITO,63
Wood,PRECINCT 89,Governor,,REP,MOORE CAPITO,80
Wood,PRECINCT 8,Governor,,REP,PATRICK MORRISEY,31
Wood,PRECINCT 10,Governor,,REP,PATRICK MORRISEY,25
Wood,PRECINCT 13,Governor,,REP,PATRICK MORRISEY,19
Wood,PRECINCT 16,Governor,,REP,PATRICK MORRISEY,26
Wood,PRECINCT 19,Governor,,REP,PATRICK MORRISEY,63
Wood,PRECINCT 27,Governor,,REP,PATRICK MORRISEY,20
Wood,PRECINCT 29,Governor,,REP,PATRICK MORRISEY,69
Wood,PRECINCT 32,Governor,,REP,PATRICK MORRISEY,41
Wood,PRECINCT 33,Governor,,REP,PATRICK MORRISEY,8
Wood,PRECINCT 34A,Governor,,REP,PATRICK MORRISEY,72
Wood,PRECINCT 35,Governor,,REP,PATRICK MORRISEY,48
Wood,PRECINCT 36,Governor,,REP,PATRICK MORRISEY,27
Wood,PRECINCT 36B,Governor,,REP,PATRICK MORRISEY,43
Wood,PRECINCT 37,Governor,,REP,PATRICK MORRISEY,67
Wood,PRECINCT 37A,Governor,,REP,PATRICK MORRISEY,65
Wood,PRECINCT 38,Governor,,REP,PATRICK MORRISEY,11
Wood,PRECINCT 39,Governor,,REP,PATRICK MORRISEY,24
Wood,PRECINCT 40,Governor,,REP,PATRICK MORRISEY,23
Wood,PRECINCT 40A,Governor,,REP,PATRICK MORRISEY,43
Wood,PRECINCT 41,Governor,,REP,PATRICK MORRISEY,53
Wood,PRECINCT 42A,Governor,,REP,PATRICK MORRISEY,75
Wood,PRECINCT 43A,Governor,,REP,PATRICK MORRISEY,88
Wood,PRECINCT 45,Governor,,REP,PATRICK MORRISEY,50
Wood,PRECINCT 45A,Governor,,REP,PATRICK MORRISEY,74
Wood,PRECINCT 46,Governor,,REP,PATRICK MORRISEY,104
Wood,PRECINCT 46B,Governor,,REP,PATRICK MORRISEY,98
Wood,PRECINCT 47,Governor,,REP,PATRICK MORRISEY,32
Wood,PRECINCT 48,Governor,,REP,PATRICK MORRISEY,107
Wood,PRECINCT 49,Governor,,REP,PATRICK MORRISEY,52
Wood,PRECINCT 49A,Governor,,REP,PATRICK MORRISEY,56
Wood,PRECINCT 50,Governor,,REP,PATRICK MORRISEY,35
Wood,PRECINCT 51,Governor,,REP,PATRICK MORRISEY,96
Wood,PRECINCT 52,Governor,,REP,PATRICK MORRISEY,103
Wood,PRECINCT 53,Governor,,REP,PATRICK MORRISEY,63
Wood,PRECINCT 53A,Governor,,REP,PATRICK MORRISEY,71
Wood,PRECINCT 54,Governor,,REP,PATRICK MORRISEY,47
Wood,PRECINCT 54A,Governor,,REP,PATRICK MORRISEY,62
Wood,PRECINCT 56,Governor,,REP,PATRICK MORRISEY,31
Wood,PRECINCT 56A,Governor,,REP,PATRICK MORRISEY,48
Wood,PRECINCT 57,Governor,,REP,PATRICK MORRISEY,62
Wood,PRECINCT 57A,Governor,,REP,PATRICK MORRISEY,56
Wood,PRECINCT 58,Governor,,REP,PATRICK MORRISEY,87
Wood,PRECINCT 60,Governor,,REP,PATRICK MORRISEY,44
Wood,PRECINCT 61,Governor,,REP,PATRICK MORRISEY,65
Wood,PRECINCT 62,Governor,,REP,PATRICK MORRISEY,87
Wood,PRECINCT 63,Governor,,REP,PATRICK MORRISEY,42
Wood,PRECINCT 63A,Governor,,REP,PATRICK MORRISEY,51
Wood,PRECINCT 63B,Governor,,REP,PATRICK MORRISEY,44
Wood,PRECINCT 64,Governor,,REP,PATRICK MORRISEY,65
Wood,PRECINCT 67,Governor,,REP,PATRICK MORRISEY,137
Wood,PRECINCT 67A,Governor,,REP,PATRICK MORRISEY,134
Wood,PRECINCT 69,Governor,,REP,PATRICK MORRISEY,52
Wood,PRECINCT 71,Governor,,REP,PATRICK MORRISEY,13
Wood,PRECINCT 74,Governor,,REP,PATRICK MORRISEY,53
Wood,PRECINCT 74B,Governor,,REP,PATRICK MORRISEY,72
Wood,PRECINCT 74C,Governor,,REP,PATRICK MORRISEY,62
Wood,PRECINCT 74U,Governor,,REP,PATRICK MORRISEY,11
Wood,PRECINCT 75,Governor,,REP,PATRICK MORRISEY,34
Wood,PRECINCT 77,Governor,,REP,PATRICK MORRISEY,61
Wood,PRECINCT 78,Governor,,REP,PATRICK MORRISEY,38
Wood,PRECINCT 78A,Governor,,REP,PATRICK MORRISEY,87
Wood,PRECINCT 79,Governor,,REP,PATRICK MORRISEY,50
Wood,PRECINCT 81,Governor,,REP,PATRICK MORRISEY,67
Wood,PRECINCT 82,Governor,,REP,PATRICK MORRISEY,82
Wood,PRECINCT 85,Governor,,REP,PATRICK MORRISEY,55
Wood,PRECINCT 86,Governor,,REP,PATRICK MORRISEY,64
Wood,PRECINCT 87,Governor,,REP,PATRICK MORRISEY,73
Wood,PRECINCT 88,Governor,,REP,PATRICK MORRISEY,57
Wood,PRECINCT 89,Governor,,REP,PATRICK MORRISEY,93
Wood,PRECINCT 8,Governor,,REP,MAC WARNER,19
Wood,PRECINCT 10,Governor,,REP,MAC WARNER,16
Wood,PRECINCT 13,Governor,,REP,MAC WARNER,9
Wood,PRECINCT 16,Governor,,REP,MAC WARNER,11
Wood,PRECINCT 19,Governor,,REP,MAC WARNER,47
Wood,PRECINCT 27,Governor,,REP,MAC WARNER,16
Wood,PRECINCT 29,Governor,,REP,MAC WARNER,24
Wood,PRECINCT 32,Governor,,REP,MAC WARNER,23
Wood,PRECINCT 33,Governor,,REP,MAC WARNER,4
Wood,PRECINCT 34A,Governor,,REP,MAC WARNER,42
Wood,PRECINCT 35,Governor,,REP,MAC WARNER,27
Wood,PRECINCT 36,Governor,,REP,MAC WARNER,24
Wood,PRECINCT 36B,Governor,,REP,MAC WARNER,33
Wood,PRECINCT 37,Governor,,REP,MAC WARNER,62
Wood,PRECINCT 37A,Governor,,REP,MAC WARNER,34
Wood,PRECINCT 38,Governor,,REP,MAC WARNER,9
Wood,PRECINCT 39,Governor,,REP,MAC WARNER,13
Wood,PRECINCT 40,Governor,,REP,MAC WARNER,15
Wood,PRECINCT 40A,Governor,,REP,MAC WARNER,22
Wood,PRECINCT 41,Governor,,REP,MAC WARNER,35
Wood,PRECINCT 42A,Governor,,REP,MAC WARNER,44
Wood,PRECINCT 43A,Governor,,REP,MAC WARNER,48
Wood,PRECINCT 45,Governor,,REP,MAC WARNER,46
Wood,PRECINCT 45A,Governor,,REP,MAC WARNER,39
Wood,PRECINCT 46,Governor,,REP,MAC WARNER,62
Wood,PRECINCT 46B,Governor,,REP,MAC WARNER,41
Wood,PRECINCT 47,Governor,,REP,MAC WARNER,22
Wood,PRECINCT 48,Governor,,REP,MAC WARNER,62
Wood,PRECINCT 49,Governor,,REP,MAC WARNER,25
Wood,PRECINCT 49A,Governor,,REP,MAC WARNER,28
Wood,PRECINCT 50,Governor,,REP,MAC WARNER,16
Wood,PRECINCT 51,Governor,,REP,MAC WARNER,51
Wood,PRECINCT 52,Governor,,REP,MAC WARNER,38
Wood,PRECINCT 53,Governor,,REP,MAC WARNER,26
Wood,PRECINCT 53A,Governor,,REP,MAC WARNER,27
Wood,PRECINCT 54,Governor,,REP,MAC WARNER,22
Wood,PRECINCT 54A,Governor,,REP,MAC WARNER,18
Wood,PRECINCT 56,Governor,,REP,MAC WARNER,23
Wood,PRECINCT 56A,Governor,,REP,MAC WARNER,45
Wood,PRECINCT 57,Governor,,REP,MAC WARNER,27
Wood,PRECINCT 57A,Governor,,REP,MAC WARNER,27
Wood,PRECINCT 58,Governor,,REP,MAC WARNER,71
Wood,PRECINCT 60,Governor,,REP,MAC WARNER,20
Wood,PRECINCT 61,Governor,,REP,MAC WARNER,19
Wood,PRECINCT 62,Governor,,REP,MAC WARNER,32
Wood,PRECINCT 63,Governor,,REP,MAC WARNER,12
Wood,PRECINCT 63A,Governor,,REP,MAC WARNER,33
Wood,PRECINCT 63B,Governor,,REP,MAC WARNER,19
Wood,PRECINCT 64,Governor,,REP,MAC WARNER,34
Wood,PRECINCT 67,Governor,,REP,MAC WARNER,50
Wood,PRECINCT 67A,Governor,,REP,MAC WARNER,41
Wood,PRECINCT 69,Governor,,REP,MAC WARNER,22
Wood,PRECINCT 71,Governor,,REP,MAC WARNER,9
Wood,PRECINCT 74,Governor,,REP,MAC WARNER,36
Wood,PRECINCT 74B,Governor,,REP,MAC WARNER,45
Wood,PRECINCT 74C,Governor,,REP,MAC WARNER,32
Wood,PRECINCT 74U,Governor,,REP,MAC WARNER,4
Wood,PRECINCT 75,Governor,,REP,MAC WARNER,21
Wood,PRECINCT 77,Governor,,REP,MAC WARNER,28
Wood,PRECINCT 78,Governor,,REP,MAC WARNER,12
Wood,PRECINCT 78A,Governor,,REP,MAC WARNER,54
Wood,PRECINCT 79,Governor,,REP,MAC WARNER,32
Wood,PRECINCT 81,Governor,,REP,MAC WARNER,22
Wood,PRECINCT 82,Governor,,REP,MAC WARNER,34
Wood,PRECINCT 85,Governor,,REP,MAC WARNER,26
Wood,PRECINCT 86,Governor,,REP,MAC WARNER,37
Wood,PRECINCT 87,Governor,,REP,MAC WARNER,20
Wood,PRECINCT 88,Governor,,REP,MAC WARNER,40
Wood,PRECINCT 89,Governor,,REP,MAC WARNER,32
Wood,PRECINCT 8,Governor,,REP,MITCH ROBERTS,0
Wood,PRECINCT 10,Governor,,REP,MITCH ROBERTS,0
Wood,PRECINCT 13,Governor,,REP,MITCH ROBERTS,1
Wood,PRECINCT 16,Governor,,REP,MITCH ROBERTS,0
Wood,PRECINCT 19,Governor,,REP,MITCH ROBERTS,4
Wood,PRECINCT 27,Governor,,REP,MITCH ROBERTS,0
Wood,PRECINCT 29,Governor,,REP,MITCH ROBERTS,1
Wood,PRECINCT 32,Governor,,REP,MITCH ROBERTS,3
Wood,PRECINCT 33,Governor,,REP,MITCH ROBERTS,0
Wood,PRECINCT 34A,Governor,,REP,MITCH ROBERTS,2
Wood,PRECINCT 35,Governor,,REP,MITCH ROBERTS,1
Wood,PRECINCT 36,Governor,,REP,MITCH ROBERTS,1
Wood,PRECINCT 36B,Governor,,REP,MITCH ROBERTS,2
Wood,PRECINCT 37,Governor,,REP,MITCH ROBERTS,2
Wood,PRECINCT 37A,Governor,,REP,MITCH ROBERTS,2
Wood,PRECINCT 38,Governor,,REP,MITCH ROBERTS,1
Wood,PRECINCT 39,Governor,,REP,MITCH ROBERTS,0
Wood,PRECINCT 40,Governor,,REP,MITCH ROBERTS,1
Wood,PRECINCT 40A,Governor,,REP,MITCH ROBERTS,1
Wood,PRECINCT 41,Governor,,REP,MITCH ROBERTS,1
Wood,PRECINCT 42A,Governor,,REP,MITCH ROBERTS,2
Wood,PRECINCT 43A,Governor,,REP,MITCH ROBERTS,2
Wood,PRECINCT 45,Governor,,REP,MITCH ROBERTS,4
Wood,PRECINCT 45A,Governor,,REP,MITCH ROBERTS,1
Wood,PRECINCT 46,Governor,,REP,MITCH ROBERTS,2
Wood,PRECINCT 46B,Governor,,REP,MITCH ROBERTS,3
Wood,PRECINCT 47,Governor,,REP,MITCH ROBERTS,2
Wood,PRECINCT 48,Governor,,REP,MITCH ROBERTS,4
Wood,PRECINCT 49,Governor,,REP,MITCH ROBERTS,1
Wood,PRECINCT 49A,Governor,,REP,MITCH ROBERTS,2
Wood,PRECINCT 50,Governor,,REP,MITCH ROBERTS,0
Wood,PRECINCT 51,Governor,,REP,MITCH ROBERTS,5
Wood,PRECINCT 52,Governor,,REP,MITCH ROBERTS,2
Wood,PRECINCT 53,Governor,,REP,MITCH ROBERTS,5
Wood,PRECINCT 53A,Governor,,REP,MITCH ROBERTS,0
Wood,PRECINCT 54,Governor,,REP,MITCH ROBERTS,1
Wood,PRECINCT 54A,Governor,,REP,MITCH ROBERTS,1
Wood,PRECINCT 56,Governor,,REP,MITCH ROBERTS,1
Wood,PRECINCT 56A,Governor,,REP,MITCH ROBERTS,2
Wood,PRECINCT 57,Governor,,REP,MITCH ROBERTS,2
Wood,PRECINCT 57A,Governor,,REP,MITCH ROBERTS,2
Wood,PRECINCT 58,Governor,,REP,MITCH ROBERTS,2
Wood,PRECINCT 60,Governor,,REP,MITCH ROBERTS,3
Wood,PRECINCT 61,Governor,,REP,MITCH ROBERTS,5
Wood,PRECINCT 62,Governor,,REP,MITCH ROBERTS,0
Wood,PRECINCT 63,Governor,,REP,MITCH ROBERTS,0
Wood,PRECINCT 63A,Governor,,REP,MITCH ROBERTS,2
Wood,PRECINCT 63B,Governor,,REP,MITCH ROBERTS,1
Wood,PRECINCT 64,Governor,,REP,MITCH ROBERTS,2
Wood,PRECINCT 67,Governor,,REP,MITCH ROBERTS,2
Wood,PRECINCT 67A,Governor,,REP,MITCH ROBERTS,5
Wood,PRECINCT 69,Governor,,REP,MITCH ROBERTS,0
Wood,PRECINCT 71,Governor,,REP,MITCH ROBERTS,0
Wood,PRECINCT 74,Governor,,REP,MITCH ROBERTS,3
Wood,PRECINCT 74B,Governor,,REP,MITCH ROBERTS,4
Wood,PRECINCT 74C,Governor,,REP,MITCH ROBERTS,1
Wood,PRECINCT 74U,Governor,,REP,MITCH ROBERTS,0
Wood,PRECINCT 75,Governor,,REP,MITCH ROBERTS,4
Wood,PRECINCT 77,Governor,,REP,MITCH ROBERTS,3
Wood,PRECINCT 78,Governor,,REP,MITCH ROBERTS,0
Wood,PRECINCT 78A,Governor,,REP,MITCH ROBERTS,4
Wood,PRECINCT 79,Governor,,REP,MITCH ROBERTS,5
Wood,PRECINCT 81,Governor,,REP,MITCH ROBERTS,2
Wood,PRECINCT 82,Governor,,REP,MITCH ROBERTS,1
Wood,PRECINCT 85,Governor,,REP,MITCH ROBERTS,4
Wood,PRECINCT 86,Governor,,REP,MITCH ROBERTS,4
Wood,PRECINCT 87,Governor,,REP,MITCH ROBERTS,3
Wood,PRECINCT 88,Governor,,REP,MITCH ROBERTS,3
Wood,PRECINCT 89,Governor,,REP,MITCH ROBERTS,1
Wood,PRECINCT 8,Governor,,REP,CHRIS MILLER,3
Wood,PRECINCT 10,Governor,,REP,CHRIS MILLER,13
Wood,PRECINCT 13,Governor,,REP,CHRIS MILLER,10
Wood,PRECINCT 16,Governor,,REP,CHRIS MILLER,4
Wood,PRECINCT 19,Governor,,REP,CHRIS MILLER,36
Wood,PRECINCT 27,Governor,,REP,CHRIS MILLER,14
Wood,PRECINCT 29,Governor,,REP,CHRIS MILLER,25
Wood,PRECINCT 32,Governor,,REP,CHRIS MILLER,22
Wood,PRECINCT 33,Governor,,REP,CHRIS MILLER,3
Wood,PRECINCT 34A,Governor,,REP,CHRIS MILLER,31
Wood,PRECINCT 35,Governor,,REP,CHRIS MILLER,29
Wood,PRECINCT 36,Governor,,REP,CHRIS MILLER,9
Wood,PRECINCT 36B,Governor,,REP,CHRIS MILLER,34
Wood,PRECINCT 37,Governor,,REP,CHRIS MILLER,24
Wood,PRECINCT 37A,Governor,,REP,CHRIS MILLER,37
Wood,PRECINCT 38,Governor,,REP,CHRIS MILLER,2
Wood,PRECINCT 39,Governor,,REP,CHRIS MILLER,7
Wood,PRECINCT 40,Governor,,REP,CHRIS MILLER,13
Wood,PRECINCT 40A,Governor,,REP,CHRIS MILLER,10
Wood,PRECINCT 41,Governor,,REP,CHRIS MILLER,21
Wood,PRECINCT 42A,Governor,,REP,CHRIS MILLER,40
Wood,PRECINCT 43A,Governor,,REP,CHRIS MILLER,33
Wood,PRECINCT 45,Governor,,REP,CHRIS MILLER,18
Wood,PRECINCT 45A,Governor,,REP,CHRIS MILLER,35
Wood,PRECINCT 46,Governor,,REP,CHRIS MILLER,44
Wood,PRECINCT 46B,Governor,,REP,CHRIS MILLER,46
Wood,PRECINCT 47,Governor,,REP,CHRIS MILLER,18
Wood,PRECINCT 48,Governor,,REP,CHRIS MILLER,47
Wood,PRECINCT 49,Governor,,REP,CHRIS MILLER,17
Wood,PRECINCT 49A,Governor,,REP,CHRIS MILLER,17
Wood,PRECINCT 50,Governor,,REP,CHRIS MILLER,13
Wood,PRECINCT 51,Governor,,REP,CHRIS MILLER,28
Wood,PRECINCT 52,Governor,,REP,CHRIS MILLER,34
Wood,PRECINCT 53,Governor,,REP,CHRIS MILLER,28
Wood,PRECINCT 53A,Governor,,REP,CHRIS MILLER,16
Wood,PRECINCT 54,Governor,,REP,CHRIS MILLER,25
Wood,PRECINCT 54A,Governor,,REP,CHRIS MILLER,25
Wood,PRECINCT 56,Governor,,REP,CHRIS MILLER,24
Wood,PRECINCT 56A,Governor,,REP,CHRIS MILLER,20
Wood,PRECINCT 57,Governor,,REP,CHRIS MILLER,15
Wood,PRECINCT 57A,Governor,,REP,CHRIS MILLER,21
Wood,PRECINCT 58,Governor,,REP,CHRIS MILLER,32
Wood,PRECINCT 60,Governor,,REP,CHRIS MILLER,11
Wood,PRECINCT 61,Governor,,REP,CHRIS MILLER,21
Wood,PRECINCT 62,Governor,,REP,CHRIS MILLER,30
Wood,PRECINCT 63,Governor,,REP,CHRIS MILLER,14
Wood,PRECINCT 63A,Governor,,REP,CHRIS MILLER,11
Wood,PRECINCT 63B,Governor,,REP,CHRIS MILLER,20
Wood,PRECINCT 64,Governor,,REP,CHRIS MILLER,29
Wood,PRECINCT 67,Governor,,REP,CHRIS MILLER,35
Wood,PRECINCT 67A,Governor,,REP,CHRIS MILLER,44
Wood,PRECINCT 69,Governor,,REP,CHRIS MILLER,24
Wood,PRECINCT 71,Governor,,REP,CHRIS MILLER,12
Wood,PRECINCT 74,Governor,,REP,CHRIS MILLER,17
Wood,PRECINCT 74B,Governor,,REP,CHRIS MILLER,23
Wood,PRECINCT 74C,Governor,,REP,CHRIS MILLER,29
Wood,PRECINCT 74U,Governor,,REP,CHRIS MILLER,7
Wood,PRECINCT 75,Governor,,REP,CHRIS MILLER,17
Wood,PRECINCT 77,Governor,,REP,CHRIS MILLER,28
Wood,PRECINCT 78,Governor,,REP,CHRIS MILLER,15
Wood,PRECINCT 78A,Governor,,REP,CHRIS MILLER,24
Wood,PRECINCT 79,Governor,,REP,CHRIS MILLER,30
Wood,PRECINCT 81,Governor,,REP,CHRIS MILLER,22
Wood,PRECINCT 82,Governor,,REP,CHRIS MILLER,38
Wood,PRECINCT 85,Governor,,REP,CHRIS MILLER,49
Wood,PRECINCT 86,Governor,,REP,CHRIS MILLER,43
Wood,PRECINCT 87,Governor,,REP,CHRIS MILLER,26
Wood,PRECINCT 88,Governor,,REP,CHRIS MILLER,25
Wood,PRECINCT 89,Governor,,REP,CHRIS MILLER,26
Wood,PRECINCT 8,Governor,,REP,KEVIN 'KC' CHRISTIAN,0
Wood,PRECINCT 10,Governor,,REP,KEVIN 'KC' CHRISTIAN,2
Wood,PRECINCT 13,Governor,,REP,KEVIN 'KC' CHRISTIAN,1
Wood,PRECINCT 16,Governor,,REP,KEVIN 'KC' CHRISTIAN,0
Wood,PRECINCT 19,Governor,,REP,KEVIN 'KC' CHRISTIAN,1
Wood,PRECINCT 27,Governor,,REP,KEVIN 'KC' CHRISTIAN,0
Wood,PRECINCT 29,Governor,,REP,KEVIN 'KC' CHRISTIAN,2
Wood,PRECINCT 32,Governor,,REP,KEVIN 'KC' CHRISTIAN,1
Wood,PRECINCT 33,Governor,,REP,KEVIN 'KC' CHRISTIAN,3
Wood,PRECINCT 34A,Governor,,REP,KEVIN 'KC' CHRISTIAN,5
Wood,PRECINCT 35,Governor,,REP,KEVIN 'KC' CHRISTIAN,2
Wood,PRECINCT 36,Governor,,REP,KEVIN 'KC' CHRISTIAN,2
Wood,PRECINCT 36B,Governor,,REP,KEVIN 'KC' CHRISTIAN,1
Wood,PRECINCT 37,Governor,,REP,KEVIN 'KC' CHRISTIAN,4
Wood,PRECINCT 37A,Governor,,REP,KEVIN 'KC' CHRISTIAN,3
Wood,PRECINCT 38,Governor,,REP,KEVIN 'KC' CHRISTIAN,0
Wood,PRECINCT 39,Governor,,REP,KEVIN 'KC' CHRISTIAN,1
Wood,PRECINCT 40,Governor,,REP,KEVIN 'KC' CHRISTIAN,2
Wood,PRECINCT 40A,Governor,,REP,KEVIN 'KC' CHRISTIAN,3
Wood,PRECINCT 41,Governor,,REP,KEVIN 'KC' CHRISTIAN,4
Wood,PRECINCT 42A,Governor,,REP,KEVIN 'KC' CHRISTIAN,5
Wood,PRECINCT 43A,Governor,,REP,KEVIN 'KC' CHRISTIAN,2
Wood,PRECINCT 45,Governor,,REP,KEVIN 'KC' CHRISTIAN,2
Wood,PRECINCT 45A,Governor,,REP,KEVIN 'KC' CHRISTIAN,4
Wood,PRECINCT 46,Governor,,REP,KEVIN 'KC' CHRISTIAN,4
Wood,PRECINCT 46B,Governor,,REP,KEVIN 'KC' CHRISTIAN,4
Wood,PRECINCT 47,Governor,,REP,KEVIN 'KC' CHRISTIAN,1
Wood,PRECINCT 48,Governor,,REP,KEVIN 'KC' CHRISTIAN,6
Wood,PRECINCT 49,Governor,,REP,KEVIN 'KC' CHRISTIAN,4
Wood,PRECINCT 49A,Governor,,REP,KEVIN 'KC' CHRISTIAN,4
Wood,PRECINCT 50,Governor,,REP,KEVIN 'KC' CHRISTIAN,1
Wood,PRECINCT 51,Governor,,REP,KEVIN 'KC' CHRISTIAN,2
Wood,PRECINCT 52,Governor,,REP,KEVIN 'KC' CHRISTIAN,7
Wood,PRECINCT 53,Governor,,REP,KEVIN 'KC' CHRISTIAN,2
Wood,PRECINCT 53A,Governor,,REP,KEVIN 'KC' CHRISTIAN,3
Wood,PRECINCT 54,Governor,,REP,KEVIN 'KC' CHRISTIAN,1
Wood,PRECINCT 54A,Governor,,REP,KEVIN 'KC' CHRISTIAN,2
Wood,PRECINCT 56,Governor,,REP,KEVIN 'KC' CHRISTIAN,4
Wood,PRECINCT 56A,Governor,,REP,KEVIN 'KC' CHRISTIAN,6
Wood,PRECINCT 57,Governor,,REP,KEVIN 'KC' CHRISTIAN,1
Wood,PRECINCT 57A,Governor,,REP,KEVIN 'KC' CHRISTIAN,1
Wood,PRECINCT 58,Governor,,REP,KEVIN 'KC' CHRISTIAN,4
Wood,PRECINCT 60,Governor,,REP,KEVIN 'KC' CHRISTIAN,1
Wood,PRECINCT 61,Governor,,REP,KEVIN 'KC' CHRISTIAN,4
Wood,PRECINCT 62,Governor,,REP,KEVIN 'KC' CHRISTIAN,1
Wood,PRECINCT 63,Governor,,REP,KEVIN 'KC' CHRISTIAN,1
Wood,PRECINCT 63A,Governor,,REP,KEVIN 'KC' CHRISTIAN,6
Wood,PRECINCT 63B,Governor,,REP,KEVIN 'KC' CHRISTIAN,1
Wood,PRECINCT 64,Governor,,REP,KEVIN 'KC' CHRISTIAN,1
Wood,PRECINCT 67,Governor,,REP,KEVIN 'KC' CHRISTIAN,4
Wood,PRECINCT 67A,Governor,,REP,KEVIN 'KC' CHRISTIAN,3
Wood,PRECINCT 69,Governor,,REP,KEVIN 'KC' CHRISTIAN,2
Wood,PRECINCT 71,Governor,,REP,KEVIN 'KC' CHRISTIAN,2
Wood,PRECINCT 74,Governor,,REP,KEVIN 'KC' CHRISTIAN,3
Wood,PRECINCT 74B,Governor,,REP,KEVIN 'KC' CHRISTIAN,7
Wood,PRECINCT 74C,Governor,,REP,KEVIN 'KC' CHRISTIAN,4
Wood,PRECINCT 74U,Governor,,REP,KEVIN 'KC' CHRISTIAN,0
Wood,PRECINCT 75,Governor,,REP,KEVIN 'KC' CHRISTIAN,1
Wood,PRECINCT 77,Governor,,REP,KEVIN 'KC' CHRISTIAN,2
Wood,PRECINCT 78,Governor,,REP,KEVIN 'KC' CHRISTIAN,3
Wood,PRECINCT 78A,Governor,,REP,KEVIN 'KC' CHRISTIAN,5
Wood,PRECINCT 79,Governor,,REP,KEVIN 'KC' CHRISTIAN,6
Wood,PRECINCT 81,Governor,,REP,KEVIN 'KC' CHRISTIAN,1
Wood,PRECINCT 82,Governor,,REP,KEVIN 'KC' CHRISTIAN,5
Wood,PRECINCT 85,Governor,,REP,KEVIN 'KC' CHRISTIAN,5
Wood,PRECINCT 86,Governor,,REP,KEVIN 'KC' CHRISTIAN,0
Wood,PRECINCT 87,Governor,,REP,KEVIN 'KC' CHRISTIAN,4
Wood,PRECINCT 88,Governor,,REP,KEVIN 'KC' CHRISTIAN,3
Wood,PRECINCT 89,Governor,,REP,KEVIN 'KC' CHRISTIAN,4
Wood,PRECINCT 8,Governor,,DEM,STEVE WILLIAMS,38
Wood,PRECINCT 10,Governor,,DEM,STEVE WILLIAMS,40
Wood,PRECINCT 13,Governor,,DEM,STEVE WILLIAMS,35
Wood,PRECINCT 16,Governor,,DEM,STEVE WILLIAMS,40
Wood,PRECINCT 19,Governor,,DEM,STEVE WILLIAMS,83
Wood,PRECINCT 27,Governor,,DEM,STEVE WILLIAMS,21
Wood,PRECINCT 29,Governor,,DEM,STEVE WILLIAMS,78
Wood,PRECINCT 32,Governor,,DEM,STEVE WILLIAMS,78
Wood,PRECINCT 33,Governor,,DEM,STEVE WILLIAMS,18
Wood,PRECINCT 34A,Governor,,DEM,STEVE WILLIAMS,90
Wood,PRECINCT 35,Governor,,DEM,STEVE WILLIAMS,69
Wood,PRECINCT 36,Governor,,DEM,STEVE WILLIAMS,47
Wood,PRECINCT 36B,Governor,,DEM,STEVE WILLIAMS,65
Wood,PRECINCT 37,Governor,,DEM,STEVE WILLIAMS,82
Wood,PRECINCT 37A,Governor,,DEM,STEVE WILLIAMS,89
Wood,PRECINCT 38,Governor,,DEM,STEVE WILLIAMS,10
Wood,PRECINCT 39,Governor,,DEM,STEVE WILLIAMS,25
Wood,PRECINCT 40,Governor,,DEM,STEVE WILLIAMS,26
Wood,PRECINCT 40A,Governor,,DEM,STEVE WILLIAMS,38
Wood,PRECINCT 41,Governor,,DEM,STEVE WILLIAMS,52
Wood,PRECINCT 42A,Governor,,DEM,STEVE WILLIAMS,85
Wood,PRECINCT 43A,Governor,,DEM,STEVE WILLIAMS,81
Wood,PRECINCT 45,Governor,,DEM,STEVE WILLIAMS,67
Wood,PRECINCT 45A,Governor,,DEM,STEVE WILLIAMS,78
Wood,PRECINCT 46,Governor,,DEM,STEVE WILLIAMS,81
Wood,PRECINCT 46B,Governor,,DEM,STEVE WILLIAMS,84
Wood,PRECINCT 47,Governor,,DEM,STEVE WILLIAMS,14
Wood,PRECINCT 48,Governor,,DEM,STEVE WILLIAMS,70
Wood,PRECINCT 49,Governor,,DEM,STEVE WILLIAMS,47
Wood,PRECINCT 49A,Governor,,DEM,STEVE WILLIAMS,51
Wood,PRECINCT 50,Governor,,DEM,STEVE WILLIAMS,25
Wood,PRECINCT 51,Governor,,DEM,STEVE WILLIAMS,79
Wood,PRECINCT 52,Governor,,DEM,STEVE WILLIAMS,99
Wood,PRECINCT 53,Governor,,DEM,STEVE WILLIAMS,24
Wood,PRECINCT 53A,Governor,,DEM,STEVE WILLIAMS,31
Wood,PRECINCT 54,Governor,,DEM,STEVE WILLIAMS,27
Wood,PRECINCT 54A,Governor,,DEM,STEVE WILLIAMS,41
Wood,PRECINCT 56,Governor,,DEM,STEVE WILLIAMS,23
Wood,PRECINCT 56A,Governor,,DEM,STEVE WILLIAMS,35
Wood,PRECINCT 57,Governor,,DEM,STEVE WILLIAMS,37
Wood,PRECINCT 57A,Governor,,DEM,STEVE WILLIAMS,32
Wood,PRECINCT 58,Governor,,DEM,STEVE WILLIAMS,59
Wood,PRECINCT 60,Governor,,DEM,STEVE WILLIAMS,21
Wood,PRECINCT 61,Governor,,DEM,STEVE WILLIAMS,26
Wood,PRECINCT 62,Governor,,DEM,STEVE WILLIAMS,68
Wood,PRECINCT 63,Governor,,DEM,STEVE WILLIAMS,17
Wood,PRECINCT 63A,Governor,,DEM,STEVE WILLIAMS,43
Wood,PRECINCT 63B,Governor,,DEM,STEVE WILLIAMS,39
Wood,PRECINCT 64,Governor,,DEM,STEVE WILLIAMS,45
Wood,PRECINCT 67,Governor,,DEM,STEVE WILLIAMS,74
Wood,PRECINCT 67A,Governor,,DEM,STEVE WILLIAMS,61
Wood,PRECINCT 69,Governor,,DEM,STEVE WILLIAMS,31
Wood,PRECINCT 71,Governor,,DEM,STEVE WILLIAMS,23
Wood,PRECINCT 74,Governor,,DEM,STEVE WILLIAMS,40
Wood,PRECINCT 74B,Governor,,DEM,STEVE WILLIAMS,52
Wood,PRECINCT 74C,Governor,,DEM,STEVE WILLIAMS,46
Wood,PRECINCT 74U,Governor,,DEM,STEVE WILLIAMS,10
Wood,PRECINCT 75,Governor,,DEM,STEVE WILLIAMS,39
Wood,PRECINCT 77,Governor,,DEM,STEVE WILLIAMS,52
Wood,PRECINCT 78,Governor,,DEM,STEVE WILLIAMS,29
Wood,PRECINCT 78A,Governor,,DEM,STEVE WILLIAMS,40
Wood,PRECINCT 79,Governor,,DEM,STEVE WILLIAMS,41
Wood,PRECINCT 81,Governor,,DEM,STEVE WILLIAMS,12
Wood,PRECINCT 82,Governor,,DEM,STEVE WILLIAMS,30
Wood,PRECINCT 85,Governor,,DEM,STEVE WILLIAMS,33
Wood,PRECINCT 86,Governor,,DEM,STEVE WILLIAMS,51
Wood,PRECINCT 87,Governor,,DEM,STEVE WILLIAMS,26
Wood,PRECINCT 88,Governor,,DEM,STEVE WILLIAMS,34
Wood,PRECINCT 89,Governor,,DEM,STEVE WILLIAMS,59
Wood,PRECINCT 8,Governor,,MTN,CHASE LINKO-LOOPER,0
Wood,PRECINCT 10,Governor,,MTN,CHASE LINKO-LOOPER,0
Wood,PRECINCT 13,Governor,,MTN,CHASE LINKO-LOOPER,0
Wood,PRECINCT 16,Governor,,MTN,CHASE LINKO-LOOPER,0
Wood,PRECINCT 19,Governor,,MTN,CHASE LINKO-LOOPER,0
Wood,PRECINCT 27,Governor,,MTN,CHASE LINKO-LOOPER,0
Wood,PRECINCT 29,Governor,,MTN,CHASE LINKO-LOOPER,1
Wood,PRECINCT 32,Governor,,MTN,CHASE LINKO-LOOPER,0
Wood,PRECINCT 33,Governor,,MTN,CHASE LINKO-LOOPER,0
Wood,PRECINCT 34A,Governor,,MTN,CHASE LINKO-LOOPER,0
Wood,PRECINCT 35,Governor,,MTN,CHASE LINKO-LOOPER,1
Wood,PRECINCT 36,Governor,,MTN,CHASE LINKO-LOOPER,0
Wood,PRECINCT 36B,Governor,,MTN,CHASE LINKO-LOOPER,0
Wood,PRECINCT 37,Governor,,MTN,CHASE LINKO-LOOPER,0
Wood,PRECINCT 37A,Governor,,MTN,CHASE LINKO-LOOPER,0
Wood,PRECINCT 38,Governor,,MTN,CHASE LINKO-LOOPER,0
Wood,PRECINCT 39,Governor,,MTN,CHASE LINKO-LOOPER,0
Wood,PRECINCT 40,Governor,,MTN,CHASE LINKO-LOOPER,0
Wood,PRECINCT 40A,Governor,,MTN,CHASE LINKO-LOOPER,0
Wood,PRECINCT 41,Governor,,MTN,CHASE LINKO-LOOPER,0
Wood,PRECINCT 42A,Governor,,MTN,CHASE LINKO-LOOPER,1
Wood,PRECINCT 43A,Governor,,MTN,CHASE LINKO-LOOPER,1
Wood,PRECINCT 45,Governor,,MTN,CHASE LINKO-LOOPER,0
Wood,PRECINCT 45A,Governor,,MTN,CHASE LINKO-LOOPER,0
Wood,PRECINCT 46,Governor,,MTN,CHASE LINKO-LOOPER,0
Wood,PRECINCT 46B,Governor,,MTN,CHASE LINKO-LOOPER,0
Wood,PRECINCT 47,Governor,,MTN,CHASE LINKO-LOOPER,0
Wood,PRECINCT 48,Governor,,MTN,CHASE LINKO-LOOPER,0
Wood,PRECINCT 49,Governor,,MTN,CHASE LINKO-LOOPER,0
Wood,PRECINCT 49A,Governor,,MTN,CHASE LINKO-LOOPER,0
Wood,PRECINCT 50,Governor,,MTN,CHASE LINKO-LOOPER,0
Wood,PRECINCT 51,Governor,,MTN,CHASE LINKO-LOOPER,0
Wood,PRECINCT 52,Governor,,MTN,CHASE LINKO-LOOPER,0
Wood,PRECINCT 53,Governor,,MTN,CHASE LINKO-LOOPER,0
Wood,PRECINCT 53A,Governor,,MTN,CHASE LINKO-LOOPER,0
Wood,PRECINCT 54,Governor,,MTN,CHASE LINKO-LOOPER,0
Wood,PRECINCT 54A,Governor,,MTN,CHASE LINKO-LOOPER,0
Wood,PRECINCT 56,Governor,,MTN,CHASE LINKO-LOOPER,0
Wood,PRECINCT 56A,Governor,,MTN,CHASE LINKO-LOOPER,1
Wood,PRECINCT 57,Governor,,MTN,CHASE LINKO-LOOPER,2
Wood,PRECINCT 57A,Governor,,MTN,CHASE LINKO-LOOPER,0
Wood,PRECINCT 58,Governor,,MTN,CHASE LINKO-LOOPER,0
Wood,PRECINCT 60,Governor,,MTN,CHASE LINKO-LOOPER,0
Wood,PRECINCT 61,Governor,,MTN,CHASE LINKO-LOOPER,0
Wood,PRECINCT 62,Governor,,MTN,CHASE LINKO-LOOPER,0
Wood,PRECINCT 63,Governor,,MTN,CHASE LINKO-LOOPER,0
Wood,PRECINCT 63A,Governor,,MTN,CHASE LINKO-LOOPER,0
Wood,PRECINCT 63B,Governor,,MTN,CHASE LINKO-LOOPER,0
Wood,PRECINCT 64,Governor,,MTN,CHASE LINKO-LOOPER,0
Wood,PRECINCT 67,Governor,,MTN,CHASE LINKO-LOOPER,0
Wood,PRECINCT 67A,Governor,,MTN,CHASE LINKO-LOOPER,0
Wood,PRECINCT 69,Governor,,MTN,CHASE LINKO-LOOPER,0
Wood,PRECINCT 71,Governor,,MTN,CHASE LINKO-LOOPER,0
Wood,PRECINCT 74,Governor,,MTN,CHASE LINKO-LOOPER,0
Wood,PRECINCT 74B,Governor,,MTN,CHASE LINKO-LOOPER,0
Wood,PRECINCT 74C,Governor,,MTN,CHASE LINKO-LOOPER,0
Wood,PRECINCT 74U,Governor,,MTN,CHASE LINKO-LOOPER,0
Wood,PRECINCT 75,Governor,,MTN,CHASE LINKO-LOOPER,3
Wood,PRECINCT 77,Governor,,MTN,CHASE LINKO-LOOPER,0
Wood,PRECINCT 78,Governor,,MTN,CHASE LINKO-LOOPER,0
Wood,PRECINCT 78A,Governor,,MTN,CHASE LINKO-LOOPER,0
Wood,PRECINCT 79,Governor,,MTN,CHASE LINKO-LOOPER,0
Wood,PRECINCT 81,Governor,,MTN,CHASE LINKO-LOOPER,0
Wood,PRECINCT 82,Governor,,MTN,CHASE LINKO-LOOPER,0
Wood,PRECINCT 85,Governor,,MTN,CHASE LINKO-LOOPER,1
Wood,PRECINCT 86,Governor,,MTN,CHASE LINKO-LOOPER,0
Wood,PRECINCT 87,Governor,,MTN,CHASE LINKO-LOOPER,0
Wood,PRECINCT 88,Governor,,MTN,CHASE LINKO-LOOPER,1
Wood,PRECINCT 89,Governor,,MTN,CHASE LINKO-LOOPER,0
Wood,PRECINCT 8,Secretary of State,,REP,KEN REED,11
Wood,PRECINCT 10,Secretary of State,,REP,KEN REED,11
Wood,PRECINCT 13,Secretary of State,,REP,KEN REED,10
Wood,PRECINCT 16,Secretary of State,,REP,KEN REED,11
Wood,PRECINCT 19,Secretary of State,,REP,KEN REED,25
Wood,PRECINCT 27,Secretary of State,,REP,KEN REED,10
Wood,PRECINCT 29,Secretary of State,,REP,KEN REED,21
Wood,PRECINCT 32,Secretary of State,,REP,KEN REED,19
Wood,PRECINCT 33,Secretary of State,,REP,KEN REED,7
Wood,PRECINCT 34A,Secretary of State,,REP,KEN REED,24
Wood,PRECINCT 35,Secretary of State,,REP,KEN REED,17
Wood,PRECINCT 36,Secretary of State,,REP,KEN REED,13
Wood,PRECINCT 36B,Secretary of State,,REP,KEN REED,20
Wood,PRECINCT 37,Secretary of State,,REP,KEN REED,27
Wood,PRECINCT 37A,Secretary of State,,REP,KEN REED,19
Wood,PRECINCT 38,Secretary of State,,REP,KEN REED,5
Wood,PRECINCT 39,Secretary of State,,REP,KEN REED,7
Wood,PRECINCT 40,Secretary of State,,REP,KEN REED,9
Wood,PRECINCT 40A,Secretary of State,,REP,KEN REED,10
Wood,PRECINCT 41,Secretary of State,,REP,KEN REED,15
Wood,PRECINCT 42A,Secretary of State,,REP,KEN REED,30
Wood,PRECINCT 43A,Secretary of State,,REP,KEN REED,16
Wood,PRECINCT 45,Secretary of State,,REP,KEN REED,24
Wood,PRECINCT 45A,Secretary of State,,REP,KEN REED,26
Wood,PRECINCT 46,Secretary of State,,REP,KEN REED,38
Wood,PRECINCT 46B,Secretary of State,,REP,KEN REED,37
Wood,PRECINCT 47,Secretary of State,,REP,KEN REED,6
Wood,PRECINCT 48,Secretary of State,,REP,KEN REED,36
Wood,PRECINCT 49,Secretary of State,,REP,KEN REED,19
Wood,PRECINCT 49A,Secretary of State,,REP,KEN REED,12
Wood,PRECINCT 50,Secretary of State,,REP,KEN REED,16
Wood,PRECINCT 51,Secretary of State,,REP,KEN REED,43
Wood,PRECINCT 52,Secretary of State,,REP,KEN REED,38
Wood,PRECINCT 53,Secretary of State,,REP,KEN REED,23
Wood,PRECINCT 53A,Secretary of State,,REP,KEN REED,22
Wood,PRECINCT 54,Secretary of State,,REP,KEN REED,11
Wood,PRECINCT 54A,Secretary of State,,REP,KEN REED,19
Wood,PRECINCT 56,Secretary of State,,REP,KEN REED,11
Wood,PRECINCT 56A,Secretary of State,,REP,KEN REED,28
Wood,PRECINCT 57,Secretary of State,,REP,KEN REED,25
Wood,PRECINCT 57A,Secretary of State,,REP,KEN REED,15
Wood,PRECINCT 58,Secretary of State,,REP,KEN REED,31
Wood,PRECINCT 60,Secretary of State,,REP,KEN REED,12
Wood,PRECINCT 61,Secretary of State,,REP,KEN REED,24
Wood,PRECINCT 62,Secretary of State,,REP,KEN REED,36
Wood,PRECINCT 63,Secretary of State,,REP,KEN REED,9
Wood,PRECINCT 63A,Secretary of State,,REP,KEN REED,18
Wood,PRECINCT 63B,Secretary of State,,REP,KEN REED,13
Wood,PRECINCT 64,Secretary of State,,REP,KEN REED,19
Wood,PRECINCT 67,Secretary of State,,REP,KEN REED,36
Wood,PRECINCT 67A,Secretary of State,,REP,KEN REED,38
Wood,PRECINCT 69,Secretary of State,,REP,KEN REED,16
Wood,PRECINCT 71,Secretary of State,,REP,KEN REED,3
Wood,PRECINCT 74,Secretary of State,,REP,KEN REED,18
Wood,PRECINCT 74B,Secretary of State,,REP,KEN REED,27
Wood,PRECINCT 74C,Secretary of State,,REP,KEN REED,19
Wood,PRECINCT 74U,Secretary of State,,REP,KEN REED,3
Wood,PRECINCT 75,Secretary of State,,REP,KEN REED,13
Wood,PRECINCT 77,Secretary of State,,REP,KEN REED,28
Wood,PRECINCT 78,Secretary of State,,REP,KEN REED,12
Wood,PRECINCT 78A,Secretary of State,,REP,KEN REED,36
Wood,PRECINCT 79,Secretary of State,,REP,KEN REED,17
Wood,PRECINCT 81,Secretary of State,,REP,KEN REED,15
Wood,PRECINCT 82,Secretary of State,,REP,KEN REED,25
Wood,PRECINCT 85,Secretary of State,,REP,KEN REED,18
Wood,PRECINCT 86,Secretary of State,,REP,KEN REED,27
Wood,PRECINCT 87,Secretary of State,,REP,KEN REED,19
Wood,PRECINCT 88,Secretary of State,,REP,KEN REED,24
Wood,PRECINCT 89,Secretary of State,,REP,KEN REED,30
Wood,PRECINCT 8,Secretary of State,,REP,BRIAN WOOD,18
Wood,PRECINCT 10,Secretary of State,,REP,BRIAN WOOD,6
Wood,PRECINCT 13,Secretary of State,,REP,BRIAN WOOD,6
Wood,PRECINCT 16,Secretary of State,,REP,BRIAN WOOD,5
Wood,PRECINCT 19,Secretary of State,,REP,BRIAN WOOD,34
Wood,PRECINCT 27,Secretary of State,,REP,BRIAN WOOD,10
Wood,PRECINCT 29,Secretary of State,,REP,BRIAN WOOD,27
Wood,PRECINCT 32,Secretary of State,,REP,BRIAN WOOD,21
Wood,PRECINCT 33,Secretary of State,,REP,BRIAN WOOD,8
Wood,PRECINCT 34A,Secretary of State,,REP,BRIAN WOOD,34
Wood,PRECINCT 35,Secretary of State,,REP,BRIAN WOOD,22
Wood,PRECINCT 36,Secretary of State,,REP,BRIAN WOOD,16
Wood,PRECINCT 36B,Secretary of State,,REP,BRIAN WOOD,26
Wood,PRECINCT 37,Secretary of State,,REP,BRIAN WOOD,18
Wood,PRECINCT 37A,Secretary of State,,REP,BRIAN WOOD,20
Wood,PRECINCT 38,Secretary of State,,REP,BRIAN WOOD,3
Wood,PRECINCT 39,Secretary of State,,REP,BRIAN WOOD,7
Wood,PRECINCT 40,Secretary of State,,REP,BRIAN WOOD,10
Wood,PRECINCT 40A,Secretary of State,,REP,BRIAN WOOD,15
Wood,PRECINCT 41,Secretary of State,,REP,BRIAN WOOD,22
Wood,PRECINCT 42A,Secretary of State,,REP,BRIAN WOOD,29
Wood,PRECINCT 43A,Secretary of State,,REP,BRIAN WOOD,36
Wood,PRECINCT 45,Secretary of State,,REP,BRIAN WOOD,20
Wood,PRECINCT 45A,Secretary of State,,REP,BRIAN WOOD,25
Wood,PRECINCT 46,Secretary of State,,REP,BRIAN WOOD,39
Wood,PRECINCT 46B,Secretary of State,,REP,BRIAN WOOD,34
Wood,PRECINCT 47,Secretary of State,,REP,BRIAN WOOD,13
Wood,PRECINCT 48,Secretary of State,,REP,BRIAN WOOD,33
Wood,PRECINCT 49,Secretary of State,,REP,BRIAN WOOD,14
Wood,PRECINCT 49A,Secretary of State,,REP,BRIAN WOOD,14
Wood,PRECINCT 50,Secretary of State,,REP,BRIAN WOOD,11
Wood,PRECINCT 51,Secretary of State,,REP,BRIAN WOOD,30
Wood,PRECINCT 52,Secretary of State,,REP,BRIAN WOOD,34
Wood,PRECINCT 53,Secretary of State,,REP,BRIAN WOOD,24
Wood,PRECINCT 53A,Secretary of State,,REP,BRIAN WOOD,13
Wood,PRECINCT 54,Secretary of State,,REP,BRIAN WOOD,14
Wood,PRECINCT 54A,Secretary of State,,REP,BRIAN WOOD,13
Wood,PRECINCT 56,Secretary of State,,REP,BRIAN WOOD,11
Wood,PRECINCT 56A,Secretary of State,,REP,BRIAN WOOD,24
Wood,PRECINCT 57,Secretary of State,,REP,BRIAN WOOD,16
Wood,PRECINCT 57A,Secretary of State,,REP,BRIAN WOOD,17
Wood,PRECINCT 58,Secretary of State,,REP,BRIAN WOOD,35
Wood,PRECINCT 60,Secretary of State,,REP,BRIAN WOOD,13
Wood,PRECINCT 61,Secretary of State,,REP,BRIAN WOOD,19
Wood,PRECINCT 62,Secretary of State,,REP,BRIAN WOOD,34
Wood,PRECINCT 63,Secretary of State,,REP,BRIAN WOOD,19
Wood,PRECINCT 63A,Secretary of State,,REP,BRIAN WOOD,32
Wood,PRECINCT 63B,Secretary of State,,REP,BRIAN WOOD,21
Wood,PRECINCT 64,Secretary of State,,REP,BRIAN WOOD,38
Wood,PRECINCT 67,Secretary of State,,REP,BRIAN WOOD,50
Wood,PRECINCT 67A,Secretary of State,,REP,BRIAN WOOD,48
Wood,PRECINCT 69,Secretary of State,,REP,BRIAN WOOD,20
Wood,PRECINCT 71,Secretary of State,,REP,BRIAN WOOD,12
Wood,PRECINCT 74,Secretary of State,,REP,BRIAN WOOD,21
Wood,PRECINCT 74B,Secretary of State,,REP,BRIAN WOOD,20
Wood,PRECINCT 74C,Secretary of State,,REP,BRIAN WOOD,21
Wood,PRECINCT 74U,Secretary of State,,REP,BRIAN WOOD,5
Wood,PRECINCT 75,Secretary of State,,REP,BRIAN WOOD,18
Wood,PRECINCT 77,Secretary of State,,REP,BRIAN WOOD,23
Wood,PRECINCT 78,Secretary of State,,REP,BRIAN WOOD,15
Wood,PRECINCT 78A,Secretary of State,,REP,BRIAN WOOD,32
Wood,PRECINCT 79,Secretary of State,,REP,BRIAN WOOD,22
Wood,PRECINCT 81,Secretary of State,,REP,BRIAN WOOD,30
Wood,PRECINCT 82,Secretary of State,,REP,BRIAN WOOD,44
Wood,PRECINCT 85,Secretary of State,,REP,BRIAN WOOD,33
Wood,PRECINCT 86,Secretary of State,,REP,BRIAN WOOD,31
Wood,PRECINCT 87,Secretary of State,,REP,BRIAN WOOD,25
Wood,PRECINCT 88,Secretary of State,,REP,BRIAN WOOD,28
Wood,PRECINCT 89,Secretary of State,,REP,BRIAN WOOD,36
Wood,PRECINCT 8,Secretary of State,,REP,DOUG  SKAFF JR.,11
Wood,PRECINCT 10,Secretary of State,,REP,DOUG  SKAFF JR.,16
Wood,PRECINCT 13,Secretary of State,,REP,DOUG  SKAFF JR.,11
Wood,PRECINCT 16,Secretary of State,,REP,DOUG  SKAFF JR.,19
Wood,PRECINCT 19,Secretary of State,,REP,DOUG  SKAFF JR.,48
Wood,PRECINCT 27,Secretary of State,,REP,DOUG  SKAFF JR.,18
Wood,PRECINCT 29,Secretary of State,,REP,DOUG  SKAFF JR.,38
Wood,PRECINCT 32,Secretary of State,,REP,DOUG  SKAFF JR.,19
Wood,PRECINCT 33,Secretary of State,,REP,DOUG  SKAFF JR.,6
Wood,PRECINCT 34A,Secretary of State,,REP,DOUG  SKAFF JR.,50
Wood,PRECINCT 35,Secretary of State,,REP,DOUG  SKAFF JR.,43
Wood,PRECINCT 36,Secretary of State,,REP,DOUG  SKAFF JR.,21
Wood,PRECINCT 36B,Secretary of State,,REP,DOUG  SKAFF JR.,52
Wood,PRECINCT 37,Secretary of State,,REP,DOUG  SKAFF JR.,57
Wood,PRECINCT 37A,Secretary of State,,REP,DOUG  SKAFF JR.,59
Wood,PRECINCT 38,Secretary of State,,REP,DOUG  SKAFF JR.,6
Wood,PRECINCT 39,Secretary of State,,REP,DOUG  SKAFF JR.,23
Wood,PRECINCT 40,Secretary of State,,REP,DOUG  SKAFF JR.,16
Wood,PRECINCT 40A,Secretary of State,,REP,DOUG  SKAFF JR.,30
Wood,PRECINCT 41,Secretary of State,,REP,DOUG  SKAFF JR.,27
Wood,PRECINCT 42A,Secretary of State,,REP,DOUG  SKAFF JR.,45
Wood,PRECINCT 43A,Secretary of State,,REP,DOUG  SKAFF JR.,54
Wood,PRECINCT 45,Secretary of State,,REP,DOUG  SKAFF JR.,33
Wood,PRECINCT 45A,Secretary of State,,REP,DOUG  SKAFF JR.,63
Wood,PRECINCT 46,Secretary of State,,REP,DOUG  SKAFF JR.,72
Wood,PRECINCT 46B,Secretary of State,,REP,DOUG  SKAFF JR.,80
Wood,PRECINCT 47,Secretary of State,,REP,DOUG  SKAFF JR.,20
Wood,PRECINCT 48,Secretary of State,,REP,DOUG  SKAFF JR.,74
Wood,PRECINCT 49,Secretary of State,,REP,DOUG  SKAFF JR.,33
Wood,PRECINCT 49A,Secretary of State,,REP,DOUG  SKAFF JR.,41
Wood,PRECINCT 50,Secretary of State,,REP,DOUG  SKAFF JR.,16
Wood,PRECINCT 51,Secretary of State,,REP,DOUG  SKAFF JR.,62
Wood,PRECINCT 52,Secretary of State,,REP,DOUG  SKAFF JR.,51
Wood,PRECINCT 53,Secretary of State,,REP,DOUG  SKAFF JR.,40
Wood,PRECINCT 53A,Secretary of State,,REP,DOUG  SKAFF JR.,36
Wood,PRECINCT 54,Secretary of State,,REP,DOUG  SKAFF JR.,32
Wood,PRECINCT 54A,Secretary of State,,REP,DOUG  SKAFF JR.,27
Wood,PRECINCT 56,Secretary of State,,REP,DOUG  SKAFF JR.,20
Wood,PRECINCT 56A,Secretary of State,,REP,DOUG  SKAFF JR.,31
Wood,PRECINCT 57,Secretary of State,,REP,DOUG  SKAFF JR.,29
Wood,PRECINCT 57A,Secretary of State,,REP,DOUG  SKAFF JR.,26
Wood,PRECINCT 58,Secretary of State,,REP,DOUG  SKAFF JR.,49
Wood,PRECINCT 60,Secretary of State,,REP,DOUG  SKAFF JR.,21
Wood,PRECINCT 61,Secretary of State,,REP,DOUG  SKAFF JR.,19
Wood,PRECINCT 62,Secretary of State,,REP,DOUG  SKAFF JR.,45
Wood,PRECINCT 63,Secretary of State,,REP,DOUG  SKAFF JR.,12
Wood,PRECINCT 63A,Secretary of State,,REP,DOUG  SKAFF JR.,23
Wood,PRECINCT 63B,Secretary of State,,REP,DOUG  SKAFF JR.,22
Wood,PRECINCT 64,Secretary of State,,REP,DOUG  SKAFF JR.,43
Wood,PRECINCT 67,Secretary of State,,REP,DOUG  SKAFF JR.,49
Wood,PRECINCT 67A,Secretary of State,,REP,DOUG  SKAFF JR.,63
Wood,PRECINCT 69,Secretary of State,,REP,DOUG  SKAFF JR.,26
Wood,PRECINCT 71,Secretary of State,,REP,DOUG  SKAFF JR.,11
Wood,PRECINCT 74,Secretary of State,,REP,DOUG  SKAFF JR.,39
Wood,PRECINCT 74B,Secretary of State,,REP,DOUG  SKAFF JR.,56
Wood,PRECINCT 74C,Secretary of State,,REP,DOUG  SKAFF JR.,42
Wood,PRECINCT 74U,Secretary of State,,REP,DOUG  SKAFF JR.,11
Wood,PRECINCT 75,Secretary of State,,REP,DOUG  SKAFF JR.,23
Wood,PRECINCT 77,Secretary of State,,REP,DOUG  SKAFF JR.,32
Wood,PRECINCT 78,Secretary of State,,REP,DOUG  SKAFF JR.,25
Wood,PRECINCT 78A,Secretary of State,,REP,DOUG  SKAFF JR.,50
Wood,PRECINCT 79,Secretary of State,,REP,DOUG  SKAFF JR.,44
Wood,PRECINCT 81,Secretary of State,,REP,DOUG  SKAFF JR.,14
Wood,PRECINCT 82,Secretary of State,,REP,DOUG  SKAFF JR.,37
Wood,PRECINCT 85,Secretary of State,,REP,DOUG  SKAFF JR.,31
Wood,PRECINCT 86,Secretary of State,,REP,DOUG  SKAFF JR.,41
Wood,PRECINCT 87,Secretary of State,,REP,DOUG  SKAFF JR.,30
Wood,PRECINCT 88,Secretary of State,,REP,DOUG  SKAFF JR.,42
Wood,PRECINCT 89,Secretary of State,,REP,DOUG  SKAFF JR.,55
Wood,PRECINCT 8,Secretary of State,,REP,KRIS WARNER,27
Wood,PRECINCT 10,Secretary of State,,REP,KRIS WARNER,34
Wood,PRECINCT 13,Secretary of State,,REP,KRIS WARNER,16
Wood,PRECINCT 16,Secretary of State,,REP,KRIS WARNER,21
Wood,PRECINCT 19,Secretary of State,,REP,KRIS WARNER,87
Wood,PRECINCT 27,Secretary of State,,REP,KRIS WARNER,23
Wood,PRECINCT 29,Secretary of State,,REP,KRIS WARNER,66
Wood,PRECINCT 32,Secretary of State,,REP,KRIS WARNER,54
Wood,PRECINCT 33,Secretary of State,,REP,KRIS WARNER,6
Wood,PRECINCT 34A,Secretary of State,,REP,KRIS WARNER,92
Wood,PRECINCT 35,Secretary of State,,REP,KRIS WARNER,67
Wood,PRECINCT 36,Secretary of State,,REP,KRIS WARNER,36
Wood,PRECINCT 36B,Secretary of State,,REP,KRIS WARNER,73
Wood,PRECINCT 37,Secretary of State,,REP,KRIS WARNER,107
Wood,PRECINCT 37A,Secretary of State,,REP,KRIS WARNER,91
Wood,PRECINCT 38,Secretary of State,,REP,KRIS WARNER,20
Wood,PRECINCT 39,Secretary of State,,REP,KRIS WARNER,32
Wood,PRECINCT 40,Secretary of State,,REP,KRIS WARNER,31
Wood,PRECINCT 40A,Secretary of State,,REP,KRIS WARNER,55
Wood,PRECINCT 41,Secretary of State,,REP,KRIS WARNER,75
Wood,PRECINCT 42A,Secretary of State,,REP,KRIS WARNER,99
Wood,PRECINCT 43A,Secretary of State,,REP,KRIS WARNER,105
Wood,PRECINCT 45,Secretary of State,,REP,KRIS WARNER,74
Wood,PRECINCT 45A,Secretary of State,,REP,KRIS WARNER,89
Wood,PRECINCT 46,Secretary of State,,REP,KRIS WARNER,148
Wood,PRECINCT 46B,Secretary of State,,REP,KRIS WARNER,130
Wood,PRECINCT 47,Secretary of State,,REP,KRIS WARNER,39
Wood,PRECINCT 48,Secretary of State,,REP,KRIS WARNER,124
Wood,PRECINCT 49,Secretary of State,,REP,KRIS WARNER,59
Wood,PRECINCT 49A,Secretary of State,,REP,KRIS WARNER,57
Wood,PRECINCT 50,Secretary of State,,REP,KRIS WARNER,42
Wood,PRECINCT 51,Secretary of State,,REP,KRIS WARNER,90
Wood,PRECINCT 52,Secretary of State,,REP,KRIS WARNER,131
Wood,PRECINCT 53,Secretary of State,,REP,KRIS WARNER,75
Wood,PRECINCT 53A,Secretary of State,,REP,KRIS WARNER,72
Wood,PRECINCT 54,Secretary of State,,REP,KRIS WARNER,57
Wood,PRECINCT 54A,Secretary of State,,REP,KRIS WARNER,66
Wood,PRECINCT 56,Secretary of State,,REP,KRIS WARNER,46
Wood,PRECINCT 56A,Secretary of State,,REP,KRIS WARNER,81
Wood,PRECINCT 57,Secretary of State,,REP,KRIS WARNER,63
Wood,PRECINCT 57A,Secretary of State,,REP,KRIS WARNER,67
Wood,PRECINCT 58,Secretary of State,,REP,KRIS WARNER,125
Wood,PRECINCT 60,Secretary of State,,REP,KRIS WARNER,45
Wood,PRECINCT 61,Secretary of State,,REP,KRIS WARNER,60
Wood,PRECINCT 62,Secretary of State,,REP,KRIS WARNER,94
Wood,PRECINCT 63,Secretary of State,,REP,KRIS WARNER,42
Wood,PRECINCT 63A,Secretary of State,,REP,KRIS WARNER,75
Wood,PRECINCT 63B,Secretary of State,,REP,KRIS WARNER,59
Wood,PRECINCT 64,Secretary of State,,REP,KRIS WARNER,86
Wood,PRECINCT 67,Secretary of State,,REP,KRIS WARNER,132
Wood,PRECINCT 67A,Secretary of State,,REP,KRIS WARNER,133
Wood,PRECINCT 69,Secretary of State,,REP,KRIS WARNER,65
Wood,PRECINCT 71,Secretary of State,,REP,KRIS WARNER,16
Wood,PRECINCT 74,Secretary of State,,REP,KRIS WARNER,73
Wood,PRECINCT 74B,Secretary of State,,REP,KRIS WARNER,81
Wood,PRECINCT 74C,Secretary of State,,REP,KRIS WARNER,72
Wood,PRECINCT 74U,Secretary of State,,REP,KRIS WARNER,12
Wood,PRECINCT 75,Secretary of State,,REP,KRIS WARNER,44
Wood,PRECINCT 77,Secretary of State,,REP,KRIS WARNER,73
Wood,PRECINCT 78,Secretary of State,,REP,KRIS WARNER,42
Wood,PRECINCT 78A,Secretary of State,,REP,KRIS WARNER,119
Wood,PRECINCT 79,Secretary of State,,REP,KRIS WARNER,98
Wood,PRECINCT 81,Secretary of State,,REP,KRIS WARNER,55
Wood,PRECINCT 82,Secretary of State,,REP,KRIS WARNER,87
Wood,PRECINCT 85,Secretary of State,,REP,KRIS WARNER,71
Wood,PRECINCT 86,Secretary of State,,REP,KRIS WARNER,85
Wood,PRECINCT 87,Secretary of State,,REP,KRIS WARNER,70
Wood,PRECINCT 88,Secretary of State,,REP,KRIS WARNER,81
Wood,PRECINCT 89,Secretary of State,,REP,KRIS WARNER,99
Wood,PRECINCT 8,Secretary of State,,DEM,THORNTON COOPER,36
Wood,PRECINCT 10,Secretary of State,,DEM,THORNTON COOPER,38
Wood,PRECINCT 13,Secretary of State,,DEM,THORNTON COOPER,34
Wood,PRECINCT 16,Secretary of State,,DEM,THORNTON COOPER,36
Wood,PRECINCT 19,Secretary of State,,DEM,THORNTON COOPER,78
Wood,PRECINCT 27,Secretary of State,,DEM,THORNTON COOPER,21
Wood,PRECINCT 29,Secretary of State,,DEM,THORNTON COOPER,77
Wood,PRECINCT 32,Secretary of State,,DEM,THORNTON COOPER,70
Wood,PRECINCT 33,Secretary of State,,DEM,THORNTON COOPER,18
Wood,PRECINCT 34A,Secretary of State,,DEM,THORNTON COOPER,89
Wood,PRECINCT 35,Secretary of State,,DEM,THORNTON COOPER,69
Wood,PRECINCT 36,Secretary of State,,DEM,THORNTON COOPER,42
Wood,PRECINCT 36B,Secretary of State,,DEM,THORNTON COOPER,61
Wood,PRECINCT 37,Secretary of State,,DEM,THORNTON COOPER,72
Wood,PRECINCT 37A,Secretary of State,,DEM,THORNTON COOPER,83
Wood,PRECINCT 38,Secretary of State,,DEM,THORNTON COOPER,7
Wood,PRECINCT 39,Secretary of State,,DEM,THORNTON COOPER,23
Wood,PRECINCT 40,Secretary of State,,DEM,THORNTON COOPER,24
Wood,PRECINCT 40A,Secretary of State,,DEM,THORNTON COOPER,39
Wood,PRECINCT 41,Secretary of State,,DEM,THORNTON COOPER,52
Wood,PRECINCT 42A,Secretary of State,,DEM,THORNTON COOPER,82
Wood,PRECINCT 43A,Secretary of State,,DEM,THORNTON COOPER,64
Wood,PRECINCT 45,Secretary of State,,DEM,THORNTON COOPER,64
Wood,PRECINCT 45A,Secretary of State,,DEM,THORNTON COOPER,68
Wood,PRECINCT 46,Secretary of State,,DEM,THORNTON COOPER,75
Wood,PRECINCT 46B,Secretary of State,,DEM,THORNTON COOPER,78
Wood,PRECINCT 47,Secretary of State,,DEM,THORNTON COOPER,15
Wood,PRECINCT 48,Secretary of State,,DEM,THORNTON COOPER,64
Wood,PRECINCT 49,Secretary of State,,DEM,THORNTON COOPER,43
Wood,PRECINCT 49A,Secretary of State,,DEM,THORNTON COOPER,46
Wood,PRECINCT 50,Secretary of State,,DEM,THORNTON COOPER,23
Wood,PRECINCT 51,Secretary of State,,DEM,THORNTON COOPER,74
Wood,PRECINCT 52,Secretary of State,,DEM,THORNTON COOPER,92
Wood,PRECINCT 53,Secretary of State,,DEM,THORNTON COOPER,25
Wood,PRECINCT 53A,Secretary of State,,DEM,THORNTON COOPER,30
Wood,PRECINCT 54,Secretary of State,,DEM,THORNTON COOPER,26
Wood,PRECINCT 54A,Secretary of State,,DEM,THORNTON COOPER,36
Wood,PRECINCT 56,Secretary of State,,DEM,THORNTON COOPER,20
Wood,PRECINCT 56A,Secretary of State,,DEM,THORNTON COOPER,32
Wood,PRECINCT 57,Secretary of State,,DEM,THORNTON COOPER,35
Wood,PRECINCT 57A,Secretary of State,,DEM,THORNTON COOPER,32
Wood,PRECINCT 58,Secretary of State,,DEM,THORNTON COOPER,60
Wood,PRECINCT 60,Secretary of State,,DEM,THORNTON COOPER,21
Wood,PRECINCT 61,Secretary of State,,DEM,THORNTON COOPER,22
Wood,PRECINCT 62,Secretary of State,,DEM,THORNTON COOPER,63
Wood,PRECINCT 63,Secretary of State,,DEM,THORNTON COOPER,17
Wood,PRECINCT 63A,Secretary of State,,DEM,THORNTON COOPER,42
Wood,PRECINCT 63B,Secretary of State,,DEM,THORNTON COOPER,35
Wood,PRECINCT 64,Secretary of State,,DEM,THORNTON COOPER,40
Wood,PRECINCT 67,Secretary of State,,DEM,THORNTON COOPER,68
Wood,PRECINCT 67A,Secretary of State,,DEM,THORNTON COOPER,58
Wood,PRECINCT 69,Secretary of State,,DEM,THORNTON COOPER,28
Wood,PRECINCT 71,Secretary of State,,DEM,THORNTON COOPER,21
Wood,PRECINCT 74,Secretary of State,,DEM,THORNTON COOPER,39
Wood,PRECINCT 74B,Secretary of State,,DEM,THORNTON COOPER,49
Wood,PRECINCT 74C,Secretary of State,,DEM,THORNTON COOPER,42
Wood,PRECINCT 74U,Secretary of State,,DEM,THORNTON COOPER,9
Wood,PRECINCT 75,Secretary of State,,DEM,THORNTON COOPER,37
Wood,PRECINCT 77,Secretary of State,,DEM,THORNTON COOPER,49
Wood,PRECINCT 78,Secretary of State,,DEM,THORNTON COOPER,27
Wood,PRECINCT 78A,Secretary of State,,DEM,THORNTON COOPER,38
Wood,PRECINCT 79,Secretary of State,,DEM,THORNTON COOPER,41
Wood,PRECINCT 81,Secretary of State,,DEM,THORNTON COOPER,13
Wood,PRECINCT 82,Secretary of State,,DEM,THORNTON COOPER,28
Wood,PRECINCT 85,Secretary of State,,DEM,THORNTON COOPER,30
Wood,PRECINCT 86,Secretary of State,,DEM,THORNTON COOPER,54
Wood,PRECINCT 87,Secretary of State,,DEM,THORNTON COOPER,25
Wood,PRECINCT 88,Secretary of State,,DEM,THORNTON COOPER,32
Wood,PRECINCT 89,Secretary of State,,DEM,THORNTON COOPER,52
Wood,PRECINCT 8,Secretary of State,,MTN,NO CANDIDATE FILED,0
Wood,PRECINCT 10,Secretary of State,,MTN,NO CANDIDATE FILED,0
Wood,PRECINCT 13,Secretary of State,,MTN,NO CANDIDATE FILED,0
Wood,PRECINCT 16,Secretary of State,,MTN,NO CANDIDATE FILED,0
Wood,PRECINCT 19,Secretary of State,,MTN,NO CANDIDATE FILED,0
Wood,PRECINCT 27,Secretary of State,,MTN,NO CANDIDATE FILED,0
Wood,PRECINCT 29,Secretary of State,,MTN,NO CANDIDATE FILED,0
Wood,PRECINCT 32,Secretary of State,,MTN,NO CANDIDATE FILED,0
Wood,PRECINCT 33,Secretary of State,,MTN,NO CANDIDATE FILED,0
Wood,PRECINCT 34A,Secretary of State,,MTN,NO CANDIDATE FILED,0
Wood,PRECINCT 35,Secretary of State,,MTN,NO CANDIDATE FILED,0
Wood,PRECINCT 36,Secretary of State,,MTN,NO CANDIDATE FILED,0
Wood,PRECINCT 36B,Secretary of State,,MTN,NO CANDIDATE FILED,0
Wood,PRECINCT 37,Secretary of State,,MTN,NO CANDIDATE FILED,0
Wood,PRECINCT 37A,Secretary of State,,MTN,NO CANDIDATE FILED,0
Wood,PRECINCT 38,Secretary of State,,MTN,NO CANDIDATE FILED,0
Wood,PRECINCT 39,Secretary of State,,MTN,NO CANDIDATE FILED,0
Wood,PRECINCT 40,Secretary of State,,MTN,NO CANDIDATE FILED,0
Wood,PRECINCT 40A,Secretary of State,,MTN,NO CANDIDATE FILED,0
Wood,PRECINCT 41,Secretary of State,,MTN,NO CANDIDATE FILED,0
Wood,PRECINCT 42A,Secretary of State,,MTN,NO CANDIDATE FILED,0
Wood,PRECINCT 43A,Secretary of State,,MTN,NO CANDIDATE FILED,0
Wood,PRECINCT 45,Secretary of State,,MTN,NO CANDIDATE FILED,0
Wood,PRECINCT 45A,Secretary of State,,MTN,NO CANDIDATE FILED,0
Wood,PRECINCT 46,Secretary of State,,MTN,NO CANDIDATE FILED,0
Wood,PRECINCT 46B,Secretary of State,,MTN,NO CANDIDATE FILED,0
Wood,PRECINCT 47,Secretary of State,,MTN,NO CANDIDATE FILED,0
Wood,PRECINCT 48,Secretary of State,,MTN,NO CANDIDATE FILED,0
Wood,PRECINCT 49,Secretary of State,,MTN,NO CANDIDATE FILED,0
Wood,PRECINCT 49A,Secretary of State,,MTN,NO CANDIDATE FILED,0
Wood,PRECINCT 50,Secretary of State,,MTN,NO CANDIDATE FILED,0
Wood,PRECINCT 51,Secretary of State,,MTN,NO CANDIDATE FILED,0
Wood,PRECINCT 52,Secretary of State,,MTN,NO CANDIDATE FILED,0
Wood,PRECINCT 53,Secretary of State,,MTN,NO CANDIDATE FILED,0
Wood,PRECINCT 53A,Secretary of State,,MTN,NO CANDIDATE FILED,0
Wood,PRECINCT 54,Secretary of State,,MTN,NO CANDIDATE FILED,0
Wood,PRECINCT 54A,Secretary of State,,MTN,NO CANDIDATE FILED,0
Wood,PRECINCT 56,Secretary of State,,MTN,NO CANDIDATE FILED,0
Wood,PRECINCT 56A,Secretary of State,,MTN,NO CANDIDATE FILED,0
Wood,PRECINCT 57,Secretary of State,,MTN,NO CANDIDATE FILED,0
Wood,PRECINCT 57A,Secretary of State,,MTN,NO CANDIDATE FILED,0
Wood,PRECINCT 58,Secretary of State,,MTN,NO CANDIDATE FILED,0
Wood,PRECINCT 60,Secretary of State,,MTN,NO CANDIDATE FILED,0
Wood,PRECINCT 61,Secretary of State,,MTN,NO CANDIDATE FILED,0
Wood,PRECINCT 62,Secretary of State,,MTN,NO CANDIDATE FILED,0
Wood,PRECINCT 63,Secretary of State,,MTN,NO CANDIDATE FILED,0
Wood,PRECINCT 63A,Secretary of State,,MTN,NO CANDIDATE FILED,0
Wood,PRECINCT 63B,Secretary of State,,MTN,NO CANDIDATE FILED,0
Wood,PRECINCT 64,Secretary of State,,MTN,NO CANDIDATE FILED,0
Wood,PRECINCT 67,Secretary of State,,MTN,NO CANDIDATE FILED,0
Wood,PRECINCT 67A,Secretary of State,,MTN,NO CANDIDATE FILED,0
Wood,PRECINCT 69,Secretary of State,,MTN,NO CANDIDATE FILED,0
Wood,PRECINCT 71,Secretary of State,,MTN,NO CANDIDATE FILED,0
Wood,PRECINCT 74,Secretary of State,,MTN,NO CANDIDATE FILED,0
Wood,PRECINCT 74B,Secretary of State,,MTN,NO CANDIDATE FILED,0
Wood,PRECINCT 74C,Secretary of State,,MTN,NO CANDIDATE FILED,0
Wood,PRECINCT 74U,Secretary of State,,MTN,NO CANDIDATE FILED,0
Wood,PRECINCT 75,Secretary of State,,MTN,NO CANDIDATE FILED,0
Wood,PRECINCT 77,Secretary of State,,MTN,NO CANDIDATE FILED,0
Wood,PRECINCT 78,Secretary of State,,MTN,NO CANDIDATE FILED,0
Wood,PRECINCT 78A,Secretary of State,,MTN,NO CANDIDATE FILED,0
Wood,PRECINCT 79,Secretary of State,,MTN,NO CANDIDATE FILED,0
Wood,PRECINCT 81,Secretary of State,,MTN,NO CANDIDATE FILED,0
Wood,PRECINCT 82,Secretary of State,,MTN,NO CANDIDATE FILED,0
Wood,PRECINCT 85,Secretary of State,,MTN,NO CANDIDATE FILED,0
Wood,PRECINCT 86,Secretary of State,,MTN,NO CANDIDATE FILED,0
Wood,PRECINCT 87,Secretary of State,,MTN,NO CANDIDATE FILED,0
Wood,PRECINCT 88,Secretary of State,,MTN,NO CANDIDATE FILED,0
Wood,PRECINCT 89,Secretary of State,,MTN,NO CANDIDATE FILED,0
Wood,PRECINCT 8,Auditor,,REP,ERIC L. HOUSEHOLDER,17
Wood,PRECINCT 10,Auditor,,REP,ERIC L. HOUSEHOLDER,18
Wood,PRECINCT 13,Auditor,,REP,ERIC L. HOUSEHOLDER,9
Wood,PRECINCT 16,Auditor,,REP,ERIC L. HOUSEHOLDER,20
Wood,PRECINCT 19,Auditor,,REP,ERIC L. HOUSEHOLDER,54
Wood,PRECINCT 27,Auditor,,REP,ERIC L. HOUSEHOLDER,15
Wood,PRECINCT 29,Auditor,,REP,ERIC L. HOUSEHOLDER,39
Wood,PRECINCT 32,Auditor,,REP,ERIC L. HOUSEHOLDER,28
Wood,PRECINCT 33,Auditor,,REP,ERIC L. HOUSEHOLDER,7
Wood,PRECINCT 34A,Auditor,,REP,ERIC L. HOUSEHOLDER,45
Wood,PRECINCT 35,Auditor,,REP,ERIC L. HOUSEHOLDER,44
Wood,PRECINCT 36,Auditor,,REP,ERIC L. HOUSEHOLDER,18
Wood,PRECINCT 36B,Auditor,,REP,ERIC L. HOUSEHOLDER,38
Wood,PRECINCT 37,Auditor,,REP,ERIC L. HOUSEHOLDER,48
Wood,PRECINCT 37A,Auditor,,REP,ERIC L. HOUSEHOLDER,50
Wood,PRECINCT 38,Auditor,,REP,ERIC L. HOUSEHOLDER,5
Wood,PRECINCT 39,Auditor,,REP,ERIC L. HOUSEHOLDER,18
Wood,PRECINCT 40,Auditor,,REP,ERIC L. HOUSEHOLDER,11
Wood,PRECINCT 40A,Auditor,,REP,ERIC L. HOUSEHOLDER,33
Wood,PRECINCT 41,Auditor,,REP,ERIC L. HOUSEHOLDER,33
Wood,PRECINCT 42A,Auditor,,REP,ERIC L. HOUSEHOLDER,57
Wood,PRECINCT 43A,Auditor,,REP,ERIC L. HOUSEHOLDER,53
Wood,PRECINCT 45,Auditor,,REP,ERIC L. HOUSEHOLDER,36
Wood,PRECINCT 45A,Auditor,,REP,ERIC L. HOUSEHOLDER,52
Wood,PRECINCT 46,Auditor,,REP,ERIC L. HOUSEHOLDER,65
Wood,PRECINCT 46B,Auditor,,REP,ERIC L. HOUSEHOLDER,67
Wood,PRECINCT 47,Auditor,,REP,ERIC L. HOUSEHOLDER,17
Wood,PRECINCT 48,Auditor,,REP,ERIC L. HOUSEHOLDER,67
Wood,PRECINCT 49,Auditor,,REP,ERIC L. HOUSEHOLDER,31
Wood,PRECINCT 49A,Auditor,,REP,ERIC L. HOUSEHOLDER,25
Wood,PRECINCT 50,Auditor,,REP,ERIC L. HOUSEHOLDER,27
Wood,PRECINCT 51,Auditor,,REP,ERIC L. HOUSEHOLDER,64
Wood,PRECINCT 52,Auditor,,REP,ERIC L. HOUSEHOLDER,55
Wood,PRECINCT 53,Auditor,,REP,ERIC L. HOUSEHOLDER,37
Wood,PRECINCT 53A,Auditor,,REP,ERIC L. HOUSEHOLDER,44
Wood,PRECINCT 54,Auditor,,REP,ERIC L. HOUSEHOLDER,30
Wood,PRECINCT 54A,Auditor,,REP,ERIC L. HOUSEHOLDER,26
Wood,PRECINCT 56,Auditor,,REP,ERIC L. HOUSEHOLDER,21
Wood,PRECINCT 56A,Auditor,,REP,ERIC L. HOUSEHOLDER,25
Wood,PRECINCT 57,Auditor,,REP,ERIC L. HOUSEHOLDER,37
Wood,PRECINCT 57A,Auditor,,REP,ERIC L. HOUSEHOLDER,38
Wood,PRECINCT 58,Auditor,,REP,ERIC L. HOUSEHOLDER,57
Wood,PRECINCT 60,Auditor,,REP,ERIC L. HOUSEHOLDER,16
Wood,PRECINCT 61,Auditor,,REP,ERIC L. HOUSEHOLDER,32
Wood,PRECINCT 62,Auditor,,REP,ERIC L. HOUSEHOLDER,55
Wood,PRECINCT 63,Auditor,,REP,ERIC L. HOUSEHOLDER,13
Wood,PRECINCT 63A,Auditor,,REP,ERIC L. HOUSEHOLDER,28
Wood,PRECINCT 63B,Auditor,,REP,ERIC L. HOUSEHOLDER,34
Wood,PRECINCT 64,Auditor,,REP,ERIC L. HOUSEHOLDER,47
Wood,PRECINCT 67,Auditor,,REP,ERIC L. HOUSEHOLDER,52
Wood,PRECINCT 67A,Auditor,,REP,ERIC L. HOUSEHOLDER,62
Wood,PRECINCT 69,Auditor,,REP,ERIC L. HOUSEHOLDER,36
Wood,PRECINCT 71,Auditor,,REP,ERIC L. HOUSEHOLDER,12
Wood,PRECINCT 74,Auditor,,REP,ERIC L. HOUSEHOLDER,38
Wood,PRECINCT 74B,Auditor,,REP,ERIC L. HOUSEHOLDER,43
Wood,PRECINCT 74C,Auditor,,REP,ERIC L. HOUSEHOLDER,31
Wood,PRECINCT 74U,Auditor,,REP,ERIC L. HOUSEHOLDER,7
Wood,PRECINCT 75,Auditor,,REP,ERIC L. HOUSEHOLDER,13
Wood,PRECINCT 77,Auditor,,REP,ERIC L. HOUSEHOLDER,29
Wood,PRECINCT 78,Auditor,,REP,ERIC L. HOUSEHOLDER,20
Wood,PRECINCT 78A,Auditor,,REP,ERIC L. HOUSEHOLDER,60
Wood,PRECINCT 79,Auditor,,REP,ERIC L. HOUSEHOLDER,38
Wood,PRECINCT 81,Auditor,,REP,ERIC L. HOUSEHOLDER,18
Wood,PRECINCT 82,Auditor,,REP,ERIC L. HOUSEHOLDER,43
Wood,PRECINCT 85,Auditor,,REP,ERIC L. HOUSEHOLDER,29
Wood,PRECINCT 86,Auditor,,REP,ERIC L. HOUSEHOLDER,56
Wood,PRECINCT 87,Auditor,,REP,ERIC L. HOUSEHOLDER,24
Wood,PRECINCT 88,Auditor,,REP,ERIC L. HOUSEHOLDER,30
Wood,PRECINCT 89,Auditor,,REP,ERIC L. HOUSEHOLDER,60
Wood,PRECINCT 8,Auditor,,REP,TRICIA  JACKSON,28
Wood,PRECINCT 10,Auditor,,REP,TRICIA  JACKSON,16
Wood,PRECINCT 13,Auditor,,REP,TRICIA  JACKSON,13
Wood,PRECINCT 16,Auditor,,REP,TRICIA  JACKSON,10
Wood,PRECINCT 19,Auditor,,REP,TRICIA  JACKSON,57
Wood,PRECINCT 27,Auditor,,REP,TRICIA  JACKSON,18
Wood,PRECINCT 29,Auditor,,REP,TRICIA  JACKSON,41
Wood,PRECINCT 32,Auditor,,REP,TRICIA  JACKSON,33
Wood,PRECINCT 33,Auditor,,REP,TRICIA  JACKSON,11
Wood,PRECINCT 34A,Auditor,,REP,TRICIA  JACKSON,57
Wood,PRECINCT 35,Auditor,,REP,TRICIA  JACKSON,40
Wood,PRECINCT 36,Auditor,,REP,TRICIA  JACKSON,30
Wood,PRECINCT 36B,Auditor,,REP,TRICIA  JACKSON,64
Wood,PRECINCT 37,Auditor,,REP,TRICIA  JACKSON,60
Wood,PRECINCT 37A,Auditor,,REP,TRICIA  JACKSON,36
Wood,PRECINCT 38,Auditor,,REP,TRICIA  JACKSON,12
Wood,PRECINCT 39,Auditor,,REP,TRICIA  JACKSON,16
Wood,PRECINCT 40,Auditor,,REP,TRICIA  JACKSON,16
Wood,PRECINCT 40A,Auditor,,REP,TRICIA  JACKSON,26
Wood,PRECINCT 41,Auditor,,REP,TRICIA  JACKSON,39
Wood,PRECINCT 42A,Auditor,,REP,TRICIA  JACKSON,48
Wood,PRECINCT 43A,Auditor,,REP,TRICIA  JACKSON,55
Wood,PRECINCT 45,Auditor,,REP,TRICIA  JACKSON,44
Wood,PRECINCT 45A,Auditor,,REP,TRICIA  JACKSON,66
Wood,PRECINCT 46,Auditor,,REP,TRICIA  JACKSON,67
Wood,PRECINCT 46B,Auditor,,REP,TRICIA  JACKSON,68
Wood,PRECINCT 47,Auditor,,REP,TRICIA  JACKSON,24
Wood,PRECINCT 48,Auditor,,REP,TRICIA  JACKSON,80
Wood,PRECINCT 49,Auditor,,REP,TRICIA  JACKSON,34
Wood,PRECINCT 49A,Auditor,,REP,TRICIA  JACKSON,31
Wood,PRECINCT 50,Auditor,,REP,TRICIA  JACKSON,28
Wood,PRECINCT 51,Auditor,,REP,TRICIA  JACKSON,60
Wood,PRECINCT 52,Auditor,,REP,TRICIA  JACKSON,62
Wood,PRECINCT 53,Auditor,,REP,TRICIA  JACKSON,42
Wood,PRECINCT 53A,Auditor,,REP,TRICIA  JACKSON,42
Wood,PRECINCT 54,Auditor,,REP,TRICIA  JACKSON,33
Wood,PRECINCT 54A,Auditor,,REP,TRICIA  JACKSON,29
Wood,PRECINCT 56,Auditor,,REP,TRICIA  JACKSON,17
Wood,PRECINCT 56A,Auditor,,REP,TRICIA  JACKSON,50
Wood,PRECINCT 57,Auditor,,REP,TRICIA  JACKSON,28
Wood,PRECINCT 57A,Auditor,,REP,TRICIA  JACKSON,31
Wood,PRECINCT 58,Auditor,,REP,TRICIA  JACKSON,63
Wood,PRECINCT 60,Auditor,,REP,TRICIA  JACKSON,36
Wood,PRECINCT 61,Auditor,,REP,TRICIA  JACKSON,30
Wood,PRECINCT 62,Auditor,,REP,TRICIA  JACKSON,64
Wood,PRECINCT 63,Auditor,,REP,TRICIA  JACKSON,33
Wood,PRECINCT 63A,Auditor,,REP,TRICIA  JACKSON,41
Wood,PRECINCT 63B,Auditor,,REP,TRICIA  JACKSON,24
Wood,PRECINCT 64,Auditor,,REP,TRICIA  JACKSON,55
Wood,PRECINCT 67,Auditor,,REP,TRICIA  JACKSON,87
Wood,PRECINCT 67A,Auditor,,REP,TRICIA  JACKSON,82
Wood,PRECINCT 69,Auditor,,REP,TRICIA  JACKSON,38
Wood,PRECINCT 71,Auditor,,REP,TRICIA  JACKSON,9
Wood,PRECINCT 74,Auditor,,REP,TRICIA  JACKSON,42
Wood,PRECINCT 74B,Auditor,,REP,TRICIA  JACKSON,48
Wood,PRECINCT 74C,Auditor,,REP,TRICIA  JACKSON,39
Wood,PRECINCT 74U,Auditor,,REP,TRICIA  JACKSON,10
Wood,PRECINCT 75,Auditor,,REP,TRICIA  JACKSON,37
Wood,PRECINCT 77,Auditor,,REP,TRICIA  JACKSON,53
Wood,PRECINCT 78,Auditor,,REP,TRICIA  JACKSON,23
Wood,PRECINCT 78A,Auditor,,REP,TRICIA  JACKSON,59
Wood,PRECINCT 79,Auditor,,REP,TRICIA  JACKSON,43
Wood,PRECINCT 81,Auditor,,REP,TRICIA  JACKSON,35
Wood,PRECINCT 82,Auditor,,REP,TRICIA  JACKSON,62
Wood,PRECINCT 85,Auditor,,REP,TRICIA  JACKSON,44
Wood,PRECINCT 86,Auditor,,REP,TRICIA  JACKSON,41
Wood,PRECINCT 87,Auditor,,REP,TRICIA  JACKSON,38
Wood,PRECINCT 88,Auditor,,REP,TRICIA  JACKSON,49
Wood,PRECINCT 89,Auditor,,REP,TRICIA  JACKSON,49
Wood,PRECINCT 8,Auditor,,REP,MARK HUNT,16
Wood,PRECINCT 10,Auditor,,REP,MARK HUNT,23
Wood,PRECINCT 13,Auditor,,REP,MARK HUNT,14
Wood,PRECINCT 16,Auditor,,REP,MARK HUNT,17
Wood,PRECINCT 19,Auditor,,REP,MARK HUNT,63
Wood,PRECINCT 27,Auditor,,REP,MARK HUNT,19
Wood,PRECINCT 29,Auditor,,REP,MARK HUNT,38
Wood,PRECINCT 32,Auditor,,REP,MARK HUNT,33
Wood,PRECINCT 33,Auditor,,REP,MARK HUNT,8
Wood,PRECINCT 34A,Auditor,,REP,MARK HUNT,61
Wood,PRECINCT 35,Auditor,,REP,MARK HUNT,39
Wood,PRECINCT 36,Auditor,,REP,MARK HUNT,29
Wood,PRECINCT 36B,Auditor,,REP,MARK HUNT,44
Wood,PRECINCT 37,Auditor,,REP,MARK HUNT,63
Wood,PRECINCT 37A,Auditor,,REP,MARK HUNT,73
Wood,PRECINCT 38,Auditor,,REP,MARK HUNT,9
Wood,PRECINCT 39,Auditor,,REP,MARK HUNT,22
Wood,PRECINCT 40,Auditor,,REP,MARK HUNT,24
Wood,PRECINCT 40A,Auditor,,REP,MARK HUNT,33
Wood,PRECINCT 41,Auditor,,REP,MARK HUNT,50
Wood,PRECINCT 42A,Auditor,,REP,MARK HUNT,68
Wood,PRECINCT 43A,Auditor,,REP,MARK HUNT,60
Wood,PRECINCT 45,Auditor,,REP,MARK HUNT,49
Wood,PRECINCT 45A,Auditor,,REP,MARK HUNT,53
Wood,PRECINCT 46,Auditor,,REP,MARK HUNT,86
Wood,PRECINCT 46B,Auditor,,REP,MARK HUNT,80
Wood,PRECINCT 47,Auditor,,REP,MARK HUNT,24
Wood,PRECINCT 48,Auditor,,REP,MARK HUNT,74
Wood,PRECINCT 49,Auditor,,REP,MARK HUNT,45
Wood,PRECINCT 49A,Auditor,,REP,MARK HUNT,39
Wood,PRECINCT 50,Auditor,,REP,MARK HUNT,18
Wood,PRECINCT 51,Auditor,,REP,MARK HUNT,63
Wood,PRECINCT 52,Auditor,,REP,MARK HUNT,78
Wood,PRECINCT 53,Auditor,,REP,MARK HUNT,51
Wood,PRECINCT 53A,Auditor,,REP,MARK HUNT,33
Wood,PRECINCT 54,Auditor,,REP,MARK HUNT,33
Wood,PRECINCT 54A,Auditor,,REP,MARK HUNT,44
Wood,PRECINCT 56,Auditor,,REP,MARK HUNT,36
Wood,PRECINCT 56A,Auditor,,REP,MARK HUNT,50
Wood,PRECINCT 57,Auditor,,REP,MARK HUNT,42
Wood,PRECINCT 57A,Auditor,,REP,MARK HUNT,34
Wood,PRECINCT 58,Auditor,,REP,MARK HUNT,69
Wood,PRECINCT 60,Auditor,,REP,MARK HUNT,27
Wood,PRECINCT 61,Auditor,,REP,MARK HUNT,39
Wood,PRECINCT 62,Auditor,,REP,MARK HUNT,49
Wood,PRECINCT 63,Auditor,,REP,MARK HUNT,22
Wood,PRECINCT 63A,Auditor,,REP,MARK HUNT,53
Wood,PRECINCT 63B,Auditor,,REP,MARK HUNT,36
Wood,PRECINCT 64,Auditor,,REP,MARK HUNT,55
Wood,PRECINCT 67,Auditor,,REP,MARK HUNT,82
Wood,PRECINCT 67A,Auditor,,REP,MARK HUNT,86
Wood,PRECINCT 69,Auditor,,REP,MARK HUNT,34
Wood,PRECINCT 71,Auditor,,REP,MARK HUNT,12
Wood,PRECINCT 74,Auditor,,REP,MARK HUNT,52
Wood,PRECINCT 74B,Auditor,,REP,MARK HUNT,64
Wood,PRECINCT 74C,Auditor,,REP,MARK HUNT,59
Wood,PRECINCT 74U,Auditor,,REP,MARK HUNT,11
Wood,PRECINCT 75,Auditor,,REP,MARK HUNT,33
Wood,PRECINCT 77,Auditor,,REP,MARK HUNT,48
Wood,PRECINCT 78,Auditor,,REP,MARK HUNT,21
Wood,PRECINCT 78A,Auditor,,REP,MARK HUNT,78
Wood,PRECINCT 79,Auditor,,REP,MARK HUNT,59
Wood,PRECINCT 81,Auditor,,REP,MARK HUNT,40
Wood,PRECINCT 82,Auditor,,REP,MARK HUNT,65
Wood,PRECINCT 85,Auditor,,REP,MARK HUNT,45
Wood,PRECINCT 86,Auditor,,REP,MARK HUNT,46
Wood,PRECINCT 87,Auditor,,REP,MARK HUNT,54
Wood,PRECINCT 88,Auditor,,REP,MARK HUNT,58
Wood,PRECINCT 89,Auditor,,REP,MARK HUNT,68
Wood,PRECINCT 8,Auditor,,REP,CALEB L.  HANNA,6
Wood,PRECINCT 10,Auditor,,REP,CALEB L.  HANNA,6
Wood,PRECINCT 13,Auditor,,REP,CALEB L.  HANNA,4
Wood,PRECINCT 16,Auditor,,REP,CALEB L.  HANNA,5
Wood,PRECINCT 19,Auditor,,REP,CALEB L.  HANNA,19
Wood,PRECINCT 27,Auditor,,REP,CALEB L.  HANNA,6
Wood,PRECINCT 29,Auditor,,REP,CALEB L.  HANNA,22
Wood,PRECINCT 32,Auditor,,REP,CALEB L.  HANNA,13
Wood,PRECINCT 33,Auditor,,REP,CALEB L.  HANNA,1
Wood,PRECINCT 34A,Auditor,,REP,CALEB L.  HANNA,23
Wood,PRECINCT 35,Auditor,,REP,CALEB L.  HANNA,15
Wood,PRECINCT 36,Auditor,,REP,CALEB L.  HANNA,6
Wood,PRECINCT 36B,Auditor,,REP,CALEB L.  HANNA,17
Wood,PRECINCT 37,Auditor,,REP,CALEB L.  HANNA,18
Wood,PRECINCT 37A,Auditor,,REP,CALEB L.  HANNA,21
Wood,PRECINCT 38,Auditor,,REP,CALEB L.  HANNA,5
Wood,PRECINCT 39,Auditor,,REP,CALEB L.  HANNA,8
Wood,PRECINCT 40,Auditor,,REP,CALEB L.  HANNA,12
Wood,PRECINCT 40A,Auditor,,REP,CALEB L.  HANNA,18
Wood,PRECINCT 41,Auditor,,REP,CALEB L.  HANNA,14
Wood,PRECINCT 42A,Auditor,,REP,CALEB L.  HANNA,17
Wood,PRECINCT 43A,Auditor,,REP,CALEB L.  HANNA,27
Wood,PRECINCT 45,Auditor,,REP,CALEB L.  HANNA,17
Wood,PRECINCT 45A,Auditor,,REP,CALEB L.  HANNA,21
Wood,PRECINCT 46,Auditor,,REP,CALEB L.  HANNA,43
Wood,PRECINCT 46B,Auditor,,REP,CALEB L.  HANNA,43
Wood,PRECINCT 47,Auditor,,REP,CALEB L.  HANNA,9
Wood,PRECINCT 48,Auditor,,REP,CALEB L.  HANNA,30
Wood,PRECINCT 49,Auditor,,REP,CALEB L.  HANNA,9
Wood,PRECINCT 49A,Auditor,,REP,CALEB L.  HANNA,15
Wood,PRECINCT 50,Auditor,,REP,CALEB L.  HANNA,9
Wood,PRECINCT 51,Auditor,,REP,CALEB L.  HANNA,22
Wood,PRECINCT 52,Auditor,,REP,CALEB L.  HANNA,40
Wood,PRECINCT 53,Auditor,,REP,CALEB L.  HANNA,19
Wood,PRECINCT 53A,Auditor,,REP,CALEB L.  HANNA,16
Wood,PRECINCT 54,Auditor,,REP,CALEB L.  HANNA,5
Wood,PRECINCT 54A,Auditor,,REP,CALEB L.  HANNA,15
Wood,PRECINCT 56,Auditor,,REP,CALEB L.  HANNA,12
Wood,PRECINCT 56A,Auditor,,REP,CALEB L.  HANNA,26
Wood,PRECINCT 57,Auditor,,REP,CALEB L.  HANNA,19
Wood,PRECINCT 57A,Auditor,,REP,CALEB L.  HANNA,15
Wood,PRECINCT 58,Auditor,,REP,CALEB L.  HANNA,35
Wood,PRECINCT 60,Auditor,,REP,CALEB L.  HANNA,7
Wood,PRECINCT 61,Auditor,,REP,CALEB L.  HANNA,13
Wood,PRECINCT 62,Auditor,,REP,CALEB L.  HANNA,28
Wood,PRECINCT 63,Auditor,,REP,CALEB L.  HANNA,9
Wood,PRECINCT 63A,Auditor,,REP,CALEB L.  HANNA,15
Wood,PRECINCT 63B,Auditor,,REP,CALEB L.  HANNA,16
Wood,PRECINCT 64,Auditor,,REP,CALEB L.  HANNA,14
Wood,PRECINCT 67,Auditor,,REP,CALEB L.  HANNA,28
Wood,PRECINCT 67A,Auditor,,REP,CALEB L.  HANNA,40
Wood,PRECINCT 69,Auditor,,REP,CALEB L.  HANNA,17
Wood,PRECINCT 71,Auditor,,REP,CALEB L.  HANNA,9
Wood,PRECINCT 74,Auditor,,REP,CALEB L.  HANNA,13
Wood,PRECINCT 74B,Auditor,,REP,CALEB L.  HANNA,20
Wood,PRECINCT 74C,Auditor,,REP,CALEB L.  HANNA,18
Wood,PRECINCT 74U,Auditor,,REP,CALEB L.  HANNA,4
Wood,PRECINCT 75,Auditor,,REP,CALEB L.  HANNA,13
Wood,PRECINCT 77,Auditor,,REP,CALEB L.  HANNA,17
Wood,PRECINCT 78,Auditor,,REP,CALEB L.  HANNA,19
Wood,PRECINCT 78A,Auditor,,REP,CALEB L.  HANNA,22
Wood,PRECINCT 79,Auditor,,REP,CALEB L.  HANNA,30
Wood,PRECINCT 81,Auditor,,REP,CALEB L.  HANNA,15
Wood,PRECINCT 82,Auditor,,REP,CALEB L.  HANNA,17
Wood,PRECINCT 85,Auditor,,REP,CALEB L.  HANNA,25
Wood,PRECINCT 86,Auditor,,REP,CALEB L.  HANNA,24
Wood,PRECINCT 87,Auditor,,REP,CALEB L.  HANNA,15
Wood,PRECINCT 88,Auditor,,REP,CALEB L.  HANNA,29
Wood,PRECINCT 89,Auditor,,REP,CALEB L.  HANNA,28
Wood,PRECINCT 8,Auditor,,DEM,MARY ANN ROEBUCK CLAYTOR,38
Wood,PRECINCT 10,Auditor,,DEM,MARY ANN ROEBUCK CLAYTOR,41
Wood,PRECINCT 13,Auditor,,DEM,MARY ANN ROEBUCK CLAYTOR,36
Wood,PRECINCT 16,Auditor,,DEM,MARY ANN ROEBUCK CLAYTOR,41
Wood,PRECINCT 19,Auditor,,DEM,MARY ANN ROEBUCK CLAYTOR,76
Wood,PRECINCT 27,Auditor,,DEM,MARY ANN ROEBUCK CLAYTOR,21
Wood,PRECINCT 29,Auditor,,DEM,MARY ANN ROEBUCK CLAYTOR,77
Wood,PRECINCT 32,Auditor,,DEM,MARY ANN ROEBUCK CLAYTOR,70
Wood,PRECINCT 33,Auditor,,DEM,MARY ANN ROEBUCK CLAYTOR,18
Wood,PRECINCT 34A,Auditor,,DEM,MARY ANN ROEBUCK CLAYTOR,90
Wood,PRECINCT 35,Auditor,,DEM,MARY ANN ROEBUCK CLAYTOR,68
Wood,PRECINCT 36,Auditor,,DEM,MARY ANN ROEBUCK CLAYTOR,48
Wood,PRECINCT 36B,Auditor,,DEM,MARY ANN ROEBUCK CLAYTOR,60
Wood,PRECINCT 37,Auditor,,DEM,MARY ANN ROEBUCK CLAYTOR,76
Wood,PRECINCT 37A,Auditor,,DEM,MARY ANN ROEBUCK CLAYTOR,89
Wood,PRECINCT 38,Auditor,,DEM,MARY ANN ROEBUCK CLAYTOR,8
Wood,PRECINCT 39,Auditor,,DEM,MARY ANN ROEBUCK CLAYTOR,25
Wood,PRECINCT 40,Auditor,,DEM,MARY ANN ROEBUCK CLAYTOR,23
Wood,PRECINCT 40A,Auditor,,DEM,MARY ANN ROEBUCK CLAYTOR,41
Wood,PRECINCT 41,Auditor,,DEM,MARY ANN ROEBUCK CLAYTOR,52
Wood,PRECINCT 42A,Auditor,,DEM,MARY ANN ROEBUCK CLAYTOR,84
Wood,PRECINCT 43A,Auditor,,DEM,MARY ANN ROEBUCK CLAYTOR,72
Wood,PRECINCT 45,Auditor,,DEM,MARY ANN ROEBUCK CLAYTOR,64
Wood,PRECINCT 45A,Auditor,,DEM,MARY ANN ROEBUCK CLAYTOR,74
Wood,PRECINCT 46,Auditor,,DEM,MARY ANN ROEBUCK CLAYTOR,74
Wood,PRECINCT 46B,Auditor,,DEM,MARY ANN ROEBUCK CLAYTOR,82
Wood,PRECINCT 47,Auditor,,DEM,MARY ANN ROEBUCK CLAYTOR,14
Wood,PRECINCT 48,Auditor,,DEM,MARY ANN ROEBUCK CLAYTOR,66
Wood,PRECINCT 49,Auditor,,DEM,MARY ANN ROEBUCK CLAYTOR,46
Wood,PRECINCT 49A,Auditor,,DEM,MARY ANN ROEBUCK CLAYTOR,50
Wood,PRECINCT 50,Auditor,,DEM,MARY ANN ROEBUCK CLAYTOR,23
Wood,PRECINCT 51,Auditor,,DEM,MARY ANN ROEBUCK CLAYTOR,74
Wood,PRECINCT 52,Auditor,,DEM,MARY ANN ROEBUCK CLAYTOR,96
Wood,PRECINCT 53,Auditor,,DEM,MARY ANN ROEBUCK CLAYTOR,26
Wood,PRECINCT 53A,Auditor,,DEM,MARY ANN ROEBUCK CLAYTOR,30
Wood,PRECINCT 54,Auditor,,DEM,MARY ANN ROEBUCK CLAYTOR,27
Wood,PRECINCT 54A,Auditor,,DEM,MARY ANN ROEBUCK CLAYTOR,37
Wood,PRECINCT 56,Auditor,,DEM,MARY ANN ROEBUCK CLAYTOR,23
Wood,PRECINCT 56A,Auditor,,DEM,MARY ANN ROEBUCK CLAYTOR,33
Wood,PRECINCT 57,Auditor,,DEM,MARY ANN ROEBUCK CLAYTOR,32
Wood,PRECINCT 57A,Auditor,,DEM,MARY ANN ROEBUCK CLAYTOR,33
Wood,PRECINCT 58,Auditor,,DEM,MARY ANN ROEBUCK CLAYTOR,62
Wood,PRECINCT 60,Auditor,,DEM,MARY ANN ROEBUCK CLAYTOR,21
Wood,PRECINCT 61,Auditor,,DEM,MARY ANN ROEBUCK CLAYTOR,24
Wood,PRECINCT 62,Auditor,,DEM,MARY ANN ROEBUCK CLAYTOR,63
Wood,PRECINCT 63,Auditor,,DEM,MARY ANN ROEBUCK CLAYTOR,16
Wood,PRECINCT 63A,Auditor,,DEM,MARY ANN ROEBUCK CLAYTOR,41
Wood,PRECINCT 63B,Auditor,,DEM,MARY ANN ROEBUCK CLAYTOR,33
Wood,PRECINCT 64,Auditor,,DEM,MARY ANN ROEBUCK CLAYTOR,42
Wood,PRECINCT 67,Auditor,,DEM,MARY ANN ROEBUCK CLAYTOR,68
Wood,PRECINCT 67A,Auditor,,DEM,MARY ANN ROEBUCK CLAYTOR,59
Wood,PRECINCT 69,Auditor,,DEM,MARY ANN ROEBUCK CLAYTOR,30
Wood,PRECINCT 71,Auditor,,DEM,MARY ANN ROEBUCK CLAYTOR,21
Wood,PRECINCT 74,Auditor,,DEM,MARY ANN ROEBUCK CLAYTOR,35
Wood,PRECINCT 74B,Auditor,,DEM,MARY ANN ROEBUCK CLAYTOR,51
Wood,PRECINCT 74C,Auditor,,DEM,MARY ANN ROEBUCK CLAYTOR,44
Wood,PRECINCT 74U,Auditor,,DEM,MARY ANN ROEBUCK CLAYTOR,10
Wood,PRECINCT 75,Auditor,,DEM,MARY ANN ROEBUCK CLAYTOR,37
Wood,PRECINCT 77,Auditor,,DEM,MARY ANN ROEBUCK CLAYTOR,54
Wood,PRECINCT 78,Auditor,,DEM,MARY ANN ROEBUCK CLAYTOR,28
Wood,PRECINCT 78A,Auditor,,DEM,MARY ANN ROEBUCK CLAYTOR,40
Wood,PRECINCT 79,Auditor,,DEM,MARY ANN ROEBUCK CLAYTOR,41
Wood,PRECINCT 81,Auditor,,DEM,MARY ANN ROEBUCK CLAYTOR,12
Wood,PRECINCT 82,Auditor,,DEM,MARY ANN ROEBUCK CLAYTOR,28
Wood,PRECINCT 85,Auditor,,DEM,MARY ANN ROEBUCK CLAYTOR,28
Wood,PRECINCT 86,Auditor,,DEM,MARY ANN ROEBUCK CLAYTOR,48
Wood,PRECINCT 87,Auditor,,DEM,MARY ANN ROEBUCK CLAYTOR,24
Wood,PRECINCT 88,Auditor,,DEM,MARY ANN ROEBUCK CLAYTOR,39
Wood,PRECINCT 89,Auditor,,DEM,MARY ANN ROEBUCK CLAYTOR,52
Wood,PRECINCT 8,Auditor,,MTN,NO CANDIDATE FILED,0
Wood,PRECINCT 10,Auditor,,MTN,NO CANDIDATE FILED,0
Wood,PRECINCT 13,Auditor,,MTN,NO CANDIDATE FILED,0
Wood,PRECINCT 16,Auditor,,MTN,NO CANDIDATE FILED,0
Wood,PRECINCT 19,Auditor,,MTN,NO CANDIDATE FILED,0
Wood,PRECINCT 27,Auditor,,MTN,NO CANDIDATE FILED,0
Wood,PRECINCT 29,Auditor,,MTN,NO CANDIDATE FILED,0
Wood,PRECINCT 32,Auditor,,MTN,NO CANDIDATE FILED,0
Wood,PRECINCT 33,Auditor,,MTN,NO CANDIDATE FILED,0
Wood,PRECINCT 34A,Auditor,,MTN,NO CANDIDATE FILED,0
Wood,PRECINCT 35,Auditor,,MTN,NO CANDIDATE FILED,0
Wood,PRECINCT 36,Auditor,,MTN,NO CANDIDATE FILED,0
Wood,PRECINCT 36B,Auditor,,MTN,NO CANDIDATE FILED,0
Wood,PRECINCT 37,Auditor,,MTN,NO CANDIDATE FILED,0
Wood,PRECINCT 37A,Auditor,,MTN,NO CANDIDATE FILED,0
Wood,PRECINCT 38,Auditor,,MTN,NO CANDIDATE FILED,0
Wood,PRECINCT 39,Auditor,,MTN,NO CANDIDATE FILED,0
Wood,PRECINCT 40,Auditor,,MTN,NO CANDIDATE FILED,0
Wood,PRECINCT 40A,Auditor,,MTN,NO CANDIDATE FILED,0
Wood,PRECINCT 41,Auditor,,MTN,NO CANDIDATE FILED,0
Wood,PRECINCT 42A,Auditor,,MTN,NO CANDIDATE FILED,0
Wood,PRECINCT 43A,Auditor,,MTN,NO CANDIDATE FILED,0
Wood,PRECINCT 45,Auditor,,MTN,NO CANDIDATE FILED,0
Wood,PRECINCT 45A,Auditor,,MTN,NO CANDIDATE FILED,0
Wood,PRECINCT 46,Auditor,,MTN,NO CANDIDATE FILED,0
Wood,PRECINCT 46B,Auditor,,MTN,NO CANDIDATE FILED,0
Wood,PRECINCT 47,Auditor,,MTN,NO CANDIDATE FILED,0
Wood,PRECINCT 48,Auditor,,MTN,NO CANDIDATE FILED,0
Wood,PRECINCT 49,Auditor,,MTN,NO CANDIDATE FILED,0
Wood,PRECINCT 49A,Auditor,,MTN,NO CANDIDATE FILED,0
Wood,PRECINCT 50,Auditor,,MTN,NO CANDIDATE FILED,0
Wood,PRECINCT 51,Auditor,,MTN,NO CANDIDATE FILED,0
Wood,PRECINCT 52,Auditor,,MTN,NO CANDIDATE FILED,0
Wood,PRECINCT 53,Auditor,,MTN,NO CANDIDATE FILED,0
Wood,PRECINCT 53A,Auditor,,MTN,NO CANDIDATE FILED,0
Wood,PRECINCT 54,Auditor,,MTN,NO CANDIDATE FILED,0
Wood,PRECINCT 54A,Auditor,,MTN,NO CANDIDATE FILED,0
Wood,PRECINCT 56,Auditor,,MTN,NO CANDIDATE FILED,0
Wood,PRECINCT 56A,Auditor,,MTN,NO CANDIDATE FILED,0
Wood,PRECINCT 57,Auditor,,MTN,NO CANDIDATE FILED,0
Wood,PRECINCT 57A,Auditor,,MTN,NO CANDIDATE FILED,0
Wood,PRECINCT 58,Auditor,,MTN,NO CANDIDATE FILED,0
Wood,PRECINCT 60,Auditor,,MTN,NO CANDIDATE FILED,0
Wood,PRECINCT 61,Auditor,,MTN,NO CANDIDATE FILED,0
Wood,PRECINCT 62,Auditor,,MTN,NO CANDIDATE FILED,0
Wood,PRECINCT 63,Auditor,,MTN,NO CANDIDATE FILED,0
Wood,PRECINCT 63A,Auditor,,MTN,NO CANDIDATE FILED,0
Wood,PRECINCT 63B,Auditor,,MTN,NO CANDIDATE FILED,0
Wood,PRECINCT 64,Auditor,,MTN,NO CANDIDATE FILED,0
Wood,PRECINCT 67,Auditor,,MTN,NO CANDIDATE FILED,0
Wood,PRECINCT 67A,Auditor,,MTN,NO CANDIDATE FILED,0
Wood,PRECINCT 69,Auditor,,MTN,NO CANDIDATE FILED,0
Wood,PRECINCT 71,Auditor,,MTN,NO CANDIDATE FILED,0
Wood,PRECINCT 74,Auditor,,MTN,NO CANDIDATE FILED,0
Wood,PRECINCT 74B,Auditor,,MTN,NO CANDIDATE FILED,0
Wood,PRECINCT 74C,Auditor,,MTN,NO CANDIDATE FILED,0
Wood,PRECINCT 74U,Auditor,,MTN,NO CANDIDATE FILED,0
Wood,PRECINCT 75,Auditor,,MTN,NO CANDIDATE FILED,0
Wood,PRECINCT 77,Auditor,,MTN,NO CANDIDATE FILED,0
Wood,PRECINCT 78,Auditor,,MTN,NO CANDIDATE FILED,0
Wood,PRECINCT 78A,Auditor,,MTN,NO CANDIDATE FILED,0
Wood,PRECINCT 79,Auditor,,MTN,NO CANDIDATE FILED,0
Wood,PRECINCT 81,Auditor,,MTN,NO CANDIDATE FILED,0
Wood,PRECINCT 82,Auditor,,MTN,NO CANDIDATE FILED,0
Wood,PRECINCT 85,Auditor,,MTN,NO CANDIDATE FILED,0
Wood,PRECINCT 86,Auditor,,MTN,NO CANDIDATE FILED,0
Wood,PRECINCT 87,Auditor,,MTN,NO CANDIDATE FILED,0
Wood,PRECINCT 88,Auditor,,MTN,NO CANDIDATE FILED,0
Wood,PRECINCT 89,Auditor,,MTN,NO CANDIDATE FILED,0
Wood,PRECINCT 8,State Treasurer,,REP,LARRY PACK,61
Wood,PRECINCT 10,State Treasurer,,REP,LARRY PACK,59
Wood,PRECINCT 13,State Treasurer,,REP,LARRY PACK,37
Wood,PRECINCT 16,State Treasurer,,REP,LARRY PACK,48
Wood,PRECINCT 19,State Treasurer,,REP,LARRY PACK,168
Wood,PRECINCT 27,State Treasurer,,REP,LARRY PACK,50
Wood,PRECINCT 29,State Treasurer,,REP,LARRY PACK,134
Wood,PRECINCT 32,State Treasurer,,REP,LARRY PACK,97
Wood,PRECINCT 33,State Treasurer,,REP,LARRY PACK,26
Wood,PRECINCT 34A,State Treasurer,,REP,LARRY PACK,170
Wood,PRECINCT 35,State Treasurer,,REP,LARRY PACK,125
Wood,PRECINCT 36,State Treasurer,,REP,LARRY PACK,71
Wood,PRECINCT 36B,State Treasurer,,REP,LARRY PACK,143
Wood,PRECINCT 37,State Treasurer,,REP,LARRY PACK,167
Wood,PRECINCT 37A,State Treasurer,,REP,LARRY PACK,158
Wood,PRECINCT 38,State Treasurer,,REP,LARRY PACK,26
Wood,PRECINCT 39,State Treasurer,,REP,LARRY PACK,50
Wood,PRECINCT 40,State Treasurer,,REP,LARRY PACK,59
Wood,PRECINCT 40A,State Treasurer,,REP,LARRY PACK,96
Wood,PRECINCT 41,State Treasurer,,REP,LARRY PACK,123
Wood,PRECINCT 42A,State Treasurer,,REP,LARRY PACK,169
Wood,PRECINCT 43A,State Treasurer,,REP,LARRY PACK,171
Wood,PRECINCT 45,State Treasurer,,REP,LARRY PACK,131
Wood,PRECINCT 45A,State Treasurer,,REP,LARRY PACK,164
Wood,PRECINCT 46,State Treasurer,,REP,LARRY PACK,227
Wood,PRECINCT 46B,State Treasurer,,REP,LARRY PACK,238
Wood,PRECINCT 47,State Treasurer,,REP,LARRY PACK,68
Wood,PRECINCT 48,State Treasurer,,REP,LARRY PACK,224
Wood,PRECINCT 49,State Treasurer,,REP,LARRY PACK,107
Wood,PRECINCT 49A,State Treasurer,,REP,LARRY PACK,104
Wood,PRECINCT 50,State Treasurer,,REP,LARRY PACK,74
Wood,PRECINCT 51,State Treasurer,,REP,LARRY PACK,198
Wood,PRECINCT 52,State Treasurer,,REP,LARRY PACK,222
Wood,PRECINCT 53,State Treasurer,,REP,LARRY PACK,140
Wood,PRECINCT 53A,State Treasurer,,REP,LARRY PACK,126
Wood,PRECINCT 54,State Treasurer,,REP,LARRY PACK,93
Wood,PRECINCT 54A,State Treasurer,,REP,LARRY PACK,115
Wood,PRECINCT 56,State Treasurer,,REP,LARRY PACK,78
Wood,PRECINCT 56A,State Treasurer,,REP,LARRY PACK,130
Wood,PRECINCT 57,State Treasurer,,REP,LARRY PACK,113
Wood,PRECINCT 57A,State Treasurer,,REP,LARRY PACK,112
Wood,PRECINCT 58,State Treasurer,,REP,LARRY PACK,204
Wood,PRECINCT 60,State Treasurer,,REP,LARRY PACK,79
Wood,PRECINCT 61,State Treasurer,,REP,LARRY PACK,94
Wood,PRECINCT 62,State Treasurer,,REP,LARRY PACK,171
Wood,PRECINCT 63,State Treasurer,,REP,LARRY PACK,70
Wood,PRECINCT 63A,State Treasurer,,REP,LARRY PACK,130
Wood,PRECINCT 63B,State Treasurer,,REP,LARRY PACK,107
Wood,PRECINCT 64,State Treasurer,,REP,LARRY PACK,146
Wood,PRECINCT 67,State Treasurer,,REP,LARRY PACK,226
Wood,PRECINCT 67A,State Treasurer,,REP,LARRY PACK,240
Wood,PRECINCT 69,State Treasurer,,REP,LARRY PACK,105
Wood,PRECINCT 71,State Treasurer,,REP,LARRY PACK,38
Wood,PRECINCT 74,State Treasurer,,REP,LARRY PACK,127
Wood,PRECINCT 74B,State Treasurer,,REP,LARRY PACK,152
Wood,PRECINCT 74C,State Treasurer,,REP,LARRY PACK,136
Wood,PRECINCT 74U,State Treasurer,,REP,LARRY PACK,28
Wood,PRECINCT 75,State Treasurer,,REP,LARRY PACK,89
Wood,PRECINCT 77,State Treasurer,,REP,LARRY PACK,127
Wood,PRECINCT 78,State Treasurer,,REP,LARRY PACK,85
Wood,PRECINCT 78A,State Treasurer,,REP,LARRY PACK,202
Wood,PRECINCT 79,State Treasurer,,REP,LARRY PACK,156
Wood,PRECINCT 81,State Treasurer,,REP,LARRY PACK,89
Wood,PRECINCT 82,State Treasurer,,REP,LARRY PACK,144
Wood,PRECINCT 85,State Treasurer,,REP,LARRY PACK,117
Wood,PRECINCT 86,State Treasurer,,REP,LARRY PACK,158
Wood,PRECINCT 87,State Treasurer,,REP,LARRY PACK,131
Wood,PRECINCT 88,State Treasurer,,REP,LARRY PACK,157
Wood,PRECINCT 89,State Treasurer,,REP,LARRY PACK,184
Wood,PRECINCT 8,State Treasurer,,DEM,NO CANDIDATE FILED,0
Wood,PRECINCT 10,State Treasurer,,DEM,NO CANDIDATE FILED,0
Wood,PRECINCT 13,State Treasurer,,DEM,NO CANDIDATE FILED,0
Wood,PRECINCT 16,State Treasurer,,DEM,NO CANDIDATE FILED,0
Wood,PRECINCT 19,State Treasurer,,DEM,NO CANDIDATE FILED,0
Wood,PRECINCT 27,State Treasurer,,DEM,NO CANDIDATE FILED,0
Wood,PRECINCT 29,State Treasurer,,DEM,NO CANDIDATE FILED,0
Wood,PRECINCT 32,State Treasurer,,DEM,NO CANDIDATE FILED,0
Wood,PRECINCT 33,State Treasurer,,DEM,NO CANDIDATE FILED,0
Wood,PRECINCT 34A,State Treasurer,,DEM,NO CANDIDATE FILED,0
Wood,PRECINCT 35,State Treasurer,,DEM,NO CANDIDATE FILED,0
Wood,PRECINCT 36,State Treasurer,,DEM,NO CANDIDATE FILED,0
Wood,PRECINCT 36B,State Treasurer,,DEM,NO CANDIDATE FILED,0
Wood,PRECINCT 37,State Treasurer,,DEM,NO CANDIDATE FILED,0
Wood,PRECINCT 37A,State Treasurer,,DEM,NO CANDIDATE FILED,0
Wood,PRECINCT 38,State Treasurer,,DEM,NO CANDIDATE FILED,0
Wood,PRECINCT 39,State Treasurer,,DEM,NO CANDIDATE FILED,0
Wood,PRECINCT 40,State Treasurer,,DEM,NO CANDIDATE FILED,0
Wood,PRECINCT 40A,State Treasurer,,DEM,NO CANDIDATE FILED,0
Wood,PRECINCT 41,State Treasurer,,DEM,NO CANDIDATE FILED,0
Wood,PRECINCT 42A,State Treasurer,,DEM,NO CANDIDATE FILED,0
Wood,PRECINCT 43A,State Treasurer,,DEM,NO CANDIDATE FILED,0
Wood,PRECINCT 45,State Treasurer,,DEM,NO CANDIDATE FILED,0
Wood,PRECINCT 45A,State Treasurer,,DEM,NO CANDIDATE FILED,0
Wood,PRECINCT 46,State Treasurer,,DEM,NO CANDIDATE FILED,0
Wood,PRECINCT 46B,State Treasurer,,DEM,NO CANDIDATE FILED,0
Wood,PRECINCT 47,State Treasurer,,DEM,NO CANDIDATE FILED,0
Wood,PRECINCT 48,State Treasurer,,DEM,NO CANDIDATE FILED,0
Wood,PRECINCT 49,State Treasurer,,DEM,NO CANDIDATE FILED,0
Wood,PRECINCT 49A,State Treasurer,,DEM,NO CANDIDATE FILED,0
Wood,PRECINCT 50,State Treasurer,,DEM,NO CANDIDATE FILED,0
Wood,PRECINCT 51,State Treasurer,,DEM,NO CANDIDATE FILED,0
Wood,PRECINCT 52,State Treasurer,,DEM,NO CANDIDATE FILED,0
Wood,PRECINCT 53,State Treasurer,,DEM,NO CANDIDATE FILED,0
Wood,PRECINCT 53A,State Treasurer,,DEM,NO CANDIDATE FILED,0
Wood,PRECINCT 54,State Treasurer,,DEM,NO CANDIDATE FILED,0
Wood,PRECINCT 54A,State Treasurer,,DEM,NO CANDIDATE FILED,0
Wood,PRECINCT 56,State Treasurer,,DEM,NO CANDIDATE FILED,0
Wood,PRECINCT 56A,State Treasurer,,DEM,NO CANDIDATE FILED,0
Wood,PRECINCT 57,State Treasurer,,DEM,NO CANDIDATE FILED,0
Wood,PRECINCT 57A,State Treasurer,,DEM,NO CANDIDATE FILED,0
Wood,PRECINCT 58,State Treasurer,,DEM,NO CANDIDATE FILED,0
Wood,PRECINCT 60,State Treasurer,,DEM,NO CANDIDATE FILED,0
Wood,PRECINCT 61,State Treasurer,,DEM,NO CANDIDATE FILED,0
Wood,PRECINCT 62,State Treasurer,,DEM,NO CANDIDATE FILED,0
Wood,PRECINCT 63,State Treasurer,,DEM,NO CANDIDATE FILED,0
Wood,PRECINCT 63A,State Treasurer,,DEM,NO CANDIDATE FILED,0
Wood,PRECINCT 63B,State Treasurer,,DEM,NO CANDIDATE FILED,0
Wood,PRECINCT 64,State Treasurer,,DEM,NO CANDIDATE FILED,0
Wood,PRECINCT 67,State Treasurer,,DEM,NO CANDIDATE FILED,0
Wood,PRECINCT 67A,State Treasurer,,DEM,NO CANDIDATE FILED,0
Wood,PRECINCT 69,State Treasurer,,DEM,NO CANDIDATE FILED,0
Wood,PRECINCT 71,State Treasurer,,DEM,NO CANDIDATE FILED,0
Wood,PRECINCT 74,State Treasurer,,DEM,NO CANDIDATE FILED,0
Wood,PRECINCT 74B,State Treasurer,,DEM,NO CANDIDATE FILED,0
Wood,PRECINCT 74C,State Treasurer,,DEM,NO CANDIDATE FILED,0
Wood,PRECINCT 74U,State Treasurer,,DEM,NO CANDIDATE FILED,0
Wood,PRECINCT 75,State Treasurer,,DEM,NO CANDIDATE FILED,0
Wood,PRECINCT 77,State Treasurer,,DEM,NO CANDIDATE FILED,0
Wood,PRECINCT 78,State Treasurer,,DEM,NO CANDIDATE FILED,0
Wood,PRECINCT 78A,State Treasurer,,DEM,NO CANDIDATE FILED,0
Wood,PRECINCT 79,State Treasurer,,DEM,NO CANDIDATE FILED,0
Wood,PRECINCT 81,State Treasurer,,DEM,NO CANDIDATE FILED,0
Wood,PRECINCT 82,State Treasurer,,DEM,NO CANDIDATE FILED,0
Wood,PRECINCT 85,State Treasurer,,DEM,NO CANDIDATE FILED,0
Wood,PRECINCT 86,State Treasurer,,DEM,NO CANDIDATE FILED,0
Wood,PRECINCT 87,State Treasurer,,DEM,NO CANDIDATE FILED,0
Wood,PRECINCT 88,State Treasurer,,DEM,NO CANDIDATE FILED,0
Wood,PRECINCT 89,State Treasurer,,DEM,NO CANDIDATE FILED,0
Wood,PRECINCT 8,State Treasurer,,MTN,NO CANDIDATE FILED,0
Wood,PRECINCT 10,State Treasurer,,MTN,NO CANDIDATE FILED,0
Wood,PRECINCT 13,State Treasurer,,MTN,NO CANDIDATE FILED,0
Wood,PRECINCT 16,State Treasurer,,MTN,NO CANDIDATE FILED,0
Wood,PRECINCT 19,State Treasurer,,MTN,NO CANDIDATE FILED,0
Wood,PRECINCT 27,State Treasurer,,MTN,NO CANDIDATE FILED,0
Wood,PRECINCT 29,State Treasurer,,MTN,NO CANDIDATE FILED,0
Wood,PRECINCT 32,State Treasurer,,MTN,NO CANDIDATE FILED,0
Wood,PRECINCT 33,State Treasurer,,MTN,NO CANDIDATE FILED,0
Wood,PRECINCT 34A,State Treasurer,,MTN,NO CANDIDATE FILED,0
Wood,PRECINCT 35,State Treasurer,,MTN,NO CANDIDATE FILED,0
Wood,PRECINCT 36,State Treasurer,,MTN,NO CANDIDATE FILED,0
Wood,PRECINCT 36B,State Treasurer,,MTN,NO CANDIDATE FILED,0
Wood,PRECINCT 37,State Treasurer,,MTN,NO CANDIDATE FILED,0
Wood,PRECINCT 37A,State Treasurer,,MTN,NO CANDIDATE FILED,0
Wood,PRECINCT 38,State Treasurer,,MTN,NO CANDIDATE FILED,0
Wood,PRECINCT 39,State Treasurer,,MTN,NO CANDIDATE FILED,0
Wood,PRECINCT 40,State Treasurer,,MTN,NO CANDIDATE FILED,0
Wood,PRECINCT 40A,State Treasurer,,MTN,NO CANDIDATE FILED,0
Wood,PRECINCT 41,State Treasurer,,MTN,NO CANDIDATE FILED,0
Wood,PRECINCT 42A,State Treasurer,,MTN,NO CANDIDATE FILED,0
Wood,PRECINCT 43A,State Treasurer,,MTN,NO CANDIDATE FILED,0
Wood,PRECINCT 45,State Treasurer,,MTN,NO CANDIDATE FILED,0
Wood,PRECINCT 45A,State Treasurer,,MTN,NO CANDIDATE FILED,0
Wood,PRECINCT 46,State Treasurer,,MTN,NO CANDIDATE FILED,0
Wood,PRECINCT 46B,State Treasurer,,MTN,NO CANDIDATE FILED,0
Wood,PRECINCT 47,State Treasurer,,MTN,NO CANDIDATE FILED,0
Wood,PRECINCT 48,State Treasurer,,MTN,NO CANDIDATE FILED,0
Wood,PRECINCT 49,State Treasurer,,MTN,NO CANDIDATE FILED,0
Wood,PRECINCT 49A,State Treasurer,,MTN,NO CANDIDATE FILED,0
Wood,PRECINCT 50,State Treasurer,,MTN,NO CANDIDATE FILED,0
Wood,PRECINCT 51,State Treasurer,,MTN,NO CANDIDATE FILED,0
Wood,PRECINCT 52,State Treasurer,,MTN,NO CANDIDATE FILED,0
Wood,PRECINCT 53,State Treasurer,,MTN,NO CANDIDATE FILED,0
Wood,PRECINCT 53A,State Treasurer,,MTN,NO CANDIDATE FILED,0
Wood,PRECINCT 54,State Treasurer,,MTN,NO CANDIDATE FILED,0
Wood,PRECINCT 54A,State Treasurer,,MTN,NO CANDIDATE FILED,0
Wood,PRECINCT 56,State Treasurer,,MTN,NO CANDIDATE FILED,0
Wood,PRECINCT 56A,State Treasurer,,MTN,NO CANDIDATE FILED,0
Wood,PRECINCT 57,State Treasurer,,MTN,NO CANDIDATE FILED,0
Wood,PRECINCT 57A,State Treasurer,,MTN,NO CANDIDATE FILED,0
Wood,PRECINCT 58,State Treasurer,,MTN,NO CANDIDATE FILED,0
Wood,PRECINCT 60,State Treasurer,,MTN,NO CANDIDATE FILED,0
Wood,PRECINCT 61,State Treasurer,,MTN,NO CANDIDATE FILED,0
Wood,PRECINCT 62,State Treasurer,,MTN,NO CANDIDATE FILED,0
Wood,PRECINCT 63,State Treasurer,,MTN,NO CANDIDATE FILED,0
Wood,PRECINCT 63A,State Treasurer,,MTN,NO CANDIDATE FILED,0
Wood,PRECINCT 63B,State Treasurer,,MTN,NO CANDIDATE FILED,0
Wood,PRECINCT 64,State Treasurer,,MTN,NO CANDIDATE FILED,0
Wood,PRECINCT 67,State Treasurer,,MTN,NO CANDIDATE FILED,0
Wood,PRECINCT 67A,State Treasurer,,MTN,NO CANDIDATE FILED,0
Wood,PRECINCT 69,State Treasurer,,MTN,NO CANDIDATE FILED,0
Wood,PRECINCT 71,State Treasurer,,MTN,NO CANDIDATE FILED,0
Wood,PRECINCT 74,State Treasurer,,MTN,NO CANDIDATE FILED,0
Wood,PRECINCT 74B,State Treasurer,,MTN,NO CANDIDATE FILED,0
Wood,PRECINCT 74C,State Treasurer,,MTN,NO CANDIDATE FILED,0
Wood,PRECINCT 74U,State Treasurer,,MTN,NO CANDIDATE FILED,0
Wood,PRECINCT 75,State Treasurer,,MTN,NO CANDIDATE FILED,0
Wood,PRECINCT 77,State Treasurer,,MTN,NO CANDIDATE FILED,0
Wood,PRECINCT 78,State Treasurer,,MTN,NO CANDIDATE FILED,0
Wood,PRECINCT 78A,State Treasurer,,MTN,NO CANDIDATE FILED,0
Wood,PRECINCT 79,State Treasurer,,MTN,NO CANDIDATE FILED,0
Wood,PRECINCT 81,State Treasurer,,MTN,NO CANDIDATE FILED,0
Wood,PRECINCT 82,State Treasurer,,MTN,NO CANDIDATE FILED,0
Wood,PRECINCT 85,State Treasurer,,MTN,NO CANDIDATE FILED,0
Wood,PRECINCT 86,State Treasurer,,MTN,NO CANDIDATE FILED,0
Wood,PRECINCT 87,State Treasurer,,MTN,NO CANDIDATE FILED,0
Wood,PRECINCT 88,State Treasurer,,MTN,NO CANDIDATE FILED,0
Wood,PRECINCT 89,State Treasurer,,MTN,NO CANDIDATE FILED,0
Wood,PRECINCT 8,Commissioner of Agriculture,,REP,JOSHUA KURT HIGGINBOTHAM,19
Wood,PRECINCT 10,Commissioner of Agriculture,,REP,JOSHUA KURT HIGGINBOTHAM,26
Wood,PRECINCT 13,Commissioner of Agriculture,,REP,JOSHUA KURT HIGGINBOTHAM,16
Wood,PRECINCT 16,Commissioner of Agriculture,,REP,JOSHUA KURT HIGGINBOTHAM,15
Wood,PRECINCT 19,Commissioner of Agriculture,,REP,JOSHUA KURT HIGGINBOTHAM,61
Wood,PRECINCT 27,Commissioner of Agriculture,,REP,JOSHUA KURT HIGGINBOTHAM,16
Wood,PRECINCT 29,Commissioner of Agriculture,,REP,JOSHUA KURT HIGGINBOTHAM,43
Wood,PRECINCT 32,Commissioner of Agriculture,,REP,JOSHUA KURT HIGGINBOTHAM,42
Wood,PRECINCT 33,Commissioner of Agriculture,,REP,JOSHUA KURT HIGGINBOTHAM,6
Wood,PRECINCT 34A,Commissioner of Agriculture,,REP,JOSHUA KURT HIGGINBOTHAM,67
Wood,PRECINCT 35,Commissioner of Agriculture,,REP,JOSHUA KURT HIGGINBOTHAM,41
Wood,PRECINCT 36,Commissioner of Agriculture,,REP,JOSHUA KURT HIGGINBOTHAM,31
Wood,PRECINCT 36B,Commissioner of Agriculture,,REP,JOSHUA KURT HIGGINBOTHAM,59
Wood,PRECINCT 37,Commissioner of Agriculture,,REP,JOSHUA KURT HIGGINBOTHAM,59
Wood,PRECINCT 37A,Commissioner of Agriculture,,REP,JOSHUA KURT HIGGINBOTHAM,60
Wood,PRECINCT 38,Commissioner of Agriculture,,REP,JOSHUA KURT HIGGINBOTHAM,13
Wood,PRECINCT 39,Commissioner of Agriculture,,REP,JOSHUA KURT HIGGINBOTHAM,20
Wood,PRECINCT 40,Commissioner of Agriculture,,REP,JOSHUA KURT HIGGINBOTHAM,17
Wood,PRECINCT 40A,Commissioner of Agriculture,,REP,JOSHUA KURT HIGGINBOTHAM,34
Wood,PRECINCT 41,Commissioner of Agriculture,,REP,JOSHUA KURT HIGGINBOTHAM,51
Wood,PRECINCT 42A,Commissioner of Agriculture,,REP,JOSHUA KURT HIGGINBOTHAM,64
Wood,PRECINCT 43A,Commissioner of Agriculture,,REP,JOSHUA KURT HIGGINBOTHAM,75
Wood,PRECINCT 45,Commissioner of Agriculture,,REP,JOSHUA KURT HIGGINBOTHAM,48
Wood,PRECINCT 45A,Commissioner of Agriculture,,REP,JOSHUA KURT HIGGINBOTHAM,55
Wood,PRECINCT 46,Commissioner of Agriculture,,REP,JOSHUA KURT HIGGINBOTHAM,79
Wood,PRECINCT 46B,Commissioner of Agriculture,,REP,JOSHUA KURT HIGGINBOTHAM,80
Wood,PRECINCT 47,Commissioner of Agriculture,,REP,JOSHUA KURT HIGGINBOTHAM,31
Wood,PRECINCT 48,Commissioner of Agriculture,,REP,JOSHUA KURT HIGGINBOTHAM,78
Wood,PRECINCT 49,Commissioner of Agriculture,,REP,JOSHUA KURT HIGGINBOTHAM,30
Wood,PRECINCT 49A,Commissioner of Agriculture,,REP,JOSHUA KURT HIGGINBOTHAM,32
Wood,PRECINCT 50,Commissioner of Agriculture,,REP,JOSHUA KURT HIGGINBOTHAM,10
Wood,PRECINCT 51,Commissioner of Agriculture,,REP,JOSHUA KURT HIGGINBOTHAM,74
Wood,PRECINCT 52,Commissioner of Agriculture,,REP,JOSHUA KURT HIGGINBOTHAM,73
Wood,PRECINCT 53,Commissioner of Agriculture,,REP,JOSHUA KURT HIGGINBOTHAM,43
Wood,PRECINCT 53A,Commissioner of Agriculture,,REP,JOSHUA KURT HIGGINBOTHAM,46
Wood,PRECINCT 54,Commissioner of Agriculture,,REP,JOSHUA KURT HIGGINBOTHAM,29
Wood,PRECINCT 54A,Commissioner of Agriculture,,REP,JOSHUA KURT HIGGINBOTHAM,30
Wood,PRECINCT 56,Commissioner of Agriculture,,REP,JOSHUA KURT HIGGINBOTHAM,26
Wood,PRECINCT 56A,Commissioner of Agriculture,,REP,JOSHUA KURT HIGGINBOTHAM,47
Wood,PRECINCT 57,Commissioner of Agriculture,,REP,JOSHUA KURT HIGGINBOTHAM,37
Wood,PRECINCT 57A,Commissioner of Agriculture,,REP,JOSHUA KURT HIGGINBOTHAM,33
Wood,PRECINCT 58,Commissioner of Agriculture,,REP,JOSHUA KURT HIGGINBOTHAM,71
Wood,PRECINCT 60,Commissioner of Agriculture,,REP,JOSHUA KURT HIGGINBOTHAM,28
Wood,PRECINCT 61,Commissioner of Agriculture,,REP,JOSHUA KURT HIGGINBOTHAM,31
Wood,PRECINCT 62,Commissioner of Agriculture,,REP,JOSHUA KURT HIGGINBOTHAM,64
Wood,PRECINCT 63,Commissioner of Agriculture,,REP,JOSHUA KURT HIGGINBOTHAM,23
Wood,PRECINCT 63A,Commissioner of Agriculture,,REP,JOSHUA KURT HIGGINBOTHAM,47
Wood,PRECINCT 63B,Commissioner of Agriculture,,REP,JOSHUA KURT HIGGINBOTHAM,37
Wood,PRECINCT 64,Commissioner of Agriculture,,REP,JOSHUA KURT HIGGINBOTHAM,55
Wood,PRECINCT 67,Commissioner of Agriculture,,REP,JOSHUA KURT HIGGINBOTHAM,77
Wood,PRECINCT 67A,Commissioner of Agriculture,,REP,JOSHUA KURT HIGGINBOTHAM,76
Wood,PRECINCT 69,Commissioner of Agriculture,,REP,JOSHUA KURT HIGGINBOTHAM,41
Wood,PRECINCT 71,Commissioner of Agriculture,,REP,JOSHUA KURT HIGGINBOTHAM,14
Wood,PRECINCT 74,Commissioner of Agriculture,,REP,JOSHUA KURT HIGGINBOTHAM,54
Wood,PRECINCT 74B,Commissioner of Agriculture,,REP,JOSHUA KURT HIGGINBOTHAM,64
Wood,PRECINCT 74C,Commissioner of Agriculture,,REP,JOSHUA KURT HIGGINBOTHAM,50
Wood,PRECINCT 74U,Commissioner of Agriculture,,REP,JOSHUA KURT HIGGINBOTHAM,12
Wood,PRECINCT 75,Commissioner of Agriculture,,REP,JOSHUA KURT HIGGINBOTHAM,27
Wood,PRECINCT 77,Commissioner of Agriculture,,REP,JOSHUA KURT HIGGINBOTHAM,64
Wood,PRECINCT 78,Commissioner of Agriculture,,REP,JOSHUA KURT HIGGINBOTHAM,23
Wood,PRECINCT 78A,Commissioner of Agriculture,,REP,JOSHUA KURT HIGGINBOTHAM,66
Wood,PRECINCT 79,Commissioner of Agriculture,,REP,JOSHUA KURT HIGGINBOTHAM,35
Wood,PRECINCT 81,Commissioner of Agriculture,,REP,JOSHUA KURT HIGGINBOTHAM,25
Wood,PRECINCT 82,Commissioner of Agriculture,,REP,JOSHUA KURT HIGGINBOTHAM,43
Wood,PRECINCT 85,Commissioner of Agriculture,,REP,JOSHUA KURT HIGGINBOTHAM,39
Wood,PRECINCT 86,Commissioner of Agriculture,,REP,JOSHUA KURT HIGGINBOTHAM,41
Wood,PRECINCT 87,Commissioner of Agriculture,,REP,JOSHUA KURT HIGGINBOTHAM,48
Wood,PRECINCT 88,Commissioner of Agriculture,,REP,JOSHUA KURT HIGGINBOTHAM,48
Wood,PRECINCT 89,Commissioner of Agriculture,,REP,JOSHUA KURT HIGGINBOTHAM,55
Wood,PRECINCT 8,Commissioner of Agriculture,,REP,KENT LEONHARDT,28
Wood,PRECINCT 10,Commissioner of Agriculture,,REP,KENT LEONHARDT,29
Wood,PRECINCT 13,Commissioner of Agriculture,,REP,KENT LEONHARDT,17
Wood,PRECINCT 16,Commissioner of Agriculture,,REP,KENT LEONHARDT,27
Wood,PRECINCT 19,Commissioner of Agriculture,,REP,KENT LEONHARDT,96
Wood,PRECINCT 27,Commissioner of Agriculture,,REP,KENT LEONHARDT,33
Wood,PRECINCT 29,Commissioner of Agriculture,,REP,KENT LEONHARDT,81
Wood,PRECINCT 32,Commissioner of Agriculture,,REP,KENT LEONHARDT,46
Wood,PRECINCT 33,Commissioner of Agriculture,,REP,KENT LEONHARDT,15
Wood,PRECINCT 34A,Commissioner of Agriculture,,REP,KENT LEONHARDT,93
Wood,PRECINCT 35,Commissioner of Agriculture,,REP,KENT LEONHARDT,85
Wood,PRECINCT 36,Commissioner of Agriculture,,REP,KENT LEONHARDT,42
Wood,PRECINCT 36B,Commissioner of Agriculture,,REP,KENT LEONHARDT,70
Wood,PRECINCT 37,Commissioner of Agriculture,,REP,KENT LEONHARDT,110
Wood,PRECINCT 37A,Commissioner of Agriculture,,REP,KENT LEONHARDT,105
Wood,PRECINCT 38,Commissioner of Agriculture,,REP,KENT LEONHARDT,17
Wood,PRECINCT 39,Commissioner of Agriculture,,REP,KENT LEONHARDT,33
Wood,PRECINCT 40,Commissioner of Agriculture,,REP,KENT LEONHARDT,37
Wood,PRECINCT 40A,Commissioner of Agriculture,,REP,KENT LEONHARDT,60
Wood,PRECINCT 41,Commissioner of Agriculture,,REP,KENT LEONHARDT,83
Wood,PRECINCT 42A,Commissioner of Agriculture,,REP,KENT LEONHARDT,101
Wood,PRECINCT 43A,Commissioner of Agriculture,,REP,KENT LEONHARDT,108
Wood,PRECINCT 45,Commissioner of Agriculture,,REP,KENT LEONHARDT,85
Wood,PRECINCT 45A,Commissioner of Agriculture,,REP,KENT LEONHARDT,117
Wood,PRECINCT 46,Commissioner of Agriculture,,REP,KENT LEONHARDT,163
Wood,PRECINCT 46B,Commissioner of Agriculture,,REP,KENT LEONHARDT,146
Wood,PRECINCT 47,Commissioner of Agriculture,,REP,KENT LEONHARDT,37
Wood,PRECINCT 48,Commissioner of Agriculture,,REP,KENT LEONHARDT,150
Wood,PRECINCT 49,Commissioner of Agriculture,,REP,KENT LEONHARDT,73
Wood,PRECINCT 49A,Commissioner of Agriculture,,REP,KENT LEONHARDT,73
Wood,PRECINCT 50,Commissioner of Agriculture,,REP,KENT LEONHARDT,55
Wood,PRECINCT 51,Commissioner of Agriculture,,REP,KENT LEONHARDT,112
Wood,PRECINCT 52,Commissioner of Agriculture,,REP,KENT LEONHARDT,111
Wood,PRECINCT 53,Commissioner of Agriculture,,REP,KENT LEONHARDT,94
Wood,PRECINCT 53A,Commissioner of Agriculture,,REP,KENT LEONHARDT,69
Wood,PRECINCT 54,Commissioner of Agriculture,,REP,KENT LEONHARDT,61
Wood,PRECINCT 54A,Commissioner of Agriculture,,REP,KENT LEONHARDT,71
Wood,PRECINCT 56,Commissioner of Agriculture,,REP,KENT LEONHARDT,42
Wood,PRECINCT 56A,Commissioner of Agriculture,,REP,KENT LEONHARDT,86
Wood,PRECINCT 57,Commissioner of Agriculture,,REP,KENT LEONHARDT,78
Wood,PRECINCT 57A,Commissioner of Agriculture,,REP,KENT LEONHARDT,76
Wood,PRECINCT 58,Commissioner of Agriculture,,REP,KENT LEONHARDT,105
Wood,PRECINCT 60,Commissioner of Agriculture,,REP,KENT LEONHARDT,50
Wood,PRECINCT 61,Commissioner of Agriculture,,REP,KENT LEONHARDT,64
Wood,PRECINCT 62,Commissioner of Agriculture,,REP,KENT LEONHARDT,94
Wood,PRECINCT 63,Commissioner of Agriculture,,REP,KENT LEONHARDT,40
Wood,PRECINCT 63A,Commissioner of Agriculture,,REP,KENT LEONHARDT,73
Wood,PRECINCT 63B,Commissioner of Agriculture,,REP,KENT LEONHARDT,58
Wood,PRECINCT 64,Commissioner of Agriculture,,REP,KENT LEONHARDT,90
Wood,PRECINCT 67,Commissioner of Agriculture,,REP,KENT LEONHARDT,116
Wood,PRECINCT 67A,Commissioner of Agriculture,,REP,KENT LEONHARDT,139
Wood,PRECINCT 69,Commissioner of Agriculture,,REP,KENT LEONHARDT,51
Wood,PRECINCT 71,Commissioner of Agriculture,,REP,KENT LEONHARDT,26
Wood,PRECINCT 74,Commissioner of Agriculture,,REP,KENT LEONHARDT,77
Wood,PRECINCT 74B,Commissioner of Agriculture,,REP,KENT LEONHARDT,98
Wood,PRECINCT 74C,Commissioner of Agriculture,,REP,KENT LEONHARDT,84
Wood,PRECINCT 74U,Commissioner of Agriculture,,REP,KENT LEONHARDT,16
Wood,PRECINCT 75,Commissioner of Agriculture,,REP,KENT LEONHARDT,52
Wood,PRECINCT 77,Commissioner of Agriculture,,REP,KENT LEONHARDT,64
Wood,PRECINCT 78,Commissioner of Agriculture,,REP,KENT LEONHARDT,53
Wood,PRECINCT 78A,Commissioner of Agriculture,,REP,KENT LEONHARDT,137
Wood,PRECINCT 79,Commissioner of Agriculture,,REP,KENT LEONHARDT,108
Wood,PRECINCT 81,Commissioner of Agriculture,,REP,KENT LEONHARDT,65
Wood,PRECINCT 82,Commissioner of Agriculture,,REP,KENT LEONHARDT,104
Wood,PRECINCT 85,Commissioner of Agriculture,,REP,KENT LEONHARDT,80
Wood,PRECINCT 86,Commissioner of Agriculture,,REP,KENT LEONHARDT,116
Wood,PRECINCT 87,Commissioner of Agriculture,,REP,KENT LEONHARDT,80
Wood,PRECINCT 88,Commissioner of Agriculture,,REP,KENT LEONHARDT,97
Wood,PRECINCT 89,Commissioner of Agriculture,,REP,KENT LEONHARDT,121
Wood,PRECINCT 8,Commissioner of Agriculture,,REP,ROY RAMEY,19
Wood,PRECINCT 10,Commissioner of Agriculture,,REP,ROY RAMEY,9
Wood,PRECINCT 13,Commissioner of Agriculture,,REP,ROY RAMEY,9
Wood,PRECINCT 16,Commissioner of Agriculture,,REP,ROY RAMEY,13
Wood,PRECINCT 19,Commissioner of Agriculture,,REP,ROY RAMEY,30
Wood,PRECINCT 27,Commissioner of Agriculture,,REP,ROY RAMEY,10
Wood,PRECINCT 29,Commissioner of Agriculture,,REP,ROY RAMEY,24
Wood,PRECINCT 32,Commissioner of Agriculture,,REP,ROY RAMEY,18
Wood,PRECINCT 33,Commissioner of Agriculture,,REP,ROY RAMEY,5
Wood,PRECINCT 34A,Commissioner of Agriculture,,REP,ROY RAMEY,31
Wood,PRECINCT 35,Commissioner of Agriculture,,REP,ROY RAMEY,13
Wood,PRECINCT 36,Commissioner of Agriculture,,REP,ROY RAMEY,12
Wood,PRECINCT 36B,Commissioner of Agriculture,,REP,ROY RAMEY,37
Wood,PRECINCT 37,Commissioner of Agriculture,,REP,ROY RAMEY,32
Wood,PRECINCT 37A,Commissioner of Agriculture,,REP,ROY RAMEY,19
Wood,PRECINCT 38,Commissioner of Agriculture,,REP,ROY RAMEY,3
Wood,PRECINCT 39,Commissioner of Agriculture,,REP,ROY RAMEY,8
Wood,PRECINCT 40,Commissioner of Agriculture,,REP,ROY RAMEY,11
Wood,PRECINCT 40A,Commissioner of Agriculture,,REP,ROY RAMEY,17
Wood,PRECINCT 41,Commissioner of Agriculture,,REP,ROY RAMEY,9
Wood,PRECINCT 42A,Commissioner of Agriculture,,REP,ROY RAMEY,27
Wood,PRECINCT 43A,Commissioner of Agriculture,,REP,ROY RAMEY,15
Wood,PRECINCT 45,Commissioner of Agriculture,,REP,ROY RAMEY,19
Wood,PRECINCT 45A,Commissioner of Agriculture,,REP,ROY RAMEY,26
Wood,PRECINCT 46,Commissioner of Agriculture,,REP,ROY RAMEY,40
Wood,PRECINCT 46B,Commissioner of Agriculture,,REP,ROY RAMEY,38
Wood,PRECINCT 47,Commissioner of Agriculture,,REP,ROY RAMEY,6
Wood,PRECINCT 48,Commissioner of Agriculture,,REP,ROY RAMEY,30
Wood,PRECINCT 49,Commissioner of Agriculture,,REP,ROY RAMEY,16
Wood,PRECINCT 49A,Commissioner of Agriculture,,REP,ROY RAMEY,15
Wood,PRECINCT 50,Commissioner of Agriculture,,REP,ROY RAMEY,18
Wood,PRECINCT 51,Commissioner of Agriculture,,REP,ROY RAMEY,33
Wood,PRECINCT 52,Commissioner of Agriculture,,REP,ROY RAMEY,57
Wood,PRECINCT 53,Commissioner of Agriculture,,REP,ROY RAMEY,18
Wood,PRECINCT 53A,Commissioner of Agriculture,,REP,ROY RAMEY,22
Wood,PRECINCT 54,Commissioner of Agriculture,,REP,ROY RAMEY,20
Wood,PRECINCT 54A,Commissioner of Agriculture,,REP,ROY RAMEY,15
Wood,PRECINCT 56,Commissioner of Agriculture,,REP,ROY RAMEY,21
Wood,PRECINCT 56A,Commissioner of Agriculture,,REP,ROY RAMEY,29
Wood,PRECINCT 57,Commissioner of Agriculture,,REP,ROY RAMEY,13
Wood,PRECINCT 57A,Commissioner of Agriculture,,REP,ROY RAMEY,17
Wood,PRECINCT 58,Commissioner of Agriculture,,REP,ROY RAMEY,54
Wood,PRECINCT 60,Commissioner of Agriculture,,REP,ROY RAMEY,13
Wood,PRECINCT 61,Commissioner of Agriculture,,REP,ROY RAMEY,19
Wood,PRECINCT 62,Commissioner of Agriculture,,REP,ROY RAMEY,39
Wood,PRECINCT 63,Commissioner of Agriculture,,REP,ROY RAMEY,16
Wood,PRECINCT 63A,Commissioner of Agriculture,,REP,ROY RAMEY,18
Wood,PRECINCT 63B,Commissioner of Agriculture,,REP,ROY RAMEY,17
Wood,PRECINCT 64,Commissioner of Agriculture,,REP,ROY RAMEY,27
Wood,PRECINCT 67,Commissioner of Agriculture,,REP,ROY RAMEY,51
Wood,PRECINCT 67A,Commissioner of Agriculture,,REP,ROY RAMEY,63
Wood,PRECINCT 69,Commissioner of Agriculture,,REP,ROY RAMEY,31
Wood,PRECINCT 71,Commissioner of Agriculture,,REP,ROY RAMEY,2
Wood,PRECINCT 74,Commissioner of Agriculture,,REP,ROY RAMEY,17
Wood,PRECINCT 74B,Commissioner of Agriculture,,REP,ROY RAMEY,19
Wood,PRECINCT 74C,Commissioner of Agriculture,,REP,ROY RAMEY,17
Wood,PRECINCT 74U,Commissioner of Agriculture,,REP,ROY RAMEY,3
Wood,PRECINCT 75,Commissioner of Agriculture,,REP,ROY RAMEY,16
Wood,PRECINCT 77,Commissioner of Agriculture,,REP,ROY RAMEY,22
Wood,PRECINCT 78,Commissioner of Agriculture,,REP,ROY RAMEY,17
Wood,PRECINCT 78A,Commissioner of Agriculture,,REP,ROY RAMEY,26
Wood,PRECINCT 79,Commissioner of Agriculture,,REP,ROY RAMEY,33
Wood,PRECINCT 81,Commissioner of Agriculture,,REP,ROY RAMEY,27
Wood,PRECINCT 82,Commissioner of Agriculture,,REP,ROY RAMEY,43
Wood,PRECINCT 85,Commissioner of Agriculture,,REP,ROY RAMEY,30
Wood,PRECINCT 86,Commissioner of Agriculture,,REP,ROY RAMEY,26
Wood,PRECINCT 87,Commissioner of Agriculture,,REP,ROY RAMEY,20
Wood,PRECINCT 88,Commissioner of Agriculture,,REP,ROY RAMEY,23
Wood,PRECINCT 89,Commissioner of Agriculture,,REP,ROY RAMEY,37
Wood,PRECINCT 8,Commissioner of Agriculture,,DEM,DEBORAH STILES,39
Wood,PRECINCT 10,Commissioner of Agriculture,,DEM,DEBORAH STILES,43
Wood,PRECINCT 13,Commissioner of Agriculture,,DEM,DEBORAH STILES,35
Wood,PRECINCT 16,Commissioner of Agriculture,,DEM,DEBORAH STILES,39
Wood,PRECINCT 19,Commissioner of Agriculture,,DEM,DEBORAH STILES,79
Wood,PRECINCT 27,Commissioner of Agriculture,,DEM,DEBORAH STILES,23
Wood,PRECINCT 29,Commissioner of Agriculture,,DEM,DEBORAH STILES,76
Wood,PRECINCT 32,Commissioner of Agriculture,,DEM,DEBORAH STILES,69
Wood,PRECINCT 33,Commissioner of Agriculture,,DEM,DEBORAH STILES,17
Wood,PRECINCT 34A,Commissioner of Agriculture,,DEM,DEBORAH STILES,91
Wood,PRECINCT 35,Commissioner of Agriculture,,DEM,DEBORAH STILES,71
Wood,PRECINCT 36,Commissioner of Agriculture,,DEM,DEBORAH STILES,46
Wood,PRECINCT 36B,Commissioner of Agriculture,,DEM,DEBORAH STILES,61
Wood,PRECINCT 37,Commissioner of Agriculture,,DEM,DEBORAH STILES,71
Wood,PRECINCT 37A,Commissioner of Agriculture,,DEM,DEBORAH STILES,91
Wood,PRECINCT 38,Commissioner of Agriculture,,DEM,DEBORAH STILES,8
Wood,PRECINCT 39,Commissioner of Agriculture,,DEM,DEBORAH STILES,24
Wood,PRECINCT 40,Commissioner of Agriculture,,DEM,DEBORAH STILES,26
Wood,PRECINCT 40A,Commissioner of Agriculture,,DEM,DEBORAH STILES,40
Wood,PRECINCT 41,Commissioner of Agriculture,,DEM,DEBORAH STILES,54
Wood,PRECINCT 42A,Commissioner of Agriculture,,DEM,DEBORAH STILES,81
Wood,PRECINCT 43A,Commissioner of Agriculture,,DEM,DEBORAH STILES,72
Wood,PRECINCT 45,Commissioner of Agriculture,,DEM,DEBORAH STILES,62
Wood,PRECINCT 45A,Commissioner of Agriculture,,DEM,DEBORAH STILES,69
Wood,PRECINCT 46,Commissioner of Agriculture,,DEM,DEBORAH STILES,77
Wood,PRECINCT 46B,Commissioner of Agriculture,,DEM,DEBORAH STILES,82
Wood,PRECINCT 47,Commissioner of Agriculture,,DEM,DEBORAH STILES,16
Wood,PRECINCT 48,Commissioner of Agriculture,,DEM,DEBORAH STILES,66
Wood,PRECINCT 49,Commissioner of Agriculture,,DEM,DEBORAH STILES,47
Wood,PRECINCT 49A,Commissioner of Agriculture,,DEM,DEBORAH STILES,50
Wood,PRECINCT 50,Commissioner of Agriculture,,DEM,DEBORAH STILES,25
Wood,PRECINCT 51,Commissioner of Agriculture,,DEM,DEBORAH STILES,79
Wood,PRECINCT 52,Commissioner of Agriculture,,DEM,DEBORAH STILES,96
Wood,PRECINCT 53,Commissioner of Agriculture,,DEM,DEBORAH STILES,28
Wood,PRECINCT 53A,Commissioner of Agriculture,,DEM,DEBORAH STILES,31
Wood,PRECINCT 54,Commissioner of Agriculture,,DEM,DEBORAH STILES,26
Wood,PRECINCT 54A,Commissioner of Agriculture,,DEM,DEBORAH STILES,35
Wood,PRECINCT 56,Commissioner of Agriculture,,DEM,DEBORAH STILES,22
Wood,PRECINCT 56A,Commissioner of Agriculture,,DEM,DEBORAH STILES,32
Wood,PRECINCT 57,Commissioner of Agriculture,,DEM,DEBORAH STILES,35
Wood,PRECINCT 57A,Commissioner of Agriculture,,DEM,DEBORAH STILES,33
Wood,PRECINCT 58,Commissioner of Agriculture,,DEM,DEBORAH STILES,60
Wood,PRECINCT 60,Commissioner of Agriculture,,DEM,DEBORAH STILES,22
Wood,PRECINCT 61,Commissioner of Agriculture,,DEM,DEBORAH STILES,22
Wood,PRECINCT 62,Commissioner of Agriculture,,DEM,DEBORAH STILES,65
Wood,PRECINCT 63,Commissioner of Agriculture,,DEM,DEBORAH STILES,17
Wood,PRECINCT 63A,Commissioner of Agriculture,,DEM,DEBORAH STILES,41
Wood,PRECINCT 63B,Commissioner of Agriculture,,DEM,DEBORAH STILES,34
Wood,PRECINCT 64,Commissioner of Agriculture,,DEM,DEBORAH STILES,43
Wood,PRECINCT 67,Commissioner of Agriculture,,DEM,DEBORAH STILES,70
Wood,PRECINCT 67A,Commissioner of Agriculture,,DEM,DEBORAH STILES,60
Wood,PRECINCT 69,Commissioner of Agriculture,,DEM,DEBORAH STILES,29
Wood,PRECINCT 71,Commissioner of Agriculture,,DEM,DEBORAH STILES,22
Wood,PRECINCT 74,Commissioner of Agriculture,,DEM,DEBORAH STILES,38
Wood,PRECINCT 74B,Commissioner of Agriculture,,DEM,DEBORAH STILES,56
Wood,PRECINCT 74C,Commissioner of Agriculture,,DEM,DEBORAH STILES,42
Wood,PRECINCT 74U,Commissioner of Agriculture,,DEM,DEBORAH STILES,10
Wood,PRECINCT 75,Commissioner of Agriculture,,DEM,DEBORAH STILES,32
Wood,PRECINCT 77,Commissioner of Agriculture,,DEM,DEBORAH STILES,52
Wood,PRECINCT 78,Commissioner of Agriculture,,DEM,DEBORAH STILES,26
Wood,PRECINCT 78A,Commissioner of Agriculture,,DEM,DEBORAH STILES,40
Wood,PRECINCT 79,Commissioner of Agriculture,,DEM,DEBORAH STILES,42
Wood,PRECINCT 81,Commissioner of Agriculture,,DEM,DEBORAH STILES,13
Wood,PRECINCT 82,Commissioner of Agriculture,,DEM,DEBORAH STILES,27
Wood,PRECINCT 85,Commissioner of Agriculture,,DEM,DEBORAH STILES,29
Wood,PRECINCT 86,Commissioner of Agriculture,,DEM,DEBORAH STILES,50
Wood,PRECINCT 87,Commissioner of Agriculture,,DEM,DEBORAH STILES,23
Wood,PRECINCT 88,Commissioner of Agriculture,,DEM,DEBORAH STILES,33
Wood,PRECINCT 89,Commissioner of Agriculture,,DEM,DEBORAH STILES,54
Wood,PRECINCT 8,Commissioner of Agriculture,,MTN,NO CANDIDATE FILED,0
Wood,PRECINCT 10,Commissioner of Agriculture,,MTN,NO CANDIDATE FILED,0
Wood,PRECINCT 13,Commissioner of Agriculture,,MTN,NO CANDIDATE FILED,0
Wood,PRECINCT 16,Commissioner of Agriculture,,MTN,NO CANDIDATE FILED,0
Wood,PRECINCT 19,Commissioner of Agriculture,,MTN,NO CANDIDATE FILED,0
Wood,PRECINCT 27,Commissioner of Agriculture,,MTN,NO CANDIDATE FILED,0
Wood,PRECINCT 29,Commissioner of Agriculture,,MTN,NO CANDIDATE FILED,0
Wood,PRECINCT 32,Commissioner of Agriculture,,MTN,NO CANDIDATE FILED,0
Wood,PRECINCT 33,Commissioner of Agriculture,,MTN,NO CANDIDATE FILED,0
Wood,PRECINCT 34A,Commissioner of Agriculture,,MTN,NO CANDIDATE FILED,0
Wood,PRECINCT 35,Commissioner of Agriculture,,MTN,NO CANDIDATE FILED,0
Wood,PRECINCT 36,Commissioner of Agriculture,,MTN,NO CANDIDATE FILED,0
Wood,PRECINCT 36B,Commissioner of Agriculture,,MTN,NO CANDIDATE FILED,0
Wood,PRECINCT 37,Commissioner of Agriculture,,MTN,NO CANDIDATE FILED,0
Wood,PRECINCT 37A,Commissioner of Agriculture,,MTN,NO CANDIDATE FILED,0
Wood,PRECINCT 38,Commissioner of Agriculture,,MTN,NO CANDIDATE FILED,0
Wood,PRECINCT 39,Commissioner of Agriculture,,MTN,NO CANDIDATE FILED,0
Wood,PRECINCT 40,Commissioner of Agriculture,,MTN,NO CANDIDATE FILED,0
Wood,PRECINCT 40A,Commissioner of Agriculture,,MTN,NO CANDIDATE FILED,0
Wood,PRECINCT 41,Commissioner of Agriculture,,MTN,NO CANDIDATE FILED,0
Wood,PRECINCT 42A,Commissioner of Agriculture,,MTN,NO CANDIDATE FILED,0
Wood,PRECINCT 43A,Commissioner of Agriculture,,MTN,NO CANDIDATE FILED,0
Wood,PRECINCT 45,Commissioner of Agriculture,,MTN,NO CANDIDATE FILED,0
Wood,PRECINCT 45A,Commissioner of Agriculture,,MTN,NO CANDIDATE FILED,0
Wood,PRECINCT 46,Commissioner of Agriculture,,MTN,NO CANDIDATE FILED,0
Wood,PRECINCT 46B,Commissioner of Agriculture,,MTN,NO CANDIDATE FILED,0
Wood,PRECINCT 47,Commissioner of Agriculture,,MTN,NO CANDIDATE FILED,0
Wood,PRECINCT 48,Commissioner of Agriculture,,MTN,NO CANDIDATE FILED,0
Wood,PRECINCT 49,Commissioner of Agriculture,,MTN,NO CANDIDATE FILED,0
Wood,PRECINCT 49A,Commissioner of Agriculture,,MTN,NO CANDIDATE FILED,0
Wood,PRECINCT 50,Commissioner of Agriculture,,MTN,NO CANDIDATE FILED,0
Wood,PRECINCT 51,Commissioner of Agriculture,,MTN,NO CANDIDATE FILED,0
Wood,PRECINCT 52,Commissioner of Agriculture,,MTN,NO CANDIDATE FILED,0
Wood,PRECINCT 53,Commissioner of Agriculture,,MTN,NO CANDIDATE FILED,0
Wood,PRECINCT 53A,Commissioner of Agriculture,,MTN,NO CANDIDATE FILED,0
Wood,PRECINCT 54,Commissioner of Agriculture,,MTN,NO CANDIDATE FILED,0
Wood,PRECINCT 54A,Commissioner of Agriculture,,MTN,NO CANDIDATE FILED,0
Wood,PRECINCT 56,Commissioner of Agriculture,,MTN,NO CANDIDATE FILED,0
Wood,PRECINCT 56A,Commissioner of Agriculture,,MTN,NO CANDIDATE FILED,0
Wood,PRECINCT 57,Commissioner of Agriculture,,MTN,NO CANDIDATE FILED,0
Wood,PRECINCT 57A,Commissioner of Agriculture,,MTN,NO CANDIDATE FILED,0
Wood,PRECINCT 58,Commissioner of Agriculture,,MTN,NO CANDIDATE FILED,0
Wood,PRECINCT 60,Commissioner of Agriculture,,MTN,NO CANDIDATE FILED,0
Wood,PRECINCT 61,Commissioner of Agriculture,,MTN,NO CANDIDATE FILED,0
Wood,PRECINCT 62,Commissioner of Agriculture,,MTN,NO CANDIDATE FILED,0
Wood,PRECINCT 63,Commissioner of Agriculture,,MTN,NO CANDIDATE FILED,0
Wood,PRECINCT 63A,Commissioner of Agriculture,,MTN,NO CANDIDATE FILED,0
Wood,PRECINCT 63B,Commissioner of Agriculture,,MTN,NO CANDIDATE FILED,0
Wood,PRECINCT 64,Commissioner of Agriculture,,MTN,NO CANDIDATE FILED,0
Wood,PRECINCT 67,Commissioner of Agriculture,,MTN,NO CANDIDATE FILED,0
Wood,PRECINCT 67A,Commissioner of Agriculture,,MTN,NO CANDIDATE FILED,0
Wood,PRECINCT 69,Commissioner of Agriculture,,MTN,NO CANDIDATE FILED,0
Wood,PRECINCT 71,Commissioner of Agriculture,,MTN,NO CANDIDATE FILED,0
Wood,PRECINCT 74,Commissioner of Agriculture,,MTN,NO CANDIDATE FILED,0
Wood,PRECINCT 74B,Commissioner of Agriculture,,MTN,NO CANDIDATE FILED,0
Wood,PRECINCT 74C,Commissioner of Agriculture,,MTN,NO CANDIDATE FILED,0
Wood,PRECINCT 74U,Commissioner of Agriculture,,MTN,NO CANDIDATE FILED,0
Wood,PRECINCT 75,Commissioner of Agriculture,,MTN,NO CANDIDATE FILED,0
Wood,PRECINCT 77,Commissioner of Agriculture,,MTN,NO CANDIDATE FILED,0
Wood,PRECINCT 78,Commissioner of Agriculture,,MTN,NO CANDIDATE FILED,0
Wood,PRECINCT 78A,Commissioner of Agriculture,,MTN,NO CANDIDATE FILED,0
Wood,PRECINCT 79,Commissioner of Agriculture,,MTN,NO CANDIDATE FILED,0
Wood,PRECINCT 81,Commissioner of Agriculture,,MTN,NO CANDIDATE FILED,0
Wood,PRECINCT 82,Commissioner of Agriculture,,MTN,NO CANDIDATE FILED,0
Wood,PRECINCT 85,Commissioner of Agriculture,,MTN,NO CANDIDATE FILED,0
Wood,PRECINCT 86,Commissioner of Agriculture,,MTN,NO CANDIDATE FILED,0
Wood,PRECINCT 87,Commissioner of Agriculture,,MTN,NO CANDIDATE FILED,0
Wood,PRECINCT 88,Commissioner of Agriculture,,MTN,NO CANDIDATE FILED,0
Wood,PRECINCT 89,Commissioner of Agriculture,,MTN,NO CANDIDATE FILED,0
Wood,PRECINCT 8,Attorney General,,REP,JOHN 'JB' McCUSKEY,32
Wood,PRECINCT 10,Attorney General,,REP,JOHN 'JB' McCUSKEY,34
Wood,PRECINCT 13,Attorney General,,REP,JOHN 'JB' McCUSKEY,22
Wood,PRECINCT 16,Attorney General,,REP,JOHN 'JB' McCUSKEY,30
Wood,PRECINCT 19,Attorney General,,REP,JOHN 'JB' McCUSKEY,116
Wood,PRECINCT 27,Attorney General,,REP,JOHN 'JB' McCUSKEY,32
Wood,PRECINCT 29,Attorney General,,REP,JOHN 'JB' McCUSKEY,93
Wood,PRECINCT 32,Attorney General,,REP,JOHN 'JB' McCUSKEY,64
Wood,PRECINCT 33,Attorney General,,REP,JOHN 'JB' McCUSKEY,16
Wood,PRECINCT 34A,Attorney General,,REP,JOHN 'JB' McCUSKEY,130
Wood,PRECINCT 35,Attorney General,,REP,JOHN 'JB' McCUSKEY,92
Wood,PRECINCT 36,Attorney General,,REP,JOHN 'JB' McCUSKEY,45
Wood,PRECINCT 36B,Attorney General,,REP,JOHN 'JB' McCUSKEY,90
Wood,PRECINCT 37,Attorney General,,REP,JOHN 'JB' McCUSKEY,135
Wood,PRECINCT 37A,Attorney General,,REP,JOHN 'JB' McCUSKEY,115
Wood,PRECINCT 38,Attorney General,,REP,JOHN 'JB' McCUSKEY,19
Wood,PRECINCT 39,Attorney General,,REP,JOHN 'JB' McCUSKEY,36
Wood,PRECINCT 40,Attorney General,,REP,JOHN 'JB' McCUSKEY,38
Wood,PRECINCT 40A,Attorney General,,REP,JOHN 'JB' McCUSKEY,69
Wood,PRECINCT 41,Attorney General,,REP,JOHN 'JB' McCUSKEY,80
Wood,PRECINCT 42A,Attorney General,,REP,JOHN 'JB' McCUSKEY,113
Wood,PRECINCT 43A,Attorney General,,REP,JOHN 'JB' McCUSKEY,123
Wood,PRECINCT 45,Attorney General,,REP,JOHN 'JB' McCUSKEY,83
Wood,PRECINCT 45A,Attorney General,,REP,JOHN 'JB' McCUSKEY,111
Wood,PRECINCT 46,Attorney General,,REP,JOHN 'JB' McCUSKEY,176
Wood,PRECINCT 46B,Attorney General,,REP,JOHN 'JB' McCUSKEY,176
Wood,PRECINCT 47,Attorney General,,REP,JOHN 'JB' McCUSKEY,44
Wood,PRECINCT 48,Attorney General,,REP,JOHN 'JB' McCUSKEY,137
Wood,PRECINCT 49,Attorney General,,REP,JOHN 'JB' McCUSKEY,76
Wood,PRECINCT 49A,Attorney General,,REP,JOHN 'JB' McCUSKEY,74
Wood,PRECINCT 50,Attorney General,,REP,JOHN 'JB' McCUSKEY,41
Wood,PRECINCT 51,Attorney General,,REP,JOHN 'JB' McCUSKEY,130
Wood,PRECINCT 52,Attorney General,,REP,JOHN 'JB' McCUSKEY,147
Wood,PRECINCT 53,Attorney General,,REP,JOHN 'JB' McCUSKEY,84
Wood,PRECINCT 53A,Attorney General,,REP,JOHN 'JB' McCUSKEY,86
Wood,PRECINCT 54,Attorney General,,REP,JOHN 'JB' McCUSKEY,67
Wood,PRECINCT 54A,Attorney General,,REP,JOHN 'JB' McCUSKEY,62
Wood,PRECINCT 56,Attorney General,,REP,JOHN 'JB' McCUSKEY,43
Wood,PRECINCT 56A,Attorney General,,REP,JOHN 'JB' McCUSKEY,94
Wood,PRECINCT 57,Attorney General,,REP,JOHN 'JB' McCUSKEY,72
Wood,PRECINCT 57A,Attorney General,,REP,JOHN 'JB' McCUSKEY,65
Wood,PRECINCT 58,Attorney General,,REP,JOHN 'JB' McCUSKEY,131
Wood,PRECINCT 60,Attorney General,,REP,JOHN 'JB' McCUSKEY,41
Wood,PRECINCT 61,Attorney General,,REP,JOHN 'JB' McCUSKEY,55
Wood,PRECINCT 62,Attorney General,,REP,JOHN 'JB' McCUSKEY,100
Wood,PRECINCT 63,Attorney General,,REP,JOHN 'JB' McCUSKEY,34
Wood,PRECINCT 63A,Attorney General,,REP,JOHN 'JB' McCUSKEY,74
Wood,PRECINCT 63B,Attorney General,,REP,JOHN 'JB' McCUSKEY,61
Wood,PRECINCT 64,Attorney General,,REP,JOHN 'JB' McCUSKEY,112
Wood,PRECINCT 67,Attorney General,,REP,JOHN 'JB' McCUSKEY,115
Wood,PRECINCT 67A,Attorney General,,REP,JOHN 'JB' McCUSKEY,146
Wood,PRECINCT 69,Attorney General,,REP,JOHN 'JB' McCUSKEY,66
Wood,PRECINCT 71,Attorney General,,REP,JOHN 'JB' McCUSKEY,23
Wood,PRECINCT 74,Attorney General,,REP,JOHN 'JB' McCUSKEY,78
Wood,PRECINCT 74B,Attorney General,,REP,JOHN 'JB' McCUSKEY,95
Wood,PRECINCT 74C,Attorney General,,REP,JOHN 'JB' McCUSKEY,88
Wood,PRECINCT 74U,Attorney General,,REP,JOHN 'JB' McCUSKEY,16
Wood,PRECINCT 75,Attorney General,,REP,JOHN 'JB' McCUSKEY,48
Wood,PRECINCT 77,Attorney General,,REP,JOHN 'JB' McCUSKEY,76
Wood,PRECINCT 78,Attorney General,,REP,JOHN 'JB' McCUSKEY,49
Wood,PRECINCT 78A,Attorney General,,REP,JOHN 'JB' McCUSKEY,118
Wood,PRECINCT 79,Attorney General,,REP,JOHN 'JB' McCUSKEY,106
Wood,PRECINCT 81,Attorney General,,REP,JOHN 'JB' McCUSKEY,48
Wood,PRECINCT 82,Attorney General,,REP,JOHN 'JB' McCUSKEY,99
Wood,PRECINCT 85,Attorney General,,REP,JOHN 'JB' McCUSKEY,69
Wood,PRECINCT 86,Attorney General,,REP,JOHN 'JB' McCUSKEY,80
Wood,PRECINCT 87,Attorney General,,REP,JOHN 'JB' McCUSKEY,85
Wood,PRECINCT 88,Attorney General,,REP,JOHN 'JB' McCUSKEY,90
Wood,PRECINCT 89,Attorney General,,REP,JOHN 'JB' McCUSKEY,115
Wood,PRECINCT 8,Attorney General,,REP,MIKE STUART,38
Wood,PRECINCT 10,Attorney General,,REP,MIKE STUART,28
Wood,PRECINCT 13,Attorney General,,REP,MIKE STUART,18
Wood,PRECINCT 16,Attorney General,,REP,MIKE STUART,25
Wood,PRECINCT 19,Attorney General,,REP,MIKE STUART,81
Wood,PRECINCT 27,Attorney General,,REP,MIKE STUART,27
Wood,PRECINCT 29,Attorney General,,REP,MIKE STUART,58
Wood,PRECINCT 32,Attorney General,,REP,MIKE STUART,45
Wood,PRECINCT 33,Attorney General,,REP,MIKE STUART,11
Wood,PRECINCT 34A,Attorney General,,REP,MIKE STUART,61
Wood,PRECINCT 35,Attorney General,,REP,MIKE STUART,49
Wood,PRECINCT 36,Attorney General,,REP,MIKE STUART,39
Wood,PRECINCT 36B,Attorney General,,REP,MIKE STUART,80
Wood,PRECINCT 37,Attorney General,,REP,MIKE STUART,71
Wood,PRECINCT 37A,Attorney General,,REP,MIKE STUART,68
Wood,PRECINCT 38,Attorney General,,REP,MIKE STUART,12
Wood,PRECINCT 39,Attorney General,,REP,MIKE STUART,29
Wood,PRECINCT 40,Attorney General,,REP,MIKE STUART,25
Wood,PRECINCT 40A,Attorney General,,REP,MIKE STUART,40
Wood,PRECINCT 41,Attorney General,,REP,MIKE STUART,57
Wood,PRECINCT 42A,Attorney General,,REP,MIKE STUART,84
Wood,PRECINCT 43A,Attorney General,,REP,MIKE STUART,76
Wood,PRECINCT 45,Attorney General,,REP,MIKE STUART,66
Wood,PRECINCT 45A,Attorney General,,REP,MIKE STUART,84
Wood,PRECINCT 46,Attorney General,,REP,MIKE STUART,100
Wood,PRECINCT 46B,Attorney General,,REP,MIKE STUART,99
Wood,PRECINCT 47,Attorney General,,REP,MIKE STUART,34
Wood,PRECINCT 48,Attorney General,,REP,MIKE STUART,119
Wood,PRECINCT 49,Attorney General,,REP,MIKE STUART,47
Wood,PRECINCT 49A,Attorney General,,REP,MIKE STUART,43
Wood,PRECINCT 50,Attorney General,,REP,MIKE STUART,39
Wood,PRECINCT 51,Attorney General,,REP,MIKE STUART,87
Wood,PRECINCT 52,Attorney General,,REP,MIKE STUART,88
Wood,PRECINCT 53,Attorney General,,REP,MIKE STUART,70
Wood,PRECINCT 53A,Attorney General,,REP,MIKE STUART,54
Wood,PRECINCT 54,Attorney General,,REP,MIKE STUART,39
Wood,PRECINCT 54A,Attorney General,,REP,MIKE STUART,62
Wood,PRECINCT 56,Attorney General,,REP,MIKE STUART,47
Wood,PRECINCT 56A,Attorney General,,REP,MIKE STUART,61
Wood,PRECINCT 57,Attorney General,,REP,MIKE STUART,53
Wood,PRECINCT 57A,Attorney General,,REP,MIKE STUART,61
Wood,PRECINCT 58,Attorney General,,REP,MIKE STUART,104
Wood,PRECINCT 60,Attorney General,,REP,MIKE STUART,49
Wood,PRECINCT 61,Attorney General,,REP,MIKE STUART,60
Wood,PRECINCT 62,Attorney General,,REP,MIKE STUART,103
Wood,PRECINCT 63,Attorney General,,REP,MIKE STUART,43
Wood,PRECINCT 63A,Attorney General,,REP,MIKE STUART,66
Wood,PRECINCT 63B,Attorney General,,REP,MIKE STUART,50
Wood,PRECINCT 64,Attorney General,,REP,MIKE STUART,63
Wood,PRECINCT 67,Attorney General,,REP,MIKE STUART,126
Wood,PRECINCT 67A,Attorney General,,REP,MIKE STUART,118
Wood,PRECINCT 69,Attorney General,,REP,MIKE STUART,56
Wood,PRECINCT 71,Attorney General,,REP,MIKE STUART,20
Wood,PRECINCT 74,Attorney General,,REP,MIKE STUART,69
Wood,PRECINCT 74B,Attorney General,,REP,MIKE STUART,77
Wood,PRECINCT 74C,Attorney General,,REP,MIKE STUART,63
Wood,PRECINCT 74U,Attorney General,,REP,MIKE STUART,14
Wood,PRECINCT 75,Attorney General,,REP,MIKE STUART,49
Wood,PRECINCT 77,Attorney General,,REP,MIKE STUART,74
Wood,PRECINCT 78,Attorney General,,REP,MIKE STUART,41
Wood,PRECINCT 78A,Attorney General,,REP,MIKE STUART,106
Wood,PRECINCT 79,Attorney General,,REP,MIKE STUART,67
Wood,PRECINCT 81,Attorney General,,REP,MIKE STUART,60
Wood,PRECINCT 82,Attorney General,,REP,MIKE STUART,90
Wood,PRECINCT 85,Attorney General,,REP,MIKE STUART,76
Wood,PRECINCT 86,Attorney General,,REP,MIKE STUART,96
Wood,PRECINCT 87,Attorney General,,REP,MIKE STUART,55
Wood,PRECINCT 88,Attorney General,,REP,MIKE STUART,78
Wood,PRECINCT 89,Attorney General,,REP,MIKE STUART,94
Wood,PRECINCT 8,Attorney General,,DEM,TERESA TORISEVA,25
Wood,PRECINCT 10,Attorney General,,DEM,TERESA TORISEVA,22
Wood,PRECINCT 13,Attorney General,,DEM,TERESA TORISEVA,20
Wood,PRECINCT 16,Attorney General,,DEM,TERESA TORISEVA,30
Wood,PRECINCT 19,Attorney General,,DEM,TERESA TORISEVA,53
Wood,PRECINCT 27,Attorney General,,DEM,TERESA TORISEVA,13
Wood,PRECINCT 29,Attorney General,,DEM,TERESA TORISEVA,58
Wood,PRECINCT 32,Attorney General,,DEM,TERESA TORISEVA,50
Wood,PRECINCT 33,Attorney General,,DEM,TERESA TORISEVA,12
Wood,PRECINCT 34A,Attorney General,,DEM,TERESA TORISEVA,67
Wood,PRECINCT 35,Attorney General,,DEM,TERESA TORISEVA,46
Wood,PRECINCT 36,Attorney General,,DEM,TERESA TORISEVA,29
Wood,PRECINCT 36B,Attorney General,,DEM,TERESA TORISEVA,46
Wood,PRECINCT 37,Attorney General,,DEM,TERESA TORISEVA,53
Wood,PRECINCT 37A,Attorney General,,DEM,TERESA TORISEVA,73
Wood,PRECINCT 38,Attorney General,,DEM,TERESA TORISEVA,3
Wood,PRECINCT 39,Attorney General,,DEM,TERESA TORISEVA,19
Wood,PRECINCT 40,Attorney General,,DEM,TERESA TORISEVA,19
Wood,PRECINCT 40A,Attorney General,,DEM,TERESA TORISEVA,24
Wood,PRECINCT 41,Attorney General,,DEM,TERESA TORISEVA,37
Wood,PRECINCT 42A,Attorney General,,DEM,TERESA TORISEVA,64
Wood,PRECINCT 43A,Attorney General,,DEM,TERESA TORISEVA,56
Wood,PRECINCT 45,Attorney General,,DEM,TERESA TORISEVA,49
Wood,PRECINCT 45A,Attorney General,,DEM,TERESA TORISEVA,56
Wood,PRECINCT 46,Attorney General,,DEM,TERESA TORISEVA,55
Wood,PRECINCT 46B,Attorney General,,DEM,TERESA TORISEVA,54
Wood,PRECINCT 47,Attorney General,,DEM,TERESA TORISEVA,9
Wood,PRECINCT 48,Attorney General,,DEM,TERESA TORISEVA,39
Wood,PRECINCT 49,Attorney General,,DEM,TERESA TORISEVA,34
Wood,PRECINCT 49A,Attorney General,,DEM,TERESA TORISEVA,32
Wood,PRECINCT 50,Attorney General,,DEM,TERESA TORISEVA,17
Wood,PRECINCT 51,Attorney General,,DEM,TERESA TORISEVA,52
Wood,PRECINCT 52,Attorney General,,DEM,TERESA TORISEVA,69
Wood,PRECINCT 53,Attorney General,,DEM,TERESA TORISEVA,19
Wood,PRECINCT 53A,Attorney General,,DEM,TERESA TORISEVA,19
Wood,PRECINCT 54,Attorney General,,DEM,TERESA TORISEVA,19
Wood,PRECINCT 54A,Attorney General,,DEM,TERESA TORISEVA,25
Wood,PRECINCT 56,Attorney General,,DEM,TERESA TORISEVA,13
Wood,PRECINCT 56A,Attorney General,,DEM,TERESA TORISEVA,26
Wood,PRECINCT 57,Attorney General,,DEM,TERESA TORISEVA,21
Wood,PRECINCT 57A,Attorney General,,DEM,TERESA TORISEVA,27
Wood,PRECINCT 58,Attorney General,,DEM,TERESA TORISEVA,39
Wood,PRECINCT 60,Attorney General,,DEM,TERESA TORISEVA,9
Wood,PRECINCT 61,Attorney General,,DEM,TERESA TORISEVA,13
Wood,PRECINCT 62,Attorney General,,DEM,TERESA TORISEVA,48
Wood,PRECINCT 63,Attorney General,,DEM,TERESA TORISEVA,11
Wood,PRECINCT 63A,Attorney General,,DEM,TERESA TORISEVA,32
Wood,PRECINCT 63B,Attorney General,,DEM,TERESA TORISEVA,24
Wood,PRECINCT 64,Attorney General,,DEM,TERESA TORISEVA,30
Wood,PRECINCT 67,Attorney General,,DEM,TERESA TORISEVA,35
Wood,PRECINCT 67A,Attorney General,,DEM,TERESA TORISEVA,45
Wood,PRECINCT 69,Attorney General,,DEM,TERESA TORISEVA,18
Wood,PRECINCT 71,Attorney General,,DEM,TERESA TORISEVA,15
Wood,PRECINCT 74,Attorney General,,DEM,TERESA TORISEVA,25
Wood,PRECINCT 74B,Attorney General,,DEM,TERESA TORISEVA,34
Wood,PRECINCT 74C,Attorney General,,DEM,TERESA TORISEVA,22
Wood,PRECINCT 74U,Attorney General,,DEM,TERESA TORISEVA,7
Wood,PRECINCT 75,Attorney General,,DEM,TERESA TORISEVA,23
Wood,PRECINCT 77,Attorney General,,DEM,TERESA TORISEVA,26
Wood,PRECINCT 78,Attorney General,,DEM,TERESA TORISEVA,21
Wood,PRECINCT 78A,Attorney General,,DEM,TERESA TORISEVA,29
Wood,PRECINCT 79,Attorney General,,DEM,TERESA TORISEVA,18
Wood,PRECINCT 81,Attorney General,,DEM,TERESA TORISEVA,8
Wood,PRECINCT 82,Attorney General,,DEM,TERESA TORISEVA,17
Wood,PRECINCT 85,Attorney General,,DEM,TERESA TORISEVA,11
Wood,PRECINCT 86,Attorney General,,DEM,TERESA TORISEVA,25
Wood,PRECINCT 87,Attorney General,,DEM,TERESA TORISEVA,21
Wood,PRECINCT 88,Attorney General,,DEM,TERESA TORISEVA,24
Wood,PRECINCT 89,Attorney General,,DEM,TERESA TORISEVA,33
Wood,PRECINCT 8,Attorney General,,DEM,RICHIE ROBB,15
Wood,PRECINCT 10,Attorney General,,DEM,RICHIE ROBB,22
Wood,PRECINCT 13,Attorney General,,DEM,RICHIE ROBB,16
Wood,PRECINCT 16,Attorney General,,DEM,RICHIE ROBB,13
Wood,PRECINCT 19,Attorney General,,DEM,RICHIE ROBB,34
Wood,PRECINCT 27,Attorney General,,DEM,RICHIE ROBB,11
Wood,PRECINCT 29,Attorney General,,DEM,RICHIE ROBB,24
Wood,PRECINCT 32,Attorney General,,DEM,RICHIE ROBB,31
Wood,PRECINCT 33,Attorney General,,DEM,RICHIE ROBB,7
Wood,PRECINCT 34A,Attorney General,,DEM,RICHIE ROBB,29
Wood,PRECINCT 35,Attorney General,,DEM,RICHIE ROBB,28
Wood,PRECINCT 36,Attorney General,,DEM,RICHIE ROBB,19
Wood,PRECINCT 36B,Attorney General,,DEM,RICHIE ROBB,19
Wood,PRECINCT 37,Attorney General,,DEM,RICHIE ROBB,28
Wood,PRECINCT 37A,Attorney General,,DEM,RICHIE ROBB,27
Wood,PRECINCT 38,Attorney General,,DEM,RICHIE ROBB,6
Wood,PRECINCT 39,Attorney General,,DEM,RICHIE ROBB,8
Wood,PRECINCT 40,Attorney General,,DEM,RICHIE ROBB,9
Wood,PRECINCT 40A,Attorney General,,DEM,RICHIE ROBB,17
Wood,PRECINCT 41,Attorney General,,DEM,RICHIE ROBB,16
Wood,PRECINCT 42A,Attorney General,,DEM,RICHIE ROBB,23
Wood,PRECINCT 43A,Attorney General,,DEM,RICHIE ROBB,29
Wood,PRECINCT 45,Attorney General,,DEM,RICHIE ROBB,20
Wood,PRECINCT 45A,Attorney General,,DEM,RICHIE ROBB,25
Wood,PRECINCT 46,Attorney General,,DEM,RICHIE ROBB,30
Wood,PRECINCT 46B,Attorney General,,DEM,RICHIE ROBB,28
Wood,PRECINCT 47,Attorney General,,DEM,RICHIE ROBB,6
Wood,PRECINCT 48,Attorney General,,DEM,RICHIE ROBB,31
Wood,PRECINCT 49,Attorney General,,DEM,RICHIE ROBB,14
Wood,PRECINCT 49A,Attorney General,,DEM,RICHIE ROBB,22
Wood,PRECINCT 50,Attorney General,,DEM,RICHIE ROBB,9
Wood,PRECINCT 51,Attorney General,,DEM,RICHIE ROBB,29
Wood,PRECINCT 52,Attorney General,,DEM,RICHIE ROBB,30
Wood,PRECINCT 53,Attorney General,,DEM,RICHIE ROBB,8
Wood,PRECINCT 53A,Attorney General,,DEM,RICHIE ROBB,15
Wood,PRECINCT 54,Attorney General,,DEM,RICHIE ROBB,14
Wood,PRECINCT 54A,Attorney General,,DEM,RICHIE ROBB,14
Wood,PRECINCT 56,Attorney General,,DEM,RICHIE ROBB,12
Wood,PRECINCT 56A,Attorney General,,DEM,RICHIE ROBB,10
Wood,PRECINCT 57,Attorney General,,DEM,RICHIE ROBB,18
Wood,PRECINCT 57A,Attorney General,,DEM,RICHIE ROBB,11
Wood,PRECINCT 58,Attorney General,,DEM,RICHIE ROBB,28
Wood,PRECINCT 60,Attorney General,,DEM,RICHIE ROBB,16
Wood,PRECINCT 61,Attorney General,,DEM,RICHIE ROBB,13
Wood,PRECINCT 62,Attorney General,,DEM,RICHIE ROBB,22
Wood,PRECINCT 63,Attorney General,,DEM,RICHIE ROBB,6
Wood,PRECINCT 63A,Attorney General,,DEM,RICHIE ROBB,16
Wood,PRECINCT 63B,Attorney General,,DEM,RICHIE ROBB,16
Wood,PRECINCT 64,Attorney General,,DEM,RICHIE ROBB,15
Wood,PRECINCT 67,Attorney General,,DEM,RICHIE ROBB,45
Wood,PRECINCT 67A,Attorney General,,DEM,RICHIE ROBB,20
Wood,PRECINCT 69,Attorney General,,DEM,RICHIE ROBB,12
Wood,PRECINCT 71,Attorney General,,DEM,RICHIE ROBB,8
Wood,PRECINCT 74,Attorney General,,DEM,RICHIE ROBB,18
Wood,PRECINCT 74B,Attorney General,,DEM,RICHIE ROBB,24
Wood,PRECINCT 74C,Attorney General,,DEM,RICHIE ROBB,26
Wood,PRECINCT 74U,Attorney General,,DEM,RICHIE ROBB,3
Wood,PRECINCT 75,Attorney General,,DEM,RICHIE ROBB,15
Wood,PRECINCT 77,Attorney General,,DEM,RICHIE ROBB,27
Wood,PRECINCT 78,Attorney General,,DEM,RICHIE ROBB,10
Wood,PRECINCT 78A,Attorney General,,DEM,RICHIE ROBB,17
Wood,PRECINCT 79,Attorney General,,DEM,RICHIE ROBB,25
Wood,PRECINCT 81,Attorney General,,DEM,RICHIE ROBB,8
Wood,PRECINCT 82,Attorney General,,DEM,RICHIE ROBB,18
Wood,PRECINCT 85,Attorney General,,DEM,RICHIE ROBB,24
Wood,PRECINCT 86,Attorney General,,DEM,RICHIE ROBB,27
Wood,PRECINCT 87,Attorney General,,DEM,RICHIE ROBB,10
Wood,PRECINCT 88,Attorney General,,DEM,RICHIE ROBB,14
Wood,PRECINCT 89,Attorney General,,DEM,RICHIE ROBB,25
Wood,PRECINCT 8,Attorney General,,MTN,NO CANDIDATE FILED,0
Wood,PRECINCT 10,Attorney General,,MTN,NO CANDIDATE FILED,0
Wood,PRECINCT 13,Attorney General,,MTN,NO CANDIDATE FILED,0
Wood,PRECINCT 16,Attorney General,,MTN,NO CANDIDATE FILED,0
Wood,PRECINCT 19,Attorney General,,MTN,NO CANDIDATE FILED,0
Wood,PRECINCT 27,Attorney General,,MTN,NO CANDIDATE FILED,0
Wood,PRECINCT 29,Attorney General,,MTN,NO CANDIDATE FILED,0
Wood,PRECINCT 32,Attorney General,,MTN,NO CANDIDATE FILED,0
Wood,PRECINCT 33,Attorney General,,MTN,NO CANDIDATE FILED,0
Wood,PRECINCT 34A,Attorney General,,MTN,NO CANDIDATE FILED,0
Wood,PRECINCT 35,Attorney General,,MTN,NO CANDIDATE FILED,0
Wood,PRECINCT 36,Attorney General,,MTN,NO CANDIDATE FILED,0
Wood,PRECINCT 36B,Attorney General,,MTN,NO CANDIDATE FILED,0
Wood,PRECINCT 37,Attorney General,,MTN,NO CANDIDATE FILED,0
Wood,PRECINCT 37A,Attorney General,,MTN,NO CANDIDATE FILED,0
Wood,PRECINCT 38,Attorney General,,MTN,NO CANDIDATE FILED,0
Wood,PRECINCT 39,Attorney General,,MTN,NO CANDIDATE FILED,0
Wood,PRECINCT 40,Attorney General,,MTN,NO CANDIDATE FILED,0
Wood,PRECINCT 40A,Attorney General,,MTN,NO CANDIDATE FILED,0
Wood,PRECINCT 41,Attorney General,,MTN,NO CANDIDATE FILED,0
Wood,PRECINCT 42A,Attorney General,,MTN,NO CANDIDATE FILED,0
Wood,PRECINCT 43A,Attorney General,,MTN,NO CANDIDATE FILED,0
Wood,PRECINCT 45,Attorney General,,MTN,NO CANDIDATE FILED,0
Wood,PRECINCT 45A,Attorney General,,MTN,NO CANDIDATE FILED,0
Wood,PRECINCT 46,Attorney General,,MTN,NO CANDIDATE FILED,0
Wood,PRECINCT 46B,Attorney General,,MTN,NO CANDIDATE FILED,0
Wood,PRECINCT 47,Attorney General,,MTN,NO CANDIDATE FILED,0
Wood,PRECINCT 48,Attorney General,,MTN,NO CANDIDATE FILED,0
Wood,PRECINCT 49,Attorney General,,MTN,NO CANDIDATE FILED,0
Wood,PRECINCT 49A,Attorney General,,MTN,NO CANDIDATE FILED,0
Wood,PRECINCT 50,Attorney General,,MTN,NO CANDIDATE FILED,0
Wood,PRECINCT 51,Attorney General,,MTN,NO CANDIDATE FILED,0
Wood,PRECINCT 52,Attorney General,,MTN,NO CANDIDATE FILED,0
Wood,PRECINCT 53,Attorney General,,MTN,NO CANDIDATE FILED,0
Wood,PRECINCT 53A,Attorney General,,MTN,NO CANDIDATE FILED,0
Wood,PRECINCT 54,Attorney General,,MTN,NO CANDIDATE FILED,0
Wood,PRECINCT 54A,Attorney General,,MTN,NO CANDIDATE FILED,0
Wood,PRECINCT 56,Attorney General,,MTN,NO CANDIDATE FILED,0
Wood,PRECINCT 56A,Attorney General,,MTN,NO CANDIDATE FILED,0
Wood,PRECINCT 57,Attorney General,,MTN,NO CANDIDATE FILED,0
Wood,PRECINCT 57A,Attorney General,,MTN,NO CANDIDATE FILED,0
Wood,PRECINCT 58,Attorney General,,MTN,NO CANDIDATE FILED,0
Wood,PRECINCT 60,Attorney General,,MTN,NO CANDIDATE FILED,0
Wood,PRECINCT 61,Attorney General,,MTN,NO CANDIDATE FILED,0
Wood,PRECINCT 62,Attorney General,,MTN,NO CANDIDATE FILED,0
Wood,PRECINCT 63,Attorney General,,MTN,NO CANDIDATE FILED,0
Wood,PRECINCT 63A,Attorney General,,MTN,NO CANDIDATE FILED,0
Wood,PRECINCT 63B,Attorney General,,MTN,NO CANDIDATE FILED,0
Wood,PRECINCT 64,Attorney General,,MTN,NO CANDIDATE FILED,0
Wood,PRECINCT 67,Attorney General,,MTN,NO CANDIDATE FILED,0
Wood,PRECINCT 67A,Attorney General,,MTN,NO CANDIDATE FILED,0
Wood,PRECINCT 69,Attorney General,,MTN,NO CANDIDATE FILED,0
Wood,PRECINCT 71,Attorney General,,MTN,NO CANDIDATE FILED,0
Wood,PRECINCT 74,Attorney General,,MTN,NO CANDIDATE FILED,0
Wood,PRECINCT 74B,Attorney General,,MTN,NO CANDIDATE FILED,0
Wood,PRECINCT 74C,Attorney General,,MTN,NO CANDIDATE FILED,0
Wood,PRECINCT 74U,Attorney General,,MTN,NO CANDIDATE FILED,0
Wood,PRECINCT 75,Attorney General,,MTN,NO CANDIDATE FILED,0
Wood,PRECINCT 77,Attorney General,,MTN,NO CANDIDATE FILED,0
Wood,PRECINCT 78,Attorney General,,MTN,NO CANDIDATE FILED,0
Wood,PRECINCT 78A,Attorney General,,MTN,NO CANDIDATE FILED,0
Wood,PRECINCT 79,Attorney General,,MTN,NO CANDIDATE FILED,0
Wood,PRECINCT 81,Attorney General,,MTN,NO CANDIDATE FILED,0
Wood,PRECINCT 82,Attorney General,,MTN,NO CANDIDATE FILED,0
Wood,PRECINCT 85,Attorney General,,MTN,NO CANDIDATE FILED,0
Wood,PRECINCT 86,Attorney General,,MTN,NO CANDIDATE FILED,0
Wood,PRECINCT 87,Attorney General,,MTN,NO CANDIDATE FILED,0
Wood,PRECINCT 88,Attorney General,,MTN,NO CANDIDATE FILED,0
Wood,PRECINCT 89,Attorney General,,MTN,NO CANDIDATE FILED,0
Wood,PRECINCT 8,State Senate,3,REP,DONNA J. BOLEY,64
Wood,PRECINCT 10,State Senate,3,REP,DONNA J. BOLEY,58
Wood,PRECINCT 13,State Senate,3,REP,DONNA J. BOLEY,40
Wood,PRECINCT 16,State Senate,3,REP,DONNA J. BOLEY,48
Wood,PRECINCT 19,State Senate,3,REP,DONNA J. BOLEY,177
Wood,PRECINCT 27,State Senate,3,REP,DONNA J. BOLEY,53
Wood,PRECINCT 29,State Senate,3,REP,DONNA J. BOLEY,138
Wood,PRECINCT 32,State Senate,3,REP,DONNA J. BOLEY,103
Wood,PRECINCT 33,State Senate,3,REP,DONNA J. BOLEY,26
Wood,PRECINCT 34A,State Senate,3,REP,DONNA J. BOLEY,176
Wood,PRECINCT 35,State Senate,3,REP,DONNA J. BOLEY,139
Wood,PRECINCT 36,State Senate,3,REP,DONNA J. BOLEY,77
Wood,PRECINCT 36B,State Senate,3,REP,DONNA J. BOLEY,140
Wood,PRECINCT 37,State Senate,3,REP,DONNA J. BOLEY,196
Wood,PRECINCT 37A,State Senate,3,REP,DONNA J. BOLEY,159
Wood,PRECINCT 38,State Senate,3,REP,DONNA J. BOLEY,27
Wood,PRECINCT 39,State Senate,3,REP,DONNA J. BOLEY,64
Wood,PRECINCT 40,State Senate,3,REP,DONNA J. BOLEY,61
Wood,PRECINCT 40A,State Senate,3,REP,DONNA J. BOLEY,105
Wood,PRECINCT 41,State Senate,3,REP,DONNA J. BOLEY,134
Wood,PRECINCT 42A,State Senate,3,REP,DONNA J. BOLEY,192
Wood,PRECINCT 43A,State Senate,3,REP,DONNA J. BOLEY,182
Wood,PRECINCT 45,State Senate,3,REP,DONNA J. BOLEY,134
Wood,PRECINCT 45A,State Senate,3,REP,DONNA J. BOLEY,174
Wood,PRECINCT 46,State Senate,3,REP,DONNA J. BOLEY,254
Wood,PRECINCT 46B,State Senate,3,REP,DONNA J. BOLEY,265
Wood,PRECINCT 47,State Senate,3,REP,DONNA J. BOLEY,72
Wood,PRECINCT 48,State Senate,3,REP,DONNA J. BOLEY,236
Wood,PRECINCT 49,State Senate,3,REP,DONNA J. BOLEY,111
Wood,PRECINCT 49A,State Senate,3,REP,DONNA J. BOLEY,113
Wood,PRECINCT 50,State Senate,3,REP,DONNA J. BOLEY,79
Wood,PRECINCT 51,State Senate,3,REP,DONNA J. BOLEY,219
Wood,PRECINCT 52,State Senate,3,REP,DONNA J. BOLEY,234
Wood,PRECINCT 53,State Senate,3,REP,DONNA J. BOLEY,146
Wood,PRECINCT 53A,State Senate,3,REP,DONNA J. BOLEY,126
Wood,PRECINCT 54,State Senate,3,REP,DONNA J. BOLEY,98
Wood,PRECINCT 54A,State Senate,3,REP,DONNA J. BOLEY,123
Wood,PRECINCT 56,State Senate,3,REP,DONNA J. BOLEY,79
Wood,PRECINCT 56A,State Senate,3,REP,DONNA J. BOLEY,142
Wood,PRECINCT 57,State Senate,3,REP,DONNA J. BOLEY,128
Wood,PRECINCT 57A,State Senate,3,REP,DONNA J. BOLEY,119
Wood,PRECINCT 58,State Senate,3,REP,DONNA J. BOLEY,225
Wood,PRECINCT 60,State Senate,3,REP,DONNA J. BOLEY,84
Wood,PRECINCT 61,State Senate,3,REP,DONNA J. BOLEY,96
Wood,PRECINCT 62,State Senate,3,REP,DONNA J. BOLEY,185
Wood,PRECINCT 63,State Senate,3,REP,DONNA J. BOLEY,72
Wood,PRECINCT 63A,State Senate,3,REP,DONNA J. BOLEY,129
Wood,PRECINCT 63B,State Senate,3,REP,DONNA J. BOLEY,117
Wood,PRECINCT 64,State Senate,3,REP,DONNA J. BOLEY,165
Wood,PRECINCT 67,State Senate,3,REP,DONNA J. BOLEY,246
Wood,PRECINCT 67A,State Senate,3,REP,DONNA J. BOLEY,251
Wood,PRECINCT 69,State Senate,3,REP,DONNA J. BOLEY,116
Wood,PRECINCT 71,State Senate,3,REP,DONNA J. BOLEY,40
Wood,PRECINCT 74,State Senate,3,REP,DONNA J. BOLEY,136
Wood,PRECINCT 74B,State Senate,3,REP,DONNA J. BOLEY,172
Wood,PRECINCT 74C,State Senate,3,REP,DONNA J. BOLEY,147
Wood,PRECINCT 74U,State Senate,3,REP,DONNA J. BOLEY,26
Wood,PRECINCT 75,State Senate,3,REP,DONNA J. BOLEY,96
Wood,PRECINCT 77,State Senate,3,REP,DONNA J. BOLEY,138
Wood,PRECINCT 78,State Senate,3,REP,DONNA J. BOLEY,86
Wood,PRECINCT 78A,State Senate,3,REP,DONNA J. BOLEY,214
Wood,PRECINCT 79,State Senate,3,REP,DONNA J. BOLEY,160
Wood,PRECINCT 81,State Senate,3,REP,DONNA J. BOLEY,89
Wood,PRECINCT 82,State Senate,3,REP,DONNA J. BOLEY,165
Wood,PRECINCT 85,State Senate,3,REP,DONNA J. BOLEY,136
Wood,PRECINCT 86,State Senate,3,REP,DONNA J. BOLEY,168
Wood,PRECINCT 87,State Senate,3,REP,DONNA J. BOLEY,136
Wood,PRECINCT 88,State Senate,3,REP,DONNA J. BOLEY,157
Wood,PRECINCT 89,State Senate,3,REP,DONNA J. BOLEY,204
Wood,PRECINCT 8,State Senate,3,DEM,NO CANDIDATE FILED,0
Wood,PRECINCT 10,State Senate,3,DEM,NO CANDIDATE FILED,0
Wood,PRECINCT 13,State Senate,3,DEM,NO CANDIDATE FILED,0
Wood,PRECINCT 16,State Senate,3,DEM,NO CANDIDATE FILED,0
Wood,PRECINCT 19,State Senate,3,DEM,NO CANDIDATE FILED,0
Wood,PRECINCT 27,State Senate,3,DEM,NO CANDIDATE FILED,0
Wood,PRECINCT 29,State Senate,3,DEM,NO CANDIDATE FILED,0
Wood,PRECINCT 32,State Senate,3,DEM,NO CANDIDATE FILED,0
Wood,PRECINCT 33,State Senate,3,DEM,NO CANDIDATE FILED,0
Wood,PRECINCT 34A,State Senate,3,DEM,NO CANDIDATE FILED,0
Wood,PRECINCT 35,State Senate,3,DEM,NO CANDIDATE FILED,0
Wood,PRECINCT 36,State Senate,3,DEM,NO CANDIDATE FILED,0
Wood,PRECINCT 36B,State Senate,3,DEM,NO CANDIDATE FILED,0
Wood,PRECINCT 37,State Senate,3,DEM,NO CANDIDATE FILED,0
Wood,PRECINCT 37A,State Senate,3,DEM,NO CANDIDATE FILED,0
Wood,PRECINCT 38,State Senate,3,DEM,NO CANDIDATE FILED,0
Wood,PRECINCT 39,State Senate,3,DEM,NO CANDIDATE FILED,0
Wood,PRECINCT 40,State Senate,3,DEM,NO CANDIDATE FILED,0
Wood,PRECINCT 40A,State Senate,3,DEM,NO CANDIDATE FILED,0
Wood,PRECINCT 41,State Senate,3,DEM,NO CANDIDATE FILED,0
Wood,PRECINCT 42A,State Senate,3,DEM,NO CANDIDATE FILED,0
Wood,PRECINCT 43A,State Senate,3,DEM,NO CANDIDATE FILED,0
Wood,PRECINCT 45,State Senate,3,DEM,NO CANDIDATE FILED,0
Wood,PRECINCT 45A,State Senate,3,DEM,NO CANDIDATE FILED,0
Wood,PRECINCT 46,State Senate,3,DEM,NO CANDIDATE FILED,0
Wood,PRECINCT 46B,State Senate,3,DEM,NO CANDIDATE FILED,0
Wood,PRECINCT 47,State Senate,3,DEM,NO CANDIDATE FILED,0
Wood,PRECINCT 48,State Senate,3,DEM,NO CANDIDATE FILED,0
Wood,PRECINCT 49,State Senate,3,DEM,NO CANDIDATE FILED,0
Wood,PRECINCT 49A,State Senate,3,DEM,NO CANDIDATE FILED,0
Wood,PRECINCT 50,State Senate,3,DEM,NO CANDIDATE FILED,0
Wood,PRECINCT 51,State Senate,3,DEM,NO CANDIDATE FILED,0
Wood,PRECINCT 52,State Senate,3,DEM,NO CANDIDATE FILED,0
Wood,PRECINCT 53,State Senate,3,DEM,NO CANDIDATE FILED,0
Wood,PRECINCT 53A,State Senate,3,DEM,NO CANDIDATE FILED,0
Wood,PRECINCT 54,State Senate,3,DEM,NO CANDIDATE FILED,0
Wood,PRECINCT 54A,State Senate,3,DEM,NO CANDIDATE FILED,0
Wood,PRECINCT 56,State Senate,3,DEM,NO CANDIDATE FILED,0
Wood,PRECINCT 56A,State Senate,3,DEM,NO CANDIDATE FILED,0
Wood,PRECINCT 57,State Senate,3,DEM,NO CANDIDATE FILED,0
Wood,PRECINCT 57A,State Senate,3,DEM,NO CANDIDATE FILED,0
Wood,PRECINCT 58,State Senate,3,DEM,NO CANDIDATE FILED,0
Wood,PRECINCT 60,State Senate,3,DEM,NO CANDIDATE FILED,0
Wood,PRECINCT 61,State Senate,3,DEM,NO CANDIDATE FILED,0
Wood,PRECINCT 62,State Senate,3,DEM,NO CANDIDATE FILED,0
Wood,PRECINCT 63,State Senate,3,DEM,NO CANDIDATE FILED,0
Wood,PRECINCT 63A,State Senate,3,DEM,NO CANDIDATE FILED,0
Wood,PRECINCT 63B,State Senate,3,DEM,NO CANDIDATE FILED,0
Wood,PRECINCT 64,State Senate,3,DEM,NO CANDIDATE FILED,0
Wood,PRECINCT 67,State Senate,3,DEM,NO CANDIDATE FILED,0
Wood,PRECINCT 67A,State Senate,3,DEM,NO CANDIDATE FILED,0
Wood,PRECINCT 69,State Senate,3,DEM,NO CANDIDATE FILED,0
Wood,PRECINCT 71,State Senate,3,DEM,NO CANDIDATE FILED,0
Wood,PRECINCT 74,State Senate,3,DEM,NO CANDIDATE FILED,0
Wood,PRECINCT 74B,State Senate,3,DEM,NO CANDIDATE FILED,0
Wood,PRECINCT 74C,State Senate,3,DEM,NO CANDIDATE FILED,0
Wood,PRECINCT 74U,State Senate,3,DEM,NO CANDIDATE FILED,0
Wood,PRECINCT 75,State Senate,3,DEM,NO CANDIDATE FILED,0
Wood,PRECINCT 77,State Senate,3,DEM,NO CANDIDATE FILED,0
Wood,PRECINCT 78,State Senate,3,DEM,NO CANDIDATE FILED,0
Wood,PRECINCT 78A,State Senate,3,DEM,NO CANDIDATE FILED,0
Wood,PRECINCT 79,State Senate,3,DEM,NO CANDIDATE FILED,0
Wood,PRECINCT 81,State Senate,3,DEM,NO CANDIDATE FILED,0
Wood,PRECINCT 82,State Senate,3,DEM,NO CANDIDATE FILED,0
Wood,PRECINCT 85,State Senate,3,DEM,NO CANDIDATE FILED,0
Wood,PRECINCT 86,State Senate,3,DEM,NO CANDIDATE FILED,0
Wood,PRECINCT 87,State Senate,3,DEM,NO CANDIDATE FILED,0
Wood,PRECINCT 88,State Senate,3,DEM,NO CANDIDATE FILED,0
Wood,PRECINCT 89,State Senate,3,DEM,NO CANDIDATE FILED,0
Wood,PRECINCT 8,State Senate,3,MTN,NO CANDIDATE FILED,0
Wood,PRECINCT 10,State Senate,3,MTN,NO CANDIDATE FILED,0
Wood,PRECINCT 13,State Senate,3,MTN,NO CANDIDATE FILED,0
Wood,PRECINCT 16,State Senate,3,MTN,NO CANDIDATE FILED,0
Wood,PRECINCT 19,State Senate,3,MTN,NO CANDIDATE FILED,0
Wood,PRECINCT 27,State Senate,3,MTN,NO CANDIDATE FILED,0
Wood,PRECINCT 29,State Senate,3,MTN,NO CANDIDATE FILED,0
Wood,PRECINCT 32,State Senate,3,MTN,NO CANDIDATE FILED,0
Wood,PRECINCT 33,State Senate,3,MTN,NO CANDIDATE FILED,0
Wood,PRECINCT 34A,State Senate,3,MTN,NO CANDIDATE FILED,0
Wood,PRECINCT 35,State Senate,3,MTN,NO CANDIDATE FILED,0
Wood,PRECINCT 36,State Senate,3,MTN,NO CANDIDATE FILED,0
Wood,PRECINCT 36B,State Senate,3,MTN,NO CANDIDATE FILED,0
Wood,PRECINCT 37,State Senate,3,MTN,NO CANDIDATE FILED,0
Wood,PRECINCT 37A,State Senate,3,MTN,NO CANDIDATE FILED,0
Wood,PRECINCT 38,State Senate,3,MTN,NO CANDIDATE FILED,0
Wood,PRECINCT 39,State Senate,3,MTN,NO CANDIDATE FILED,0
Wood,PRECINCT 40,State Senate,3,MTN,NO CANDIDATE FILED,0
Wood,PRECINCT 40A,State Senate,3,MTN,NO CANDIDATE FILED,0
Wood,PRECINCT 41,State Senate,3,MTN,NO CANDIDATE FILED,0
Wood,PRECINCT 42A,State Senate,3,MTN,NO CANDIDATE FILED,0
Wood,PRECINCT 43A,State Senate,3,MTN,NO CANDIDATE FILED,0
Wood,PRECINCT 45,State Senate,3,MTN,NO CANDIDATE FILED,0
Wood,PRECINCT 45A,State Senate,3,MTN,NO CANDIDATE FILED,0
Wood,PRECINCT 46,State Senate,3,MTN,NO CANDIDATE FILED,0
Wood,PRECINCT 46B,State Senate,3,MTN,NO CANDIDATE FILED,0
Wood,PRECINCT 47,State Senate,3,MTN,NO CANDIDATE FILED,0
Wood,PRECINCT 48,State Senate,3,MTN,NO CANDIDATE FILED,0
Wood,PRECINCT 49,State Senate,3,MTN,NO CANDIDATE FILED,0
Wood,PRECINCT 49A,State Senate,3,MTN,NO CANDIDATE FILED,0
Wood,PRECINCT 50,State Senate,3,MTN,NO CANDIDATE FILED,0
Wood,PRECINCT 51,State Senate,3,MTN,NO CANDIDATE FILED,0
Wood,PRECINCT 52,State Senate,3,MTN,NO CANDIDATE FILED,0
Wood,PRECINCT 53,State Senate,3,MTN,NO CANDIDATE FILED,0
Wood,PRECINCT 53A,State Senate,3,MTN,NO CANDIDATE FILED,0
Wood,PRECINCT 54,State Senate,3,MTN,NO CANDIDATE FILED,0
Wood,PRECINCT 54A,State Senate,3,MTN,NO CANDIDATE FILED,0
Wood,PRECINCT 56,State Senate,3,MTN,NO CANDIDATE FILED,0
Wood,PRECINCT 56A,State Senate,3,MTN,NO CANDIDATE FILED,0
Wood,PRECINCT 57,State Senate,3,MTN,NO CANDIDATE FILED,0
Wood,PRECINCT 57A,State Senate,3,MTN,NO CANDIDATE FILED,0
Wood,PRECINCT 58,State Senate,3,MTN,NO CANDIDATE FILED,0
Wood,PRECINCT 60,State Senate,3,MTN,NO CANDIDATE FILED,0
Wood,PRECINCT 61,State Senate,3,MTN,NO CANDIDATE FILED,0
Wood,PRECINCT 62,State Senate,3,MTN,NO CANDIDATE FILED,0
Wood,PRECINCT 63,State Senate,3,MTN,NO CANDIDATE FILED,0
Wood,PRECINCT 63A,State Senate,3,MTN,NO CANDIDATE FILED,0
Wood,PRECINCT 63B,State Senate,3,MTN,NO CANDIDATE FILED,0
Wood,PRECINCT 64,State Senate,3,MTN,NO CANDIDATE FILED,0
Wood,PRECINCT 67,State Senate,3,MTN,NO CANDIDATE FILED,0
Wood,PRECINCT 67A,State Senate,3,MTN,NO CANDIDATE FILED,0
Wood,PRECINCT 69,State Senate,3,MTN,NO CANDIDATE FILED,0
Wood,PRECINCT 71,State Senate,3,MTN,NO CANDIDATE FILED,0
Wood,PRECINCT 74,State Senate,3,MTN,NO CANDIDATE FILED,0
Wood,PRECINCT 74B,State Senate,3,MTN,NO CANDIDATE FILED,0
Wood,PRECINCT 74C,State Senate,3,MTN,NO CANDIDATE FILED,0
Wood,PRECINCT 74U,State Senate,3,MTN,NO CANDIDATE FILED,0
Wood,PRECINCT 75,State Senate,3,MTN,NO CANDIDATE FILED,0
Wood,PRECINCT 77,State Senate,3,MTN,NO CANDIDATE FILED,0
Wood,PRECINCT 78,State Senate,3,MTN,NO CANDIDATE FILED,0
Wood,PRECINCT 78A,State Senate,3,MTN,NO CANDIDATE FILED,0
Wood,PRECINCT 79,State Senate,3,MTN,NO CANDIDATE FILED,0
Wood,PRECINCT 81,State Senate,3,MTN,NO CANDIDATE FILED,0
Wood,PRECINCT 82,State Senate,3,MTN,NO CANDIDATE FILED,0
Wood,PRECINCT 85,State Senate,3,MTN,NO CANDIDATE FILED,0
Wood,PRECINCT 86,State Senate,3,MTN,NO CANDIDATE FILED,0
Wood,PRECINCT 87,State Senate,3,MTN,NO CANDIDATE FILED,0
Wood,PRECINCT 88,State Senate,3,MTN,NO CANDIDATE FILED,0
Wood,PRECINCT 89,State Senate,3,MTN,NO CANDIDATE FILED,0
Wood,PRECINCT 40A,State House,10,REP,BILL ANDERSON,104
Wood,PRECINCT 46B,State House,10,REP,BILL ANDERSON,1
Wood,PRECINCT 48,State House,10,REP,BILL ANDERSON,257
Wood,PRECINCT 49,State House,10,REP,BILL ANDERSON,116
Wood,PRECINCT 49A,State House,10,REP,BILL ANDERSON,115
Wood,PRECINCT 50,State House,10,REP,BILL ANDERSON,80
Wood,PRECINCT 51,State House,10,REP,BILL ANDERSON,228
Wood,PRECINCT 52,State House,10,REP,BILL ANDERSON,239
Wood,PRECINCT 53,State House,10,REP,BILL ANDERSON,152
Wood,PRECINCT 53A,State House,10,REP,BILL ANDERSON,125
Wood,PRECINCT 54,State House,10,REP,BILL ANDERSON,103
Wood,PRECINCT 54A,State House,10,REP,BILL ANDERSON,126
Wood,PRECINCT 56,State House,10,REP,BILL ANDERSON,82
Wood,PRECINCT 56A,State House,10,REP,BILL ANDERSON,140
Wood,PRECINCT 57A,State House,10,REP,BILL ANDERSON,123
Wood,PRECINCT 60,State House,10,REP,BILL ANDERSON,83
Wood,PRECINCT 61,State House,10,REP,BILL ANDERSON,106
Wood,PRECINCT 40A,State House,10,DEM,NO CANDIDATE FILED,0
Wood,PRECINCT 46B,State House,10,DEM,NO CANDIDATE FILED,0
Wood,PRECINCT 48,State House,10,DEM,NO CANDIDATE FILED,0
Wood,PRECINCT 49,State House,10,DEM,NO CANDIDATE FILED,0
Wood,PRECINCT 49A,State House,10,DEM,NO CANDIDATE FILED,0
Wood,PRECINCT 50,State House,10,DEM,NO CANDIDATE FILED,0
Wood,PRECINCT 51,State House,10,DEM,NO CANDIDATE FILED,0
Wood,PRECINCT 52,State House,10,DEM,NO CANDIDATE FILED,0
Wood,PRECINCT 53,State House,10,DEM,NO CANDIDATE FILED,0
Wood,PRECINCT 53A,State House,10,DEM,NO CANDIDATE FILED,0
Wood,PRECINCT 54,State House,10,DEM,NO CANDIDATE FILED,0
Wood,PRECINCT 54A,State House,10,DEM,NO CANDIDATE FILED,0
Wood,PRECINCT 56,State House,10,DEM,NO CANDIDATE FILED,0
Wood,PRECINCT 56A,State House,10,DEM,NO CANDIDATE FILED,0
Wood,PRECINCT 57A,State House,10,DEM,NO CANDIDATE FILED,0
Wood,PRECINCT 60,State House,10,DEM,NO CANDIDATE FILED,0
Wood,PRECINCT 61,State House,10,DEM,NO CANDIDATE FILED,0
Wood,PRECINCT 40A,State House,10,MTN,NO CANDIDATE FILED,0
Wood,PRECINCT 46B,State House,10,MTN,NO CANDIDATE FILED,0
Wood,PRECINCT 48,State House,10,MTN,NO CANDIDATE FILED,0
Wood,PRECINCT 49,State House,10,MTN,NO CANDIDATE FILED,0
Wood,PRECINCT 49A,State House,10,MTN,NO CANDIDATE FILED,0
Wood,PRECINCT 50,State House,10,MTN,NO CANDIDATE FILED,0
Wood,PRECINCT 51,State House,10,MTN,NO CANDIDATE FILED,0
Wood,PRECINCT 52,State House,10,MTN,NO CANDIDATE FILED,0
Wood,PRECINCT 53,State House,10,MTN,NO CANDIDATE FILED,0
Wood,PRECINCT 53A,State House,10,MTN,NO CANDIDATE FILED,0
Wood,PRECINCT 54,State House,10,MTN,NO CANDIDATE FILED,0
Wood,PRECINCT 54A,State House,10,MTN,NO CANDIDATE FILED,0
Wood,PRECINCT 56,State House,10,MTN,NO CANDIDATE FILED,0
Wood,PRECINCT 56A,State House,10,MTN,NO CANDIDATE FILED,0
Wood,PRECINCT 57A,State House,10,MTN,NO CANDIDATE FILED,0
Wood,PRECINCT 60,State House,10,MTN,NO CANDIDATE FILED,0
Wood,PRECINCT 61,State House,10,MTN,NO CANDIDATE FILED,0
Wood,PRECINCT 33,State House,11,REP,BOB FEHRENBACHER,23
Wood,PRECINCT 34A,State House,11,REP,BOB FEHRENBACHER,186
Wood,PRECINCT 35,State House,11,REP,BOB FEHRENBACHER,138
Wood,PRECINCT 36B,State House,11,REP,BOB FEHRENBACHER,151
Wood,PRECINCT 39,State House,11,REP,BOB FEHRENBACHER,62
Wood,PRECINCT 41,State House,11,REP,BOB FEHRENBACHER,138
Wood,PRECINCT 42A,State House,11,REP,BOB FEHRENBACHER,188
Wood,PRECINCT 43A,State House,11,REP,BOB FEHRENBACHER,189
Wood,PRECINCT 45,State House,11,REP,BOB FEHRENBACHER,141
Wood,PRECINCT 45A,State House,11,REP,BOB FEHRENBACHER,182
Wood,PRECINCT 46,State House,11,REP,BOB FEHRENBACHER,283
Wood,PRECINCT 46B,State House,11,REP,BOB FEHRENBACHER,277
Wood,PRECINCT 47,State House,11,REP,BOB FEHRENBACHER,76
Wood,PRECINCT 33,State House,11,DEM,NO CANDIDATE FILED,0
Wood,PRECINCT 34A,State House,11,DEM,NO CANDIDATE FILED,0
Wood,PRECINCT 35,State House,11,DEM,NO CANDIDATE FILED,0
Wood,PRECINCT 36B,State House,11,DEM,NO CANDIDATE FILED,0
Wood,PRECINCT 39,State House,11,DEM,NO CANDIDATE FILED,0
Wood,PRECINCT 41,State House,11,DEM,NO CANDIDATE FILED,0
Wood,PRECINCT 42A,State House,11,DEM,NO CANDIDATE FILED,0
Wood,PRECINCT 43A,State House,11,DEM,NO CANDIDATE FILED,0
Wood,PRECINCT 45,State House,11,DEM,NO CANDIDATE FILED,0
Wood,PRECINCT 45A,State House,11,DEM,NO CANDIDATE FILED,0
Wood,PRECINCT 46,State House,11,DEM,NO CANDIDATE FILED,0
Wood,PRECINCT 46B,State House,11,DEM,NO CANDIDATE FILED,0
Wood,PRECINCT 47,State House,11,DEM,NO CANDIDATE FILED,0
Wood,PRECINCT 33,State House,11,MTN,NO CANDIDATE FILED,0
Wood,PRECINCT 34A,State House,11,MTN,NO CANDIDATE FILED,0
Wood,PRECINCT 35,State House,11,MTN,NO CANDIDATE FILED,0
Wood,PRECINCT 36B,State House,11,MTN,NO CANDIDATE FILED,0
Wood,PRECINCT 39,State House,11,MTN,NO CANDIDATE FILED,0
Wood,PRECINCT 41,State House,11,MTN,NO CANDIDATE FILED,0
Wood,PRECINCT 42A,State House,11,MTN,NO CANDIDATE FILED,0
Wood,PRECINCT 43A,State House,11,MTN,NO CANDIDATE FILED,0
Wood,PRECINCT 45,State House,11,MTN,NO CANDIDATE FILED,0
Wood,PRECINCT 45A,State House,11,MTN,NO CANDIDATE FILED,0
Wood,PRECINCT 46,State House,11,MTN,NO CANDIDATE FILED,0
Wood,PRECINCT 46B,State House,11,MTN,NO CANDIDATE FILED,0
Wood,PRECINCT 47,State House,11,MTN,NO CANDIDATE FILED,0
Wood,PRECINCT 8,State House,12,REP,VERNON CRISS,67
Wood,PRECINCT 10,State House,12,REP,VERNON CRISS,62
Wood,PRECINCT 13,State House,12,REP,VERNON CRISS,41
Wood,PRECINCT 16,State House,12,REP,VERNON CRISS,46
Wood,PRECINCT 19,State House,12,REP,VERNON CRISS,193
Wood,PRECINCT 27,State House,12,REP,VERNON CRISS,57
Wood,PRECINCT 29,State House,12,REP,VERNON CRISS,143
Wood,PRECINCT 32,State House,12,REP,VERNON CRISS,108
Wood,PRECINCT 36,State House,12,REP,VERNON CRISS,85
Wood,PRECINCT 37,State House,12,REP,VERNON CRISS,209
Wood,PRECINCT 37A,State House,12,REP,VERNON CRISS,174
Wood,PRECINCT 38,State House,12,REP,VERNON CRISS,29
Wood,PRECINCT 40,State House,12,REP,VERNON CRISS,64
Wood,PRECINCT 57,State House,12,REP,VERNON CRISS,129
Wood,PRECINCT 8,State House,12,DEM,NO CANDIDATE FILED,0
Wood,PRECINCT 10,State House,12,DEM,NO CANDIDATE FILED,0
Wood,PRECINCT 13,State House,12,DEM,NO CANDIDATE FILED,0
Wood,PRECINCT 16,State House,12,DEM,NO CANDIDATE FILED,0
Wood,PRECINCT 19,State House,12,DEM,NO CANDIDATE FILED,0
Wood,PRECINCT 27,State House,12,DEM,NO CANDIDATE FILED,0
Wood,PRECINCT 29,State House,12,DEM,NO CANDIDATE FILED,0
Wood,PRECINCT 32,State House,12,DEM,NO CANDIDATE FILED,0
Wood,PRECINCT 36,State House,12,DEM,NO CANDIDATE FILED,0
Wood,PRECINCT 37,State House,12,DEM,NO CANDIDATE FILED,0
Wood,PRECINCT 37A,State House,12,DEM,NO CANDIDATE FILED,0
Wood,PRECINCT 38,State House,12,DEM,NO CANDIDATE FILED,0
Wood,PRECINCT 40,State House,12,DEM,NO CANDIDATE FILED,0
Wood,PRECINCT 57,State House,12,DEM,NO CANDIDATE FILED,0
Wood,PRECINCT 8,State House,12,MTN,NO CANDIDATE FILED,0
Wood,PRECINCT 10,State House,12,MTN,NO CANDIDATE FILED,0
Wood,PRECINCT 13,State House,12,MTN,NO CANDIDATE FILED,0
Wood,PRECINCT 16,State House,12,MTN,NO CANDIDATE FILED,0
Wood,PRECINCT 19,State House,12,MTN,NO CANDIDATE FILED,0
Wood,PRECINCT 27,State House,12,MTN,NO CANDIDATE FILED,0
Wood,PRECINCT 29,State House,12,MTN,NO CANDIDATE FILED,0
Wood,PRECINCT 32,State House,12,MTN,NO CANDIDATE FILED,0
Wood,PRECINCT 36,State House,12,MTN,NO CANDIDATE FILED,0
Wood,PRECINCT 37,State House,12,MTN,NO CANDIDATE FILED,0
Wood,PRECINCT 37A,State House,12,MTN,NO CANDIDATE FILED,0
Wood,PRECINCT 38,State House,12,MTN,NO CANDIDATE FILED,0
Wood,PRECINCT 40,State House,12,MTN,NO CANDIDATE FILED,0
Wood,PRECINCT 57,State House,12,MTN,NO CANDIDATE FILED,0
Wood,PRECINCT 62,State House,13,REP,SCOT  HECKERT,197
Wood,PRECINCT 63A,State House,13,REP,SCOT  HECKERT,133
Wood,PRECINCT 63B,State House,13,REP,SCOT  HECKERT,110
Wood,PRECINCT 64,State House,13,REP,SCOT  HECKERT,180
Wood,PRECINCT 67A,State House,13,REP,SCOT  HECKERT,265
Wood,PRECINCT 69,State House,13,REP,SCOT  HECKERT,119
Wood,PRECINCT 71,State House,13,REP,SCOT  HECKERT,40
Wood,PRECINCT 74,State House,13,REP,SCOT  HECKERT,133
Wood,PRECINCT 74B,State House,13,REP,SCOT  HECKERT,177
Wood,PRECINCT 74C,State House,13,REP,SCOT  HECKERT,142
Wood,PRECINCT 74U,State House,13,REP,SCOT  HECKERT,31
Wood,PRECINCT 75,State House,13,REP,SCOT  HECKERT,92
Wood,PRECINCT 77,State House,13,REP,SCOT  HECKERT,140
Wood,PRECINCT 62,State House,13,DEM,NO CANDIDATE FILED,0
Wood,PRECINCT 63A,State House,13,DEM,NO CANDIDATE FILED,0
Wood,PRECINCT 63B,State House,13,DEM,NO CANDIDATE FILED,0
Wood,PRECINCT 64,State House,13,DEM,NO CANDIDATE FILED,0
Wood,PRECINCT 67A,State House,13,DEM,NO CANDIDATE FILED,0
Wood,PRECINCT 69,State House,13,DEM,NO CANDIDATE FILED,0
Wood,PRECINCT 71,State House,13,DEM,NO CANDIDATE FILED,0
Wood,PRECINCT 74,State House,13,DEM,NO CANDIDATE FILED,0
Wood,PRECINCT 74B,State House,13,DEM,NO CANDIDATE FILED,0
Wood,PRECINCT 74C,State House,13,DEM,NO CANDIDATE FILED,0
Wood,PRECINCT 74U,State House,13,DEM,NO CANDIDATE FILED,0
Wood,PRECINCT 75,State House,13,DEM,NO CANDIDATE FILED,0
Wood,PRECINCT 77,State House,13,DEM,NO CANDIDATE FILED,0
Wood,PRECINCT 62,State House,13,MTN,NO CANDIDATE FILED,0
Wood,PRECINCT 63A,State House,13,MTN,NO CANDIDATE FILED,0
Wood,PRECINCT 63B,State House,13,MTN,NO CANDIDATE FILED,0
Wood,PRECINCT 64,State House,13,MTN,NO CANDIDATE FILED,0
Wood,PRECINCT 67A,State House,13,MTN,NO CANDIDATE FILED,0
Wood,PRECINCT 69,State House,13,MTN,NO CANDIDATE FILED,0
Wood,PRECINCT 71,State House,13,MTN,NO CANDIDATE FILED,0
Wood,PRECINCT 74,State House,13,MTN,NO CANDIDATE FILED,0
Wood,PRECINCT 74B,State House,13,MTN,NO CANDIDATE FILED,0
Wood,PRECINCT 74C,State House,13,MTN,NO CANDIDATE FILED,0
Wood,PRECINCT 74U,State House,13,MTN,NO CANDIDATE FILED,0
Wood,PRECINCT 75,State House,13,MTN,NO CANDIDATE FILED,0
Wood,PRECINCT 77,State House,13,MTN,NO CANDIDATE FILED,0
Wood,PRECINCT 58,State House,14,REP,DAVE FOGGIN,223
Wood,PRECINCT 63,State House,14,REP,DAVE FOGGIN,74
Wood,PRECINCT 67,State House,14,REP,DAVE FOGGIN,264
Wood,PRECINCT 78,State House,14,REP,DAVE FOGGIN,94
Wood,PRECINCT 78A,State House,14,REP,DAVE FOGGIN,230
Wood,PRECINCT 79,State House,14,REP,DAVE FOGGIN,179
Wood,PRECINCT 81,State House,14,REP,DAVE FOGGIN,112
Wood,PRECINCT 82,State House,14,REP,DAVE FOGGIN,209
Wood,PRECINCT 85,State House,14,REP,DAVE FOGGIN,159
Wood,PRECINCT 86,State House,14,REP,DAVE FOGGIN,178
Wood,PRECINCT 87,State House,14,REP,DAVE FOGGIN,137
Wood,PRECINCT 88,State House,14,REP,DAVE FOGGIN,161
Wood,PRECINCT 89,State House,14,REP,DAVE FOGGIN,205
Wood,PRECINCT 58,State House,14,DEM,JIM  MARION,70
Wood,PRECINCT 63,State House,14,DEM,JIM  MARION,19
Wood,PRECINCT 67,State House,14,DEM,JIM  MARION,81
Wood,PRECINCT 78,State House,14,DEM,JIM  MARION,30
Wood,PRECINCT 78A,State House,14,DEM,JIM  MARION,46
Wood,PRECINCT 79,State House,14,DEM,JIM  MARION,44
Wood,PRECINCT 81,State House,14,DEM,JIM  MARION,15
Wood,PRECINCT 82,State House,14,DEM,JIM  MARION,30
Wood,PRECINCT 85,State House,14,DEM,JIM  MARION,35
Wood,PRECINCT 86,State House,14,DEM,JIM  MARION,49
Wood,PRECINCT 87,State House,14,DEM,JIM  MARION,24
Wood,PRECINCT 88,State House,14,DEM,JIM  MARION,42
Wood,PRECINCT 89,State House,14,DEM,JIM  MARION,59
Wood,PRECINCT 58,State House,14,MTN,NO CANDIDATE FILED,0
Wood,PRECINCT 63,State House,14,MTN,NO CANDIDATE FILED,0
Wood,PRECINCT 67,State House,14,MTN,NO CANDIDATE FILED,0
Wood,PRECINCT 78,State House,14,MTN,NO CANDIDATE FILED,0
Wood,PRECINCT 78A,State House,14,MTN,NO CANDIDATE FILED,0
Wood,PRECINCT 79,State House,14,MTN,NO CANDIDATE FILED,0
Wood,PRECINCT 81,State House,14,MTN,NO CANDIDATE FILED,0
Wood,PRECINCT 82,State House,14,MTN,NO CANDIDATE FILED,0
Wood,PRECINCT 85,State House,14,MTN,NO CANDIDATE FILED,0
Wood,PRECINCT 86,State House,14,MTN,NO CANDIDATE FILED,0
Wood,PRECINCT 87,State House,14,MTN,NO CANDIDATE FILED,0
Wood,PRECINCT 88,State House,14,MTN,NO CANDIDATE FILED,0
Wood,PRECINCT 89,State House,14,MTN,NO CANDIDATE FILED,0
Wood,PRECINCT 8,Supreme Court of Appeals,,,HALEY BUNN,86
Wood,PRECINCT 10,Supreme Court of Appeals,,,HALEY BUNN,91
Wood,PRECINCT 13,Supreme Court of Appeals,,,HALEY BUNN,73
Wood,PRECINCT 16,Supreme Court of Appeals,,,HALEY BUNN,92
Wood,PRECINCT 19,Supreme Court of Appeals,,,HALEY BUNN,241
Wood,PRECINCT 27,Supreme Court of Appeals,,,HALEY BUNN,75
Wood,PRECINCT 29,Supreme Court of Appeals,,,HALEY BUNN,202
Wood,PRECINCT 32,Supreme Court of Appeals,,,HALEY BUNN,166
Wood,PRECINCT 33,Supreme Court of Appeals,,,HALEY BUNN,41
Wood,PRECINCT 34A,Supreme Court of Appeals,,,HALEY BUNN,248
Wood,PRECINCT 35,Supreme Court of Appeals,,,HALEY BUNN,185
Wood,PRECINCT 36,Supreme Court of Appeals,,,HALEY BUNN,112
Wood,PRECINCT 36B,Supreme Court of Appeals,,,HALEY BUNN,193
Wood,PRECINCT 37,Supreme Court of Appeals,,,HALEY BUNN,215
Wood,PRECINCT 37A,Supreme Court of Appeals,,,HALEY BUNN,235
Wood,PRECINCT 38,Supreme Court of Appeals,,,HALEY BUNN,33
Wood,PRECINCT 39,Supreme Court of Appeals,,,HALEY BUNN,86
Wood,PRECINCT 40,Supreme Court of Appeals,,,HALEY BUNN,79
Wood,PRECINCT 40A,Supreme Court of Appeals,,,HALEY BUNN,135
Wood,PRECINCT 41,Supreme Court of Appeals,,,HALEY BUNN,173
Wood,PRECINCT 42A,Supreme Court of Appeals,,,HALEY BUNN,248
Wood,PRECINCT 43A,Supreme Court of Appeals,,,HALEY BUNN,229
Wood,PRECINCT 45,Supreme Court of Appeals,,,HALEY BUNN,187
Wood,PRECINCT 45A,Supreme Court of Appeals,,,HALEY BUNN,231
Wood,PRECINCT 46,Supreme Court of Appeals,,,HALEY BUNN,289
Wood,PRECINCT 46B,Supreme Court of Appeals,,,HALEY BUNN,301
Wood,PRECINCT 47,Supreme Court of Appeals,,,HALEY BUNN,77
Wood,PRECINCT 48,Supreme Court of Appeals,,,HALEY BUNN,293
Wood,PRECINCT 49,Supreme Court of Appeals,,,HALEY BUNN,148
Wood,PRECINCT 49A,Supreme Court of Appeals,,,HALEY BUNN,153
Wood,PRECINCT 50,Supreme Court of Appeals,,,HALEY BUNN,99
Wood,PRECINCT 51,Supreme Court of Appeals,,,HALEY BUNN,282
Wood,PRECINCT 52,Supreme Court of Appeals,,,HALEY BUNN,312
Wood,PRECINCT 53,Supreme Court of Appeals,,,HALEY BUNN,154
Wood,PRECINCT 53A,Supreme Court of Appeals,,,HALEY BUNN,153
Wood,PRECINCT 54,Supreme Court of Appeals,,,HALEY BUNN,122
Wood,PRECINCT 54A,Supreme Court of Appeals,,,HALEY BUNN,138
Wood,PRECINCT 56,Supreme Court of Appeals,,,HALEY BUNN,102
Wood,PRECINCT 56A,Supreme Court of Appeals,,,HALEY BUNN,164
Wood,PRECINCT 57,Supreme Court of Appeals,,,HALEY BUNN,142
Wood,PRECINCT 57A,Supreme Court of Appeals,,,HALEY BUNN,133
Wood,PRECINCT 58,Supreme Court of Appeals,,,HALEY BUNN,264
Wood,PRECINCT 60,Supreme Court of Appeals,,,HALEY BUNN,106
Wood,PRECINCT 61,Supreme Court of Appeals,,,HALEY BUNN,114
Wood,PRECINCT 62,Supreme Court of Appeals,,,HALEY BUNN,239
Wood,PRECINCT 63,Supreme Court of Appeals,,,HALEY BUNN,82
Wood,PRECINCT 63A,Supreme Court of Appeals,,,HALEY BUNN,160
Wood,PRECINCT 63B,Supreme Court of Appeals,,,HALEY BUNN,134
Wood,PRECINCT 64,Supreme Court of Appeals,,,HALEY BUNN,185
Wood,PRECINCT 67,Supreme Court of Appeals,,,HALEY BUNN,293
Wood,PRECINCT 67A,Supreme Court of Appeals,,,HALEY BUNN,295
Wood,PRECINCT 69,Supreme Court of Appeals,,,HALEY BUNN,130
Wood,PRECINCT 71,Supreme Court of Appeals,,,HALEY BUNN,61
Wood,PRECINCT 74,Supreme Court of Appeals,,,HALEY BUNN,170
Wood,PRECINCT 74B,Supreme Court of Appeals,,,HALEY BUNN,196
Wood,PRECINCT 74C,Supreme Court of Appeals,,,HALEY BUNN,184
Wood,PRECINCT 74U,Supreme Court of Appeals,,,HALEY BUNN,39
Wood,PRECINCT 75,Supreme Court of Appeals,,,HALEY BUNN,132
Wood,PRECINCT 77,Supreme Court of Appeals,,,HALEY BUNN,190
Wood,PRECINCT 78,Supreme Court of Appeals,,,HALEY BUNN,106
Wood,PRECINCT 78A,Supreme Court of Appeals,,,HALEY BUNN,234
Wood,PRECINCT 79,Supreme Court of Appeals,,,HALEY BUNN,193
Wood,PRECINCT 81,Supreme Court of Appeals,,,HALEY BUNN,95
Wood,PRECINCT 82,Supreme Court of Appeals,,,HALEY BUNN,164
Wood,PRECINCT 85,Supreme Court of Appeals,,,HALEY BUNN,159
Wood,PRECINCT 86,Supreme Court of Appeals,,,HALEY BUNN,202
Wood,PRECINCT 87,Supreme Court of Appeals,,,HALEY BUNN,137
Wood,PRECINCT 88,Supreme Court of Appeals,,,HALEY BUNN,180
Wood,PRECINCT 89,Supreme Court of Appeals,,,HALEY BUNN,233
Wood,PRECINCT 8,Supreme Court of Appeals,,,CHARLES S TRUMP IV,80
Wood,PRECINCT 10,Supreme Court of Appeals,,,CHARLES S TRUMP IV,86
Wood,PRECINCT 13,Supreme Court of Appeals,,,CHARLES S TRUMP IV,62
Wood,PRECINCT 16,Supreme Court of Appeals,,,CHARLES S TRUMP IV,78
Wood,PRECINCT 19,Supreme Court of Appeals,,,CHARLES S TRUMP IV,221
Wood,PRECINCT 27,Supreme Court of Appeals,,,CHARLES S TRUMP IV,62
Wood,PRECINCT 29,Supreme Court of Appeals,,,CHARLES S TRUMP IV,175
Wood,PRECINCT 32,Supreme Court of Appeals,,,CHARLES S TRUMP IV,143
Wood,PRECINCT 33,Supreme Court of Appeals,,,CHARLES S TRUMP IV,40
Wood,PRECINCT 34A,Supreme Court of Appeals,,,CHARLES S TRUMP IV,217
Wood,PRECINCT 35,Supreme Court of Appeals,,,CHARLES S TRUMP IV,149
Wood,PRECINCT 36,Supreme Court of Appeals,,,CHARLES S TRUMP IV,95
Wood,PRECINCT 36B,Supreme Court of Appeals,,,CHARLES S TRUMP IV,180
Wood,PRECINCT 37,Supreme Court of Appeals,,,CHARLES S TRUMP IV,196
Wood,PRECINCT 37A,Supreme Court of Appeals,,,CHARLES S TRUMP IV,208
Wood,PRECINCT 38,Supreme Court of Appeals,,,CHARLES S TRUMP IV,29
Wood,PRECINCT 39,Supreme Court of Appeals,,,CHARLES S TRUMP IV,71
Wood,PRECINCT 40,Supreme Court of Appeals,,,CHARLES S TRUMP IV,72
Wood,PRECINCT 40A,Supreme Court of Appeals,,,CHARLES S TRUMP IV,128
Wood,PRECINCT 41,Supreme Court of Appeals,,,CHARLES S TRUMP IV,162
Wood,PRECINCT 42A,Supreme Court of Appeals,,,CHARLES S TRUMP IV,215
Wood,PRECINCT 43A,Supreme Court of Appeals,,,CHARLES S TRUMP IV,202
Wood,PRECINCT 45,Supreme Court of Appeals,,,CHARLES S TRUMP IV,169
Wood,PRECINCT 45A,Supreme Court of Appeals,,,CHARLES S TRUMP IV,216
Wood,PRECINCT 46,Supreme Court of Appeals,,,CHARLES S TRUMP IV,260
Wood,PRECINCT 46B,Supreme Court of Appeals,,,CHARLES S TRUMP IV,281
Wood,PRECINCT 47,Supreme Court of Appeals,,,CHARLES S TRUMP IV,72
Wood,PRECINCT 48,Supreme Court of Appeals,,,CHARLES S TRUMP IV,279
Wood,PRECINCT 49,Supreme Court of Appeals,,,CHARLES S TRUMP IV,132
Wood,PRECINCT 49A,Supreme Court of Appeals,,,CHARLES S TRUMP IV,130
Wood,PRECINCT 50,Supreme Court of Appeals,,,CHARLES S TRUMP IV,94
Wood,PRECINCT 51,Supreme Court of Appeals,,,CHARLES S TRUMP IV,257
Wood,PRECINCT 52,Supreme Court of Appeals,,,CHARLES S TRUMP IV,271
Wood,PRECINCT 53,Supreme Court of Appeals,,,CHARLES S TRUMP IV,154
Wood,PRECINCT 53A,Supreme Court of Appeals,,,CHARLES S TRUMP IV,146
Wood,PRECINCT 54,Supreme Court of Appeals,,,CHARLES S TRUMP IV,114
Wood,PRECINCT 54A,Supreme Court of Appeals,,,CHARLES S TRUMP IV,129
Wood,PRECINCT 56,Supreme Court of Appeals,,,CHARLES S TRUMP IV,97
Wood,PRECINCT 56A,Supreme Court of Appeals,,,CHARLES S TRUMP IV,152
Wood,PRECINCT 57,Supreme Court of Appeals,,,CHARLES S TRUMP IV,132
Wood,PRECINCT 57A,Supreme Court of Appeals,,,CHARLES S TRUMP IV,123
Wood,PRECINCT 58,Supreme Court of Appeals,,,CHARLES S TRUMP IV,248
Wood,PRECINCT 60,Supreme Court of Appeals,,,CHARLES S TRUMP IV,97
Wood,PRECINCT 61,Supreme Court of Appeals,,,CHARLES S TRUMP IV,112
Wood,PRECINCT 62,Supreme Court of Appeals,,,CHARLES S TRUMP IV,214
Wood,PRECINCT 63,Supreme Court of Appeals,,,CHARLES S TRUMP IV,76
Wood,PRECINCT 63A,Supreme Court of Appeals,,,CHARLES S TRUMP IV,148
Wood,PRECINCT 63B,Supreme Court of Appeals,,,CHARLES S TRUMP IV,128
Wood,PRECINCT 64,Supreme Court of Appeals,,,CHARLES S TRUMP IV,172
Wood,PRECINCT 67,Supreme Court of Appeals,,,CHARLES S TRUMP IV,284
Wood,PRECINCT 67A,Supreme Court of Appeals,,,CHARLES S TRUMP IV,274
Wood,PRECINCT 69,Supreme Court of Appeals,,,CHARLES S TRUMP IV,133
Wood,PRECINCT 71,Supreme Court of Appeals,,,CHARLES S TRUMP IV,55
Wood,PRECINCT 74,Supreme Court of Appeals,,,CHARLES S TRUMP IV,152
Wood,PRECINCT 74B,Supreme Court of Appeals,,,CHARLES S TRUMP IV,180
Wood,PRECINCT 74C,Supreme Court of Appeals,,,CHARLES S TRUMP IV,152
Wood,PRECINCT 74U,Supreme Court of Appeals,,,CHARLES S TRUMP IV,36
Wood,PRECINCT 75,Supreme Court of Appeals,,,CHARLES S TRUMP IV,114
Wood,PRECINCT 77,Supreme Court of Appeals,,,CHARLES S TRUMP IV,178
Wood,PRECINCT 78,Supreme Court of Appeals,,,CHARLES S TRUMP IV,102
Wood,PRECINCT 78A,Supreme Court of Appeals,,,CHARLES S TRUMP IV,213
Wood,PRECINCT 79,Supreme Court of Appeals,,,CHARLES S TRUMP IV,181
Wood,PRECINCT 81,Supreme Court of Appeals,,,CHARLES S TRUMP IV,97
Wood,PRECINCT 82,Supreme Court of Appeals,,,CHARLES S TRUMP IV,163
Wood,PRECINCT 85,Supreme Court of Appeals,,,CHARLES S TRUMP IV,153
Wood,PRECINCT 86,Supreme Court of Appeals,,,CHARLES S TRUMP IV,193
Wood,PRECINCT 87,Supreme Court of Appeals,,,CHARLES S TRUMP IV,134
Wood,PRECINCT 88,Supreme Court of Appeals,,,CHARLES S TRUMP IV,176
Wood,PRECINCT 89,Supreme Court of Appeals,,,CHARLES S TRUMP IV,211
Wood,PRECINCT 8,Supreme Court of Appeals,,,S. RYAN  WHITE,54
Wood,PRECINCT 10,Supreme Court of Appeals,,,S. RYAN  WHITE,57
Wood,PRECINCT 13,Supreme Court of Appeals,,,S. RYAN  WHITE,39
Wood,PRECINCT 16,Supreme Court of Appeals,,,S. RYAN  WHITE,55
Wood,PRECINCT 19,Supreme Court of Appeals,,,S. RYAN  WHITE,172
Wood,PRECINCT 27,Supreme Court of Appeals,,,S. RYAN  WHITE,54
Wood,PRECINCT 29,Supreme Court of Appeals,,,S. RYAN  WHITE,125
Wood,PRECINCT 32,Supreme Court of Appeals,,,S. RYAN  WHITE,106
Wood,PRECINCT 33,Supreme Court of Appeals,,,S. RYAN  WHITE,28
Wood,PRECINCT 34A,Supreme Court of Appeals,,,S. RYAN  WHITE,168
Wood,PRECINCT 35,Supreme Court of Appeals,,,S. RYAN  WHITE,117
Wood,PRECINCT 36,Supreme Court of Appeals,,,S. RYAN  WHITE,85
Wood,PRECINCT 36B,Supreme Court of Appeals,,,S. RYAN  WHITE,147
Wood,PRECINCT 37,Supreme Court of Appeals,,,S. RYAN  WHITE,183
Wood,PRECINCT 37A,Supreme Court of Appeals,,,S. RYAN  WHITE,177
Wood,PRECINCT 38,Supreme Court of Appeals,,,S. RYAN  WHITE,25
Wood,PRECINCT 39,Supreme Court of Appeals,,,S. RYAN  WHITE,59
Wood,PRECINCT 40,Supreme Court of Appeals,,,S. RYAN  WHITE,59
Wood,PRECINCT 40A,Supreme Court of Appeals,,,S. RYAN  WHITE,87
Wood,PRECINCT 41,Supreme Court of Appeals,,,S. RYAN  WHITE,126
Wood,PRECINCT 42A,Supreme Court of Appeals,,,S. RYAN  WHITE,185
Wood,PRECINCT 43A,Supreme Court of Appeals,,,S. RYAN  WHITE,172
Wood,PRECINCT 45,Supreme Court of Appeals,,,S. RYAN  WHITE,140
Wood,PRECINCT 45A,Supreme Court of Appeals,,,S. RYAN  WHITE,170
Wood,PRECINCT 46,Supreme Court of Appeals,,,S. RYAN  WHITE,193
Wood,PRECINCT 46B,Supreme Court of Appeals,,,S. RYAN  WHITE,195
Wood,PRECINCT 47,Supreme Court of Appeals,,,S. RYAN  WHITE,59
Wood,PRECINCT 48,Supreme Court of Appeals,,,S. RYAN  WHITE,210
Wood,PRECINCT 49,Supreme Court of Appeals,,,S. RYAN  WHITE,112
Wood,PRECINCT 49A,Supreme Court of Appeals,,,S. RYAN  WHITE,81
Wood,PRECINCT 50,Supreme Court of Appeals,,,S. RYAN  WHITE,60
Wood,PRECINCT 51,Supreme Court of Appeals,,,S. RYAN  WHITE,190
Wood,PRECINCT 52,Supreme Court of Appeals,,,S. RYAN  WHITE,202
Wood,PRECINCT 53,Supreme Court of Appeals,,,S. RYAN  WHITE,108
Wood,PRECINCT 53A,Supreme Court of Appeals,,,S. RYAN  WHITE,101
Wood,PRECINCT 54,Supreme Court of Appeals,,,S. RYAN  WHITE,94
Wood,PRECINCT 54A,Supreme Court of Appeals,,,S. RYAN  WHITE,108
Wood,PRECINCT 56,Supreme Court of Appeals,,,S. RYAN  WHITE,64
Wood,PRECINCT 56A,Supreme Court of Appeals,,,S. RYAN  WHITE,121
Wood,PRECINCT 57,Supreme Court of Appeals,,,S. RYAN  WHITE,95
Wood,PRECINCT 57A,Supreme Court of Appeals,,,S. RYAN  WHITE,86
Wood,PRECINCT 58,Supreme Court of Appeals,,,S. RYAN  WHITE,176
Wood,PRECINCT 60,Supreme Court of Appeals,,,S. RYAN  WHITE,56
Wood,PRECINCT 61,Supreme Court of Appeals,,,S. RYAN  WHITE,92
Wood,PRECINCT 62,Supreme Court of Appeals,,,S. RYAN  WHITE,165
Wood,PRECINCT 63,Supreme Court of Appeals,,,S. RYAN  WHITE,54
Wood,PRECINCT 63A,Supreme Court of Appeals,,,S. RYAN  WHITE,124
Wood,PRECINCT 63B,Supreme Court of Appeals,,,S. RYAN  WHITE,96
Wood,PRECINCT 64,Supreme Court of Appeals,,,S. RYAN  WHITE,119
Wood,PRECINCT 67,Supreme Court of Appeals,,,S. RYAN  WHITE,222
Wood,PRECINCT 67A,Supreme Court of Appeals,,,S. RYAN  WHITE,210
Wood,PRECINCT 69,Supreme Court of Appeals,,,S. RYAN  WHITE,109
Wood,PRECINCT 71,Supreme Court of Appeals,,,S. RYAN  WHITE,40
Wood,PRECINCT 74,Supreme Court of Appeals,,,S. RYAN  WHITE,122
Wood,PRECINCT 74B,Supreme Court of Appeals,,,S. RYAN  WHITE,168
Wood,PRECINCT 74C,Supreme Court of Appeals,,,S. RYAN  WHITE,130
Wood,PRECINCT 74U,Supreme Court of Appeals,,,S. RYAN  WHITE,26
Wood,PRECINCT 75,Supreme Court of Appeals,,,S. RYAN  WHITE,92
Wood,PRECINCT 77,Supreme Court of Appeals,,,S. RYAN  WHITE,121
Wood,PRECINCT 78,Supreme Court of Appeals,,,S. RYAN  WHITE,82
Wood,PRECINCT 78A,Supreme Court of Appeals,,,S. RYAN  WHITE,165
Wood,PRECINCT 79,Supreme Court of Appeals,,,S. RYAN  WHITE,130
Wood,PRECINCT 81,Supreme Court of Appeals,,,S. RYAN  WHITE,62
Wood,PRECINCT 82,Supreme Court of Appeals,,,S. RYAN  WHITE,143
Wood,PRECINCT 85,Supreme Court of Appeals,,,S. RYAN  WHITE,115
Wood,PRECINCT 86,Supreme Court of Appeals,,,S. RYAN  WHITE,166
Wood,PRECINCT 87,Supreme Court of Appeals,,,S. RYAN  WHITE,104
Wood,PRECINCT 88,Supreme Court of Appeals,,,S. RYAN  WHITE,124
Wood,PRECINCT 89,Supreme Court of Appeals,,,S. RYAN  WHITE,177
Wood,PRECINCT 8,Supreme Court of Appeals,,,MYCHAL S. SCHULZ,36
Wood,PRECINCT 10,Supreme Court of Appeals,,,MYCHAL S. SCHULZ,26
Wood,PRECINCT 13,Supreme Court of Appeals,,,MYCHAL S. SCHULZ,19
Wood,PRECINCT 16,Supreme Court of Appeals,,,MYCHAL S. SCHULZ,19
Wood,PRECINCT 19,Supreme Court of Appeals,,,MYCHAL S. SCHULZ,55
Wood,PRECINCT 27,Supreme Court of Appeals,,,MYCHAL S. SCHULZ,15
Wood,PRECINCT 29,Supreme Court of Appeals,,,MYCHAL S. SCHULZ,37
Wood,PRECINCT 32,Supreme Court of Appeals,,,MYCHAL S. SCHULZ,31
Wood,PRECINCT 33,Supreme Court of Appeals,,,MYCHAL S. SCHULZ,7
Wood,PRECINCT 34A,Supreme Court of Appeals,,,MYCHAL S. SCHULZ,61
Wood,PRECINCT 35,Supreme Court of Appeals,,,MYCHAL S. SCHULZ,41
Wood,PRECINCT 36,Supreme Court of Appeals,,,MYCHAL S. SCHULZ,16
Wood,PRECINCT 36B,Supreme Court of Appeals,,,MYCHAL S. SCHULZ,35
Wood,PRECINCT 37,Supreme Court of Appeals,,,MYCHAL S. SCHULZ,38
Wood,PRECINCT 37A,Supreme Court of Appeals,,,MYCHAL S. SCHULZ,37
Wood,PRECINCT 38,Supreme Court of Appeals,,,MYCHAL S. SCHULZ,1
Wood,PRECINCT 39,Supreme Court of Appeals,,,MYCHAL S. SCHULZ,11
Wood,PRECINCT 40,Supreme Court of Appeals,,,MYCHAL S. SCHULZ,15
Wood,PRECINCT 40A,Supreme Court of Appeals,,,MYCHAL S. SCHULZ,21
Wood,PRECINCT 41,Supreme Court of Appeals,,,MYCHAL S. SCHULZ,37
Wood,PRECINCT 42A,Supreme Court of Appeals,,,MYCHAL S. SCHULZ,55
Wood,PRECINCT 43A,Supreme Court of Appeals,,,MYCHAL S. SCHULZ,53
Wood,PRECINCT 45,Supreme Court of Appeals,,,MYCHAL S. SCHULZ,34
Wood,PRECINCT 45A,Supreme Court of Appeals,,,MYCHAL S. SCHULZ,43
Wood,PRECINCT 46,Supreme Court of Appeals,,,MYCHAL S. SCHULZ,62
Wood,PRECINCT 46B,Supreme Court of Appeals,,,MYCHAL S. SCHULZ,74
Wood,PRECINCT 47,Supreme Court of Appeals,,,MYCHAL S. SCHULZ,10
Wood,PRECINCT 48,Supreme Court of Appeals,,,MYCHAL S. SCHULZ,56
Wood,PRECINCT 49,Supreme Court of Appeals,,,MYCHAL S. SCHULZ,14
Wood,PRECINCT 49A,Supreme Court of Appeals,,,MYCHAL S. SCHULZ,41
Wood,PRECINCT 50,Supreme Court of Appeals,,,MYCHAL S. SCHULZ,18
Wood,PRECINCT 51,Supreme Court of Appeals,,,MYCHAL S. SCHULZ,44
Wood,PRECINCT 52,Supreme Court of Appeals,,,MYCHAL S. SCHULZ,58
Wood,PRECINCT 53,Supreme Court of Appeals,,,MYCHAL S. SCHULZ,30
Wood,PRECINCT 53A,Supreme Court of Appeals,,,MYCHAL S. SCHULZ,34
Wood,PRECINCT 54,Supreme Court of Appeals,,,MYCHAL S. SCHULZ,22
Wood,PRECINCT 54A,Supreme Court of Appeals,,,MYCHAL S. SCHULZ,22
Wood,PRECINCT 56,Supreme Court of Appeals,,,MYCHAL S. SCHULZ,29
Wood,PRECINCT 56A,Supreme Court of Appeals,,,MYCHAL S. SCHULZ,31
Wood,PRECINCT 57,Supreme Court of Appeals,,,MYCHAL S. SCHULZ,30
Wood,PRECINCT 57A,Supreme Court of Appeals,,,MYCHAL S. SCHULZ,26
Wood,PRECINCT 58,Supreme Court of Appeals,,,MYCHAL S. SCHULZ,54
Wood,PRECINCT 60,Supreme Court of Appeals,,,MYCHAL S. SCHULZ,39
Wood,PRECINCT 61,Supreme Court of Appeals,,,MYCHAL S. SCHULZ,29
Wood,PRECINCT 62,Supreme Court of Appeals,,,MYCHAL S. SCHULZ,54
Wood,PRECINCT 63,Supreme Court of Appeals,,,MYCHAL S. SCHULZ,21
Wood,PRECINCT 63A,Supreme Court of Appeals,,,MYCHAL S. SCHULZ,29
Wood,PRECINCT 63B,Supreme Court of Appeals,,,MYCHAL S. SCHULZ,34
Wood,PRECINCT 64,Supreme Court of Appeals,,,MYCHAL S. SCHULZ,47
Wood,PRECINCT 67,Supreme Court of Appeals,,,MYCHAL S. SCHULZ,59
Wood,PRECINCT 67A,Supreme Court of Appeals,,,MYCHAL S. SCHULZ,65
Wood,PRECINCT 69,Supreme Court of Appeals,,,MYCHAL S. SCHULZ,33
Wood,PRECINCT 71,Supreme Court of Appeals,,,MYCHAL S. SCHULZ,9
Wood,PRECINCT 74,Supreme Court of Appeals,,,MYCHAL S. SCHULZ,33
Wood,PRECINCT 74B,Supreme Court of Appeals,,,MYCHAL S. SCHULZ,29
Wood,PRECINCT 74C,Supreme Court of Appeals,,,MYCHAL S. SCHULZ,37
Wood,PRECINCT 74U,Supreme Court of Appeals,,,MYCHAL S. SCHULZ,9
Wood,PRECINCT 75,Supreme Court of Appeals,,,MYCHAL S. SCHULZ,22
Wood,PRECINCT 77,Supreme Court of Appeals,,,MYCHAL S. SCHULZ,47
Wood,PRECINCT 78,Supreme Court of Appeals,,,MYCHAL S. SCHULZ,24
Wood,PRECINCT 78A,Supreme Court of Appeals,,,MYCHAL S. SCHULZ,50
Wood,PRECINCT 79,Supreme Court of Appeals,,,MYCHAL S. SCHULZ,38
Wood,PRECINCT 81,Supreme Court of Appeals,,,MYCHAL S. SCHULZ,31
Wood,PRECINCT 82,Supreme Court of Appeals,,,MYCHAL S. SCHULZ,39
Wood,PRECINCT 85,Supreme Court of Appeals,,,MYCHAL S. SCHULZ,31
Wood,PRECINCT 86,Supreme Court of Appeals,,,MYCHAL S. SCHULZ,33
Wood,PRECINCT 87,Supreme Court of Appeals,,,MYCHAL S. SCHULZ,29
Wood,PRECINCT 88,Supreme Court of Appeals,,,MYCHAL S. SCHULZ,40
Wood,PRECINCT 89,Supreme Court of Appeals,,,MYCHAL S. SCHULZ,45
Wood,PRECINCT 8,Supreme Court of Appeals,,,ELGINE HECETA McARDLE,20
Wood,PRECINCT 10,Supreme Court of Appeals,,,ELGINE HECETA McARDLE,17
Wood,PRECINCT 13,Supreme Court of Appeals,,,ELGINE HECETA McARDLE,17
Wood,PRECINCT 16,Supreme Court of Appeals,,,ELGINE HECETA McARDLE,20
Wood,PRECINCT 19,Supreme Court of Appeals,,,ELGINE HECETA McARDLE,45
Wood,PRECINCT 27,Supreme Court of Appeals,,,ELGINE HECETA McARDLE,16
Wood,PRECINCT 29,Supreme Court of Appeals,,,ELGINE HECETA McARDLE,55
Wood,PRECINCT 32,Supreme Court of Appeals,,,ELGINE HECETA McARDLE,45
Wood,PRECINCT 33,Supreme Court of Appeals,,,ELGINE HECETA McARDLE,9
Wood,PRECINCT 34A,Supreme Court of Appeals,,,ELGINE HECETA McARDLE,50
Wood,PRECINCT 35,Supreme Court of Appeals,,,ELGINE HECETA McARDLE,45
Wood,PRECINCT 36,Supreme Court of Appeals,,,ELGINE HECETA McARDLE,26
Wood,PRECINCT 36B,Supreme Court of Appeals,,,ELGINE HECETA McARDLE,46
Wood,PRECINCT 37,Supreme Court of Appeals,,,ELGINE HECETA McARDLE,56
Wood,PRECINCT 37A,Supreme Court of Appeals,,,ELGINE HECETA McARDLE,54
Wood,PRECINCT 38,Supreme Court of Appeals,,,ELGINE HECETA McARDLE,10
Wood,PRECINCT 39,Supreme Court of Appeals,,,ELGINE HECETA McARDLE,19
Wood,PRECINCT 40,Supreme Court of Appeals,,,ELGINE HECETA McARDLE,17
Wood,PRECINCT 40A,Supreme Court of Appeals,,,ELGINE HECETA McARDLE,37
Wood,PRECINCT 41,Supreme Court of Appeals,,,ELGINE HECETA McARDLE,25
Wood,PRECINCT 42A,Supreme Court of Appeals,,,ELGINE HECETA McARDLE,45
Wood,PRECINCT 43A,Supreme Court of Appeals,,,ELGINE HECETA McARDLE,53
Wood,PRECINCT 45,Supreme Court of Appeals,,,ELGINE HECETA McARDLE,41
Wood,PRECINCT 45A,Supreme Court of Appeals,,,ELGINE HECETA McARDLE,49
Wood,PRECINCT 46,Supreme Court of Appeals,,,ELGINE HECETA McARDLE,75
Wood,PRECINCT 46B,Supreme Court of Appeals,,,ELGINE HECETA McARDLE,56
Wood,PRECINCT 47,Supreme Court of Appeals,,,ELGINE HECETA McARDLE,18
Wood,PRECINCT 48,Supreme Court of Appeals,,,ELGINE HECETA McARDLE,56
Wood,PRECINCT 49,Supreme Court of Appeals,,,ELGINE HECETA McARDLE,30
Wood,PRECINCT 49A,Supreme Court of Appeals,,,ELGINE HECETA McARDLE,38
Wood,PRECINCT 50,Supreme Court of Appeals,,,ELGINE HECETA McARDLE,25
Wood,PRECINCT 51,Supreme Court of Appeals,,,ELGINE HECETA McARDLE,68
Wood,PRECINCT 52,Supreme Court of Appeals,,,ELGINE HECETA McARDLE,60
Wood,PRECINCT 53,Supreme Court of Appeals,,,ELGINE HECETA McARDLE,31
Wood,PRECINCT 53A,Supreme Court of Appeals,,,ELGINE HECETA McARDLE,32
Wood,PRECINCT 54,Supreme Court of Appeals,,,ELGINE HECETA McARDLE,23
Wood,PRECINCT 54A,Supreme Court of Appeals,,,ELGINE HECETA McARDLE,21
Wood,PRECINCT 56,Supreme Court of Appeals,,,ELGINE HECETA McARDLE,19
Wood,PRECINCT 56A,Supreme Court of Appeals,,,ELGINE HECETA McARDLE,35
Wood,PRECINCT 57,Supreme Court of Appeals,,,ELGINE HECETA McARDLE,27
Wood,PRECINCT 57A,Supreme Court of Appeals,,,ELGINE HECETA McARDLE,29
Wood,PRECINCT 58,Supreme Court of Appeals,,,ELGINE HECETA McARDLE,53
Wood,PRECINCT 60,Supreme Court of Appeals,,,ELGINE HECETA McARDLE,20
Wood,PRECINCT 61,Supreme Court of Appeals,,,ELGINE HECETA McARDLE,22
Wood,PRECINCT 62,Supreme Court of Appeals,,,ELGINE HECETA McARDLE,38
Wood,PRECINCT 63,Supreme Court of Appeals,,,ELGINE HECETA McARDLE,18
Wood,PRECINCT 63A,Supreme Court of Appeals,,,ELGINE HECETA McARDLE,30
Wood,PRECINCT 63B,Supreme Court of Appeals,,,ELGINE HECETA McARDLE,18
Wood,PRECINCT 64,Supreme Court of Appeals,,,ELGINE HECETA McARDLE,49
Wood,PRECINCT 67,Supreme Court of Appeals,,,ELGINE HECETA McARDLE,51
Wood,PRECINCT 67A,Supreme Court of Appeals,,,ELGINE HECETA McARDLE,45
Wood,PRECINCT 69,Supreme Court of Appeals,,,ELGINE HECETA McARDLE,10
Wood,PRECINCT 71,Supreme Court of Appeals,,,ELGINE HECETA McARDLE,13
Wood,PRECINCT 74,Supreme Court of Appeals,,,ELGINE HECETA McARDLE,28
Wood,PRECINCT 74B,Supreme Court of Appeals,,,ELGINE HECETA McARDLE,30
Wood,PRECINCT 74C,Supreme Court of Appeals,,,ELGINE HECETA McARDLE,28
Wood,PRECINCT 74U,Supreme Court of Appeals,,,ELGINE HECETA McARDLE,5
Wood,PRECINCT 75,Supreme Court of Appeals,,,ELGINE HECETA McARDLE,29
Wood,PRECINCT 77,Supreme Court of Appeals,,,ELGINE HECETA McARDLE,35
Wood,PRECINCT 78,Supreme Court of Appeals,,,ELGINE HECETA McARDLE,10
Wood,PRECINCT 78A,Supreme Court of Appeals,,,ELGINE HECETA McARDLE,41
Wood,PRECINCT 79,Supreme Court of Appeals,,,ELGINE HECETA McARDLE,33
Wood,PRECINCT 81,Supreme Court of Appeals,,,ELGINE HECETA McARDLE,24
Wood,PRECINCT 82,Supreme Court of Appeals,,,ELGINE HECETA McARDLE,38
Wood,PRECINCT 85,Supreme Court of Appeals,,,ELGINE HECETA McARDLE,25
Wood,PRECINCT 86,Supreme Court of Appeals,,,ELGINE HECETA McARDLE,32
Wood,PRECINCT 87,Supreme Court of Appeals,,,ELGINE HECETA McARDLE,29
Wood,PRECINCT 88,Supreme Court of Appeals,,,ELGINE HECETA McARDLE,32
Wood,PRECINCT 89,Supreme Court of Appeals,,,ELGINE HECETA McARDLE,40
Wood,PRECINCT 8,Supreme Court of Appeals,,,J.D. BEANE,109
Wood,PRECINCT 10,Supreme Court of Appeals,,,J.D. BEANE,107
Wood,PRECINCT 13,Supreme Court of Appeals,,,J.D. BEANE,79
Wood,PRECINCT 16,Supreme Court of Appeals,,,J.D. BEANE,97
Wood,PRECINCT 19,Supreme Court of Appeals,,,J.D. BEANE,286
Wood,PRECINCT 27,Supreme Court of Appeals,,,J.D. BEANE,85
Wood,PRECINCT 29,Supreme Court of Appeals,,,J.D. BEANE,231
Wood,PRECINCT 32,Supreme Court of Appeals,,,J.D. BEANE,184
Wood,PRECINCT 33,Supreme Court of Appeals,,,J.D. BEANE,47
Wood,PRECINCT 34A,Supreme Court of Appeals,,,J.D. BEANE,292
Wood,PRECINCT 35,Supreme Court of Appeals,,,J.D. BEANE,233
Wood,PRECINCT 36,Supreme Court of Appeals,,,J.D. BEANE,147
Wood,PRECINCT 36B,Supreme Court of Appeals,,,J.D. BEANE,224
Wood,PRECINCT 37,Supreme Court of Appeals,,,J.D. BEANE,297
Wood,PRECINCT 37A,Supreme Court of Appeals,,,J.D. BEANE,286
Wood,PRECINCT 38,Supreme Court of Appeals,,,J.D. BEANE,38
Wood,PRECINCT 39,Supreme Court of Appeals,,,J.D. BEANE,98
Wood,PRECINCT 40,Supreme Court of Appeals,,,J.D. BEANE,93
Wood,PRECINCT 40A,Supreme Court of Appeals,,,J.D. BEANE,157
Wood,PRECINCT 41,Supreme Court of Appeals,,,J.D. BEANE,201
Wood,PRECINCT 42A,Supreme Court of Appeals,,,J.D. BEANE,301
Wood,PRECINCT 43A,Supreme Court of Appeals,,,J.D. BEANE,289
Wood,PRECINCT 45,Supreme Court of Appeals,,,J.D. BEANE,215
Wood,PRECINCT 45A,Supreme Court of Appeals,,,J.D. BEANE,283
Wood,PRECINCT 46,Supreme Court of Appeals,,,J.D. BEANE,379
Wood,PRECINCT 46B,Supreme Court of Appeals,,,J.D. BEANE,370
Wood,PRECINCT 47,Supreme Court of Appeals,,,J.D. BEANE,97
Wood,PRECINCT 48,Supreme Court of Appeals,,,J.D. BEANE,337
Wood,PRECINCT 49,Supreme Court of Appeals,,,J.D. BEANE,169
Wood,PRECINCT 49A,Supreme Court of Appeals,,,J.D. BEANE,188
Wood,PRECINCT 50,Supreme Court of Appeals,,,J.D. BEANE,119
Wood,PRECINCT 51,Supreme Court of Appeals,,,J.D. BEANE,329
Wood,PRECINCT 52,Supreme Court of Appeals,,,J.D. BEANE,355
Wood,PRECINCT 53,Supreme Court of Appeals,,,J.D. BEANE,184
Wood,PRECINCT 53A,Supreme Court of Appeals,,,J.D. BEANE,168
Wood,PRECINCT 54,Supreme Court of Appeals,,,J.D. BEANE,136
Wood,PRECINCT 54A,Supreme Court of Appeals,,,J.D. BEANE,168
Wood,PRECINCT 56,Supreme Court of Appeals,,,J.D. BEANE,112
Wood,PRECINCT 56A,Supreme Court of Appeals,,,J.D. BEANE,184
Wood,PRECINCT 57,Supreme Court of Appeals,,,J.D. BEANE,166
Wood,PRECINCT 57A,Supreme Court of Appeals,,,J.D. BEANE,160
Wood,PRECINCT 58,Supreme Court of Appeals,,,J.D. BEANE,311
Wood,PRECINCT 60,Supreme Court of Appeals,,,J.D. BEANE,117
Wood,PRECINCT 61,Supreme Court of Appeals,,,J.D. BEANE,150
Wood,PRECINCT 62,Supreme Court of Appeals,,,J.D. BEANE,279
Wood,PRECINCT 63,Supreme Court of Appeals,,,J.D. BEANE,96
Wood,PRECINCT 63A,Supreme Court of Appeals,,,J.D. BEANE,194
Wood,PRECINCT 63B,Supreme Court of Appeals,,,J.D. BEANE,165
Wood,PRECINCT 64,Supreme Court of Appeals,,,J.D. BEANE,235
Wood,PRECINCT 67,Supreme Court of Appeals,,,J.D. BEANE,354
Wood,PRECINCT 67A,Supreme Court of Appeals,,,J.D. BEANE,357
Wood,PRECINCT 69,Supreme Court of Appeals,,,J.D. BEANE,155
Wood,PRECINCT 71,Supreme Court of Appeals,,,J.D. BEANE,69
Wood,PRECINCT 74,Supreme Court of Appeals,,,J.D. BEANE,197
Wood,PRECINCT 74B,Supreme Court of Appeals,,,J.D. BEANE,250
Wood,PRECINCT 74C,Supreme Court of Appeals,,,J.D. BEANE,212
Wood,PRECINCT 74U,Supreme Court of Appeals,,,J.D. BEANE,43
Wood,PRECINCT 75,Supreme Court of Appeals,,,J.D. BEANE,160
Wood,PRECINCT 77,Supreme Court of Appeals,,,J.D. BEANE,216
Wood,PRECINCT 78,Supreme Court of Appeals,,,J.D. BEANE,126
Wood,PRECINCT 78A,Supreme Court of Appeals,,,J.D. BEANE,273
Wood,PRECINCT 79,Supreme Court of Appeals,,,J.D. BEANE,224
Wood,PRECINCT 81,Supreme Court of Appeals,,,J.D. BEANE,120
Wood,PRECINCT 82,Supreme Court of Appeals,,,J.D. BEANE,208
Wood,PRECINCT 85,Supreme Court of Appeals,,,J.D. BEANE,183
Wood,PRECINCT 86,Supreme Court of Appeals,,,J.D. BEANE,241
Wood,PRECINCT 87,Supreme Court of Appeals,,,J.D. BEANE,168
Wood,PRECINCT 88,Supreme Court of Appeals,,,J.D. BEANE,211
Wood,PRECINCT 89,Supreme Court of Appeals,,,J.D. BEANE,279
Wood,PRECINCT 8,Supreme Court of Appeals,,,ROBERT A. 'BOB' WATERS,104
Wood,PRECINCT 10,Supreme Court of Appeals,,,ROBERT A. 'BOB' WATERS,105
Wood,PRECINCT 13,Supreme Court of Appeals,,,ROBERT A. 'BOB' WATERS,76
Wood,PRECINCT 16,Supreme Court of Appeals,,,ROBERT A. 'BOB' WATERS,97
Wood,PRECINCT 19,Supreme Court of Appeals,,,ROBERT A. 'BOB' WATERS,268
Wood,PRECINCT 27,Supreme Court of Appeals,,,ROBERT A. 'BOB' WATERS,84
Wood,PRECINCT 29,Supreme Court of Appeals,,,ROBERT A. 'BOB' WATERS,238
Wood,PRECINCT 32,Supreme Court of Appeals,,,ROBERT A. 'BOB' WATERS,180
Wood,PRECINCT 33,Supreme Court of Appeals,,,ROBERT A. 'BOB' WATERS,46
Wood,PRECINCT 34A,Supreme Court of Appeals,,,ROBERT A. 'BOB' WATERS,289
Wood,PRECINCT 35,Supreme Court of Appeals,,,ROBERT A. 'BOB' WATERS,224
Wood,PRECINCT 36,Supreme Court of Appeals,,,ROBERT A. 'BOB' WATERS,137
Wood,PRECINCT 36B,Supreme Court of Appeals,,,ROBERT A. 'BOB' WATERS,217
Wood,PRECINCT 37,Supreme Court of Appeals,,,ROBERT A. 'BOB' WATERS,281
Wood,PRECINCT 37A,Supreme Court of Appeals,,,ROBERT A. 'BOB' WATERS,277
Wood,PRECINCT 38,Supreme Court of Appeals,,,ROBERT A. 'BOB' WATERS,40
Wood,PRECINCT 39,Supreme Court of Appeals,,,ROBERT A. 'BOB' WATERS,88
Wood,PRECINCT 40,Supreme Court of Appeals,,,ROBERT A. 'BOB' WATERS,91
Wood,PRECINCT 40A,Supreme Court of Appeals,,,ROBERT A. 'BOB' WATERS,158
Wood,PRECINCT 41,Supreme Court of Appeals,,,ROBERT A. 'BOB' WATERS,191
Wood,PRECINCT 42A,Supreme Court of Appeals,,,ROBERT A. 'BOB' WATERS,293
Wood,PRECINCT 43A,Supreme Court of Appeals,,,ROBERT A. 'BOB' WATERS,283
Wood,PRECINCT 45,Supreme Court of Appeals,,,ROBERT A. 'BOB' WATERS,210
Wood,PRECINCT 45A,Supreme Court of Appeals,,,ROBERT A. 'BOB' WATERS,283
Wood,PRECINCT 46,Supreme Court of Appeals,,,ROBERT A. 'BOB' WATERS,379
Wood,PRECINCT 46B,Supreme Court of Appeals,,,ROBERT A. 'BOB' WATERS,366
Wood,PRECINCT 47,Supreme Court of Appeals,,,ROBERT A. 'BOB' WATERS,97
Wood,PRECINCT 48,Supreme Court of Appeals,,,ROBERT A. 'BOB' WATERS,339
Wood,PRECINCT 49,Supreme Court of Appeals,,,ROBERT A. 'BOB' WATERS,167
Wood,PRECINCT 49A,Supreme Court of Appeals,,,ROBERT A. 'BOB' WATERS,183
Wood,PRECINCT 50,Supreme Court of Appeals,,,ROBERT A. 'BOB' WATERS,118
Wood,PRECINCT 51,Supreme Court of Appeals,,,ROBERT A. 'BOB' WATERS,325
Wood,PRECINCT 52,Supreme Court of Appeals,,,ROBERT A. 'BOB' WATERS,356
Wood,PRECINCT 53,Supreme Court of Appeals,,,ROBERT A. 'BOB' WATERS,178
Wood,PRECINCT 53A,Supreme Court of Appeals,,,ROBERT A. 'BOB' WATERS,164
Wood,PRECINCT 54,Supreme Court of Appeals,,,ROBERT A. 'BOB' WATERS,135
Wood,PRECINCT 54A,Supreme Court of Appeals,,,ROBERT A. 'BOB' WATERS,169
Wood,PRECINCT 56,Supreme Court of Appeals,,,ROBERT A. 'BOB' WATERS,109
Wood,PRECINCT 56A,Supreme Court of Appeals,,,ROBERT A. 'BOB' WATERS,184
Wood,PRECINCT 57,Supreme Court of Appeals,,,ROBERT A. 'BOB' WATERS,166
Wood,PRECINCT 57A,Supreme Court of Appeals,,,ROBERT A. 'BOB' WATERS,153
Wood,PRECINCT 58,Supreme Court of Appeals,,,ROBERT A. 'BOB' WATERS,302
Wood,PRECINCT 60,Supreme Court of Appeals,,,ROBERT A. 'BOB' WATERS,117
Wood,PRECINCT 61,Supreme Court of Appeals,,,ROBERT A. 'BOB' WATERS,141
Wood,PRECINCT 62,Supreme Court of Appeals,,,ROBERT A. 'BOB' WATERS,269
Wood,PRECINCT 63,Supreme Court of Appeals,,,ROBERT A. 'BOB' WATERS,89
Wood,PRECINCT 63A,Supreme Court of Appeals,,,ROBERT A. 'BOB' WATERS,191
Wood,PRECINCT 63B,Supreme Court of Appeals,,,ROBERT A. 'BOB' WATERS,160
Wood,PRECINCT 64,Supreme Court of Appeals,,,ROBERT A. 'BOB' WATERS,230
Wood,PRECINCT 67,Supreme Court of Appeals,,,ROBERT A. 'BOB' WATERS,343
Wood,PRECINCT 67A,Supreme Court of Appeals,,,ROBERT A. 'BOB' WATERS,337
Wood,PRECINCT 69,Supreme Court of Appeals,,,ROBERT A. 'BOB' WATERS,150
Wood,PRECINCT 71,Supreme Court of Appeals,,,ROBERT A. 'BOB' WATERS,68
Wood,PRECINCT 74,Supreme Court of Appeals,,,ROBERT A. 'BOB' WATERS,186
Wood,PRECINCT 74B,Supreme Court of Appeals,,,ROBERT A. 'BOB' WATERS,238
Wood,PRECINCT 74C,Supreme Court of Appeals,,,ROBERT A. 'BOB' WATERS,202
Wood,PRECINCT 74U,Supreme Court of Appeals,,,ROBERT A. 'BOB' WATERS,42
Wood,PRECINCT 75,Supreme Court of Appeals,,,ROBERT A. 'BOB' WATERS,150
Wood,PRECINCT 77,Supreme Court of Appeals,,,ROBERT A. 'BOB' WATERS,205
Wood,PRECINCT 78,Supreme Court of Appeals,,,ROBERT A. 'BOB' WATERS,126
Wood,PRECINCT 78A,Supreme Court of Appeals,,,ROBERT A. 'BOB' WATERS,268
Wood,PRECINCT 79,Supreme Court of Appeals,,,ROBERT A. 'BOB' WATERS,215
Wood,PRECINCT 81,Supreme Court of Appeals,,,ROBERT A. 'BOB' WATERS,110
Wood,PRECINCT 82,Supreme Court of Appeals,,,ROBERT A. 'BOB' WATERS,200
Wood,PRECINCT 85,Supreme Court of Appeals,,,ROBERT A. 'BOB' WATERS,183
Wood,PRECINCT 86,Supreme Court of Appeals,,,ROBERT A. 'BOB' WATERS,235
Wood,PRECINCT 87,Supreme Court of Appeals,,,ROBERT A. 'BOB' WATERS,172
Wood,PRECINCT 88,Supreme Court of Appeals,,,ROBERT A. 'BOB' WATERS,211
Wood,PRECINCT 89,Supreme Court of Appeals,,,ROBERT A. 'BOB' WATERS,271
Wood,PRECINCT 8,Supreme Court of Appeals,,,JASON A. WHARTON,108
Wood,PRECINCT 10,Supreme Court of Appeals,,,JASON A. WHARTON,102
Wood,PRECINCT 13,Supreme Court of Appeals,,,JASON A. WHARTON,77
Wood,PRECINCT 16,Supreme Court of Appeals,,,JASON A. WHARTON,95
Wood,PRECINCT 19,Supreme Court of Appeals,,,JASON A. WHARTON,289
Wood,PRECINCT 27,Supreme Court of Appeals,,,JASON A. WHARTON,81
Wood,PRECINCT 29,Supreme Court of Appeals,,,JASON A. WHARTON,233
Wood,PRECINCT 32,Supreme Court of Appeals,,,JASON A. WHARTON,183
Wood,PRECINCT 33,Supreme Court of Appeals,,,JASON A. WHARTON,47
Wood,PRECINCT 34A,Supreme Court of Appeals,,,JASON A. WHARTON,295
Wood,PRECINCT 35,Supreme Court of Appeals,,,JASON A. WHARTON,226
Wood,PRECINCT 36,Supreme Court of Appeals,,,JASON A. WHARTON,142
Wood,PRECINCT 36B,Supreme Court of Appeals,,,JASON A. WHARTON,231
Wood,PRECINCT 37,Supreme Court of Appeals,,,JASON A. WHARTON,297
Wood,PRECINCT 37A,Supreme Court of Appeals,,,JASON A. WHARTON,280
Wood,PRECINCT 38,Supreme Court of Appeals,,,JASON A. WHARTON,36
Wood,PRECINCT 39,Supreme Court of Appeals,,,JASON A. WHARTON,98
Wood,PRECINCT 40,Supreme Court of Appeals,,,JASON A. WHARTON,94
Wood,PRECINCT 40A,Supreme Court of Appeals,,,JASON A. WHARTON,158
Wood,PRECINCT 41,Supreme Court of Appeals,,,JASON A. WHARTON,194
Wood,PRECINCT 42A,Supreme Court of Appeals,,,JASON A. WHARTON,278
Wood,PRECINCT 43A,Supreme Court of Appeals,,,JASON A. WHARTON,285
Wood,PRECINCT 45,Supreme Court of Appeals,,,JASON A. WHARTON,210
Wood,PRECINCT 45A,Supreme Court of Appeals,,,JASON A. WHARTON,272
Wood,PRECINCT 46,Supreme Court of Appeals,,,JASON A. WHARTON,380
Wood,PRECINCT 46B,Supreme Court of Appeals,,,JASON A. WHARTON,377
Wood,PRECINCT 47,Supreme Court of Appeals,,,JASON A. WHARTON,96
Wood,PRECINCT 48,Supreme Court of Appeals,,,JASON A. WHARTON,343
Wood,PRECINCT 49,Supreme Court of Appeals,,,JASON A. WHARTON,167
Wood,PRECINCT 49A,Supreme Court of Appeals,,,JASON A. WHARTON,188
Wood,PRECINCT 50,Supreme Court of Appeals,,,JASON A. WHARTON,113
Wood,PRECINCT 51,Supreme Court of Appeals,,,JASON A. WHARTON,332
Wood,PRECINCT 52,Supreme Court of Appeals,,,JASON A. WHARTON,360
Wood,PRECINCT 53,Supreme Court of Appeals,,,JASON A. WHARTON,180
Wood,PRECINCT 53A,Supreme Court of Appeals,,,JASON A. WHARTON,170
Wood,PRECINCT 54,Supreme Court of Appeals,,,JASON A. WHARTON,135
Wood,PRECINCT 54A,Supreme Court of Appeals,,,JASON A. WHARTON,172
Wood,PRECINCT 56,Supreme Court of Appeals,,,JASON A. WHARTON,109
Wood,PRECINCT 56A,Supreme Court of Appeals,,,JASON A. WHARTON,182
Wood,PRECINCT 57,Supreme Court of Appeals,,,JASON A. WHARTON,160
Wood,PRECINCT 57A,Supreme Court of Appeals,,,JASON A. WHARTON,152
Wood,PRECINCT 58,Supreme Court of Appeals,,,JASON A. WHARTON,292
Wood,PRECINCT 60,Supreme Court of Appeals,,,JASON A. WHARTON,120
Wood,PRECINCT 61,Supreme Court of Appeals,,,JASON A. WHARTON,144
Wood,PRECINCT 62,Supreme Court of Appeals,,,JASON A. WHARTON,269
Wood,PRECINCT 63,Supreme Court of Appeals,,,JASON A. WHARTON,90
Wood,PRECINCT 63A,Supreme Court of Appeals,,,JASON A. WHARTON,186
Wood,PRECINCT 63B,Supreme Court of Appeals,,,JASON A. WHARTON,159
Wood,PRECINCT 64,Supreme Court of Appeals,,,JASON A. WHARTON,226
Wood,PRECINCT 67,Supreme Court of Appeals,,,JASON A. WHARTON,338
Wood,PRECINCT 67A,Supreme Court of Appeals,,,JASON A. WHARTON,336
Wood,PRECINCT 69,Supreme Court of Appeals,,,JASON A. WHARTON,150
Wood,PRECINCT 71,Supreme Court of Appeals,,,JASON A. WHARTON,66
Wood,PRECINCT 74,Supreme Court of Appeals,,,JASON A. WHARTON,186
Wood,PRECINCT 74B,Supreme Court of Appeals,,,JASON A. WHARTON,234
Wood,PRECINCT 74C,Supreme Court of Appeals,,,JASON A. WHARTON,205
Wood,PRECINCT 74U,Supreme Court of Appeals,,,JASON A. WHARTON,41
Wood,PRECINCT 75,Supreme Court of Appeals,,,JASON A. WHARTON,158
Wood,PRECINCT 77,Supreme Court of Appeals,,,JASON A. WHARTON,211
Wood,PRECINCT 78,Supreme Court of Appeals,,,JASON A. WHARTON,121
Wood,PRECINCT 78A,Supreme Court of Appeals,,,JASON A. WHARTON,271
Wood,PRECINCT 79,Supreme Court of Appeals,,,JASON A. WHARTON,218
Wood,PRECINCT 81,Supreme Court of Appeals,,,JASON A. WHARTON,110
Wood,PRECINCT 82,Supreme Court of Appeals,,,JASON A. WHARTON,194
Wood,PRECINCT 85,Supreme Court of Appeals,,,JASON A. WHARTON,178
Wood,PRECINCT 86,Supreme Court of Appeals,,,JASON A. WHARTON,231
Wood,PRECINCT 87,Supreme Court of Appeals,,,JASON A. WHARTON,168
Wood,PRECINCT 88,Supreme Court of Appeals,,,JASON A. WHARTON,208
Wood,PRECINCT 89,Supreme Court of Appeals,,,JASON A. WHARTON,262
Wood,PRECINCT 8,Supreme Court of Appeals,,,ELLEN SMITH,38
Wood,PRECINCT 10,Supreme Court of Appeals,,,ELLEN SMITH,29
Wood,PRECINCT 13,Supreme Court of Appeals,,,ELLEN SMITH,32
Wood,PRECINCT 16,Supreme Court of Appeals,,,ELLEN SMITH,24
Wood,PRECINCT 19,Supreme Court of Appeals,,,ELLEN SMITH,96
Wood,PRECINCT 27,Supreme Court of Appeals,,,ELLEN SMITH,29
Wood,PRECINCT 29,Supreme Court of Appeals,,,ELLEN SMITH,81
Wood,PRECINCT 32,Supreme Court of Appeals,,,ELLEN SMITH,62
Wood,PRECINCT 33,Supreme Court of Appeals,,,ELLEN SMITH,8
Wood,PRECINCT 34A,Supreme Court of Appeals,,,ELLEN SMITH,105
Wood,PRECINCT 35,Supreme Court of Appeals,,,ELLEN SMITH,76
Wood,PRECINCT 36,Supreme Court of Appeals,,,ELLEN SMITH,53
Wood,PRECINCT 36B,Supreme Court of Appeals,,,ELLEN SMITH,85
Wood,PRECINCT 37,Supreme Court of Appeals,,,ELLEN SMITH,84
Wood,PRECINCT 37A,Supreme Court of Appeals,,,ELLEN SMITH,92
Wood,PRECINCT 38,Supreme Court of Appeals,,,ELLEN SMITH,15
Wood,PRECINCT 39,Supreme Court of Appeals,,,ELLEN SMITH,34
Wood,PRECINCT 40,Supreme Court of Appeals,,,ELLEN SMITH,27
Wood,PRECINCT 40A,Supreme Court of Appeals,,,ELLEN SMITH,56
Wood,PRECINCT 41,Supreme Court of Appeals,,,ELLEN SMITH,56
Wood,PRECINCT 42A,Supreme Court of Appeals,,,ELLEN SMITH,107
Wood,PRECINCT 43A,Supreme Court of Appeals,,,ELLEN SMITH,94
Wood,PRECINCT 45,Supreme Court of Appeals,,,ELLEN SMITH,73
Wood,PRECINCT 45A,Supreme Court of Appeals,,,ELLEN SMITH,95
Wood,PRECINCT 46,Supreme Court of Appeals,,,ELLEN SMITH,170
Wood,PRECINCT 46B,Supreme Court of Appeals,,,ELLEN SMITH,168
Wood,PRECINCT 47,Supreme Court of Appeals,,,ELLEN SMITH,32
Wood,PRECINCT 48,Supreme Court of Appeals,,,ELLEN SMITH,110
Wood,PRECINCT 49,Supreme Court of Appeals,,,ELLEN SMITH,54
Wood,PRECINCT 49A,Supreme Court of Appeals,,,ELLEN SMITH,61
Wood,PRECINCT 50,Supreme Court of Appeals,,,ELLEN SMITH,33
Wood,PRECINCT 51,Supreme Court of Appeals,,,ELLEN SMITH,94
Wood,PRECINCT 52,Supreme Court of Appeals,,,ELLEN SMITH,93
Wood,PRECINCT 53,Supreme Court of Appeals,,,ELLEN SMITH,60
Wood,PRECINCT 53A,Supreme Court of Appeals,,,ELLEN SMITH,47
Wood,PRECINCT 54,Supreme Court of Appeals,,,ELLEN SMITH,30
Wood,PRECINCT 54A,Supreme Court of Appeals,,,ELLEN SMITH,44
Wood,PRECINCT 56,Supreme Court of Appeals,,,ELLEN SMITH,39
Wood,PRECINCT 56A,Supreme Court of Appeals,,,ELLEN SMITH,60
Wood,PRECINCT 57,Supreme Court of Appeals,,,ELLEN SMITH,56
Wood,PRECINCT 57A,Supreme Court of Appeals,,,ELLEN SMITH,50
Wood,PRECINCT 58,Supreme Court of Appeals,,,ELLEN SMITH,94
Wood,PRECINCT 60,Supreme Court of Appeals,,,ELLEN SMITH,40
Wood,PRECINCT 61,Supreme Court of Appeals,,,ELLEN SMITH,36
Wood,PRECINCT 62,Supreme Court of Appeals,,,ELLEN SMITH,178
Wood,PRECINCT 63,Supreme Court of Appeals,,,ELLEN SMITH,36
Wood,PRECINCT 63A,Supreme Court of Appeals,,,ELLEN SMITH,121
Wood,PRECINCT 63B,Supreme Court of Appeals,,,ELLEN SMITH,90
Wood,PRECINCT 64,Supreme Court of Appeals,,,ELLEN SMITH,124
Wood,PRECINCT 67,Supreme Court of Appeals,,,ELLEN SMITH,201
Wood,PRECINCT 67A,Supreme Court of Appeals,,,ELLEN SMITH,164
Wood,PRECINCT 69,Supreme Court of Appeals,,,ELLEN SMITH,62
Wood,PRECINCT 71,Supreme Court of Appeals,,,ELLEN SMITH,24
Wood,PRECINCT 74,Supreme Court of Appeals,,,ELLEN SMITH,70
Wood,PRECINCT 74B,Supreme Court of Appeals,,,ELLEN SMITH,96
Wood,PRECINCT 74C,Supreme Court of Appeals,,,ELLEN SMITH,81
Wood,PRECINCT 74U,Supreme Court of Appeals,,,ELLEN SMITH,18
Wood,PRECINCT 75,Supreme Court of Appeals,,,ELLEN SMITH,47
Wood,PRECINCT 77,Supreme Court of Appeals,,,ELLEN SMITH,72
Wood,PRECINCT 78,Supreme Court of Appeals,,,ELLEN SMITH,62
Wood,PRECINCT 78A,Supreme Court of Appeals,,,ELLEN SMITH,128
Wood,PRECINCT 79,Supreme Court of Appeals,,,ELLEN SMITH,94
Wood,PRECINCT 81,Supreme Court of Appeals,,,ELLEN SMITH,68
Wood,PRECINCT 82,Supreme Court of Appeals,,,ELLEN SMITH,135
Wood,PRECINCT 85,Supreme Court of Appeals,,,ELLEN SMITH,65
Wood,PRECINCT 86,Supreme Court of Appeals,,,ELLEN SMITH,104
Wood,PRECINCT 87,Supreme Court of Appeals,,,ELLEN SMITH,58
Wood,PRECINCT 88,Supreme Court of Appeals,,,ELLEN SMITH,82
Wood,PRECINCT 89,Supreme Court of Appeals,,,ELLEN SMITH,109
Wood,PRECINCT 8,Supreme Court of Appeals,,,DEBRA L. STEED,53
Wood,PRECINCT 10,Supreme Court of Appeals,,,DEBRA L. STEED,46
Wood,PRECINCT 13,Supreme Court of Appeals,,,DEBRA L. STEED,32
Wood,PRECINCT 16,Supreme Court of Appeals,,,DEBRA L. STEED,50
Wood,PRECINCT 19,Supreme Court of Appeals,,,DEBRA L. STEED,113
Wood,PRECINCT 27,Supreme Court of Appeals,,,DEBRA L. STEED,41
Wood,PRECINCT 29,Supreme Court of Appeals,,,DEBRA L. STEED,102
Wood,PRECINCT 32,Supreme Court of Appeals,,,DEBRA L. STEED,85
Wood,PRECINCT 33,Supreme Court of Appeals,,,DEBRA L. STEED,19
Wood,PRECINCT 34A,Supreme Court of Appeals,,,DEBRA L. STEED,128
Wood,PRECINCT 35,Supreme Court of Appeals,,,DEBRA L. STEED,100
Wood,PRECINCT 36,Supreme Court of Appeals,,,DEBRA L. STEED,56
Wood,PRECINCT 36B,Supreme Court of Appeals,,,DEBRA L. STEED,104
Wood,PRECINCT 37,Supreme Court of Appeals,,,DEBRA L. STEED,143
Wood,PRECINCT 37A,Supreme Court of Appeals,,,DEBRA L. STEED,139
Wood,PRECINCT 38,Supreme Court of Appeals,,,DEBRA L. STEED,13
Wood,PRECINCT 39,Supreme Court of Appeals,,,DEBRA L. STEED,44
Wood,PRECINCT 40,Supreme Court of Appeals,,,DEBRA L. STEED,42
Wood,PRECINCT 40A,Supreme Court of Appeals,,,DEBRA L. STEED,60
Wood,PRECINCT 41,Supreme Court of Appeals,,,DEBRA L. STEED,82
Wood,PRECINCT 42A,Supreme Court of Appeals,,,DEBRA L. STEED,111
Wood,PRECINCT 43A,Supreme Court of Appeals,,,DEBRA L. STEED,145
Wood,PRECINCT 45,Supreme Court of Appeals,,,DEBRA L. STEED,103
Wood,PRECINCT 45A,Supreme Court of Appeals,,,DEBRA L. STEED,121
Wood,PRECINCT 46,Supreme Court of Appeals,,,DEBRA L. STEED,134
Wood,PRECINCT 46B,Supreme Court of Appeals,,,DEBRA L. STEED,146
Wood,PRECINCT 47,Supreme Court of Appeals,,,DEBRA L. STEED,39
Wood,PRECINCT 48,Supreme Court of Appeals,,,DEBRA L. STEED,144
Wood,PRECINCT 49,Supreme Court of Appeals,,,DEBRA L. STEED,76
Wood,PRECINCT 49A,Supreme Court of Appeals,,,DEBRA L. STEED,72
Wood,PRECINCT 50,Supreme Court of Appeals,,,DEBRA L. STEED,56
Wood,PRECINCT 51,Supreme Court of Appeals,,,DEBRA L. STEED,170
Wood,PRECINCT 52,Supreme Court of Appeals,,,DEBRA L. STEED,172
Wood,PRECINCT 53,Supreme Court of Appeals,,,DEBRA L. STEED,58
Wood,PRECINCT 53A,Supreme Court of Appeals,,,DEBRA L. STEED,81
Wood,PRECINCT 54,Supreme Court of Appeals,,,DEBRA L. STEED,76
Wood,PRECINCT 54A,Supreme Court of Appeals,,,DEBRA L. STEED,60
Wood,PRECINCT 56,Supreme Court of Appeals,,,DEBRA L. STEED,40
Wood,PRECINCT 56A,Supreme Court of Appeals,,,DEBRA L. STEED,58
Wood,PRECINCT 57,Supreme Court of Appeals,,,DEBRA L. STEED,69
Wood,PRECINCT 57A,Supreme Court of Appeals,,,DEBRA L. STEED,59
Wood,PRECINCT 58,Supreme Court of Appeals,,,DEBRA L. STEED,122
Wood,PRECINCT 60,Supreme Court of Appeals,,,DEBRA L. STEED,52
Wood,PRECINCT 61,Supreme Court of Appeals,,,DEBRA L. STEED,70
Wood,PRECINCT 62,Supreme Court of Appeals,,,DEBRA L. STEED,77
Wood,PRECINCT 63,Supreme Court of Appeals,,,DEBRA L. STEED,40
Wood,PRECINCT 63A,Supreme Court of Appeals,,,DEBRA L. STEED,46
Wood,PRECINCT 63B,Supreme Court of Appeals,,,DEBRA L. STEED,47
Wood,PRECINCT 64,Supreme Court of Appeals,,,DEBRA L. STEED,69
Wood,PRECINCT 67,Supreme Court of Appeals,,,DEBRA L. STEED,86
Wood,PRECINCT 67A,Supreme Court of Appeals,,,DEBRA L. STEED,127
Wood,PRECINCT 69,Supreme Court of Appeals,,,DEBRA L. STEED,56
Wood,PRECINCT 71,Supreme Court of Appeals,,,DEBRA L. STEED,30
Wood,PRECINCT 74,Supreme Court of Appeals,,,DEBRA L. STEED,64
Wood,PRECINCT 74B,Supreme Court of Appeals,,,DEBRA L. STEED,103
Wood,PRECINCT 74C,Supreme Court of Appeals,,,DEBRA L. STEED,79
Wood,PRECINCT 74U,Supreme Court of Appeals,,,DEBRA L. STEED,16
Wood,PRECINCT 75,Supreme Court of Appeals,,,DEBRA L. STEED,68
Wood,PRECINCT 77,Supreme Court of Appeals,,,DEBRA L. STEED,83
Wood,PRECINCT 78,Supreme Court of Appeals,,,DEBRA L. STEED,33
Wood,PRECINCT 78A,Supreme Court of Appeals,,,DEBRA L. STEED,85
Wood,PRECINCT 79,Supreme Court of Appeals,,,DEBRA L. STEED,73
Wood,PRECINCT 81,Supreme Court of Appeals,,,DEBRA L. STEED,43
Wood,PRECINCT 82,Supreme Court of Appeals,,,DEBRA L. STEED,46
Wood,PRECINCT 85,Supreme Court of Appeals,,,DEBRA L. STEED,69
Wood,PRECINCT 86,Supreme Court of Appeals,,,DEBRA L. STEED,83
Wood,PRECINCT 87,Supreme Court of Appeals,,,DEBRA L. STEED,53
Wood,PRECINCT 88,Supreme Court of Appeals,,,DEBRA L. STEED,77
Wood,PRECINCT 89,Supreme Court of Appeals,,,DEBRA L. STEED,81
Wood,PRECINCT 8,Supreme Court of Appeals,,,CHARLES E. STALNAKER,28
Wood,PRECINCT 10,Supreme Court of Appeals,,,CHARLES E. STALNAKER,41
Wood,PRECINCT 13,Supreme Court of Appeals,,,CHARLES E. STALNAKER,16
Wood,PRECINCT 16,Supreme Court of Appeals,,,CHARLES E. STALNAKER,31
Wood,PRECINCT 19,Supreme Court of Appeals,,,CHARLES E. STALNAKER,94
Wood,PRECINCT 27,Supreme Court of Appeals,,,CHARLES E. STALNAKER,22
Wood,PRECINCT 29,Supreme Court of Appeals,,,CHARLES E. STALNAKER,53
Wood,PRECINCT 32,Supreme Court of Appeals,,,CHARLES E. STALNAKER,56
Wood,PRECINCT 33,Supreme Court of Appeals,,,CHARLES E. STALNAKER,18
Wood,PRECINCT 34A,Supreme Court of Appeals,,,CHARLES E. STALNAKER,78
Wood,PRECINCT 35,Supreme Court of Appeals,,,CHARLES E. STALNAKER,58
Wood,PRECINCT 36,Supreme Court of Appeals,,,CHARLES E. STALNAKER,35
Wood,PRECINCT 36B,Supreme Court of Appeals,,,CHARLES E. STALNAKER,57
Wood,PRECINCT 37,Supreme Court of Appeals,,,CHARLES E. STALNAKER,66
Wood,PRECINCT 37A,Supreme Court of Appeals,,,CHARLES E. STALNAKER,69
Wood,PRECINCT 38,Supreme Court of Appeals,,,CHARLES E. STALNAKER,12
Wood,PRECINCT 39,Supreme Court of Appeals,,,CHARLES E. STALNAKER,24
Wood,PRECINCT 40,Supreme Court of Appeals,,,CHARLES E. STALNAKER,24
Wood,PRECINCT 40A,Supreme Court of Appeals,,,CHARLES E. STALNAKER,43
Wood,PRECINCT 41,Supreme Court of Appeals,,,CHARLES E. STALNAKER,65
Wood,PRECINCT 42A,Supreme Court of Appeals,,,CHARLES E. STALNAKER,84
Wood,PRECINCT 43A,Supreme Court of Appeals,,,CHARLES E. STALNAKER,54
Wood,PRECINCT 45,Supreme Court of Appeals,,,CHARLES E. STALNAKER,52
Wood,PRECINCT 45A,Supreme Court of Appeals,,,CHARLES E. STALNAKER,73
Wood,PRECINCT 46,Supreme Court of Appeals,,,CHARLES E. STALNAKER,83
Wood,PRECINCT 46B,Supreme Court of Appeals,,,CHARLES E. STALNAKER,72
Wood,PRECINCT 47,Supreme Court of Appeals,,,CHARLES E. STALNAKER,24
Wood,PRECINCT 48,Supreme Court of Appeals,,,CHARLES E. STALNAKER,96
Wood,PRECINCT 49,Supreme Court of Appeals,,,CHARLES E. STALNAKER,38
Wood,PRECINCT 49A,Supreme Court of Appeals,,,CHARLES E. STALNAKER,48
Wood,PRECINCT 50,Supreme Court of Appeals,,,CHARLES E. STALNAKER,27
Wood,PRECINCT 51,Supreme Court of Appeals,,,CHARLES E. STALNAKER,68
Wood,PRECINCT 52,Supreme Court of Appeals,,,CHARLES E. STALNAKER,94
Wood,PRECINCT 53,Supreme Court of Appeals,,,CHARLES E. STALNAKER,68
Wood,PRECINCT 53A,Supreme Court of Appeals,,,CHARLES E. STALNAKER,55
Wood,PRECINCT 54,Supreme Court of Appeals,,,CHARLES E. STALNAKER,35
Wood,PRECINCT 54A,Supreme Court of Appeals,,,CHARLES E. STALNAKER,60
Wood,PRECINCT 56,Supreme Court of Appeals,,,CHARLES E. STALNAKER,42
Wood,PRECINCT 56A,Supreme Court of Appeals,,,CHARLES E. STALNAKER,70
Wood,PRECINCT 57,Supreme Court of Appeals,,,CHARLES E. STALNAKER,45
Wood,PRECINCT 57A,Supreme Court of Appeals,,,CHARLES E. STALNAKER,50
Wood,PRECINCT 58,Supreme Court of Appeals,,,CHARLES E. STALNAKER,82
Wood,PRECINCT 60,Supreme Court of Appeals,,,CHARLES E. STALNAKER,33
Wood,PRECINCT 61,Supreme Court of Appeals,,,CHARLES E. STALNAKER,45
Wood,PRECINCT 62,Supreme Court of Appeals,,,CHARLES E. STALNAKER,52
Wood,PRECINCT 63,Supreme Court of Appeals,,,CHARLES E. STALNAKER,24
Wood,PRECINCT 63A,Supreme Court of Appeals,,,CHARLES E. STALNAKER,36
Wood,PRECINCT 63B,Supreme Court of Appeals,,,CHARLES E. STALNAKER,31
Wood,PRECINCT 64,Supreme Court of Appeals,,,CHARLES E. STALNAKER,49
Wood,PRECINCT 67,Supreme Court of Appeals,,,CHARLES E. STALNAKER,79
Wood,PRECINCT 67A,Supreme Court of Appeals,,,CHARLES E. STALNAKER,79
Wood,PRECINCT 69,Supreme Court of Appeals,,,CHARLES E. STALNAKER,39
Wood,PRECINCT 71,Supreme Court of Appeals,,,CHARLES E. STALNAKER,18
Wood,PRECINCT 74,Supreme Court of Appeals,,,CHARLES E. STALNAKER,68
Wood,PRECINCT 74B,Supreme Court of Appeals,,,CHARLES E. STALNAKER,49
Wood,PRECINCT 74C,Supreme Court of Appeals,,,CHARLES E. STALNAKER,63
Wood,PRECINCT 74U,Supreme Court of Appeals,,,CHARLES E. STALNAKER,11
Wood,PRECINCT 75,Supreme Court of Appeals,,,CHARLES E. STALNAKER,48
Wood,PRECINCT 77,Supreme Court of Appeals,,,CHARLES E. STALNAKER,73
Wood,PRECINCT 78,Supreme Court of Appeals,,,CHARLES E. STALNAKER,32
Wood,PRECINCT 78A,Supreme Court of Appeals,,,CHARLES E. STALNAKER,74
Wood,PRECINCT 79,Supreme Court of Appeals,,,CHARLES E. STALNAKER,65
Wood,PRECINCT 81,Supreme Court of Appeals,,,CHARLES E. STALNAKER,19
Wood,PRECINCT 82,Supreme Court of Appeals,,,CHARLES E. STALNAKER,55
Wood,PRECINCT 85,Supreme Court of Appeals,,,CHARLES E. STALNAKER,54
Wood,PRECINCT 86,Supreme Court of Appeals,,,CHARLES E. STALNAKER,55
Wood,PRECINCT 87,Supreme Court of Appeals,,,CHARLES E. STALNAKER,71
Wood,PRECINCT 88,Supreme Court of Appeals,,,CHARLES E. STALNAKER,56
Wood,PRECINCT 89,Supreme Court of Appeals,,,CHARLES E. STALNAKER,86
Wood,PRECINCT 8,Supreme Court of Appeals,,,C. DARREN TALLMAN,100
Wood,PRECINCT 10,Supreme Court of Appeals,,,C. DARREN TALLMAN,106
Wood,PRECINCT 13,Supreme Court of Appeals,,,C. DARREN TALLMAN,71
Wood,PRECINCT 16,Supreme Court of Appeals,,,C. DARREN TALLMAN,94
Wood,PRECINCT 19,Supreme Court of Appeals,,,C. DARREN TALLMAN,271
Wood,PRECINCT 27,Supreme Court of Appeals,,,C. DARREN TALLMAN,83
Wood,PRECINCT 29,Supreme Court of Appeals,,,C. DARREN TALLMAN,208
Wood,PRECINCT 32,Supreme Court of Appeals,,,C. DARREN TALLMAN,174
Wood,PRECINCT 33,Supreme Court of Appeals,,,C. DARREN TALLMAN,44
Wood,PRECINCT 34A,Supreme Court of Appeals,,,C. DARREN TALLMAN,264
Wood,PRECINCT 35,Supreme Court of Appeals,,,C. DARREN TALLMAN,206
Wood,PRECINCT 36,Supreme Court of Appeals,,,C. DARREN TALLMAN,125
Wood,PRECINCT 36B,Supreme Court of Appeals,,,C. DARREN TALLMAN,211
Wood,PRECINCT 37,Supreme Court of Appeals,,,C. DARREN TALLMAN,263
Wood,PRECINCT 37A,Supreme Court of Appeals,,,C. DARREN TALLMAN,260
Wood,PRECINCT 38,Supreme Court of Appeals,,,C. DARREN TALLMAN,33
Wood,PRECINCT 39,Supreme Court of Appeals,,,C. DARREN TALLMAN,83
Wood,PRECINCT 40,Supreme Court of Appeals,,,C. DARREN TALLMAN,84
Wood,PRECINCT 40A,Supreme Court of Appeals,,,C. DARREN TALLMAN,151
Wood,PRECINCT 41,Supreme Court of Appeals,,,C. DARREN TALLMAN,199
Wood,PRECINCT 42A,Supreme Court of Appeals,,,C. DARREN TALLMAN,258
Wood,PRECINCT 43A,Supreme Court of Appeals,,,C. DARREN TALLMAN,268
Wood,PRECINCT 45,Supreme Court of Appeals,,,C. DARREN TALLMAN,194
Wood,PRECINCT 45A,Supreme Court of Appeals,,,C. DARREN TALLMAN,254
Wood,PRECINCT 46,Supreme Court of Appeals,,,C. DARREN TALLMAN,328
Wood,PRECINCT 46B,Supreme Court of Appeals,,,C. DARREN TALLMAN,322
Wood,PRECINCT 47,Supreme Court of Appeals,,,C. DARREN TALLMAN,96
Wood,PRECINCT 48,Supreme Court of Appeals,,,C. DARREN TALLMAN,329
Wood,PRECINCT 49,Supreme Court of Appeals,,,C. DARREN TALLMAN,159
Wood,PRECINCT 49A,Supreme Court of Appeals,,,C. DARREN TALLMAN,162
Wood,PRECINCT 50,Supreme Court of Appeals,,,C. DARREN TALLMAN,107
Wood,PRECINCT 51,Supreme Court of Appeals,,,C. DARREN TALLMAN,302
Wood,PRECINCT 52,Supreme Court of Appeals,,,C. DARREN TALLMAN,328
Wood,PRECINCT 53,Supreme Court of Appeals,,,C. DARREN TALLMAN,171
Wood,PRECINCT 53A,Supreme Court of Appeals,,,C. DARREN TALLMAN,156
Wood,PRECINCT 54,Supreme Court of Appeals,,,C. DARREN TALLMAN,127
Wood,PRECINCT 54A,Supreme Court of Appeals,,,C. DARREN TALLMAN,156
Wood,PRECINCT 56,Supreme Court of Appeals,,,C. DARREN TALLMAN,107
Wood,PRECINCT 56A,Supreme Court of Appeals,,,C. DARREN TALLMAN,169
Wood,PRECINCT 57,Supreme Court of Appeals,,,C. DARREN TALLMAN,156
Wood,PRECINCT 57A,Supreme Court of Appeals,,,C. DARREN TALLMAN,145
Wood,PRECINCT 58,Supreme Court of Appeals,,,C. DARREN TALLMAN,282
Wood,PRECINCT 60,Supreme Court of Appeals,,,C. DARREN TALLMAN,109
Wood,PRECINCT 61,Supreme Court of Appeals,,,C. DARREN TALLMAN,133
Wood,PRECINCT 62,Supreme Court of Appeals,,,C. DARREN TALLMAN,249
Wood,PRECINCT 63,Supreme Court of Appeals,,,C. DARREN TALLMAN,87
Wood,PRECINCT 63A,Supreme Court of Appeals,,,C. DARREN TALLMAN,177
Wood,PRECINCT 63B,Supreme Court of Appeals,,,C. DARREN TALLMAN,148
Wood,PRECINCT 64,Supreme Court of Appeals,,,C. DARREN TALLMAN,203
Wood,PRECINCT 67,Supreme Court of Appeals,,,C. DARREN TALLMAN,318
Wood,PRECINCT 67A,Supreme Court of Appeals,,,C. DARREN TALLMAN,323
Wood,PRECINCT 69,Supreme Court of Appeals,,,C. DARREN TALLMAN,142
Wood,PRECINCT 71,Supreme Court of Appeals,,,C. DARREN TALLMAN,59
Wood,PRECINCT 74,Supreme Court of Appeals,,,C. DARREN TALLMAN,175
Wood,PRECINCT 74B,Supreme Court of Appeals,,,C. DARREN TALLMAN,216
Wood,PRECINCT 74C,Supreme Court of Appeals,,,C. DARREN TALLMAN,200
Wood,PRECINCT 74U,Supreme Court of Appeals,,,C. DARREN TALLMAN,45
Wood,PRECINCT 75,Supreme Court of Appeals,,,C. DARREN TALLMAN,142
Wood,PRECINCT 77,Supreme Court of Appeals,,,C. DARREN TALLMAN,204
Wood,PRECINCT 78,Supreme Court of Appeals,,,C. DARREN TALLMAN,116
Wood,PRECINCT 78A,Supreme Court of Appeals,,,C. DARREN TALLMAN,253
Wood,PRECINCT 79,Supreme Court of Appeals,,,C. DARREN TALLMAN,207
Wood,PRECINCT 81,Supreme Court of Appeals,,,C. DARREN TALLMAN,107
Wood,PRECINCT 82,Supreme Court of Appeals,,,C. DARREN TALLMAN,196
Wood,PRECINCT 85,Supreme Court of Appeals,,,C. DARREN TALLMAN,181
Wood,PRECINCT 86,Supreme Court of Appeals,,,C. DARREN TALLMAN,216
Wood,PRECINCT 87,Supreme Court of Appeals,,,C. DARREN TALLMAN,155
Wood,PRECINCT 88,Supreme Court of Appeals,,,C. DARREN TALLMAN,198
Wood,PRECINCT 89,Supreme Court of Appeals,,,C. DARREN TALLMAN,247
Wood,PRECINCT 8,MAGISTRATE,,,JODY M. PURKEY,100
Wood,PRECINCT 10,MAGISTRATE,,,JODY M. PURKEY,105
Wood,PRECINCT 13,MAGISTRATE,,,JODY M. PURKEY,73
Wood,PRECINCT 16,MAGISTRATE,,,JODY M. PURKEY,93
Wood,PRECINCT 19,MAGISTRATE,,,JODY M. PURKEY,269
Wood,PRECINCT 27,MAGISTRATE,,,JODY M. PURKEY,75
Wood,PRECINCT 29,MAGISTRATE,,,JODY M. PURKEY,210
Wood,PRECINCT 32,MAGISTRATE,,,JODY M. PURKEY,175
Wood,PRECINCT 33,MAGISTRATE,,,JODY M. PURKEY,44
Wood,PRECINCT 34A,MAGISTRATE,,,JODY M. PURKEY,269
Wood,PRECINCT 35,MAGISTRATE,,,JODY M. PURKEY,212
Wood,PRECINCT 36,MAGISTRATE,,,JODY M. PURKEY,132
Wood,PRECINCT 36B,MAGISTRATE,,,JODY M. PURKEY,208
Wood,PRECINCT 37,MAGISTRATE,,,JODY M. PURKEY,270
Wood,PRECINCT 37A,MAGISTRATE,,,JODY M. PURKEY,265
Wood,PRECINCT 38,MAGISTRATE,,,JODY M. PURKEY,35
Wood,PRECINCT 39,MAGISTRATE,,,JODY M. PURKEY,90
Wood,PRECINCT 40,MAGISTRATE,,,JODY M. PURKEY,94
Wood,PRECINCT 40A,MAGISTRATE,,,JODY M. PURKEY,152
Wood,PRECINCT 41,MAGISTRATE,,,JODY M. PURKEY,190
Wood,PRECINCT 42A,MAGISTRATE,,,JODY M. PURKEY,271
Wood,PRECINCT 43A,MAGISTRATE,,,JODY M. PURKEY,270
Wood,PRECINCT 45,MAGISTRATE,,,JODY M. PURKEY,206
Wood,PRECINCT 45A,MAGISTRATE,,,JODY M. PURKEY,262
Wood,PRECINCT 46,MAGISTRATE,,,JODY M. PURKEY,332
Wood,PRECINCT 46B,MAGISTRATE,,,JODY M. PURKEY,354
Wood,PRECINCT 47,MAGISTRATE,,,JODY M. PURKEY,96
Wood,PRECINCT 48,MAGISTRATE,,,JODY M. PURKEY,329
Wood,PRECINCT 49,MAGISTRATE,,,JODY M. PURKEY,162
Wood,PRECINCT 49A,MAGISTRATE,,,JODY M. PURKEY,152
Wood,PRECINCT 50,MAGISTRATE,,,JODY M. PURKEY,109
Wood,PRECINCT 51,MAGISTRATE,,,JODY M. PURKEY,306
Wood,PRECINCT 52,MAGISTRATE,,,JODY M. PURKEY,338
Wood,PRECINCT 53,MAGISTRATE,,,JODY M. PURKEY,173
Wood,PRECINCT 53A,MAGISTRATE,,,JODY M. PURKEY,161
Wood,PRECINCT 54,MAGISTRATE,,,JODY M. PURKEY,130
Wood,PRECINCT 54A,MAGISTRATE,,,JODY M. PURKEY,157
Wood,PRECINCT 56,MAGISTRATE,,,JODY M. PURKEY,104
Wood,PRECINCT 56A,MAGISTRATE,,,JODY M. PURKEY,172
Wood,PRECINCT 57,MAGISTRATE,,,JODY M. PURKEY,154
Wood,PRECINCT 57A,MAGISTRATE,,,JODY M. PURKEY,145
Wood,PRECINCT 58,MAGISTRATE,,,JODY M. PURKEY,286
Wood,PRECINCT 60,MAGISTRATE,,,JODY M. PURKEY,111
Wood,PRECINCT 61,MAGISTRATE,,,JODY M. PURKEY,132
Wood,PRECINCT 62,MAGISTRATE,,,JODY M. PURKEY,259
Wood,PRECINCT 63,MAGISTRATE,,,JODY M. PURKEY,83
Wood,PRECINCT 63A,MAGISTRATE,,,JODY M. PURKEY,177
Wood,PRECINCT 63B,MAGISTRATE,,,JODY M. PURKEY,146
Wood,PRECINCT 64,MAGISTRATE,,,JODY M. PURKEY,204
Wood,PRECINCT 67,MAGISTRATE,,,JODY M. PURKEY,324
Wood,PRECINCT 67A,MAGISTRATE,,,JODY M. PURKEY,314
Wood,PRECINCT 69,MAGISTRATE,,,JODY M. PURKEY,139
Wood,PRECINCT 71,MAGISTRATE,,,JODY M. PURKEY,70
Wood,PRECINCT 74,MAGISTRATE,,,JODY M. PURKEY,175
Wood,PRECINCT 74B,MAGISTRATE,,,JODY M. PURKEY,217
Wood,PRECINCT 74C,MAGISTRATE,,,JODY M. PURKEY,196
Wood,PRECINCT 74U,MAGISTRATE,,,JODY M. PURKEY,44
Wood,PRECINCT 75,MAGISTRATE,,,JODY M. PURKEY,141
Wood,PRECINCT 77,MAGISTRATE,,,JODY M. PURKEY,205
Wood,PRECINCT 78,MAGISTRATE,,,JODY M. PURKEY,114
Wood,PRECINCT 78A,MAGISTRATE,,,JODY M. PURKEY,256
Wood,PRECINCT 79,MAGISTRATE,,,JODY M. PURKEY,204
Wood,PRECINCT 81,MAGISTRATE,,,JODY M. PURKEY,101
Wood,PRECINCT 82,MAGISTRATE,,,JODY M. PURKEY,186
Wood,PRECINCT 85,MAGISTRATE,,,JODY M. PURKEY,177
Wood,PRECINCT 86,MAGISTRATE,,,JODY M. PURKEY,218
Wood,PRECINCT 87,MAGISTRATE,,,JODY M. PURKEY,154
Wood,PRECINCT 88,MAGISTRATE,,,JODY M. PURKEY,190
Wood,PRECINCT 89,MAGISTRATE,,,JODY M. PURKEY,253
Wood,PRECINCT 8,MAGISTRATE,,,BRENDA K MARSHALL,95
Wood,PRECINCT 10,MAGISTRATE,,,BRENDA K MARSHALL,102
Wood,PRECINCT 13,MAGISTRATE,,,BRENDA K MARSHALL,76
Wood,PRECINCT 16,MAGISTRATE,,,BRENDA K MARSHALL,99
Wood,PRECINCT 19,MAGISTRATE,,,BRENDA K MARSHALL,266
Wood,PRECINCT 27,MAGISTRATE,,,BRENDA K MARSHALL,79
Wood,PRECINCT 29,MAGISTRATE,,,BRENDA K MARSHALL,211
Wood,PRECINCT 32,MAGISTRATE,,,BRENDA K MARSHALL,179
Wood,PRECINCT 33,MAGISTRATE,,,BRENDA K MARSHALL,46
Wood,PRECINCT 34A,MAGISTRATE,,,BRENDA K MARSHALL,268
Wood,PRECINCT 35,MAGISTRATE,,,BRENDA K MARSHALL,217
Wood,PRECINCT 36,MAGISTRATE,,,BRENDA K MARSHALL,124
Wood,PRECINCT 36B,MAGISTRATE,,,BRENDA K MARSHALL,202
Wood,PRECINCT 37,MAGISTRATE,,,BRENDA K MARSHALL,255
Wood,PRECINCT 37A,MAGISTRATE,,,BRENDA K MARSHALL,260
Wood,PRECINCT 38,MAGISTRATE,,,BRENDA K MARSHALL,35
Wood,PRECINCT 39,MAGISTRATE,,,BRENDA K MARSHALL,88
Wood,PRECINCT 40,MAGISTRATE,,,BRENDA K MARSHALL,89
Wood,PRECINCT 40A,MAGISTRATE,,,BRENDA K MARSHALL,152
Wood,PRECINCT 41,MAGISTRATE,,,BRENDA K MARSHALL,185
Wood,PRECINCT 42A,MAGISTRATE,,,BRENDA K MARSHALL,260
Wood,PRECINCT 43A,MAGISTRATE,,,BRENDA K MARSHALL,251
Wood,PRECINCT 45,MAGISTRATE,,,BRENDA K MARSHALL,197
Wood,PRECINCT 45A,MAGISTRATE,,,BRENDA K MARSHALL,252
Wood,PRECINCT 46,MAGISTRATE,,,BRENDA K MARSHALL,331
Wood,PRECINCT 46B,MAGISTRATE,,,BRENDA K MARSHALL,335
Wood,PRECINCT 47,MAGISTRATE,,,BRENDA K MARSHALL,91
Wood,PRECINCT 48,MAGISTRATE,,,BRENDA K MARSHALL,314
Wood,PRECINCT 49,MAGISTRATE,,,BRENDA K MARSHALL,164
Wood,PRECINCT 49A,MAGISTRATE,,,BRENDA K MARSHALL,156
Wood,PRECINCT 50,MAGISTRATE,,,BRENDA K MARSHALL,108
Wood,PRECINCT 51,MAGISTRATE,,,BRENDA K MARSHALL,306
Wood,PRECINCT 52,MAGISTRATE,,,BRENDA K MARSHALL,325
Wood,PRECINCT 53,MAGISTRATE,,,BRENDA K MARSHALL,175
Wood,PRECINCT 53A,MAGISTRATE,,,BRENDA K MARSHALL,163
Wood,PRECINCT 54,MAGISTRATE,,,BRENDA K MARSHALL,136
Wood,PRECINCT 54A,MAGISTRATE,,,BRENDA K MARSHALL,157
Wood,PRECINCT 56,MAGISTRATE,,,BRENDA K MARSHALL,104
Wood,PRECINCT 56A,MAGISTRATE,,,BRENDA K MARSHALL,176
Wood,PRECINCT 57,MAGISTRATE,,,BRENDA K MARSHALL,153
Wood,PRECINCT 57A,MAGISTRATE,,,BRENDA K MARSHALL,152
Wood,PRECINCT 58,MAGISTRATE,,,BRENDA K MARSHALL,299
Wood,PRECINCT 60,MAGISTRATE,,,BRENDA K MARSHALL,117
Wood,PRECINCT 61,MAGISTRATE,,,BRENDA K MARSHALL,128
Wood,PRECINCT 62,MAGISTRATE,,,BRENDA K MARSHALL,264
Wood,PRECINCT 63,MAGISTRATE,,,BRENDA K MARSHALL,85
Wood,PRECINCT 63A,MAGISTRATE,,,BRENDA K MARSHALL,185
Wood,PRECINCT 63B,MAGISTRATE,,,BRENDA K MARSHALL,144
Wood,PRECINCT 64,MAGISTRATE,,,BRENDA K MARSHALL,213
Wood,PRECINCT 67,MAGISTRATE,,,BRENDA K MARSHALL,330
Wood,PRECINCT 67A,MAGISTRATE,,,BRENDA K MARSHALL,310
Wood,PRECINCT 69,MAGISTRATE,,,BRENDA K MARSHALL,147
Wood,PRECINCT 71,MAGISTRATE,,,BRENDA K MARSHALL,69
Wood,PRECINCT 74,MAGISTRATE,,,BRENDA K MARSHALL,180
Wood,PRECINCT 74B,MAGISTRATE,,,BRENDA K MARSHALL,215
Wood,PRECINCT 74C,MAGISTRATE,,,BRENDA K MARSHALL,194
Wood,PRECINCT 74U,MAGISTRATE,,,BRENDA K MARSHALL,44
Wood,PRECINCT 75,MAGISTRATE,,,BRENDA K MARSHALL,145
Wood,PRECINCT 77,MAGISTRATE,,,BRENDA K MARSHALL,201
Wood,PRECINCT 78,MAGISTRATE,,,BRENDA K MARSHALL,117
Wood,PRECINCT 78A,MAGISTRATE,,,BRENDA K MARSHALL,257
Wood,PRECINCT 79,MAGISTRATE,,,BRENDA K MARSHALL,205
Wood,PRECINCT 81,MAGISTRATE,,,BRENDA K MARSHALL,101
Wood,PRECINCT 82,MAGISTRATE,,,BRENDA K MARSHALL,188
Wood,PRECINCT 85,MAGISTRATE,,,BRENDA K MARSHALL,175
Wood,PRECINCT 86,MAGISTRATE,,,BRENDA K MARSHALL,217
Wood,PRECINCT 87,MAGISTRATE,,,BRENDA K MARSHALL,163
Wood,PRECINCT 88,MAGISTRATE,,,BRENDA K MARSHALL,187
Wood,PRECINCT 89,MAGISTRATE,,,BRENDA K MARSHALL,252
Wood,PRECINCT 8,MAGISTRATE,,,ROBIN A. WATERS,99
Wood,PRECINCT 10,MAGISTRATE,,,ROBIN A. WATERS,102
Wood,PRECINCT 13,MAGISTRATE,,,ROBIN A. WATERS,70
Wood,PRECINCT 16,MAGISTRATE,,,ROBIN A. WATERS,96
Wood,PRECINCT 19,MAGISTRATE,,,ROBIN A. WATERS,266
Wood,PRECINCT 27,MAGISTRATE,,,ROBIN A. WATERS,79
Wood,PRECINCT 29,MAGISTRATE,,,ROBIN A. WATERS,227
Wood,PRECINCT 32,MAGISTRATE,,,ROBIN A. WATERS,171
Wood,PRECINCT 33,MAGISTRATE,,,ROBIN A. WATERS,43
Wood,PRECINCT 34A,MAGISTRATE,,,ROBIN A. WATERS,274
Wood,PRECINCT 35,MAGISTRATE,,,ROBIN A. WATERS,210
Wood,PRECINCT 36,MAGISTRATE,,,ROBIN A. WATERS,125
Wood,PRECINCT 36B,MAGISTRATE,,,ROBIN A. WATERS,196
Wood,PRECINCT 37,MAGISTRATE,,,ROBIN A. WATERS,263
Wood,PRECINCT 37A,MAGISTRATE,,,ROBIN A. WATERS,262
Wood,PRECINCT 38,MAGISTRATE,,,ROBIN A. WATERS,36
Wood,PRECINCT 39,MAGISTRATE,,,ROBIN A. WATERS,89
Wood,PRECINCT 40,MAGISTRATE,,,ROBIN A. WATERS,85
Wood,PRECINCT 40A,MAGISTRATE,,,ROBIN A. WATERS,150
Wood,PRECINCT 41,MAGISTRATE,,,ROBIN A. WATERS,193
Wood,PRECINCT 42A,MAGISTRATE,,,ROBIN A. WATERS,273
Wood,PRECINCT 43A,MAGISTRATE,,,ROBIN A. WATERS,264
Wood,PRECINCT 45,MAGISTRATE,,,ROBIN A. WATERS,215
Wood,PRECINCT 45A,MAGISTRATE,,,ROBIN A. WATERS,263
Wood,PRECINCT 46,MAGISTRATE,,,ROBIN A. WATERS,357
Wood,PRECINCT 46B,MAGISTRATE,,,ROBIN A. WATERS,347
Wood,PRECINCT 47,MAGISTRATE,,,ROBIN A. WATERS,97
Wood,PRECINCT 48,MAGISTRATE,,,ROBIN A. WATERS,327
Wood,PRECINCT 49,MAGISTRATE,,,ROBIN A. WATERS,167
Wood,PRECINCT 49A,MAGISTRATE,,,ROBIN A. WATERS,157
Wood,PRECINCT 50,MAGISTRATE,,,ROBIN A. WATERS,107
Wood,PRECINCT 51,MAGISTRATE,,,ROBIN A. WATERS,306
Wood,PRECINCT 52,MAGISTRATE,,,ROBIN A. WATERS,333
Wood,PRECINCT 53,MAGISTRATE,,,ROBIN A. WATERS,169
Wood,PRECINCT 53A,MAGISTRATE,,,ROBIN A. WATERS,163
Wood,PRECINCT 54,MAGISTRATE,,,ROBIN A. WATERS,134
Wood,PRECINCT 54A,MAGISTRATE,,,ROBIN A. WATERS,151
Wood,PRECINCT 56,MAGISTRATE,,,ROBIN A. WATERS,104
Wood,PRECINCT 56A,MAGISTRATE,,,ROBIN A. WATERS,177
Wood,PRECINCT 57,MAGISTRATE,,,ROBIN A. WATERS,156
Wood,PRECINCT 57A,MAGISTRATE,,,ROBIN A. WATERS,148
Wood,PRECINCT 58,MAGISTRATE,,,ROBIN A. WATERS,279
Wood,PRECINCT 60,MAGISTRATE,,,ROBIN A. WATERS,116
Wood,PRECINCT 61,MAGISTRATE,,,ROBIN A. WATERS,134
Wood,PRECINCT 62,MAGISTRATE,,,ROBIN A. WATERS,262
Wood,PRECINCT 63,MAGISTRATE,,,ROBIN A. WATERS,83
Wood,PRECINCT 63A,MAGISTRATE,,,ROBIN A. WATERS,177
Wood,PRECINCT 63B,MAGISTRATE,,,ROBIN A. WATERS,148
Wood,PRECINCT 64,MAGISTRATE,,,ROBIN A. WATERS,204
Wood,PRECINCT 67,MAGISTRATE,,,ROBIN A. WATERS,314
Wood,PRECINCT 67A,MAGISTRATE,,,ROBIN A. WATERS,315
Wood,PRECINCT 69,MAGISTRATE,,,ROBIN A. WATERS,139
Wood,PRECINCT 71,MAGISTRATE,,,ROBIN A. WATERS,62
Wood,PRECINCT 74,MAGISTRATE,,,ROBIN A. WATERS,173
Wood,PRECINCT 74B,MAGISTRATE,,,ROBIN A. WATERS,219
Wood,PRECINCT 74C,MAGISTRATE,,,ROBIN A. WATERS,186
Wood,PRECINCT 74U,MAGISTRATE,,,ROBIN A. WATERS,42
Wood,PRECINCT 75,MAGISTRATE,,,ROBIN A. WATERS,142
Wood,PRECINCT 77,MAGISTRATE,,,ROBIN A. WATERS,194
Wood,PRECINCT 78,MAGISTRATE,,,ROBIN A. WATERS,118
Wood,PRECINCT 78A,MAGISTRATE,,,ROBIN A. WATERS,261
Wood,PRECINCT 79,MAGISTRATE,,,ROBIN A. WATERS,209
Wood,PRECINCT 81,MAGISTRATE,,,ROBIN A. WATERS,105
Wood,PRECINCT 82,MAGISTRATE,,,ROBIN A. WATERS,184
Wood,PRECINCT 85,MAGISTRATE,,,ROBIN A. WATERS,172
Wood,PRECINCT 86,MAGISTRATE,,,ROBIN A. WATERS,218
Wood,PRECINCT 87,MAGISTRATE,,,ROBIN A. WATERS,155
Wood,PRECINCT 88,MAGISTRATE,,,ROBIN A. WATERS,191
Wood,PRECINCT 89,MAGISTRATE,,,ROBIN A. WATERS,262
Wood,PRECINCT 8,MAGISTRATE,,,JOE A KUHL,93
Wood,PRECINCT 10,MAGISTRATE,,,JOE A KUHL,100
Wood,PRECINCT 13,MAGISTRATE,,,JOE A KUHL,71
Wood,PRECINCT 16,MAGISTRATE,,,JOE A KUHL,93
Wood,PRECINCT 19,MAGISTRATE,,,JOE A KUHL,264
Wood,PRECINCT 27,MAGISTRATE,,,JOE A KUHL,78
Wood,PRECINCT 29,MAGISTRATE,,,JOE A KUHL,203
Wood,PRECINCT 32,MAGISTRATE,,,JOE A KUHL,167
Wood,PRECINCT 33,MAGISTRATE,,,JOE A KUHL,46
Wood,PRECINCT 34A,MAGISTRATE,,,JOE A KUHL,258
Wood,PRECINCT 35,MAGISTRATE,,,JOE A KUHL,212
Wood,PRECINCT 36,MAGISTRATE,,,JOE A KUHL,127
Wood,PRECINCT 36B,MAGISTRATE,,,JOE A KUHL,200
Wood,PRECINCT 37,MAGISTRATE,,,JOE A KUHL,244
Wood,PRECINCT 37A,MAGISTRATE,,,JOE A KUHL,252
Wood,PRECINCT 38,MAGISTRATE,,,JOE A KUHL,33
Wood,PRECINCT 39,MAGISTRATE,,,JOE A KUHL,86
Wood,PRECINCT 40,MAGISTRATE,,,JOE A KUHL,86
Wood,PRECINCT 40A,MAGISTRATE,,,JOE A KUHL,147
Wood,PRECINCT 41,MAGISTRATE,,,JOE A KUHL,189
Wood,PRECINCT 42A,MAGISTRATE,,,JOE A KUHL,255
Wood,PRECINCT 43A,MAGISTRATE,,,JOE A KUHL,259
Wood,PRECINCT 45,MAGISTRATE,,,JOE A KUHL,200
Wood,PRECINCT 45A,MAGISTRATE,,,JOE A KUHL,247
Wood,PRECINCT 46,MAGISTRATE,,,JOE A KUHL,314
Wood,PRECINCT 46B,MAGISTRATE,,,JOE A KUHL,335
Wood,PRECINCT 47,MAGISTRATE,,,JOE A KUHL,87
Wood,PRECINCT 48,MAGISTRATE,,,JOE A KUHL,313
Wood,PRECINCT 49,MAGISTRATE,,,JOE A KUHL,155
Wood,PRECINCT 49A,MAGISTRATE,,,JOE A KUHL,151
Wood,PRECINCT 50,MAGISTRATE,,,JOE A KUHL,105
Wood,PRECINCT 51,MAGISTRATE,,,JOE A KUHL,299
Wood,PRECINCT 52,MAGISTRATE,,,JOE A KUHL,322
Wood,PRECINCT 53,MAGISTRATE,,,JOE A KUHL,164
Wood,PRECINCT 53A,MAGISTRATE,,,JOE A KUHL,158
Wood,PRECINCT 54,MAGISTRATE,,,JOE A KUHL,126
Wood,PRECINCT 54A,MAGISTRATE,,,JOE A KUHL,152
Wood,PRECINCT 56,MAGISTRATE,,,JOE A KUHL,107
Wood,PRECINCT 56A,MAGISTRATE,,,JOE A KUHL,172
Wood,PRECINCT 57,MAGISTRATE,,,JOE A KUHL,149
Wood,PRECINCT 57A,MAGISTRATE,,,JOE A KUHL,140
Wood,PRECINCT 58,MAGISTRATE,,,JOE A KUHL,276
Wood,PRECINCT 60,MAGISTRATE,,,JOE A KUHL,109
Wood,PRECINCT 61,MAGISTRATE,,,JOE A KUHL,127
Wood,PRECINCT 62,MAGISTRATE,,,JOE A KUHL,248
Wood,PRECINCT 63,MAGISTRATE,,,JOE A KUHL,86
Wood,PRECINCT 63A,MAGISTRATE,,,JOE A KUHL,165
Wood,PRECINCT 63B,MAGISTRATE,,,JOE A KUHL,144
Wood,PRECINCT 64,MAGISTRATE,,,JOE A KUHL,197
Wood,PRECINCT 67,MAGISTRATE,,,JOE A KUHL,316
Wood,PRECINCT 67A,MAGISTRATE,,,JOE A KUHL,308
Wood,PRECINCT 69,MAGISTRATE,,,JOE A KUHL,144
Wood,PRECINCT 71,MAGISTRATE,,,JOE A KUHL,59
Wood,PRECINCT 74,MAGISTRATE,,,JOE A KUHL,175
Wood,PRECINCT 74B,MAGISTRATE,,,JOE A KUHL,207
Wood,PRECINCT 74C,MAGISTRATE,,,JOE A KUHL,195
Wood,PRECINCT 74U,MAGISTRATE,,,JOE A KUHL,42
Wood,PRECINCT 75,MAGISTRATE,,,JOE A KUHL,140
Wood,PRECINCT 77,MAGISTRATE,,,JOE A KUHL,196
Wood,PRECINCT 78,MAGISTRATE,,,JOE A KUHL,117
Wood,PRECINCT 78A,MAGISTRATE,,,JOE A KUHL,254
Wood,PRECINCT 79,MAGISTRATE,,,JOE A KUHL,206
Wood,PRECINCT 81,MAGISTRATE,,,JOE A KUHL,102
Wood,PRECINCT 82,MAGISTRATE,,,JOE A KUHL,185
Wood,PRECINCT 85,MAGISTRATE,,,JOE A KUHL,170
Wood,PRECINCT 86,MAGISTRATE,,,JOE A KUHL,211
Wood,PRECINCT 87,MAGISTRATE,,,JOE A KUHL,155
Wood,PRECINCT 88,MAGISTRATE,,,JOE A KUHL,182
Wood,PRECINCT 89,MAGISTRATE,,,JOE A KUHL,251
Wood,PRECINCT 8,MAGISTRATE,,,LISA A  LYONS,7
Wood,PRECINCT 10,MAGISTRATE,,,LISA A  LYONS,9
Wood,PRECINCT 13,MAGISTRATE,,,LISA A  LYONS,1
Wood,PRECINCT 16,MAGISTRATE,,,LISA A  LYONS,7
Wood,PRECINCT 19,MAGISTRATE,,,LISA A  LYONS,26
Wood,PRECINCT 27,MAGISTRATE,,,LISA A  LYONS,9
Wood,PRECINCT 29,MAGISTRATE,,,LISA A  LYONS,15
Wood,PRECINCT 32,MAGISTRATE,,,LISA A  LYONS,18
Wood,PRECINCT 33,MAGISTRATE,,,LISA A  LYONS,0
Wood,PRECINCT 34A,MAGISTRATE,,,LISA A  LYONS,16
Wood,PRECINCT 35,MAGISTRATE,,,LISA A  LYONS,16
Wood,PRECINCT 36,MAGISTRATE,,,LISA A  LYONS,6
Wood,PRECINCT 36B,MAGISTRATE,,,LISA A  LYONS,18
Wood,PRECINCT 37,MAGISTRATE,,,LISA A  LYONS,20
Wood,PRECINCT 37A,MAGISTRATE,,,LISA A  LYONS,31
Wood,PRECINCT 38,MAGISTRATE,,,LISA A  LYONS,3
Wood,PRECINCT 39,MAGISTRATE,,,LISA A  LYONS,9
Wood,PRECINCT 40,MAGISTRATE,,,LISA A  LYONS,7
Wood,PRECINCT 40A,MAGISTRATE,,,LISA A  LYONS,12
Wood,PRECINCT 41,MAGISTRATE,,,LISA A  LYONS,11
Wood,PRECINCT 42A,MAGISTRATE,,,LISA A  LYONS,21
Wood,PRECINCT 43A,MAGISTRATE,,,LISA A  LYONS,19
Wood,PRECINCT 45,MAGISTRATE,,,LISA A  LYONS,17
Wood,PRECINCT 45A,MAGISTRATE,,,LISA A  LYONS,18
Wood,PRECINCT 46,MAGISTRATE,,,LISA A  LYONS,29
Wood,PRECINCT 46B,MAGISTRATE,,,LISA A  LYONS,32
Wood,PRECINCT 47,MAGISTRATE,,,LISA A  LYONS,8
Wood,PRECINCT 48,MAGISTRATE,,,LISA A  LYONS,112
Wood,PRECINCT 49,MAGISTRATE,,,LISA A  LYONS,39
Wood,PRECINCT 49A,MAGISTRATE,,,LISA A  LYONS,11
Wood,PRECINCT 50,MAGISTRATE,,,LISA A  LYONS,46
Wood,PRECINCT 51,MAGISTRATE,,,LISA A  LYONS,174
Wood,PRECINCT 52,MAGISTRATE,,,LISA A  LYONS,194
Wood,PRECINCT 53,MAGISTRATE,,,LISA A  LYONS,25
Wood,PRECINCT 53A,MAGISTRATE,,,LISA A  LYONS,17
Wood,PRECINCT 54,MAGISTRATE,,,LISA A  LYONS,28
Wood,PRECINCT 54A,MAGISTRATE,,,LISA A  LYONS,64
Wood,PRECINCT 56,MAGISTRATE,,,LISA A  LYONS,7
Wood,PRECINCT 56A,MAGISTRATE,,,LISA A  LYONS,20
Wood,PRECINCT 57,MAGISTRATE,,,LISA A  LYONS,12
Wood,PRECINCT 57A,MAGISTRATE,,,LISA A  LYONS,14
Wood,PRECINCT 58,MAGISTRATE,,,LISA A  LYONS,14
Wood,PRECINCT 60,MAGISTRATE,,,LISA A  LYONS,9
Wood,PRECINCT 61,MAGISTRATE,,,LISA A  LYONS,17
Wood,PRECINCT 62,MAGISTRATE,,,LISA A  LYONS,13
Wood,PRECINCT 63,MAGISTRATE,,,LISA A  LYONS,9
Wood,PRECINCT 63A,MAGISTRATE,,,LISA A  LYONS,11
Wood,PRECINCT 63B,MAGISTRATE,,,LISA A  LYONS,10
Wood,PRECINCT 64,MAGISTRATE,,,LISA A  LYONS,8
Wood,PRECINCT 67,MAGISTRATE,,,LISA A  LYONS,11
Wood,PRECINCT 67A,MAGISTRATE,,,LISA A  LYONS,14
Wood,PRECINCT 69,MAGISTRATE,,,LISA A  LYONS,8
Wood,PRECINCT 71,MAGISTRATE,,,LISA A  LYONS,6
Wood,PRECINCT 74,MAGISTRATE,,,LISA A  LYONS,14
Wood,PRECINCT 74B,MAGISTRATE,,,LISA A  LYONS,16
Wood,PRECINCT 74C,MAGISTRATE,,,LISA A  LYONS,10
Wood,PRECINCT 74U,MAGISTRATE,,,LISA A  LYONS,3
Wood,PRECINCT 75,MAGISTRATE,,,LISA A  LYONS,10
Wood,PRECINCT 77,MAGISTRATE,,,LISA A  LYONS,14
Wood,PRECINCT 78,MAGISTRATE,,,LISA A  LYONS,8
Wood,PRECINCT 78A,MAGISTRATE,,,LISA A  LYONS,20
Wood,PRECINCT 79,MAGISTRATE,,,LISA A  LYONS,6
Wood,PRECINCT 81,MAGISTRATE,,,LISA A  LYONS,0
Wood,PRECINCT 82,MAGISTRATE,,,LISA A  LYONS,7
Wood,PRECINCT 85,MAGISTRATE,,,LISA A  LYONS,14
Wood,PRECINCT 86,MAGISTRATE,,,LISA A  LYONS,8
Wood,PRECINCT 87,MAGISTRATE,,,LISA A  LYONS,7
Wood,PRECINCT 88,MAGISTRATE,,,LISA A  LYONS,10
Wood,PRECINCT 89,MAGISTRATE,,,LISA A  LYONS,13
Wood,PRECINCT 8,MAGISTRATE,,,DON LINDSEY,20
Wood,PRECINCT 10,MAGISTRATE,,,DON LINDSEY,19
Wood,PRECINCT 13,MAGISTRATE,,,DON LINDSEY,15
Wood,PRECINCT 16,MAGISTRATE,,,DON LINDSEY,21
Wood,PRECINCT 19,MAGISTRATE,,,DON LINDSEY,77
Wood,PRECINCT 27,MAGISTRATE,,,DON LINDSEY,15
Wood,PRECINCT 29,MAGISTRATE,,,DON LINDSEY,48
Wood,PRECINCT 32,MAGISTRATE,,,DON LINDSEY,47
Wood,PRECINCT 33,MAGISTRATE,,,DON LINDSEY,4
Wood,PRECINCT 34A,MAGISTRATE,,,DON LINDSEY,66
Wood,PRECINCT 35,MAGISTRATE,,,DON LINDSEY,48
Wood,PRECINCT 36,MAGISTRATE,,,DON LINDSEY,33
Wood,PRECINCT 36B,MAGISTRATE,,,DON LINDSEY,52
Wood,PRECINCT 37,MAGISTRATE,,,DON LINDSEY,103
Wood,PRECINCT 37A,MAGISTRATE,,,DON LINDSEY,51
Wood,PRECINCT 38,MAGISTRATE,,,DON LINDSEY,23
Wood,PRECINCT 39,MAGISTRATE,,,DON LINDSEY,24
Wood,PRECINCT 40,MAGISTRATE,,,DON LINDSEY,31
Wood,PRECINCT 40A,MAGISTRATE,,,DON LINDSEY,21
Wood,PRECINCT 41,MAGISTRATE,,,DON LINDSEY,45
Wood,PRECINCT 42A,MAGISTRATE,,,DON LINDSEY,96
Wood,PRECINCT 43A,MAGISTRATE,,,DON LINDSEY,73
Wood,PRECINCT 45,MAGISTRATE,,,DON LINDSEY,65
Wood,PRECINCT 45A,MAGISTRATE,,,DON LINDSEY,74
Wood,PRECINCT 46,MAGISTRATE,,,DON LINDSEY,110
Wood,PRECINCT 46B,MAGISTRATE,,,DON LINDSEY,114
Wood,PRECINCT 47,MAGISTRATE,,,DON LINDSEY,27
Wood,PRECINCT 48,MAGISTRATE,,,DON LINDSEY,83
Wood,PRECINCT 49,MAGISTRATE,,,DON LINDSEY,36
Wood,PRECINCT 49A,MAGISTRATE,,,DON LINDSEY,50
Wood,PRECINCT 50,MAGISTRATE,,,DON LINDSEY,33
Wood,PRECINCT 51,MAGISTRATE,,,DON LINDSEY,54
Wood,PRECINCT 52,MAGISTRATE,,,DON LINDSEY,62
Wood,PRECINCT 53,MAGISTRATE,,,DON LINDSEY,55
Wood,PRECINCT 53A,MAGISTRATE,,,DON LINDSEY,48
Wood,PRECINCT 54,MAGISTRATE,,,DON LINDSEY,57
Wood,PRECINCT 54A,MAGISTRATE,,,DON LINDSEY,40
Wood,PRECINCT 56,MAGISTRATE,,,DON LINDSEY,43
Wood,PRECINCT 56A,MAGISTRATE,,,DON LINDSEY,55
Wood,PRECINCT 57,MAGISTRATE,,,DON LINDSEY,67
Wood,PRECINCT 57A,MAGISTRATE,,,DON LINDSEY,54
Wood,PRECINCT 58,MAGISTRATE,,,DON LINDSEY,94
Wood,PRECINCT 60,MAGISTRATE,,,DON LINDSEY,34
Wood,PRECINCT 61,MAGISTRATE,,,DON LINDSEY,52
Wood,PRECINCT 62,MAGISTRATE,,,DON LINDSEY,59
Wood,PRECINCT 63,MAGISTRATE,,,DON LINDSEY,30
Wood,PRECINCT 63A,MAGISTRATE,,,DON LINDSEY,36
Wood,PRECINCT 63B,MAGISTRATE,,,DON LINDSEY,25
Wood,PRECINCT 64,MAGISTRATE,,,DON LINDSEY,44
Wood,PRECINCT 67,MAGISTRATE,,,DON LINDSEY,48
Wood,PRECINCT 67A,MAGISTRATE,,,DON LINDSEY,77
Wood,PRECINCT 69,MAGISTRATE,,,DON LINDSEY,59
Wood,PRECINCT 71,MAGISTRATE,,,DON LINDSEY,13
Wood,PRECINCT 74,MAGISTRATE,,,DON LINDSEY,50
Wood,PRECINCT 74B,MAGISTRATE,,,DON LINDSEY,75
Wood,PRECINCT 74C,MAGISTRATE,,,DON LINDSEY,48
Wood,PRECINCT 74U,MAGISTRATE,,,DON LINDSEY,11
Wood,PRECINCT 75,MAGISTRATE,,,DON LINDSEY,51
Wood,PRECINCT 77,MAGISTRATE,,,DON LINDSEY,72
Wood,PRECINCT 78,MAGISTRATE,,,DON LINDSEY,55
Wood,PRECINCT 78A,MAGISTRATE,,,DON LINDSEY,93
Wood,PRECINCT 79,MAGISTRATE,,,DON LINDSEY,144
Wood,PRECINCT 81,MAGISTRATE,,,DON LINDSEY,35
Wood,PRECINCT 82,MAGISTRATE,,,DON LINDSEY,54
Wood,PRECINCT 85,MAGISTRATE,,,DON LINDSEY,93
Wood,PRECINCT 86,MAGISTRATE,,,DON LINDSEY,129
Wood,PRECINCT 87,MAGISTRATE,,,DON LINDSEY,108
Wood,PRECINCT 88,MAGISTRATE,,,DON LINDSEY,121
Wood,PRECINCT 89,MAGISTRATE,,,DON LINDSEY,144
Wood,PRECINCT 8,MAGISTRATE,,,HEATHER SCOTT CAMPBELL,14
Wood,PRECINCT 10,MAGISTRATE,,,HEATHER SCOTT CAMPBELL,15
Wood,PRECINCT 13,MAGISTRATE,,,HEATHER SCOTT CAMPBELL,8
Wood,PRECINCT 16,MAGISTRATE,,,HEATHER SCOTT CAMPBELL,15
Wood,PRECINCT 19,MAGISTRATE,,,HEATHER SCOTT CAMPBELL,46
Wood,PRECINCT 27,MAGISTRATE,,,HEATHER SCOTT CAMPBELL,13
Wood,PRECINCT 29,MAGISTRATE,,,HEATHER SCOTT CAMPBELL,50
Wood,PRECINCT 32,MAGISTRATE,,,HEATHER SCOTT CAMPBELL,38
Wood,PRECINCT 33,MAGISTRATE,,,HEATHER SCOTT CAMPBELL,6
Wood,PRECINCT 34A,MAGISTRATE,,,HEATHER SCOTT CAMPBELL,81
Wood,PRECINCT 35,MAGISTRATE,,,HEATHER SCOTT CAMPBELL,46
Wood,PRECINCT 36,MAGISTRATE,,,HEATHER SCOTT CAMPBELL,19
Wood,PRECINCT 36B,MAGISTRATE,,,HEATHER SCOTT CAMPBELL,24
Wood,PRECINCT 37,MAGISTRATE,,,HEATHER SCOTT CAMPBELL,39
Wood,PRECINCT 37A,MAGISTRATE,,,HEATHER SCOTT CAMPBELL,46
Wood,PRECINCT 38,MAGISTRATE,,,HEATHER SCOTT CAMPBELL,4
Wood,PRECINCT 39,MAGISTRATE,,,HEATHER SCOTT CAMPBELL,7
Wood,PRECINCT 40,MAGISTRATE,,,HEATHER SCOTT CAMPBELL,11
Wood,PRECINCT 40A,MAGISTRATE,,,HEATHER SCOTT CAMPBELL,18
Wood,PRECINCT 41,MAGISTRATE,,,HEATHER SCOTT CAMPBELL,16
Wood,PRECINCT 42A,MAGISTRATE,,,HEATHER SCOTT CAMPBELL,25
Wood,PRECINCT 43A,MAGISTRATE,,,HEATHER SCOTT CAMPBELL,18
Wood,PRECINCT 45,MAGISTRATE,,,HEATHER SCOTT CAMPBELL,15
Wood,PRECINCT 45A,MAGISTRATE,,,HEATHER SCOTT CAMPBELL,32
Wood,PRECINCT 46,MAGISTRATE,,,HEATHER SCOTT CAMPBELL,21
Wood,PRECINCT 46B,MAGISTRATE,,,HEATHER SCOTT CAMPBELL,43
Wood,PRECINCT 47,MAGISTRATE,,,HEATHER SCOTT CAMPBELL,4
Wood,PRECINCT 48,MAGISTRATE,,,HEATHER SCOTT CAMPBELL,22
Wood,PRECINCT 49,MAGISTRATE,,,HEATHER SCOTT CAMPBELL,13
Wood,PRECINCT 49A,MAGISTRATE,,,HEATHER SCOTT CAMPBELL,20
Wood,PRECINCT 50,MAGISTRATE,,,HEATHER SCOTT CAMPBELL,6
Wood,PRECINCT 51,MAGISTRATE,,,HEATHER SCOTT CAMPBELL,16
Wood,PRECINCT 52,MAGISTRATE,,,HEATHER SCOTT CAMPBELL,13
Wood,PRECINCT 53,MAGISTRATE,,,HEATHER SCOTT CAMPBELL,24
Wood,PRECINCT 53A,MAGISTRATE,,,HEATHER SCOTT CAMPBELL,30
Wood,PRECINCT 54,MAGISTRATE,,,HEATHER SCOTT CAMPBELL,9
Wood,PRECINCT 54A,MAGISTRATE,,,HEATHER SCOTT CAMPBELL,4
Wood,PRECINCT 56,MAGISTRATE,,,HEATHER SCOTT CAMPBELL,11
Wood,PRECINCT 56A,MAGISTRATE,,,HEATHER SCOTT CAMPBELL,20
Wood,PRECINCT 57,MAGISTRATE,,,HEATHER SCOTT CAMPBELL,28
Wood,PRECINCT 57A,MAGISTRATE,,,HEATHER SCOTT CAMPBELL,19
Wood,PRECINCT 58,MAGISTRATE,,,HEATHER SCOTT CAMPBELL,38
Wood,PRECINCT 60,MAGISTRATE,,,HEATHER SCOTT CAMPBELL,13
Wood,PRECINCT 61,MAGISTRATE,,,HEATHER SCOTT CAMPBELL,7
Wood,PRECINCT 62,MAGISTRATE,,,HEATHER SCOTT CAMPBELL,34
Wood,PRECINCT 63,MAGISTRATE,,,HEATHER SCOTT CAMPBELL,15
Wood,PRECINCT 63A,MAGISTRATE,,,HEATHER SCOTT CAMPBELL,25
Wood,PRECINCT 63B,MAGISTRATE,,,HEATHER SCOTT CAMPBELL,27
Wood,PRECINCT 64,MAGISTRATE,,,HEATHER SCOTT CAMPBELL,70
Wood,PRECINCT 67,MAGISTRATE,,,HEATHER SCOTT CAMPBELL,27
Wood,PRECINCT 67A,MAGISTRATE,,,HEATHER SCOTT CAMPBELL,28
Wood,PRECINCT 69,MAGISTRATE,,,HEATHER SCOTT CAMPBELL,14
Wood,PRECINCT 71,MAGISTRATE,,,HEATHER SCOTT CAMPBELL,7
Wood,PRECINCT 74,MAGISTRATE,,,HEATHER SCOTT CAMPBELL,26
Wood,PRECINCT 74B,MAGISTRATE,,,HEATHER SCOTT CAMPBELL,31
Wood,PRECINCT 74C,MAGISTRATE,,,HEATHER SCOTT CAMPBELL,27
Wood,PRECINCT 74U,MAGISTRATE,,,HEATHER SCOTT CAMPBELL,8
Wood,PRECINCT 75,MAGISTRATE,,,HEATHER SCOTT CAMPBELL,20
Wood,PRECINCT 77,MAGISTRATE,,,HEATHER SCOTT CAMPBELL,31
Wood,PRECINCT 78,MAGISTRATE,,,HEATHER SCOTT CAMPBELL,16
Wood,PRECINCT 78A,MAGISTRATE,,,HEATHER SCOTT CAMPBELL,28
Wood,PRECINCT 79,MAGISTRATE,,,HEATHER SCOTT CAMPBELL,9
Wood,PRECINCT 81,MAGISTRATE,,,HEATHER SCOTT CAMPBELL,8
Wood,PRECINCT 82,MAGISTRATE,,,HEATHER SCOTT CAMPBELL,18
Wood,PRECINCT 85,MAGISTRATE,,,HEATHER SCOTT CAMPBELL,16
Wood,PRECINCT 86,MAGISTRATE,,,HEATHER SCOTT CAMPBELL,11
Wood,PRECINCT 87,MAGISTRATE,,,HEATHER SCOTT CAMPBELL,10
Wood,PRECINCT 88,MAGISTRATE,,,HEATHER SCOTT CAMPBELL,13
Wood,PRECINCT 89,MAGISTRATE,,,HEATHER SCOTT CAMPBELL,17
Wood,PRECINCT 8,MAGISTRATE,,,DEBBIE HENDERSHOT,44
Wood,PRECINCT 10,MAGISTRATE,,,DEBBIE HENDERSHOT,56
Wood,PRECINCT 13,MAGISTRATE,,,DEBBIE HENDERSHOT,40
Wood,PRECINCT 16,MAGISTRATE,,,DEBBIE HENDERSHOT,36
Wood,PRECINCT 19,MAGISTRATE,,,DEBBIE HENDERSHOT,101
Wood,PRECINCT 27,MAGISTRATE,,,DEBBIE HENDERSHOT,32
Wood,PRECINCT 29,MAGISTRATE,,,DEBBIE HENDERSHOT,81
Wood,PRECINCT 32,MAGISTRATE,,,DEBBIE HENDERSHOT,60
Wood,PRECINCT 33,MAGISTRATE,,,DEBBIE HENDERSHOT,26
Wood,PRECINCT 34A,MAGISTRATE,,,DEBBIE HENDERSHOT,93
Wood,PRECINCT 35,MAGISTRATE,,,DEBBIE HENDERSHOT,72
Wood,PRECINCT 36,MAGISTRATE,,,DEBBIE HENDERSHOT,66
Wood,PRECINCT 36B,MAGISTRATE,,,DEBBIE HENDERSHOT,95
Wood,PRECINCT 37,MAGISTRATE,,,DEBBIE HENDERSHOT,90
Wood,PRECINCT 37A,MAGISTRATE,,,DEBBIE HENDERSHOT,89
Wood,PRECINCT 38,MAGISTRATE,,,DEBBIE HENDERSHOT,10
Wood,PRECINCT 39,MAGISTRATE,,,DEBBIE HENDERSHOT,33
Wood,PRECINCT 40,MAGISTRATE,,,DEBBIE HENDERSHOT,28
Wood,PRECINCT 40A,MAGISTRATE,,,DEBBIE HENDERSHOT,56
Wood,PRECINCT 41,MAGISTRATE,,,DEBBIE HENDERSHOT,63
Wood,PRECINCT 42A,MAGISTRATE,,,DEBBIE HENDERSHOT,73
Wood,PRECINCT 43A,MAGISTRATE,,,DEBBIE HENDERSHOT,77
Wood,PRECINCT 45,MAGISTRATE,,,DEBBIE HENDERSHOT,72
Wood,PRECINCT 45A,MAGISTRATE,,,DEBBIE HENDERSHOT,82
Wood,PRECINCT 46,MAGISTRATE,,,DEBBIE HENDERSHOT,79
Wood,PRECINCT 46B,MAGISTRATE,,,DEBBIE HENDERSHOT,84
Wood,PRECINCT 47,MAGISTRATE,,,DEBBIE HENDERSHOT,22
Wood,PRECINCT 48,MAGISTRATE,,,DEBBIE HENDERSHOT,69
Wood,PRECINCT 49,MAGISTRATE,,,DEBBIE HENDERSHOT,61
Wood,PRECINCT 49A,MAGISTRATE,,,DEBBIE HENDERSHOT,61
Wood,PRECINCT 50,MAGISTRATE,,,DEBBIE HENDERSHOT,28
Wood,PRECINCT 51,MAGISTRATE,,,DEBBIE HENDERSHOT,59
Wood,PRECINCT 52,MAGISTRATE,,,DEBBIE HENDERSHOT,62
Wood,PRECINCT 53,MAGISTRATE,,,DEBBIE HENDERSHOT,46
Wood,PRECINCT 53A,MAGISTRATE,,,DEBBIE HENDERSHOT,47
Wood,PRECINCT 54,MAGISTRATE,,,DEBBIE HENDERSHOT,41
Wood,PRECINCT 54A,MAGISTRATE,,,DEBBIE HENDERSHOT,49
Wood,PRECINCT 56,MAGISTRATE,,,DEBBIE HENDERSHOT,34
Wood,PRECINCT 56A,MAGISTRATE,,,DEBBIE HENDERSHOT,56
Wood,PRECINCT 57,MAGISTRATE,,,DEBBIE HENDERSHOT,38
Wood,PRECINCT 57A,MAGISTRATE,,,DEBBIE HENDERSHOT,47
Wood,PRECINCT 58,MAGISTRATE,,,DEBBIE HENDERSHOT,94
Wood,PRECINCT 60,MAGISTRATE,,,DEBBIE HENDERSHOT,51
Wood,PRECINCT 61,MAGISTRATE,,,DEBBIE HENDERSHOT,55
Wood,PRECINCT 62,MAGISTRATE,,,DEBBIE HENDERSHOT,60
Wood,PRECINCT 63,MAGISTRATE,,,DEBBIE HENDERSHOT,20
Wood,PRECINCT 63A,MAGISTRATE,,,DEBBIE HENDERSHOT,47
Wood,PRECINCT 63B,MAGISTRATE,,,DEBBIE HENDERSHOT,31
Wood,PRECINCT 64,MAGISTRATE,,,DEBBIE HENDERSHOT,46
Wood,PRECINCT 67,MAGISTRATE,,,DEBBIE HENDERSHOT,42
Wood,PRECINCT 67A,MAGISTRATE,,,DEBBIE HENDERSHOT,71
Wood,PRECINCT 69,MAGISTRATE,,,DEBBIE HENDERSHOT,50
Wood,PRECINCT 71,MAGISTRATE,,,DEBBIE HENDERSHOT,31
Wood,PRECINCT 74,MAGISTRATE,,,DEBBIE HENDERSHOT,52
Wood,PRECINCT 74B,MAGISTRATE,,,DEBBIE HENDERSHOT,52
Wood,PRECINCT 74C,MAGISTRATE,,,DEBBIE HENDERSHOT,69
Wood,PRECINCT 74U,MAGISTRATE,,,DEBBIE HENDERSHOT,12
Wood,PRECINCT 75,MAGISTRATE,,,DEBBIE HENDERSHOT,52
Wood,PRECINCT 77,MAGISTRATE,,,DEBBIE HENDERSHOT,56
Wood,PRECINCT 78,MAGISTRATE,,,DEBBIE HENDERSHOT,26
Wood,PRECINCT 78A,MAGISTRATE,,,DEBBIE HENDERSHOT,60
Wood,PRECINCT 79,MAGISTRATE,,,DEBBIE HENDERSHOT,31
Wood,PRECINCT 81,MAGISTRATE,,,DEBBIE HENDERSHOT,21
Wood,PRECINCT 82,MAGISTRATE,,,DEBBIE HENDERSHOT,35
Wood,PRECINCT 85,MAGISTRATE,,,DEBBIE HENDERSHOT,51
Wood,PRECINCT 86,MAGISTRATE,,,DEBBIE HENDERSHOT,45
Wood,PRECINCT 87,MAGISTRATE,,,DEBBIE HENDERSHOT,34
Wood,PRECINCT 88,MAGISTRATE,,,DEBBIE HENDERSHOT,38
Wood,PRECINCT 89,MAGISTRATE,,,DEBBIE HENDERSHOT,44
Wood,PRECINCT 8,MAGISTRATE,,,MARYANN MUR COPELAND,18
Wood,PRECINCT 10,MAGISTRATE,,,MARYANN MUR COPELAND,9
Wood,PRECINCT 13,MAGISTRATE,,,MARYANN MUR COPELAND,8
Wood,PRECINCT 16,MAGISTRATE,,,MARYANN MUR COPELAND,14
Wood,PRECINCT 19,MAGISTRATE,,,MARYANN MUR COPELAND,13
Wood,PRECINCT 27,MAGISTRATE,,,MARYANN MUR COPELAND,5
Wood,PRECINCT 29,MAGISTRATE,,,MARYANN MUR COPELAND,20
Wood,PRECINCT 32,MAGISTRATE,,,MARYANN MUR COPELAND,14
Wood,PRECINCT 33,MAGISTRATE,,,MARYANN MUR COPELAND,4
Wood,PRECINCT 34A,MAGISTRATE,,,MARYANN MUR COPELAND,23
Wood,PRECINCT 35,MAGISTRATE,,,MARYANN MUR COPELAND,19
Wood,PRECINCT 36,MAGISTRATE,,,MARYANN MUR COPELAND,11
Wood,PRECINCT 36B,MAGISTRATE,,,MARYANN MUR COPELAND,17
Wood,PRECINCT 37,MAGISTRATE,,,MARYANN MUR COPELAND,23
Wood,PRECINCT 37A,MAGISTRATE,,,MARYANN MUR COPELAND,18
Wood,PRECINCT 38,MAGISTRATE,,,MARYANN MUR COPELAND,0
Wood,PRECINCT 39,MAGISTRATE,,,MARYANN MUR COPELAND,12
Wood,PRECINCT 40,MAGISTRATE,,,MARYANN MUR COPELAND,11
Wood,PRECINCT 40A,MAGISTRATE,,,MARYANN MUR COPELAND,19
Wood,PRECINCT 41,MAGISTRATE,,,MARYANN MUR COPELAND,50
Wood,PRECINCT 42A,MAGISTRATE,,,MARYANN MUR COPELAND,61
Wood,PRECINCT 43A,MAGISTRATE,,,MARYANN MUR COPELAND,73
Wood,PRECINCT 45,MAGISTRATE,,,MARYANN MUR COPELAND,40
Wood,PRECINCT 45A,MAGISTRATE,,,MARYANN MUR COPELAND,57
Wood,PRECINCT 46,MAGISTRATE,,,MARYANN MUR COPELAND,94
Wood,PRECINCT 46B,MAGISTRATE,,,MARYANN MUR COPELAND,58
Wood,PRECINCT 47,MAGISTRATE,,,MARYANN MUR COPELAND,18
Wood,PRECINCT 48,MAGISTRATE,,,MARYANN MUR COPELAND,29
Wood,PRECINCT 49,MAGISTRATE,,,MARYANN MUR COPELAND,9
Wood,PRECINCT 49A,MAGISTRATE,,,MARYANN MUR COPELAND,22
Wood,PRECINCT 50,MAGISTRATE,,,MARYANN MUR COPELAND,3
Wood,PRECINCT 51,MAGISTRATE,,,MARYANN MUR COPELAND,20
Wood,PRECINCT 52,MAGISTRATE,,,MARYANN MUR COPELAND,22
Wood,PRECINCT 53,MAGISTRATE,,,MARYANN MUR COPELAND,8
Wood,PRECINCT 53A,MAGISTRATE,,,MARYANN MUR COPELAND,11
Wood,PRECINCT 54,MAGISTRATE,,,MARYANN MUR COPELAND,0
Wood,PRECINCT 54A,MAGISTRATE,,,MARYANN MUR COPELAND,5
Wood,PRECINCT 56,MAGISTRATE,,,MARYANN MUR COPELAND,3
Wood,PRECINCT 56A,MAGISTRATE,,,MARYANN MUR COPELAND,8
Wood,PRECINCT 57,MAGISTRATE,,,MARYANN MUR COPELAND,13
Wood,PRECINCT 57A,MAGISTRATE,,,MARYANN MUR COPELAND,5
Wood,PRECINCT 58,MAGISTRATE,,,MARYANN MUR COPELAND,12
Wood,PRECINCT 60,MAGISTRATE,,,MARYANN MUR COPELAND,5
Wood,PRECINCT 61,MAGISTRATE,,,MARYANN MUR COPELAND,4
Wood,PRECINCT 62,MAGISTRATE,,,MARYANN MUR COPELAND,14
Wood,PRECINCT 63,MAGISTRATE,,,MARYANN MUR COPELAND,2
Wood,PRECINCT 63A,MAGISTRATE,,,MARYANN MUR COPELAND,19
Wood,PRECINCT 63B,MAGISTRATE,,,MARYANN MUR COPELAND,11
Wood,PRECINCT 64,MAGISTRATE,,,MARYANN MUR COPELAND,19
Wood,PRECINCT 67,MAGISTRATE,,,MARYANN MUR COPELAND,2
Wood,PRECINCT 67A,MAGISTRATE,,,MARYANN MUR COPELAND,10
Wood,PRECINCT 69,MAGISTRATE,,,MARYANN MUR COPELAND,6
Wood,PRECINCT 71,MAGISTRATE,,,MARYANN MUR COPELAND,3
Wood,PRECINCT 74,MAGISTRATE,,,MARYANN MUR COPELAND,13
Wood,PRECINCT 74B,MAGISTRATE,,,MARYANN MUR COPELAND,12
Wood,PRECINCT 74C,MAGISTRATE,,,MARYANN MUR COPELAND,19
Wood,PRECINCT 74U,MAGISTRATE,,,MARYANN MUR COPELAND,1
Wood,PRECINCT 75,MAGISTRATE,,,MARYANN MUR COPELAND,5
Wood,PRECINCT 77,MAGISTRATE,,,MARYANN MUR COPELAND,8
Wood,PRECINCT 78,MAGISTRATE,,,MARYANN MUR COPELAND,2
Wood,PRECINCT 78A,MAGISTRATE,,,MARYANN MUR COPELAND,10
Wood,PRECINCT 79,MAGISTRATE,,,MARYANN MUR COPELAND,8
Wood,PRECINCT 81,MAGISTRATE,,,MARYANN MUR COPELAND,4
Wood,PRECINCT 82,MAGISTRATE,,,MARYANN MUR COPELAND,12
Wood,PRECINCT 85,MAGISTRATE,,,MARYANN MUR COPELAND,3
Wood,PRECINCT 86,MAGISTRATE,,,MARYANN MUR COPELAND,11
Wood,PRECINCT 87,MAGISTRATE,,,MARYANN MUR COPELAND,4
Wood,PRECINCT 88,MAGISTRATE,,,MARYANN MUR COPELAND,8
Wood,PRECINCT 89,MAGISTRATE,,,MARYANN MUR COPELAND,10
Wood,PRECINCT 8,MAGISTRATE,,,BARRY A. MURPHY,18
Wood,PRECINCT 10,MAGISTRATE,,,BARRY A. MURPHY,7
Wood,PRECINCT 13,MAGISTRATE,,,BARRY A. MURPHY,9
Wood,PRECINCT 16,MAGISTRATE,,,BARRY A. MURPHY,17
Wood,PRECINCT 19,MAGISTRATE,,,BARRY A. MURPHY,49
Wood,PRECINCT 27,MAGISTRATE,,,BARRY A. MURPHY,12
Wood,PRECINCT 29,MAGISTRATE,,,BARRY A. MURPHY,34
Wood,PRECINCT 32,MAGISTRATE,,,BARRY A. MURPHY,30
Wood,PRECINCT 33,MAGISTRATE,,,BARRY A. MURPHY,6
Wood,PRECINCT 34A,MAGISTRATE,,,BARRY A. MURPHY,43
Wood,PRECINCT 35,MAGISTRATE,,,BARRY A. MURPHY,33
Wood,PRECINCT 36,MAGISTRATE,,,BARRY A. MURPHY,15
Wood,PRECINCT 36B,MAGISTRATE,,,BARRY A. MURPHY,44
Wood,PRECINCT 37,MAGISTRATE,,,BARRY A. MURPHY,37
Wood,PRECINCT 37A,MAGISTRATE,,,BARRY A. MURPHY,63
Wood,PRECINCT 38,MAGISTRATE,,,BARRY A. MURPHY,4
Wood,PRECINCT 39,MAGISTRATE,,,BARRY A. MURPHY,14
Wood,PRECINCT 40,MAGISTRATE,,,BARRY A. MURPHY,14
Wood,PRECINCT 40A,MAGISTRATE,,,BARRY A. MURPHY,26
Wood,PRECINCT 41,MAGISTRATE,,,BARRY A. MURPHY,25
Wood,PRECINCT 42A,MAGISTRATE,,,BARRY A. MURPHY,29
Wood,PRECINCT 43A,MAGISTRATE,,,BARRY A. MURPHY,44
Wood,PRECINCT 45,MAGISTRATE,,,BARRY A. MURPHY,25
Wood,PRECINCT 45A,MAGISTRATE,,,BARRY A. MURPHY,36
Wood,PRECINCT 46,MAGISTRATE,,,BARRY A. MURPHY,63
Wood,PRECINCT 46B,MAGISTRATE,,,BARRY A. MURPHY,49
Wood,PRECINCT 47,MAGISTRATE,,,BARRY A. MURPHY,21
Wood,PRECINCT 48,MAGISTRATE,,,BARRY A. MURPHY,47
Wood,PRECINCT 49,MAGISTRATE,,,BARRY A. MURPHY,16
Wood,PRECINCT 49A,MAGISTRATE,,,BARRY A. MURPHY,26
Wood,PRECINCT 50,MAGISTRATE,,,BARRY A. MURPHY,5
Wood,PRECINCT 51,MAGISTRATE,,,BARRY A. MURPHY,26
Wood,PRECINCT 52,MAGISTRATE,,,BARRY A. MURPHY,38
Wood,PRECINCT 53,MAGISTRATE,,,BARRY A. MURPHY,30
Wood,PRECINCT 53A,MAGISTRATE,,,BARRY A. MURPHY,31
Wood,PRECINCT 54,MAGISTRATE,,,BARRY A. MURPHY,14
Wood,PRECINCT 54A,MAGISTRATE,,,BARRY A. MURPHY,21
Wood,PRECINCT 56,MAGISTRATE,,,BARRY A. MURPHY,22
Wood,PRECINCT 56A,MAGISTRATE,,,BARRY A. MURPHY,43
Wood,PRECINCT 57,MAGISTRATE,,,BARRY A. MURPHY,16
Wood,PRECINCT 57A,MAGISTRATE,,,BARRY A. MURPHY,17
Wood,PRECINCT 58,MAGISTRATE,,,BARRY A. MURPHY,62
Wood,PRECINCT 60,MAGISTRATE,,,BARRY A. MURPHY,16
Wood,PRECINCT 61,MAGISTRATE,,,BARRY A. MURPHY,21
Wood,PRECINCT 62,MAGISTRATE,,,BARRY A. MURPHY,129
Wood,PRECINCT 63,MAGISTRATE,,,BARRY A. MURPHY,26
Wood,PRECINCT 63A,MAGISTRATE,,,BARRY A. MURPHY,70
Wood,PRECINCT 63B,MAGISTRATE,,,BARRY A. MURPHY,66
Wood,PRECINCT 64,MAGISTRATE,,,BARRY A. MURPHY,59
Wood,PRECINCT 67,MAGISTRATE,,,BARRY A. MURPHY,260
Wood,PRECINCT 67A,MAGISTRATE,,,BARRY A. MURPHY,181
Wood,PRECINCT 69,MAGISTRATE,,,BARRY A. MURPHY,32
Wood,PRECINCT 71,MAGISTRATE,,,BARRY A. MURPHY,12
Wood,PRECINCT 74,MAGISTRATE,,,BARRY A. MURPHY,44
Wood,PRECINCT 74B,MAGISTRATE,,,BARRY A. MURPHY,73
Wood,PRECINCT 74C,MAGISTRATE,,,BARRY A. MURPHY,48
Wood,PRECINCT 74U,MAGISTRATE,,,BARRY A. MURPHY,10
Wood,PRECINCT 75,MAGISTRATE,,,BARRY A. MURPHY,34
Wood,PRECINCT 77,MAGISTRATE,,,BARRY A. MURPHY,46
Wood,PRECINCT 78,MAGISTRATE,,,BARRY A. MURPHY,24
Wood,PRECINCT 78A,MAGISTRATE,,,BARRY A. MURPHY,86
Wood,PRECINCT 79,MAGISTRATE,,,BARRY A. MURPHY,41
Wood,PRECINCT 81,MAGISTRATE,,,BARRY A. MURPHY,73
Wood,PRECINCT 82,MAGISTRATE,,,BARRY A. MURPHY,126
Wood,PRECINCT 85,MAGISTRATE,,,BARRY A. MURPHY,22
Wood,PRECINCT 86,MAGISTRATE,,,BARRY A. MURPHY,41
Wood,PRECINCT 87,MAGISTRATE,,,BARRY A. MURPHY,27
Wood,PRECINCT 88,MAGISTRATE,,,BARRY A. MURPHY,32
Wood,PRECINCT 89,MAGISTRATE,,,BARRY A. MURPHY,66
Wood,PRECINCT 8,REP FOR COUNTY COMMISSIONER,,REP,ROGER WHITED,13
Wood,PRECINCT 10,REP FOR COUNTY COMMISSIONER,,REP,ROGER WHITED,19
Wood,PRECINCT 13,REP FOR COUNTY COMMISSIONER,,REP,ROGER WHITED,15
Wood,PRECINCT 16,REP FOR COUNTY COMMISSIONER,,REP,ROGER WHITED,11
Wood,PRECINCT 19,REP FOR COUNTY COMMISSIONER,,REP,ROGER WHITED,59
Wood,PRECINCT 27,REP FOR COUNTY COMMISSIONER,,REP,ROGER WHITED,25
Wood,PRECINCT 29,REP FOR COUNTY COMMISSIONER,,REP,ROGER WHITED,26
Wood,PRECINCT 32,REP FOR COUNTY COMMISSIONER,,REP,ROGER WHITED,32
Wood,PRECINCT 33,REP FOR COUNTY COMMISSIONER,,REP,ROGER WHITED,5
Wood,PRECINCT 34A,REP FOR COUNTY COMMISSIONER,,REP,ROGER WHITED,44
Wood,PRECINCT 35,REP FOR COUNTY COMMISSIONER,,REP,ROGER WHITED,28
Wood,PRECINCT 36,REP FOR COUNTY COMMISSIONER,,REP,ROGER WHITED,22
Wood,PRECINCT 36B,REP FOR COUNTY COMMISSIONER,,REP,ROGER WHITED,39
Wood,PRECINCT 37,REP FOR COUNTY COMMISSIONER,,REP,ROGER WHITED,51
Wood,PRECINCT 37A,REP FOR COUNTY COMMISSIONER,,REP,ROGER WHITED,58
Wood,PRECINCT 38,REP FOR COUNTY COMMISSIONER,,REP,ROGER WHITED,15
Wood,PRECINCT 39,REP FOR COUNTY COMMISSIONER,,REP,ROGER WHITED,13
Wood,PRECINCT 40,REP FOR COUNTY COMMISSIONER,,REP,ROGER WHITED,21
Wood,PRECINCT 40A,REP FOR COUNTY COMMISSIONER,,REP,ROGER WHITED,15
Wood,PRECINCT 41,REP FOR COUNTY COMMISSIONER,,REP,ROGER WHITED,14
Wood,PRECINCT 42A,REP FOR COUNTY COMMISSIONER,,REP,ROGER WHITED,27
Wood,PRECINCT 43A,REP FOR COUNTY COMMISSIONER,,REP,ROGER WHITED,25
Wood,PRECINCT 45,REP FOR COUNTY COMMISSIONER,,REP,ROGER WHITED,16
Wood,PRECINCT 45A,REP FOR COUNTY COMMISSIONER,,REP,ROGER WHITED,21
Wood,PRECINCT 46,REP FOR COUNTY COMMISSIONER,,REP,ROGER WHITED,15
Wood,PRECINCT 46B,REP FOR COUNTY COMMISSIONER,,REP,ROGER WHITED,18
Wood,PRECINCT 47,REP FOR COUNTY COMMISSIONER,,REP,ROGER WHITED,6
Wood,PRECINCT 48,REP FOR COUNTY COMMISSIONER,,REP,ROGER WHITED,39
Wood,PRECINCT 49,REP FOR COUNTY COMMISSIONER,,REP,ROGER WHITED,22
Wood,PRECINCT 49A,REP FOR COUNTY COMMISSIONER,,REP,ROGER WHITED,16
Wood,PRECINCT 50,REP FOR COUNTY COMMISSIONER,,REP,ROGER WHITED,13
Wood,PRECINCT 51,REP FOR COUNTY COMMISSIONER,,REP,ROGER WHITED,26
Wood,PRECINCT 52,REP FOR COUNTY COMMISSIONER,,REP,ROGER WHITED,21
Wood,PRECINCT 53,REP FOR COUNTY COMMISSIONER,,REP,ROGER WHITED,29
Wood,PRECINCT 53A,REP FOR COUNTY COMMISSIONER,,REP,ROGER WHITED,27
Wood,PRECINCT 54,REP FOR COUNTY COMMISSIONER,,REP,ROGER WHITED,22
Wood,PRECINCT 54A,REP FOR COUNTY COMMISSIONER,,REP,ROGER WHITED,31
Wood,PRECINCT 56,REP FOR COUNTY COMMISSIONER,,REP,ROGER WHITED,30
Wood,PRECINCT 56A,REP FOR COUNTY COMMISSIONER,,REP,ROGER WHITED,50
Wood,PRECINCT 57,REP FOR COUNTY COMMISSIONER,,REP,ROGER WHITED,34
Wood,PRECINCT 57A,REP FOR COUNTY COMMISSIONER,,REP,ROGER WHITED,39
Wood,PRECINCT 58,REP FOR COUNTY COMMISSIONER,,REP,ROGER WHITED,60
Wood,PRECINCT 60,REP FOR COUNTY COMMISSIONER,,REP,ROGER WHITED,30
Wood,PRECINCT 61,REP FOR COUNTY COMMISSIONER,,REP,ROGER WHITED,38
Wood,PRECINCT 62,REP FOR COUNTY COMMISSIONER,,REP,ROGER WHITED,64
Wood,PRECINCT 63,REP FOR COUNTY COMMISSIONER,,REP,ROGER WHITED,25
Wood,PRECINCT 63A,REP FOR COUNTY COMMISSIONER,,REP,ROGER WHITED,27
Wood,PRECINCT 63B,REP FOR COUNTY COMMISSIONER,,REP,ROGER WHITED,22
Wood,PRECINCT 64,REP FOR COUNTY COMMISSIONER,,REP,ROGER WHITED,53
Wood,PRECINCT 67,REP FOR COUNTY COMMISSIONER,,REP,ROGER WHITED,76
Wood,PRECINCT 67A,REP FOR COUNTY COMMISSIONER,,REP,ROGER WHITED,65
Wood,PRECINCT 69,REP FOR COUNTY COMMISSIONER,,REP,ROGER WHITED,42
Wood,PRECINCT 71,REP FOR COUNTY COMMISSIONER,,REP,ROGER WHITED,18
Wood,PRECINCT 74,REP FOR COUNTY COMMISSIONER,,REP,ROGER WHITED,39
Wood,PRECINCT 74B,REP FOR COUNTY COMMISSIONER,,REP,ROGER WHITED,52
Wood,PRECINCT 74C,REP FOR COUNTY COMMISSIONER,,REP,ROGER WHITED,33
Wood,PRECINCT 74U,REP FOR COUNTY COMMISSIONER,,REP,ROGER WHITED,15
Wood,PRECINCT 75,REP FOR COUNTY COMMISSIONER,,REP,ROGER WHITED,31
Wood,PRECINCT 77,REP FOR COUNTY COMMISSIONER,,REP,ROGER WHITED,47
Wood,PRECINCT 78,REP FOR COUNTY COMMISSIONER,,REP,ROGER WHITED,14
Wood,PRECINCT 78A,REP FOR COUNTY COMMISSIONER,,REP,ROGER WHITED,49
Wood,PRECINCT 79,REP FOR COUNTY COMMISSIONER,,REP,ROGER WHITED,37
Wood,PRECINCT 81,REP FOR COUNTY COMMISSIONER,,REP,ROGER WHITED,29
Wood,PRECINCT 82,REP FOR COUNTY COMMISSIONER,,REP,ROGER WHITED,52
Wood,PRECINCT 85,REP FOR COUNTY COMMISSIONER,,REP,ROGER WHITED,47
Wood,PRECINCT 86,REP FOR COUNTY COMMISSIONER,,REP,ROGER WHITED,50
Wood,PRECINCT 87,REP FOR COUNTY COMMISSIONER,,REP,ROGER WHITED,41
Wood,PRECINCT 88,REP FOR COUNTY COMMISSIONER,,REP,ROGER WHITED,44
Wood,PRECINCT 89,REP FOR COUNTY COMMISSIONER,,REP,ROGER WHITED,57
Wood,PRECINCT 8,REP FOR COUNTY COMMISSIONER,,REP,ROGER CONLEY,23
Wood,PRECINCT 10,REP FOR COUNTY COMMISSIONER,,REP,ROGER CONLEY,21
Wood,PRECINCT 13,REP FOR COUNTY COMMISSIONER,,REP,ROGER CONLEY,7
Wood,PRECINCT 16,REP FOR COUNTY COMMISSIONER,,REP,ROGER CONLEY,13
Wood,PRECINCT 19,REP FOR COUNTY COMMISSIONER,,REP,ROGER CONLEY,35
Wood,PRECINCT 27,REP FOR COUNTY COMMISSIONER,,REP,ROGER CONLEY,8
Wood,PRECINCT 29,REP FOR COUNTY COMMISSIONER,,REP,ROGER CONLEY,31
Wood,PRECINCT 32,REP FOR COUNTY COMMISSIONER,,REP,ROGER CONLEY,25
Wood,PRECINCT 33,REP FOR COUNTY COMMISSIONER,,REP,ROGER CONLEY,3
Wood,PRECINCT 34A,REP FOR COUNTY COMMISSIONER,,REP,ROGER CONLEY,36
Wood,PRECINCT 35,REP FOR COUNTY COMMISSIONER,,REP,ROGER CONLEY,34
Wood,PRECINCT 36,REP FOR COUNTY COMMISSIONER,,REP,ROGER CONLEY,22
Wood,PRECINCT 36B,REP FOR COUNTY COMMISSIONER,,REP,ROGER CONLEY,38
Wood,PRECINCT 37,REP FOR COUNTY COMMISSIONER,,REP,ROGER CONLEY,39
Wood,PRECINCT 37A,REP FOR COUNTY COMMISSIONER,,REP,ROGER CONLEY,38
Wood,PRECINCT 38,REP FOR COUNTY COMMISSIONER,,REP,ROGER CONLEY,2
Wood,PRECINCT 39,REP FOR COUNTY COMMISSIONER,,REP,ROGER CONLEY,16
Wood,PRECINCT 40,REP FOR COUNTY COMMISSIONER,,REP,ROGER CONLEY,16
Wood,PRECINCT 40A,REP FOR COUNTY COMMISSIONER,,REP,ROGER CONLEY,23
Wood,PRECINCT 41,REP FOR COUNTY COMMISSIONER,,REP,ROGER CONLEY,54
Wood,PRECINCT 42A,REP FOR COUNTY COMMISSIONER,,REP,ROGER CONLEY,67
Wood,PRECINCT 43A,REP FOR COUNTY COMMISSIONER,,REP,ROGER CONLEY,54
Wood,PRECINCT 45,REP FOR COUNTY COMMISSIONER,,REP,ROGER CONLEY,47
Wood,PRECINCT 45A,REP FOR COUNTY COMMISSIONER,,REP,ROGER CONLEY,59
Wood,PRECINCT 46,REP FOR COUNTY COMMISSIONER,,REP,ROGER CONLEY,100
Wood,PRECINCT 46B,REP FOR COUNTY COMMISSIONER,,REP,ROGER CONLEY,75
Wood,PRECINCT 47,REP FOR COUNTY COMMISSIONER,,REP,ROGER CONLEY,25
Wood,PRECINCT 48,REP FOR COUNTY COMMISSIONER,,REP,ROGER CONLEY,69
Wood,PRECINCT 49,REP FOR COUNTY COMMISSIONER,,REP,ROGER CONLEY,26
Wood,PRECINCT 49A,REP FOR COUNTY COMMISSIONER,,REP,ROGER CONLEY,39
Wood,PRECINCT 50,REP FOR COUNTY COMMISSIONER,,REP,ROGER CONLEY,22
Wood,PRECINCT 51,REP FOR COUNTY COMMISSIONER,,REP,ROGER CONLEY,59
Wood,PRECINCT 52,REP FOR COUNTY COMMISSIONER,,REP,ROGER CONLEY,50
Wood,PRECINCT 53,REP FOR COUNTY COMMISSIONER,,REP,ROGER CONLEY,38
Wood,PRECINCT 53A,REP FOR COUNTY COMMISSIONER,,REP,ROGER CONLEY,30
Wood,PRECINCT 54,REP FOR COUNTY COMMISSIONER,,REP,ROGER CONLEY,23
Wood,PRECINCT 54A,REP FOR COUNTY COMMISSIONER,,REP,ROGER CONLEY,40
Wood,PRECINCT 56,REP FOR COUNTY COMMISSIONER,,REP,ROGER CONLEY,30
Wood,PRECINCT 56A,REP FOR COUNTY COMMISSIONER,,REP,ROGER CONLEY,49
Wood,PRECINCT 57,REP FOR COUNTY COMMISSIONER,,REP,ROGER CONLEY,35
Wood,PRECINCT 57A,REP FOR COUNTY COMMISSIONER,,REP,ROGER CONLEY,33
Wood,PRECINCT 58,REP FOR COUNTY COMMISSIONER,,REP,ROGER CONLEY,60
Wood,PRECINCT 60,REP FOR COUNTY COMMISSIONER,,REP,ROGER CONLEY,23
Wood,PRECINCT 61,REP FOR COUNTY COMMISSIONER,,REP,ROGER CONLEY,38
Wood,PRECINCT 62,REP FOR COUNTY COMMISSIONER,,REP,ROGER CONLEY,64
Wood,PRECINCT 63,REP FOR COUNTY COMMISSIONER,,REP,ROGER CONLEY,27
Wood,PRECINCT 63A,REP FOR COUNTY COMMISSIONER,,REP,ROGER CONLEY,33
Wood,PRECINCT 63B,REP FOR COUNTY COMMISSIONER,,REP,ROGER CONLEY,33
Wood,PRECINCT 64,REP FOR COUNTY COMMISSIONER,,REP,ROGER CONLEY,47
Wood,PRECINCT 67,REP FOR COUNTY COMMISSIONER,,REP,ROGER CONLEY,90
Wood,PRECINCT 67A,REP FOR COUNTY COMMISSIONER,,REP,ROGER CONLEY,71
Wood,PRECINCT 69,REP FOR COUNTY COMMISSIONER,,REP,ROGER CONLEY,35
Wood,PRECINCT 71,REP FOR COUNTY COMMISSIONER,,REP,ROGER CONLEY,11
Wood,PRECINCT 74,REP FOR COUNTY COMMISSIONER,,REP,ROGER CONLEY,34
Wood,PRECINCT 74B,REP FOR COUNTY COMMISSIONER,,REP,ROGER CONLEY,38
Wood,PRECINCT 74C,REP FOR COUNTY COMMISSIONER,,REP,ROGER CONLEY,43
Wood,PRECINCT 74U,REP FOR COUNTY COMMISSIONER,,REP,ROGER CONLEY,8
Wood,PRECINCT 75,REP FOR COUNTY COMMISSIONER,,REP,ROGER CONLEY,31
Wood,PRECINCT 77,REP FOR COUNTY COMMISSIONER,,REP,ROGER CONLEY,42
Wood,PRECINCT 78,REP FOR COUNTY COMMISSIONER,,REP,ROGER CONLEY,36
Wood,PRECINCT 78A,REP FOR COUNTY COMMISSIONER,,REP,ROGER CONLEY,70
Wood,PRECINCT 79,REP FOR COUNTY COMMISSIONER,,REP,ROGER CONLEY,57
Wood,PRECINCT 81,REP FOR COUNTY COMMISSIONER,,REP,ROGER CONLEY,43
Wood,PRECINCT 82,REP FOR COUNTY COMMISSIONER,,REP,ROGER CONLEY,66
Wood,PRECINCT 85,REP FOR COUNTY COMMISSIONER,,REP,ROGER CONLEY,47
Wood,PRECINCT 86,REP FOR COUNTY COMMISSIONER,,REP,ROGER CONLEY,72
Wood,PRECINCT 87,REP FOR COUNTY COMMISSIONER,,REP,ROGER CONLEY,58
Wood,PRECINCT 88,REP FOR COUNTY COMMISSIONER,,REP,ROGER CONLEY,64
Wood,PRECINCT 89,REP FOR COUNTY COMMISSIONER,,REP,ROGER CONLEY,71
Wood,PRECINCT 8,REP FOR COUNTY COMMISSIONER,,REP,DAVID BLAIR COUCH,29
Wood,PRECINCT 10,REP FOR COUNTY COMMISSIONER,,REP,DAVID BLAIR COUCH,19
Wood,PRECINCT 13,REP FOR COUNTY COMMISSIONER,,REP,DAVID BLAIR COUCH,14
Wood,PRECINCT 16,REP FOR COUNTY COMMISSIONER,,REP,DAVID BLAIR COUCH,22
Wood,PRECINCT 19,REP FOR COUNTY COMMISSIONER,,REP,DAVID BLAIR COUCH,89
Wood,PRECINCT 27,REP FOR COUNTY COMMISSIONER,,REP,DAVID BLAIR COUCH,16
Wood,PRECINCT 29,REP FOR COUNTY COMMISSIONER,,REP,DAVID BLAIR COUCH,69
Wood,PRECINCT 32,REP FOR COUNTY COMMISSIONER,,REP,DAVID BLAIR COUCH,47
Wood,PRECINCT 33,REP FOR COUNTY COMMISSIONER,,REP,DAVID BLAIR COUCH,15
Wood,PRECINCT 34A,REP FOR COUNTY COMMISSIONER,,REP,DAVID BLAIR COUCH,83
Wood,PRECINCT 35,REP FOR COUNTY COMMISSIONER,,REP,DAVID BLAIR COUCH,54
Wood,PRECINCT 36,REP FOR COUNTY COMMISSIONER,,REP,DAVID BLAIR COUCH,38
Wood,PRECINCT 36B,REP FOR COUNTY COMMISSIONER,,REP,DAVID BLAIR COUCH,61
Wood,PRECINCT 37,REP FOR COUNTY COMMISSIONER,,REP,DAVID BLAIR COUCH,91
Wood,PRECINCT 37A,REP FOR COUNTY COMMISSIONER,,REP,DAVID BLAIR COUCH,63
Wood,PRECINCT 38,REP FOR COUNTY COMMISSIONER,,REP,DAVID BLAIR COUCH,12
Wood,PRECINCT 39,REP FOR COUNTY COMMISSIONER,,REP,DAVID BLAIR COUCH,27
Wood,PRECINCT 40,REP FOR COUNTY COMMISSIONER,,REP,DAVID BLAIR COUCH,15
Wood,PRECINCT 40A,REP FOR COUNTY COMMISSIONER,,REP,DAVID BLAIR COUCH,57
Wood,PRECINCT 41,REP FOR COUNTY COMMISSIONER,,REP,DAVID BLAIR COUCH,46
Wood,PRECINCT 42A,REP FOR COUNTY COMMISSIONER,,REP,DAVID BLAIR COUCH,80
Wood,PRECINCT 43A,REP FOR COUNTY COMMISSIONER,,REP,DAVID BLAIR COUCH,101
Wood,PRECINCT 45,REP FOR COUNTY COMMISSIONER,,REP,DAVID BLAIR COUCH,57
Wood,PRECINCT 45A,REP FOR COUNTY COMMISSIONER,,REP,DAVID BLAIR COUCH,86
Wood,PRECINCT 46,REP FOR COUNTY COMMISSIONER,,REP,DAVID BLAIR COUCH,144
Wood,PRECINCT 46B,REP FOR COUNTY COMMISSIONER,,REP,DAVID BLAIR COUCH,141
Wood,PRECINCT 47,REP FOR COUNTY COMMISSIONER,,REP,DAVID BLAIR COUCH,32
Wood,PRECINCT 48,REP FOR COUNTY COMMISSIONER,,REP,DAVID BLAIR COUCH,104
Wood,PRECINCT 49,REP FOR COUNTY COMMISSIONER,,REP,DAVID BLAIR COUCH,49
Wood,PRECINCT 49A,REP FOR COUNTY COMMISSIONER,,REP,DAVID BLAIR COUCH,56
Wood,PRECINCT 50,REP FOR COUNTY COMMISSIONER,,REP,DAVID BLAIR COUCH,33
Wood,PRECINCT 51,REP FOR COUNTY COMMISSIONER,,REP,DAVID BLAIR COUCH,90
Wood,PRECINCT 52,REP FOR COUNTY COMMISSIONER,,REP,DAVID BLAIR COUCH,112
Wood,PRECINCT 53,REP FOR COUNTY COMMISSIONER,,REP,DAVID BLAIR COUCH,59
Wood,PRECINCT 53A,REP FOR COUNTY COMMISSIONER,,REP,DAVID BLAIR COUCH,53
Wood,PRECINCT 54,REP FOR COUNTY COMMISSIONER,,REP,DAVID BLAIR COUCH,41
Wood,PRECINCT 54A,REP FOR COUNTY COMMISSIONER,,REP,DAVID BLAIR COUCH,39
Wood,PRECINCT 56,REP FOR COUNTY COMMISSIONER,,REP,DAVID BLAIR COUCH,23
Wood,PRECINCT 56A,REP FOR COUNTY COMMISSIONER,,REP,DAVID BLAIR COUCH,45
Wood,PRECINCT 57,REP FOR COUNTY COMMISSIONER,,REP,DAVID BLAIR COUCH,47
Wood,PRECINCT 57A,REP FOR COUNTY COMMISSIONER,,REP,DAVID BLAIR COUCH,31
Wood,PRECINCT 58,REP FOR COUNTY COMMISSIONER,,REP,DAVID BLAIR COUCH,78
Wood,PRECINCT 60,REP FOR COUNTY COMMISSIONER,,REP,DAVID BLAIR COUCH,23
Wood,PRECINCT 61,REP FOR COUNTY COMMISSIONER,,REP,DAVID BLAIR COUCH,31
Wood,PRECINCT 62,REP FOR COUNTY COMMISSIONER,,REP,DAVID BLAIR COUCH,64
Wood,PRECINCT 63,REP FOR COUNTY COMMISSIONER,,REP,DAVID BLAIR COUCH,17
Wood,PRECINCT 63A,REP FOR COUNTY COMMISSIONER,,REP,DAVID BLAIR COUCH,74
Wood,PRECINCT 63B,REP FOR COUNTY COMMISSIONER,,REP,DAVID BLAIR COUCH,50
Wood,PRECINCT 64,REP FOR COUNTY COMMISSIONER,,REP,DAVID BLAIR COUCH,68
Wood,PRECINCT 67,REP FOR COUNTY COMMISSIONER,,REP,DAVID BLAIR COUCH,71
Wood,PRECINCT 67A,REP FOR COUNTY COMMISSIONER,,REP,DAVID BLAIR COUCH,107
Wood,PRECINCT 69,REP FOR COUNTY COMMISSIONER,,REP,DAVID BLAIR COUCH,41
Wood,PRECINCT 71,REP FOR COUNTY COMMISSIONER,,REP,DAVID BLAIR COUCH,10
Wood,PRECINCT 74,REP FOR COUNTY COMMISSIONER,,REP,DAVID BLAIR COUCH,48
Wood,PRECINCT 74B,REP FOR COUNTY COMMISSIONER,,REP,DAVID BLAIR COUCH,67
Wood,PRECINCT 74C,REP FOR COUNTY COMMISSIONER,,REP,DAVID BLAIR COUCH,67
Wood,PRECINCT 74U,REP FOR COUNTY COMMISSIONER,,REP,DAVID BLAIR COUCH,5
Wood,PRECINCT 75,REP FOR COUNTY COMMISSIONER,,REP,DAVID BLAIR COUCH,27
Wood,PRECINCT 77,REP FOR COUNTY COMMISSIONER,,REP,DAVID BLAIR COUCH,44
Wood,PRECINCT 78,REP FOR COUNTY COMMISSIONER,,REP,DAVID BLAIR COUCH,31
Wood,PRECINCT 78A,REP FOR COUNTY COMMISSIONER,,REP,DAVID BLAIR COUCH,78
Wood,PRECINCT 79,REP FOR COUNTY COMMISSIONER,,REP,DAVID BLAIR COUCH,62
Wood,PRECINCT 81,REP FOR COUNTY COMMISSIONER,,REP,DAVID BLAIR COUCH,31
Wood,PRECINCT 82,REP FOR COUNTY COMMISSIONER,,REP,DAVID BLAIR COUCH,60
Wood,PRECINCT 85,REP FOR COUNTY COMMISSIONER,,REP,DAVID BLAIR COUCH,40
Wood,PRECINCT 86,REP FOR COUNTY COMMISSIONER,,REP,DAVID BLAIR COUCH,52
Wood,PRECINCT 87,REP FOR COUNTY COMMISSIONER,,REP,DAVID BLAIR COUCH,39
Wood,PRECINCT 88,REP FOR COUNTY COMMISSIONER,,REP,DAVID BLAIR COUCH,41
Wood,PRECINCT 89,REP FOR COUNTY COMMISSIONER,,REP,DAVID BLAIR COUCH,69
Wood,PRECINCT 8,REP FOR COUNTY COMMISSIONER,,REP,DAVID C. NOHE,12
Wood,PRECINCT 10,REP FOR COUNTY COMMISSIONER,,REP,DAVID C. NOHE,9
Wood,PRECINCT 13,REP FOR COUNTY COMMISSIONER,,REP,DAVID C. NOHE,11
Wood,PRECINCT 16,REP FOR COUNTY COMMISSIONER,,REP,DAVID C. NOHE,11
Wood,PRECINCT 19,REP FOR COUNTY COMMISSIONER,,REP,DAVID C. NOHE,39
Wood,PRECINCT 27,REP FOR COUNTY COMMISSIONER,,REP,DAVID C. NOHE,15
Wood,PRECINCT 29,REP FOR COUNTY COMMISSIONER,,REP,DAVID C. NOHE,36
Wood,PRECINCT 32,REP FOR COUNTY COMMISSIONER,,REP,DAVID C. NOHE,26
Wood,PRECINCT 33,REP FOR COUNTY COMMISSIONER,,REP,DAVID C. NOHE,4
Wood,PRECINCT 34A,REP FOR COUNTY COMMISSIONER,,REP,DAVID C. NOHE,55
Wood,PRECINCT 35,REP FOR COUNTY COMMISSIONER,,REP,DAVID C. NOHE,52
Wood,PRECINCT 36,REP FOR COUNTY COMMISSIONER,,REP,DAVID C. NOHE,17
Wood,PRECINCT 36B,REP FOR COUNTY COMMISSIONER,,REP,DAVID C. NOHE,51
Wood,PRECINCT 37,REP FOR COUNTY COMMISSIONER,,REP,DAVID C. NOHE,63
Wood,PRECINCT 37A,REP FOR COUNTY COMMISSIONER,,REP,DAVID C. NOHE,43
Wood,PRECINCT 38,REP FOR COUNTY COMMISSIONER,,REP,DAVID C. NOHE,3
Wood,PRECINCT 39,REP FOR COUNTY COMMISSIONER,,REP,DAVID C. NOHE,19
Wood,PRECINCT 40,REP FOR COUNTY COMMISSIONER,,REP,DAVID C. NOHE,17
Wood,PRECINCT 40A,REP FOR COUNTY COMMISSIONER,,REP,DAVID C. NOHE,23
Wood,PRECINCT 41,REP FOR COUNTY COMMISSIONER,,REP,DAVID C. NOHE,44
Wood,PRECINCT 42A,REP FOR COUNTY COMMISSIONER,,REP,DAVID C. NOHE,50
Wood,PRECINCT 43A,REP FOR COUNTY COMMISSIONER,,REP,DAVID C. NOHE,48
Wood,PRECINCT 45,REP FOR COUNTY COMMISSIONER,,REP,DAVID C. NOHE,39
Wood,PRECINCT 45A,REP FOR COUNTY COMMISSIONER,,REP,DAVID C. NOHE,55
Wood,PRECINCT 46,REP FOR COUNTY COMMISSIONER,,REP,DAVID C. NOHE,74
Wood,PRECINCT 46B,REP FOR COUNTY COMMISSIONER,,REP,DAVID C. NOHE,93
Wood,PRECINCT 47,REP FOR COUNTY COMMISSIONER,,REP,DAVID C. NOHE,28
Wood,PRECINCT 48,REP FOR COUNTY COMMISSIONER,,REP,DAVID C. NOHE,81
Wood,PRECINCT 49,REP FOR COUNTY COMMISSIONER,,REP,DAVID C. NOHE,32
Wood,PRECINCT 49A,REP FOR COUNTY COMMISSIONER,,REP,DAVID C. NOHE,26
Wood,PRECINCT 50,REP FOR COUNTY COMMISSIONER,,REP,DAVID C. NOHE,22
Wood,PRECINCT 51,REP FOR COUNTY COMMISSIONER,,REP,DAVID C. NOHE,71
Wood,PRECINCT 52,REP FOR COUNTY COMMISSIONER,,REP,DAVID C. NOHE,87
Wood,PRECINCT 53,REP FOR COUNTY COMMISSIONER,,REP,DAVID C. NOHE,40
Wood,PRECINCT 53A,REP FOR COUNTY COMMISSIONER,,REP,DAVID C. NOHE,38
Wood,PRECINCT 54,REP FOR COUNTY COMMISSIONER,,REP,DAVID C. NOHE,29
Wood,PRECINCT 54A,REP FOR COUNTY COMMISSIONER,,REP,DAVID C. NOHE,37
Wood,PRECINCT 56,REP FOR COUNTY COMMISSIONER,,REP,DAVID C. NOHE,16
Wood,PRECINCT 56A,REP FOR COUNTY COMMISSIONER,,REP,DAVID C. NOHE,30
Wood,PRECINCT 57,REP FOR COUNTY COMMISSIONER,,REP,DAVID C. NOHE,28
Wood,PRECINCT 57A,REP FOR COUNTY COMMISSIONER,,REP,DAVID C. NOHE,30
Wood,PRECINCT 58,REP FOR COUNTY COMMISSIONER,,REP,DAVID C. NOHE,50
Wood,PRECINCT 60,REP FOR COUNTY COMMISSIONER,,REP,DAVID C. NOHE,17
Wood,PRECINCT 61,REP FOR COUNTY COMMISSIONER,,REP,DAVID C. NOHE,18
Wood,PRECINCT 62,REP FOR COUNTY COMMISSIONER,,REP,DAVID C. NOHE,37
Wood,PRECINCT 63,REP FOR COUNTY COMMISSIONER,,REP,DAVID C. NOHE,14
Wood,PRECINCT 63A,REP FOR COUNTY COMMISSIONER,,REP,DAVID C. NOHE,24
Wood,PRECINCT 63B,REP FOR COUNTY COMMISSIONER,,REP,DAVID C. NOHE,27
Wood,PRECINCT 64,REP FOR COUNTY COMMISSIONER,,REP,DAVID C. NOHE,31
Wood,PRECINCT 67,REP FOR COUNTY COMMISSIONER,,REP,DAVID C. NOHE,50
Wood,PRECINCT 67A,REP FOR COUNTY COMMISSIONER,,REP,DAVID C. NOHE,63
Wood,PRECINCT 69,REP FOR COUNTY COMMISSIONER,,REP,DAVID C. NOHE,23
Wood,PRECINCT 71,REP FOR COUNTY COMMISSIONER,,REP,DAVID C. NOHE,6
Wood,PRECINCT 74,REP FOR COUNTY COMMISSIONER,,REP,DAVID C. NOHE,33
Wood,PRECINCT 74B,REP FOR COUNTY COMMISSIONER,,REP,DAVID C. NOHE,44
Wood,PRECINCT 74C,REP FOR COUNTY COMMISSIONER,,REP,DAVID C. NOHE,30
Wood,PRECINCT 74U,REP FOR COUNTY COMMISSIONER,,REP,DAVID C. NOHE,5
Wood,PRECINCT 75,REP FOR COUNTY COMMISSIONER,,REP,DAVID C. NOHE,17
Wood,PRECINCT 77,REP FOR COUNTY COMMISSIONER,,REP,DAVID C. NOHE,29
Wood,PRECINCT 78,REP FOR COUNTY COMMISSIONER,,REP,DAVID C. NOHE,18
Wood,PRECINCT 78A,REP FOR COUNTY COMMISSIONER,,REP,DAVID C. NOHE,51
Wood,PRECINCT 79,REP FOR COUNTY COMMISSIONER,,REP,DAVID C. NOHE,34
Wood,PRECINCT 81,REP FOR COUNTY COMMISSIONER,,REP,DAVID C. NOHE,17
Wood,PRECINCT 82,REP FOR COUNTY COMMISSIONER,,REP,DAVID C. NOHE,46
Wood,PRECINCT 85,REP FOR COUNTY COMMISSIONER,,REP,DAVID C. NOHE,28
Wood,PRECINCT 86,REP FOR COUNTY COMMISSIONER,,REP,DAVID C. NOHE,25
Wood,PRECINCT 87,REP FOR COUNTY COMMISSIONER,,REP,DAVID C. NOHE,17
Wood,PRECINCT 88,REP FOR COUNTY COMMISSIONER,,REP,DAVID C. NOHE,38
Wood,PRECINCT 89,REP FOR COUNTY COMMISSIONER,,REP,DAVID C. NOHE,39
Wood,PRECINCT 8,DEM FOR COUNTY COMMISSIONER,,DEM,NO CANDIDATE FILED,0
Wood,PRECINCT 10,DEM FOR COUNTY COMMISSIONER,,DEM,NO CANDIDATE FILED,0
Wood,PRECINCT 13,DEM FOR COUNTY COMMISSIONER,,DEM,NO CANDIDATE FILED,0
Wood,PRECINCT 16,DEM FOR COUNTY COMMISSIONER,,DEM,NO CANDIDATE FILED,0
Wood,PRECINCT 19,DEM FOR COUNTY COMMISSIONER,,DEM,NO CANDIDATE FILED,0
Wood,PRECINCT 27,DEM FOR COUNTY COMMISSIONER,,DEM,NO CANDIDATE FILED,0
Wood,PRECINCT 29,DEM FOR COUNTY COMMISSIONER,,DEM,NO CANDIDATE FILED,0
Wood,PRECINCT 32,DEM FOR COUNTY COMMISSIONER,,DEM,NO CANDIDATE FILED,0
Wood,PRECINCT 33,DEM FOR COUNTY COMMISSIONER,,DEM,NO CANDIDATE FILED,0
Wood,PRECINCT 34A,DEM FOR COUNTY COMMISSIONER,,DEM,NO CANDIDATE FILED,0
Wood,PRECINCT 35,DEM FOR COUNTY COMMISSIONER,,DEM,NO CANDIDATE FILED,0
Wood,PRECINCT 36,DEM FOR COUNTY COMMISSIONER,,DEM,NO CANDIDATE FILED,0
Wood,PRECINCT 36B,DEM FOR COUNTY COMMISSIONER,,DEM,NO CANDIDATE FILED,0
Wood,PRECINCT 37,DEM FOR COUNTY COMMISSIONER,,DEM,NO CANDIDATE FILED,0
Wood,PRECINCT 37A,DEM FOR COUNTY COMMISSIONER,,DEM,NO CANDIDATE FILED,0
Wood,PRECINCT 38,DEM FOR COUNTY COMMISSIONER,,DEM,NO CANDIDATE FILED,0
Wood,PRECINCT 39,DEM FOR COUNTY COMMISSIONER,,DEM,NO CANDIDATE FILED,0
Wood,PRECINCT 40,DEM FOR COUNTY COMMISSIONER,,DEM,NO CANDIDATE FILED,0
Wood,PRECINCT 40A,DEM FOR COUNTY COMMISSIONER,,DEM,NO CANDIDATE FILED,0
Wood,PRECINCT 41,DEM FOR COUNTY COMMISSIONER,,DEM,NO CANDIDATE FILED,0
Wood,PRECINCT 42A,DEM FOR COUNTY COMMISSIONER,,DEM,NO CANDIDATE FILED,0
Wood,PRECINCT 43A,DEM FOR COUNTY COMMISSIONER,,DEM,NO CANDIDATE FILED,0
Wood,PRECINCT 45,DEM FOR COUNTY COMMISSIONER,,DEM,NO CANDIDATE FILED,0
Wood,PRECINCT 45A,DEM FOR COUNTY COMMISSIONER,,DEM,NO CANDIDATE FILED,0
Wood,PRECINCT 46,DEM FOR COUNTY COMMISSIONER,,DEM,NO CANDIDATE FILED,0
Wood,PRECINCT 46B,DEM FOR COUNTY COMMISSIONER,,DEM,NO CANDIDATE FILED,0
Wood,PRECINCT 47,DEM FOR COUNTY COMMISSIONER,,DEM,NO CANDIDATE FILED,0
Wood,PRECINCT 48,DEM FOR COUNTY COMMISSIONER,,DEM,NO CANDIDATE FILED,0
Wood,PRECINCT 49,DEM FOR COUNTY COMMISSIONER,,DEM,NO CANDIDATE FILED,0
Wood,PRECINCT 49A,DEM FOR COUNTY COMMISSIONER,,DEM,NO CANDIDATE FILED,0
Wood,PRECINCT 50,DEM FOR COUNTY COMMISSIONER,,DEM,NO CANDIDATE FILED,0
Wood,PRECINCT 51,DEM FOR COUNTY COMMISSIONER,,DEM,NO CANDIDATE FILED,0
Wood,PRECINCT 52,DEM FOR COUNTY COMMISSIONER,,DEM,NO CANDIDATE FILED,0
Wood,PRECINCT 53,DEM FOR COUNTY COMMISSIONER,,DEM,NO CANDIDATE FILED,0
Wood,PRECINCT 53A,DEM FOR COUNTY COMMISSIONER,,DEM,NO CANDIDATE FILED,0
Wood,PRECINCT 54,DEM FOR COUNTY COMMISSIONER,,DEM,NO CANDIDATE FILED,0
Wood,PRECINCT 54A,DEM FOR COUNTY COMMISSIONER,,DEM,NO CANDIDATE FILED,0
Wood,PRECINCT 56,DEM FOR COUNTY COMMISSIONER,,DEM,NO CANDIDATE FILED,0
Wood,PRECINCT 56A,DEM FOR COUNTY COMMISSIONER,,DEM,NO CANDIDATE FILED,0
Wood,PRECINCT 57,DEM FOR COUNTY COMMISSIONER,,DEM,NO CANDIDATE FILED,0
Wood,PRECINCT 57A,DEM FOR COUNTY COMMISSIONER,,DEM,NO CANDIDATE FILED,0
Wood,PRECINCT 58,DEM FOR COUNTY COMMISSIONER,,DEM,NO CANDIDATE FILED,0
Wood,PRECINCT 60,DEM FOR COUNTY COMMISSIONER,,DEM,NO CANDIDATE FILED,0
Wood,PRECINCT 61,DEM FOR COUNTY COMMISSIONER,,DEM,NO CANDIDATE FILED,0
Wood,PRECINCT 62,DEM FOR COUNTY COMMISSIONER,,DEM,NO CANDIDATE FILED,0
Wood,PRECINCT 63,DEM FOR COUNTY COMMISSIONER,,DEM,NO CANDIDATE FILED,0
Wood,PRECINCT 63A,DEM FOR COUNTY COMMISSIONER,,DEM,NO CANDIDATE FILED,0
Wood,PRECINCT 63B,DEM FOR COUNTY COMMISSIONER,,DEM,NO CANDIDATE FILED,0
Wood,PRECINCT 64,DEM FOR COUNTY COMMISSIONER,,DEM,NO CANDIDATE FILED,0
Wood,PRECINCT 67,DEM FOR COUNTY COMMISSIONER,,DEM,NO CANDIDATE FILED,0
Wood,PRECINCT 67A,DEM FOR COUNTY COMMISSIONER,,DEM,NO CANDIDATE FILED,0
Wood,PRECINCT 69,DEM FOR COUNTY COMMISSIONER,,DEM,NO CANDIDATE FILED,0
Wood,PRECINCT 71,DEM FOR COUNTY COMMISSIONER,,DEM,NO CANDIDATE FILED,0
Wood,PRECINCT 74,DEM FOR COUNTY COMMISSIONER,,DEM,NO CANDIDATE FILED,0
Wood,PRECINCT 74B,DEM FOR COUNTY COMMISSIONER,,DEM,NO CANDIDATE FILED,0
Wood,PRECINCT 74C,DEM FOR COUNTY COMMISSIONER,,DEM,NO CANDIDATE FILED,0
Wood,PRECINCT 74U,DEM FOR COUNTY COMMISSIONER,,DEM,NO CANDIDATE FILED,0
Wood,PRECINCT 75,DEM FOR COUNTY COMMISSIONER,,DEM,NO CANDIDATE FILED,0
Wood,PRECINCT 77,DEM FOR COUNTY COMMISSIONER,,DEM,NO CANDIDATE FILED,0
Wood,PRECINCT 78,DEM FOR COUNTY COMMISSIONER,,DEM,NO CANDIDATE FILED,0
Wood,PRECINCT 78A,DEM FOR COUNTY COMMISSIONER,,DEM,NO CANDIDATE FILED,0
Wood,PRECINCT 79,DEM FOR COUNTY COMMISSIONER,,DEM,NO CANDIDATE FILED,0
Wood,PRECINCT 81,DEM FOR COUNTY COMMISSIONER,,DEM,NO CANDIDATE FILED,0
Wood,PRECINCT 82,DEM FOR COUNTY COMMISSIONER,,DEM,NO CANDIDATE FILED,0
Wood,PRECINCT 85,DEM FOR COUNTY COMMISSIONER,,DEM,NO CANDIDATE FILED,0
Wood,PRECINCT 86,DEM FOR COUNTY COMMISSIONER,,DEM,NO CANDIDATE FILED,0
Wood,PRECINCT 87,DEM FOR COUNTY COMMISSIONER,,DEM,NO CANDIDATE FILED,0
Wood,PRECINCT 88,DEM FOR COUNTY COMMISSIONER,,DEM,NO CANDIDATE FILED,0
Wood,PRECINCT 89,DEM FOR COUNTY COMMISSIONER,,DEM,NO CANDIDATE FILED,0
Wood,PRECINCT 8,MTN FOR COUNTY COMMISSIONER,,MTN,NO CANDIDATE FILED,0
Wood,PRECINCT 10,MTN FOR COUNTY COMMISSIONER,,MTN,NO CANDIDATE FILED,0
Wood,PRECINCT 13,MTN FOR COUNTY COMMISSIONER,,MTN,NO CANDIDATE FILED,0
Wood,PRECINCT 16,MTN FOR COUNTY COMMISSIONER,,MTN,NO CANDIDATE FILED,0
Wood,PRECINCT 19,MTN FOR COUNTY COMMISSIONER,,MTN,NO CANDIDATE FILED,0
Wood,PRECINCT 27,MTN FOR COUNTY COMMISSIONER,,MTN,NO CANDIDATE FILED,0
Wood,PRECINCT 29,MTN FOR COUNTY COMMISSIONER,,MTN,NO CANDIDATE FILED,0
Wood,PRECINCT 32,MTN FOR COUNTY COMMISSIONER,,MTN,NO CANDIDATE FILED,0
Wood,PRECINCT 33,MTN FOR COUNTY COMMISSIONER,,MTN,NO CANDIDATE FILED,0
Wood,PRECINCT 34A,MTN FOR COUNTY COMMISSIONER,,MTN,NO CANDIDATE FILED,0
Wood,PRECINCT 35,MTN FOR COUNTY COMMISSIONER,,MTN,NO CANDIDATE FILED,0
Wood,PRECINCT 36,MTN FOR COUNTY COMMISSIONER,,MTN,NO CANDIDATE FILED,0
Wood,PRECINCT 36B,MTN FOR COUNTY COMMISSIONER,,MTN,NO CANDIDATE FILED,0
Wood,PRECINCT 37,MTN FOR COUNTY COMMISSIONER,,MTN,NO CANDIDATE FILED,0
Wood,PRECINCT 37A,MTN FOR COUNTY COMMISSIONER,,MTN,NO CANDIDATE FILED,0
Wood,PRECINCT 38,MTN FOR COUNTY COMMISSIONER,,MTN,NO CANDIDATE FILED,0
Wood,PRECINCT 39,MTN FOR COUNTY COMMISSIONER,,MTN,NO CANDIDATE FILED,0
Wood,PRECINCT 40,MTN FOR COUNTY COMMISSIONER,,MTN,NO CANDIDATE FILED,0
Wood,PRECINCT 40A,MTN FOR COUNTY COMMISSIONER,,MTN,NO CANDIDATE FILED,0
Wood,PRECINCT 41,MTN FOR COUNTY COMMISSIONER,,MTN,NO CANDIDATE FILED,0
Wood,PRECINCT 42A,MTN FOR COUNTY COMMISSIONER,,MTN,NO CANDIDATE FILED,0
Wood,PRECINCT 43A,MTN FOR COUNTY COMMISSIONER,,MTN,NO CANDIDATE FILED,0
Wood,PRECINCT 45,MTN FOR COUNTY COMMISSIONER,,MTN,NO CANDIDATE FILED,0
Wood,PRECINCT 45A,MTN FOR COUNTY COMMISSIONER,,MTN,NO CANDIDATE FILED,0
Wood,PRECINCT 46,MTN FOR COUNTY COMMISSIONER,,MTN,NO CANDIDATE FILED,0
Wood,PRECINCT 46B,MTN FOR COUNTY COMMISSIONER,,MTN,NO CANDIDATE FILED,0
Wood,PRECINCT 47,MTN FOR COUNTY COMMISSIONER,,MTN,NO CANDIDATE FILED,0
Wood,PRECINCT 48,MTN FOR COUNTY COMMISSIONER,,MTN,NO CANDIDATE FILED,0
Wood,PRECINCT 49,MTN FOR COUNTY COMMISSIONER,,MTN,NO CANDIDATE FILED,0
Wood,PRECINCT 49A,MTN FOR COUNTY COMMISSIONER,,MTN,NO CANDIDATE FILED,0
Wood,PRECINCT 50,MTN FOR COUNTY COMMISSIONER,,MTN,NO CANDIDATE FILED,0
Wood,PRECINCT 51,MTN FOR COUNTY COMMISSIONER,,MTN,NO CANDIDATE FILED,0
Wood,PRECINCT 52,MTN FOR COUNTY COMMISSIONER,,MTN,NO CANDIDATE FILED,0
Wood,PRECINCT 53,MTN FOR COUNTY COMMISSIONER,,MTN,NO CANDIDATE FILED,0
Wood,PRECINCT 53A,MTN FOR COUNTY COMMISSIONER,,MTN,NO CANDIDATE FILED,0
Wood,PRECINCT 54,MTN FOR COUNTY COMMISSIONER,,MTN,NO CANDIDATE FILED,0
Wood,PRECINCT 54A,MTN FOR COUNTY COMMISSIONER,,MTN,NO CANDIDATE FILED,0
Wood,PRECINCT 56,MTN FOR COUNTY COMMISSIONER,,MTN,NO CANDIDATE FILED,0
Wood,PRECINCT 56A,MTN FOR COUNTY COMMISSIONER,,MTN,NO CANDIDATE FILED,0
Wood,PRECINCT 57,MTN FOR COUNTY COMMISSIONER,,MTN,NO CANDIDATE FILED,0
Wood,PRECINCT 57A,MTN FOR COUNTY COMMISSIONER,,MTN,NO CANDIDATE FILED,0
Wood,PRECINCT 58,MTN FOR COUNTY COMMISSIONER,,MTN,NO CANDIDATE FILED,0
Wood,PRECINCT 60,MTN FOR COUNTY COMMISSIONER,,MTN,NO CANDIDATE FILED,0
Wood,PRECINCT 61,MTN FOR COUNTY COMMISSIONER,,MTN,NO CANDIDATE FILED,0
Wood,PRECINCT 62,MTN FOR COUNTY COMMISSIONER,,MTN,NO CANDIDATE FILED,0
Wood,PRECINCT 63,MTN FOR COUNTY COMMISSIONER,,MTN,NO CANDIDATE FILED,0
Wood,PRECINCT 63A,MTN FOR COUNTY COMMISSIONER,,MTN,NO CANDIDATE FILED,0
Wood,PRECINCT 63B,MTN FOR COUNTY COMMISSIONER,,MTN,NO CANDIDATE FILED,0
Wood,PRECINCT 64,MTN FOR COUNTY COMMISSIONER,,MTN,NO CANDIDATE FILED,0
Wood,PRECINCT 67,MTN FOR COUNTY COMMISSIONER,,MTN,NO CANDIDATE FILED,0
Wood,PRECINCT 67A,MTN FOR COUNTY COMMISSIONER,,MTN,NO CANDIDATE FILED,0
Wood,PRECINCT 69,MTN FOR COUNTY COMMISSIONER,,MTN,NO CANDIDATE FILED,0
Wood,PRECINCT 71,MTN FOR COUNTY COMMISSIONER,,MTN,NO CANDIDATE FILED,0
Wood,PRECINCT 74,MTN FOR COUNTY COMMISSIONER,,MTN,NO CANDIDATE FILED,0
Wood,PRECINCT 74B,MTN FOR COUNTY COMMISSIONER,,MTN,NO CANDIDATE FILED,0
Wood,PRECINCT 74C,MTN FOR COUNTY COMMISSIONER,,MTN,NO CANDIDATE FILED,0
Wood,PRECINCT 74U,MTN FOR COUNTY COMMISSIONER,,MTN,NO CANDIDATE FILED,0
Wood,PRECINCT 75,MTN FOR COUNTY COMMISSIONER,,MTN,NO CANDIDATE FILED,0
Wood,PRECINCT 77,MTN FOR COUNTY COMMISSIONER,,MTN,NO CANDIDATE FILED,0
Wood,PRECINCT 78,MTN FOR COUNTY COMMISSIONER,,MTN,NO CANDIDATE FILED,0
Wood,PRECINCT 78A,MTN FOR COUNTY COMMISSIONER,,MTN,NO CANDIDATE FILED,0
Wood,PRECINCT 79,MTN FOR COUNTY COMMISSIONER,,MTN,NO CANDIDATE FILED,0
Wood,PRECINCT 81,MTN FOR COUNTY COMMISSIONER,,MTN,NO CANDIDATE FILED,0
Wood,PRECINCT 82,MTN FOR COUNTY COMMISSIONER,,MTN,NO CANDIDATE FILED,0
Wood,PRECINCT 85,MTN FOR COUNTY COMMISSIONER,,MTN,NO CANDIDATE FILED,0
Wood,PRECINCT 86,MTN FOR COUNTY COMMISSIONER,,MTN,NO CANDIDATE FILED,0
Wood,PRECINCT 87,MTN FOR COUNTY COMMISSIONER,,MTN,NO CANDIDATE FILED,0
Wood,PRECINCT 88,MTN FOR COUNTY COMMISSIONER,,MTN,NO CANDIDATE FILED,0
Wood,PRECINCT 89,MTN FOR COUNTY COMMISSIONER,,MTN,NO CANDIDATE FILED,0
Wood,PRECINCT 8,REP FOR PROSECUTING ATTORNEY,,REP,PAT LEFEBURE,63
Wood,PRECINCT 10,REP FOR PROSECUTING ATTORNEY,,REP,PAT LEFEBURE,52
Wood,PRECINCT 13,REP FOR PROSECUTING ATTORNEY,,REP,PAT LEFEBURE,38
Wood,PRECINCT 16,REP FOR PROSECUTING ATTORNEY,,REP,PAT LEFEBURE,47
Wood,PRECINCT 19,REP FOR PROSECUTING ATTORNEY,,REP,PAT LEFEBURE,171
Wood,PRECINCT 27,REP FOR PROSECUTING ATTORNEY,,REP,PAT LEFEBURE,52
Wood,PRECINCT 29,REP FOR PROSECUTING ATTORNEY,,REP,PAT LEFEBURE,136
Wood,PRECINCT 32,REP FOR PROSECUTING ATTORNEY,,REP,PAT LEFEBURE,102
Wood,PRECINCT 33,REP FOR PROSECUTING ATTORNEY,,REP,PAT LEFEBURE,26
Wood,PRECINCT 34A,REP FOR PROSECUTING ATTORNEY,,REP,PAT LEFEBURE,178
Wood,PRECINCT 35,REP FOR PROSECUTING ATTORNEY,,REP,PAT LEFEBURE,135
Wood,PRECINCT 36,REP FOR PROSECUTING ATTORNEY,,REP,PAT LEFEBURE,75
Wood,PRECINCT 36B,REP FOR PROSECUTING ATTORNEY,,REP,PAT LEFEBURE,139
Wood,PRECINCT 37,REP FOR PROSECUTING ATTORNEY,,REP,PAT LEFEBURE,187
Wood,PRECINCT 37A,REP FOR PROSECUTING ATTORNEY,,REP,PAT LEFEBURE,172
Wood,PRECINCT 38,REP FOR PROSECUTING ATTORNEY,,REP,PAT LEFEBURE,27
Wood,PRECINCT 39,REP FOR PROSECUTING ATTORNEY,,REP,PAT LEFEBURE,63
Wood,PRECINCT 40,REP FOR PROSECUTING ATTORNEY,,REP,PAT LEFEBURE,54
Wood,PRECINCT 40A,REP FOR PROSECUTING ATTORNEY,,REP,PAT LEFEBURE,103
Wood,PRECINCT 41,REP FOR PROSECUTING ATTORNEY,,REP,PAT LEFEBURE,132
Wood,PRECINCT 42A,REP FOR PROSECUTING ATTORNEY,,REP,PAT LEFEBURE,184
Wood,PRECINCT 43A,REP FOR PROSECUTING ATTORNEY,,REP,PAT LEFEBURE,174
Wood,PRECINCT 45,REP FOR PROSECUTING ATTORNEY,,REP,PAT LEFEBURE,133
Wood,PRECINCT 45A,REP FOR PROSECUTING ATTORNEY,,REP,PAT LEFEBURE,178
Wood,PRECINCT 46,REP FOR PROSECUTING ATTORNEY,,REP,PAT LEFEBURE,254
Wood,PRECINCT 46B,REP FOR PROSECUTING ATTORNEY,,REP,PAT LEFEBURE,260
Wood,PRECINCT 47,REP FOR PROSECUTING ATTORNEY,,REP,PAT LEFEBURE,73
Wood,PRECINCT 48,REP FOR PROSECUTING ATTORNEY,,REP,PAT LEFEBURE,248
Wood,PRECINCT 49,REP FOR PROSECUTING ATTORNEY,,REP,PAT LEFEBURE,115
Wood,PRECINCT 49A,REP FOR PROSECUTING ATTORNEY,,REP,PAT LEFEBURE,108
Wood,PRECINCT 50,REP FOR PROSECUTING ATTORNEY,,REP,PAT LEFEBURE,81
Wood,PRECINCT 51,REP FOR PROSECUTING ATTORNEY,,REP,PAT LEFEBURE,221
Wood,PRECINCT 52,REP FOR PROSECUTING ATTORNEY,,REP,PAT LEFEBURE,238
Wood,PRECINCT 53,REP FOR PROSECUTING ATTORNEY,,REP,PAT LEFEBURE,145
Wood,PRECINCT 53A,REP FOR PROSECUTING ATTORNEY,,REP,PAT LEFEBURE,124
Wood,PRECINCT 54,REP FOR PROSECUTING ATTORNEY,,REP,PAT LEFEBURE,99
Wood,PRECINCT 54A,REP FOR PROSECUTING ATTORNEY,,REP,PAT LEFEBURE,122
Wood,PRECINCT 56,REP FOR PROSECUTING ATTORNEY,,REP,PAT LEFEBURE,71
Wood,PRECINCT 56A,REP FOR PROSECUTING ATTORNEY,,REP,PAT LEFEBURE,137
Wood,PRECINCT 57,REP FOR PROSECUTING ATTORNEY,,REP,PAT LEFEBURE,111
Wood,PRECINCT 57A,REP FOR PROSECUTING ATTORNEY,,REP,PAT LEFEBURE,112
Wood,PRECINCT 58,REP FOR PROSECUTING ATTORNEY,,REP,PAT LEFEBURE,210
Wood,PRECINCT 60,REP FOR PROSECUTING ATTORNEY,,REP,PAT LEFEBURE,79
Wood,PRECINCT 61,REP FOR PROSECUTING ATTORNEY,,REP,PAT LEFEBURE,92
Wood,PRECINCT 62,REP FOR PROSECUTING ATTORNEY,,REP,PAT LEFEBURE,179
Wood,PRECINCT 63,REP FOR PROSECUTING ATTORNEY,,REP,PAT LEFEBURE,67
Wood,PRECINCT 63A,REP FOR PROSECUTING ATTORNEY,,REP,PAT LEFEBURE,124
Wood,PRECINCT 63B,REP FOR PROSECUTING ATTORNEY,,REP,PAT LEFEBURE,100
Wood,PRECINCT 64,REP FOR PROSECUTING ATTORNEY,,REP,PAT LEFEBURE,151
Wood,PRECINCT 67,REP FOR PROSECUTING ATTORNEY,,REP,PAT LEFEBURE,234
Wood,PRECINCT 67A,REP FOR PROSECUTING ATTORNEY,,REP,PAT LEFEBURE,238
Wood,PRECINCT 69,REP FOR PROSECUTING ATTORNEY,,REP,PAT LEFEBURE,106
Wood,PRECINCT 71,REP FOR PROSECUTING ATTORNEY,,REP,PAT LEFEBURE,43
Wood,PRECINCT 74,REP FOR PROSECUTING ATTORNEY,,REP,PAT LEFEBURE,123
Wood,PRECINCT 74B,REP FOR PROSECUTING ATTORNEY,,REP,PAT LEFEBURE,159
Wood,PRECINCT 74C,REP FOR PROSECUTING ATTORNEY,,REP,PAT LEFEBURE,140
Wood,PRECINCT 74U,REP FOR PROSECUTING ATTORNEY,,REP,PAT LEFEBURE,26
Wood,PRECINCT 75,REP FOR PROSECUTING ATTORNEY,,REP,PAT LEFEBURE,93
Wood,PRECINCT 77,REP FOR PROSECUTING ATTORNEY,,REP,PAT LEFEBURE,134
Wood,PRECINCT 78,REP FOR PROSECUTING ATTORNEY,,REP,PAT LEFEBURE,83
Wood,PRECINCT 78A,REP FOR PROSECUTING ATTORNEY,,REP,PAT LEFEBURE,207
Wood,PRECINCT 79,REP FOR PROSECUTING ATTORNEY,,REP,PAT LEFEBURE,160
Wood,PRECINCT 81,REP FOR PROSECUTING ATTORNEY,,REP,PAT LEFEBURE,90
Wood,PRECINCT 82,REP FOR PROSECUTING ATTORNEY,,REP,PAT LEFEBURE,154
Wood,PRECINCT 85,REP FOR PROSECUTING ATTORNEY,,REP,PAT LEFEBURE,123
Wood,PRECINCT 86,REP FOR PROSECUTING ATTORNEY,,REP,PAT LEFEBURE,164
Wood,PRECINCT 87,REP FOR PROSECUTING ATTORNEY,,REP,PAT LEFEBURE,135
Wood,PRECINCT 88,REP FOR PROSECUTING ATTORNEY,,REP,PAT LEFEBURE,153
Wood,PRECINCT 89,REP FOR PROSECUTING ATTORNEY,,REP,PAT LEFEBURE,175
Wood,PRECINCT 8,DEM FOR PROSECUTING ATTORNEY,,DEM,NO CANDIDATE FILED,0
Wood,PRECINCT 10,DEM FOR PROSECUTING ATTORNEY,,DEM,NO CANDIDATE FILED,0
Wood,PRECINCT 13,DEM FOR PROSECUTING ATTORNEY,,DEM,NO CANDIDATE FILED,0
Wood,PRECINCT 16,DEM FOR PROSECUTING ATTORNEY,,DEM,NO CANDIDATE FILED,0
Wood,PRECINCT 19,DEM FOR PROSECUTING ATTORNEY,,DEM,NO CANDIDATE FILED,0
Wood,PRECINCT 27,DEM FOR PROSECUTING ATTORNEY,,DEM,NO CANDIDATE FILED,0
Wood,PRECINCT 29,DEM FOR PROSECUTING ATTORNEY,,DEM,NO CANDIDATE FILED,0
Wood,PRECINCT 32,DEM FOR PROSECUTING ATTORNEY,,DEM,NO CANDIDATE FILED,0
Wood,PRECINCT 33,DEM FOR PROSECUTING ATTORNEY,,DEM,NO CANDIDATE FILED,0
Wood,PRECINCT 34A,DEM FOR PROSECUTING ATTORNEY,,DEM,NO CANDIDATE FILED,0
Wood,PRECINCT 35,DEM FOR PROSECUTING ATTORNEY,,DEM,NO CANDIDATE FILED,0
Wood,PRECINCT 36,DEM FOR PROSECUTING ATTORNEY,,DEM,NO CANDIDATE FILED,0
Wood,PRECINCT 36B,DEM FOR PROSECUTING ATTORNEY,,DEM,NO CANDIDATE FILED,0
Wood,PRECINCT 37,DEM FOR PROSECUTING ATTORNEY,,DEM,NO CANDIDATE FILED,0
Wood,PRECINCT 37A,DEM FOR PROSECUTING ATTORNEY,,DEM,NO CANDIDATE FILED,0
Wood,PRECINCT 38,DEM FOR PROSECUTING ATTORNEY,,DEM,NO CANDIDATE FILED,0
Wood,PRECINCT 39,DEM FOR PROSECUTING ATTORNEY,,DEM,NO CANDIDATE FILED,0
Wood,PRECINCT 40,DEM FOR PROSECUTING ATTORNEY,,DEM,NO CANDIDATE FILED,0
Wood,PRECINCT 40A,DEM FOR PROSECUTING ATTORNEY,,DEM,NO CANDIDATE FILED,0
Wood,PRECINCT 41,DEM FOR PROSECUTING ATTORNEY,,DEM,NO CANDIDATE FILED,0
Wood,PRECINCT 42A,DEM FOR PROSECUTING ATTORNEY,,DEM,NO CANDIDATE FILED,0
Wood,PRECINCT 43A,DEM FOR PROSECUTING ATTORNEY,,DEM,NO CANDIDATE FILED,0
Wood,PRECINCT 45,DEM FOR PROSECUTING ATTORNEY,,DEM,NO CANDIDATE FILED,0
Wood,PRECINCT 45A,DEM FOR PROSECUTING ATTORNEY,,DEM,NO CANDIDATE FILED,0
Wood,PRECINCT 46,DEM FOR PROSECUTING ATTORNEY,,DEM,NO CANDIDATE FILED,0
Wood,PRECINCT 46B,DEM FOR PROSECUTING ATTORNEY,,DEM,NO CANDIDATE FILED,0
Wood,PRECINCT 47,DEM FOR PROSECUTING ATTORNEY,,DEM,NO CANDIDATE FILED,0
Wood,PRECINCT 48,DEM FOR PROSECUTING ATTORNEY,,DEM,NO CANDIDATE FILED,0
Wood,PRECINCT 49,DEM FOR PROSECUTING ATTORNEY,,DEM,NO CANDIDATE FILED,0
Wood,PRECINCT 49A,DEM FOR PROSECUTING ATTORNEY,,DEM,NO CANDIDATE FILED,0
Wood,PRECINCT 50,DEM FOR PROSECUTING ATTORNEY,,DEM,NO CANDIDATE FILED,0
Wood,PRECINCT 51,DEM FOR PROSECUTING ATTORNEY,,DEM,NO CANDIDATE FILED,0
Wood,PRECINCT 52,DEM FOR PROSECUTING ATTORNEY,,DEM,NO CANDIDATE FILED,0
Wood,PRECINCT 53,DEM FOR PROSECUTING ATTORNEY,,DEM,NO CANDIDATE FILED,0
Wood,PRECINCT 53A,DEM FOR PROSECUTING ATTORNEY,,DEM,NO CANDIDATE FILED,0
Wood,PRECINCT 54,DEM FOR PROSECUTING ATTORNEY,,DEM,NO CANDIDATE FILED,0
Wood,PRECINCT 54A,DEM FOR PROSECUTING ATTORNEY,,DEM,NO CANDIDATE FILED,0
Wood,PRECINCT 56,DEM FOR PROSECUTING ATTORNEY,,DEM,NO CANDIDATE FILED,0
Wood,PRECINCT 56A,DEM FOR PROSECUTING ATTORNEY,,DEM,NO CANDIDATE FILED,0
Wood,PRECINCT 57,DEM FOR PROSECUTING ATTORNEY,,DEM,NO CANDIDATE FILED,0
Wood,PRECINCT 57A,DEM FOR PROSECUTING ATTORNEY,,DEM,NO CANDIDATE FILED,0
Wood,PRECINCT 58,DEM FOR PROSECUTING ATTORNEY,,DEM,NO CANDIDATE FILED,0
Wood,PRECINCT 60,DEM FOR PROSECUTING ATTORNEY,,DEM,NO CANDIDATE FILED,0
Wood,PRECINCT 61,DEM FOR PROSECUTING ATTORNEY,,DEM,NO CANDIDATE FILED,0
Wood,PRECINCT 62,DEM FOR PROSECUTING ATTORNEY,,DEM,NO CANDIDATE FILED,0
Wood,PRECINCT 63,DEM FOR PROSECUTING ATTORNEY,,DEM,NO CANDIDATE FILED,0
Wood,PRECINCT 63A,DEM FOR PROSECUTING ATTORNEY,,DEM,NO CANDIDATE FILED,0
Wood,PRECINCT 63B,DEM FOR PROSECUTING ATTORNEY,,DEM,NO CANDIDATE FILED,0
Wood,PRECINCT 64,DEM FOR PROSECUTING ATTORNEY,,DEM,NO CANDIDATE FILED,0
Wood,PRECINCT 67,DEM FOR PROSECUTING ATTORNEY,,DEM,NO CANDIDATE FILED,0
Wood,PRECINCT 67A,DEM FOR PROSECUTING ATTORNEY,,DEM,NO CANDIDATE FILED,0
Wood,PRECINCT 69,DEM FOR PROSECUTING ATTORNEY,,DEM,NO CANDIDATE FILED,0
Wood,PRECINCT 71,DEM FOR PROSECUTING ATTORNEY,,DEM,NO CANDIDATE FILED,0
Wood,PRECINCT 74,DEM FOR PROSECUTING ATTORNEY,,DEM,NO CANDIDATE FILED,0
Wood,PRECINCT 74B,DEM FOR PROSECUTING ATTORNEY,,DEM,NO CANDIDATE FILED,0
Wood,PRECINCT 74C,DEM FOR PROSECUTING ATTORNEY,,DEM,NO CANDIDATE FILED,0
Wood,PRECINCT 74U,DEM FOR PROSECUTING ATTORNEY,,DEM,NO CANDIDATE FILED,0
Wood,PRECINCT 75,DEM FOR PROSECUTING ATTORNEY,,DEM,NO CANDIDATE FILED,0
Wood,PRECINCT 77,DEM FOR PROSECUTING ATTORNEY,,DEM,NO CANDIDATE FILED,0
Wood,PRECINCT 78,DEM FOR PROSECUTING ATTORNEY,,DEM,NO CANDIDATE FILED,0
Wood,PRECINCT 78A,DEM FOR PROSECUTING ATTORNEY,,DEM,NO CANDIDATE FILED,0
Wood,PRECINCT 79,DEM FOR PROSECUTING ATTORNEY,,DEM,NO CANDIDATE FILED,0
Wood,PRECINCT 81,DEM FOR PROSECUTING ATTORNEY,,DEM,NO CANDIDATE FILED,0
Wood,PRECINCT 82,DEM FOR PROSECUTING ATTORNEY,,DEM,NO CANDIDATE FILED,0
Wood,PRECINCT 85,DEM FOR PROSECUTING ATTORNEY,,DEM,NO CANDIDATE FILED,0
Wood,PRECINCT 86,DEM FOR PROSECUTING ATTORNEY,,DEM,NO CANDIDATE FILED,0
Wood,PRECINCT 87,DEM FOR PROSECUTING ATTORNEY,,DEM,NO CANDIDATE FILED,0
Wood,PRECINCT 88,DEM FOR PROSECUTING ATTORNEY,,DEM,NO CANDIDATE FILED,0
Wood,PRECINCT 89,DEM FOR PROSECUTING ATTORNEY,,DEM,NO CANDIDATE FILED,0
Wood,PRECINCT 8,MTN FOR PROSECUTING ATTORNEY,,MTN,NO CANDIDATE FILED,0
Wood,PRECINCT 10,MTN FOR PROSECUTING ATTORNEY,,MTN,NO CANDIDATE FILED,0
Wood,PRECINCT 13,MTN FOR PROSECUTING ATTORNEY,,MTN,NO CANDIDATE FILED,0
Wood,PRECINCT 16,MTN FOR PROSECUTING ATTORNEY,,MTN,NO CANDIDATE FILED,0
Wood,PRECINCT 19,MTN FOR PROSECUTING ATTORNEY,,MTN,NO CANDIDATE FILED,0
Wood,PRECINCT 27,MTN FOR PROSECUTING ATTORNEY,,MTN,NO CANDIDATE FILED,0
Wood,PRECINCT 29,MTN FOR PROSECUTING ATTORNEY,,MTN,NO CANDIDATE FILED,0
Wood,PRECINCT 32,MTN FOR PROSECUTING ATTORNEY,,MTN,NO CANDIDATE FILED,0
Wood,PRECINCT 33,MTN FOR PROSECUTING ATTORNEY,,MTN,NO CANDIDATE FILED,0
Wood,PRECINCT 34A,MTN FOR PROSECUTING ATTORNEY,,MTN,NO CANDIDATE FILED,0
Wood,PRECINCT 35,MTN FOR PROSECUTING ATTORNEY,,MTN,NO CANDIDATE FILED,0
Wood,PRECINCT 36,MTN FOR PROSECUTING ATTORNEY,,MTN,NO CANDIDATE FILED,0
Wood,PRECINCT 36B,MTN FOR PROSECUTING ATTORNEY,,MTN,NO CANDIDATE FILED,0
Wood,PRECINCT 37,MTN FOR PROSECUTING ATTORNEY,,MTN,NO CANDIDATE FILED,0
Wood,PRECINCT 37A,MTN FOR PROSECUTING ATTORNEY,,MTN,NO CANDIDATE FILED,0
Wood,PRECINCT 38,MTN FOR PROSECUTING ATTORNEY,,MTN,NO CANDIDATE FILED,0
Wood,PRECINCT 39,MTN FOR PROSECUTING ATTORNEY,,MTN,NO CANDIDATE FILED,0
Wood,PRECINCT 40,MTN FOR PROSECUTING ATTORNEY,,MTN,NO CANDIDATE FILED,0
Wood,PRECINCT 40A,MTN FOR PROSECUTING ATTORNEY,,MTN,NO CANDIDATE FILED,0
Wood,PRECINCT 41,MTN FOR PROSECUTING ATTORNEY,,MTN,NO CANDIDATE FILED,0
Wood,PRECINCT 42A,MTN FOR PROSECUTING ATTORNEY,,MTN,NO CANDIDATE FILED,0
Wood,PRECINCT 43A,MTN FOR PROSECUTING ATTORNEY,,MTN,NO CANDIDATE FILED,0
Wood,PRECINCT 45,MTN FOR PROSECUTING ATTORNEY,,MTN,NO CANDIDATE FILED,0
Wood,PRECINCT 45A,MTN FOR PROSECUTING ATTORNEY,,MTN,NO CANDIDATE FILED,0
Wood,PRECINCT 46,MTN FOR PROSECUTING ATTORNEY,,MTN,NO CANDIDATE FILED,0
Wood,PRECINCT 46B,MTN FOR PROSECUTING ATTORNEY,,MTN,NO CANDIDATE FILED,0
Wood,PRECINCT 47,MTN FOR PROSECUTING ATTORNEY,,MTN,NO CANDIDATE FILED,0
Wood,PRECINCT 48,MTN FOR PROSECUTING ATTORNEY,,MTN,NO CANDIDATE FILED,0
Wood,PRECINCT 49,MTN FOR PROSECUTING ATTORNEY,,MTN,NO CANDIDATE FILED,0
Wood,PRECINCT 49A,MTN FOR PROSECUTING ATTORNEY,,MTN,NO CANDIDATE FILED,0
Wood,PRECINCT 50,MTN FOR PROSECUTING ATTORNEY,,MTN,NO CANDIDATE FILED,0
Wood,PRECINCT 51,MTN FOR PROSECUTING ATTORNEY,,MTN,NO CANDIDATE FILED,0
Wood,PRECINCT 52,MTN FOR PROSECUTING ATTORNEY,,MTN,NO CANDIDATE FILED,0
Wood,PRECINCT 53,MTN FOR PROSECUTING ATTORNEY,,MTN,NO CANDIDATE FILED,0
Wood,PRECINCT 53A,MTN FOR PROSECUTING ATTORNEY,,MTN,NO CANDIDATE FILED,0
Wood,PRECINCT 54,MTN FOR PROSECUTING ATTORNEY,,MTN,NO CANDIDATE FILED,0
Wood,PRECINCT 54A,MTN FOR PROSECUTING ATTORNEY,,MTN,NO CANDIDATE FILED,0
Wood,PRECINCT 56,MTN FOR PROSECUTING ATTORNEY,,MTN,NO CANDIDATE FILED,0
Wood,PRECINCT 56A,MTN FOR PROSECUTING ATTORNEY,,MTN,NO CANDIDATE FILED,0
Wood,PRECINCT 57,MTN FOR PROSECUTING ATTORNEY,,MTN,NO CANDIDATE FILED,0
Wood,PRECINCT 57A,MTN FOR PROSECUTING ATTORNEY,,MTN,NO CANDIDATE FILED,0
Wood,PRECINCT 58,MTN FOR PROSECUTING ATTORNEY,,MTN,NO CANDIDATE FILED,0
Wood,PRECINCT 60,MTN FOR PROSECUTING ATTORNEY,,MTN,NO CANDIDATE FILED,0
Wood,PRECINCT 61,MTN FOR PROSECUTING ATTORNEY,,MTN,NO CANDIDATE FILED,0
Wood,PRECINCT 62,MTN FOR PROSECUTING ATTORNEY,,MTN,NO CANDIDATE FILED,0
Wood,PRECINCT 63,MTN FOR PROSECUTING ATTORNEY,,MTN,NO CANDIDATE FILED,0
Wood,PRECINCT 63A,MTN FOR PROSECUTING ATTORNEY,,MTN,NO CANDIDATE FILED,0
Wood,PRECINCT 63B,MTN FOR PROSECUTING ATTORNEY,,MTN,NO CANDIDATE FILED,0
Wood,PRECINCT 64,MTN FOR PROSECUTING ATTORNEY,,MTN,NO CANDIDATE FILED,0
Wood,PRECINCT 67,MTN FOR PROSECUTING ATTORNEY,,MTN,NO CANDIDATE FILED,0
Wood,PRECINCT 67A,MTN FOR PROSECUTING ATTORNEY,,MTN,NO CANDIDATE FILED,0
Wood,PRECINCT 69,MTN FOR PROSECUTING ATTORNEY,,MTN,NO CANDIDATE FILED,0
Wood,PRECINCT 71,MTN FOR PROSECUTING ATTORNEY,,MTN,NO CANDIDATE FILED,0
Wood,PRECINCT 74,MTN FOR PROSECUTING ATTORNEY,,MTN,NO CANDIDATE FILED,0
Wood,PRECINCT 74B,MTN FOR PROSECUTING ATTORNEY,,MTN,NO CANDIDATE FILED,0
Wood,PRECINCT 74C,MTN FOR PROSECUTING ATTORNEY,,MTN,NO CANDIDATE FILED,0
Wood,PRECINCT 74U,MTN FOR PROSECUTING ATTORNEY,,MTN,NO CANDIDATE FILED,0
Wood,PRECINCT 75,MTN FOR PROSECUTING ATTORNEY,,MTN,NO CANDIDATE FILED,0
Wood,PRECINCT 77,MTN FOR PROSECUTING ATTORNEY,,MTN,NO CANDIDATE FILED,0
Wood,PRECINCT 78,MTN FOR PROSECUTING ATTORNEY,,MTN,NO CANDIDATE FILED,0
Wood,PRECINCT 78A,MTN FOR PROSECUTING ATTORNEY,,MTN,NO CANDIDATE FILED,0
Wood,PRECINCT 79,MTN FOR PROSECUTING ATTORNEY,,MTN,NO CANDIDATE FILED,0
Wood,PRECINCT 81,MTN FOR PROSECUTING ATTORNEY,,MTN,NO CANDIDATE FILED,0
Wood,PRECINCT 82,MTN FOR PROSECUTING ATTORNEY,,MTN,NO CANDIDATE FILED,0
Wood,PRECINCT 85,MTN FOR PROSECUTING ATTORNEY,,MTN,NO CANDIDATE FILED,0
Wood,PRECINCT 86,MTN FOR PROSECUTING ATTORNEY,,MTN,NO CANDIDATE FILED,0
Wood,PRECINCT 87,MTN FOR PROSECUTING ATTORNEY,,MTN,NO CANDIDATE FILED,0
Wood,PRECINCT 88,MTN FOR PROSECUTING ATTORNEY,,MTN,NO CANDIDATE FILED,0
Wood,PRECINCT 89,MTN FOR PROSECUTING ATTORNEY,,MTN,NO CANDIDATE FILED,0
Wood,PRECINCT 8,REP FOR SHERIFF,,REP,RICK WOODYARD,62
Wood,PRECINCT 10,REP FOR SHERIFF,,REP,RICK WOODYARD,57
Wood,PRECINCT 13,REP FOR SHERIFF,,REP,RICK WOODYARD,41
Wood,PRECINCT 16,REP FOR SHERIFF,,REP,RICK WOODYARD,46
Wood,PRECINCT 19,REP FOR SHERIFF,,REP,RICK WOODYARD,180
Wood,PRECINCT 27,REP FOR SHERIFF,,REP,RICK WOODYARD,52
Wood,PRECINCT 29,REP FOR SHERIFF,,REP,RICK WOODYARD,138
Wood,PRECINCT 32,REP FOR SHERIFF,,REP,RICK WOODYARD,99
Wood,PRECINCT 33,REP FOR SHERIFF,,REP,RICK WOODYARD,25
Wood,PRECINCT 34A,REP FOR SHERIFF,,REP,RICK WOODYARD,188
Wood,PRECINCT 35,REP FOR SHERIFF,,REP,RICK WOODYARD,143
Wood,PRECINCT 36,REP FOR SHERIFF,,REP,RICK WOODYARD,78
Wood,PRECINCT 36B,REP FOR SHERIFF,,REP,RICK WOODYARD,137
Wood,PRECINCT 37,REP FOR SHERIFF,,REP,RICK WOODYARD,188
Wood,PRECINCT 37A,REP FOR SHERIFF,,REP,RICK WOODYARD,166
Wood,PRECINCT 38,REP FOR SHERIFF,,REP,RICK WOODYARD,28
Wood,PRECINCT 39,REP FOR SHERIFF,,REP,RICK WOODYARD,60
Wood,PRECINCT 40,REP FOR SHERIFF,,REP,RICK WOODYARD,60
Wood,PRECINCT 40A,REP FOR SHERIFF,,REP,RICK WOODYARD,101
Wood,PRECINCT 41,REP FOR SHERIFF,,REP,RICK WOODYARD,130
Wood,PRECINCT 42A,REP FOR SHERIFF,,REP,RICK WOODYARD,188
Wood,PRECINCT 43A,REP FOR SHERIFF,,REP,RICK WOODYARD,182
Wood,PRECINCT 45,REP FOR SHERIFF,,REP,RICK WOODYARD,134
Wood,PRECINCT 45A,REP FOR SHERIFF,,REP,RICK WOODYARD,177
Wood,PRECINCT 46,REP FOR SHERIFF,,REP,RICK WOODYARD,260
Wood,PRECINCT 46B,REP FOR SHERIFF,,REP,RICK WOODYARD,260
Wood,PRECINCT 47,REP FOR SHERIFF,,REP,RICK WOODYARD,76
Wood,PRECINCT 48,REP FOR SHERIFF,,REP,RICK WOODYARD,244
Wood,PRECINCT 49,REP FOR SHERIFF,,REP,RICK WOODYARD,120
Wood,PRECINCT 49A,REP FOR SHERIFF,,REP,RICK WOODYARD,107
Wood,PRECINCT 50,REP FOR SHERIFF,,REP,RICK WOODYARD,81
Wood,PRECINCT 51,REP FOR SHERIFF,,REP,RICK WOODYARD,206
Wood,PRECINCT 52,REP FOR SHERIFF,,REP,RICK WOODYARD,229
Wood,PRECINCT 53,REP FOR SHERIFF,,REP,RICK WOODYARD,142
Wood,PRECINCT 53A,REP FOR SHERIFF,,REP,RICK WOODYARD,123
Wood,PRECINCT 54,REP FOR SHERIFF,,REP,RICK WOODYARD,97
Wood,PRECINCT 54A,REP FOR SHERIFF,,REP,RICK WOODYARD,119
Wood,PRECINCT 56,REP FOR SHERIFF,,REP,RICK WOODYARD,77
Wood,PRECINCT 56A,REP FOR SHERIFF,,REP,RICK WOODYARD,133
Wood,PRECINCT 57,REP FOR SHERIFF,,REP,RICK WOODYARD,117
Wood,PRECINCT 57A,REP FOR SHERIFF,,REP,RICK WOODYARD,113
Wood,PRECINCT 58,REP FOR SHERIFF,,REP,RICK WOODYARD,217
Wood,PRECINCT 60,REP FOR SHERIFF,,REP,RICK WOODYARD,82
Wood,PRECINCT 61,REP FOR SHERIFF,,REP,RICK WOODYARD,97
Wood,PRECINCT 62,REP FOR SHERIFF,,REP,RICK WOODYARD,188
Wood,PRECINCT 63,REP FOR SHERIFF,,REP,RICK WOODYARD,70
Wood,PRECINCT 63A,REP FOR SHERIFF,,REP,RICK WOODYARD,132
Wood,PRECINCT 63B,REP FOR SHERIFF,,REP,RICK WOODYARD,110
Wood,PRECINCT 64,REP FOR SHERIFF,,REP,RICK WOODYARD,160
Wood,PRECINCT 67,REP FOR SHERIFF,,REP,RICK WOODYARD,239
Wood,PRECINCT 67A,REP FOR SHERIFF,,REP,RICK WOODYARD,251
Wood,PRECINCT 69,REP FOR SHERIFF,,REP,RICK WOODYARD,112
Wood,PRECINCT 71,REP FOR SHERIFF,,REP,RICK WOODYARD,44
Wood,PRECINCT 74,REP FOR SHERIFF,,REP,RICK WOODYARD,130
Wood,PRECINCT 74B,REP FOR SHERIFF,,REP,RICK WOODYARD,168
Wood,PRECINCT 74C,REP FOR SHERIFF,,REP,RICK WOODYARD,152
Wood,PRECINCT 74U,REP FOR SHERIFF,,REP,RICK WOODYARD,29
Wood,PRECINCT 75,REP FOR SHERIFF,,REP,RICK WOODYARD,97
Wood,PRECINCT 77,REP FOR SHERIFF,,REP,RICK WOODYARD,143
Wood,PRECINCT 78,REP FOR SHERIFF,,REP,RICK WOODYARD,88
Wood,PRECINCT 78A,REP FOR SHERIFF,,REP,RICK WOODYARD,217
Wood,PRECINCT 79,REP FOR SHERIFF,,REP,RICK WOODYARD,169
Wood,PRECINCT 81,REP FOR SHERIFF,,REP,RICK WOODYARD,91
Wood,PRECINCT 82,REP FOR SHERIFF,,REP,RICK WOODYARD,165
Wood,PRECINCT 85,REP FOR SHERIFF,,REP,RICK WOODYARD,131
Wood,PRECINCT 86,REP FOR SHERIFF,,REP,RICK WOODYARD,179
Wood,PRECINCT 87,REP FOR SHERIFF,,REP,RICK WOODYARD,151
Wood,PRECINCT 88,REP FOR SHERIFF,,REP,RICK WOODYARD,168
Wood,PRECINCT 89,REP FOR SHERIFF,,REP,RICK WOODYARD,206
Wood,PRECINCT 8,DEM FOR SHERIFF,,DEM,NO CANDIDATE FILED,0
Wood,PRECINCT 10,DEM FOR SHERIFF,,DEM,NO CANDIDATE FILED,0
Wood,PRECINCT 13,DEM FOR SHERIFF,,DEM,NO CANDIDATE FILED,0
Wood,PRECINCT 16,DEM FOR SHERIFF,,DEM,NO CANDIDATE FILED,0
Wood,PRECINCT 19,DEM FOR SHERIFF,,DEM,NO CANDIDATE FILED,0
Wood,PRECINCT 27,DEM FOR SHERIFF,,DEM,NO CANDIDATE FILED,0
Wood,PRECINCT 29,DEM FOR SHERIFF,,DEM,NO CANDIDATE FILED,0
Wood,PRECINCT 32,DEM FOR SHERIFF,,DEM,NO CANDIDATE FILED,0
Wood,PRECINCT 33,DEM FOR SHERIFF,,DEM,NO CANDIDATE FILED,0
Wood,PRECINCT 34A,DEM FOR SHERIFF,,DEM,NO CANDIDATE FILED,0
Wood,PRECINCT 35,DEM FOR SHERIFF,,DEM,NO CANDIDATE FILED,0
Wood,PRECINCT 36,DEM FOR SHERIFF,,DEM,NO CANDIDATE FILED,0
Wood,PRECINCT 36B,DEM FOR SHERIFF,,DEM,NO CANDIDATE FILED,0
Wood,PRECINCT 37,DEM FOR SHERIFF,,DEM,NO CANDIDATE FILED,0
Wood,PRECINCT 37A,DEM FOR SHERIFF,,DEM,NO CANDIDATE FILED,0
Wood,PRECINCT 38,DEM FOR SHERIFF,,DEM,NO CANDIDATE FILED,0
Wood,PRECINCT 39,DEM FOR SHERIFF,,DEM,NO CANDIDATE FILED,0
Wood,PRECINCT 40,DEM FOR SHERIFF,,DEM,NO CANDIDATE FILED,0
Wood,PRECINCT 40A,DEM FOR SHERIFF,,DEM,NO CANDIDATE FILED,0
Wood,PRECINCT 41,DEM FOR SHERIFF,,DEM,NO CANDIDATE FILED,0
Wood,PRECINCT 42A,DEM FOR SHERIFF,,DEM,NO CANDIDATE FILED,0
Wood,PRECINCT 43A,DEM FOR SHERIFF,,DEM,NO CANDIDATE FILED,0
Wood,PRECINCT 45,DEM FOR SHERIFF,,DEM,NO CANDIDATE FILED,0
Wood,PRECINCT 45A,DEM FOR SHERIFF,,DEM,NO CANDIDATE FILED,0
Wood,PRECINCT 46,DEM FOR SHERIFF,,DEM,NO CANDIDATE FILED,0
Wood,PRECINCT 46B,DEM FOR SHERIFF,,DEM,NO CANDIDATE FILED,0
Wood,PRECINCT 47,DEM FOR SHERIFF,,DEM,NO CANDIDATE FILED,0
Wood,PRECINCT 48,DEM FOR SHERIFF,,DEM,NO CANDIDATE FILED,0
Wood,PRECINCT 49,DEM FOR SHERIFF,,DEM,NO CANDIDATE FILED,0
Wood,PRECINCT 49A,DEM FOR SHERIFF,,DEM,NO CANDIDATE FILED,0
Wood,PRECINCT 50,DEM FOR SHERIFF,,DEM,NO CANDIDATE FILED,0
Wood,PRECINCT 51,DEM FOR SHERIFF,,DEM,NO CANDIDATE FILED,0
Wood,PRECINCT 52,DEM FOR SHERIFF,,DEM,NO CANDIDATE FILED,0
Wood,PRECINCT 53,DEM FOR SHERIFF,,DEM,NO CANDIDATE FILED,0
Wood,PRECINCT 53A,DEM FOR SHERIFF,,DEM,NO CANDIDATE FILED,0
Wood,PRECINCT 54,DEM FOR SHERIFF,,DEM,NO CANDIDATE FILED,0
Wood,PRECINCT 54A,DEM FOR SHERIFF,,DEM,NO CANDIDATE FILED,0
Wood,PRECINCT 56,DEM FOR SHERIFF,,DEM,NO CANDIDATE FILED,0
Wood,PRECINCT 56A,DEM FOR SHERIFF,,DEM,NO CANDIDATE FILED,0
Wood,PRECINCT 57,DEM FOR SHERIFF,,DEM,NO CANDIDATE FILED,0
Wood,PRECINCT 57A,DEM FOR SHERIFF,,DEM,NO CANDIDATE FILED,0
Wood,PRECINCT 58,DEM FOR SHERIFF,,DEM,NO CANDIDATE FILED,0
Wood,PRECINCT 60,DEM FOR SHERIFF,,DEM,NO CANDIDATE FILED,0
Wood,PRECINCT 61,DEM FOR SHERIFF,,DEM,NO CANDIDATE FILED,0
Wood,PRECINCT 62,DEM FOR SHERIFF,,DEM,NO CANDIDATE FILED,0
Wood,PRECINCT 63,DEM FOR SHERIFF,,DEM,NO CANDIDATE FILED,0
Wood,PRECINCT 63A,DEM FOR SHERIFF,,DEM,NO CANDIDATE FILED,0
Wood,PRECINCT 63B,DEM FOR SHERIFF,,DEM,NO CANDIDATE FILED,0
Wood,PRECINCT 64,DEM FOR SHERIFF,,DEM,NO CANDIDATE FILED,0
Wood,PRECINCT 67,DEM FOR SHERIFF,,DEM,NO CANDIDATE FILED,0
Wood,PRECINCT 67A,DEM FOR SHERIFF,,DEM,NO CANDIDATE FILED,0
Wood,PRECINCT 69,DEM FOR SHERIFF,,DEM,NO CANDIDATE FILED,0
Wood,PRECINCT 71,DEM FOR SHERIFF,,DEM,NO CANDIDATE FILED,0
Wood,PRECINCT 74,DEM FOR SHERIFF,,DEM,NO CANDIDATE FILED,0
Wood,PRECINCT 74B,DEM FOR SHERIFF,,DEM,NO CANDIDATE FILED,0
Wood,PRECINCT 74C,DEM FOR SHERIFF,,DEM,NO CANDIDATE FILED,0
Wood,PRECINCT 74U,DEM FOR SHERIFF,,DEM,NO CANDIDATE FILED,0
Wood,PRECINCT 75,DEM FOR SHERIFF,,DEM,NO CANDIDATE FILED,0
Wood,PRECINCT 77,DEM FOR SHERIFF,,DEM,NO CANDIDATE FILED,0
Wood,PRECINCT 78,DEM FOR SHERIFF,,DEM,NO CANDIDATE FILED,0
Wood,PRECINCT 78A,DEM FOR SHERIFF,,DEM,NO CANDIDATE FILED,0
Wood,PRECINCT 79,DEM FOR SHERIFF,,DEM,NO CANDIDATE FILED,0
Wood,PRECINCT 81,DEM FOR SHERIFF,,DEM,NO CANDIDATE FILED,0
Wood,PRECINCT 82,DEM FOR SHERIFF,,DEM,NO CANDIDATE FILED,0
Wood,PRECINCT 85,DEM FOR SHERIFF,,DEM,NO CANDIDATE FILED,0
Wood,PRECINCT 86,DEM FOR SHERIFF,,DEM,NO CANDIDATE FILED,0
Wood,PRECINCT 87,DEM FOR SHERIFF,,DEM,NO CANDIDATE FILED,0
Wood,PRECINCT 88,DEM FOR SHERIFF,,DEM,NO CANDIDATE FILED,0
Wood,PRECINCT 89,DEM FOR SHERIFF,,DEM,NO CANDIDATE FILED,0
Wood,PRECINCT 8,MTN FOR SHERIFF,,MTN,NO CANDIDATE FILED,0
Wood,PRECINCT 10,MTN FOR SHERIFF,,MTN,NO CANDIDATE FILED,0
Wood,PRECINCT 13,MTN FOR SHERIFF,,MTN,NO CANDIDATE FILED,0
Wood,PRECINCT 16,MTN FOR SHERIFF,,MTN,NO CANDIDATE FILED,0
Wood,PRECINCT 19,MTN FOR SHERIFF,,MTN,NO CANDIDATE FILED,0
Wood,PRECINCT 27,MTN FOR SHERIFF,,MTN,NO CANDIDATE FILED,0
Wood,PRECINCT 29,MTN FOR SHERIFF,,MTN,NO CANDIDATE FILED,0
Wood,PRECINCT 32,MTN FOR SHERIFF,,MTN,NO CANDIDATE FILED,0
Wood,PRECINCT 33,MTN FOR SHERIFF,,MTN,NO CANDIDATE FILED,0
Wood,PRECINCT 34A,MTN FOR SHERIFF,,MTN,NO CANDIDATE FILED,0
Wood,PRECINCT 35,MTN FOR SHERIFF,,MTN,NO CANDIDATE FILED,0
Wood,PRECINCT 36,MTN FOR SHERIFF,,MTN,NO CANDIDATE FILED,0
Wood,PRECINCT 36B,MTN FOR SHERIFF,,MTN,NO CANDIDATE FILED,0
Wood,PRECINCT 37,MTN FOR SHERIFF,,MTN,NO CANDIDATE FILED,0
Wood,PRECINCT 37A,MTN FOR SHERIFF,,MTN,NO CANDIDATE FILED,0
Wood,PRECINCT 38,MTN FOR SHERIFF,,MTN,NO CANDIDATE FILED,0
Wood,PRECINCT 39,MTN FOR SHERIFF,,MTN,NO CANDIDATE FILED,0
Wood,PRECINCT 40,MTN FOR SHERIFF,,MTN,NO CANDIDATE FILED,0
Wood,PRECINCT 40A,MTN FOR SHERIFF,,MTN,NO CANDIDATE FILED,0
Wood,PRECINCT 41,MTN FOR SHERIFF,,MTN,NO CANDIDATE FILED,0
Wood,PRECINCT 42A,MTN FOR SHERIFF,,MTN,NO CANDIDATE FILED,0
Wood,PRECINCT 43A,MTN FOR SHERIFF,,MTN,NO CANDIDATE FILED,0
Wood,PRECINCT 45,MTN FOR SHERIFF,,MTN,NO CANDIDATE FILED,0
Wood,PRECINCT 45A,MTN FOR SHERIFF,,MTN,NO CANDIDATE FILED,0
Wood,PRECINCT 46,MTN FOR SHERIFF,,MTN,NO CANDIDATE FILED,0
Wood,PRECINCT 46B,MTN FOR SHERIFF,,MTN,NO CANDIDATE FILED,0
Wood,PRECINCT 47,MTN FOR SHERIFF,,MTN,NO CANDIDATE FILED,0
Wood,PRECINCT 48,MTN FOR SHERIFF,,MTN,NO CANDIDATE FILED,0
Wood,PRECINCT 49,MTN FOR SHERIFF,,MTN,NO CANDIDATE FILED,0
Wood,PRECINCT 49A,MTN FOR SHERIFF,,MTN,NO CANDIDATE FILED,0
Wood,PRECINCT 50,MTN FOR SHERIFF,,MTN,NO CANDIDATE FILED,0
Wood,PRECINCT 51,MTN FOR SHERIFF,,MTN,NO CANDIDATE FILED,0
Wood,PRECINCT 52,MTN FOR SHERIFF,,MTN,NO CANDIDATE FILED,0
Wood,PRECINCT 53,MTN FOR SHERIFF,,MTN,NO CANDIDATE FILED,0
Wood,PRECINCT 53A,MTN FOR SHERIFF,,MTN,NO CANDIDATE FILED,0
Wood,PRECINCT 54,MTN FOR SHERIFF,,MTN,NO CANDIDATE FILED,0
Wood,PRECINCT 54A,MTN FOR SHERIFF,,MTN,NO CANDIDATE FILED,0
Wood,PRECINCT 56,MTN FOR SHERIFF,,MTN,NO CANDIDATE FILED,0
Wood,PRECINCT 56A,MTN FOR SHERIFF,,MTN,NO CANDIDATE FILED,0
Wood,PRECINCT 57,MTN FOR SHERIFF,,MTN,NO CANDIDATE FILED,0
Wood,PRECINCT 57A,MTN FOR SHERIFF,,MTN,NO CANDIDATE FILED,0
Wood,PRECINCT 58,MTN FOR SHERIFF,,MTN,NO CANDIDATE FILED,0
Wood,PRECINCT 60,MTN FOR SHERIFF,,MTN,NO CANDIDATE FILED,0
Wood,PRECINCT 61,MTN FOR SHERIFF,,MTN,NO CANDIDATE FILED,0
Wood,PRECINCT 62,MTN FOR SHERIFF,,MTN,NO CANDIDATE FILED,0
Wood,PRECINCT 63,MTN FOR SHERIFF,,MTN,NO CANDIDATE FILED,0
Wood,PRECINCT 63A,MTN FOR SHERIFF,,MTN,NO CANDIDATE FILED,0
Wood,PRECINCT 63B,MTN FOR SHERIFF,,MTN,NO CANDIDATE FILED,0
Wood,PRECINCT 64,MTN FOR SHERIFF,,MTN,NO CANDIDATE FILED,0
Wood,PRECINCT 67,MTN FOR SHERIFF,,MTN,NO CANDIDATE FILED,0
Wood,PRECINCT 67A,MTN FOR SHERIFF,,MTN,NO CANDIDATE FILED,0
Wood,PRECINCT 69,MTN FOR SHERIFF,,MTN,NO CANDIDATE FILED,0
Wood,PRECINCT 71,MTN FOR SHERIFF,,MTN,NO CANDIDATE FILED,0
Wood,PRECINCT 74,MTN FOR SHERIFF,,MTN,NO CANDIDATE FILED,0
Wood,PRECINCT 74B,MTN FOR SHERIFF,,MTN,NO CANDIDATE FILED,0
Wood,PRECINCT 74C,MTN FOR SHERIFF,,MTN,NO CANDIDATE FILED,0
Wood,PRECINCT 74U,MTN FOR SHERIFF,,MTN,NO CANDIDATE FILED,0
Wood,PRECINCT 75,MTN FOR SHERIFF,,MTN,NO CANDIDATE FILED,0
Wood,PRECINCT 77,MTN FOR SHERIFF,,MTN,NO CANDIDATE FILED,0
Wood,PRECINCT 78,MTN FOR SHERIFF,,MTN,NO CANDIDATE FILED,0
Wood,PRECINCT 78A,MTN FOR SHERIFF,,MTN,NO CANDIDATE FILED,0
Wood,PRECINCT 79,MTN FOR SHERIFF,,MTN,NO CANDIDATE FILED,0
Wood,PRECINCT 81,MTN FOR SHERIFF,,MTN,NO CANDIDATE FILED,0
Wood,PRECINCT 82,MTN FOR SHERIFF,,MTN,NO CANDIDATE FILED,0
Wood,PRECINCT 85,MTN FOR SHERIFF,,MTN,NO CANDIDATE FILED,0
Wood,PRECINCT 86,MTN FOR SHERIFF,,MTN,NO CANDIDATE FILED,0
Wood,PRECINCT 87,MTN FOR SHERIFF,,MTN,NO CANDIDATE FILED,0
Wood,PRECINCT 88,MTN FOR SHERIFF,,MTN,NO CANDIDATE FILED,0
Wood,PRECINCT 89,MTN FOR SHERIFF,,MTN,NO CANDIDATE FILED,0
Wood,PRECINCT 8,REP FOR ASSESSOR,,REP,JOHN R. KELLY,35
Wood,PRECINCT 10,REP FOR ASSESSOR,,REP,JOHN R. KELLY,37
Wood,PRECINCT 13,REP FOR ASSESSOR,,REP,JOHN R. KELLY,23
Wood,PRECINCT 16,REP FOR ASSESSOR,,REP,JOHN R. KELLY,26
Wood,PRECINCT 19,REP FOR ASSESSOR,,REP,JOHN R. KELLY,95
Wood,PRECINCT 27,REP FOR ASSESSOR,,REP,JOHN R. KELLY,27
Wood,PRECINCT 29,REP FOR ASSESSOR,,REP,JOHN R. KELLY,70
Wood,PRECINCT 32,REP FOR ASSESSOR,,REP,JOHN R. KELLY,47
Wood,PRECINCT 33,REP FOR ASSESSOR,,REP,JOHN R. KELLY,18
Wood,PRECINCT 34A,REP FOR ASSESSOR,,REP,JOHN R. KELLY,96
Wood,PRECINCT 35,REP FOR ASSESSOR,,REP,JOHN R. KELLY,70
Wood,PRECINCT 36,REP FOR ASSESSOR,,REP,JOHN R. KELLY,47
Wood,PRECINCT 36B,REP FOR ASSESSOR,,REP,JOHN R. KELLY,77
Wood,PRECINCT 37,REP FOR ASSESSOR,,REP,JOHN R. KELLY,98
Wood,PRECINCT 37A,REP FOR ASSESSOR,,REP,JOHN R. KELLY,82
Wood,PRECINCT 38,REP FOR ASSESSOR,,REP,JOHN R. KELLY,21
Wood,PRECINCT 39,REP FOR ASSESSOR,,REP,JOHN R. KELLY,39
Wood,PRECINCT 40,REP FOR ASSESSOR,,REP,JOHN R. KELLY,37
Wood,PRECINCT 40A,REP FOR ASSESSOR,,REP,JOHN R. KELLY,59
Wood,PRECINCT 41,REP FOR ASSESSOR,,REP,JOHN R. KELLY,83
Wood,PRECINCT 42A,REP FOR ASSESSOR,,REP,JOHN R. KELLY,104
Wood,PRECINCT 43A,REP FOR ASSESSOR,,REP,JOHN R. KELLY,105
Wood,PRECINCT 45,REP FOR ASSESSOR,,REP,JOHN R. KELLY,69
Wood,PRECINCT 45A,REP FOR ASSESSOR,,REP,JOHN R. KELLY,105
Wood,PRECINCT 46,REP FOR ASSESSOR,,REP,JOHN R. KELLY,129
Wood,PRECINCT 46B,REP FOR ASSESSOR,,REP,JOHN R. KELLY,114
Wood,PRECINCT 47,REP FOR ASSESSOR,,REP,JOHN R. KELLY,41
Wood,PRECINCT 48,REP FOR ASSESSOR,,REP,JOHN R. KELLY,157
Wood,PRECINCT 49,REP FOR ASSESSOR,,REP,JOHN R. KELLY,81
Wood,PRECINCT 49A,REP FOR ASSESSOR,,REP,JOHN R. KELLY,53
Wood,PRECINCT 50,REP FOR ASSESSOR,,REP,JOHN R. KELLY,53
Wood,PRECINCT 51,REP FOR ASSESSOR,,REP,JOHN R. KELLY,110
Wood,PRECINCT 52,REP FOR ASSESSOR,,REP,JOHN R. KELLY,129
Wood,PRECINCT 53,REP FOR ASSESSOR,,REP,JOHN R. KELLY,82
Wood,PRECINCT 53A,REP FOR ASSESSOR,,REP,JOHN R. KELLY,69
Wood,PRECINCT 54,REP FOR ASSESSOR,,REP,JOHN R. KELLY,61
Wood,PRECINCT 54A,REP FOR ASSESSOR,,REP,JOHN R. KELLY,78
Wood,PRECINCT 56,REP FOR ASSESSOR,,REP,JOHN R. KELLY,39
Wood,PRECINCT 56A,REP FOR ASSESSOR,,REP,JOHN R. KELLY,75
Wood,PRECINCT 57,REP FOR ASSESSOR,,REP,JOHN R. KELLY,80
Wood,PRECINCT 57A,REP FOR ASSESSOR,,REP,JOHN R. KELLY,65
Wood,PRECINCT 58,REP FOR ASSESSOR,,REP,JOHN R. KELLY,142
Wood,PRECINCT 60,REP FOR ASSESSOR,,REP,JOHN R. KELLY,56
Wood,PRECINCT 61,REP FOR ASSESSOR,,REP,JOHN R. KELLY,66
Wood,PRECINCT 62,REP FOR ASSESSOR,,REP,JOHN R. KELLY,92
Wood,PRECINCT 63,REP FOR ASSESSOR,,REP,JOHN R. KELLY,44
Wood,PRECINCT 63A,REP FOR ASSESSOR,,REP,JOHN R. KELLY,66
Wood,PRECINCT 63B,REP FOR ASSESSOR,,REP,JOHN R. KELLY,56
Wood,PRECINCT 64,REP FOR ASSESSOR,,REP,JOHN R. KELLY,84
Wood,PRECINCT 67,REP FOR ASSESSOR,,REP,JOHN R. KELLY,141
Wood,PRECINCT 67A,REP FOR ASSESSOR,,REP,JOHN R. KELLY,141
Wood,PRECINCT 69,REP FOR ASSESSOR,,REP,JOHN R. KELLY,61
Wood,PRECINCT 71,REP FOR ASSESSOR,,REP,JOHN R. KELLY,29
Wood,PRECINCT 74,REP FOR ASSESSOR,,REP,JOHN R. KELLY,84
Wood,PRECINCT 74B,REP FOR ASSESSOR,,REP,JOHN R. KELLY,74
Wood,PRECINCT 74C,REP FOR ASSESSOR,,REP,JOHN R. KELLY,96
Wood,PRECINCT 74U,REP FOR ASSESSOR,,REP,JOHN R. KELLY,18
Wood,PRECINCT 75,REP FOR ASSESSOR,,REP,JOHN R. KELLY,56
Wood,PRECINCT 77,REP FOR ASSESSOR,,REP,JOHN R. KELLY,87
Wood,PRECINCT 78,REP FOR ASSESSOR,,REP,JOHN R. KELLY,59
Wood,PRECINCT 78A,REP FOR ASSESSOR,,REP,JOHN R. KELLY,116
Wood,PRECINCT 79,REP FOR ASSESSOR,,REP,JOHN R. KELLY,106
Wood,PRECINCT 81,REP FOR ASSESSOR,,REP,JOHN R. KELLY,56
Wood,PRECINCT 82,REP FOR ASSESSOR,,REP,JOHN R. KELLY,106
Wood,PRECINCT 85,REP FOR ASSESSOR,,REP,JOHN R. KELLY,89
Wood,PRECINCT 86,REP FOR ASSESSOR,,REP,JOHN R. KELLY,108
Wood,PRECINCT 87,REP FOR ASSESSOR,,REP,JOHN R. KELLY,94
Wood,PRECINCT 88,REP FOR ASSESSOR,,REP,JOHN R. KELLY,91
Wood,PRECINCT 89,REP FOR ASSESSOR,,REP,JOHN R. KELLY,108
Wood,PRECINCT 8,REP FOR ASSESSOR,,REP,ANDY  HARTLEBEN,41
Wood,PRECINCT 10,REP FOR ASSESSOR,,REP,ANDY  HARTLEBEN,26
Wood,PRECINCT 13,REP FOR ASSESSOR,,REP,ANDY  HARTLEBEN,19
Wood,PRECINCT 16,REP FOR ASSESSOR,,REP,ANDY  HARTLEBEN,28
Wood,PRECINCT 19,REP FOR ASSESSOR,,REP,ANDY  HARTLEBEN,109
Wood,PRECINCT 27,REP FOR ASSESSOR,,REP,ANDY  HARTLEBEN,33
Wood,PRECINCT 29,REP FOR ASSESSOR,,REP,ANDY  HARTLEBEN,79
Wood,PRECINCT 32,REP FOR ASSESSOR,,REP,ANDY  HARTLEBEN,69
Wood,PRECINCT 33,REP FOR ASSESSOR,,REP,ANDY  HARTLEBEN,8
Wood,PRECINCT 34A,REP FOR ASSESSOR,,REP,ANDY  HARTLEBEN,112
Wood,PRECINCT 35,REP FOR ASSESSOR,,REP,ANDY  HARTLEBEN,86
Wood,PRECINCT 36,REP FOR ASSESSOR,,REP,ANDY  HARTLEBEN,41
Wood,PRECINCT 36B,REP FOR ASSESSOR,,REP,ANDY  HARTLEBEN,100
Wood,PRECINCT 37,REP FOR ASSESSOR,,REP,ANDY  HARTLEBEN,132
Wood,PRECINCT 37A,REP FOR ASSESSOR,,REP,ANDY  HARTLEBEN,113
Wood,PRECINCT 38,REP FOR ASSESSOR,,REP,ANDY  HARTLEBEN,11
Wood,PRECINCT 39,REP FOR ASSESSOR,,REP,ANDY  HARTLEBEN,30
Wood,PRECINCT 40,REP FOR ASSESSOR,,REP,ANDY  HARTLEBEN,23
Wood,PRECINCT 40A,REP FOR ASSESSOR,,REP,ANDY  HARTLEBEN,51
Wood,PRECINCT 41,REP FOR ASSESSOR,,REP,ANDY  HARTLEBEN,61
Wood,PRECINCT 42A,REP FOR ASSESSOR,,REP,ANDY  HARTLEBEN,104
Wood,PRECINCT 43A,REP FOR ASSESSOR,,REP,ANDY  HARTLEBEN,109
Wood,PRECINCT 45,REP FOR ASSESSOR,,REP,ANDY  HARTLEBEN,81
Wood,PRECINCT 45A,REP FOR ASSESSOR,,REP,ANDY  HARTLEBEN,96
Wood,PRECINCT 46,REP FOR ASSESSOR,,REP,ANDY  HARTLEBEN,178
Wood,PRECINCT 46B,REP FOR ASSESSOR,,REP,ANDY  HARTLEBEN,186
Wood,PRECINCT 47,REP FOR ASSESSOR,,REP,ANDY  HARTLEBEN,37
Wood,PRECINCT 48,REP FOR ASSESSOR,,REP,ANDY  HARTLEBEN,105
Wood,PRECINCT 49,REP FOR ASSESSOR,,REP,ANDY  HARTLEBEN,41
Wood,PRECINCT 49A,REP FOR ASSESSOR,,REP,ANDY  HARTLEBEN,78
Wood,PRECINCT 50,REP FOR ASSESSOR,,REP,ANDY  HARTLEBEN,31
Wood,PRECINCT 51,REP FOR ASSESSOR,,REP,ANDY  HARTLEBEN,107
Wood,PRECINCT 52,REP FOR ASSESSOR,,REP,ANDY  HARTLEBEN,112
Wood,PRECINCT 53,REP FOR ASSESSOR,,REP,ANDY  HARTLEBEN,77
Wood,PRECINCT 53A,REP FOR ASSESSOR,,REP,ANDY  HARTLEBEN,70
Wood,PRECINCT 54,REP FOR ASSESSOR,,REP,ANDY  HARTLEBEN,46
Wood,PRECINCT 54A,REP FOR ASSESSOR,,REP,ANDY  HARTLEBEN,43
Wood,PRECINCT 56,REP FOR ASSESSOR,,REP,ANDY  HARTLEBEN,50
Wood,PRECINCT 56A,REP FOR ASSESSOR,,REP,ANDY  HARTLEBEN,82
Wood,PRECINCT 57,REP FOR ASSESSOR,,REP,ANDY  HARTLEBEN,55
Wood,PRECINCT 57A,REP FOR ASSESSOR,,REP,ANDY  HARTLEBEN,61
Wood,PRECINCT 58,REP FOR ASSESSOR,,REP,ANDY  HARTLEBEN,93
Wood,PRECINCT 60,REP FOR ASSESSOR,,REP,ANDY  HARTLEBEN,32
Wood,PRECINCT 61,REP FOR ASSESSOR,,REP,ANDY  HARTLEBEN,40
Wood,PRECINCT 62,REP FOR ASSESSOR,,REP,ANDY  HARTLEBEN,122
Wood,PRECINCT 63,REP FOR ASSESSOR,,REP,ANDY  HARTLEBEN,34
Wood,PRECINCT 63A,REP FOR ASSESSOR,,REP,ANDY  HARTLEBEN,81
Wood,PRECINCT 63B,REP FOR ASSESSOR,,REP,ANDY  HARTLEBEN,67
Wood,PRECINCT 64,REP FOR ASSESSOR,,REP,ANDY  HARTLEBEN,101
Wood,PRECINCT 67,REP FOR ASSESSOR,,REP,ANDY  HARTLEBEN,120
Wood,PRECINCT 67A,REP FOR ASSESSOR,,REP,ANDY  HARTLEBEN,146
Wood,PRECINCT 69,REP FOR ASSESSOR,,REP,ANDY  HARTLEBEN,66
Wood,PRECINCT 71,REP FOR ASSESSOR,,REP,ANDY  HARTLEBEN,15
Wood,PRECINCT 74,REP FOR ASSESSOR,,REP,ANDY  HARTLEBEN,65
Wood,PRECINCT 74B,REP FOR ASSESSOR,,REP,ANDY  HARTLEBEN,109
Wood,PRECINCT 74C,REP FOR ASSESSOR,,REP,ANDY  HARTLEBEN,63
Wood,PRECINCT 74U,REP FOR ASSESSOR,,REP,ANDY  HARTLEBEN,11
Wood,PRECINCT 75,REP FOR ASSESSOR,,REP,ANDY  HARTLEBEN,47
Wood,PRECINCT 77,REP FOR ASSESSOR,,REP,ANDY  HARTLEBEN,65
Wood,PRECINCT 78,REP FOR ASSESSOR,,REP,ANDY  HARTLEBEN,33
Wood,PRECINCT 78A,REP FOR ASSESSOR,,REP,ANDY  HARTLEBEN,121
Wood,PRECINCT 79,REP FOR ASSESSOR,,REP,ANDY  HARTLEBEN,75
Wood,PRECINCT 81,REP FOR ASSESSOR,,REP,ANDY  HARTLEBEN,62
Wood,PRECINCT 82,REP FOR ASSESSOR,,REP,ANDY  HARTLEBEN,94
Wood,PRECINCT 85,REP FOR ASSESSOR,,REP,ANDY  HARTLEBEN,56
Wood,PRECINCT 86,REP FOR ASSESSOR,,REP,ANDY  HARTLEBEN,72
Wood,PRECINCT 87,REP FOR ASSESSOR,,REP,ANDY  HARTLEBEN,53
Wood,PRECINCT 88,REP FOR ASSESSOR,,REP,ANDY  HARTLEBEN,85
Wood,PRECINCT 89,REP FOR ASSESSOR,,REP,ANDY  HARTLEBEN,102
Wood,PRECINCT 8,DEM FOR ASSESSOR,,DEM,NO CANDIDATE FILED,0
Wood,PRECINCT 10,DEM FOR ASSESSOR,,DEM,NO CANDIDATE FILED,0
Wood,PRECINCT 13,DEM FOR ASSESSOR,,DEM,NO CANDIDATE FILED,0
Wood,PRECINCT 16,DEM FOR ASSESSOR,,DEM,NO CANDIDATE FILED,0
Wood,PRECINCT 19,DEM FOR ASSESSOR,,DEM,NO CANDIDATE FILED,0
Wood,PRECINCT 27,DEM FOR ASSESSOR,,DEM,NO CANDIDATE FILED,0
Wood,PRECINCT 29,DEM FOR ASSESSOR,,DEM,NO CANDIDATE FILED,0
Wood,PRECINCT 32,DEM FOR ASSESSOR,,DEM,NO CANDIDATE FILED,0
Wood,PRECINCT 33,DEM FOR ASSESSOR,,DEM,NO CANDIDATE FILED,0
Wood,PRECINCT 34A,DEM FOR ASSESSOR,,DEM,NO CANDIDATE FILED,0
Wood,PRECINCT 35,DEM FOR ASSESSOR,,DEM,NO CANDIDATE FILED,0
Wood,PRECINCT 36,DEM FOR ASSESSOR,,DEM,NO CANDIDATE FILED,0
Wood,PRECINCT 36B,DEM FOR ASSESSOR,,DEM,NO CANDIDATE FILED,0
Wood,PRECINCT 37,DEM FOR ASSESSOR,,DEM,NO CANDIDATE FILED,0
Wood,PRECINCT 37A,DEM FOR ASSESSOR,,DEM,NO CANDIDATE FILED,0
Wood,PRECINCT 38,DEM FOR ASSESSOR,,DEM,NO CANDIDATE FILED,0
Wood,PRECINCT 39,DEM FOR ASSESSOR,,DEM,NO CANDIDATE FILED,0
Wood,PRECINCT 40,DEM FOR ASSESSOR,,DEM,NO CANDIDATE FILED,0
Wood,PRECINCT 40A,DEM FOR ASSESSOR,,DEM,NO CANDIDATE FILED,0
Wood,PRECINCT 41,DEM FOR ASSESSOR,,DEM,NO CANDIDATE FILED,0
Wood,PRECINCT 42A,DEM FOR ASSESSOR,,DEM,NO CANDIDATE FILED,0
Wood,PRECINCT 43A,DEM FOR ASSESSOR,,DEM,NO CANDIDATE FILED,0
Wood,PRECINCT 45,DEM FOR ASSESSOR,,DEM,NO CANDIDATE FILED,0
Wood,PRECINCT 45A,DEM FOR ASSESSOR,,DEM,NO CANDIDATE FILED,0
Wood,PRECINCT 46,DEM FOR ASSESSOR,,DEM,NO CANDIDATE FILED,0
Wood,PRECINCT 46B,DEM FOR ASSESSOR,,DEM,NO CANDIDATE FILED,0
Wood,PRECINCT 47,DEM FOR ASSESSOR,,DEM,NO CANDIDATE FILED,0
Wood,PRECINCT 48,DEM FOR ASSESSOR,,DEM,NO CANDIDATE FILED,0
Wood,PRECINCT 49,DEM FOR ASSESSOR,,DEM,NO CANDIDATE FILED,0
Wood,PRECINCT 49A,DEM FOR ASSESSOR,,DEM,NO CANDIDATE FILED,0
Wood,PRECINCT 50,DEM FOR ASSESSOR,,DEM,NO CANDIDATE FILED,0
Wood,PRECINCT 51,DEM FOR ASSESSOR,,DEM,NO CANDIDATE FILED,0
Wood,PRECINCT 52,DEM FOR ASSESSOR,,DEM,NO CANDIDATE FILED,0
Wood,PRECINCT 53,DEM FOR ASSESSOR,,DEM,NO CANDIDATE FILED,0
Wood,PRECINCT 53A,DEM FOR ASSESSOR,,DEM,NO CANDIDATE FILED,0
Wood,PRECINCT 54,DEM FOR ASSESSOR,,DEM,NO CANDIDATE FILED,0
Wood,PRECINCT 54A,DEM FOR ASSESSOR,,DEM,NO CANDIDATE FILED,0
Wood,PRECINCT 56,DEM FOR ASSESSOR,,DEM,NO CANDIDATE FILED,0
Wood,PRECINCT 56A,DEM FOR ASSESSOR,,DEM,NO CANDIDATE FILED,0
Wood,PRECINCT 57,DEM FOR ASSESSOR,,DEM,NO CANDIDATE FILED,0
Wood,PRECINCT 57A,DEM FOR ASSESSOR,,DEM,NO CANDIDATE FILED,0
Wood,PRECINCT 58,DEM FOR ASSESSOR,,DEM,NO CANDIDATE FILED,0
Wood,PRECINCT 60,DEM FOR ASSESSOR,,DEM,NO CANDIDATE FILED,0
Wood,PRECINCT 61,DEM FOR ASSESSOR,,DEM,NO CANDIDATE FILED,0
Wood,PRECINCT 62,DEM FOR ASSESSOR,,DEM,NO CANDIDATE FILED,0
Wood,PRECINCT 63,DEM FOR ASSESSOR,,DEM,NO CANDIDATE FILED,0
Wood,PRECINCT 63A,DEM FOR ASSESSOR,,DEM,NO CANDIDATE FILED,0
Wood,PRECINCT 63B,DEM FOR ASSESSOR,,DEM,NO CANDIDATE FILED,0
Wood,PRECINCT 64,DEM FOR ASSESSOR,,DEM,NO CANDIDATE FILED,0
Wood,PRECINCT 67,DEM FOR ASSESSOR,,DEM,NO CANDIDATE FILED,0
Wood,PRECINCT 67A,DEM FOR ASSESSOR,,DEM,NO CANDIDATE FILED,0
Wood,PRECINCT 69,DEM FOR ASSESSOR,,DEM,NO CANDIDATE FILED,0
Wood,PRECINCT 71,DEM FOR ASSESSOR,,DEM,NO CANDIDATE FILED,0
Wood,PRECINCT 74,DEM FOR ASSESSOR,,DEM,NO CANDIDATE FILED,0
Wood,PRECINCT 74B,DEM FOR ASSESSOR,,DEM,NO CANDIDATE FILED,0
Wood,PRECINCT 74C,DEM FOR ASSESSOR,,DEM,NO CANDIDATE FILED,0
Wood,PRECINCT 74U,DEM FOR ASSESSOR,,DEM,NO CANDIDATE FILED,0
Wood,PRECINCT 75,DEM FOR ASSESSOR,,DEM,NO CANDIDATE FILED,0
Wood,PRECINCT 77,DEM FOR ASSESSOR,,DEM,NO CANDIDATE FILED,0
Wood,PRECINCT 78,DEM FOR ASSESSOR,,DEM,NO CANDIDATE FILED,0
Wood,PRECINCT 78A,DEM FOR ASSESSOR,,DEM,NO CANDIDATE FILED,0
Wood,PRECINCT 79,DEM FOR ASSESSOR,,DEM,NO CANDIDATE FILED,0
Wood,PRECINCT 81,DEM FOR ASSESSOR,,DEM,NO CANDIDATE FILED,0
Wood,PRECINCT 82,DEM FOR ASSESSOR,,DEM,NO CANDIDATE FILED,0
Wood,PRECINCT 85,DEM FOR ASSESSOR,,DEM,NO CANDIDATE FILED,0
Wood,PRECINCT 86,DEM FOR ASSESSOR,,DEM,NO CANDIDATE FILED,0
Wood,PRECINCT 87,DEM FOR ASSESSOR,,DEM,NO CANDIDATE FILED,0
Wood,PRECINCT 88,DEM FOR ASSESSOR,,DEM,NO CANDIDATE FILED,0
Wood,PRECINCT 89,DEM FOR ASSESSOR,,DEM,NO CANDIDATE FILED,0
Wood,PRECINCT 8,MTN FOR ASSESSOR,,MTN,NO CANDIDATE FILED,0
Wood,PRECINCT 10,MTN FOR ASSESSOR,,MTN,NO CANDIDATE FILED,0
Wood,PRECINCT 13,MTN FOR ASSESSOR,,MTN,NO CANDIDATE FILED,0
Wood,PRECINCT 16,MTN FOR ASSESSOR,,MTN,NO CANDIDATE FILED,0
Wood,PRECINCT 19,MTN FOR ASSESSOR,,MTN,NO CANDIDATE FILED,0
Wood,PRECINCT 27,MTN FOR ASSESSOR,,MTN,NO CANDIDATE FILED,0
Wood,PRECINCT 29,MTN FOR ASSESSOR,,MTN,NO CANDIDATE FILED,0
Wood,PRECINCT 32,MTN FOR ASSESSOR,,MTN,NO CANDIDATE FILED,0
Wood,PRECINCT 33,MTN FOR ASSESSOR,,MTN,NO CANDIDATE FILED,0
Wood,PRECINCT 34A,MTN FOR ASSESSOR,,MTN,NO CANDIDATE FILED,0
Wood,PRECINCT 35,MTN FOR ASSESSOR,,MTN,NO CANDIDATE FILED,0
Wood,PRECINCT 36,MTN FOR ASSESSOR,,MTN,NO CANDIDATE FILED,0
Wood,PRECINCT 36B,MTN FOR ASSESSOR,,MTN,NO CANDIDATE FILED,0
Wood,PRECINCT 37,MTN FOR ASSESSOR,,MTN,NO CANDIDATE FILED,0
Wood,PRECINCT 37A,MTN FOR ASSESSOR,,MTN,NO CANDIDATE FILED,0
Wood,PRECINCT 38,MTN FOR ASSESSOR,,MTN,NO CANDIDATE FILED,0
Wood,PRECINCT 39,MTN FOR ASSESSOR,,MTN,NO CANDIDATE FILED,0
Wood,PRECINCT 40,MTN FOR ASSESSOR,,MTN,NO CANDIDATE FILED,0
Wood,PRECINCT 40A,MTN FOR ASSESSOR,,MTN,NO CANDIDATE FILED,0
Wood,PRECINCT 41,MTN FOR ASSESSOR,,MTN,NO CANDIDATE FILED,0
Wood,PRECINCT 42A,MTN FOR ASSESSOR,,MTN,NO CANDIDATE FILED,0
Wood,PRECINCT 43A,MTN FOR ASSESSOR,,MTN,NO CANDIDATE FILED,0
Wood,PRECINCT 45,MTN FOR ASSESSOR,,MTN,NO CANDIDATE FILED,0
Wood,PRECINCT 45A,MTN FOR ASSESSOR,,MTN,NO CANDIDATE FILED,0
Wood,PRECINCT 46,MTN FOR ASSESSOR,,MTN,NO CANDIDATE FILED,0
Wood,PRECINCT 46B,MTN FOR ASSESSOR,,MTN,NO CANDIDATE FILED,0
Wood,PRECINCT 47,MTN FOR ASSESSOR,,MTN,NO CANDIDATE FILED,0
Wood,PRECINCT 48,MTN FOR ASSESSOR,,MTN,NO CANDIDATE FILED,0
Wood,PRECINCT 49,MTN FOR ASSESSOR,,MTN,NO CANDIDATE FILED,0
Wood,PRECINCT 49A,MTN FOR ASSESSOR,,MTN,NO CANDIDATE FILED,0
Wood,PRECINCT 50,MTN FOR ASSESSOR,,MTN,NO CANDIDATE FILED,0
Wood,PRECINCT 51,MTN FOR ASSESSOR,,MTN,NO CANDIDATE FILED,0
Wood,PRECINCT 52,MTN FOR ASSESSOR,,MTN,NO CANDIDATE FILED,0
Wood,PRECINCT 53,MTN FOR ASSESSOR,,MTN,NO CANDIDATE FILED,0
Wood,PRECINCT 53A,MTN FOR ASSESSOR,,MTN,NO CANDIDATE FILED,0
Wood,PRECINCT 54,MTN FOR ASSESSOR,,MTN,NO CANDIDATE FILED,0
Wood,PRECINCT 54A,MTN FOR ASSESSOR,,MTN,NO CANDIDATE FILED,0
Wood,PRECINCT 56,MTN FOR ASSESSOR,,MTN,NO CANDIDATE FILED,0
Wood,PRECINCT 56A,MTN FOR ASSESSOR,,MTN,NO CANDIDATE FILED,0
Wood,PRECINCT 57,MTN FOR ASSESSOR,,MTN,NO CANDIDATE FILED,0
Wood,PRECINCT 57A,MTN FOR ASSESSOR,,MTN,NO CANDIDATE FILED,0
Wood,PRECINCT 58,MTN FOR ASSESSOR,,MTN,NO CANDIDATE FILED,0
Wood,PRECINCT 60,MTN FOR ASSESSOR,,MTN,NO CANDIDATE FILED,0
Wood,PRECINCT 61,MTN FOR ASSESSOR,,MTN,NO CANDIDATE FILED,0
Wood,PRECINCT 62,MTN FOR ASSESSOR,,MTN,NO CANDIDATE FILED,0
Wood,PRECINCT 63,MTN FOR ASSESSOR,,MTN,NO CANDIDATE FILED,0
Wood,PRECINCT 63A,MTN FOR ASSESSOR,,MTN,NO CANDIDATE FILED,0
Wood,PRECINCT 63B,MTN FOR ASSESSOR,,MTN,NO CANDIDATE FILED,0
Wood,PRECINCT 64,MTN FOR ASSESSOR,,MTN,NO CANDIDATE FILED,0
Wood,PRECINCT 67,MTN FOR ASSESSOR,,MTN,NO CANDIDATE FILED,0
Wood,PRECINCT 67A,MTN FOR ASSESSOR,,MTN,NO CANDIDATE FILED,0
Wood,PRECINCT 69,MTN FOR ASSESSOR,,MTN,NO CANDIDATE FILED,0
Wood,PRECINCT 71,MTN FOR ASSESSOR,,MTN,NO CANDIDATE FILED,0
Wood,PRECINCT 74,MTN FOR ASSESSOR,,MTN,NO CANDIDATE FILED,0
Wood,PRECINCT 74B,MTN FOR ASSESSOR,,MTN,NO CANDIDATE FILED,0
Wood,PRECINCT 74C,MTN FOR ASSESSOR,,MTN,NO CANDIDATE FILED,0
Wood,PRECINCT 74U,MTN FOR ASSESSOR,,MTN,NO CANDIDATE FILED,0
Wood,PRECINCT 75,MTN FOR ASSESSOR,,MTN,NO CANDIDATE FILED,0
Wood,PRECINCT 77,MTN FOR ASSESSOR,,MTN,NO CANDIDATE FILED,0
Wood,PRECINCT 78,MTN FOR ASSESSOR,,MTN,NO CANDIDATE FILED,0
Wood,PRECINCT 78A,MTN FOR ASSESSOR,,MTN,NO CANDIDATE FILED,0
Wood,PRECINCT 79,MTN FOR ASSESSOR,,MTN,NO CANDIDATE FILED,0
Wood,PRECINCT 81,MTN FOR ASSESSOR,,MTN,NO CANDIDATE FILED,0
Wood,PRECINCT 82,MTN FOR ASSESSOR,,MTN,NO CANDIDATE FILED,0
Wood,PRECINCT 85,MTN FOR ASSESSOR,,MTN,NO CANDIDATE FILED,0
Wood,PRECINCT 86,MTN FOR ASSESSOR,,MTN,NO CANDIDATE FILED,0
Wood,PRECINCT 87,MTN FOR ASSESSOR,,MTN,NO CANDIDATE FILED,0
Wood,PRECINCT 88,MTN FOR ASSESSOR,,MTN,NO CANDIDATE FILED,0
Wood,PRECINCT 89,MTN FOR ASSESSOR,,MTN,NO CANDIDATE FILED,0
Wood,PRECINCT 8,REP FOR SURVEYOR,,REP,CHARLES F. HUGHES JR,59
Wood,PRECINCT 10,REP FOR SURVEYOR,,REP,CHARLES F. HUGHES JR,56
Wood,PRECINCT 13,REP FOR SURVEYOR,,REP,CHARLES F. HUGHES JR,38
Wood,PRECINCT 16,REP FOR SURVEYOR,,REP,CHARLES F. HUGHES JR,46
Wood,PRECINCT 19,REP FOR SURVEYOR,,REP,CHARLES F. HUGHES JR,165
Wood,PRECINCT 27,REP FOR SURVEYOR,,REP,CHARLES F. HUGHES JR,53
Wood,PRECINCT 29,REP FOR SURVEYOR,,REP,CHARLES F. HUGHES JR,127
Wood,PRECINCT 32,REP FOR SURVEYOR,,REP,CHARLES F. HUGHES JR,94
Wood,PRECINCT 33,REP FOR SURVEYOR,,REP,CHARLES F. HUGHES JR,25
Wood,PRECINCT 34A,REP FOR SURVEYOR,,REP,CHARLES F. HUGHES JR,173
Wood,PRECINCT 35,REP FOR SURVEYOR,,REP,CHARLES F. HUGHES JR,136
Wood,PRECINCT 36,REP FOR SURVEYOR,,REP,CHARLES F. HUGHES JR,73
Wood,PRECINCT 36B,REP FOR SURVEYOR,,REP,CHARLES F. HUGHES JR,137
Wood,PRECINCT 37,REP FOR SURVEYOR,,REP,CHARLES F. HUGHES JR,173
Wood,PRECINCT 37A,REP FOR SURVEYOR,,REP,CHARLES F. HUGHES JR,155
Wood,PRECINCT 38,REP FOR SURVEYOR,,REP,CHARLES F. HUGHES JR,24
Wood,PRECINCT 39,REP FOR SURVEYOR,,REP,CHARLES F. HUGHES JR,57
Wood,PRECINCT 40,REP FOR SURVEYOR,,REP,CHARLES F. HUGHES JR,51
Wood,PRECINCT 40A,REP FOR SURVEYOR,,REP,CHARLES F. HUGHES JR,97
Wood,PRECINCT 41,REP FOR SURVEYOR,,REP,CHARLES F. HUGHES JR,132
Wood,PRECINCT 42A,REP FOR SURVEYOR,,REP,CHARLES F. HUGHES JR,171
Wood,PRECINCT 43A,REP FOR SURVEYOR,,REP,CHARLES F. HUGHES JR,169
Wood,PRECINCT 45,REP FOR SURVEYOR,,REP,CHARLES F. HUGHES JR,131
Wood,PRECINCT 45A,REP FOR SURVEYOR,,REP,CHARLES F. HUGHES JR,171
Wood,PRECINCT 46,REP FOR SURVEYOR,,REP,CHARLES F. HUGHES JR,234
Wood,PRECINCT 46B,REP FOR SURVEYOR,,REP,CHARLES F. HUGHES JR,238
Wood,PRECINCT 47,REP FOR SURVEYOR,,REP,CHARLES F. HUGHES JR,66
Wood,PRECINCT 48,REP FOR SURVEYOR,,REP,CHARLES F. HUGHES JR,227
Wood,PRECINCT 49,REP FOR SURVEYOR,,REP,CHARLES F. HUGHES JR,114
Wood,PRECINCT 49A,REP FOR SURVEYOR,,REP,CHARLES F. HUGHES JR,103
Wood,PRECINCT 50,REP FOR SURVEYOR,,REP,CHARLES F. HUGHES JR,77
Wood,PRECINCT 51,REP FOR SURVEYOR,,REP,CHARLES F. HUGHES JR,192
Wood,PRECINCT 52,REP FOR SURVEYOR,,REP,CHARLES F. HUGHES JR,218
Wood,PRECINCT 53,REP FOR SURVEYOR,,REP,CHARLES F. HUGHES JR,144
Wood,PRECINCT 53A,REP FOR SURVEYOR,,REP,CHARLES F. HUGHES JR,119
Wood,PRECINCT 54,REP FOR SURVEYOR,,REP,CHARLES F. HUGHES JR,97
Wood,PRECINCT 54A,REP FOR SURVEYOR,,REP,CHARLES F. HUGHES JR,109
Wood,PRECINCT 56,REP FOR SURVEYOR,,REP,CHARLES F. HUGHES JR,75
Wood,PRECINCT 56A,REP FOR SURVEYOR,,REP,CHARLES F. HUGHES JR,133
Wood,PRECINCT 57,REP FOR SURVEYOR,,REP,CHARLES F. HUGHES JR,109
Wood,PRECINCT 57A,REP FOR SURVEYOR,,REP,CHARLES F. HUGHES JR,110
Wood,PRECINCT 58,REP FOR SURVEYOR,,REP,CHARLES F. HUGHES JR,212
Wood,PRECINCT 60,REP FOR SURVEYOR,,REP,CHARLES F. HUGHES JR,80
Wood,PRECINCT 61,REP FOR SURVEYOR,,REP,CHARLES F. HUGHES JR,91
Wood,PRECINCT 62,REP FOR SURVEYOR,,REP,CHARLES F. HUGHES JR,185
Wood,PRECINCT 63,REP FOR SURVEYOR,,REP,CHARLES F. HUGHES JR,67
Wood,PRECINCT 63A,REP FOR SURVEYOR,,REP,CHARLES F. HUGHES JR,119
Wood,PRECINCT 63B,REP FOR SURVEYOR,,REP,CHARLES F. HUGHES JR,104
Wood,PRECINCT 64,REP FOR SURVEYOR,,REP,CHARLES F. HUGHES JR,152
Wood,PRECINCT 67,REP FOR SURVEYOR,,REP,CHARLES F. HUGHES JR,228
Wood,PRECINCT 67A,REP FOR SURVEYOR,,REP,CHARLES F. HUGHES JR,235
Wood,PRECINCT 69,REP FOR SURVEYOR,,REP,CHARLES F. HUGHES JR,106
Wood,PRECINCT 71,REP FOR SURVEYOR,,REP,CHARLES F. HUGHES JR,43
Wood,PRECINCT 74,REP FOR SURVEYOR,,REP,CHARLES F. HUGHES JR,133
Wood,PRECINCT 74B,REP FOR SURVEYOR,,REP,CHARLES F. HUGHES JR,156
Wood,PRECINCT 74C,REP FOR SURVEYOR,,REP,CHARLES F. HUGHES JR,143
Wood,PRECINCT 74U,REP FOR SURVEYOR,,REP,CHARLES F. HUGHES JR,26
Wood,PRECINCT 75,REP FOR SURVEYOR,,REP,CHARLES F. HUGHES JR,91
Wood,PRECINCT 77,REP FOR SURVEYOR,,REP,CHARLES F. HUGHES JR,132
Wood,PRECINCT 78,REP FOR SURVEYOR,,REP,CHARLES F. HUGHES JR,83
Wood,PRECINCT 78A,REP FOR SURVEYOR,,REP,CHARLES F. HUGHES JR,208
Wood,PRECINCT 79,REP FOR SURVEYOR,,REP,CHARLES F. HUGHES JR,160
Wood,PRECINCT 81,REP FOR SURVEYOR,,REP,CHARLES F. HUGHES JR,91
Wood,PRECINCT 82,REP FOR SURVEYOR,,REP,CHARLES F. HUGHES JR,158
Wood,PRECINCT 85,REP FOR SURVEYOR,,REP,CHARLES F. HUGHES JR,128
Wood,PRECINCT 86,REP FOR SURVEYOR,,REP,CHARLES F. HUGHES JR,169
Wood,PRECINCT 87,REP FOR SURVEYOR,,REP,CHARLES F. HUGHES JR,140
Wood,PRECINCT 88,REP FOR SURVEYOR,,REP,CHARLES F. HUGHES JR,159
Wood,PRECINCT 89,REP FOR SURVEYOR,,REP,CHARLES F. HUGHES JR,186
Wood,PRECINCT 8,DEM FOR SURVEYOR,,DEM,NO CANDIDATE FILED,0
Wood,PRECINCT 10,DEM FOR SURVEYOR,,DEM,NO CANDIDATE FILED,0
Wood,PRECINCT 13,DEM FOR SURVEYOR,,DEM,NO CANDIDATE FILED,0
Wood,PRECINCT 16,DEM FOR SURVEYOR,,DEM,NO CANDIDATE FILED,0
Wood,PRECINCT 19,DEM FOR SURVEYOR,,DEM,NO CANDIDATE FILED,0
Wood,PRECINCT 27,DEM FOR SURVEYOR,,DEM,NO CANDIDATE FILED,0
Wood,PRECINCT 29,DEM FOR SURVEYOR,,DEM,NO CANDIDATE FILED,0
Wood,PRECINCT 32,DEM FOR SURVEYOR,,DEM,NO CANDIDATE FILED,0
Wood,PRECINCT 33,DEM FOR SURVEYOR,,DEM,NO CANDIDATE FILED,0
Wood,PRECINCT 34A,DEM FOR SURVEYOR,,DEM,NO CANDIDATE FILED,0
Wood,PRECINCT 35,DEM FOR SURVEYOR,,DEM,NO CANDIDATE FILED,0
Wood,PRECINCT 36,DEM FOR SURVEYOR,,DEM,NO CANDIDATE FILED,0
Wood,PRECINCT 36B,DEM FOR SURVEYOR,,DEM,NO CANDIDATE FILED,0
Wood,PRECINCT 37,DEM FOR SURVEYOR,,DEM,NO CANDIDATE FILED,0
Wood,PRECINCT 37A,DEM FOR SURVEYOR,,DEM,NO CANDIDATE FILED,0
Wood,PRECINCT 38,DEM FOR SURVEYOR,,DEM,NO CANDIDATE FILED,0
Wood,PRECINCT 39,DEM FOR SURVEYOR,,DEM,NO CANDIDATE FILED,0
Wood,PRECINCT 40,DEM FOR SURVEYOR,,DEM,NO CANDIDATE FILED,0
Wood,PRECINCT 40A,DEM FOR SURVEYOR,,DEM,NO CANDIDATE FILED,0
Wood,PRECINCT 41,DEM FOR SURVEYOR,,DEM,NO CANDIDATE FILED,0
Wood,PRECINCT 42A,DEM FOR SURVEYOR,,DEM,NO CANDIDATE FILED,0
Wood,PRECINCT 43A,DEM FOR SURVEYOR,,DEM,NO CANDIDATE FILED,0
Wood,PRECINCT 45,DEM FOR SURVEYOR,,DEM,NO CANDIDATE FILED,0
Wood,PRECINCT 45A,DEM FOR SURVEYOR,,DEM,NO CANDIDATE FILED,0
Wood,PRECINCT 46,DEM FOR SURVEYOR,,DEM,NO CANDIDATE FILED,0
Wood,PRECINCT 46B,DEM FOR SURVEYOR,,DEM,NO CANDIDATE FILED,0
Wood,PRECINCT 47,DEM FOR SURVEYOR,,DEM,NO CANDIDATE FILED,0
Wood,PRECINCT 48,DEM FOR SURVEYOR,,DEM,NO CANDIDATE FILED,0
Wood,PRECINCT 49,DEM FOR SURVEYOR,,DEM,NO CANDIDATE FILED,0
Wood,PRECINCT 49A,DEM FOR SURVEYOR,,DEM,NO CANDIDATE FILED,0
Wood,PRECINCT 50,DEM FOR SURVEYOR,,DEM,NO CANDIDATE FILED,0
Wood,PRECINCT 51,DEM FOR SURVEYOR,,DEM,NO CANDIDATE FILED,0
Wood,PRECINCT 52,DEM FOR SURVEYOR,,DEM,NO CANDIDATE FILED,0
Wood,PRECINCT 53,DEM FOR SURVEYOR,,DEM,NO CANDIDATE FILED,0
Wood,PRECINCT 53A,DEM FOR SURVEYOR,,DEM,NO CANDIDATE FILED,0
Wood,PRECINCT 54,DEM FOR SURVEYOR,,DEM,NO CANDIDATE FILED,0
Wood,PRECINCT 54A,DEM FOR SURVEYOR,,DEM,NO CANDIDATE FILED,0
Wood,PRECINCT 56,DEM FOR SURVEYOR,,DEM,NO CANDIDATE FILED,0
Wood,PRECINCT 56A,DEM FOR SURVEYOR,,DEM,NO CANDIDATE FILED,0
Wood,PRECINCT 57,DEM FOR SURVEYOR,,DEM,NO CANDIDATE FILED,0
Wood,PRECINCT 57A,DEM FOR SURVEYOR,,DEM,NO CANDIDATE FILED,0
Wood,PRECINCT 58,DEM FOR SURVEYOR,,DEM,NO CANDIDATE FILED,0
Wood,PRECINCT 60,DEM FOR SURVEYOR,,DEM,NO CANDIDATE FILED,0
Wood,PRECINCT 61,DEM FOR SURVEYOR,,DEM,NO CANDIDATE FILED,0
Wood,PRECINCT 62,DEM FOR SURVEYOR,,DEM,NO CANDIDATE FILED,0
Wood,PRECINCT 63,DEM FOR SURVEYOR,,DEM,NO CANDIDATE FILED,0
Wood,PRECINCT 63A,DEM FOR SURVEYOR,,DEM,NO CANDIDATE FILED,0
Wood,PRECINCT 63B,DEM FOR SURVEYOR,,DEM,NO CANDIDATE FILED,0
Wood,PRECINCT 64,DEM FOR SURVEYOR,,DEM,NO CANDIDATE FILED,0
Wood,PRECINCT 67,DEM FOR SURVEYOR,,DEM,NO CANDIDATE FILED,0
Wood,PRECINCT 67A,DEM FOR SURVEYOR,,DEM,NO CANDIDATE FILED,0
Wood,PRECINCT 69,DEM FOR SURVEYOR,,DEM,NO CANDIDATE FILED,0
Wood,PRECINCT 71,DEM FOR SURVEYOR,,DEM,NO CANDIDATE FILED,0
Wood,PRECINCT 74,DEM FOR SURVEYOR,,DEM,NO CANDIDATE FILED,0
Wood,PRECINCT 74B,DEM FOR SURVEYOR,,DEM,NO CANDIDATE FILED,0
Wood,PRECINCT 74C,DEM FOR SURVEYOR,,DEM,NO CANDIDATE FILED,0
Wood,PRECINCT 74U,DEM FOR SURVEYOR,,DEM,NO CANDIDATE FILED,0
Wood,PRECINCT 75,DEM FOR SURVEYOR,,DEM,NO CANDIDATE FILED,0
Wood,PRECINCT 77,DEM FOR SURVEYOR,,DEM,NO CANDIDATE FILED,0
Wood,PRECINCT 78,DEM FOR SURVEYOR,,DEM,NO CANDIDATE FILED,0
Wood,PRECINCT 78A,DEM FOR SURVEYOR,,DEM,NO CANDIDATE FILED,0
Wood,PRECINCT 79,DEM FOR SURVEYOR,,DEM,NO CANDIDATE FILED,0
Wood,PRECINCT 81,DEM FOR SURVEYOR,,DEM,NO CANDIDATE FILED,0
Wood,PRECINCT 82,DEM FOR SURVEYOR,,DEM,NO CANDIDATE FILED,0
Wood,PRECINCT 85,DEM FOR SURVEYOR,,DEM,NO CANDIDATE FILED,0
Wood,PRECINCT 86,DEM FOR SURVEYOR,,DEM,NO CANDIDATE FILED,0
Wood,PRECINCT 87,DEM FOR SURVEYOR,,DEM,NO CANDIDATE FILED,0
Wood,PRECINCT 88,DEM FOR SURVEYOR,,DEM,NO CANDIDATE FILED,0
Wood,PRECINCT 89,DEM FOR SURVEYOR,,DEM,NO CANDIDATE FILED,0
Wood,PRECINCT 8,MTN FOR SURVEYOR,,MTN,NO CANDIDATE FILED,0
Wood,PRECINCT 10,MTN FOR SURVEYOR,,MTN,NO CANDIDATE FILED,0
Wood,PRECINCT 13,MTN FOR SURVEYOR,,MTN,NO CANDIDATE FILED,0
Wood,PRECINCT 16,MTN FOR SURVEYOR,,MTN,NO CANDIDATE FILED,0
Wood,PRECINCT 19,MTN FOR SURVEYOR,,MTN,NO CANDIDATE FILED,0
Wood,PRECINCT 27,MTN FOR SURVEYOR,,MTN,NO CANDIDATE FILED,0
Wood,PRECINCT 29,MTN FOR SURVEYOR,,MTN,NO CANDIDATE FILED,0
Wood,PRECINCT 32,MTN FOR SURVEYOR,,MTN,NO CANDIDATE FILED,0
Wood,PRECINCT 33,MTN FOR SURVEYOR,,MTN,NO CANDIDATE FILED,0
Wood,PRECINCT 34A,MTN FOR SURVEYOR,,MTN,NO CANDIDATE FILED,0
Wood,PRECINCT 35,MTN FOR SURVEYOR,,MTN,NO CANDIDATE FILED,0
Wood,PRECINCT 36,MTN FOR SURVEYOR,,MTN,NO CANDIDATE FILED,0
Wood,PRECINCT 36B,MTN FOR SURVEYOR,,MTN,NO CANDIDATE FILED,0
Wood,PRECINCT 37,MTN FOR SURVEYOR,,MTN,NO CANDIDATE FILED,0
Wood,PRECINCT 37A,MTN FOR SURVEYOR,,MTN,NO CANDIDATE FILED,0
Wood,PRECINCT 38,MTN FOR SURVEYOR,,MTN,NO CANDIDATE FILED,0
Wood,PRECINCT 39,MTN FOR SURVEYOR,,MTN,NO CANDIDATE FILED,0
Wood,PRECINCT 40,MTN FOR SURVEYOR,,MTN,NO CANDIDATE FILED,0
Wood,PRECINCT 40A,MTN FOR SURVEYOR,,MTN,NO CANDIDATE FILED,0
Wood,PRECINCT 41,MTN FOR SURVEYOR,,MTN,NO CANDIDATE FILED,0
Wood,PRECINCT 42A,MTN FOR SURVEYOR,,MTN,NO CANDIDATE FILED,0
Wood,PRECINCT 43A,MTN FOR SURVEYOR,,MTN,NO CANDIDATE FILED,0
Wood,PRECINCT 45,MTN FOR SURVEYOR,,MTN,NO CANDIDATE FILED,0
Wood,PRECINCT 45A,MTN FOR SURVEYOR,,MTN,NO CANDIDATE FILED,0
Wood,PRECINCT 46,MTN FOR SURVEYOR,,MTN,NO CANDIDATE FILED,0
Wood,PRECINCT 46B,MTN FOR SURVEYOR,,MTN,NO CANDIDATE FILED,0
Wood,PRECINCT 47,MTN FOR SURVEYOR,,MTN,NO CANDIDATE FILED,0
Wood,PRECINCT 48,MTN FOR SURVEYOR,,MTN,NO CANDIDATE FILED,0
Wood,PRECINCT 49,MTN FOR SURVEYOR,,MTN,NO CANDIDATE FILED,0
Wood,PRECINCT 49A,MTN FOR SURVEYOR,,MTN,NO CANDIDATE FILED,0
Wood,PRECINCT 50,MTN FOR SURVEYOR,,MTN,NO CANDIDATE FILED,0
Wood,PRECINCT 51,MTN FOR SURVEYOR,,MTN,NO CANDIDATE FILED,0
Wood,PRECINCT 52,MTN FOR SURVEYOR,,MTN,NO CANDIDATE FILED,0
Wood,PRECINCT 53,MTN FOR SURVEYOR,,MTN,NO CANDIDATE FILED,0
Wood,PRECINCT 53A,MTN FOR SURVEYOR,,MTN,NO CANDIDATE FILED,0
Wood,PRECINCT 54,MTN FOR SURVEYOR,,MTN,NO CANDIDATE FILED,0
Wood,PRECINCT 54A,MTN FOR SURVEYOR,,MTN,NO CANDIDATE FILED,0
Wood,PRECINCT 56,MTN FOR SURVEYOR,,MTN,NO CANDIDATE FILED,0
Wood,PRECINCT 56A,MTN FOR SURVEYOR,,MTN,NO CANDIDATE FILED,0
Wood,PRECINCT 57,MTN FOR SURVEYOR,,MTN,NO CANDIDATE FILED,0
Wood,PRECINCT 57A,MTN FOR SURVEYOR,,MTN,NO CANDIDATE FILED,0
Wood,PRECINCT 58,MTN FOR SURVEYOR,,MTN,NO CANDIDATE FILED,0
Wood,PRECINCT 60,MTN FOR SURVEYOR,,MTN,NO CANDIDATE FILED,0
Wood,PRECINCT 61,MTN FOR SURVEYOR,,MTN,NO CANDIDATE FILED,0
Wood,PRECINCT 62,MTN FOR SURVEYOR,,MTN,NO CANDIDATE FILED,0
Wood,PRECINCT 63,MTN FOR SURVEYOR,,MTN,NO CANDIDATE FILED,0
Wood,PRECINCT 63A,MTN FOR SURVEYOR,,MTN,NO CANDIDATE FILED,0
Wood,PRECINCT 63B,MTN FOR SURVEYOR,,MTN,NO CANDIDATE FILED,0
Wood,PRECINCT 64,MTN FOR SURVEYOR,,MTN,NO CANDIDATE FILED,0
Wood,PRECINCT 67,MTN FOR SURVEYOR,,MTN,NO CANDIDATE FILED,0
Wood,PRECINCT 67A,MTN FOR SURVEYOR,,MTN,NO CANDIDATE FILED,0
Wood,PRECINCT 69,MTN FOR SURVEYOR,,MTN,NO CANDIDATE FILED,0
Wood,PRECINCT 71,MTN FOR SURVEYOR,,MTN,NO CANDIDATE FILED,0
Wood,PRECINCT 74,MTN FOR SURVEYOR,,MTN,NO CANDIDATE FILED,0
Wood,PRECINCT 74B,MTN FOR SURVEYOR,,MTN,NO CANDIDATE FILED,0
Wood,PRECINCT 74C,MTN FOR SURVEYOR,,MTN,NO CANDIDATE FILED,0
Wood,PRECINCT 74U,MTN FOR SURVEYOR,,MTN,NO CANDIDATE FILED,0
Wood,PRECINCT 75,MTN FOR SURVEYOR,,MTN,NO CANDIDATE FILED,0
Wood,PRECINCT 77,MTN FOR SURVEYOR,,MTN,NO CANDIDATE FILED,0
Wood,PRECINCT 78,MTN FOR SURVEYOR,,MTN,NO CANDIDATE FILED,0
Wood,PRECINCT 78A,MTN FOR SURVEYOR,,MTN,NO CANDIDATE FILED,0
Wood,PRECINCT 79,MTN FOR SURVEYOR,,MTN,NO CANDIDATE FILED,0
Wood,PRECINCT 81,MTN FOR SURVEYOR,,MTN,NO CANDIDATE FILED,0
Wood,PRECINCT 82,MTN FOR SURVEYOR,,MTN,NO CANDIDATE FILED,0
Wood,PRECINCT 85,MTN FOR SURVEYOR,,MTN,NO CANDIDATE FILED,0
Wood,PRECINCT 86,MTN FOR SURVEYOR,,MTN,NO CANDIDATE FILED,0
Wood,PRECINCT 87,MTN FOR SURVEYOR,,MTN,NO CANDIDATE FILED,0
Wood,PRECINCT 88,MTN FOR SURVEYOR,,MTN,NO CANDIDATE FILED,0
Wood,PRECINCT 89,MTN FOR SURVEYOR,,MTN,NO CANDIDATE FILED,0
Wood,PRECINCT 8,Supreme Court of Appeals,,,DAVID A.  WILSON,17
Wood,PRECINCT 10,Supreme Court of Appeals,,,DAVID A.  WILSON,13
Wood,PRECINCT 13,Supreme Court of Appeals,,,DAVID A.  WILSON,12
Wood,PRECINCT 16,Supreme Court of Appeals,,,DAVID A.  WILSON,16
Wood,PRECINCT 19,Supreme Court of Appeals,,,DAVID A.  WILSON,48
Wood,PRECINCT 27,Supreme Court of Appeals,,,DAVID A.  WILSON,24
Wood,PRECINCT 29,Supreme Court of Appeals,,,DAVID A.  WILSON,32
Wood,PRECINCT 32,Supreme Court of Appeals,,,DAVID A.  WILSON,39
Wood,PRECINCT 33,Supreme Court of Appeals,,,DAVID A.  WILSON,7
Wood,PRECINCT 34A,Supreme Court of Appeals,,,DAVID A.  WILSON,57
Wood,PRECINCT 35,Supreme Court of Appeals,,,DAVID A.  WILSON,40
Wood,PRECINCT 36,Supreme Court of Appeals,,,DAVID A.  WILSON,21
Wood,PRECINCT 36B,Supreme Court of Appeals,,,DAVID A.  WILSON,47
Wood,PRECINCT 37,Supreme Court of Appeals,,,DAVID A.  WILSON,42
Wood,PRECINCT 37A,Supreme Court of Appeals,,,DAVID A.  WILSON,44
Wood,PRECINCT 38,Supreme Court of Appeals,,,DAVID A.  WILSON,11
Wood,PRECINCT 39,Supreme Court of Appeals,,,DAVID A.  WILSON,16
Wood,PRECINCT 40,Supreme Court of Appeals,,,DAVID A.  WILSON,10
Wood,PRECINCT 40A,Supreme Court of Appeals,,,DAVID A.  WILSON,34
Wood,PRECINCT 41,Supreme Court of Appeals,,,DAVID A.  WILSON,31
Wood,PRECINCT 42A,Supreme Court of Appeals,,,DAVID A.  WILSON,50
Wood,PRECINCT 43A,Supreme Court of Appeals,,,DAVID A.  WILSON,44
Wood,PRECINCT 45,Supreme Court of Appeals,,,DAVID A.  WILSON,44
Wood,PRECINCT 45A,Supreme Court of Appeals,,,DAVID A.  WILSON,46
Wood,PRECINCT 46,Supreme Court of Appeals,,,DAVID A.  WILSON,49
Wood,PRECINCT 46B,Supreme Court of Appeals,,,DAVID A.  WILSON,43
Wood,PRECINCT 47,Supreme Court of Appeals,,,DAVID A.  WILSON,11
Wood,PRECINCT 48,Supreme Court of Appeals,,,DAVID A.  WILSON,51
Wood,PRECINCT 49,Supreme Court of Appeals,,,DAVID A.  WILSON,37
Wood,PRECINCT 49A,Supreme Court of Appeals,,,DAVID A.  WILSON,27
Wood,PRECINCT 50,Supreme Court of Appeals,,,DAVID A.  WILSON,20
Wood,PRECINCT 51,Supreme Court of Appeals,,,DAVID A.  WILSON,38
Wood,PRECINCT 52,Supreme Court of Appeals,,,DAVID A.  WILSON,50
Wood,PRECINCT 53,Supreme Court of Appeals,,,DAVID A.  WILSON,38
Wood,PRECINCT 53A,Supreme Court of Appeals,,,DAVID A.  WILSON,34
Wood,PRECINCT 54,Supreme Court of Appeals,,,DAVID A.  WILSON,25
Wood,PRECINCT 54A,Supreme Court of Appeals,,,DAVID A.  WILSON,25
Wood,PRECINCT 56,Supreme Court of Appeals,,,DAVID A.  WILSON,24
Wood,PRECINCT 56A,Supreme Court of Appeals,,,DAVID A.  WILSON,42
Wood,PRECINCT 57,Supreme Court of Appeals,,,DAVID A.  WILSON,49
Wood,PRECINCT 57A,Supreme Court of Appeals,,,DAVID A.  WILSON,33
Wood,PRECINCT 58,Supreme Court of Appeals,,,DAVID A.  WILSON,84
Wood,PRECINCT 60,Supreme Court of Appeals,,,DAVID A.  WILSON,35
Wood,PRECINCT 61,Supreme Court of Appeals,,,DAVID A.  WILSON,38
Wood,PRECINCT 62,Supreme Court of Appeals,,,DAVID A.  WILSON,68
Wood,PRECINCT 63,Supreme Court of Appeals,,,DAVID A.  WILSON,33
Wood,PRECINCT 63A,Supreme Court of Appeals,,,DAVID A.  WILSON,34
Wood,PRECINCT 63B,Supreme Court of Appeals,,,DAVID A.  WILSON,37
Wood,PRECINCT 64,Supreme Court of Appeals,,,DAVID A.  WILSON,53
Wood,PRECINCT 67,Supreme Court of Appeals,,,DAVID A.  WILSON,96
Wood,PRECINCT 67A,Supreme Court of Appeals,,,DAVID A.  WILSON,85
Wood,PRECINCT 69,Supreme Court of Appeals,,,DAVID A.  WILSON,33
Wood,PRECINCT 71,Supreme Court of Appeals,,,DAVID A.  WILSON,15
Wood,PRECINCT 74,Supreme Court of Appeals,,,DAVID A.  WILSON,59
Wood,PRECINCT 74B,Supreme Court of Appeals,,,DAVID A.  WILSON,69
Wood,PRECINCT 74C,Supreme Court of Appeals,,,DAVID A.  WILSON,60
Wood,PRECINCT 74U,Supreme Court of Appeals,,,DAVID A.  WILSON,15
Wood,PRECINCT 75,Supreme Court of Appeals,,,DAVID A.  WILSON,44
Wood,PRECINCT 77,Supreme Court of Appeals,,,DAVID A.  WILSON,61
Wood,PRECINCT 78,Supreme Court of Appeals,,,DAVID A.  WILSON,57
Wood,PRECINCT 78A,Supreme Court of Appeals,,,DAVID A.  WILSON,89
Wood,PRECINCT 79,Supreme Court of Appeals,,,DAVID A.  WILSON,99
Wood,PRECINCT 81,Supreme Court of Appeals,,,DAVID A.  WILSON,37
Wood,PRECINCT 82,Supreme Court of Appeals,,,DAVID A.  WILSON,65
Wood,PRECINCT 85,Supreme Court of Appeals,,,DAVID A.  WILSON,81
Wood,PRECINCT 86,Supreme Court of Appeals,,,DAVID A.  WILSON,127
Wood,PRECINCT 87,Supreme Court of Appeals,,,DAVID A.  WILSON,96
Wood,PRECINCT 88,Supreme Court of Appeals,,,DAVID A.  WILSON,105
Wood,PRECINCT 89,Supreme Court of Appeals,,,DAVID A.  WILSON,140
Wood,PRECINCT 8,Supreme Court of Appeals,,,RON TICE,51
Wood,PRECINCT 10,Supreme Court of Appeals,,,RON TICE,44
Wood,PRECINCT 13,Supreme Court of Appeals,,,RON TICE,31
Wood,PRECINCT 16,Supreme Court of Appeals,,,RON TICE,51
Wood,PRECINCT 19,Supreme Court of Appeals,,,RON TICE,135
Wood,PRECINCT 27,Supreme Court of Appeals,,,RON TICE,38
Wood,PRECINCT 29,Supreme Court of Appeals,,,RON TICE,106
Wood,PRECINCT 32,Supreme Court of Appeals,,,RON TICE,89
Wood,PRECINCT 33,Supreme Court of Appeals,,,RON TICE,23
Wood,PRECINCT 34A,Supreme Court of Appeals,,,RON TICE,142
Wood,PRECINCT 35,Supreme Court of Appeals,,,RON TICE,93
Wood,PRECINCT 36,Supreme Court of Appeals,,,RON TICE,67
Wood,PRECINCT 36B,Supreme Court of Appeals,,,RON TICE,100
Wood,PRECINCT 37,Supreme Court of Appeals,,,RON TICE,166
Wood,PRECINCT 37A,Supreme Court of Appeals,,,RON TICE,152
Wood,PRECINCT 38,Supreme Court of Appeals,,,RON TICE,24
Wood,PRECINCT 39,Supreme Court of Appeals,,,RON TICE,46
Wood,PRECINCT 40,Supreme Court of Appeals,,,RON TICE,44
Wood,PRECINCT 40A,Supreme Court of Appeals,,,RON TICE,72
Wood,PRECINCT 41,Supreme Court of Appeals,,,RON TICE,89
Wood,PRECINCT 42A,Supreme Court of Appeals,,,RON TICE,146
Wood,PRECINCT 43A,Supreme Court of Appeals,,,RON TICE,133
Wood,PRECINCT 45,Supreme Court of Appeals,,,RON TICE,97
Wood,PRECINCT 45A,Supreme Court of Appeals,,,RON TICE,129
Wood,PRECINCT 46,Supreme Court of Appeals,,,RON TICE,181
Wood,PRECINCT 46B,Supreme Court of Appeals,,,RON TICE,153
Wood,PRECINCT 47,Supreme Court of Appeals,,,RON TICE,29
Wood,PRECINCT 48,Supreme Court of Appeals,,,RON TICE,125
Wood,PRECINCT 49,Supreme Court of Appeals,,,RON TICE,64
Wood,PRECINCT 49A,Supreme Court of Appeals,,,RON TICE,90
Wood,PRECINCT 50,Supreme Court of Appeals,,,RON TICE,42
Wood,PRECINCT 51,Supreme Court of Appeals,,,RON TICE,115
Wood,PRECINCT 52,Supreme Court of Appeals,,,RON TICE,117
Wood,PRECINCT 53,Supreme Court of Appeals,,,RON TICE,74
Wood,PRECINCT 53A,Supreme Court of Appeals,,,RON TICE,68
Wood,PRECINCT 54,Supreme Court of Appeals,,,RON TICE,41
Wood,PRECINCT 54A,Supreme Court of Appeals,,,RON TICE,56
Wood,PRECINCT 56,Supreme Court of Appeals,,,RON TICE,39
Wood,PRECINCT 56A,Supreme Court of Appeals,,,RON TICE,63
Wood,PRECINCT 57,Supreme Court of Appeals,,,RON TICE,63
Wood,PRECINCT 57A,Supreme Court of Appeals,,,RON TICE,53
Wood,PRECINCT 58,Supreme Court of Appeals,,,RON TICE,106
Wood,PRECINCT 60,Supreme Court of Appeals,,,RON TICE,46
Wood,PRECINCT 61,Supreme Court of Appeals,,,RON TICE,45
Wood,PRECINCT 62,Supreme Court of Appeals,,,RON TICE,113
Wood,PRECINCT 63,Supreme Court of Appeals,,,RON TICE,27
Wood,PRECINCT 63A,Supreme Court of Appeals,,,RON TICE,90
Wood,PRECINCT 63B,Supreme Court of Appeals,,,RON TICE,60
Wood,PRECINCT 64,Supreme Court of Appeals,,,RON TICE,98
Wood,PRECINCT 67,Supreme Court of Appeals,,,RON TICE,128
Wood,PRECINCT 67A,Supreme Court of Appeals,,,RON TICE,129
Wood,PRECINCT 69,Supreme Court of Appeals,,,RON TICE,60
Wood,PRECINCT 71,Supreme Court of Appeals,,,RON TICE,23
Wood,PRECINCT 74,Supreme Court of Appeals,,,RON TICE,82
Wood,PRECINCT 74B,Supreme Court of Appeals,,,RON TICE,108
Wood,PRECINCT 74C,Supreme Court of Appeals,,,RON TICE,88
Wood,PRECINCT 74U,Supreme Court of Appeals,,,RON TICE,19
Wood,PRECINCT 75,Supreme Court of Appeals,,,RON TICE,65
Wood,PRECINCT 77,Supreme Court of Appeals,,,RON TICE,90
Wood,PRECINCT 78,Supreme Court of Appeals,,,RON TICE,34
Wood,PRECINCT 78A,Supreme Court of Appeals,,,RON TICE,98
Wood,PRECINCT 79,Supreme Court of Appeals,,,RON TICE,57
Wood,PRECINCT 81,Supreme Court of Appeals,,,RON TICE,33
Wood,PRECINCT 82,Supreme Court of Appeals,,,RON TICE,74
Wood,PRECINCT 85,Supreme Court of Appeals,,,RON TICE,42
Wood,PRECINCT 86,Supreme Court of Appeals,,,RON TICE,70
Wood,PRECINCT 87,Supreme Court of Appeals,,,RON TICE,31
Wood,PRECINCT 88,Supreme Court of Appeals,,,RON TICE,45
Wood,PRECINCT 89,Supreme Court of Appeals,,,RON TICE,54
Wood,PRECINCT 8,Supreme Court of Appeals,,,CHAD CONLEY,32
Wood,PRECINCT 10,Supreme Court of Appeals,,,CHAD CONLEY,19
Wood,PRECINCT 13,Supreme Court of Appeals,,,CHAD CONLEY,15
Wood,PRECINCT 16,Supreme Court of Appeals,,,CHAD CONLEY,22
Wood,PRECINCT 19,Supreme Court of Appeals,,,CHAD CONLEY,71
Wood,PRECINCT 27,Supreme Court of Appeals,,,CHAD CONLEY,16
Wood,PRECINCT 29,Supreme Court of Appeals,,,CHAD CONLEY,54
Wood,PRECINCT 32,Supreme Court of Appeals,,,CHAD CONLEY,57
Wood,PRECINCT 33,Supreme Court of Appeals,,,CHAD CONLEY,8
Wood,PRECINCT 34A,Supreme Court of Appeals,,,CHAD CONLEY,72
Wood,PRECINCT 35,Supreme Court of Appeals,,,CHAD CONLEY,56
Wood,PRECINCT 36,Supreme Court of Appeals,,,CHAD CONLEY,35
Wood,PRECINCT 36B,Supreme Court of Appeals,,,CHAD CONLEY,71
Wood,PRECINCT 37,Supreme Court of Appeals,,,CHAD CONLEY,69
Wood,PRECINCT 37A,Supreme Court of Appeals,,,CHAD CONLEY,66
Wood,PRECINCT 38,Supreme Court of Appeals,,,CHAD CONLEY,6
Wood,PRECINCT 39,Supreme Court of Appeals,,,CHAD CONLEY,18
Wood,PRECINCT 40,Supreme Court of Appeals,,,CHAD CONLEY,34
Wood,PRECINCT 40A,Supreme Court of Appeals,,,CHAD CONLEY,41
Wood,PRECINCT 41,Supreme Court of Appeals,,,CHAD CONLEY,60
Wood,PRECINCT 42A,Supreme Court of Appeals,,,CHAD CONLEY,96
Wood,PRECINCT 43A,Supreme Court of Appeals,,,CHAD CONLEY,79
Wood,PRECINCT 45,Supreme Court of Appeals,,,CHAD CONLEY,65
Wood,PRECINCT 45A,Supreme Court of Appeals,,,CHAD CONLEY,110
Wood,PRECINCT 46,Supreme Court of Appeals,,,CHAD CONLEY,131
Wood,PRECINCT 46B,Supreme Court of Appeals,,,CHAD CONLEY,128
Wood,PRECINCT 47,Supreme Court of Appeals,,,CHAD CONLEY,46
Wood,PRECINCT 48,Supreme Court of Appeals,,,CHAD CONLEY,99
Wood,PRECINCT 49,Supreme Court of Appeals,,,CHAD CONLEY,44
Wood,PRECINCT 49A,Supreme Court of Appeals,,,CHAD CONLEY,48
Wood,PRECINCT 50,Supreme Court of Appeals,,,CHAD CONLEY,36
Wood,PRECINCT 51,Supreme Court of Appeals,,,CHAD CONLEY,61
Wood,PRECINCT 52,Supreme Court of Appeals,,,CHAD CONLEY,85
Wood,PRECINCT 53,Supreme Court of Appeals,,,CHAD CONLEY,58
Wood,PRECINCT 53A,Supreme Court of Appeals,,,CHAD CONLEY,53
Wood,PRECINCT 54,Supreme Court of Appeals,,,CHAD CONLEY,38
Wood,PRECINCT 54A,Supreme Court of Appeals,,,CHAD CONLEY,47
Wood,PRECINCT 56,Supreme Court of Appeals,,,CHAD CONLEY,43
Wood,PRECINCT 56A,Supreme Court of Appeals,,,CHAD CONLEY,59
Wood,PRECINCT 57,Supreme Court of Appeals,,,CHAD CONLEY,43
Wood,PRECINCT 57A,Supreme Court of Appeals,,,CHAD CONLEY,52
Wood,PRECINCT 58,Supreme Court of Appeals,,,CHAD CONLEY,125
Wood,PRECINCT 60,Supreme Court of Appeals,,,CHAD CONLEY,37
Wood,PRECINCT 61,Supreme Court of Appeals,,,CHAD CONLEY,49
Wood,PRECINCT 62,Supreme Court of Appeals,,,CHAD CONLEY,114
Wood,PRECINCT 63,Supreme Court of Appeals,,,CHAD CONLEY,54
Wood,PRECINCT 63A,Supreme Court of Appeals,,,CHAD CONLEY,71
Wood,PRECINCT 63B,Supreme Court of Appeals,,,CHAD CONLEY,62
Wood,PRECINCT 64,Supreme Court of Appeals,,,CHAD CONLEY,86
Wood,PRECINCT 67,Supreme Court of Appeals,,,CHAD CONLEY,143
Wood,PRECINCT 67A,Supreme Court of Appeals,,,CHAD CONLEY,161
Wood,PRECINCT 69,Supreme Court of Appeals,,,CHAD CONLEY,64
Wood,PRECINCT 71,Supreme Court of Appeals,,,CHAD CONLEY,19
Wood,PRECINCT 74,Supreme Court of Appeals,,,CHAD CONLEY,74
Wood,PRECINCT 74B,Supreme Court of Appeals,,,CHAD CONLEY,82
Wood,PRECINCT 74C,Supreme Court of Appeals,,,CHAD CONLEY,80
Wood,PRECINCT 74U,Supreme Court of Appeals,,,CHAD CONLEY,19
Wood,PRECINCT 75,Supreme Court of Appeals,,,CHAD CONLEY,56
Wood,PRECINCT 77,Supreme Court of Appeals,,,CHAD CONLEY,75
Wood,PRECINCT 78,Supreme Court of Appeals,,,CHAD CONLEY,60
Wood,PRECINCT 78A,Supreme Court of Appeals,,,CHAD CONLEY,107
Wood,PRECINCT 79,Supreme Court of Appeals,,,CHAD CONLEY,109
Wood,PRECINCT 81,Supreme Court of Appeals,,,CHAD CONLEY,63
Wood,PRECINCT 82,Supreme Court of Appeals,,,CHAD CONLEY,100
Wood,PRECINCT 85,Supreme Court of Appeals,,,CHAD CONLEY,98
Wood,PRECINCT 86,Supreme Court of Appeals,,,CHAD CONLEY,123
Wood,PRECINCT 87,Supreme Court of Appeals,,,CHAD CONLEY,108
Wood,PRECINCT 88,Supreme Court of Appeals,,,CHAD CONLEY,121
Wood,PRECINCT 89,Supreme Court of Appeals,,,CHAD CONLEY,148
Wood,PRECINCT 8,Supreme Court of Appeals,,,JUDY JOHNSON,36
Wood,PRECINCT 10,Supreme Court of Appeals,,,JUDY JOHNSON,38
Wood,PRECINCT 13,Supreme Court of Appeals,,,JUDY JOHNSON,31
Wood,PRECINCT 16,Supreme Court of Appeals,,,JUDY JOHNSON,40
Wood,PRECINCT 19,Supreme Court of Appeals,,,JUDY JOHNSON,111
Wood,PRECINCT 27,Supreme Court of Appeals,,,JUDY JOHNSON,35
Wood,PRECINCT 29,Supreme Court of Appeals,,,JUDY JOHNSON,106
Wood,PRECINCT 32,Supreme Court of Appeals,,,JUDY JOHNSON,71
Wood,PRECINCT 33,Supreme Court of Appeals,,,JUDY JOHNSON,13
Wood,PRECINCT 34A,Supreme Court of Appeals,,,JUDY JOHNSON,123
Wood,PRECINCT 35,Supreme Court of Appeals,,,JUDY JOHNSON,98
Wood,PRECINCT 36,Supreme Court of Appeals,,,JUDY JOHNSON,62
Wood,PRECINCT 36B,Supreme Court of Appeals,,,JUDY JOHNSON,107
Wood,PRECINCT 37,Supreme Court of Appeals,,,JUDY JOHNSON,143
Wood,PRECINCT 37A,Supreme Court of Appeals,,,JUDY JOHNSON,123
Wood,PRECINCT 38,Supreme Court of Appeals,,,JUDY JOHNSON,8
Wood,PRECINCT 39,Supreme Court of Appeals,,,JUDY JOHNSON,54
Wood,PRECINCT 40,Supreme Court of Appeals,,,JUDY JOHNSON,33
Wood,PRECINCT 40A,Supreme Court of Appeals,,,JUDY JOHNSON,75
Wood,PRECINCT 41,Supreme Court of Appeals,,,JUDY JOHNSON,83
Wood,PRECINCT 42A,Supreme Court of Appeals,,,JUDY JOHNSON,129
Wood,PRECINCT 43A,Supreme Court of Appeals,,,JUDY JOHNSON,144
Wood,PRECINCT 45,Supreme Court of Appeals,,,JUDY JOHNSON,96
Wood,PRECINCT 45A,Supreme Court of Appeals,,,JUDY JOHNSON,128
Wood,PRECINCT 46,Supreme Court of Appeals,,,JUDY JOHNSON,170
Wood,PRECINCT 46B,Supreme Court of Appeals,,,JUDY JOHNSON,189
Wood,PRECINCT 47,Supreme Court of Appeals,,,JUDY JOHNSON,31
Wood,PRECINCT 48,Supreme Court of Appeals,,,JUDY JOHNSON,234
Wood,PRECINCT 49,Supreme Court of Appeals,,,JUDY JOHNSON,85
Wood,PRECINCT 49A,Supreme Court of Appeals,,,JUDY JOHNSON,99
Wood,PRECINCT 50,Supreme Court of Appeals,,,JUDY JOHNSON,79
Wood,PRECINCT 51,Supreme Court of Appeals,,,JUDY JOHNSON,294
Wood,PRECINCT 52,Supreme Court of Appeals,,,JUDY JOHNSON,345
Wood,PRECINCT 53,Supreme Court of Appeals,,,JUDY JOHNSON,78
Wood,PRECINCT 53A,Supreme Court of Appeals,,,JUDY JOHNSON,79
Wood,PRECINCT 54,Supreme Court of Appeals,,,JUDY JOHNSON,101
Wood,PRECINCT 54A,Supreme Court of Appeals,,,JUDY JOHNSON,129
Wood,PRECINCT 56,Supreme Court of Appeals,,,JUDY JOHNSON,39
Wood,PRECINCT 56A,Supreme Court of Appeals,,,JUDY JOHNSON,82
Wood,PRECINCT 57,Supreme Court of Appeals,,,JUDY JOHNSON,68
Wood,PRECINCT 57A,Supreme Court of Appeals,,,JUDY JOHNSON,62
Wood,PRECINCT 58,Supreme Court of Appeals,,,JUDY JOHNSON,99
Wood,PRECINCT 60,Supreme Court of Appeals,,,JUDY JOHNSON,48
Wood,PRECINCT 61,Supreme Court of Appeals,,,JUDY JOHNSON,49
Wood,PRECINCT 62,Supreme Court of Appeals,,,JUDY JOHNSON,97
Wood,PRECINCT 63,Supreme Court of Appeals,,,JUDY JOHNSON,25
Wood,PRECINCT 63A,Supreme Court of Appeals,,,JUDY JOHNSON,88
Wood,PRECINCT 63B,Supreme Court of Appeals,,,JUDY JOHNSON,70
Wood,PRECINCT 64,Supreme Court of Appeals,,,JUDY JOHNSON,87
Wood,PRECINCT 67,Supreme Court of Appeals,,,JUDY JOHNSON,115
Wood,PRECINCT 67A,Supreme Court of Appeals,,,JUDY JOHNSON,101
Wood,PRECINCT 69,Supreme Court of Appeals,,,JUDY JOHNSON,48
Wood,PRECINCT 71,Supreme Court of Appeals,,,JUDY JOHNSON,18
Wood,PRECINCT 74,Supreme Court of Appeals,,,JUDY JOHNSON,55
Wood,PRECINCT 74B,Supreme Court of Appeals,,,JUDY JOHNSON,82
Wood,PRECINCT 74C,Supreme Court of Appeals,,,JUDY JOHNSON,62
Wood,PRECINCT 74U,Supreme Court of Appeals,,,JUDY JOHNSON,9
Wood,PRECINCT 75,Supreme Court of Appeals,,,JUDY JOHNSON,47
Wood,PRECINCT 77,Supreme Court of Appeals,,,JUDY JOHNSON,47
Wood,PRECINCT 78,Supreme Court of Appeals,,,JUDY JOHNSON,24
Wood,PRECINCT 78A,Supreme Court of Appeals,,,JUDY JOHNSON,87
Wood,PRECINCT 79,Supreme Court of Appeals,,,JUDY JOHNSON,72
Wood,PRECINCT 81,Supreme Court of Appeals,,,JUDY JOHNSON,33
Wood,PRECINCT 82,Supreme Court of Appeals,,,JUDY JOHNSON,57
Wood,PRECINCT 85,Supreme Court of Appeals,,,JUDY JOHNSON,40
Wood,PRECINCT 86,Supreme Court of Appeals,,,JUDY JOHNSON,59
Wood,PRECINCT 87,Supreme Court of Appeals,,,JUDY JOHNSON,31
Wood,PRECINCT 88,Supreme Court of Appeals,,,JUDY JOHNSON,57
Wood,PRECINCT 89,Supreme Court of Appeals,,,JUDY JOHNSON,70
Wood,PRECINCT 8,Supreme Court of Appeals,,,ROBERT E.  MERCER,38
Wood,PRECINCT 10,Supreme Court of Appeals,,,ROBERT E.  MERCER,50
Wood,PRECINCT 13,Supreme Court of Appeals,,,ROBERT E.  MERCER,28
Wood,PRECINCT 16,Supreme Court of Appeals,,,ROBERT E.  MERCER,39
Wood,PRECINCT 19,Supreme Court of Appeals,,,ROBERT E.  MERCER,116
Wood,PRECINCT 27,Supreme Court of Appeals,,,ROBERT E.  MERCER,31
Wood,PRECINCT 29,Supreme Court of Appeals,,,ROBERT E.  MERCER,83
Wood,PRECINCT 32,Supreme Court of Appeals,,,ROBERT E.  MERCER,70
Wood,PRECINCT 33,Supreme Court of Appeals,,,ROBERT E.  MERCER,18
Wood,PRECINCT 34A,Supreme Court of Appeals,,,ROBERT E.  MERCER,95
Wood,PRECINCT 35,Supreme Court of Appeals,,,ROBERT E.  MERCER,78
Wood,PRECINCT 36,Supreme Court of Appeals,,,ROBERT E.  MERCER,49
Wood,PRECINCT 36B,Supreme Court of Appeals,,,ROBERT E.  MERCER,95
Wood,PRECINCT 37,Supreme Court of Appeals,,,ROBERT E.  MERCER,100
Wood,PRECINCT 37A,Supreme Court of Appeals,,,ROBERT E.  MERCER,98
Wood,PRECINCT 38,Supreme Court of Appeals,,,ROBERT E.  MERCER,14
Wood,PRECINCT 39,Supreme Court of Appeals,,,ROBERT E.  MERCER,28
Wood,PRECINCT 40,Supreme Court of Appeals,,,ROBERT E.  MERCER,21
Wood,PRECINCT 40A,Supreme Court of Appeals,,,ROBERT E.  MERCER,36
Wood,PRECINCT 41,Supreme Court of Appeals,,,ROBERT E.  MERCER,59
Wood,PRECINCT 42A,Supreme Court of Appeals,,,ROBERT E.  MERCER,78
Wood,PRECINCT 43A,Supreme Court of Appeals,,,ROBERT E.  MERCER,75
Wood,PRECINCT 45,Supreme Court of Appeals,,,ROBERT E.  MERCER,80
Wood,PRECINCT 45A,Supreme Court of Appeals,,,ROBERT E.  MERCER,76
Wood,PRECINCT 46,Supreme Court of Appeals,,,ROBERT E.  MERCER,93
Wood,PRECINCT 46B,Supreme Court of Appeals,,,ROBERT E.  MERCER,109
Wood,PRECINCT 47,Supreme Court of Appeals,,,ROBERT E.  MERCER,32
Wood,PRECINCT 48,Supreme Court of Appeals,,,ROBERT E.  MERCER,77
Wood,PRECINCT 49,Supreme Court of Appeals,,,ROBERT E.  MERCER,33
Wood,PRECINCT 49A,Supreme Court of Appeals,,,ROBERT E.  MERCER,40
Wood,PRECINCT 50,Supreme Court of Appeals,,,ROBERT E.  MERCER,28
Wood,PRECINCT 51,Supreme Court of Appeals,,,ROBERT E.  MERCER,48
Wood,PRECINCT 52,Supreme Court of Appeals,,,ROBERT E.  MERCER,45
Wood,PRECINCT 53,Supreme Court of Appeals,,,ROBERT E.  MERCER,52
Wood,PRECINCT 53A,Supreme Court of Appeals,,,ROBERT E.  MERCER,48
Wood,PRECINCT 54,Supreme Court of Appeals,,,ROBERT E.  MERCER,38
Wood,PRECINCT 54A,Supreme Court of Appeals,,,ROBERT E.  MERCER,35
Wood,PRECINCT 56,Supreme Court of Appeals,,,ROBERT E.  MERCER,40
Wood,PRECINCT 56A,Supreme Court of Appeals,,,ROBERT E.  MERCER,77
Wood,PRECINCT 57,Supreme Court of Appeals,,,ROBERT E.  MERCER,45
Wood,PRECINCT 57A,Supreme Court of Appeals,,,ROBERT E.  MERCER,40
Wood,PRECINCT 58,Supreme Court of Appeals,,,ROBERT E.  MERCER,86
Wood,PRECINCT 60,Supreme Court of Appeals,,,ROBERT E.  MERCER,38
Wood,PRECINCT 61,Supreme Court of Appeals,,,ROBERT E.  MERCER,37
Wood,PRECINCT 62,Supreme Court of Appeals,,,ROBERT E.  MERCER,83
Wood,PRECINCT 63,Supreme Court of Appeals,,,ROBERT E.  MERCER,30
Wood,PRECINCT 63A,Supreme Court of Appeals,,,ROBERT E.  MERCER,54
Wood,PRECINCT 63B,Supreme Court of Appeals,,,ROBERT E.  MERCER,43
Wood,PRECINCT 64,Supreme Court of Appeals,,,ROBERT E.  MERCER,64
Wood,PRECINCT 67,Supreme Court of Appeals,,,ROBERT E.  MERCER,88
Wood,PRECINCT 67A,Supreme Court of Appeals,,,ROBERT E.  MERCER,112
Wood,PRECINCT 69,Supreme Court of Appeals,,,ROBERT E.  MERCER,72
Wood,PRECINCT 71,Supreme Court of Appeals,,,ROBERT E.  MERCER,25
Wood,PRECINCT 74,Supreme Court of Appeals,,,ROBERT E.  MERCER,50
Wood,PRECINCT 74B,Supreme Court of Appeals,,,ROBERT E.  MERCER,87
Wood,PRECINCT 74C,Supreme Court of Appeals,,,ROBERT E.  MERCER,73
Wood,PRECINCT 74U,Supreme Court of Appeals,,,ROBERT E.  MERCER,13
Wood,PRECINCT 75,Supreme Court of Appeals,,,ROBERT E.  MERCER,42
Wood,PRECINCT 77,Supreme Court of Appeals,,,ROBERT E.  MERCER,80
Wood,PRECINCT 78,Supreme Court of Appeals,,,ROBERT E.  MERCER,29
Wood,PRECINCT 78A,Supreme Court of Appeals,,,ROBERT E.  MERCER,90
Wood,PRECINCT 79,Supreme Court of Appeals,,,ROBERT E.  MERCER,36
Wood,PRECINCT 81,Supreme Court of Appeals,,,ROBERT E.  MERCER,41
Wood,PRECINCT 82,Supreme Court of Appeals,,,ROBERT E.  MERCER,68
Wood,PRECINCT 85,Supreme Court of Appeals,,,ROBERT E.  MERCER,41
Wood,PRECINCT 86,Supreme Court of Appeals,,,ROBERT E.  MERCER,26
Wood,PRECINCT 87,Supreme Court of Appeals,,,ROBERT E.  MERCER,29
Wood,PRECINCT 88,Supreme Court of Appeals,,,ROBERT E.  MERCER,36
Wood,PRECINCT 89,Supreme Court of Appeals,,,ROBERT E.  MERCER,47
Wood,PRECINCT 8,FOR CONSERVATION DISTRICT SUPERVISOR,,,JEFF  McELFRESH,89
Wood,PRECINCT 10,FOR CONSERVATION DISTRICT SUPERVISOR,,,JEFF  McELFRESH,90
Wood,PRECINCT 13,FOR CONSERVATION DISTRICT SUPERVISOR,,,JEFF  McELFRESH,73
Wood,PRECINCT 16,FOR CONSERVATION DISTRICT SUPERVISOR,,,JEFF  McELFRESH,91
Wood,PRECINCT 19,FOR CONSERVATION DISTRICT SUPERVISOR,,,JEFF  McELFRESH,243
Wood,PRECINCT 27,FOR CONSERVATION DISTRICT SUPERVISOR,,,JEFF  McELFRESH,73
Wood,PRECINCT 29,FOR CONSERVATION DISTRICT SUPERVISOR,,,JEFF  McELFRESH,203
Wood,PRECINCT 32,FOR CONSERVATION DISTRICT SUPERVISOR,,,JEFF  McELFRESH,161
Wood,PRECINCT 33,FOR CONSERVATION DISTRICT SUPERVISOR,,,JEFF  McELFRESH,44
Wood,PRECINCT 34A,FOR CONSERVATION DISTRICT SUPERVISOR,,,JEFF  McELFRESH,246
Wood,PRECINCT 35,FOR CONSERVATION DISTRICT SUPERVISOR,,,JEFF  McELFRESH,193
Wood,PRECINCT 36,FOR CONSERVATION DISTRICT SUPERVISOR,,,JEFF  McELFRESH,122
Wood,PRECINCT 36B,FOR CONSERVATION DISTRICT SUPERVISOR,,,JEFF  McELFRESH,194
Wood,PRECINCT 37,FOR CONSERVATION DISTRICT SUPERVISOR,,,JEFF  McELFRESH,249
Wood,PRECINCT 37A,FOR CONSERVATION DISTRICT SUPERVISOR,,,JEFF  McELFRESH,240
Wood,PRECINCT 38,FOR CONSERVATION DISTRICT SUPERVISOR,,,JEFF  McELFRESH,31
Wood,PRECINCT 39,FOR CONSERVATION DISTRICT SUPERVISOR,,,JEFF  McELFRESH,81
Wood,PRECINCT 40,FOR CONSERVATION DISTRICT SUPERVISOR,,,JEFF  McELFRESH,82
Wood,PRECINCT 40A,FOR CONSERVATION DISTRICT SUPERVISOR,,,JEFF  McELFRESH,143
Wood,PRECINCT 41,FOR CONSERVATION DISTRICT SUPERVISOR,,,JEFF  McELFRESH,177
Wood,PRECINCT 42A,FOR CONSERVATION DISTRICT SUPERVISOR,,,JEFF  McELFRESH,249
Wood,PRECINCT 43A,FOR CONSERVATION DISTRICT SUPERVISOR,,,JEFF  McELFRESH,243
Wood,PRECINCT 45,FOR CONSERVATION DISTRICT SUPERVISOR,,,JEFF  McELFRESH,182
Wood,PRECINCT 45A,FOR CONSERVATION DISTRICT SUPERVISOR,,,JEFF  McELFRESH,239
Wood,PRECINCT 46,FOR CONSERVATION DISTRICT SUPERVISOR,,,JEFF  McELFRESH,299
Wood,PRECINCT 46B,FOR CONSERVATION DISTRICT SUPERVISOR,,,JEFF  McELFRESH,310
Wood,PRECINCT 47,FOR CONSERVATION DISTRICT SUPERVISOR,,,JEFF  McELFRESH,81
Wood,PRECINCT 48,FOR CONSERVATION DISTRICT SUPERVISOR,,,JEFF  McELFRESH,308
Wood,PRECINCT 49,FOR CONSERVATION DISTRICT SUPERVISOR,,,JEFF  McELFRESH,161
Wood,PRECINCT 49A,FOR CONSERVATION DISTRICT SUPERVISOR,,,JEFF  McELFRESH,153
Wood,PRECINCT 50,FOR CONSERVATION DISTRICT SUPERVISOR,,,JEFF  McELFRESH,105
Wood,PRECINCT 51,FOR CONSERVATION DISTRICT SUPERVISOR,,,JEFF  McELFRESH,285
Wood,PRECINCT 52,FOR CONSERVATION DISTRICT SUPERVISOR,,,JEFF  McELFRESH,312
Wood,PRECINCT 53,FOR CONSERVATION DISTRICT SUPERVISOR,,,JEFF  McELFRESH,164
Wood,PRECINCT 53A,FOR CONSERVATION DISTRICT SUPERVISOR,,,JEFF  McELFRESH,153
Wood,PRECINCT 54,FOR CONSERVATION DISTRICT SUPERVISOR,,,JEFF  McELFRESH,125
Wood,PRECINCT 54A,FOR CONSERVATION DISTRICT SUPERVISOR,,,JEFF  McELFRESH,138
Wood,PRECINCT 56,FOR CONSERVATION DISTRICT SUPERVISOR,,,JEFF  McELFRESH,100
Wood,PRECINCT 56A,FOR CONSERVATION DISTRICT SUPERVISOR,,,JEFF  McELFRESH,169
Wood,PRECINCT 57,FOR CONSERVATION DISTRICT SUPERVISOR,,,JEFF  McELFRESH,144
Wood,PRECINCT 57A,FOR CONSERVATION DISTRICT SUPERVISOR,,,JEFF  McELFRESH,138
Wood,PRECINCT 58,FOR CONSERVATION DISTRICT SUPERVISOR,,,JEFF  McELFRESH,279
Wood,PRECINCT 60,FOR CONSERVATION DISTRICT SUPERVISOR,,,JEFF  McELFRESH,119
Wood,PRECINCT 61,FOR CONSERVATION DISTRICT SUPERVISOR,,,JEFF  McELFRESH,123
Wood,PRECINCT 62,FOR CONSERVATION DISTRICT SUPERVISOR,,,JEFF  McELFRESH,252
Wood,PRECINCT 63,FOR CONSERVATION DISTRICT SUPERVISOR,,,JEFF  McELFRESH,84
Wood,PRECINCT 63A,FOR CONSERVATION DISTRICT SUPERVISOR,,,JEFF  McELFRESH,168
Wood,PRECINCT 63B,FOR CONSERVATION DISTRICT SUPERVISOR,,,JEFF  McELFRESH,143
Wood,PRECINCT 64,FOR CONSERVATION DISTRICT SUPERVISOR,,,JEFF  McELFRESH,199
Wood,PRECINCT 67,FOR CONSERVATION DISTRICT SUPERVISOR,,,JEFF  McELFRESH,315
Wood,PRECINCT 67A,FOR CONSERVATION DISTRICT SUPERVISOR,,,JEFF  McELFRESH,303
Wood,PRECINCT 69,FOR CONSERVATION DISTRICT SUPERVISOR,,,JEFF  McELFRESH,136
Wood,PRECINCT 71,FOR CONSERVATION DISTRICT SUPERVISOR,,,JEFF  McELFRESH,60
Wood,PRECINCT 74,FOR CONSERVATION DISTRICT SUPERVISOR,,,JEFF  McELFRESH,171
Wood,PRECINCT 74B,FOR CONSERVATION DISTRICT SUPERVISOR,,,JEFF  McELFRESH,215
Wood,PRECINCT 74C,FOR CONSERVATION DISTRICT SUPERVISOR,,,JEFF  McELFRESH,183
Wood,PRECINCT 74U,FOR CONSERVATION DISTRICT SUPERVISOR,,,JEFF  McELFRESH,37
Wood,PRECINCT 75,FOR CONSERVATION DISTRICT SUPERVISOR,,,JEFF  McELFRESH,144
Wood,PRECINCT 77,FOR CONSERVATION DISTRICT SUPERVISOR,,,JEFF  McELFRESH,194
Wood,PRECINCT 78,FOR CONSERVATION DISTRICT SUPERVISOR,,,JEFF  McELFRESH,111
Wood,PRECINCT 78A,FOR CONSERVATION DISTRICT SUPERVISOR,,,JEFF  McELFRESH,249
Wood,PRECINCT 79,FOR CONSERVATION DISTRICT SUPERVISOR,,,JEFF  McELFRESH,206
Wood,PRECINCT 81,FOR CONSERVATION DISTRICT SUPERVISOR,,,JEFF  McELFRESH,116
Wood,PRECINCT 82,FOR CONSERVATION DISTRICT SUPERVISOR,,,JEFF  McELFRESH,211
Wood,PRECINCT 85,FOR CONSERVATION DISTRICT SUPERVISOR,,,JEFF  McELFRESH,182
Wood,PRECINCT 86,FOR CONSERVATION DISTRICT SUPERVISOR,,,JEFF  McELFRESH,217
Wood,PRECINCT 87,FOR CONSERVATION DISTRICT SUPERVISOR,,,JEFF  McELFRESH,162
Wood,PRECINCT 88,FOR CONSERVATION DISTRICT SUPERVISOR,,,JEFF  McELFRESH,183
Wood,PRECINCT 89,FOR CONSERVATION DISTRICT SUPERVISOR,,,JEFF  McELFRESH,239
Wood,PRECINCT 8,REP MAYOR PARKERSBURG,,REP,TOM JOYCE,55
Wood,PRECINCT 10,REP MAYOR PARKERSBURG,,REP,TOM JOYCE,55
Wood,PRECINCT 13,REP MAYOR PARKERSBURG,,REP,TOM JOYCE,36
Wood,PRECINCT 16,REP MAYOR PARKERSBURG,,REP,TOM JOYCE,43
Wood,PRECINCT 19,REP MAYOR PARKERSBURG,,REP,TOM JOYCE,175
Wood,PRECINCT 27,REP MAYOR PARKERSBURG,,REP,TOM JOYCE,46
Wood,PRECINCT 29,REP MAYOR PARKERSBURG,,REP,TOM JOYCE,133
Wood,PRECINCT 32,REP MAYOR PARKERSBURG,,REP,TOM JOYCE,96
Wood,PRECINCT 33,REP MAYOR PARKERSBURG,,REP,TOM JOYCE,23
Wood,PRECINCT 34A,REP MAYOR PARKERSBURG,,REP,TOM JOYCE,185
Wood,PRECINCT 35,REP MAYOR PARKERSBURG,,REP,TOM JOYCE,133
Wood,PRECINCT 36,REP MAYOR PARKERSBURG,,REP,TOM JOYCE,78
Wood,PRECINCT 36B,REP MAYOR PARKERSBURG,,REP,TOM JOYCE,145
Wood,PRECINCT 37,REP MAYOR PARKERSBURG,,REP,TOM JOYCE,194
Wood,PRECINCT 37A,REP MAYOR PARKERSBURG,,REP,TOM JOYCE,171
Wood,PRECINCT 69,REP MAYOR PARKERSBURG,,REP,TOM JOYCE,122
Wood,PRECINCT 71,REP MAYOR PARKERSBURG,,REP,TOM JOYCE,27
Wood,PRECINCT 74,REP MAYOR PARKERSBURG,,REP,TOM JOYCE,129
Wood,PRECINCT 74B,REP MAYOR PARKERSBURG,,REP,TOM JOYCE,168
Wood,PRECINCT 74C,REP MAYOR PARKERSBURG,,REP,TOM JOYCE,136
Wood,PRECINCT 75,REP MAYOR PARKERSBURG,,REP,TOM JOYCE,88
Wood,PRECINCT 77,REP MAYOR PARKERSBURG,,REP,TOM JOYCE,141
Wood,PRECINCT 8,DEM MAYOR PARKERSBURG,,DEM,SHERRY DUGAN,33
Wood,PRECINCT 10,DEM MAYOR PARKERSBURG,,DEM,SHERRY DUGAN,43
Wood,PRECINCT 13,DEM MAYOR PARKERSBURG,,DEM,SHERRY DUGAN,30
Wood,PRECINCT 16,DEM MAYOR PARKERSBURG,,DEM,SHERRY DUGAN,39
Wood,PRECINCT 19,DEM MAYOR PARKERSBURG,,DEM,SHERRY DUGAN,71
Wood,PRECINCT 27,DEM MAYOR PARKERSBURG,,DEM,SHERRY DUGAN,19
Wood,PRECINCT 29,DEM MAYOR PARKERSBURG,,DEM,SHERRY DUGAN,74
Wood,PRECINCT 32,DEM MAYOR PARKERSBURG,,DEM,SHERRY DUGAN,65
Wood,PRECINCT 33,DEM MAYOR PARKERSBURG,,DEM,SHERRY DUGAN,18
Wood,PRECINCT 34A,DEM MAYOR PARKERSBURG,,DEM,SHERRY DUGAN,84
Wood,PRECINCT 35,DEM MAYOR PARKERSBURG,,DEM,SHERRY DUGAN,59
Wood,PRECINCT 36,DEM MAYOR PARKERSBURG,,DEM,SHERRY DUGAN,39
Wood,PRECINCT 36B,DEM MAYOR PARKERSBURG,,DEM,SHERRY DUGAN,55
Wood,PRECINCT 37,DEM MAYOR PARKERSBURG,,DEM,SHERRY DUGAN,69
Wood,PRECINCT 37A,DEM MAYOR PARKERSBURG,,DEM,SHERRY DUGAN,86
Wood,PRECINCT 69,DEM MAYOR PARKERSBURG,,DEM,SHERRY DUGAN,32
Wood,PRECINCT 71,DEM MAYOR PARKERSBURG,,DEM,SHERRY DUGAN,14
Wood,PRECINCT 74,DEM MAYOR PARKERSBURG,,DEM,SHERRY DUGAN,41
Wood,PRECINCT 74B,DEM MAYOR PARKERSBURG,,DEM,SHERRY DUGAN,52
Wood,PRECINCT 74C,DEM MAYOR PARKERSBURG,,DEM,SHERRY DUGAN,48
Wood,PRECINCT 75,DEM MAYOR PARKERSBURG,,DEM,SHERRY DUGAN,38
Wood,PRECINCT 77,DEM MAYOR PARKERSBURG,,DEM,SHERRY DUGAN,50
Wood,PRECINCT 8,MTN MAYOR PARKERSBURG,,MTN,NO CANDIDATE FILED,0
Wood,PRECINCT 10,MTN MAYOR PARKERSBURG,,MTN,NO CANDIDATE FILED,0
Wood,PRECINCT 13,MTN MAYOR PARKERSBURG,,MTN,NO CANDIDATE FILED,0
Wood,PRECINCT 16,MTN MAYOR PARKERSBURG,,MTN,NO CANDIDATE FILED,0
Wood,PRECINCT 19,MTN MAYOR PARKERSBURG,,MTN,NO CANDIDATE FILED,0
Wood,PRECINCT 27,MTN MAYOR PARKERSBURG,,MTN,NO CANDIDATE FILED,0
Wood,PRECINCT 29,MTN MAYOR PARKERSBURG,,MTN,NO CANDIDATE FILED,0
Wood,PRECINCT 32,MTN MAYOR PARKERSBURG,,MTN,NO CANDIDATE FILED,0
Wood,PRECINCT 33,MTN MAYOR PARKERSBURG,,MTN,NO CANDIDATE FILED,0
Wood,PRECINCT 34A,MTN MAYOR PARKERSBURG,,MTN,NO CANDIDATE FILED,0
Wood,PRECINCT 35,MTN MAYOR PARKERSBURG,,MTN,NO CANDIDATE FILED,0
Wood,PRECINCT 36,MTN MAYOR PARKERSBURG,,MTN,NO CANDIDATE FILED,0
Wood,PRECINCT 36B,MTN MAYOR PARKERSBURG,,MTN,NO CANDIDATE FILED,0
Wood,PRECINCT 37,MTN MAYOR PARKERSBURG,,MTN,NO CANDIDATE FILED,0
Wood,PRECINCT 37A,MTN MAYOR PARKERSBURG,,MTN,NO CANDIDATE FILED,0
Wood,PRECINCT 69,MTN MAYOR PARKERSBURG,,MTN,NO CANDIDATE FILED,0
Wood,PRECINCT 71,MTN MAYOR PARKERSBURG,,MTN,NO CANDIDATE FILED,0
Wood,PRECINCT 74,MTN MAYOR PARKERSBURG,,MTN,NO CANDIDATE FILED,0
Wood,PRECINCT 74B,MTN MAYOR PARKERSBURG,,MTN,NO CANDIDATE FILED,0
Wood,PRECINCT 74C,MTN MAYOR PARKERSBURG,,MTN,NO CANDIDATE FILED,0
Wood,PRECINCT 75,MTN MAYOR PARKERSBURG,,MTN,NO CANDIDATE FILED,0
Wood,PRECINCT 77,MTN MAYOR PARKERSBURG,,MTN,NO CANDIDATE FILED,0
Wood,PRECINCT 75,REP CITY COUNCIL DIST 1,,REP,DAVE McCRADY,91
Wood,PRECINCT 77,REP CITY COUNCIL DIST 1,,REP,DAVE McCRADY,144
Wood,PRECINCT 75,DEM CITY COUNCIL DIST 1,,DEM,NANCY M. WILCOX,38
Wood,PRECINCT 77,DEM CITY COUNCIL DIST 1,,DEM,NANCY M. WILCOX,41
Wood,PRECINCT 75,DEM CITY COUNCIL DIST 1,,DEM,SAM HENRY,16
Wood,PRECINCT 77,DEM CITY COUNCIL DIST 1,,DEM,SAM HENRY,19
Wood,PRECINCT 75,MTN CITY COUNCIL DIST 1,,MTN,NO CANDIDATE FILED,0
Wood,PRECINCT 77,MTN CITY COUNCIL DIST 1,,MTN,NO CANDIDATE FILED,0
Wood,PRECINCT 74,REP CITY COUNCIL DIST 2,,REP,SHARON A. KUHL,82
Wood,PRECINCT 74C,REP CITY COUNCIL DIST 2,,REP,SHARON A. KUHL,98
Wood,PRECINCT 74,REP CITY COUNCIL DIST 2,,REP,MICHAEL HESS,70
Wood,PRECINCT 74C,REP CITY COUNCIL DIST 2,,REP,MICHAEL HESS,67
Wood,PRECINCT 74,DEM CITY COUNCIL DIST 2,,DEM,SUE ELLEN WAYBRIGHT,36
Wood,PRECINCT 74C,DEM CITY COUNCIL DIST 2,,DEM,SUE ELLEN WAYBRIGHT,47
Wood,PRECINCT 74,MTN CITY COUNCIL DIST 2,,MTN,NO CANDIDATE FILED,0
Wood,PRECINCT 74C,MTN CITY COUNCIL DIST 2,,MTN,NO CANDIDATE FILED,0
Wood,PRECINCT 69,REP CITY COUNCIL DIST 3,,REP,JAMES 'JJ' HENDERSHOT,54
Wood,PRECINCT 74B,REP CITY COUNCIL DIST 3,,REP,JAMES 'JJ' HENDERSHOT,65
Wood,PRECINCT 69,REP CITY COUNCIL DIST 3,,REP,ROGER E. BROWN,78
Wood,PRECINCT 74B,REP CITY COUNCIL DIST 3,,REP,ROGER E. BROWN,125
Wood,PRECINCT 69,DEM CITY COUNCIL DIST 3,,DEM,NO CANDIDATE FILED,0
Wood,PRECINCT 74B,DEM CITY COUNCIL DIST 3,,DEM,NO CANDIDATE FILED,0
Wood,PRECINCT 69,MTN CITY COUNCIL DIST 3,,MTN,NO CANDIDATE FILED,0
Wood,PRECINCT 74B,MTN CITY COUNCIL DIST 3,,MTN,NO CANDIDATE FILED,0
Wood,PRECINCT 10,REP CITY COUNCIL DIST 4,,REP,NIKKI LAWSON,17
Wood,PRECINCT 13,REP CITY COUNCIL DIST 4,,REP,NIKKI LAWSON,22
Wood,PRECINCT 71,REP CITY COUNCIL DIST 4,,REP,NIKKI LAWSON,7
Wood,PRECINCT 10,REP CITY COUNCIL DIST 4,,REP,PATRICK McCORMICK,46
Wood,PRECINCT 13,REP CITY COUNCIL DIST 4,,REP,PATRICK McCORMICK,20
Wood,PRECINCT 71,REP CITY COUNCIL DIST 4,,REP,PATRICK McCORMICK,23
Wood,PRECINCT 10,DEM CITY COUNCIL DIST 4,,DEM,DAVID ATKINSON,14
Wood,PRECINCT 13,DEM CITY COUNCIL DIST 4,,DEM,DAVID ATKINSON,13
Wood,PRECINCT 71,DEM CITY COUNCIL DIST 4,,DEM,DAVID ATKINSON,6
Wood,PRECINCT 10,DEM CITY COUNCIL DIST 4,,DEM,WENDY TUCK,39
Wood,PRECINCT 13,DEM CITY COUNCIL DIST 4,,DEM,WENDY TUCK,27
Wood,PRECINCT 71,DEM CITY COUNCIL DIST 4,,DEM,WENDY TUCK,12
Wood,PRECINCT 10,MTN CITY COUNCIL DIST 4,,MTN,NO CANDIDATE FILED,0
Wood,PRECINCT 13,MTN CITY COUNCIL DIST 4,,MTN,NO CANDIDATE FILED,0
Wood,PRECINCT 71,MTN CITY COUNCIL DIST 4,,MTN,NO CANDIDATE FILED,0
Wood,PRECINCT 8,REP CITY COUNCIL DIST 5,,REP,DELL POMEROY,52
Wood,PRECINCT 16,REP CITY COUNCIL DIST 5,,REP,DELL POMEROY,40
Wood,PRECINCT 33,REP CITY COUNCIL DIST 5,,REP,DELL POMEROY,20
Wood,PRECINCT 8,DEM CITY COUNCIL DIST 5,,DEM,J.R. CARPENTER,39
Wood,PRECINCT 16,DEM CITY COUNCIL DIST 5,,DEM,J.R. CARPENTER,41
Wood,PRECINCT 33,DEM CITY COUNCIL DIST 5,,DEM,J.R. CARPENTER,20
Wood,PRECINCT 8,MTN CITY COUNCIL DIST 5,,MTN,NO CANDIDATE FILED,0
Wood,PRECINCT 16,MTN CITY COUNCIL DIST 5,,MTN,NO CANDIDATE FILED,0
Wood,PRECINCT 33,MTN CITY COUNCIL DIST 5,,MTN,NO CANDIDATE FILED,0
Wood,PRECINCT 19,REP CITY COUNCIL DIST 6,,REP,ARTHUR JOHN DUNN,26
Wood,PRECINCT 29,REP CITY COUNCIL DIST 6,,REP,ARTHUR JOHN DUNN,22
Wood,PRECINCT 19,REP CITY COUNCIL DIST 6,,REP,CATHY WHITLATCH,111
Wood,PRECINCT 29,REP CITY COUNCIL DIST 6,,REP,CATHY WHITLATCH,51
Wood,PRECINCT 19,REP CITY COUNCIL DIST 6,,REP,MIKE  REYNOLDS,90
Wood,PRECINCT 29,REP CITY COUNCIL DIST 6,,REP,MIKE  REYNOLDS,85
Wood,PRECINCT 19,DEM CITY COUNCIL DIST 6,,DEM,BRENDA BRUM,78
Wood,PRECINCT 29,DEM CITY COUNCIL DIST 6,,DEM,BRENDA BRUM,76
Wood,PRECINCT 19,MTN CITY COUNCIL DIST 6,,MTN,NO CANDIDATE FILED,0
Wood,PRECINCT 29,MTN CITY COUNCIL DIST 6,,MTN,NO CANDIDATE FILED,0
Wood,PRECINCT 27,REP CITY COUNCIL DIST 7,,REP,CHRIS REXROAD,48
Wood,PRECINCT 37,REP CITY COUNCIL DIST 7,,REP,CHRIS REXROAD,176
Wood,PRECINCT 37A,REP CITY COUNCIL DIST 7,,REP,CHRIS REXROAD,163
Wood,PRECINCT 27,DEM CITY COUNCIL DIST 7,,DEM,SONYA ASHBY,18
Wood,PRECINCT 37,DEM CITY COUNCIL DIST 7,,DEM,SONYA ASHBY,62
Wood,PRECINCT 37A,DEM CITY COUNCIL DIST 7,,DEM,SONYA ASHBY,74
Wood,PRECINCT 27,MTN CITY COUNCIL DIST 7,,MTN,NO CANDIDATE FILED,0
Wood,PRECINCT 37,MTN CITY COUNCIL DIST 7,,MTN,NO CANDIDATE FILED,0
Wood,PRECINCT 37A,MTN CITY COUNCIL DIST 7,,MTN,NO CANDIDATE FILED,0
Wood,PRECINCT 32,REP CITY COUNCIL DIST 8,,REP,SHARON MALONEY,51
Wood,PRECINCT 34A,REP CITY COUNCIL DIST 8,,REP,SHARON MALONEY,61
Wood,PRECINCT 32,REP CITY COUNCIL DIST 8,,REP,ANDREW BORKOWSKI,75
Wood,PRECINCT 34A,REP CITY COUNCIL DIST 8,,REP,ANDREW BORKOWSKI,164
Wood,PRECINCT 32,DEM CITY COUNCIL DIST 8,,DEM,TRISH PRITCHARD,68
Wood,PRECINCT 34A,DEM CITY COUNCIL DIST 8,,DEM,TRISH PRITCHARD,86
Wood,PRECINCT 32,MTN CITY COUNCIL DIST 8,,MTN,NO CANDIDATE FILED,0
Wood,PRECINCT 34A,MTN CITY COUNCIL DIST 8,,MTN,NO CANDIDATE FILED,0
Wood,PRECINCT 35,REP CITY COUNCIL DIST 9,,REP,A. PRINCE,35
Wood,PRECINCT 36,REP CITY COUNCIL DIST 9,,REP,A. PRINCE,33
Wood,PRECINCT 36B,REP CITY COUNCIL DIST 9,,REP,A. PRINCE,49
Wood,PRECINCT 35,REP CITY COUNCIL DIST 9,,REP,CATHY DAILEY,118
Wood,PRECINCT 36,REP CITY COUNCIL DIST 9,,REP,CATHY DAILEY,51
Wood,PRECINCT 36B,REP CITY COUNCIL DIST 9,,REP,CATHY DAILEY,112
Wood,PRECINCT 35,DEM CITY COUNCIL DIST 9,,DEM,JEFF FOX,70
Wood,PRECINCT 36,DEM CITY COUNCIL DIST 9,,DEM,JEFF FOX,54
Wood,PRECINCT 36B,DEM CITY COUNCIL DIST 9,,DEM,JEFF FOX,71
Wood,PRECINCT 35,MTN CITY COUNCIL DIST 9,,MTN,NO CANDIDATE FILED,0
Wood,PRECINCT 36,MTN CITY COUNCIL DIST 9,,MTN,NO CANDIDATE FILED,0
Wood,PRECINCT 36B,MTN CITY COUNCIL DIST 9,,MTN,NO CANDIDATE FILED,0
Wood,PRECINCT 51,MAYOR WILLIAMSTOWN,,,PAUL  JORDAN,280
Wood,PRECINCT 52,MAYOR WILLIAMSTOWN,,,PAUL  JORDAN,267
Wood,PRECINCT 51,MAYOR WILLIAMSTOWN,,,JIM STAGE,99
Wood,PRECINCT 52,MAYOR WILLIAMSTOWN,,,JIM STAGE,175
Wood,PRECINCT 51,COUNCILMEN WILLIAMSTOWN,,,MARSHA (MARTIN) HOUSTON,224
Wood,PRECINCT 52,COUNCILMEN WILLIAMSTOWN,,,MARSHA (MARTIN) HOUSTON,268
Wood,PRECINCT 51,COUNCILMEN WILLIAMSTOWN,,,SHANE KING,299
Wood,PRECINCT 52,COUNCILMEN WILLIAMSTOWN,,,SHANE KING,363
Wood,PRECINCT 8,LEVY PARKERSBURG,,,Yes,119
Wood,PRECINCT 10,LEVY PARKERSBURG,,,Yes,94
Wood,PRECINCT 13,LEVY PARKERSBURG,,,Yes,70
Wood,PRECINCT 16,LEVY PARKERSBURG,,,Yes,92
Wood,PRECINCT 19,LEVY PARKERSBURG,,,Yes,276
Wood,PRECINCT 27,LEVY PARKERSBURG,,,Yes,75
Wood,PRECINCT 29,LEVY PARKERSBURG,,,Yes,220
Wood,PRECINCT 32,LEVY PARKERSBURG,,,Yes,180
Wood,PRECINCT 33,LEVY PARKERSBURG,,,Yes,43
Wood,PRECINCT 34A,LEVY PARKERSBURG,,,Yes,294
Wood,PRECINCT 35,LEVY PARKERSBURG,,,Yes,211
Wood,PRECINCT 36,LEVY PARKERSBURG,,,Yes,134
Wood,PRECINCT 36B,LEVY PARKERSBURG,,,Yes,219
Wood,PRECINCT 37,LEVY PARKERSBURG,,,Yes,267
Wood,PRECINCT 37A,LEVY PARKERSBURG,,,Yes,259
Wood,PRECINCT 69,LEVY PARKERSBURG,,,Yes,135
Wood,PRECINCT 71,LEVY PARKERSBURG,,,Yes,42
Wood,PRECINCT 74,LEVY PARKERSBURG,,,Yes,165
Wood,PRECINCT 74B,LEVY PARKERSBURG,,,Yes,208
Wood,PRECINCT 74C,LEVY PARKERSBURG,,,Yes,192
Wood,PRECINCT 75,LEVY PARKERSBURG,,,Yes,141
Wood,PRECINCT 77,LEVY PARKERSBURG,,,Yes,181
Wood,PRECINCT 8,LEVY PARKERSBURG,,,No,14
Wood,PRECINCT 10,LEVY PARKERSBURG,,,No,31
Wood,PRECINCT 13,LEVY PARKERSBURG,,,No,21
Wood,PRECINCT 16,LEVY PARKERSBURG,,,No,19
Wood,PRECINCT 19,LEVY PARKERSBURG,,,No,61
Wood,PRECINCT 27,LEVY PARKERSBURG,,,No,21
Wood,PRECINCT 29,LEVY PARKERSBURG,,,No,50
Wood,PRECINCT 32,LEVY PARKERSBURG,,,No,47
Wood,PRECINCT 33,LEVY PARKERSBURG,,,No,7
Wood,PRECINCT 34A,LEVY PARKERSBURG,,,No,50
Wood,PRECINCT 35,LEVY PARKERSBURG,,,No,45
Wood,PRECINCT 36,LEVY PARKERSBURG,,,No,31
Wood,PRECINCT 36B,LEVY PARKERSBURG,,,No,58
Wood,PRECINCT 37,LEVY PARKERSBURG,,,No,82
Wood,PRECINCT 37A,LEVY PARKERSBURG,,,No,69
Wood,PRECINCT 69,LEVY PARKERSBURG,,,No,44
Wood,PRECINCT 71,LEVY PARKERSBURG,,,No,12
Wood,PRECINCT 74,LEVY PARKERSBURG,,,No,52
Wood,PRECINCT 74B,LEVY PARKERSBURG,,,No,70
Wood,PRECINCT 74C,LEVY PARKERSBURG,,,No,41
Wood,PRECINCT 75,LEVY PARKERSBURG,,,No,37
Wood,PRECINCT 77,LEVY PARKERSBURG,,,No,66
Wood,PRECINCT 41,LEVY VIENNA,,,Yes,186
Wood,PRECINCT 42A,LEVY VIENNA,,,Yes,277
Wood,PRECINCT 43A,LEVY VIENNA,,,Yes,294
Wood,PRECINCT 45,LEVY VIENNA,,,Yes,207
Wood,PRECINCT 45A,LEVY VIENNA,,,Yes,281
Wood,PRECINCT 46,LEVY VIENNA,,,Yes,374
Wood,PRECINCT 46B,LEVY VIENNA,,,Yes,356
Wood,PRECINCT 41,LEVY VIENNA,,,No,37
Wood,PRECINCT 42A,LEVY VIENNA,,,No,59
Wood,PRECINCT 43A,LEVY VIENNA,,,No,51
Wood,PRECINCT 45,LEVY VIENNA,,,No,40
Wood,PRECINCT 45A,LEVY VIENNA,,,No,43
Wood,PRECINCT 46,LEVY VIENNA,,,No,81
Wood,PRECINCT 46B,LEVY VIENNA,,,No,72
