county,precinct,office,district,party,candidate,votes
Cabell,PRECINCT 1,President,,REP,DONALD J. TRUMP,223
Cabell,PRECINCT 2,President,,REP,DONALD J. TRUMP,203
Cabell,PRECINCT 3,President,,REP,DONALD J. TRUMP,183
Cabell,PRECINCT 4,President,,REP,DONALD J. TRUMP,315
Cabell,PRECINCT 5,President,,REP,DONALD J. TRUMP,280
Cabell,PRECINCT 6,President,,REP,DONALD J. TRUMP,240
Cabell,PRECINCT 7,President,,REP,DONALD J. TRUMP,141
Cabell,PRECINCT 8,President,,REP,DONALD J. TRUMP,165
Cabell,PRECINCT 9,President,,REP,DONALD J. TRUMP,144
Cabell,PRECINCT 10,President,,REP,DONALD J. TRUMP,91
Cabell,PRECINCT 11,President,,REP,DONALD J. TRUMP,112
Cabell,PRECINCT 12,President,,REP,DONALD J. TRUMP,81
Cabell,PRECINCT 13,President,,REP,DONALD J. TRUMP,182
Cabell,PRECINCT 14,President,,REP,DONALD J. TRUMP,367
Cabell,PRECINCT 15,President,,REP,DONALD J. TRUMP,3
Cabell,PRECINCT 16,President,,REP,DONALD J. TRUMP,45
Cabell,PRECINCT 17,President,,REP,DONALD J. TRUMP,77
Cabell,PRECINCT 18,President,,REP,DONALD J. TRUMP,142
Cabell,PRECINCT 19,President,,REP,DONALD J. TRUMP,127
Cabell,PRECINCT 20,President,,REP,DONALD J. TRUMP,94
Cabell,PRECINCT 21,President,,REP,DONALD J. TRUMP,77
Cabell,PRECINCT 22,President,,REP,DONALD J. TRUMP,452
Cabell,PRECINCT 23,President,,REP,DONALD J. TRUMP,251
Cabell,PRECINCT 24,President,,REP,DONALD J. TRUMP,77
Cabell,PRECINCT 25,President,,REP,DONALD J. TRUMP,186
Cabell,PRECINCT 26,President,,REP,DONALD J. TRUMP,219
Cabell,PRECINCT 27,President,,REP,DONALD J. TRUMP,158
Cabell,PRECINCT 28,President,,REP,DONALD J. TRUMP,49
Cabell,PRECINCT 29,President,,REP,DONALD J. TRUMP,264
Cabell,PRECINCT 30,President,,REP,DONALD J. TRUMP,309
Cabell,PRECINCT 31,President,,REP,DONALD J. TRUMP,264
Cabell,PRECINCT 32,President,,REP,DONALD J. TRUMP,218
Cabell,PRECINCT 33,President,,REP,DONALD J. TRUMP,131
Cabell,PRECINCT 34,President,,REP,DONALD J. TRUMP,303
Cabell,PRECINCT 35,President,,REP,DONALD J. TRUMP,498
Cabell,PRECINCT 36,President,,REP,DONALD J. TRUMP,43
Cabell,PRECINCT 37,President,,REP,DONALD J. TRUMP,286
Cabell,PRECINCT 38,President,,REP,DONALD J. TRUMP,159
Cabell,PRECINCT 39,President,,REP,DONALD J. TRUMP,385
Cabell,PRECINCT 40,President,,REP,DONALD J. TRUMP,251
Cabell,PRECINCT 41,President,,REP,DONALD J. TRUMP,615
Cabell,PRECINCT 42,President,,REP,DONALD J. TRUMP,431
Cabell,PRECINCT 43,President,,REP,DONALD J. TRUMP,365
Cabell,PRECINCT 44,President,,REP,DONALD J. TRUMP,227
Cabell,PRECINCT 45,President,,REP,DONALD J. TRUMP,389
Cabell,PRECINCT 46,President,,REP,DONALD J. TRUMP,649
Cabell,PRECINCT 47,President,,REP,DONALD J. TRUMP,381
Cabell,PRECINCT 48,President,,REP,DONALD J. TRUMP,599
Cabell,PRECINCT 49,President,,REP,DONALD J. TRUMP,761
Cabell,PRECINCT 50,President,,REP,DONALD J. TRUMP,750
Cabell,PRECINCT 51,President,,REP,DONALD J. TRUMP,474
Cabell,PRECINCT 52,President,,REP,DONALD J. TRUMP,413
Cabell,PRECINCT 53,President,,REP,DONALD J. TRUMP,614
Cabell,PRECINCT 54,President,,REP,DONALD J. TRUMP,266
Cabell,PRECINCT 55,President,,REP,DONALD J. TRUMP,468
Cabell,PRECINCT 56,President,,REP,DONALD J. TRUMP,302
Cabell,PRECINCT 57,President,,REP,DONALD J. TRUMP,631
Cabell,PRECINCT 58,President,,REP,DONALD J. TRUMP,418
Cabell,PRECINCT 59,President,,REP,DONALD J. TRUMP,817
Cabell,PRECINCT 60,President,,REP,DONALD J. TRUMP,536
Cabell,PRECINCT 61,President,,REP,DONALD J. TRUMP,747
Cabell,PRECINCT 62,President,,REP,DONALD J. TRUMP,607
Cabell,PRECINCT 63,President,,REP,DONALD J. TRUMP,463
Cabell,PRECINCT 64,President,,REP,DONALD J. TRUMP,330
Cabell,PRECINCT 65,President,,REP,DONALD J. TRUMP,511
Cabell,PRECINCT 66,President,,REP,DONALD J. TRUMP,55
Cabell,PRECINCT 67,President,,REP,DONALD J. TRUMP,424
Cabell,PRECINCT 68,President,,REP,DONALD J. TRUMP,191
Cabell,PRECINCT 1,President,,DEM,KAMALA D. HARRIS,138
Cabell,PRECINCT 2,President,,DEM,KAMALA D. HARRIS,183
Cabell,PRECINCT 3,President,,DEM,KAMALA D. HARRIS,155
Cabell,PRECINCT 4,President,,DEM,KAMALA D. HARRIS,157
Cabell,PRECINCT 5,President,,DEM,KAMALA D. HARRIS,446
Cabell,PRECINCT 6,President,,DEM,KAMALA D. HARRIS,360
Cabell,PRECINCT 7,President,,DEM,KAMALA D. HARRIS,139
Cabell,PRECINCT 8,President,,DEM,KAMALA D. HARRIS,124
Cabell,PRECINCT 9,President,,DEM,KAMALA D. HARRIS,197
Cabell,PRECINCT 10,President,,DEM,KAMALA D. HARRIS,233
Cabell,PRECINCT 11,President,,DEM,KAMALA D. HARRIS,228
Cabell,PRECINCT 12,President,,DEM,KAMALA D. HARRIS,278
Cabell,PRECINCT 13,President,,DEM,KAMALA D. HARRIS,387
Cabell,PRECINCT 14,President,,DEM,KAMALA D. HARRIS,445
Cabell,PRECINCT 15,President,,DEM,KAMALA D. HARRIS,3
Cabell,PRECINCT 16,President,,DEM,KAMALA D. HARRIS,271
Cabell,PRECINCT 17,President,,DEM,KAMALA D. HARRIS,185
Cabell,PRECINCT 18,President,,DEM,KAMALA D. HARRIS,318
Cabell,PRECINCT 19,President,,DEM,KAMALA D. HARRIS,220
Cabell,PRECINCT 20,President,,DEM,KAMALA D. HARRIS,90
Cabell,PRECINCT 21,President,,DEM,KAMALA D. HARRIS,111
Cabell,PRECINCT 22,President,,DEM,KAMALA D. HARRIS,566
Cabell,PRECINCT 23,President,,DEM,KAMALA D. HARRIS,232
Cabell,PRECINCT 24,President,,DEM,KAMALA D. HARRIS,111
Cabell,PRECINCT 25,President,,DEM,KAMALA D. HARRIS,263
Cabell,PRECINCT 26,President,,DEM,KAMALA D. HARRIS,234
Cabell,PRECINCT 27,President,,DEM,KAMALA D. HARRIS,121
Cabell,PRECINCT 28,President,,DEM,KAMALA D. HARRIS,31
Cabell,PRECINCT 29,President,,DEM,KAMALA D. HARRIS,250
Cabell,PRECINCT 30,President,,DEM,KAMALA D. HARRIS,317
Cabell,PRECINCT 31,President,,DEM,KAMALA D. HARRIS,209
Cabell,PRECINCT 32,President,,DEM,KAMALA D. HARRIS,94
Cabell,PRECINCT 33,President,,DEM,KAMALA D. HARRIS,40
Cabell,PRECINCT 34,President,,DEM,KAMALA D. HARRIS,145
Cabell,PRECINCT 35,President,,DEM,KAMALA D. HARRIS,203
Cabell,PRECINCT 36,President,,DEM,KAMALA D. HARRIS,20
Cabell,PRECINCT 37,President,,DEM,KAMALA D. HARRIS,206
Cabell,PRECINCT 38,President,,DEM,KAMALA D. HARRIS,147
Cabell,PRECINCT 39,President,,DEM,KAMALA D. HARRIS,200
Cabell,PRECINCT 40,President,,DEM,KAMALA D. HARRIS,224
Cabell,PRECINCT 41,President,,DEM,KAMALA D. HARRIS,508
Cabell,PRECINCT 42,President,,DEM,KAMALA D. HARRIS,320
Cabell,PRECINCT 43,President,,DEM,KAMALA D. HARRIS,223
Cabell,PRECINCT 44,President,,DEM,KAMALA D. HARRIS,180
Cabell,PRECINCT 45,President,,DEM,KAMALA D. HARRIS,180
Cabell,PRECINCT 46,President,,DEM,KAMALA D. HARRIS,318
Cabell,PRECINCT 47,President,,DEM,KAMALA D. HARRIS,179
Cabell,PRECINCT 48,President,,DEM,KAMALA D. HARRIS,202
Cabell,PRECINCT 49,President,,DEM,KAMALA D. HARRIS,214
Cabell,PRECINCT 50,President,,DEM,KAMALA D. HARRIS,115
Cabell,PRECINCT 51,President,,DEM,KAMALA D. HARRIS,169
Cabell,PRECINCT 52,President,,DEM,KAMALA D. HARRIS,158
Cabell,PRECINCT 53,President,,DEM,KAMALA D. HARRIS,218
Cabell,PRECINCT 54,President,,DEM,KAMALA D. HARRIS,129
Cabell,PRECINCT 55,President,,DEM,KAMALA D. HARRIS,136
Cabell,PRECINCT 56,President,,DEM,KAMALA D. HARRIS,77
Cabell,PRECINCT 57,President,,DEM,KAMALA D. HARRIS,138
Cabell,PRECINCT 58,President,,DEM,KAMALA D. HARRIS,110
Cabell,PRECINCT 59,President,,DEM,KAMALA D. HARRIS,339
Cabell,PRECINCT 60,President,,DEM,KAMALA D. HARRIS,121
Cabell,PRECINCT 61,President,,DEM,KAMALA D. HARRIS,180
Cabell,PRECINCT 62,President,,DEM,KAMALA D. HARRIS,221
Cabell,PRECINCT 63,President,,DEM,KAMALA D. HARRIS,173
Cabell,PRECINCT 64,President,,DEM,KAMALA D. HARRIS,130
Cabell,PRECINCT 65,President,,DEM,KAMALA D. HARRIS,137
Cabell,PRECINCT 66,President,,DEM,KAMALA D. HARRIS,46
Cabell,PRECINCT 67,President,,DEM,KAMALA D. HARRIS,189
Cabell,PRECINCT 68,President,,DEM,KAMALA D. HARRIS,83
Cabell,PRECINCT 1,President,,IND,ROBERT F. KENNEDY JR.,6
Cabell,PRECINCT 2,President,,IND,ROBERT F. KENNEDY JR.,5
Cabell,PRECINCT 3,President,,IND,ROBERT F. KENNEDY JR.,2
Cabell,PRECINCT 4,President,,IND,ROBERT F. KENNEDY JR.,9
Cabell,PRECINCT 5,President,,IND,ROBERT F. KENNEDY JR.,4
Cabell,PRECINCT 6,President,,IND,ROBERT F. KENNEDY JR.,5
Cabell,PRECINCT 7,President,,IND,ROBERT F. KENNEDY JR.,1
Cabell,PRECINCT 8,President,,IND,ROBERT F. KENNEDY JR.,3
Cabell,PRECINCT 9,President,,IND,ROBERT F. KENNEDY JR.,7
Cabell,PRECINCT 10,President,,IND,ROBERT F. KENNEDY JR.,1
Cabell,PRECINCT 11,President,,IND,ROBERT F. KENNEDY JR.,6
Cabell,PRECINCT 12,President,,IND,ROBERT F. KENNEDY JR.,2
Cabell,PRECINCT 13,President,,IND,ROBERT F. KENNEDY JR.,7
Cabell,PRECINCT 14,President,,IND,ROBERT F. KENNEDY JR.,14
Cabell,PRECINCT 15,President,,IND,ROBERT F. KENNEDY JR.,0
Cabell,PRECINCT 16,President,,IND,ROBERT F. KENNEDY JR.,1
Cabell,PRECINCT 17,President,,IND,ROBERT F. KENNEDY JR.,7
Cabell,PRECINCT 18,President,,IND,ROBERT F. KENNEDY JR.,6
Cabell,PRECINCT 19,President,,IND,ROBERT F. KENNEDY JR.,6
Cabell,PRECINCT 20,President,,IND,ROBERT F. KENNEDY JR.,2
Cabell,PRECINCT 21,President,,IND,ROBERT F. KENNEDY JR.,1
Cabell,PRECINCT 22,President,,IND,ROBERT F. KENNEDY JR.,7
Cabell,PRECINCT 23,President,,IND,ROBERT F. KENNEDY JR.,7
Cabell,PRECINCT 24,President,,IND,ROBERT F. KENNEDY JR.,1
Cabell,PRECINCT 25,President,,IND,ROBERT F. KENNEDY JR.,4
Cabell,PRECINCT 26,President,,IND,ROBERT F. KENNEDY JR.,4
Cabell,PRECINCT 27,President,,IND,ROBERT F. KENNEDY JR.,6
Cabell,PRECINCT 28,President,,IND,ROBERT F. KENNEDY JR.,2
Cabell,PRECINCT 29,President,,IND,ROBERT F. KENNEDY JR.,8
Cabell,PRECINCT 30,President,,IND,ROBERT F. KENNEDY JR.,6
Cabell,PRECINCT 31,President,,IND,ROBERT F. KENNEDY JR.,10
Cabell,PRECINCT 32,President,,IND,ROBERT F. KENNEDY JR.,8
Cabell,PRECINCT 33,President,,IND,ROBERT F. KENNEDY JR.,2
Cabell,PRECINCT 34,President,,IND,ROBERT F. KENNEDY JR.,8
Cabell,PRECINCT 35,President,,IND,ROBERT F. KENNEDY JR.,8
Cabell,PRECINCT 36,President,,IND,ROBERT F. KENNEDY JR.,0
Cabell,PRECINCT 37,President,,IND,ROBERT F. KENNEDY JR.,9
Cabell,PRECINCT 38,President,,IND,ROBERT F. KENNEDY JR.,2
Cabell,PRECINCT 39,President,,IND,ROBERT F. KENNEDY JR.,7
Cabell,PRECINCT 40,President,,IND,ROBERT F. KENNEDY JR.,3
Cabell,PRECINCT 41,President,,IND,ROBERT F. KENNEDY JR.,15
Cabell,PRECINCT 42,President,,IND,ROBERT F. KENNEDY JR.,17
Cabell,PRECINCT 43,President,,IND,ROBERT F. KENNEDY JR.,5
Cabell,PRECINCT 44,President,,IND,ROBERT F. KENNEDY JR.,9
Cabell,PRECINCT 45,President,,IND,ROBERT F. KENNEDY JR.,7
Cabell,PRECINCT 46,President,,IND,ROBERT F. KENNEDY JR.,20
Cabell,PRECINCT 47,President,,IND,ROBERT F. KENNEDY JR.,5
Cabell,PRECINCT 48,President,,IND,ROBERT F. KENNEDY JR.,4
Cabell,PRECINCT 49,President,,IND,ROBERT F. KENNEDY JR.,11
Cabell,PRECINCT 50,President,,IND,ROBERT F. KENNEDY JR.,7
Cabell,PRECINCT 51,President,,IND,ROBERT F. KENNEDY JR.,4
Cabell,PRECINCT 52,President,,IND,ROBERT F. KENNEDY JR.,4
Cabell,PRECINCT 53,President,,IND,ROBERT F. KENNEDY JR.,12
Cabell,PRECINCT 54,President,,IND,ROBERT F. KENNEDY JR.,5
Cabell,PRECINCT 55,President,,IND,ROBERT F. KENNEDY JR.,5
Cabell,PRECINCT 56,President,,IND,ROBERT F. KENNEDY JR.,2
Cabell,PRECINCT 57,President,,IND,ROBERT F. KENNEDY JR.,11
Cabell,PRECINCT 58,President,,IND,ROBERT F. KENNEDY JR.,7
Cabell,PRECINCT 59,President,,IND,ROBERT F. KENNEDY JR.,18
Cabell,PRECINCT 60,President,,IND,ROBERT F. KENNEDY JR.,3
Cabell,PRECINCT 61,President,,IND,ROBERT F. KENNEDY JR.,7
Cabell,PRECINCT 62,President,,IND,ROBERT F. KENNEDY JR.,10
Cabell,PRECINCT 63,President,,IND,ROBERT F. KENNEDY JR.,12
Cabell,PRECINCT 64,President,,IND,ROBERT F. KENNEDY JR.,6
Cabell,PRECINCT 65,President,,IND,ROBERT F. KENNEDY JR.,6
Cabell,PRECINCT 66,President,,IND,ROBERT F. KENNEDY JR.,0
Cabell,PRECINCT 67,President,,IND,ROBERT F. KENNEDY JR.,5
Cabell,PRECINCT 68,President,,IND,ROBERT F. KENNEDY JR.,4
Cabell,PRECINCT 1,President,,LBN,CHASE OLIVER,1
Cabell,PRECINCT 2,President,,LBN,CHASE OLIVER,1
Cabell,PRECINCT 3,President,,LBN,CHASE OLIVER,0
Cabell,PRECINCT 4,President,,LBN,CHASE OLIVER,3
Cabell,PRECINCT 5,President,,LBN,CHASE OLIVER,5
Cabell,PRECINCT 6,President,,LBN,CHASE OLIVER,8
Cabell,PRECINCT 7,President,,LBN,CHASE OLIVER,4
Cabell,PRECINCT 8,President,,LBN,CHASE OLIVER,1
Cabell,PRECINCT 9,President,,LBN,CHASE OLIVER,2
Cabell,PRECINCT 10,President,,LBN,CHASE OLIVER,0
Cabell,PRECINCT 11,President,,LBN,CHASE OLIVER,1
Cabell,PRECINCT 12,President,,LBN,CHASE OLIVER,2
Cabell,PRECINCT 13,President,,LBN,CHASE OLIVER,3
Cabell,PRECINCT 14,President,,LBN,CHASE OLIVER,3
Cabell,PRECINCT 15,President,,LBN,CHASE OLIVER,0
Cabell,PRECINCT 16,President,,LBN,CHASE OLIVER,0
Cabell,PRECINCT 17,President,,LBN,CHASE OLIVER,3
Cabell,PRECINCT 18,President,,LBN,CHASE OLIVER,0
Cabell,PRECINCT 19,President,,LBN,CHASE OLIVER,2
Cabell,PRECINCT 20,President,,LBN,CHASE OLIVER,3
Cabell,PRECINCT 21,President,,LBN,CHASE OLIVER,0
Cabell,PRECINCT 22,President,,LBN,CHASE OLIVER,5
Cabell,PRECINCT 23,President,,LBN,CHASE OLIVER,2
Cabell,PRECINCT 24,President,,LBN,CHASE OLIVER,0
Cabell,PRECINCT 25,President,,LBN,CHASE OLIVER,2
Cabell,PRECINCT 26,President,,LBN,CHASE OLIVER,3
Cabell,PRECINCT 27,President,,LBN,CHASE OLIVER,0
Cabell,PRECINCT 28,President,,LBN,CHASE OLIVER,0
Cabell,PRECINCT 29,President,,LBN,CHASE OLIVER,5
Cabell,PRECINCT 30,President,,LBN,CHASE OLIVER,4
Cabell,PRECINCT 31,President,,LBN,CHASE OLIVER,4
Cabell,PRECINCT 32,President,,LBN,CHASE OLIVER,1
Cabell,PRECINCT 33,President,,LBN,CHASE OLIVER,0
Cabell,PRECINCT 34,President,,LBN,CHASE OLIVER,2
Cabell,PRECINCT 35,President,,LBN,CHASE OLIVER,4
Cabell,PRECINCT 36,President,,LBN,CHASE OLIVER,0
Cabell,PRECINCT 37,President,,LBN,CHASE OLIVER,5
Cabell,PRECINCT 38,President,,LBN,CHASE OLIVER,1
Cabell,PRECINCT 39,President,,LBN,CHASE OLIVER,2
Cabell,PRECINCT 40,President,,LBN,CHASE OLIVER,7
Cabell,PRECINCT 41,President,,LBN,CHASE OLIVER,3
Cabell,PRECINCT 42,President,,LBN,CHASE OLIVER,4
Cabell,PRECINCT 43,President,,LBN,CHASE OLIVER,4
Cabell,PRECINCT 44,President,,LBN,CHASE OLIVER,0
Cabell,PRECINCT 45,President,,LBN,CHASE OLIVER,4
Cabell,PRECINCT 46,President,,LBN,CHASE OLIVER,1
Cabell,PRECINCT 47,President,,LBN,CHASE OLIVER,2
Cabell,PRECINCT 48,President,,LBN,CHASE OLIVER,3
Cabell,PRECINCT 49,President,,LBN,CHASE OLIVER,1
Cabell,PRECINCT 50,President,,LBN,CHASE OLIVER,0
Cabell,PRECINCT 51,President,,LBN,CHASE OLIVER,3
Cabell,PRECINCT 52,President,,LBN,CHASE OLIVER,0
Cabell,PRECINCT 53,President,,LBN,CHASE OLIVER,7
Cabell,PRECINCT 54,President,,LBN,CHASE OLIVER,1
Cabell,PRECINCT 55,President,,LBN,CHASE OLIVER,5
Cabell,PRECINCT 56,President,,LBN,CHASE OLIVER,2
Cabell,PRECINCT 57,President,,LBN,CHASE OLIVER,5
Cabell,PRECINCT 58,President,,LBN,CHASE OLIVER,2
Cabell,PRECINCT 59,President,,LBN,CHASE OLIVER,7
Cabell,PRECINCT 60,President,,LBN,CHASE OLIVER,2
Cabell,PRECINCT 61,President,,LBN,CHASE OLIVER,5
Cabell,PRECINCT 62,President,,LBN,CHASE OLIVER,1
Cabell,PRECINCT 63,President,,LBN,CHASE OLIVER,5
Cabell,PRECINCT 64,President,,LBN,CHASE OLIVER,1
Cabell,PRECINCT 65,President,,LBN,CHASE OLIVER,2
Cabell,PRECINCT 66,President,,LBN,CHASE OLIVER,0
Cabell,PRECINCT 67,President,,LBN,CHASE OLIVER,4
Cabell,PRECINCT 68,President,,LBN,CHASE OLIVER,0
Cabell,PRECINCT 1,President,,MTN,JILL STEIN,1
Cabell,PRECINCT 2,President,,MTN,JILL STEIN,2
Cabell,PRECINCT 3,President,,MTN,JILL STEIN,1
Cabell,PRECINCT 4,President,,MTN,JILL STEIN,2
Cabell,PRECINCT 5,President,,MTN,JILL STEIN,4
Cabell,PRECINCT 6,President,,MTN,JILL STEIN,4
Cabell,PRECINCT 7,President,,MTN,JILL STEIN,2
Cabell,PRECINCT 8,President,,MTN,JILL STEIN,0
Cabell,PRECINCT 9,President,,MTN,JILL STEIN,0
Cabell,PRECINCT 10,President,,MTN,JILL STEIN,2
Cabell,PRECINCT 11,President,,MTN,JILL STEIN,2
Cabell,PRECINCT 12,President,,MTN,JILL STEIN,4
Cabell,PRECINCT 13,President,,MTN,JILL STEIN,5
Cabell,PRECINCT 14,President,,MTN,JILL STEIN,3
Cabell,PRECINCT 15,President,,MTN,JILL STEIN,0
Cabell,PRECINCT 16,President,,MTN,JILL STEIN,0
Cabell,PRECINCT 17,President,,MTN,JILL STEIN,0
Cabell,PRECINCT 18,President,,MTN,JILL STEIN,2
Cabell,PRECINCT 19,President,,MTN,JILL STEIN,5
Cabell,PRECINCT 20,President,,MTN,JILL STEIN,0
Cabell,PRECINCT 21,President,,MTN,JILL STEIN,0
Cabell,PRECINCT 22,President,,MTN,JILL STEIN,12
Cabell,PRECINCT 23,President,,MTN,JILL STEIN,2
Cabell,PRECINCT 24,President,,MTN,JILL STEIN,0
Cabell,PRECINCT 25,President,,MTN,JILL STEIN,0
Cabell,PRECINCT 26,President,,MTN,JILL STEIN,0
Cabell,PRECINCT 27,President,,MTN,JILL STEIN,2
Cabell,PRECINCT 28,President,,MTN,JILL STEIN,0
Cabell,PRECINCT 29,President,,MTN,JILL STEIN,0
Cabell,PRECINCT 30,President,,MTN,JILL STEIN,3
Cabell,PRECINCT 31,President,,MTN,JILL STEIN,3
Cabell,PRECINCT 32,President,,MTN,JILL STEIN,2
Cabell,PRECINCT 33,President,,MTN,JILL STEIN,1
Cabell,PRECINCT 34,President,,MTN,JILL STEIN,3
Cabell,PRECINCT 35,President,,MTN,JILL STEIN,3
Cabell,PRECINCT 36,President,,MTN,JILL STEIN,0
Cabell,PRECINCT 37,President,,MTN,JILL STEIN,0
Cabell,PRECINCT 38,President,,MTN,JILL STEIN,0
Cabell,PRECINCT 39,President,,MTN,JILL STEIN,10
Cabell,PRECINCT 40,President,,MTN,JILL STEIN,7
Cabell,PRECINCT 41,President,,MTN,JILL STEIN,4
Cabell,PRECINCT 42,President,,MTN,JILL STEIN,4
Cabell,PRECINCT 43,President,,MTN,JILL STEIN,3
Cabell,PRECINCT 44,President,,MTN,JILL STEIN,1
Cabell,PRECINCT 45,President,,MTN,JILL STEIN,1
Cabell,PRECINCT 46,President,,MTN,JILL STEIN,6
Cabell,PRECINCT 47,President,,MTN,JILL STEIN,3
Cabell,PRECINCT 48,President,,MTN,JILL STEIN,3
Cabell,PRECINCT 49,President,,MTN,JILL STEIN,1
Cabell,PRECINCT 50,President,,MTN,JILL STEIN,2
Cabell,PRECINCT 51,President,,MTN,JILL STEIN,0
Cabell,PRECINCT 52,President,,MTN,JILL STEIN,0
Cabell,PRECINCT 53,President,,MTN,JILL STEIN,7
Cabell,PRECINCT 54,President,,MTN,JILL STEIN,0
Cabell,PRECINCT 55,President,,MTN,JILL STEIN,4
Cabell,PRECINCT 56,President,,MTN,JILL STEIN,0
Cabell,PRECINCT 57,President,,MTN,JILL STEIN,0
Cabell,PRECINCT 58,President,,MTN,JILL STEIN,3
Cabell,PRECINCT 59,President,,MTN,JILL STEIN,4
Cabell,PRECINCT 60,President,,MTN,JILL STEIN,0
Cabell,PRECINCT 61,President,,MTN,JILL STEIN,3
Cabell,PRECINCT 62,President,,MTN,JILL STEIN,0
Cabell,PRECINCT 63,President,,MTN,JILL STEIN,3
Cabell,PRECINCT 64,President,,MTN,JILL STEIN,0
Cabell,PRECINCT 65,President,,MTN,JILL STEIN,2
Cabell,PRECINCT 66,President,,MTN,JILL STEIN,0
Cabell,PRECINCT 67,President,,MTN,JILL STEIN,4
Cabell,PRECINCT 68,President,,MTN,JILL STEIN,0
Cabell,PRECINCT 1,U.S. Senate,,REP,JIM JUSTICE,226
Cabell,PRECINCT 2,U.S. Senate,,REP,JIM JUSTICE,205
Cabell,PRECINCT 3,U.S. Senate,,REP,JIM JUSTICE,177
Cabell,PRECINCT 4,U.S. Senate,,REP,JIM JUSTICE,315
Cabell,PRECINCT 5,U.S. Senate,,REP,JIM JUSTICE,316
Cabell,PRECINCT 6,U.S. Senate,,REP,JIM JUSTICE,266
Cabell,PRECINCT 7,U.S. Senate,,REP,JIM JUSTICE,141
Cabell,PRECINCT 8,U.S. Senate,,REP,JIM JUSTICE,158
Cabell,PRECINCT 9,U.S. Senate,,REP,JIM JUSTICE,156
Cabell,PRECINCT 10,U.S. Senate,,REP,JIM JUSTICE,92
Cabell,PRECINCT 11,U.S. Senate,,REP,JIM JUSTICE,111
Cabell,PRECINCT 12,U.S. Senate,,REP,JIM JUSTICE,94
Cabell,PRECINCT 13,U.S. Senate,,REP,JIM JUSTICE,202
Cabell,PRECINCT 14,U.S. Senate,,REP,JIM JUSTICE,380
Cabell,PRECINCT 15,U.S. Senate,,REP,JIM JUSTICE,3
Cabell,PRECINCT 16,U.S. Senate,,REP,JIM JUSTICE,75
Cabell,PRECINCT 17,U.S. Senate,,REP,JIM JUSTICE,97
Cabell,PRECINCT 18,U.S. Senate,,REP,JIM JUSTICE,149
Cabell,PRECINCT 19,U.S. Senate,,REP,JIM JUSTICE,143
Cabell,PRECINCT 20,U.S. Senate,,REP,JIM JUSTICE,105
Cabell,PRECINCT 21,U.S. Senate,,REP,JIM JUSTICE,77
Cabell,PRECINCT 22,U.S. Senate,,REP,JIM JUSTICE,503
Cabell,PRECINCT 23,U.S. Senate,,REP,JIM JUSTICE,255
Cabell,PRECINCT 24,U.S. Senate,,REP,JIM JUSTICE,85
Cabell,PRECINCT 25,U.S. Senate,,REP,JIM JUSTICE,201
Cabell,PRECINCT 26,U.S. Senate,,REP,JIM JUSTICE,230
Cabell,PRECINCT 27,U.S. Senate,,REP,JIM JUSTICE,166
Cabell,PRECINCT 28,U.S. Senate,,REP,JIM JUSTICE,45
Cabell,PRECINCT 29,U.S. Senate,,REP,JIM JUSTICE,284
Cabell,PRECINCT 30,U.S. Senate,,REP,JIM JUSTICE,328
Cabell,PRECINCT 31,U.S. Senate,,REP,JIM JUSTICE,290
Cabell,PRECINCT 32,U.S. Senate,,REP,JIM JUSTICE,208
Cabell,PRECINCT 33,U.S. Senate,,REP,JIM JUSTICE,122
Cabell,PRECINCT 34,U.S. Senate,,REP,JIM JUSTICE,308
Cabell,PRECINCT 35,U.S. Senate,,REP,JIM JUSTICE,505
Cabell,PRECINCT 36,U.S. Senate,,REP,JIM JUSTICE,48
Cabell,PRECINCT 37,U.S. Senate,,REP,JIM JUSTICE,308
Cabell,PRECINCT 38,U.S. Senate,,REP,JIM JUSTICE,157
Cabell,PRECINCT 39,U.S. Senate,,REP,JIM JUSTICE,398
Cabell,PRECINCT 40,U.S. Senate,,REP,JIM JUSTICE,266
Cabell,PRECINCT 41,U.S. Senate,,REP,JIM JUSTICE,658
Cabell,PRECINCT 42,U.S. Senate,,REP,JIM JUSTICE,465
Cabell,PRECINCT 43,U.S. Senate,,REP,JIM JUSTICE,368
Cabell,PRECINCT 44,U.S. Senate,,REP,JIM JUSTICE,241
Cabell,PRECINCT 45,U.S. Senate,,REP,JIM JUSTICE,371
Cabell,PRECINCT 46,U.S. Senate,,REP,JIM JUSTICE,671
Cabell,PRECINCT 47,U.S. Senate,,REP,JIM JUSTICE,384
Cabell,PRECINCT 48,U.S. Senate,,REP,JIM JUSTICE,584
Cabell,PRECINCT 49,U.S. Senate,,REP,JIM JUSTICE,756
Cabell,PRECINCT 50,U.S. Senate,,REP,JIM JUSTICE,709
Cabell,PRECINCT 51,U.S. Senate,,REP,JIM JUSTICE,460
Cabell,PRECINCT 52,U.S. Senate,,REP,JIM JUSTICE,404
Cabell,PRECINCT 53,U.S. Senate,,REP,JIM JUSTICE,620
Cabell,PRECINCT 54,U.S. Senate,,REP,JIM JUSTICE,269
Cabell,PRECINCT 55,U.S. Senate,,REP,JIM JUSTICE,450
Cabell,PRECINCT 56,U.S. Senate,,REP,JIM JUSTICE,274
Cabell,PRECINCT 57,U.S. Senate,,REP,JIM JUSTICE,612
Cabell,PRECINCT 58,U.S. Senate,,REP,JIM JUSTICE,402
Cabell,PRECINCT 59,U.S. Senate,,REP,JIM JUSTICE,810
Cabell,PRECINCT 60,U.S. Senate,,REP,JIM JUSTICE,517
Cabell,PRECINCT 61,U.S. Senate,,REP,JIM JUSTICE,725
Cabell,PRECINCT 62,U.S. Senate,,REP,JIM JUSTICE,606
Cabell,PRECINCT 63,U.S. Senate,,REP,JIM JUSTICE,434
Cabell,PRECINCT 64,U.S. Senate,,REP,JIM JUSTICE,333
Cabell,PRECINCT 65,U.S. Senate,,REP,JIM JUSTICE,478
Cabell,PRECINCT 66,U.S. Senate,,REP,JIM JUSTICE,58
Cabell,PRECINCT 67,U.S. Senate,,REP,JIM JUSTICE,432
Cabell,PRECINCT 68,U.S. Senate,,REP,JIM JUSTICE,200
Cabell,PRECINCT 1,U.S. Senate,,DEM,GLENN ELLIOTT,124
Cabell,PRECINCT 2,U.S. Senate,,DEM,GLENN ELLIOTT,157
Cabell,PRECINCT 3,U.S. Senate,,DEM,GLENN ELLIOTT,152
Cabell,PRECINCT 4,U.S. Senate,,DEM,GLENN ELLIOTT,146
Cabell,PRECINCT 5,U.S. Senate,,DEM,GLENN ELLIOTT,385
Cabell,PRECINCT 6,U.S. Senate,,DEM,GLENN ELLIOTT,313
Cabell,PRECINCT 7,U.S. Senate,,DEM,GLENN ELLIOTT,127
Cabell,PRECINCT 8,U.S. Senate,,DEM,GLENN ELLIOTT,116
Cabell,PRECINCT 9,U.S. Senate,,DEM,GLENN ELLIOTT,173
Cabell,PRECINCT 10,U.S. Senate,,DEM,GLENN ELLIOTT,226
Cabell,PRECINCT 11,U.S. Senate,,DEM,GLENN ELLIOTT,211
Cabell,PRECINCT 12,U.S. Senate,,DEM,GLENN ELLIOTT,239
Cabell,PRECINCT 13,U.S. Senate,,DEM,GLENN ELLIOTT,360
Cabell,PRECINCT 14,U.S. Senate,,DEM,GLENN ELLIOTT,410
Cabell,PRECINCT 15,U.S. Senate,,DEM,GLENN ELLIOTT,3
Cabell,PRECINCT 16,U.S. Senate,,DEM,GLENN ELLIOTT,211
Cabell,PRECINCT 17,U.S. Senate,,DEM,GLENN ELLIOTT,148
Cabell,PRECINCT 18,U.S. Senate,,DEM,GLENN ELLIOTT,299
Cabell,PRECINCT 19,U.S. Senate,,DEM,GLENN ELLIOTT,191
Cabell,PRECINCT 20,U.S. Senate,,DEM,GLENN ELLIOTT,76
Cabell,PRECINCT 21,U.S. Senate,,DEM,GLENN ELLIOTT,93
Cabell,PRECINCT 22,U.S. Senate,,DEM,GLENN ELLIOTT,514
Cabell,PRECINCT 23,U.S. Senate,,DEM,GLENN ELLIOTT,206
Cabell,PRECINCT 24,U.S. Senate,,DEM,GLENN ELLIOTT,95
Cabell,PRECINCT 25,U.S. Senate,,DEM,GLENN ELLIOTT,233
Cabell,PRECINCT 26,U.S. Senate,,DEM,GLENN ELLIOTT,206
Cabell,PRECINCT 27,U.S. Senate,,DEM,GLENN ELLIOTT,101
Cabell,PRECINCT 28,U.S. Senate,,DEM,GLENN ELLIOTT,30
Cabell,PRECINCT 29,U.S. Senate,,DEM,GLENN ELLIOTT,217
Cabell,PRECINCT 30,U.S. Senate,,DEM,GLENN ELLIOTT,291
Cabell,PRECINCT 31,U.S. Senate,,DEM,GLENN ELLIOTT,197
Cabell,PRECINCT 32,U.S. Senate,,DEM,GLENN ELLIOTT,87
Cabell,PRECINCT 33,U.S. Senate,,DEM,GLENN ELLIOTT,41
Cabell,PRECINCT 34,U.S. Senate,,DEM,GLENN ELLIOTT,136
Cabell,PRECINCT 35,U.S. Senate,,DEM,GLENN ELLIOTT,165
Cabell,PRECINCT 36,U.S. Senate,,DEM,GLENN ELLIOTT,15
Cabell,PRECINCT 37,U.S. Senate,,DEM,GLENN ELLIOTT,179
Cabell,PRECINCT 38,U.S. Senate,,DEM,GLENN ELLIOTT,133
Cabell,PRECINCT 39,U.S. Senate,,DEM,GLENN ELLIOTT,180
Cabell,PRECINCT 40,U.S. Senate,,DEM,GLENN ELLIOTT,204
Cabell,PRECINCT 41,U.S. Senate,,DEM,GLENN ELLIOTT,429
Cabell,PRECINCT 42,U.S. Senate,,DEM,GLENN ELLIOTT,277
Cabell,PRECINCT 43,U.S. Senate,,DEM,GLENN ELLIOTT,201
Cabell,PRECINCT 44,U.S. Senate,,DEM,GLENN ELLIOTT,162
Cabell,PRECINCT 45,U.S. Senate,,DEM,GLENN ELLIOTT,175
Cabell,PRECINCT 46,U.S. Senate,,DEM,GLENN ELLIOTT,281
Cabell,PRECINCT 47,U.S. Senate,,DEM,GLENN ELLIOTT,150
Cabell,PRECINCT 48,U.S. Senate,,DEM,GLENN ELLIOTT,183
Cabell,PRECINCT 49,U.S. Senate,,DEM,GLENN ELLIOTT,205
Cabell,PRECINCT 50,U.S. Senate,,DEM,GLENN ELLIOTT,107
Cabell,PRECINCT 51,U.S. Senate,,DEM,GLENN ELLIOTT,159
Cabell,PRECINCT 52,U.S. Senate,,DEM,GLENN ELLIOTT,146
Cabell,PRECINCT 53,U.S. Senate,,DEM,GLENN ELLIOTT,194
Cabell,PRECINCT 54,U.S. Senate,,DEM,GLENN ELLIOTT,112
Cabell,PRECINCT 55,U.S. Senate,,DEM,GLENN ELLIOTT,118
Cabell,PRECINCT 56,U.S. Senate,,DEM,GLENN ELLIOTT,89
Cabell,PRECINCT 57,U.S. Senate,,DEM,GLENN ELLIOTT,129
Cabell,PRECINCT 58,U.S. Senate,,DEM,GLENN ELLIOTT,107
Cabell,PRECINCT 59,U.S. Senate,,DEM,GLENN ELLIOTT,307
Cabell,PRECINCT 60,U.S. Senate,,DEM,GLENN ELLIOTT,117
Cabell,PRECINCT 61,U.S. Senate,,DEM,GLENN ELLIOTT,168
Cabell,PRECINCT 62,U.S. Senate,,DEM,GLENN ELLIOTT,203
Cabell,PRECINCT 63,U.S. Senate,,DEM,GLENN ELLIOTT,163
Cabell,PRECINCT 64,U.S. Senate,,DEM,GLENN ELLIOTT,105
Cabell,PRECINCT 65,U.S. Senate,,DEM,GLENN ELLIOTT,141
Cabell,PRECINCT 66,U.S. Senate,,DEM,GLENN ELLIOTT,38
Cabell,PRECINCT 67,U.S. Senate,,DEM,GLENN ELLIOTT,165
Cabell,PRECINCT 68,U.S. Senate,,DEM,GLENN ELLIOTT,72
Cabell,PRECINCT 1,U.S. Senate,,LBN,DAVID MORAN,10
Cabell,PRECINCT 2,U.S. Senate,,LBN,DAVID MORAN,16
Cabell,PRECINCT 3,U.S. Senate,,LBN,DAVID MORAN,12
Cabell,PRECINCT 4,U.S. Senate,,LBN,DAVID MORAN,18
Cabell,PRECINCT 5,U.S. Senate,,LBN,DAVID MORAN,29
Cabell,PRECINCT 6,U.S. Senate,,LBN,DAVID MORAN,28
Cabell,PRECINCT 7,U.S. Senate,,LBN,DAVID MORAN,11
Cabell,PRECINCT 8,U.S. Senate,,LBN,DAVID MORAN,9
Cabell,PRECINCT 9,U.S. Senate,,LBN,DAVID MORAN,8
Cabell,PRECINCT 10,U.S. Senate,,LBN,DAVID MORAN,8
Cabell,PRECINCT 11,U.S. Senate,,LBN,DAVID MORAN,13
Cabell,PRECINCT 12,U.S. Senate,,LBN,DAVID MORAN,8
Cabell,PRECINCT 13,U.S. Senate,,LBN,DAVID MORAN,13
Cabell,PRECINCT 14,U.S. Senate,,LBN,DAVID MORAN,30
Cabell,PRECINCT 15,U.S. Senate,,LBN,DAVID MORAN,0
Cabell,PRECINCT 16,U.S. Senate,,LBN,DAVID MORAN,8
Cabell,PRECINCT 17,U.S. Senate,,LBN,DAVID MORAN,12
Cabell,PRECINCT 18,U.S. Senate,,LBN,DAVID MORAN,9
Cabell,PRECINCT 19,U.S. Senate,,LBN,DAVID MORAN,14
Cabell,PRECINCT 20,U.S. Senate,,LBN,DAVID MORAN,5
Cabell,PRECINCT 21,U.S. Senate,,LBN,DAVID MORAN,7
Cabell,PRECINCT 22,U.S. Senate,,LBN,DAVID MORAN,33
Cabell,PRECINCT 23,U.S. Senate,,LBN,DAVID MORAN,23
Cabell,PRECINCT 24,U.S. Senate,,LBN,DAVID MORAN,5
Cabell,PRECINCT 25,U.S. Senate,,LBN,DAVID MORAN,10
Cabell,PRECINCT 26,U.S. Senate,,LBN,DAVID MORAN,13
Cabell,PRECINCT 27,U.S. Senate,,LBN,DAVID MORAN,9
Cabell,PRECINCT 28,U.S. Senate,,LBN,DAVID MORAN,3
Cabell,PRECINCT 29,U.S. Senate,,LBN,DAVID MORAN,17
Cabell,PRECINCT 30,U.S. Senate,,LBN,DAVID MORAN,16
Cabell,PRECINCT 31,U.S. Senate,,LBN,DAVID MORAN,9
Cabell,PRECINCT 32,U.S. Senate,,LBN,DAVID MORAN,14
Cabell,PRECINCT 33,U.S. Senate,,LBN,DAVID MORAN,5
Cabell,PRECINCT 34,U.S. Senate,,LBN,DAVID MORAN,12
Cabell,PRECINCT 35,U.S. Senate,,LBN,DAVID MORAN,26
Cabell,PRECINCT 36,U.S. Senate,,LBN,DAVID MORAN,1
Cabell,PRECINCT 37,U.S. Senate,,LBN,DAVID MORAN,13
Cabell,PRECINCT 38,U.S. Senate,,LBN,DAVID MORAN,8
Cabell,PRECINCT 39,U.S. Senate,,LBN,DAVID MORAN,18
Cabell,PRECINCT 40,U.S. Senate,,LBN,DAVID MORAN,16
Cabell,PRECINCT 41,U.S. Senate,,LBN,DAVID MORAN,30
Cabell,PRECINCT 42,U.S. Senate,,LBN,DAVID MORAN,23
Cabell,PRECINCT 43,U.S. Senate,,LBN,DAVID MORAN,15
Cabell,PRECINCT 44,U.S. Senate,,LBN,DAVID MORAN,12
Cabell,PRECINCT 45,U.S. Senate,,LBN,DAVID MORAN,20
Cabell,PRECINCT 46,U.S. Senate,,LBN,DAVID MORAN,28
Cabell,PRECINCT 47,U.S. Senate,,LBN,DAVID MORAN,19
Cabell,PRECINCT 48,U.S. Senate,,LBN,DAVID MORAN,32
Cabell,PRECINCT 49,U.S. Senate,,LBN,DAVID MORAN,18
Cabell,PRECINCT 50,U.S. Senate,,LBN,DAVID MORAN,35
Cabell,PRECINCT 51,U.S. Senate,,LBN,DAVID MORAN,23
Cabell,PRECINCT 52,U.S. Senate,,LBN,DAVID MORAN,12
Cabell,PRECINCT 53,U.S. Senate,,LBN,DAVID MORAN,30
Cabell,PRECINCT 54,U.S. Senate,,LBN,DAVID MORAN,10
Cabell,PRECINCT 55,U.S. Senate,,LBN,DAVID MORAN,28
Cabell,PRECINCT 56,U.S. Senate,,LBN,DAVID MORAN,10
Cabell,PRECINCT 57,U.S. Senate,,LBN,DAVID MORAN,23
Cabell,PRECINCT 58,U.S. Senate,,LBN,DAVID MORAN,20
Cabell,PRECINCT 59,U.S. Senate,,LBN,DAVID MORAN,44
Cabell,PRECINCT 60,U.S. Senate,,LBN,DAVID MORAN,21
Cabell,PRECINCT 61,U.S. Senate,,LBN,DAVID MORAN,28
Cabell,PRECINCT 62,U.S. Senate,,LBN,DAVID MORAN,22
Cabell,PRECINCT 63,U.S. Senate,,LBN,DAVID MORAN,33
Cabell,PRECINCT 64,U.S. Senate,,LBN,DAVID MORAN,18
Cabell,PRECINCT 65,U.S. Senate,,LBN,DAVID MORAN,30
Cabell,PRECINCT 66,U.S. Senate,,LBN,DAVID MORAN,2
Cabell,PRECINCT 67,U.S. Senate,,LBN,DAVID MORAN,20
Cabell,PRECINCT 68,U.S. Senate,,LBN,DAVID MORAN,6
Cabell,PRECINCT 1,U.S. House,1,REP,CAROL MILLER,207
Cabell,PRECINCT 2,U.S. House,1,REP,CAROL MILLER,212
Cabell,PRECINCT 3,U.S. House,1,REP,CAROL MILLER,190
Cabell,PRECINCT 4,U.S. House,1,REP,CAROL MILLER,314
Cabell,PRECINCT 5,U.S. House,1,REP,CAROL MILLER,340
Cabell,PRECINCT 6,U.S. House,1,REP,CAROL MILLER,280
Cabell,PRECINCT 7,U.S. House,1,REP,CAROL MILLER,148
Cabell,PRECINCT 8,U.S. House,1,REP,CAROL MILLER,187
Cabell,PRECINCT 9,U.S. House,1,REP,CAROL MILLER,170
Cabell,PRECINCT 10,U.S. House,1,REP,CAROL MILLER,99
Cabell,PRECINCT 11,U.S. House,1,REP,CAROL MILLER,119
Cabell,PRECINCT 12,U.S. House,1,REP,CAROL MILLER,118
Cabell,PRECINCT 13,U.S. House,1,REP,CAROL MILLER,211
Cabell,PRECINCT 14,U.S. House,1,REP,CAROL MILLER,399
Cabell,PRECINCT 15,U.S. House,1,REP,CAROL MILLER,3
Cabell,PRECINCT 16,U.S. House,1,REP,CAROL MILLER,104
Cabell,PRECINCT 17,U.S. House,1,REP,CAROL MILLER,110
Cabell,PRECINCT 18,U.S. House,1,REP,CAROL MILLER,169
Cabell,PRECINCT 19,U.S. House,1,REP,CAROL MILLER,153
Cabell,PRECINCT 20,U.S. House,1,REP,CAROL MILLER,108
Cabell,PRECINCT 21,U.S. House,1,REP,CAROL MILLER,86
Cabell,PRECINCT 22,U.S. House,1,REP,CAROL MILLER,575
Cabell,PRECINCT 23,U.S. House,1,REP,CAROL MILLER,277
Cabell,PRECINCT 24,U.S. House,1,REP,CAROL MILLER,76
Cabell,PRECINCT 25,U.S. House,1,REP,CAROL MILLER,217
Cabell,PRECINCT 26,U.S. House,1,REP,CAROL MILLER,243
Cabell,PRECINCT 27,U.S. House,1,REP,CAROL MILLER,161
Cabell,PRECINCT 28,U.S. House,1,REP,CAROL MILLER,42
Cabell,PRECINCT 29,U.S. House,1,REP,CAROL MILLER,287
Cabell,PRECINCT 30,U.S. House,1,REP,CAROL MILLER,338
Cabell,PRECINCT 31,U.S. House,1,REP,CAROL MILLER,309
Cabell,PRECINCT 32,U.S. House,1,REP,CAROL MILLER,208
Cabell,PRECINCT 33,U.S. House,1,REP,CAROL MILLER,127
Cabell,PRECINCT 34,U.S. House,1,REP,CAROL MILLER,302
Cabell,PRECINCT 35,U.S. House,1,REP,CAROL MILLER,477
Cabell,PRECINCT 36,U.S. House,1,REP,CAROL MILLER,49
Cabell,PRECINCT 37,U.S. House,1,REP,CAROL MILLER,306
Cabell,PRECINCT 38,U.S. House,1,REP,CAROL MILLER,169
Cabell,PRECINCT 39,U.S. House,1,REP,CAROL MILLER,400
Cabell,PRECINCT 40,U.S. House,1,REP,CAROL MILLER,248
Cabell,PRECINCT 41,U.S. House,1,REP,CAROL MILLER,673
Cabell,PRECINCT 42,U.S. House,1,REP,CAROL MILLER,471
Cabell,PRECINCT 43,U.S. House,1,REP,CAROL MILLER,379
Cabell,PRECINCT 44,U.S. House,1,REP,CAROL MILLER,261
Cabell,PRECINCT 45,U.S. House,1,REP,CAROL MILLER,362
Cabell,PRECINCT 46,U.S. House,1,REP,CAROL MILLER,666
Cabell,PRECINCT 47,U.S. House,1,REP,CAROL MILLER,385
Cabell,PRECINCT 48,U.S. House,1,REP,CAROL MILLER,576
Cabell,PRECINCT 49,U.S. House,1,REP,CAROL MILLER,742
Cabell,PRECINCT 50,U.S. House,1,REP,CAROL MILLER,685
Cabell,PRECINCT 51,U.S. House,1,REP,CAROL MILLER,466
Cabell,PRECINCT 52,U.S. House,1,REP,CAROL MILLER,401
Cabell,PRECINCT 53,U.S. House,1,REP,CAROL MILLER,627
Cabell,PRECINCT 54,U.S. House,1,REP,CAROL MILLER,257
Cabell,PRECINCT 55,U.S. House,1,REP,CAROL MILLER,444
Cabell,PRECINCT 56,U.S. House,1,REP,CAROL MILLER,278
Cabell,PRECINCT 57,U.S. House,1,REP,CAROL MILLER,619
Cabell,PRECINCT 58,U.S. House,1,REP,CAROL MILLER,400
Cabell,PRECINCT 59,U.S. House,1,REP,CAROL MILLER,829
Cabell,PRECINCT 60,U.S. House,1,REP,CAROL MILLER,513
Cabell,PRECINCT 61,U.S. House,1,REP,CAROL MILLER,708
Cabell,PRECINCT 62,U.S. House,1,REP,CAROL MILLER,595
Cabell,PRECINCT 63,U.S. House,1,REP,CAROL MILLER,428
Cabell,PRECINCT 64,U.S. House,1,REP,CAROL MILLER,320
Cabell,PRECINCT 65,U.S. House,1,REP,CAROL MILLER,488
Cabell,PRECINCT 66,U.S. House,1,REP,CAROL MILLER,56
Cabell,PRECINCT 67,U.S. House,1,REP,CAROL MILLER,423
Cabell,PRECINCT 68,U.S. House,1,REP,CAROL MILLER,186
Cabell,PRECINCT 1,U.S. House,1,DEM,CHRIS BOB REED,113
Cabell,PRECINCT 2,U.S. House,1,DEM,CHRIS BOB REED,141
Cabell,PRECINCT 3,U.S. House,1,DEM,CHRIS BOB REED,135
Cabell,PRECINCT 4,U.S. House,1,DEM,CHRIS BOB REED,130
Cabell,PRECINCT 5,U.S. House,1,DEM,CHRIS BOB REED,317
Cabell,PRECINCT 6,U.S. House,1,DEM,CHRIS BOB REED,293
Cabell,PRECINCT 7,U.S. House,1,DEM,CHRIS BOB REED,113
Cabell,PRECINCT 8,U.S. House,1,DEM,CHRIS BOB REED,80
Cabell,PRECINCT 9,U.S. House,1,DEM,CHRIS BOB REED,145
Cabell,PRECINCT 10,U.S. House,1,DEM,CHRIS BOB REED,198
Cabell,PRECINCT 11,U.S. House,1,DEM,CHRIS BOB REED,194
Cabell,PRECINCT 12,U.S. House,1,DEM,CHRIS BOB REED,210
Cabell,PRECINCT 13,U.S. House,1,DEM,CHRIS BOB REED,320
Cabell,PRECINCT 14,U.S. House,1,DEM,CHRIS BOB REED,362
Cabell,PRECINCT 15,U.S. House,1,DEM,CHRIS BOB REED,3
Cabell,PRECINCT 16,U.S. House,1,DEM,CHRIS BOB REED,178
Cabell,PRECINCT 17,U.S. House,1,DEM,CHRIS BOB REED,128
Cabell,PRECINCT 18,U.S. House,1,DEM,CHRIS BOB REED,257
Cabell,PRECINCT 19,U.S. House,1,DEM,CHRIS BOB REED,172
Cabell,PRECINCT 20,U.S. House,1,DEM,CHRIS BOB REED,69
Cabell,PRECINCT 21,U.S. House,1,DEM,CHRIS BOB REED,87
Cabell,PRECINCT 22,U.S. House,1,DEM,CHRIS BOB REED,400
Cabell,PRECINCT 23,U.S. House,1,DEM,CHRIS BOB REED,182
Cabell,PRECINCT 24,U.S. House,1,DEM,CHRIS BOB REED,98
Cabell,PRECINCT 25,U.S. House,1,DEM,CHRIS BOB REED,203
Cabell,PRECINCT 26,U.S. House,1,DEM,CHRIS BOB REED,177
Cabell,PRECINCT 27,U.S. House,1,DEM,CHRIS BOB REED,91
Cabell,PRECINCT 28,U.S. House,1,DEM,CHRIS BOB REED,26
Cabell,PRECINCT 29,U.S. House,1,DEM,CHRIS BOB REED,194
Cabell,PRECINCT 30,U.S. House,1,DEM,CHRIS BOB REED,254
Cabell,PRECINCT 31,U.S. House,1,DEM,CHRIS BOB REED,166
Cabell,PRECINCT 32,U.S. House,1,DEM,CHRIS BOB REED,77
Cabell,PRECINCT 33,U.S. House,1,DEM,CHRIS BOB REED,35
Cabell,PRECINCT 34,U.S. House,1,DEM,CHRIS BOB REED,126
Cabell,PRECINCT 35,U.S. House,1,DEM,CHRIS BOB REED,160
Cabell,PRECINCT 36,U.S. House,1,DEM,CHRIS BOB REED,13
Cabell,PRECINCT 37,U.S. House,1,DEM,CHRIS BOB REED,170
Cabell,PRECINCT 38,U.S. House,1,DEM,CHRIS BOB REED,117
Cabell,PRECINCT 39,U.S. House,1,DEM,CHRIS BOB REED,162
Cabell,PRECINCT 40,U.S. House,1,DEM,CHRIS BOB REED,206
Cabell,PRECINCT 41,U.S. House,1,DEM,CHRIS BOB REED,394
Cabell,PRECINCT 42,U.S. House,1,DEM,CHRIS BOB REED,254
Cabell,PRECINCT 43,U.S. House,1,DEM,CHRIS BOB REED,177
Cabell,PRECINCT 44,U.S. House,1,DEM,CHRIS BOB REED,133
Cabell,PRECINCT 45,U.S. House,1,DEM,CHRIS BOB REED,160
Cabell,PRECINCT 46,U.S. House,1,DEM,CHRIS BOB REED,261
Cabell,PRECINCT 47,U.S. House,1,DEM,CHRIS BOB REED,132
Cabell,PRECINCT 48,U.S. House,1,DEM,CHRIS BOB REED,173
Cabell,PRECINCT 49,U.S. House,1,DEM,CHRIS BOB REED,176
Cabell,PRECINCT 50,U.S. House,1,DEM,CHRIS BOB REED,108
Cabell,PRECINCT 51,U.S. House,1,DEM,CHRIS BOB REED,136
Cabell,PRECINCT 52,U.S. House,1,DEM,CHRIS BOB REED,132
Cabell,PRECINCT 53,U.S. House,1,DEM,CHRIS BOB REED,167
Cabell,PRECINCT 54,U.S. House,1,DEM,CHRIS BOB REED,105
Cabell,PRECINCT 55,U.S. House,1,DEM,CHRIS BOB REED,103
Cabell,PRECINCT 56,U.S. House,1,DEM,CHRIS BOB REED,78
Cabell,PRECINCT 57,U.S. House,1,DEM,CHRIS BOB REED,102
Cabell,PRECINCT 58,U.S. House,1,DEM,CHRIS BOB REED,90
Cabell,PRECINCT 59,U.S. House,1,DEM,CHRIS BOB REED,276
Cabell,PRECINCT 60,U.S. House,1,DEM,CHRIS BOB REED,112
Cabell,PRECINCT 61,U.S. House,1,DEM,CHRIS BOB REED,142
Cabell,PRECINCT 62,U.S. House,1,DEM,CHRIS BOB REED,174
Cabell,PRECINCT 63,U.S. House,1,DEM,CHRIS BOB REED,145
Cabell,PRECINCT 64,U.S. House,1,DEM,CHRIS BOB REED,94
Cabell,PRECINCT 65,U.S. House,1,DEM,CHRIS BOB REED,119
Cabell,PRECINCT 66,U.S. House,1,DEM,CHRIS BOB REED,34
Cabell,PRECINCT 67,U.S. House,1,DEM,CHRIS BOB REED,157
Cabell,PRECINCT 68,U.S. House,1,DEM,CHRIS BOB REED,70
Cabell,PRECINCT 1,U.S. House,1,IND,WES HOLDEN,21
Cabell,PRECINCT 2,U.S. House,1,IND,WES HOLDEN,18
Cabell,PRECINCT 3,U.S. House,1,IND,WES HOLDEN,19
Cabell,PRECINCT 4,U.S. House,1,IND,WES HOLDEN,28
Cabell,PRECINCT 5,U.S. House,1,IND,WES HOLDEN,65
Cabell,PRECINCT 6,U.S. House,1,IND,WES HOLDEN,35
Cabell,PRECINCT 7,U.S. House,1,IND,WES HOLDEN,15
Cabell,PRECINCT 8,U.S. House,1,IND,WES HOLDEN,11
Cabell,PRECINCT 9,U.S. House,1,IND,WES HOLDEN,19
Cabell,PRECINCT 10,U.S. House,1,IND,WES HOLDEN,22
Cabell,PRECINCT 11,U.S. House,1,IND,WES HOLDEN,20
Cabell,PRECINCT 12,U.S. House,1,IND,WES HOLDEN,17
Cabell,PRECINCT 13,U.S. House,1,IND,WES HOLDEN,44
Cabell,PRECINCT 14,U.S. House,1,IND,WES HOLDEN,61
Cabell,PRECINCT 15,U.S. House,1,IND,WES HOLDEN,0
Cabell,PRECINCT 16,U.S. House,1,IND,WES HOLDEN,13
Cabell,PRECINCT 17,U.S. House,1,IND,WES HOLDEN,19
Cabell,PRECINCT 18,U.S. House,1,IND,WES HOLDEN,31
Cabell,PRECINCT 19,U.S. House,1,IND,WES HOLDEN,26
Cabell,PRECINCT 20,U.S. House,1,IND,WES HOLDEN,10
Cabell,PRECINCT 21,U.S. House,1,IND,WES HOLDEN,8
Cabell,PRECINCT 22,U.S. House,1,IND,WES HOLDEN,67
Cabell,PRECINCT 23,U.S. House,1,IND,WES HOLDEN,24
Cabell,PRECINCT 24,U.S. House,1,IND,WES HOLDEN,6
Cabell,PRECINCT 25,U.S. House,1,IND,WES HOLDEN,23
Cabell,PRECINCT 26,U.S. House,1,IND,WES HOLDEN,30
Cabell,PRECINCT 27,U.S. House,1,IND,WES HOLDEN,19
Cabell,PRECINCT 28,U.S. House,1,IND,WES HOLDEN,5
Cabell,PRECINCT 29,U.S. House,1,IND,WES HOLDEN,33
Cabell,PRECINCT 30,U.S. House,1,IND,WES HOLDEN,33
Cabell,PRECINCT 31,U.S. House,1,IND,WES HOLDEN,17
Cabell,PRECINCT 32,U.S. House,1,IND,WES HOLDEN,21
Cabell,PRECINCT 33,U.S. House,1,IND,WES HOLDEN,6
Cabell,PRECINCT 34,U.S. House,1,IND,WES HOLDEN,21
Cabell,PRECINCT 35,U.S. House,1,IND,WES HOLDEN,44
Cabell,PRECINCT 36,U.S. House,1,IND,WES HOLDEN,2
Cabell,PRECINCT 37,U.S. House,1,IND,WES HOLDEN,19
Cabell,PRECINCT 38,U.S. House,1,IND,WES HOLDEN,10
Cabell,PRECINCT 39,U.S. House,1,IND,WES HOLDEN,23
Cabell,PRECINCT 40,U.S. House,1,IND,WES HOLDEN,19
Cabell,PRECINCT 41,U.S. House,1,IND,WES HOLDEN,47
Cabell,PRECINCT 42,U.S. House,1,IND,WES HOLDEN,38
Cabell,PRECINCT 43,U.S. House,1,IND,WES HOLDEN,22
Cabell,PRECINCT 44,U.S. House,1,IND,WES HOLDEN,18
Cabell,PRECINCT 45,U.S. House,1,IND,WES HOLDEN,27
Cabell,PRECINCT 46,U.S. House,1,IND,WES HOLDEN,34
Cabell,PRECINCT 47,U.S. House,1,IND,WES HOLDEN,28
Cabell,PRECINCT 48,U.S. House,1,IND,WES HOLDEN,31
Cabell,PRECINCT 49,U.S. House,1,IND,WES HOLDEN,39
Cabell,PRECINCT 50,U.S. House,1,IND,WES HOLDEN,33
Cabell,PRECINCT 51,U.S. House,1,IND,WES HOLDEN,27
Cabell,PRECINCT 52,U.S. House,1,IND,WES HOLDEN,22
Cabell,PRECINCT 53,U.S. House,1,IND,WES HOLDEN,35
Cabell,PRECINCT 54,U.S. House,1,IND,WES HOLDEN,15
Cabell,PRECINCT 55,U.S. House,1,IND,WES HOLDEN,32
Cabell,PRECINCT 56,U.S. House,1,IND,WES HOLDEN,14
Cabell,PRECINCT 57,U.S. House,1,IND,WES HOLDEN,27
Cabell,PRECINCT 58,U.S. House,1,IND,WES HOLDEN,25
Cabell,PRECINCT 59,U.S. House,1,IND,WES HOLDEN,60
Cabell,PRECINCT 60,U.S. House,1,IND,WES HOLDEN,13
Cabell,PRECINCT 61,U.S. House,1,IND,WES HOLDEN,52
Cabell,PRECINCT 62,U.S. House,1,IND,WES HOLDEN,47
Cabell,PRECINCT 63,U.S. House,1,IND,WES HOLDEN,33
Cabell,PRECINCT 64,U.S. House,1,IND,WES HOLDEN,27
Cabell,PRECINCT 65,U.S. House,1,IND,WES HOLDEN,30
Cabell,PRECINCT 66,U.S. House,1,IND,WES HOLDEN,4
Cabell,PRECINCT 67,U.S. House,1,IND,WES HOLDEN,26
Cabell,PRECINCT 68,U.S. House,1,IND,WES HOLDEN,13
Cabell,PRECINCT 1,Governor,,REP,PATRICK MORRISEY,177
Cabell,PRECINCT 2,Governor,,REP,PATRICK MORRISEY,164
Cabell,PRECINCT 3,Governor,,REP,PATRICK MORRISEY,158
Cabell,PRECINCT 4,Governor,,REP,PATRICK MORRISEY,263
Cabell,PRECINCT 5,Governor,,REP,PATRICK MORRISEY,220
Cabell,PRECINCT 6,Governor,,REP,PATRICK MORRISEY,207
Cabell,PRECINCT 7,Governor,,REP,PATRICK MORRISEY,114
Cabell,PRECINCT 8,Governor,,REP,PATRICK MORRISEY,121
Cabell,PRECINCT 9,Governor,,REP,PATRICK MORRISEY,129
Cabell,PRECINCT 10,Governor,,REP,PATRICK MORRISEY,84
Cabell,PRECINCT 11,Governor,,REP,PATRICK MORRISEY,90
Cabell,PRECINCT 12,Governor,,REP,PATRICK MORRISEY,55
Cabell,PRECINCT 13,Governor,,REP,PATRICK MORRISEY,152
Cabell,PRECINCT 14,Governor,,REP,PATRICK MORRISEY,292
Cabell,PRECINCT 15,Governor,,REP,PATRICK MORRISEY,2
Cabell,PRECINCT 16,Governor,,REP,PATRICK MORRISEY,32
Cabell,PRECINCT 17,Governor,,REP,PATRICK MORRISEY,68
Cabell,PRECINCT 18,Governor,,REP,PATRICK MORRISEY,110
Cabell,PRECINCT 19,Governor,,REP,PATRICK MORRISEY,107
Cabell,PRECINCT 20,Governor,,REP,PATRICK MORRISEY,74
Cabell,PRECINCT 21,Governor,,REP,PATRICK MORRISEY,53
Cabell,PRECINCT 22,Governor,,REP,PATRICK MORRISEY,357
Cabell,PRECINCT 23,Governor,,REP,PATRICK MORRISEY,218
Cabell,PRECINCT 24,Governor,,REP,PATRICK MORRISEY,69
Cabell,PRECINCT 25,Governor,,REP,PATRICK MORRISEY,153
Cabell,PRECINCT 26,Governor,,REP,PATRICK MORRISEY,177
Cabell,PRECINCT 27,Governor,,REP,PATRICK MORRISEY,130
Cabell,PRECINCT 28,Governor,,REP,PATRICK MORRISEY,41
Cabell,PRECINCT 29,Governor,,REP,PATRICK MORRISEY,207
Cabell,PRECINCT 30,Governor,,REP,PATRICK MORRISEY,238
Cabell,PRECINCT 31,Governor,,REP,PATRICK MORRISEY,239
Cabell,PRECINCT 32,Governor,,REP,PATRICK MORRISEY,185
Cabell,PRECINCT 33,Governor,,REP,PATRICK MORRISEY,105
Cabell,PRECINCT 34,Governor,,REP,PATRICK MORRISEY,255
Cabell,PRECINCT 35,Governor,,REP,PATRICK MORRISEY,421
Cabell,PRECINCT 36,Governor,,REP,PATRICK MORRISEY,34
Cabell,PRECINCT 37,Governor,,REP,PATRICK MORRISEY,251
Cabell,PRECINCT 38,Governor,,REP,PATRICK MORRISEY,128
Cabell,PRECINCT 39,Governor,,REP,PATRICK MORRISEY,318
Cabell,PRECINCT 40,Governor,,REP,PATRICK MORRISEY,196
Cabell,PRECINCT 41,Governor,,REP,PATRICK MORRISEY,499
Cabell,PRECINCT 42,Governor,,REP,PATRICK MORRISEY,363
Cabell,PRECINCT 43,Governor,,REP,PATRICK MORRISEY,306
Cabell,PRECINCT 44,Governor,,REP,PATRICK MORRISEY,196
Cabell,PRECINCT 45,Governor,,REP,PATRICK MORRISEY,317
Cabell,PRECINCT 46,Governor,,REP,PATRICK MORRISEY,542
Cabell,PRECINCT 47,Governor,,REP,PATRICK MORRISEY,306
Cabell,PRECINCT 48,Governor,,REP,PATRICK MORRISEY,474
Cabell,PRECINCT 49,Governor,,REP,PATRICK MORRISEY,622
Cabell,PRECINCT 50,Governor,,REP,PATRICK MORRISEY,616
Cabell,PRECINCT 51,Governor,,REP,PATRICK MORRISEY,399
Cabell,PRECINCT 52,Governor,,REP,PATRICK MORRISEY,334
Cabell,PRECINCT 53,Governor,,REP,PATRICK MORRISEY,517
Cabell,PRECINCT 54,Governor,,REP,PATRICK MORRISEY,215
Cabell,PRECINCT 55,Governor,,REP,PATRICK MORRISEY,363
Cabell,PRECINCT 56,Governor,,REP,PATRICK MORRISEY,241
Cabell,PRECINCT 57,Governor,,REP,PATRICK MORRISEY,507
Cabell,PRECINCT 58,Governor,,REP,PATRICK MORRISEY,336
Cabell,PRECINCT 59,Governor,,REP,PATRICK MORRISEY,653
Cabell,PRECINCT 60,Governor,,REP,PATRICK MORRISEY,444
Cabell,PRECINCT 61,Governor,,REP,PATRICK MORRISEY,612
Cabell,PRECINCT 62,Governor,,REP,PATRICK MORRISEY,485
Cabell,PRECINCT 63,Governor,,REP,PATRICK MORRISEY,352
Cabell,PRECINCT 64,Governor,,REP,PATRICK MORRISEY,271
Cabell,PRECINCT 65,Governor,,REP,PATRICK MORRISEY,412
Cabell,PRECINCT 66,Governor,,REP,PATRICK MORRISEY,40
Cabell,PRECINCT 67,Governor,,REP,PATRICK MORRISEY,351
Cabell,PRECINCT 68,Governor,,REP,PATRICK MORRISEY,149
Cabell,PRECINCT 1,Governor,,DEM,STEVE WILLIAMS,149
Cabell,PRECINCT 2,Governor,,DEM,STEVE WILLIAMS,194
Cabell,PRECINCT 3,Governor,,DEM,STEVE WILLIAMS,165
Cabell,PRECINCT 4,Governor,,DEM,STEVE WILLIAMS,186
Cabell,PRECINCT 5,Governor,,DEM,STEVE WILLIAMS,477
Cabell,PRECINCT 6,Governor,,DEM,STEVE WILLIAMS,377
Cabell,PRECINCT 7,Governor,,DEM,STEVE WILLIAMS,152
Cabell,PRECINCT 8,Governor,,DEM,STEVE WILLIAMS,157
Cabell,PRECINCT 9,Governor,,DEM,STEVE WILLIAMS,201
Cabell,PRECINCT 10,Governor,,DEM,STEVE WILLIAMS,222
Cabell,PRECINCT 11,Governor,,DEM,STEVE WILLIAMS,230
Cabell,PRECINCT 12,Governor,,DEM,STEVE WILLIAMS,284
Cabell,PRECINCT 13,Governor,,DEM,STEVE WILLIAMS,402
Cabell,PRECINCT 14,Governor,,DEM,STEVE WILLIAMS,498
Cabell,PRECINCT 15,Governor,,DEM,STEVE WILLIAMS,4
Cabell,PRECINCT 16,Governor,,DEM,STEVE WILLIAMS,258
Cabell,PRECINCT 17,Governor,,DEM,STEVE WILLIAMS,186
Cabell,PRECINCT 18,Governor,,DEM,STEVE WILLIAMS,332
Cabell,PRECINCT 19,Governor,,DEM,STEVE WILLIAMS,218
Cabell,PRECINCT 20,Governor,,DEM,STEVE WILLIAMS,96
Cabell,PRECINCT 21,Governor,,DEM,STEVE WILLIAMS,107
Cabell,PRECINCT 22,Governor,,DEM,STEVE WILLIAMS,646
Cabell,PRECINCT 23,Governor,,DEM,STEVE WILLIAMS,238
Cabell,PRECINCT 24,Governor,,DEM,STEVE WILLIAMS,106
Cabell,PRECINCT 25,Governor,,DEM,STEVE WILLIAMS,270
Cabell,PRECINCT 26,Governor,,DEM,STEVE WILLIAMS,249
Cabell,PRECINCT 27,Governor,,DEM,STEVE WILLIAMS,126
Cabell,PRECINCT 28,Governor,,DEM,STEVE WILLIAMS,36
Cabell,PRECINCT 29,Governor,,DEM,STEVE WILLIAMS,288
Cabell,PRECINCT 30,Governor,,DEM,STEVE WILLIAMS,352
Cabell,PRECINCT 31,Governor,,DEM,STEVE WILLIAMS,234
Cabell,PRECINCT 32,Governor,,DEM,STEVE WILLIAMS,97
Cabell,PRECINCT 33,Governor,,DEM,STEVE WILLIAMS,48
Cabell,PRECINCT 34,Governor,,DEM,STEVE WILLIAMS,167
Cabell,PRECINCT 35,Governor,,DEM,STEVE WILLIAMS,232
Cabell,PRECINCT 36,Governor,,DEM,STEVE WILLIAMS,28
Cabell,PRECINCT 37,Governor,,DEM,STEVE WILLIAMS,232
Cabell,PRECINCT 38,Governor,,DEM,STEVE WILLIAMS,160
Cabell,PRECINCT 39,Governor,,DEM,STEVE WILLIAMS,254
Cabell,PRECINCT 40,Governor,,DEM,STEVE WILLIAMS,250
Cabell,PRECINCT 41,Governor,,DEM,STEVE WILLIAMS,587
Cabell,PRECINCT 42,Governor,,DEM,STEVE WILLIAMS,360
Cabell,PRECINCT 43,Governor,,DEM,STEVE WILLIAMS,250
Cabell,PRECINCT 44,Governor,,DEM,STEVE WILLIAMS,201
Cabell,PRECINCT 45,Governor,,DEM,STEVE WILLIAMS,211
Cabell,PRECINCT 46,Governor,,DEM,STEVE WILLIAMS,389
Cabell,PRECINCT 47,Governor,,DEM,STEVE WILLIAMS,232
Cabell,PRECINCT 48,Governor,,DEM,STEVE WILLIAMS,273
Cabell,PRECINCT 49,Governor,,DEM,STEVE WILLIAMS,301
Cabell,PRECINCT 50,Governor,,DEM,STEVE WILLIAMS,165
Cabell,PRECINCT 51,Governor,,DEM,STEVE WILLIAMS,203
Cabell,PRECINCT 52,Governor,,DEM,STEVE WILLIAMS,194
Cabell,PRECINCT 53,Governor,,DEM,STEVE WILLIAMS,280
Cabell,PRECINCT 54,Governor,,DEM,STEVE WILLIAMS,158
Cabell,PRECINCT 55,Governor,,DEM,STEVE WILLIAMS,185
Cabell,PRECINCT 56,Governor,,DEM,STEVE WILLIAMS,113
Cabell,PRECINCT 57,Governor,,DEM,STEVE WILLIAMS,197
Cabell,PRECINCT 58,Governor,,DEM,STEVE WILLIAMS,155
Cabell,PRECINCT 59,Governor,,DEM,STEVE WILLIAMS,436
Cabell,PRECINCT 60,Governor,,DEM,STEVE WILLIAMS,163
Cabell,PRECINCT 61,Governor,,DEM,STEVE WILLIAMS,234
Cabell,PRECINCT 62,Governor,,DEM,STEVE WILLIAMS,287
Cabell,PRECINCT 63,Governor,,DEM,STEVE WILLIAMS,229
Cabell,PRECINCT 64,Governor,,DEM,STEVE WILLIAMS,149
Cabell,PRECINCT 65,Governor,,DEM,STEVE WILLIAMS,196
Cabell,PRECINCT 66,Governor,,DEM,STEVE WILLIAMS,50
Cabell,PRECINCT 67,Governor,,DEM,STEVE WILLIAMS,227
Cabell,PRECINCT 68,Governor,,DEM,STEVE WILLIAMS,99
Cabell,PRECINCT 1,Governor,,LBN,ERIKA KLIE KOLENICH,15
Cabell,PRECINCT 2,Governor,,LBN,ERIKA KLIE KOLENICH,14
Cabell,PRECINCT 3,Governor,,LBN,ERIKA KLIE KOLENICH,14
Cabell,PRECINCT 4,Governor,,LBN,ERIKA KLIE KOLENICH,15
Cabell,PRECINCT 5,Governor,,LBN,ERIKA KLIE KOLENICH,17
Cabell,PRECINCT 6,Governor,,LBN,ERIKA KLIE KOLENICH,21
Cabell,PRECINCT 7,Governor,,LBN,ERIKA KLIE KOLENICH,10
Cabell,PRECINCT 8,Governor,,LBN,ERIKA KLIE KOLENICH,2
Cabell,PRECINCT 9,Governor,,LBN,ERIKA KLIE KOLENICH,8
Cabell,PRECINCT 10,Governor,,LBN,ERIKA KLIE KOLENICH,11
Cabell,PRECINCT 11,Governor,,LBN,ERIKA KLIE KOLENICH,8
Cabell,PRECINCT 12,Governor,,LBN,ERIKA KLIE KOLENICH,12
Cabell,PRECINCT 13,Governor,,LBN,ERIKA KLIE KOLENICH,12
Cabell,PRECINCT 14,Governor,,LBN,ERIKA KLIE KOLENICH,25
Cabell,PRECINCT 15,Governor,,LBN,ERIKA KLIE KOLENICH,0
Cabell,PRECINCT 16,Governor,,LBN,ERIKA KLIE KOLENICH,9
Cabell,PRECINCT 17,Governor,,LBN,ERIKA KLIE KOLENICH,8
Cabell,PRECINCT 18,Governor,,LBN,ERIKA KLIE KOLENICH,17
Cabell,PRECINCT 19,Governor,,LBN,ERIKA KLIE KOLENICH,22
Cabell,PRECINCT 20,Governor,,LBN,ERIKA KLIE KOLENICH,10
Cabell,PRECINCT 21,Governor,,LBN,ERIKA KLIE KOLENICH,12
Cabell,PRECINCT 22,Governor,,LBN,ERIKA KLIE KOLENICH,12
Cabell,PRECINCT 23,Governor,,LBN,ERIKA KLIE KOLENICH,15
Cabell,PRECINCT 24,Governor,,LBN,ERIKA KLIE KOLENICH,4
Cabell,PRECINCT 25,Governor,,LBN,ERIKA KLIE KOLENICH,16
Cabell,PRECINCT 26,Governor,,LBN,ERIKA KLIE KOLENICH,11
Cabell,PRECINCT 27,Governor,,LBN,ERIKA KLIE KOLENICH,13
Cabell,PRECINCT 28,Governor,,LBN,ERIKA KLIE KOLENICH,1
Cabell,PRECINCT 29,Governor,,LBN,ERIKA KLIE KOLENICH,13
Cabell,PRECINCT 30,Governor,,LBN,ERIKA KLIE KOLENICH,21
Cabell,PRECINCT 31,Governor,,LBN,ERIKA KLIE KOLENICH,12
Cabell,PRECINCT 32,Governor,,LBN,ERIKA KLIE KOLENICH,12
Cabell,PRECINCT 33,Governor,,LBN,ERIKA KLIE KOLENICH,5
Cabell,PRECINCT 34,Governor,,LBN,ERIKA KLIE KOLENICH,12
Cabell,PRECINCT 35,Governor,,LBN,ERIKA KLIE KOLENICH,15
Cabell,PRECINCT 36,Governor,,LBN,ERIKA KLIE KOLENICH,1
Cabell,PRECINCT 37,Governor,,LBN,ERIKA KLIE KOLENICH,6
Cabell,PRECINCT 38,Governor,,LBN,ERIKA KLIE KOLENICH,7
Cabell,PRECINCT 39,Governor,,LBN,ERIKA KLIE KOLENICH,14
Cabell,PRECINCT 40,Governor,,LBN,ERIKA KLIE KOLENICH,17
Cabell,PRECINCT 41,Governor,,LBN,ERIKA KLIE KOLENICH,17
Cabell,PRECINCT 42,Governor,,LBN,ERIKA KLIE KOLENICH,22
Cabell,PRECINCT 43,Governor,,LBN,ERIKA KLIE KOLENICH,19
Cabell,PRECINCT 44,Governor,,LBN,ERIKA KLIE KOLENICH,9
Cabell,PRECINCT 45,Governor,,LBN,ERIKA KLIE KOLENICH,20
Cabell,PRECINCT 46,Governor,,LBN,ERIKA KLIE KOLENICH,21
Cabell,PRECINCT 47,Governor,,LBN,ERIKA KLIE KOLENICH,14
Cabell,PRECINCT 48,Governor,,LBN,ERIKA KLIE KOLENICH,22
Cabell,PRECINCT 49,Governor,,LBN,ERIKA KLIE KOLENICH,18
Cabell,PRECINCT 50,Governor,,LBN,ERIKA KLIE KOLENICH,9
Cabell,PRECINCT 51,Governor,,LBN,ERIKA KLIE KOLENICH,12
Cabell,PRECINCT 52,Governor,,LBN,ERIKA KLIE KOLENICH,14
Cabell,PRECINCT 53,Governor,,LBN,ERIKA KLIE KOLENICH,24
Cabell,PRECINCT 54,Governor,,LBN,ERIKA KLIE KOLENICH,10
Cabell,PRECINCT 55,Governor,,LBN,ERIKA KLIE KOLENICH,15
Cabell,PRECINCT 56,Governor,,LBN,ERIKA KLIE KOLENICH,6
Cabell,PRECINCT 57,Governor,,LBN,ERIKA KLIE KOLENICH,19
Cabell,PRECINCT 58,Governor,,LBN,ERIKA KLIE KOLENICH,11
Cabell,PRECINCT 59,Governor,,LBN,ERIKA KLIE KOLENICH,31
Cabell,PRECINCT 60,Governor,,LBN,ERIKA KLIE KOLENICH,15
Cabell,PRECINCT 61,Governor,,LBN,ERIKA KLIE KOLENICH,24
Cabell,PRECINCT 62,Governor,,LBN,ERIKA KLIE KOLENICH,18
Cabell,PRECINCT 63,Governor,,LBN,ERIKA KLIE KOLENICH,13
Cabell,PRECINCT 64,Governor,,LBN,ERIKA KLIE KOLENICH,15
Cabell,PRECINCT 65,Governor,,LBN,ERIKA KLIE KOLENICH,9
Cabell,PRECINCT 66,Governor,,LBN,ERIKA KLIE KOLENICH,4
Cabell,PRECINCT 67,Governor,,LBN,ERIKA KLIE KOLENICH,15
Cabell,PRECINCT 68,Governor,,LBN,ERIKA KLIE KOLENICH,12
Cabell,PRECINCT 1,Governor,,CST,S. MARSHALL WILSON,5
Cabell,PRECINCT 2,Governor,,CST,S. MARSHALL WILSON,9
Cabell,PRECINCT 3,Governor,,CST,S. MARSHALL WILSON,3
Cabell,PRECINCT 4,Governor,,CST,S. MARSHALL WILSON,7
Cabell,PRECINCT 5,Governor,,CST,S. MARSHALL WILSON,8
Cabell,PRECINCT 6,Governor,,CST,S. MARSHALL WILSON,4
Cabell,PRECINCT 7,Governor,,CST,S. MARSHALL WILSON,2
Cabell,PRECINCT 8,Governor,,CST,S. MARSHALL WILSON,9
Cabell,PRECINCT 9,Governor,,CST,S. MARSHALL WILSON,4
Cabell,PRECINCT 10,Governor,,CST,S. MARSHALL WILSON,2
Cabell,PRECINCT 11,Governor,,CST,S. MARSHALL WILSON,4
Cabell,PRECINCT 12,Governor,,CST,S. MARSHALL WILSON,3
Cabell,PRECINCT 13,Governor,,CST,S. MARSHALL WILSON,6
Cabell,PRECINCT 14,Governor,,CST,S. MARSHALL WILSON,9
Cabell,PRECINCT 15,Governor,,CST,S. MARSHALL WILSON,0
Cabell,PRECINCT 16,Governor,,CST,S. MARSHALL WILSON,0
Cabell,PRECINCT 17,Governor,,CST,S. MARSHALL WILSON,2
Cabell,PRECINCT 18,Governor,,CST,S. MARSHALL WILSON,2
Cabell,PRECINCT 19,Governor,,CST,S. MARSHALL WILSON,2
Cabell,PRECINCT 20,Governor,,CST,S. MARSHALL WILSON,0
Cabell,PRECINCT 21,Governor,,CST,S. MARSHALL WILSON,4
Cabell,PRECINCT 22,Governor,,CST,S. MARSHALL WILSON,16
Cabell,PRECINCT 23,Governor,,CST,S. MARSHALL WILSON,6
Cabell,PRECINCT 24,Governor,,CST,S. MARSHALL WILSON,3
Cabell,PRECINCT 25,Governor,,CST,S. MARSHALL WILSON,3
Cabell,PRECINCT 26,Governor,,CST,S. MARSHALL WILSON,8
Cabell,PRECINCT 27,Governor,,CST,S. MARSHALL WILSON,5
Cabell,PRECINCT 28,Governor,,CST,S. MARSHALL WILSON,1
Cabell,PRECINCT 29,Governor,,CST,S. MARSHALL WILSON,9
Cabell,PRECINCT 30,Governor,,CST,S. MARSHALL WILSON,10
Cabell,PRECINCT 31,Governor,,CST,S. MARSHALL WILSON,6
Cabell,PRECINCT 32,Governor,,CST,S. MARSHALL WILSON,13
Cabell,PRECINCT 33,Governor,,CST,S. MARSHALL WILSON,2
Cabell,PRECINCT 34,Governor,,CST,S. MARSHALL WILSON,8
Cabell,PRECINCT 35,Governor,,CST,S. MARSHALL WILSON,19
Cabell,PRECINCT 36,Governor,,CST,S. MARSHALL WILSON,0
Cabell,PRECINCT 37,Governor,,CST,S. MARSHALL WILSON,7
Cabell,PRECINCT 38,Governor,,CST,S. MARSHALL WILSON,3
Cabell,PRECINCT 39,Governor,,CST,S. MARSHALL WILSON,5
Cabell,PRECINCT 40,Governor,,CST,S. MARSHALL WILSON,7
Cabell,PRECINCT 41,Governor,,CST,S. MARSHALL WILSON,14
Cabell,PRECINCT 42,Governor,,CST,S. MARSHALL WILSON,9
Cabell,PRECINCT 43,Governor,,CST,S. MARSHALL WILSON,4
Cabell,PRECINCT 44,Governor,,CST,S. MARSHALL WILSON,8
Cabell,PRECINCT 45,Governor,,CST,S. MARSHALL WILSON,9
Cabell,PRECINCT 46,Governor,,CST,S. MARSHALL WILSON,18
Cabell,PRECINCT 47,Governor,,CST,S. MARSHALL WILSON,6
Cabell,PRECINCT 48,Governor,,CST,S. MARSHALL WILSON,15
Cabell,PRECINCT 49,Governor,,CST,S. MARSHALL WILSON,15
Cabell,PRECINCT 50,Governor,,CST,S. MARSHALL WILSON,45
Cabell,PRECINCT 51,Governor,,CST,S. MARSHALL WILSON,19
Cabell,PRECINCT 52,Governor,,CST,S. MARSHALL WILSON,14
Cabell,PRECINCT 53,Governor,,CST,S. MARSHALL WILSON,11
Cabell,PRECINCT 54,Governor,,CST,S. MARSHALL WILSON,4
Cabell,PRECINCT 55,Governor,,CST,S. MARSHALL WILSON,19
Cabell,PRECINCT 56,Governor,,CST,S. MARSHALL WILSON,5
Cabell,PRECINCT 57,Governor,,CST,S. MARSHALL WILSON,20
Cabell,PRECINCT 58,Governor,,CST,S. MARSHALL WILSON,19
Cabell,PRECINCT 59,Governor,,CST,S. MARSHALL WILSON,29
Cabell,PRECINCT 60,Governor,,CST,S. MARSHALL WILSON,19
Cabell,PRECINCT 61,Governor,,CST,S. MARSHALL WILSON,29
Cabell,PRECINCT 62,Governor,,CST,S. MARSHALL WILSON,21
Cabell,PRECINCT 63,Governor,,CST,S. MARSHALL WILSON,30
Cabell,PRECINCT 64,Governor,,CST,S. MARSHALL WILSON,20
Cabell,PRECINCT 65,Governor,,CST,S. MARSHALL WILSON,22
Cabell,PRECINCT 66,Governor,,CST,S. MARSHALL WILSON,4
Cabell,PRECINCT 67,Governor,,CST,S. MARSHALL WILSON,12
Cabell,PRECINCT 68,Governor,,CST,S. MARSHALL WILSON,7
Cabell,PRECINCT 1,Governor,,MTN,CHASE LINKO-LOOPER,6
Cabell,PRECINCT 2,Governor,,MTN,CHASE LINKO-LOOPER,6
Cabell,PRECINCT 3,Governor,,MTN,CHASE LINKO-LOOPER,4
Cabell,PRECINCT 4,Governor,,MTN,CHASE LINKO-LOOPER,7
Cabell,PRECINCT 5,Governor,,MTN,CHASE LINKO-LOOPER,8
Cabell,PRECINCT 6,Governor,,MTN,CHASE LINKO-LOOPER,5
Cabell,PRECINCT 7,Governor,,MTN,CHASE LINKO-LOOPER,2
Cabell,PRECINCT 8,Governor,,MTN,CHASE LINKO-LOOPER,2
Cabell,PRECINCT 9,Governor,,MTN,CHASE LINKO-LOOPER,2
Cabell,PRECINCT 10,Governor,,MTN,CHASE LINKO-LOOPER,6
Cabell,PRECINCT 11,Governor,,MTN,CHASE LINKO-LOOPER,5
Cabell,PRECINCT 12,Governor,,MTN,CHASE LINKO-LOOPER,5
Cabell,PRECINCT 13,Governor,,MTN,CHASE LINKO-LOOPER,9
Cabell,PRECINCT 14,Governor,,MTN,CHASE LINKO-LOOPER,6
Cabell,PRECINCT 15,Governor,,MTN,CHASE LINKO-LOOPER,0
Cabell,PRECINCT 16,Governor,,MTN,CHASE LINKO-LOOPER,8
Cabell,PRECINCT 17,Governor,,MTN,CHASE LINKO-LOOPER,1
Cabell,PRECINCT 18,Governor,,MTN,CHASE LINKO-LOOPER,5
Cabell,PRECINCT 19,Governor,,MTN,CHASE LINKO-LOOPER,7
Cabell,PRECINCT 20,Governor,,MTN,CHASE LINKO-LOOPER,4
Cabell,PRECINCT 21,Governor,,MTN,CHASE LINKO-LOOPER,3
Cabell,PRECINCT 22,Governor,,MTN,CHASE LINKO-LOOPER,10
Cabell,PRECINCT 23,Governor,,MTN,CHASE LINKO-LOOPER,9
Cabell,PRECINCT 24,Governor,,MTN,CHASE LINKO-LOOPER,2
Cabell,PRECINCT 25,Governor,,MTN,CHASE LINKO-LOOPER,9
Cabell,PRECINCT 26,Governor,,MTN,CHASE LINKO-LOOPER,5
Cabell,PRECINCT 27,Governor,,MTN,CHASE LINKO-LOOPER,3
Cabell,PRECINCT 28,Governor,,MTN,CHASE LINKO-LOOPER,0
Cabell,PRECINCT 29,Governor,,MTN,CHASE LINKO-LOOPER,4
Cabell,PRECINCT 30,Governor,,MTN,CHASE LINKO-LOOPER,9
Cabell,PRECINCT 31,Governor,,MTN,CHASE LINKO-LOOPER,2
Cabell,PRECINCT 32,Governor,,MTN,CHASE LINKO-LOOPER,4
Cabell,PRECINCT 33,Governor,,MTN,CHASE LINKO-LOOPER,2
Cabell,PRECINCT 34,Governor,,MTN,CHASE LINKO-LOOPER,5
Cabell,PRECINCT 35,Governor,,MTN,CHASE LINKO-LOOPER,4
Cabell,PRECINCT 36,Governor,,MTN,CHASE LINKO-LOOPER,1
Cabell,PRECINCT 37,Governor,,MTN,CHASE LINKO-LOOPER,5
Cabell,PRECINCT 38,Governor,,MTN,CHASE LINKO-LOOPER,2
Cabell,PRECINCT 39,Governor,,MTN,CHASE LINKO-LOOPER,5
Cabell,PRECINCT 40,Governor,,MTN,CHASE LINKO-LOOPER,8
Cabell,PRECINCT 41,Governor,,MTN,CHASE LINKO-LOOPER,14
Cabell,PRECINCT 42,Governor,,MTN,CHASE LINKO-LOOPER,6
Cabell,PRECINCT 43,Governor,,MTN,CHASE LINKO-LOOPER,3
Cabell,PRECINCT 44,Governor,,MTN,CHASE LINKO-LOOPER,5
Cabell,PRECINCT 45,Governor,,MTN,CHASE LINKO-LOOPER,7
Cabell,PRECINCT 46,Governor,,MTN,CHASE LINKO-LOOPER,8
Cabell,PRECINCT 47,Governor,,MTN,CHASE LINKO-LOOPER,3
Cabell,PRECINCT 48,Governor,,MTN,CHASE LINKO-LOOPER,12
Cabell,PRECINCT 49,Governor,,MTN,CHASE LINKO-LOOPER,10
Cabell,PRECINCT 50,Governor,,MTN,CHASE LINKO-LOOPER,11
Cabell,PRECINCT 51,Governor,,MTN,CHASE LINKO-LOOPER,5
Cabell,PRECINCT 52,Governor,,MTN,CHASE LINKO-LOOPER,9
Cabell,PRECINCT 53,Governor,,MTN,CHASE LINKO-LOOPER,3
Cabell,PRECINCT 54,Governor,,MTN,CHASE LINKO-LOOPER,4
Cabell,PRECINCT 55,Governor,,MTN,CHASE LINKO-LOOPER,9
Cabell,PRECINCT 56,Governor,,MTN,CHASE LINKO-LOOPER,6
Cabell,PRECINCT 57,Governor,,MTN,CHASE LINKO-LOOPER,11
Cabell,PRECINCT 58,Governor,,MTN,CHASE LINKO-LOOPER,3
Cabell,PRECINCT 59,Governor,,MTN,CHASE LINKO-LOOPER,13
Cabell,PRECINCT 60,Governor,,MTN,CHASE LINKO-LOOPER,7
Cabell,PRECINCT 61,Governor,,MTN,CHASE LINKO-LOOPER,7
Cabell,PRECINCT 62,Governor,,MTN,CHASE LINKO-LOOPER,7
Cabell,PRECINCT 63,Governor,,MTN,CHASE LINKO-LOOPER,8
Cabell,PRECINCT 64,Governor,,MTN,CHASE LINKO-LOOPER,3
Cabell,PRECINCT 65,Governor,,MTN,CHASE LINKO-LOOPER,7
Cabell,PRECINCT 66,Governor,,MTN,CHASE LINKO-LOOPER,1
Cabell,PRECINCT 67,Governor,,MTN,CHASE LINKO-LOOPER,9
Cabell,PRECINCT 68,Governor,,MTN,CHASE LINKO-LOOPER,2
Cabell,PRECINCT 1,Secretary of State,,REP,KRIS WARNER,193
Cabell,PRECINCT 2,Secretary of State,,REP,KRIS WARNER,199
Cabell,PRECINCT 3,Secretary of State,,REP,KRIS WARNER,182
Cabell,PRECINCT 4,Secretary of State,,REP,KRIS WARNER,312
Cabell,PRECINCT 5,Secretary of State,,REP,KRIS WARNER,304
Cabell,PRECINCT 6,Secretary of State,,REP,KRIS WARNER,260
Cabell,PRECINCT 7,Secretary of State,,REP,KRIS WARNER,138
Cabell,PRECINCT 8,Secretary of State,,REP,KRIS WARNER,174
Cabell,PRECINCT 9,Secretary of State,,REP,KRIS WARNER,151
Cabell,PRECINCT 10,Secretary of State,,REP,KRIS WARNER,98
Cabell,PRECINCT 11,Secretary of State,,REP,KRIS WARNER,100
Cabell,PRECINCT 12,Secretary of State,,REP,KRIS WARNER,87
Cabell,PRECINCT 13,Secretary of State,,REP,KRIS WARNER,187
Cabell,PRECINCT 14,Secretary of State,,REP,KRIS WARNER,396
Cabell,PRECINCT 15,Secretary of State,,REP,KRIS WARNER,3
Cabell,PRECINCT 16,Secretary of State,,REP,KRIS WARNER,60
Cabell,PRECINCT 17,Secretary of State,,REP,KRIS WARNER,94
Cabell,PRECINCT 18,Secretary of State,,REP,KRIS WARNER,153
Cabell,PRECINCT 19,Secretary of State,,REP,KRIS WARNER,141
Cabell,PRECINCT 20,Secretary of State,,REP,KRIS WARNER,94
Cabell,PRECINCT 21,Secretary of State,,REP,KRIS WARNER,76
Cabell,PRECINCT 22,Secretary of State,,REP,KRIS WARNER,522
Cabell,PRECINCT 23,Secretary of State,,REP,KRIS WARNER,249
Cabell,PRECINCT 24,Secretary of State,,REP,KRIS WARNER,72
Cabell,PRECINCT 25,Secretary of State,,REP,KRIS WARNER,185
Cabell,PRECINCT 26,Secretary of State,,REP,KRIS WARNER,223
Cabell,PRECINCT 27,Secretary of State,,REP,KRIS WARNER,150
Cabell,PRECINCT 28,Secretary of State,,REP,KRIS WARNER,45
Cabell,PRECINCT 29,Secretary of State,,REP,KRIS WARNER,272
Cabell,PRECINCT 30,Secretary of State,,REP,KRIS WARNER,326
Cabell,PRECINCT 31,Secretary of State,,REP,KRIS WARNER,284
Cabell,PRECINCT 32,Secretary of State,,REP,KRIS WARNER,202
Cabell,PRECINCT 33,Secretary of State,,REP,KRIS WARNER,117
Cabell,PRECINCT 34,Secretary of State,,REP,KRIS WARNER,270
Cabell,PRECINCT 35,Secretary of State,,REP,KRIS WARNER,479
Cabell,PRECINCT 36,Secretary of State,,REP,KRIS WARNER,40
Cabell,PRECINCT 37,Secretary of State,,REP,KRIS WARNER,294
Cabell,PRECINCT 38,Secretary of State,,REP,KRIS WARNER,149
Cabell,PRECINCT 39,Secretary of State,,REP,KRIS WARNER,374
Cabell,PRECINCT 40,Secretary of State,,REP,KRIS WARNER,240
Cabell,PRECINCT 41,Secretary of State,,REP,KRIS WARNER,637
Cabell,PRECINCT 42,Secretary of State,,REP,KRIS WARNER,457
Cabell,PRECINCT 43,Secretary of State,,REP,KRIS WARNER,366
Cabell,PRECINCT 44,Secretary of State,,REP,KRIS WARNER,229
Cabell,PRECINCT 45,Secretary of State,,REP,KRIS WARNER,363
Cabell,PRECINCT 46,Secretary of State,,REP,KRIS WARNER,655
Cabell,PRECINCT 47,Secretary of State,,REP,KRIS WARNER,381
Cabell,PRECINCT 48,Secretary of State,,REP,KRIS WARNER,584
Cabell,PRECINCT 49,Secretary of State,,REP,KRIS WARNER,741
Cabell,PRECINCT 50,Secretary of State,,REP,KRIS WARNER,683
Cabell,PRECINCT 51,Secretary of State,,REP,KRIS WARNER,449
Cabell,PRECINCT 52,Secretary of State,,REP,KRIS WARNER,376
Cabell,PRECINCT 53,Secretary of State,,REP,KRIS WARNER,598
Cabell,PRECINCT 54,Secretary of State,,REP,KRIS WARNER,248
Cabell,PRECINCT 55,Secretary of State,,REP,KRIS WARNER,424
Cabell,PRECINCT 56,Secretary of State,,REP,KRIS WARNER,271
Cabell,PRECINCT 57,Secretary of State,,REP,KRIS WARNER,588
Cabell,PRECINCT 58,Secretary of State,,REP,KRIS WARNER,398
Cabell,PRECINCT 59,Secretary of State,,REP,KRIS WARNER,788
Cabell,PRECINCT 60,Secretary of State,,REP,KRIS WARNER,506
Cabell,PRECINCT 61,Secretary of State,,REP,KRIS WARNER,676
Cabell,PRECINCT 62,Secretary of State,,REP,KRIS WARNER,597
Cabell,PRECINCT 63,Secretary of State,,REP,KRIS WARNER,443
Cabell,PRECINCT 64,Secretary of State,,REP,KRIS WARNER,318
Cabell,PRECINCT 65,Secretary of State,,REP,KRIS WARNER,481
Cabell,PRECINCT 66,Secretary of State,,REP,KRIS WARNER,49
Cabell,PRECINCT 67,Secretary of State,,REP,KRIS WARNER,415
Cabell,PRECINCT 68,Secretary of State,,REP,KRIS WARNER,186
Cabell,PRECINCT 1,Secretary of State,,DEM,THORNTON COOPER,138
Cabell,PRECINCT 2,Secretary of State,,DEM,THORNTON COOPER,163
Cabell,PRECINCT 3,Secretary of State,,DEM,THORNTON COOPER,150
Cabell,PRECINCT 4,Secretary of State,,DEM,THORNTON COOPER,144
Cabell,PRECINCT 5,Secretary of State,,DEM,THORNTON COOPER,388
Cabell,PRECINCT 6,Secretary of State,,DEM,THORNTON COOPER,322
Cabell,PRECINCT 7,Secretary of State,,DEM,THORNTON COOPER,121
Cabell,PRECINCT 8,Secretary of State,,DEM,THORNTON COOPER,99
Cabell,PRECINCT 9,Secretary of State,,DEM,THORNTON COOPER,176
Cabell,PRECINCT 10,Secretary of State,,DEM,THORNTON COOPER,218
Cabell,PRECINCT 11,Secretary of State,,DEM,THORNTON COOPER,220
Cabell,PRECINCT 12,Secretary of State,,DEM,THORNTON COOPER,244
Cabell,PRECINCT 13,Secretary of State,,DEM,THORNTON COOPER,373
Cabell,PRECINCT 14,Secretary of State,,DEM,THORNTON COOPER,393
Cabell,PRECINCT 15,Secretary of State,,DEM,THORNTON COOPER,3
Cabell,PRECINCT 16,Secretary of State,,DEM,THORNTON COOPER,216
Cabell,PRECINCT 17,Secretary of State,,DEM,THORNTON COOPER,152
Cabell,PRECINCT 18,Secretary of State,,DEM,THORNTON COOPER,290
Cabell,PRECINCT 19,Secretary of State,,DEM,THORNTON COOPER,202
Cabell,PRECINCT 20,Secretary of State,,DEM,THORNTON COOPER,87
Cabell,PRECINCT 21,Secretary of State,,DEM,THORNTON COOPER,95
Cabell,PRECINCT 22,Secretary of State,,DEM,THORNTON COOPER,479
Cabell,PRECINCT 23,Secretary of State,,DEM,THORNTON COOPER,219
Cabell,PRECINCT 24,Secretary of State,,DEM,THORNTON COOPER,105
Cabell,PRECINCT 25,Secretary of State,,DEM,THORNTON COOPER,247
Cabell,PRECINCT 26,Secretary of State,,DEM,THORNTON COOPER,215
Cabell,PRECINCT 27,Secretary of State,,DEM,THORNTON COOPER,116
Cabell,PRECINCT 28,Secretary of State,,DEM,THORNTON COOPER,28
Cabell,PRECINCT 29,Secretary of State,,DEM,THORNTON COOPER,225
Cabell,PRECINCT 30,Secretary of State,,DEM,THORNTON COOPER,284
Cabell,PRECINCT 31,Secretary of State,,DEM,THORNTON COOPER,182
Cabell,PRECINCT 32,Secretary of State,,DEM,THORNTON COOPER,95
Cabell,PRECINCT 33,Secretary of State,,DEM,THORNTON COOPER,37
Cabell,PRECINCT 34,Secretary of State,,DEM,THORNTON COOPER,159
Cabell,PRECINCT 35,Secretary of State,,DEM,THORNTON COOPER,186
Cabell,PRECINCT 36,Secretary of State,,DEM,THORNTON COOPER,17
Cabell,PRECINCT 37,Secretary of State,,DEM,THORNTON COOPER,183
Cabell,PRECINCT 38,Secretary of State,,DEM,THORNTON COOPER,137
Cabell,PRECINCT 39,Secretary of State,,DEM,THORNTON COOPER,202
Cabell,PRECINCT 40,Secretary of State,,DEM,THORNTON COOPER,216
Cabell,PRECINCT 41,Secretary of State,,DEM,THORNTON COOPER,439
Cabell,PRECINCT 42,Secretary of State,,DEM,THORNTON COOPER,285
Cabell,PRECINCT 43,Secretary of State,,DEM,THORNTON COOPER,199
Cabell,PRECINCT 44,Secretary of State,,DEM,THORNTON COOPER,167
Cabell,PRECINCT 45,Secretary of State,,DEM,THORNTON COOPER,169
Cabell,PRECINCT 46,Secretary of State,,DEM,THORNTON COOPER,265
Cabell,PRECINCT 47,Secretary of State,,DEM,THORNTON COOPER,151
Cabell,PRECINCT 48,Secretary of State,,DEM,THORNTON COOPER,184
Cabell,PRECINCT 49,Secretary of State,,DEM,THORNTON COOPER,191
Cabell,PRECINCT 50,Secretary of State,,DEM,THORNTON COOPER,119
Cabell,PRECINCT 51,Secretary of State,,DEM,THORNTON COOPER,161
Cabell,PRECINCT 52,Secretary of State,,DEM,THORNTON COOPER,158
Cabell,PRECINCT 53,Secretary of State,,DEM,THORNTON COOPER,202
Cabell,PRECINCT 54,Secretary of State,,DEM,THORNTON COOPER,123
Cabell,PRECINCT 55,Secretary of State,,DEM,THORNTON COOPER,123
Cabell,PRECINCT 56,Secretary of State,,DEM,THORNTON COOPER,86
Cabell,PRECINCT 57,Secretary of State,,DEM,THORNTON COOPER,137
Cabell,PRECINCT 58,Secretary of State,,DEM,THORNTON COOPER,101
Cabell,PRECINCT 59,Secretary of State,,DEM,THORNTON COOPER,331
Cabell,PRECINCT 60,Secretary of State,,DEM,THORNTON COOPER,115
Cabell,PRECINCT 61,Secretary of State,,DEM,THORNTON COOPER,190
Cabell,PRECINCT 62,Secretary of State,,DEM,THORNTON COOPER,193
Cabell,PRECINCT 63,Secretary of State,,DEM,THORNTON COOPER,156
Cabell,PRECINCT 64,Secretary of State,,DEM,THORNTON COOPER,113
Cabell,PRECINCT 65,Secretary of State,,DEM,THORNTON COOPER,142
Cabell,PRECINCT 66,Secretary of State,,DEM,THORNTON COOPER,45
Cabell,PRECINCT 67,Secretary of State,,DEM,THORNTON COOPER,178
Cabell,PRECINCT 68,Secretary of State,,DEM,THORNTON COOPER,76
Cabell,PRECINCT 1,Auditor,,REP,MARK HUNT,193
Cabell,PRECINCT 2,Auditor,,REP,MARK HUNT,184
Cabell,PRECINCT 3,Auditor,,REP,MARK HUNT,173
Cabell,PRECINCT 4,Auditor,,REP,MARK HUNT,292
Cabell,PRECINCT 5,Auditor,,REP,MARK HUNT,279
Cabell,PRECINCT 6,Auditor,,REP,MARK HUNT,246
Cabell,PRECINCT 7,Auditor,,REP,MARK HUNT,133
Cabell,PRECINCT 8,Auditor,,REP,MARK HUNT,156
Cabell,PRECINCT 9,Auditor,,REP,MARK HUNT,149
Cabell,PRECINCT 10,Auditor,,REP,MARK HUNT,84
Cabell,PRECINCT 11,Auditor,,REP,MARK HUNT,110
Cabell,PRECINCT 12,Auditor,,REP,MARK HUNT,77
Cabell,PRECINCT 13,Auditor,,REP,MARK HUNT,192
Cabell,PRECINCT 14,Auditor,,REP,MARK HUNT,373
Cabell,PRECINCT 15,Auditor,,REP,MARK HUNT,3
Cabell,PRECINCT 16,Auditor,,REP,MARK HUNT,49
Cabell,PRECINCT 17,Auditor,,REP,MARK HUNT,86
Cabell,PRECINCT 18,Auditor,,REP,MARK HUNT,142
Cabell,PRECINCT 19,Auditor,,REP,MARK HUNT,135
Cabell,PRECINCT 20,Auditor,,REP,MARK HUNT,84
Cabell,PRECINCT 21,Auditor,,REP,MARK HUNT,68
Cabell,PRECINCT 22,Auditor,,REP,MARK HUNT,486
Cabell,PRECINCT 23,Auditor,,REP,MARK HUNT,238
Cabell,PRECINCT 24,Auditor,,REP,MARK HUNT,74
Cabell,PRECINCT 25,Auditor,,REP,MARK HUNT,180
Cabell,PRECINCT 26,Auditor,,REP,MARK HUNT,216
Cabell,PRECINCT 27,Auditor,,REP,MARK HUNT,148
Cabell,PRECINCT 28,Auditor,,REP,MARK HUNT,40
Cabell,PRECINCT 29,Auditor,,REP,MARK HUNT,257
Cabell,PRECINCT 30,Auditor,,REP,MARK HUNT,313
Cabell,PRECINCT 31,Auditor,,REP,MARK HUNT,278
Cabell,PRECINCT 32,Auditor,,REP,MARK HUNT,198
Cabell,PRECINCT 33,Auditor,,REP,MARK HUNT,113
Cabell,PRECINCT 34,Auditor,,REP,MARK HUNT,273
Cabell,PRECINCT 35,Auditor,,REP,MARK HUNT,452
Cabell,PRECINCT 36,Auditor,,REP,MARK HUNT,42
Cabell,PRECINCT 37,Auditor,,REP,MARK HUNT,276
Cabell,PRECINCT 38,Auditor,,REP,MARK HUNT,141
Cabell,PRECINCT 39,Auditor,,REP,MARK HUNT,364
Cabell,PRECINCT 40,Auditor,,REP,MARK HUNT,231
Cabell,PRECINCT 41,Auditor,,REP,MARK HUNT,602
Cabell,PRECINCT 42,Auditor,,REP,MARK HUNT,437
Cabell,PRECINCT 43,Auditor,,REP,MARK HUNT,348
Cabell,PRECINCT 44,Auditor,,REP,MARK HUNT,219
Cabell,PRECINCT 45,Auditor,,REP,MARK HUNT,340
Cabell,PRECINCT 46,Auditor,,REP,MARK HUNT,600
Cabell,PRECINCT 47,Auditor,,REP,MARK HUNT,351
Cabell,PRECINCT 48,Auditor,,REP,MARK HUNT,535
Cabell,PRECINCT 49,Auditor,,REP,MARK HUNT,694
Cabell,PRECINCT 50,Auditor,,REP,MARK HUNT,655
Cabell,PRECINCT 51,Auditor,,REP,MARK HUNT,434
Cabell,PRECINCT 52,Auditor,,REP,MARK HUNT,366
Cabell,PRECINCT 53,Auditor,,REP,MARK HUNT,548
Cabell,PRECINCT 54,Auditor,,REP,MARK HUNT,238
Cabell,PRECINCT 55,Auditor,,REP,MARK HUNT,419
Cabell,PRECINCT 56,Auditor,,REP,MARK HUNT,261
Cabell,PRECINCT 57,Auditor,,REP,MARK HUNT,571
Cabell,PRECINCT 58,Auditor,,REP,MARK HUNT,375
Cabell,PRECINCT 59,Auditor,,REP,MARK HUNT,765
Cabell,PRECINCT 60,Auditor,,REP,MARK HUNT,489
Cabell,PRECINCT 61,Auditor,,REP,MARK HUNT,654
Cabell,PRECINCT 62,Auditor,,REP,MARK HUNT,577
Cabell,PRECINCT 63,Auditor,,REP,MARK HUNT,427
Cabell,PRECINCT 64,Auditor,,REP,MARK HUNT,302
Cabell,PRECINCT 65,Auditor,,REP,MARK HUNT,459
Cabell,PRECINCT 66,Auditor,,REP,MARK HUNT,45
Cabell,PRECINCT 67,Auditor,,REP,MARK HUNT,403
Cabell,PRECINCT 68,Auditor,,REP,MARK HUNT,173
Cabell,PRECINCT 1,Auditor,,DEM,MARY ANN ROEBUCK CLAYTOR,134
Cabell,PRECINCT 2,Auditor,,DEM,MARY ANN ROEBUCK CLAYTOR,184
Cabell,PRECINCT 3,Auditor,,DEM,MARY ANN ROEBUCK CLAYTOR,163
Cabell,PRECINCT 4,Auditor,,DEM,MARY ANN ROEBUCK CLAYTOR,160
Cabell,PRECINCT 5,Auditor,,DEM,MARY ANN ROEBUCK CLAYTOR,414
Cabell,PRECINCT 6,Auditor,,DEM,MARY ANN ROEBUCK CLAYTOR,339
Cabell,PRECINCT 7,Auditor,,DEM,MARY ANN ROEBUCK CLAYTOR,123
Cabell,PRECINCT 8,Auditor,,DEM,MARY ANN ROEBUCK CLAYTOR,117
Cabell,PRECINCT 9,Auditor,,DEM,MARY ANN ROEBUCK CLAYTOR,183
Cabell,PRECINCT 10,Auditor,,DEM,MARY ANN ROEBUCK CLAYTOR,230
Cabell,PRECINCT 11,Auditor,,DEM,MARY ANN ROEBUCK CLAYTOR,213
Cabell,PRECINCT 12,Auditor,,DEM,MARY ANN ROEBUCK CLAYTOR,255
Cabell,PRECINCT 13,Auditor,,DEM,MARY ANN ROEBUCK CLAYTOR,366
Cabell,PRECINCT 14,Auditor,,DEM,MARY ANN ROEBUCK CLAYTOR,409
Cabell,PRECINCT 15,Auditor,,DEM,MARY ANN ROEBUCK CLAYTOR,3
Cabell,PRECINCT 16,Auditor,,DEM,MARY ANN ROEBUCK CLAYTOR,242
Cabell,PRECINCT 17,Auditor,,DEM,MARY ANN ROEBUCK CLAYTOR,159
Cabell,PRECINCT 18,Auditor,,DEM,MARY ANN ROEBUCK CLAYTOR,299
Cabell,PRECINCT 19,Auditor,,DEM,MARY ANN ROEBUCK CLAYTOR,214
Cabell,PRECINCT 20,Auditor,,DEM,MARY ANN ROEBUCK CLAYTOR,97
Cabell,PRECINCT 21,Auditor,,DEM,MARY ANN ROEBUCK CLAYTOR,103
Cabell,PRECINCT 22,Auditor,,DEM,MARY ANN ROEBUCK CLAYTOR,504
Cabell,PRECINCT 23,Auditor,,DEM,MARY ANN ROEBUCK CLAYTOR,227
Cabell,PRECINCT 24,Auditor,,DEM,MARY ANN ROEBUCK CLAYTOR,104
Cabell,PRECINCT 25,Auditor,,DEM,MARY ANN ROEBUCK CLAYTOR,251
Cabell,PRECINCT 26,Auditor,,DEM,MARY ANN ROEBUCK CLAYTOR,221
Cabell,PRECINCT 27,Auditor,,DEM,MARY ANN ROEBUCK CLAYTOR,121
Cabell,PRECINCT 28,Auditor,,DEM,MARY ANN ROEBUCK CLAYTOR,33
Cabell,PRECINCT 29,Auditor,,DEM,MARY ANN ROEBUCK CLAYTOR,239
Cabell,PRECINCT 30,Auditor,,DEM,MARY ANN ROEBUCK CLAYTOR,294
Cabell,PRECINCT 31,Auditor,,DEM,MARY ANN ROEBUCK CLAYTOR,184
Cabell,PRECINCT 32,Auditor,,DEM,MARY ANN ROEBUCK CLAYTOR,96
Cabell,PRECINCT 33,Auditor,,DEM,MARY ANN ROEBUCK CLAYTOR,46
Cabell,PRECINCT 34,Auditor,,DEM,MARY ANN ROEBUCK CLAYTOR,157
Cabell,PRECINCT 35,Auditor,,DEM,MARY ANN ROEBUCK CLAYTOR,199
Cabell,PRECINCT 36,Auditor,,DEM,MARY ANN ROEBUCK CLAYTOR,16
Cabell,PRECINCT 37,Auditor,,DEM,MARY ANN ROEBUCK CLAYTOR,200
Cabell,PRECINCT 38,Auditor,,DEM,MARY ANN ROEBUCK CLAYTOR,143
Cabell,PRECINCT 39,Auditor,,DEM,MARY ANN ROEBUCK CLAYTOR,208
Cabell,PRECINCT 40,Auditor,,DEM,MARY ANN ROEBUCK CLAYTOR,227
Cabell,PRECINCT 41,Auditor,,DEM,MARY ANN ROEBUCK CLAYTOR,460
Cabell,PRECINCT 42,Auditor,,DEM,MARY ANN ROEBUCK CLAYTOR,304
Cabell,PRECINCT 43,Auditor,,DEM,MARY ANN ROEBUCK CLAYTOR,215
Cabell,PRECINCT 44,Auditor,,DEM,MARY ANN ROEBUCK CLAYTOR,171
Cabell,PRECINCT 45,Auditor,,DEM,MARY ANN ROEBUCK CLAYTOR,189
Cabell,PRECINCT 46,Auditor,,DEM,MARY ANN ROEBUCK CLAYTOR,307
Cabell,PRECINCT 47,Auditor,,DEM,MARY ANN ROEBUCK CLAYTOR,171
Cabell,PRECINCT 48,Auditor,,DEM,MARY ANN ROEBUCK CLAYTOR,222
Cabell,PRECINCT 49,Auditor,,DEM,MARY ANN ROEBUCK CLAYTOR,226
Cabell,PRECINCT 50,Auditor,,DEM,MARY ANN ROEBUCK CLAYTOR,143
Cabell,PRECINCT 51,Auditor,,DEM,MARY ANN ROEBUCK CLAYTOR,173
Cabell,PRECINCT 52,Auditor,,DEM,MARY ANN ROEBUCK CLAYTOR,165
Cabell,PRECINCT 53,Auditor,,DEM,MARY ANN ROEBUCK CLAYTOR,230
Cabell,PRECINCT 54,Auditor,,DEM,MARY ANN ROEBUCK CLAYTOR,131
Cabell,PRECINCT 55,Auditor,,DEM,MARY ANN ROEBUCK CLAYTOR,134
Cabell,PRECINCT 56,Auditor,,DEM,MARY ANN ROEBUCK CLAYTOR,93
Cabell,PRECINCT 57,Auditor,,DEM,MARY ANN ROEBUCK CLAYTOR,150
Cabell,PRECINCT 58,Auditor,,DEM,MARY ANN ROEBUCK CLAYTOR,122
Cabell,PRECINCT 59,Auditor,,DEM,MARY ANN ROEBUCK CLAYTOR,343
Cabell,PRECINCT 60,Auditor,,DEM,MARY ANN ROEBUCK CLAYTOR,128
Cabell,PRECINCT 61,Auditor,,DEM,MARY ANN ROEBUCK CLAYTOR,206
Cabell,PRECINCT 62,Auditor,,DEM,MARY ANN ROEBUCK CLAYTOR,215
Cabell,PRECINCT 63,Auditor,,DEM,MARY ANN ROEBUCK CLAYTOR,168
Cabell,PRECINCT 64,Auditor,,DEM,MARY ANN ROEBUCK CLAYTOR,123
Cabell,PRECINCT 65,Auditor,,DEM,MARY ANN ROEBUCK CLAYTOR,170
Cabell,PRECINCT 66,Auditor,,DEM,MARY ANN ROEBUCK CLAYTOR,48
Cabell,PRECINCT 67,Auditor,,DEM,MARY ANN ROEBUCK CLAYTOR,188
Cabell,PRECINCT 68,Auditor,,DEM,MARY ANN ROEBUCK CLAYTOR,86
Cabell,PRECINCT 1,TREASURER,,REP,LARRY PACK,265
Cabell,PRECINCT 2,TREASURER,,REP,LARRY PACK,284
Cabell,PRECINCT 3,TREASURER,,REP,LARRY PACK,246
Cabell,PRECINCT 4,TREASURER,,REP,LARRY PACK,389
Cabell,PRECINCT 5,TREASURER,,REP,LARRY PACK,455
Cabell,PRECINCT 6,TREASURER,,REP,LARRY PACK,382
Cabell,PRECINCT 7,TREASURER,,REP,LARRY PACK,191
Cabell,PRECINCT 8,TREASURER,,REP,LARRY PACK,209
Cabell,PRECINCT 9,TREASURER,,REP,LARRY PACK,239
Cabell,PRECINCT 10,TREASURER,,REP,LARRY PACK,206
Cabell,PRECINCT 11,TREASURER,,REP,LARRY PACK,237
Cabell,PRECINCT 12,TREASURER,,REP,LARRY PACK,189
Cabell,PRECINCT 13,TREASURER,,REP,LARRY PACK,365
Cabell,PRECINCT 14,TREASURER,,REP,LARRY PACK,558
Cabell,PRECINCT 15,TREASURER,,REP,LARRY PACK,3
Cabell,PRECINCT 16,TREASURER,,REP,LARRY PACK,152
Cabell,PRECINCT 17,TREASURER,,REP,LARRY PACK,174
Cabell,PRECINCT 18,TREASURER,,REP,LARRY PACK,271
Cabell,PRECINCT 19,TREASURER,,REP,LARRY PACK,250
Cabell,PRECINCT 20,TREASURER,,REP,LARRY PACK,136
Cabell,PRECINCT 21,TREASURER,,REP,LARRY PACK,119
Cabell,PRECINCT 22,TREASURER,,REP,LARRY PACK,708
Cabell,PRECINCT 23,TREASURER,,REP,LARRY PACK,353
Cabell,PRECINCT 24,TREASURER,,REP,LARRY PACK,133
Cabell,PRECINCT 25,TREASURER,,REP,LARRY PACK,289
Cabell,PRECINCT 26,TREASURER,,REP,LARRY PACK,334
Cabell,PRECINCT 27,TREASURER,,REP,LARRY PACK,216
Cabell,PRECINCT 28,TREASURER,,REP,LARRY PACK,59
Cabell,PRECINCT 29,TREASURER,,REP,LARRY PACK,374
Cabell,PRECINCT 30,TREASURER,,REP,LARRY PACK,465
Cabell,PRECINCT 31,TREASURER,,REP,LARRY PACK,373
Cabell,PRECINCT 32,TREASURER,,REP,LARRY PACK,252
Cabell,PRECINCT 33,TREASURER,,REP,LARRY PACK,136
Cabell,PRECINCT 34,TREASURER,,REP,LARRY PACK,367
Cabell,PRECINCT 35,TREASURER,,REP,LARRY PACK,567
Cabell,PRECINCT 36,TREASURER,,REP,LARRY PACK,44
Cabell,PRECINCT 37,TREASURER,,REP,LARRY PACK,368
Cabell,PRECINCT 38,TREASURER,,REP,LARRY PACK,203
Cabell,PRECINCT 39,TREASURER,,REP,LARRY PACK,462
Cabell,PRECINCT 40,TREASURER,,REP,LARRY PACK,348
Cabell,PRECINCT 41,TREASURER,,REP,LARRY PACK,841
Cabell,PRECINCT 42,TREASURER,,REP,LARRY PACK,575
Cabell,PRECINCT 43,TREASURER,,REP,LARRY PACK,457
Cabell,PRECINCT 44,TREASURER,,REP,LARRY PACK,302
Cabell,PRECINCT 45,TREASURER,,REP,LARRY PACK,436
Cabell,PRECINCT 46,TREASURER,,REP,LARRY PACK,770
Cabell,PRECINCT 47,TREASURER,,REP,LARRY PACK,453
Cabell,PRECINCT 48,TREASURER,,REP,LARRY PACK,647
Cabell,PRECINCT 49,TREASURER,,REP,LARRY PACK,807
Cabell,PRECINCT 50,TREASURER,,REP,LARRY PACK,744
Cabell,PRECINCT 51,TREASURER,,REP,LARRY PACK,503
Cabell,PRECINCT 52,TREASURER,,REP,LARRY PACK,461
Cabell,PRECINCT 53,TREASURER,,REP,LARRY PACK,679
Cabell,PRECINCT 54,TREASURER,,REP,LARRY PACK,309
Cabell,PRECINCT 55,TREASURER,,REP,LARRY PACK,496
Cabell,PRECINCT 56,TREASURER,,REP,LARRY PACK,319
Cabell,PRECINCT 57,TREASURER,,REP,LARRY PACK,647
Cabell,PRECINCT 58,TREASURER,,REP,LARRY PACK,426
Cabell,PRECINCT 59,TREASURER,,REP,LARRY PACK,946
Cabell,PRECINCT 60,TREASURER,,REP,LARRY PACK,560
Cabell,PRECINCT 61,TREASURER,,REP,LARRY PACK,773
Cabell,PRECINCT 62,TREASURER,,REP,LARRY PACK,683
Cabell,PRECINCT 63,TREASURER,,REP,LARRY PACK,489
Cabell,PRECINCT 64,TREASURER,,REP,LARRY PACK,371
Cabell,PRECINCT 65,TREASURER,,REP,LARRY PACK,557
Cabell,PRECINCT 66,TREASURER,,REP,LARRY PACK,76
Cabell,PRECINCT 67,TREASURER,,REP,LARRY PACK,499
Cabell,PRECINCT 68,TREASURER,,REP,LARRY PACK,222
Cabell,PRECINCT 1,Commissioner of Agriculture,,REP,KENT LEONHARDT,178
Cabell,PRECINCT 2,Commissioner of Agriculture,,REP,KENT LEONHARDT,185
Cabell,PRECINCT 3,Commissioner of Agriculture,,REP,KENT LEONHARDT,178
Cabell,PRECINCT 4,Commissioner of Agriculture,,REP,KENT LEONHARDT,276
Cabell,PRECINCT 5,Commissioner of Agriculture,,REP,KENT LEONHARDT,287
Cabell,PRECINCT 6,Commissioner of Agriculture,,REP,KENT LEONHARDT,238
Cabell,PRECINCT 7,Commissioner of Agriculture,,REP,KENT LEONHARDT,140
Cabell,PRECINCT 8,Commissioner of Agriculture,,REP,KENT LEONHARDT,173
Cabell,PRECINCT 9,Commissioner of Agriculture,,REP,KENT LEONHARDT,138
Cabell,PRECINCT 10,Commissioner of Agriculture,,REP,KENT LEONHARDT,88
Cabell,PRECINCT 11,Commissioner of Agriculture,,REP,KENT LEONHARDT,105
Cabell,PRECINCT 12,Commissioner of Agriculture,,REP,KENT LEONHARDT,74
Cabell,PRECINCT 13,Commissioner of Agriculture,,REP,KENT LEONHARDT,191
Cabell,PRECINCT 14,Commissioner of Agriculture,,REP,KENT LEONHARDT,371
Cabell,PRECINCT 15,Commissioner of Agriculture,,REP,KENT LEONHARDT,3
Cabell,PRECINCT 16,Commissioner of Agriculture,,REP,KENT LEONHARDT,46
Cabell,PRECINCT 17,Commissioner of Agriculture,,REP,KENT LEONHARDT,84
Cabell,PRECINCT 18,Commissioner of Agriculture,,REP,KENT LEONHARDT,159
Cabell,PRECINCT 19,Commissioner of Agriculture,,REP,KENT LEONHARDT,133
Cabell,PRECINCT 20,Commissioner of Agriculture,,REP,KENT LEONHARDT,83
Cabell,PRECINCT 21,Commissioner of Agriculture,,REP,KENT LEONHARDT,61
Cabell,PRECINCT 22,Commissioner of Agriculture,,REP,KENT LEONHARDT,505
Cabell,PRECINCT 23,Commissioner of Agriculture,,REP,KENT LEONHARDT,234
Cabell,PRECINCT 24,Commissioner of Agriculture,,REP,KENT LEONHARDT,72
Cabell,PRECINCT 25,Commissioner of Agriculture,,REP,KENT LEONHARDT,174
Cabell,PRECINCT 26,Commissioner of Agriculture,,REP,KENT LEONHARDT,207
Cabell,PRECINCT 27,Commissioner of Agriculture,,REP,KENT LEONHARDT,136
Cabell,PRECINCT 28,Commissioner of Agriculture,,REP,KENT LEONHARDT,41
Cabell,PRECINCT 29,Commissioner of Agriculture,,REP,KENT LEONHARDT,249
Cabell,PRECINCT 30,Commissioner of Agriculture,,REP,KENT LEONHARDT,306
Cabell,PRECINCT 31,Commissioner of Agriculture,,REP,KENT LEONHARDT,272
Cabell,PRECINCT 32,Commissioner of Agriculture,,REP,KENT LEONHARDT,191
Cabell,PRECINCT 33,Commissioner of Agriculture,,REP,KENT LEONHARDT,107
Cabell,PRECINCT 34,Commissioner of Agriculture,,REP,KENT LEONHARDT,265
Cabell,PRECINCT 35,Commissioner of Agriculture,,REP,KENT LEONHARDT,466
Cabell,PRECINCT 36,Commissioner of Agriculture,,REP,KENT LEONHARDT,45
Cabell,PRECINCT 37,Commissioner of Agriculture,,REP,KENT LEONHARDT,264
Cabell,PRECINCT 38,Commissioner of Agriculture,,REP,KENT LEONHARDT,142
Cabell,PRECINCT 39,Commissioner of Agriculture,,REP,KENT LEONHARDT,359
Cabell,PRECINCT 40,Commissioner of Agriculture,,REP,KENT LEONHARDT,230
Cabell,PRECINCT 41,Commissioner of Agriculture,,REP,KENT LEONHARDT,612
Cabell,PRECINCT 42,Commissioner of Agriculture,,REP,KENT LEONHARDT,429
Cabell,PRECINCT 43,Commissioner of Agriculture,,REP,KENT LEONHARDT,347
Cabell,PRECINCT 44,Commissioner of Agriculture,,REP,KENT LEONHARDT,214
Cabell,PRECINCT 45,Commissioner of Agriculture,,REP,KENT LEONHARDT,348
Cabell,PRECINCT 46,Commissioner of Agriculture,,REP,KENT LEONHARDT,598
Cabell,PRECINCT 47,Commissioner of Agriculture,,REP,KENT LEONHARDT,347
Cabell,PRECINCT 48,Commissioner of Agriculture,,REP,KENT LEONHARDT,547
Cabell,PRECINCT 49,Commissioner of Agriculture,,REP,KENT LEONHARDT,704
Cabell,PRECINCT 50,Commissioner of Agriculture,,REP,KENT LEONHARDT,657
Cabell,PRECINCT 51,Commissioner of Agriculture,,REP,KENT LEONHARDT,417
Cabell,PRECINCT 52,Commissioner of Agriculture,,REP,KENT LEONHARDT,367
Cabell,PRECINCT 53,Commissioner of Agriculture,,REP,KENT LEONHARDT,561
Cabell,PRECINCT 54,Commissioner of Agriculture,,REP,KENT LEONHARDT,235
Cabell,PRECINCT 55,Commissioner of Agriculture,,REP,KENT LEONHARDT,413
Cabell,PRECINCT 56,Commissioner of Agriculture,,REP,KENT LEONHARDT,261
Cabell,PRECINCT 57,Commissioner of Agriculture,,REP,KENT LEONHARDT,561
Cabell,PRECINCT 58,Commissioner of Agriculture,,REP,KENT LEONHARDT,383
Cabell,PRECINCT 59,Commissioner of Agriculture,,REP,KENT LEONHARDT,766
Cabell,PRECINCT 60,Commissioner of Agriculture,,REP,KENT LEONHARDT,484
Cabell,PRECINCT 61,Commissioner of Agriculture,,REP,KENT LEONHARDT,655
Cabell,PRECINCT 62,Commissioner of Agriculture,,REP,KENT LEONHARDT,562
Cabell,PRECINCT 63,Commissioner of Agriculture,,REP,KENT LEONHARDT,416
Cabell,PRECINCT 64,Commissioner of Agriculture,,REP,KENT LEONHARDT,284
Cabell,PRECINCT 65,Commissioner of Agriculture,,REP,KENT LEONHARDT,472
Cabell,PRECINCT 66,Commissioner of Agriculture,,REP,KENT LEONHARDT,44
Cabell,PRECINCT 67,Commissioner of Agriculture,,REP,KENT LEONHARDT,401
Cabell,PRECINCT 68,Commissioner of Agriculture,,REP,KENT LEONHARDT,170
Cabell,PRECINCT 1,Commissioner of Agriculture,,DEM,DEBORAH STILES,150
Cabell,PRECINCT 2,Commissioner of Agriculture,,DEM,DEBORAH STILES,175
Cabell,PRECINCT 3,Commissioner of Agriculture,,DEM,DEBORAH STILES,153
Cabell,PRECINCT 4,Commissioner of Agriculture,,DEM,DEBORAH STILES,170
Cabell,PRECINCT 5,Commissioner of Agriculture,,DEM,DEBORAH STILES,390
Cabell,PRECINCT 6,Commissioner of Agriculture,,DEM,DEBORAH STILES,336
Cabell,PRECINCT 7,Commissioner of Agriculture,,DEM,DEBORAH STILES,115
Cabell,PRECINCT 8,Commissioner of Agriculture,,DEM,DEBORAH STILES,94
Cabell,PRECINCT 9,Commissioner of Agriculture,,DEM,DEBORAH STILES,186
Cabell,PRECINCT 10,Commissioner of Agriculture,,DEM,DEBORAH STILES,226
Cabell,PRECINCT 11,Commissioner of Agriculture,,DEM,DEBORAH STILES,219
Cabell,PRECINCT 12,Commissioner of Agriculture,,DEM,DEBORAH STILES,243
Cabell,PRECINCT 13,Commissioner of Agriculture,,DEM,DEBORAH STILES,365
Cabell,PRECINCT 14,Commissioner of Agriculture,,DEM,DEBORAH STILES,413
Cabell,PRECINCT 15,Commissioner of Agriculture,,DEM,DEBORAH STILES,3
Cabell,PRECINCT 16,Commissioner of Agriculture,,DEM,DEBORAH STILES,227
Cabell,PRECINCT 17,Commissioner of Agriculture,,DEM,DEBORAH STILES,158
Cabell,PRECINCT 18,Commissioner of Agriculture,,DEM,DEBORAH STILES,277
Cabell,PRECINCT 19,Commissioner of Agriculture,,DEM,DEBORAH STILES,208
Cabell,PRECINCT 20,Commissioner of Agriculture,,DEM,DEBORAH STILES,93
Cabell,PRECINCT 21,Commissioner of Agriculture,,DEM,DEBORAH STILES,109
Cabell,PRECINCT 22,Commissioner of Agriculture,,DEM,DEBORAH STILES,461
Cabell,PRECINCT 23,Commissioner of Agriculture,,DEM,DEBORAH STILES,228
Cabell,PRECINCT 24,Commissioner of Agriculture,,DEM,DEBORAH STILES,106
Cabell,PRECINCT 25,Commissioner of Agriculture,,DEM,DEBORAH STILES,245
Cabell,PRECINCT 26,Commissioner of Agriculture,,DEM,DEBORAH STILES,221
Cabell,PRECINCT 27,Commissioner of Agriculture,,DEM,DEBORAH STILES,127
Cabell,PRECINCT 28,Commissioner of Agriculture,,DEM,DEBORAH STILES,33
Cabell,PRECINCT 29,Commissioner of Agriculture,,DEM,DEBORAH STILES,238
Cabell,PRECINCT 30,Commissioner of Agriculture,,DEM,DEBORAH STILES,292
Cabell,PRECINCT 31,Commissioner of Agriculture,,DEM,DEBORAH STILES,192
Cabell,PRECINCT 32,Commissioner of Agriculture,,DEM,DEBORAH STILES,102
Cabell,PRECINCT 33,Commissioner of Agriculture,,DEM,DEBORAH STILES,44
Cabell,PRECINCT 34,Commissioner of Agriculture,,DEM,DEBORAH STILES,169
Cabell,PRECINCT 35,Commissioner of Agriculture,,DEM,DEBORAH STILES,194
Cabell,PRECINCT 36,Commissioner of Agriculture,,DEM,DEBORAH STILES,14
Cabell,PRECINCT 37,Commissioner of Agriculture,,DEM,DEBORAH STILES,208
Cabell,PRECINCT 38,Commissioner of Agriculture,,DEM,DEBORAH STILES,140
Cabell,PRECINCT 39,Commissioner of Agriculture,,DEM,DEBORAH STILES,199
Cabell,PRECINCT 40,Commissioner of Agriculture,,DEM,DEBORAH STILES,219
Cabell,PRECINCT 41,Commissioner of Agriculture,,DEM,DEBORAH STILES,441
Cabell,PRECINCT 42,Commissioner of Agriculture,,DEM,DEBORAH STILES,290
Cabell,PRECINCT 43,Commissioner of Agriculture,,DEM,DEBORAH STILES,200
Cabell,PRECINCT 44,Commissioner of Agriculture,,DEM,DEBORAH STILES,168
Cabell,PRECINCT 45,Commissioner of Agriculture,,DEM,DEBORAH STILES,183
Cabell,PRECINCT 46,Commissioner of Agriculture,,DEM,DEBORAH STILES,296
Cabell,PRECINCT 47,Commissioner of Agriculture,,DEM,DEBORAH STILES,177
Cabell,PRECINCT 48,Commissioner of Agriculture,,DEM,DEBORAH STILES,198
Cabell,PRECINCT 49,Commissioner of Agriculture,,DEM,DEBORAH STILES,211
Cabell,PRECINCT 50,Commissioner of Agriculture,,DEM,DEBORAH STILES,142
Cabell,PRECINCT 51,Commissioner of Agriculture,,DEM,DEBORAH STILES,174
Cabell,PRECINCT 52,Commissioner of Agriculture,,DEM,DEBORAH STILES,162
Cabell,PRECINCT 53,Commissioner of Agriculture,,DEM,DEBORAH STILES,224
Cabell,PRECINCT 54,Commissioner of Agriculture,,DEM,DEBORAH STILES,128
Cabell,PRECINCT 55,Commissioner of Agriculture,,DEM,DEBORAH STILES,136
Cabell,PRECINCT 56,Commissioner of Agriculture,,DEM,DEBORAH STILES,94
Cabell,PRECINCT 57,Commissioner of Agriculture,,DEM,DEBORAH STILES,149
Cabell,PRECINCT 58,Commissioner of Agriculture,,DEM,DEBORAH STILES,105
Cabell,PRECINCT 59,Commissioner of Agriculture,,DEM,DEBORAH STILES,334
Cabell,PRECINCT 60,Commissioner of Agriculture,,DEM,DEBORAH STILES,134
Cabell,PRECINCT 61,Commissioner of Agriculture,,DEM,DEBORAH STILES,208
Cabell,PRECINCT 62,Commissioner of Agriculture,,DEM,DEBORAH STILES,214
Cabell,PRECINCT 63,Commissioner of Agriculture,,DEM,DEBORAH STILES,162
Cabell,PRECINCT 64,Commissioner of Agriculture,,DEM,DEBORAH STILES,132
Cabell,PRECINCT 65,Commissioner of Agriculture,,DEM,DEBORAH STILES,152
Cabell,PRECINCT 66,Commissioner of Agriculture,,DEM,DEBORAH STILES,49
Cabell,PRECINCT 67,Commissioner of Agriculture,,DEM,DEBORAH STILES,180
Cabell,PRECINCT 68,Commissioner of Agriculture,,DEM,DEBORAH STILES,86
Cabell,PRECINCT 1,Attorney General,,REP,JOHN “JB” McCUSKEY,196
Cabell,PRECINCT 2,Attorney General,,REP,JOHN “JB” McCUSKEY,201
Cabell,PRECINCT 3,Attorney General,,REP,JOHN “JB” McCUSKEY,178
Cabell,PRECINCT 4,Attorney General,,REP,JOHN “JB” McCUSKEY,291
Cabell,PRECINCT 5,Attorney General,,REP,JOHN “JB” McCUSKEY,297
Cabell,PRECINCT 6,Attorney General,,REP,JOHN “JB” McCUSKEY,253
Cabell,PRECINCT 7,Attorney General,,REP,JOHN “JB” McCUSKEY,142
Cabell,PRECINCT 8,Attorney General,,REP,JOHN “JB” McCUSKEY,174
Cabell,PRECINCT 9,Attorney General,,REP,JOHN “JB” McCUSKEY,150
Cabell,PRECINCT 10,Attorney General,,REP,JOHN “JB” McCUSKEY,92
Cabell,PRECINCT 11,Attorney General,,REP,JOHN “JB” McCUSKEY,110
Cabell,PRECINCT 12,Attorney General,,REP,JOHN “JB” McCUSKEY,84
Cabell,PRECINCT 13,Attorney General,,REP,JOHN “JB” McCUSKEY,193
Cabell,PRECINCT 14,Attorney General,,REP,JOHN “JB” McCUSKEY,389
Cabell,PRECINCT 15,Attorney General,,REP,JOHN “JB” McCUSKEY,3
Cabell,PRECINCT 16,Attorney General,,REP,JOHN “JB” McCUSKEY,50
Cabell,PRECINCT 17,Attorney General,,REP,JOHN “JB” McCUSKEY,78
Cabell,PRECINCT 18,Attorney General,,REP,JOHN “JB” McCUSKEY,144
Cabell,PRECINCT 19,Attorney General,,REP,JOHN “JB” McCUSKEY,135
Cabell,PRECINCT 20,Attorney General,,REP,JOHN “JB” McCUSKEY,81
Cabell,PRECINCT 21,Attorney General,,REP,JOHN “JB” McCUSKEY,63
Cabell,PRECINCT 22,Attorney General,,REP,JOHN “JB” McCUSKEY,526
Cabell,PRECINCT 23,Attorney General,,REP,JOHN “JB” McCUSKEY,245
Cabell,PRECINCT 24,Attorney General,,REP,JOHN “JB” McCUSKEY,68
Cabell,PRECINCT 25,Attorney General,,REP,JOHN “JB” McCUSKEY,169
Cabell,PRECINCT 26,Attorney General,,REP,JOHN “JB” McCUSKEY,217
Cabell,PRECINCT 27,Attorney General,,REP,JOHN “JB” McCUSKEY,151
Cabell,PRECINCT 28,Attorney General,,REP,JOHN “JB” McCUSKEY,42
Cabell,PRECINCT 29,Attorney General,,REP,JOHN “JB” McCUSKEY,266
Cabell,PRECINCT 30,Attorney General,,REP,JOHN “JB” McCUSKEY,309
Cabell,PRECINCT 31,Attorney General,,REP,JOHN “JB” McCUSKEY,291
Cabell,PRECINCT 32,Attorney General,,REP,JOHN “JB” McCUSKEY,204
Cabell,PRECINCT 33,Attorney General,,REP,JOHN “JB” McCUSKEY,114
Cabell,PRECINCT 34,Attorney General,,REP,JOHN “JB” McCUSKEY,282
Cabell,PRECINCT 35,Attorney General,,REP,JOHN “JB” McCUSKEY,471
Cabell,PRECINCT 36,Attorney General,,REP,JOHN “JB” McCUSKEY,44
Cabell,PRECINCT 37,Attorney General,,REP,JOHN “JB” McCUSKEY,289
Cabell,PRECINCT 38,Attorney General,,REP,JOHN “JB” McCUSKEY,141
Cabell,PRECINCT 39,Attorney General,,REP,JOHN “JB” McCUSKEY,378
Cabell,PRECINCT 40,Attorney General,,REP,JOHN “JB” McCUSKEY,242
Cabell,PRECINCT 41,Attorney General,,REP,JOHN “JB” McCUSKEY,638
Cabell,PRECINCT 42,Attorney General,,REP,JOHN “JB” McCUSKEY,434
Cabell,PRECINCT 43,Attorney General,,REP,JOHN “JB” McCUSKEY,356
Cabell,PRECINCT 44,Attorney General,,REP,JOHN “JB” McCUSKEY,225
Cabell,PRECINCT 45,Attorney General,,REP,JOHN “JB” McCUSKEY,361
Cabell,PRECINCT 46,Attorney General,,REP,JOHN “JB” McCUSKEY,624
Cabell,PRECINCT 47,Attorney General,,REP,JOHN “JB” McCUSKEY,367
Cabell,PRECINCT 48,Attorney General,,REP,JOHN “JB” McCUSKEY,553
Cabell,PRECINCT 49,Attorney General,,REP,JOHN “JB” McCUSKEY,717
Cabell,PRECINCT 50,Attorney General,,REP,JOHN “JB” McCUSKEY,678
Cabell,PRECINCT 51,Attorney General,,REP,JOHN “JB” McCUSKEY,435
Cabell,PRECINCT 52,Attorney General,,REP,JOHN “JB” McCUSKEY,380
Cabell,PRECINCT 53,Attorney General,,REP,JOHN “JB” McCUSKEY,588
Cabell,PRECINCT 54,Attorney General,,REP,JOHN “JB” McCUSKEY,243
Cabell,PRECINCT 55,Attorney General,,REP,JOHN “JB” McCUSKEY,420
Cabell,PRECINCT 56,Attorney General,,REP,JOHN “JB” McCUSKEY,270
Cabell,PRECINCT 57,Attorney General,,REP,JOHN “JB” McCUSKEY,572
Cabell,PRECINCT 58,Attorney General,,REP,JOHN “JB” McCUSKEY,374
Cabell,PRECINCT 59,Attorney General,,REP,JOHN “JB” McCUSKEY,789
Cabell,PRECINCT 60,Attorney General,,REP,JOHN “JB” McCUSKEY,524
Cabell,PRECINCT 61,Attorney General,,REP,JOHN “JB” McCUSKEY,693
Cabell,PRECINCT 62,Attorney General,,REP,JOHN “JB” McCUSKEY,584
Cabell,PRECINCT 63,Attorney General,,REP,JOHN “JB” McCUSKEY,421
Cabell,PRECINCT 64,Attorney General,,REP,JOHN “JB” McCUSKEY,308
Cabell,PRECINCT 65,Attorney General,,REP,JOHN “JB” McCUSKEY,491
Cabell,PRECINCT 66,Attorney General,,REP,JOHN “JB” McCUSKEY,49
Cabell,PRECINCT 67,Attorney General,,REP,JOHN “JB” McCUSKEY,416
Cabell,PRECINCT 68,Attorney General,,REP,JOHN “JB” McCUSKEY,181
Cabell,PRECINCT 1,Attorney General,,DEM,TERESA TORISEVA,133
Cabell,PRECINCT 2,Attorney General,,DEM,TERESA TORISEVA,164
Cabell,PRECINCT 3,Attorney General,,DEM,TERESA TORISEVA,156
Cabell,PRECINCT 4,Attorney General,,DEM,TERESA TORISEVA,163
Cabell,PRECINCT 5,Attorney General,,DEM,TERESA TORISEVA,397
Cabell,PRECINCT 6,Attorney General,,DEM,TERESA TORISEVA,332
Cabell,PRECINCT 7,Attorney General,,DEM,TERESA TORISEVA,116
Cabell,PRECINCT 8,Attorney General,,DEM,TERESA TORISEVA,98
Cabell,PRECINCT 9,Attorney General,,DEM,TERESA TORISEVA,176
Cabell,PRECINCT 10,Attorney General,,DEM,TERESA TORISEVA,228
Cabell,PRECINCT 11,Attorney General,,DEM,TERESA TORISEVA,220
Cabell,PRECINCT 12,Attorney General,,DEM,TERESA TORISEVA,245
Cabell,PRECINCT 13,Attorney General,,DEM,TERESA TORISEVA,367
Cabell,PRECINCT 14,Attorney General,,DEM,TERESA TORISEVA,406
Cabell,PRECINCT 15,Attorney General,,DEM,TERESA TORISEVA,3
Cabell,PRECINCT 16,Attorney General,,DEM,TERESA TORISEVA,230
Cabell,PRECINCT 17,Attorney General,,DEM,TERESA TORISEVA,164
Cabell,PRECINCT 18,Attorney General,,DEM,TERESA TORISEVA,296
Cabell,PRECINCT 19,Attorney General,,DEM,TERESA TORISEVA,214
Cabell,PRECINCT 20,Attorney General,,DEM,TERESA TORISEVA,98
Cabell,PRECINCT 21,Attorney General,,DEM,TERESA TORISEVA,106
Cabell,PRECINCT 22,Attorney General,,DEM,TERESA TORISEVA,474
Cabell,PRECINCT 23,Attorney General,,DEM,TERESA TORISEVA,220
Cabell,PRECINCT 24,Attorney General,,DEM,TERESA TORISEVA,112
Cabell,PRECINCT 25,Attorney General,,DEM,TERESA TORISEVA,257
Cabell,PRECINCT 26,Attorney General,,DEM,TERESA TORISEVA,212
Cabell,PRECINCT 27,Attorney General,,DEM,TERESA TORISEVA,116
Cabell,PRECINCT 28,Attorney General,,DEM,TERESA TORISEVA,31
Cabell,PRECINCT 29,Attorney General,,DEM,TERESA TORISEVA,228
Cabell,PRECINCT 30,Attorney General,,DEM,TERESA TORISEVA,299
Cabell,PRECINCT 31,Attorney General,,DEM,TERESA TORISEVA,183
Cabell,PRECINCT 32,Attorney General,,DEM,TERESA TORISEVA,97
Cabell,PRECINCT 33,Attorney General,,DEM,TERESA TORISEVA,42
Cabell,PRECINCT 34,Attorney General,,DEM,TERESA TORISEVA,154
Cabell,PRECINCT 35,Attorney General,,DEM,TERESA TORISEVA,190
Cabell,PRECINCT 36,Attorney General,,DEM,TERESA TORISEVA,15
Cabell,PRECINCT 37,Attorney General,,DEM,TERESA TORISEVA,190
Cabell,PRECINCT 38,Attorney General,,DEM,TERESA TORISEVA,143
Cabell,PRECINCT 39,Attorney General,,DEM,TERESA TORISEVA,192
Cabell,PRECINCT 40,Attorney General,,DEM,TERESA TORISEVA,215
Cabell,PRECINCT 41,Attorney General,,DEM,TERESA TORISEVA,430
Cabell,PRECINCT 42,Attorney General,,DEM,TERESA TORISEVA,294
Cabell,PRECINCT 43,Attorney General,,DEM,TERESA TORISEVA,205
Cabell,PRECINCT 44,Attorney General,,DEM,TERESA TORISEVA,161
Cabell,PRECINCT 45,Attorney General,,DEM,TERESA TORISEVA,172
Cabell,PRECINCT 46,Attorney General,,DEM,TERESA TORISEVA,294
Cabell,PRECINCT 47,Attorney General,,DEM,TERESA TORISEVA,165
Cabell,PRECINCT 48,Attorney General,,DEM,TERESA TORISEVA,204
Cabell,PRECINCT 49,Attorney General,,DEM,TERESA TORISEVA,209
Cabell,PRECINCT 50,Attorney General,,DEM,TERESA TORISEVA,121
Cabell,PRECINCT 51,Attorney General,,DEM,TERESA TORISEVA,170
Cabell,PRECINCT 52,Attorney General,,DEM,TERESA TORISEVA,157
Cabell,PRECINCT 53,Attorney General,,DEM,TERESA TORISEVA,202
Cabell,PRECINCT 54,Attorney General,,DEM,TERESA TORISEVA,123
Cabell,PRECINCT 55,Attorney General,,DEM,TERESA TORISEVA,129
Cabell,PRECINCT 56,Attorney General,,DEM,TERESA TORISEVA,86
Cabell,PRECINCT 57,Attorney General,,DEM,TERESA TORISEVA,140
Cabell,PRECINCT 58,Attorney General,,DEM,TERESA TORISEVA,113
Cabell,PRECINCT 59,Attorney General,,DEM,TERESA TORISEVA,324
Cabell,PRECINCT 60,Attorney General,,DEM,TERESA TORISEVA,107
Cabell,PRECINCT 61,Attorney General,,DEM,TERESA TORISEVA,183
Cabell,PRECINCT 62,Attorney General,,DEM,TERESA TORISEVA,205
Cabell,PRECINCT 63,Attorney General,,DEM,TERESA TORISEVA,168
Cabell,PRECINCT 64,Attorney General,,DEM,TERESA TORISEVA,112
Cabell,PRECINCT 65,Attorney General,,DEM,TERESA TORISEVA,135
Cabell,PRECINCT 66,Attorney General,,DEM,TERESA TORISEVA,43
Cabell,PRECINCT 67,Attorney General,,DEM,TERESA TORISEVA,174
Cabell,PRECINCT 68,Attorney General,,DEM,TERESA TORISEVA,81
Cabell,PRECINCT 55,State Senate,4,REP,AMY NICHOLE GRADY,411
Cabell,PRECINCT 56,State Senate,4,REP,AMY NICHOLE GRADY,258
Cabell,PRECINCT 57,State Senate,4,REP,AMY NICHOLE GRADY,557
Cabell,PRECINCT 58,State Senate,4,REP,AMY NICHOLE GRADY,384
Cabell,PRECINCT 59,State Senate,4,REP,AMY NICHOLE GRADY,772
Cabell,PRECINCT 60,State Senate,4,REP,AMY NICHOLE GRADY,504
Cabell,PRECINCT 61,State Senate,4,REP,AMY NICHOLE GRADY,667
Cabell,PRECINCT 62,State Senate,4,REP,AMY NICHOLE GRADY,574
Cabell,PRECINCT 63,State Senate,4,REP,AMY NICHOLE GRADY,425
Cabell,PRECINCT 64,State Senate,4,REP,AMY NICHOLE GRADY,304
Cabell,PRECINCT 65,State Senate,4,REP,AMY NICHOLE GRADY,469
Cabell,PRECINCT 66,State Senate,4,REP,AMY NICHOLE GRADY,49
Cabell,PRECINCT 55,State Senate,4,DEM,DWAYNE RUSSELL,138
Cabell,PRECINCT 56,State Senate,4,DEM,DWAYNE RUSSELL,98
Cabell,PRECINCT 57,State Senate,4,DEM,DWAYNE RUSSELL,146
Cabell,PRECINCT 58,State Senate,4,DEM,DWAYNE RUSSELL,100
Cabell,PRECINCT 59,State Senate,4,DEM,DWAYNE RUSSELL,324
Cabell,PRECINCT 60,State Senate,4,DEM,DWAYNE RUSSELL,116
Cabell,PRECINCT 61,State Senate,4,DEM,DWAYNE RUSSELL,194
Cabell,PRECINCT 62,State Senate,4,DEM,DWAYNE RUSSELL,200
Cabell,PRECINCT 63,State Senate,4,DEM,DWAYNE RUSSELL,161
Cabell,PRECINCT 64,State Senate,4,DEM,DWAYNE RUSSELL,115
Cabell,PRECINCT 65,State Senate,4,DEM,DWAYNE RUSSELL,147
Cabell,PRECINCT 66,State Senate,4,DEM,DWAYNE RUSSELL,45
Cabell,PRECINCT 1,State Senate,5,DEM,RIC GRIFFITH,178
Cabell,PRECINCT 2,State Senate,5,DEM,RIC GRIFFITH,198
Cabell,PRECINCT 3,State Senate,5,DEM,RIC GRIFFITH,178
Cabell,PRECINCT 4,State Senate,5,DEM,RIC GRIFFITH,216
Cabell,PRECINCT 5,State Senate,5,DEM,RIC GRIFFITH,473
Cabell,PRECINCT 6,State Senate,5,DEM,RIC GRIFFITH,393
Cabell,PRECINCT 7,State Senate,5,DEM,RIC GRIFFITH,151
Cabell,PRECINCT 8,State Senate,5,DEM,RIC GRIFFITH,168
Cabell,PRECINCT 9,State Senate,5,DEM,RIC GRIFFITH,203
Cabell,PRECINCT 10,State Senate,5,DEM,RIC GRIFFITH,241
Cabell,PRECINCT 11,State Senate,5,DEM,RIC GRIFFITH,236
Cabell,PRECINCT 12,State Senate,5,DEM,RIC GRIFFITH,268
Cabell,PRECINCT 13,State Senate,5,DEM,RIC GRIFFITH,407
Cabell,PRECINCT 14,State Senate,5,DEM,RIC GRIFFITH,478
Cabell,PRECINCT 15,State Senate,5,DEM,RIC GRIFFITH,4
Cabell,PRECINCT 16,State Senate,5,DEM,RIC GRIFFITH,231
Cabell,PRECINCT 17,State Senate,5,DEM,RIC GRIFFITH,167
Cabell,PRECINCT 18,State Senate,5,DEM,RIC GRIFFITH,326
Cabell,PRECINCT 19,State Senate,5,DEM,RIC GRIFFITH,229
Cabell,PRECINCT 20,State Senate,5,DEM,RIC GRIFFITH,98
Cabell,PRECINCT 21,State Senate,5,DEM,RIC GRIFFITH,109
Cabell,PRECINCT 22,State Senate,5,DEM,RIC GRIFFITH,602
Cabell,PRECINCT 23,State Senate,5,DEM,RIC GRIFFITH,255
Cabell,PRECINCT 24,State Senate,5,DEM,RIC GRIFFITH,115
Cabell,PRECINCT 25,State Senate,5,DEM,RIC GRIFFITH,279
Cabell,PRECINCT 26,State Senate,5,DEM,RIC GRIFFITH,267
Cabell,PRECINCT 27,State Senate,5,DEM,RIC GRIFFITH,141
Cabell,PRECINCT 28,State Senate,5,DEM,RIC GRIFFITH,37
Cabell,PRECINCT 29,State Senate,5,DEM,RIC GRIFFITH,291
Cabell,PRECINCT 30,State Senate,5,DEM,RIC GRIFFITH,351
Cabell,PRECINCT 31,State Senate,5,DEM,RIC GRIFFITH,246
Cabell,PRECINCT 32,State Senate,5,DEM,RIC GRIFFITH,121
Cabell,PRECINCT 33,State Senate,5,DEM,RIC GRIFFITH,51
Cabell,PRECINCT 34,State Senate,5,DEM,RIC GRIFFITH,213
Cabell,PRECINCT 35,State Senate,5,DEM,RIC GRIFFITH,294
Cabell,PRECINCT 36,State Senate,5,DEM,RIC GRIFFITH,32
Cabell,PRECINCT 37,State Senate,5,DEM,RIC GRIFFITH,234
Cabell,PRECINCT 38,State Senate,5,DEM,RIC GRIFFITH,167
Cabell,PRECINCT 39,State Senate,5,DEM,RIC GRIFFITH,242
Cabell,PRECINCT 40,State Senate,5,DEM,RIC GRIFFITH,254
Cabell,PRECINCT 41,State Senate,5,DEM,RIC GRIFFITH,561
Cabell,PRECINCT 42,State Senate,5,DEM,RIC GRIFFITH,359
Cabell,PRECINCT 43,State Senate,5,DEM,RIC GRIFFITH,266
Cabell,PRECINCT 44,State Senate,5,DEM,RIC GRIFFITH,210
Cabell,PRECINCT 45,State Senate,5,DEM,RIC GRIFFITH,237
Cabell,PRECINCT 46,State Senate,5,DEM,RIC GRIFFITH,400
Cabell,PRECINCT 47,State Senate,5,DEM,RIC GRIFFITH,230
Cabell,PRECINCT 48,State Senate,5,DEM,RIC GRIFFITH,295
Cabell,PRECINCT 49,State Senate,5,DEM,RIC GRIFFITH,282
Cabell,PRECINCT 50,State Senate,5,DEM,RIC GRIFFITH,202
Cabell,PRECINCT 51,State Senate,5,DEM,RIC GRIFFITH,223
Cabell,PRECINCT 52,State Senate,5,DEM,RIC GRIFFITH,198
Cabell,PRECINCT 53,State Senate,5,DEM,RIC GRIFFITH,307
Cabell,PRECINCT 54,State Senate,5,DEM,RIC GRIFFITH,153
Cabell,PRECINCT 67,State Senate,5,DEM,RIC GRIFFITH,237
Cabell,PRECINCT 68,State Senate,5,DEM,RIC GRIFFITH,104
Cabell,PRECINCT 1,State Senate,5,REP,SCOTT FULLER,171
Cabell,PRECINCT 2,State Senate,5,REP,SCOTT FULLER,169
Cabell,PRECINCT 3,State Senate,5,REP,SCOTT FULLER,159
Cabell,PRECINCT 4,State Senate,5,REP,SCOTT FULLER,253
Cabell,PRECINCT 5,State Senate,5,REP,SCOTT FULLER,235
Cabell,PRECINCT 6,State Senate,5,REP,SCOTT FULLER,209
Cabell,PRECINCT 7,State Senate,5,REP,SCOTT FULLER,121
Cabell,PRECINCT 8,State Senate,5,REP,SCOTT FULLER,117
Cabell,PRECINCT 9,State Senate,5,REP,SCOTT FULLER,135
Cabell,PRECINCT 10,State Senate,5,REP,SCOTT FULLER,76
Cabell,PRECINCT 11,State Senate,5,REP,SCOTT FULLER,91
Cabell,PRECINCT 12,State Senate,5,REP,SCOTT FULLER,64
Cabell,PRECINCT 13,State Senate,5,REP,SCOTT FULLER,162
Cabell,PRECINCT 14,State Senate,5,REP,SCOTT FULLER,334
Cabell,PRECINCT 15,State Senate,5,REP,SCOTT FULLER,2
Cabell,PRECINCT 16,State Senate,5,REP,SCOTT FULLER,51
Cabell,PRECINCT 17,State Senate,5,REP,SCOTT FULLER,80
Cabell,PRECINCT 18,State Senate,5,REP,SCOTT FULLER,129
Cabell,PRECINCT 19,State Senate,5,REP,SCOTT FULLER,121
Cabell,PRECINCT 20,State Senate,5,REP,SCOTT FULLER,81
Cabell,PRECINCT 21,State Senate,5,REP,SCOTT FULLER,65
Cabell,PRECINCT 22,State Senate,5,REP,SCOTT FULLER,443
Cabell,PRECINCT 23,State Senate,5,REP,SCOTT FULLER,218
Cabell,PRECINCT 24,State Senate,5,REP,SCOTT FULLER,68
Cabell,PRECINCT 25,State Senate,5,REP,SCOTT FULLER,156
Cabell,PRECINCT 26,State Senate,5,REP,SCOTT FULLER,177
Cabell,PRECINCT 27,State Senate,5,REP,SCOTT FULLER,129
Cabell,PRECINCT 28,State Senate,5,REP,SCOTT FULLER,36
Cabell,PRECINCT 29,State Senate,5,REP,SCOTT FULLER,223
Cabell,PRECINCT 30,State Senate,5,REP,SCOTT FULLER,274
Cabell,PRECINCT 31,State Senate,5,REP,SCOTT FULLER,242
Cabell,PRECINCT 32,State Senate,5,REP,SCOTT FULLER,182
Cabell,PRECINCT 33,State Senate,5,REP,SCOTT FULLER,110
Cabell,PRECINCT 34,State Senate,5,REP,SCOTT FULLER,235
Cabell,PRECINCT 35,State Senate,5,REP,SCOTT FULLER,393
Cabell,PRECINCT 36,State Senate,5,REP,SCOTT FULLER,32
Cabell,PRECINCT 37,State Senate,5,REP,SCOTT FULLER,260
Cabell,PRECINCT 38,State Senate,5,REP,SCOTT FULLER,126
Cabell,PRECINCT 39,State Senate,5,REP,SCOTT FULLER,337
Cabell,PRECINCT 40,State Senate,5,REP,SCOTT FULLER,208
Cabell,PRECINCT 41,State Senate,5,REP,SCOTT FULLER,541
Cabell,PRECINCT 42,State Senate,5,REP,SCOTT FULLER,398
Cabell,PRECINCT 43,State Senate,5,REP,SCOTT FULLER,308
Cabell,PRECINCT 44,State Senate,5,REP,SCOTT FULLER,189
Cabell,PRECINCT 45,State Senate,5,REP,SCOTT FULLER,308
Cabell,PRECINCT 46,State Senate,5,REP,SCOTT FULLER,559
Cabell,PRECINCT 47,State Senate,5,REP,SCOTT FULLER,320
Cabell,PRECINCT 48,State Senate,5,REP,SCOTT FULLER,484
Cabell,PRECINCT 49,State Senate,5,REP,SCOTT FULLER,664
Cabell,PRECINCT 50,State Senate,5,REP,SCOTT FULLER,613
Cabell,PRECINCT 51,State Senate,5,REP,SCOTT FULLER,393
Cabell,PRECINCT 52,State Senate,5,REP,SCOTT FULLER,352
Cabell,PRECINCT 53,State Senate,5,REP,SCOTT FULLER,508
Cabell,PRECINCT 54,State Senate,5,REP,SCOTT FULLER,222
Cabell,PRECINCT 67,State Senate,5,REP,SCOTT FULLER,366
Cabell,PRECINCT 68,State Senate,5,REP,SCOTT FULLER,161
Cabell,PRECINCT 55,State House,22,REP,DANIEL LINVILLE,499
Cabell,PRECINCT 56,State House,22,REP,DANIEL LINVILLE,325
Cabell,PRECINCT 57,State House,22,REP,DANIEL LINVILLE,687
Cabell,PRECINCT 58,State House,22,REP,DANIEL LINVILLE,453
Cabell,PRECINCT 59,State House,22,REP,DANIEL LINVILLE,942
Cabell,PRECINCT 61,State House,22,REP,DANIEL LINVILLE,785
Cabell,PRECINCT 62,State House,22,REP,DANIEL LINVILLE,700
Cabell,PRECINCT 63,State House,22,REP,DANIEL LINVILLE,521
Cabell,PRECINCT 64,State House,22,REP,DANIEL LINVILLE,390
Cabell,PRECINCT 65,State House,22,REP,DANIEL LINVILLE,562
Cabell,PRECINCT 68,State House,22,REP,DANIEL LINVILLE,227
Cabell,PRECINCT 42,State House,23,REP,EVAN WORRELL,472
Cabell,PRECINCT 44,State House,23,REP,EVAN WORRELL,248
Cabell,PRECINCT 45,State House,23,REP,EVAN WORRELL,398
Cabell,PRECINCT 46,State House,23,REP,EVAN WORRELL,707
Cabell,PRECINCT 49,State House,23,REP,EVAN WORRELL,784
Cabell,PRECINCT 50,State House,23,REP,EVAN WORRELL,724
Cabell,PRECINCT 51,State House,23,REP,EVAN WORRELL,484
Cabell,PRECINCT 52,State House,23,REP,EVAN WORRELL,413
Cabell,PRECINCT 60,State House,23,REP,EVAN WORRELL,513
Cabell,PRECINCT 67,State House,23,REP,EVAN WORRELL,427
Cabell,PRECINCT 42,State House,23,DEM,AMANDA BETH BEACH-BURGE,279
Cabell,PRECINCT 44,State House,23,DEM,AMANDA BETH BEACH-BURGE,146
Cabell,PRECINCT 45,State House,23,DEM,AMANDA BETH BEACH-BURGE,147
Cabell,PRECINCT 46,State House,23,DEM,AMANDA BETH BEACH-BURGE,251
Cabell,PRECINCT 49,State House,23,DEM,AMANDA BETH BEACH-BURGE,184
Cabell,PRECINCT 50,State House,23,DEM,AMANDA BETH BEACH-BURGE,108
Cabell,PRECINCT 51,State House,23,DEM,AMANDA BETH BEACH-BURGE,139
Cabell,PRECINCT 52,State House,23,DEM,AMANDA BETH BEACH-BURGE,138
Cabell,PRECINCT 60,State House,23,DEM,AMANDA BETH BEACH-BURGE,114
Cabell,PRECINCT 67,State House,23,DEM,AMANDA BETH BEACH-BURGE,167
Cabell,PRECINCT 20,State House,24,REP,PATRICK LUCAS,97
Cabell,PRECINCT 21,State House,24,REP,PATRICK LUCAS,70
Cabell,PRECINCT 22,State House,24,REP,PATRICK LUCAS,543
Cabell,PRECINCT 23,State House,24,REP,PATRICK LUCAS,230
Cabell,PRECINCT 24,State House,24,REP,PATRICK LUCAS,75
Cabell,PRECINCT 25,State House,24,REP,PATRICK LUCAS,183
Cabell,PRECINCT 26,State House,24,REP,PATRICK LUCAS,231
Cabell,PRECINCT 27,State House,24,REP,PATRICK LUCAS,153
Cabell,PRECINCT 28,State House,24,REP,PATRICK LUCAS,40
Cabell,PRECINCT 32,State House,24,REP,PATRICK LUCAS,197
Cabell,PRECINCT 33,State House,24,REP,PATRICK LUCAS,109
Cabell,PRECINCT 34,State House,24,REP,PATRICK LUCAS,268
Cabell,PRECINCT 53,State House,24,REP,PATRICK LUCAS,641
Cabell,PRECINCT 54,State House,24,REP,PATRICK LUCAS,248
Cabell,PRECINCT 66,State House,24,REP,PATRICK LUCAS,49
Cabell,PRECINCT 20,State House,24,DEM,BILLY WRAY,83
Cabell,PRECINCT 21,State House,24,DEM,BILLY WRAY,106
Cabell,PRECINCT 22,State House,24,DEM,BILLY WRAY,488
Cabell,PRECINCT 23,State House,24,DEM,BILLY WRAY,237
Cabell,PRECINCT 24,State House,24,DEM,BILLY WRAY,107
Cabell,PRECINCT 25,State House,24,DEM,BILLY WRAY,252
Cabell,PRECINCT 26,State House,24,DEM,BILLY WRAY,219
Cabell,PRECINCT 27,State House,24,DEM,BILLY WRAY,118
Cabell,PRECINCT 28,State House,24,DEM,BILLY WRAY,33
Cabell,PRECINCT 32,State House,24,DEM,BILLY WRAY,112
Cabell,PRECINCT 33,State House,24,DEM,BILLY WRAY,55
Cabell,PRECINCT 34,State House,24,DEM,BILLY WRAY,185
Cabell,PRECINCT 53,State House,24,DEM,BILLY WRAY,180
Cabell,PRECINCT 54,State House,24,DEM,BILLY WRAY,130
Cabell,PRECINCT 66,State House,24,DEM,BILLY WRAY,47
Cabell,PRECINCT 3,State House,25,DEM,SEAN HORNBUCKLE,192
Cabell,PRECINCT 5,State House,25,DEM,SEAN HORNBUCKLE,532
Cabell,PRECINCT 6,State House,25,DEM,SEAN HORNBUCKLE,420
Cabell,PRECINCT 9,State House,25,DEM,SEAN HORNBUCKLE,223
Cabell,PRECINCT 10,State House,25,DEM,SEAN HORNBUCKLE,243
Cabell,PRECINCT 11,State House,25,DEM,SEAN HORNBUCKLE,242
Cabell,PRECINCT 12,State House,25,DEM,SEAN HORNBUCKLE,298
Cabell,PRECINCT 13,State House,25,DEM,SEAN HORNBUCKLE,435
Cabell,PRECINCT 16,State House,25,DEM,SEAN HORNBUCKLE,289
Cabell,PRECINCT 17,State House,25,DEM,SEAN HORNBUCKLE,209
Cabell,PRECINCT 18,State House,25,DEM,SEAN HORNBUCKLE,372
Cabell,PRECINCT 19,State House,25,DEM,SEAN HORNBUCKLE,244
Cabell,PRECINCT 3,State House,25,REP,CONNIE BEATY,147
Cabell,PRECINCT 5,State House,25,REP,CONNIE BEATY,196
Cabell,PRECINCT 6,State House,25,REP,CONNIE BEATY,186
Cabell,PRECINCT 9,State House,25,REP,CONNIE BEATY,114
Cabell,PRECINCT 10,State House,25,REP,CONNIE BEATY,78
Cabell,PRECINCT 11,State House,25,REP,CONNIE BEATY,92
Cabell,PRECINCT 12,State House,25,REP,CONNIE BEATY,56
Cabell,PRECINCT 13,State House,25,REP,CONNIE BEATY,131
Cabell,PRECINCT 16,State House,25,REP,CONNIE BEATY,21
Cabell,PRECINCT 17,State House,25,REP,CONNIE BEATY,55
Cabell,PRECINCT 18,State House,25,REP,CONNIE BEATY,90
Cabell,PRECINCT 19,State House,25,REP,CONNIE BEATY,110
Cabell,PRECINCT 7,State House,26,REP,MATTHEW ROHRBACH,215
Cabell,PRECINCT 14,State House,26,REP,MATTHEW ROHRBACH,576
Cabell,PRECINCT 29,State House,26,REP,MATTHEW ROHRBACH,387
Cabell,PRECINCT 30,State House,26,REP,MATTHEW ROHRBACH,486
Cabell,PRECINCT 31,State House,26,REP,MATTHEW ROHRBACH,401
Cabell,PRECINCT 36,State House,26,REP,MATTHEW ROHRBACH,51
Cabell,PRECINCT 37,State House,26,REP,MATTHEW ROHRBACH,386
Cabell,PRECINCT 38,State House,26,REP,MATTHEW ROHRBACH,217
Cabell,PRECINCT 39,State House,26,REP,MATTHEW ROHRBACH,474
Cabell,PRECINCT 40,State House,26,REP,MATTHEW ROHRBACH,358
Cabell,PRECINCT 41,State House,26,REP,MATTHEW ROHRBACH,880
Cabell,PRECINCT 43,State House,26,REP,MATTHEW ROHRBACH,475
Cabell,PRECINCT 47,State House,26,REP,MATTHEW ROHRBACH,472
Cabell,PRECINCT 48,State House,26,REP,MATTHEW ROHRBACH,668
Cabell,PRECINCT 1,State House,27,REP,MICHAEL D. AMOS,171
Cabell,PRECINCT 2,State House,27,REP,MICHAEL D. AMOS,172
Cabell,PRECINCT 4,State House,27,REP,MICHAEL D. AMOS,261
Cabell,PRECINCT 8,State House,27,REP,MICHAEL D. AMOS,173
Cabell,PRECINCT 15,State House,27,REP,MICHAEL D. AMOS,3
Cabell,PRECINCT 35,State House,27,REP,MICHAEL D. AMOS,421
Cabell,PRECINCT 1,State House,27,DEM,GINA MILUM,137
Cabell,PRECINCT 2,State House,27,DEM,GINA MILUM,157
Cabell,PRECINCT 4,State House,27,DEM,GINA MILUM,142
Cabell,PRECINCT 8,State House,27,DEM,GINA MILUM,95
Cabell,PRECINCT 15,State House,27,DEM,GINA MILUM,3
Cabell,PRECINCT 35,State House,27,DEM,GINA MILUM,195
Cabell,PRECINCT 1,State House,27,LBN,CRAIG CARPENTER II,26
Cabell,PRECINCT 2,State House,27,LBN,CRAIG CARPENTER II,30
Cabell,PRECINCT 4,State House,27,LBN,CRAIG CARPENTER II,51
Cabell,PRECINCT 8,State House,27,LBN,CRAIG CARPENTER II,7
Cabell,PRECINCT 15,State House,27,LBN,CRAIG CARPENTER II,0
Cabell,PRECINCT 35,State House,27,LBN,CRAIG CARPENTER II,56
Cabell,PRECINCT 1,FOR COUNTY COMMISSIONER,,REP,KELLI  SOBONYA,277
Cabell,PRECINCT 2,FOR COUNTY COMMISSIONER,,REP,KELLI  SOBONYA,279
Cabell,PRECINCT 3,FOR COUNTY COMMISSIONER,,REP,KELLI  SOBONYA,254
Cabell,PRECINCT 4,FOR COUNTY COMMISSIONER,,REP,KELLI  SOBONYA,396
Cabell,PRECINCT 5,FOR COUNTY COMMISSIONER,,REP,KELLI  SOBONYA,470
Cabell,PRECINCT 6,FOR COUNTY COMMISSIONER,,REP,KELLI  SOBONYA,411
Cabell,PRECINCT 7,FOR COUNTY COMMISSIONER,,REP,KELLI  SOBONYA,203
Cabell,PRECINCT 8,FOR COUNTY COMMISSIONER,,REP,KELLI  SOBONYA,218
Cabell,PRECINCT 9,FOR COUNTY COMMISSIONER,,REP,KELLI  SOBONYA,243
Cabell,PRECINCT 10,FOR COUNTY COMMISSIONER,,REP,KELLI  SOBONYA,205
Cabell,PRECINCT 11,FOR COUNTY COMMISSIONER,,REP,KELLI  SOBONYA,244
Cabell,PRECINCT 12,FOR COUNTY COMMISSIONER,,REP,KELLI  SOBONYA,201
Cabell,PRECINCT 13,FOR COUNTY COMMISSIONER,,REP,KELLI  SOBONYA,377
Cabell,PRECINCT 14,FOR COUNTY COMMISSIONER,,REP,KELLI  SOBONYA,571
Cabell,PRECINCT 15,FOR COUNTY COMMISSIONER,,REP,KELLI  SOBONYA,4
Cabell,PRECINCT 16,FOR COUNTY COMMISSIONER,,REP,KELLI  SOBONYA,161
Cabell,PRECINCT 17,FOR COUNTY COMMISSIONER,,REP,KELLI  SOBONYA,182
Cabell,PRECINCT 18,FOR COUNTY COMMISSIONER,,REP,KELLI  SOBONYA,291
Cabell,PRECINCT 19,FOR COUNTY COMMISSIONER,,REP,KELLI  SOBONYA,253
Cabell,PRECINCT 20,FOR COUNTY COMMISSIONER,,REP,KELLI  SOBONYA,134
Cabell,PRECINCT 21,FOR COUNTY COMMISSIONER,,REP,KELLI  SOBONYA,126
Cabell,PRECINCT 22,FOR COUNTY COMMISSIONER,,REP,KELLI  SOBONYA,743
Cabell,PRECINCT 23,FOR COUNTY COMMISSIONER,,REP,KELLI  SOBONYA,367
Cabell,PRECINCT 24,FOR COUNTY COMMISSIONER,,REP,KELLI  SOBONYA,128
Cabell,PRECINCT 25,FOR COUNTY COMMISSIONER,,REP,KELLI  SOBONYA,306
Cabell,PRECINCT 26,FOR COUNTY COMMISSIONER,,REP,KELLI  SOBONYA,334
Cabell,PRECINCT 27,FOR COUNTY COMMISSIONER,,REP,KELLI  SOBONYA,226
Cabell,PRECINCT 28,FOR COUNTY COMMISSIONER,,REP,KELLI  SOBONYA,59
Cabell,PRECINCT 29,FOR COUNTY COMMISSIONER,,REP,KELLI  SOBONYA,386
Cabell,PRECINCT 30,FOR COUNTY COMMISSIONER,,REP,KELLI  SOBONYA,483
Cabell,PRECINCT 31,FOR COUNTY COMMISSIONER,,REP,KELLI  SOBONYA,386
Cabell,PRECINCT 32,FOR COUNTY COMMISSIONER,,REP,KELLI  SOBONYA,253
Cabell,PRECINCT 33,FOR COUNTY COMMISSIONER,,REP,KELLI  SOBONYA,139
Cabell,PRECINCT 34,FOR COUNTY COMMISSIONER,,REP,KELLI  SOBONYA,370
Cabell,PRECINCT 35,FOR COUNTY COMMISSIONER,,REP,KELLI  SOBONYA,579
Cabell,PRECINCT 36,FOR COUNTY COMMISSIONER,,REP,KELLI  SOBONYA,50
Cabell,PRECINCT 37,FOR COUNTY COMMISSIONER,,REP,KELLI  SOBONYA,389
Cabell,PRECINCT 38,FOR COUNTY COMMISSIONER,,REP,KELLI  SOBONYA,213
Cabell,PRECINCT 39,FOR COUNTY COMMISSIONER,,REP,KELLI  SOBONYA,485
Cabell,PRECINCT 40,FOR COUNTY COMMISSIONER,,REP,KELLI  SOBONYA,363
Cabell,PRECINCT 41,FOR COUNTY COMMISSIONER,,REP,KELLI  SOBONYA,893
Cabell,PRECINCT 42,FOR COUNTY COMMISSIONER,,REP,KELLI  SOBONYA,610
Cabell,PRECINCT 43,FOR COUNTY COMMISSIONER,,REP,KELLI  SOBONYA,481
Cabell,PRECINCT 44,FOR COUNTY COMMISSIONER,,REP,KELLI  SOBONYA,323
Cabell,PRECINCT 45,FOR COUNTY COMMISSIONER,,REP,KELLI  SOBONYA,463
Cabell,PRECINCT 46,FOR COUNTY COMMISSIONER,,REP,KELLI  SOBONYA,811
Cabell,PRECINCT 47,FOR COUNTY COMMISSIONER,,REP,KELLI  SOBONYA,480
Cabell,PRECINCT 48,FOR COUNTY COMMISSIONER,,REP,KELLI  SOBONYA,670
Cabell,PRECINCT 49,FOR COUNTY COMMISSIONER,,REP,KELLI  SOBONYA,854
Cabell,PRECINCT 50,FOR COUNTY COMMISSIONER,,REP,KELLI  SOBONYA,756
Cabell,PRECINCT 51,FOR COUNTY COMMISSIONER,,REP,KELLI  SOBONYA,522
Cabell,PRECINCT 52,FOR COUNTY COMMISSIONER,,REP,KELLI  SOBONYA,472
Cabell,PRECINCT 53,FOR COUNTY COMMISSIONER,,REP,KELLI  SOBONYA,697
Cabell,PRECINCT 54,FOR COUNTY COMMISSIONER,,REP,KELLI  SOBONYA,312
Cabell,PRECINCT 55,FOR COUNTY COMMISSIONER,,REP,KELLI  SOBONYA,491
Cabell,PRECINCT 56,FOR COUNTY COMMISSIONER,,REP,KELLI  SOBONYA,333
Cabell,PRECINCT 57,FOR COUNTY COMMISSIONER,,REP,KELLI  SOBONYA,668
Cabell,PRECINCT 58,FOR COUNTY COMMISSIONER,,REP,KELLI  SOBONYA,441
Cabell,PRECINCT 59,FOR COUNTY COMMISSIONER,,REP,KELLI  SOBONYA,975
Cabell,PRECINCT 60,FOR COUNTY COMMISSIONER,,REP,KELLI  SOBONYA,552
Cabell,PRECINCT 61,FOR COUNTY COMMISSIONER,,REP,KELLI  SOBONYA,772
Cabell,PRECINCT 62,FOR COUNTY COMMISSIONER,,REP,KELLI  SOBONYA,690
Cabell,PRECINCT 63,FOR COUNTY COMMISSIONER,,REP,KELLI  SOBONYA,502
Cabell,PRECINCT 64,FOR COUNTY COMMISSIONER,,REP,KELLI  SOBONYA,387
Cabell,PRECINCT 65,FOR COUNTY COMMISSIONER,,REP,KELLI  SOBONYA,558
Cabell,PRECINCT 66,FOR COUNTY COMMISSIONER,,REP,KELLI  SOBONYA,80
Cabell,PRECINCT 67,FOR COUNTY COMMISSIONER,,REP,KELLI  SOBONYA,522
Cabell,PRECINCT 68,FOR COUNTY COMMISSIONER,,REP,KELLI  SOBONYA,234
Cabell,PRECINCT 1,FOR PROSECUTING ATTORNEY,,REP,JASON M. SPEARS,271
Cabell,PRECINCT 2,FOR PROSECUTING ATTORNEY,,REP,JASON M. SPEARS,282
Cabell,PRECINCT 3,FOR PROSECUTING ATTORNEY,,REP,JASON M. SPEARS,251
Cabell,PRECINCT 4,FOR PROSECUTING ATTORNEY,,REP,JASON M. SPEARS,397
Cabell,PRECINCT 5,FOR PROSECUTING ATTORNEY,,REP,JASON M. SPEARS,478
Cabell,PRECINCT 6,FOR PROSECUTING ATTORNEY,,REP,JASON M. SPEARS,401
Cabell,PRECINCT 7,FOR PROSECUTING ATTORNEY,,REP,JASON M. SPEARS,194
Cabell,PRECINCT 8,FOR PROSECUTING ATTORNEY,,REP,JASON M. SPEARS,205
Cabell,PRECINCT 9,FOR PROSECUTING ATTORNEY,,REP,JASON M. SPEARS,239
Cabell,PRECINCT 10,FOR PROSECUTING ATTORNEY,,REP,JASON M. SPEARS,194
Cabell,PRECINCT 11,FOR PROSECUTING ATTORNEY,,REP,JASON M. SPEARS,242
Cabell,PRECINCT 12,FOR PROSECUTING ATTORNEY,,REP,JASON M. SPEARS,197
Cabell,PRECINCT 13,FOR PROSECUTING ATTORNEY,,REP,JASON M. SPEARS,378
Cabell,PRECINCT 14,FOR PROSECUTING ATTORNEY,,REP,JASON M. SPEARS,576
Cabell,PRECINCT 15,FOR PROSECUTING ATTORNEY,,REP,JASON M. SPEARS,5
Cabell,PRECINCT 16,FOR PROSECUTING ATTORNEY,,REP,JASON M. SPEARS,146
Cabell,PRECINCT 17,FOR PROSECUTING ATTORNEY,,REP,JASON M. SPEARS,174
Cabell,PRECINCT 18,FOR PROSECUTING ATTORNEY,,REP,JASON M. SPEARS,289
Cabell,PRECINCT 19,FOR PROSECUTING ATTORNEY,,REP,JASON M. SPEARS,247
Cabell,PRECINCT 20,FOR PROSECUTING ATTORNEY,,REP,JASON M. SPEARS,134
Cabell,PRECINCT 21,FOR PROSECUTING ATTORNEY,,REP,JASON M. SPEARS,116
Cabell,PRECINCT 22,FOR PROSECUTING ATTORNEY,,REP,JASON M. SPEARS,728
Cabell,PRECINCT 23,FOR PROSECUTING ATTORNEY,,REP,JASON M. SPEARS,352
Cabell,PRECINCT 24,FOR PROSECUTING ATTORNEY,,REP,JASON M. SPEARS,132
Cabell,PRECINCT 25,FOR PROSECUTING ATTORNEY,,REP,JASON M. SPEARS,297
Cabell,PRECINCT 26,FOR PROSECUTING ATTORNEY,,REP,JASON M. SPEARS,341
Cabell,PRECINCT 27,FOR PROSECUTING ATTORNEY,,REP,JASON M. SPEARS,221
Cabell,PRECINCT 28,FOR PROSECUTING ATTORNEY,,REP,JASON M. SPEARS,54
Cabell,PRECINCT 29,FOR PROSECUTING ATTORNEY,,REP,JASON M. SPEARS,379
Cabell,PRECINCT 30,FOR PROSECUTING ATTORNEY,,REP,JASON M. SPEARS,475
Cabell,PRECINCT 31,FOR PROSECUTING ATTORNEY,,REP,JASON M. SPEARS,376
Cabell,PRECINCT 32,FOR PROSECUTING ATTORNEY,,REP,JASON M. SPEARS,255
Cabell,PRECINCT 33,FOR PROSECUTING ATTORNEY,,REP,JASON M. SPEARS,142
Cabell,PRECINCT 34,FOR PROSECUTING ATTORNEY,,REP,JASON M. SPEARS,374
Cabell,PRECINCT 35,FOR PROSECUTING ATTORNEY,,REP,JASON M. SPEARS,576
Cabell,PRECINCT 36,FOR PROSECUTING ATTORNEY,,REP,JASON M. SPEARS,47
Cabell,PRECINCT 37,FOR PROSECUTING ATTORNEY,,REP,JASON M. SPEARS,379
Cabell,PRECINCT 38,FOR PROSECUTING ATTORNEY,,REP,JASON M. SPEARS,213
Cabell,PRECINCT 39,FOR PROSECUTING ATTORNEY,,REP,JASON M. SPEARS,464
Cabell,PRECINCT 40,FOR PROSECUTING ATTORNEY,,REP,JASON M. SPEARS,357
Cabell,PRECINCT 41,FOR PROSECUTING ATTORNEY,,REP,JASON M. SPEARS,860
Cabell,PRECINCT 42,FOR PROSECUTING ATTORNEY,,REP,JASON M. SPEARS,589
Cabell,PRECINCT 43,FOR PROSECUTING ATTORNEY,,REP,JASON M. SPEARS,463
Cabell,PRECINCT 44,FOR PROSECUTING ATTORNEY,,REP,JASON M. SPEARS,314
Cabell,PRECINCT 45,FOR PROSECUTING ATTORNEY,,REP,JASON M. SPEARS,459
Cabell,PRECINCT 46,FOR PROSECUTING ATTORNEY,,REP,JASON M. SPEARS,782
Cabell,PRECINCT 47,FOR PROSECUTING ATTORNEY,,REP,JASON M. SPEARS,457
Cabell,PRECINCT 48,FOR PROSECUTING ATTORNEY,,REP,JASON M. SPEARS,654
Cabell,PRECINCT 49,FOR PROSECUTING ATTORNEY,,REP,JASON M. SPEARS,825
Cabell,PRECINCT 50,FOR PROSECUTING ATTORNEY,,REP,JASON M. SPEARS,742
Cabell,PRECINCT 51,FOR PROSECUTING ATTORNEY,,REP,JASON M. SPEARS,515
Cabell,PRECINCT 52,FOR PROSECUTING ATTORNEY,,REP,JASON M. SPEARS,463
Cabell,PRECINCT 53,FOR PROSECUTING ATTORNEY,,REP,JASON M. SPEARS,685
Cabell,PRECINCT 54,FOR PROSECUTING ATTORNEY,,REP,JASON M. SPEARS,313
Cabell,PRECINCT 55,FOR PROSECUTING ATTORNEY,,REP,JASON M. SPEARS,502
Cabell,PRECINCT 56,FOR PROSECUTING ATTORNEY,,REP,JASON M. SPEARS,321
Cabell,PRECINCT 57,FOR PROSECUTING ATTORNEY,,REP,JASON M. SPEARS,668
Cabell,PRECINCT 58,FOR PROSECUTING ATTORNEY,,REP,JASON M. SPEARS,443
Cabell,PRECINCT 59,FOR PROSECUTING ATTORNEY,,REP,JASON M. SPEARS,973
Cabell,PRECINCT 60,FOR PROSECUTING ATTORNEY,,REP,JASON M. SPEARS,570
Cabell,PRECINCT 61,FOR PROSECUTING ATTORNEY,,REP,JASON M. SPEARS,784
Cabell,PRECINCT 62,FOR PROSECUTING ATTORNEY,,REP,JASON M. SPEARS,687
Cabell,PRECINCT 63,FOR PROSECUTING ATTORNEY,,REP,JASON M. SPEARS,518
Cabell,PRECINCT 64,FOR PROSECUTING ATTORNEY,,REP,JASON M. SPEARS,387
Cabell,PRECINCT 65,FOR PROSECUTING ATTORNEY,,REP,JASON M. SPEARS,560
Cabell,PRECINCT 66,FOR PROSECUTING ATTORNEY,,REP,JASON M. SPEARS,77
Cabell,PRECINCT 67,FOR PROSECUTING ATTORNEY,,REP,JASON M. SPEARS,513
Cabell,PRECINCT 68,FOR PROSECUTING ATTORNEY,,REP,JASON M. SPEARS,235
Cabell,PRECINCT 1,FOR SHERIFF,,REP,DOUG ADAMS,271
Cabell,PRECINCT 2,FOR SHERIFF,,REP,DOUG ADAMS,278
Cabell,PRECINCT 3,FOR SHERIFF,,REP,DOUG ADAMS,255
Cabell,PRECINCT 4,FOR SHERIFF,,REP,DOUG ADAMS,397
Cabell,PRECINCT 5,FOR SHERIFF,,REP,DOUG ADAMS,473
Cabell,PRECINCT 6,FOR SHERIFF,,REP,DOUG ADAMS,401
Cabell,PRECINCT 7,FOR SHERIFF,,REP,DOUG ADAMS,197
Cabell,PRECINCT 8,FOR SHERIFF,,REP,DOUG ADAMS,209
Cabell,PRECINCT 9,FOR SHERIFF,,REP,DOUG ADAMS,237
Cabell,PRECINCT 10,FOR SHERIFF,,REP,DOUG ADAMS,196
Cabell,PRECINCT 11,FOR SHERIFF,,REP,DOUG ADAMS,245
Cabell,PRECINCT 12,FOR SHERIFF,,REP,DOUG ADAMS,199
Cabell,PRECINCT 13,FOR SHERIFF,,REP,DOUG ADAMS,379
Cabell,PRECINCT 14,FOR SHERIFF,,REP,DOUG ADAMS,580
Cabell,PRECINCT 15,FOR SHERIFF,,REP,DOUG ADAMS,4
Cabell,PRECINCT 16,FOR SHERIFF,,REP,DOUG ADAMS,149
Cabell,PRECINCT 17,FOR SHERIFF,,REP,DOUG ADAMS,175
Cabell,PRECINCT 18,FOR SHERIFF,,REP,DOUG ADAMS,296
Cabell,PRECINCT 19,FOR SHERIFF,,REP,DOUG ADAMS,255
Cabell,PRECINCT 20,FOR SHERIFF,,REP,DOUG ADAMS,135
Cabell,PRECINCT 21,FOR SHERIFF,,REP,DOUG ADAMS,124
Cabell,PRECINCT 22,FOR SHERIFF,,REP,DOUG ADAMS,722
Cabell,PRECINCT 23,FOR SHERIFF,,REP,DOUG ADAMS,363
Cabell,PRECINCT 24,FOR SHERIFF,,REP,DOUG ADAMS,133
Cabell,PRECINCT 25,FOR SHERIFF,,REP,DOUG ADAMS,304
Cabell,PRECINCT 26,FOR SHERIFF,,REP,DOUG ADAMS,339
Cabell,PRECINCT 27,FOR SHERIFF,,REP,DOUG ADAMS,224
Cabell,PRECINCT 28,FOR SHERIFF,,REP,DOUG ADAMS,56
Cabell,PRECINCT 29,FOR SHERIFF,,REP,DOUG ADAMS,383
Cabell,PRECINCT 30,FOR SHERIFF,,REP,DOUG ADAMS,481
Cabell,PRECINCT 31,FOR SHERIFF,,REP,DOUG ADAMS,379
Cabell,PRECINCT 32,FOR SHERIFF,,REP,DOUG ADAMS,258
Cabell,PRECINCT 33,FOR SHERIFF,,REP,DOUG ADAMS,137
Cabell,PRECINCT 34,FOR SHERIFF,,REP,DOUG ADAMS,377
Cabell,PRECINCT 35,FOR SHERIFF,,REP,DOUG ADAMS,581
Cabell,PRECINCT 36,FOR SHERIFF,,REP,DOUG ADAMS,54
Cabell,PRECINCT 37,FOR SHERIFF,,REP,DOUG ADAMS,388
Cabell,PRECINCT 38,FOR SHERIFF,,REP,DOUG ADAMS,213
Cabell,PRECINCT 39,FOR SHERIFF,,REP,DOUG ADAMS,477
Cabell,PRECINCT 40,FOR SHERIFF,,REP,DOUG ADAMS,354
Cabell,PRECINCT 41,FOR SHERIFF,,REP,DOUG ADAMS,886
Cabell,PRECINCT 42,FOR SHERIFF,,REP,DOUG ADAMS,597
Cabell,PRECINCT 43,FOR SHERIFF,,REP,DOUG ADAMS,474
Cabell,PRECINCT 44,FOR SHERIFF,,REP,DOUG ADAMS,314
Cabell,PRECINCT 45,FOR SHERIFF,,REP,DOUG ADAMS,467
Cabell,PRECINCT 46,FOR SHERIFF,,REP,DOUG ADAMS,805
Cabell,PRECINCT 47,FOR SHERIFF,,REP,DOUG ADAMS,478
Cabell,PRECINCT 48,FOR SHERIFF,,REP,DOUG ADAMS,674
Cabell,PRECINCT 49,FOR SHERIFF,,REP,DOUG ADAMS,843
Cabell,PRECINCT 50,FOR SHERIFF,,REP,DOUG ADAMS,763
Cabell,PRECINCT 51,FOR SHERIFF,,REP,DOUG ADAMS,529
Cabell,PRECINCT 52,FOR SHERIFF,,REP,DOUG ADAMS,463
Cabell,PRECINCT 53,FOR SHERIFF,,REP,DOUG ADAMS,718
Cabell,PRECINCT 54,FOR SHERIFF,,REP,DOUG ADAMS,331
Cabell,PRECINCT 55,FOR SHERIFF,,REP,DOUG ADAMS,544
Cabell,PRECINCT 56,FOR SHERIFF,,REP,DOUG ADAMS,338
Cabell,PRECINCT 57,FOR SHERIFF,,REP,DOUG ADAMS,686
Cabell,PRECINCT 58,FOR SHERIFF,,REP,DOUG ADAMS,452
Cabell,PRECINCT 59,FOR SHERIFF,,REP,DOUG ADAMS,981
Cabell,PRECINCT 60,FOR SHERIFF,,REP,DOUG ADAMS,563
Cabell,PRECINCT 61,FOR SHERIFF,,REP,DOUG ADAMS,778
Cabell,PRECINCT 62,FOR SHERIFF,,REP,DOUG ADAMS,694
Cabell,PRECINCT 63,FOR SHERIFF,,REP,DOUG ADAMS,523
Cabell,PRECINCT 64,FOR SHERIFF,,REP,DOUG ADAMS,390
Cabell,PRECINCT 65,FOR SHERIFF,,REP,DOUG ADAMS,560
Cabell,PRECINCT 66,FOR SHERIFF,,REP,DOUG ADAMS,81
Cabell,PRECINCT 67,FOR SHERIFF,,REP,DOUG ADAMS,517
Cabell,PRECINCT 68,FOR SHERIFF,,REP,DOUG ADAMS,242
Cabell,PRECINCT 1,FOR ASSESSOR,,REP,IRV JOHNSON,282
Cabell,PRECINCT 2,FOR ASSESSOR,,REP,IRV JOHNSON,294
Cabell,PRECINCT 3,FOR ASSESSOR,,REP,IRV JOHNSON,264
Cabell,PRECINCT 4,FOR ASSESSOR,,REP,IRV JOHNSON,408
Cabell,PRECINCT 5,FOR ASSESSOR,,REP,IRV JOHNSON,525
Cabell,PRECINCT 6,FOR ASSESSOR,,REP,IRV JOHNSON,440
Cabell,PRECINCT 7,FOR ASSESSOR,,REP,IRV JOHNSON,214
Cabell,PRECINCT 8,FOR ASSESSOR,,REP,IRV JOHNSON,221
Cabell,PRECINCT 9,FOR ASSESSOR,,REP,IRV JOHNSON,253
Cabell,PRECINCT 10,FOR ASSESSOR,,REP,IRV JOHNSON,212
Cabell,PRECINCT 11,FOR ASSESSOR,,REP,IRV JOHNSON,247
Cabell,PRECINCT 12,FOR ASSESSOR,,REP,IRV JOHNSON,218
Cabell,PRECINCT 13,FOR ASSESSOR,,REP,IRV JOHNSON,402
Cabell,PRECINCT 14,FOR ASSESSOR,,REP,IRV JOHNSON,623
Cabell,PRECINCT 15,FOR ASSESSOR,,REP,IRV JOHNSON,4
Cabell,PRECINCT 16,FOR ASSESSOR,,REP,IRV JOHNSON,165
Cabell,PRECINCT 17,FOR ASSESSOR,,REP,IRV JOHNSON,189
Cabell,PRECINCT 18,FOR ASSESSOR,,REP,IRV JOHNSON,310
Cabell,PRECINCT 19,FOR ASSESSOR,,REP,IRV JOHNSON,262
Cabell,PRECINCT 20,FOR ASSESSOR,,REP,IRV JOHNSON,137
Cabell,PRECINCT 21,FOR ASSESSOR,,REP,IRV JOHNSON,121
Cabell,PRECINCT 22,FOR ASSESSOR,,REP,IRV JOHNSON,805
Cabell,PRECINCT 23,FOR ASSESSOR,,REP,IRV JOHNSON,370
Cabell,PRECINCT 24,FOR ASSESSOR,,REP,IRV JOHNSON,134
Cabell,PRECINCT 25,FOR ASSESSOR,,REP,IRV JOHNSON,312
Cabell,PRECINCT 26,FOR ASSESSOR,,REP,IRV JOHNSON,361
Cabell,PRECINCT 27,FOR ASSESSOR,,REP,IRV JOHNSON,235
Cabell,PRECINCT 28,FOR ASSESSOR,,REP,IRV JOHNSON,58
Cabell,PRECINCT 29,FOR ASSESSOR,,REP,IRV JOHNSON,390
Cabell,PRECINCT 30,FOR ASSESSOR,,REP,IRV JOHNSON,508
Cabell,PRECINCT 31,FOR ASSESSOR,,REP,IRV JOHNSON,395
Cabell,PRECINCT 32,FOR ASSESSOR,,REP,IRV JOHNSON,264
Cabell,PRECINCT 33,FOR ASSESSOR,,REP,IRV JOHNSON,141
Cabell,PRECINCT 34,FOR ASSESSOR,,REP,IRV JOHNSON,382
Cabell,PRECINCT 35,FOR ASSESSOR,,REP,IRV JOHNSON,594
Cabell,PRECINCT 36,FOR ASSESSOR,,REP,IRV JOHNSON,53
Cabell,PRECINCT 37,FOR ASSESSOR,,REP,IRV JOHNSON,403
Cabell,PRECINCT 38,FOR ASSESSOR,,REP,IRV JOHNSON,218
Cabell,PRECINCT 39,FOR ASSESSOR,,REP,IRV JOHNSON,504
Cabell,PRECINCT 40,FOR ASSESSOR,,REP,IRV JOHNSON,366
Cabell,PRECINCT 41,FOR ASSESSOR,,REP,IRV JOHNSON,905
Cabell,PRECINCT 42,FOR ASSESSOR,,REP,IRV JOHNSON,611
Cabell,PRECINCT 43,FOR ASSESSOR,,REP,IRV JOHNSON,493
Cabell,PRECINCT 44,FOR ASSESSOR,,REP,IRV JOHNSON,321
Cabell,PRECINCT 45,FOR ASSESSOR,,REP,IRV JOHNSON,460
Cabell,PRECINCT 46,FOR ASSESSOR,,REP,IRV JOHNSON,820
Cabell,PRECINCT 47,FOR ASSESSOR,,REP,IRV JOHNSON,484
Cabell,PRECINCT 48,FOR ASSESSOR,,REP,IRV JOHNSON,679
Cabell,PRECINCT 49,FOR ASSESSOR,,REP,IRV JOHNSON,846
Cabell,PRECINCT 50,FOR ASSESSOR,,REP,IRV JOHNSON,768
Cabell,PRECINCT 51,FOR ASSESSOR,,REP,IRV JOHNSON,535
Cabell,PRECINCT 52,FOR ASSESSOR,,REP,IRV JOHNSON,481
Cabell,PRECINCT 53,FOR ASSESSOR,,REP,IRV JOHNSON,718
Cabell,PRECINCT 54,FOR ASSESSOR,,REP,IRV JOHNSON,323
Cabell,PRECINCT 55,FOR ASSESSOR,,REP,IRV JOHNSON,506
Cabell,PRECINCT 56,FOR ASSESSOR,,REP,IRV JOHNSON,328
Cabell,PRECINCT 57,FOR ASSESSOR,,REP,IRV JOHNSON,678
Cabell,PRECINCT 58,FOR ASSESSOR,,REP,IRV JOHNSON,455
Cabell,PRECINCT 59,FOR ASSESSOR,,REP,IRV JOHNSON,996
Cabell,PRECINCT 60,FOR ASSESSOR,,REP,IRV JOHNSON,565
Cabell,PRECINCT 61,FOR ASSESSOR,,REP,IRV JOHNSON,796
Cabell,PRECINCT 62,FOR ASSESSOR,,REP,IRV JOHNSON,709
Cabell,PRECINCT 63,FOR ASSESSOR,,REP,IRV JOHNSON,529
Cabell,PRECINCT 64,FOR ASSESSOR,,REP,IRV JOHNSON,388
Cabell,PRECINCT 65,FOR ASSESSOR,,REP,IRV JOHNSON,572
Cabell,PRECINCT 66,FOR ASSESSOR,,REP,IRV JOHNSON,79
Cabell,PRECINCT 67,FOR ASSESSOR,,REP,IRV JOHNSON,517
Cabell,PRECINCT 68,FOR ASSESSOR,,REP,IRV JOHNSON,243
Cabell,PRECINCT 1,FOR SURVEYOR,,REP,RICHARD L. 'DICK' WILSON,271
Cabell,PRECINCT 2,FOR SURVEYOR,,REP,RICHARD L. 'DICK' WILSON,282
Cabell,PRECINCT 3,FOR SURVEYOR,,REP,RICHARD L. 'DICK' WILSON,254
Cabell,PRECINCT 4,FOR SURVEYOR,,REP,RICHARD L. 'DICK' WILSON,392
Cabell,PRECINCT 5,FOR SURVEYOR,,REP,RICHARD L. 'DICK' WILSON,479
Cabell,PRECINCT 6,FOR SURVEYOR,,REP,RICHARD L. 'DICK' WILSON,394
Cabell,PRECINCT 7,FOR SURVEYOR,,REP,RICHARD L. 'DICK' WILSON,197
Cabell,PRECINCT 8,FOR SURVEYOR,,REP,RICHARD L. 'DICK' WILSON,204
Cabell,PRECINCT 9,FOR SURVEYOR,,REP,RICHARD L. 'DICK' WILSON,242
Cabell,PRECINCT 10,FOR SURVEYOR,,REP,RICHARD L. 'DICK' WILSON,200
Cabell,PRECINCT 11,FOR SURVEYOR,,REP,RICHARD L. 'DICK' WILSON,240
Cabell,PRECINCT 12,FOR SURVEYOR,,REP,RICHARD L. 'DICK' WILSON,205
Cabell,PRECINCT 13,FOR SURVEYOR,,REP,RICHARD L. 'DICK' WILSON,375
Cabell,PRECINCT 14,FOR SURVEYOR,,REP,RICHARD L. 'DICK' WILSON,572
Cabell,PRECINCT 15,FOR SURVEYOR,,REP,RICHARD L. 'DICK' WILSON,4
Cabell,PRECINCT 16,FOR SURVEYOR,,REP,RICHARD L. 'DICK' WILSON,146
Cabell,PRECINCT 17,FOR SURVEYOR,,REP,RICHARD L. 'DICK' WILSON,174
Cabell,PRECINCT 18,FOR SURVEYOR,,REP,RICHARD L. 'DICK' WILSON,284
Cabell,PRECINCT 19,FOR SURVEYOR,,REP,RICHARD L. 'DICK' WILSON,245
Cabell,PRECINCT 20,FOR SURVEYOR,,REP,RICHARD L. 'DICK' WILSON,139
Cabell,PRECINCT 21,FOR SURVEYOR,,REP,RICHARD L. 'DICK' WILSON,119
Cabell,PRECINCT 22,FOR SURVEYOR,,REP,RICHARD L. 'DICK' WILSON,735
Cabell,PRECINCT 23,FOR SURVEYOR,,REP,RICHARD L. 'DICK' WILSON,357
Cabell,PRECINCT 24,FOR SURVEYOR,,REP,RICHARD L. 'DICK' WILSON,130
Cabell,PRECINCT 25,FOR SURVEYOR,,REP,RICHARD L. 'DICK' WILSON,297
Cabell,PRECINCT 26,FOR SURVEYOR,,REP,RICHARD L. 'DICK' WILSON,337
Cabell,PRECINCT 27,FOR SURVEYOR,,REP,RICHARD L. 'DICK' WILSON,226
Cabell,PRECINCT 28,FOR SURVEYOR,,REP,RICHARD L. 'DICK' WILSON,55
Cabell,PRECINCT 29,FOR SURVEYOR,,REP,RICHARD L. 'DICK' WILSON,374
Cabell,PRECINCT 30,FOR SURVEYOR,,REP,RICHARD L. 'DICK' WILSON,483
Cabell,PRECINCT 31,FOR SURVEYOR,,REP,RICHARD L. 'DICK' WILSON,374
Cabell,PRECINCT 32,FOR SURVEYOR,,REP,RICHARD L. 'DICK' WILSON,254
Cabell,PRECINCT 33,FOR SURVEYOR,,REP,RICHARD L. 'DICK' WILSON,136
Cabell,PRECINCT 34,FOR SURVEYOR,,REP,RICHARD L. 'DICK' WILSON,358
Cabell,PRECINCT 35,FOR SURVEYOR,,REP,RICHARD L. 'DICK' WILSON,572
Cabell,PRECINCT 36,FOR SURVEYOR,,REP,RICHARD L. 'DICK' WILSON,47
Cabell,PRECINCT 37,FOR SURVEYOR,,REP,RICHARD L. 'DICK' WILSON,373
Cabell,PRECINCT 38,FOR SURVEYOR,,REP,RICHARD L. 'DICK' WILSON,207
Cabell,PRECINCT 39,FOR SURVEYOR,,REP,RICHARD L. 'DICK' WILSON,473
Cabell,PRECINCT 40,FOR SURVEYOR,,REP,RICHARD L. 'DICK' WILSON,351
Cabell,PRECINCT 41,FOR SURVEYOR,,REP,RICHARD L. 'DICK' WILSON,857
Cabell,PRECINCT 42,FOR SURVEYOR,,REP,RICHARD L. 'DICK' WILSON,591
Cabell,PRECINCT 43,FOR SURVEYOR,,REP,RICHARD L. 'DICK' WILSON,463
Cabell,PRECINCT 44,FOR SURVEYOR,,REP,RICHARD L. 'DICK' WILSON,304
Cabell,PRECINCT 45,FOR SURVEYOR,,REP,RICHARD L. 'DICK' WILSON,442
Cabell,PRECINCT 46,FOR SURVEYOR,,REP,RICHARD L. 'DICK' WILSON,784
Cabell,PRECINCT 47,FOR SURVEYOR,,REP,RICHARD L. 'DICK' WILSON,458
Cabell,PRECINCT 48,FOR SURVEYOR,,REP,RICHARD L. 'DICK' WILSON,663
Cabell,PRECINCT 49,FOR SURVEYOR,,REP,RICHARD L. 'DICK' WILSON,813
Cabell,PRECINCT 50,FOR SURVEYOR,,REP,RICHARD L. 'DICK' WILSON,740
Cabell,PRECINCT 51,FOR SURVEYOR,,REP,RICHARD L. 'DICK' WILSON,508
Cabell,PRECINCT 52,FOR SURVEYOR,,REP,RICHARD L. 'DICK' WILSON,457
Cabell,PRECINCT 53,FOR SURVEYOR,,REP,RICHARD L. 'DICK' WILSON,680
Cabell,PRECINCT 54,FOR SURVEYOR,,REP,RICHARD L. 'DICK' WILSON,315
Cabell,PRECINCT 55,FOR SURVEYOR,,REP,RICHARD L. 'DICK' WILSON,486
Cabell,PRECINCT 56,FOR SURVEYOR,,REP,RICHARD L. 'DICK' WILSON,320
Cabell,PRECINCT 57,FOR SURVEYOR,,REP,RICHARD L. 'DICK' WILSON,644
Cabell,PRECINCT 58,FOR SURVEYOR,,REP,RICHARD L. 'DICK' WILSON,418
Cabell,PRECINCT 59,FOR SURVEYOR,,REP,RICHARD L. 'DICK' WILSON,959
Cabell,PRECINCT 60,FOR SURVEYOR,,REP,RICHARD L. 'DICK' WILSON,551
Cabell,PRECINCT 61,FOR SURVEYOR,,REP,RICHARD L. 'DICK' WILSON,767
Cabell,PRECINCT 62,FOR SURVEYOR,,REP,RICHARD L. 'DICK' WILSON,680
Cabell,PRECINCT 63,FOR SURVEYOR,,REP,RICHARD L. 'DICK' WILSON,493
Cabell,PRECINCT 64,FOR SURVEYOR,,REP,RICHARD L. 'DICK' WILSON,367
Cabell,PRECINCT 65,FOR SURVEYOR,,REP,RICHARD L. 'DICK' WILSON,555
Cabell,PRECINCT 66,FOR SURVEYOR,,REP,RICHARD L. 'DICK' WILSON,78
Cabell,PRECINCT 67,FOR SURVEYOR,,REP,RICHARD L. 'DICK' WILSON,507
Cabell,PRECINCT 68,FOR SURVEYOR,,REP,RICHARD L. 'DICK' WILSON,234
Cabell,PRECINCT 1,Amendment No.1: Protection of Persons Against Medically Assisted Suicide,,,AGAINST,168
Cabell,PRECINCT 2,Amendment No.1: Protection of Persons Against Medically Assisted Suicide,,,AGAINST,191
Cabell,PRECINCT 3,Amendment No.1: Protection of Persons Against Medically Assisted Suicide,,,AGAINST,168
Cabell,PRECINCT 4,Amendment No.1: Protection of Persons Against Medically Assisted Suicide,,,AGAINST,211
Cabell,PRECINCT 5,Amendment No.1: Protection of Persons Against Medically Assisted Suicide,,,AGAINST,411
Cabell,PRECINCT 6,Amendment No.1: Protection of Persons Against Medically Assisted Suicide,,,AGAINST,337
Cabell,PRECINCT 7,Amendment No.1: Protection of Persons Against Medically Assisted Suicide,,,AGAINST,155
Cabell,PRECINCT 8,Amendment No.1: Protection of Persons Against Medically Assisted Suicide,,,AGAINST,143
Cabell,PRECINCT 9,Amendment No.1: Protection of Persons Against Medically Assisted Suicide,,,AGAINST,176
Cabell,PRECINCT 10,Amendment No.1: Protection of Persons Against Medically Assisted Suicide,,,AGAINST,187
Cabell,PRECINCT 11,Amendment No.1: Protection of Persons Against Medically Assisted Suicide,,,AGAINST,191
Cabell,PRECINCT 12,Amendment No.1: Protection of Persons Against Medically Assisted Suicide,,,AGAINST,157
Cabell,PRECINCT 13,Amendment No.1: Protection of Persons Against Medically Assisted Suicide,,,AGAINST,386
Cabell,PRECINCT 14,Amendment No.1: Protection of Persons Against Medically Assisted Suicide,,,AGAINST,440
Cabell,PRECINCT 15,Amendment No.1: Protection of Persons Against Medically Assisted Suicide,,,AGAINST,2
Cabell,PRECINCT 16,Amendment No.1: Protection of Persons Against Medically Assisted Suicide,,,AGAINST,97
Cabell,PRECINCT 17,Amendment No.1: Protection of Persons Against Medically Assisted Suicide,,,AGAINST,121
Cabell,PRECINCT 18,Amendment No.1: Protection of Persons Against Medically Assisted Suicide,,,AGAINST,293
Cabell,PRECINCT 19,Amendment No.1: Protection of Persons Against Medically Assisted Suicide,,,AGAINST,209
Cabell,PRECINCT 20,Amendment No.1: Protection of Persons Against Medically Assisted Suicide,,,AGAINST,94
Cabell,PRECINCT 21,Amendment No.1: Protection of Persons Against Medically Assisted Suicide,,,AGAINST,84
Cabell,PRECINCT 22,Amendment No.1: Protection of Persons Against Medically Assisted Suicide,,,AGAINST,584
Cabell,PRECINCT 23,Amendment No.1: Protection of Persons Against Medically Assisted Suicide,,,AGAINST,231
Cabell,PRECINCT 24,Amendment No.1: Protection of Persons Against Medically Assisted Suicide,,,AGAINST,99
Cabell,PRECINCT 25,Amendment No.1: Protection of Persons Against Medically Assisted Suicide,,,AGAINST,254
Cabell,PRECINCT 26,Amendment No.1: Protection of Persons Against Medically Assisted Suicide,,,AGAINST,244
Cabell,PRECINCT 27,Amendment No.1: Protection of Persons Against Medically Assisted Suicide,,,AGAINST,148
Cabell,PRECINCT 28,Amendment No.1: Protection of Persons Against Medically Assisted Suicide,,,AGAINST,35
Cabell,PRECINCT 29,Amendment No.1: Protection of Persons Against Medically Assisted Suicide,,,AGAINST,262
Cabell,PRECINCT 30,Amendment No.1: Protection of Persons Against Medically Assisted Suicide,,,AGAINST,302
Cabell,PRECINCT 31,Amendment No.1: Protection of Persons Against Medically Assisted Suicide,,,AGAINST,249
Cabell,PRECINCT 32,Amendment No.1: Protection of Persons Against Medically Assisted Suicide,,,AGAINST,120
Cabell,PRECINCT 33,Amendment No.1: Protection of Persons Against Medically Assisted Suicide,,,AGAINST,70
Cabell,PRECINCT 34,Amendment No.1: Protection of Persons Against Medically Assisted Suicide,,,AGAINST,217
Cabell,PRECINCT 35,Amendment No.1: Protection of Persons Against Medically Assisted Suicide,,,AGAINST,324
Cabell,PRECINCT 36,Amendment No.1: Protection of Persons Against Medically Assisted Suicide,,,AGAINST,34
Cabell,PRECINCT 37,Amendment No.1: Protection of Persons Against Medically Assisted Suicide,,,AGAINST,237
Cabell,PRECINCT 38,Amendment No.1: Protection of Persons Against Medically Assisted Suicide,,,AGAINST,133
Cabell,PRECINCT 39,Amendment No.1: Protection of Persons Against Medically Assisted Suicide,,,AGAINST,280
Cabell,PRECINCT 40,Amendment No.1: Protection of Persons Against Medically Assisted Suicide,,,AGAINST,230
Cabell,PRECINCT 41,Amendment No.1: Protection of Persons Against Medically Assisted Suicide,,,AGAINST,530
Cabell,PRECINCT 42,Amendment No.1: Protection of Persons Against Medically Assisted Suicide,,,AGAINST,385
Cabell,PRECINCT 43,Amendment No.1: Protection of Persons Against Medically Assisted Suicide,,,AGAINST,262
Cabell,PRECINCT 44,Amendment No.1: Protection of Persons Against Medically Assisted Suicide,,,AGAINST,214
Cabell,PRECINCT 45,Amendment No.1: Protection of Persons Against Medically Assisted Suicide,,,AGAINST,253
Cabell,PRECINCT 46,Amendment No.1: Protection of Persons Against Medically Assisted Suicide,,,AGAINST,415
Cabell,PRECINCT 47,Amendment No.1: Protection of Persons Against Medically Assisted Suicide,,,AGAINST,230
Cabell,PRECINCT 48,Amendment No.1: Protection of Persons Against Medically Assisted Suicide,,,AGAINST,345
Cabell,PRECINCT 49,Amendment No.1: Protection of Persons Against Medically Assisted Suicide,,,AGAINST,422
Cabell,PRECINCT 50,Amendment No.1: Protection of Persons Against Medically Assisted Suicide,,,AGAINST,331
Cabell,PRECINCT 51,Amendment No.1: Protection of Persons Against Medically Assisted Suicide,,,AGAINST,282
Cabell,PRECINCT 52,Amendment No.1: Protection of Persons Against Medically Assisted Suicide,,,AGAINST,247
Cabell,PRECINCT 53,Amendment No.1: Protection of Persons Against Medically Assisted Suicide,,,AGAINST,364
Cabell,PRECINCT 54,Amendment No.1: Protection of Persons Against Medically Assisted Suicide,,,AGAINST,187
Cabell,PRECINCT 55,Amendment No.1: Protection of Persons Against Medically Assisted Suicide,,,AGAINST,243
Cabell,PRECINCT 56,Amendment No.1: Protection of Persons Against Medically Assisted Suicide,,,AGAINST,158
Cabell,PRECINCT 57,Amendment No.1: Protection of Persons Against Medically Assisted Suicide,,,AGAINST,315
Cabell,PRECINCT 58,Amendment No.1: Protection of Persons Against Medically Assisted Suicide,,,AGAINST,226
Cabell,PRECINCT 59,Amendment No.1: Protection of Persons Against Medically Assisted Suicide,,,AGAINST,537
Cabell,PRECINCT 60,Amendment No.1: Protection of Persons Against Medically Assisted Suicide,,,AGAINST,274
Cabell,PRECINCT 61,Amendment No.1: Protection of Persons Against Medically Assisted Suicide,,,AGAINST,374
Cabell,PRECINCT 62,Amendment No.1: Protection of Persons Against Medically Assisted Suicide,,,AGAINST,376
Cabell,PRECINCT 63,Amendment No.1: Protection of Persons Against Medically Assisted Suicide,,,AGAINST,273
Cabell,PRECINCT 64,Amendment No.1: Protection of Persons Against Medically Assisted Suicide,,,AGAINST,182
Cabell,PRECINCT 65,Amendment No.1: Protection of Persons Against Medically Assisted Suicide,,,AGAINST,277
Cabell,PRECINCT 66,Amendment No.1: Protection of Persons Against Medically Assisted Suicide,,,AGAINST,38
Cabell,PRECINCT 67,Amendment No.1: Protection of Persons Against Medically Assisted Suicide,,,AGAINST,302
Cabell,PRECINCT 68,Amendment No.1: Protection of Persons Against Medically Assisted Suicide,,,AGAINST,130
Cabell,PRECINCT 1,Amendment No.1: Protection of Persons Against Medically Assisted Suicide,,,FOR,146
Cabell,PRECINCT 2,Amendment No.1: Protection of Persons Against Medically Assisted Suicide,,,FOR,154
Cabell,PRECINCT 3,Amendment No.1: Protection of Persons Against Medically Assisted Suicide,,,FOR,136
Cabell,PRECINCT 4,Amendment No.1: Protection of Persons Against Medically Assisted Suicide,,,FOR,220
Cabell,PRECINCT 5,Amendment No.1: Protection of Persons Against Medically Assisted Suicide,,,FOR,259
Cabell,PRECINCT 6,Amendment No.1: Protection of Persons Against Medically Assisted Suicide,,,FOR,227
Cabell,PRECINCT 7,Amendment No.1: Protection of Persons Against Medically Assisted Suicide,,,FOR,103
Cabell,PRECINCT 8,Amendment No.1: Protection of Persons Against Medically Assisted Suicide,,,FOR,103
Cabell,PRECINCT 9,Amendment No.1: Protection of Persons Against Medically Assisted Suicide,,,FOR,129
Cabell,PRECINCT 10,Amendment No.1: Protection of Persons Against Medically Assisted Suicide,,,FOR,118
Cabell,PRECINCT 11,Amendment No.1: Protection of Persons Against Medically Assisted Suicide,,,FOR,114
Cabell,PRECINCT 12,Amendment No.1: Protection of Persons Against Medically Assisted Suicide,,,FOR,161
Cabell,PRECINCT 13,Amendment No.1: Protection of Persons Against Medically Assisted Suicide,,,FOR,143
Cabell,PRECINCT 14,Amendment No.1: Protection of Persons Against Medically Assisted Suicide,,,FOR,317
Cabell,PRECINCT 15,Amendment No.1: Protection of Persons Against Medically Assisted Suicide,,,FOR,3
Cabell,PRECINCT 16,Amendment No.1: Protection of Persons Against Medically Assisted Suicide,,,FOR,154
Cabell,PRECINCT 17,Amendment No.1: Protection of Persons Against Medically Assisted Suicide,,,FOR,109
Cabell,PRECINCT 18,Amendment No.1: Protection of Persons Against Medically Assisted Suicide,,,FOR,123
Cabell,PRECINCT 19,Amendment No.1: Protection of Persons Against Medically Assisted Suicide,,,FOR,118
Cabell,PRECINCT 20,Amendment No.1: Protection of Persons Against Medically Assisted Suicide,,,FOR,77
Cabell,PRECINCT 21,Amendment No.1: Protection of Persons Against Medically Assisted Suicide,,,FOR,78
Cabell,PRECINCT 22,Amendment No.1: Protection of Persons Against Medically Assisted Suicide,,,FOR,365
Cabell,PRECINCT 23,Amendment No.1: Protection of Persons Against Medically Assisted Suicide,,,FOR,204
Cabell,PRECINCT 24,Amendment No.1: Protection of Persons Against Medically Assisted Suicide,,,FOR,65
Cabell,PRECINCT 25,Amendment No.1: Protection of Persons Against Medically Assisted Suicide,,,FOR,155
Cabell,PRECINCT 26,Amendment No.1: Protection of Persons Against Medically Assisted Suicide,,,FOR,162
Cabell,PRECINCT 27,Amendment No.1: Protection of Persons Against Medically Assisted Suicide,,,FOR,107
Cabell,PRECINCT 28,Amendment No.1: Protection of Persons Against Medically Assisted Suicide,,,FOR,33
Cabell,PRECINCT 29,Amendment No.1: Protection of Persons Against Medically Assisted Suicide,,,FOR,215
Cabell,PRECINCT 30,Amendment No.1: Protection of Persons Against Medically Assisted Suicide,,,FOR,276
Cabell,PRECINCT 31,Amendment No.1: Protection of Persons Against Medically Assisted Suicide,,,FOR,201
Cabell,PRECINCT 32,Amendment No.1: Protection of Persons Against Medically Assisted Suicide,,,FOR,160
Cabell,PRECINCT 33,Amendment No.1: Protection of Persons Against Medically Assisted Suicide,,,FOR,76
Cabell,PRECINCT 34,Amendment No.1: Protection of Persons Against Medically Assisted Suicide,,,FOR,191
Cabell,PRECINCT 35,Amendment No.1: Protection of Persons Against Medically Assisted Suicide,,,FOR,308
Cabell,PRECINCT 36,Amendment No.1: Protection of Persons Against Medically Assisted Suicide,,,FOR,26
Cabell,PRECINCT 37,Amendment No.1: Protection of Persons Against Medically Assisted Suicide,,,FOR,218
Cabell,PRECINCT 38,Amendment No.1: Protection of Persons Against Medically Assisted Suicide,,,FOR,131
Cabell,PRECINCT 39,Amendment No.1: Protection of Persons Against Medically Assisted Suicide,,,FOR,268
Cabell,PRECINCT 40,Amendment No.1: Protection of Persons Against Medically Assisted Suicide,,,FOR,201
Cabell,PRECINCT 41,Amendment No.1: Protection of Persons Against Medically Assisted Suicide,,,FOR,514
Cabell,PRECINCT 42,Amendment No.1: Protection of Persons Against Medically Assisted Suicide,,,FOR,324
Cabell,PRECINCT 43,Amendment No.1: Protection of Persons Against Medically Assisted Suicide,,,FOR,262
Cabell,PRECINCT 44,Amendment No.1: Protection of Persons Against Medically Assisted Suicide,,,FOR,164
Cabell,PRECINCT 45,Amendment No.1: Protection of Persons Against Medically Assisted Suicide,,,FOR,271
Cabell,PRECINCT 46,Amendment No.1: Protection of Persons Against Medically Assisted Suicide,,,FOR,462
Cabell,PRECINCT 47,Amendment No.1: Protection of Persons Against Medically Assisted Suicide,,,FOR,282
Cabell,PRECINCT 48,Amendment No.1: Protection of Persons Against Medically Assisted Suicide,,,FOR,375
Cabell,PRECINCT 49,Amendment No.1: Protection of Persons Against Medically Assisted Suicide,,,FOR,459
Cabell,PRECINCT 50,Amendment No.1: Protection of Persons Against Medically Assisted Suicide,,,FOR,419
Cabell,PRECINCT 51,Amendment No.1: Protection of Persons Against Medically Assisted Suicide,,,FOR,310
Cabell,PRECINCT 52,Amendment No.1: Protection of Persons Against Medically Assisted Suicide,,,FOR,265
Cabell,PRECINCT 53,Amendment No.1: Protection of Persons Against Medically Assisted Suicide,,,FOR,405
Cabell,PRECINCT 54,Amendment No.1: Protection of Persons Against Medically Assisted Suicide,,,FOR,174
Cabell,PRECINCT 55,Amendment No.1: Protection of Persons Against Medically Assisted Suicide,,,FOR,284
Cabell,PRECINCT 56,Amendment No.1: Protection of Persons Against Medically Assisted Suicide,,,FOR,189
Cabell,PRECINCT 57,Amendment No.1: Protection of Persons Against Medically Assisted Suicide,,,FOR,372
Cabell,PRECINCT 58,Amendment No.1: Protection of Persons Against Medically Assisted Suicide,,,FOR,251
Cabell,PRECINCT 59,Amendment No.1: Protection of Persons Against Medically Assisted Suicide,,,FOR,541
Cabell,PRECINCT 60,Amendment No.1: Protection of Persons Against Medically Assisted Suicide,,,FOR,330
Cabell,PRECINCT 61,Amendment No.1: Protection of Persons Against Medically Assisted Suicide,,,FOR,448
Cabell,PRECINCT 62,Amendment No.1: Protection of Persons Against Medically Assisted Suicide,,,FOR,376
Cabell,PRECINCT 63,Amendment No.1: Protection of Persons Against Medically Assisted Suicide,,,FOR,274
Cabell,PRECINCT 64,Amendment No.1: Protection of Persons Against Medically Assisted Suicide,,,FOR,216
Cabell,PRECINCT 65,Amendment No.1: Protection of Persons Against Medically Assisted Suicide,,,FOR,312
Cabell,PRECINCT 66,Amendment No.1: Protection of Persons Against Medically Assisted Suicide,,,FOR,47
Cabell,PRECINCT 67,Amendment No.1: Protection of Persons Against Medically Assisted Suicide,,,FOR,260
Cabell,PRECINCT 68,Amendment No.1: Protection of Persons Against Medically Assisted Suicide,,,FOR,125
Cabell,PRECINCT 1,FOR MAYOR HUNTINGTON,,REP,PATRICK FARRELL,189
Cabell,PRECINCT 2,FOR MAYOR HUNTINGTON,,REP,PATRICK FARRELL,180
Cabell,PRECINCT 3,FOR MAYOR HUNTINGTON,,REP,PATRICK FARRELL,164
Cabell,PRECINCT 4,FOR MAYOR HUNTINGTON,,REP,PATRICK FARRELL,282
Cabell,PRECINCT 5,FOR MAYOR HUNTINGTON,,REP,PATRICK FARRELL,325
Cabell,PRECINCT 6,FOR MAYOR HUNTINGTON,,REP,PATRICK FARRELL,260
Cabell,PRECINCT 7,FOR MAYOR HUNTINGTON,,REP,PATRICK FARRELL,167
Cabell,PRECINCT 8,FOR MAYOR HUNTINGTON,,REP,PATRICK FARRELL,181
Cabell,PRECINCT 9,FOR MAYOR HUNTINGTON,,REP,PATRICK FARRELL,143
Cabell,PRECINCT 10,FOR MAYOR HUNTINGTON,,REP,PATRICK FARRELL,101
Cabell,PRECINCT 11,FOR MAYOR HUNTINGTON,,REP,PATRICK FARRELL,104
Cabell,PRECINCT 12,FOR MAYOR HUNTINGTON,,REP,PATRICK FARRELL,70
Cabell,PRECINCT 13,FOR MAYOR HUNTINGTON,,REP,PATRICK FARRELL,202
Cabell,PRECINCT 14,FOR MAYOR HUNTINGTON,,REP,PATRICK FARRELL,425
Cabell,PRECINCT 15,FOR MAYOR HUNTINGTON,,REP,PATRICK FARRELL,4
Cabell,PRECINCT 16,FOR MAYOR HUNTINGTON,,REP,PATRICK FARRELL,50
Cabell,PRECINCT 17,FOR MAYOR HUNTINGTON,,REP,PATRICK FARRELL,76
Cabell,PRECINCT 18,FOR MAYOR HUNTINGTON,,REP,PATRICK FARRELL,165
Cabell,PRECINCT 19,FOR MAYOR HUNTINGTON,,REP,PATRICK FARRELL,139
Cabell,PRECINCT 20,FOR MAYOR HUNTINGTON,,REP,PATRICK FARRELL,93
Cabell,PRECINCT 21,FOR MAYOR HUNTINGTON,,REP,PATRICK FARRELL,63
Cabell,PRECINCT 22,FOR MAYOR HUNTINGTON,,REP,PATRICK FARRELL,585
Cabell,PRECINCT 23,FOR MAYOR HUNTINGTON,,REP,PATRICK FARRELL,230
Cabell,PRECINCT 24,FOR MAYOR HUNTINGTON,,REP,PATRICK FARRELL,70
Cabell,PRECINCT 25,FOR MAYOR HUNTINGTON,,REP,PATRICK FARRELL,201
Cabell,PRECINCT 26,FOR MAYOR HUNTINGTON,,REP,PATRICK FARRELL,211
Cabell,PRECINCT 27,FOR MAYOR HUNTINGTON,,REP,PATRICK FARRELL,143
Cabell,PRECINCT 28,FOR MAYOR HUNTINGTON,,REP,PATRICK FARRELL,43
Cabell,PRECINCT 29,FOR MAYOR HUNTINGTON,,REP,PATRICK FARRELL,316
Cabell,PRECINCT 30,FOR MAYOR HUNTINGTON,,REP,PATRICK FARRELL,356
Cabell,PRECINCT 31,FOR MAYOR HUNTINGTON,,REP,PATRICK FARRELL,326
Cabell,PRECINCT 32,FOR MAYOR HUNTINGTON,,REP,PATRICK FARRELL,197
Cabell,PRECINCT 33,FOR MAYOR HUNTINGTON,,REP,PATRICK FARRELL,116
Cabell,PRECINCT 34,FOR MAYOR HUNTINGTON,,REP,PATRICK FARRELL,277
Cabell,PRECINCT 1,FOR MAYOR HUNTINGTON,,DEM,JENNIFER WHEELER,139
Cabell,PRECINCT 2,FOR MAYOR HUNTINGTON,,DEM,JENNIFER WHEELER,170
Cabell,PRECINCT 3,FOR MAYOR HUNTINGTON,,DEM,JENNIFER WHEELER,163
Cabell,PRECINCT 4,FOR MAYOR HUNTINGTON,,DEM,JENNIFER WHEELER,168
Cabell,PRECINCT 5,FOR MAYOR HUNTINGTON,,DEM,JENNIFER WHEELER,381
Cabell,PRECINCT 6,FOR MAYOR HUNTINGTON,,DEM,JENNIFER WHEELER,332
Cabell,PRECINCT 7,FOR MAYOR HUNTINGTON,,DEM,JENNIFER WHEELER,110
Cabell,PRECINCT 8,FOR MAYOR HUNTINGTON,,DEM,JENNIFER WHEELER,89
Cabell,PRECINCT 9,FOR MAYOR HUNTINGTON,,DEM,JENNIFER WHEELER,171
Cabell,PRECINCT 10,FOR MAYOR HUNTINGTON,,DEM,JENNIFER WHEELER,210
Cabell,PRECINCT 11,FOR MAYOR HUNTINGTON,,DEM,JENNIFER WHEELER,211
Cabell,PRECINCT 12,FOR MAYOR HUNTINGTON,,DEM,JENNIFER WHEELER,249
Cabell,PRECINCT 13,FOR MAYOR HUNTINGTON,,DEM,JENNIFER WHEELER,345
Cabell,PRECINCT 14,FOR MAYOR HUNTINGTON,,DEM,JENNIFER WHEELER,380
Cabell,PRECINCT 15,FOR MAYOR HUNTINGTON,,DEM,JENNIFER WHEELER,2
Cabell,PRECINCT 16,FOR MAYOR HUNTINGTON,,DEM,JENNIFER WHEELER,234
Cabell,PRECINCT 17,FOR MAYOR HUNTINGTON,,DEM,JENNIFER WHEELER,170
Cabell,PRECINCT 18,FOR MAYOR HUNTINGTON,,DEM,JENNIFER WHEELER,285
Cabell,PRECINCT 19,FOR MAYOR HUNTINGTON,,DEM,JENNIFER WHEELER,191
Cabell,PRECINCT 20,FOR MAYOR HUNTINGTON,,DEM,JENNIFER WHEELER,82
Cabell,PRECINCT 21,FOR MAYOR HUNTINGTON,,DEM,JENNIFER WHEELER,109
Cabell,PRECINCT 22,FOR MAYOR HUNTINGTON,,DEM,JENNIFER WHEELER,450
Cabell,PRECINCT 23,FOR MAYOR HUNTINGTON,,DEM,JENNIFER WHEELER,215
Cabell,PRECINCT 24,FOR MAYOR HUNTINGTON,,DEM,JENNIFER WHEELER,102
Cabell,PRECINCT 25,FOR MAYOR HUNTINGTON,,DEM,JENNIFER WHEELER,224
Cabell,PRECINCT 26,FOR MAYOR HUNTINGTON,,DEM,JENNIFER WHEELER,203
Cabell,PRECINCT 27,FOR MAYOR HUNTINGTON,,DEM,JENNIFER WHEELER,114
Cabell,PRECINCT 28,FOR MAYOR HUNTINGTON,,DEM,JENNIFER WHEELER,27
Cabell,PRECINCT 29,FOR MAYOR HUNTINGTON,,DEM,JENNIFER WHEELER,184
Cabell,PRECINCT 30,FOR MAYOR HUNTINGTON,,DEM,JENNIFER WHEELER,260
Cabell,PRECINCT 31,FOR MAYOR HUNTINGTON,,DEM,JENNIFER WHEELER,164
Cabell,PRECINCT 32,FOR MAYOR HUNTINGTON,,DEM,JENNIFER WHEELER,86
Cabell,PRECINCT 33,FOR MAYOR HUNTINGTON,,DEM,JENNIFER WHEELER,44
Cabell,PRECINCT 34,FOR MAYOR HUNTINGTON,,DEM,JENNIFER WHEELER,147
Cabell,PRECINCT 1,FOR MAYOR HUNTINGTON,,IND,JAY MICHAELS,22
Cabell,PRECINCT 2,FOR MAYOR HUNTINGTON,,IND,JAY MICHAELS,30
Cabell,PRECINCT 3,FOR MAYOR HUNTINGTON,,IND,JAY MICHAELS,21
Cabell,PRECINCT 4,FOR MAYOR HUNTINGTON,,IND,JAY MICHAELS,29
Cabell,PRECINCT 5,FOR MAYOR HUNTINGTON,,IND,JAY MICHAELS,32
Cabell,PRECINCT 6,FOR MAYOR HUNTINGTON,,IND,JAY MICHAELS,27
Cabell,PRECINCT 7,FOR MAYOR HUNTINGTON,,IND,JAY MICHAELS,8
Cabell,PRECINCT 8,FOR MAYOR HUNTINGTON,,IND,JAY MICHAELS,16
Cabell,PRECINCT 9,FOR MAYOR HUNTINGTON,,IND,JAY MICHAELS,24
Cabell,PRECINCT 10,FOR MAYOR HUNTINGTON,,IND,JAY MICHAELS,13
Cabell,PRECINCT 11,FOR MAYOR HUNTINGTON,,IND,JAY MICHAELS,20
Cabell,PRECINCT 12,FOR MAYOR HUNTINGTON,,IND,JAY MICHAELS,29
Cabell,PRECINCT 13,FOR MAYOR HUNTINGTON,,IND,JAY MICHAELS,38
Cabell,PRECINCT 14,FOR MAYOR HUNTINGTON,,IND,JAY MICHAELS,28
Cabell,PRECINCT 15,FOR MAYOR HUNTINGTON,,IND,JAY MICHAELS,0
Cabell,PRECINCT 16,FOR MAYOR HUNTINGTON,,IND,JAY MICHAELS,17
Cabell,PRECINCT 17,FOR MAYOR HUNTINGTON,,IND,JAY MICHAELS,17
Cabell,PRECINCT 18,FOR MAYOR HUNTINGTON,,IND,JAY MICHAELS,16
Cabell,PRECINCT 19,FOR MAYOR HUNTINGTON,,IND,JAY MICHAELS,21
Cabell,PRECINCT 20,FOR MAYOR HUNTINGTON,,IND,JAY MICHAELS,9
Cabell,PRECINCT 21,FOR MAYOR HUNTINGTON,,IND,JAY MICHAELS,12
Cabell,PRECINCT 22,FOR MAYOR HUNTINGTON,,IND,JAY MICHAELS,22
Cabell,PRECINCT 23,FOR MAYOR HUNTINGTON,,IND,JAY MICHAELS,36
Cabell,PRECINCT 24,FOR MAYOR HUNTINGTON,,IND,JAY MICHAELS,10
Cabell,PRECINCT 25,FOR MAYOR HUNTINGTON,,IND,JAY MICHAELS,23
Cabell,PRECINCT 26,FOR MAYOR HUNTINGTON,,IND,JAY MICHAELS,41
Cabell,PRECINCT 27,FOR MAYOR HUNTINGTON,,IND,JAY MICHAELS,21
Cabell,PRECINCT 28,FOR MAYOR HUNTINGTON,,IND,JAY MICHAELS,6
Cabell,PRECINCT 29,FOR MAYOR HUNTINGTON,,IND,JAY MICHAELS,27
Cabell,PRECINCT 30,FOR MAYOR HUNTINGTON,,IND,JAY MICHAELS,19
Cabell,PRECINCT 31,FOR MAYOR HUNTINGTON,,IND,JAY MICHAELS,12
Cabell,PRECINCT 32,FOR MAYOR HUNTINGTON,,IND,JAY MICHAELS,26
Cabell,PRECINCT 33,FOR MAYOR HUNTINGTON,,IND,JAY MICHAELS,8
Cabell,PRECINCT 34,FOR MAYOR HUNTINGTON,,IND,JAY MICHAELS,21
Cabell,PRECINCT 1,FOR CITY COUNCIL AT-LARGE HUNTINGTON,,DEM,ALLY LAYMAN,130
Cabell,PRECINCT 2,FOR CITY COUNCIL AT-LARGE HUNTINGTON,,DEM,ALLY LAYMAN,151
Cabell,PRECINCT 3,FOR CITY COUNCIL AT-LARGE HUNTINGTON,,DEM,ALLY LAYMAN,138
Cabell,PRECINCT 4,FOR CITY COUNCIL AT-LARGE HUNTINGTON,,DEM,ALLY LAYMAN,144
Cabell,PRECINCT 5,FOR CITY COUNCIL AT-LARGE HUNTINGTON,,DEM,ALLY LAYMAN,355
Cabell,PRECINCT 6,FOR CITY COUNCIL AT-LARGE HUNTINGTON,,DEM,ALLY LAYMAN,278
Cabell,PRECINCT 7,FOR CITY COUNCIL AT-LARGE HUNTINGTON,,DEM,ALLY LAYMAN,113
Cabell,PRECINCT 8,FOR CITY COUNCIL AT-LARGE HUNTINGTON,,DEM,ALLY LAYMAN,87
Cabell,PRECINCT 9,FOR CITY COUNCIL AT-LARGE HUNTINGTON,,DEM,ALLY LAYMAN,171
Cabell,PRECINCT 10,FOR CITY COUNCIL AT-LARGE HUNTINGTON,,DEM,ALLY LAYMAN,184
Cabell,PRECINCT 11,FOR CITY COUNCIL AT-LARGE HUNTINGTON,,DEM,ALLY LAYMAN,208
Cabell,PRECINCT 12,FOR CITY COUNCIL AT-LARGE HUNTINGTON,,DEM,ALLY LAYMAN,158
Cabell,PRECINCT 13,FOR CITY COUNCIL AT-LARGE HUNTINGTON,,DEM,ALLY LAYMAN,332
Cabell,PRECINCT 14,FOR CITY COUNCIL AT-LARGE HUNTINGTON,,DEM,ALLY LAYMAN,365
Cabell,PRECINCT 15,FOR CITY COUNCIL AT-LARGE HUNTINGTON,,DEM,ALLY LAYMAN,2
Cabell,PRECINCT 16,FOR CITY COUNCIL AT-LARGE HUNTINGTON,,DEM,ALLY LAYMAN,121
Cabell,PRECINCT 17,FOR CITY COUNCIL AT-LARGE HUNTINGTON,,DEM,ALLY LAYMAN,117
Cabell,PRECINCT 18,FOR CITY COUNCIL AT-LARGE HUNTINGTON,,DEM,ALLY LAYMAN,266
Cabell,PRECINCT 19,FOR CITY COUNCIL AT-LARGE HUNTINGTON,,DEM,ALLY LAYMAN,199
Cabell,PRECINCT 20,FOR CITY COUNCIL AT-LARGE HUNTINGTON,,DEM,ALLY LAYMAN,87
Cabell,PRECINCT 21,FOR CITY COUNCIL AT-LARGE HUNTINGTON,,DEM,ALLY LAYMAN,75
Cabell,PRECINCT 22,FOR CITY COUNCIL AT-LARGE HUNTINGTON,,DEM,ALLY LAYMAN,501
Cabell,PRECINCT 23,FOR CITY COUNCIL AT-LARGE HUNTINGTON,,DEM,ALLY LAYMAN,209
Cabell,PRECINCT 24,FOR CITY COUNCIL AT-LARGE HUNTINGTON,,DEM,ALLY LAYMAN,97
Cabell,PRECINCT 25,FOR CITY COUNCIL AT-LARGE HUNTINGTON,,DEM,ALLY LAYMAN,226
Cabell,PRECINCT 26,FOR CITY COUNCIL AT-LARGE HUNTINGTON,,DEM,ALLY LAYMAN,209
Cabell,PRECINCT 27,FOR CITY COUNCIL AT-LARGE HUNTINGTON,,DEM,ALLY LAYMAN,130
Cabell,PRECINCT 28,FOR CITY COUNCIL AT-LARGE HUNTINGTON,,DEM,ALLY LAYMAN,23
Cabell,PRECINCT 29,FOR CITY COUNCIL AT-LARGE HUNTINGTON,,DEM,ALLY LAYMAN,230
Cabell,PRECINCT 30,FOR CITY COUNCIL AT-LARGE HUNTINGTON,,DEM,ALLY LAYMAN,285
Cabell,PRECINCT 31,FOR CITY COUNCIL AT-LARGE HUNTINGTON,,DEM,ALLY LAYMAN,167
Cabell,PRECINCT 32,FOR CITY COUNCIL AT-LARGE HUNTINGTON,,DEM,ALLY LAYMAN,97
Cabell,PRECINCT 33,FOR CITY COUNCIL AT-LARGE HUNTINGTON,,DEM,ALLY LAYMAN,51
Cabell,PRECINCT 34,FOR CITY COUNCIL AT-LARGE HUNTINGTON,,DEM,ALLY LAYMAN,153
Cabell,PRECINCT 1,FOR CITY COUNCIL AT-LARGE HUNTINGTON,,DEM,DuRON JACKSON,81
Cabell,PRECINCT 2,FOR CITY COUNCIL AT-LARGE HUNTINGTON,,DEM,DuRON JACKSON,114
Cabell,PRECINCT 3,FOR CITY COUNCIL AT-LARGE HUNTINGTON,,DEM,DuRON JACKSON,125
Cabell,PRECINCT 4,FOR CITY COUNCIL AT-LARGE HUNTINGTON,,DEM,DuRON JACKSON,132
Cabell,PRECINCT 5,FOR CITY COUNCIL AT-LARGE HUNTINGTON,,DEM,DuRON JACKSON,346
Cabell,PRECINCT 6,FOR CITY COUNCIL AT-LARGE HUNTINGTON,,DEM,DuRON JACKSON,299
Cabell,PRECINCT 7,FOR CITY COUNCIL AT-LARGE HUNTINGTON,,DEM,DuRON JACKSON,92
Cabell,PRECINCT 8,FOR CITY COUNCIL AT-LARGE HUNTINGTON,,DEM,DuRON JACKSON,90
Cabell,PRECINCT 9,FOR CITY COUNCIL AT-LARGE HUNTINGTON,,DEM,DuRON JACKSON,109
Cabell,PRECINCT 10,FOR CITY COUNCIL AT-LARGE HUNTINGTON,,DEM,DuRON JACKSON,180
Cabell,PRECINCT 11,FOR CITY COUNCIL AT-LARGE HUNTINGTON,,DEM,DuRON JACKSON,150
Cabell,PRECINCT 12,FOR CITY COUNCIL AT-LARGE HUNTINGTON,,DEM,DuRON JACKSON,231
Cabell,PRECINCT 13,FOR CITY COUNCIL AT-LARGE HUNTINGTON,,DEM,DuRON JACKSON,305
Cabell,PRECINCT 14,FOR CITY COUNCIL AT-LARGE HUNTINGTON,,DEM,DuRON JACKSON,377
Cabell,PRECINCT 15,FOR CITY COUNCIL AT-LARGE HUNTINGTON,,DEM,DuRON JACKSON,1
Cabell,PRECINCT 16,FOR CITY COUNCIL AT-LARGE HUNTINGTON,,DEM,DuRON JACKSON,233
Cabell,PRECINCT 17,FOR CITY COUNCIL AT-LARGE HUNTINGTON,,DEM,DuRON JACKSON,146
Cabell,PRECINCT 18,FOR CITY COUNCIL AT-LARGE HUNTINGTON,,DEM,DuRON JACKSON,261
Cabell,PRECINCT 19,FOR CITY COUNCIL AT-LARGE HUNTINGTON,,DEM,DuRON JACKSON,131
Cabell,PRECINCT 20,FOR CITY COUNCIL AT-LARGE HUNTINGTON,,DEM,DuRON JACKSON,64
Cabell,PRECINCT 21,FOR CITY COUNCIL AT-LARGE HUNTINGTON,,DEM,DuRON JACKSON,80
Cabell,PRECINCT 22,FOR CITY COUNCIL AT-LARGE HUNTINGTON,,DEM,DuRON JACKSON,451
Cabell,PRECINCT 23,FOR CITY COUNCIL AT-LARGE HUNTINGTON,,DEM,DuRON JACKSON,166
Cabell,PRECINCT 24,FOR CITY COUNCIL AT-LARGE HUNTINGTON,,DEM,DuRON JACKSON,84
Cabell,PRECINCT 25,FOR CITY COUNCIL AT-LARGE HUNTINGTON,,DEM,DuRON JACKSON,197
Cabell,PRECINCT 26,FOR CITY COUNCIL AT-LARGE HUNTINGTON,,DEM,DuRON JACKSON,166
Cabell,PRECINCT 27,FOR CITY COUNCIL AT-LARGE HUNTINGTON,,DEM,DuRON JACKSON,81
Cabell,PRECINCT 28,FOR CITY COUNCIL AT-LARGE HUNTINGTON,,DEM,DuRON JACKSON,20
Cabell,PRECINCT 29,FOR CITY COUNCIL AT-LARGE HUNTINGTON,,DEM,DuRON JACKSON,197
Cabell,PRECINCT 30,FOR CITY COUNCIL AT-LARGE HUNTINGTON,,DEM,DuRON JACKSON,232
Cabell,PRECINCT 31,FOR CITY COUNCIL AT-LARGE HUNTINGTON,,DEM,DuRON JACKSON,174
Cabell,PRECINCT 32,FOR CITY COUNCIL AT-LARGE HUNTINGTON,,DEM,DuRON JACKSON,71
Cabell,PRECINCT 33,FOR CITY COUNCIL AT-LARGE HUNTINGTON,,DEM,DuRON JACKSON,26
Cabell,PRECINCT 34,FOR CITY COUNCIL AT-LARGE HUNTINGTON,,DEM,DuRON JACKSON,105
Cabell,PRECINCT 1,FOR CITY COUNCIL AT-LARGE HUNTINGTON,,REP,ROB ARCHER,157
Cabell,PRECINCT 2,FOR CITY COUNCIL AT-LARGE HUNTINGTON,,REP,ROB ARCHER,154
Cabell,PRECINCT 3,FOR CITY COUNCIL AT-LARGE HUNTINGTON,,REP,ROB ARCHER,157
Cabell,PRECINCT 4,FOR CITY COUNCIL AT-LARGE HUNTINGTON,,REP,ROB ARCHER,250
Cabell,PRECINCT 5,FOR CITY COUNCIL AT-LARGE HUNTINGTON,,REP,ROB ARCHER,344
Cabell,PRECINCT 6,FOR CITY COUNCIL AT-LARGE HUNTINGTON,,REP,ROB ARCHER,290
Cabell,PRECINCT 7,FOR CITY COUNCIL AT-LARGE HUNTINGTON,,REP,ROB ARCHER,148
Cabell,PRECINCT 8,FOR CITY COUNCIL AT-LARGE HUNTINGTON,,REP,ROB ARCHER,158
Cabell,PRECINCT 9,FOR CITY COUNCIL AT-LARGE HUNTINGTON,,REP,ROB ARCHER,109
Cabell,PRECINCT 10,FOR CITY COUNCIL AT-LARGE HUNTINGTON,,REP,ROB ARCHER,86
Cabell,PRECINCT 11,FOR CITY COUNCIL AT-LARGE HUNTINGTON,,REP,ROB ARCHER,78
Cabell,PRECINCT 12,FOR CITY COUNCIL AT-LARGE HUNTINGTON,,REP,ROB ARCHER,82
Cabell,PRECINCT 13,FOR CITY COUNCIL AT-LARGE HUNTINGTON,,REP,ROB ARCHER,190
Cabell,PRECINCT 14,FOR CITY COUNCIL AT-LARGE HUNTINGTON,,REP,ROB ARCHER,374
Cabell,PRECINCT 15,FOR CITY COUNCIL AT-LARGE HUNTINGTON,,REP,ROB ARCHER,3
Cabell,PRECINCT 16,FOR CITY COUNCIL AT-LARGE HUNTINGTON,,REP,ROB ARCHER,46
Cabell,PRECINCT 17,FOR CITY COUNCIL AT-LARGE HUNTINGTON,,REP,ROB ARCHER,72
Cabell,PRECINCT 18,FOR CITY COUNCIL AT-LARGE HUNTINGTON,,REP,ROB ARCHER,133
Cabell,PRECINCT 19,FOR CITY COUNCIL AT-LARGE HUNTINGTON,,REP,ROB ARCHER,98
Cabell,PRECINCT 20,FOR CITY COUNCIL AT-LARGE HUNTINGTON,,REP,ROB ARCHER,62
Cabell,PRECINCT 21,FOR CITY COUNCIL AT-LARGE HUNTINGTON,,REP,ROB ARCHER,51
Cabell,PRECINCT 22,FOR CITY COUNCIL AT-LARGE HUNTINGTON,,REP,ROB ARCHER,484
Cabell,PRECINCT 23,FOR CITY COUNCIL AT-LARGE HUNTINGTON,,REP,ROB ARCHER,196
Cabell,PRECINCT 24,FOR CITY COUNCIL AT-LARGE HUNTINGTON,,REP,ROB ARCHER,42
Cabell,PRECINCT 25,FOR CITY COUNCIL AT-LARGE HUNTINGTON,,REP,ROB ARCHER,157
Cabell,PRECINCT 26,FOR CITY COUNCIL AT-LARGE HUNTINGTON,,REP,ROB ARCHER,156
Cabell,PRECINCT 27,FOR CITY COUNCIL AT-LARGE HUNTINGTON,,REP,ROB ARCHER,117
Cabell,PRECINCT 28,FOR CITY COUNCIL AT-LARGE HUNTINGTON,,REP,ROB ARCHER,37
Cabell,PRECINCT 29,FOR CITY COUNCIL AT-LARGE HUNTINGTON,,REP,ROB ARCHER,231
Cabell,PRECINCT 30,FOR CITY COUNCIL AT-LARGE HUNTINGTON,,REP,ROB ARCHER,269
Cabell,PRECINCT 31,FOR CITY COUNCIL AT-LARGE HUNTINGTON,,REP,ROB ARCHER,257
Cabell,PRECINCT 32,FOR CITY COUNCIL AT-LARGE HUNTINGTON,,REP,ROB ARCHER,135
Cabell,PRECINCT 33,FOR CITY COUNCIL AT-LARGE HUNTINGTON,,REP,ROB ARCHER,61
Cabell,PRECINCT 34,FOR CITY COUNCIL AT-LARGE HUNTINGTON,,REP,ROB ARCHER,203
Cabell,PRECINCT 1,FOR CITY COUNCIL AT-LARGE HUNTINGTON,,REP,GREG MARTIN,129
Cabell,PRECINCT 2,FOR CITY COUNCIL AT-LARGE HUNTINGTON,,REP,GREG MARTIN,127
Cabell,PRECINCT 3,FOR CITY COUNCIL AT-LARGE HUNTINGTON,,REP,GREG MARTIN,115
Cabell,PRECINCT 4,FOR CITY COUNCIL AT-LARGE HUNTINGTON,,REP,GREG MARTIN,180
Cabell,PRECINCT 5,FOR CITY COUNCIL AT-LARGE HUNTINGTON,,REP,GREG MARTIN,142
Cabell,PRECINCT 6,FOR CITY COUNCIL AT-LARGE HUNTINGTON,,REP,GREG MARTIN,140
Cabell,PRECINCT 7,FOR CITY COUNCIL AT-LARGE HUNTINGTON,,REP,GREG MARTIN,85
Cabell,PRECINCT 8,FOR CITY COUNCIL AT-LARGE HUNTINGTON,,REP,GREG MARTIN,95
Cabell,PRECINCT 9,FOR CITY COUNCIL AT-LARGE HUNTINGTON,,REP,GREG MARTIN,97
Cabell,PRECINCT 10,FOR CITY COUNCIL AT-LARGE HUNTINGTON,,REP,GREG MARTIN,57
Cabell,PRECINCT 11,FOR CITY COUNCIL AT-LARGE HUNTINGTON,,REP,GREG MARTIN,83
Cabell,PRECINCT 12,FOR CITY COUNCIL AT-LARGE HUNTINGTON,,REP,GREG MARTIN,40
Cabell,PRECINCT 13,FOR CITY COUNCIL AT-LARGE HUNTINGTON,,REP,GREG MARTIN,108
Cabell,PRECINCT 14,FOR CITY COUNCIL AT-LARGE HUNTINGTON,,REP,GREG MARTIN,233
Cabell,PRECINCT 15,FOR CITY COUNCIL AT-LARGE HUNTINGTON,,REP,GREG MARTIN,2
Cabell,PRECINCT 16,FOR CITY COUNCIL AT-LARGE HUNTINGTON,,REP,GREG MARTIN,21
Cabell,PRECINCT 17,FOR CITY COUNCIL AT-LARGE HUNTINGTON,,REP,GREG MARTIN,53
Cabell,PRECINCT 18,FOR CITY COUNCIL AT-LARGE HUNTINGTON,,REP,GREG MARTIN,87
Cabell,PRECINCT 19,FOR CITY COUNCIL AT-LARGE HUNTINGTON,,REP,GREG MARTIN,102
Cabell,PRECINCT 20,FOR CITY COUNCIL AT-LARGE HUNTINGTON,,REP,GREG MARTIN,59
Cabell,PRECINCT 21,FOR CITY COUNCIL AT-LARGE HUNTINGTON,,REP,GREG MARTIN,53
Cabell,PRECINCT 22,FOR CITY COUNCIL AT-LARGE HUNTINGTON,,REP,GREG MARTIN,257
Cabell,PRECINCT 23,FOR CITY COUNCIL AT-LARGE HUNTINGTON,,REP,GREG MARTIN,174
Cabell,PRECINCT 24,FOR CITY COUNCIL AT-LARGE HUNTINGTON,,REP,GREG MARTIN,55
Cabell,PRECINCT 25,FOR CITY COUNCIL AT-LARGE HUNTINGTON,,REP,GREG MARTIN,127
Cabell,PRECINCT 26,FOR CITY COUNCIL AT-LARGE HUNTINGTON,,REP,GREG MARTIN,183
Cabell,PRECINCT 27,FOR CITY COUNCIL AT-LARGE HUNTINGTON,,REP,GREG MARTIN,118
Cabell,PRECINCT 28,FOR CITY COUNCIL AT-LARGE HUNTINGTON,,REP,GREG MARTIN,32
Cabell,PRECINCT 29,FOR CITY COUNCIL AT-LARGE HUNTINGTON,,REP,GREG MARTIN,181
Cabell,PRECINCT 30,FOR CITY COUNCIL AT-LARGE HUNTINGTON,,REP,GREG MARTIN,195
Cabell,PRECINCT 31,FOR CITY COUNCIL AT-LARGE HUNTINGTON,,REP,GREG MARTIN,181
Cabell,PRECINCT 32,FOR CITY COUNCIL AT-LARGE HUNTINGTON,,REP,GREG MARTIN,156
Cabell,PRECINCT 33,FOR CITY COUNCIL AT-LARGE HUNTINGTON,,REP,GREG MARTIN,88
Cabell,PRECINCT 34,FOR CITY COUNCIL AT-LARGE HUNTINGTON,,REP,GREG MARTIN,195
Cabell,PRECINCT 1,FOR CITY COUNCIL HUNTINGTON DISTRICT 1,,REP,JASON ARTHUR,197
Cabell,PRECINCT 1,FOR CITY COUNCIL HUNTINGTON DISTRICT 1,,DEM,SASHA CHAPMAN,135
Cabell,PRECINCT 2,FOR CITY COUNCIL HUNTINGTON DISTRICT 2,,REP,TODD SWEENEY,187
Cabell,PRECINCT 3,FOR CITY COUNCIL HUNTINGTON DISTRICT 2,,REP,TODD SWEENEY,165
Cabell,PRECINCT 4,FOR CITY COUNCIL HUNTINGTON DISTRICT 2,,REP,TODD SWEENEY,282
Cabell,PRECINCT 8,FOR CITY COUNCIL HUNTINGTON DISTRICT 2,,REP,TODD SWEENEY,136
Cabell,PRECINCT 2,FOR CITY COUNCIL HUNTINGTON DISTRICT 2,,DEM,DAVID S. CLARK,168
Cabell,PRECINCT 3,FOR CITY COUNCIL HUNTINGTON DISTRICT 2,,DEM,DAVID S. CLARK,161
Cabell,PRECINCT 4,FOR CITY COUNCIL HUNTINGTON DISTRICT 2,,DEM,DAVID S. CLARK,169
Cabell,PRECINCT 8,FOR CITY COUNCIL HUNTINGTON DISTRICT 2,,DEM,DAVID S. CLARK,118
Cabell,PRECINCT 9,FOR CITY COUNCIL HUNTINGTON DISTRICT 3,,DEM,TIA 'FIX' RUMBAUGH,184
Cabell,PRECINCT 11,FOR CITY COUNCIL HUNTINGTON DISTRICT 3,,DEM,TIA 'FIX' RUMBAUGH,222
Cabell,PRECINCT 9,FOR CITY COUNCIL HUNTINGTON DISTRICT 3,,REP,JOSHUA M. GARNES,140
Cabell,PRECINCT 11,FOR CITY COUNCIL HUNTINGTON DISTRICT 3,,REP,JOSHUA M. GARNES,95
Cabell,PRECINCT 5,FOR CITY COUNCIL HUNTINGTON DISTRICT 4,,DEM,SARAH WALLING,422
Cabell,PRECINCT 6,FOR CITY COUNCIL HUNTINGTON DISTRICT 4,,DEM,SARAH WALLING,355
Cabell,PRECINCT 10,FOR CITY COUNCIL HUNTINGTON DISTRICT 4,,DEM,SARAH WALLING,227
Cabell,PRECINCT 13,FOR CITY COUNCIL HUNTINGTON DISTRICT 4,,DEM,SARAH WALLING,382
Cabell,PRECINCT 5,FOR CITY COUNCIL HUNTINGTON DISTRICT 4,,REP,JIM DUKE,271
Cabell,PRECINCT 6,FOR CITY COUNCIL HUNTINGTON DISTRICT 4,,REP,JIM DUKE,232
Cabell,PRECINCT 10,FOR CITY COUNCIL HUNTINGTON DISTRICT 4,,REP,JIM DUKE,79
Cabell,PRECINCT 13,FOR CITY COUNCIL HUNTINGTON DISTRICT 4,,REP,JIM DUKE,176
Cabell,PRECINCT 12,FOR CITY COUNCIL HUNTINGTON DISTRICT 5,,DEM,TERESA JOHNSON,266
Cabell,PRECINCT 16,FOR CITY COUNCIL HUNTINGTON DISTRICT 5,,DEM,TERESA JOHNSON,261
Cabell,PRECINCT 17,FOR CITY COUNCIL HUNTINGTON DISTRICT 5,,DEM,TERESA JOHNSON,175
Cabell,PRECINCT 18,FOR CITY COUNCIL HUNTINGTON DISTRICT 5,,DEM,TERESA JOHNSON,295
Cabell,PRECINCT 21,FOR CITY COUNCIL HUNTINGTON DISTRICT 5,,DEM,TERESA JOHNSON,119
Cabell,PRECINCT 12,FOR CITY COUNCIL HUNTINGTON DISTRICT 5,,REP,LAUREN VEGA,69
Cabell,PRECINCT 16,FOR CITY COUNCIL HUNTINGTON DISTRICT 5,,REP,LAUREN VEGA,35
Cabell,PRECINCT 17,FOR CITY COUNCIL HUNTINGTON DISTRICT 5,,REP,LAUREN VEGA,77
Cabell,PRECINCT 18,FOR CITY COUNCIL HUNTINGTON DISTRICT 5,,REP,LAUREN VEGA,150
Cabell,PRECINCT 21,FOR CITY COUNCIL HUNTINGTON DISTRICT 5,,REP,LAUREN VEGA,56
Cabell,PRECINCT 7,FOR CITY COUNCIL HUNTINGTON DISTRICT 6,,DEM,HOLLY SMITH MOUNT,127
Cabell,PRECINCT 14,FOR CITY COUNCIL HUNTINGTON DISTRICT 6,,DEM,HOLLY SMITH MOUNT,438
Cabell,PRECINCT 15,FOR CITY COUNCIL HUNTINGTON DISTRICT 6,,DEM,HOLLY SMITH MOUNT,3
Cabell,PRECINCT 22,FOR CITY COUNCIL HUNTINGTON DISTRICT 6,,DEM,HOLLY SMITH MOUNT,565
Cabell,PRECINCT 31,FOR CITY COUNCIL HUNTINGTON DISTRICT 6,,DEM,HOLLY SMITH MOUNT,204
Cabell,PRECINCT 7,FOR CITY COUNCIL HUNTINGTON DISTRICT 6,,REP,MATTHEW (MATT) GLENN WHITE,141
Cabell,PRECINCT 14,FOR CITY COUNCIL HUNTINGTON DISTRICT 6,,REP,MATTHEW (MATT) GLENN WHITE,367
Cabell,PRECINCT 15,FOR CITY COUNCIL HUNTINGTON DISTRICT 6,,REP,MATTHEW (MATT) GLENN WHITE,3
Cabell,PRECINCT 22,FOR CITY COUNCIL HUNTINGTON DISTRICT 6,,REP,MATTHEW (MATT) GLENN WHITE,471
Cabell,PRECINCT 31,FOR CITY COUNCIL HUNTINGTON DISTRICT 6,,REP,MATTHEW (MATT) GLENN WHITE,280
Cabell,PRECINCT 23,FOR CITY COUNCIL HUNTINGTON DISTRICT 7,,DEM,MIKE SHOCKLEY,249
Cabell,PRECINCT 24,FOR CITY COUNCIL HUNTINGTON DISTRICT 7,,DEM,MIKE SHOCKLEY,115
Cabell,PRECINCT 25,FOR CITY COUNCIL HUNTINGTON DISTRICT 7,,DEM,MIKE SHOCKLEY,266
Cabell,PRECINCT 29,FOR CITY COUNCIL HUNTINGTON DISTRICT 7,,DEM,MIKE SHOCKLEY,273
Cabell,PRECINCT 23,FOR CITY COUNCIL HUNTINGTON DISTRICT 7,,REP,JAMIE SPRINGSTON,211
Cabell,PRECINCT 24,FOR CITY COUNCIL HUNTINGTON DISTRICT 7,,REP,JAMIE SPRINGSTON,61
Cabell,PRECINCT 25,FOR CITY COUNCIL HUNTINGTON DISTRICT 7,,REP,JAMIE SPRINGSTON,155
Cabell,PRECINCT 29,FOR CITY COUNCIL HUNTINGTON DISTRICT 7,,REP,JAMIE SPRINGSTON,222
Cabell,PRECINCT 19,FOR CITY COUNCIL HUNTINGTON DISTRICT 8,,REP,LINDA BLOUGH,146
Cabell,PRECINCT 20,FOR CITY COUNCIL HUNTINGTON DISTRICT 8,,REP,LINDA BLOUGH,90
Cabell,PRECINCT 26,FOR CITY COUNCIL HUNTINGTON DISTRICT 8,,REP,LINDA BLOUGH,246
Cabell,PRECINCT 27,FOR CITY COUNCIL HUNTINGTON DISTRICT 8,,REP,LINDA BLOUGH,140
Cabell,PRECINCT 19,FOR CITY COUNCIL HUNTINGTON DISTRICT 8,,DEM,PAT JONES,195
Cabell,PRECINCT 20,FOR CITY COUNCIL HUNTINGTON DISTRICT 8,,DEM,PAT JONES,88
Cabell,PRECINCT 26,FOR CITY COUNCIL HUNTINGTON DISTRICT 8,,DEM,PAT JONES,201
Cabell,PRECINCT 27,FOR CITY COUNCIL HUNTINGTON DISTRICT 8,,DEM,PAT JONES,127
Cabell,PRECINCT 28,FOR CITY COUNCIL HUNTINGTON DISTRICT 9,,REP,STACY JO HOLLEY,36
Cabell,PRECINCT 30,FOR CITY COUNCIL HUNTINGTON DISTRICT 9,,REP,STACY JO HOLLEY,325
Cabell,PRECINCT 32,FOR CITY COUNCIL HUNTINGTON DISTRICT 9,,REP,STACY JO HOLLEY,191
Cabell,PRECINCT 33,FOR CITY COUNCIL HUNTINGTON DISTRICT 9,,REP,STACY JO HOLLEY,118
Cabell,PRECINCT 34,FOR CITY COUNCIL HUNTINGTON DISTRICT 9,,REP,STACY JO HOLLEY,253
Cabell,PRECINCT 28,FOR CITY COUNCIL HUNTINGTON DISTRICT 9,,DEM,CARL EASTHAM,32
Cabell,PRECINCT 30,FOR CITY COUNCIL HUNTINGTON DISTRICT 9,,DEM,CARL EASTHAM,287
Cabell,PRECINCT 32,FOR CITY COUNCIL HUNTINGTON DISTRICT 9,,DEM,CARL EASTHAM,109
Cabell,PRECINCT 33,FOR CITY COUNCIL HUNTINGTON DISTRICT 9,,DEM,CARL EASTHAM,40
Cabell,PRECINCT 34,FOR CITY COUNCIL HUNTINGTON DISTRICT 9,,DEM,CARL EASTHAM,184
Cabell,PRECINCT 63,FOR MAYOR MILTON CITY,,,SHANE EVANS,342
Cabell,PRECINCT 64,FOR MAYOR MILTON CITY,,,SHANE EVANS,240
Cabell,PRECINCT 63,FOR MAYOR MILTON CITY,,,DAKOTA MILLER,271
Cabell,PRECINCT 64,FOR MAYOR MILTON CITY,,,DAKOTA MILLER,206
Cabell,PRECINCT 63,FOR RECORDER MILTON CITY,,,PHYLLIS SMITH,394
Cabell,PRECINCT 64,FOR RECORDER MILTON CITY,,,PHYLLIS SMITH,288
Cabell,PRECINCT 63,FOR RECORDER MILTON CITY,,,DANA WALTERS,165
Cabell,PRECINCT 64,FOR RECORDER MILTON CITY,,,DANA WALTERS,135
Cabell,PRECINCT 63,FOR CITY COUNCIL MILTON CITY,,,CARL HARSHBARGER,318
Cabell,PRECINCT 64,FOR CITY COUNCIL MILTON CITY,,,CARL HARSHBARGER,251
Cabell,PRECINCT 63,FOR CITY COUNCIL MILTON CITY,,,TROY NICELY,343
Cabell,PRECINCT 64,FOR CITY COUNCIL MILTON CITY,,,TROY NICELY,207
Cabell,PRECINCT 63,FOR CITY COUNCIL MILTON CITY,,,SCOTT FOSTER,292
Cabell,PRECINCT 64,FOR CITY COUNCIL MILTON CITY,,,SCOTT FOSTER,168
Cabell,PRECINCT 63,FOR CITY COUNCIL MILTON CITY,,,SCOTT BIAS,207
Cabell,PRECINCT 64,FOR CITY COUNCIL MILTON CITY,,,SCOTT BIAS,182
Cabell,PRECINCT 63,FOR CITY COUNCIL MILTON CITY,,,CHASE BRYANT,213
Cabell,PRECINCT 64,FOR CITY COUNCIL MILTON CITY,,,CHASE BRYANT,156
Cabell,PRECINCT 63,FOR CITY COUNCIL MILTON CITY,,,RHONDA PARSONS,178
Cabell,PRECINCT 64,FOR CITY COUNCIL MILTON CITY,,,RHONDA PARSONS,151
Cabell,PRECINCT 63,FOR CITY COUNCIL MILTON CITY,,,TROY DUNN,195
Cabell,PRECINCT 64,FOR CITY COUNCIL MILTON CITY,,,TROY DUNN,111
Cabell,PRECINCT 63,FOR CITY COUNCIL MILTON CITY,,,TENNIS ADKINS,173
Cabell,PRECINCT 64,FOR CITY COUNCIL MILTON CITY,,,TENNIS ADKINS,125
Cabell,PRECINCT 63,FOR CITY COUNCIL MILTON CITY,,,DEBBIE CONARD,145
Cabell,PRECINCT 64,FOR CITY COUNCIL MILTON CITY,,,DEBBIE CONARD,143
Cabell,PRECINCT 63,FOR CITY COUNCIL MILTON CITY,,,ROBERT 'BOBCAT' CHAPMAN,126
Cabell,PRECINCT 64,FOR CITY COUNCIL MILTON CITY,,,ROBERT 'BOBCAT' CHAPMAN,142
Cabell,PRECINCT 1,BOARD OF EDUCATION LEVY,,,FOR THE LEVIES,236
Cabell,PRECINCT 2,BOARD OF EDUCATION LEVY,,,FOR THE LEVIES,256
Cabell,PRECINCT 3,BOARD OF EDUCATION LEVY,,,FOR THE LEVIES,225
Cabell,PRECINCT 4,BOARD OF EDUCATION LEVY,,,FOR THE LEVIES,305
Cabell,PRECINCT 5,BOARD OF EDUCATION LEVY,,,FOR THE LEVIES,592
Cabell,PRECINCT 6,BOARD OF EDUCATION LEVY,,,FOR THE LEVIES,494
Cabell,PRECINCT 7,BOARD OF EDUCATION LEVY,,,FOR THE LEVIES,207
Cabell,PRECINCT 8,BOARD OF EDUCATION LEVY,,,FOR THE LEVIES,218
Cabell,PRECINCT 9,BOARD OF EDUCATION LEVY,,,FOR THE LEVIES,254
Cabell,PRECINCT 10,BOARD OF EDUCATION LEVY,,,FOR THE LEVIES,245
Cabell,PRECINCT 11,BOARD OF EDUCATION LEVY,,,FOR THE LEVIES,264
Cabell,PRECINCT 12,BOARD OF EDUCATION LEVY,,,FOR THE LEVIES,275
Cabell,PRECINCT 13,BOARD OF EDUCATION LEVY,,,FOR THE LEVIES,468
Cabell,PRECINCT 14,BOARD OF EDUCATION LEVY,,,FOR THE LEVIES,642
Cabell,PRECINCT 15,BOARD OF EDUCATION LEVY,,,FOR THE LEVIES,4
Cabell,PRECINCT 16,BOARD OF EDUCATION LEVY,,,FOR THE LEVIES,226
Cabell,PRECINCT 17,BOARD OF EDUCATION LEVY,,,FOR THE LEVIES,190
Cabell,PRECINCT 18,BOARD OF EDUCATION LEVY,,,FOR THE LEVIES,374
Cabell,PRECINCT 19,BOARD OF EDUCATION LEVY,,,FOR THE LEVIES,274
Cabell,PRECINCT 20,BOARD OF EDUCATION LEVY,,,FOR THE LEVIES,134
Cabell,PRECINCT 21,BOARD OF EDUCATION LEVY,,,FOR THE LEVIES,121
Cabell,PRECINCT 22,BOARD OF EDUCATION LEVY,,,FOR THE LEVIES,852
Cabell,PRECINCT 23,BOARD OF EDUCATION LEVY,,,FOR THE LEVIES,353
Cabell,PRECINCT 24,BOARD OF EDUCATION LEVY,,,FOR THE LEVIES,153
Cabell,PRECINCT 25,BOARD OF EDUCATION LEVY,,,FOR THE LEVIES,335
Cabell,PRECINCT 26,BOARD OF EDUCATION LEVY,,,FOR THE LEVIES,337
Cabell,PRECINCT 27,BOARD OF EDUCATION LEVY,,,FOR THE LEVIES,183
Cabell,PRECINCT 28,BOARD OF EDUCATION LEVY,,,FOR THE LEVIES,51
Cabell,PRECINCT 29,BOARD OF EDUCATION LEVY,,,FOR THE LEVIES,410
Cabell,PRECINCT 30,BOARD OF EDUCATION LEVY,,,FOR THE LEVIES,500
Cabell,PRECINCT 31,BOARD OF EDUCATION LEVY,,,FOR THE LEVIES,381
Cabell,PRECINCT 32,BOARD OF EDUCATION LEVY,,,FOR THE LEVIES,225
Cabell,PRECINCT 33,BOARD OF EDUCATION LEVY,,,FOR THE LEVIES,97
Cabell,PRECINCT 34,BOARD OF EDUCATION LEVY,,,FOR THE LEVIES,294
Cabell,PRECINCT 35,BOARD OF EDUCATION LEVY,,,FOR THE LEVIES,401
Cabell,PRECINCT 36,BOARD OF EDUCATION LEVY,,,FOR THE LEVIES,40
Cabell,PRECINCT 37,BOARD OF EDUCATION LEVY,,,FOR THE LEVIES,376
Cabell,PRECINCT 38,BOARD OF EDUCATION LEVY,,,FOR THE LEVIES,226
Cabell,PRECINCT 39,BOARD OF EDUCATION LEVY,,,FOR THE LEVIES,415
Cabell,PRECINCT 40,BOARD OF EDUCATION LEVY,,,FOR THE LEVIES,365
Cabell,PRECINCT 41,BOARD OF EDUCATION LEVY,,,FOR THE LEVIES,897
Cabell,PRECINCT 42,BOARD OF EDUCATION LEVY,,,FOR THE LEVIES,598
Cabell,PRECINCT 43,BOARD OF EDUCATION LEVY,,,FOR THE LEVIES,436
Cabell,PRECINCT 44,BOARD OF EDUCATION LEVY,,,FOR THE LEVIES,289
Cabell,PRECINCT 45,BOARD OF EDUCATION LEVY,,,FOR THE LEVIES,407
Cabell,PRECINCT 46,BOARD OF EDUCATION LEVY,,,FOR THE LEVIES,724
Cabell,PRECINCT 47,BOARD OF EDUCATION LEVY,,,FOR THE LEVIES,412
Cabell,PRECINCT 48,BOARD OF EDUCATION LEVY,,,FOR THE LEVIES,506
Cabell,PRECINCT 49,BOARD OF EDUCATION LEVY,,,FOR THE LEVIES,641
Cabell,PRECINCT 50,BOARD OF EDUCATION LEVY,,,FOR THE LEVIES,458
Cabell,PRECINCT 51,BOARD OF EDUCATION LEVY,,,FOR THE LEVIES,437
Cabell,PRECINCT 52,BOARD OF EDUCATION LEVY,,,FOR THE LEVIES,377
Cabell,PRECINCT 53,BOARD OF EDUCATION LEVY,,,FOR THE LEVIES,576
Cabell,PRECINCT 54,BOARD OF EDUCATION LEVY,,,FOR THE LEVIES,254
Cabell,PRECINCT 55,BOARD OF EDUCATION LEVY,,,FOR THE LEVIES,390
Cabell,PRECINCT 56,BOARD OF EDUCATION LEVY,,,FOR THE LEVIES,243
Cabell,PRECINCT 57,BOARD OF EDUCATION LEVY,,,FOR THE LEVIES,476
Cabell,PRECINCT 58,BOARD OF EDUCATION LEVY,,,FOR THE LEVIES,359
Cabell,PRECINCT 59,BOARD OF EDUCATION LEVY,,,FOR THE LEVIES,799
Cabell,PRECINCT 60,BOARD OF EDUCATION LEVY,,,FOR THE LEVIES,388
Cabell,PRECINCT 61,BOARD OF EDUCATION LEVY,,,FOR THE LEVIES,573
Cabell,PRECINCT 62,BOARD OF EDUCATION LEVY,,,FOR THE LEVIES,514
Cabell,PRECINCT 63,BOARD OF EDUCATION LEVY,,,FOR THE LEVIES,390
Cabell,PRECINCT 64,BOARD OF EDUCATION LEVY,,,FOR THE LEVIES,321
Cabell,PRECINCT 65,BOARD OF EDUCATION LEVY,,,FOR THE LEVIES,384
Cabell,PRECINCT 66,BOARD OF EDUCATION LEVY,,,FOR THE LEVIES,75
Cabell,PRECINCT 67,BOARD OF EDUCATION LEVY,,,FOR THE LEVIES,443
Cabell,PRECINCT 68,BOARD OF EDUCATION LEVY,,,FOR THE LEVIES,183
Cabell,PRECINCT 1,BOARD OF EDUCATION LEVY,,,AGAINST THE LEVIES,96
Cabell,PRECINCT 2,BOARD OF EDUCATION LEVY,,,AGAINST THE LEVIES,101
Cabell,PRECINCT 3,BOARD OF EDUCATION LEVY,,,AGAINST THE LEVIES,107
Cabell,PRECINCT 4,BOARD OF EDUCATION LEVY,,,AGAINST THE LEVIES,135
Cabell,PRECINCT 5,BOARD OF EDUCATION LEVY,,,AGAINST THE LEVIES,123
Cabell,PRECINCT 6,BOARD OF EDUCATION LEVY,,,AGAINST THE LEVIES,106
Cabell,PRECINCT 7,BOARD OF EDUCATION LEVY,,,AGAINST THE LEVIES,62
Cabell,PRECINCT 8,BOARD OF EDUCATION LEVY,,,AGAINST THE LEVIES,52
Cabell,PRECINCT 9,BOARD OF EDUCATION LEVY,,,AGAINST THE LEVIES,73
Cabell,PRECINCT 10,BOARD OF EDUCATION LEVY,,,AGAINST THE LEVIES,68
Cabell,PRECINCT 11,BOARD OF EDUCATION LEVY,,,AGAINST THE LEVIES,56
Cabell,PRECINCT 12,BOARD OF EDUCATION LEVY,,,AGAINST THE LEVIES,66
Cabell,PRECINCT 13,BOARD OF EDUCATION LEVY,,,AGAINST THE LEVIES,91
Cabell,PRECINCT 14,BOARD OF EDUCATION LEVY,,,AGAINST THE LEVIES,166
Cabell,PRECINCT 15,BOARD OF EDUCATION LEVY,,,AGAINST THE LEVIES,1
Cabell,PRECINCT 16,BOARD OF EDUCATION LEVY,,,AGAINST THE LEVIES,45
Cabell,PRECINCT 17,BOARD OF EDUCATION LEVY,,,AGAINST THE LEVIES,55
Cabell,PRECINCT 18,BOARD OF EDUCATION LEVY,,,AGAINST THE LEVIES,78
Cabell,PRECINCT 19,BOARD OF EDUCATION LEVY,,,AGAINST THE LEVIES,73
Cabell,PRECINCT 20,BOARD OF EDUCATION LEVY,,,AGAINST THE LEVIES,39
Cabell,PRECINCT 21,BOARD OF EDUCATION LEVY,,,AGAINST THE LEVIES,46
Cabell,PRECINCT 22,BOARD OF EDUCATION LEVY,,,AGAINST THE LEVIES,162
Cabell,PRECINCT 23,BOARD OF EDUCATION LEVY,,,AGAINST THE LEVIES,114
Cabell,PRECINCT 24,BOARD OF EDUCATION LEVY,,,AGAINST THE LEVIES,29
Cabell,PRECINCT 25,BOARD OF EDUCATION LEVY,,,AGAINST THE LEVIES,100
Cabell,PRECINCT 26,BOARD OF EDUCATION LEVY,,,AGAINST THE LEVIES,107
Cabell,PRECINCT 27,BOARD OF EDUCATION LEVY,,,AGAINST THE LEVIES,80
Cabell,PRECINCT 28,BOARD OF EDUCATION LEVY,,,AGAINST THE LEVIES,22
Cabell,PRECINCT 29,BOARD OF EDUCATION LEVY,,,AGAINST THE LEVIES,95
Cabell,PRECINCT 30,BOARD OF EDUCATION LEVY,,,AGAINST THE LEVIES,115
Cabell,PRECINCT 31,BOARD OF EDUCATION LEVY,,,AGAINST THE LEVIES,105
Cabell,PRECINCT 32,BOARD OF EDUCATION LEVY,,,AGAINST THE LEVIES,77
Cabell,PRECINCT 33,BOARD OF EDUCATION LEVY,,,AGAINST THE LEVIES,56
Cabell,PRECINCT 34,BOARD OF EDUCATION LEVY,,,AGAINST THE LEVIES,120
Cabell,PRECINCT 35,BOARD OF EDUCATION LEVY,,,AGAINST THE LEVIES,241
Cabell,PRECINCT 36,BOARD OF EDUCATION LEVY,,,AGAINST THE LEVIES,19
Cabell,PRECINCT 37,BOARD OF EDUCATION LEVY,,,AGAINST THE LEVIES,100
Cabell,PRECINCT 38,BOARD OF EDUCATION LEVY,,,AGAINST THE LEVIES,60
Cabell,PRECINCT 39,BOARD OF EDUCATION LEVY,,,AGAINST THE LEVIES,145
Cabell,PRECINCT 40,BOARD OF EDUCATION LEVY,,,AGAINST THE LEVIES,91
Cabell,PRECINCT 41,BOARD OF EDUCATION LEVY,,,AGAINST THE LEVIES,192
Cabell,PRECINCT 42,BOARD OF EDUCATION LEVY,,,AGAINST THE LEVIES,140
Cabell,PRECINCT 43,BOARD OF EDUCATION LEVY,,,AGAINST THE LEVIES,122
Cabell,PRECINCT 44,BOARD OF EDUCATION LEVY,,,AGAINST THE LEVIES,92
Cabell,PRECINCT 45,BOARD OF EDUCATION LEVY,,,AGAINST THE LEVIES,126
Cabell,PRECINCT 46,BOARD OF EDUCATION LEVY,,,AGAINST THE LEVIES,190
Cabell,PRECINCT 47,BOARD OF EDUCATION LEVY,,,AGAINST THE LEVIES,124
Cabell,PRECINCT 48,BOARD OF EDUCATION LEVY,,,AGAINST THE LEVIES,244
Cabell,PRECINCT 49,BOARD OF EDUCATION LEVY,,,AGAINST THE LEVIES,288
Cabell,PRECINCT 50,BOARD OF EDUCATION LEVY,,,AGAINST THE LEVIES,334
Cabell,PRECINCT 51,BOARD OF EDUCATION LEVY,,,AGAINST THE LEVIES,163
Cabell,PRECINCT 52,BOARD OF EDUCATION LEVY,,,AGAINST THE LEVIES,145
Cabell,PRECINCT 53,BOARD OF EDUCATION LEVY,,,AGAINST THE LEVIES,229
Cabell,PRECINCT 54,BOARD OF EDUCATION LEVY,,,AGAINST THE LEVIES,112
Cabell,PRECINCT 55,BOARD OF EDUCATION LEVY,,,AGAINST THE LEVIES,166
Cabell,PRECINCT 56,BOARD OF EDUCATION LEVY,,,AGAINST THE LEVIES,113
Cabell,PRECINCT 57,BOARD OF EDUCATION LEVY,,,AGAINST THE LEVIES,239
Cabell,PRECINCT 58,BOARD OF EDUCATION LEVY,,,AGAINST THE LEVIES,143
Cabell,PRECINCT 59,BOARD OF EDUCATION LEVY,,,AGAINST THE LEVIES,330
Cabell,PRECINCT 60,BOARD OF EDUCATION LEVY,,,AGAINST THE LEVIES,224
Cabell,PRECINCT 61,BOARD OF EDUCATION LEVY,,,AGAINST THE LEVIES,285
Cabell,PRECINCT 62,BOARD OF EDUCATION LEVY,,,AGAINST THE LEVIES,273
Cabell,PRECINCT 63,BOARD OF EDUCATION LEVY,,,AGAINST THE LEVIES,193
Cabell,PRECINCT 64,BOARD OF EDUCATION LEVY,,,AGAINST THE LEVIES,104
Cabell,PRECINCT 65,BOARD OF EDUCATION LEVY,,,AGAINST THE LEVIES,223
Cabell,PRECINCT 66,BOARD OF EDUCATION LEVY,,,AGAINST THE LEVIES,17
Cabell,PRECINCT 67,BOARD OF EDUCATION LEVY,,,AGAINST THE LEVIES,136
Cabell,PRECINCT 68,BOARD OF EDUCATION LEVY,,,AGAINST THE LEVIES,85
