county,precinct,office,district,party,candidate,votes
Wetzel,PRECINCT 4,BALLOTS CAST,,REP,BALLOTS CAST - REPUBLICAN,38
Wetzel,PRECINCT 10,BALLOTS CAST,,REP,BALLOTS CAST - REPUBLICAN,127
Wetzel,PRECINCT 11,BALLOTS CAST,,REP,BALLOTS CAST - REPUBLICAN,57
Wetzel,PRECINCT 12,BALLOTS CAST,,REP,BALLOTS CAST - REPUBLICAN,48
Wetzel,PRECINCT 15,BALLOTS CAST,,REP,BALLOTS CAST - REPUBLICAN,55
Wetzel,PRECINCT 16,BALLOTS CAST,,REP,BALLOTS CAST - REPUBLICAN,163
Wetzel,PRECINCT 18,BALLOTS CAST,,REP,BALLOTS CAST - REPUBLICAN,38
Wetzel,PRECINCT 21,BALLOTS CAST,,REP,BALLOTS CAST - REPUBLICAN,111
Wetzel,PRECINCT 27,BALLOTS CAST,,REP,BALLOTS CAST - REPUBLICAN,29
Wetzel,PRECINCT 29,BALLOTS CAST,,REP,BALLOTS CAST - REPUBLICAN,67
Wetzel,PRECINCT 33,BALLOTS CAST,,REP,BALLOTS CAST - REPUBLICAN,78
Wetzel,PRECINCT 36,BALLOTS CAST,,REP,BALLOTS CAST - REPUBLICAN,32
Wetzel,PRECINCT 38,BALLOTS CAST,,REP,BALLOTS CAST - REPUBLICAN,87
Wetzel,PRECINCT 39,BALLOTS CAST,,REP,BALLOTS CAST - REPUBLICAN,134
Wetzel,PRECINCT 40,BALLOTS CAST,,REP,BALLOTS CAST - REPUBLICAN,35
Wetzel,PRECINCT 42,BALLOTS CAST,,REP,BALLOTS CAST - REPUBLICAN,123
Wetzel,PRECINCT 43,BALLOTS CAST,,REP,BALLOTS CAST - REPUBLICAN,177
Wetzel,PRECINCT 44,BALLOTS CAST,,REP,BALLOTS CAST - REPUBLICAN,94
Wetzel,PRECINCT 45,BALLOTS CAST,,REP,BALLOTS CAST - REPUBLICAN,82
Wetzel,PRECINCT 48,BALLOTS CAST,,REP,BALLOTS CAST - REPUBLICAN,114
Wetzel,PRECINCT 50,BALLOTS CAST,,REP,BALLOTS CAST - REPUBLICAN,121
Wetzel,PRECINCT 4,BALLOTS CAST,,DEM,BALLOTS CAST - DEMOCRATIC,57
Wetzel,PRECINCT 10,BALLOTS CAST,,DEM,BALLOTS CAST - DEMOCRATIC,76
Wetzel,PRECINCT 11,BALLOTS CAST,,DEM,BALLOTS CAST - DEMOCRATIC,33
Wetzel,PRECINCT 12,BALLOTS CAST,,DEM,BALLOTS CAST - DEMOCRATIC,20
Wetzel,PRECINCT 15,BALLOTS CAST,,DEM,BALLOTS CAST - DEMOCRATIC,29
Wetzel,PRECINCT 16,BALLOTS CAST,,DEM,BALLOTS CAST - DEMOCRATIC,66
Wetzel,PRECINCT 18,BALLOTS CAST,,DEM,BALLOTS CAST - DEMOCRATIC,30
Wetzel,PRECINCT 21,BALLOTS CAST,,DEM,BALLOTS CAST - DEMOCRATIC,80
Wetzel,PRECINCT 27,BALLOTS CAST,,DEM,BALLOTS CAST - DEMOCRATIC,22
Wetzel,PRECINCT 29,BALLOTS CAST,,DEM,BALLOTS CAST - DEMOCRATIC,51
Wetzel,PRECINCT 33,BALLOTS CAST,,DEM,BALLOTS CAST - DEMOCRATIC,85
Wetzel,PRECINCT 36,BALLOTS CAST,,DEM,BALLOTS CAST - DEMOCRATIC,50
Wetzel,PRECINCT 38,BALLOTS CAST,,DEM,BALLOTS CAST - DEMOCRATIC,63
Wetzel,PRECINCT 39,BALLOTS CAST,,DEM,BALLOTS CAST - DEMOCRATIC,67
Wetzel,PRECINCT 40,BALLOTS CAST,,DEM,BALLOTS CAST - DEMOCRATIC,28
Wetzel,PRECINCT 42,BALLOTS CAST,,DEM,BALLOTS CAST - DEMOCRATIC,93
Wetzel,PRECINCT 43,BALLOTS CAST,,DEM,BALLOTS CAST - DEMOCRATIC,131
Wetzel,PRECINCT 44,BALLOTS CAST,,DEM,BALLOTS CAST - DEMOCRATIC,78
Wetzel,PRECINCT 45,BALLOTS CAST,,DEM,BALLOTS CAST - DEMOCRATIC,73
Wetzel,PRECINCT 48,BALLOTS CAST,,DEM,BALLOTS CAST - DEMOCRATIC,86
Wetzel,PRECINCT 50,BALLOTS CAST,,DEM,BALLOTS CAST - DEMOCRATIC,94
Wetzel,PRECINCT 4,BALLOTS CAST,,MTN,BALLOTS CAST - MOUNTAIN,1
Wetzel,PRECINCT 10,BALLOTS CAST,,MTN,BALLOTS CAST - MOUNTAIN,0
Wetzel,PRECINCT 11,BALLOTS CAST,,MTN,BALLOTS CAST - MOUNTAIN,0
Wetzel,PRECINCT 12,BALLOTS CAST,,MTN,BALLOTS CAST - MOUNTAIN,0
Wetzel,PRECINCT 15,BALLOTS CAST,,MTN,BALLOTS CAST - MOUNTAIN,0
Wetzel,PRECINCT 16,BALLOTS CAST,,MTN,BALLOTS CAST - MOUNTAIN,0
Wetzel,PRECINCT 18,BALLOTS CAST,,MTN,BALLOTS CAST - MOUNTAIN,0
Wetzel,PRECINCT 21,BALLOTS CAST,,MTN,BALLOTS CAST - MOUNTAIN,0
Wetzel,PRECINCT 27,BALLOTS CAST,,MTN,BALLOTS CAST - MOUNTAIN,0
Wetzel,PRECINCT 29,BALLOTS CAST,,MTN,BALLOTS CAST - MOUNTAIN,0
Wetzel,PRECINCT 33,BALLOTS CAST,,MTN,BALLOTS CAST - MOUNTAIN,2
Wetzel,PRECINCT 36,BALLOTS CAST,,MTN,BALLOTS CAST - MOUNTAIN,0
Wetzel,PRECINCT 38,BALLOTS CAST,,MTN,BALLOTS CAST - MOUNTAIN,0
Wetzel,PRECINCT 39,BALLOTS CAST,,MTN,BALLOTS CAST - MOUNTAIN,1
Wetzel,PRECINCT 40,BALLOTS CAST,,MTN,BALLOTS CAST - MOUNTAIN,0
Wetzel,PRECINCT 42,BALLOTS CAST,,MTN,BALLOTS CAST - MOUNTAIN,1
Wetzel,PRECINCT 43,BALLOTS CAST,,MTN,BALLOTS CAST - MOUNTAIN,1
Wetzel,PRECINCT 44,BALLOTS CAST,,MTN,BALLOTS CAST - MOUNTAIN,0
Wetzel,PRECINCT 45,BALLOTS CAST,,MTN,BALLOTS CAST - MOUNTAIN,0
Wetzel,PRECINCT 48,BALLOTS CAST,,MTN,BALLOTS CAST - MOUNTAIN,1
Wetzel,PRECINCT 50,BALLOTS CAST,,MTN,BALLOTS CAST - MOUNTAIN,1
Wetzel,PRECINCT 4,BALLOTS CAST,,,BALLOTS CAST - NONPARTISAN,1
Wetzel,PRECINCT 10,BALLOTS CAST,,,BALLOTS CAST - NONPARTISAN,6
Wetzel,PRECINCT 11,BALLOTS CAST,,,BALLOTS CAST - NONPARTISAN,0
Wetzel,PRECINCT 12,BALLOTS CAST,,,BALLOTS CAST - NONPARTISAN,0
Wetzel,PRECINCT 15,BALLOTS CAST,,,BALLOTS CAST - NONPARTISAN,0
Wetzel,PRECINCT 16,BALLOTS CAST,,,BALLOTS CAST - NONPARTISAN,6
Wetzel,PRECINCT 18,BALLOTS CAST,,,BALLOTS CAST - NONPARTISAN,0
Wetzel,PRECINCT 21,BALLOTS CAST,,,BALLOTS CAST - NONPARTISAN,1
Wetzel,PRECINCT 27,BALLOTS CAST,,,BALLOTS CAST - NONPARTISAN,0
Wetzel,PRECINCT 29,BALLOTS CAST,,,BALLOTS CAST - NONPARTISAN,0
Wetzel,PRECINCT 33,BALLOTS CAST,,,BALLOTS CAST - NONPARTISAN,5
Wetzel,PRECINCT 36,BALLOTS CAST,,,BALLOTS CAST - NONPARTISAN,7
Wetzel,PRECINCT 38,BALLOTS CAST,,,BALLOTS CAST - NONPARTISAN,14
Wetzel,PRECINCT 39,BALLOTS CAST,,,BALLOTS CAST - NONPARTISAN,7
Wetzel,PRECINCT 40,BALLOTS CAST,,,BALLOTS CAST - NONPARTISAN,1
Wetzel,PRECINCT 42,BALLOTS CAST,,,BALLOTS CAST - NONPARTISAN,0
Wetzel,PRECINCT 43,BALLOTS CAST,,,BALLOTS CAST - NONPARTISAN,0
Wetzel,PRECINCT 44,BALLOTS CAST,,,BALLOTS CAST - NONPARTISAN,5
Wetzel,PRECINCT 45,BALLOTS CAST,,,BALLOTS CAST - NONPARTISAN,1
Wetzel,PRECINCT 48,BALLOTS CAST,,,BALLOTS CAST - NONPARTISAN,11
Wetzel,PRECINCT 50,BALLOTS CAST,,,BALLOTS CAST - NONPARTISAN,4
Wetzel,PRECINCT 4,President,,REP,RYAN L.  BINKLEY,0
Wetzel,PRECINCT 10,President,,REP,RYAN L.  BINKLEY,1
Wetzel,PRECINCT 11,President,,REP,RYAN L.  BINKLEY,1
Wetzel,PRECINCT 12,President,,REP,RYAN L.  BINKLEY,0
Wetzel,PRECINCT 15,President,,REP,RYAN L.  BINKLEY,0
Wetzel,PRECINCT 16,President,,REP,RYAN L.  BINKLEY,0
Wetzel,PRECINCT 18,President,,REP,RYAN L.  BINKLEY,0
Wetzel,PRECINCT 21,President,,REP,RYAN L.  BINKLEY,1
Wetzel,PRECINCT 27,President,,REP,RYAN L.  BINKLEY,0
Wetzel,PRECINCT 29,President,,REP,RYAN L.  BINKLEY,0
Wetzel,PRECINCT 33,President,,REP,RYAN L.  BINKLEY,1
Wetzel,PRECINCT 36,President,,REP,RYAN L.  BINKLEY,0
Wetzel,PRECINCT 38,President,,REP,RYAN L.  BINKLEY,0
Wetzel,PRECINCT 39,President,,REP,RYAN L.  BINKLEY,1
Wetzel,PRECINCT 40,President,,REP,RYAN L.  BINKLEY,0
Wetzel,PRECINCT 42,President,,REP,RYAN L.  BINKLEY,1
Wetzel,PRECINCT 43,President,,REP,RYAN L.  BINKLEY,2
Wetzel,PRECINCT 44,President,,REP,RYAN L.  BINKLEY,1
Wetzel,PRECINCT 45,President,,REP,RYAN L.  BINKLEY,1
Wetzel,PRECINCT 48,President,,REP,RYAN L.  BINKLEY,1
Wetzel,PRECINCT 50,President,,REP,RYAN L.  BINKLEY,1
Wetzel,PRECINCT 4,President,,REP,DAVID STUCKENBERG,0
Wetzel,PRECINCT 10,President,,REP,DAVID STUCKENBERG,1
Wetzel,PRECINCT 11,President,,REP,DAVID STUCKENBERG,0
Wetzel,PRECINCT 12,President,,REP,DAVID STUCKENBERG,0
Wetzel,PRECINCT 15,President,,REP,DAVID STUCKENBERG,0
Wetzel,PRECINCT 16,President,,REP,DAVID STUCKENBERG,0
Wetzel,PRECINCT 18,President,,REP,DAVID STUCKENBERG,0
Wetzel,PRECINCT 21,President,,REP,DAVID STUCKENBERG,0
Wetzel,PRECINCT 27,President,,REP,DAVID STUCKENBERG,0
Wetzel,PRECINCT 29,President,,REP,DAVID STUCKENBERG,0
Wetzel,PRECINCT 33,President,,REP,DAVID STUCKENBERG,0
Wetzel,PRECINCT 36,President,,REP,DAVID STUCKENBERG,0
Wetzel,PRECINCT 38,President,,REP,DAVID STUCKENBERG,1
Wetzel,PRECINCT 39,President,,REP,DAVID STUCKENBERG,0
Wetzel,PRECINCT 40,President,,REP,DAVID STUCKENBERG,0
Wetzel,PRECINCT 42,President,,REP,DAVID STUCKENBERG,0
Wetzel,PRECINCT 43,President,,REP,DAVID STUCKENBERG,0
Wetzel,PRECINCT 44,President,,REP,DAVID STUCKENBERG,0
Wetzel,PRECINCT 45,President,,REP,DAVID STUCKENBERG,0
Wetzel,PRECINCT 48,President,,REP,DAVID STUCKENBERG,0
Wetzel,PRECINCT 50,President,,REP,DAVID STUCKENBERG,1
Wetzel,PRECINCT 4,President,,REP,RACHEL HANNA MoHAWK SWIFT,0
Wetzel,PRECINCT 10,President,,REP,RACHEL HANNA MoHAWK SWIFT,2
Wetzel,PRECINCT 11,President,,REP,RACHEL HANNA MoHAWK SWIFT,2
Wetzel,PRECINCT 12,President,,REP,RACHEL HANNA MoHAWK SWIFT,0
Wetzel,PRECINCT 15,President,,REP,RACHEL HANNA MoHAWK SWIFT,0
Wetzel,PRECINCT 16,President,,REP,RACHEL HANNA MoHAWK SWIFT,1
Wetzel,PRECINCT 18,President,,REP,RACHEL HANNA MoHAWK SWIFT,1
Wetzel,PRECINCT 21,President,,REP,RACHEL HANNA MoHAWK SWIFT,1
Wetzel,PRECINCT 27,President,,REP,RACHEL HANNA MoHAWK SWIFT,0
Wetzel,PRECINCT 29,President,,REP,RACHEL HANNA MoHAWK SWIFT,0
Wetzel,PRECINCT 33,President,,REP,RACHEL HANNA MoHAWK SWIFT,1
Wetzel,PRECINCT 36,President,,REP,RACHEL HANNA MoHAWK SWIFT,0
Wetzel,PRECINCT 38,President,,REP,RACHEL HANNA MoHAWK SWIFT,0
Wetzel,PRECINCT 39,President,,REP,RACHEL HANNA MoHAWK SWIFT,0
Wetzel,PRECINCT 40,President,,REP,RACHEL HANNA MoHAWK SWIFT,0
Wetzel,PRECINCT 42,President,,REP,RACHEL HANNA MoHAWK SWIFT,1
Wetzel,PRECINCT 43,President,,REP,RACHEL HANNA MoHAWK SWIFT,2
Wetzel,PRECINCT 44,President,,REP,RACHEL HANNA MoHAWK SWIFT,2
Wetzel,PRECINCT 45,President,,REP,RACHEL HANNA MoHAWK SWIFT,1
Wetzel,PRECINCT 48,President,,REP,RACHEL HANNA MoHAWK SWIFT,3
Wetzel,PRECINCT 50,President,,REP,RACHEL HANNA MoHAWK SWIFT,0
Wetzel,PRECINCT 4,President,,REP,NIKKI R.  HALEY,3
Wetzel,PRECINCT 10,President,,REP,NIKKI R.  HALEY,4
Wetzel,PRECINCT 11,President,,REP,NIKKI R.  HALEY,1
Wetzel,PRECINCT 12,President,,REP,NIKKI R.  HALEY,1
Wetzel,PRECINCT 15,President,,REP,NIKKI R.  HALEY,1
Wetzel,PRECINCT 16,President,,REP,NIKKI R.  HALEY,4
Wetzel,PRECINCT 18,President,,REP,NIKKI R.  HALEY,1
Wetzel,PRECINCT 21,President,,REP,NIKKI R.  HALEY,4
Wetzel,PRECINCT 27,President,,REP,NIKKI R.  HALEY,2
Wetzel,PRECINCT 29,President,,REP,NIKKI R.  HALEY,4
Wetzel,PRECINCT 33,President,,REP,NIKKI R.  HALEY,5
Wetzel,PRECINCT 36,President,,REP,NIKKI R.  HALEY,1
Wetzel,PRECINCT 38,President,,REP,NIKKI R.  HALEY,6
Wetzel,PRECINCT 39,President,,REP,NIKKI R.  HALEY,8
Wetzel,PRECINCT 40,President,,REP,NIKKI R.  HALEY,3
Wetzel,PRECINCT 42,President,,REP,NIKKI R.  HALEY,6
Wetzel,PRECINCT 43,President,,REP,NIKKI R.  HALEY,25
Wetzel,PRECINCT 44,President,,REP,NIKKI R.  HALEY,9
Wetzel,PRECINCT 45,President,,REP,NIKKI R.  HALEY,3
Wetzel,PRECINCT 48,President,,REP,NIKKI R.  HALEY,9
Wetzel,PRECINCT 50,President,,REP,NIKKI R.  HALEY,5
Wetzel,PRECINCT 4,President,,REP,DONALD J.  TRUMP,34
Wetzel,PRECINCT 10,President,,REP,DONALD J.  TRUMP,112
Wetzel,PRECINCT 11,President,,REP,DONALD J.  TRUMP,51
Wetzel,PRECINCT 12,President,,REP,DONALD J.  TRUMP,46
Wetzel,PRECINCT 15,President,,REP,DONALD J.  TRUMP,52
Wetzel,PRECINCT 16,President,,REP,DONALD J.  TRUMP,157
Wetzel,PRECINCT 18,President,,REP,DONALD J.  TRUMP,35
Wetzel,PRECINCT 21,President,,REP,DONALD J.  TRUMP,102
Wetzel,PRECINCT 27,President,,REP,DONALD J.  TRUMP,27
Wetzel,PRECINCT 29,President,,REP,DONALD J.  TRUMP,62
Wetzel,PRECINCT 33,President,,REP,DONALD J.  TRUMP,69
Wetzel,PRECINCT 36,President,,REP,DONALD J.  TRUMP,30
Wetzel,PRECINCT 38,President,,REP,DONALD J.  TRUMP,80
Wetzel,PRECINCT 39,President,,REP,DONALD J.  TRUMP,124
Wetzel,PRECINCT 40,President,,REP,DONALD J.  TRUMP,31
Wetzel,PRECINCT 42,President,,REP,DONALD J.  TRUMP,112
Wetzel,PRECINCT 43,President,,REP,DONALD J.  TRUMP,145
Wetzel,PRECINCT 44,President,,REP,DONALD J.  TRUMP,82
Wetzel,PRECINCT 45,President,,REP,DONALD J.  TRUMP,74
Wetzel,PRECINCT 48,President,,REP,DONALD J.  TRUMP,100
Wetzel,PRECINCT 50,President,,REP,DONALD J.  TRUMP,109
Wetzel,PRECINCT 4,President,,DEM,JOSEPH R. BIDEN JR,22
Wetzel,PRECINCT 10,President,,DEM,JOSEPH R. BIDEN JR,30
Wetzel,PRECINCT 11,President,,DEM,JOSEPH R. BIDEN JR,9
Wetzel,PRECINCT 12,President,,DEM,JOSEPH R. BIDEN JR,8
Wetzel,PRECINCT 15,President,,DEM,JOSEPH R. BIDEN JR,15
Wetzel,PRECINCT 16,President,,DEM,JOSEPH R. BIDEN JR,19
Wetzel,PRECINCT 18,President,,DEM,JOSEPH R. BIDEN JR,12
Wetzel,PRECINCT 21,President,,DEM,JOSEPH R. BIDEN JR,25
Wetzel,PRECINCT 27,President,,DEM,JOSEPH R. BIDEN JR,5
Wetzel,PRECINCT 29,President,,DEM,JOSEPH R. BIDEN JR,22
Wetzel,PRECINCT 33,President,,DEM,JOSEPH R. BIDEN JR,42
Wetzel,PRECINCT 36,President,,DEM,JOSEPH R. BIDEN JR,20
Wetzel,PRECINCT 38,President,,DEM,JOSEPH R. BIDEN JR,31
Wetzel,PRECINCT 39,President,,DEM,JOSEPH R. BIDEN JR,28
Wetzel,PRECINCT 40,President,,DEM,JOSEPH R. BIDEN JR,14
Wetzel,PRECINCT 42,President,,DEM,JOSEPH R. BIDEN JR,42
Wetzel,PRECINCT 43,President,,DEM,JOSEPH R. BIDEN JR,60
Wetzel,PRECINCT 44,President,,DEM,JOSEPH R. BIDEN JR,34
Wetzel,PRECINCT 45,President,,DEM,JOSEPH R. BIDEN JR,22
Wetzel,PRECINCT 48,President,,DEM,JOSEPH R. BIDEN JR,54
Wetzel,PRECINCT 50,President,,DEM,JOSEPH R. BIDEN JR,48
Wetzel,PRECINCT 4,President,,DEM,ARMANDO 'MANDO'  PEREZ-SERRATO,0
Wetzel,PRECINCT 10,President,,DEM,ARMANDO 'MANDO'  PEREZ-SERRATO,1
Wetzel,PRECINCT 11,President,,DEM,ARMANDO 'MANDO'  PEREZ-SERRATO,1
Wetzel,PRECINCT 12,President,,DEM,ARMANDO 'MANDO'  PEREZ-SERRATO,0
Wetzel,PRECINCT 15,President,,DEM,ARMANDO 'MANDO'  PEREZ-SERRATO,3
Wetzel,PRECINCT 16,President,,DEM,ARMANDO 'MANDO'  PEREZ-SERRATO,3
Wetzel,PRECINCT 18,President,,DEM,ARMANDO 'MANDO'  PEREZ-SERRATO,1
Wetzel,PRECINCT 21,President,,DEM,ARMANDO 'MANDO'  PEREZ-SERRATO,2
Wetzel,PRECINCT 27,President,,DEM,ARMANDO 'MANDO'  PEREZ-SERRATO,1
Wetzel,PRECINCT 29,President,,DEM,ARMANDO 'MANDO'  PEREZ-SERRATO,3
Wetzel,PRECINCT 33,President,,DEM,ARMANDO 'MANDO'  PEREZ-SERRATO,4
Wetzel,PRECINCT 36,President,,DEM,ARMANDO 'MANDO'  PEREZ-SERRATO,1
Wetzel,PRECINCT 38,President,,DEM,ARMANDO 'MANDO'  PEREZ-SERRATO,2
Wetzel,PRECINCT 39,President,,DEM,ARMANDO 'MANDO'  PEREZ-SERRATO,1
Wetzel,PRECINCT 40,President,,DEM,ARMANDO 'MANDO'  PEREZ-SERRATO,0
Wetzel,PRECINCT 42,President,,DEM,ARMANDO 'MANDO'  PEREZ-SERRATO,3
Wetzel,PRECINCT 43,President,,DEM,ARMANDO 'MANDO'  PEREZ-SERRATO,3
Wetzel,PRECINCT 44,President,,DEM,ARMANDO 'MANDO'  PEREZ-SERRATO,2
Wetzel,PRECINCT 45,President,,DEM,ARMANDO 'MANDO'  PEREZ-SERRATO,4
Wetzel,PRECINCT 48,President,,DEM,ARMANDO 'MANDO'  PEREZ-SERRATO,2
Wetzel,PRECINCT 50,President,,DEM,ARMANDO 'MANDO'  PEREZ-SERRATO,1
Wetzel,PRECINCT 4,President,,DEM,DEAN PHILLIPS,8
Wetzel,PRECINCT 10,President,,DEM,DEAN PHILLIPS,9
Wetzel,PRECINCT 11,President,,DEM,DEAN PHILLIPS,4
Wetzel,PRECINCT 12,President,,DEM,DEAN PHILLIPS,2
Wetzel,PRECINCT 15,President,,DEM,DEAN PHILLIPS,2
Wetzel,PRECINCT 16,President,,DEM,DEAN PHILLIPS,7
Wetzel,PRECINCT 18,President,,DEM,DEAN PHILLIPS,2
Wetzel,PRECINCT 21,President,,DEM,DEAN PHILLIPS,12
Wetzel,PRECINCT 27,President,,DEM,DEAN PHILLIPS,2
Wetzel,PRECINCT 29,President,,DEM,DEAN PHILLIPS,3
Wetzel,PRECINCT 33,President,,DEM,DEAN PHILLIPS,6
Wetzel,PRECINCT 36,President,,DEM,DEAN PHILLIPS,3
Wetzel,PRECINCT 38,President,,DEM,DEAN PHILLIPS,5
Wetzel,PRECINCT 39,President,,DEM,DEAN PHILLIPS,6
Wetzel,PRECINCT 40,President,,DEM,DEAN PHILLIPS,3
Wetzel,PRECINCT 42,President,,DEM,DEAN PHILLIPS,12
Wetzel,PRECINCT 43,President,,DEM,DEAN PHILLIPS,9
Wetzel,PRECINCT 44,President,,DEM,DEAN PHILLIPS,7
Wetzel,PRECINCT 45,President,,DEM,DEAN PHILLIPS,8
Wetzel,PRECINCT 48,President,,DEM,DEAN PHILLIPS,8
Wetzel,PRECINCT 50,President,,DEM,DEAN PHILLIPS,8
Wetzel,PRECINCT 4,President,,DEM,JASON MICHAEL  PALMER,7
Wetzel,PRECINCT 10,President,,DEM,JASON MICHAEL  PALMER,9
Wetzel,PRECINCT 11,President,,DEM,JASON MICHAEL  PALMER,2
Wetzel,PRECINCT 12,President,,DEM,JASON MICHAEL  PALMER,5
Wetzel,PRECINCT 15,President,,DEM,JASON MICHAEL  PALMER,5
Wetzel,PRECINCT 16,President,,DEM,JASON MICHAEL  PALMER,8
Wetzel,PRECINCT 18,President,,DEM,JASON MICHAEL  PALMER,5
Wetzel,PRECINCT 21,President,,DEM,JASON MICHAEL  PALMER,11
Wetzel,PRECINCT 27,President,,DEM,JASON MICHAEL  PALMER,2
Wetzel,PRECINCT 29,President,,DEM,JASON MICHAEL  PALMER,10
Wetzel,PRECINCT 33,President,,DEM,JASON MICHAEL  PALMER,5
Wetzel,PRECINCT 36,President,,DEM,JASON MICHAEL  PALMER,10
Wetzel,PRECINCT 38,President,,DEM,JASON MICHAEL  PALMER,9
Wetzel,PRECINCT 39,President,,DEM,JASON MICHAEL  PALMER,11
Wetzel,PRECINCT 40,President,,DEM,JASON MICHAEL  PALMER,1
Wetzel,PRECINCT 42,President,,DEM,JASON MICHAEL  PALMER,12
Wetzel,PRECINCT 43,President,,DEM,JASON MICHAEL  PALMER,15
Wetzel,PRECINCT 44,President,,DEM,JASON MICHAEL  PALMER,9
Wetzel,PRECINCT 45,President,,DEM,JASON MICHAEL  PALMER,10
Wetzel,PRECINCT 48,President,,DEM,JASON MICHAEL  PALMER,4
Wetzel,PRECINCT 50,President,,DEM,JASON MICHAEL  PALMER,9
Wetzel,PRECINCT 4,President,,DEM,STEPHEN P  LYONS,6
Wetzel,PRECINCT 10,President,,DEM,STEPHEN P  LYONS,7
Wetzel,PRECINCT 11,President,,DEM,STEPHEN P  LYONS,2
Wetzel,PRECINCT 12,President,,DEM,STEPHEN P  LYONS,1
Wetzel,PRECINCT 15,President,,DEM,STEPHEN P  LYONS,0
Wetzel,PRECINCT 16,President,,DEM,STEPHEN P  LYONS,6
Wetzel,PRECINCT 18,President,,DEM,STEPHEN P  LYONS,2
Wetzel,PRECINCT 21,President,,DEM,STEPHEN P  LYONS,5
Wetzel,PRECINCT 27,President,,DEM,STEPHEN P  LYONS,3
Wetzel,PRECINCT 29,President,,DEM,STEPHEN P  LYONS,1
Wetzel,PRECINCT 33,President,,DEM,STEPHEN P  LYONS,5
Wetzel,PRECINCT 36,President,,DEM,STEPHEN P  LYONS,4
Wetzel,PRECINCT 38,President,,DEM,STEPHEN P  LYONS,5
Wetzel,PRECINCT 39,President,,DEM,STEPHEN P  LYONS,4
Wetzel,PRECINCT 40,President,,DEM,STEPHEN P  LYONS,1
Wetzel,PRECINCT 42,President,,DEM,STEPHEN P  LYONS,7
Wetzel,PRECINCT 43,President,,DEM,STEPHEN P  LYONS,6
Wetzel,PRECINCT 44,President,,DEM,STEPHEN P  LYONS,7
Wetzel,PRECINCT 45,President,,DEM,STEPHEN P  LYONS,8
Wetzel,PRECINCT 48,President,,DEM,STEPHEN P  LYONS,4
Wetzel,PRECINCT 50,President,,DEM,STEPHEN P  LYONS,5
Wetzel,PRECINCT 4,President,,MTN,JILL STEIN,1
Wetzel,PRECINCT 10,President,,MTN,JILL STEIN,0
Wetzel,PRECINCT 11,President,,MTN,JILL STEIN,0
Wetzel,PRECINCT 12,President,,MTN,JILL STEIN,0
Wetzel,PRECINCT 15,President,,MTN,JILL STEIN,0
Wetzel,PRECINCT 16,President,,MTN,JILL STEIN,0
Wetzel,PRECINCT 18,President,,MTN,JILL STEIN,0
Wetzel,PRECINCT 21,President,,MTN,JILL STEIN,0
Wetzel,PRECINCT 27,President,,MTN,JILL STEIN,0
Wetzel,PRECINCT 29,President,,MTN,JILL STEIN,0
Wetzel,PRECINCT 33,President,,MTN,JILL STEIN,2
Wetzel,PRECINCT 36,President,,MTN,JILL STEIN,0
Wetzel,PRECINCT 38,President,,MTN,JILL STEIN,0
Wetzel,PRECINCT 39,President,,MTN,JILL STEIN,1
Wetzel,PRECINCT 40,President,,MTN,JILL STEIN,0
Wetzel,PRECINCT 42,President,,MTN,JILL STEIN,1
Wetzel,PRECINCT 43,President,,MTN,JILL STEIN,1
Wetzel,PRECINCT 44,President,,MTN,JILL STEIN,0
Wetzel,PRECINCT 45,President,,MTN,JILL STEIN,0
Wetzel,PRECINCT 48,President,,MTN,JILL STEIN,1
Wetzel,PRECINCT 50,President,,MTN,JILL STEIN,0
Wetzel,PRECINCT 4,U.S. Senate,,REP,JIM JUSTICE,27
Wetzel,PRECINCT 10,U.S. Senate,,REP,JIM JUSTICE,70
Wetzel,PRECINCT 11,U.S. Senate,,REP,JIM JUSTICE,44
Wetzel,PRECINCT 12,U.S. Senate,,REP,JIM JUSTICE,19
Wetzel,PRECINCT 15,U.S. Senate,,REP,JIM JUSTICE,36
Wetzel,PRECINCT 16,U.S. Senate,,REP,JIM JUSTICE,99
Wetzel,PRECINCT 18,U.S. Senate,,REP,JIM JUSTICE,29
Wetzel,PRECINCT 21,U.S. Senate,,REP,JIM JUSTICE,74
Wetzel,PRECINCT 27,U.S. Senate,,REP,JIM JUSTICE,11
Wetzel,PRECINCT 29,U.S. Senate,,REP,JIM JUSTICE,41
Wetzel,PRECINCT 33,U.S. Senate,,REP,JIM JUSTICE,60
Wetzel,PRECINCT 36,U.S. Senate,,REP,JIM JUSTICE,20
Wetzel,PRECINCT 38,U.S. Senate,,REP,JIM JUSTICE,55
Wetzel,PRECINCT 39,U.S. Senate,,REP,JIM JUSTICE,87
Wetzel,PRECINCT 40,U.S. Senate,,REP,JIM JUSTICE,23
Wetzel,PRECINCT 42,U.S. Senate,,REP,JIM JUSTICE,80
Wetzel,PRECINCT 43,U.S. Senate,,REP,JIM JUSTICE,128
Wetzel,PRECINCT 44,U.S. Senate,,REP,JIM JUSTICE,58
Wetzel,PRECINCT 45,U.S. Senate,,REP,JIM JUSTICE,53
Wetzel,PRECINCT 48,U.S. Senate,,REP,JIM JUSTICE,82
Wetzel,PRECINCT 50,U.S. Senate,,REP,JIM JUSTICE,88
Wetzel,PRECINCT 4,U.S. Senate,,REP,BRYAN McKINNEY,2
Wetzel,PRECINCT 10,U.S. Senate,,REP,BRYAN McKINNEY,6
Wetzel,PRECINCT 11,U.S. Senate,,REP,BRYAN McKINNEY,2
Wetzel,PRECINCT 12,U.S. Senate,,REP,BRYAN McKINNEY,1
Wetzel,PRECINCT 15,U.S. Senate,,REP,BRYAN McKINNEY,2
Wetzel,PRECINCT 16,U.S. Senate,,REP,BRYAN McKINNEY,16
Wetzel,PRECINCT 18,U.S. Senate,,REP,BRYAN McKINNEY,2
Wetzel,PRECINCT 21,U.S. Senate,,REP,BRYAN McKINNEY,3
Wetzel,PRECINCT 27,U.S. Senate,,REP,BRYAN McKINNEY,2
Wetzel,PRECINCT 29,U.S. Senate,,REP,BRYAN McKINNEY,4
Wetzel,PRECINCT 33,U.S. Senate,,REP,BRYAN McKINNEY,0
Wetzel,PRECINCT 36,U.S. Senate,,REP,BRYAN McKINNEY,0
Wetzel,PRECINCT 38,U.S. Senate,,REP,BRYAN McKINNEY,5
Wetzel,PRECINCT 39,U.S. Senate,,REP,BRYAN McKINNEY,6
Wetzel,PRECINCT 40,U.S. Senate,,REP,BRYAN McKINNEY,3
Wetzel,PRECINCT 42,U.S. Senate,,REP,BRYAN McKINNEY,7
Wetzel,PRECINCT 43,U.S. Senate,,REP,BRYAN McKINNEY,2
Wetzel,PRECINCT 44,U.S. Senate,,REP,BRYAN McKINNEY,5
Wetzel,PRECINCT 45,U.S. Senate,,REP,BRYAN McKINNEY,2
Wetzel,PRECINCT 48,U.S. Senate,,REP,BRYAN McKINNEY,7
Wetzel,PRECINCT 50,U.S. Senate,,REP,BRYAN McKINNEY,6
Wetzel,PRECINCT 4,U.S. Senate,,REP,JANET McNULTY,1
Wetzel,PRECINCT 10,U.S. Senate,,REP,JANET McNULTY,3
Wetzel,PRECINCT 11,U.S. Senate,,REP,JANET McNULTY,0
Wetzel,PRECINCT 12,U.S. Senate,,REP,JANET McNULTY,2
Wetzel,PRECINCT 15,U.S. Senate,,REP,JANET McNULTY,0
Wetzel,PRECINCT 16,U.S. Senate,,REP,JANET McNULTY,0
Wetzel,PRECINCT 18,U.S. Senate,,REP,JANET McNULTY,0
Wetzel,PRECINCT 21,U.S. Senate,,REP,JANET McNULTY,4
Wetzel,PRECINCT 27,U.S. Senate,,REP,JANET McNULTY,0
Wetzel,PRECINCT 29,U.S. Senate,,REP,JANET McNULTY,1
Wetzel,PRECINCT 33,U.S. Senate,,REP,JANET McNULTY,2
Wetzel,PRECINCT 36,U.S. Senate,,REP,JANET McNULTY,2
Wetzel,PRECINCT 38,U.S. Senate,,REP,JANET McNULTY,4
Wetzel,PRECINCT 39,U.S. Senate,,REP,JANET McNULTY,8
Wetzel,PRECINCT 40,U.S. Senate,,REP,JANET McNULTY,1
Wetzel,PRECINCT 42,U.S. Senate,,REP,JANET McNULTY,1
Wetzel,PRECINCT 43,U.S. Senate,,REP,JANET McNULTY,2
Wetzel,PRECINCT 44,U.S. Senate,,REP,JANET McNULTY,0
Wetzel,PRECINCT 45,U.S. Senate,,REP,JANET McNULTY,1
Wetzel,PRECINCT 48,U.S. Senate,,REP,JANET McNULTY,5
Wetzel,PRECINCT 50,U.S. Senate,,REP,JANET McNULTY,1
Wetzel,PRECINCT 4,U.S. Senate,,REP,ZANE LAWHORN,1
Wetzel,PRECINCT 10,U.S. Senate,,REP,ZANE LAWHORN,2
Wetzel,PRECINCT 11,U.S. Senate,,REP,ZANE LAWHORN,0
Wetzel,PRECINCT 12,U.S. Senate,,REP,ZANE LAWHORN,0
Wetzel,PRECINCT 15,U.S. Senate,,REP,ZANE LAWHORN,2
Wetzel,PRECINCT 16,U.S. Senate,,REP,ZANE LAWHORN,0
Wetzel,PRECINCT 18,U.S. Senate,,REP,ZANE LAWHORN,0
Wetzel,PRECINCT 21,U.S. Senate,,REP,ZANE LAWHORN,0
Wetzel,PRECINCT 27,U.S. Senate,,REP,ZANE LAWHORN,0
Wetzel,PRECINCT 29,U.S. Senate,,REP,ZANE LAWHORN,0
Wetzel,PRECINCT 33,U.S. Senate,,REP,ZANE LAWHORN,2
Wetzel,PRECINCT 36,U.S. Senate,,REP,ZANE LAWHORN,0
Wetzel,PRECINCT 38,U.S. Senate,,REP,ZANE LAWHORN,2
Wetzel,PRECINCT 39,U.S. Senate,,REP,ZANE LAWHORN,1
Wetzel,PRECINCT 40,U.S. Senate,,REP,ZANE LAWHORN,1
Wetzel,PRECINCT 42,U.S. Senate,,REP,ZANE LAWHORN,2
Wetzel,PRECINCT 43,U.S. Senate,,REP,ZANE LAWHORN,1
Wetzel,PRECINCT 44,U.S. Senate,,REP,ZANE LAWHORN,0
Wetzel,PRECINCT 45,U.S. Senate,,REP,ZANE LAWHORN,0
Wetzel,PRECINCT 48,U.S. Senate,,REP,ZANE LAWHORN,0
Wetzel,PRECINCT 50,U.S. Senate,,REP,ZANE LAWHORN,1
Wetzel,PRECINCT 4,U.S. Senate,,REP,ALEXANDER X.  MOONEY,5
Wetzel,PRECINCT 10,U.S. Senate,,REP,ALEXANDER X.  MOONEY,38
Wetzel,PRECINCT 11,U.S. Senate,,REP,ALEXANDER X.  MOONEY,10
Wetzel,PRECINCT 12,U.S. Senate,,REP,ALEXANDER X.  MOONEY,22
Wetzel,PRECINCT 15,U.S. Senate,,REP,ALEXANDER X.  MOONEY,10
Wetzel,PRECINCT 16,U.S. Senate,,REP,ALEXANDER X.  MOONEY,37
Wetzel,PRECINCT 18,U.S. Senate,,REP,ALEXANDER X.  MOONEY,5
Wetzel,PRECINCT 21,U.S. Senate,,REP,ALEXANDER X.  MOONEY,21
Wetzel,PRECINCT 27,U.S. Senate,,REP,ALEXANDER X.  MOONEY,12
Wetzel,PRECINCT 29,U.S. Senate,,REP,ALEXANDER X.  MOONEY,14
Wetzel,PRECINCT 33,U.S. Senate,,REP,ALEXANDER X.  MOONEY,9
Wetzel,PRECINCT 36,U.S. Senate,,REP,ALEXANDER X.  MOONEY,10
Wetzel,PRECINCT 38,U.S. Senate,,REP,ALEXANDER X.  MOONEY,15
Wetzel,PRECINCT 39,U.S. Senate,,REP,ALEXANDER X.  MOONEY,23
Wetzel,PRECINCT 40,U.S. Senate,,REP,ALEXANDER X.  MOONEY,5
Wetzel,PRECINCT 42,U.S. Senate,,REP,ALEXANDER X.  MOONEY,22
Wetzel,PRECINCT 43,U.S. Senate,,REP,ALEXANDER X.  MOONEY,31
Wetzel,PRECINCT 44,U.S. Senate,,REP,ALEXANDER X.  MOONEY,25
Wetzel,PRECINCT 45,U.S. Senate,,REP,ALEXANDER X.  MOONEY,20
Wetzel,PRECINCT 48,U.S. Senate,,REP,ALEXANDER X.  MOONEY,17
Wetzel,PRECINCT 50,U.S. Senate,,REP,ALEXANDER X.  MOONEY,17
Wetzel,PRECINCT 4,U.S. Senate,,REP,DON  LINDSAY,0
Wetzel,PRECINCT 10,U.S. Senate,,REP,DON  LINDSAY,1
Wetzel,PRECINCT 11,U.S. Senate,,REP,DON  LINDSAY,1
Wetzel,PRECINCT 12,U.S. Senate,,REP,DON  LINDSAY,0
Wetzel,PRECINCT 15,U.S. Senate,,REP,DON  LINDSAY,2
Wetzel,PRECINCT 16,U.S. Senate,,REP,DON  LINDSAY,2
Wetzel,PRECINCT 18,U.S. Senate,,REP,DON  LINDSAY,0
Wetzel,PRECINCT 21,U.S. Senate,,REP,DON  LINDSAY,1
Wetzel,PRECINCT 27,U.S. Senate,,REP,DON  LINDSAY,2
Wetzel,PRECINCT 29,U.S. Senate,,REP,DON  LINDSAY,1
Wetzel,PRECINCT 33,U.S. Senate,,REP,DON  LINDSAY,0
Wetzel,PRECINCT 36,U.S. Senate,,REP,DON  LINDSAY,0
Wetzel,PRECINCT 38,U.S. Senate,,REP,DON  LINDSAY,1
Wetzel,PRECINCT 39,U.S. Senate,,REP,DON  LINDSAY,3
Wetzel,PRECINCT 40,U.S. Senate,,REP,DON  LINDSAY,0
Wetzel,PRECINCT 42,U.S. Senate,,REP,DON  LINDSAY,0
Wetzel,PRECINCT 43,U.S. Senate,,REP,DON  LINDSAY,1
Wetzel,PRECINCT 44,U.S. Senate,,REP,DON  LINDSAY,0
Wetzel,PRECINCT 45,U.S. Senate,,REP,DON  LINDSAY,1
Wetzel,PRECINCT 48,U.S. Senate,,REP,DON  LINDSAY,1
Wetzel,PRECINCT 50,U.S. Senate,,REP,DON  LINDSAY,1
Wetzel,PRECINCT 4,U.S. Senate,,REP,BRYAN BIRD,0
Wetzel,PRECINCT 10,U.S. Senate,,REP,BRYAN BIRD,2
Wetzel,PRECINCT 11,U.S. Senate,,REP,BRYAN BIRD,0
Wetzel,PRECINCT 12,U.S. Senate,,REP,BRYAN BIRD,1
Wetzel,PRECINCT 15,U.S. Senate,,REP,BRYAN BIRD,2
Wetzel,PRECINCT 16,U.S. Senate,,REP,BRYAN BIRD,2
Wetzel,PRECINCT 18,U.S. Senate,,REP,BRYAN BIRD,1
Wetzel,PRECINCT 21,U.S. Senate,,REP,BRYAN BIRD,2
Wetzel,PRECINCT 27,U.S. Senate,,REP,BRYAN BIRD,0
Wetzel,PRECINCT 29,U.S. Senate,,REP,BRYAN BIRD,1
Wetzel,PRECINCT 33,U.S. Senate,,REP,BRYAN BIRD,0
Wetzel,PRECINCT 36,U.S. Senate,,REP,BRYAN BIRD,0
Wetzel,PRECINCT 38,U.S. Senate,,REP,BRYAN BIRD,3
Wetzel,PRECINCT 39,U.S. Senate,,REP,BRYAN BIRD,3
Wetzel,PRECINCT 40,U.S. Senate,,REP,BRYAN BIRD,0
Wetzel,PRECINCT 42,U.S. Senate,,REP,BRYAN BIRD,4
Wetzel,PRECINCT 43,U.S. Senate,,REP,BRYAN BIRD,3
Wetzel,PRECINCT 44,U.S. Senate,,REP,BRYAN BIRD,1
Wetzel,PRECINCT 45,U.S. Senate,,REP,BRYAN BIRD,3
Wetzel,PRECINCT 48,U.S. Senate,,REP,BRYAN BIRD,1
Wetzel,PRECINCT 50,U.S. Senate,,REP,BRYAN BIRD,0
Wetzel,PRECINCT 4,U.S. Senate,,DEM,DON BLANKENSHIP,6
Wetzel,PRECINCT 10,U.S. Senate,,DEM,DON BLANKENSHIP,9
Wetzel,PRECINCT 11,U.S. Senate,,DEM,DON BLANKENSHIP,5
Wetzel,PRECINCT 12,U.S. Senate,,DEM,DON BLANKENSHIP,0
Wetzel,PRECINCT 15,U.S. Senate,,DEM,DON BLANKENSHIP,2
Wetzel,PRECINCT 16,U.S. Senate,,DEM,DON BLANKENSHIP,4
Wetzel,PRECINCT 18,U.S. Senate,,DEM,DON BLANKENSHIP,4
Wetzel,PRECINCT 21,U.S. Senate,,DEM,DON BLANKENSHIP,12
Wetzel,PRECINCT 27,U.S. Senate,,DEM,DON BLANKENSHIP,5
Wetzel,PRECINCT 29,U.S. Senate,,DEM,DON BLANKENSHIP,14
Wetzel,PRECINCT 33,U.S. Senate,,DEM,DON BLANKENSHIP,8
Wetzel,PRECINCT 36,U.S. Senate,,DEM,DON BLANKENSHIP,6
Wetzel,PRECINCT 38,U.S. Senate,,DEM,DON BLANKENSHIP,7
Wetzel,PRECINCT 39,U.S. Senate,,DEM,DON BLANKENSHIP,9
Wetzel,PRECINCT 40,U.S. Senate,,DEM,DON BLANKENSHIP,1
Wetzel,PRECINCT 42,U.S. Senate,,DEM,DON BLANKENSHIP,11
Wetzel,PRECINCT 43,U.S. Senate,,DEM,DON BLANKENSHIP,15
Wetzel,PRECINCT 44,U.S. Senate,,DEM,DON BLANKENSHIP,10
Wetzel,PRECINCT 45,U.S. Senate,,DEM,DON BLANKENSHIP,10
Wetzel,PRECINCT 48,U.S. Senate,,DEM,DON BLANKENSHIP,6
Wetzel,PRECINCT 50,U.S. Senate,,DEM,DON BLANKENSHIP,10
Wetzel,PRECINCT 4,U.S. Senate,,DEM,GLENN ELLIOTT,35
Wetzel,PRECINCT 10,U.S. Senate,,DEM,GLENN ELLIOTT,49
Wetzel,PRECINCT 11,U.S. Senate,,DEM,GLENN ELLIOTT,19
Wetzel,PRECINCT 12,U.S. Senate,,DEM,GLENN ELLIOTT,17
Wetzel,PRECINCT 15,U.S. Senate,,DEM,GLENN ELLIOTT,19
Wetzel,PRECINCT 16,U.S. Senate,,DEM,GLENN ELLIOTT,44
Wetzel,PRECINCT 18,U.S. Senate,,DEM,GLENN ELLIOTT,18
Wetzel,PRECINCT 21,U.S. Senate,,DEM,GLENN ELLIOTT,41
Wetzel,PRECINCT 27,U.S. Senate,,DEM,GLENN ELLIOTT,9
Wetzel,PRECINCT 29,U.S. Senate,,DEM,GLENN ELLIOTT,27
Wetzel,PRECINCT 33,U.S. Senate,,DEM,GLENN ELLIOTT,49
Wetzel,PRECINCT 36,U.S. Senate,,DEM,GLENN ELLIOTT,30
Wetzel,PRECINCT 38,U.S. Senate,,DEM,GLENN ELLIOTT,43
Wetzel,PRECINCT 39,U.S. Senate,,DEM,GLENN ELLIOTT,49
Wetzel,PRECINCT 40,U.S. Senate,,DEM,GLENN ELLIOTT,19
Wetzel,PRECINCT 42,U.S. Senate,,DEM,GLENN ELLIOTT,62
Wetzel,PRECINCT 43,U.S. Senate,,DEM,GLENN ELLIOTT,94
Wetzel,PRECINCT 44,U.S. Senate,,DEM,GLENN ELLIOTT,56
Wetzel,PRECINCT 45,U.S. Senate,,DEM,GLENN ELLIOTT,53
Wetzel,PRECINCT 48,U.S. Senate,,DEM,GLENN ELLIOTT,65
Wetzel,PRECINCT 50,U.S. Senate,,DEM,GLENN ELLIOTT,65
Wetzel,PRECINCT 4,U.S. Senate,,DEM,ZACHARY  SHREWSBURY,12
Wetzel,PRECINCT 10,U.S. Senate,,DEM,ZACHARY  SHREWSBURY,7
Wetzel,PRECINCT 11,U.S. Senate,,DEM,ZACHARY  SHREWSBURY,4
Wetzel,PRECINCT 12,U.S. Senate,,DEM,ZACHARY  SHREWSBURY,1
Wetzel,PRECINCT 15,U.S. Senate,,DEM,ZACHARY  SHREWSBURY,6
Wetzel,PRECINCT 16,U.S. Senate,,DEM,ZACHARY  SHREWSBURY,4
Wetzel,PRECINCT 18,U.S. Senate,,DEM,ZACHARY  SHREWSBURY,1
Wetzel,PRECINCT 21,U.S. Senate,,DEM,ZACHARY  SHREWSBURY,11
Wetzel,PRECINCT 27,U.S. Senate,,DEM,ZACHARY  SHREWSBURY,1
Wetzel,PRECINCT 29,U.S. Senate,,DEM,ZACHARY  SHREWSBURY,7
Wetzel,PRECINCT 33,U.S. Senate,,DEM,ZACHARY  SHREWSBURY,15
Wetzel,PRECINCT 36,U.S. Senate,,DEM,ZACHARY  SHREWSBURY,5
Wetzel,PRECINCT 38,U.S. Senate,,DEM,ZACHARY  SHREWSBURY,7
Wetzel,PRECINCT 39,U.S. Senate,,DEM,ZACHARY  SHREWSBURY,2
Wetzel,PRECINCT 40,U.S. Senate,,DEM,ZACHARY  SHREWSBURY,4
Wetzel,PRECINCT 42,U.S. Senate,,DEM,ZACHARY  SHREWSBURY,12
Wetzel,PRECINCT 43,U.S. Senate,,DEM,ZACHARY  SHREWSBURY,8
Wetzel,PRECINCT 44,U.S. Senate,,DEM,ZACHARY  SHREWSBURY,5
Wetzel,PRECINCT 45,U.S. Senate,,DEM,ZACHARY  SHREWSBURY,5
Wetzel,PRECINCT 48,U.S. Senate,,DEM,ZACHARY  SHREWSBURY,8
Wetzel,PRECINCT 50,U.S. Senate,,DEM,ZACHARY  SHREWSBURY,10
Wetzel,PRECINCT 4,U.S. Senate,,MTN,NO CANDIDATE FILED,0
Wetzel,PRECINCT 10,U.S. Senate,,MTN,NO CANDIDATE FILED,0
Wetzel,PRECINCT 11,U.S. Senate,,MTN,NO CANDIDATE FILED,0
Wetzel,PRECINCT 12,U.S. Senate,,MTN,NO CANDIDATE FILED,0
Wetzel,PRECINCT 15,U.S. Senate,,MTN,NO CANDIDATE FILED,0
Wetzel,PRECINCT 16,U.S. Senate,,MTN,NO CANDIDATE FILED,0
Wetzel,PRECINCT 18,U.S. Senate,,MTN,NO CANDIDATE FILED,0
Wetzel,PRECINCT 21,U.S. Senate,,MTN,NO CANDIDATE FILED,0
Wetzel,PRECINCT 27,U.S. Senate,,MTN,NO CANDIDATE FILED,0
Wetzel,PRECINCT 29,U.S. Senate,,MTN,NO CANDIDATE FILED,0
Wetzel,PRECINCT 33,U.S. Senate,,MTN,NO CANDIDATE FILED,0
Wetzel,PRECINCT 36,U.S. Senate,,MTN,NO CANDIDATE FILED,0
Wetzel,PRECINCT 38,U.S. Senate,,MTN,NO CANDIDATE FILED,0
Wetzel,PRECINCT 39,U.S. Senate,,MTN,NO CANDIDATE FILED,0
Wetzel,PRECINCT 40,U.S. Senate,,MTN,NO CANDIDATE FILED,0
Wetzel,PRECINCT 42,U.S. Senate,,MTN,NO CANDIDATE FILED,0
Wetzel,PRECINCT 43,U.S. Senate,,MTN,NO CANDIDATE FILED,0
Wetzel,PRECINCT 44,U.S. Senate,,MTN,NO CANDIDATE FILED,0
Wetzel,PRECINCT 45,U.S. Senate,,MTN,NO CANDIDATE FILED,0
Wetzel,PRECINCT 48,U.S. Senate,,MTN,NO CANDIDATE FILED,0
Wetzel,PRECINCT 50,U.S. Senate,,MTN,NO CANDIDATE FILED,0
Wetzel,PRECINCT 4,U.S. House,2,REP,JOSEPH (JOE) EARLEY,4
Wetzel,PRECINCT 10,U.S. House,2,REP,JOSEPH (JOE) EARLEY,43
Wetzel,PRECINCT 11,U.S. House,2,REP,JOSEPH (JOE) EARLEY,9
Wetzel,PRECINCT 12,U.S. House,2,REP,JOSEPH (JOE) EARLEY,7
Wetzel,PRECINCT 15,U.S. House,2,REP,JOSEPH (JOE) EARLEY,11
Wetzel,PRECINCT 16,U.S. House,2,REP,JOSEPH (JOE) EARLEY,42
Wetzel,PRECINCT 18,U.S. House,2,REP,JOSEPH (JOE) EARLEY,7
Wetzel,PRECINCT 21,U.S. House,2,REP,JOSEPH (JOE) EARLEY,32
Wetzel,PRECINCT 27,U.S. House,2,REP,JOSEPH (JOE) EARLEY,6
Wetzel,PRECINCT 29,U.S. House,2,REP,JOSEPH (JOE) EARLEY,26
Wetzel,PRECINCT 33,U.S. House,2,REP,JOSEPH (JOE) EARLEY,16
Wetzel,PRECINCT 36,U.S. House,2,REP,JOSEPH (JOE) EARLEY,4
Wetzel,PRECINCT 38,U.S. House,2,REP,JOSEPH (JOE) EARLEY,7
Wetzel,PRECINCT 39,U.S. House,2,REP,JOSEPH (JOE) EARLEY,19
Wetzel,PRECINCT 40,U.S. House,2,REP,JOSEPH (JOE) EARLEY,4
Wetzel,PRECINCT 42,U.S. House,2,REP,JOSEPH (JOE) EARLEY,14
Wetzel,PRECINCT 43,U.S. House,2,REP,JOSEPH (JOE) EARLEY,25
Wetzel,PRECINCT 44,U.S. House,2,REP,JOSEPH (JOE) EARLEY,17
Wetzel,PRECINCT 45,U.S. House,2,REP,JOSEPH (JOE) EARLEY,4
Wetzel,PRECINCT 48,U.S. House,2,REP,JOSEPH (JOE) EARLEY,16
Wetzel,PRECINCT 50,U.S. House,2,REP,JOSEPH (JOE) EARLEY,20
Wetzel,PRECINCT 4,U.S. House,2,REP,DENNIS 'NATE' CAIN,4
Wetzel,PRECINCT 10,U.S. House,2,REP,DENNIS 'NATE' CAIN,11
Wetzel,PRECINCT 11,U.S. House,2,REP,DENNIS 'NATE' CAIN,11
Wetzel,PRECINCT 12,U.S. House,2,REP,DENNIS 'NATE' CAIN,10
Wetzel,PRECINCT 15,U.S. House,2,REP,DENNIS 'NATE' CAIN,4
Wetzel,PRECINCT 16,U.S. House,2,REP,DENNIS 'NATE' CAIN,27
Wetzel,PRECINCT 18,U.S. House,2,REP,DENNIS 'NATE' CAIN,4
Wetzel,PRECINCT 21,U.S. House,2,REP,DENNIS 'NATE' CAIN,16
Wetzel,PRECINCT 27,U.S. House,2,REP,DENNIS 'NATE' CAIN,6
Wetzel,PRECINCT 29,U.S. House,2,REP,DENNIS 'NATE' CAIN,2
Wetzel,PRECINCT 33,U.S. House,2,REP,DENNIS 'NATE' CAIN,6
Wetzel,PRECINCT 36,U.S. House,2,REP,DENNIS 'NATE' CAIN,4
Wetzel,PRECINCT 38,U.S. House,2,REP,DENNIS 'NATE' CAIN,27
Wetzel,PRECINCT 39,U.S. House,2,REP,DENNIS 'NATE' CAIN,47
Wetzel,PRECINCT 40,U.S. House,2,REP,DENNIS 'NATE' CAIN,2
Wetzel,PRECINCT 42,U.S. House,2,REP,DENNIS 'NATE' CAIN,14
Wetzel,PRECINCT 43,U.S. House,2,REP,DENNIS 'NATE' CAIN,27
Wetzel,PRECINCT 44,U.S. House,2,REP,DENNIS 'NATE' CAIN,10
Wetzel,PRECINCT 45,U.S. House,2,REP,DENNIS 'NATE' CAIN,25
Wetzel,PRECINCT 48,U.S. House,2,REP,DENNIS 'NATE' CAIN,18
Wetzel,PRECINCT 50,U.S. House,2,REP,DENNIS 'NATE' CAIN,19
Wetzel,PRECINCT 4,U.S. House,2,REP,ALEXANDER GAASERUD,4
Wetzel,PRECINCT 10,U.S. House,2,REP,ALEXANDER GAASERUD,4
Wetzel,PRECINCT 11,U.S. House,2,REP,ALEXANDER GAASERUD,8
Wetzel,PRECINCT 12,U.S. House,2,REP,ALEXANDER GAASERUD,2
Wetzel,PRECINCT 15,U.S. House,2,REP,ALEXANDER GAASERUD,8
Wetzel,PRECINCT 16,U.S. House,2,REP,ALEXANDER GAASERUD,14
Wetzel,PRECINCT 18,U.S. House,2,REP,ALEXANDER GAASERUD,7
Wetzel,PRECINCT 21,U.S. House,2,REP,ALEXANDER GAASERUD,5
Wetzel,PRECINCT 27,U.S. House,2,REP,ALEXANDER GAASERUD,1
Wetzel,PRECINCT 29,U.S. House,2,REP,ALEXANDER GAASERUD,1
Wetzel,PRECINCT 33,U.S. House,2,REP,ALEXANDER GAASERUD,10
Wetzel,PRECINCT 36,U.S. House,2,REP,ALEXANDER GAASERUD,13
Wetzel,PRECINCT 38,U.S. House,2,REP,ALEXANDER GAASERUD,13
Wetzel,PRECINCT 39,U.S. House,2,REP,ALEXANDER GAASERUD,22
Wetzel,PRECINCT 40,U.S. House,2,REP,ALEXANDER GAASERUD,7
Wetzel,PRECINCT 42,U.S. House,2,REP,ALEXANDER GAASERUD,16
Wetzel,PRECINCT 43,U.S. House,2,REP,ALEXANDER GAASERUD,20
Wetzel,PRECINCT 44,U.S. House,2,REP,ALEXANDER GAASERUD,14
Wetzel,PRECINCT 45,U.S. House,2,REP,ALEXANDER GAASERUD,6
Wetzel,PRECINCT 48,U.S. House,2,REP,ALEXANDER GAASERUD,13
Wetzel,PRECINCT 50,U.S. House,2,REP,ALEXANDER GAASERUD,13
Wetzel,PRECINCT 4,U.S. House,2,REP,RILEY MOORE,16
Wetzel,PRECINCT 10,U.S. House,2,REP,RILEY MOORE,41
Wetzel,PRECINCT 11,U.S. House,2,REP,RILEY MOORE,22
Wetzel,PRECINCT 12,U.S. House,2,REP,RILEY MOORE,16
Wetzel,PRECINCT 15,U.S. House,2,REP,RILEY MOORE,23
Wetzel,PRECINCT 16,U.S. House,2,REP,RILEY MOORE,49
Wetzel,PRECINCT 18,U.S. House,2,REP,RILEY MOORE,9
Wetzel,PRECINCT 21,U.S. House,2,REP,RILEY MOORE,28
Wetzel,PRECINCT 27,U.S. House,2,REP,RILEY MOORE,8
Wetzel,PRECINCT 29,U.S. House,2,REP,RILEY MOORE,20
Wetzel,PRECINCT 33,U.S. House,2,REP,RILEY MOORE,30
Wetzel,PRECINCT 36,U.S. House,2,REP,RILEY MOORE,7
Wetzel,PRECINCT 38,U.S. House,2,REP,RILEY MOORE,22
Wetzel,PRECINCT 39,U.S. House,2,REP,RILEY MOORE,26
Wetzel,PRECINCT 40,U.S. House,2,REP,RILEY MOORE,14
Wetzel,PRECINCT 42,U.S. House,2,REP,RILEY MOORE,57
Wetzel,PRECINCT 43,U.S. House,2,REP,RILEY MOORE,68
Wetzel,PRECINCT 44,U.S. House,2,REP,RILEY MOORE,32
Wetzel,PRECINCT 45,U.S. House,2,REP,RILEY MOORE,26
Wetzel,PRECINCT 48,U.S. House,2,REP,RILEY MOORE,48
Wetzel,PRECINCT 50,U.S. House,2,REP,RILEY MOORE,49
Wetzel,PRECINCT 4,U.S. House,2,REP,CHRIS 'MOOKIE' WALKER,4
Wetzel,PRECINCT 10,U.S. House,2,REP,CHRIS 'MOOKIE' WALKER,11
Wetzel,PRECINCT 11,U.S. House,2,REP,CHRIS 'MOOKIE' WALKER,3
Wetzel,PRECINCT 12,U.S. House,2,REP,CHRIS 'MOOKIE' WALKER,7
Wetzel,PRECINCT 15,U.S. House,2,REP,CHRIS 'MOOKIE' WALKER,6
Wetzel,PRECINCT 16,U.S. House,2,REP,CHRIS 'MOOKIE' WALKER,10
Wetzel,PRECINCT 18,U.S. House,2,REP,CHRIS 'MOOKIE' WALKER,4
Wetzel,PRECINCT 21,U.S. House,2,REP,CHRIS 'MOOKIE' WALKER,10
Wetzel,PRECINCT 27,U.S. House,2,REP,CHRIS 'MOOKIE' WALKER,4
Wetzel,PRECINCT 29,U.S. House,2,REP,CHRIS 'MOOKIE' WALKER,11
Wetzel,PRECINCT 33,U.S. House,2,REP,CHRIS 'MOOKIE' WALKER,7
Wetzel,PRECINCT 36,U.S. House,2,REP,CHRIS 'MOOKIE' WALKER,2
Wetzel,PRECINCT 38,U.S. House,2,REP,CHRIS 'MOOKIE' WALKER,12
Wetzel,PRECINCT 39,U.S. House,2,REP,CHRIS 'MOOKIE' WALKER,12
Wetzel,PRECINCT 40,U.S. House,2,REP,CHRIS 'MOOKIE' WALKER,3
Wetzel,PRECINCT 42,U.S. House,2,REP,CHRIS 'MOOKIE' WALKER,6
Wetzel,PRECINCT 43,U.S. House,2,REP,CHRIS 'MOOKIE' WALKER,11
Wetzel,PRECINCT 44,U.S. House,2,REP,CHRIS 'MOOKIE' WALKER,11
Wetzel,PRECINCT 45,U.S. House,2,REP,CHRIS 'MOOKIE' WALKER,11
Wetzel,PRECINCT 48,U.S. House,2,REP,CHRIS 'MOOKIE' WALKER,10
Wetzel,PRECINCT 50,U.S. House,2,REP,CHRIS 'MOOKIE' WALKER,10
Wetzel,PRECINCT 4,U.S. House,2,DEM,STEVEN WENDELIN,33
Wetzel,PRECINCT 10,U.S. House,2,DEM,STEVEN WENDELIN,52
Wetzel,PRECINCT 11,U.S. House,2,DEM,STEVEN WENDELIN,22
Wetzel,PRECINCT 12,U.S. House,2,DEM,STEVEN WENDELIN,12
Wetzel,PRECINCT 15,U.S. House,2,DEM,STEVEN WENDELIN,23
Wetzel,PRECINCT 16,U.S. House,2,DEM,STEVEN WENDELIN,33
Wetzel,PRECINCT 18,U.S. House,2,DEM,STEVEN WENDELIN,17
Wetzel,PRECINCT 21,U.S. House,2,DEM,STEVEN WENDELIN,40
Wetzel,PRECINCT 27,U.S. House,2,DEM,STEVEN WENDELIN,9
Wetzel,PRECINCT 29,U.S. House,2,DEM,STEVEN WENDELIN,34
Wetzel,PRECINCT 33,U.S. House,2,DEM,STEVEN WENDELIN,48
Wetzel,PRECINCT 36,U.S. House,2,DEM,STEVEN WENDELIN,27
Wetzel,PRECINCT 38,U.S. House,2,DEM,STEVEN WENDELIN,42
Wetzel,PRECINCT 39,U.S. House,2,DEM,STEVEN WENDELIN,50
Wetzel,PRECINCT 40,U.S. House,2,DEM,STEVEN WENDELIN,18
Wetzel,PRECINCT 42,U.S. House,2,DEM,STEVEN WENDELIN,59
Wetzel,PRECINCT 43,U.S. House,2,DEM,STEVEN WENDELIN,71
Wetzel,PRECINCT 44,U.S. House,2,DEM,STEVEN WENDELIN,54
Wetzel,PRECINCT 45,U.S. House,2,DEM,STEVEN WENDELIN,43
Wetzel,PRECINCT 48,U.S. House,2,DEM,STEVEN WENDELIN,61
Wetzel,PRECINCT 50,U.S. House,2,DEM,STEVEN WENDELIN,63
Wetzel,PRECINCT 4,U.S. House,2,MTN,NO CANDIDATE FILED,0
Wetzel,PRECINCT 10,U.S. House,2,MTN,NO CANDIDATE FILED,0
Wetzel,PRECINCT 11,U.S. House,2,MTN,NO CANDIDATE FILED,0
Wetzel,PRECINCT 12,U.S. House,2,MTN,NO CANDIDATE FILED,0
Wetzel,PRECINCT 15,U.S. House,2,MTN,NO CANDIDATE FILED,0
Wetzel,PRECINCT 16,U.S. House,2,MTN,NO CANDIDATE FILED,0
Wetzel,PRECINCT 18,U.S. House,2,MTN,NO CANDIDATE FILED,0
Wetzel,PRECINCT 21,U.S. House,2,MTN,NO CANDIDATE FILED,0
Wetzel,PRECINCT 27,U.S. House,2,MTN,NO CANDIDATE FILED,0
Wetzel,PRECINCT 29,U.S. House,2,MTN,NO CANDIDATE FILED,0
Wetzel,PRECINCT 33,U.S. House,2,MTN,NO CANDIDATE FILED,0
Wetzel,PRECINCT 36,U.S. House,2,MTN,NO CANDIDATE FILED,0
Wetzel,PRECINCT 38,U.S. House,2,MTN,NO CANDIDATE FILED,0
Wetzel,PRECINCT 39,U.S. House,2,MTN,NO CANDIDATE FILED,0
Wetzel,PRECINCT 40,U.S. House,2,MTN,NO CANDIDATE FILED,0
Wetzel,PRECINCT 42,U.S. House,2,MTN,NO CANDIDATE FILED,0
Wetzel,PRECINCT 43,U.S. House,2,MTN,NO CANDIDATE FILED,0
Wetzel,PRECINCT 44,U.S. House,2,MTN,NO CANDIDATE FILED,0
Wetzel,PRECINCT 45,U.S. House,2,MTN,NO CANDIDATE FILED,0
Wetzel,PRECINCT 48,U.S. House,2,MTN,NO CANDIDATE FILED,0
Wetzel,PRECINCT 50,U.S. House,2,MTN,NO CANDIDATE FILED,0
Wetzel,PRECINCT 4,Governor,,REP,MOORE CAPITO,6
Wetzel,PRECINCT 10,Governor,,REP,MOORE CAPITO,22
Wetzel,PRECINCT 11,Governor,,REP,MOORE CAPITO,14
Wetzel,PRECINCT 12,Governor,,REP,MOORE CAPITO,5
Wetzel,PRECINCT 15,Governor,,REP,MOORE CAPITO,13
Wetzel,PRECINCT 16,Governor,,REP,MOORE CAPITO,35
Wetzel,PRECINCT 18,Governor,,REP,MOORE CAPITO,6
Wetzel,PRECINCT 21,Governor,,REP,MOORE CAPITO,27
Wetzel,PRECINCT 27,Governor,,REP,MOORE CAPITO,3
Wetzel,PRECINCT 29,Governor,,REP,MOORE CAPITO,17
Wetzel,PRECINCT 33,Governor,,REP,MOORE CAPITO,26
Wetzel,PRECINCT 36,Governor,,REP,MOORE CAPITO,7
Wetzel,PRECINCT 38,Governor,,REP,MOORE CAPITO,27
Wetzel,PRECINCT 39,Governor,,REP,MOORE CAPITO,45
Wetzel,PRECINCT 40,Governor,,REP,MOORE CAPITO,10
Wetzel,PRECINCT 42,Governor,,REP,MOORE CAPITO,52
Wetzel,PRECINCT 43,Governor,,REP,MOORE CAPITO,62
Wetzel,PRECINCT 44,Governor,,REP,MOORE CAPITO,33
Wetzel,PRECINCT 45,Governor,,REP,MOORE CAPITO,18
Wetzel,PRECINCT 48,Governor,,REP,MOORE CAPITO,43
Wetzel,PRECINCT 50,Governor,,REP,MOORE CAPITO,48
Wetzel,PRECINCT 4,Governor,,REP,MAC WARNER,5
Wetzel,PRECINCT 10,Governor,,REP,MAC WARNER,27
Wetzel,PRECINCT 11,Governor,,REP,MAC WARNER,13
Wetzel,PRECINCT 12,Governor,,REP,MAC WARNER,15
Wetzel,PRECINCT 15,Governor,,REP,MAC WARNER,14
Wetzel,PRECINCT 16,Governor,,REP,MAC WARNER,19
Wetzel,PRECINCT 18,Governor,,REP,MAC WARNER,2
Wetzel,PRECINCT 21,Governor,,REP,MAC WARNER,9
Wetzel,PRECINCT 27,Governor,,REP,MAC WARNER,2
Wetzel,PRECINCT 29,Governor,,REP,MAC WARNER,10
Wetzel,PRECINCT 33,Governor,,REP,MAC WARNER,20
Wetzel,PRECINCT 36,Governor,,REP,MAC WARNER,4
Wetzel,PRECINCT 38,Governor,,REP,MAC WARNER,15
Wetzel,PRECINCT 39,Governor,,REP,MAC WARNER,12
Wetzel,PRECINCT 40,Governor,,REP,MAC WARNER,1
Wetzel,PRECINCT 42,Governor,,REP,MAC WARNER,9
Wetzel,PRECINCT 43,Governor,,REP,MAC WARNER,23
Wetzel,PRECINCT 44,Governor,,REP,MAC WARNER,14
Wetzel,PRECINCT 45,Governor,,REP,MAC WARNER,18
Wetzel,PRECINCT 48,Governor,,REP,MAC WARNER,16
Wetzel,PRECINCT 50,Governor,,REP,MAC WARNER,16
Wetzel,PRECINCT 4,Governor,,REP,KEVIN 'KC' CHRISTIAN,1
Wetzel,PRECINCT 10,Governor,,REP,KEVIN 'KC' CHRISTIAN,1
Wetzel,PRECINCT 11,Governor,,REP,KEVIN 'KC' CHRISTIAN,0
Wetzel,PRECINCT 12,Governor,,REP,KEVIN 'KC' CHRISTIAN,2
Wetzel,PRECINCT 15,Governor,,REP,KEVIN 'KC' CHRISTIAN,0
Wetzel,PRECINCT 16,Governor,,REP,KEVIN 'KC' CHRISTIAN,1
Wetzel,PRECINCT 18,Governor,,REP,KEVIN 'KC' CHRISTIAN,0
Wetzel,PRECINCT 21,Governor,,REP,KEVIN 'KC' CHRISTIAN,5
Wetzel,PRECINCT 27,Governor,,REP,KEVIN 'KC' CHRISTIAN,2
Wetzel,PRECINCT 29,Governor,,REP,KEVIN 'KC' CHRISTIAN,0
Wetzel,PRECINCT 33,Governor,,REP,KEVIN 'KC' CHRISTIAN,0
Wetzel,PRECINCT 36,Governor,,REP,KEVIN 'KC' CHRISTIAN,1
Wetzel,PRECINCT 38,Governor,,REP,KEVIN 'KC' CHRISTIAN,5
Wetzel,PRECINCT 39,Governor,,REP,KEVIN 'KC' CHRISTIAN,2
Wetzel,PRECINCT 40,Governor,,REP,KEVIN 'KC' CHRISTIAN,0
Wetzel,PRECINCT 42,Governor,,REP,KEVIN 'KC' CHRISTIAN,3
Wetzel,PRECINCT 43,Governor,,REP,KEVIN 'KC' CHRISTIAN,1
Wetzel,PRECINCT 44,Governor,,REP,KEVIN 'KC' CHRISTIAN,1
Wetzel,PRECINCT 45,Governor,,REP,KEVIN 'KC' CHRISTIAN,1
Wetzel,PRECINCT 48,Governor,,REP,KEVIN 'KC' CHRISTIAN,3
Wetzel,PRECINCT 50,Governor,,REP,KEVIN 'KC' CHRISTIAN,0
Wetzel,PRECINCT 4,Governor,,REP,MITCH ROBERTS,0
Wetzel,PRECINCT 10,Governor,,REP,MITCH ROBERTS,4
Wetzel,PRECINCT 11,Governor,,REP,MITCH ROBERTS,0
Wetzel,PRECINCT 12,Governor,,REP,MITCH ROBERTS,2
Wetzel,PRECINCT 15,Governor,,REP,MITCH ROBERTS,0
Wetzel,PRECINCT 16,Governor,,REP,MITCH ROBERTS,1
Wetzel,PRECINCT 18,Governor,,REP,MITCH ROBERTS,2
Wetzel,PRECINCT 21,Governor,,REP,MITCH ROBERTS,1
Wetzel,PRECINCT 27,Governor,,REP,MITCH ROBERTS,1
Wetzel,PRECINCT 29,Governor,,REP,MITCH ROBERTS,0
Wetzel,PRECINCT 33,Governor,,REP,MITCH ROBERTS,0
Wetzel,PRECINCT 36,Governor,,REP,MITCH ROBERTS,1
Wetzel,PRECINCT 38,Governor,,REP,MITCH ROBERTS,2
Wetzel,PRECINCT 39,Governor,,REP,MITCH ROBERTS,0
Wetzel,PRECINCT 40,Governor,,REP,MITCH ROBERTS,1
Wetzel,PRECINCT 42,Governor,,REP,MITCH ROBERTS,0
Wetzel,PRECINCT 43,Governor,,REP,MITCH ROBERTS,2
Wetzel,PRECINCT 44,Governor,,REP,MITCH ROBERTS,1
Wetzel,PRECINCT 45,Governor,,REP,MITCH ROBERTS,4
Wetzel,PRECINCT 48,Governor,,REP,MITCH ROBERTS,2
Wetzel,PRECINCT 50,Governor,,REP,MITCH ROBERTS,2
Wetzel,PRECINCT 4,Governor,,REP,PATRICK MORRISEY,15
Wetzel,PRECINCT 10,Governor,,REP,PATRICK MORRISEY,39
Wetzel,PRECINCT 11,Governor,,REP,PATRICK MORRISEY,16
Wetzel,PRECINCT 12,Governor,,REP,PATRICK MORRISEY,10
Wetzel,PRECINCT 15,Governor,,REP,PATRICK MORRISEY,17
Wetzel,PRECINCT 16,Governor,,REP,PATRICK MORRISEY,78
Wetzel,PRECINCT 18,Governor,,REP,PATRICK MORRISEY,18
Wetzel,PRECINCT 21,Governor,,REP,PATRICK MORRISEY,45
Wetzel,PRECINCT 27,Governor,,REP,PATRICK MORRISEY,14
Wetzel,PRECINCT 29,Governor,,REP,PATRICK MORRISEY,29
Wetzel,PRECINCT 33,Governor,,REP,PATRICK MORRISEY,21
Wetzel,PRECINCT 36,Governor,,REP,PATRICK MORRISEY,15
Wetzel,PRECINCT 38,Governor,,REP,PATRICK MORRISEY,22
Wetzel,PRECINCT 39,Governor,,REP,PATRICK MORRISEY,43
Wetzel,PRECINCT 40,Governor,,REP,PATRICK MORRISEY,14
Wetzel,PRECINCT 42,Governor,,REP,PATRICK MORRISEY,39
Wetzel,PRECINCT 43,Governor,,REP,PATRICK MORRISEY,61
Wetzel,PRECINCT 44,Governor,,REP,PATRICK MORRISEY,31
Wetzel,PRECINCT 45,Governor,,REP,PATRICK MORRISEY,24
Wetzel,PRECINCT 48,Governor,,REP,PATRICK MORRISEY,35
Wetzel,PRECINCT 50,Governor,,REP,PATRICK MORRISEY,39
Wetzel,PRECINCT 4,Governor,,REP,CHRIS MILLER,8
Wetzel,PRECINCT 10,Governor,,REP,CHRIS MILLER,30
Wetzel,PRECINCT 11,Governor,,REP,CHRIS MILLER,13
Wetzel,PRECINCT 12,Governor,,REP,CHRIS MILLER,9
Wetzel,PRECINCT 15,Governor,,REP,CHRIS MILLER,10
Wetzel,PRECINCT 16,Governor,,REP,CHRIS MILLER,20
Wetzel,PRECINCT 18,Governor,,REP,CHRIS MILLER,8
Wetzel,PRECINCT 21,Governor,,REP,CHRIS MILLER,16
Wetzel,PRECINCT 27,Governor,,REP,CHRIS MILLER,7
Wetzel,PRECINCT 29,Governor,,REP,CHRIS MILLER,10
Wetzel,PRECINCT 33,Governor,,REP,CHRIS MILLER,8
Wetzel,PRECINCT 36,Governor,,REP,CHRIS MILLER,4
Wetzel,PRECINCT 38,Governor,,REP,CHRIS MILLER,14
Wetzel,PRECINCT 39,Governor,,REP,CHRIS MILLER,28
Wetzel,PRECINCT 40,Governor,,REP,CHRIS MILLER,6
Wetzel,PRECINCT 42,Governor,,REP,CHRIS MILLER,10
Wetzel,PRECINCT 43,Governor,,REP,CHRIS MILLER,18
Wetzel,PRECINCT 44,Governor,,REP,CHRIS MILLER,12
Wetzel,PRECINCT 45,Governor,,REP,CHRIS MILLER,16
Wetzel,PRECINCT 48,Governor,,REP,CHRIS MILLER,11
Wetzel,PRECINCT 50,Governor,,REP,CHRIS MILLER,11
Wetzel,PRECINCT 4,Governor,,DEM,STEVE WILLIAMS,40
Wetzel,PRECINCT 10,Governor,,DEM,STEVE WILLIAMS,51
Wetzel,PRECINCT 11,Governor,,DEM,STEVE WILLIAMS,22
Wetzel,PRECINCT 12,Governor,,DEM,STEVE WILLIAMS,14
Wetzel,PRECINCT 15,Governor,,DEM,STEVE WILLIAMS,23
Wetzel,PRECINCT 16,Governor,,DEM,STEVE WILLIAMS,38
Wetzel,PRECINCT 18,Governor,,DEM,STEVE WILLIAMS,17
Wetzel,PRECINCT 21,Governor,,DEM,STEVE WILLIAMS,44
Wetzel,PRECINCT 27,Governor,,DEM,STEVE WILLIAMS,14
Wetzel,PRECINCT 29,Governor,,DEM,STEVE WILLIAMS,39
Wetzel,PRECINCT 33,Governor,,DEM,STEVE WILLIAMS,59
Wetzel,PRECINCT 36,Governor,,DEM,STEVE WILLIAMS,31
Wetzel,PRECINCT 38,Governor,,DEM,STEVE WILLIAMS,47
Wetzel,PRECINCT 39,Governor,,DEM,STEVE WILLIAMS,52
Wetzel,PRECINCT 40,Governor,,DEM,STEVE WILLIAMS,18
Wetzel,PRECINCT 42,Governor,,DEM,STEVE WILLIAMS,61
Wetzel,PRECINCT 43,Governor,,DEM,STEVE WILLIAMS,85
Wetzel,PRECINCT 44,Governor,,DEM,STEVE WILLIAMS,53
Wetzel,PRECINCT 45,Governor,,DEM,STEVE WILLIAMS,45
Wetzel,PRECINCT 48,Governor,,DEM,STEVE WILLIAMS,61
Wetzel,PRECINCT 50,Governor,,DEM,STEVE WILLIAMS,71
Wetzel,PRECINCT 4,Governor,,MTN,CHASE LINKO-LOOPER,1
Wetzel,PRECINCT 10,Governor,,MTN,CHASE LINKO-LOOPER,0
Wetzel,PRECINCT 11,Governor,,MTN,CHASE LINKO-LOOPER,0
Wetzel,PRECINCT 12,Governor,,MTN,CHASE LINKO-LOOPER,0
Wetzel,PRECINCT 15,Governor,,MTN,CHASE LINKO-LOOPER,0
Wetzel,PRECINCT 16,Governor,,MTN,CHASE LINKO-LOOPER,0
Wetzel,PRECINCT 18,Governor,,MTN,CHASE LINKO-LOOPER,0
Wetzel,PRECINCT 21,Governor,,MTN,CHASE LINKO-LOOPER,0
Wetzel,PRECINCT 27,Governor,,MTN,CHASE LINKO-LOOPER,0
Wetzel,PRECINCT 29,Governor,,MTN,CHASE LINKO-LOOPER,0
Wetzel,PRECINCT 33,Governor,,MTN,CHASE LINKO-LOOPER,2
Wetzel,PRECINCT 36,Governor,,MTN,CHASE LINKO-LOOPER,0
Wetzel,PRECINCT 38,Governor,,MTN,CHASE LINKO-LOOPER,0
Wetzel,PRECINCT 39,Governor,,MTN,CHASE LINKO-LOOPER,1
Wetzel,PRECINCT 40,Governor,,MTN,CHASE LINKO-LOOPER,0
Wetzel,PRECINCT 42,Governor,,MTN,CHASE LINKO-LOOPER,1
Wetzel,PRECINCT 43,Governor,,MTN,CHASE LINKO-LOOPER,1
Wetzel,PRECINCT 44,Governor,,MTN,CHASE LINKO-LOOPER,0
Wetzel,PRECINCT 45,Governor,,MTN,CHASE LINKO-LOOPER,0
Wetzel,PRECINCT 48,Governor,,MTN,CHASE LINKO-LOOPER,1
Wetzel,PRECINCT 50,Governor,,MTN,CHASE LINKO-LOOPER,0
Wetzel,PRECINCT 4,Secretary of State,,REP,DOUG  SKAFF JR.,9
Wetzel,PRECINCT 10,Secretary of State,,REP,DOUG  SKAFF JR.,17
Wetzel,PRECINCT 11,Secretary of State,,REP,DOUG  SKAFF JR.,7
Wetzel,PRECINCT 12,Secretary of State,,REP,DOUG  SKAFF JR.,3
Wetzel,PRECINCT 15,Secretary of State,,REP,DOUG  SKAFF JR.,11
Wetzel,PRECINCT 16,Secretary of State,,REP,DOUG  SKAFF JR.,21
Wetzel,PRECINCT 18,Secretary of State,,REP,DOUG  SKAFF JR.,8
Wetzel,PRECINCT 21,Secretary of State,,REP,DOUG  SKAFF JR.,26
Wetzel,PRECINCT 27,Secretary of State,,REP,DOUG  SKAFF JR.,3
Wetzel,PRECINCT 29,Secretary of State,,REP,DOUG  SKAFF JR.,10
Wetzel,PRECINCT 33,Secretary of State,,REP,DOUG  SKAFF JR.,21
Wetzel,PRECINCT 36,Secretary of State,,REP,DOUG  SKAFF JR.,5
Wetzel,PRECINCT 38,Secretary of State,,REP,DOUG  SKAFF JR.,16
Wetzel,PRECINCT 39,Secretary of State,,REP,DOUG  SKAFF JR.,21
Wetzel,PRECINCT 40,Secretary of State,,REP,DOUG  SKAFF JR.,5
Wetzel,PRECINCT 42,Secretary of State,,REP,DOUG  SKAFF JR.,30
Wetzel,PRECINCT 43,Secretary of State,,REP,DOUG  SKAFF JR.,27
Wetzel,PRECINCT 44,Secretary of State,,REP,DOUG  SKAFF JR.,18
Wetzel,PRECINCT 45,Secretary of State,,REP,DOUG  SKAFF JR.,17
Wetzel,PRECINCT 48,Secretary of State,,REP,DOUG  SKAFF JR.,29
Wetzel,PRECINCT 50,Secretary of State,,REP,DOUG  SKAFF JR.,20
Wetzel,PRECINCT 4,Secretary of State,,REP,KEN REED,4
Wetzel,PRECINCT 10,Secretary of State,,REP,KEN REED,11
Wetzel,PRECINCT 11,Secretary of State,,REP,KEN REED,5
Wetzel,PRECINCT 12,Secretary of State,,REP,KEN REED,2
Wetzel,PRECINCT 15,Secretary of State,,REP,KEN REED,9
Wetzel,PRECINCT 16,Secretary of State,,REP,KEN REED,21
Wetzel,PRECINCT 18,Secretary of State,,REP,KEN REED,4
Wetzel,PRECINCT 21,Secretary of State,,REP,KEN REED,21
Wetzel,PRECINCT 27,Secretary of State,,REP,KEN REED,5
Wetzel,PRECINCT 29,Secretary of State,,REP,KEN REED,11
Wetzel,PRECINCT 33,Secretary of State,,REP,KEN REED,9
Wetzel,PRECINCT 36,Secretary of State,,REP,KEN REED,3
Wetzel,PRECINCT 38,Secretary of State,,REP,KEN REED,10
Wetzel,PRECINCT 39,Secretary of State,,REP,KEN REED,30
Wetzel,PRECINCT 40,Secretary of State,,REP,KEN REED,5
Wetzel,PRECINCT 42,Secretary of State,,REP,KEN REED,19
Wetzel,PRECINCT 43,Secretary of State,,REP,KEN REED,35
Wetzel,PRECINCT 44,Secretary of State,,REP,KEN REED,21
Wetzel,PRECINCT 45,Secretary of State,,REP,KEN REED,12
Wetzel,PRECINCT 48,Secretary of State,,REP,KEN REED,18
Wetzel,PRECINCT 50,Secretary of State,,REP,KEN REED,27
Wetzel,PRECINCT 4,Secretary of State,,REP,KRIS WARNER,13
Wetzel,PRECINCT 10,Secretary of State,,REP,KRIS WARNER,57
Wetzel,PRECINCT 11,Secretary of State,,REP,KRIS WARNER,27
Wetzel,PRECINCT 12,Secretary of State,,REP,KRIS WARNER,23
Wetzel,PRECINCT 15,Secretary of State,,REP,KRIS WARNER,22
Wetzel,PRECINCT 16,Secretary of State,,REP,KRIS WARNER,68
Wetzel,PRECINCT 18,Secretary of State,,REP,KRIS WARNER,10
Wetzel,PRECINCT 21,Secretary of State,,REP,KRIS WARNER,35
Wetzel,PRECINCT 27,Secretary of State,,REP,KRIS WARNER,12
Wetzel,PRECINCT 29,Secretary of State,,REP,KRIS WARNER,23
Wetzel,PRECINCT 33,Secretary of State,,REP,KRIS WARNER,34
Wetzel,PRECINCT 36,Secretary of State,,REP,KRIS WARNER,16
Wetzel,PRECINCT 38,Secretary of State,,REP,KRIS WARNER,44
Wetzel,PRECINCT 39,Secretary of State,,REP,KRIS WARNER,56
Wetzel,PRECINCT 40,Secretary of State,,REP,KRIS WARNER,16
Wetzel,PRECINCT 42,Secretary of State,,REP,KRIS WARNER,47
Wetzel,PRECINCT 43,Secretary of State,,REP,KRIS WARNER,73
Wetzel,PRECINCT 44,Secretary of State,,REP,KRIS WARNER,40
Wetzel,PRECINCT 45,Secretary of State,,REP,KRIS WARNER,31
Wetzel,PRECINCT 48,Secretary of State,,REP,KRIS WARNER,40
Wetzel,PRECINCT 50,Secretary of State,,REP,KRIS WARNER,48
Wetzel,PRECINCT 4,Secretary of State,,REP,BRIAN WOOD,4
Wetzel,PRECINCT 10,Secretary of State,,REP,BRIAN WOOD,12
Wetzel,PRECINCT 11,Secretary of State,,REP,BRIAN WOOD,8
Wetzel,PRECINCT 12,Secretary of State,,REP,BRIAN WOOD,11
Wetzel,PRECINCT 15,Secretary of State,,REP,BRIAN WOOD,6
Wetzel,PRECINCT 16,Secretary of State,,REP,BRIAN WOOD,21
Wetzel,PRECINCT 18,Secretary of State,,REP,BRIAN WOOD,6
Wetzel,PRECINCT 21,Secretary of State,,REP,BRIAN WOOD,6
Wetzel,PRECINCT 27,Secretary of State,,REP,BRIAN WOOD,6
Wetzel,PRECINCT 29,Secretary of State,,REP,BRIAN WOOD,10
Wetzel,PRECINCT 33,Secretary of State,,REP,BRIAN WOOD,2
Wetzel,PRECINCT 36,Secretary of State,,REP,BRIAN WOOD,5
Wetzel,PRECINCT 38,Secretary of State,,REP,BRIAN WOOD,12
Wetzel,PRECINCT 39,Secretary of State,,REP,BRIAN WOOD,10
Wetzel,PRECINCT 40,Secretary of State,,REP,BRIAN WOOD,3
Wetzel,PRECINCT 42,Secretary of State,,REP,BRIAN WOOD,5
Wetzel,PRECINCT 43,Secretary of State,,REP,BRIAN WOOD,17
Wetzel,PRECINCT 44,Secretary of State,,REP,BRIAN WOOD,6
Wetzel,PRECINCT 45,Secretary of State,,REP,BRIAN WOOD,13
Wetzel,PRECINCT 48,Secretary of State,,REP,BRIAN WOOD,7
Wetzel,PRECINCT 50,Secretary of State,,REP,BRIAN WOOD,7
Wetzel,PRECINCT 4,Secretary of State,,DEM,THORNTON COOPER,36
Wetzel,PRECINCT 10,Secretary of State,,DEM,THORNTON COOPER,43
Wetzel,PRECINCT 11,Secretary of State,,DEM,THORNTON COOPER,22
Wetzel,PRECINCT 12,Secretary of State,,DEM,THORNTON COOPER,14
Wetzel,PRECINCT 15,Secretary of State,,DEM,THORNTON COOPER,22
Wetzel,PRECINCT 16,Secretary of State,,DEM,THORNTON COOPER,36
Wetzel,PRECINCT 18,Secretary of State,,DEM,THORNTON COOPER,17
Wetzel,PRECINCT 21,Secretary of State,,DEM,THORNTON COOPER,40
Wetzel,PRECINCT 27,Secretary of State,,DEM,THORNTON COOPER,12
Wetzel,PRECINCT 29,Secretary of State,,DEM,THORNTON COOPER,35
Wetzel,PRECINCT 33,Secretary of State,,DEM,THORNTON COOPER,57
Wetzel,PRECINCT 36,Secretary of State,,DEM,THORNTON COOPER,27
Wetzel,PRECINCT 38,Secretary of State,,DEM,THORNTON COOPER,44
Wetzel,PRECINCT 39,Secretary of State,,DEM,THORNTON COOPER,47
Wetzel,PRECINCT 40,Secretary of State,,DEM,THORNTON COOPER,16
Wetzel,PRECINCT 42,Secretary of State,,DEM,THORNTON COOPER,59
Wetzel,PRECINCT 43,Secretary of State,,DEM,THORNTON COOPER,77
Wetzel,PRECINCT 44,Secretary of State,,DEM,THORNTON COOPER,53
Wetzel,PRECINCT 45,Secretary of State,,DEM,THORNTON COOPER,43
Wetzel,PRECINCT 48,Secretary of State,,DEM,THORNTON COOPER,53
Wetzel,PRECINCT 50,Secretary of State,,DEM,THORNTON COOPER,66
Wetzel,PRECINCT 4,Secretary of State,,MTN,NO CANDIDATE FILED,0
Wetzel,PRECINCT 10,Secretary of State,,MTN,NO CANDIDATE FILED,0
Wetzel,PRECINCT 11,Secretary of State,,MTN,NO CANDIDATE FILED,0
Wetzel,PRECINCT 12,Secretary of State,,MTN,NO CANDIDATE FILED,0
Wetzel,PRECINCT 15,Secretary of State,,MTN,NO CANDIDATE FILED,0
Wetzel,PRECINCT 16,Secretary of State,,MTN,NO CANDIDATE FILED,0
Wetzel,PRECINCT 18,Secretary of State,,MTN,NO CANDIDATE FILED,0
Wetzel,PRECINCT 21,Secretary of State,,MTN,NO CANDIDATE FILED,0
Wetzel,PRECINCT 27,Secretary of State,,MTN,NO CANDIDATE FILED,0
Wetzel,PRECINCT 29,Secretary of State,,MTN,NO CANDIDATE FILED,0
Wetzel,PRECINCT 33,Secretary of State,,MTN,NO CANDIDATE FILED,0
Wetzel,PRECINCT 36,Secretary of State,,MTN,NO CANDIDATE FILED,0
Wetzel,PRECINCT 38,Secretary of State,,MTN,NO CANDIDATE FILED,0
Wetzel,PRECINCT 39,Secretary of State,,MTN,NO CANDIDATE FILED,0
Wetzel,PRECINCT 40,Secretary of State,,MTN,NO CANDIDATE FILED,0
Wetzel,PRECINCT 42,Secretary of State,,MTN,NO CANDIDATE FILED,0
Wetzel,PRECINCT 43,Secretary of State,,MTN,NO CANDIDATE FILED,0
Wetzel,PRECINCT 44,Secretary of State,,MTN,NO CANDIDATE FILED,0
Wetzel,PRECINCT 45,Secretary of State,,MTN,NO CANDIDATE FILED,0
Wetzel,PRECINCT 48,Secretary of State,,MTN,NO CANDIDATE FILED,0
Wetzel,PRECINCT 50,Secretary of State,,MTN,NO CANDIDATE FILED,0
Wetzel,PRECINCT 4,Auditor,,REP,TRICIA  JACKSON,13
Wetzel,PRECINCT 10,Auditor,,REP,TRICIA  JACKSON,34
Wetzel,PRECINCT 11,Auditor,,REP,TRICIA  JACKSON,13
Wetzel,PRECINCT 12,Auditor,,REP,TRICIA  JACKSON,6
Wetzel,PRECINCT 15,Auditor,,REP,TRICIA  JACKSON,12
Wetzel,PRECINCT 16,Auditor,,REP,TRICIA  JACKSON,58
Wetzel,PRECINCT 18,Auditor,,REP,TRICIA  JACKSON,5
Wetzel,PRECINCT 21,Auditor,,REP,TRICIA  JACKSON,31
Wetzel,PRECINCT 27,Auditor,,REP,TRICIA  JACKSON,6
Wetzel,PRECINCT 29,Auditor,,REP,TRICIA  JACKSON,16
Wetzel,PRECINCT 33,Auditor,,REP,TRICIA  JACKSON,14
Wetzel,PRECINCT 36,Auditor,,REP,TRICIA  JACKSON,5
Wetzel,PRECINCT 38,Auditor,,REP,TRICIA  JACKSON,24
Wetzel,PRECINCT 39,Auditor,,REP,TRICIA  JACKSON,33
Wetzel,PRECINCT 40,Auditor,,REP,TRICIA  JACKSON,10
Wetzel,PRECINCT 42,Auditor,,REP,TRICIA  JACKSON,25
Wetzel,PRECINCT 43,Auditor,,REP,TRICIA  JACKSON,39
Wetzel,PRECINCT 44,Auditor,,REP,TRICIA  JACKSON,19
Wetzel,PRECINCT 45,Auditor,,REP,TRICIA  JACKSON,17
Wetzel,PRECINCT 48,Auditor,,REP,TRICIA  JACKSON,20
Wetzel,PRECINCT 50,Auditor,,REP,TRICIA  JACKSON,36
Wetzel,PRECINCT 4,Auditor,,REP,CALEB L.  HANNA,5
Wetzel,PRECINCT 10,Auditor,,REP,CALEB L.  HANNA,12
Wetzel,PRECINCT 11,Auditor,,REP,CALEB L.  HANNA,3
Wetzel,PRECINCT 12,Auditor,,REP,CALEB L.  HANNA,1
Wetzel,PRECINCT 15,Auditor,,REP,CALEB L.  HANNA,8
Wetzel,PRECINCT 16,Auditor,,REP,CALEB L.  HANNA,11
Wetzel,PRECINCT 18,Auditor,,REP,CALEB L.  HANNA,3
Wetzel,PRECINCT 21,Auditor,,REP,CALEB L.  HANNA,12
Wetzel,PRECINCT 27,Auditor,,REP,CALEB L.  HANNA,4
Wetzel,PRECINCT 29,Auditor,,REP,CALEB L.  HANNA,6
Wetzel,PRECINCT 33,Auditor,,REP,CALEB L.  HANNA,14
Wetzel,PRECINCT 36,Auditor,,REP,CALEB L.  HANNA,7
Wetzel,PRECINCT 38,Auditor,,REP,CALEB L.  HANNA,8
Wetzel,PRECINCT 39,Auditor,,REP,CALEB L.  HANNA,12
Wetzel,PRECINCT 40,Auditor,,REP,CALEB L.  HANNA,5
Wetzel,PRECINCT 42,Auditor,,REP,CALEB L.  HANNA,17
Wetzel,PRECINCT 43,Auditor,,REP,CALEB L.  HANNA,17
Wetzel,PRECINCT 44,Auditor,,REP,CALEB L.  HANNA,6
Wetzel,PRECINCT 45,Auditor,,REP,CALEB L.  HANNA,13
Wetzel,PRECINCT 48,Auditor,,REP,CALEB L.  HANNA,16
Wetzel,PRECINCT 50,Auditor,,REP,CALEB L.  HANNA,11
Wetzel,PRECINCT 4,Auditor,,REP,MARK HUNT,8
Wetzel,PRECINCT 10,Auditor,,REP,MARK HUNT,15
Wetzel,PRECINCT 11,Auditor,,REP,MARK HUNT,12
Wetzel,PRECINCT 12,Auditor,,REP,MARK HUNT,15
Wetzel,PRECINCT 15,Auditor,,REP,MARK HUNT,13
Wetzel,PRECINCT 16,Auditor,,REP,MARK HUNT,29
Wetzel,PRECINCT 18,Auditor,,REP,MARK HUNT,13
Wetzel,PRECINCT 21,Auditor,,REP,MARK HUNT,25
Wetzel,PRECINCT 27,Auditor,,REP,MARK HUNT,9
Wetzel,PRECINCT 29,Auditor,,REP,MARK HUNT,15
Wetzel,PRECINCT 33,Auditor,,REP,MARK HUNT,20
Wetzel,PRECINCT 36,Auditor,,REP,MARK HUNT,9
Wetzel,PRECINCT 38,Auditor,,REP,MARK HUNT,21
Wetzel,PRECINCT 39,Auditor,,REP,MARK HUNT,36
Wetzel,PRECINCT 40,Auditor,,REP,MARK HUNT,5
Wetzel,PRECINCT 42,Auditor,,REP,MARK HUNT,31
Wetzel,PRECINCT 43,Auditor,,REP,MARK HUNT,46
Wetzel,PRECINCT 44,Auditor,,REP,MARK HUNT,24
Wetzel,PRECINCT 45,Auditor,,REP,MARK HUNT,22
Wetzel,PRECINCT 48,Auditor,,REP,MARK HUNT,27
Wetzel,PRECINCT 50,Auditor,,REP,MARK HUNT,16
Wetzel,PRECINCT 4,Auditor,,REP,ERIC L. HOUSEHOLDER,5
Wetzel,PRECINCT 10,Auditor,,REP,ERIC L. HOUSEHOLDER,34
Wetzel,PRECINCT 11,Auditor,,REP,ERIC L. HOUSEHOLDER,14
Wetzel,PRECINCT 12,Auditor,,REP,ERIC L. HOUSEHOLDER,16
Wetzel,PRECINCT 15,Auditor,,REP,ERIC L. HOUSEHOLDER,14
Wetzel,PRECINCT 16,Auditor,,REP,ERIC L. HOUSEHOLDER,21
Wetzel,PRECINCT 18,Auditor,,REP,ERIC L. HOUSEHOLDER,6
Wetzel,PRECINCT 21,Auditor,,REP,ERIC L. HOUSEHOLDER,14
Wetzel,PRECINCT 27,Auditor,,REP,ERIC L. HOUSEHOLDER,5
Wetzel,PRECINCT 29,Auditor,,REP,ERIC L. HOUSEHOLDER,16
Wetzel,PRECINCT 33,Auditor,,REP,ERIC L. HOUSEHOLDER,17
Wetzel,PRECINCT 36,Auditor,,REP,ERIC L. HOUSEHOLDER,5
Wetzel,PRECINCT 38,Auditor,,REP,ERIC L. HOUSEHOLDER,22
Wetzel,PRECINCT 39,Auditor,,REP,ERIC L. HOUSEHOLDER,28
Wetzel,PRECINCT 40,Auditor,,REP,ERIC L. HOUSEHOLDER,6
Wetzel,PRECINCT 42,Auditor,,REP,ERIC L. HOUSEHOLDER,14
Wetzel,PRECINCT 43,Auditor,,REP,ERIC L. HOUSEHOLDER,34
Wetzel,PRECINCT 44,Auditor,,REP,ERIC L. HOUSEHOLDER,27
Wetzel,PRECINCT 45,Auditor,,REP,ERIC L. HOUSEHOLDER,23
Wetzel,PRECINCT 48,Auditor,,REP,ERIC L. HOUSEHOLDER,28
Wetzel,PRECINCT 50,Auditor,,REP,ERIC L. HOUSEHOLDER,30
Wetzel,PRECINCT 4,Auditor,,DEM,MARY ANN ROEBUCK CLAYTOR,39
Wetzel,PRECINCT 10,Auditor,,DEM,MARY ANN ROEBUCK CLAYTOR,49
Wetzel,PRECINCT 11,Auditor,,DEM,MARY ANN ROEBUCK CLAYTOR,21
Wetzel,PRECINCT 12,Auditor,,DEM,MARY ANN ROEBUCK CLAYTOR,14
Wetzel,PRECINCT 15,Auditor,,DEM,MARY ANN ROEBUCK CLAYTOR,26
Wetzel,PRECINCT 16,Auditor,,DEM,MARY ANN ROEBUCK CLAYTOR,35
Wetzel,PRECINCT 18,Auditor,,DEM,MARY ANN ROEBUCK CLAYTOR,18
Wetzel,PRECINCT 21,Auditor,,DEM,MARY ANN ROEBUCK CLAYTOR,43
Wetzel,PRECINCT 27,Auditor,,DEM,MARY ANN ROEBUCK CLAYTOR,10
Wetzel,PRECINCT 29,Auditor,,DEM,MARY ANN ROEBUCK CLAYTOR,38
Wetzel,PRECINCT 33,Auditor,,DEM,MARY ANN ROEBUCK CLAYTOR,56
Wetzel,PRECINCT 36,Auditor,,DEM,MARY ANN ROEBUCK CLAYTOR,29
Wetzel,PRECINCT 38,Auditor,,DEM,MARY ANN ROEBUCK CLAYTOR,45
Wetzel,PRECINCT 39,Auditor,,DEM,MARY ANN ROEBUCK CLAYTOR,51
Wetzel,PRECINCT 40,Auditor,,DEM,MARY ANN ROEBUCK CLAYTOR,16
Wetzel,PRECINCT 42,Auditor,,DEM,MARY ANN ROEBUCK CLAYTOR,63
Wetzel,PRECINCT 43,Auditor,,DEM,MARY ANN ROEBUCK CLAYTOR,80
Wetzel,PRECINCT 44,Auditor,,DEM,MARY ANN ROEBUCK CLAYTOR,53
Wetzel,PRECINCT 45,Auditor,,DEM,MARY ANN ROEBUCK CLAYTOR,46
Wetzel,PRECINCT 48,Auditor,,DEM,MARY ANN ROEBUCK CLAYTOR,58
Wetzel,PRECINCT 50,Auditor,,DEM,MARY ANN ROEBUCK CLAYTOR,66
Wetzel,PRECINCT 4,Auditor,,MTN,NO CANDIDATE FILED,0
Wetzel,PRECINCT 10,Auditor,,MTN,NO CANDIDATE FILED,0
Wetzel,PRECINCT 11,Auditor,,MTN,NO CANDIDATE FILED,0
Wetzel,PRECINCT 12,Auditor,,MTN,NO CANDIDATE FILED,0
Wetzel,PRECINCT 15,Auditor,,MTN,NO CANDIDATE FILED,0
Wetzel,PRECINCT 16,Auditor,,MTN,NO CANDIDATE FILED,0
Wetzel,PRECINCT 18,Auditor,,MTN,NO CANDIDATE FILED,0
Wetzel,PRECINCT 21,Auditor,,MTN,NO CANDIDATE FILED,0
Wetzel,PRECINCT 27,Auditor,,MTN,NO CANDIDATE FILED,0
Wetzel,PRECINCT 29,Auditor,,MTN,NO CANDIDATE FILED,0
Wetzel,PRECINCT 33,Auditor,,MTN,NO CANDIDATE FILED,0
Wetzel,PRECINCT 36,Auditor,,MTN,NO CANDIDATE FILED,0
Wetzel,PRECINCT 38,Auditor,,MTN,NO CANDIDATE FILED,0
Wetzel,PRECINCT 39,Auditor,,MTN,NO CANDIDATE FILED,0
Wetzel,PRECINCT 40,Auditor,,MTN,NO CANDIDATE FILED,0
Wetzel,PRECINCT 42,Auditor,,MTN,NO CANDIDATE FILED,0
Wetzel,PRECINCT 43,Auditor,,MTN,NO CANDIDATE FILED,0
Wetzel,PRECINCT 44,Auditor,,MTN,NO CANDIDATE FILED,0
Wetzel,PRECINCT 45,Auditor,,MTN,NO CANDIDATE FILED,0
Wetzel,PRECINCT 48,Auditor,,MTN,NO CANDIDATE FILED,0
Wetzel,PRECINCT 50,Auditor,,MTN,NO CANDIDATE FILED,0
Wetzel,PRECINCT 4,State Treasurer,,REP,LARRY PACK,27
Wetzel,PRECINCT 10,State Treasurer,,REP,LARRY PACK,82
Wetzel,PRECINCT 11,State Treasurer,,REP,LARRY PACK,37
Wetzel,PRECINCT 12,State Treasurer,,REP,LARRY PACK,32
Wetzel,PRECINCT 15,State Treasurer,,REP,LARRY PACK,37
Wetzel,PRECINCT 16,State Treasurer,,REP,LARRY PACK,106
Wetzel,PRECINCT 18,State Treasurer,,REP,LARRY PACK,24
Wetzel,PRECINCT 21,State Treasurer,,REP,LARRY PACK,76
Wetzel,PRECINCT 27,State Treasurer,,REP,LARRY PACK,19
Wetzel,PRECINCT 29,State Treasurer,,REP,LARRY PACK,50
Wetzel,PRECINCT 33,State Treasurer,,REP,LARRY PACK,61
Wetzel,PRECINCT 36,State Treasurer,,REP,LARRY PACK,21
Wetzel,PRECINCT 38,State Treasurer,,REP,LARRY PACK,68
Wetzel,PRECINCT 39,State Treasurer,,REP,LARRY PACK,101
Wetzel,PRECINCT 40,State Treasurer,,REP,LARRY PACK,20
Wetzel,PRECINCT 42,State Treasurer,,REP,LARRY PACK,81
Wetzel,PRECINCT 43,State Treasurer,,REP,LARRY PACK,120
Wetzel,PRECINCT 44,State Treasurer,,REP,LARRY PACK,62
Wetzel,PRECINCT 45,State Treasurer,,REP,LARRY PACK,64
Wetzel,PRECINCT 48,State Treasurer,,REP,LARRY PACK,83
Wetzel,PRECINCT 50,State Treasurer,,REP,LARRY PACK,82
Wetzel,PRECINCT 4,State Treasurer,,DEM,NO CANDIDATE FILED,0
Wetzel,PRECINCT 10,State Treasurer,,DEM,NO CANDIDATE FILED,0
Wetzel,PRECINCT 11,State Treasurer,,DEM,NO CANDIDATE FILED,0
Wetzel,PRECINCT 12,State Treasurer,,DEM,NO CANDIDATE FILED,0
Wetzel,PRECINCT 15,State Treasurer,,DEM,NO CANDIDATE FILED,0
Wetzel,PRECINCT 16,State Treasurer,,DEM,NO CANDIDATE FILED,0
Wetzel,PRECINCT 18,State Treasurer,,DEM,NO CANDIDATE FILED,0
Wetzel,PRECINCT 21,State Treasurer,,DEM,NO CANDIDATE FILED,0
Wetzel,PRECINCT 27,State Treasurer,,DEM,NO CANDIDATE FILED,0
Wetzel,PRECINCT 29,State Treasurer,,DEM,NO CANDIDATE FILED,0
Wetzel,PRECINCT 33,State Treasurer,,DEM,NO CANDIDATE FILED,0
Wetzel,PRECINCT 36,State Treasurer,,DEM,NO CANDIDATE FILED,0
Wetzel,PRECINCT 38,State Treasurer,,DEM,NO CANDIDATE FILED,0
Wetzel,PRECINCT 39,State Treasurer,,DEM,NO CANDIDATE FILED,0
Wetzel,PRECINCT 40,State Treasurer,,DEM,NO CANDIDATE FILED,0
Wetzel,PRECINCT 42,State Treasurer,,DEM,NO CANDIDATE FILED,0
Wetzel,PRECINCT 43,State Treasurer,,DEM,NO CANDIDATE FILED,0
Wetzel,PRECINCT 44,State Treasurer,,DEM,NO CANDIDATE FILED,0
Wetzel,PRECINCT 45,State Treasurer,,DEM,NO CANDIDATE FILED,0
Wetzel,PRECINCT 48,State Treasurer,,DEM,NO CANDIDATE FILED,0
Wetzel,PRECINCT 50,State Treasurer,,DEM,NO CANDIDATE FILED,0
Wetzel,PRECINCT 4,State Treasurer,,MTN,NO CANDIDATE FILED,0
Wetzel,PRECINCT 10,State Treasurer,,MTN,NO CANDIDATE FILED,0
Wetzel,PRECINCT 11,State Treasurer,,MTN,NO CANDIDATE FILED,0
Wetzel,PRECINCT 12,State Treasurer,,MTN,NO CANDIDATE FILED,0
Wetzel,PRECINCT 15,State Treasurer,,MTN,NO CANDIDATE FILED,0
Wetzel,PRECINCT 16,State Treasurer,,MTN,NO CANDIDATE FILED,0
Wetzel,PRECINCT 18,State Treasurer,,MTN,NO CANDIDATE FILED,0
Wetzel,PRECINCT 21,State Treasurer,,MTN,NO CANDIDATE FILED,0
Wetzel,PRECINCT 27,State Treasurer,,MTN,NO CANDIDATE FILED,0
Wetzel,PRECINCT 29,State Treasurer,,MTN,NO CANDIDATE FILED,0
Wetzel,PRECINCT 33,State Treasurer,,MTN,NO CANDIDATE FILED,0
Wetzel,PRECINCT 36,State Treasurer,,MTN,NO CANDIDATE FILED,0
Wetzel,PRECINCT 38,State Treasurer,,MTN,NO CANDIDATE FILED,0
Wetzel,PRECINCT 39,State Treasurer,,MTN,NO CANDIDATE FILED,0
Wetzel,PRECINCT 40,State Treasurer,,MTN,NO CANDIDATE FILED,0
Wetzel,PRECINCT 42,State Treasurer,,MTN,NO CANDIDATE FILED,0
Wetzel,PRECINCT 43,State Treasurer,,MTN,NO CANDIDATE FILED,0
Wetzel,PRECINCT 44,State Treasurer,,MTN,NO CANDIDATE FILED,0
Wetzel,PRECINCT 45,State Treasurer,,MTN,NO CANDIDATE FILED,0
Wetzel,PRECINCT 48,State Treasurer,,MTN,NO CANDIDATE FILED,0
Wetzel,PRECINCT 50,State Treasurer,,MTN,NO CANDIDATE FILED,0
Wetzel,PRECINCT 4,Commissioner of Agriculture,,REP,KENT LEONHARDT,27
Wetzel,PRECINCT 10,Commissioner of Agriculture,,REP,KENT LEONHARDT,81
Wetzel,PRECINCT 11,Commissioner of Agriculture,,REP,KENT LEONHARDT,34
Wetzel,PRECINCT 12,Commissioner of Agriculture,,REP,KENT LEONHARDT,29
Wetzel,PRECINCT 15,Commissioner of Agriculture,,REP,KENT LEONHARDT,35
Wetzel,PRECINCT 16,Commissioner of Agriculture,,REP,KENT LEONHARDT,104
Wetzel,PRECINCT 18,Commissioner of Agriculture,,REP,KENT LEONHARDT,29
Wetzel,PRECINCT 21,Commissioner of Agriculture,,REP,KENT LEONHARDT,69
Wetzel,PRECINCT 27,Commissioner of Agriculture,,REP,KENT LEONHARDT,17
Wetzel,PRECINCT 29,Commissioner of Agriculture,,REP,KENT LEONHARDT,43
Wetzel,PRECINCT 33,Commissioner of Agriculture,,REP,KENT LEONHARDT,53
Wetzel,PRECINCT 36,Commissioner of Agriculture,,REP,KENT LEONHARDT,17
Wetzel,PRECINCT 38,Commissioner of Agriculture,,REP,KENT LEONHARDT,57
Wetzel,PRECINCT 39,Commissioner of Agriculture,,REP,KENT LEONHARDT,90
Wetzel,PRECINCT 40,Commissioner of Agriculture,,REP,KENT LEONHARDT,20
Wetzel,PRECINCT 42,Commissioner of Agriculture,,REP,KENT LEONHARDT,72
Wetzel,PRECINCT 43,Commissioner of Agriculture,,REP,KENT LEONHARDT,128
Wetzel,PRECINCT 44,Commissioner of Agriculture,,REP,KENT LEONHARDT,61
Wetzel,PRECINCT 45,Commissioner of Agriculture,,REP,KENT LEONHARDT,50
Wetzel,PRECINCT 48,Commissioner of Agriculture,,REP,KENT LEONHARDT,74
Wetzel,PRECINCT 50,Commissioner of Agriculture,,REP,KENT LEONHARDT,85
Wetzel,PRECINCT 4,Commissioner of Agriculture,,REP,JOSHUA KURT HIGGINBOTHAM,7
Wetzel,PRECINCT 10,Commissioner of Agriculture,,REP,JOSHUA KURT HIGGINBOTHAM,22
Wetzel,PRECINCT 11,Commissioner of Agriculture,,REP,JOSHUA KURT HIGGINBOTHAM,14
Wetzel,PRECINCT 12,Commissioner of Agriculture,,REP,JOSHUA KURT HIGGINBOTHAM,3
Wetzel,PRECINCT 15,Commissioner of Agriculture,,REP,JOSHUA KURT HIGGINBOTHAM,9
Wetzel,PRECINCT 16,Commissioner of Agriculture,,REP,JOSHUA KURT HIGGINBOTHAM,30
Wetzel,PRECINCT 18,Commissioner of Agriculture,,REP,JOSHUA KURT HIGGINBOTHAM,5
Wetzel,PRECINCT 21,Commissioner of Agriculture,,REP,JOSHUA KURT HIGGINBOTHAM,21
Wetzel,PRECINCT 27,Commissioner of Agriculture,,REP,JOSHUA KURT HIGGINBOTHAM,3
Wetzel,PRECINCT 29,Commissioner of Agriculture,,REP,JOSHUA KURT HIGGINBOTHAM,8
Wetzel,PRECINCT 33,Commissioner of Agriculture,,REP,JOSHUA KURT HIGGINBOTHAM,9
Wetzel,PRECINCT 36,Commissioner of Agriculture,,REP,JOSHUA KURT HIGGINBOTHAM,12
Wetzel,PRECINCT 38,Commissioner of Agriculture,,REP,JOSHUA KURT HIGGINBOTHAM,19
Wetzel,PRECINCT 39,Commissioner of Agriculture,,REP,JOSHUA KURT HIGGINBOTHAM,19
Wetzel,PRECINCT 40,Commissioner of Agriculture,,REP,JOSHUA KURT HIGGINBOTHAM,7
Wetzel,PRECINCT 42,Commissioner of Agriculture,,REP,JOSHUA KURT HIGGINBOTHAM,18
Wetzel,PRECINCT 43,Commissioner of Agriculture,,REP,JOSHUA KURT HIGGINBOTHAM,20
Wetzel,PRECINCT 44,Commissioner of Agriculture,,REP,JOSHUA KURT HIGGINBOTHAM,15
Wetzel,PRECINCT 45,Commissioner of Agriculture,,REP,JOSHUA KURT HIGGINBOTHAM,19
Wetzel,PRECINCT 48,Commissioner of Agriculture,,REP,JOSHUA KURT HIGGINBOTHAM,17
Wetzel,PRECINCT 50,Commissioner of Agriculture,,REP,JOSHUA KURT HIGGINBOTHAM,20
Wetzel,PRECINCT 4,Commissioner of Agriculture,,REP,ROY RAMEY,1
Wetzel,PRECINCT 10,Commissioner of Agriculture,,REP,ROY RAMEY,7
Wetzel,PRECINCT 11,Commissioner of Agriculture,,REP,ROY RAMEY,3
Wetzel,PRECINCT 12,Commissioner of Agriculture,,REP,ROY RAMEY,11
Wetzel,PRECINCT 15,Commissioner of Agriculture,,REP,ROY RAMEY,7
Wetzel,PRECINCT 16,Commissioner of Agriculture,,REP,ROY RAMEY,5
Wetzel,PRECINCT 18,Commissioner of Agriculture,,REP,ROY RAMEY,0
Wetzel,PRECINCT 21,Commissioner of Agriculture,,REP,ROY RAMEY,4
Wetzel,PRECINCT 27,Commissioner of Agriculture,,REP,ROY RAMEY,4
Wetzel,PRECINCT 29,Commissioner of Agriculture,,REP,ROY RAMEY,3
Wetzel,PRECINCT 33,Commissioner of Agriculture,,REP,ROY RAMEY,6
Wetzel,PRECINCT 36,Commissioner of Agriculture,,REP,ROY RAMEY,1
Wetzel,PRECINCT 38,Commissioner of Agriculture,,REP,ROY RAMEY,7
Wetzel,PRECINCT 39,Commissioner of Agriculture,,REP,ROY RAMEY,9
Wetzel,PRECINCT 40,Commissioner of Agriculture,,REP,ROY RAMEY,3
Wetzel,PRECINCT 42,Commissioner of Agriculture,,REP,ROY RAMEY,12
Wetzel,PRECINCT 43,Commissioner of Agriculture,,REP,ROY RAMEY,9
Wetzel,PRECINCT 44,Commissioner of Agriculture,,REP,ROY RAMEY,9
Wetzel,PRECINCT 45,Commissioner of Agriculture,,REP,ROY RAMEY,6
Wetzel,PRECINCT 48,Commissioner of Agriculture,,REP,ROY RAMEY,6
Wetzel,PRECINCT 50,Commissioner of Agriculture,,REP,ROY RAMEY,2
Wetzel,PRECINCT 4,Commissioner of Agriculture,,DEM,DEBORAH STILES,42
Wetzel,PRECINCT 10,Commissioner of Agriculture,,DEM,DEBORAH STILES,46
Wetzel,PRECINCT 11,Commissioner of Agriculture,,DEM,DEBORAH STILES,22
Wetzel,PRECINCT 12,Commissioner of Agriculture,,DEM,DEBORAH STILES,15
Wetzel,PRECINCT 15,Commissioner of Agriculture,,DEM,DEBORAH STILES,24
Wetzel,PRECINCT 16,Commissioner of Agriculture,,DEM,DEBORAH STILES,40
Wetzel,PRECINCT 18,Commissioner of Agriculture,,DEM,DEBORAH STILES,16
Wetzel,PRECINCT 21,Commissioner of Agriculture,,DEM,DEBORAH STILES,50
Wetzel,PRECINCT 27,Commissioner of Agriculture,,DEM,DEBORAH STILES,12
Wetzel,PRECINCT 29,Commissioner of Agriculture,,DEM,DEBORAH STILES,43
Wetzel,PRECINCT 33,Commissioner of Agriculture,,DEM,DEBORAH STILES,60
Wetzel,PRECINCT 36,Commissioner of Agriculture,,DEM,DEBORAH STILES,27
Wetzel,PRECINCT 38,Commissioner of Agriculture,,DEM,DEBORAH STILES,46
Wetzel,PRECINCT 39,Commissioner of Agriculture,,DEM,DEBORAH STILES,51
Wetzel,PRECINCT 40,Commissioner of Agriculture,,DEM,DEBORAH STILES,18
Wetzel,PRECINCT 42,Commissioner of Agriculture,,DEM,DEBORAH STILES,62
Wetzel,PRECINCT 43,Commissioner of Agriculture,,DEM,DEBORAH STILES,78
Wetzel,PRECINCT 44,Commissioner of Agriculture,,DEM,DEBORAH STILES,57
Wetzel,PRECINCT 45,Commissioner of Agriculture,,DEM,DEBORAH STILES,44
Wetzel,PRECINCT 48,Commissioner of Agriculture,,DEM,DEBORAH STILES,59
Wetzel,PRECINCT 50,Commissioner of Agriculture,,DEM,DEBORAH STILES,69
Wetzel,PRECINCT 4,Commissioner of Agriculture,,MTN,NO CANDIDATE FILED,0
Wetzel,PRECINCT 10,Commissioner of Agriculture,,MTN,NO CANDIDATE FILED,0
Wetzel,PRECINCT 11,Commissioner of Agriculture,,MTN,NO CANDIDATE FILED,0
Wetzel,PRECINCT 12,Commissioner of Agriculture,,MTN,NO CANDIDATE FILED,0
Wetzel,PRECINCT 15,Commissioner of Agriculture,,MTN,NO CANDIDATE FILED,0
Wetzel,PRECINCT 16,Commissioner of Agriculture,,MTN,NO CANDIDATE FILED,0
Wetzel,PRECINCT 18,Commissioner of Agriculture,,MTN,NO CANDIDATE FILED,0
Wetzel,PRECINCT 21,Commissioner of Agriculture,,MTN,NO CANDIDATE FILED,0
Wetzel,PRECINCT 27,Commissioner of Agriculture,,MTN,NO CANDIDATE FILED,0
Wetzel,PRECINCT 29,Commissioner of Agriculture,,MTN,NO CANDIDATE FILED,0
Wetzel,PRECINCT 33,Commissioner of Agriculture,,MTN,NO CANDIDATE FILED,0
Wetzel,PRECINCT 36,Commissioner of Agriculture,,MTN,NO CANDIDATE FILED,0
Wetzel,PRECINCT 38,Commissioner of Agriculture,,MTN,NO CANDIDATE FILED,0
Wetzel,PRECINCT 39,Commissioner of Agriculture,,MTN,NO CANDIDATE FILED,0
Wetzel,PRECINCT 40,Commissioner of Agriculture,,MTN,NO CANDIDATE FILED,0
Wetzel,PRECINCT 42,Commissioner of Agriculture,,MTN,NO CANDIDATE FILED,0
Wetzel,PRECINCT 43,Commissioner of Agriculture,,MTN,NO CANDIDATE FILED,0
Wetzel,PRECINCT 44,Commissioner of Agriculture,,MTN,NO CANDIDATE FILED,0
Wetzel,PRECINCT 45,Commissioner of Agriculture,,MTN,NO CANDIDATE FILED,0
Wetzel,PRECINCT 48,Commissioner of Agriculture,,MTN,NO CANDIDATE FILED,0
Wetzel,PRECINCT 50,Commissioner of Agriculture,,MTN,NO CANDIDATE FILED,0
Wetzel,PRECINCT 4,Attorney General,,REP,MIKE STUART,8
Wetzel,PRECINCT 10,Attorney General,,REP,MIKE STUART,40
Wetzel,PRECINCT 11,Attorney General,,REP,MIKE STUART,17
Wetzel,PRECINCT 12,Attorney General,,REP,MIKE STUART,21
Wetzel,PRECINCT 15,Attorney General,,REP,MIKE STUART,21
Wetzel,PRECINCT 16,Attorney General,,REP,MIKE STUART,53
Wetzel,PRECINCT 18,Attorney General,,REP,MIKE STUART,15
Wetzel,PRECINCT 21,Attorney General,,REP,MIKE STUART,39
Wetzel,PRECINCT 27,Attorney General,,REP,MIKE STUART,14
Wetzel,PRECINCT 29,Attorney General,,REP,MIKE STUART,29
Wetzel,PRECINCT 33,Attorney General,,REP,MIKE STUART,19
Wetzel,PRECINCT 36,Attorney General,,REP,MIKE STUART,9
Wetzel,PRECINCT 38,Attorney General,,REP,MIKE STUART,38
Wetzel,PRECINCT 39,Attorney General,,REP,MIKE STUART,48
Wetzel,PRECINCT 40,Attorney General,,REP,MIKE STUART,19
Wetzel,PRECINCT 42,Attorney General,,REP,MIKE STUART,44
Wetzel,PRECINCT 43,Attorney General,,REP,MIKE STUART,56
Wetzel,PRECINCT 44,Attorney General,,REP,MIKE STUART,32
Wetzel,PRECINCT 45,Attorney General,,REP,MIKE STUART,37
Wetzel,PRECINCT 48,Attorney General,,REP,MIKE STUART,38
Wetzel,PRECINCT 50,Attorney General,,REP,MIKE STUART,40
Wetzel,PRECINCT 4,Attorney General,,REP,JOHN 'JB' McCUSKEY,19
Wetzel,PRECINCT 10,Attorney General,,REP,JOHN 'JB' McCUSKEY,59
Wetzel,PRECINCT 11,Attorney General,,REP,JOHN 'JB' McCUSKEY,24
Wetzel,PRECINCT 12,Attorney General,,REP,JOHN 'JB' McCUSKEY,16
Wetzel,PRECINCT 15,Attorney General,,REP,JOHN 'JB' McCUSKEY,25
Wetzel,PRECINCT 16,Attorney General,,REP,JOHN 'JB' McCUSKEY,74
Wetzel,PRECINCT 18,Attorney General,,REP,JOHN 'JB' McCUSKEY,15
Wetzel,PRECINCT 21,Attorney General,,REP,JOHN 'JB' McCUSKEY,47
Wetzel,PRECINCT 27,Attorney General,,REP,JOHN 'JB' McCUSKEY,12
Wetzel,PRECINCT 29,Attorney General,,REP,JOHN 'JB' McCUSKEY,24
Wetzel,PRECINCT 33,Attorney General,,REP,JOHN 'JB' McCUSKEY,48
Wetzel,PRECINCT 36,Attorney General,,REP,JOHN 'JB' McCUSKEY,19
Wetzel,PRECINCT 38,Attorney General,,REP,JOHN 'JB' McCUSKEY,40
Wetzel,PRECINCT 39,Attorney General,,REP,JOHN 'JB' McCUSKEY,64
Wetzel,PRECINCT 40,Attorney General,,REP,JOHN 'JB' McCUSKEY,10
Wetzel,PRECINCT 42,Attorney General,,REP,JOHN 'JB' McCUSKEY,50
Wetzel,PRECINCT 43,Attorney General,,REP,JOHN 'JB' McCUSKEY,83
Wetzel,PRECINCT 44,Attorney General,,REP,JOHN 'JB' McCUSKEY,49
Wetzel,PRECINCT 45,Attorney General,,REP,JOHN 'JB' McCUSKEY,35
Wetzel,PRECINCT 48,Attorney General,,REP,JOHN 'JB' McCUSKEY,54
Wetzel,PRECINCT 50,Attorney General,,REP,JOHN 'JB' McCUSKEY,57
Wetzel,PRECINCT 4,Attorney General,,DEM,TERESA TORISEVA,42
Wetzel,PRECINCT 10,Attorney General,,DEM,TERESA TORISEVA,49
Wetzel,PRECINCT 11,Attorney General,,DEM,TERESA TORISEVA,22
Wetzel,PRECINCT 12,Attorney General,,DEM,TERESA TORISEVA,12
Wetzel,PRECINCT 15,Attorney General,,DEM,TERESA TORISEVA,22
Wetzel,PRECINCT 16,Attorney General,,DEM,TERESA TORISEVA,38
Wetzel,PRECINCT 18,Attorney General,,DEM,TERESA TORISEVA,21
Wetzel,PRECINCT 21,Attorney General,,DEM,TERESA TORISEVA,45
Wetzel,PRECINCT 27,Attorney General,,DEM,TERESA TORISEVA,11
Wetzel,PRECINCT 29,Attorney General,,DEM,TERESA TORISEVA,31
Wetzel,PRECINCT 33,Attorney General,,DEM,TERESA TORISEVA,60
Wetzel,PRECINCT 36,Attorney General,,DEM,TERESA TORISEVA,28
Wetzel,PRECINCT 38,Attorney General,,DEM,TERESA TORISEVA,49
Wetzel,PRECINCT 39,Attorney General,,DEM,TERESA TORISEVA,50
Wetzel,PRECINCT 40,Attorney General,,DEM,TERESA TORISEVA,21
Wetzel,PRECINCT 42,Attorney General,,DEM,TERESA TORISEVA,62
Wetzel,PRECINCT 43,Attorney General,,DEM,TERESA TORISEVA,93
Wetzel,PRECINCT 44,Attorney General,,DEM,TERESA TORISEVA,53
Wetzel,PRECINCT 45,Attorney General,,DEM,TERESA TORISEVA,50
Wetzel,PRECINCT 48,Attorney General,,DEM,TERESA TORISEVA,57
Wetzel,PRECINCT 50,Attorney General,,DEM,TERESA TORISEVA,68
Wetzel,PRECINCT 4,Attorney General,,DEM,RICHIE ROBB,6
Wetzel,PRECINCT 10,Attorney General,,DEM,RICHIE ROBB,11
Wetzel,PRECINCT 11,Attorney General,,DEM,RICHIE ROBB,2
Wetzel,PRECINCT 12,Attorney General,,DEM,RICHIE ROBB,4
Wetzel,PRECINCT 15,Attorney General,,DEM,RICHIE ROBB,4
Wetzel,PRECINCT 16,Attorney General,,DEM,RICHIE ROBB,8
Wetzel,PRECINCT 18,Attorney General,,DEM,RICHIE ROBB,1
Wetzel,PRECINCT 21,Attorney General,,DEM,RICHIE ROBB,9
Wetzel,PRECINCT 27,Attorney General,,DEM,RICHIE ROBB,2
Wetzel,PRECINCT 29,Attorney General,,DEM,RICHIE ROBB,10
Wetzel,PRECINCT 33,Attorney General,,DEM,RICHIE ROBB,9
Wetzel,PRECINCT 36,Attorney General,,DEM,RICHIE ROBB,7
Wetzel,PRECINCT 38,Attorney General,,DEM,RICHIE ROBB,6
Wetzel,PRECINCT 39,Attorney General,,DEM,RICHIE ROBB,5
Wetzel,PRECINCT 40,Attorney General,,DEM,RICHIE ROBB,2
Wetzel,PRECINCT 42,Attorney General,,DEM,RICHIE ROBB,17
Wetzel,PRECINCT 43,Attorney General,,DEM,RICHIE ROBB,8
Wetzel,PRECINCT 44,Attorney General,,DEM,RICHIE ROBB,12
Wetzel,PRECINCT 45,Attorney General,,DEM,RICHIE ROBB,8
Wetzel,PRECINCT 48,Attorney General,,DEM,RICHIE ROBB,17
Wetzel,PRECINCT 50,Attorney General,,DEM,RICHIE ROBB,10
Wetzel,PRECINCT 4,Attorney General,,MTN,NO CANDIDATE FILED,0
Wetzel,PRECINCT 10,Attorney General,,MTN,NO CANDIDATE FILED,0
Wetzel,PRECINCT 11,Attorney General,,MTN,NO CANDIDATE FILED,0
Wetzel,PRECINCT 12,Attorney General,,MTN,NO CANDIDATE FILED,0
Wetzel,PRECINCT 15,Attorney General,,MTN,NO CANDIDATE FILED,0
Wetzel,PRECINCT 16,Attorney General,,MTN,NO CANDIDATE FILED,0
Wetzel,PRECINCT 18,Attorney General,,MTN,NO CANDIDATE FILED,0
Wetzel,PRECINCT 21,Attorney General,,MTN,NO CANDIDATE FILED,0
Wetzel,PRECINCT 27,Attorney General,,MTN,NO CANDIDATE FILED,0
Wetzel,PRECINCT 29,Attorney General,,MTN,NO CANDIDATE FILED,0
Wetzel,PRECINCT 33,Attorney General,,MTN,NO CANDIDATE FILED,0
Wetzel,PRECINCT 36,Attorney General,,MTN,NO CANDIDATE FILED,0
Wetzel,PRECINCT 38,Attorney General,,MTN,NO CANDIDATE FILED,0
Wetzel,PRECINCT 39,Attorney General,,MTN,NO CANDIDATE FILED,0
Wetzel,PRECINCT 40,Attorney General,,MTN,NO CANDIDATE FILED,0
Wetzel,PRECINCT 42,Attorney General,,MTN,NO CANDIDATE FILED,0
Wetzel,PRECINCT 43,Attorney General,,MTN,NO CANDIDATE FILED,0
Wetzel,PRECINCT 44,Attorney General,,MTN,NO CANDIDATE FILED,0
Wetzel,PRECINCT 45,Attorney General,,MTN,NO CANDIDATE FILED,0
Wetzel,PRECINCT 48,Attorney General,,MTN,NO CANDIDATE FILED,0
Wetzel,PRECINCT 50,Attorney General,,MTN,NO CANDIDATE FILED,0
Wetzel,PRECINCT 4,State Senate,2,REP,MIKE  MARONEY,15
Wetzel,PRECINCT 10,State Senate,2,REP,MIKE  MARONEY,45
Wetzel,PRECINCT 11,State Senate,2,REP,MIKE  MARONEY,16
Wetzel,PRECINCT 12,State Senate,2,REP,MIKE  MARONEY,16
Wetzel,PRECINCT 15,State Senate,2,REP,MIKE  MARONEY,31
Wetzel,PRECINCT 16,State Senate,2,REP,MIKE  MARONEY,82
Wetzel,PRECINCT 18,State Senate,2,REP,MIKE  MARONEY,18
Wetzel,PRECINCT 21,State Senate,2,REP,MIKE  MARONEY,47
Wetzel,PRECINCT 27,State Senate,2,REP,MIKE  MARONEY,12
Wetzel,PRECINCT 29,State Senate,2,REP,MIKE  MARONEY,29
Wetzel,PRECINCT 33,State Senate,2,REP,MIKE  MARONEY,33
Wetzel,PRECINCT 36,State Senate,2,REP,MIKE  MARONEY,14
Wetzel,PRECINCT 38,State Senate,2,REP,MIKE  MARONEY,38
Wetzel,PRECINCT 39,State Senate,2,REP,MIKE  MARONEY,61
Wetzel,PRECINCT 40,State Senate,2,REP,MIKE  MARONEY,18
Wetzel,PRECINCT 42,State Senate,2,REP,MIKE  MARONEY,54
Wetzel,PRECINCT 43,State Senate,2,REP,MIKE  MARONEY,73
Wetzel,PRECINCT 44,State Senate,2,REP,MIKE  MARONEY,49
Wetzel,PRECINCT 45,State Senate,2,REP,MIKE  MARONEY,44
Wetzel,PRECINCT 48,State Senate,2,REP,MIKE  MARONEY,54
Wetzel,PRECINCT 50,State Senate,2,REP,MIKE  MARONEY,66
Wetzel,PRECINCT 4,State Senate,2,REP,CHRIS ROSE,15
Wetzel,PRECINCT 10,State Senate,2,REP,CHRIS ROSE,66
Wetzel,PRECINCT 11,State Senate,2,REP,CHRIS ROSE,32
Wetzel,PRECINCT 12,State Senate,2,REP,CHRIS ROSE,28
Wetzel,PRECINCT 15,State Senate,2,REP,CHRIS ROSE,21
Wetzel,PRECINCT 16,State Senate,2,REP,CHRIS ROSE,64
Wetzel,PRECINCT 18,State Senate,2,REP,CHRIS ROSE,16
Wetzel,PRECINCT 21,State Senate,2,REP,CHRIS ROSE,48
Wetzel,PRECINCT 27,State Senate,2,REP,CHRIS ROSE,15
Wetzel,PRECINCT 29,State Senate,2,REP,CHRIS ROSE,29
Wetzel,PRECINCT 33,State Senate,2,REP,CHRIS ROSE,36
Wetzel,PRECINCT 36,State Senate,2,REP,CHRIS ROSE,14
Wetzel,PRECINCT 38,State Senate,2,REP,CHRIS ROSE,43
Wetzel,PRECINCT 39,State Senate,2,REP,CHRIS ROSE,57
Wetzel,PRECINCT 40,State Senate,2,REP,CHRIS ROSE,14
Wetzel,PRECINCT 42,State Senate,2,REP,CHRIS ROSE,51
Wetzel,PRECINCT 43,State Senate,2,REP,CHRIS ROSE,87
Wetzel,PRECINCT 44,State Senate,2,REP,CHRIS ROSE,37
Wetzel,PRECINCT 45,State Senate,2,REP,CHRIS ROSE,32
Wetzel,PRECINCT 48,State Senate,2,REP,CHRIS ROSE,54
Wetzel,PRECINCT 50,State Senate,2,REP,CHRIS ROSE,40
Wetzel,PRECINCT 4,State Senate,2,DEM,NO CANDIDATE FILED,0
Wetzel,PRECINCT 10,State Senate,2,DEM,NO CANDIDATE FILED,0
Wetzel,PRECINCT 11,State Senate,2,DEM,NO CANDIDATE FILED,0
Wetzel,PRECINCT 12,State Senate,2,DEM,NO CANDIDATE FILED,0
Wetzel,PRECINCT 15,State Senate,2,DEM,NO CANDIDATE FILED,0
Wetzel,PRECINCT 16,State Senate,2,DEM,NO CANDIDATE FILED,0
Wetzel,PRECINCT 18,State Senate,2,DEM,NO CANDIDATE FILED,0
Wetzel,PRECINCT 21,State Senate,2,DEM,NO CANDIDATE FILED,0
Wetzel,PRECINCT 27,State Senate,2,DEM,NO CANDIDATE FILED,0
Wetzel,PRECINCT 29,State Senate,2,DEM,NO CANDIDATE FILED,0
Wetzel,PRECINCT 33,State Senate,2,DEM,NO CANDIDATE FILED,0
Wetzel,PRECINCT 36,State Senate,2,DEM,NO CANDIDATE FILED,0
Wetzel,PRECINCT 38,State Senate,2,DEM,NO CANDIDATE FILED,0
Wetzel,PRECINCT 39,State Senate,2,DEM,NO CANDIDATE FILED,0
Wetzel,PRECINCT 40,State Senate,2,DEM,NO CANDIDATE FILED,0
Wetzel,PRECINCT 42,State Senate,2,DEM,NO CANDIDATE FILED,0
Wetzel,PRECINCT 43,State Senate,2,DEM,NO CANDIDATE FILED,0
Wetzel,PRECINCT 44,State Senate,2,DEM,NO CANDIDATE FILED,0
Wetzel,PRECINCT 45,State Senate,2,DEM,NO CANDIDATE FILED,0
Wetzel,PRECINCT 48,State Senate,2,DEM,NO CANDIDATE FILED,0
Wetzel,PRECINCT 50,State Senate,2,DEM,NO CANDIDATE FILED,0
Wetzel,PRECINCT 4,State Senate,2,MTN,NO CANDIDATE FILED,0
Wetzel,PRECINCT 10,State Senate,2,MTN,NO CANDIDATE FILED,0
Wetzel,PRECINCT 11,State Senate,2,MTN,NO CANDIDATE FILED,0
Wetzel,PRECINCT 12,State Senate,2,MTN,NO CANDIDATE FILED,0
Wetzel,PRECINCT 15,State Senate,2,MTN,NO CANDIDATE FILED,0
Wetzel,PRECINCT 16,State Senate,2,MTN,NO CANDIDATE FILED,0
Wetzel,PRECINCT 18,State Senate,2,MTN,NO CANDIDATE FILED,0
Wetzel,PRECINCT 21,State Senate,2,MTN,NO CANDIDATE FILED,0
Wetzel,PRECINCT 27,State Senate,2,MTN,NO CANDIDATE FILED,0
Wetzel,PRECINCT 29,State Senate,2,MTN,NO CANDIDATE FILED,0
Wetzel,PRECINCT 33,State Senate,2,MTN,NO CANDIDATE FILED,0
Wetzel,PRECINCT 36,State Senate,2,MTN,NO CANDIDATE FILED,0
Wetzel,PRECINCT 38,State Senate,2,MTN,NO CANDIDATE FILED,0
Wetzel,PRECINCT 39,State Senate,2,MTN,NO CANDIDATE FILED,0
Wetzel,PRECINCT 40,State Senate,2,MTN,NO CANDIDATE FILED,0
Wetzel,PRECINCT 42,State Senate,2,MTN,NO CANDIDATE FILED,0
Wetzel,PRECINCT 43,State Senate,2,MTN,NO CANDIDATE FILED,0
Wetzel,PRECINCT 44,State Senate,2,MTN,NO CANDIDATE FILED,0
Wetzel,PRECINCT 45,State Senate,2,MTN,NO CANDIDATE FILED,0
Wetzel,PRECINCT 48,State Senate,2,MTN,NO CANDIDATE FILED,0
Wetzel,PRECINCT 50,State Senate,2,MTN,NO CANDIDATE FILED,0
Wetzel,PRECINCT 10,State House,7,REP,CHARLES R.  SHEEDY SR.,93
Wetzel,PRECINCT 33,State House,7,REP,CHARLES R.  SHEEDY SR.,60
Wetzel,PRECINCT 36,State House,7,REP,CHARLES R.  SHEEDY SR.,27
Wetzel,PRECINCT 42,State House,7,REP,CHARLES R.  SHEEDY SR.,93
Wetzel,PRECINCT 43,State House,7,REP,CHARLES R.  SHEEDY SR.,124
Wetzel,PRECINCT 44,State House,7,REP,CHARLES R.  SHEEDY SR.,68
Wetzel,PRECINCT 45,State House,7,REP,CHARLES R.  SHEEDY SR.,70
Wetzel,PRECINCT 48,State House,7,REP,CHARLES R.  SHEEDY SR.,93
Wetzel,PRECINCT 10,State House,7,DEM,DEVON  TENNANT,60
Wetzel,PRECINCT 33,State House,7,DEM,DEVON  TENNANT,68
Wetzel,PRECINCT 36,State House,7,DEM,DEVON  TENNANT,34
Wetzel,PRECINCT 42,State House,7,DEM,DEVON  TENNANT,72
Wetzel,PRECINCT 43,State House,7,DEM,DEVON  TENNANT,94
Wetzel,PRECINCT 44,State House,7,DEM,DEVON  TENNANT,63
Wetzel,PRECINCT 45,State House,7,DEM,DEVON  TENNANT,63
Wetzel,PRECINCT 48,State House,7,DEM,DEVON  TENNANT,68
Wetzel,PRECINCT 10,State House,7,MTN,NO CANDIDATE FILED,0
Wetzel,PRECINCT 33,State House,7,MTN,NO CANDIDATE FILED,0
Wetzel,PRECINCT 36,State House,7,MTN,NO CANDIDATE FILED,0
Wetzel,PRECINCT 42,State House,7,MTN,NO CANDIDATE FILED,0
Wetzel,PRECINCT 43,State House,7,MTN,NO CANDIDATE FILED,0
Wetzel,PRECINCT 44,State House,7,MTN,NO CANDIDATE FILED,0
Wetzel,PRECINCT 45,State House,7,MTN,NO CANDIDATE FILED,0
Wetzel,PRECINCT 48,State House,7,MTN,NO CANDIDATE FILED,0
Wetzel,PRECINCT 4,State House,8,REP,DAVID L. KELLY,21
Wetzel,PRECINCT 15,State House,8,REP,DAVID L. KELLY,39
Wetzel,PRECINCT 16,State House,8,REP,DAVID L. KELLY,105
Wetzel,PRECINCT 18,State House,8,REP,DAVID L. KELLY,28
Wetzel,PRECINCT 38,State House,8,REP,DAVID L. KELLY,52
Wetzel,PRECINCT 39,State House,8,REP,DAVID L. KELLY,82
Wetzel,PRECINCT 40,State House,8,REP,DAVID L. KELLY,19
Wetzel,PRECINCT 50,State House,8,REP,DAVID L. KELLY,71
Wetzel,PRECINCT 4,State House,8,REP,DAVE SHELTON,7
Wetzel,PRECINCT 15,State House,8,REP,DAVE SHELTON,10
Wetzel,PRECINCT 16,State House,8,REP,DAVE SHELTON,48
Wetzel,PRECINCT 18,State House,8,REP,DAVE SHELTON,2
Wetzel,PRECINCT 38,State House,8,REP,DAVE SHELTON,30
Wetzel,PRECINCT 39,State House,8,REP,DAVE SHELTON,43
Wetzel,PRECINCT 40,State House,8,REP,DAVE SHELTON,11
Wetzel,PRECINCT 50,State House,8,REP,DAVE SHELTON,35
Wetzel,PRECINCT 4,State House,8,DEM,NO CANDIDATE FILED,0
Wetzel,PRECINCT 15,State House,8,DEM,NO CANDIDATE FILED,0
Wetzel,PRECINCT 16,State House,8,DEM,NO CANDIDATE FILED,0
Wetzel,PRECINCT 18,State House,8,DEM,NO CANDIDATE FILED,0
Wetzel,PRECINCT 38,State House,8,DEM,NO CANDIDATE FILED,0
Wetzel,PRECINCT 39,State House,8,DEM,NO CANDIDATE FILED,0
Wetzel,PRECINCT 40,State House,8,DEM,NO CANDIDATE FILED,0
Wetzel,PRECINCT 50,State House,8,DEM,NO CANDIDATE FILED,0
Wetzel,PRECINCT 4,State House,8,MTN,NO CANDIDATE FILED,0
Wetzel,PRECINCT 15,State House,8,MTN,NO CANDIDATE FILED,0
Wetzel,PRECINCT 16,State House,8,MTN,NO CANDIDATE FILED,0
Wetzel,PRECINCT 18,State House,8,MTN,NO CANDIDATE FILED,0
Wetzel,PRECINCT 38,State House,8,MTN,NO CANDIDATE FILED,0
Wetzel,PRECINCT 39,State House,8,MTN,NO CANDIDATE FILED,0
Wetzel,PRECINCT 40,State House,8,MTN,NO CANDIDATE FILED,0
Wetzel,PRECINCT 50,State House,8,MTN,NO CANDIDATE FILED,0
Wetzel,PRECINCT 11,State House,72,REP,CLAY RILEY,39
Wetzel,PRECINCT 21,State House,72,REP,CLAY RILEY,83
Wetzel,PRECINCT 27,State House,72,REP,CLAY RILEY,21
Wetzel,PRECINCT 29,State House,72,REP,CLAY RILEY,54
Wetzel,PRECINCT 11,State House,72,DEM,NO CANDIDATE FILED,0
Wetzel,PRECINCT 21,State House,72,DEM,NO CANDIDATE FILED,0
Wetzel,PRECINCT 27,State House,72,DEM,NO CANDIDATE FILED,0
Wetzel,PRECINCT 29,State House,72,DEM,NO CANDIDATE FILED,0
Wetzel,PRECINCT 11,State House,72,MTN,NO CANDIDATE FILED,0
Wetzel,PRECINCT 21,State House,72,MTN,NO CANDIDATE FILED,0
Wetzel,PRECINCT 27,State House,72,MTN,NO CANDIDATE FILED,0
Wetzel,PRECINCT 29,State House,72,MTN,NO CANDIDATE FILED,0
Wetzel,PRECINCT 12,State House,77,REP,JOE STATLER,40
Wetzel,PRECINCT 12,State House,77,DEM,NO CANDIDATE FILED,0
Wetzel,PRECINCT 12,State House,77,REP,NO CANDIDATE FILED,0
Wetzel,PRECINCT 4,Supreme Court of Appeals,,,HALEY BUNN,65
Wetzel,PRECINCT 10,Supreme Court of Appeals,,,HALEY BUNN,138
Wetzel,PRECINCT 11,Supreme Court of Appeals,,,HALEY BUNN,55
Wetzel,PRECINCT 12,Supreme Court of Appeals,,,HALEY BUNN,47
Wetzel,PRECINCT 15,Supreme Court of Appeals,,,HALEY BUNN,61
Wetzel,PRECINCT 16,Supreme Court of Appeals,,,HALEY BUNN,145
Wetzel,PRECINCT 18,Supreme Court of Appeals,,,HALEY BUNN,41
Wetzel,PRECINCT 21,Supreme Court of Appeals,,,HALEY BUNN,118
Wetzel,PRECINCT 27,Supreme Court of Appeals,,,HALEY BUNN,26
Wetzel,PRECINCT 29,Supreme Court of Appeals,,,HALEY BUNN,92
Wetzel,PRECINCT 33,Supreme Court of Appeals,,,HALEY BUNN,109
Wetzel,PRECINCT 36,Supreme Court of Appeals,,,HALEY BUNN,54
Wetzel,PRECINCT 38,Supreme Court of Appeals,,,HALEY BUNN,122
Wetzel,PRECINCT 39,Supreme Court of Appeals,,,HALEY BUNN,156
Wetzel,PRECINCT 40,Supreme Court of Appeals,,,HALEY BUNN,41
Wetzel,PRECINCT 42,Supreme Court of Appeals,,,HALEY BUNN,140
Wetzel,PRECINCT 43,Supreme Court of Appeals,,,HALEY BUNN,193
Wetzel,PRECINCT 44,Supreme Court of Appeals,,,HALEY BUNN,115
Wetzel,PRECINCT 45,Supreme Court of Appeals,,,HALEY BUNN,102
Wetzel,PRECINCT 48,Supreme Court of Appeals,,,HALEY BUNN,142
Wetzel,PRECINCT 50,Supreme Court of Appeals,,,HALEY BUNN,149
Wetzel,PRECINCT 4,Supreme Court of Appeals,,,CHARLES S TRUMP IV,57
Wetzel,PRECINCT 10,Supreme Court of Appeals,,,CHARLES S TRUMP IV,134
Wetzel,PRECINCT 11,Supreme Court of Appeals,,,CHARLES S TRUMP IV,53
Wetzel,PRECINCT 12,Supreme Court of Appeals,,,CHARLES S TRUMP IV,44
Wetzel,PRECINCT 15,Supreme Court of Appeals,,,CHARLES S TRUMP IV,49
Wetzel,PRECINCT 16,Supreme Court of Appeals,,,CHARLES S TRUMP IV,144
Wetzel,PRECINCT 18,Supreme Court of Appeals,,,CHARLES S TRUMP IV,33
Wetzel,PRECINCT 21,Supreme Court of Appeals,,,CHARLES S TRUMP IV,115
Wetzel,PRECINCT 27,Supreme Court of Appeals,,,CHARLES S TRUMP IV,27
Wetzel,PRECINCT 29,Supreme Court of Appeals,,,CHARLES S TRUMP IV,87
Wetzel,PRECINCT 33,Supreme Court of Appeals,,,CHARLES S TRUMP IV,97
Wetzel,PRECINCT 36,Supreme Court of Appeals,,,CHARLES S TRUMP IV,52
Wetzel,PRECINCT 38,Supreme Court of Appeals,,,CHARLES S TRUMP IV,113
Wetzel,PRECINCT 39,Supreme Court of Appeals,,,CHARLES S TRUMP IV,145
Wetzel,PRECINCT 40,Supreme Court of Appeals,,,CHARLES S TRUMP IV,41
Wetzel,PRECINCT 42,Supreme Court of Appeals,,,CHARLES S TRUMP IV,136
Wetzel,PRECINCT 43,Supreme Court of Appeals,,,CHARLES S TRUMP IV,183
Wetzel,PRECINCT 44,Supreme Court of Appeals,,,CHARLES S TRUMP IV,108
Wetzel,PRECINCT 45,Supreme Court of Appeals,,,CHARLES S TRUMP IV,104
Wetzel,PRECINCT 48,Supreme Court of Appeals,,,CHARLES S TRUMP IV,132
Wetzel,PRECINCT 50,Supreme Court of Appeals,,,CHARLES S TRUMP IV,140
Wetzel,PRECINCT 4,Supreme Court of Appeals,,,MYCHAL S. SCHULZ,10
Wetzel,PRECINCT 10,Supreme Court of Appeals,,,MYCHAL S. SCHULZ,26
Wetzel,PRECINCT 11,Supreme Court of Appeals,,,MYCHAL S. SCHULZ,7
Wetzel,PRECINCT 12,Supreme Court of Appeals,,,MYCHAL S. SCHULZ,8
Wetzel,PRECINCT 15,Supreme Court of Appeals,,,MYCHAL S. SCHULZ,12
Wetzel,PRECINCT 16,Supreme Court of Appeals,,,MYCHAL S. SCHULZ,30
Wetzel,PRECINCT 18,Supreme Court of Appeals,,,MYCHAL S. SCHULZ,8
Wetzel,PRECINCT 21,Supreme Court of Appeals,,,MYCHAL S. SCHULZ,16
Wetzel,PRECINCT 27,Supreme Court of Appeals,,,MYCHAL S. SCHULZ,6
Wetzel,PRECINCT 29,Supreme Court of Appeals,,,MYCHAL S. SCHULZ,16
Wetzel,PRECINCT 33,Supreme Court of Appeals,,,MYCHAL S. SCHULZ,18
Wetzel,PRECINCT 36,Supreme Court of Appeals,,,MYCHAL S. SCHULZ,4
Wetzel,PRECINCT 38,Supreme Court of Appeals,,,MYCHAL S. SCHULZ,24
Wetzel,PRECINCT 39,Supreme Court of Appeals,,,MYCHAL S. SCHULZ,25
Wetzel,PRECINCT 40,Supreme Court of Appeals,,,MYCHAL S. SCHULZ,7
Wetzel,PRECINCT 42,Supreme Court of Appeals,,,MYCHAL S. SCHULZ,19
Wetzel,PRECINCT 43,Supreme Court of Appeals,,,MYCHAL S. SCHULZ,30
Wetzel,PRECINCT 44,Supreme Court of Appeals,,,MYCHAL S. SCHULZ,19
Wetzel,PRECINCT 45,Supreme Court of Appeals,,,MYCHAL S. SCHULZ,20
Wetzel,PRECINCT 48,Supreme Court of Appeals,,,MYCHAL S. SCHULZ,19
Wetzel,PRECINCT 50,Supreme Court of Appeals,,,MYCHAL S. SCHULZ,21
Wetzel,PRECINCT 4,Supreme Court of Appeals,,,S. RYAN  WHITE,27
Wetzel,PRECINCT 10,Supreme Court of Appeals,,,S. RYAN  WHITE,59
Wetzel,PRECINCT 11,Supreme Court of Appeals,,,S. RYAN  WHITE,35
Wetzel,PRECINCT 12,Supreme Court of Appeals,,,S. RYAN  WHITE,22
Wetzel,PRECINCT 15,Supreme Court of Appeals,,,S. RYAN  WHITE,29
Wetzel,PRECINCT 16,Supreme Court of Appeals,,,S. RYAN  WHITE,53
Wetzel,PRECINCT 18,Supreme Court of Appeals,,,S. RYAN  WHITE,25
Wetzel,PRECINCT 21,Supreme Court of Appeals,,,S. RYAN  WHITE,50
Wetzel,PRECINCT 27,Supreme Court of Appeals,,,S. RYAN  WHITE,6
Wetzel,PRECINCT 29,Supreme Court of Appeals,,,S. RYAN  WHITE,31
Wetzel,PRECINCT 33,Supreme Court of Appeals,,,S. RYAN  WHITE,36
Wetzel,PRECINCT 36,Supreme Court of Appeals,,,S. RYAN  WHITE,30
Wetzel,PRECINCT 38,Supreme Court of Appeals,,,S. RYAN  WHITE,41
Wetzel,PRECINCT 39,Supreme Court of Appeals,,,S. RYAN  WHITE,71
Wetzel,PRECINCT 40,Supreme Court of Appeals,,,S. RYAN  WHITE,26
Wetzel,PRECINCT 42,Supreme Court of Appeals,,,S. RYAN  WHITE,87
Wetzel,PRECINCT 43,Supreme Court of Appeals,,,S. RYAN  WHITE,96
Wetzel,PRECINCT 44,Supreme Court of Appeals,,,S. RYAN  WHITE,62
Wetzel,PRECINCT 45,Supreme Court of Appeals,,,S. RYAN  WHITE,64
Wetzel,PRECINCT 48,Supreme Court of Appeals,,,S. RYAN  WHITE,80
Wetzel,PRECINCT 50,Supreme Court of Appeals,,,S. RYAN  WHITE,70
Wetzel,PRECINCT 4,Supreme Court of Appeals,,,ELGINE HECETA McARDLE,40
Wetzel,PRECINCT 10,Supreme Court of Appeals,,,ELGINE HECETA McARDLE,73
Wetzel,PRECINCT 11,Supreme Court of Appeals,,,ELGINE HECETA McARDLE,30
Wetzel,PRECINCT 12,Supreme Court of Appeals,,,ELGINE HECETA McARDLE,19
Wetzel,PRECINCT 15,Supreme Court of Appeals,,,ELGINE HECETA McARDLE,27
Wetzel,PRECINCT 16,Supreme Court of Appeals,,,ELGINE HECETA McARDLE,86
Wetzel,PRECINCT 18,Supreme Court of Appeals,,,ELGINE HECETA McARDLE,16
Wetzel,PRECINCT 21,Supreme Court of Appeals,,,ELGINE HECETA McARDLE,68
Wetzel,PRECINCT 27,Supreme Court of Appeals,,,ELGINE HECETA McARDLE,22
Wetzel,PRECINCT 29,Supreme Court of Appeals,,,ELGINE HECETA McARDLE,52
Wetzel,PRECINCT 33,Supreme Court of Appeals,,,ELGINE HECETA McARDLE,74
Wetzel,PRECINCT 36,Supreme Court of Appeals,,,ELGINE HECETA McARDLE,31
Wetzel,PRECINCT 38,Supreme Court of Appeals,,,ELGINE HECETA McARDLE,65
Wetzel,PRECINCT 39,Supreme Court of Appeals,,,ELGINE HECETA McARDLE,79
Wetzel,PRECINCT 40,Supreme Court of Appeals,,,ELGINE HECETA McARDLE,17
Wetzel,PRECINCT 42,Supreme Court of Appeals,,,ELGINE HECETA McARDLE,71
Wetzel,PRECINCT 43,Supreme Court of Appeals,,,ELGINE HECETA McARDLE,112
Wetzel,PRECINCT 44,Supreme Court of Appeals,,,ELGINE HECETA McARDLE,58
Wetzel,PRECINCT 45,Supreme Court of Appeals,,,ELGINE HECETA McARDLE,48
Wetzel,PRECINCT 48,Supreme Court of Appeals,,,ELGINE HECETA McARDLE,82
Wetzel,PRECINCT 50,Supreme Court of Appeals,,,ELGINE HECETA McARDLE,77
Wetzel,PRECINCT 4,Supreme Court of Appeals,,,JEFFREY D. CRAMER,72
Wetzel,PRECINCT 10,Supreme Court of Appeals,,,JEFFREY D. CRAMER,158
Wetzel,PRECINCT 11,Supreme Court of Appeals,,,JEFFREY D. CRAMER,66
Wetzel,PRECINCT 12,Supreme Court of Appeals,,,JEFFREY D. CRAMER,51
Wetzel,PRECINCT 15,Supreme Court of Appeals,,,JEFFREY D. CRAMER,64
Wetzel,PRECINCT 16,Supreme Court of Appeals,,,JEFFREY D. CRAMER,163
Wetzel,PRECINCT 18,Supreme Court of Appeals,,,JEFFREY D. CRAMER,52
Wetzel,PRECINCT 21,Supreme Court of Appeals,,,JEFFREY D. CRAMER,134
Wetzel,PRECINCT 27,Supreme Court of Appeals,,,JEFFREY D. CRAMER,34
Wetzel,PRECINCT 29,Supreme Court of Appeals,,,JEFFREY D. CRAMER,96
Wetzel,PRECINCT 33,Supreme Court of Appeals,,,JEFFREY D. CRAMER,132
Wetzel,PRECINCT 36,Supreme Court of Appeals,,,JEFFREY D. CRAMER,63
Wetzel,PRECINCT 38,Supreme Court of Appeals,,,JEFFREY D. CRAMER,129
Wetzel,PRECINCT 39,Supreme Court of Appeals,,,JEFFREY D. CRAMER,166
Wetzel,PRECINCT 40,Supreme Court of Appeals,,,JEFFREY D. CRAMER,45
Wetzel,PRECINCT 42,Supreme Court of Appeals,,,JEFFREY D. CRAMER,170
Wetzel,PRECINCT 43,Supreme Court of Appeals,,,JEFFREY D. CRAMER,243
Wetzel,PRECINCT 44,Supreme Court of Appeals,,,JEFFREY D. CRAMER,142
Wetzel,PRECINCT 45,Supreme Court of Appeals,,,JEFFREY D. CRAMER,123
Wetzel,PRECINCT 48,Supreme Court of Appeals,,,JEFFREY D. CRAMER,173
Wetzel,PRECINCT 50,Supreme Court of Appeals,,,JEFFREY D. CRAMER,170
Wetzel,PRECINCT 4,Supreme Court of Appeals,,,C. RICHARD WILSON,68
Wetzel,PRECINCT 10,Supreme Court of Appeals,,,C. RICHARD WILSON,146
Wetzel,PRECINCT 11,Supreme Court of Appeals,,,C. RICHARD WILSON,66
Wetzel,PRECINCT 12,Supreme Court of Appeals,,,C. RICHARD WILSON,50
Wetzel,PRECINCT 15,Supreme Court of Appeals,,,C. RICHARD WILSON,63
Wetzel,PRECINCT 16,Supreme Court of Appeals,,,C. RICHARD WILSON,155
Wetzel,PRECINCT 18,Supreme Court of Appeals,,,C. RICHARD WILSON,46
Wetzel,PRECINCT 21,Supreme Court of Appeals,,,C. RICHARD WILSON,124
Wetzel,PRECINCT 27,Supreme Court of Appeals,,,C. RICHARD WILSON,30
Wetzel,PRECINCT 29,Supreme Court of Appeals,,,C. RICHARD WILSON,96
Wetzel,PRECINCT 33,Supreme Court of Appeals,,,C. RICHARD WILSON,126
Wetzel,PRECINCT 36,Supreme Court of Appeals,,,C. RICHARD WILSON,61
Wetzel,PRECINCT 38,Supreme Court of Appeals,,,C. RICHARD WILSON,125
Wetzel,PRECINCT 39,Supreme Court of Appeals,,,C. RICHARD WILSON,169
Wetzel,PRECINCT 40,Supreme Court of Appeals,,,C. RICHARD WILSON,43
Wetzel,PRECINCT 42,Supreme Court of Appeals,,,C. RICHARD WILSON,159
Wetzel,PRECINCT 43,Supreme Court of Appeals,,,C. RICHARD WILSON,228
Wetzel,PRECINCT 44,Supreme Court of Appeals,,,C. RICHARD WILSON,134
Wetzel,PRECINCT 45,Supreme Court of Appeals,,,C. RICHARD WILSON,115
Wetzel,PRECINCT 48,Supreme Court of Appeals,,,C. RICHARD WILSON,166
Wetzel,PRECINCT 50,Supreme Court of Appeals,,,C. RICHARD WILSON,160
Wetzel,PRECINCT 4,Supreme Court of Appeals,,,DAVID L JACKSON,71
Wetzel,PRECINCT 10,Supreme Court of Appeals,,,DAVID L JACKSON,144
Wetzel,PRECINCT 11,Supreme Court of Appeals,,,DAVID L JACKSON,65
Wetzel,PRECINCT 12,Supreme Court of Appeals,,,DAVID L JACKSON,46
Wetzel,PRECINCT 15,Supreme Court of Appeals,,,DAVID L JACKSON,63
Wetzel,PRECINCT 16,Supreme Court of Appeals,,,DAVID L JACKSON,162
Wetzel,PRECINCT 18,Supreme Court of Appeals,,,DAVID L JACKSON,45
Wetzel,PRECINCT 21,Supreme Court of Appeals,,,DAVID L JACKSON,124
Wetzel,PRECINCT 27,Supreme Court of Appeals,,,DAVID L JACKSON,30
Wetzel,PRECINCT 29,Supreme Court of Appeals,,,DAVID L JACKSON,97
Wetzel,PRECINCT 33,Supreme Court of Appeals,,,DAVID L JACKSON,121
Wetzel,PRECINCT 36,Supreme Court of Appeals,,,DAVID L JACKSON,61
Wetzel,PRECINCT 38,Supreme Court of Appeals,,,DAVID L JACKSON,125
Wetzel,PRECINCT 39,Supreme Court of Appeals,,,DAVID L JACKSON,167
Wetzel,PRECINCT 40,Supreme Court of Appeals,,,DAVID L JACKSON,44
Wetzel,PRECINCT 42,Supreme Court of Appeals,,,DAVID L JACKSON,160
Wetzel,PRECINCT 43,Supreme Court of Appeals,,,DAVID L JACKSON,223
Wetzel,PRECINCT 44,Supreme Court of Appeals,,,DAVID L JACKSON,128
Wetzel,PRECINCT 45,Supreme Court of Appeals,,,DAVID L JACKSON,114
Wetzel,PRECINCT 48,Supreme Court of Appeals,,,DAVID L JACKSON,160
Wetzel,PRECINCT 50,Supreme Court of Appeals,,,DAVID L JACKSON,156
Wetzel,PRECINCT 4,MAGISTRATE,,,ROGER G. SPRAGG,72
Wetzel,PRECINCT 10,MAGISTRATE,,,ROGER G. SPRAGG,167
Wetzel,PRECINCT 11,MAGISTRATE,,,ROGER G. SPRAGG,72
Wetzel,PRECINCT 12,MAGISTRATE,,,ROGER G. SPRAGG,63
Wetzel,PRECINCT 15,MAGISTRATE,,,ROGER G. SPRAGG,67
Wetzel,PRECINCT 16,MAGISTRATE,,,ROGER G. SPRAGG,187
Wetzel,PRECINCT 18,MAGISTRATE,,,ROGER G. SPRAGG,49
Wetzel,PRECINCT 21,MAGISTRATE,,,ROGER G. SPRAGG,151
Wetzel,PRECINCT 27,MAGISTRATE,,,ROGER G. SPRAGG,36
Wetzel,PRECINCT 29,MAGISTRATE,,,ROGER G. SPRAGG,102
Wetzel,PRECINCT 33,MAGISTRATE,,,ROGER G. SPRAGG,136
Wetzel,PRECINCT 36,MAGISTRATE,,,ROGER G. SPRAGG,70
Wetzel,PRECINCT 38,MAGISTRATE,,,ROGER G. SPRAGG,141
Wetzel,PRECINCT 39,MAGISTRATE,,,ROGER G. SPRAGG,183
Wetzel,PRECINCT 40,MAGISTRATE,,,ROGER G. SPRAGG,52
Wetzel,PRECINCT 42,MAGISTRATE,,,ROGER G. SPRAGG,167
Wetzel,PRECINCT 43,MAGISTRATE,,,ROGER G. SPRAGG,246
Wetzel,PRECINCT 44,MAGISTRATE,,,ROGER G. SPRAGG,138
Wetzel,PRECINCT 45,MAGISTRATE,,,ROGER G. SPRAGG,113
Wetzel,PRECINCT 48,MAGISTRATE,,,ROGER G. SPRAGG,176
Wetzel,PRECINCT 50,MAGISTRATE,,,ROGER G. SPRAGG,181
Wetzel,PRECINCT 4,MAGISTRATE,,,DONNIE HARRIS,80
Wetzel,PRECINCT 10,MAGISTRATE,,,DONNIE HARRIS,155
Wetzel,PRECINCT 11,MAGISTRATE,,,DONNIE HARRIS,69
Wetzel,PRECINCT 12,MAGISTRATE,,,DONNIE HARRIS,52
Wetzel,PRECINCT 15,MAGISTRATE,,,DONNIE HARRIS,73
Wetzel,PRECINCT 16,MAGISTRATE,,,DONNIE HARRIS,199
Wetzel,PRECINCT 18,MAGISTRATE,,,DONNIE HARRIS,51
Wetzel,PRECINCT 21,MAGISTRATE,,,DONNIE HARRIS,162
Wetzel,PRECINCT 27,MAGISTRATE,,,DONNIE HARRIS,42
Wetzel,PRECINCT 29,MAGISTRATE,,,DONNIE HARRIS,106
Wetzel,PRECINCT 33,MAGISTRATE,,,DONNIE HARRIS,141
Wetzel,PRECINCT 36,MAGISTRATE,,,DONNIE HARRIS,75
Wetzel,PRECINCT 38,MAGISTRATE,,,DONNIE HARRIS,137
Wetzel,PRECINCT 39,MAGISTRATE,,,DONNIE HARRIS,178
Wetzel,PRECINCT 40,MAGISTRATE,,,DONNIE HARRIS,50
Wetzel,PRECINCT 42,MAGISTRATE,,,DONNIE HARRIS,182
Wetzel,PRECINCT 43,MAGISTRATE,,,DONNIE HARRIS,253
Wetzel,PRECINCT 44,MAGISTRATE,,,DONNIE HARRIS,146
Wetzel,PRECINCT 45,MAGISTRATE,,,DONNIE HARRIS,127
Wetzel,PRECINCT 48,MAGISTRATE,,,DONNIE HARRIS,180
Wetzel,PRECINCT 50,MAGISTRATE,,,DONNIE HARRIS,187
Wetzel,PRECINCT 4,REP FOR COUNTY COMMISSIONER,,REP,KELLY NELSEN,29
Wetzel,PRECINCT 10,REP FOR COUNTY COMMISSIONER,,REP,KELLY NELSEN,50
Wetzel,PRECINCT 11,REP FOR COUNTY COMMISSIONER,,REP,KELLY NELSEN,33
Wetzel,PRECINCT 12,REP FOR COUNTY COMMISSIONER,,REP,KELLY NELSEN,23
Wetzel,PRECINCT 15,REP FOR COUNTY COMMISSIONER,,REP,KELLY NELSEN,48
Wetzel,PRECINCT 16,REP FOR COUNTY COMMISSIONER,,REP,KELLY NELSEN,120
Wetzel,PRECINCT 18,REP FOR COUNTY COMMISSIONER,,REP,KELLY NELSEN,27
Wetzel,PRECINCT 21,REP FOR COUNTY COMMISSIONER,,REP,KELLY NELSEN,70
Wetzel,PRECINCT 27,REP FOR COUNTY COMMISSIONER,,REP,KELLY NELSEN,13
Wetzel,PRECINCT 29,REP FOR COUNTY COMMISSIONER,,REP,KELLY NELSEN,42
Wetzel,PRECINCT 33,REP FOR COUNTY COMMISSIONER,,REP,KELLY NELSEN,64
Wetzel,PRECINCT 36,REP FOR COUNTY COMMISSIONER,,REP,KELLY NELSEN,22
Wetzel,PRECINCT 38,REP FOR COUNTY COMMISSIONER,,REP,KELLY NELSEN,29
Wetzel,PRECINCT 39,REP FOR COUNTY COMMISSIONER,,REP,KELLY NELSEN,45
Wetzel,PRECINCT 40,REP FOR COUNTY COMMISSIONER,,REP,KELLY NELSEN,27
Wetzel,PRECINCT 42,REP FOR COUNTY COMMISSIONER,,REP,KELLY NELSEN,90
Wetzel,PRECINCT 43,REP FOR COUNTY COMMISSIONER,,REP,KELLY NELSEN,142
Wetzel,PRECINCT 44,REP FOR COUNTY COMMISSIONER,,REP,KELLY NELSEN,68
Wetzel,PRECINCT 45,REP FOR COUNTY COMMISSIONER,,REP,KELLY NELSEN,56
Wetzel,PRECINCT 48,REP FOR COUNTY COMMISSIONER,,REP,KELLY NELSEN,86
Wetzel,PRECINCT 50,REP FOR COUNTY COMMISSIONER,,REP,KELLY NELSEN,84
Wetzel,PRECINCT 4,REP FOR COUNTY COMMISSIONER,,REP,BILL BELL,5
Wetzel,PRECINCT 10,REP FOR COUNTY COMMISSIONER,,REP,BILL BELL,50
Wetzel,PRECINCT 11,REP FOR COUNTY COMMISSIONER,,REP,BILL BELL,19
Wetzel,PRECINCT 12,REP FOR COUNTY COMMISSIONER,,REP,BILL BELL,17
Wetzel,PRECINCT 15,REP FOR COUNTY COMMISSIONER,,REP,BILL BELL,6
Wetzel,PRECINCT 16,REP FOR COUNTY COMMISSIONER,,REP,BILL BELL,26
Wetzel,PRECINCT 18,REP FOR COUNTY COMMISSIONER,,REP,BILL BELL,6
Wetzel,PRECINCT 21,REP FOR COUNTY COMMISSIONER,,REP,BILL BELL,22
Wetzel,PRECINCT 27,REP FOR COUNTY COMMISSIONER,,REP,BILL BELL,10
Wetzel,PRECINCT 29,REP FOR COUNTY COMMISSIONER,,REP,BILL BELL,16
Wetzel,PRECINCT 33,REP FOR COUNTY COMMISSIONER,,REP,BILL BELL,7
Wetzel,PRECINCT 36,REP FOR COUNTY COMMISSIONER,,REP,BILL BELL,8
Wetzel,PRECINCT 38,REP FOR COUNTY COMMISSIONER,,REP,BILL BELL,55
Wetzel,PRECINCT 39,REP FOR COUNTY COMMISSIONER,,REP,BILL BELL,83
Wetzel,PRECINCT 40,REP FOR COUNTY COMMISSIONER,,REP,BILL BELL,4
Wetzel,PRECINCT 42,REP FOR COUNTY COMMISSIONER,,REP,BILL BELL,27
Wetzel,PRECINCT 43,REP FOR COUNTY COMMISSIONER,,REP,BILL BELL,22
Wetzel,PRECINCT 44,REP FOR COUNTY COMMISSIONER,,REP,BILL BELL,21
Wetzel,PRECINCT 45,REP FOR COUNTY COMMISSIONER,,REP,BILL BELL,18
Wetzel,PRECINCT 48,REP FOR COUNTY COMMISSIONER,,REP,BILL BELL,22
Wetzel,PRECINCT 50,REP FOR COUNTY COMMISSIONER,,REP,BILL BELL,30
Wetzel,PRECINCT 4,DEM FOR COUNTY COMMISSIONER,,DEM,NO CANDIDATE FILED,0
Wetzel,PRECINCT 10,DEM FOR COUNTY COMMISSIONER,,DEM,NO CANDIDATE FILED,0
Wetzel,PRECINCT 11,DEM FOR COUNTY COMMISSIONER,,DEM,NO CANDIDATE FILED,0
Wetzel,PRECINCT 12,DEM FOR COUNTY COMMISSIONER,,DEM,NO CANDIDATE FILED,0
Wetzel,PRECINCT 15,DEM FOR COUNTY COMMISSIONER,,DEM,NO CANDIDATE FILED,0
Wetzel,PRECINCT 16,DEM FOR COUNTY COMMISSIONER,,DEM,NO CANDIDATE FILED,0
Wetzel,PRECINCT 18,DEM FOR COUNTY COMMISSIONER,,DEM,NO CANDIDATE FILED,0
Wetzel,PRECINCT 21,DEM FOR COUNTY COMMISSIONER,,DEM,NO CANDIDATE FILED,0
Wetzel,PRECINCT 27,DEM FOR COUNTY COMMISSIONER,,DEM,NO CANDIDATE FILED,0
Wetzel,PRECINCT 29,DEM FOR COUNTY COMMISSIONER,,DEM,NO CANDIDATE FILED,0
Wetzel,PRECINCT 33,DEM FOR COUNTY COMMISSIONER,,DEM,NO CANDIDATE FILED,0
Wetzel,PRECINCT 36,DEM FOR COUNTY COMMISSIONER,,DEM,NO CANDIDATE FILED,0
Wetzel,PRECINCT 38,DEM FOR COUNTY COMMISSIONER,,DEM,NO CANDIDATE FILED,0
Wetzel,PRECINCT 39,DEM FOR COUNTY COMMISSIONER,,DEM,NO CANDIDATE FILED,0
Wetzel,PRECINCT 40,DEM FOR COUNTY COMMISSIONER,,DEM,NO CANDIDATE FILED,0
Wetzel,PRECINCT 42,DEM FOR COUNTY COMMISSIONER,,DEM,NO CANDIDATE FILED,0
Wetzel,PRECINCT 43,DEM FOR COUNTY COMMISSIONER,,DEM,NO CANDIDATE FILED,0
Wetzel,PRECINCT 44,DEM FOR COUNTY COMMISSIONER,,DEM,NO CANDIDATE FILED,0
Wetzel,PRECINCT 45,DEM FOR COUNTY COMMISSIONER,,DEM,NO CANDIDATE FILED,0
Wetzel,PRECINCT 48,DEM FOR COUNTY COMMISSIONER,,DEM,NO CANDIDATE FILED,0
Wetzel,PRECINCT 50,DEM FOR COUNTY COMMISSIONER,,DEM,NO CANDIDATE FILED,0
Wetzel,PRECINCT 4,MTN FOR COUNTY COMMISSIONER,,MTN,NO CANDIDATE FILED,0
Wetzel,PRECINCT 10,MTN FOR COUNTY COMMISSIONER,,MTN,NO CANDIDATE FILED,0
Wetzel,PRECINCT 11,MTN FOR COUNTY COMMISSIONER,,MTN,NO CANDIDATE FILED,0
Wetzel,PRECINCT 12,MTN FOR COUNTY COMMISSIONER,,MTN,NO CANDIDATE FILED,0
Wetzel,PRECINCT 15,MTN FOR COUNTY COMMISSIONER,,MTN,NO CANDIDATE FILED,0
Wetzel,PRECINCT 16,MTN FOR COUNTY COMMISSIONER,,MTN,NO CANDIDATE FILED,0
Wetzel,PRECINCT 18,MTN FOR COUNTY COMMISSIONER,,MTN,NO CANDIDATE FILED,0
Wetzel,PRECINCT 21,MTN FOR COUNTY COMMISSIONER,,MTN,NO CANDIDATE FILED,0
Wetzel,PRECINCT 27,MTN FOR COUNTY COMMISSIONER,,MTN,NO CANDIDATE FILED,0
Wetzel,PRECINCT 29,MTN FOR COUNTY COMMISSIONER,,MTN,NO CANDIDATE FILED,0
Wetzel,PRECINCT 33,MTN FOR COUNTY COMMISSIONER,,MTN,NO CANDIDATE FILED,0
Wetzel,PRECINCT 36,MTN FOR COUNTY COMMISSIONER,,MTN,NO CANDIDATE FILED,0
Wetzel,PRECINCT 38,MTN FOR COUNTY COMMISSIONER,,MTN,NO CANDIDATE FILED,0
Wetzel,PRECINCT 39,MTN FOR COUNTY COMMISSIONER,,MTN,NO CANDIDATE FILED,0
Wetzel,PRECINCT 40,MTN FOR COUNTY COMMISSIONER,,MTN,NO CANDIDATE FILED,0
Wetzel,PRECINCT 42,MTN FOR COUNTY COMMISSIONER,,MTN,NO CANDIDATE FILED,0
Wetzel,PRECINCT 43,MTN FOR COUNTY COMMISSIONER,,MTN,NO CANDIDATE FILED,0
Wetzel,PRECINCT 44,MTN FOR COUNTY COMMISSIONER,,MTN,NO CANDIDATE FILED,0
Wetzel,PRECINCT 45,MTN FOR COUNTY COMMISSIONER,,MTN,NO CANDIDATE FILED,0
Wetzel,PRECINCT 48,MTN FOR COUNTY COMMISSIONER,,MTN,NO CANDIDATE FILED,0
Wetzel,PRECINCT 50,MTN FOR COUNTY COMMISSIONER,,MTN,NO CANDIDATE FILED,0
Wetzel,PRECINCT 4,REP FOR PROSECUTING ATTORNEY,,REP,NO CANDIDATE FILED,0
Wetzel,PRECINCT 10,REP FOR PROSECUTING ATTORNEY,,REP,NO CANDIDATE FILED,0
Wetzel,PRECINCT 11,REP FOR PROSECUTING ATTORNEY,,REP,NO CANDIDATE FILED,0
Wetzel,PRECINCT 12,REP FOR PROSECUTING ATTORNEY,,REP,NO CANDIDATE FILED,0
Wetzel,PRECINCT 15,REP FOR PROSECUTING ATTORNEY,,REP,NO CANDIDATE FILED,0
Wetzel,PRECINCT 16,REP FOR PROSECUTING ATTORNEY,,REP,NO CANDIDATE FILED,0
Wetzel,PRECINCT 18,REP FOR PROSECUTING ATTORNEY,,REP,NO CANDIDATE FILED,0
Wetzel,PRECINCT 21,REP FOR PROSECUTING ATTORNEY,,REP,NO CANDIDATE FILED,0
Wetzel,PRECINCT 27,REP FOR PROSECUTING ATTORNEY,,REP,NO CANDIDATE FILED,0
Wetzel,PRECINCT 29,REP FOR PROSECUTING ATTORNEY,,REP,NO CANDIDATE FILED,0
Wetzel,PRECINCT 33,REP FOR PROSECUTING ATTORNEY,,REP,NO CANDIDATE FILED,0
Wetzel,PRECINCT 36,REP FOR PROSECUTING ATTORNEY,,REP,NO CANDIDATE FILED,0
Wetzel,PRECINCT 38,REP FOR PROSECUTING ATTORNEY,,REP,NO CANDIDATE FILED,0
Wetzel,PRECINCT 39,REP FOR PROSECUTING ATTORNEY,,REP,NO CANDIDATE FILED,0
Wetzel,PRECINCT 40,REP FOR PROSECUTING ATTORNEY,,REP,NO CANDIDATE FILED,0
Wetzel,PRECINCT 42,REP FOR PROSECUTING ATTORNEY,,REP,NO CANDIDATE FILED,0
Wetzel,PRECINCT 43,REP FOR PROSECUTING ATTORNEY,,REP,NO CANDIDATE FILED,0
Wetzel,PRECINCT 44,REP FOR PROSECUTING ATTORNEY,,REP,NO CANDIDATE FILED,0
Wetzel,PRECINCT 45,REP FOR PROSECUTING ATTORNEY,,REP,NO CANDIDATE FILED,0
Wetzel,PRECINCT 48,REP FOR PROSECUTING ATTORNEY,,REP,NO CANDIDATE FILED,0
Wetzel,PRECINCT 50,REP FOR PROSECUTING ATTORNEY,,REP,NO CANDIDATE FILED,0
Wetzel,PRECINCT 4,DEM FOR PROSECUTING ATTORNEY,,DEM,TIMOTHY E HAUGHT,49
Wetzel,PRECINCT 10,DEM FOR PROSECUTING ATTORNEY,,DEM,TIMOTHY E HAUGHT,54
Wetzel,PRECINCT 11,DEM FOR PROSECUTING ATTORNEY,,DEM,TIMOTHY E HAUGHT,28
Wetzel,PRECINCT 12,DEM FOR PROSECUTING ATTORNEY,,DEM,TIMOTHY E HAUGHT,16
Wetzel,PRECINCT 15,DEM FOR PROSECUTING ATTORNEY,,DEM,TIMOTHY E HAUGHT,23
Wetzel,PRECINCT 16,DEM FOR PROSECUTING ATTORNEY,,DEM,TIMOTHY E HAUGHT,49
Wetzel,PRECINCT 18,DEM FOR PROSECUTING ATTORNEY,,DEM,TIMOTHY E HAUGHT,24
Wetzel,PRECINCT 21,DEM FOR PROSECUTING ATTORNEY,,DEM,TIMOTHY E HAUGHT,58
Wetzel,PRECINCT 27,DEM FOR PROSECUTING ATTORNEY,,DEM,TIMOTHY E HAUGHT,18
Wetzel,PRECINCT 29,DEM FOR PROSECUTING ATTORNEY,,DEM,TIMOTHY E HAUGHT,44
Wetzel,PRECINCT 33,DEM FOR PROSECUTING ATTORNEY,,DEM,TIMOTHY E HAUGHT,68
Wetzel,PRECINCT 36,DEM FOR PROSECUTING ATTORNEY,,DEM,TIMOTHY E HAUGHT,44
Wetzel,PRECINCT 38,DEM FOR PROSECUTING ATTORNEY,,DEM,TIMOTHY E HAUGHT,52
Wetzel,PRECINCT 39,DEM FOR PROSECUTING ATTORNEY,,DEM,TIMOTHY E HAUGHT,56
Wetzel,PRECINCT 40,DEM FOR PROSECUTING ATTORNEY,,DEM,TIMOTHY E HAUGHT,23
Wetzel,PRECINCT 42,DEM FOR PROSECUTING ATTORNEY,,DEM,TIMOTHY E HAUGHT,77
Wetzel,PRECINCT 43,DEM FOR PROSECUTING ATTORNEY,,DEM,TIMOTHY E HAUGHT,112
Wetzel,PRECINCT 44,DEM FOR PROSECUTING ATTORNEY,,DEM,TIMOTHY E HAUGHT,68
Wetzel,PRECINCT 45,DEM FOR PROSECUTING ATTORNEY,,DEM,TIMOTHY E HAUGHT,59
Wetzel,PRECINCT 48,DEM FOR PROSECUTING ATTORNEY,,DEM,TIMOTHY E HAUGHT,72
Wetzel,PRECINCT 50,DEM FOR PROSECUTING ATTORNEY,,DEM,TIMOTHY E HAUGHT,85
Wetzel,PRECINCT 4,MTN FOR PROSECUTING ATTORNEY,,MTN,NO CANDIDATE FILED,0
Wetzel,PRECINCT 10,MTN FOR PROSECUTING ATTORNEY,,MTN,NO CANDIDATE FILED,0
Wetzel,PRECINCT 11,MTN FOR PROSECUTING ATTORNEY,,MTN,NO CANDIDATE FILED,0
Wetzel,PRECINCT 12,MTN FOR PROSECUTING ATTORNEY,,MTN,NO CANDIDATE FILED,0
Wetzel,PRECINCT 15,MTN FOR PROSECUTING ATTORNEY,,MTN,NO CANDIDATE FILED,0
Wetzel,PRECINCT 16,MTN FOR PROSECUTING ATTORNEY,,MTN,NO CANDIDATE FILED,0
Wetzel,PRECINCT 18,MTN FOR PROSECUTING ATTORNEY,,MTN,NO CANDIDATE FILED,0
Wetzel,PRECINCT 21,MTN FOR PROSECUTING ATTORNEY,,MTN,NO CANDIDATE FILED,0
Wetzel,PRECINCT 27,MTN FOR PROSECUTING ATTORNEY,,MTN,NO CANDIDATE FILED,0
Wetzel,PRECINCT 29,MTN FOR PROSECUTING ATTORNEY,,MTN,NO CANDIDATE FILED,0
Wetzel,PRECINCT 33,MTN FOR PROSECUTING ATTORNEY,,MTN,NO CANDIDATE FILED,0
Wetzel,PRECINCT 36,MTN FOR PROSECUTING ATTORNEY,,MTN,NO CANDIDATE FILED,0
Wetzel,PRECINCT 38,MTN FOR PROSECUTING ATTORNEY,,MTN,NO CANDIDATE FILED,0
Wetzel,PRECINCT 39,MTN FOR PROSECUTING ATTORNEY,,MTN,NO CANDIDATE FILED,0
Wetzel,PRECINCT 40,MTN FOR PROSECUTING ATTORNEY,,MTN,NO CANDIDATE FILED,0
Wetzel,PRECINCT 42,MTN FOR PROSECUTING ATTORNEY,,MTN,NO CANDIDATE FILED,0
Wetzel,PRECINCT 43,MTN FOR PROSECUTING ATTORNEY,,MTN,NO CANDIDATE FILED,0
Wetzel,PRECINCT 44,MTN FOR PROSECUTING ATTORNEY,,MTN,NO CANDIDATE FILED,0
Wetzel,PRECINCT 45,MTN FOR PROSECUTING ATTORNEY,,MTN,NO CANDIDATE FILED,0
Wetzel,PRECINCT 48,MTN FOR PROSECUTING ATTORNEY,,MTN,NO CANDIDATE FILED,0
Wetzel,PRECINCT 50,MTN FOR PROSECUTING ATTORNEY,,MTN,NO CANDIDATE FILED,0
Wetzel,PRECINCT 4,REP FOR SHERIFF,,REP,CHAD SECKMAN,8
Wetzel,PRECINCT 10,REP FOR SHERIFF,,REP,CHAD SECKMAN,27
Wetzel,PRECINCT 11,REP FOR SHERIFF,,REP,CHAD SECKMAN,17
Wetzel,PRECINCT 12,REP FOR SHERIFF,,REP,CHAD SECKMAN,10
Wetzel,PRECINCT 15,REP FOR SHERIFF,,REP,CHAD SECKMAN,21
Wetzel,PRECINCT 16,REP FOR SHERIFF,,REP,CHAD SECKMAN,23
Wetzel,PRECINCT 18,REP FOR SHERIFF,,REP,CHAD SECKMAN,17
Wetzel,PRECINCT 21,REP FOR SHERIFF,,REP,CHAD SECKMAN,21
Wetzel,PRECINCT 27,REP FOR SHERIFF,,REP,CHAD SECKMAN,5
Wetzel,PRECINCT 29,REP FOR SHERIFF,,REP,CHAD SECKMAN,15
Wetzel,PRECINCT 33,REP FOR SHERIFF,,REP,CHAD SECKMAN,28
Wetzel,PRECINCT 36,REP FOR SHERIFF,,REP,CHAD SECKMAN,15
Wetzel,PRECINCT 38,REP FOR SHERIFF,,REP,CHAD SECKMAN,33
Wetzel,PRECINCT 39,REP FOR SHERIFF,,REP,CHAD SECKMAN,51
Wetzel,PRECINCT 40,REP FOR SHERIFF,,REP,CHAD SECKMAN,20
Wetzel,PRECINCT 42,REP FOR SHERIFF,,REP,CHAD SECKMAN,71
Wetzel,PRECINCT 43,REP FOR SHERIFF,,REP,CHAD SECKMAN,91
Wetzel,PRECINCT 44,REP FOR SHERIFF,,REP,CHAD SECKMAN,39
Wetzel,PRECINCT 45,REP FOR SHERIFF,,REP,CHAD SECKMAN,30
Wetzel,PRECINCT 48,REP FOR SHERIFF,,REP,CHAD SECKMAN,46
Wetzel,PRECINCT 50,REP FOR SHERIFF,,REP,CHAD SECKMAN,43
Wetzel,PRECINCT 4,REP FOR SHERIFF,,REP,ERIC DAUGHERTY,24
Wetzel,PRECINCT 10,REP FOR SHERIFF,,REP,ERIC DAUGHERTY,92
Wetzel,PRECINCT 11,REP FOR SHERIFF,,REP,ERIC DAUGHERTY,37
Wetzel,PRECINCT 12,REP FOR SHERIFF,,REP,ERIC DAUGHERTY,31
Wetzel,PRECINCT 15,REP FOR SHERIFF,,REP,ERIC DAUGHERTY,33
Wetzel,PRECINCT 16,REP FOR SHERIFF,,REP,ERIC DAUGHERTY,136
Wetzel,PRECINCT 18,REP FOR SHERIFF,,REP,ERIC DAUGHERTY,19
Wetzel,PRECINCT 21,REP FOR SHERIFF,,REP,ERIC DAUGHERTY,86
Wetzel,PRECINCT 27,REP FOR SHERIFF,,REP,ERIC DAUGHERTY,19
Wetzel,PRECINCT 29,REP FOR SHERIFF,,REP,ERIC DAUGHERTY,44
Wetzel,PRECINCT 33,REP FOR SHERIFF,,REP,ERIC DAUGHERTY,48
Wetzel,PRECINCT 36,REP FOR SHERIFF,,REP,ERIC DAUGHERTY,15
Wetzel,PRECINCT 38,REP FOR SHERIFF,,REP,ERIC DAUGHERTY,53
Wetzel,PRECINCT 39,REP FOR SHERIFF,,REP,ERIC DAUGHERTY,76
Wetzel,PRECINCT 40,REP FOR SHERIFF,,REP,ERIC DAUGHERTY,12
Wetzel,PRECINCT 42,REP FOR SHERIFF,,REP,ERIC DAUGHERTY,48
Wetzel,PRECINCT 43,REP FOR SHERIFF,,REP,ERIC DAUGHERTY,76
Wetzel,PRECINCT 44,REP FOR SHERIFF,,REP,ERIC DAUGHERTY,51
Wetzel,PRECINCT 45,REP FOR SHERIFF,,REP,ERIC DAUGHERTY,47
Wetzel,PRECINCT 48,REP FOR SHERIFF,,REP,ERIC DAUGHERTY,65
Wetzel,PRECINCT 50,REP FOR SHERIFF,,REP,ERIC DAUGHERTY,70
Wetzel,PRECINCT 4,DEM FOR SHERIFF,,DEM,NO CANDIDATE FILED,0
Wetzel,PRECINCT 10,DEM FOR SHERIFF,,DEM,NO CANDIDATE FILED,0
Wetzel,PRECINCT 11,DEM FOR SHERIFF,,DEM,NO CANDIDATE FILED,0
Wetzel,PRECINCT 12,DEM FOR SHERIFF,,DEM,NO CANDIDATE FILED,0
Wetzel,PRECINCT 15,DEM FOR SHERIFF,,DEM,NO CANDIDATE FILED,0
Wetzel,PRECINCT 16,DEM FOR SHERIFF,,DEM,NO CANDIDATE FILED,0
Wetzel,PRECINCT 18,DEM FOR SHERIFF,,DEM,NO CANDIDATE FILED,0
Wetzel,PRECINCT 21,DEM FOR SHERIFF,,DEM,NO CANDIDATE FILED,0
Wetzel,PRECINCT 27,DEM FOR SHERIFF,,DEM,NO CANDIDATE FILED,0
Wetzel,PRECINCT 29,DEM FOR SHERIFF,,DEM,NO CANDIDATE FILED,0
Wetzel,PRECINCT 33,DEM FOR SHERIFF,,DEM,NO CANDIDATE FILED,0
Wetzel,PRECINCT 36,DEM FOR SHERIFF,,DEM,NO CANDIDATE FILED,0
Wetzel,PRECINCT 38,DEM FOR SHERIFF,,DEM,NO CANDIDATE FILED,0
Wetzel,PRECINCT 39,DEM FOR SHERIFF,,DEM,NO CANDIDATE FILED,0
Wetzel,PRECINCT 40,DEM FOR SHERIFF,,DEM,NO CANDIDATE FILED,0
Wetzel,PRECINCT 42,DEM FOR SHERIFF,,DEM,NO CANDIDATE FILED,0
Wetzel,PRECINCT 43,DEM FOR SHERIFF,,DEM,NO CANDIDATE FILED,0
Wetzel,PRECINCT 44,DEM FOR SHERIFF,,DEM,NO CANDIDATE FILED,0
Wetzel,PRECINCT 45,DEM FOR SHERIFF,,DEM,NO CANDIDATE FILED,0
Wetzel,PRECINCT 48,DEM FOR SHERIFF,,DEM,NO CANDIDATE FILED,0
Wetzel,PRECINCT 50,DEM FOR SHERIFF,,DEM,NO CANDIDATE FILED,0
Wetzel,PRECINCT 4,MTN FOR SHERIFF,,MTN,NO CANDIDATE FILED,0
Wetzel,PRECINCT 10,MTN FOR SHERIFF,,MTN,NO CANDIDATE FILED,0
Wetzel,PRECINCT 11,MTN FOR SHERIFF,,MTN,NO CANDIDATE FILED,0
Wetzel,PRECINCT 12,MTN FOR SHERIFF,,MTN,NO CANDIDATE FILED,0
Wetzel,PRECINCT 15,MTN FOR SHERIFF,,MTN,NO CANDIDATE FILED,0
Wetzel,PRECINCT 16,MTN FOR SHERIFF,,MTN,NO CANDIDATE FILED,0
Wetzel,PRECINCT 18,MTN FOR SHERIFF,,MTN,NO CANDIDATE FILED,0
Wetzel,PRECINCT 21,MTN FOR SHERIFF,,MTN,NO CANDIDATE FILED,0
Wetzel,PRECINCT 27,MTN FOR SHERIFF,,MTN,NO CANDIDATE FILED,0
Wetzel,PRECINCT 29,MTN FOR SHERIFF,,MTN,NO CANDIDATE FILED,0
Wetzel,PRECINCT 33,MTN FOR SHERIFF,,MTN,NO CANDIDATE FILED,0
Wetzel,PRECINCT 36,MTN FOR SHERIFF,,MTN,NO CANDIDATE FILED,0
Wetzel,PRECINCT 38,MTN FOR SHERIFF,,MTN,NO CANDIDATE FILED,0
Wetzel,PRECINCT 39,MTN FOR SHERIFF,,MTN,NO CANDIDATE FILED,0
Wetzel,PRECINCT 40,MTN FOR SHERIFF,,MTN,NO CANDIDATE FILED,0
Wetzel,PRECINCT 42,MTN FOR SHERIFF,,MTN,NO CANDIDATE FILED,0
Wetzel,PRECINCT 43,MTN FOR SHERIFF,,MTN,NO CANDIDATE FILED,0
Wetzel,PRECINCT 44,MTN FOR SHERIFF,,MTN,NO CANDIDATE FILED,0
Wetzel,PRECINCT 45,MTN FOR SHERIFF,,MTN,NO CANDIDATE FILED,0
Wetzel,PRECINCT 48,MTN FOR SHERIFF,,MTN,NO CANDIDATE FILED,0
Wetzel,PRECINCT 50,MTN FOR SHERIFF,,MTN,NO CANDIDATE FILED,0
Wetzel,PRECINCT 4,REP FOR ASSESSOR,,REP,TIM BASSETT,24
Wetzel,PRECINCT 10,REP FOR ASSESSOR,,REP,TIM BASSETT,84
Wetzel,PRECINCT 11,REP FOR ASSESSOR,,REP,TIM BASSETT,38
Wetzel,PRECINCT 12,REP FOR ASSESSOR,,REP,TIM BASSETT,34
Wetzel,PRECINCT 15,REP FOR ASSESSOR,,REP,TIM BASSETT,40
Wetzel,PRECINCT 16,REP FOR ASSESSOR,,REP,TIM BASSETT,120
Wetzel,PRECINCT 18,REP FOR ASSESSOR,,REP,TIM BASSETT,27
Wetzel,PRECINCT 21,REP FOR ASSESSOR,,REP,TIM BASSETT,78
Wetzel,PRECINCT 27,REP FOR ASSESSOR,,REP,TIM BASSETT,20
Wetzel,PRECINCT 29,REP FOR ASSESSOR,,REP,TIM BASSETT,56
Wetzel,PRECINCT 33,REP FOR ASSESSOR,,REP,TIM BASSETT,50
Wetzel,PRECINCT 36,REP FOR ASSESSOR,,REP,TIM BASSETT,21
Wetzel,PRECINCT 38,REP FOR ASSESSOR,,REP,TIM BASSETT,70
Wetzel,PRECINCT 39,REP FOR ASSESSOR,,REP,TIM BASSETT,107
Wetzel,PRECINCT 40,REP FOR ASSESSOR,,REP,TIM BASSETT,24
Wetzel,PRECINCT 42,REP FOR ASSESSOR,,REP,TIM BASSETT,90
Wetzel,PRECINCT 43,REP FOR ASSESSOR,,REP,TIM BASSETT,124
Wetzel,PRECINCT 44,REP FOR ASSESSOR,,REP,TIM BASSETT,68
Wetzel,PRECINCT 45,REP FOR ASSESSOR,,REP,TIM BASSETT,59
Wetzel,PRECINCT 48,REP FOR ASSESSOR,,REP,TIM BASSETT,78
Wetzel,PRECINCT 50,REP FOR ASSESSOR,,REP,TIM BASSETT,79
Wetzel,PRECINCT 4,DEM FOR ASSESSOR,,DEM,SCOTT LEMLEY,44
Wetzel,PRECINCT 10,DEM FOR ASSESSOR,,DEM,SCOTT LEMLEY,64
Wetzel,PRECINCT 11,DEM FOR ASSESSOR,,DEM,SCOTT LEMLEY,31
Wetzel,PRECINCT 12,DEM FOR ASSESSOR,,DEM,SCOTT LEMLEY,18
Wetzel,PRECINCT 15,DEM FOR ASSESSOR,,DEM,SCOTT LEMLEY,23
Wetzel,PRECINCT 16,DEM FOR ASSESSOR,,DEM,SCOTT LEMLEY,51
Wetzel,PRECINCT 18,DEM FOR ASSESSOR,,DEM,SCOTT LEMLEY,26
Wetzel,PRECINCT 21,DEM FOR ASSESSOR,,DEM,SCOTT LEMLEY,59
Wetzel,PRECINCT 27,DEM FOR ASSESSOR,,DEM,SCOTT LEMLEY,20
Wetzel,PRECINCT 29,DEM FOR ASSESSOR,,DEM,SCOTT LEMLEY,40
Wetzel,PRECINCT 33,DEM FOR ASSESSOR,,DEM,SCOTT LEMLEY,77
Wetzel,PRECINCT 36,DEM FOR ASSESSOR,,DEM,SCOTT LEMLEY,40
Wetzel,PRECINCT 38,DEM FOR ASSESSOR,,DEM,SCOTT LEMLEY,54
Wetzel,PRECINCT 39,DEM FOR ASSESSOR,,DEM,SCOTT LEMLEY,61
Wetzel,PRECINCT 40,DEM FOR ASSESSOR,,DEM,SCOTT LEMLEY,23
Wetzel,PRECINCT 42,DEM FOR ASSESSOR,,DEM,SCOTT LEMLEY,79
Wetzel,PRECINCT 43,DEM FOR ASSESSOR,,DEM,SCOTT LEMLEY,108
Wetzel,PRECINCT 44,DEM FOR ASSESSOR,,DEM,SCOTT LEMLEY,61
Wetzel,PRECINCT 45,DEM FOR ASSESSOR,,DEM,SCOTT LEMLEY,65
Wetzel,PRECINCT 48,DEM FOR ASSESSOR,,DEM,SCOTT LEMLEY,76
Wetzel,PRECINCT 50,DEM FOR ASSESSOR,,DEM,SCOTT LEMLEY,79
Wetzel,PRECINCT 4,MTN FOR ASSESSOR,,MTN,NO CANDIDATE FILED,0
Wetzel,PRECINCT 10,MTN FOR ASSESSOR,,MTN,NO CANDIDATE FILED,0
Wetzel,PRECINCT 11,MTN FOR ASSESSOR,,MTN,NO CANDIDATE FILED,0
Wetzel,PRECINCT 12,MTN FOR ASSESSOR,,MTN,NO CANDIDATE FILED,0
Wetzel,PRECINCT 15,MTN FOR ASSESSOR,,MTN,NO CANDIDATE FILED,0
Wetzel,PRECINCT 16,MTN FOR ASSESSOR,,MTN,NO CANDIDATE FILED,0
Wetzel,PRECINCT 18,MTN FOR ASSESSOR,,MTN,NO CANDIDATE FILED,0
Wetzel,PRECINCT 21,MTN FOR ASSESSOR,,MTN,NO CANDIDATE FILED,0
Wetzel,PRECINCT 27,MTN FOR ASSESSOR,,MTN,NO CANDIDATE FILED,0
Wetzel,PRECINCT 29,MTN FOR ASSESSOR,,MTN,NO CANDIDATE FILED,0
Wetzel,PRECINCT 33,MTN FOR ASSESSOR,,MTN,NO CANDIDATE FILED,0
Wetzel,PRECINCT 36,MTN FOR ASSESSOR,,MTN,NO CANDIDATE FILED,0
Wetzel,PRECINCT 38,MTN FOR ASSESSOR,,MTN,NO CANDIDATE FILED,0
Wetzel,PRECINCT 39,MTN FOR ASSESSOR,,MTN,NO CANDIDATE FILED,0
Wetzel,PRECINCT 40,MTN FOR ASSESSOR,,MTN,NO CANDIDATE FILED,0
Wetzel,PRECINCT 42,MTN FOR ASSESSOR,,MTN,NO CANDIDATE FILED,0
Wetzel,PRECINCT 43,MTN FOR ASSESSOR,,MTN,NO CANDIDATE FILED,0
Wetzel,PRECINCT 44,MTN FOR ASSESSOR,,MTN,NO CANDIDATE FILED,0
Wetzel,PRECINCT 45,MTN FOR ASSESSOR,,MTN,NO CANDIDATE FILED,0
Wetzel,PRECINCT 48,MTN FOR ASSESSOR,,MTN,NO CANDIDATE FILED,0
Wetzel,PRECINCT 50,MTN FOR ASSESSOR,,MTN,NO CANDIDATE FILED,0
Wetzel,PRECINCT 4,REP FOR SURVEYOR,,REP,NO CANDIDATE FILED,0
Wetzel,PRECINCT 10,REP FOR SURVEYOR,,REP,NO CANDIDATE FILED,0
Wetzel,PRECINCT 11,REP FOR SURVEYOR,,REP,NO CANDIDATE FILED,0
Wetzel,PRECINCT 12,REP FOR SURVEYOR,,REP,NO CANDIDATE FILED,0
Wetzel,PRECINCT 15,REP FOR SURVEYOR,,REP,NO CANDIDATE FILED,0
Wetzel,PRECINCT 16,REP FOR SURVEYOR,,REP,NO CANDIDATE FILED,0
Wetzel,PRECINCT 18,REP FOR SURVEYOR,,REP,NO CANDIDATE FILED,0
Wetzel,PRECINCT 21,REP FOR SURVEYOR,,REP,NO CANDIDATE FILED,0
Wetzel,PRECINCT 27,REP FOR SURVEYOR,,REP,NO CANDIDATE FILED,0
Wetzel,PRECINCT 29,REP FOR SURVEYOR,,REP,NO CANDIDATE FILED,0
Wetzel,PRECINCT 33,REP FOR SURVEYOR,,REP,NO CANDIDATE FILED,0
Wetzel,PRECINCT 36,REP FOR SURVEYOR,,REP,NO CANDIDATE FILED,0
Wetzel,PRECINCT 38,REP FOR SURVEYOR,,REP,NO CANDIDATE FILED,0
Wetzel,PRECINCT 39,REP FOR SURVEYOR,,REP,NO CANDIDATE FILED,0
Wetzel,PRECINCT 40,REP FOR SURVEYOR,,REP,NO CANDIDATE FILED,0
Wetzel,PRECINCT 42,REP FOR SURVEYOR,,REP,NO CANDIDATE FILED,0
Wetzel,PRECINCT 43,REP FOR SURVEYOR,,REP,NO CANDIDATE FILED,0
Wetzel,PRECINCT 44,REP FOR SURVEYOR,,REP,NO CANDIDATE FILED,0
Wetzel,PRECINCT 45,REP FOR SURVEYOR,,REP,NO CANDIDATE FILED,0
Wetzel,PRECINCT 48,REP FOR SURVEYOR,,REP,NO CANDIDATE FILED,0
Wetzel,PRECINCT 50,REP FOR SURVEYOR,,REP,NO CANDIDATE FILED,0
Wetzel,PRECINCT 4,DEM FOR SURVEYOR,,DEM,NO CANDIDATE FILED,0
Wetzel,PRECINCT 10,DEM FOR SURVEYOR,,DEM,NO CANDIDATE FILED,0
Wetzel,PRECINCT 11,DEM FOR SURVEYOR,,DEM,NO CANDIDATE FILED,0
Wetzel,PRECINCT 12,DEM FOR SURVEYOR,,DEM,NO CANDIDATE FILED,0
Wetzel,PRECINCT 15,DEM FOR SURVEYOR,,DEM,NO CANDIDATE FILED,0
Wetzel,PRECINCT 16,DEM FOR SURVEYOR,,DEM,NO CANDIDATE FILED,0
Wetzel,PRECINCT 18,DEM FOR SURVEYOR,,DEM,NO CANDIDATE FILED,0
Wetzel,PRECINCT 21,DEM FOR SURVEYOR,,DEM,NO CANDIDATE FILED,0
Wetzel,PRECINCT 27,DEM FOR SURVEYOR,,DEM,NO CANDIDATE FILED,0
Wetzel,PRECINCT 29,DEM FOR SURVEYOR,,DEM,NO CANDIDATE FILED,0
Wetzel,PRECINCT 33,DEM FOR SURVEYOR,,DEM,NO CANDIDATE FILED,0
Wetzel,PRECINCT 36,DEM FOR SURVEYOR,,DEM,NO CANDIDATE FILED,0
Wetzel,PRECINCT 38,DEM FOR SURVEYOR,,DEM,NO CANDIDATE FILED,0
Wetzel,PRECINCT 39,DEM FOR SURVEYOR,,DEM,NO CANDIDATE FILED,0
Wetzel,PRECINCT 40,DEM FOR SURVEYOR,,DEM,NO CANDIDATE FILED,0
Wetzel,PRECINCT 42,DEM FOR SURVEYOR,,DEM,NO CANDIDATE FILED,0
Wetzel,PRECINCT 43,DEM FOR SURVEYOR,,DEM,NO CANDIDATE FILED,0
Wetzel,PRECINCT 44,DEM FOR SURVEYOR,,DEM,NO CANDIDATE FILED,0
Wetzel,PRECINCT 45,DEM FOR SURVEYOR,,DEM,NO CANDIDATE FILED,0
Wetzel,PRECINCT 48,DEM FOR SURVEYOR,,DEM,NO CANDIDATE FILED,0
Wetzel,PRECINCT 50,DEM FOR SURVEYOR,,DEM,NO CANDIDATE FILED,0
Wetzel,PRECINCT 4,MTN FOR SURVEYOR,,MTN,NO CANDIDATE FILED,0
Wetzel,PRECINCT 10,MTN FOR SURVEYOR,,MTN,NO CANDIDATE FILED,0
Wetzel,PRECINCT 11,MTN FOR SURVEYOR,,MTN,NO CANDIDATE FILED,0
Wetzel,PRECINCT 12,MTN FOR SURVEYOR,,MTN,NO CANDIDATE FILED,0
Wetzel,PRECINCT 15,MTN FOR SURVEYOR,,MTN,NO CANDIDATE FILED,0
Wetzel,PRECINCT 16,MTN FOR SURVEYOR,,MTN,NO CANDIDATE FILED,0
Wetzel,PRECINCT 18,MTN FOR SURVEYOR,,MTN,NO CANDIDATE FILED,0
Wetzel,PRECINCT 21,MTN FOR SURVEYOR,,MTN,NO CANDIDATE FILED,0
Wetzel,PRECINCT 27,MTN FOR SURVEYOR,,MTN,NO CANDIDATE FILED,0
Wetzel,PRECINCT 29,MTN FOR SURVEYOR,,MTN,NO CANDIDATE FILED,0
Wetzel,PRECINCT 33,MTN FOR SURVEYOR,,MTN,NO CANDIDATE FILED,0
Wetzel,PRECINCT 36,MTN FOR SURVEYOR,,MTN,NO CANDIDATE FILED,0
Wetzel,PRECINCT 38,MTN FOR SURVEYOR,,MTN,NO CANDIDATE FILED,0
Wetzel,PRECINCT 39,MTN FOR SURVEYOR,,MTN,NO CANDIDATE FILED,0
Wetzel,PRECINCT 40,MTN FOR SURVEYOR,,MTN,NO CANDIDATE FILED,0
Wetzel,PRECINCT 42,MTN FOR SURVEYOR,,MTN,NO CANDIDATE FILED,0
Wetzel,PRECINCT 43,MTN FOR SURVEYOR,,MTN,NO CANDIDATE FILED,0
Wetzel,PRECINCT 44,MTN FOR SURVEYOR,,MTN,NO CANDIDATE FILED,0
Wetzel,PRECINCT 45,MTN FOR SURVEYOR,,MTN,NO CANDIDATE FILED,0
Wetzel,PRECINCT 48,MTN FOR SURVEYOR,,MTN,NO CANDIDATE FILED,0
Wetzel,PRECINCT 50,MTN FOR SURVEYOR,,MTN,NO CANDIDATE FILED,0
Wetzel,PRECINCT 4,Supreme Court of Appeals,,,CHRISTINE CUNNINGHAM MITCHELL,35
Wetzel,PRECINCT 10,Supreme Court of Appeals,,,CHRISTINE CUNNINGHAM MITCHELL,102
Wetzel,PRECINCT 11,Supreme Court of Appeals,,,CHRISTINE CUNNINGHAM MITCHELL,43
Wetzel,PRECINCT 12,Supreme Court of Appeals,,,CHRISTINE CUNNINGHAM MITCHELL,31
Wetzel,PRECINCT 15,Supreme Court of Appeals,,,CHRISTINE CUNNINGHAM MITCHELL,66
Wetzel,PRECINCT 16,Supreme Court of Appeals,,,CHRISTINE CUNNINGHAM MITCHELL,185
Wetzel,PRECINCT 18,Supreme Court of Appeals,,,CHRISTINE CUNNINGHAM MITCHELL,29
Wetzel,PRECINCT 21,Supreme Court of Appeals,,,CHRISTINE CUNNINGHAM MITCHELL,136
Wetzel,PRECINCT 27,Supreme Court of Appeals,,,CHRISTINE CUNNINGHAM MITCHELL,32
Wetzel,PRECINCT 29,Supreme Court of Appeals,,,CHRISTINE CUNNINGHAM MITCHELL,79
Wetzel,PRECINCT 33,Supreme Court of Appeals,,,CHRISTINE CUNNINGHAM MITCHELL,85
Wetzel,PRECINCT 36,Supreme Court of Appeals,,,CHRISTINE CUNNINGHAM MITCHELL,21
Wetzel,PRECINCT 38,Supreme Court of Appeals,,,CHRISTINE CUNNINGHAM MITCHELL,50
Wetzel,PRECINCT 39,Supreme Court of Appeals,,,CHRISTINE CUNNINGHAM MITCHELL,73
Wetzel,PRECINCT 40,Supreme Court of Appeals,,,CHRISTINE CUNNINGHAM MITCHELL,24
Wetzel,PRECINCT 42,Supreme Court of Appeals,,,CHRISTINE CUNNINGHAM MITCHELL,89
Wetzel,PRECINCT 43,Supreme Court of Appeals,,,CHRISTINE CUNNINGHAM MITCHELL,133
Wetzel,PRECINCT 44,Supreme Court of Appeals,,,CHRISTINE CUNNINGHAM MITCHELL,58
Wetzel,PRECINCT 45,Supreme Court of Appeals,,,CHRISTINE CUNNINGHAM MITCHELL,52
Wetzel,PRECINCT 48,Supreme Court of Appeals,,,CHRISTINE CUNNINGHAM MITCHELL,92
Wetzel,PRECINCT 50,Supreme Court of Appeals,,,CHRISTINE CUNNINGHAM MITCHELL,96
Wetzel,PRECINCT 4,Supreme Court of Appeals,,,CAROLYN S YOHO,26
Wetzel,PRECINCT 10,Supreme Court of Appeals,,,CAROLYN S YOHO,62
Wetzel,PRECINCT 11,Supreme Court of Appeals,,,CAROLYN S YOHO,43
Wetzel,PRECINCT 12,Supreme Court of Appeals,,,CAROLYN S YOHO,19
Wetzel,PRECINCT 15,Supreme Court of Appeals,,,CAROLYN S YOHO,21
Wetzel,PRECINCT 16,Supreme Court of Appeals,,,CAROLYN S YOHO,75
Wetzel,PRECINCT 18,Supreme Court of Appeals,,,CAROLYN S YOHO,23
Wetzel,PRECINCT 21,Supreme Court of Appeals,,,CAROLYN S YOHO,89
Wetzel,PRECINCT 27,Supreme Court of Appeals,,,CAROLYN S YOHO,16
Wetzel,PRECINCT 29,Supreme Court of Appeals,,,CAROLYN S YOHO,45
Wetzel,PRECINCT 33,Supreme Court of Appeals,,,CAROLYN S YOHO,28
Wetzel,PRECINCT 36,Supreme Court of Appeals,,,CAROLYN S YOHO,19
Wetzel,PRECINCT 38,Supreme Court of Appeals,,,CAROLYN S YOHO,48
Wetzel,PRECINCT 39,Supreme Court of Appeals,,,CAROLYN S YOHO,55
Wetzel,PRECINCT 40,Supreme Court of Appeals,,,CAROLYN S YOHO,12
Wetzel,PRECINCT 42,Supreme Court of Appeals,,,CAROLYN S YOHO,48
Wetzel,PRECINCT 43,Supreme Court of Appeals,,,CAROLYN S YOHO,49
Wetzel,PRECINCT 44,Supreme Court of Appeals,,,CAROLYN S YOHO,35
Wetzel,PRECINCT 45,Supreme Court of Appeals,,,CAROLYN S YOHO,39
Wetzel,PRECINCT 48,Supreme Court of Appeals,,,CAROLYN S YOHO,36
Wetzel,PRECINCT 50,Supreme Court of Appeals,,,CAROLYN S YOHO,43
Wetzel,PRECINCT 4,Supreme Court of Appeals,,,LINDA FONNER,45
Wetzel,PRECINCT 10,Supreme Court of Appeals,,,LINDA FONNER,44
Wetzel,PRECINCT 11,Supreme Court of Appeals,,,LINDA FONNER,25
Wetzel,PRECINCT 12,Supreme Court of Appeals,,,LINDA FONNER,10
Wetzel,PRECINCT 15,Supreme Court of Appeals,,,LINDA FONNER,41
Wetzel,PRECINCT 16,Supreme Court of Appeals,,,LINDA FONNER,66
Wetzel,PRECINCT 18,Supreme Court of Appeals,,,LINDA FONNER,28
Wetzel,PRECINCT 21,Supreme Court of Appeals,,,LINDA FONNER,60
Wetzel,PRECINCT 27,Supreme Court of Appeals,,,LINDA FONNER,16
Wetzel,PRECINCT 29,Supreme Court of Appeals,,,LINDA FONNER,20
Wetzel,PRECINCT 33,Supreme Court of Appeals,,,LINDA FONNER,94
Wetzel,PRECINCT 36,Supreme Court of Appeals,,,LINDA FONNER,43
Wetzel,PRECINCT 38,Supreme Court of Appeals,,,LINDA FONNER,59
Wetzel,PRECINCT 39,Supreme Court of Appeals,,,LINDA FONNER,65
Wetzel,PRECINCT 40,Supreme Court of Appeals,,,LINDA FONNER,35
Wetzel,PRECINCT 42,Supreme Court of Appeals,,,LINDA FONNER,121
Wetzel,PRECINCT 43,Supreme Court of Appeals,,,LINDA FONNER,198
Wetzel,PRECINCT 44,Supreme Court of Appeals,,,LINDA FONNER,122
Wetzel,PRECINCT 45,Supreme Court of Appeals,,,LINDA FONNER,97
Wetzel,PRECINCT 48,Supreme Court of Appeals,,,LINDA FONNER,133
Wetzel,PRECINCT 50,Supreme Court of Appeals,,,LINDA FONNER,109
Wetzel,PRECINCT 4,Supreme Court of Appeals,,,BRIAN CASTILOW,39
Wetzel,PRECINCT 10,Supreme Court of Appeals,,,BRIAN CASTILOW,44
Wetzel,PRECINCT 11,Supreme Court of Appeals,,,BRIAN CASTILOW,17
Wetzel,PRECINCT 12,Supreme Court of Appeals,,,BRIAN CASTILOW,10
Wetzel,PRECINCT 15,Supreme Court of Appeals,,,BRIAN CASTILOW,24
Wetzel,PRECINCT 16,Supreme Court of Appeals,,,BRIAN CASTILOW,44
Wetzel,PRECINCT 18,Supreme Court of Appeals,,,BRIAN CASTILOW,29
Wetzel,PRECINCT 21,Supreme Court of Appeals,,,BRIAN CASTILOW,31
Wetzel,PRECINCT 27,Supreme Court of Appeals,,,BRIAN CASTILOW,5
Wetzel,PRECINCT 29,Supreme Court of Appeals,,,BRIAN CASTILOW,14
Wetzel,PRECINCT 33,Supreme Court of Appeals,,,BRIAN CASTILOW,89
Wetzel,PRECINCT 36,Supreme Court of Appeals,,,BRIAN CASTILOW,40
Wetzel,PRECINCT 38,Supreme Court of Appeals,,,BRIAN CASTILOW,41
Wetzel,PRECINCT 39,Supreme Court of Appeals,,,BRIAN CASTILOW,54
Wetzel,PRECINCT 40,Supreme Court of Appeals,,,BRIAN CASTILOW,39
Wetzel,PRECINCT 42,Supreme Court of Appeals,,,BRIAN CASTILOW,105
Wetzel,PRECINCT 43,Supreme Court of Appeals,,,BRIAN CASTILOW,188
Wetzel,PRECINCT 44,Supreme Court of Appeals,,,BRIAN CASTILOW,104
Wetzel,PRECINCT 45,Supreme Court of Appeals,,,BRIAN CASTILOW,86
Wetzel,PRECINCT 48,Supreme Court of Appeals,,,BRIAN CASTILOW,135
Wetzel,PRECINCT 50,Supreme Court of Appeals,,,BRIAN CASTILOW,110
Wetzel,PRECINCT 4,Supreme Court of Appeals,,,LINDA S STILLWAGNER,25
Wetzel,PRECINCT 10,Supreme Court of Appeals,,,LINDA S STILLWAGNER,94
Wetzel,PRECINCT 11,Supreme Court of Appeals,,,LINDA S STILLWAGNER,33
Wetzel,PRECINCT 12,Supreme Court of Appeals,,,LINDA S STILLWAGNER,27
Wetzel,PRECINCT 15,Supreme Court of Appeals,,,LINDA S STILLWAGNER,15
Wetzel,PRECINCT 16,Supreme Court of Appeals,,,LINDA S STILLWAGNER,49
Wetzel,PRECINCT 18,Supreme Court of Appeals,,,LINDA S STILLWAGNER,11
Wetzel,PRECINCT 21,Supreme Court of Appeals,,,LINDA S STILLWAGNER,37
Wetzel,PRECINCT 27,Supreme Court of Appeals,,,LINDA S STILLWAGNER,9
Wetzel,PRECINCT 29,Supreme Court of Appeals,,,LINDA S STILLWAGNER,44
Wetzel,PRECINCT 33,Supreme Court of Appeals,,,LINDA S STILLWAGNER,38
Wetzel,PRECINCT 36,Supreme Court of Appeals,,,LINDA S STILLWAGNER,29
Wetzel,PRECINCT 38,Supreme Court of Appeals,,,LINDA S STILLWAGNER,103
Wetzel,PRECINCT 39,Supreme Court of Appeals,,,LINDA S STILLWAGNER,127
Wetzel,PRECINCT 40,Supreme Court of Appeals,,,LINDA S STILLWAGNER,13
Wetzel,PRECINCT 42,Supreme Court of Appeals,,,LINDA S STILLWAGNER,54
Wetzel,PRECINCT 43,Supreme Court of Appeals,,,LINDA S STILLWAGNER,51
Wetzel,PRECINCT 44,Supreme Court of Appeals,,,LINDA S STILLWAGNER,41
Wetzel,PRECINCT 45,Supreme Court of Appeals,,,LINDA S STILLWAGNER,34
Wetzel,PRECINCT 48,Supreme Court of Appeals,,,LINDA S STILLWAGNER,55
Wetzel,PRECINCT 50,Supreme Court of Appeals,,,LINDA S STILLWAGNER,73
Wetzel,PRECINCT 4,Supreme Court of Appeals,,,ROBBY PARSONS,32
Wetzel,PRECINCT 10,Supreme Court of Appeals,,,ROBBY PARSONS,79
Wetzel,PRECINCT 11,Supreme Court of Appeals,,,ROBBY PARSONS,31
Wetzel,PRECINCT 12,Supreme Court of Appeals,,,ROBBY PARSONS,31
Wetzel,PRECINCT 15,Supreme Court of Appeals,,,ROBBY PARSONS,15
Wetzel,PRECINCT 16,Supreme Court of Appeals,,,ROBBY PARSONS,40
Wetzel,PRECINCT 18,Supreme Court of Appeals,,,ROBBY PARSONS,16
Wetzel,PRECINCT 21,Supreme Court of Appeals,,,ROBBY PARSONS,42
Wetzel,PRECINCT 27,Supreme Court of Appeals,,,ROBBY PARSONS,6
Wetzel,PRECINCT 29,Supreme Court of Appeals,,,ROBBY PARSONS,25
Wetzel,PRECINCT 33,Supreme Court of Appeals,,,ROBBY PARSONS,69
Wetzel,PRECINCT 36,Supreme Court of Appeals,,,ROBBY PARSONS,31
Wetzel,PRECINCT 38,Supreme Court of Appeals,,,ROBBY PARSONS,55
Wetzel,PRECINCT 39,Supreme Court of Appeals,,,ROBBY PARSONS,71
Wetzel,PRECINCT 40,Supreme Court of Appeals,,,ROBBY PARSONS,14
Wetzel,PRECINCT 42,Supreme Court of Appeals,,,ROBBY PARSONS,62
Wetzel,PRECINCT 43,Supreme Court of Appeals,,,ROBBY PARSONS,98
Wetzel,PRECINCT 44,Supreme Court of Appeals,,,ROBBY PARSONS,47
Wetzel,PRECINCT 45,Supreme Court of Appeals,,,ROBBY PARSONS,44
Wetzel,PRECINCT 48,Supreme Court of Appeals,,,ROBBY PARSONS,61
Wetzel,PRECINCT 50,Supreme Court of Appeals,,,ROBBY PARSONS,55
Wetzel,PRECINCT 4,FOR CONSERVATION DISTRICT SUPERVISOR,,,ALLEN RUSH,73
Wetzel,PRECINCT 10,FOR CONSERVATION DISTRICT SUPERVISOR,,,ALLEN RUSH,164
Wetzel,PRECINCT 11,FOR CONSERVATION DISTRICT SUPERVISOR,,,ALLEN RUSH,65
Wetzel,PRECINCT 12,FOR CONSERVATION DISTRICT SUPERVISOR,,,ALLEN RUSH,50
Wetzel,PRECINCT 15,FOR CONSERVATION DISTRICT SUPERVISOR,,,ALLEN RUSH,68
Wetzel,PRECINCT 16,FOR CONSERVATION DISTRICT SUPERVISOR,,,ALLEN RUSH,167
Wetzel,PRECINCT 18,FOR CONSERVATION DISTRICT SUPERVISOR,,,ALLEN RUSH,39
Wetzel,PRECINCT 21,FOR CONSERVATION DISTRICT SUPERVISOR,,,ALLEN RUSH,138
Wetzel,PRECINCT 27,FOR CONSERVATION DISTRICT SUPERVISOR,,,ALLEN RUSH,31
Wetzel,PRECINCT 29,FOR CONSERVATION DISTRICT SUPERVISOR,,,ALLEN RUSH,103
Wetzel,PRECINCT 33,FOR CONSERVATION DISTRICT SUPERVISOR,,,ALLEN RUSH,116
Wetzel,PRECINCT 36,FOR CONSERVATION DISTRICT SUPERVISOR,,,ALLEN RUSH,69
Wetzel,PRECINCT 38,FOR CONSERVATION DISTRICT SUPERVISOR,,,ALLEN RUSH,133
Wetzel,PRECINCT 39,FOR CONSERVATION DISTRICT SUPERVISOR,,,ALLEN RUSH,174
Wetzel,PRECINCT 40,FOR CONSERVATION DISTRICT SUPERVISOR,,,ALLEN RUSH,46
Wetzel,PRECINCT 42,FOR CONSERVATION DISTRICT SUPERVISOR,,,ALLEN RUSH,164
Wetzel,PRECINCT 43,FOR CONSERVATION DISTRICT SUPERVISOR,,,ALLEN RUSH,220
Wetzel,PRECINCT 44,FOR CONSERVATION DISTRICT SUPERVISOR,,,ALLEN RUSH,134
Wetzel,PRECINCT 45,FOR CONSERVATION DISTRICT SUPERVISOR,,,ALLEN RUSH,120
Wetzel,PRECINCT 48,FOR CONSERVATION DISTRICT SUPERVISOR,,,ALLEN RUSH,164
Wetzel,PRECINCT 50,FOR CONSERVATION DISTRICT SUPERVISOR,,,ALLEN RUSH,164
Wetzel,PRECINCT 21,FOR MAYOR PINE GROVE,,,JOHNNY HAUGHT,59
Wetzel,PRECINCT 21,FOR RECORDER PINE GROVE,,,SANDRA HURST,55
Wetzel,PRECINCT 21,FOR CITY COUNCIL PINE GROVE,,,LARRY HUGGINS,39
Wetzel,PRECINCT 21,FOR CITY COUNCIL PINE GROVE,,,AMY JEAN COEN,38
Wetzel,PRECINCT 21,FOR CITY COUNCIL PINE GROVE,,,MELLISA YOHO,42
Wetzel,PRECINCT 21,FOR CITY COUNCIL PINE GROVE,,,DAVID PALMER,55
Wetzel,PRECINCT 33,FOR MAYOR NEW MARTINSVILLE,,,SANDY HUNT,87
Wetzel,PRECINCT 36,FOR MAYOR NEW MARTINSVILLE,,,SANDY HUNT,32
Wetzel,PRECINCT 42,FOR MAYOR NEW MARTINSVILLE,,,SANDY HUNT,80
Wetzel,PRECINCT 43,FOR MAYOR NEW MARTINSVILLE,,,SANDY HUNT,121
Wetzel,PRECINCT 44,FOR MAYOR NEW MARTINSVILLE,,,SANDY HUNT,66
Wetzel,PRECINCT 48,FOR MAYOR NEW MARTINSVILLE,,,SANDY HUNT,91
Wetzel,PRECINCT 50,FOR MAYOR NEW MARTINSVILLE,,,SANDY HUNT,1
Wetzel,PRECINCT 33,FOR MAYOR NEW MARTINSVILLE,,,KEITH NELSEN,59
Wetzel,PRECINCT 36,FOR MAYOR NEW MARTINSVILLE,,,KEITH NELSEN,41
Wetzel,PRECINCT 42,FOR MAYOR NEW MARTINSVILLE,,,KEITH NELSEN,105
Wetzel,PRECINCT 43,FOR MAYOR NEW MARTINSVILLE,,,KEITH NELSEN,141
Wetzel,PRECINCT 44,FOR MAYOR NEW MARTINSVILLE,,,KEITH NELSEN,81
Wetzel,PRECINCT 48,FOR MAYOR NEW MARTINSVILLE,,,KEITH NELSEN,77
Wetzel,PRECINCT 50,FOR MAYOR NEW MARTINSVILLE,,,KEITH NELSEN,3
Wetzel,PRECINCT 33,FOR MAYOR NEW MARTINSVILLE,,,PHILLIP WILEY,18
Wetzel,PRECINCT 36,FOR MAYOR NEW MARTINSVILLE,,,PHILLIP WILEY,13
Wetzel,PRECINCT 42,FOR MAYOR NEW MARTINSVILLE,,,PHILLIP WILEY,25
Wetzel,PRECINCT 43,FOR MAYOR NEW MARTINSVILLE,,,PHILLIP WILEY,32
Wetzel,PRECINCT 44,FOR MAYOR NEW MARTINSVILLE,,,PHILLIP WILEY,19
Wetzel,PRECINCT 48,FOR MAYOR NEW MARTINSVILLE,,,PHILLIP WILEY,33
Wetzel,PRECINCT 50,FOR MAYOR NEW MARTINSVILLE,,,PHILLIP WILEY,1
Wetzel,PRECINCT 33,FOR MAYOR NEW MARTINSVILLE,,,ROBERT A FREELAND JR,4
Wetzel,PRECINCT 36,FOR MAYOR NEW MARTINSVILLE,,,ROBERT A FREELAND JR,1
Wetzel,PRECINCT 42,FOR MAYOR NEW MARTINSVILLE,,,ROBERT A FREELAND JR,2
Wetzel,PRECINCT 43,FOR MAYOR NEW MARTINSVILLE,,,ROBERT A FREELAND JR,5
Wetzel,PRECINCT 44,FOR MAYOR NEW MARTINSVILLE,,,ROBERT A FREELAND JR,4
Wetzel,PRECINCT 48,FOR MAYOR NEW MARTINSVILLE,,,ROBERT A FREELAND JR,5
Wetzel,PRECINCT 50,FOR MAYOR NEW MARTINSVILLE,,,ROBERT A FREELAND JR,0
Wetzel,PRECINCT 36,COUNCIL SEAT WARD ONE,,,JEFF GIESEKE,41
Wetzel,PRECINCT 50,COUNCIL SEAT WARD ONE,,,JEFF GIESEKE,1
Wetzel,PRECINCT 36,COUNCIL SEAT WARD ONE,,,JODY ALBRIGHT,43
Wetzel,PRECINCT 50,COUNCIL SEAT WARD ONE,,,JODY ALBRIGHT,4
Wetzel,PRECINCT 48,COUNCIL SEAT WARD FIVE,,,JOEL POTTS,165
Wetzel,PRECINCT 43,COUNCIL SEAT WARD SIX,,,IRIS ISAACS,239
