county,precinct,office,district,party,candidate,votes
Harrison,PRECINCT 1,BALLOTS CAST,,REP,BALLOTS CAST - REPUBLICAN,279
Harrison,PRECINCT 1A,BALLOTS CAST,,REP,BALLOTS CAST - REPUBLICAN,22
Harrison,PRECINCT 2,BALLOTS CAST,,REP,BALLOTS CAST - REPUBLICAN,36
Harrison,PRECINCT 4,BALLOTS CAST,,REP,BALLOTS CAST - REPUBLICAN,235
Harrison,PRECINCT 6,BALLOTS CAST,,REP,BALLOTS CAST - REPUBLICAN,173
Harrison,PRECINCT 9,BALLOTS CAST,,REP,BALLOTS CAST - REPUBLICAN,95
Harrison,PRECINCT 10,BALLOTS CAST,,REP,BALLOTS CAST - REPUBLICAN,98
Harrison,PRECINCT 14,BALLOTS CAST,,REP,BALLOTS CAST - REPUBLICAN,257
Harrison,PRECINCT 28,BALLOTS CAST,,REP,BALLOTS CAST - REPUBLICAN,152
Harrison,PRECINCT 33,BALLOTS CAST,,REP,BALLOTS CAST - REPUBLICAN,222
Harrison,PRECINCT 36A,BALLOTS CAST,,REP,BALLOTS CAST - REPUBLICAN,87
Harrison,PRECINCT 43,BALLOTS CAST,,REP,BALLOTS CAST - REPUBLICAN,81
Harrison,PRECINCT 44,BALLOTS CAST,,REP,BALLOTS CAST - REPUBLICAN,61
Harrison,PRECINCT 45,BALLOTS CAST,,REP,BALLOTS CAST - REPUBLICAN,142
Harrison,PRECINCT 46,BALLOTS CAST,,REP,BALLOTS CAST - REPUBLICAN,112
Harrison,PRECINCT 48,BALLOTS CAST,,REP,BALLOTS CAST - REPUBLICAN,138
Harrison,PRECINCT 50,BALLOTS CAST,,REP,BALLOTS CAST - REPUBLICAN,123
Harrison,PRECINCT 51,BALLOTS CAST,,REP,BALLOTS CAST - REPUBLICAN,51
Harrison,PRECINCT 52,BALLOTS CAST,,REP,BALLOTS CAST - REPUBLICAN,107
Harrison,PRECINCT 53,BALLOTS CAST,,REP,BALLOTS CAST - REPUBLICAN,52
Harrison,PRECINCT 59,BALLOTS CAST,,REP,BALLOTS CAST - REPUBLICAN,80
Harrison,PRECINCT 61,BALLOTS CAST,,REP,BALLOTS CAST - REPUBLICAN,171
Harrison,PRECINCT 63,BALLOTS CAST,,REP,BALLOTS CAST - REPUBLICAN,140
Harrison,PRECINCT 66,BALLOTS CAST,,REP,BALLOTS CAST - REPUBLICAN,62
Harrison,PRECINCT 66A,BALLOTS CAST,,REP,BALLOTS CAST - REPUBLICAN,0
Harrison,PRECINCT 66B,BALLOTS CAST,,REP,BALLOTS CAST - REPUBLICAN,12
Harrison,PRECINCT 68,BALLOTS CAST,,REP,BALLOTS CAST - REPUBLICAN,134
Harrison,PRECINCT 74,BALLOTS CAST,,REP,BALLOTS CAST - REPUBLICAN,195
Harrison,PRECINCT 80,BALLOTS CAST,,REP,BALLOTS CAST - REPUBLICAN,213
Harrison,PRECINCT 87,BALLOTS CAST,,REP,BALLOTS CAST - REPUBLICAN,60
Harrison,PRECINCT 92,BALLOTS CAST,,REP,BALLOTS CAST - REPUBLICAN,116
Harrison,PRECINCT 95,BALLOTS CAST,,REP,BALLOTS CAST - REPUBLICAN,81
Harrison,PRECINCT 96,BALLOTS CAST,,REP,BALLOTS CAST - REPUBLICAN,104
Harrison,PRECINCT 98,BALLOTS CAST,,REP,BALLOTS CAST - REPUBLICAN,75
Harrison,PRECINCT 102,BALLOTS CAST,,REP,BALLOTS CAST - REPUBLICAN,382
Harrison,PRECINCT 103,BALLOTS CAST,,REP,BALLOTS CAST - REPUBLICAN,95
Harrison,PRECINCT 104,BALLOTS CAST,,REP,BALLOTS CAST - REPUBLICAN,93
Harrison,PRECINCT 106,BALLOTS CAST,,REP,BALLOTS CAST - REPUBLICAN,93
Harrison,PRECINCT 107,BALLOTS CAST,,REP,BALLOTS CAST - REPUBLICAN,57
Harrison,PRECINCT 108,BALLOTS CAST,,REP,BALLOTS CAST - REPUBLICAN,183
Harrison,PRECINCT 110,BALLOTS CAST,,REP,BALLOTS CAST - REPUBLICAN,149
Harrison,PRECINCT 114,BALLOTS CAST,,REP,BALLOTS CAST - REPUBLICAN,80
Harrison,PRECINCT 114A,BALLOTS CAST,,REP,BALLOTS CAST - REPUBLICAN,29
Harrison,PRECINCT 118,BALLOTS CAST,,REP,BALLOTS CAST - REPUBLICAN,88
Harrison,PRECINCT 120,BALLOTS CAST,,REP,BALLOTS CAST - REPUBLICAN,192
Harrison,PRECINCT 121,BALLOTS CAST,,REP,BALLOTS CAST - REPUBLICAN,54
Harrison,PRECINCT 122,BALLOTS CAST,,REP,BALLOTS CAST - REPUBLICAN,104
Harrison,PRECINCT 123,BALLOTS CAST,,REP,BALLOTS CAST - REPUBLICAN,514
Harrison,PRECINCT 125,BALLOTS CAST,,REP,BALLOTS CAST - REPUBLICAN,238
Harrison,PRECINCT 126,BALLOTS CAST,,REP,BALLOTS CAST - REPUBLICAN,162
Harrison,PRECINCT 128,BALLOTS CAST,,REP,BALLOTS CAST - REPUBLICAN,205
Harrison,PRECINCT 129,BALLOTS CAST,,REP,BALLOTS CAST - REPUBLICAN,393
Harrison,PRECINCT 129B,BALLOTS CAST,,REP,BALLOTS CAST - REPUBLICAN,332
Harrison,PRECINCT 129C,BALLOTS CAST,,REP,BALLOTS CAST - REPUBLICAN,135
Harrison,PRECINCT 130,BALLOTS CAST,,REP,BALLOTS CAST - REPUBLICAN,88
Harrison,PRECINCT 132,BALLOTS CAST,,REP,BALLOTS CAST - REPUBLICAN,51
Harrison,PRECINCT 133,BALLOTS CAST,,REP,BALLOTS CAST - REPUBLICAN,198
Harrison,PRECINCT 134,BALLOTS CAST,,REP,BALLOTS CAST - REPUBLICAN,147
Harrison,PRECINCT 135,BALLOTS CAST,,REP,BALLOTS CAST - REPUBLICAN,58
Harrison,PRECINCT 136,BALLOTS CAST,,REP,BALLOTS CAST - REPUBLICAN,45
Harrison,PRECINCT 137,BALLOTS CAST,,REP,BALLOTS CAST - REPUBLICAN,30
Harrison,PRECINCT 143,BALLOTS CAST,,REP,BALLOTS CAST - REPUBLICAN,299
Harrison,PRECINCT 144,BALLOTS CAST,,REP,BALLOTS CAST - REPUBLICAN,78
Harrison,PRECINCT 144A,BALLOTS CAST,,REP,BALLOTS CAST - REPUBLICAN,112
Harrison,PRECINCT 145,BALLOTS CAST,,REP,BALLOTS CAST - REPUBLICAN,145
Harrison,PRECINCT 1,BALLOTS CAST,,DEM,BALLOTS CAST - DEMOCRATIC,180
Harrison,PRECINCT 1A,BALLOTS CAST,,DEM,BALLOTS CAST - DEMOCRATIC,15
Harrison,PRECINCT 2,BALLOTS CAST,,DEM,BALLOTS CAST - DEMOCRATIC,17
Harrison,PRECINCT 4,BALLOTS CAST,,DEM,BALLOTS CAST - DEMOCRATIC,190
Harrison,PRECINCT 6,BALLOTS CAST,,DEM,BALLOTS CAST - DEMOCRATIC,165
Harrison,PRECINCT 9,BALLOTS CAST,,DEM,BALLOTS CAST - DEMOCRATIC,80
Harrison,PRECINCT 10,BALLOTS CAST,,DEM,BALLOTS CAST - DEMOCRATIC,49
Harrison,PRECINCT 14,BALLOTS CAST,,DEM,BALLOTS CAST - DEMOCRATIC,265
Harrison,PRECINCT 28,BALLOTS CAST,,DEM,BALLOTS CAST - DEMOCRATIC,139
Harrison,PRECINCT 33,BALLOTS CAST,,DEM,BALLOTS CAST - DEMOCRATIC,199
Harrison,PRECINCT 36A,BALLOTS CAST,,DEM,BALLOTS CAST - DEMOCRATIC,59
Harrison,PRECINCT 43,BALLOTS CAST,,DEM,BALLOTS CAST - DEMOCRATIC,25
Harrison,PRECINCT 44,BALLOTS CAST,,DEM,BALLOTS CAST - DEMOCRATIC,37
Harrison,PRECINCT 45,BALLOTS CAST,,DEM,BALLOTS CAST - DEMOCRATIC,53
Harrison,PRECINCT 46,BALLOTS CAST,,DEM,BALLOTS CAST - DEMOCRATIC,53
Harrison,PRECINCT 48,BALLOTS CAST,,DEM,BALLOTS CAST - DEMOCRATIC,73
Harrison,PRECINCT 50,BALLOTS CAST,,DEM,BALLOTS CAST - DEMOCRATIC,82
Harrison,PRECINCT 51,BALLOTS CAST,,DEM,BALLOTS CAST - DEMOCRATIC,53
Harrison,PRECINCT 52,BALLOTS CAST,,DEM,BALLOTS CAST - DEMOCRATIC,66
Harrison,PRECINCT 53,BALLOTS CAST,,DEM,BALLOTS CAST - DEMOCRATIC,23
Harrison,PRECINCT 59,BALLOTS CAST,,DEM,BALLOTS CAST - DEMOCRATIC,72
Harrison,PRECINCT 61,BALLOTS CAST,,DEM,BALLOTS CAST - DEMOCRATIC,100
Harrison,PRECINCT 63,BALLOTS CAST,,DEM,BALLOTS CAST - DEMOCRATIC,90
Harrison,PRECINCT 66,BALLOTS CAST,,DEM,BALLOTS CAST - DEMOCRATIC,53
Harrison,PRECINCT 66A,BALLOTS CAST,,DEM,BALLOTS CAST - DEMOCRATIC,13
Harrison,PRECINCT 66B,BALLOTS CAST,,DEM,BALLOTS CAST - DEMOCRATIC,12
Harrison,PRECINCT 68,BALLOTS CAST,,DEM,BALLOTS CAST - DEMOCRATIC,177
Harrison,PRECINCT 74,BALLOTS CAST,,DEM,BALLOTS CAST - DEMOCRATIC,152
Harrison,PRECINCT 80,BALLOTS CAST,,DEM,BALLOTS CAST - DEMOCRATIC,242
Harrison,PRECINCT 87,BALLOTS CAST,,DEM,BALLOTS CAST - DEMOCRATIC,31
Harrison,PRECINCT 92,BALLOTS CAST,,DEM,BALLOTS CAST - DEMOCRATIC,35
Harrison,PRECINCT 95,BALLOTS CAST,,DEM,BALLOTS CAST - DEMOCRATIC,41
Harrison,PRECINCT 96,BALLOTS CAST,,DEM,BALLOTS CAST - DEMOCRATIC,73
Harrison,PRECINCT 98,BALLOTS CAST,,DEM,BALLOTS CAST - DEMOCRATIC,22
Harrison,PRECINCT 102,BALLOTS CAST,,DEM,BALLOTS CAST - DEMOCRATIC,145
Harrison,PRECINCT 103,BALLOTS CAST,,DEM,BALLOTS CAST - DEMOCRATIC,21
Harrison,PRECINCT 104,BALLOTS CAST,,DEM,BALLOTS CAST - DEMOCRATIC,29
Harrison,PRECINCT 106,BALLOTS CAST,,DEM,BALLOTS CAST - DEMOCRATIC,54
Harrison,PRECINCT 107,BALLOTS CAST,,DEM,BALLOTS CAST - DEMOCRATIC,20
Harrison,PRECINCT 108,BALLOTS CAST,,DEM,BALLOTS CAST - DEMOCRATIC,53
Harrison,PRECINCT 110,BALLOTS CAST,,DEM,BALLOTS CAST - DEMOCRATIC,58
Harrison,PRECINCT 114,BALLOTS CAST,,DEM,BALLOTS CAST - DEMOCRATIC,57
Harrison,PRECINCT 114A,BALLOTS CAST,,DEM,BALLOTS CAST - DEMOCRATIC,7
Harrison,PRECINCT 118,BALLOTS CAST,,DEM,BALLOTS CAST - DEMOCRATIC,20
Harrison,PRECINCT 120,BALLOTS CAST,,DEM,BALLOTS CAST - DEMOCRATIC,54
Harrison,PRECINCT 121,BALLOTS CAST,,DEM,BALLOTS CAST - DEMOCRATIC,46
Harrison,PRECINCT 122,BALLOTS CAST,,DEM,BALLOTS CAST - DEMOCRATIC,25
Harrison,PRECINCT 123,BALLOTS CAST,,DEM,BALLOTS CAST - DEMOCRATIC,284
Harrison,PRECINCT 125,BALLOTS CAST,,DEM,BALLOTS CAST - DEMOCRATIC,159
Harrison,PRECINCT 126,BALLOTS CAST,,DEM,BALLOTS CAST - DEMOCRATIC,116
Harrison,PRECINCT 128,BALLOTS CAST,,DEM,BALLOTS CAST - DEMOCRATIC,98
Harrison,PRECINCT 129,BALLOTS CAST,,DEM,BALLOTS CAST - DEMOCRATIC,219
Harrison,PRECINCT 129B,BALLOTS CAST,,DEM,BALLOTS CAST - DEMOCRATIC,198
Harrison,PRECINCT 129C,BALLOTS CAST,,DEM,BALLOTS CAST - DEMOCRATIC,59
Harrison,PRECINCT 130,BALLOTS CAST,,DEM,BALLOTS CAST - DEMOCRATIC,21
Harrison,PRECINCT 132,BALLOTS CAST,,DEM,BALLOTS CAST - DEMOCRATIC,29
Harrison,PRECINCT 133,BALLOTS CAST,,DEM,BALLOTS CAST - DEMOCRATIC,85
Harrison,PRECINCT 134,BALLOTS CAST,,DEM,BALLOTS CAST - DEMOCRATIC,35
Harrison,PRECINCT 135,BALLOTS CAST,,DEM,BALLOTS CAST - DEMOCRATIC,4
Harrison,PRECINCT 136,BALLOTS CAST,,DEM,BALLOTS CAST - DEMOCRATIC,14
Harrison,PRECINCT 137,BALLOTS CAST,,DEM,BALLOTS CAST - DEMOCRATIC,10
Harrison,PRECINCT 143,BALLOTS CAST,,DEM,BALLOTS CAST - DEMOCRATIC,94
Harrison,PRECINCT 144,BALLOTS CAST,,DEM,BALLOTS CAST - DEMOCRATIC,31
Harrison,PRECINCT 144A,BALLOTS CAST,,DEM,BALLOTS CAST - DEMOCRATIC,36
Harrison,PRECINCT 145,BALLOTS CAST,,DEM,BALLOTS CAST - DEMOCRATIC,55
Harrison,PRECINCT 1,BALLOTS CAST,,MTN,BALLOTS CAST - MOUNTAIN,0
Harrison,PRECINCT 1A,BALLOTS CAST,,MTN,BALLOTS CAST - MOUNTAIN,0
Harrison,PRECINCT 2,BALLOTS CAST,,MTN,BALLOTS CAST - MOUNTAIN,1
Harrison,PRECINCT 4,BALLOTS CAST,,MTN,BALLOTS CAST - MOUNTAIN,0
Harrison,PRECINCT 6,BALLOTS CAST,,MTN,BALLOTS CAST - MOUNTAIN,0
Harrison,PRECINCT 9,BALLOTS CAST,,MTN,BALLOTS CAST - MOUNTAIN,0
Harrison,PRECINCT 10,BALLOTS CAST,,MTN,BALLOTS CAST - MOUNTAIN,0
Harrison,PRECINCT 14,BALLOTS CAST,,MTN,BALLOTS CAST - MOUNTAIN,3
Harrison,PRECINCT 28,BALLOTS CAST,,MTN,BALLOTS CAST - MOUNTAIN,0
Harrison,PRECINCT 33,BALLOTS CAST,,MTN,BALLOTS CAST - MOUNTAIN,1
Harrison,PRECINCT 36A,BALLOTS CAST,,MTN,BALLOTS CAST - MOUNTAIN,0
Harrison,PRECINCT 43,BALLOTS CAST,,MTN,BALLOTS CAST - MOUNTAIN,0
Harrison,PRECINCT 44,BALLOTS CAST,,MTN,BALLOTS CAST - MOUNTAIN,0
Harrison,PRECINCT 45,BALLOTS CAST,,MTN,BALLOTS CAST - MOUNTAIN,0
Harrison,PRECINCT 46,BALLOTS CAST,,MTN,BALLOTS CAST - MOUNTAIN,0
Harrison,PRECINCT 48,BALLOTS CAST,,MTN,BALLOTS CAST - MOUNTAIN,0
Harrison,PRECINCT 50,BALLOTS CAST,,MTN,BALLOTS CAST - MOUNTAIN,0
Harrison,PRECINCT 51,BALLOTS CAST,,MTN,BALLOTS CAST - MOUNTAIN,0
Harrison,PRECINCT 52,BALLOTS CAST,,MTN,BALLOTS CAST - MOUNTAIN,0
Harrison,PRECINCT 53,BALLOTS CAST,,MTN,BALLOTS CAST - MOUNTAIN,0
Harrison,PRECINCT 59,BALLOTS CAST,,MTN,BALLOTS CAST - MOUNTAIN,1
Harrison,PRECINCT 61,BALLOTS CAST,,MTN,BALLOTS CAST - MOUNTAIN,2
Harrison,PRECINCT 63,BALLOTS CAST,,MTN,BALLOTS CAST - MOUNTAIN,0
Harrison,PRECINCT 66,BALLOTS CAST,,MTN,BALLOTS CAST - MOUNTAIN,0
Harrison,PRECINCT 66A,BALLOTS CAST,,MTN,BALLOTS CAST - MOUNTAIN,0
Harrison,PRECINCT 66B,BALLOTS CAST,,MTN,BALLOTS CAST - MOUNTAIN,0
Harrison,PRECINCT 68,BALLOTS CAST,,MTN,BALLOTS CAST - MOUNTAIN,1
Harrison,PRECINCT 74,BALLOTS CAST,,MTN,BALLOTS CAST - MOUNTAIN,1
Harrison,PRECINCT 80,BALLOTS CAST,,MTN,BALLOTS CAST - MOUNTAIN,0
Harrison,PRECINCT 87,BALLOTS CAST,,MTN,BALLOTS CAST - MOUNTAIN,0
Harrison,PRECINCT 92,BALLOTS CAST,,MTN,BALLOTS CAST - MOUNTAIN,0
Harrison,PRECINCT 95,BALLOTS CAST,,MTN,BALLOTS CAST - MOUNTAIN,0
Harrison,PRECINCT 96,BALLOTS CAST,,MTN,BALLOTS CAST - MOUNTAIN,0
Harrison,PRECINCT 98,BALLOTS CAST,,MTN,BALLOTS CAST - MOUNTAIN,0
Harrison,PRECINCT 102,BALLOTS CAST,,MTN,BALLOTS CAST - MOUNTAIN,2
Harrison,PRECINCT 103,BALLOTS CAST,,MTN,BALLOTS CAST - MOUNTAIN,0
Harrison,PRECINCT 104,BALLOTS CAST,,MTN,BALLOTS CAST - MOUNTAIN,2
Harrison,PRECINCT 106,BALLOTS CAST,,MTN,BALLOTS CAST - MOUNTAIN,0
Harrison,PRECINCT 107,BALLOTS CAST,,MTN,BALLOTS CAST - MOUNTAIN,0
Harrison,PRECINCT 108,BALLOTS CAST,,MTN,BALLOTS CAST - MOUNTAIN,0
Harrison,PRECINCT 110,BALLOTS CAST,,MTN,BALLOTS CAST - MOUNTAIN,1
Harrison,PRECINCT 114,BALLOTS CAST,,MTN,BALLOTS CAST - MOUNTAIN,2
Harrison,PRECINCT 114A,BALLOTS CAST,,MTN,BALLOTS CAST - MOUNTAIN,0
Harrison,PRECINCT 118,BALLOTS CAST,,MTN,BALLOTS CAST - MOUNTAIN,0
Harrison,PRECINCT 120,BALLOTS CAST,,MTN,BALLOTS CAST - MOUNTAIN,1
Harrison,PRECINCT 121,BALLOTS CAST,,MTN,BALLOTS CAST - MOUNTAIN,0
Harrison,PRECINCT 122,BALLOTS CAST,,MTN,BALLOTS CAST - MOUNTAIN,0
Harrison,PRECINCT 123,BALLOTS CAST,,MTN,BALLOTS CAST - MOUNTAIN,0
Harrison,PRECINCT 125,BALLOTS CAST,,MTN,BALLOTS CAST - MOUNTAIN,0
Harrison,PRECINCT 126,BALLOTS CAST,,MTN,BALLOTS CAST - MOUNTAIN,0
Harrison,PRECINCT 128,BALLOTS CAST,,MTN,BALLOTS CAST - MOUNTAIN,0
Harrison,PRECINCT 129,BALLOTS CAST,,MTN,BALLOTS CAST - MOUNTAIN,1
Harrison,PRECINCT 129B,BALLOTS CAST,,MTN,BALLOTS CAST - MOUNTAIN,0
Harrison,PRECINCT 129C,BALLOTS CAST,,MTN,BALLOTS CAST - MOUNTAIN,0
Harrison,PRECINCT 130,BALLOTS CAST,,MTN,BALLOTS CAST - MOUNTAIN,0
Harrison,PRECINCT 132,BALLOTS CAST,,MTN,BALLOTS CAST - MOUNTAIN,0
Harrison,PRECINCT 133,BALLOTS CAST,,MTN,BALLOTS CAST - MOUNTAIN,1
Harrison,PRECINCT 134,BALLOTS CAST,,MTN,BALLOTS CAST - MOUNTAIN,1
Harrison,PRECINCT 135,BALLOTS CAST,,MTN,BALLOTS CAST - MOUNTAIN,0
Harrison,PRECINCT 136,BALLOTS CAST,,MTN,BALLOTS CAST - MOUNTAIN,0
Harrison,PRECINCT 137,BALLOTS CAST,,MTN,BALLOTS CAST - MOUNTAIN,0
Harrison,PRECINCT 143,BALLOTS CAST,,MTN,BALLOTS CAST - MOUNTAIN,1
Harrison,PRECINCT 144,BALLOTS CAST,,MTN,BALLOTS CAST - MOUNTAIN,0
Harrison,PRECINCT 144A,BALLOTS CAST,,MTN,BALLOTS CAST - MOUNTAIN,0
Harrison,PRECINCT 145,BALLOTS CAST,,MTN,BALLOTS CAST - MOUNTAIN,0
Harrison,PRECINCT 1,BALLOTS CAST,,,BALLOTS CAST - NONPARTISAN,9
Harrison,PRECINCT 1A,BALLOTS CAST,,,BALLOTS CAST - NONPARTISAN,2
Harrison,PRECINCT 2,BALLOTS CAST,,,BALLOTS CAST - NONPARTISAN,4
Harrison,PRECINCT 4,BALLOTS CAST,,,BALLOTS CAST - NONPARTISAN,9
Harrison,PRECINCT 6,BALLOTS CAST,,,BALLOTS CAST - NONPARTISAN,7
Harrison,PRECINCT 9,BALLOTS CAST,,,BALLOTS CAST - NONPARTISAN,2
Harrison,PRECINCT 10,BALLOTS CAST,,,BALLOTS CAST - NONPARTISAN,0
Harrison,PRECINCT 14,BALLOTS CAST,,,BALLOTS CAST - NONPARTISAN,13
Harrison,PRECINCT 28,BALLOTS CAST,,,BALLOTS CAST - NONPARTISAN,4
Harrison,PRECINCT 33,BALLOTS CAST,,,BALLOTS CAST - NONPARTISAN,18
Harrison,PRECINCT 36A,BALLOTS CAST,,,BALLOTS CAST - NONPARTISAN,1
Harrison,PRECINCT 43,BALLOTS CAST,,,BALLOTS CAST - NONPARTISAN,0
Harrison,PRECINCT 44,BALLOTS CAST,,,BALLOTS CAST - NONPARTISAN,0
Harrison,PRECINCT 45,BALLOTS CAST,,,BALLOTS CAST - NONPARTISAN,5
Harrison,PRECINCT 46,BALLOTS CAST,,,BALLOTS CAST - NONPARTISAN,4
Harrison,PRECINCT 48,BALLOTS CAST,,,BALLOTS CAST - NONPARTISAN,5
Harrison,PRECINCT 50,BALLOTS CAST,,,BALLOTS CAST - NONPARTISAN,2
Harrison,PRECINCT 51,BALLOTS CAST,,,BALLOTS CAST - NONPARTISAN,1
Harrison,PRECINCT 52,BALLOTS CAST,,,BALLOTS CAST - NONPARTISAN,5
Harrison,PRECINCT 53,BALLOTS CAST,,,BALLOTS CAST - NONPARTISAN,0
Harrison,PRECINCT 59,BALLOTS CAST,,,BALLOTS CAST - NONPARTISAN,9
Harrison,PRECINCT 61,BALLOTS CAST,,,BALLOTS CAST - NONPARTISAN,7
Harrison,PRECINCT 63,BALLOTS CAST,,,BALLOTS CAST - NONPARTISAN,5
Harrison,PRECINCT 66,BALLOTS CAST,,,BALLOTS CAST - NONPARTISAN,8
Harrison,PRECINCT 66A,BALLOTS CAST,,,BALLOTS CAST - NONPARTISAN,0
Harrison,PRECINCT 66B,BALLOTS CAST,,,BALLOTS CAST - NONPARTISAN,3
Harrison,PRECINCT 68,BALLOTS CAST,,,BALLOTS CAST - NONPARTISAN,7
Harrison,PRECINCT 74,BALLOTS CAST,,,BALLOTS CAST - NONPARTISAN,5
Harrison,PRECINCT 80,BALLOTS CAST,,,BALLOTS CAST - NONPARTISAN,6
Harrison,PRECINCT 87,BALLOTS CAST,,,BALLOTS CAST - NONPARTISAN,2
Harrison,PRECINCT 92,BALLOTS CAST,,,BALLOTS CAST - NONPARTISAN,4
Harrison,PRECINCT 95,BALLOTS CAST,,,BALLOTS CAST - NONPARTISAN,15
Harrison,PRECINCT 96,BALLOTS CAST,,,BALLOTS CAST - NONPARTISAN,6
Harrison,PRECINCT 98,BALLOTS CAST,,,BALLOTS CAST - NONPARTISAN,4
Harrison,PRECINCT 102,BALLOTS CAST,,,BALLOTS CAST - NONPARTISAN,10
Harrison,PRECINCT 103,BALLOTS CAST,,,BALLOTS CAST - NONPARTISAN,6
Harrison,PRECINCT 104,BALLOTS CAST,,,BALLOTS CAST - NONPARTISAN,0
Harrison,PRECINCT 106,BALLOTS CAST,,,BALLOTS CAST - NONPARTISAN,7
Harrison,PRECINCT 107,BALLOTS CAST,,,BALLOTS CAST - NONPARTISAN,5
Harrison,PRECINCT 108,BALLOTS CAST,,,BALLOTS CAST - NONPARTISAN,2
Harrison,PRECINCT 110,BALLOTS CAST,,,BALLOTS CAST - NONPARTISAN,4
Harrison,PRECINCT 114,BALLOTS CAST,,,BALLOTS CAST - NONPARTISAN,5
Harrison,PRECINCT 114A,BALLOTS CAST,,,BALLOTS CAST - NONPARTISAN,0
Harrison,PRECINCT 118,BALLOTS CAST,,,BALLOTS CAST - NONPARTISAN,3
Harrison,PRECINCT 120,BALLOTS CAST,,,BALLOTS CAST - NONPARTISAN,3
Harrison,PRECINCT 121,BALLOTS CAST,,,BALLOTS CAST - NONPARTISAN,1
Harrison,PRECINCT 122,BALLOTS CAST,,,BALLOTS CAST - NONPARTISAN,2
Harrison,PRECINCT 123,BALLOTS CAST,,,BALLOTS CAST - NONPARTISAN,9
Harrison,PRECINCT 125,BALLOTS CAST,,,BALLOTS CAST - NONPARTISAN,2
Harrison,PRECINCT 126,BALLOTS CAST,,,BALLOTS CAST - NONPARTISAN,4
Harrison,PRECINCT 128,BALLOTS CAST,,,BALLOTS CAST - NONPARTISAN,8
Harrison,PRECINCT 129,BALLOTS CAST,,,BALLOTS CAST - NONPARTISAN,7
Harrison,PRECINCT 129B,BALLOTS CAST,,,BALLOTS CAST - NONPARTISAN,20
Harrison,PRECINCT 129C,BALLOTS CAST,,,BALLOTS CAST - NONPARTISAN,0
Harrison,PRECINCT 130,BALLOTS CAST,,,BALLOTS CAST - NONPARTISAN,7
Harrison,PRECINCT 132,BALLOTS CAST,,,BALLOTS CAST - NONPARTISAN,2
Harrison,PRECINCT 133,BALLOTS CAST,,,BALLOTS CAST - NONPARTISAN,2
Harrison,PRECINCT 134,BALLOTS CAST,,,BALLOTS CAST - NONPARTISAN,2
Harrison,PRECINCT 135,BALLOTS CAST,,,BALLOTS CAST - NONPARTISAN,0
Harrison,PRECINCT 136,BALLOTS CAST,,,BALLOTS CAST - NONPARTISAN,1
Harrison,PRECINCT 137,BALLOTS CAST,,,BALLOTS CAST - NONPARTISAN,2
Harrison,PRECINCT 143,BALLOTS CAST,,,BALLOTS CAST - NONPARTISAN,6
Harrison,PRECINCT 144,BALLOTS CAST,,,BALLOTS CAST - NONPARTISAN,4
Harrison,PRECINCT 144A,BALLOTS CAST,,,BALLOTS CAST - NONPARTISAN,6
Harrison,PRECINCT 145,BALLOTS CAST,,,BALLOTS CAST - NONPARTISAN,0
Harrison,PRECINCT 1,President,,REP,NIKKI R.  HALEY,29
Harrison,PRECINCT 1A,President,,REP,NIKKI R.  HALEY,6
Harrison,PRECINCT 2,President,,REP,NIKKI R.  HALEY,2
Harrison,PRECINCT 4,President,,REP,NIKKI R.  HALEY,19
Harrison,PRECINCT 6,President,,REP,NIKKI R.  HALEY,11
Harrison,PRECINCT 9,President,,REP,NIKKI R.  HALEY,8
Harrison,PRECINCT 10,President,,REP,NIKKI R.  HALEY,4
Harrison,PRECINCT 14,President,,REP,NIKKI R.  HALEY,28
Harrison,PRECINCT 28,President,,REP,NIKKI R.  HALEY,20
Harrison,PRECINCT 33,President,,REP,NIKKI R.  HALEY,27
Harrison,PRECINCT 36A,President,,REP,NIKKI R.  HALEY,18
Harrison,PRECINCT 43,President,,REP,NIKKI R.  HALEY,10
Harrison,PRECINCT 44,President,,REP,NIKKI R.  HALEY,3
Harrison,PRECINCT 45,President,,REP,NIKKI R.  HALEY,9
Harrison,PRECINCT 46,President,,REP,NIKKI R.  HALEY,11
Harrison,PRECINCT 48,President,,REP,NIKKI R.  HALEY,9
Harrison,PRECINCT 50,President,,REP,NIKKI R.  HALEY,11
Harrison,PRECINCT 51,President,,REP,NIKKI R.  HALEY,8
Harrison,PRECINCT 52,President,,REP,NIKKI R.  HALEY,3
Harrison,PRECINCT 53,President,,REP,NIKKI R.  HALEY,10
Harrison,PRECINCT 59,President,,REP,NIKKI R.  HALEY,8
Harrison,PRECINCT 61,President,,REP,NIKKI R.  HALEY,12
Harrison,PRECINCT 63,President,,REP,NIKKI R.  HALEY,7
Harrison,PRECINCT 66,President,,REP,NIKKI R.  HALEY,6
Harrison,PRECINCT 66A,President,,REP,NIKKI R.  HALEY,0
Harrison,PRECINCT 66B,President,,REP,NIKKI R.  HALEY,2
Harrison,PRECINCT 68,President,,REP,NIKKI R.  HALEY,13
Harrison,PRECINCT 74,President,,REP,NIKKI R.  HALEY,20
Harrison,PRECINCT 80,President,,REP,NIKKI R.  HALEY,10
Harrison,PRECINCT 87,President,,REP,NIKKI R.  HALEY,3
Harrison,PRECINCT 92,President,,REP,NIKKI R.  HALEY,4
Harrison,PRECINCT 95,President,,REP,NIKKI R.  HALEY,1
Harrison,PRECINCT 96,President,,REP,NIKKI R.  HALEY,3
Harrison,PRECINCT 98,President,,REP,NIKKI R.  HALEY,4
Harrison,PRECINCT 102,President,,REP,NIKKI R.  HALEY,29
Harrison,PRECINCT 103,President,,REP,NIKKI R.  HALEY,9
Harrison,PRECINCT 104,President,,REP,NIKKI R.  HALEY,6
Harrison,PRECINCT 106,President,,REP,NIKKI R.  HALEY,3
Harrison,PRECINCT 107,President,,REP,NIKKI R.  HALEY,6
Harrison,PRECINCT 108,President,,REP,NIKKI R.  HALEY,16
Harrison,PRECINCT 110,President,,REP,NIKKI R.  HALEY,12
Harrison,PRECINCT 114,President,,REP,NIKKI R.  HALEY,3
Harrison,PRECINCT 114A,President,,REP,NIKKI R.  HALEY,0
Harrison,PRECINCT 118,President,,REP,NIKKI R.  HALEY,2
Harrison,PRECINCT 120,President,,REP,NIKKI R.  HALEY,23
Harrison,PRECINCT 121,President,,REP,NIKKI R.  HALEY,3
Harrison,PRECINCT 122,President,,REP,NIKKI R.  HALEY,17
Harrison,PRECINCT 123,President,,REP,NIKKI R.  HALEY,79
Harrison,PRECINCT 125,President,,REP,NIKKI R.  HALEY,30
Harrison,PRECINCT 126,President,,REP,NIKKI R.  HALEY,19
Harrison,PRECINCT 128,President,,REP,NIKKI R.  HALEY,27
Harrison,PRECINCT 129,President,,REP,NIKKI R.  HALEY,72
Harrison,PRECINCT 129B,President,,REP,NIKKI R.  HALEY,53
Harrison,PRECINCT 129C,President,,REP,NIKKI R.  HALEY,11
Harrison,PRECINCT 130,President,,REP,NIKKI R.  HALEY,2
Harrison,PRECINCT 132,President,,REP,NIKKI R.  HALEY,2
Harrison,PRECINCT 133,President,,REP,NIKKI R.  HALEY,19
Harrison,PRECINCT 134,President,,REP,NIKKI R.  HALEY,10
Harrison,PRECINCT 135,President,,REP,NIKKI R.  HALEY,5
Harrison,PRECINCT 136,President,,REP,NIKKI R.  HALEY,3
Harrison,PRECINCT 137,President,,REP,NIKKI R.  HALEY,0
Harrison,PRECINCT 143,President,,REP,NIKKI R.  HALEY,23
Harrison,PRECINCT 144,President,,REP,NIKKI R.  HALEY,7
Harrison,PRECINCT 144A,President,,REP,NIKKI R.  HALEY,9
Harrison,PRECINCT 145,President,,REP,NIKKI R.  HALEY,16
Harrison,PRECINCT 1,President,,REP,RACHEL HANNA MoHAWK SWIFT,6
Harrison,PRECINCT 1A,President,,REP,RACHEL HANNA MoHAWK SWIFT,1
Harrison,PRECINCT 2,President,,REP,RACHEL HANNA MoHAWK SWIFT,1
Harrison,PRECINCT 4,President,,REP,RACHEL HANNA MoHAWK SWIFT,2
Harrison,PRECINCT 6,President,,REP,RACHEL HANNA MoHAWK SWIFT,3
Harrison,PRECINCT 9,President,,REP,RACHEL HANNA MoHAWK SWIFT,0
Harrison,PRECINCT 10,President,,REP,RACHEL HANNA MoHAWK SWIFT,2
Harrison,PRECINCT 14,President,,REP,RACHEL HANNA MoHAWK SWIFT,8
Harrison,PRECINCT 28,President,,REP,RACHEL HANNA MoHAWK SWIFT,3
Harrison,PRECINCT 33,President,,REP,RACHEL HANNA MoHAWK SWIFT,3
Harrison,PRECINCT 36A,President,,REP,RACHEL HANNA MoHAWK SWIFT,2
Harrison,PRECINCT 43,President,,REP,RACHEL HANNA MoHAWK SWIFT,0
Harrison,PRECINCT 44,President,,REP,RACHEL HANNA MoHAWK SWIFT,0
Harrison,PRECINCT 45,President,,REP,RACHEL HANNA MoHAWK SWIFT,0
Harrison,PRECINCT 46,President,,REP,RACHEL HANNA MoHAWK SWIFT,0
Harrison,PRECINCT 48,President,,REP,RACHEL HANNA MoHAWK SWIFT,1
Harrison,PRECINCT 50,President,,REP,RACHEL HANNA MoHAWK SWIFT,0
Harrison,PRECINCT 51,President,,REP,RACHEL HANNA MoHAWK SWIFT,1
Harrison,PRECINCT 52,President,,REP,RACHEL HANNA MoHAWK SWIFT,1
Harrison,PRECINCT 53,President,,REP,RACHEL HANNA MoHAWK SWIFT,1
Harrison,PRECINCT 59,President,,REP,RACHEL HANNA MoHAWK SWIFT,0
Harrison,PRECINCT 61,President,,REP,RACHEL HANNA MoHAWK SWIFT,2
Harrison,PRECINCT 63,President,,REP,RACHEL HANNA MoHAWK SWIFT,1
Harrison,PRECINCT 66,President,,REP,RACHEL HANNA MoHAWK SWIFT,0
Harrison,PRECINCT 66A,President,,REP,RACHEL HANNA MoHAWK SWIFT,0
Harrison,PRECINCT 66B,President,,REP,RACHEL HANNA MoHAWK SWIFT,0
Harrison,PRECINCT 68,President,,REP,RACHEL HANNA MoHAWK SWIFT,1
Harrison,PRECINCT 74,President,,REP,RACHEL HANNA MoHAWK SWIFT,5
Harrison,PRECINCT 80,President,,REP,RACHEL HANNA MoHAWK SWIFT,0
Harrison,PRECINCT 87,President,,REP,RACHEL HANNA MoHAWK SWIFT,1
Harrison,PRECINCT 92,President,,REP,RACHEL HANNA MoHAWK SWIFT,2
Harrison,PRECINCT 95,President,,REP,RACHEL HANNA MoHAWK SWIFT,1
Harrison,PRECINCT 96,President,,REP,RACHEL HANNA MoHAWK SWIFT,3
Harrison,PRECINCT 98,President,,REP,RACHEL HANNA MoHAWK SWIFT,0
Harrison,PRECINCT 102,President,,REP,RACHEL HANNA MoHAWK SWIFT,3
Harrison,PRECINCT 103,President,,REP,RACHEL HANNA MoHAWK SWIFT,0
Harrison,PRECINCT 104,President,,REP,RACHEL HANNA MoHAWK SWIFT,2
Harrison,PRECINCT 106,President,,REP,RACHEL HANNA MoHAWK SWIFT,0
Harrison,PRECINCT 107,President,,REP,RACHEL HANNA MoHAWK SWIFT,1
Harrison,PRECINCT 108,President,,REP,RACHEL HANNA MoHAWK SWIFT,3
Harrison,PRECINCT 110,President,,REP,RACHEL HANNA MoHAWK SWIFT,0
Harrison,PRECINCT 114,President,,REP,RACHEL HANNA MoHAWK SWIFT,1
Harrison,PRECINCT 114A,President,,REP,RACHEL HANNA MoHAWK SWIFT,1
Harrison,PRECINCT 118,President,,REP,RACHEL HANNA MoHAWK SWIFT,2
Harrison,PRECINCT 120,President,,REP,RACHEL HANNA MoHAWK SWIFT,0
Harrison,PRECINCT 121,President,,REP,RACHEL HANNA MoHAWK SWIFT,1
Harrison,PRECINCT 122,President,,REP,RACHEL HANNA MoHAWK SWIFT,0
Harrison,PRECINCT 123,President,,REP,RACHEL HANNA MoHAWK SWIFT,10
Harrison,PRECINCT 125,President,,REP,RACHEL HANNA MoHAWK SWIFT,3
Harrison,PRECINCT 126,President,,REP,RACHEL HANNA MoHAWK SWIFT,3
Harrison,PRECINCT 128,President,,REP,RACHEL HANNA MoHAWK SWIFT,4
Harrison,PRECINCT 129,President,,REP,RACHEL HANNA MoHAWK SWIFT,7
Harrison,PRECINCT 129B,President,,REP,RACHEL HANNA MoHAWK SWIFT,1
Harrison,PRECINCT 129C,President,,REP,RACHEL HANNA MoHAWK SWIFT,0
Harrison,PRECINCT 130,President,,REP,RACHEL HANNA MoHAWK SWIFT,3
Harrison,PRECINCT 132,President,,REP,RACHEL HANNA MoHAWK SWIFT,0
Harrison,PRECINCT 133,President,,REP,RACHEL HANNA MoHAWK SWIFT,2
Harrison,PRECINCT 134,President,,REP,RACHEL HANNA MoHAWK SWIFT,2
Harrison,PRECINCT 135,President,,REP,RACHEL HANNA MoHAWK SWIFT,0
Harrison,PRECINCT 136,President,,REP,RACHEL HANNA MoHAWK SWIFT,0
Harrison,PRECINCT 137,President,,REP,RACHEL HANNA MoHAWK SWIFT,0
Harrison,PRECINCT 143,President,,REP,RACHEL HANNA MoHAWK SWIFT,3
Harrison,PRECINCT 144,President,,REP,RACHEL HANNA MoHAWK SWIFT,2
Harrison,PRECINCT 144A,President,,REP,RACHEL HANNA MoHAWK SWIFT,1
Harrison,PRECINCT 145,President,,REP,RACHEL HANNA MoHAWK SWIFT,3
Harrison,PRECINCT 1,President,,REP,DAVID STUCKENBERG,1
Harrison,PRECINCT 1A,President,,REP,DAVID STUCKENBERG,0
Harrison,PRECINCT 2,President,,REP,DAVID STUCKENBERG,0
Harrison,PRECINCT 4,President,,REP,DAVID STUCKENBERG,1
Harrison,PRECINCT 6,President,,REP,DAVID STUCKENBERG,3
Harrison,PRECINCT 9,President,,REP,DAVID STUCKENBERG,0
Harrison,PRECINCT 10,President,,REP,DAVID STUCKENBERG,0
Harrison,PRECINCT 14,President,,REP,DAVID STUCKENBERG,3
Harrison,PRECINCT 28,President,,REP,DAVID STUCKENBERG,1
Harrison,PRECINCT 33,President,,REP,DAVID STUCKENBERG,1
Harrison,PRECINCT 36A,President,,REP,DAVID STUCKENBERG,0
Harrison,PRECINCT 43,President,,REP,DAVID STUCKENBERG,0
Harrison,PRECINCT 44,President,,REP,DAVID STUCKENBERG,0
Harrison,PRECINCT 45,President,,REP,DAVID STUCKENBERG,0
Harrison,PRECINCT 46,President,,REP,DAVID STUCKENBERG,0
Harrison,PRECINCT 48,President,,REP,DAVID STUCKENBERG,0
Harrison,PRECINCT 50,President,,REP,DAVID STUCKENBERG,2
Harrison,PRECINCT 51,President,,REP,DAVID STUCKENBERG,0
Harrison,PRECINCT 52,President,,REP,DAVID STUCKENBERG,0
Harrison,PRECINCT 53,President,,REP,DAVID STUCKENBERG,1
Harrison,PRECINCT 59,President,,REP,DAVID STUCKENBERG,0
Harrison,PRECINCT 61,President,,REP,DAVID STUCKENBERG,1
Harrison,PRECINCT 63,President,,REP,DAVID STUCKENBERG,2
Harrison,PRECINCT 66,President,,REP,DAVID STUCKENBERG,0
Harrison,PRECINCT 66A,President,,REP,DAVID STUCKENBERG,0
Harrison,PRECINCT 66B,President,,REP,DAVID STUCKENBERG,0
Harrison,PRECINCT 68,President,,REP,DAVID STUCKENBERG,1
Harrison,PRECINCT 74,President,,REP,DAVID STUCKENBERG,0
Harrison,PRECINCT 80,President,,REP,DAVID STUCKENBERG,0
Harrison,PRECINCT 87,President,,REP,DAVID STUCKENBERG,1
Harrison,PRECINCT 92,President,,REP,DAVID STUCKENBERG,1
Harrison,PRECINCT 95,President,,REP,DAVID STUCKENBERG,1
Harrison,PRECINCT 96,President,,REP,DAVID STUCKENBERG,0
Harrison,PRECINCT 98,President,,REP,DAVID STUCKENBERG,0
Harrison,PRECINCT 102,President,,REP,DAVID STUCKENBERG,2
Harrison,PRECINCT 103,President,,REP,DAVID STUCKENBERG,1
Harrison,PRECINCT 104,President,,REP,DAVID STUCKENBERG,0
Harrison,PRECINCT 106,President,,REP,DAVID STUCKENBERG,1
Harrison,PRECINCT 107,President,,REP,DAVID STUCKENBERG,0
Harrison,PRECINCT 108,President,,REP,DAVID STUCKENBERG,3
Harrison,PRECINCT 110,President,,REP,DAVID STUCKENBERG,1
Harrison,PRECINCT 114,President,,REP,DAVID STUCKENBERG,0
Harrison,PRECINCT 114A,President,,REP,DAVID STUCKENBERG,0
Harrison,PRECINCT 118,President,,REP,DAVID STUCKENBERG,0
Harrison,PRECINCT 120,President,,REP,DAVID STUCKENBERG,1
Harrison,PRECINCT 121,President,,REP,DAVID STUCKENBERG,0
Harrison,PRECINCT 122,President,,REP,DAVID STUCKENBERG,0
Harrison,PRECINCT 123,President,,REP,DAVID STUCKENBERG,2
Harrison,PRECINCT 125,President,,REP,DAVID STUCKENBERG,1
Harrison,PRECINCT 126,President,,REP,DAVID STUCKENBERG,0
Harrison,PRECINCT 128,President,,REP,DAVID STUCKENBERG,3
Harrison,PRECINCT 129,President,,REP,DAVID STUCKENBERG,2
Harrison,PRECINCT 129B,President,,REP,DAVID STUCKENBERG,2
Harrison,PRECINCT 129C,President,,REP,DAVID STUCKENBERG,0
Harrison,PRECINCT 130,President,,REP,DAVID STUCKENBERG,1
Harrison,PRECINCT 132,President,,REP,DAVID STUCKENBERG,1
Harrison,PRECINCT 133,President,,REP,DAVID STUCKENBERG,5
Harrison,PRECINCT 134,President,,REP,DAVID STUCKENBERG,0
Harrison,PRECINCT 135,President,,REP,DAVID STUCKENBERG,0
Harrison,PRECINCT 136,President,,REP,DAVID STUCKENBERG,1
Harrison,PRECINCT 137,President,,REP,DAVID STUCKENBERG,1
Harrison,PRECINCT 143,President,,REP,DAVID STUCKENBERG,3
Harrison,PRECINCT 144,President,,REP,DAVID STUCKENBERG,0
Harrison,PRECINCT 144A,President,,REP,DAVID STUCKENBERG,0
Harrison,PRECINCT 145,President,,REP,DAVID STUCKENBERG,1
Harrison,PRECINCT 1,President,,REP,DONALD J.  TRUMP,235
Harrison,PRECINCT 1A,President,,REP,DONALD J.  TRUMP,13
Harrison,PRECINCT 2,President,,REP,DONALD J.  TRUMP,31
Harrison,PRECINCT 4,President,,REP,DONALD J.  TRUMP,203
Harrison,PRECINCT 6,President,,REP,DONALD J.  TRUMP,151
Harrison,PRECINCT 9,President,,REP,DONALD J.  TRUMP,81
Harrison,PRECINCT 10,President,,REP,DONALD J.  TRUMP,92
Harrison,PRECINCT 14,President,,REP,DONALD J.  TRUMP,202
Harrison,PRECINCT 28,President,,REP,DONALD J.  TRUMP,122
Harrison,PRECINCT 33,President,,REP,DONALD J.  TRUMP,182
Harrison,PRECINCT 36A,President,,REP,DONALD J.  TRUMP,62
Harrison,PRECINCT 43,President,,REP,DONALD J.  TRUMP,69
Harrison,PRECINCT 44,President,,REP,DONALD J.  TRUMP,53
Harrison,PRECINCT 45,President,,REP,DONALD J.  TRUMP,131
Harrison,PRECINCT 46,President,,REP,DONALD J.  TRUMP,99
Harrison,PRECINCT 48,President,,REP,DONALD J.  TRUMP,123
Harrison,PRECINCT 50,President,,REP,DONALD J.  TRUMP,104
Harrison,PRECINCT 51,President,,REP,DONALD J.  TRUMP,41
Harrison,PRECINCT 52,President,,REP,DONALD J.  TRUMP,97
Harrison,PRECINCT 53,President,,REP,DONALD J.  TRUMP,38
Harrison,PRECINCT 59,President,,REP,DONALD J.  TRUMP,71
Harrison,PRECINCT 61,President,,REP,DONALD J.  TRUMP,150
Harrison,PRECINCT 63,President,,REP,DONALD J.  TRUMP,129
Harrison,PRECINCT 66,President,,REP,DONALD J.  TRUMP,51
Harrison,PRECINCT 66A,President,,REP,DONALD J.  TRUMP,0
Harrison,PRECINCT 66B,President,,REP,DONALD J.  TRUMP,10
Harrison,PRECINCT 68,President,,REP,DONALD J.  TRUMP,107
Harrison,PRECINCT 74,President,,REP,DONALD J.  TRUMP,163
Harrison,PRECINCT 80,President,,REP,DONALD J.  TRUMP,193
Harrison,PRECINCT 87,President,,REP,DONALD J.  TRUMP,54
Harrison,PRECINCT 92,President,,REP,DONALD J.  TRUMP,108
Harrison,PRECINCT 95,President,,REP,DONALD J.  TRUMP,75
Harrison,PRECINCT 96,President,,REP,DONALD J.  TRUMP,97
Harrison,PRECINCT 98,President,,REP,DONALD J.  TRUMP,70
Harrison,PRECINCT 102,President,,REP,DONALD J.  TRUMP,342
Harrison,PRECINCT 103,President,,REP,DONALD J.  TRUMP,83
Harrison,PRECINCT 104,President,,REP,DONALD J.  TRUMP,80
Harrison,PRECINCT 106,President,,REP,DONALD J.  TRUMP,86
Harrison,PRECINCT 107,President,,REP,DONALD J.  TRUMP,48
Harrison,PRECINCT 108,President,,REP,DONALD J.  TRUMP,158
Harrison,PRECINCT 110,President,,REP,DONALD J.  TRUMP,133
Harrison,PRECINCT 114,President,,REP,DONALD J.  TRUMP,75
Harrison,PRECINCT 114A,President,,REP,DONALD J.  TRUMP,27
Harrison,PRECINCT 118,President,,REP,DONALD J.  TRUMP,81
Harrison,PRECINCT 120,President,,REP,DONALD J.  TRUMP,157
Harrison,PRECINCT 121,President,,REP,DONALD J.  TRUMP,46
Harrison,PRECINCT 122,President,,REP,DONALD J.  TRUMP,86
Harrison,PRECINCT 123,President,,REP,DONALD J.  TRUMP,407
Harrison,PRECINCT 125,President,,REP,DONALD J.  TRUMP,194
Harrison,PRECINCT 126,President,,REP,DONALD J.  TRUMP,133
Harrison,PRECINCT 128,President,,REP,DONALD J.  TRUMP,159
Harrison,PRECINCT 129,President,,REP,DONALD J.  TRUMP,290
Harrison,PRECINCT 129B,President,,REP,DONALD J.  TRUMP,261
Harrison,PRECINCT 129C,President,,REP,DONALD J.  TRUMP,120
Harrison,PRECINCT 130,President,,REP,DONALD J.  TRUMP,79
Harrison,PRECINCT 132,President,,REP,DONALD J.  TRUMP,45
Harrison,PRECINCT 133,President,,REP,DONALD J.  TRUMP,166
Harrison,PRECINCT 134,President,,REP,DONALD J.  TRUMP,133
Harrison,PRECINCT 135,President,,REP,DONALD J.  TRUMP,52
Harrison,PRECINCT 136,President,,REP,DONALD J.  TRUMP,39
Harrison,PRECINCT 137,President,,REP,DONALD J.  TRUMP,29
Harrison,PRECINCT 143,President,,REP,DONALD J.  TRUMP,264
Harrison,PRECINCT 144,President,,REP,DONALD J.  TRUMP,66
Harrison,PRECINCT 144A,President,,REP,DONALD J.  TRUMP,100
Harrison,PRECINCT 145,President,,REP,DONALD J.  TRUMP,123
Harrison,PRECINCT 1,President,,REP,RYAN L.  BINKLEY,4
Harrison,PRECINCT 1A,President,,REP,RYAN L.  BINKLEY,0
Harrison,PRECINCT 2,President,,REP,RYAN L.  BINKLEY,0
Harrison,PRECINCT 4,President,,REP,RYAN L.  BINKLEY,4
Harrison,PRECINCT 6,President,,REP,RYAN L.  BINKLEY,0
Harrison,PRECINCT 9,President,,REP,RYAN L.  BINKLEY,4
Harrison,PRECINCT 10,President,,REP,RYAN L.  BINKLEY,0
Harrison,PRECINCT 14,President,,REP,RYAN L.  BINKLEY,1
Harrison,PRECINCT 28,President,,REP,RYAN L.  BINKLEY,1
Harrison,PRECINCT 33,President,,REP,RYAN L.  BINKLEY,2
Harrison,PRECINCT 36A,President,,REP,RYAN L.  BINKLEY,0
Harrison,PRECINCT 43,President,,REP,RYAN L.  BINKLEY,1
Harrison,PRECINCT 44,President,,REP,RYAN L.  BINKLEY,3
Harrison,PRECINCT 45,President,,REP,RYAN L.  BINKLEY,0
Harrison,PRECINCT 46,President,,REP,RYAN L.  BINKLEY,0
Harrison,PRECINCT 48,President,,REP,RYAN L.  BINKLEY,2
Harrison,PRECINCT 50,President,,REP,RYAN L.  BINKLEY,0
Harrison,PRECINCT 51,President,,REP,RYAN L.  BINKLEY,1
Harrison,PRECINCT 52,President,,REP,RYAN L.  BINKLEY,2
Harrison,PRECINCT 53,President,,REP,RYAN L.  BINKLEY,1
Harrison,PRECINCT 59,President,,REP,RYAN L.  BINKLEY,0
Harrison,PRECINCT 61,President,,REP,RYAN L.  BINKLEY,0
Harrison,PRECINCT 63,President,,REP,RYAN L.  BINKLEY,0
Harrison,PRECINCT 66,President,,REP,RYAN L.  BINKLEY,0
Harrison,PRECINCT 66A,President,,REP,RYAN L.  BINKLEY,0
Harrison,PRECINCT 66B,President,,REP,RYAN L.  BINKLEY,0
Harrison,PRECINCT 68,President,,REP,RYAN L.  BINKLEY,1
Harrison,PRECINCT 74,President,,REP,RYAN L.  BINKLEY,2
Harrison,PRECINCT 80,President,,REP,RYAN L.  BINKLEY,2
Harrison,PRECINCT 87,President,,REP,RYAN L.  BINKLEY,0
Harrison,PRECINCT 92,President,,REP,RYAN L.  BINKLEY,0
Harrison,PRECINCT 95,President,,REP,RYAN L.  BINKLEY,1
Harrison,PRECINCT 96,President,,REP,RYAN L.  BINKLEY,0
Harrison,PRECINCT 98,President,,REP,RYAN L.  BINKLEY,0
Harrison,PRECINCT 102,President,,REP,RYAN L.  BINKLEY,2
Harrison,PRECINCT 103,President,,REP,RYAN L.  BINKLEY,2
Harrison,PRECINCT 104,President,,REP,RYAN L.  BINKLEY,2
Harrison,PRECINCT 106,President,,REP,RYAN L.  BINKLEY,1
Harrison,PRECINCT 107,President,,REP,RYAN L.  BINKLEY,0
Harrison,PRECINCT 108,President,,REP,RYAN L.  BINKLEY,1
Harrison,PRECINCT 110,President,,REP,RYAN L.  BINKLEY,2
Harrison,PRECINCT 114,President,,REP,RYAN L.  BINKLEY,0
Harrison,PRECINCT 114A,President,,REP,RYAN L.  BINKLEY,0
Harrison,PRECINCT 118,President,,REP,RYAN L.  BINKLEY,1
Harrison,PRECINCT 120,President,,REP,RYAN L.  BINKLEY,3
Harrison,PRECINCT 121,President,,REP,RYAN L.  BINKLEY,1
Harrison,PRECINCT 122,President,,REP,RYAN L.  BINKLEY,0
Harrison,PRECINCT 123,President,,REP,RYAN L.  BINKLEY,3
Harrison,PRECINCT 125,President,,REP,RYAN L.  BINKLEY,2
Harrison,PRECINCT 126,President,,REP,RYAN L.  BINKLEY,3
Harrison,PRECINCT 128,President,,REP,RYAN L.  BINKLEY,5
Harrison,PRECINCT 129,President,,REP,RYAN L.  BINKLEY,1
Harrison,PRECINCT 129B,President,,REP,RYAN L.  BINKLEY,2
Harrison,PRECINCT 129C,President,,REP,RYAN L.  BINKLEY,0
Harrison,PRECINCT 130,President,,REP,RYAN L.  BINKLEY,1
Harrison,PRECINCT 132,President,,REP,RYAN L.  BINKLEY,2
Harrison,PRECINCT 133,President,,REP,RYAN L.  BINKLEY,2
Harrison,PRECINCT 134,President,,REP,RYAN L.  BINKLEY,0
Harrison,PRECINCT 135,President,,REP,RYAN L.  BINKLEY,1
Harrison,PRECINCT 136,President,,REP,RYAN L.  BINKLEY,0
Harrison,PRECINCT 137,President,,REP,RYAN L.  BINKLEY,0
Harrison,PRECINCT 143,President,,REP,RYAN L.  BINKLEY,1
Harrison,PRECINCT 144,President,,REP,RYAN L.  BINKLEY,1
Harrison,PRECINCT 144A,President,,REP,RYAN L.  BINKLEY,0
Harrison,PRECINCT 145,President,,REP,RYAN L.  BINKLEY,0
Harrison,PRECINCT 1,President,,DEM,ARMANDO 'MANDO'  PEREZ-SERRATO,2
Harrison,PRECINCT 1A,President,,DEM,ARMANDO 'MANDO'  PEREZ-SERRATO,2
Harrison,PRECINCT 2,President,,DEM,ARMANDO 'MANDO'  PEREZ-SERRATO,0
Harrison,PRECINCT 4,President,,DEM,ARMANDO 'MANDO'  PEREZ-SERRATO,9
Harrison,PRECINCT 6,President,,DEM,ARMANDO 'MANDO'  PEREZ-SERRATO,2
Harrison,PRECINCT 9,President,,DEM,ARMANDO 'MANDO'  PEREZ-SERRATO,2
Harrison,PRECINCT 10,President,,DEM,ARMANDO 'MANDO'  PEREZ-SERRATO,1
Harrison,PRECINCT 14,President,,DEM,ARMANDO 'MANDO'  PEREZ-SERRATO,8
Harrison,PRECINCT 28,President,,DEM,ARMANDO 'MANDO'  PEREZ-SERRATO,1
Harrison,PRECINCT 33,President,,DEM,ARMANDO 'MANDO'  PEREZ-SERRATO,8
Harrison,PRECINCT 36A,President,,DEM,ARMANDO 'MANDO'  PEREZ-SERRATO,2
Harrison,PRECINCT 43,President,,DEM,ARMANDO 'MANDO'  PEREZ-SERRATO,1
Harrison,PRECINCT 44,President,,DEM,ARMANDO 'MANDO'  PEREZ-SERRATO,1
Harrison,PRECINCT 45,President,,DEM,ARMANDO 'MANDO'  PEREZ-SERRATO,1
Harrison,PRECINCT 46,President,,DEM,ARMANDO 'MANDO'  PEREZ-SERRATO,3
Harrison,PRECINCT 48,President,,DEM,ARMANDO 'MANDO'  PEREZ-SERRATO,2
Harrison,PRECINCT 50,President,,DEM,ARMANDO 'MANDO'  PEREZ-SERRATO,2
Harrison,PRECINCT 51,President,,DEM,ARMANDO 'MANDO'  PEREZ-SERRATO,2
Harrison,PRECINCT 52,President,,DEM,ARMANDO 'MANDO'  PEREZ-SERRATO,0
Harrison,PRECINCT 53,President,,DEM,ARMANDO 'MANDO'  PEREZ-SERRATO,0
Harrison,PRECINCT 59,President,,DEM,ARMANDO 'MANDO'  PEREZ-SERRATO,0
Harrison,PRECINCT 61,President,,DEM,ARMANDO 'MANDO'  PEREZ-SERRATO,2
Harrison,PRECINCT 63,President,,DEM,ARMANDO 'MANDO'  PEREZ-SERRATO,4
Harrison,PRECINCT 66,President,,DEM,ARMANDO 'MANDO'  PEREZ-SERRATO,4
Harrison,PRECINCT 66A,President,,DEM,ARMANDO 'MANDO'  PEREZ-SERRATO,0
Harrison,PRECINCT 66B,President,,DEM,ARMANDO 'MANDO'  PEREZ-SERRATO,1
Harrison,PRECINCT 68,President,,DEM,ARMANDO 'MANDO'  PEREZ-SERRATO,2
Harrison,PRECINCT 74,President,,DEM,ARMANDO 'MANDO'  PEREZ-SERRATO,3
Harrison,PRECINCT 80,President,,DEM,ARMANDO 'MANDO'  PEREZ-SERRATO,20
Harrison,PRECINCT 87,President,,DEM,ARMANDO 'MANDO'  PEREZ-SERRATO,0
Harrison,PRECINCT 92,President,,DEM,ARMANDO 'MANDO'  PEREZ-SERRATO,3
Harrison,PRECINCT 95,President,,DEM,ARMANDO 'MANDO'  PEREZ-SERRATO,0
Harrison,PRECINCT 96,President,,DEM,ARMANDO 'MANDO'  PEREZ-SERRATO,6
Harrison,PRECINCT 98,President,,DEM,ARMANDO 'MANDO'  PEREZ-SERRATO,2
Harrison,PRECINCT 102,President,,DEM,ARMANDO 'MANDO'  PEREZ-SERRATO,7
Harrison,PRECINCT 103,President,,DEM,ARMANDO 'MANDO'  PEREZ-SERRATO,0
Harrison,PRECINCT 104,President,,DEM,ARMANDO 'MANDO'  PEREZ-SERRATO,1
Harrison,PRECINCT 106,President,,DEM,ARMANDO 'MANDO'  PEREZ-SERRATO,0
Harrison,PRECINCT 107,President,,DEM,ARMANDO 'MANDO'  PEREZ-SERRATO,1
Harrison,PRECINCT 108,President,,DEM,ARMANDO 'MANDO'  PEREZ-SERRATO,1
Harrison,PRECINCT 110,President,,DEM,ARMANDO 'MANDO'  PEREZ-SERRATO,1
Harrison,PRECINCT 114,President,,DEM,ARMANDO 'MANDO'  PEREZ-SERRATO,2
Harrison,PRECINCT 114A,President,,DEM,ARMANDO 'MANDO'  PEREZ-SERRATO,0
Harrison,PRECINCT 118,President,,DEM,ARMANDO 'MANDO'  PEREZ-SERRATO,1
Harrison,PRECINCT 120,President,,DEM,ARMANDO 'MANDO'  PEREZ-SERRATO,2
Harrison,PRECINCT 121,President,,DEM,ARMANDO 'MANDO'  PEREZ-SERRATO,1
Harrison,PRECINCT 122,President,,DEM,ARMANDO 'MANDO'  PEREZ-SERRATO,0
Harrison,PRECINCT 123,President,,DEM,ARMANDO 'MANDO'  PEREZ-SERRATO,1
Harrison,PRECINCT 125,President,,DEM,ARMANDO 'MANDO'  PEREZ-SERRATO,4
Harrison,PRECINCT 126,President,,DEM,ARMANDO 'MANDO'  PEREZ-SERRATO,5
Harrison,PRECINCT 128,President,,DEM,ARMANDO 'MANDO'  PEREZ-SERRATO,4
Harrison,PRECINCT 129,President,,DEM,ARMANDO 'MANDO'  PEREZ-SERRATO,8
Harrison,PRECINCT 129B,President,,DEM,ARMANDO 'MANDO'  PEREZ-SERRATO,9
Harrison,PRECINCT 129C,President,,DEM,ARMANDO 'MANDO'  PEREZ-SERRATO,1
Harrison,PRECINCT 130,President,,DEM,ARMANDO 'MANDO'  PEREZ-SERRATO,0
Harrison,PRECINCT 132,President,,DEM,ARMANDO 'MANDO'  PEREZ-SERRATO,1
Harrison,PRECINCT 133,President,,DEM,ARMANDO 'MANDO'  PEREZ-SERRATO,3
Harrison,PRECINCT 134,President,,DEM,ARMANDO 'MANDO'  PEREZ-SERRATO,1
Harrison,PRECINCT 135,President,,DEM,ARMANDO 'MANDO'  PEREZ-SERRATO,1
Harrison,PRECINCT 136,President,,DEM,ARMANDO 'MANDO'  PEREZ-SERRATO,3
Harrison,PRECINCT 137,President,,DEM,ARMANDO 'MANDO'  PEREZ-SERRATO,0
Harrison,PRECINCT 143,President,,DEM,ARMANDO 'MANDO'  PEREZ-SERRATO,2
Harrison,PRECINCT 144,President,,DEM,ARMANDO 'MANDO'  PEREZ-SERRATO,3
Harrison,PRECINCT 144A,President,,DEM,ARMANDO 'MANDO'  PEREZ-SERRATO,0
Harrison,PRECINCT 145,President,,DEM,ARMANDO 'MANDO'  PEREZ-SERRATO,1
Harrison,PRECINCT 1,President,,DEM,JASON MICHAEL  PALMER,18
Harrison,PRECINCT 1A,President,,DEM,JASON MICHAEL  PALMER,2
Harrison,PRECINCT 2,President,,DEM,JASON MICHAEL  PALMER,1
Harrison,PRECINCT 4,President,,DEM,JASON MICHAEL  PALMER,17
Harrison,PRECINCT 6,President,,DEM,JASON MICHAEL  PALMER,22
Harrison,PRECINCT 9,President,,DEM,JASON MICHAEL  PALMER,10
Harrison,PRECINCT 10,President,,DEM,JASON MICHAEL  PALMER,7
Harrison,PRECINCT 14,President,,DEM,JASON MICHAEL  PALMER,17
Harrison,PRECINCT 28,President,,DEM,JASON MICHAEL  PALMER,11
Harrison,PRECINCT 33,President,,DEM,JASON MICHAEL  PALMER,16
Harrison,PRECINCT 36A,President,,DEM,JASON MICHAEL  PALMER,6
Harrison,PRECINCT 43,President,,DEM,JASON MICHAEL  PALMER,1
Harrison,PRECINCT 44,President,,DEM,JASON MICHAEL  PALMER,3
Harrison,PRECINCT 45,President,,DEM,JASON MICHAEL  PALMER,6
Harrison,PRECINCT 46,President,,DEM,JASON MICHAEL  PALMER,8
Harrison,PRECINCT 48,President,,DEM,JASON MICHAEL  PALMER,11
Harrison,PRECINCT 50,President,,DEM,JASON MICHAEL  PALMER,4
Harrison,PRECINCT 51,President,,DEM,JASON MICHAEL  PALMER,3
Harrison,PRECINCT 52,President,,DEM,JASON MICHAEL  PALMER,11
Harrison,PRECINCT 53,President,,DEM,JASON MICHAEL  PALMER,5
Harrison,PRECINCT 59,President,,DEM,JASON MICHAEL  PALMER,4
Harrison,PRECINCT 61,President,,DEM,JASON MICHAEL  PALMER,15
Harrison,PRECINCT 63,President,,DEM,JASON MICHAEL  PALMER,12
Harrison,PRECINCT 66,President,,DEM,JASON MICHAEL  PALMER,3
Harrison,PRECINCT 66A,President,,DEM,JASON MICHAEL  PALMER,4
Harrison,PRECINCT 66B,President,,DEM,JASON MICHAEL  PALMER,0
Harrison,PRECINCT 68,President,,DEM,JASON MICHAEL  PALMER,12
Harrison,PRECINCT 74,President,,DEM,JASON MICHAEL  PALMER,16
Harrison,PRECINCT 80,President,,DEM,JASON MICHAEL  PALMER,18
Harrison,PRECINCT 87,President,,DEM,JASON MICHAEL  PALMER,4
Harrison,PRECINCT 92,President,,DEM,JASON MICHAEL  PALMER,7
Harrison,PRECINCT 95,President,,DEM,JASON MICHAEL  PALMER,6
Harrison,PRECINCT 96,President,,DEM,JASON MICHAEL  PALMER,7
Harrison,PRECINCT 98,President,,DEM,JASON MICHAEL  PALMER,3
Harrison,PRECINCT 102,President,,DEM,JASON MICHAEL  PALMER,15
Harrison,PRECINCT 103,President,,DEM,JASON MICHAEL  PALMER,4
Harrison,PRECINCT 104,President,,DEM,JASON MICHAEL  PALMER,4
Harrison,PRECINCT 106,President,,DEM,JASON MICHAEL  PALMER,13
Harrison,PRECINCT 107,President,,DEM,JASON MICHAEL  PALMER,1
Harrison,PRECINCT 108,President,,DEM,JASON MICHAEL  PALMER,4
Harrison,PRECINCT 110,President,,DEM,JASON MICHAEL  PALMER,8
Harrison,PRECINCT 114,President,,DEM,JASON MICHAEL  PALMER,5
Harrison,PRECINCT 114A,President,,DEM,JASON MICHAEL  PALMER,1
Harrison,PRECINCT 118,President,,DEM,JASON MICHAEL  PALMER,6
Harrison,PRECINCT 120,President,,DEM,JASON MICHAEL  PALMER,8
Harrison,PRECINCT 121,President,,DEM,JASON MICHAEL  PALMER,5
Harrison,PRECINCT 122,President,,DEM,JASON MICHAEL  PALMER,1
Harrison,PRECINCT 123,President,,DEM,JASON MICHAEL  PALMER,25
Harrison,PRECINCT 125,President,,DEM,JASON MICHAEL  PALMER,8
Harrison,PRECINCT 126,President,,DEM,JASON MICHAEL  PALMER,11
Harrison,PRECINCT 128,President,,DEM,JASON MICHAEL  PALMER,4
Harrison,PRECINCT 129,President,,DEM,JASON MICHAEL  PALMER,10
Harrison,PRECINCT 129B,President,,DEM,JASON MICHAEL  PALMER,13
Harrison,PRECINCT 129C,President,,DEM,JASON MICHAEL  PALMER,9
Harrison,PRECINCT 130,President,,DEM,JASON MICHAEL  PALMER,5
Harrison,PRECINCT 132,President,,DEM,JASON MICHAEL  PALMER,0
Harrison,PRECINCT 133,President,,DEM,JASON MICHAEL  PALMER,6
Harrison,PRECINCT 134,President,,DEM,JASON MICHAEL  PALMER,4
Harrison,PRECINCT 135,President,,DEM,JASON MICHAEL  PALMER,0
Harrison,PRECINCT 136,President,,DEM,JASON MICHAEL  PALMER,2
Harrison,PRECINCT 137,President,,DEM,JASON MICHAEL  PALMER,0
Harrison,PRECINCT 143,President,,DEM,JASON MICHAEL  PALMER,11
Harrison,PRECINCT 144,President,,DEM,JASON MICHAEL  PALMER,3
Harrison,PRECINCT 144A,President,,DEM,JASON MICHAEL  PALMER,6
Harrison,PRECINCT 145,President,,DEM,JASON MICHAEL  PALMER,11
Harrison,PRECINCT 1,President,,DEM,STEPHEN P  LYONS,13
Harrison,PRECINCT 1A,President,,DEM,STEPHEN P  LYONS,0
Harrison,PRECINCT 2,President,,DEM,STEPHEN P  LYONS,2
Harrison,PRECINCT 4,President,,DEM,STEPHEN P  LYONS,13
Harrison,PRECINCT 6,President,,DEM,STEPHEN P  LYONS,9
Harrison,PRECINCT 9,President,,DEM,STEPHEN P  LYONS,4
Harrison,PRECINCT 10,President,,DEM,STEPHEN P  LYONS,5
Harrison,PRECINCT 14,President,,DEM,STEPHEN P  LYONS,10
Harrison,PRECINCT 28,President,,DEM,STEPHEN P  LYONS,9
Harrison,PRECINCT 33,President,,DEM,STEPHEN P  LYONS,13
Harrison,PRECINCT 36A,President,,DEM,STEPHEN P  LYONS,2
Harrison,PRECINCT 43,President,,DEM,STEPHEN P  LYONS,1
Harrison,PRECINCT 44,President,,DEM,STEPHEN P  LYONS,8
Harrison,PRECINCT 45,President,,DEM,STEPHEN P  LYONS,3
Harrison,PRECINCT 46,President,,DEM,STEPHEN P  LYONS,4
Harrison,PRECINCT 48,President,,DEM,STEPHEN P  LYONS,8
Harrison,PRECINCT 50,President,,DEM,STEPHEN P  LYONS,5
Harrison,PRECINCT 51,President,,DEM,STEPHEN P  LYONS,3
Harrison,PRECINCT 52,President,,DEM,STEPHEN P  LYONS,8
Harrison,PRECINCT 53,President,,DEM,STEPHEN P  LYONS,3
Harrison,PRECINCT 59,President,,DEM,STEPHEN P  LYONS,6
Harrison,PRECINCT 61,President,,DEM,STEPHEN P  LYONS,7
Harrison,PRECINCT 63,President,,DEM,STEPHEN P  LYONS,5
Harrison,PRECINCT 66,President,,DEM,STEPHEN P  LYONS,7
Harrison,PRECINCT 66A,President,,DEM,STEPHEN P  LYONS,0
Harrison,PRECINCT 66B,President,,DEM,STEPHEN P  LYONS,1
Harrison,PRECINCT 68,President,,DEM,STEPHEN P  LYONS,14
Harrison,PRECINCT 74,President,,DEM,STEPHEN P  LYONS,8
Harrison,PRECINCT 80,President,,DEM,STEPHEN P  LYONS,10
Harrison,PRECINCT 87,President,,DEM,STEPHEN P  LYONS,3
Harrison,PRECINCT 92,President,,DEM,STEPHEN P  LYONS,1
Harrison,PRECINCT 95,President,,DEM,STEPHEN P  LYONS,2
Harrison,PRECINCT 96,President,,DEM,STEPHEN P  LYONS,9
Harrison,PRECINCT 98,President,,DEM,STEPHEN P  LYONS,1
Harrison,PRECINCT 102,President,,DEM,STEPHEN P  LYONS,13
Harrison,PRECINCT 103,President,,DEM,STEPHEN P  LYONS,1
Harrison,PRECINCT 104,President,,DEM,STEPHEN P  LYONS,3
Harrison,PRECINCT 106,President,,DEM,STEPHEN P  LYONS,4
Harrison,PRECINCT 107,President,,DEM,STEPHEN P  LYONS,3
Harrison,PRECINCT 108,President,,DEM,STEPHEN P  LYONS,5
Harrison,PRECINCT 110,President,,DEM,STEPHEN P  LYONS,8
Harrison,PRECINCT 114,President,,DEM,STEPHEN P  LYONS,2
Harrison,PRECINCT 114A,President,,DEM,STEPHEN P  LYONS,2
Harrison,PRECINCT 118,President,,DEM,STEPHEN P  LYONS,1
Harrison,PRECINCT 120,President,,DEM,STEPHEN P  LYONS,6
Harrison,PRECINCT 121,President,,DEM,STEPHEN P  LYONS,1
Harrison,PRECINCT 122,President,,DEM,STEPHEN P  LYONS,3
Harrison,PRECINCT 123,President,,DEM,STEPHEN P  LYONS,16
Harrison,PRECINCT 125,President,,DEM,STEPHEN P  LYONS,9
Harrison,PRECINCT 126,President,,DEM,STEPHEN P  LYONS,3
Harrison,PRECINCT 128,President,,DEM,STEPHEN P  LYONS,4
Harrison,PRECINCT 129,President,,DEM,STEPHEN P  LYONS,11
Harrison,PRECINCT 129B,President,,DEM,STEPHEN P  LYONS,10
Harrison,PRECINCT 129C,President,,DEM,STEPHEN P  LYONS,2
Harrison,PRECINCT 130,President,,DEM,STEPHEN P  LYONS,1
Harrison,PRECINCT 132,President,,DEM,STEPHEN P  LYONS,2
Harrison,PRECINCT 133,President,,DEM,STEPHEN P  LYONS,13
Harrison,PRECINCT 134,President,,DEM,STEPHEN P  LYONS,4
Harrison,PRECINCT 135,President,,DEM,STEPHEN P  LYONS,0
Harrison,PRECINCT 136,President,,DEM,STEPHEN P  LYONS,2
Harrison,PRECINCT 137,President,,DEM,STEPHEN P  LYONS,1
Harrison,PRECINCT 143,President,,DEM,STEPHEN P  LYONS,12
Harrison,PRECINCT 144,President,,DEM,STEPHEN P  LYONS,2
Harrison,PRECINCT 144A,President,,DEM,STEPHEN P  LYONS,4
Harrison,PRECINCT 145,President,,DEM,STEPHEN P  LYONS,5
Harrison,PRECINCT 1,President,,DEM,DEAN PHILLIPS,14
Harrison,PRECINCT 1A,President,,DEM,DEAN PHILLIPS,0
Harrison,PRECINCT 2,President,,DEM,DEAN PHILLIPS,0
Harrison,PRECINCT 4,President,,DEM,DEAN PHILLIPS,17
Harrison,PRECINCT 6,President,,DEM,DEAN PHILLIPS,10
Harrison,PRECINCT 9,President,,DEM,DEAN PHILLIPS,3
Harrison,PRECINCT 10,President,,DEM,DEAN PHILLIPS,3
Harrison,PRECINCT 14,President,,DEM,DEAN PHILLIPS,7
Harrison,PRECINCT 28,President,,DEM,DEAN PHILLIPS,9
Harrison,PRECINCT 33,President,,DEM,DEAN PHILLIPS,11
Harrison,PRECINCT 36A,President,,DEM,DEAN PHILLIPS,3
Harrison,PRECINCT 43,President,,DEM,DEAN PHILLIPS,5
Harrison,PRECINCT 44,President,,DEM,DEAN PHILLIPS,5
Harrison,PRECINCT 45,President,,DEM,DEAN PHILLIPS,6
Harrison,PRECINCT 46,President,,DEM,DEAN PHILLIPS,4
Harrison,PRECINCT 48,President,,DEM,DEAN PHILLIPS,4
Harrison,PRECINCT 50,President,,DEM,DEAN PHILLIPS,4
Harrison,PRECINCT 51,President,,DEM,DEAN PHILLIPS,5
Harrison,PRECINCT 52,President,,DEM,DEAN PHILLIPS,7
Harrison,PRECINCT 53,President,,DEM,DEAN PHILLIPS,2
Harrison,PRECINCT 59,President,,DEM,DEAN PHILLIPS,10
Harrison,PRECINCT 61,President,,DEM,DEAN PHILLIPS,4
Harrison,PRECINCT 63,President,,DEM,DEAN PHILLIPS,6
Harrison,PRECINCT 66,President,,DEM,DEAN PHILLIPS,2
Harrison,PRECINCT 66A,President,,DEM,DEAN PHILLIPS,1
Harrison,PRECINCT 66B,President,,DEM,DEAN PHILLIPS,4
Harrison,PRECINCT 68,President,,DEM,DEAN PHILLIPS,6
Harrison,PRECINCT 74,President,,DEM,DEAN PHILLIPS,10
Harrison,PRECINCT 80,President,,DEM,DEAN PHILLIPS,5
Harrison,PRECINCT 87,President,,DEM,DEAN PHILLIPS,2
Harrison,PRECINCT 92,President,,DEM,DEAN PHILLIPS,3
Harrison,PRECINCT 95,President,,DEM,DEAN PHILLIPS,6
Harrison,PRECINCT 96,President,,DEM,DEAN PHILLIPS,4
Harrison,PRECINCT 98,President,,DEM,DEAN PHILLIPS,2
Harrison,PRECINCT 102,President,,DEM,DEAN PHILLIPS,12
Harrison,PRECINCT 103,President,,DEM,DEAN PHILLIPS,3
Harrison,PRECINCT 104,President,,DEM,DEAN PHILLIPS,7
Harrison,PRECINCT 106,President,,DEM,DEAN PHILLIPS,0
Harrison,PRECINCT 107,President,,DEM,DEAN PHILLIPS,2
Harrison,PRECINCT 108,President,,DEM,DEAN PHILLIPS,1
Harrison,PRECINCT 110,President,,DEM,DEAN PHILLIPS,5
Harrison,PRECINCT 114,President,,DEM,DEAN PHILLIPS,8
Harrison,PRECINCT 114A,President,,DEM,DEAN PHILLIPS,1
Harrison,PRECINCT 118,President,,DEM,DEAN PHILLIPS,0
Harrison,PRECINCT 120,President,,DEM,DEAN PHILLIPS,2
Harrison,PRECINCT 121,President,,DEM,DEAN PHILLIPS,5
Harrison,PRECINCT 122,President,,DEM,DEAN PHILLIPS,0
Harrison,PRECINCT 123,President,,DEM,DEAN PHILLIPS,14
Harrison,PRECINCT 125,President,,DEM,DEAN PHILLIPS,6
Harrison,PRECINCT 126,President,,DEM,DEAN PHILLIPS,3
Harrison,PRECINCT 128,President,,DEM,DEAN PHILLIPS,7
Harrison,PRECINCT 129,President,,DEM,DEAN PHILLIPS,13
Harrison,PRECINCT 129B,President,,DEM,DEAN PHILLIPS,13
Harrison,PRECINCT 129C,President,,DEM,DEAN PHILLIPS,3
Harrison,PRECINCT 130,President,,DEM,DEAN PHILLIPS,1
Harrison,PRECINCT 132,President,,DEM,DEAN PHILLIPS,2
Harrison,PRECINCT 133,President,,DEM,DEAN PHILLIPS,4
Harrison,PRECINCT 134,President,,DEM,DEAN PHILLIPS,4
Harrison,PRECINCT 135,President,,DEM,DEAN PHILLIPS,0
Harrison,PRECINCT 136,President,,DEM,DEAN PHILLIPS,1
Harrison,PRECINCT 137,President,,DEM,DEAN PHILLIPS,1
Harrison,PRECINCT 143,President,,DEM,DEAN PHILLIPS,9
Harrison,PRECINCT 144,President,,DEM,DEAN PHILLIPS,0
Harrison,PRECINCT 144A,President,,DEM,DEAN PHILLIPS,3
Harrison,PRECINCT 145,President,,DEM,DEAN PHILLIPS,2
Harrison,PRECINCT 1,President,,DEM,JOSEPH R. BIDEN JR,103
Harrison,PRECINCT 1A,President,,DEM,JOSEPH R. BIDEN JR,8
Harrison,PRECINCT 2,President,,DEM,JOSEPH R. BIDEN JR,10
Harrison,PRECINCT 4,President,,DEM,JOSEPH R. BIDEN JR,87
Harrison,PRECINCT 6,President,,DEM,JOSEPH R. BIDEN JR,82
Harrison,PRECINCT 9,President,,DEM,JOSEPH R. BIDEN JR,51
Harrison,PRECINCT 10,President,,DEM,JOSEPH R. BIDEN JR,29
Harrison,PRECINCT 14,President,,DEM,JOSEPH R. BIDEN JR,191
Harrison,PRECINCT 28,President,,DEM,JOSEPH R. BIDEN JR,83
Harrison,PRECINCT 33,President,,DEM,JOSEPH R. BIDEN JR,118
Harrison,PRECINCT 36A,President,,DEM,JOSEPH R. BIDEN JR,37
Harrison,PRECINCT 43,President,,DEM,JOSEPH R. BIDEN JR,15
Harrison,PRECINCT 44,President,,DEM,JOSEPH R. BIDEN JR,15
Harrison,PRECINCT 45,President,,DEM,JOSEPH R. BIDEN JR,24
Harrison,PRECINCT 46,President,,DEM,JOSEPH R. BIDEN JR,27
Harrison,PRECINCT 48,President,,DEM,JOSEPH R. BIDEN JR,30
Harrison,PRECINCT 50,President,,DEM,JOSEPH R. BIDEN JR,53
Harrison,PRECINCT 51,President,,DEM,JOSEPH R. BIDEN JR,33
Harrison,PRECINCT 52,President,,DEM,JOSEPH R. BIDEN JR,29
Harrison,PRECINCT 53,President,,DEM,JOSEPH R. BIDEN JR,13
Harrison,PRECINCT 59,President,,DEM,JOSEPH R. BIDEN JR,35
Harrison,PRECINCT 61,President,,DEM,JOSEPH R. BIDEN JR,53
Harrison,PRECINCT 63,President,,DEM,JOSEPH R. BIDEN JR,42
Harrison,PRECINCT 66,President,,DEM,JOSEPH R. BIDEN JR,25
Harrison,PRECINCT 66A,President,,DEM,JOSEPH R. BIDEN JR,8
Harrison,PRECINCT 66B,President,,DEM,JOSEPH R. BIDEN JR,3
Harrison,PRECINCT 68,President,,DEM,JOSEPH R. BIDEN JR,119
Harrison,PRECINCT 74,President,,DEM,JOSEPH R. BIDEN JR,88
Harrison,PRECINCT 80,President,,DEM,JOSEPH R. BIDEN JR,144
Harrison,PRECINCT 87,President,,DEM,JOSEPH R. BIDEN JR,19
Harrison,PRECINCT 92,President,,DEM,JOSEPH R. BIDEN JR,15
Harrison,PRECINCT 95,President,,DEM,JOSEPH R. BIDEN JR,17
Harrison,PRECINCT 96,President,,DEM,JOSEPH R. BIDEN JR,34
Harrison,PRECINCT 98,President,,DEM,JOSEPH R. BIDEN JR,11
Harrison,PRECINCT 102,President,,DEM,JOSEPH R. BIDEN JR,79
Harrison,PRECINCT 103,President,,DEM,JOSEPH R. BIDEN JR,6
Harrison,PRECINCT 104,President,,DEM,JOSEPH R. BIDEN JR,8
Harrison,PRECINCT 106,President,,DEM,JOSEPH R. BIDEN JR,22
Harrison,PRECINCT 107,President,,DEM,JOSEPH R. BIDEN JR,9
Harrison,PRECINCT 108,President,,DEM,JOSEPH R. BIDEN JR,25
Harrison,PRECINCT 110,President,,DEM,JOSEPH R. BIDEN JR,28
Harrison,PRECINCT 114,President,,DEM,JOSEPH R. BIDEN JR,25
Harrison,PRECINCT 114A,President,,DEM,JOSEPH R. BIDEN JR,3
Harrison,PRECINCT 118,President,,DEM,JOSEPH R. BIDEN JR,9
Harrison,PRECINCT 120,President,,DEM,JOSEPH R. BIDEN JR,28
Harrison,PRECINCT 121,President,,DEM,JOSEPH R. BIDEN JR,18
Harrison,PRECINCT 122,President,,DEM,JOSEPH R. BIDEN JR,13
Harrison,PRECINCT 123,President,,DEM,JOSEPH R. BIDEN JR,193
Harrison,PRECINCT 125,President,,DEM,JOSEPH R. BIDEN JR,107
Harrison,PRECINCT 126,President,,DEM,JOSEPH R. BIDEN JR,69
Harrison,PRECINCT 128,President,,DEM,JOSEPH R. BIDEN JR,62
Harrison,PRECINCT 129,President,,DEM,JOSEPH R. BIDEN JR,138
Harrison,PRECINCT 129B,President,,DEM,JOSEPH R. BIDEN JR,126
Harrison,PRECINCT 129C,President,,DEM,JOSEPH R. BIDEN JR,37
Harrison,PRECINCT 130,President,,DEM,JOSEPH R. BIDEN JR,12
Harrison,PRECINCT 132,President,,DEM,JOSEPH R. BIDEN JR,17
Harrison,PRECINCT 133,President,,DEM,JOSEPH R. BIDEN JR,48
Harrison,PRECINCT 134,President,,DEM,JOSEPH R. BIDEN JR,14
Harrison,PRECINCT 135,President,,DEM,JOSEPH R. BIDEN JR,3
Harrison,PRECINCT 136,President,,DEM,JOSEPH R. BIDEN JR,2
Harrison,PRECINCT 137,President,,DEM,JOSEPH R. BIDEN JR,7
Harrison,PRECINCT 143,President,,DEM,JOSEPH R. BIDEN JR,46
Harrison,PRECINCT 144,President,,DEM,JOSEPH R. BIDEN JR,19
Harrison,PRECINCT 144A,President,,DEM,JOSEPH R. BIDEN JR,15
Harrison,PRECINCT 145,President,,DEM,JOSEPH R. BIDEN JR,21
Harrison,PRECINCT 1,President,,MTN,JILL STEIN,0
Harrison,PRECINCT 1A,President,,MTN,JILL STEIN,0
Harrison,PRECINCT 2,President,,MTN,JILL STEIN,1
Harrison,PRECINCT 4,President,,MTN,JILL STEIN,0
Harrison,PRECINCT 6,President,,MTN,JILL STEIN,0
Harrison,PRECINCT 9,President,,MTN,JILL STEIN,0
Harrison,PRECINCT 10,President,,MTN,JILL STEIN,0
Harrison,PRECINCT 14,President,,MTN,JILL STEIN,1
Harrison,PRECINCT 28,President,,MTN,JILL STEIN,0
Harrison,PRECINCT 33,President,,MTN,JILL STEIN,0
Harrison,PRECINCT 36A,President,,MTN,JILL STEIN,0
Harrison,PRECINCT 43,President,,MTN,JILL STEIN,0
Harrison,PRECINCT 44,President,,MTN,JILL STEIN,0
Harrison,PRECINCT 45,President,,MTN,JILL STEIN,0
Harrison,PRECINCT 46,President,,MTN,JILL STEIN,0
Harrison,PRECINCT 48,President,,MTN,JILL STEIN,0
Harrison,PRECINCT 50,President,,MTN,JILL STEIN,0
Harrison,PRECINCT 51,President,,MTN,JILL STEIN,0
Harrison,PRECINCT 52,President,,MTN,JILL STEIN,0
Harrison,PRECINCT 53,President,,MTN,JILL STEIN,0
Harrison,PRECINCT 59,President,,MTN,JILL STEIN,1
Harrison,PRECINCT 61,President,,MTN,JILL STEIN,1
Harrison,PRECINCT 63,President,,MTN,JILL STEIN,0
Harrison,PRECINCT 66,President,,MTN,JILL STEIN,0
Harrison,PRECINCT 66A,President,,MTN,JILL STEIN,0
Harrison,PRECINCT 66B,President,,MTN,JILL STEIN,0
Harrison,PRECINCT 68,President,,MTN,JILL STEIN,1
Harrison,PRECINCT 74,President,,MTN,JILL STEIN,1
Harrison,PRECINCT 80,President,,MTN,JILL STEIN,0
Harrison,PRECINCT 87,President,,MTN,JILL STEIN,0
Harrison,PRECINCT 92,President,,MTN,JILL STEIN,0
Harrison,PRECINCT 95,President,,MTN,JILL STEIN,0
Harrison,PRECINCT 96,President,,MTN,JILL STEIN,0
Harrison,PRECINCT 98,President,,MTN,JILL STEIN,0
Harrison,PRECINCT 102,President,,MTN,JILL STEIN,1
Harrison,PRECINCT 103,President,,MTN,JILL STEIN,0
Harrison,PRECINCT 104,President,,MTN,JILL STEIN,0
Harrison,PRECINCT 106,President,,MTN,JILL STEIN,0
Harrison,PRECINCT 107,President,,MTN,JILL STEIN,0
Harrison,PRECINCT 108,President,,MTN,JILL STEIN,0
Harrison,PRECINCT 110,President,,MTN,JILL STEIN,1
Harrison,PRECINCT 114,President,,MTN,JILL STEIN,1
Harrison,PRECINCT 114A,President,,MTN,JILL STEIN,0
Harrison,PRECINCT 118,President,,MTN,JILL STEIN,0
Harrison,PRECINCT 120,President,,MTN,JILL STEIN,0
Harrison,PRECINCT 121,President,,MTN,JILL STEIN,0
Harrison,PRECINCT 122,President,,MTN,JILL STEIN,0
Harrison,PRECINCT 123,President,,MTN,JILL STEIN,0
Harrison,PRECINCT 125,President,,MTN,JILL STEIN,0
Harrison,PRECINCT 126,President,,MTN,JILL STEIN,0
Harrison,PRECINCT 128,President,,MTN,JILL STEIN,0
Harrison,PRECINCT 129,President,,MTN,JILL STEIN,0
Harrison,PRECINCT 129B,President,,MTN,JILL STEIN,0
Harrison,PRECINCT 129C,President,,MTN,JILL STEIN,0
Harrison,PRECINCT 130,President,,MTN,JILL STEIN,0
Harrison,PRECINCT 132,President,,MTN,JILL STEIN,0
Harrison,PRECINCT 133,President,,MTN,JILL STEIN,1
Harrison,PRECINCT 134,President,,MTN,JILL STEIN,0
Harrison,PRECINCT 135,President,,MTN,JILL STEIN,0
Harrison,PRECINCT 136,President,,MTN,JILL STEIN,0
Harrison,PRECINCT 137,President,,MTN,JILL STEIN,0
Harrison,PRECINCT 143,President,,MTN,JILL STEIN,0
Harrison,PRECINCT 144,President,,MTN,JILL STEIN,0
Harrison,PRECINCT 144A,President,,MTN,JILL STEIN,0
Harrison,PRECINCT 145,President,,MTN,JILL STEIN,0
Harrison,PRECINCT 1,U.S. Senate,,REP,JIM JUSTICE,202
Harrison,PRECINCT 1A,U.S. Senate,,REP,JIM JUSTICE,19
Harrison,PRECINCT 2,U.S. Senate,,REP,JIM JUSTICE,21
Harrison,PRECINCT 4,U.S. Senate,,REP,JIM JUSTICE,167
Harrison,PRECINCT 6,U.S. Senate,,REP,JIM JUSTICE,124
Harrison,PRECINCT 9,U.S. Senate,,REP,JIM JUSTICE,62
Harrison,PRECINCT 10,U.S. Senate,,REP,JIM JUSTICE,70
Harrison,PRECINCT 14,U.S. Senate,,REP,JIM JUSTICE,179
Harrison,PRECINCT 28,U.S. Senate,,REP,JIM JUSTICE,104
Harrison,PRECINCT 33,U.S. Senate,,REP,JIM JUSTICE,133
Harrison,PRECINCT 36A,U.S. Senate,,REP,JIM JUSTICE,65
Harrison,PRECINCT 43,U.S. Senate,,REP,JIM JUSTICE,59
Harrison,PRECINCT 44,U.S. Senate,,REP,JIM JUSTICE,33
Harrison,PRECINCT 45,U.S. Senate,,REP,JIM JUSTICE,87
Harrison,PRECINCT 46,U.S. Senate,,REP,JIM JUSTICE,80
Harrison,PRECINCT 48,U.S. Senate,,REP,JIM JUSTICE,87
Harrison,PRECINCT 50,U.S. Senate,,REP,JIM JUSTICE,86
Harrison,PRECINCT 51,U.S. Senate,,REP,JIM JUSTICE,36
Harrison,PRECINCT 52,U.S. Senate,,REP,JIM JUSTICE,69
Harrison,PRECINCT 53,U.S. Senate,,REP,JIM JUSTICE,39
Harrison,PRECINCT 59,U.S. Senate,,REP,JIM JUSTICE,56
Harrison,PRECINCT 61,U.S. Senate,,REP,JIM JUSTICE,128
Harrison,PRECINCT 63,U.S. Senate,,REP,JIM JUSTICE,84
Harrison,PRECINCT 66,U.S. Senate,,REP,JIM JUSTICE,46
Harrison,PRECINCT 66A,U.S. Senate,,REP,JIM JUSTICE,0
Harrison,PRECINCT 66B,U.S. Senate,,REP,JIM JUSTICE,9
Harrison,PRECINCT 68,U.S. Senate,,REP,JIM JUSTICE,93
Harrison,PRECINCT 74,U.S. Senate,,REP,JIM JUSTICE,104
Harrison,PRECINCT 80,U.S. Senate,,REP,JIM JUSTICE,134
Harrison,PRECINCT 87,U.S. Senate,,REP,JIM JUSTICE,40
Harrison,PRECINCT 92,U.S. Senate,,REP,JIM JUSTICE,82
Harrison,PRECINCT 95,U.S. Senate,,REP,JIM JUSTICE,48
Harrison,PRECINCT 96,U.S. Senate,,REP,JIM JUSTICE,78
Harrison,PRECINCT 98,U.S. Senate,,REP,JIM JUSTICE,52
Harrison,PRECINCT 102,U.S. Senate,,REP,JIM JUSTICE,269
Harrison,PRECINCT 103,U.S. Senate,,REP,JIM JUSTICE,73
Harrison,PRECINCT 104,U.S. Senate,,REP,JIM JUSTICE,66
Harrison,PRECINCT 106,U.S. Senate,,REP,JIM JUSTICE,65
Harrison,PRECINCT 107,U.S. Senate,,REP,JIM JUSTICE,34
Harrison,PRECINCT 108,U.S. Senate,,REP,JIM JUSTICE,111
Harrison,PRECINCT 110,U.S. Senate,,REP,JIM JUSTICE,88
Harrison,PRECINCT 114,U.S. Senate,,REP,JIM JUSTICE,60
Harrison,PRECINCT 114A,U.S. Senate,,REP,JIM JUSTICE,19
Harrison,PRECINCT 118,U.S. Senate,,REP,JIM JUSTICE,52
Harrison,PRECINCT 120,U.S. Senate,,REP,JIM JUSTICE,124
Harrison,PRECINCT 121,U.S. Senate,,REP,JIM JUSTICE,36
Harrison,PRECINCT 122,U.S. Senate,,REP,JIM JUSTICE,71
Harrison,PRECINCT 123,U.S. Senate,,REP,JIM JUSTICE,355
Harrison,PRECINCT 125,U.S. Senate,,REP,JIM JUSTICE,145
Harrison,PRECINCT 126,U.S. Senate,,REP,JIM JUSTICE,105
Harrison,PRECINCT 128,U.S. Senate,,REP,JIM JUSTICE,137
Harrison,PRECINCT 129,U.S. Senate,,REP,JIM JUSTICE,272
Harrison,PRECINCT 129B,U.S. Senate,,REP,JIM JUSTICE,238
Harrison,PRECINCT 129C,U.S. Senate,,REP,JIM JUSTICE,87
Harrison,PRECINCT 130,U.S. Senate,,REP,JIM JUSTICE,66
Harrison,PRECINCT 132,U.S. Senate,,REP,JIM JUSTICE,32
Harrison,PRECINCT 133,U.S. Senate,,REP,JIM JUSTICE,128
Harrison,PRECINCT 134,U.S. Senate,,REP,JIM JUSTICE,101
Harrison,PRECINCT 135,U.S. Senate,,REP,JIM JUSTICE,38
Harrison,PRECINCT 136,U.S. Senate,,REP,JIM JUSTICE,30
Harrison,PRECINCT 137,U.S. Senate,,REP,JIM JUSTICE,22
Harrison,PRECINCT 143,U.S. Senate,,REP,JIM JUSTICE,203
Harrison,PRECINCT 144,U.S. Senate,,REP,JIM JUSTICE,58
Harrison,PRECINCT 144A,U.S. Senate,,REP,JIM JUSTICE,73
Harrison,PRECINCT 145,U.S. Senate,,REP,JIM JUSTICE,98
Harrison,PRECINCT 1,U.S. Senate,,REP,JANET McNULTY,2
Harrison,PRECINCT 1A,U.S. Senate,,REP,JANET McNULTY,0
Harrison,PRECINCT 2,U.S. Senate,,REP,JANET McNULTY,2
Harrison,PRECINCT 4,U.S. Senate,,REP,JANET McNULTY,4
Harrison,PRECINCT 6,U.S. Senate,,REP,JANET McNULTY,6
Harrison,PRECINCT 9,U.S. Senate,,REP,JANET McNULTY,1
Harrison,PRECINCT 10,U.S. Senate,,REP,JANET McNULTY,3
Harrison,PRECINCT 14,U.S. Senate,,REP,JANET McNULTY,5
Harrison,PRECINCT 28,U.S. Senate,,REP,JANET McNULTY,3
Harrison,PRECINCT 33,U.S. Senate,,REP,JANET McNULTY,4
Harrison,PRECINCT 36A,U.S. Senate,,REP,JANET McNULTY,2
Harrison,PRECINCT 43,U.S. Senate,,REP,JANET McNULTY,0
Harrison,PRECINCT 44,U.S. Senate,,REP,JANET McNULTY,1
Harrison,PRECINCT 45,U.S. Senate,,REP,JANET McNULTY,3
Harrison,PRECINCT 46,U.S. Senate,,REP,JANET McNULTY,3
Harrison,PRECINCT 48,U.S. Senate,,REP,JANET McNULTY,3
Harrison,PRECINCT 50,U.S. Senate,,REP,JANET McNULTY,1
Harrison,PRECINCT 51,U.S. Senate,,REP,JANET McNULTY,1
Harrison,PRECINCT 52,U.S. Senate,,REP,JANET McNULTY,1
Harrison,PRECINCT 53,U.S. Senate,,REP,JANET McNULTY,2
Harrison,PRECINCT 59,U.S. Senate,,REP,JANET McNULTY,1
Harrison,PRECINCT 61,U.S. Senate,,REP,JANET McNULTY,6
Harrison,PRECINCT 63,U.S. Senate,,REP,JANET McNULTY,5
Harrison,PRECINCT 66,U.S. Senate,,REP,JANET McNULTY,0
Harrison,PRECINCT 66A,U.S. Senate,,REP,JANET McNULTY,0
Harrison,PRECINCT 66B,U.S. Senate,,REP,JANET McNULTY,0
Harrison,PRECINCT 68,U.S. Senate,,REP,JANET McNULTY,3
Harrison,PRECINCT 74,U.S. Senate,,REP,JANET McNULTY,5
Harrison,PRECINCT 80,U.S. Senate,,REP,JANET McNULTY,2
Harrison,PRECINCT 87,U.S. Senate,,REP,JANET McNULTY,1
Harrison,PRECINCT 92,U.S. Senate,,REP,JANET McNULTY,2
Harrison,PRECINCT 95,U.S. Senate,,REP,JANET McNULTY,4
Harrison,PRECINCT 96,U.S. Senate,,REP,JANET McNULTY,3
Harrison,PRECINCT 98,U.S. Senate,,REP,JANET McNULTY,2
Harrison,PRECINCT 102,U.S. Senate,,REP,JANET McNULTY,7
Harrison,PRECINCT 103,U.S. Senate,,REP,JANET McNULTY,0
Harrison,PRECINCT 104,U.S. Senate,,REP,JANET McNULTY,4
Harrison,PRECINCT 106,U.S. Senate,,REP,JANET McNULTY,5
Harrison,PRECINCT 107,U.S. Senate,,REP,JANET McNULTY,3
Harrison,PRECINCT 108,U.S. Senate,,REP,JANET McNULTY,6
Harrison,PRECINCT 110,U.S. Senate,,REP,JANET McNULTY,3
Harrison,PRECINCT 114,U.S. Senate,,REP,JANET McNULTY,2
Harrison,PRECINCT 114A,U.S. Senate,,REP,JANET McNULTY,0
Harrison,PRECINCT 118,U.S. Senate,,REP,JANET McNULTY,1
Harrison,PRECINCT 120,U.S. Senate,,REP,JANET McNULTY,2
Harrison,PRECINCT 121,U.S. Senate,,REP,JANET McNULTY,0
Harrison,PRECINCT 122,U.S. Senate,,REP,JANET McNULTY,2
Harrison,PRECINCT 123,U.S. Senate,,REP,JANET McNULTY,5
Harrison,PRECINCT 125,U.S. Senate,,REP,JANET McNULTY,9
Harrison,PRECINCT 126,U.S. Senate,,REP,JANET McNULTY,2
Harrison,PRECINCT 128,U.S. Senate,,REP,JANET McNULTY,4
Harrison,PRECINCT 129,U.S. Senate,,REP,JANET McNULTY,8
Harrison,PRECINCT 129B,U.S. Senate,,REP,JANET McNULTY,5
Harrison,PRECINCT 129C,U.S. Senate,,REP,JANET McNULTY,2
Harrison,PRECINCT 130,U.S. Senate,,REP,JANET McNULTY,3
Harrison,PRECINCT 132,U.S. Senate,,REP,JANET McNULTY,0
Harrison,PRECINCT 133,U.S. Senate,,REP,JANET McNULTY,6
Harrison,PRECINCT 134,U.S. Senate,,REP,JANET McNULTY,3
Harrison,PRECINCT 135,U.S. Senate,,REP,JANET McNULTY,0
Harrison,PRECINCT 136,U.S. Senate,,REP,JANET McNULTY,0
Harrison,PRECINCT 137,U.S. Senate,,REP,JANET McNULTY,0
Harrison,PRECINCT 143,U.S. Senate,,REP,JANET McNULTY,2
Harrison,PRECINCT 144,U.S. Senate,,REP,JANET McNULTY,3
Harrison,PRECINCT 144A,U.S. Senate,,REP,JANET McNULTY,1
Harrison,PRECINCT 145,U.S. Senate,,REP,JANET McNULTY,5
Harrison,PRECINCT 1,U.S. Senate,,REP,BRYAN BIRD,2
Harrison,PRECINCT 1A,U.S. Senate,,REP,BRYAN BIRD,0
Harrison,PRECINCT 2,U.S. Senate,,REP,BRYAN BIRD,1
Harrison,PRECINCT 4,U.S. Senate,,REP,BRYAN BIRD,2
Harrison,PRECINCT 6,U.S. Senate,,REP,BRYAN BIRD,2
Harrison,PRECINCT 9,U.S. Senate,,REP,BRYAN BIRD,3
Harrison,PRECINCT 10,U.S. Senate,,REP,BRYAN BIRD,1
Harrison,PRECINCT 14,U.S. Senate,,REP,BRYAN BIRD,4
Harrison,PRECINCT 28,U.S. Senate,,REP,BRYAN BIRD,5
Harrison,PRECINCT 33,U.S. Senate,,REP,BRYAN BIRD,8
Harrison,PRECINCT 36A,U.S. Senate,,REP,BRYAN BIRD,1
Harrison,PRECINCT 43,U.S. Senate,,REP,BRYAN BIRD,0
Harrison,PRECINCT 44,U.S. Senate,,REP,BRYAN BIRD,0
Harrison,PRECINCT 45,U.S. Senate,,REP,BRYAN BIRD,2
Harrison,PRECINCT 46,U.S. Senate,,REP,BRYAN BIRD,1
Harrison,PRECINCT 48,U.S. Senate,,REP,BRYAN BIRD,4
Harrison,PRECINCT 50,U.S. Senate,,REP,BRYAN BIRD,3
Harrison,PRECINCT 51,U.S. Senate,,REP,BRYAN BIRD,0
Harrison,PRECINCT 52,U.S. Senate,,REP,BRYAN BIRD,0
Harrison,PRECINCT 53,U.S. Senate,,REP,BRYAN BIRD,2
Harrison,PRECINCT 59,U.S. Senate,,REP,BRYAN BIRD,0
Harrison,PRECINCT 61,U.S. Senate,,REP,BRYAN BIRD,3
Harrison,PRECINCT 63,U.S. Senate,,REP,BRYAN BIRD,2
Harrison,PRECINCT 66,U.S. Senate,,REP,BRYAN BIRD,0
Harrison,PRECINCT 66A,U.S. Senate,,REP,BRYAN BIRD,0
Harrison,PRECINCT 66B,U.S. Senate,,REP,BRYAN BIRD,1
Harrison,PRECINCT 68,U.S. Senate,,REP,BRYAN BIRD,2
Harrison,PRECINCT 74,U.S. Senate,,REP,BRYAN BIRD,4
Harrison,PRECINCT 80,U.S. Senate,,REP,BRYAN BIRD,5
Harrison,PRECINCT 87,U.S. Senate,,REP,BRYAN BIRD,0
Harrison,PRECINCT 92,U.S. Senate,,REP,BRYAN BIRD,2
Harrison,PRECINCT 95,U.S. Senate,,REP,BRYAN BIRD,3
Harrison,PRECINCT 96,U.S. Senate,,REP,BRYAN BIRD,2
Harrison,PRECINCT 98,U.S. Senate,,REP,BRYAN BIRD,2
Harrison,PRECINCT 102,U.S. Senate,,REP,BRYAN BIRD,11
Harrison,PRECINCT 103,U.S. Senate,,REP,BRYAN BIRD,1
Harrison,PRECINCT 104,U.S. Senate,,REP,BRYAN BIRD,0
Harrison,PRECINCT 106,U.S. Senate,,REP,BRYAN BIRD,1
Harrison,PRECINCT 107,U.S. Senate,,REP,BRYAN BIRD,0
Harrison,PRECINCT 108,U.S. Senate,,REP,BRYAN BIRD,1
Harrison,PRECINCT 110,U.S. Senate,,REP,BRYAN BIRD,5
Harrison,PRECINCT 114,U.S. Senate,,REP,BRYAN BIRD,2
Harrison,PRECINCT 114A,U.S. Senate,,REP,BRYAN BIRD,0
Harrison,PRECINCT 118,U.S. Senate,,REP,BRYAN BIRD,1
Harrison,PRECINCT 120,U.S. Senate,,REP,BRYAN BIRD,6
Harrison,PRECINCT 121,U.S. Senate,,REP,BRYAN BIRD,3
Harrison,PRECINCT 122,U.S. Senate,,REP,BRYAN BIRD,1
Harrison,PRECINCT 123,U.S. Senate,,REP,BRYAN BIRD,5
Harrison,PRECINCT 125,U.S. Senate,,REP,BRYAN BIRD,1
Harrison,PRECINCT 126,U.S. Senate,,REP,BRYAN BIRD,5
Harrison,PRECINCT 128,U.S. Senate,,REP,BRYAN BIRD,5
Harrison,PRECINCT 129,U.S. Senate,,REP,BRYAN BIRD,4
Harrison,PRECINCT 129B,U.S. Senate,,REP,BRYAN BIRD,6
Harrison,PRECINCT 129C,U.S. Senate,,REP,BRYAN BIRD,4
Harrison,PRECINCT 130,U.S. Senate,,REP,BRYAN BIRD,3
Harrison,PRECINCT 132,U.S. Senate,,REP,BRYAN BIRD,2
Harrison,PRECINCT 133,U.S. Senate,,REP,BRYAN BIRD,3
Harrison,PRECINCT 134,U.S. Senate,,REP,BRYAN BIRD,2
Harrison,PRECINCT 135,U.S. Senate,,REP,BRYAN BIRD,0
Harrison,PRECINCT 136,U.S. Senate,,REP,BRYAN BIRD,3
Harrison,PRECINCT 137,U.S. Senate,,REP,BRYAN BIRD,0
Harrison,PRECINCT 143,U.S. Senate,,REP,BRYAN BIRD,10
Harrison,PRECINCT 144,U.S. Senate,,REP,BRYAN BIRD,1
Harrison,PRECINCT 144A,U.S. Senate,,REP,BRYAN BIRD,2
Harrison,PRECINCT 145,U.S. Senate,,REP,BRYAN BIRD,0
Harrison,PRECINCT 1,U.S. Senate,,REP,BRYAN McKINNEY,6
Harrison,PRECINCT 1A,U.S. Senate,,REP,BRYAN McKINNEY,1
Harrison,PRECINCT 2,U.S. Senate,,REP,BRYAN McKINNEY,1
Harrison,PRECINCT 4,U.S. Senate,,REP,BRYAN McKINNEY,11
Harrison,PRECINCT 6,U.S. Senate,,REP,BRYAN McKINNEY,5
Harrison,PRECINCT 9,U.S. Senate,,REP,BRYAN McKINNEY,7
Harrison,PRECINCT 10,U.S. Senate,,REP,BRYAN McKINNEY,4
Harrison,PRECINCT 14,U.S. Senate,,REP,BRYAN McKINNEY,7
Harrison,PRECINCT 28,U.S. Senate,,REP,BRYAN McKINNEY,9
Harrison,PRECINCT 33,U.S. Senate,,REP,BRYAN McKINNEY,7
Harrison,PRECINCT 36A,U.S. Senate,,REP,BRYAN McKINNEY,3
Harrison,PRECINCT 43,U.S. Senate,,REP,BRYAN McKINNEY,4
Harrison,PRECINCT 44,U.S. Senate,,REP,BRYAN McKINNEY,4
Harrison,PRECINCT 45,U.S. Senate,,REP,BRYAN McKINNEY,1
Harrison,PRECINCT 46,U.S. Senate,,REP,BRYAN McKINNEY,6
Harrison,PRECINCT 48,U.S. Senate,,REP,BRYAN McKINNEY,9
Harrison,PRECINCT 50,U.S. Senate,,REP,BRYAN McKINNEY,5
Harrison,PRECINCT 51,U.S. Senate,,REP,BRYAN McKINNEY,2
Harrison,PRECINCT 52,U.S. Senate,,REP,BRYAN McKINNEY,5
Harrison,PRECINCT 53,U.S. Senate,,REP,BRYAN McKINNEY,1
Harrison,PRECINCT 59,U.S. Senate,,REP,BRYAN McKINNEY,2
Harrison,PRECINCT 61,U.S. Senate,,REP,BRYAN McKINNEY,5
Harrison,PRECINCT 63,U.S. Senate,,REP,BRYAN McKINNEY,9
Harrison,PRECINCT 66,U.S. Senate,,REP,BRYAN McKINNEY,2
Harrison,PRECINCT 66A,U.S. Senate,,REP,BRYAN McKINNEY,0
Harrison,PRECINCT 66B,U.S. Senate,,REP,BRYAN McKINNEY,0
Harrison,PRECINCT 68,U.S. Senate,,REP,BRYAN McKINNEY,5
Harrison,PRECINCT 74,U.S. Senate,,REP,BRYAN McKINNEY,9
Harrison,PRECINCT 80,U.S. Senate,,REP,BRYAN McKINNEY,11
Harrison,PRECINCT 87,U.S. Senate,,REP,BRYAN McKINNEY,4
Harrison,PRECINCT 92,U.S. Senate,,REP,BRYAN McKINNEY,1
Harrison,PRECINCT 95,U.S. Senate,,REP,BRYAN McKINNEY,2
Harrison,PRECINCT 96,U.S. Senate,,REP,BRYAN McKINNEY,2
Harrison,PRECINCT 98,U.S. Senate,,REP,BRYAN McKINNEY,2
Harrison,PRECINCT 102,U.S. Senate,,REP,BRYAN McKINNEY,4
Harrison,PRECINCT 103,U.S. Senate,,REP,BRYAN McKINNEY,2
Harrison,PRECINCT 104,U.S. Senate,,REP,BRYAN McKINNEY,4
Harrison,PRECINCT 106,U.S. Senate,,REP,BRYAN McKINNEY,6
Harrison,PRECINCT 107,U.S. Senate,,REP,BRYAN McKINNEY,3
Harrison,PRECINCT 108,U.S. Senate,,REP,BRYAN McKINNEY,5
Harrison,PRECINCT 110,U.S. Senate,,REP,BRYAN McKINNEY,9
Harrison,PRECINCT 114,U.S. Senate,,REP,BRYAN McKINNEY,2
Harrison,PRECINCT 114A,U.S. Senate,,REP,BRYAN McKINNEY,3
Harrison,PRECINCT 118,U.S. Senate,,REP,BRYAN McKINNEY,3
Harrison,PRECINCT 120,U.S. Senate,,REP,BRYAN McKINNEY,6
Harrison,PRECINCT 121,U.S. Senate,,REP,BRYAN McKINNEY,2
Harrison,PRECINCT 122,U.S. Senate,,REP,BRYAN McKINNEY,5
Harrison,PRECINCT 123,U.S. Senate,,REP,BRYAN McKINNEY,15
Harrison,PRECINCT 125,U.S. Senate,,REP,BRYAN McKINNEY,11
Harrison,PRECINCT 126,U.S. Senate,,REP,BRYAN McKINNEY,3
Harrison,PRECINCT 128,U.S. Senate,,REP,BRYAN McKINNEY,8
Harrison,PRECINCT 129,U.S. Senate,,REP,BRYAN McKINNEY,5
Harrison,PRECINCT 129B,U.S. Senate,,REP,BRYAN McKINNEY,9
Harrison,PRECINCT 129C,U.S. Senate,,REP,BRYAN McKINNEY,4
Harrison,PRECINCT 130,U.S. Senate,,REP,BRYAN McKINNEY,6
Harrison,PRECINCT 132,U.S. Senate,,REP,BRYAN McKINNEY,3
Harrison,PRECINCT 133,U.S. Senate,,REP,BRYAN McKINNEY,7
Harrison,PRECINCT 134,U.S. Senate,,REP,BRYAN McKINNEY,2
Harrison,PRECINCT 135,U.S. Senate,,REP,BRYAN McKINNEY,3
Harrison,PRECINCT 136,U.S. Senate,,REP,BRYAN McKINNEY,1
Harrison,PRECINCT 137,U.S. Senate,,REP,BRYAN McKINNEY,1
Harrison,PRECINCT 143,U.S. Senate,,REP,BRYAN McKINNEY,4
Harrison,PRECINCT 144,U.S. Senate,,REP,BRYAN McKINNEY,1
Harrison,PRECINCT 144A,U.S. Senate,,REP,BRYAN McKINNEY,5
Harrison,PRECINCT 145,U.S. Senate,,REP,BRYAN McKINNEY,4
Harrison,PRECINCT 1,U.S. Senate,,REP,DON  LINDSAY,5
Harrison,PRECINCT 1A,U.S. Senate,,REP,DON  LINDSAY,0
Harrison,PRECINCT 2,U.S. Senate,,REP,DON  LINDSAY,0
Harrison,PRECINCT 4,U.S. Senate,,REP,DON  LINDSAY,3
Harrison,PRECINCT 6,U.S. Senate,,REP,DON  LINDSAY,3
Harrison,PRECINCT 9,U.S. Senate,,REP,DON  LINDSAY,2
Harrison,PRECINCT 10,U.S. Senate,,REP,DON  LINDSAY,2
Harrison,PRECINCT 14,U.S. Senate,,REP,DON  LINDSAY,5
Harrison,PRECINCT 28,U.S. Senate,,REP,DON  LINDSAY,2
Harrison,PRECINCT 33,U.S. Senate,,REP,DON  LINDSAY,4
Harrison,PRECINCT 36A,U.S. Senate,,REP,DON  LINDSAY,2
Harrison,PRECINCT 43,U.S. Senate,,REP,DON  LINDSAY,1
Harrison,PRECINCT 44,U.S. Senate,,REP,DON  LINDSAY,1
Harrison,PRECINCT 45,U.S. Senate,,REP,DON  LINDSAY,4
Harrison,PRECINCT 46,U.S. Senate,,REP,DON  LINDSAY,0
Harrison,PRECINCT 48,U.S. Senate,,REP,DON  LINDSAY,3
Harrison,PRECINCT 50,U.S. Senate,,REP,DON  LINDSAY,2
Harrison,PRECINCT 51,U.S. Senate,,REP,DON  LINDSAY,0
Harrison,PRECINCT 52,U.S. Senate,,REP,DON  LINDSAY,2
Harrison,PRECINCT 53,U.S. Senate,,REP,DON  LINDSAY,0
Harrison,PRECINCT 59,U.S. Senate,,REP,DON  LINDSAY,1
Harrison,PRECINCT 61,U.S. Senate,,REP,DON  LINDSAY,3
Harrison,PRECINCT 63,U.S. Senate,,REP,DON  LINDSAY,2
Harrison,PRECINCT 66,U.S. Senate,,REP,DON  LINDSAY,0
Harrison,PRECINCT 66A,U.S. Senate,,REP,DON  LINDSAY,0
Harrison,PRECINCT 66B,U.S. Senate,,REP,DON  LINDSAY,0
Harrison,PRECINCT 68,U.S. Senate,,REP,DON  LINDSAY,0
Harrison,PRECINCT 74,U.S. Senate,,REP,DON  LINDSAY,2
Harrison,PRECINCT 80,U.S. Senate,,REP,DON  LINDSAY,4
Harrison,PRECINCT 87,U.S. Senate,,REP,DON  LINDSAY,1
Harrison,PRECINCT 92,U.S. Senate,,REP,DON  LINDSAY,2
Harrison,PRECINCT 95,U.S. Senate,,REP,DON  LINDSAY,0
Harrison,PRECINCT 96,U.S. Senate,,REP,DON  LINDSAY,2
Harrison,PRECINCT 98,U.S. Senate,,REP,DON  LINDSAY,1
Harrison,PRECINCT 102,U.S. Senate,,REP,DON  LINDSAY,7
Harrison,PRECINCT 103,U.S. Senate,,REP,DON  LINDSAY,3
Harrison,PRECINCT 104,U.S. Senate,,REP,DON  LINDSAY,1
Harrison,PRECINCT 106,U.S. Senate,,REP,DON  LINDSAY,1
Harrison,PRECINCT 107,U.S. Senate,,REP,DON  LINDSAY,2
Harrison,PRECINCT 108,U.S. Senate,,REP,DON  LINDSAY,7
Harrison,PRECINCT 110,U.S. Senate,,REP,DON  LINDSAY,0
Harrison,PRECINCT 114,U.S. Senate,,REP,DON  LINDSAY,1
Harrison,PRECINCT 114A,U.S. Senate,,REP,DON  LINDSAY,1
Harrison,PRECINCT 118,U.S. Senate,,REP,DON  LINDSAY,4
Harrison,PRECINCT 120,U.S. Senate,,REP,DON  LINDSAY,2
Harrison,PRECINCT 121,U.S. Senate,,REP,DON  LINDSAY,0
Harrison,PRECINCT 122,U.S. Senate,,REP,DON  LINDSAY,5
Harrison,PRECINCT 123,U.S. Senate,,REP,DON  LINDSAY,4
Harrison,PRECINCT 125,U.S. Senate,,REP,DON  LINDSAY,4
Harrison,PRECINCT 126,U.S. Senate,,REP,DON  LINDSAY,2
Harrison,PRECINCT 128,U.S. Senate,,REP,DON  LINDSAY,2
Harrison,PRECINCT 129,U.S. Senate,,REP,DON  LINDSAY,4
Harrison,PRECINCT 129B,U.S. Senate,,REP,DON  LINDSAY,3
Harrison,PRECINCT 129C,U.S. Senate,,REP,DON  LINDSAY,1
Harrison,PRECINCT 130,U.S. Senate,,REP,DON  LINDSAY,1
Harrison,PRECINCT 132,U.S. Senate,,REP,DON  LINDSAY,1
Harrison,PRECINCT 133,U.S. Senate,,REP,DON  LINDSAY,1
Harrison,PRECINCT 134,U.S. Senate,,REP,DON  LINDSAY,2
Harrison,PRECINCT 135,U.S. Senate,,REP,DON  LINDSAY,0
Harrison,PRECINCT 136,U.S. Senate,,REP,DON  LINDSAY,0
Harrison,PRECINCT 137,U.S. Senate,,REP,DON  LINDSAY,3
Harrison,PRECINCT 143,U.S. Senate,,REP,DON  LINDSAY,2
Harrison,PRECINCT 144,U.S. Senate,,REP,DON  LINDSAY,0
Harrison,PRECINCT 144A,U.S. Senate,,REP,DON  LINDSAY,0
Harrison,PRECINCT 145,U.S. Senate,,REP,DON  LINDSAY,4
Harrison,PRECINCT 1,U.S. Senate,,REP,ALEXANDER X.  MOONEY,50
Harrison,PRECINCT 1A,U.S. Senate,,REP,ALEXANDER X.  MOONEY,2
Harrison,PRECINCT 2,U.S. Senate,,REP,ALEXANDER X.  MOONEY,9
Harrison,PRECINCT 4,U.S. Senate,,REP,ALEXANDER X.  MOONEY,35
Harrison,PRECINCT 6,U.S. Senate,,REP,ALEXANDER X.  MOONEY,25
Harrison,PRECINCT 9,U.S. Senate,,REP,ALEXANDER X.  MOONEY,12
Harrison,PRECINCT 10,U.S. Senate,,REP,ALEXANDER X.  MOONEY,15
Harrison,PRECINCT 14,U.S. Senate,,REP,ALEXANDER X.  MOONEY,38
Harrison,PRECINCT 28,U.S. Senate,,REP,ALEXANDER X.  MOONEY,23
Harrison,PRECINCT 33,U.S. Senate,,REP,ALEXANDER X.  MOONEY,58
Harrison,PRECINCT 36A,U.S. Senate,,REP,ALEXANDER X.  MOONEY,7
Harrison,PRECINCT 43,U.S. Senate,,REP,ALEXANDER X.  MOONEY,16
Harrison,PRECINCT 44,U.S. Senate,,REP,ALEXANDER X.  MOONEY,18
Harrison,PRECINCT 45,U.S. Senate,,REP,ALEXANDER X.  MOONEY,34
Harrison,PRECINCT 46,U.S. Senate,,REP,ALEXANDER X.  MOONEY,18
Harrison,PRECINCT 48,U.S. Senate,,REP,ALEXANDER X.  MOONEY,27
Harrison,PRECINCT 50,U.S. Senate,,REP,ALEXANDER X.  MOONEY,21
Harrison,PRECINCT 51,U.S. Senate,,REP,ALEXANDER X.  MOONEY,8
Harrison,PRECINCT 52,U.S. Senate,,REP,ALEXANDER X.  MOONEY,24
Harrison,PRECINCT 53,U.S. Senate,,REP,ALEXANDER X.  MOONEY,5
Harrison,PRECINCT 59,U.S. Senate,,REP,ALEXANDER X.  MOONEY,15
Harrison,PRECINCT 61,U.S. Senate,,REP,ALEXANDER X.  MOONEY,20
Harrison,PRECINCT 63,U.S. Senate,,REP,ALEXANDER X.  MOONEY,31
Harrison,PRECINCT 66,U.S. Senate,,REP,ALEXANDER X.  MOONEY,13
Harrison,PRECINCT 66A,U.S. Senate,,REP,ALEXANDER X.  MOONEY,0
Harrison,PRECINCT 66B,U.S. Senate,,REP,ALEXANDER X.  MOONEY,1
Harrison,PRECINCT 68,U.S. Senate,,REP,ALEXANDER X.  MOONEY,22
Harrison,PRECINCT 74,U.S. Senate,,REP,ALEXANDER X.  MOONEY,59
Harrison,PRECINCT 80,U.S. Senate,,REP,ALEXANDER X.  MOONEY,51
Harrison,PRECINCT 87,U.S. Senate,,REP,ALEXANDER X.  MOONEY,13
Harrison,PRECINCT 92,U.S. Senate,,REP,ALEXANDER X.  MOONEY,23
Harrison,PRECINCT 95,U.S. Senate,,REP,ALEXANDER X.  MOONEY,23
Harrison,PRECINCT 96,U.S. Senate,,REP,ALEXANDER X.  MOONEY,17
Harrison,PRECINCT 98,U.S. Senate,,REP,ALEXANDER X.  MOONEY,14
Harrison,PRECINCT 102,U.S. Senate,,REP,ALEXANDER X.  MOONEY,71
Harrison,PRECINCT 103,U.S. Senate,,REP,ALEXANDER X.  MOONEY,11
Harrison,PRECINCT 104,U.S. Senate,,REP,ALEXANDER X.  MOONEY,13
Harrison,PRECINCT 106,U.S. Senate,,REP,ALEXANDER X.  MOONEY,13
Harrison,PRECINCT 107,U.S. Senate,,REP,ALEXANDER X.  MOONEY,11
Harrison,PRECINCT 108,U.S. Senate,,REP,ALEXANDER X.  MOONEY,46
Harrison,PRECINCT 110,U.S. Senate,,REP,ALEXANDER X.  MOONEY,37
Harrison,PRECINCT 114,U.S. Senate,,REP,ALEXANDER X.  MOONEY,12
Harrison,PRECINCT 114A,U.S. Senate,,REP,ALEXANDER X.  MOONEY,4
Harrison,PRECINCT 118,U.S. Senate,,REP,ALEXANDER X.  MOONEY,22
Harrison,PRECINCT 120,U.S. Senate,,REP,ALEXANDER X.  MOONEY,43
Harrison,PRECINCT 121,U.S. Senate,,REP,ALEXANDER X.  MOONEY,11
Harrison,PRECINCT 122,U.S. Senate,,REP,ALEXANDER X.  MOONEY,15
Harrison,PRECINCT 123,U.S. Senate,,REP,ALEXANDER X.  MOONEY,110
Harrison,PRECINCT 125,U.S. Senate,,REP,ALEXANDER X.  MOONEY,59
Harrison,PRECINCT 126,U.S. Senate,,REP,ALEXANDER X.  MOONEY,39
Harrison,PRECINCT 128,U.S. Senate,,REP,ALEXANDER X.  MOONEY,42
Harrison,PRECINCT 129,U.S. Senate,,REP,ALEXANDER X.  MOONEY,79
Harrison,PRECINCT 129B,U.S. Senate,,REP,ALEXANDER X.  MOONEY,59
Harrison,PRECINCT 129C,U.S. Senate,,REP,ALEXANDER X.  MOONEY,29
Harrison,PRECINCT 130,U.S. Senate,,REP,ALEXANDER X.  MOONEY,7
Harrison,PRECINCT 132,U.S. Senate,,REP,ALEXANDER X.  MOONEY,9
Harrison,PRECINCT 133,U.S. Senate,,REP,ALEXANDER X.  MOONEY,43
Harrison,PRECINCT 134,U.S. Senate,,REP,ALEXANDER X.  MOONEY,32
Harrison,PRECINCT 135,U.S. Senate,,REP,ALEXANDER X.  MOONEY,17
Harrison,PRECINCT 136,U.S. Senate,,REP,ALEXANDER X.  MOONEY,9
Harrison,PRECINCT 137,U.S. Senate,,REP,ALEXANDER X.  MOONEY,4
Harrison,PRECINCT 143,U.S. Senate,,REP,ALEXANDER X.  MOONEY,72
Harrison,PRECINCT 144,U.S. Senate,,REP,ALEXANDER X.  MOONEY,13
Harrison,PRECINCT 144A,U.S. Senate,,REP,ALEXANDER X.  MOONEY,28
Harrison,PRECINCT 145,U.S. Senate,,REP,ALEXANDER X.  MOONEY,28
Harrison,PRECINCT 1,U.S. Senate,,REP,ZANE LAWHORN,2
Harrison,PRECINCT 1A,U.S. Senate,,REP,ZANE LAWHORN,0
Harrison,PRECINCT 2,U.S. Senate,,REP,ZANE LAWHORN,0
Harrison,PRECINCT 4,U.S. Senate,,REP,ZANE LAWHORN,5
Harrison,PRECINCT 6,U.S. Senate,,REP,ZANE LAWHORN,2
Harrison,PRECINCT 9,U.S. Senate,,REP,ZANE LAWHORN,3
Harrison,PRECINCT 10,U.S. Senate,,REP,ZANE LAWHORN,0
Harrison,PRECINCT 14,U.S. Senate,,REP,ZANE LAWHORN,4
Harrison,PRECINCT 28,U.S. Senate,,REP,ZANE LAWHORN,2
Harrison,PRECINCT 33,U.S. Senate,,REP,ZANE LAWHORN,2
Harrison,PRECINCT 36A,U.S. Senate,,REP,ZANE LAWHORN,3
Harrison,PRECINCT 43,U.S. Senate,,REP,ZANE LAWHORN,0
Harrison,PRECINCT 44,U.S. Senate,,REP,ZANE LAWHORN,1
Harrison,PRECINCT 45,U.S. Senate,,REP,ZANE LAWHORN,6
Harrison,PRECINCT 46,U.S. Senate,,REP,ZANE LAWHORN,0
Harrison,PRECINCT 48,U.S. Senate,,REP,ZANE LAWHORN,1
Harrison,PRECINCT 50,U.S. Senate,,REP,ZANE LAWHORN,0
Harrison,PRECINCT 51,U.S. Senate,,REP,ZANE LAWHORN,3
Harrison,PRECINCT 52,U.S. Senate,,REP,ZANE LAWHORN,3
Harrison,PRECINCT 53,U.S. Senate,,REP,ZANE LAWHORN,0
Harrison,PRECINCT 59,U.S. Senate,,REP,ZANE LAWHORN,2
Harrison,PRECINCT 61,U.S. Senate,,REP,ZANE LAWHORN,3
Harrison,PRECINCT 63,U.S. Senate,,REP,ZANE LAWHORN,3
Harrison,PRECINCT 66,U.S. Senate,,REP,ZANE LAWHORN,0
Harrison,PRECINCT 66A,U.S. Senate,,REP,ZANE LAWHORN,0
Harrison,PRECINCT 66B,U.S. Senate,,REP,ZANE LAWHORN,0
Harrison,PRECINCT 68,U.S. Senate,,REP,ZANE LAWHORN,3
Harrison,PRECINCT 74,U.S. Senate,,REP,ZANE LAWHORN,4
Harrison,PRECINCT 80,U.S. Senate,,REP,ZANE LAWHORN,1
Harrison,PRECINCT 87,U.S. Senate,,REP,ZANE LAWHORN,0
Harrison,PRECINCT 92,U.S. Senate,,REP,ZANE LAWHORN,2
Harrison,PRECINCT 95,U.S. Senate,,REP,ZANE LAWHORN,1
Harrison,PRECINCT 96,U.S. Senate,,REP,ZANE LAWHORN,0
Harrison,PRECINCT 98,U.S. Senate,,REP,ZANE LAWHORN,0
Harrison,PRECINCT 102,U.S. Senate,,REP,ZANE LAWHORN,5
Harrison,PRECINCT 103,U.S. Senate,,REP,ZANE LAWHORN,0
Harrison,PRECINCT 104,U.S. Senate,,REP,ZANE LAWHORN,1
Harrison,PRECINCT 106,U.S. Senate,,REP,ZANE LAWHORN,0
Harrison,PRECINCT 107,U.S. Senate,,REP,ZANE LAWHORN,1
Harrison,PRECINCT 108,U.S. Senate,,REP,ZANE LAWHORN,2
Harrison,PRECINCT 110,U.S. Senate,,REP,ZANE LAWHORN,2
Harrison,PRECINCT 114,U.S. Senate,,REP,ZANE LAWHORN,1
Harrison,PRECINCT 114A,U.S. Senate,,REP,ZANE LAWHORN,2
Harrison,PRECINCT 118,U.S. Senate,,REP,ZANE LAWHORN,2
Harrison,PRECINCT 120,U.S. Senate,,REP,ZANE LAWHORN,1
Harrison,PRECINCT 121,U.S. Senate,,REP,ZANE LAWHORN,0
Harrison,PRECINCT 122,U.S. Senate,,REP,ZANE LAWHORN,0
Harrison,PRECINCT 123,U.S. Senate,,REP,ZANE LAWHORN,0
Harrison,PRECINCT 125,U.S. Senate,,REP,ZANE LAWHORN,0
Harrison,PRECINCT 126,U.S. Senate,,REP,ZANE LAWHORN,0
Harrison,PRECINCT 128,U.S. Senate,,REP,ZANE LAWHORN,3
Harrison,PRECINCT 129,U.S. Senate,,REP,ZANE LAWHORN,1
Harrison,PRECINCT 129B,U.S. Senate,,REP,ZANE LAWHORN,1
Harrison,PRECINCT 129C,U.S. Senate,,REP,ZANE LAWHORN,0
Harrison,PRECINCT 130,U.S. Senate,,REP,ZANE LAWHORN,1
Harrison,PRECINCT 132,U.S. Senate,,REP,ZANE LAWHORN,1
Harrison,PRECINCT 133,U.S. Senate,,REP,ZANE LAWHORN,2
Harrison,PRECINCT 134,U.S. Senate,,REP,ZANE LAWHORN,4
Harrison,PRECINCT 135,U.S. Senate,,REP,ZANE LAWHORN,0
Harrison,PRECINCT 136,U.S. Senate,,REP,ZANE LAWHORN,0
Harrison,PRECINCT 137,U.S. Senate,,REP,ZANE LAWHORN,0
Harrison,PRECINCT 143,U.S. Senate,,REP,ZANE LAWHORN,1
Harrison,PRECINCT 144,U.S. Senate,,REP,ZANE LAWHORN,1
Harrison,PRECINCT 144A,U.S. Senate,,REP,ZANE LAWHORN,1
Harrison,PRECINCT 145,U.S. Senate,,REP,ZANE LAWHORN,0
Harrison,PRECINCT 1,U.S. Senate,,DEM,DON BLANKENSHIP,34
Harrison,PRECINCT 1A,U.S. Senate,,DEM,DON BLANKENSHIP,1
Harrison,PRECINCT 2,U.S. Senate,,DEM,DON BLANKENSHIP,0
Harrison,PRECINCT 4,U.S. Senate,,DEM,DON BLANKENSHIP,47
Harrison,PRECINCT 6,U.S. Senate,,DEM,DON BLANKENSHIP,36
Harrison,PRECINCT 9,U.S. Senate,,DEM,DON BLANKENSHIP,22
Harrison,PRECINCT 10,U.S. Senate,,DEM,DON BLANKENSHIP,15
Harrison,PRECINCT 14,U.S. Senate,,DEM,DON BLANKENSHIP,49
Harrison,PRECINCT 28,U.S. Senate,,DEM,DON BLANKENSHIP,29
Harrison,PRECINCT 33,U.S. Senate,,DEM,DON BLANKENSHIP,42
Harrison,PRECINCT 36A,U.S. Senate,,DEM,DON BLANKENSHIP,15
Harrison,PRECINCT 43,U.S. Senate,,DEM,DON BLANKENSHIP,4
Harrison,PRECINCT 44,U.S. Senate,,DEM,DON BLANKENSHIP,12
Harrison,PRECINCT 45,U.S. Senate,,DEM,DON BLANKENSHIP,12
Harrison,PRECINCT 46,U.S. Senate,,DEM,DON BLANKENSHIP,13
Harrison,PRECINCT 48,U.S. Senate,,DEM,DON BLANKENSHIP,12
Harrison,PRECINCT 50,U.S. Senate,,DEM,DON BLANKENSHIP,18
Harrison,PRECINCT 51,U.S. Senate,,DEM,DON BLANKENSHIP,9
Harrison,PRECINCT 52,U.S. Senate,,DEM,DON BLANKENSHIP,9
Harrison,PRECINCT 53,U.S. Senate,,DEM,DON BLANKENSHIP,6
Harrison,PRECINCT 59,U.S. Senate,,DEM,DON BLANKENSHIP,17
Harrison,PRECINCT 61,U.S. Senate,,DEM,DON BLANKENSHIP,20
Harrison,PRECINCT 63,U.S. Senate,,DEM,DON BLANKENSHIP,21
Harrison,PRECINCT 66,U.S. Senate,,DEM,DON BLANKENSHIP,10
Harrison,PRECINCT 66A,U.S. Senate,,DEM,DON BLANKENSHIP,6
Harrison,PRECINCT 66B,U.S. Senate,,DEM,DON BLANKENSHIP,3
Harrison,PRECINCT 68,U.S. Senate,,DEM,DON BLANKENSHIP,36
Harrison,PRECINCT 74,U.S. Senate,,DEM,DON BLANKENSHIP,36
Harrison,PRECINCT 80,U.S. Senate,,DEM,DON BLANKENSHIP,61
Harrison,PRECINCT 87,U.S. Senate,,DEM,DON BLANKENSHIP,8
Harrison,PRECINCT 92,U.S. Senate,,DEM,DON BLANKENSHIP,10
Harrison,PRECINCT 95,U.S. Senate,,DEM,DON BLANKENSHIP,8
Harrison,PRECINCT 96,U.S. Senate,,DEM,DON BLANKENSHIP,21
Harrison,PRECINCT 98,U.S. Senate,,DEM,DON BLANKENSHIP,6
Harrison,PRECINCT 102,U.S. Senate,,DEM,DON BLANKENSHIP,32
Harrison,PRECINCT 103,U.S. Senate,,DEM,DON BLANKENSHIP,6
Harrison,PRECINCT 104,U.S. Senate,,DEM,DON BLANKENSHIP,6
Harrison,PRECINCT 106,U.S. Senate,,DEM,DON BLANKENSHIP,15
Harrison,PRECINCT 107,U.S. Senate,,DEM,DON BLANKENSHIP,7
Harrison,PRECINCT 108,U.S. Senate,,DEM,DON BLANKENSHIP,10
Harrison,PRECINCT 110,U.S. Senate,,DEM,DON BLANKENSHIP,14
Harrison,PRECINCT 114,U.S. Senate,,DEM,DON BLANKENSHIP,13
Harrison,PRECINCT 114A,U.S. Senate,,DEM,DON BLANKENSHIP,2
Harrison,PRECINCT 118,U.S. Senate,,DEM,DON BLANKENSHIP,8
Harrison,PRECINCT 120,U.S. Senate,,DEM,DON BLANKENSHIP,6
Harrison,PRECINCT 121,U.S. Senate,,DEM,DON BLANKENSHIP,8
Harrison,PRECINCT 122,U.S. Senate,,DEM,DON BLANKENSHIP,9
Harrison,PRECINCT 123,U.S. Senate,,DEM,DON BLANKENSHIP,39
Harrison,PRECINCT 125,U.S. Senate,,DEM,DON BLANKENSHIP,29
Harrison,PRECINCT 126,U.S. Senate,,DEM,DON BLANKENSHIP,23
Harrison,PRECINCT 128,U.S. Senate,,DEM,DON BLANKENSHIP,23
Harrison,PRECINCT 129,U.S. Senate,,DEM,DON BLANKENSHIP,30
Harrison,PRECINCT 129B,U.S. Senate,,DEM,DON BLANKENSHIP,25
Harrison,PRECINCT 129C,U.S. Senate,,DEM,DON BLANKENSHIP,14
Harrison,PRECINCT 130,U.S. Senate,,DEM,DON BLANKENSHIP,2
Harrison,PRECINCT 132,U.S. Senate,,DEM,DON BLANKENSHIP,9
Harrison,PRECINCT 133,U.S. Senate,,DEM,DON BLANKENSHIP,14
Harrison,PRECINCT 134,U.S. Senate,,DEM,DON BLANKENSHIP,6
Harrison,PRECINCT 135,U.S. Senate,,DEM,DON BLANKENSHIP,2
Harrison,PRECINCT 136,U.S. Senate,,DEM,DON BLANKENSHIP,2
Harrison,PRECINCT 137,U.S. Senate,,DEM,DON BLANKENSHIP,1
Harrison,PRECINCT 143,U.S. Senate,,DEM,DON BLANKENSHIP,23
Harrison,PRECINCT 144,U.S. Senate,,DEM,DON BLANKENSHIP,5
Harrison,PRECINCT 144A,U.S. Senate,,DEM,DON BLANKENSHIP,9
Harrison,PRECINCT 145,U.S. Senate,,DEM,DON BLANKENSHIP,13
Harrison,PRECINCT 1,U.S. Senate,,DEM,ZACHARY  SHREWSBURY,38
Harrison,PRECINCT 1A,U.S. Senate,,DEM,ZACHARY  SHREWSBURY,7
Harrison,PRECINCT 2,U.S. Senate,,DEM,ZACHARY  SHREWSBURY,3
Harrison,PRECINCT 4,U.S. Senate,,DEM,ZACHARY  SHREWSBURY,39
Harrison,PRECINCT 6,U.S. Senate,,DEM,ZACHARY  SHREWSBURY,30
Harrison,PRECINCT 9,U.S. Senate,,DEM,ZACHARY  SHREWSBURY,20
Harrison,PRECINCT 10,U.S. Senate,,DEM,ZACHARY  SHREWSBURY,6
Harrison,PRECINCT 14,U.S. Senate,,DEM,ZACHARY  SHREWSBURY,62
Harrison,PRECINCT 28,U.S. Senate,,DEM,ZACHARY  SHREWSBURY,32
Harrison,PRECINCT 33,U.S. Senate,,DEM,ZACHARY  SHREWSBURY,40
Harrison,PRECINCT 36A,U.S. Senate,,DEM,ZACHARY  SHREWSBURY,13
Harrison,PRECINCT 43,U.S. Senate,,DEM,ZACHARY  SHREWSBURY,4
Harrison,PRECINCT 44,U.S. Senate,,DEM,ZACHARY  SHREWSBURY,10
Harrison,PRECINCT 45,U.S. Senate,,DEM,ZACHARY  SHREWSBURY,7
Harrison,PRECINCT 46,U.S. Senate,,DEM,ZACHARY  SHREWSBURY,7
Harrison,PRECINCT 48,U.S. Senate,,DEM,ZACHARY  SHREWSBURY,15
Harrison,PRECINCT 50,U.S. Senate,,DEM,ZACHARY  SHREWSBURY,7
Harrison,PRECINCT 51,U.S. Senate,,DEM,ZACHARY  SHREWSBURY,11
Harrison,PRECINCT 52,U.S. Senate,,DEM,ZACHARY  SHREWSBURY,13
Harrison,PRECINCT 53,U.S. Senate,,DEM,ZACHARY  SHREWSBURY,5
Harrison,PRECINCT 59,U.S. Senate,,DEM,ZACHARY  SHREWSBURY,15
Harrison,PRECINCT 61,U.S. Senate,,DEM,ZACHARY  SHREWSBURY,23
Harrison,PRECINCT 63,U.S. Senate,,DEM,ZACHARY  SHREWSBURY,15
Harrison,PRECINCT 66,U.S. Senate,,DEM,ZACHARY  SHREWSBURY,17
Harrison,PRECINCT 66A,U.S. Senate,,DEM,ZACHARY  SHREWSBURY,3
Harrison,PRECINCT 66B,U.S. Senate,,DEM,ZACHARY  SHREWSBURY,2
Harrison,PRECINCT 68,U.S. Senate,,DEM,ZACHARY  SHREWSBURY,51
Harrison,PRECINCT 74,U.S. Senate,,DEM,ZACHARY  SHREWSBURY,34
Harrison,PRECINCT 80,U.S. Senate,,DEM,ZACHARY  SHREWSBURY,52
Harrison,PRECINCT 87,U.S. Senate,,DEM,ZACHARY  SHREWSBURY,8
Harrison,PRECINCT 92,U.S. Senate,,DEM,ZACHARY  SHREWSBURY,7
Harrison,PRECINCT 95,U.S. Senate,,DEM,ZACHARY  SHREWSBURY,10
Harrison,PRECINCT 96,U.S. Senate,,DEM,ZACHARY  SHREWSBURY,13
Harrison,PRECINCT 98,U.S. Senate,,DEM,ZACHARY  SHREWSBURY,4
Harrison,PRECINCT 102,U.S. Senate,,DEM,ZACHARY  SHREWSBURY,32
Harrison,PRECINCT 103,U.S. Senate,,DEM,ZACHARY  SHREWSBURY,7
Harrison,PRECINCT 104,U.S. Senate,,DEM,ZACHARY  SHREWSBURY,8
Harrison,PRECINCT 106,U.S. Senate,,DEM,ZACHARY  SHREWSBURY,14
Harrison,PRECINCT 107,U.S. Senate,,DEM,ZACHARY  SHREWSBURY,4
Harrison,PRECINCT 108,U.S. Senate,,DEM,ZACHARY  SHREWSBURY,12
Harrison,PRECINCT 110,U.S. Senate,,DEM,ZACHARY  SHREWSBURY,15
Harrison,PRECINCT 114,U.S. Senate,,DEM,ZACHARY  SHREWSBURY,10
Harrison,PRECINCT 114A,U.S. Senate,,DEM,ZACHARY  SHREWSBURY,1
Harrison,PRECINCT 118,U.S. Senate,,DEM,ZACHARY  SHREWSBURY,2
Harrison,PRECINCT 120,U.S. Senate,,DEM,ZACHARY  SHREWSBURY,12
Harrison,PRECINCT 121,U.S. Senate,,DEM,ZACHARY  SHREWSBURY,6
Harrison,PRECINCT 122,U.S. Senate,,DEM,ZACHARY  SHREWSBURY,5
Harrison,PRECINCT 123,U.S. Senate,,DEM,ZACHARY  SHREWSBURY,66
Harrison,PRECINCT 125,U.S. Senate,,DEM,ZACHARY  SHREWSBURY,32
Harrison,PRECINCT 126,U.S. Senate,,DEM,ZACHARY  SHREWSBURY,28
Harrison,PRECINCT 128,U.S. Senate,,DEM,ZACHARY  SHREWSBURY,29
Harrison,PRECINCT 129,U.S. Senate,,DEM,ZACHARY  SHREWSBURY,56
Harrison,PRECINCT 129B,U.S. Senate,,DEM,ZACHARY  SHREWSBURY,50
Harrison,PRECINCT 129C,U.S. Senate,,DEM,ZACHARY  SHREWSBURY,14
Harrison,PRECINCT 130,U.S. Senate,,DEM,ZACHARY  SHREWSBURY,5
Harrison,PRECINCT 132,U.S. Senate,,DEM,ZACHARY  SHREWSBURY,8
Harrison,PRECINCT 133,U.S. Senate,,DEM,ZACHARY  SHREWSBURY,19
Harrison,PRECINCT 134,U.S. Senate,,DEM,ZACHARY  SHREWSBURY,7
Harrison,PRECINCT 135,U.S. Senate,,DEM,ZACHARY  SHREWSBURY,0
Harrison,PRECINCT 136,U.S. Senate,,DEM,ZACHARY  SHREWSBURY,2
Harrison,PRECINCT 137,U.S. Senate,,DEM,ZACHARY  SHREWSBURY,1
Harrison,PRECINCT 143,U.S. Senate,,DEM,ZACHARY  SHREWSBURY,25
Harrison,PRECINCT 144,U.S. Senate,,DEM,ZACHARY  SHREWSBURY,7
Harrison,PRECINCT 144A,U.S. Senate,,DEM,ZACHARY  SHREWSBURY,11
Harrison,PRECINCT 145,U.S. Senate,,DEM,ZACHARY  SHREWSBURY,17
Harrison,PRECINCT 1,U.S. Senate,,DEM,GLENN ELLIOTT,81
Harrison,PRECINCT 1A,U.S. Senate,,DEM,GLENN ELLIOTT,4
Harrison,PRECINCT 2,U.S. Senate,,DEM,GLENN ELLIOTT,9
Harrison,PRECINCT 4,U.S. Senate,,DEM,GLENN ELLIOTT,61
Harrison,PRECINCT 6,U.S. Senate,,DEM,GLENN ELLIOTT,66
Harrison,PRECINCT 9,U.S. Senate,,DEM,GLENN ELLIOTT,26
Harrison,PRECINCT 10,U.S. Senate,,DEM,GLENN ELLIOTT,21
Harrison,PRECINCT 14,U.S. Senate,,DEM,GLENN ELLIOTT,117
Harrison,PRECINCT 28,U.S. Senate,,DEM,GLENN ELLIOTT,53
Harrison,PRECINCT 33,U.S. Senate,,DEM,GLENN ELLIOTT,85
Harrison,PRECINCT 36A,U.S. Senate,,DEM,GLENN ELLIOTT,23
Harrison,PRECINCT 43,U.S. Senate,,DEM,GLENN ELLIOTT,16
Harrison,PRECINCT 44,U.S. Senate,,DEM,GLENN ELLIOTT,13
Harrison,PRECINCT 45,U.S. Senate,,DEM,GLENN ELLIOTT,28
Harrison,PRECINCT 46,U.S. Senate,,DEM,GLENN ELLIOTT,25
Harrison,PRECINCT 48,U.S. Senate,,DEM,GLENN ELLIOTT,35
Harrison,PRECINCT 50,U.S. Senate,,DEM,GLENN ELLIOTT,42
Harrison,PRECINCT 51,U.S. Senate,,DEM,GLENN ELLIOTT,27
Harrison,PRECINCT 52,U.S. Senate,,DEM,GLENN ELLIOTT,34
Harrison,PRECINCT 53,U.S. Senate,,DEM,GLENN ELLIOTT,12
Harrison,PRECINCT 59,U.S. Senate,,DEM,GLENN ELLIOTT,26
Harrison,PRECINCT 61,U.S. Senate,,DEM,GLENN ELLIOTT,42
Harrison,PRECINCT 63,U.S. Senate,,DEM,GLENN ELLIOTT,43
Harrison,PRECINCT 66,U.S. Senate,,DEM,GLENN ELLIOTT,21
Harrison,PRECINCT 66A,U.S. Senate,,DEM,GLENN ELLIOTT,3
Harrison,PRECINCT 66B,U.S. Senate,,DEM,GLENN ELLIOTT,4
Harrison,PRECINCT 68,U.S. Senate,,DEM,GLENN ELLIOTT,71
Harrison,PRECINCT 74,U.S. Senate,,DEM,GLENN ELLIOTT,58
Harrison,PRECINCT 80,U.S. Senate,,DEM,GLENN ELLIOTT,92
Harrison,PRECINCT 87,U.S. Senate,,DEM,GLENN ELLIOTT,13
Harrison,PRECINCT 92,U.S. Senate,,DEM,GLENN ELLIOTT,14
Harrison,PRECINCT 95,U.S. Senate,,DEM,GLENN ELLIOTT,16
Harrison,PRECINCT 96,U.S. Senate,,DEM,GLENN ELLIOTT,28
Harrison,PRECINCT 98,U.S. Senate,,DEM,GLENN ELLIOTT,10
Harrison,PRECINCT 102,U.S. Senate,,DEM,GLENN ELLIOTT,66
Harrison,PRECINCT 103,U.S. Senate,,DEM,GLENN ELLIOTT,8
Harrison,PRECINCT 104,U.S. Senate,,DEM,GLENN ELLIOTT,12
Harrison,PRECINCT 106,U.S. Senate,,DEM,GLENN ELLIOTT,22
Harrison,PRECINCT 107,U.S. Senate,,DEM,GLENN ELLIOTT,6
Harrison,PRECINCT 108,U.S. Senate,,DEM,GLENN ELLIOTT,22
Harrison,PRECINCT 110,U.S. Senate,,DEM,GLENN ELLIOTT,24
Harrison,PRECINCT 114,U.S. Senate,,DEM,GLENN ELLIOTT,26
Harrison,PRECINCT 114A,U.S. Senate,,DEM,GLENN ELLIOTT,4
Harrison,PRECINCT 118,U.S. Senate,,DEM,GLENN ELLIOTT,8
Harrison,PRECINCT 120,U.S. Senate,,DEM,GLENN ELLIOTT,33
Harrison,PRECINCT 121,U.S. Senate,,DEM,GLENN ELLIOTT,21
Harrison,PRECINCT 122,U.S. Senate,,DEM,GLENN ELLIOTT,7
Harrison,PRECINCT 123,U.S. Senate,,DEM,GLENN ELLIOTT,141
Harrison,PRECINCT 125,U.S. Senate,,DEM,GLENN ELLIOTT,74
Harrison,PRECINCT 126,U.S. Senate,,DEM,GLENN ELLIOTT,38
Harrison,PRECINCT 128,U.S. Senate,,DEM,GLENN ELLIOTT,35
Harrison,PRECINCT 129,U.S. Senate,,DEM,GLENN ELLIOTT,99
Harrison,PRECINCT 129B,U.S. Senate,,DEM,GLENN ELLIOTT,102
Harrison,PRECINCT 129C,U.S. Senate,,DEM,GLENN ELLIOTT,26
Harrison,PRECINCT 130,U.S. Senate,,DEM,GLENN ELLIOTT,14
Harrison,PRECINCT 132,U.S. Senate,,DEM,GLENN ELLIOTT,10
Harrison,PRECINCT 133,U.S. Senate,,DEM,GLENN ELLIOTT,42
Harrison,PRECINCT 134,U.S. Senate,,DEM,GLENN ELLIOTT,16
Harrison,PRECINCT 135,U.S. Senate,,DEM,GLENN ELLIOTT,2
Harrison,PRECINCT 136,U.S. Senate,,DEM,GLENN ELLIOTT,6
Harrison,PRECINCT 137,U.S. Senate,,DEM,GLENN ELLIOTT,7
Harrison,PRECINCT 143,U.S. Senate,,DEM,GLENN ELLIOTT,38
Harrison,PRECINCT 144,U.S. Senate,,DEM,GLENN ELLIOTT,14
Harrison,PRECINCT 144A,U.S. Senate,,DEM,GLENN ELLIOTT,14
Harrison,PRECINCT 145,U.S. Senate,,DEM,GLENN ELLIOTT,19
Harrison,PRECINCT 1,U.S. Senate,,MTN,NO CANDIDATE FILED,0
Harrison,PRECINCT 1A,U.S. Senate,,MTN,NO CANDIDATE FILED,0
Harrison,PRECINCT 2,U.S. Senate,,MTN,NO CANDIDATE FILED,0
Harrison,PRECINCT 4,U.S. Senate,,MTN,NO CANDIDATE FILED,0
Harrison,PRECINCT 6,U.S. Senate,,MTN,NO CANDIDATE FILED,0
Harrison,PRECINCT 9,U.S. Senate,,MTN,NO CANDIDATE FILED,0
Harrison,PRECINCT 10,U.S. Senate,,MTN,NO CANDIDATE FILED,0
Harrison,PRECINCT 14,U.S. Senate,,MTN,NO CANDIDATE FILED,0
Harrison,PRECINCT 28,U.S. Senate,,MTN,NO CANDIDATE FILED,0
Harrison,PRECINCT 33,U.S. Senate,,MTN,NO CANDIDATE FILED,0
Harrison,PRECINCT 36A,U.S. Senate,,MTN,NO CANDIDATE FILED,0
Harrison,PRECINCT 43,U.S. Senate,,MTN,NO CANDIDATE FILED,0
Harrison,PRECINCT 44,U.S. Senate,,MTN,NO CANDIDATE FILED,0
Harrison,PRECINCT 45,U.S. Senate,,MTN,NO CANDIDATE FILED,0
Harrison,PRECINCT 46,U.S. Senate,,MTN,NO CANDIDATE FILED,0
Harrison,PRECINCT 48,U.S. Senate,,MTN,NO CANDIDATE FILED,0
Harrison,PRECINCT 50,U.S. Senate,,MTN,NO CANDIDATE FILED,0
Harrison,PRECINCT 51,U.S. Senate,,MTN,NO CANDIDATE FILED,0
Harrison,PRECINCT 52,U.S. Senate,,MTN,NO CANDIDATE FILED,0
Harrison,PRECINCT 53,U.S. Senate,,MTN,NO CANDIDATE FILED,0
Harrison,PRECINCT 59,U.S. Senate,,MTN,NO CANDIDATE FILED,0
Harrison,PRECINCT 61,U.S. Senate,,MTN,NO CANDIDATE FILED,0
Harrison,PRECINCT 63,U.S. Senate,,MTN,NO CANDIDATE FILED,0
Harrison,PRECINCT 66,U.S. Senate,,MTN,NO CANDIDATE FILED,0
Harrison,PRECINCT 66A,U.S. Senate,,MTN,NO CANDIDATE FILED,0
Harrison,PRECINCT 66B,U.S. Senate,,MTN,NO CANDIDATE FILED,0
Harrison,PRECINCT 68,U.S. Senate,,MTN,NO CANDIDATE FILED,0
Harrison,PRECINCT 74,U.S. Senate,,MTN,NO CANDIDATE FILED,0
Harrison,PRECINCT 80,U.S. Senate,,MTN,NO CANDIDATE FILED,0
Harrison,PRECINCT 87,U.S. Senate,,MTN,NO CANDIDATE FILED,0
Harrison,PRECINCT 92,U.S. Senate,,MTN,NO CANDIDATE FILED,0
Harrison,PRECINCT 95,U.S. Senate,,MTN,NO CANDIDATE FILED,0
Harrison,PRECINCT 96,U.S. Senate,,MTN,NO CANDIDATE FILED,0
Harrison,PRECINCT 98,U.S. Senate,,MTN,NO CANDIDATE FILED,0
Harrison,PRECINCT 102,U.S. Senate,,MTN,NO CANDIDATE FILED,0
Harrison,PRECINCT 103,U.S. Senate,,MTN,NO CANDIDATE FILED,0
Harrison,PRECINCT 104,U.S. Senate,,MTN,NO CANDIDATE FILED,0
Harrison,PRECINCT 106,U.S. Senate,,MTN,NO CANDIDATE FILED,0
Harrison,PRECINCT 107,U.S. Senate,,MTN,NO CANDIDATE FILED,0
Harrison,PRECINCT 108,U.S. Senate,,MTN,NO CANDIDATE FILED,0
Harrison,PRECINCT 110,U.S. Senate,,MTN,NO CANDIDATE FILED,0
Harrison,PRECINCT 114,U.S. Senate,,MTN,NO CANDIDATE FILED,0
Harrison,PRECINCT 114A,U.S. Senate,,MTN,NO CANDIDATE FILED,0
Harrison,PRECINCT 118,U.S. Senate,,MTN,NO CANDIDATE FILED,0
Harrison,PRECINCT 120,U.S. Senate,,MTN,NO CANDIDATE FILED,0
Harrison,PRECINCT 121,U.S. Senate,,MTN,NO CANDIDATE FILED,0
Harrison,PRECINCT 122,U.S. Senate,,MTN,NO CANDIDATE FILED,0
Harrison,PRECINCT 123,U.S. Senate,,MTN,NO CANDIDATE FILED,0
Harrison,PRECINCT 125,U.S. Senate,,MTN,NO CANDIDATE FILED,0
Harrison,PRECINCT 126,U.S. Senate,,MTN,NO CANDIDATE FILED,0
Harrison,PRECINCT 128,U.S. Senate,,MTN,NO CANDIDATE FILED,0
Harrison,PRECINCT 129,U.S. Senate,,MTN,NO CANDIDATE FILED,0
Harrison,PRECINCT 129B,U.S. Senate,,MTN,NO CANDIDATE FILED,0
Harrison,PRECINCT 129C,U.S. Senate,,MTN,NO CANDIDATE FILED,0
Harrison,PRECINCT 130,U.S. Senate,,MTN,NO CANDIDATE FILED,0
Harrison,PRECINCT 132,U.S. Senate,,MTN,NO CANDIDATE FILED,0
Harrison,PRECINCT 133,U.S. Senate,,MTN,NO CANDIDATE FILED,0
Harrison,PRECINCT 134,U.S. Senate,,MTN,NO CANDIDATE FILED,0
Harrison,PRECINCT 135,U.S. Senate,,MTN,NO CANDIDATE FILED,0
Harrison,PRECINCT 136,U.S. Senate,,MTN,NO CANDIDATE FILED,0
Harrison,PRECINCT 137,U.S. Senate,,MTN,NO CANDIDATE FILED,0
Harrison,PRECINCT 143,U.S. Senate,,MTN,NO CANDIDATE FILED,0
Harrison,PRECINCT 144,U.S. Senate,,MTN,NO CANDIDATE FILED,0
Harrison,PRECINCT 144A,U.S. Senate,,MTN,NO CANDIDATE FILED,0
Harrison,PRECINCT 145,U.S. Senate,,MTN,NO CANDIDATE FILED,0
Harrison,PRECINCT 1,U.S. House,2,REP,JOSEPH (JOE) EARLEY,115
Harrison,PRECINCT 1A,U.S. House,2,REP,JOSEPH (JOE) EARLEY,10
Harrison,PRECINCT 2,U.S. House,2,REP,JOSEPH (JOE) EARLEY,12
Harrison,PRECINCT 4,U.S. House,2,REP,JOSEPH (JOE) EARLEY,98
Harrison,PRECINCT 6,U.S. House,2,REP,JOSEPH (JOE) EARLEY,71
Harrison,PRECINCT 9,U.S. House,2,REP,JOSEPH (JOE) EARLEY,48
Harrison,PRECINCT 10,U.S. House,2,REP,JOSEPH (JOE) EARLEY,48
Harrison,PRECINCT 14,U.S. House,2,REP,JOSEPH (JOE) EARLEY,100
Harrison,PRECINCT 28,U.S. House,2,REP,JOSEPH (JOE) EARLEY,75
Harrison,PRECINCT 33,U.S. House,2,REP,JOSEPH (JOE) EARLEY,105
Harrison,PRECINCT 36A,U.S. House,2,REP,JOSEPH (JOE) EARLEY,30
Harrison,PRECINCT 43,U.S. House,2,REP,JOSEPH (JOE) EARLEY,30
Harrison,PRECINCT 44,U.S. House,2,REP,JOSEPH (JOE) EARLEY,36
Harrison,PRECINCT 45,U.S. House,2,REP,JOSEPH (JOE) EARLEY,59
Harrison,PRECINCT 46,U.S. House,2,REP,JOSEPH (JOE) EARLEY,56
Harrison,PRECINCT 48,U.S. House,2,REP,JOSEPH (JOE) EARLEY,67
Harrison,PRECINCT 50,U.S. House,2,REP,JOSEPH (JOE) EARLEY,52
Harrison,PRECINCT 51,U.S. House,2,REP,JOSEPH (JOE) EARLEY,25
Harrison,PRECINCT 52,U.S. House,2,REP,JOSEPH (JOE) EARLEY,46
Harrison,PRECINCT 53,U.S. House,2,REP,JOSEPH (JOE) EARLEY,20
Harrison,PRECINCT 59,U.S. House,2,REP,JOSEPH (JOE) EARLEY,36
Harrison,PRECINCT 61,U.S. House,2,REP,JOSEPH (JOE) EARLEY,82
Harrison,PRECINCT 63,U.S. House,2,REP,JOSEPH (JOE) EARLEY,63
Harrison,PRECINCT 66,U.S. House,2,REP,JOSEPH (JOE) EARLEY,31
Harrison,PRECINCT 66A,U.S. House,2,REP,JOSEPH (JOE) EARLEY,0
Harrison,PRECINCT 66B,U.S. House,2,REP,JOSEPH (JOE) EARLEY,6
Harrison,PRECINCT 68,U.S. House,2,REP,JOSEPH (JOE) EARLEY,60
Harrison,PRECINCT 74,U.S. House,2,REP,JOSEPH (JOE) EARLEY,90
Harrison,PRECINCT 80,U.S. House,2,REP,JOSEPH (JOE) EARLEY,108
Harrison,PRECINCT 87,U.S. House,2,REP,JOSEPH (JOE) EARLEY,27
Harrison,PRECINCT 92,U.S. House,2,REP,JOSEPH (JOE) EARLEY,53
Harrison,PRECINCT 95,U.S. House,2,REP,JOSEPH (JOE) EARLEY,42
Harrison,PRECINCT 96,U.S. House,2,REP,JOSEPH (JOE) EARLEY,53
Harrison,PRECINCT 98,U.S. House,2,REP,JOSEPH (JOE) EARLEY,30
Harrison,PRECINCT 102,U.S. House,2,REP,JOSEPH (JOE) EARLEY,175
Harrison,PRECINCT 103,U.S. House,2,REP,JOSEPH (JOE) EARLEY,42
Harrison,PRECINCT 104,U.S. House,2,REP,JOSEPH (JOE) EARLEY,42
Harrison,PRECINCT 106,U.S. House,2,REP,JOSEPH (JOE) EARLEY,43
Harrison,PRECINCT 107,U.S. House,2,REP,JOSEPH (JOE) EARLEY,31
Harrison,PRECINCT 108,U.S. House,2,REP,JOSEPH (JOE) EARLEY,94
Harrison,PRECINCT 110,U.S. House,2,REP,JOSEPH (JOE) EARLEY,75
Harrison,PRECINCT 114,U.S. House,2,REP,JOSEPH (JOE) EARLEY,41
Harrison,PRECINCT 114A,U.S. House,2,REP,JOSEPH (JOE) EARLEY,16
Harrison,PRECINCT 118,U.S. House,2,REP,JOSEPH (JOE) EARLEY,42
Harrison,PRECINCT 120,U.S. House,2,REP,JOSEPH (JOE) EARLEY,102
Harrison,PRECINCT 121,U.S. House,2,REP,JOSEPH (JOE) EARLEY,26
Harrison,PRECINCT 122,U.S. House,2,REP,JOSEPH (JOE) EARLEY,67
Harrison,PRECINCT 123,U.S. House,2,REP,JOSEPH (JOE) EARLEY,279
Harrison,PRECINCT 125,U.S. House,2,REP,JOSEPH (JOE) EARLEY,140
Harrison,PRECINCT 126,U.S. House,2,REP,JOSEPH (JOE) EARLEY,74
Harrison,PRECINCT 128,U.S. House,2,REP,JOSEPH (JOE) EARLEY,105
Harrison,PRECINCT 129,U.S. House,2,REP,JOSEPH (JOE) EARLEY,177
Harrison,PRECINCT 129B,U.S. House,2,REP,JOSEPH (JOE) EARLEY,154
Harrison,PRECINCT 129C,U.S. House,2,REP,JOSEPH (JOE) EARLEY,61
Harrison,PRECINCT 130,U.S. House,2,REP,JOSEPH (JOE) EARLEY,25
Harrison,PRECINCT 132,U.S. House,2,REP,JOSEPH (JOE) EARLEY,27
Harrison,PRECINCT 133,U.S. House,2,REP,JOSEPH (JOE) EARLEY,72
Harrison,PRECINCT 134,U.S. House,2,REP,JOSEPH (JOE) EARLEY,70
Harrison,PRECINCT 135,U.S. House,2,REP,JOSEPH (JOE) EARLEY,32
Harrison,PRECINCT 136,U.S. House,2,REP,JOSEPH (JOE) EARLEY,22
Harrison,PRECINCT 137,U.S. House,2,REP,JOSEPH (JOE) EARLEY,5
Harrison,PRECINCT 143,U.S. House,2,REP,JOSEPH (JOE) EARLEY,147
Harrison,PRECINCT 144,U.S. House,2,REP,JOSEPH (JOE) EARLEY,38
Harrison,PRECINCT 144A,U.S. House,2,REP,JOSEPH (JOE) EARLEY,52
Harrison,PRECINCT 145,U.S. House,2,REP,JOSEPH (JOE) EARLEY,61
Harrison,PRECINCT 1,U.S. House,2,REP,DENNIS 'NATE' CAIN,4
Harrison,PRECINCT 1A,U.S. House,2,REP,DENNIS 'NATE' CAIN,2
Harrison,PRECINCT 2,U.S. House,2,REP,DENNIS 'NATE' CAIN,1
Harrison,PRECINCT 4,U.S. House,2,REP,DENNIS 'NATE' CAIN,7
Harrison,PRECINCT 6,U.S. House,2,REP,DENNIS 'NATE' CAIN,2
Harrison,PRECINCT 9,U.S. House,2,REP,DENNIS 'NATE' CAIN,1
Harrison,PRECINCT 10,U.S. House,2,REP,DENNIS 'NATE' CAIN,6
Harrison,PRECINCT 14,U.S. House,2,REP,DENNIS 'NATE' CAIN,18
Harrison,PRECINCT 28,U.S. House,2,REP,DENNIS 'NATE' CAIN,2
Harrison,PRECINCT 33,U.S. House,2,REP,DENNIS 'NATE' CAIN,7
Harrison,PRECINCT 36A,U.S. House,2,REP,DENNIS 'NATE' CAIN,0
Harrison,PRECINCT 43,U.S. House,2,REP,DENNIS 'NATE' CAIN,2
Harrison,PRECINCT 44,U.S. House,2,REP,DENNIS 'NATE' CAIN,3
Harrison,PRECINCT 45,U.S. House,2,REP,DENNIS 'NATE' CAIN,9
Harrison,PRECINCT 46,U.S. House,2,REP,DENNIS 'NATE' CAIN,0
Harrison,PRECINCT 48,U.S. House,2,REP,DENNIS 'NATE' CAIN,6
Harrison,PRECINCT 50,U.S. House,2,REP,DENNIS 'NATE' CAIN,3
Harrison,PRECINCT 51,U.S. House,2,REP,DENNIS 'NATE' CAIN,2
Harrison,PRECINCT 52,U.S. House,2,REP,DENNIS 'NATE' CAIN,5
Harrison,PRECINCT 53,U.S. House,2,REP,DENNIS 'NATE' CAIN,0
Harrison,PRECINCT 59,U.S. House,2,REP,DENNIS 'NATE' CAIN,3
Harrison,PRECINCT 61,U.S. House,2,REP,DENNIS 'NATE' CAIN,5
Harrison,PRECINCT 63,U.S. House,2,REP,DENNIS 'NATE' CAIN,9
Harrison,PRECINCT 66,U.S. House,2,REP,DENNIS 'NATE' CAIN,4
Harrison,PRECINCT 66A,U.S. House,2,REP,DENNIS 'NATE' CAIN,0
Harrison,PRECINCT 66B,U.S. House,2,REP,DENNIS 'NATE' CAIN,0
Harrison,PRECINCT 68,U.S. House,2,REP,DENNIS 'NATE' CAIN,6
Harrison,PRECINCT 74,U.S. House,2,REP,DENNIS 'NATE' CAIN,8
Harrison,PRECINCT 80,U.S. House,2,REP,DENNIS 'NATE' CAIN,5
Harrison,PRECINCT 87,U.S. House,2,REP,DENNIS 'NATE' CAIN,2
Harrison,PRECINCT 92,U.S. House,2,REP,DENNIS 'NATE' CAIN,5
Harrison,PRECINCT 95,U.S. House,2,REP,DENNIS 'NATE' CAIN,4
Harrison,PRECINCT 96,U.S. House,2,REP,DENNIS 'NATE' CAIN,1
Harrison,PRECINCT 98,U.S. House,2,REP,DENNIS 'NATE' CAIN,2
Harrison,PRECINCT 102,U.S. House,2,REP,DENNIS 'NATE' CAIN,8
Harrison,PRECINCT 103,U.S. House,2,REP,DENNIS 'NATE' CAIN,2
Harrison,PRECINCT 104,U.S. House,2,REP,DENNIS 'NATE' CAIN,6
Harrison,PRECINCT 106,U.S. House,2,REP,DENNIS 'NATE' CAIN,0
Harrison,PRECINCT 107,U.S. House,2,REP,DENNIS 'NATE' CAIN,2
Harrison,PRECINCT 108,U.S. House,2,REP,DENNIS 'NATE' CAIN,10
Harrison,PRECINCT 110,U.S. House,2,REP,DENNIS 'NATE' CAIN,5
Harrison,PRECINCT 114,U.S. House,2,REP,DENNIS 'NATE' CAIN,3
Harrison,PRECINCT 114A,U.S. House,2,REP,DENNIS 'NATE' CAIN,3
Harrison,PRECINCT 118,U.S. House,2,REP,DENNIS 'NATE' CAIN,3
Harrison,PRECINCT 120,U.S. House,2,REP,DENNIS 'NATE' CAIN,2
Harrison,PRECINCT 121,U.S. House,2,REP,DENNIS 'NATE' CAIN,3
Harrison,PRECINCT 122,U.S. House,2,REP,DENNIS 'NATE' CAIN,3
Harrison,PRECINCT 123,U.S. House,2,REP,DENNIS 'NATE' CAIN,11
Harrison,PRECINCT 125,U.S. House,2,REP,DENNIS 'NATE' CAIN,5
Harrison,PRECINCT 126,U.S. House,2,REP,DENNIS 'NATE' CAIN,5
Harrison,PRECINCT 128,U.S. House,2,REP,DENNIS 'NATE' CAIN,1
Harrison,PRECINCT 129,U.S. House,2,REP,DENNIS 'NATE' CAIN,7
Harrison,PRECINCT 129B,U.S. House,2,REP,DENNIS 'NATE' CAIN,7
Harrison,PRECINCT 129C,U.S. House,2,REP,DENNIS 'NATE' CAIN,2
Harrison,PRECINCT 130,U.S. House,2,REP,DENNIS 'NATE' CAIN,2
Harrison,PRECINCT 132,U.S. House,2,REP,DENNIS 'NATE' CAIN,3
Harrison,PRECINCT 133,U.S. House,2,REP,DENNIS 'NATE' CAIN,7
Harrison,PRECINCT 134,U.S. House,2,REP,DENNIS 'NATE' CAIN,2
Harrison,PRECINCT 135,U.S. House,2,REP,DENNIS 'NATE' CAIN,2
Harrison,PRECINCT 136,U.S. House,2,REP,DENNIS 'NATE' CAIN,3
Harrison,PRECINCT 137,U.S. House,2,REP,DENNIS 'NATE' CAIN,1
Harrison,PRECINCT 143,U.S. House,2,REP,DENNIS 'NATE' CAIN,13
Harrison,PRECINCT 144,U.S. House,2,REP,DENNIS 'NATE' CAIN,0
Harrison,PRECINCT 144A,U.S. House,2,REP,DENNIS 'NATE' CAIN,3
Harrison,PRECINCT 145,U.S. House,2,REP,DENNIS 'NATE' CAIN,4
Harrison,PRECINCT 1,U.S. House,2,REP,RILEY MOORE,98
Harrison,PRECINCT 1A,U.S. House,2,REP,RILEY MOORE,8
Harrison,PRECINCT 2,U.S. House,2,REP,RILEY MOORE,13
Harrison,PRECINCT 4,U.S. House,2,REP,RILEY MOORE,88
Harrison,PRECINCT 6,U.S. House,2,REP,RILEY MOORE,65
Harrison,PRECINCT 9,U.S. House,2,REP,RILEY MOORE,27
Harrison,PRECINCT 10,U.S. House,2,REP,RILEY MOORE,33
Harrison,PRECINCT 14,U.S. House,2,REP,RILEY MOORE,96
Harrison,PRECINCT 28,U.S. House,2,REP,RILEY MOORE,56
Harrison,PRECINCT 33,U.S. House,2,REP,RILEY MOORE,69
Harrison,PRECINCT 36A,U.S. House,2,REP,RILEY MOORE,43
Harrison,PRECINCT 43,U.S. House,2,REP,RILEY MOORE,37
Harrison,PRECINCT 44,U.S. House,2,REP,RILEY MOORE,16
Harrison,PRECINCT 45,U.S. House,2,REP,RILEY MOORE,47
Harrison,PRECINCT 46,U.S. House,2,REP,RILEY MOORE,42
Harrison,PRECINCT 48,U.S. House,2,REP,RILEY MOORE,45
Harrison,PRECINCT 50,U.S. House,2,REP,RILEY MOORE,48
Harrison,PRECINCT 51,U.S. House,2,REP,RILEY MOORE,18
Harrison,PRECINCT 52,U.S. House,2,REP,RILEY MOORE,37
Harrison,PRECINCT 53,U.S. House,2,REP,RILEY MOORE,25
Harrison,PRECINCT 59,U.S. House,2,REP,RILEY MOORE,25
Harrison,PRECINCT 61,U.S. House,2,REP,RILEY MOORE,61
Harrison,PRECINCT 63,U.S. House,2,REP,RILEY MOORE,49
Harrison,PRECINCT 66,U.S. House,2,REP,RILEY MOORE,15
Harrison,PRECINCT 66A,U.S. House,2,REP,RILEY MOORE,0
Harrison,PRECINCT 66B,U.S. House,2,REP,RILEY MOORE,6
Harrison,PRECINCT 68,U.S. House,2,REP,RILEY MOORE,42
Harrison,PRECINCT 74,U.S. House,2,REP,RILEY MOORE,69
Harrison,PRECINCT 80,U.S. House,2,REP,RILEY MOORE,68
Harrison,PRECINCT 87,U.S. House,2,REP,RILEY MOORE,26
Harrison,PRECINCT 92,U.S. House,2,REP,RILEY MOORE,38
Harrison,PRECINCT 95,U.S. House,2,REP,RILEY MOORE,23
Harrison,PRECINCT 96,U.S. House,2,REP,RILEY MOORE,29
Harrison,PRECINCT 98,U.S. House,2,REP,RILEY MOORE,34
Harrison,PRECINCT 102,U.S. House,2,REP,RILEY MOORE,136
Harrison,PRECINCT 103,U.S. House,2,REP,RILEY MOORE,35
Harrison,PRECINCT 104,U.S. House,2,REP,RILEY MOORE,30
Harrison,PRECINCT 106,U.S. House,2,REP,RILEY MOORE,34
Harrison,PRECINCT 107,U.S. House,2,REP,RILEY MOORE,17
Harrison,PRECINCT 108,U.S. House,2,REP,RILEY MOORE,61
Harrison,PRECINCT 110,U.S. House,2,REP,RILEY MOORE,53
Harrison,PRECINCT 114,U.S. House,2,REP,RILEY MOORE,28
Harrison,PRECINCT 114A,U.S. House,2,REP,RILEY MOORE,7
Harrison,PRECINCT 118,U.S. House,2,REP,RILEY MOORE,37
Harrison,PRECINCT 120,U.S. House,2,REP,RILEY MOORE,58
Harrison,PRECINCT 121,U.S. House,2,REP,RILEY MOORE,14
Harrison,PRECINCT 122,U.S. House,2,REP,RILEY MOORE,23
Harrison,PRECINCT 123,U.S. House,2,REP,RILEY MOORE,143
Harrison,PRECINCT 125,U.S. House,2,REP,RILEY MOORE,64
Harrison,PRECINCT 126,U.S. House,2,REP,RILEY MOORE,53
Harrison,PRECINCT 128,U.S. House,2,REP,RILEY MOORE,62
Harrison,PRECINCT 129,U.S. House,2,REP,RILEY MOORE,139
Harrison,PRECINCT 129B,U.S. House,2,REP,RILEY MOORE,113
Harrison,PRECINCT 129C,U.S. House,2,REP,RILEY MOORE,49
Harrison,PRECINCT 130,U.S. House,2,REP,RILEY MOORE,37
Harrison,PRECINCT 132,U.S. House,2,REP,RILEY MOORE,13
Harrison,PRECINCT 133,U.S. House,2,REP,RILEY MOORE,77
Harrison,PRECINCT 134,U.S. House,2,REP,RILEY MOORE,49
Harrison,PRECINCT 135,U.S. House,2,REP,RILEY MOORE,16
Harrison,PRECINCT 136,U.S. House,2,REP,RILEY MOORE,15
Harrison,PRECINCT 137,U.S. House,2,REP,RILEY MOORE,15
Harrison,PRECINCT 143,U.S. House,2,REP,RILEY MOORE,99
Harrison,PRECINCT 144,U.S. House,2,REP,RILEY MOORE,23
Harrison,PRECINCT 144A,U.S. House,2,REP,RILEY MOORE,41
Harrison,PRECINCT 145,U.S. House,2,REP,RILEY MOORE,53
Harrison,PRECINCT 1,U.S. House,2,REP,ALEXANDER GAASERUD,9
Harrison,PRECINCT 1A,U.S. House,2,REP,ALEXANDER GAASERUD,0
Harrison,PRECINCT 2,U.S. House,2,REP,ALEXANDER GAASERUD,1
Harrison,PRECINCT 4,U.S. House,2,REP,ALEXANDER GAASERUD,0
Harrison,PRECINCT 6,U.S. House,2,REP,ALEXANDER GAASERUD,4
Harrison,PRECINCT 9,U.S. House,2,REP,ALEXANDER GAASERUD,1
Harrison,PRECINCT 10,U.S. House,2,REP,ALEXANDER GAASERUD,1
Harrison,PRECINCT 14,U.S. House,2,REP,ALEXANDER GAASERUD,6
Harrison,PRECINCT 28,U.S. House,2,REP,ALEXANDER GAASERUD,5
Harrison,PRECINCT 33,U.S. House,2,REP,ALEXANDER GAASERUD,4
Harrison,PRECINCT 36A,U.S. House,2,REP,ALEXANDER GAASERUD,4
Harrison,PRECINCT 43,U.S. House,2,REP,ALEXANDER GAASERUD,1
Harrison,PRECINCT 44,U.S. House,2,REP,ALEXANDER GAASERUD,1
Harrison,PRECINCT 45,U.S. House,2,REP,ALEXANDER GAASERUD,1
Harrison,PRECINCT 46,U.S. House,2,REP,ALEXANDER GAASERUD,1
Harrison,PRECINCT 48,U.S. House,2,REP,ALEXANDER GAASERUD,0
Harrison,PRECINCT 50,U.S. House,2,REP,ALEXANDER GAASERUD,3
Harrison,PRECINCT 51,U.S. House,2,REP,ALEXANDER GAASERUD,0
Harrison,PRECINCT 52,U.S. House,2,REP,ALEXANDER GAASERUD,2
Harrison,PRECINCT 53,U.S. House,2,REP,ALEXANDER GAASERUD,1
Harrison,PRECINCT 59,U.S. House,2,REP,ALEXANDER GAASERUD,2
Harrison,PRECINCT 61,U.S. House,2,REP,ALEXANDER GAASERUD,3
Harrison,PRECINCT 63,U.S. House,2,REP,ALEXANDER GAASERUD,0
Harrison,PRECINCT 66,U.S. House,2,REP,ALEXANDER GAASERUD,3
Harrison,PRECINCT 66A,U.S. House,2,REP,ALEXANDER GAASERUD,0
Harrison,PRECINCT 66B,U.S. House,2,REP,ALEXANDER GAASERUD,0
Harrison,PRECINCT 68,U.S. House,2,REP,ALEXANDER GAASERUD,0
Harrison,PRECINCT 74,U.S. House,2,REP,ALEXANDER GAASERUD,3
Harrison,PRECINCT 80,U.S. House,2,REP,ALEXANDER GAASERUD,3
Harrison,PRECINCT 87,U.S. House,2,REP,ALEXANDER GAASERUD,0
Harrison,PRECINCT 92,U.S. House,2,REP,ALEXANDER GAASERUD,0
Harrison,PRECINCT 95,U.S. House,2,REP,ALEXANDER GAASERUD,0
Harrison,PRECINCT 96,U.S. House,2,REP,ALEXANDER GAASERUD,1
Harrison,PRECINCT 98,U.S. House,2,REP,ALEXANDER GAASERUD,0
Harrison,PRECINCT 102,U.S. House,2,REP,ALEXANDER GAASERUD,3
Harrison,PRECINCT 103,U.S. House,2,REP,ALEXANDER GAASERUD,0
Harrison,PRECINCT 104,U.S. House,2,REP,ALEXANDER GAASERUD,0
Harrison,PRECINCT 106,U.S. House,2,REP,ALEXANDER GAASERUD,0
Harrison,PRECINCT 107,U.S. House,2,REP,ALEXANDER GAASERUD,1
Harrison,PRECINCT 108,U.S. House,2,REP,ALEXANDER GAASERUD,3
Harrison,PRECINCT 110,U.S. House,2,REP,ALEXANDER GAASERUD,4
Harrison,PRECINCT 114,U.S. House,2,REP,ALEXANDER GAASERUD,0
Harrison,PRECINCT 114A,U.S. House,2,REP,ALEXANDER GAASERUD,0
Harrison,PRECINCT 118,U.S. House,2,REP,ALEXANDER GAASERUD,0
Harrison,PRECINCT 120,U.S. House,2,REP,ALEXANDER GAASERUD,6
Harrison,PRECINCT 121,U.S. House,2,REP,ALEXANDER GAASERUD,1
Harrison,PRECINCT 122,U.S. House,2,REP,ALEXANDER GAASERUD,2
Harrison,PRECINCT 123,U.S. House,2,REP,ALEXANDER GAASERUD,4
Harrison,PRECINCT 125,U.S. House,2,REP,ALEXANDER GAASERUD,2
Harrison,PRECINCT 126,U.S. House,2,REP,ALEXANDER GAASERUD,3
Harrison,PRECINCT 128,U.S. House,2,REP,ALEXANDER GAASERUD,4
Harrison,PRECINCT 129,U.S. House,2,REP,ALEXANDER GAASERUD,4
Harrison,PRECINCT 129B,U.S. House,2,REP,ALEXANDER GAASERUD,2
Harrison,PRECINCT 129C,U.S. House,2,REP,ALEXANDER GAASERUD,0
Harrison,PRECINCT 130,U.S. House,2,REP,ALEXANDER GAASERUD,1
Harrison,PRECINCT 132,U.S. House,2,REP,ALEXANDER GAASERUD,2
Harrison,PRECINCT 133,U.S. House,2,REP,ALEXANDER GAASERUD,10
Harrison,PRECINCT 134,U.S. House,2,REP,ALEXANDER GAASERUD,4
Harrison,PRECINCT 135,U.S. House,2,REP,ALEXANDER GAASERUD,0
Harrison,PRECINCT 136,U.S. House,2,REP,ALEXANDER GAASERUD,0
Harrison,PRECINCT 137,U.S. House,2,REP,ALEXANDER GAASERUD,3
Harrison,PRECINCT 143,U.S. House,2,REP,ALEXANDER GAASERUD,1
Harrison,PRECINCT 144,U.S. House,2,REP,ALEXANDER GAASERUD,2
Harrison,PRECINCT 144A,U.S. House,2,REP,ALEXANDER GAASERUD,3
Harrison,PRECINCT 145,U.S. House,2,REP,ALEXANDER GAASERUD,0
Harrison,PRECINCT 1,U.S. House,2,REP,CHRIS 'MOOKIE' WALKER,21
Harrison,PRECINCT 1A,U.S. House,2,REP,CHRIS 'MOOKIE' WALKER,1
Harrison,PRECINCT 2,U.S. House,2,REP,CHRIS 'MOOKIE' WALKER,3
Harrison,PRECINCT 4,U.S. House,2,REP,CHRIS 'MOOKIE' WALKER,22
Harrison,PRECINCT 6,U.S. House,2,REP,CHRIS 'MOOKIE' WALKER,16
Harrison,PRECINCT 9,U.S. House,2,REP,CHRIS 'MOOKIE' WALKER,8
Harrison,PRECINCT 10,U.S. House,2,REP,CHRIS 'MOOKIE' WALKER,6
Harrison,PRECINCT 14,U.S. House,2,REP,CHRIS 'MOOKIE' WALKER,18
Harrison,PRECINCT 28,U.S. House,2,REP,CHRIS 'MOOKIE' WALKER,8
Harrison,PRECINCT 33,U.S. House,2,REP,CHRIS 'MOOKIE' WALKER,20
Harrison,PRECINCT 36A,U.S. House,2,REP,CHRIS 'MOOKIE' WALKER,1
Harrison,PRECINCT 43,U.S. House,2,REP,CHRIS 'MOOKIE' WALKER,8
Harrison,PRECINCT 44,U.S. House,2,REP,CHRIS 'MOOKIE' WALKER,0
Harrison,PRECINCT 45,U.S. House,2,REP,CHRIS 'MOOKIE' WALKER,19
Harrison,PRECINCT 46,U.S. House,2,REP,CHRIS 'MOOKIE' WALKER,6
Harrison,PRECINCT 48,U.S. House,2,REP,CHRIS 'MOOKIE' WALKER,14
Harrison,PRECINCT 50,U.S. House,2,REP,CHRIS 'MOOKIE' WALKER,5
Harrison,PRECINCT 51,U.S. House,2,REP,CHRIS 'MOOKIE' WALKER,4
Harrison,PRECINCT 52,U.S. House,2,REP,CHRIS 'MOOKIE' WALKER,10
Harrison,PRECINCT 53,U.S. House,2,REP,CHRIS 'MOOKIE' WALKER,2
Harrison,PRECINCT 59,U.S. House,2,REP,CHRIS 'MOOKIE' WALKER,8
Harrison,PRECINCT 61,U.S. House,2,REP,CHRIS 'MOOKIE' WALKER,9
Harrison,PRECINCT 63,U.S. House,2,REP,CHRIS 'MOOKIE' WALKER,11
Harrison,PRECINCT 66,U.S. House,2,REP,CHRIS 'MOOKIE' WALKER,4
Harrison,PRECINCT 66A,U.S. House,2,REP,CHRIS 'MOOKIE' WALKER,0
Harrison,PRECINCT 66B,U.S. House,2,REP,CHRIS 'MOOKIE' WALKER,0
Harrison,PRECINCT 68,U.S. House,2,REP,CHRIS 'MOOKIE' WALKER,9
Harrison,PRECINCT 74,U.S. House,2,REP,CHRIS 'MOOKIE' WALKER,14
Harrison,PRECINCT 80,U.S. House,2,REP,CHRIS 'MOOKIE' WALKER,13
Harrison,PRECINCT 87,U.S. House,2,REP,CHRIS 'MOOKIE' WALKER,2
Harrison,PRECINCT 92,U.S. House,2,REP,CHRIS 'MOOKIE' WALKER,13
Harrison,PRECINCT 95,U.S. House,2,REP,CHRIS 'MOOKIE' WALKER,8
Harrison,PRECINCT 96,U.S. House,2,REP,CHRIS 'MOOKIE' WALKER,12
Harrison,PRECINCT 98,U.S. House,2,REP,CHRIS 'MOOKIE' WALKER,2
Harrison,PRECINCT 102,U.S. House,2,REP,CHRIS 'MOOKIE' WALKER,25
Harrison,PRECINCT 103,U.S. House,2,REP,CHRIS 'MOOKIE' WALKER,5
Harrison,PRECINCT 104,U.S. House,2,REP,CHRIS 'MOOKIE' WALKER,8
Harrison,PRECINCT 106,U.S. House,2,REP,CHRIS 'MOOKIE' WALKER,11
Harrison,PRECINCT 107,U.S. House,2,REP,CHRIS 'MOOKIE' WALKER,2
Harrison,PRECINCT 108,U.S. House,2,REP,CHRIS 'MOOKIE' WALKER,8
Harrison,PRECINCT 110,U.S. House,2,REP,CHRIS 'MOOKIE' WALKER,7
Harrison,PRECINCT 114,U.S. House,2,REP,CHRIS 'MOOKIE' WALKER,3
Harrison,PRECINCT 114A,U.S. House,2,REP,CHRIS 'MOOKIE' WALKER,3
Harrison,PRECINCT 118,U.S. House,2,REP,CHRIS 'MOOKIE' WALKER,4
Harrison,PRECINCT 120,U.S. House,2,REP,CHRIS 'MOOKIE' WALKER,13
Harrison,PRECINCT 121,U.S. House,2,REP,CHRIS 'MOOKIE' WALKER,4
Harrison,PRECINCT 122,U.S. House,2,REP,CHRIS 'MOOKIE' WALKER,3
Harrison,PRECINCT 123,U.S. House,2,REP,CHRIS 'MOOKIE' WALKER,33
Harrison,PRECINCT 125,U.S. House,2,REP,CHRIS 'MOOKIE' WALKER,14
Harrison,PRECINCT 126,U.S. House,2,REP,CHRIS 'MOOKIE' WALKER,17
Harrison,PRECINCT 128,U.S. House,2,REP,CHRIS 'MOOKIE' WALKER,18
Harrison,PRECINCT 129,U.S. House,2,REP,CHRIS 'MOOKIE' WALKER,35
Harrison,PRECINCT 129B,U.S. House,2,REP,CHRIS 'MOOKIE' WALKER,30
Harrison,PRECINCT 129C,U.S. House,2,REP,CHRIS 'MOOKIE' WALKER,11
Harrison,PRECINCT 130,U.S. House,2,REP,CHRIS 'MOOKIE' WALKER,14
Harrison,PRECINCT 132,U.S. House,2,REP,CHRIS 'MOOKIE' WALKER,2
Harrison,PRECINCT 133,U.S. House,2,REP,CHRIS 'MOOKIE' WALKER,17
Harrison,PRECINCT 134,U.S. House,2,REP,CHRIS 'MOOKIE' WALKER,16
Harrison,PRECINCT 135,U.S. House,2,REP,CHRIS 'MOOKIE' WALKER,7
Harrison,PRECINCT 136,U.S. House,2,REP,CHRIS 'MOOKIE' WALKER,2
Harrison,PRECINCT 137,U.S. House,2,REP,CHRIS 'MOOKIE' WALKER,5
Harrison,PRECINCT 143,U.S. House,2,REP,CHRIS 'MOOKIE' WALKER,25
Harrison,PRECINCT 144,U.S. House,2,REP,CHRIS 'MOOKIE' WALKER,8
Harrison,PRECINCT 144A,U.S. House,2,REP,CHRIS 'MOOKIE' WALKER,6
Harrison,PRECINCT 145,U.S. House,2,REP,CHRIS 'MOOKIE' WALKER,16
Harrison,PRECINCT 1,U.S. House,2,DEM,STEVEN WENDELIN,122
Harrison,PRECINCT 1A,U.S. House,2,DEM,STEVEN WENDELIN,11
Harrison,PRECINCT 2,U.S. House,2,DEM,STEVEN WENDELIN,10
Harrison,PRECINCT 4,U.S. House,2,DEM,STEVEN WENDELIN,116
Harrison,PRECINCT 6,U.S. House,2,DEM,STEVEN WENDELIN,99
Harrison,PRECINCT 9,U.S. House,2,DEM,STEVEN WENDELIN,58
Harrison,PRECINCT 10,U.S. House,2,DEM,STEVEN WENDELIN,35
Harrison,PRECINCT 14,U.S. House,2,DEM,STEVEN WENDELIN,186
Harrison,PRECINCT 28,U.S. House,2,DEM,STEVEN WENDELIN,95
Harrison,PRECINCT 33,U.S. House,2,DEM,STEVEN WENDELIN,136
Harrison,PRECINCT 36A,U.S. House,2,DEM,STEVEN WENDELIN,46
Harrison,PRECINCT 43,U.S. House,2,DEM,STEVEN WENDELIN,21
Harrison,PRECINCT 44,U.S. House,2,DEM,STEVEN WENDELIN,29
Harrison,PRECINCT 45,U.S. House,2,DEM,STEVEN WENDELIN,36
Harrison,PRECINCT 46,U.S. House,2,DEM,STEVEN WENDELIN,38
Harrison,PRECINCT 48,U.S. House,2,DEM,STEVEN WENDELIN,49
Harrison,PRECINCT 50,U.S. House,2,DEM,STEVEN WENDELIN,51
Harrison,PRECINCT 51,U.S. House,2,DEM,STEVEN WENDELIN,39
Harrison,PRECINCT 52,U.S. House,2,DEM,STEVEN WENDELIN,50
Harrison,PRECINCT 53,U.S. House,2,DEM,STEVEN WENDELIN,18
Harrison,PRECINCT 59,U.S. House,2,DEM,STEVEN WENDELIN,44
Harrison,PRECINCT 61,U.S. House,2,DEM,STEVEN WENDELIN,70
Harrison,PRECINCT 63,U.S. House,2,DEM,STEVEN WENDELIN,55
Harrison,PRECINCT 66,U.S. House,2,DEM,STEVEN WENDELIN,37
Harrison,PRECINCT 66A,U.S. House,2,DEM,STEVEN WENDELIN,12
Harrison,PRECINCT 66B,U.S. House,2,DEM,STEVEN WENDELIN,5
Harrison,PRECINCT 68,U.S. House,2,DEM,STEVEN WENDELIN,125
Harrison,PRECINCT 74,U.S. House,2,DEM,STEVEN WENDELIN,100
Harrison,PRECINCT 80,U.S. House,2,DEM,STEVEN WENDELIN,162
Harrison,PRECINCT 87,U.S. House,2,DEM,STEVEN WENDELIN,21
Harrison,PRECINCT 92,U.S. House,2,DEM,STEVEN WENDELIN,24
Harrison,PRECINCT 95,U.S. House,2,DEM,STEVEN WENDELIN,28
Harrison,PRECINCT 96,U.S. House,2,DEM,STEVEN WENDELIN,53
Harrison,PRECINCT 98,U.S. House,2,DEM,STEVEN WENDELIN,16
Harrison,PRECINCT 102,U.S. House,2,DEM,STEVEN WENDELIN,107
Harrison,PRECINCT 103,U.S. House,2,DEM,STEVEN WENDELIN,17
Harrison,PRECINCT 104,U.S. House,2,DEM,STEVEN WENDELIN,23
Harrison,PRECINCT 106,U.S. House,2,DEM,STEVEN WENDELIN,38
Harrison,PRECINCT 107,U.S. House,2,DEM,STEVEN WENDELIN,15
Harrison,PRECINCT 108,U.S. House,2,DEM,STEVEN WENDELIN,34
Harrison,PRECINCT 110,U.S. House,2,DEM,STEVEN WENDELIN,43
Harrison,PRECINCT 114,U.S. House,2,DEM,STEVEN WENDELIN,37
Harrison,PRECINCT 114A,U.S. House,2,DEM,STEVEN WENDELIN,7
Harrison,PRECINCT 118,U.S. House,2,DEM,STEVEN WENDELIN,16
Harrison,PRECINCT 120,U.S. House,2,DEM,STEVEN WENDELIN,39
Harrison,PRECINCT 121,U.S. House,2,DEM,STEVEN WENDELIN,27
Harrison,PRECINCT 122,U.S. House,2,DEM,STEVEN WENDELIN,18
Harrison,PRECINCT 123,U.S. House,2,DEM,STEVEN WENDELIN,219
Harrison,PRECINCT 125,U.S. House,2,DEM,STEVEN WENDELIN,106
Harrison,PRECINCT 126,U.S. House,2,DEM,STEVEN WENDELIN,70
Harrison,PRECINCT 128,U.S. House,2,DEM,STEVEN WENDELIN,75
Harrison,PRECINCT 129,U.S. House,2,DEM,STEVEN WENDELIN,153
Harrison,PRECINCT 129B,U.S. House,2,DEM,STEVEN WENDELIN,144
Harrison,PRECINCT 129C,U.S. House,2,DEM,STEVEN WENDELIN,46
Harrison,PRECINCT 130,U.S. House,2,DEM,STEVEN WENDELIN,17
Harrison,PRECINCT 132,U.S. House,2,DEM,STEVEN WENDELIN,21
Harrison,PRECINCT 133,U.S. House,2,DEM,STEVEN WENDELIN,64
Harrison,PRECINCT 134,U.S. House,2,DEM,STEVEN WENDELIN,23
Harrison,PRECINCT 135,U.S. House,2,DEM,STEVEN WENDELIN,4
Harrison,PRECINCT 136,U.S. House,2,DEM,STEVEN WENDELIN,8
Harrison,PRECINCT 137,U.S. House,2,DEM,STEVEN WENDELIN,7
Harrison,PRECINCT 143,U.S. House,2,DEM,STEVEN WENDELIN,72
Harrison,PRECINCT 144,U.S. House,2,DEM,STEVEN WENDELIN,18
Harrison,PRECINCT 144A,U.S. House,2,DEM,STEVEN WENDELIN,22
Harrison,PRECINCT 145,U.S. House,2,DEM,STEVEN WENDELIN,37
Harrison,PRECINCT 1,U.S. House,2,MTN,NO CANDIDATE FILED,0
Harrison,PRECINCT 1A,U.S. House,2,MTN,NO CANDIDATE FILED,0
Harrison,PRECINCT 2,U.S. House,2,MTN,NO CANDIDATE FILED,0
Harrison,PRECINCT 4,U.S. House,2,MTN,NO CANDIDATE FILED,0
Harrison,PRECINCT 6,U.S. House,2,MTN,NO CANDIDATE FILED,0
Harrison,PRECINCT 9,U.S. House,2,MTN,NO CANDIDATE FILED,0
Harrison,PRECINCT 10,U.S. House,2,MTN,NO CANDIDATE FILED,0
Harrison,PRECINCT 14,U.S. House,2,MTN,NO CANDIDATE FILED,0
Harrison,PRECINCT 28,U.S. House,2,MTN,NO CANDIDATE FILED,0
Harrison,PRECINCT 33,U.S. House,2,MTN,NO CANDIDATE FILED,0
Harrison,PRECINCT 36A,U.S. House,2,MTN,NO CANDIDATE FILED,0
Harrison,PRECINCT 43,U.S. House,2,MTN,NO CANDIDATE FILED,0
Harrison,PRECINCT 44,U.S. House,2,MTN,NO CANDIDATE FILED,0
Harrison,PRECINCT 45,U.S. House,2,MTN,NO CANDIDATE FILED,0
Harrison,PRECINCT 46,U.S. House,2,MTN,NO CANDIDATE FILED,0
Harrison,PRECINCT 48,U.S. House,2,MTN,NO CANDIDATE FILED,0
Harrison,PRECINCT 50,U.S. House,2,MTN,NO CANDIDATE FILED,0
Harrison,PRECINCT 51,U.S. House,2,MTN,NO CANDIDATE FILED,0
Harrison,PRECINCT 52,U.S. House,2,MTN,NO CANDIDATE FILED,0
Harrison,PRECINCT 53,U.S. House,2,MTN,NO CANDIDATE FILED,0
Harrison,PRECINCT 59,U.S. House,2,MTN,NO CANDIDATE FILED,0
Harrison,PRECINCT 61,U.S. House,2,MTN,NO CANDIDATE FILED,0
Harrison,PRECINCT 63,U.S. House,2,MTN,NO CANDIDATE FILED,0
Harrison,PRECINCT 66,U.S. House,2,MTN,NO CANDIDATE FILED,0
Harrison,PRECINCT 66A,U.S. House,2,MTN,NO CANDIDATE FILED,0
Harrison,PRECINCT 66B,U.S. House,2,MTN,NO CANDIDATE FILED,0
Harrison,PRECINCT 68,U.S. House,2,MTN,NO CANDIDATE FILED,0
Harrison,PRECINCT 74,U.S. House,2,MTN,NO CANDIDATE FILED,0
Harrison,PRECINCT 80,U.S. House,2,MTN,NO CANDIDATE FILED,0
Harrison,PRECINCT 87,U.S. House,2,MTN,NO CANDIDATE FILED,0
Harrison,PRECINCT 92,U.S. House,2,MTN,NO CANDIDATE FILED,0
Harrison,PRECINCT 95,U.S. House,2,MTN,NO CANDIDATE FILED,0
Harrison,PRECINCT 96,U.S. House,2,MTN,NO CANDIDATE FILED,0
Harrison,PRECINCT 98,U.S. House,2,MTN,NO CANDIDATE FILED,0
Harrison,PRECINCT 102,U.S. House,2,MTN,NO CANDIDATE FILED,0
Harrison,PRECINCT 103,U.S. House,2,MTN,NO CANDIDATE FILED,0
Harrison,PRECINCT 104,U.S. House,2,MTN,NO CANDIDATE FILED,0
Harrison,PRECINCT 106,U.S. House,2,MTN,NO CANDIDATE FILED,0
Harrison,PRECINCT 107,U.S. House,2,MTN,NO CANDIDATE FILED,0
Harrison,PRECINCT 108,U.S. House,2,MTN,NO CANDIDATE FILED,0
Harrison,PRECINCT 110,U.S. House,2,MTN,NO CANDIDATE FILED,0
Harrison,PRECINCT 114,U.S. House,2,MTN,NO CANDIDATE FILED,0
Harrison,PRECINCT 114A,U.S. House,2,MTN,NO CANDIDATE FILED,0
Harrison,PRECINCT 118,U.S. House,2,MTN,NO CANDIDATE FILED,0
Harrison,PRECINCT 120,U.S. House,2,MTN,NO CANDIDATE FILED,0
Harrison,PRECINCT 121,U.S. House,2,MTN,NO CANDIDATE FILED,0
Harrison,PRECINCT 122,U.S. House,2,MTN,NO CANDIDATE FILED,0
Harrison,PRECINCT 123,U.S. House,2,MTN,NO CANDIDATE FILED,0
Harrison,PRECINCT 125,U.S. House,2,MTN,NO CANDIDATE FILED,0
Harrison,PRECINCT 126,U.S. House,2,MTN,NO CANDIDATE FILED,0
Harrison,PRECINCT 128,U.S. House,2,MTN,NO CANDIDATE FILED,0
Harrison,PRECINCT 129,U.S. House,2,MTN,NO CANDIDATE FILED,0
Harrison,PRECINCT 129B,U.S. House,2,MTN,NO CANDIDATE FILED,0
Harrison,PRECINCT 129C,U.S. House,2,MTN,NO CANDIDATE FILED,0
Harrison,PRECINCT 130,U.S. House,2,MTN,NO CANDIDATE FILED,0
Harrison,PRECINCT 132,U.S. House,2,MTN,NO CANDIDATE FILED,0
Harrison,PRECINCT 133,U.S. House,2,MTN,NO CANDIDATE FILED,0
Harrison,PRECINCT 134,U.S. House,2,MTN,NO CANDIDATE FILED,0
Harrison,PRECINCT 135,U.S. House,2,MTN,NO CANDIDATE FILED,0
Harrison,PRECINCT 136,U.S. House,2,MTN,NO CANDIDATE FILED,0
Harrison,PRECINCT 137,U.S. House,2,MTN,NO CANDIDATE FILED,0
Harrison,PRECINCT 143,U.S. House,2,MTN,NO CANDIDATE FILED,0
Harrison,PRECINCT 144,U.S. House,2,MTN,NO CANDIDATE FILED,0
Harrison,PRECINCT 144A,U.S. House,2,MTN,NO CANDIDATE FILED,0
Harrison,PRECINCT 145,U.S. House,2,MTN,NO CANDIDATE FILED,0
Harrison,PRECINCT 1,Governor,,REP,MOORE CAPITO,88
Harrison,PRECINCT 1A,Governor,,REP,MOORE CAPITO,11
Harrison,PRECINCT 2,Governor,,REP,MOORE CAPITO,13
Harrison,PRECINCT 4,Governor,,REP,MOORE CAPITO,64
Harrison,PRECINCT 6,Governor,,REP,MOORE CAPITO,52
Harrison,PRECINCT 9,Governor,,REP,MOORE CAPITO,22
Harrison,PRECINCT 10,Governor,,REP,MOORE CAPITO,29
Harrison,PRECINCT 14,Governor,,REP,MOORE CAPITO,89
Harrison,PRECINCT 28,Governor,,REP,MOORE CAPITO,59
Harrison,PRECINCT 33,Governor,,REP,MOORE CAPITO,69
Harrison,PRECINCT 36A,Governor,,REP,MOORE CAPITO,37
Harrison,PRECINCT 43,Governor,,REP,MOORE CAPITO,33
Harrison,PRECINCT 44,Governor,,REP,MOORE CAPITO,13
Harrison,PRECINCT 45,Governor,,REP,MOORE CAPITO,41
Harrison,PRECINCT 46,Governor,,REP,MOORE CAPITO,38
Harrison,PRECINCT 48,Governor,,REP,MOORE CAPITO,36
Harrison,PRECINCT 50,Governor,,REP,MOORE CAPITO,39
Harrison,PRECINCT 51,Governor,,REP,MOORE CAPITO,21
Harrison,PRECINCT 52,Governor,,REP,MOORE CAPITO,36
Harrison,PRECINCT 53,Governor,,REP,MOORE CAPITO,24
Harrison,PRECINCT 59,Governor,,REP,MOORE CAPITO,18
Harrison,PRECINCT 61,Governor,,REP,MOORE CAPITO,45
Harrison,PRECINCT 63,Governor,,REP,MOORE CAPITO,35
Harrison,PRECINCT 66,Governor,,REP,MOORE CAPITO,22
Harrison,PRECINCT 66A,Governor,,REP,MOORE CAPITO,0
Harrison,PRECINCT 66B,Governor,,REP,MOORE CAPITO,2
Harrison,PRECINCT 68,Governor,,REP,MOORE CAPITO,42
Harrison,PRECINCT 74,Governor,,REP,MOORE CAPITO,47
Harrison,PRECINCT 80,Governor,,REP,MOORE CAPITO,58
Harrison,PRECINCT 87,Governor,,REP,MOORE CAPITO,20
Harrison,PRECINCT 92,Governor,,REP,MOORE CAPITO,28
Harrison,PRECINCT 95,Governor,,REP,MOORE CAPITO,18
Harrison,PRECINCT 96,Governor,,REP,MOORE CAPITO,38
Harrison,PRECINCT 98,Governor,,REP,MOORE CAPITO,16
Harrison,PRECINCT 102,Governor,,REP,MOORE CAPITO,103
Harrison,PRECINCT 103,Governor,,REP,MOORE CAPITO,30
Harrison,PRECINCT 104,Governor,,REP,MOORE CAPITO,21
Harrison,PRECINCT 106,Governor,,REP,MOORE CAPITO,26
Harrison,PRECINCT 107,Governor,,REP,MOORE CAPITO,12
Harrison,PRECINCT 108,Governor,,REP,MOORE CAPITO,54
Harrison,PRECINCT 110,Governor,,REP,MOORE CAPITO,42
Harrison,PRECINCT 114,Governor,,REP,MOORE CAPITO,16
Harrison,PRECINCT 114A,Governor,,REP,MOORE CAPITO,3
Harrison,PRECINCT 118,Governor,,REP,MOORE CAPITO,24
Harrison,PRECINCT 120,Governor,,REP,MOORE CAPITO,58
Harrison,PRECINCT 121,Governor,,REP,MOORE CAPITO,19
Harrison,PRECINCT 122,Governor,,REP,MOORE CAPITO,36
Harrison,PRECINCT 123,Governor,,REP,MOORE CAPITO,162
Harrison,PRECINCT 125,Governor,,REP,MOORE CAPITO,80
Harrison,PRECINCT 126,Governor,,REP,MOORE CAPITO,67
Harrison,PRECINCT 128,Governor,,REP,MOORE CAPITO,83
Harrison,PRECINCT 129,Governor,,REP,MOORE CAPITO,192
Harrison,PRECINCT 129B,Governor,,REP,MOORE CAPITO,124
Harrison,PRECINCT 129C,Governor,,REP,MOORE CAPITO,39
Harrison,PRECINCT 130,Governor,,REP,MOORE CAPITO,22
Harrison,PRECINCT 132,Governor,,REP,MOORE CAPITO,10
Harrison,PRECINCT 133,Governor,,REP,MOORE CAPITO,63
Harrison,PRECINCT 134,Governor,,REP,MOORE CAPITO,45
Harrison,PRECINCT 135,Governor,,REP,MOORE CAPITO,12
Harrison,PRECINCT 136,Governor,,REP,MOORE CAPITO,13
Harrison,PRECINCT 137,Governor,,REP,MOORE CAPITO,8
Harrison,PRECINCT 143,Governor,,REP,MOORE CAPITO,87
Harrison,PRECINCT 144,Governor,,REP,MOORE CAPITO,29
Harrison,PRECINCT 144A,Governor,,REP,MOORE CAPITO,35
Harrison,PRECINCT 145,Governor,,REP,MOORE CAPITO,50
Harrison,PRECINCT 1,Governor,,REP,MITCH ROBERTS,2
Harrison,PRECINCT 1A,Governor,,REP,MITCH ROBERTS,0
Harrison,PRECINCT 2,Governor,,REP,MITCH ROBERTS,0
Harrison,PRECINCT 4,Governor,,REP,MITCH ROBERTS,4
Harrison,PRECINCT 6,Governor,,REP,MITCH ROBERTS,0
Harrison,PRECINCT 9,Governor,,REP,MITCH ROBERTS,0
Harrison,PRECINCT 10,Governor,,REP,MITCH ROBERTS,4
Harrison,PRECINCT 14,Governor,,REP,MITCH ROBERTS,3
Harrison,PRECINCT 28,Governor,,REP,MITCH ROBERTS,4
Harrison,PRECINCT 33,Governor,,REP,MITCH ROBERTS,1
Harrison,PRECINCT 36A,Governor,,REP,MITCH ROBERTS,0
Harrison,PRECINCT 43,Governor,,REP,MITCH ROBERTS,1
Harrison,PRECINCT 44,Governor,,REP,MITCH ROBERTS,1
Harrison,PRECINCT 45,Governor,,REP,MITCH ROBERTS,2
Harrison,PRECINCT 46,Governor,,REP,MITCH ROBERTS,1
Harrison,PRECINCT 48,Governor,,REP,MITCH ROBERTS,0
Harrison,PRECINCT 50,Governor,,REP,MITCH ROBERTS,1
Harrison,PRECINCT 51,Governor,,REP,MITCH ROBERTS,1
Harrison,PRECINCT 52,Governor,,REP,MITCH ROBERTS,0
Harrison,PRECINCT 53,Governor,,REP,MITCH ROBERTS,0
Harrison,PRECINCT 59,Governor,,REP,MITCH ROBERTS,0
Harrison,PRECINCT 61,Governor,,REP,MITCH ROBERTS,1
Harrison,PRECINCT 63,Governor,,REP,MITCH ROBERTS,0
Harrison,PRECINCT 66,Governor,,REP,MITCH ROBERTS,0
Harrison,PRECINCT 66A,Governor,,REP,MITCH ROBERTS,0
Harrison,PRECINCT 66B,Governor,,REP,MITCH ROBERTS,0
Harrison,PRECINCT 68,Governor,,REP,MITCH ROBERTS,0
Harrison,PRECINCT 74,Governor,,REP,MITCH ROBERTS,3
Harrison,PRECINCT 80,Governor,,REP,MITCH ROBERTS,2
Harrison,PRECINCT 87,Governor,,REP,MITCH ROBERTS,0
Harrison,PRECINCT 92,Governor,,REP,MITCH ROBERTS,1
Harrison,PRECINCT 95,Governor,,REP,MITCH ROBERTS,0
Harrison,PRECINCT 96,Governor,,REP,MITCH ROBERTS,1
Harrison,PRECINCT 98,Governor,,REP,MITCH ROBERTS,1
Harrison,PRECINCT 102,Governor,,REP,MITCH ROBERTS,0
Harrison,PRECINCT 103,Governor,,REP,MITCH ROBERTS,1
Harrison,PRECINCT 104,Governor,,REP,MITCH ROBERTS,1
Harrison,PRECINCT 106,Governor,,REP,MITCH ROBERTS,1
Harrison,PRECINCT 107,Governor,,REP,MITCH ROBERTS,0
Harrison,PRECINCT 108,Governor,,REP,MITCH ROBERTS,1
Harrison,PRECINCT 110,Governor,,REP,MITCH ROBERTS,0
Harrison,PRECINCT 114,Governor,,REP,MITCH ROBERTS,0
Harrison,PRECINCT 114A,Governor,,REP,MITCH ROBERTS,0
Harrison,PRECINCT 118,Governor,,REP,MITCH ROBERTS,5
Harrison,PRECINCT 120,Governor,,REP,MITCH ROBERTS,1
Harrison,PRECINCT 121,Governor,,REP,MITCH ROBERTS,0
Harrison,PRECINCT 122,Governor,,REP,MITCH ROBERTS,2
Harrison,PRECINCT 123,Governor,,REP,MITCH ROBERTS,6
Harrison,PRECINCT 125,Governor,,REP,MITCH ROBERTS,1
Harrison,PRECINCT 126,Governor,,REP,MITCH ROBERTS,0
Harrison,PRECINCT 128,Governor,,REP,MITCH ROBERTS,2
Harrison,PRECINCT 129,Governor,,REP,MITCH ROBERTS,4
Harrison,PRECINCT 129B,Governor,,REP,MITCH ROBERTS,3
Harrison,PRECINCT 129C,Governor,,REP,MITCH ROBERTS,0
Harrison,PRECINCT 130,Governor,,REP,MITCH ROBERTS,3
Harrison,PRECINCT 132,Governor,,REP,MITCH ROBERTS,2
Harrison,PRECINCT 133,Governor,,REP,MITCH ROBERTS,2
Harrison,PRECINCT 134,Governor,,REP,MITCH ROBERTS,2
Harrison,PRECINCT 135,Governor,,REP,MITCH ROBERTS,0
Harrison,PRECINCT 136,Governor,,REP,MITCH ROBERTS,2
Harrison,PRECINCT 137,Governor,,REP,MITCH ROBERTS,1
Harrison,PRECINCT 143,Governor,,REP,MITCH ROBERTS,4
Harrison,PRECINCT 144,Governor,,REP,MITCH ROBERTS,0
Harrison,PRECINCT 144A,Governor,,REP,MITCH ROBERTS,0
Harrison,PRECINCT 145,Governor,,REP,MITCH ROBERTS,1
Harrison,PRECINCT 1,Governor,,REP,MAC WARNER,62
Harrison,PRECINCT 1A,Governor,,REP,MAC WARNER,2
Harrison,PRECINCT 2,Governor,,REP,MAC WARNER,9
Harrison,PRECINCT 4,Governor,,REP,MAC WARNER,49
Harrison,PRECINCT 6,Governor,,REP,MAC WARNER,41
Harrison,PRECINCT 9,Governor,,REP,MAC WARNER,12
Harrison,PRECINCT 10,Governor,,REP,MAC WARNER,21
Harrison,PRECINCT 14,Governor,,REP,MAC WARNER,51
Harrison,PRECINCT 28,Governor,,REP,MAC WARNER,35
Harrison,PRECINCT 33,Governor,,REP,MAC WARNER,38
Harrison,PRECINCT 36A,Governor,,REP,MAC WARNER,18
Harrison,PRECINCT 43,Governor,,REP,MAC WARNER,11
Harrison,PRECINCT 44,Governor,,REP,MAC WARNER,11
Harrison,PRECINCT 45,Governor,,REP,MAC WARNER,33
Harrison,PRECINCT 46,Governor,,REP,MAC WARNER,29
Harrison,PRECINCT 48,Governor,,REP,MAC WARNER,32
Harrison,PRECINCT 50,Governor,,REP,MAC WARNER,31
Harrison,PRECINCT 51,Governor,,REP,MAC WARNER,7
Harrison,PRECINCT 52,Governor,,REP,MAC WARNER,30
Harrison,PRECINCT 53,Governor,,REP,MAC WARNER,8
Harrison,PRECINCT 59,Governor,,REP,MAC WARNER,25
Harrison,PRECINCT 61,Governor,,REP,MAC WARNER,34
Harrison,PRECINCT 63,Governor,,REP,MAC WARNER,22
Harrison,PRECINCT 66,Governor,,REP,MAC WARNER,8
Harrison,PRECINCT 66A,Governor,,REP,MAC WARNER,0
Harrison,PRECINCT 66B,Governor,,REP,MAC WARNER,0
Harrison,PRECINCT 68,Governor,,REP,MAC WARNER,23
Harrison,PRECINCT 74,Governor,,REP,MAC WARNER,43
Harrison,PRECINCT 80,Governor,,REP,MAC WARNER,48
Harrison,PRECINCT 87,Governor,,REP,MAC WARNER,6
Harrison,PRECINCT 92,Governor,,REP,MAC WARNER,10
Harrison,PRECINCT 95,Governor,,REP,MAC WARNER,21
Harrison,PRECINCT 96,Governor,,REP,MAC WARNER,15
Harrison,PRECINCT 98,Governor,,REP,MAC WARNER,17
Harrison,PRECINCT 102,Governor,,REP,MAC WARNER,91
Harrison,PRECINCT 103,Governor,,REP,MAC WARNER,22
Harrison,PRECINCT 104,Governor,,REP,MAC WARNER,23
Harrison,PRECINCT 106,Governor,,REP,MAC WARNER,18
Harrison,PRECINCT 107,Governor,,REP,MAC WARNER,18
Harrison,PRECINCT 108,Governor,,REP,MAC WARNER,36
Harrison,PRECINCT 110,Governor,,REP,MAC WARNER,33
Harrison,PRECINCT 114,Governor,,REP,MAC WARNER,29
Harrison,PRECINCT 114A,Governor,,REP,MAC WARNER,9
Harrison,PRECINCT 118,Governor,,REP,MAC WARNER,12
Harrison,PRECINCT 120,Governor,,REP,MAC WARNER,34
Harrison,PRECINCT 121,Governor,,REP,MAC WARNER,10
Harrison,PRECINCT 122,Governor,,REP,MAC WARNER,16
Harrison,PRECINCT 123,Governor,,REP,MAC WARNER,135
Harrison,PRECINCT 125,Governor,,REP,MAC WARNER,46
Harrison,PRECINCT 126,Governor,,REP,MAC WARNER,53
Harrison,PRECINCT 128,Governor,,REP,MAC WARNER,39
Harrison,PRECINCT 129,Governor,,REP,MAC WARNER,78
Harrison,PRECINCT 129B,Governor,,REP,MAC WARNER,80
Harrison,PRECINCT 129C,Governor,,REP,MAC WARNER,23
Harrison,PRECINCT 130,Governor,,REP,MAC WARNER,26
Harrison,PRECINCT 132,Governor,,REP,MAC WARNER,6
Harrison,PRECINCT 133,Governor,,REP,MAC WARNER,44
Harrison,PRECINCT 134,Governor,,REP,MAC WARNER,27
Harrison,PRECINCT 135,Governor,,REP,MAC WARNER,17
Harrison,PRECINCT 136,Governor,,REP,MAC WARNER,12
Harrison,PRECINCT 137,Governor,,REP,MAC WARNER,7
Harrison,PRECINCT 143,Governor,,REP,MAC WARNER,59
Harrison,PRECINCT 144,Governor,,REP,MAC WARNER,19
Harrison,PRECINCT 144A,Governor,,REP,MAC WARNER,25
Harrison,PRECINCT 145,Governor,,REP,MAC WARNER,23
Harrison,PRECINCT 1,Governor,,REP,PATRICK MORRISEY,75
Harrison,PRECINCT 1A,Governor,,REP,PATRICK MORRISEY,5
Harrison,PRECINCT 2,Governor,,REP,PATRICK MORRISEY,10
Harrison,PRECINCT 4,Governor,,REP,PATRICK MORRISEY,70
Harrison,PRECINCT 6,Governor,,REP,PATRICK MORRISEY,52
Harrison,PRECINCT 9,Governor,,REP,PATRICK MORRISEY,32
Harrison,PRECINCT 10,Governor,,REP,PATRICK MORRISEY,21
Harrison,PRECINCT 14,Governor,,REP,PATRICK MORRISEY,62
Harrison,PRECINCT 28,Governor,,REP,PATRICK MORRISEY,29
Harrison,PRECINCT 33,Governor,,REP,PATRICK MORRISEY,72
Harrison,PRECINCT 36A,Governor,,REP,PATRICK MORRISEY,17
Harrison,PRECINCT 43,Governor,,REP,PATRICK MORRISEY,24
Harrison,PRECINCT 44,Governor,,REP,PATRICK MORRISEY,13
Harrison,PRECINCT 45,Governor,,REP,PATRICK MORRISEY,36
Harrison,PRECINCT 46,Governor,,REP,PATRICK MORRISEY,29
Harrison,PRECINCT 48,Governor,,REP,PATRICK MORRISEY,46
Harrison,PRECINCT 50,Governor,,REP,PATRICK MORRISEY,28
Harrison,PRECINCT 51,Governor,,REP,PATRICK MORRISEY,13
Harrison,PRECINCT 52,Governor,,REP,PATRICK MORRISEY,32
Harrison,PRECINCT 53,Governor,,REP,PATRICK MORRISEY,7
Harrison,PRECINCT 59,Governor,,REP,PATRICK MORRISEY,21
Harrison,PRECINCT 61,Governor,,REP,PATRICK MORRISEY,47
Harrison,PRECINCT 63,Governor,,REP,PATRICK MORRISEY,46
Harrison,PRECINCT 66,Governor,,REP,PATRICK MORRISEY,18
Harrison,PRECINCT 66A,Governor,,REP,PATRICK MORRISEY,0
Harrison,PRECINCT 66B,Governor,,REP,PATRICK MORRISEY,6
Harrison,PRECINCT 68,Governor,,REP,PATRICK MORRISEY,36
Harrison,PRECINCT 74,Governor,,REP,PATRICK MORRISEY,73
Harrison,PRECINCT 80,Governor,,REP,PATRICK MORRISEY,57
Harrison,PRECINCT 87,Governor,,REP,PATRICK MORRISEY,22
Harrison,PRECINCT 92,Governor,,REP,PATRICK MORRISEY,46
Harrison,PRECINCT 95,Governor,,REP,PATRICK MORRISEY,34
Harrison,PRECINCT 96,Governor,,REP,PATRICK MORRISEY,28
Harrison,PRECINCT 98,Governor,,REP,PATRICK MORRISEY,25
Harrison,PRECINCT 102,Governor,,REP,PATRICK MORRISEY,93
Harrison,PRECINCT 103,Governor,,REP,PATRICK MORRISEY,20
Harrison,PRECINCT 104,Governor,,REP,PATRICK MORRISEY,32
Harrison,PRECINCT 106,Governor,,REP,PATRICK MORRISEY,28
Harrison,PRECINCT 107,Governor,,REP,PATRICK MORRISEY,16
Harrison,PRECINCT 108,Governor,,REP,PATRICK MORRISEY,47
Harrison,PRECINCT 110,Governor,,REP,PATRICK MORRISEY,43
Harrison,PRECINCT 114,Governor,,REP,PATRICK MORRISEY,26
Harrison,PRECINCT 114A,Governor,,REP,PATRICK MORRISEY,10
Harrison,PRECINCT 118,Governor,,REP,PATRICK MORRISEY,27
Harrison,PRECINCT 120,Governor,,REP,PATRICK MORRISEY,53
Harrison,PRECINCT 121,Governor,,REP,PATRICK MORRISEY,15
Harrison,PRECINCT 122,Governor,,REP,PATRICK MORRISEY,25
Harrison,PRECINCT 123,Governor,,REP,PATRICK MORRISEY,119
Harrison,PRECINCT 125,Governor,,REP,PATRICK MORRISEY,65
Harrison,PRECINCT 126,Governor,,REP,PATRICK MORRISEY,28
Harrison,PRECINCT 128,Governor,,REP,PATRICK MORRISEY,52
Harrison,PRECINCT 129,Governor,,REP,PATRICK MORRISEY,89
Harrison,PRECINCT 129B,Governor,,REP,PATRICK MORRISEY,82
Harrison,PRECINCT 129C,Governor,,REP,PATRICK MORRISEY,32
Harrison,PRECINCT 130,Governor,,REP,PATRICK MORRISEY,22
Harrison,PRECINCT 132,Governor,,REP,PATRICK MORRISEY,20
Harrison,PRECINCT 133,Governor,,REP,PATRICK MORRISEY,55
Harrison,PRECINCT 134,Governor,,REP,PATRICK MORRISEY,45
Harrison,PRECINCT 135,Governor,,REP,PATRICK MORRISEY,17
Harrison,PRECINCT 136,Governor,,REP,PATRICK MORRISEY,14
Harrison,PRECINCT 137,Governor,,REP,PATRICK MORRISEY,13
Harrison,PRECINCT 143,Governor,,REP,PATRICK MORRISEY,83
Harrison,PRECINCT 144,Governor,,REP,PATRICK MORRISEY,13
Harrison,PRECINCT 144A,Governor,,REP,PATRICK MORRISEY,36
Harrison,PRECINCT 145,Governor,,REP,PATRICK MORRISEY,45
Harrison,PRECINCT 1,Governor,,REP,CHRIS MILLER,46
Harrison,PRECINCT 1A,Governor,,REP,CHRIS MILLER,4
Harrison,PRECINCT 2,Governor,,REP,CHRIS MILLER,2
Harrison,PRECINCT 4,Governor,,REP,CHRIS MILLER,34
Harrison,PRECINCT 6,Governor,,REP,CHRIS MILLER,20
Harrison,PRECINCT 9,Governor,,REP,CHRIS MILLER,21
Harrison,PRECINCT 10,Governor,,REP,CHRIS MILLER,19
Harrison,PRECINCT 14,Governor,,REP,CHRIS MILLER,42
Harrison,PRECINCT 28,Governor,,REP,CHRIS MILLER,18
Harrison,PRECINCT 33,Governor,,REP,CHRIS MILLER,36
Harrison,PRECINCT 36A,Governor,,REP,CHRIS MILLER,7
Harrison,PRECINCT 43,Governor,,REP,CHRIS MILLER,12
Harrison,PRECINCT 44,Governor,,REP,CHRIS MILLER,19
Harrison,PRECINCT 45,Governor,,REP,CHRIS MILLER,23
Harrison,PRECINCT 46,Governor,,REP,CHRIS MILLER,13
Harrison,PRECINCT 48,Governor,,REP,CHRIS MILLER,16
Harrison,PRECINCT 50,Governor,,REP,CHRIS MILLER,18
Harrison,PRECINCT 51,Governor,,REP,CHRIS MILLER,9
Harrison,PRECINCT 52,Governor,,REP,CHRIS MILLER,6
Harrison,PRECINCT 53,Governor,,REP,CHRIS MILLER,8
Harrison,PRECINCT 59,Governor,,REP,CHRIS MILLER,13
Harrison,PRECINCT 61,Governor,,REP,CHRIS MILLER,35
Harrison,PRECINCT 63,Governor,,REP,CHRIS MILLER,35
Harrison,PRECINCT 66,Governor,,REP,CHRIS MILLER,12
Harrison,PRECINCT 66A,Governor,,REP,CHRIS MILLER,0
Harrison,PRECINCT 66B,Governor,,REP,CHRIS MILLER,4
Harrison,PRECINCT 68,Governor,,REP,CHRIS MILLER,23
Harrison,PRECINCT 74,Governor,,REP,CHRIS MILLER,24
Harrison,PRECINCT 80,Governor,,REP,CHRIS MILLER,41
Harrison,PRECINCT 87,Governor,,REP,CHRIS MILLER,10
Harrison,PRECINCT 92,Governor,,REP,CHRIS MILLER,26
Harrison,PRECINCT 95,Governor,,REP,CHRIS MILLER,8
Harrison,PRECINCT 96,Governor,,REP,CHRIS MILLER,21
Harrison,PRECINCT 98,Governor,,REP,CHRIS MILLER,15
Harrison,PRECINCT 102,Governor,,REP,CHRIS MILLER,84
Harrison,PRECINCT 103,Governor,,REP,CHRIS MILLER,21
Harrison,PRECINCT 104,Governor,,REP,CHRIS MILLER,7
Harrison,PRECINCT 106,Governor,,REP,CHRIS MILLER,18
Harrison,PRECINCT 107,Governor,,REP,CHRIS MILLER,9
Harrison,PRECINCT 108,Governor,,REP,CHRIS MILLER,37
Harrison,PRECINCT 110,Governor,,REP,CHRIS MILLER,23
Harrison,PRECINCT 114,Governor,,REP,CHRIS MILLER,7
Harrison,PRECINCT 114A,Governor,,REP,CHRIS MILLER,7
Harrison,PRECINCT 118,Governor,,REP,CHRIS MILLER,17
Harrison,PRECINCT 120,Governor,,REP,CHRIS MILLER,43
Harrison,PRECINCT 121,Governor,,REP,CHRIS MILLER,9
Harrison,PRECINCT 122,Governor,,REP,CHRIS MILLER,21
Harrison,PRECINCT 123,Governor,,REP,CHRIS MILLER,74
Harrison,PRECINCT 125,Governor,,REP,CHRIS MILLER,42
Harrison,PRECINCT 126,Governor,,REP,CHRIS MILLER,12
Harrison,PRECINCT 128,Governor,,REP,CHRIS MILLER,21
Harrison,PRECINCT 129,Governor,,REP,CHRIS MILLER,21
Harrison,PRECINCT 129B,Governor,,REP,CHRIS MILLER,32
Harrison,PRECINCT 129C,Governor,,REP,CHRIS MILLER,33
Harrison,PRECINCT 130,Governor,,REP,CHRIS MILLER,14
Harrison,PRECINCT 132,Governor,,REP,CHRIS MILLER,9
Harrison,PRECINCT 133,Governor,,REP,CHRIS MILLER,27
Harrison,PRECINCT 134,Governor,,REP,CHRIS MILLER,24
Harrison,PRECINCT 135,Governor,,REP,CHRIS MILLER,11
Harrison,PRECINCT 136,Governor,,REP,CHRIS MILLER,3
Harrison,PRECINCT 137,Governor,,REP,CHRIS MILLER,1
Harrison,PRECINCT 143,Governor,,REP,CHRIS MILLER,51
Harrison,PRECINCT 144,Governor,,REP,CHRIS MILLER,14
Harrison,PRECINCT 144A,Governor,,REP,CHRIS MILLER,14
Harrison,PRECINCT 145,Governor,,REP,CHRIS MILLER,25
Harrison,PRECINCT 1,Governor,,REP,KEVIN 'KC' CHRISTIAN,1
Harrison,PRECINCT 1A,Governor,,REP,KEVIN 'KC' CHRISTIAN,0
Harrison,PRECINCT 2,Governor,,REP,KEVIN 'KC' CHRISTIAN,1
Harrison,PRECINCT 4,Governor,,REP,KEVIN 'KC' CHRISTIAN,5
Harrison,PRECINCT 6,Governor,,REP,KEVIN 'KC' CHRISTIAN,4
Harrison,PRECINCT 9,Governor,,REP,KEVIN 'KC' CHRISTIAN,0
Harrison,PRECINCT 10,Governor,,REP,KEVIN 'KC' CHRISTIAN,1
Harrison,PRECINCT 14,Governor,,REP,KEVIN 'KC' CHRISTIAN,6
Harrison,PRECINCT 28,Governor,,REP,KEVIN 'KC' CHRISTIAN,3
Harrison,PRECINCT 33,Governor,,REP,KEVIN 'KC' CHRISTIAN,5
Harrison,PRECINCT 36A,Governor,,REP,KEVIN 'KC' CHRISTIAN,3
Harrison,PRECINCT 43,Governor,,REP,KEVIN 'KC' CHRISTIAN,0
Harrison,PRECINCT 44,Governor,,REP,KEVIN 'KC' CHRISTIAN,0
Harrison,PRECINCT 45,Governor,,REP,KEVIN 'KC' CHRISTIAN,3
Harrison,PRECINCT 46,Governor,,REP,KEVIN 'KC' CHRISTIAN,2
Harrison,PRECINCT 48,Governor,,REP,KEVIN 'KC' CHRISTIAN,5
Harrison,PRECINCT 50,Governor,,REP,KEVIN 'KC' CHRISTIAN,1
Harrison,PRECINCT 51,Governor,,REP,KEVIN 'KC' CHRISTIAN,0
Harrison,PRECINCT 52,Governor,,REP,KEVIN 'KC' CHRISTIAN,0
Harrison,PRECINCT 53,Governor,,REP,KEVIN 'KC' CHRISTIAN,2
Harrison,PRECINCT 59,Governor,,REP,KEVIN 'KC' CHRISTIAN,2
Harrison,PRECINCT 61,Governor,,REP,KEVIN 'KC' CHRISTIAN,4
Harrison,PRECINCT 63,Governor,,REP,KEVIN 'KC' CHRISTIAN,1
Harrison,PRECINCT 66,Governor,,REP,KEVIN 'KC' CHRISTIAN,1
Harrison,PRECINCT 66A,Governor,,REP,KEVIN 'KC' CHRISTIAN,0
Harrison,PRECINCT 66B,Governor,,REP,KEVIN 'KC' CHRISTIAN,0
Harrison,PRECINCT 68,Governor,,REP,KEVIN 'KC' CHRISTIAN,4
Harrison,PRECINCT 74,Governor,,REP,KEVIN 'KC' CHRISTIAN,2
Harrison,PRECINCT 80,Governor,,REP,KEVIN 'KC' CHRISTIAN,4
Harrison,PRECINCT 87,Governor,,REP,KEVIN 'KC' CHRISTIAN,1
Harrison,PRECINCT 92,Governor,,REP,KEVIN 'KC' CHRISTIAN,1
Harrison,PRECINCT 95,Governor,,REP,KEVIN 'KC' CHRISTIAN,0
Harrison,PRECINCT 96,Governor,,REP,KEVIN 'KC' CHRISTIAN,0
Harrison,PRECINCT 98,Governor,,REP,KEVIN 'KC' CHRISTIAN,0
Harrison,PRECINCT 102,Governor,,REP,KEVIN 'KC' CHRISTIAN,3
Harrison,PRECINCT 103,Governor,,REP,KEVIN 'KC' CHRISTIAN,0
Harrison,PRECINCT 104,Governor,,REP,KEVIN 'KC' CHRISTIAN,5
Harrison,PRECINCT 106,Governor,,REP,KEVIN 'KC' CHRISTIAN,0
Harrison,PRECINCT 107,Governor,,REP,KEVIN 'KC' CHRISTIAN,2
Harrison,PRECINCT 108,Governor,,REP,KEVIN 'KC' CHRISTIAN,5
Harrison,PRECINCT 110,Governor,,REP,KEVIN 'KC' CHRISTIAN,3
Harrison,PRECINCT 114,Governor,,REP,KEVIN 'KC' CHRISTIAN,1
Harrison,PRECINCT 114A,Governor,,REP,KEVIN 'KC' CHRISTIAN,0
Harrison,PRECINCT 118,Governor,,REP,KEVIN 'KC' CHRISTIAN,0
Harrison,PRECINCT 120,Governor,,REP,KEVIN 'KC' CHRISTIAN,2
Harrison,PRECINCT 121,Governor,,REP,KEVIN 'KC' CHRISTIAN,1
Harrison,PRECINCT 122,Governor,,REP,KEVIN 'KC' CHRISTIAN,1
Harrison,PRECINCT 123,Governor,,REP,KEVIN 'KC' CHRISTIAN,1
Harrison,PRECINCT 125,Governor,,REP,KEVIN 'KC' CHRISTIAN,0
Harrison,PRECINCT 126,Governor,,REP,KEVIN 'KC' CHRISTIAN,0
Harrison,PRECINCT 128,Governor,,REP,KEVIN 'KC' CHRISTIAN,4
Harrison,PRECINCT 129,Governor,,REP,KEVIN 'KC' CHRISTIAN,3
Harrison,PRECINCT 129B,Governor,,REP,KEVIN 'KC' CHRISTIAN,5
Harrison,PRECINCT 129C,Governor,,REP,KEVIN 'KC' CHRISTIAN,4
Harrison,PRECINCT 130,Governor,,REP,KEVIN 'KC' CHRISTIAN,0
Harrison,PRECINCT 132,Governor,,REP,KEVIN 'KC' CHRISTIAN,1
Harrison,PRECINCT 133,Governor,,REP,KEVIN 'KC' CHRISTIAN,4
Harrison,PRECINCT 134,Governor,,REP,KEVIN 'KC' CHRISTIAN,4
Harrison,PRECINCT 135,Governor,,REP,KEVIN 'KC' CHRISTIAN,0
Harrison,PRECINCT 136,Governor,,REP,KEVIN 'KC' CHRISTIAN,0
Harrison,PRECINCT 137,Governor,,REP,KEVIN 'KC' CHRISTIAN,0
Harrison,PRECINCT 143,Governor,,REP,KEVIN 'KC' CHRISTIAN,9
Harrison,PRECINCT 144,Governor,,REP,KEVIN 'KC' CHRISTIAN,2
Harrison,PRECINCT 144A,Governor,,REP,KEVIN 'KC' CHRISTIAN,1
Harrison,PRECINCT 145,Governor,,REP,KEVIN 'KC' CHRISTIAN,1
Harrison,PRECINCT 1,Governor,,DEM,STEVE WILLIAMS,128
Harrison,PRECINCT 1A,Governor,,DEM,STEVE WILLIAMS,11
Harrison,PRECINCT 2,Governor,,DEM,STEVE WILLIAMS,14
Harrison,PRECINCT 4,Governor,,DEM,STEVE WILLIAMS,119
Harrison,PRECINCT 6,Governor,,DEM,STEVE WILLIAMS,113
Harrison,PRECINCT 9,Governor,,DEM,STEVE WILLIAMS,61
Harrison,PRECINCT 10,Governor,,DEM,STEVE WILLIAMS,36
Harrison,PRECINCT 14,Governor,,DEM,STEVE WILLIAMS,202
Harrison,PRECINCT 28,Governor,,DEM,STEVE WILLIAMS,101
Harrison,PRECINCT 33,Governor,,DEM,STEVE WILLIAMS,148
Harrison,PRECINCT 36A,Governor,,DEM,STEVE WILLIAMS,47
Harrison,PRECINCT 43,Governor,,DEM,STEVE WILLIAMS,22
Harrison,PRECINCT 44,Governor,,DEM,STEVE WILLIAMS,32
Harrison,PRECINCT 45,Governor,,DEM,STEVE WILLIAMS,39
Harrison,PRECINCT 46,Governor,,DEM,STEVE WILLIAMS,39
Harrison,PRECINCT 48,Governor,,DEM,STEVE WILLIAMS,47
Harrison,PRECINCT 50,Governor,,DEM,STEVE WILLIAMS,59
Harrison,PRECINCT 51,Governor,,DEM,STEVE WILLIAMS,40
Harrison,PRECINCT 52,Governor,,DEM,STEVE WILLIAMS,47
Harrison,PRECINCT 53,Governor,,DEM,STEVE WILLIAMS,20
Harrison,PRECINCT 59,Governor,,DEM,STEVE WILLIAMS,46
Harrison,PRECINCT 61,Governor,,DEM,STEVE WILLIAMS,70
Harrison,PRECINCT 63,Governor,,DEM,STEVE WILLIAMS,65
Harrison,PRECINCT 66,Governor,,DEM,STEVE WILLIAMS,40
Harrison,PRECINCT 66A,Governor,,DEM,STEVE WILLIAMS,12
Harrison,PRECINCT 66B,Governor,,DEM,STEVE WILLIAMS,7
Harrison,PRECINCT 68,Governor,,DEM,STEVE WILLIAMS,144
Harrison,PRECINCT 74,Governor,,DEM,STEVE WILLIAMS,119
Harrison,PRECINCT 80,Governor,,DEM,STEVE WILLIAMS,185
Harrison,PRECINCT 87,Governor,,DEM,STEVE WILLIAMS,26
Harrison,PRECINCT 92,Governor,,DEM,STEVE WILLIAMS,26
Harrison,PRECINCT 95,Governor,,DEM,STEVE WILLIAMS,29
Harrison,PRECINCT 96,Governor,,DEM,STEVE WILLIAMS,53
Harrison,PRECINCT 98,Governor,,DEM,STEVE WILLIAMS,17
Harrison,PRECINCT 102,Governor,,DEM,STEVE WILLIAMS,111
Harrison,PRECINCT 103,Governor,,DEM,STEVE WILLIAMS,14
Harrison,PRECINCT 104,Governor,,DEM,STEVE WILLIAMS,23
Harrison,PRECINCT 106,Governor,,DEM,STEVE WILLIAMS,43
Harrison,PRECINCT 107,Governor,,DEM,STEVE WILLIAMS,14
Harrison,PRECINCT 108,Governor,,DEM,STEVE WILLIAMS,37
Harrison,PRECINCT 110,Governor,,DEM,STEVE WILLIAMS,40
Harrison,PRECINCT 114,Governor,,DEM,STEVE WILLIAMS,43
Harrison,PRECINCT 114A,Governor,,DEM,STEVE WILLIAMS,7
Harrison,PRECINCT 118,Governor,,DEM,STEVE WILLIAMS,16
Harrison,PRECINCT 120,Governor,,DEM,STEVE WILLIAMS,41
Harrison,PRECINCT 121,Governor,,DEM,STEVE WILLIAMS,30
Harrison,PRECINCT 122,Governor,,DEM,STEVE WILLIAMS,20
Harrison,PRECINCT 123,Governor,,DEM,STEVE WILLIAMS,229
Harrison,PRECINCT 125,Governor,,DEM,STEVE WILLIAMS,115
Harrison,PRECINCT 126,Governor,,DEM,STEVE WILLIAMS,78
Harrison,PRECINCT 128,Governor,,DEM,STEVE WILLIAMS,81
Harrison,PRECINCT 129,Governor,,DEM,STEVE WILLIAMS,162
Harrison,PRECINCT 129B,Governor,,DEM,STEVE WILLIAMS,157
Harrison,PRECINCT 129C,Governor,,DEM,STEVE WILLIAMS,50
Harrison,PRECINCT 130,Governor,,DEM,STEVE WILLIAMS,18
Harrison,PRECINCT 132,Governor,,DEM,STEVE WILLIAMS,24
Harrison,PRECINCT 133,Governor,,DEM,STEVE WILLIAMS,68
Harrison,PRECINCT 134,Governor,,DEM,STEVE WILLIAMS,24
Harrison,PRECINCT 135,Governor,,DEM,STEVE WILLIAMS,4
Harrison,PRECINCT 136,Governor,,DEM,STEVE WILLIAMS,9
Harrison,PRECINCT 137,Governor,,DEM,STEVE WILLIAMS,8
Harrison,PRECINCT 143,Governor,,DEM,STEVE WILLIAMS,75
Harrison,PRECINCT 144,Governor,,DEM,STEVE WILLIAMS,22
Harrison,PRECINCT 144A,Governor,,DEM,STEVE WILLIAMS,27
Harrison,PRECINCT 145,Governor,,DEM,STEVE WILLIAMS,40
Harrison,PRECINCT 1,Governor,,MTN,CHASE LINKO-LOOPER,0
Harrison,PRECINCT 1A,Governor,,MTN,CHASE LINKO-LOOPER,0
Harrison,PRECINCT 2,Governor,,MTN,CHASE LINKO-LOOPER,1
Harrison,PRECINCT 4,Governor,,MTN,CHASE LINKO-LOOPER,0
Harrison,PRECINCT 6,Governor,,MTN,CHASE LINKO-LOOPER,0
Harrison,PRECINCT 9,Governor,,MTN,CHASE LINKO-LOOPER,0
Harrison,PRECINCT 10,Governor,,MTN,CHASE LINKO-LOOPER,0
Harrison,PRECINCT 14,Governor,,MTN,CHASE LINKO-LOOPER,1
Harrison,PRECINCT 28,Governor,,MTN,CHASE LINKO-LOOPER,0
Harrison,PRECINCT 33,Governor,,MTN,CHASE LINKO-LOOPER,0
Harrison,PRECINCT 36A,Governor,,MTN,CHASE LINKO-LOOPER,0
Harrison,PRECINCT 43,Governor,,MTN,CHASE LINKO-LOOPER,0
Harrison,PRECINCT 44,Governor,,MTN,CHASE LINKO-LOOPER,0
Harrison,PRECINCT 45,Governor,,MTN,CHASE LINKO-LOOPER,0
Harrison,PRECINCT 46,Governor,,MTN,CHASE LINKO-LOOPER,0
Harrison,PRECINCT 48,Governor,,MTN,CHASE LINKO-LOOPER,0
Harrison,PRECINCT 50,Governor,,MTN,CHASE LINKO-LOOPER,0
Harrison,PRECINCT 51,Governor,,MTN,CHASE LINKO-LOOPER,0
Harrison,PRECINCT 52,Governor,,MTN,CHASE LINKO-LOOPER,0
Harrison,PRECINCT 53,Governor,,MTN,CHASE LINKO-LOOPER,0
Harrison,PRECINCT 59,Governor,,MTN,CHASE LINKO-LOOPER,1
Harrison,PRECINCT 61,Governor,,MTN,CHASE LINKO-LOOPER,2
Harrison,PRECINCT 63,Governor,,MTN,CHASE LINKO-LOOPER,0
Harrison,PRECINCT 66,Governor,,MTN,CHASE LINKO-LOOPER,0
Harrison,PRECINCT 66A,Governor,,MTN,CHASE LINKO-LOOPER,0
Harrison,PRECINCT 66B,Governor,,MTN,CHASE LINKO-LOOPER,0
Harrison,PRECINCT 68,Governor,,MTN,CHASE LINKO-LOOPER,1
Harrison,PRECINCT 74,Governor,,MTN,CHASE LINKO-LOOPER,1
Harrison,PRECINCT 80,Governor,,MTN,CHASE LINKO-LOOPER,0
Harrison,PRECINCT 87,Governor,,MTN,CHASE LINKO-LOOPER,0
Harrison,PRECINCT 92,Governor,,MTN,CHASE LINKO-LOOPER,0
Harrison,PRECINCT 95,Governor,,MTN,CHASE LINKO-LOOPER,0
Harrison,PRECINCT 96,Governor,,MTN,CHASE LINKO-LOOPER,0
Harrison,PRECINCT 98,Governor,,MTN,CHASE LINKO-LOOPER,0
Harrison,PRECINCT 102,Governor,,MTN,CHASE LINKO-LOOPER,1
Harrison,PRECINCT 103,Governor,,MTN,CHASE LINKO-LOOPER,0
Harrison,PRECINCT 104,Governor,,MTN,CHASE LINKO-LOOPER,0
Harrison,PRECINCT 106,Governor,,MTN,CHASE LINKO-LOOPER,0
Harrison,PRECINCT 107,Governor,,MTN,CHASE LINKO-LOOPER,0
Harrison,PRECINCT 108,Governor,,MTN,CHASE LINKO-LOOPER,0
Harrison,PRECINCT 110,Governor,,MTN,CHASE LINKO-LOOPER,1
Harrison,PRECINCT 114,Governor,,MTN,CHASE LINKO-LOOPER,0
Harrison,PRECINCT 114A,Governor,,MTN,CHASE LINKO-LOOPER,0
Harrison,PRECINCT 118,Governor,,MTN,CHASE LINKO-LOOPER,0
Harrison,PRECINCT 120,Governor,,MTN,CHASE LINKO-LOOPER,0
Harrison,PRECINCT 121,Governor,,MTN,CHASE LINKO-LOOPER,0
Harrison,PRECINCT 122,Governor,,MTN,CHASE LINKO-LOOPER,0
Harrison,PRECINCT 123,Governor,,MTN,CHASE LINKO-LOOPER,0
Harrison,PRECINCT 125,Governor,,MTN,CHASE LINKO-LOOPER,0
Harrison,PRECINCT 126,Governor,,MTN,CHASE LINKO-LOOPER,0
Harrison,PRECINCT 128,Governor,,MTN,CHASE LINKO-LOOPER,0
Harrison,PRECINCT 129,Governor,,MTN,CHASE LINKO-LOOPER,0
Harrison,PRECINCT 129B,Governor,,MTN,CHASE LINKO-LOOPER,0
Harrison,PRECINCT 129C,Governor,,MTN,CHASE LINKO-LOOPER,0
Harrison,PRECINCT 130,Governor,,MTN,CHASE LINKO-LOOPER,0
Harrison,PRECINCT 132,Governor,,MTN,CHASE LINKO-LOOPER,0
Harrison,PRECINCT 133,Governor,,MTN,CHASE LINKO-LOOPER,1
Harrison,PRECINCT 134,Governor,,MTN,CHASE LINKO-LOOPER,0
Harrison,PRECINCT 135,Governor,,MTN,CHASE LINKO-LOOPER,0
Harrison,PRECINCT 136,Governor,,MTN,CHASE LINKO-LOOPER,0
Harrison,PRECINCT 137,Governor,,MTN,CHASE LINKO-LOOPER,0
Harrison,PRECINCT 143,Governor,,MTN,CHASE LINKO-LOOPER,0
Harrison,PRECINCT 144,Governor,,MTN,CHASE LINKO-LOOPER,0
Harrison,PRECINCT 144A,Governor,,MTN,CHASE LINKO-LOOPER,0
Harrison,PRECINCT 145,Governor,,MTN,CHASE LINKO-LOOPER,0
Harrison,PRECINCT 1,Secretary of State,,REP,BRIAN WOOD,31
Harrison,PRECINCT 1A,Secretary of State,,REP,BRIAN WOOD,2
Harrison,PRECINCT 2,Secretary of State,,REP,BRIAN WOOD,2
Harrison,PRECINCT 4,Secretary of State,,REP,BRIAN WOOD,24
Harrison,PRECINCT 6,Secretary of State,,REP,BRIAN WOOD,11
Harrison,PRECINCT 9,Secretary of State,,REP,BRIAN WOOD,9
Harrison,PRECINCT 10,Secretary of State,,REP,BRIAN WOOD,12
Harrison,PRECINCT 14,Secretary of State,,REP,BRIAN WOOD,28
Harrison,PRECINCT 28,Secretary of State,,REP,BRIAN WOOD,11
Harrison,PRECINCT 33,Secretary of State,,REP,BRIAN WOOD,29
Harrison,PRECINCT 36A,Secretary of State,,REP,BRIAN WOOD,7
Harrison,PRECINCT 43,Secretary of State,,REP,BRIAN WOOD,12
Harrison,PRECINCT 44,Secretary of State,,REP,BRIAN WOOD,9
Harrison,PRECINCT 45,Secretary of State,,REP,BRIAN WOOD,17
Harrison,PRECINCT 46,Secretary of State,,REP,BRIAN WOOD,13
Harrison,PRECINCT 48,Secretary of State,,REP,BRIAN WOOD,13
Harrison,PRECINCT 50,Secretary of State,,REP,BRIAN WOOD,11
Harrison,PRECINCT 51,Secretary of State,,REP,BRIAN WOOD,9
Harrison,PRECINCT 52,Secretary of State,,REP,BRIAN WOOD,15
Harrison,PRECINCT 53,Secretary of State,,REP,BRIAN WOOD,7
Harrison,PRECINCT 59,Secretary of State,,REP,BRIAN WOOD,15
Harrison,PRECINCT 61,Secretary of State,,REP,BRIAN WOOD,14
Harrison,PRECINCT 63,Secretary of State,,REP,BRIAN WOOD,20
Harrison,PRECINCT 66,Secretary of State,,REP,BRIAN WOOD,4
Harrison,PRECINCT 66A,Secretary of State,,REP,BRIAN WOOD,0
Harrison,PRECINCT 66B,Secretary of State,,REP,BRIAN WOOD,1
Harrison,PRECINCT 68,Secretary of State,,REP,BRIAN WOOD,13
Harrison,PRECINCT 74,Secretary of State,,REP,BRIAN WOOD,20
Harrison,PRECINCT 80,Secretary of State,,REP,BRIAN WOOD,24
Harrison,PRECINCT 87,Secretary of State,,REP,BRIAN WOOD,4
Harrison,PRECINCT 92,Secretary of State,,REP,BRIAN WOOD,9
Harrison,PRECINCT 95,Secretary of State,,REP,BRIAN WOOD,12
Harrison,PRECINCT 96,Secretary of State,,REP,BRIAN WOOD,10
Harrison,PRECINCT 98,Secretary of State,,REP,BRIAN WOOD,16
Harrison,PRECINCT 102,Secretary of State,,REP,BRIAN WOOD,43
Harrison,PRECINCT 103,Secretary of State,,REP,BRIAN WOOD,12
Harrison,PRECINCT 104,Secretary of State,,REP,BRIAN WOOD,6
Harrison,PRECINCT 106,Secretary of State,,REP,BRIAN WOOD,10
Harrison,PRECINCT 107,Secretary of State,,REP,BRIAN WOOD,6
Harrison,PRECINCT 108,Secretary of State,,REP,BRIAN WOOD,18
Harrison,PRECINCT 110,Secretary of State,,REP,BRIAN WOOD,15
Harrison,PRECINCT 114,Secretary of State,,REP,BRIAN WOOD,13
Harrison,PRECINCT 114A,Secretary of State,,REP,BRIAN WOOD,4
Harrison,PRECINCT 118,Secretary of State,,REP,BRIAN WOOD,5
Harrison,PRECINCT 120,Secretary of State,,REP,BRIAN WOOD,22
Harrison,PRECINCT 121,Secretary of State,,REP,BRIAN WOOD,6
Harrison,PRECINCT 122,Secretary of State,,REP,BRIAN WOOD,18
Harrison,PRECINCT 123,Secretary of State,,REP,BRIAN WOOD,51
Harrison,PRECINCT 125,Secretary of State,,REP,BRIAN WOOD,26
Harrison,PRECINCT 126,Secretary of State,,REP,BRIAN WOOD,16
Harrison,PRECINCT 128,Secretary of State,,REP,BRIAN WOOD,22
Harrison,PRECINCT 129,Secretary of State,,REP,BRIAN WOOD,27
Harrison,PRECINCT 129B,Secretary of State,,REP,BRIAN WOOD,34
Harrison,PRECINCT 129C,Secretary of State,,REP,BRIAN WOOD,11
Harrison,PRECINCT 130,Secretary of State,,REP,BRIAN WOOD,5
Harrison,PRECINCT 132,Secretary of State,,REP,BRIAN WOOD,4
Harrison,PRECINCT 133,Secretary of State,,REP,BRIAN WOOD,16
Harrison,PRECINCT 134,Secretary of State,,REP,BRIAN WOOD,20
Harrison,PRECINCT 135,Secretary of State,,REP,BRIAN WOOD,6
Harrison,PRECINCT 136,Secretary of State,,REP,BRIAN WOOD,6
Harrison,PRECINCT 137,Secretary of State,,REP,BRIAN WOOD,7
Harrison,PRECINCT 143,Secretary of State,,REP,BRIAN WOOD,44
Harrison,PRECINCT 144,Secretary of State,,REP,BRIAN WOOD,5
Harrison,PRECINCT 144A,Secretary of State,,REP,BRIAN WOOD,19
Harrison,PRECINCT 145,Secretary of State,,REP,BRIAN WOOD,16
Harrison,PRECINCT 1,Secretary of State,,REP,KRIS WARNER,107
Harrison,PRECINCT 1A,Secretary of State,,REP,KRIS WARNER,12
Harrison,PRECINCT 2,Secretary of State,,REP,KRIS WARNER,20
Harrison,PRECINCT 4,Secretary of State,,REP,KRIS WARNER,117
Harrison,PRECINCT 6,Secretary of State,,REP,KRIS WARNER,82
Harrison,PRECINCT 9,Secretary of State,,REP,KRIS WARNER,30
Harrison,PRECINCT 10,Secretary of State,,REP,KRIS WARNER,39
Harrison,PRECINCT 14,Secretary of State,,REP,KRIS WARNER,96
Harrison,PRECINCT 28,Secretary of State,,REP,KRIS WARNER,69
Harrison,PRECINCT 33,Secretary of State,,REP,KRIS WARNER,106
Harrison,PRECINCT 36A,Secretary of State,,REP,KRIS WARNER,29
Harrison,PRECINCT 43,Secretary of State,,REP,KRIS WARNER,36
Harrison,PRECINCT 44,Secretary of State,,REP,KRIS WARNER,34
Harrison,PRECINCT 45,Secretary of State,,REP,KRIS WARNER,73
Harrison,PRECINCT 46,Secretary of State,,REP,KRIS WARNER,50
Harrison,PRECINCT 48,Secretary of State,,REP,KRIS WARNER,72
Harrison,PRECINCT 50,Secretary of State,,REP,KRIS WARNER,60
Harrison,PRECINCT 51,Secretary of State,,REP,KRIS WARNER,20
Harrison,PRECINCT 52,Secretary of State,,REP,KRIS WARNER,50
Harrison,PRECINCT 53,Secretary of State,,REP,KRIS WARNER,24
Harrison,PRECINCT 59,Secretary of State,,REP,KRIS WARNER,41
Harrison,PRECINCT 61,Secretary of State,,REP,KRIS WARNER,75
Harrison,PRECINCT 63,Secretary of State,,REP,KRIS WARNER,70
Harrison,PRECINCT 66,Secretary of State,,REP,KRIS WARNER,30
Harrison,PRECINCT 66A,Secretary of State,,REP,KRIS WARNER,0
Harrison,PRECINCT 66B,Secretary of State,,REP,KRIS WARNER,8
Harrison,PRECINCT 68,Secretary of State,,REP,KRIS WARNER,47
Harrison,PRECINCT 74,Secretary of State,,REP,KRIS WARNER,89
Harrison,PRECINCT 80,Secretary of State,,REP,KRIS WARNER,88
Harrison,PRECINCT 87,Secretary of State,,REP,KRIS WARNER,34
Harrison,PRECINCT 92,Secretary of State,,REP,KRIS WARNER,50
Harrison,PRECINCT 95,Secretary of State,,REP,KRIS WARNER,39
Harrison,PRECINCT 96,Secretary of State,,REP,KRIS WARNER,56
Harrison,PRECINCT 98,Secretary of State,,REP,KRIS WARNER,30
Harrison,PRECINCT 102,Secretary of State,,REP,KRIS WARNER,152
Harrison,PRECINCT 103,Secretary of State,,REP,KRIS WARNER,39
Harrison,PRECINCT 104,Secretary of State,,REP,KRIS WARNER,54
Harrison,PRECINCT 106,Secretary of State,,REP,KRIS WARNER,36
Harrison,PRECINCT 107,Secretary of State,,REP,KRIS WARNER,33
Harrison,PRECINCT 108,Secretary of State,,REP,KRIS WARNER,92
Harrison,PRECINCT 110,Secretary of State,,REP,KRIS WARNER,71
Harrison,PRECINCT 114,Secretary of State,,REP,KRIS WARNER,34
Harrison,PRECINCT 114A,Secretary of State,,REP,KRIS WARNER,14
Harrison,PRECINCT 118,Secretary of State,,REP,KRIS WARNER,46
Harrison,PRECINCT 120,Secretary of State,,REP,KRIS WARNER,85
Harrison,PRECINCT 121,Secretary of State,,REP,KRIS WARNER,22
Harrison,PRECINCT 122,Secretary of State,,REP,KRIS WARNER,47
Harrison,PRECINCT 123,Secretary of State,,REP,KRIS WARNER,245
Harrison,PRECINCT 125,Secretary of State,,REP,KRIS WARNER,114
Harrison,PRECINCT 126,Secretary of State,,REP,KRIS WARNER,76
Harrison,PRECINCT 128,Secretary of State,,REP,KRIS WARNER,89
Harrison,PRECINCT 129,Secretary of State,,REP,KRIS WARNER,170
Harrison,PRECINCT 129B,Secretary of State,,REP,KRIS WARNER,165
Harrison,PRECINCT 129C,Secretary of State,,REP,KRIS WARNER,60
Harrison,PRECINCT 130,Secretary of State,,REP,KRIS WARNER,53
Harrison,PRECINCT 132,Secretary of State,,REP,KRIS WARNER,25
Harrison,PRECINCT 133,Secretary of State,,REP,KRIS WARNER,82
Harrison,PRECINCT 134,Secretary of State,,REP,KRIS WARNER,55
Harrison,PRECINCT 135,Secretary of State,,REP,KRIS WARNER,36
Harrison,PRECINCT 136,Secretary of State,,REP,KRIS WARNER,18
Harrison,PRECINCT 137,Secretary of State,,REP,KRIS WARNER,7
Harrison,PRECINCT 143,Secretary of State,,REP,KRIS WARNER,155
Harrison,PRECINCT 144,Secretary of State,,REP,KRIS WARNER,42
Harrison,PRECINCT 144A,Secretary of State,,REP,KRIS WARNER,52
Harrison,PRECINCT 145,Secretary of State,,REP,KRIS WARNER,70
Harrison,PRECINCT 1,Secretary of State,,REP,KEN REED,41
Harrison,PRECINCT 1A,Secretary of State,,REP,KEN REED,1
Harrison,PRECINCT 2,Secretary of State,,REP,KEN REED,2
Harrison,PRECINCT 4,Secretary of State,,REP,KEN REED,20
Harrison,PRECINCT 6,Secretary of State,,REP,KEN REED,16
Harrison,PRECINCT 9,Secretary of State,,REP,KEN REED,10
Harrison,PRECINCT 10,Secretary of State,,REP,KEN REED,12
Harrison,PRECINCT 14,Secretary of State,,REP,KEN REED,35
Harrison,PRECINCT 28,Secretary of State,,REP,KEN REED,20
Harrison,PRECINCT 33,Secretary of State,,REP,KEN REED,27
Harrison,PRECINCT 36A,Secretary of State,,REP,KEN REED,19
Harrison,PRECINCT 43,Secretary of State,,REP,KEN REED,10
Harrison,PRECINCT 44,Secretary of State,,REP,KEN REED,8
Harrison,PRECINCT 45,Secretary of State,,REP,KEN REED,27
Harrison,PRECINCT 46,Secretary of State,,REP,KEN REED,17
Harrison,PRECINCT 48,Secretary of State,,REP,KEN REED,17
Harrison,PRECINCT 50,Secretary of State,,REP,KEN REED,15
Harrison,PRECINCT 51,Secretary of State,,REP,KEN REED,9
Harrison,PRECINCT 52,Secretary of State,,REP,KEN REED,10
Harrison,PRECINCT 53,Secretary of State,,REP,KEN REED,2
Harrison,PRECINCT 59,Secretary of State,,REP,KEN REED,9
Harrison,PRECINCT 61,Secretary of State,,REP,KEN REED,19
Harrison,PRECINCT 63,Secretary of State,,REP,KEN REED,21
Harrison,PRECINCT 66,Secretary of State,,REP,KEN REED,8
Harrison,PRECINCT 66A,Secretary of State,,REP,KEN REED,0
Harrison,PRECINCT 66B,Secretary of State,,REP,KEN REED,1
Harrison,PRECINCT 68,Secretary of State,,REP,KEN REED,11
Harrison,PRECINCT 74,Secretary of State,,REP,KEN REED,32
Harrison,PRECINCT 80,Secretary of State,,REP,KEN REED,27
Harrison,PRECINCT 87,Secretary of State,,REP,KEN REED,9
Harrison,PRECINCT 92,Secretary of State,,REP,KEN REED,23
Harrison,PRECINCT 95,Secretary of State,,REP,KEN REED,12
Harrison,PRECINCT 96,Secretary of State,,REP,KEN REED,14
Harrison,PRECINCT 98,Secretary of State,,REP,KEN REED,8
Harrison,PRECINCT 102,Secretary of State,,REP,KEN REED,40
Harrison,PRECINCT 103,Secretary of State,,REP,KEN REED,16
Harrison,PRECINCT 104,Secretary of State,,REP,KEN REED,13
Harrison,PRECINCT 106,Secretary of State,,REP,KEN REED,18
Harrison,PRECINCT 107,Secretary of State,,REP,KEN REED,4
Harrison,PRECINCT 108,Secretary of State,,REP,KEN REED,26
Harrison,PRECINCT 110,Secretary of State,,REP,KEN REED,26
Harrison,PRECINCT 114,Secretary of State,,REP,KEN REED,12
Harrison,PRECINCT 114A,Secretary of State,,REP,KEN REED,2
Harrison,PRECINCT 118,Secretary of State,,REP,KEN REED,12
Harrison,PRECINCT 120,Secretary of State,,REP,KEN REED,19
Harrison,PRECINCT 121,Secretary of State,,REP,KEN REED,7
Harrison,PRECINCT 122,Secretary of State,,REP,KEN REED,11
Harrison,PRECINCT 123,Secretary of State,,REP,KEN REED,52
Harrison,PRECINCT 125,Secretary of State,,REP,KEN REED,30
Harrison,PRECINCT 126,Secretary of State,,REP,KEN REED,16
Harrison,PRECINCT 128,Secretary of State,,REP,KEN REED,31
Harrison,PRECINCT 129,Secretary of State,,REP,KEN REED,45
Harrison,PRECINCT 129B,Secretary of State,,REP,KEN REED,33
Harrison,PRECINCT 129C,Secretary of State,,REP,KEN REED,26
Harrison,PRECINCT 130,Secretary of State,,REP,KEN REED,6
Harrison,PRECINCT 132,Secretary of State,,REP,KEN REED,5
Harrison,PRECINCT 133,Secretary of State,,REP,KEN REED,30
Harrison,PRECINCT 134,Secretary of State,,REP,KEN REED,25
Harrison,PRECINCT 135,Secretary of State,,REP,KEN REED,5
Harrison,PRECINCT 136,Secretary of State,,REP,KEN REED,8
Harrison,PRECINCT 137,Secretary of State,,REP,KEN REED,3
Harrison,PRECINCT 143,Secretary of State,,REP,KEN REED,33
Harrison,PRECINCT 144,Secretary of State,,REP,KEN REED,8
Harrison,PRECINCT 144A,Secretary of State,,REP,KEN REED,9
Harrison,PRECINCT 145,Secretary of State,,REP,KEN REED,14
Harrison,PRECINCT 1,Secretary of State,,REP,DOUG  SKAFF JR.,57
Harrison,PRECINCT 1A,Secretary of State,,REP,DOUG  SKAFF JR.,5
Harrison,PRECINCT 2,Secretary of State,,REP,DOUG  SKAFF JR.,8
Harrison,PRECINCT 4,Secretary of State,,REP,DOUG  SKAFF JR.,45
Harrison,PRECINCT 6,Secretary of State,,REP,DOUG  SKAFF JR.,46
Harrison,PRECINCT 9,Secretary of State,,REP,DOUG  SKAFF JR.,30
Harrison,PRECINCT 10,Secretary of State,,REP,DOUG  SKAFF JR.,28
Harrison,PRECINCT 14,Secretary of State,,REP,DOUG  SKAFF JR.,71
Harrison,PRECINCT 28,Secretary of State,,REP,DOUG  SKAFF JR.,37
Harrison,PRECINCT 33,Secretary of State,,REP,DOUG  SKAFF JR.,42
Harrison,PRECINCT 36A,Secretary of State,,REP,DOUG  SKAFF JR.,20
Harrison,PRECINCT 43,Secretary of State,,REP,DOUG  SKAFF JR.,17
Harrison,PRECINCT 44,Secretary of State,,REP,DOUG  SKAFF JR.,6
Harrison,PRECINCT 45,Secretary of State,,REP,DOUG  SKAFF JR.,14
Harrison,PRECINCT 46,Secretary of State,,REP,DOUG  SKAFF JR.,23
Harrison,PRECINCT 48,Secretary of State,,REP,DOUG  SKAFF JR.,18
Harrison,PRECINCT 50,Secretary of State,,REP,DOUG  SKAFF JR.,21
Harrison,PRECINCT 51,Secretary of State,,REP,DOUG  SKAFF JR.,7
Harrison,PRECINCT 52,Secretary of State,,REP,DOUG  SKAFF JR.,21
Harrison,PRECINCT 53,Secretary of State,,REP,DOUG  SKAFF JR.,10
Harrison,PRECINCT 59,Secretary of State,,REP,DOUG  SKAFF JR.,10
Harrison,PRECINCT 61,Secretary of State,,REP,DOUG  SKAFF JR.,36
Harrison,PRECINCT 63,Secretary of State,,REP,DOUG  SKAFF JR.,20
Harrison,PRECINCT 66,Secretary of State,,REP,DOUG  SKAFF JR.,16
Harrison,PRECINCT 66A,Secretary of State,,REP,DOUG  SKAFF JR.,0
Harrison,PRECINCT 66B,Secretary of State,,REP,DOUG  SKAFF JR.,2
Harrison,PRECINCT 68,Secretary of State,,REP,DOUG  SKAFF JR.,36
Harrison,PRECINCT 74,Secretary of State,,REP,DOUG  SKAFF JR.,35
Harrison,PRECINCT 80,Secretary of State,,REP,DOUG  SKAFF JR.,53
Harrison,PRECINCT 87,Secretary of State,,REP,DOUG  SKAFF JR.,10
Harrison,PRECINCT 92,Secretary of State,,REP,DOUG  SKAFF JR.,21
Harrison,PRECINCT 95,Secretary of State,,REP,DOUG  SKAFF JR.,10
Harrison,PRECINCT 96,Secretary of State,,REP,DOUG  SKAFF JR.,15
Harrison,PRECINCT 98,Secretary of State,,REP,DOUG  SKAFF JR.,12
Harrison,PRECINCT 102,Secretary of State,,REP,DOUG  SKAFF JR.,91
Harrison,PRECINCT 103,Secretary of State,,REP,DOUG  SKAFF JR.,15
Harrison,PRECINCT 104,Secretary of State,,REP,DOUG  SKAFF JR.,11
Harrison,PRECINCT 106,Secretary of State,,REP,DOUG  SKAFF JR.,21
Harrison,PRECINCT 107,Secretary of State,,REP,DOUG  SKAFF JR.,9
Harrison,PRECINCT 108,Secretary of State,,REP,DOUG  SKAFF JR.,27
Harrison,PRECINCT 110,Secretary of State,,REP,DOUG  SKAFF JR.,23
Harrison,PRECINCT 114,Secretary of State,,REP,DOUG  SKAFF JR.,12
Harrison,PRECINCT 114A,Secretary of State,,REP,DOUG  SKAFF JR.,7
Harrison,PRECINCT 118,Secretary of State,,REP,DOUG  SKAFF JR.,14
Harrison,PRECINCT 120,Secretary of State,,REP,DOUG  SKAFF JR.,41
Harrison,PRECINCT 121,Secretary of State,,REP,DOUG  SKAFF JR.,10
Harrison,PRECINCT 122,Secretary of State,,REP,DOUG  SKAFF JR.,11
Harrison,PRECINCT 123,Secretary of State,,REP,DOUG  SKAFF JR.,94
Harrison,PRECINCT 125,Secretary of State,,REP,DOUG  SKAFF JR.,33
Harrison,PRECINCT 126,Secretary of State,,REP,DOUG  SKAFF JR.,38
Harrison,PRECINCT 128,Secretary of State,,REP,DOUG  SKAFF JR.,35
Harrison,PRECINCT 129,Secretary of State,,REP,DOUG  SKAFF JR.,80
Harrison,PRECINCT 129B,Secretary of State,,REP,DOUG  SKAFF JR.,58
Harrison,PRECINCT 129C,Secretary of State,,REP,DOUG  SKAFF JR.,13
Harrison,PRECINCT 130,Secretary of State,,REP,DOUG  SKAFF JR.,14
Harrison,PRECINCT 132,Secretary of State,,REP,DOUG  SKAFF JR.,12
Harrison,PRECINCT 133,Secretary of State,,REP,DOUG  SKAFF JR.,49
Harrison,PRECINCT 134,Secretary of State,,REP,DOUG  SKAFF JR.,41
Harrison,PRECINCT 135,Secretary of State,,REP,DOUG  SKAFF JR.,9
Harrison,PRECINCT 136,Secretary of State,,REP,DOUG  SKAFF JR.,11
Harrison,PRECINCT 137,Secretary of State,,REP,DOUG  SKAFF JR.,12
Harrison,PRECINCT 143,Secretary of State,,REP,DOUG  SKAFF JR.,39
Harrison,PRECINCT 144,Secretary of State,,REP,DOUG  SKAFF JR.,11
Harrison,PRECINCT 144A,Secretary of State,,REP,DOUG  SKAFF JR.,14
Harrison,PRECINCT 145,Secretary of State,,REP,DOUG  SKAFF JR.,28
Harrison,PRECINCT 1,Secretary of State,,DEM,THORNTON COOPER,120
Harrison,PRECINCT 1A,Secretary of State,,DEM,THORNTON COOPER,12
Harrison,PRECINCT 2,Secretary of State,,DEM,THORNTON COOPER,10
Harrison,PRECINCT 4,Secretary of State,,DEM,THORNTON COOPER,113
Harrison,PRECINCT 6,Secretary of State,,DEM,THORNTON COOPER,105
Harrison,PRECINCT 9,Secretary of State,,DEM,THORNTON COOPER,63
Harrison,PRECINCT 10,Secretary of State,,DEM,THORNTON COOPER,30
Harrison,PRECINCT 14,Secretary of State,,DEM,THORNTON COOPER,187
Harrison,PRECINCT 28,Secretary of State,,DEM,THORNTON COOPER,98
Harrison,PRECINCT 33,Secretary of State,,DEM,THORNTON COOPER,141
Harrison,PRECINCT 36A,Secretary of State,,DEM,THORNTON COOPER,42
Harrison,PRECINCT 43,Secretary of State,,DEM,THORNTON COOPER,21
Harrison,PRECINCT 44,Secretary of State,,DEM,THORNTON COOPER,30
Harrison,PRECINCT 45,Secretary of State,,DEM,THORNTON COOPER,37
Harrison,PRECINCT 46,Secretary of State,,DEM,THORNTON COOPER,40
Harrison,PRECINCT 48,Secretary of State,,DEM,THORNTON COOPER,47
Harrison,PRECINCT 50,Secretary of State,,DEM,THORNTON COOPER,52
Harrison,PRECINCT 51,Secretary of State,,DEM,THORNTON COOPER,37
Harrison,PRECINCT 52,Secretary of State,,DEM,THORNTON COOPER,45
Harrison,PRECINCT 53,Secretary of State,,DEM,THORNTON COOPER,17
Harrison,PRECINCT 59,Secretary of State,,DEM,THORNTON COOPER,43
Harrison,PRECINCT 61,Secretary of State,,DEM,THORNTON COOPER,69
Harrison,PRECINCT 63,Secretary of State,,DEM,THORNTON COOPER,66
Harrison,PRECINCT 66,Secretary of State,,DEM,THORNTON COOPER,38
Harrison,PRECINCT 66A,Secretary of State,,DEM,THORNTON COOPER,12
Harrison,PRECINCT 66B,Secretary of State,,DEM,THORNTON COOPER,4
Harrison,PRECINCT 68,Secretary of State,,DEM,THORNTON COOPER,131
Harrison,PRECINCT 74,Secretary of State,,DEM,THORNTON COOPER,110
Harrison,PRECINCT 80,Secretary of State,,DEM,THORNTON COOPER,168
Harrison,PRECINCT 87,Secretary of State,,DEM,THORNTON COOPER,24
Harrison,PRECINCT 92,Secretary of State,,DEM,THORNTON COOPER,28
Harrison,PRECINCT 95,Secretary of State,,DEM,THORNTON COOPER,30
Harrison,PRECINCT 96,Secretary of State,,DEM,THORNTON COOPER,54
Harrison,PRECINCT 98,Secretary of State,,DEM,THORNTON COOPER,16
Harrison,PRECINCT 102,Secretary of State,,DEM,THORNTON COOPER,106
Harrison,PRECINCT 103,Secretary of State,,DEM,THORNTON COOPER,16
Harrison,PRECINCT 104,Secretary of State,,DEM,THORNTON COOPER,22
Harrison,PRECINCT 106,Secretary of State,,DEM,THORNTON COOPER,39
Harrison,PRECINCT 107,Secretary of State,,DEM,THORNTON COOPER,14
Harrison,PRECINCT 108,Secretary of State,,DEM,THORNTON COOPER,35
Harrison,PRECINCT 110,Secretary of State,,DEM,THORNTON COOPER,41
Harrison,PRECINCT 114,Secretary of State,,DEM,THORNTON COOPER,40
Harrison,PRECINCT 114A,Secretary of State,,DEM,THORNTON COOPER,7
Harrison,PRECINCT 118,Secretary of State,,DEM,THORNTON COOPER,16
Harrison,PRECINCT 120,Secretary of State,,DEM,THORNTON COOPER,35
Harrison,PRECINCT 121,Secretary of State,,DEM,THORNTON COOPER,26
Harrison,PRECINCT 122,Secretary of State,,DEM,THORNTON COOPER,19
Harrison,PRECINCT 123,Secretary of State,,DEM,THORNTON COOPER,221
Harrison,PRECINCT 125,Secretary of State,,DEM,THORNTON COOPER,108
Harrison,PRECINCT 126,Secretary of State,,DEM,THORNTON COOPER,73
Harrison,PRECINCT 128,Secretary of State,,DEM,THORNTON COOPER,79
Harrison,PRECINCT 129,Secretary of State,,DEM,THORNTON COOPER,147
Harrison,PRECINCT 129B,Secretary of State,,DEM,THORNTON COOPER,152
Harrison,PRECINCT 129C,Secretary of State,,DEM,THORNTON COOPER,51
Harrison,PRECINCT 130,Secretary of State,,DEM,THORNTON COOPER,18
Harrison,PRECINCT 132,Secretary of State,,DEM,THORNTON COOPER,23
Harrison,PRECINCT 133,Secretary of State,,DEM,THORNTON COOPER,64
Harrison,PRECINCT 134,Secretary of State,,DEM,THORNTON COOPER,23
Harrison,PRECINCT 135,Secretary of State,,DEM,THORNTON COOPER,4
Harrison,PRECINCT 136,Secretary of State,,DEM,THORNTON COOPER,9
Harrison,PRECINCT 137,Secretary of State,,DEM,THORNTON COOPER,9
Harrison,PRECINCT 143,Secretary of State,,DEM,THORNTON COOPER,73
Harrison,PRECINCT 144,Secretary of State,,DEM,THORNTON COOPER,20
Harrison,PRECINCT 144A,Secretary of State,,DEM,THORNTON COOPER,24
Harrison,PRECINCT 145,Secretary of State,,DEM,THORNTON COOPER,40
Harrison,PRECINCT 1,Secretary of State,,MTN,NO CANDIDATE FILED,0
Harrison,PRECINCT 1A,Secretary of State,,MTN,NO CANDIDATE FILED,0
Harrison,PRECINCT 2,Secretary of State,,MTN,NO CANDIDATE FILED,0
Harrison,PRECINCT 4,Secretary of State,,MTN,NO CANDIDATE FILED,0
Harrison,PRECINCT 6,Secretary of State,,MTN,NO CANDIDATE FILED,0
Harrison,PRECINCT 9,Secretary of State,,MTN,NO CANDIDATE FILED,0
Harrison,PRECINCT 10,Secretary of State,,MTN,NO CANDIDATE FILED,0
Harrison,PRECINCT 14,Secretary of State,,MTN,NO CANDIDATE FILED,0
Harrison,PRECINCT 28,Secretary of State,,MTN,NO CANDIDATE FILED,0
Harrison,PRECINCT 33,Secretary of State,,MTN,NO CANDIDATE FILED,0
Harrison,PRECINCT 36A,Secretary of State,,MTN,NO CANDIDATE FILED,0
Harrison,PRECINCT 43,Secretary of State,,MTN,NO CANDIDATE FILED,0
Harrison,PRECINCT 44,Secretary of State,,MTN,NO CANDIDATE FILED,0
Harrison,PRECINCT 45,Secretary of State,,MTN,NO CANDIDATE FILED,0
Harrison,PRECINCT 46,Secretary of State,,MTN,NO CANDIDATE FILED,0
Harrison,PRECINCT 48,Secretary of State,,MTN,NO CANDIDATE FILED,0
Harrison,PRECINCT 50,Secretary of State,,MTN,NO CANDIDATE FILED,0
Harrison,PRECINCT 51,Secretary of State,,MTN,NO CANDIDATE FILED,0
Harrison,PRECINCT 52,Secretary of State,,MTN,NO CANDIDATE FILED,0
Harrison,PRECINCT 53,Secretary of State,,MTN,NO CANDIDATE FILED,0
Harrison,PRECINCT 59,Secretary of State,,MTN,NO CANDIDATE FILED,0
Harrison,PRECINCT 61,Secretary of State,,MTN,NO CANDIDATE FILED,0
Harrison,PRECINCT 63,Secretary of State,,MTN,NO CANDIDATE FILED,0
Harrison,PRECINCT 66,Secretary of State,,MTN,NO CANDIDATE FILED,0
Harrison,PRECINCT 66A,Secretary of State,,MTN,NO CANDIDATE FILED,0
Harrison,PRECINCT 66B,Secretary of State,,MTN,NO CANDIDATE FILED,0
Harrison,PRECINCT 68,Secretary of State,,MTN,NO CANDIDATE FILED,0
Harrison,PRECINCT 74,Secretary of State,,MTN,NO CANDIDATE FILED,0
Harrison,PRECINCT 80,Secretary of State,,MTN,NO CANDIDATE FILED,0
Harrison,PRECINCT 87,Secretary of State,,MTN,NO CANDIDATE FILED,0
Harrison,PRECINCT 92,Secretary of State,,MTN,NO CANDIDATE FILED,0
Harrison,PRECINCT 95,Secretary of State,,MTN,NO CANDIDATE FILED,0
Harrison,PRECINCT 96,Secretary of State,,MTN,NO CANDIDATE FILED,0
Harrison,PRECINCT 98,Secretary of State,,MTN,NO CANDIDATE FILED,0
Harrison,PRECINCT 102,Secretary of State,,MTN,NO CANDIDATE FILED,0
Harrison,PRECINCT 103,Secretary of State,,MTN,NO CANDIDATE FILED,0
Harrison,PRECINCT 104,Secretary of State,,MTN,NO CANDIDATE FILED,0
Harrison,PRECINCT 106,Secretary of State,,MTN,NO CANDIDATE FILED,0
Harrison,PRECINCT 107,Secretary of State,,MTN,NO CANDIDATE FILED,0
Harrison,PRECINCT 108,Secretary of State,,MTN,NO CANDIDATE FILED,0
Harrison,PRECINCT 110,Secretary of State,,MTN,NO CANDIDATE FILED,0
Harrison,PRECINCT 114,Secretary of State,,MTN,NO CANDIDATE FILED,0
Harrison,PRECINCT 114A,Secretary of State,,MTN,NO CANDIDATE FILED,0
Harrison,PRECINCT 118,Secretary of State,,MTN,NO CANDIDATE FILED,0
Harrison,PRECINCT 120,Secretary of State,,MTN,NO CANDIDATE FILED,0
Harrison,PRECINCT 121,Secretary of State,,MTN,NO CANDIDATE FILED,0
Harrison,PRECINCT 122,Secretary of State,,MTN,NO CANDIDATE FILED,0
Harrison,PRECINCT 123,Secretary of State,,MTN,NO CANDIDATE FILED,0
Harrison,PRECINCT 125,Secretary of State,,MTN,NO CANDIDATE FILED,0
Harrison,PRECINCT 126,Secretary of State,,MTN,NO CANDIDATE FILED,0
Harrison,PRECINCT 128,Secretary of State,,MTN,NO CANDIDATE FILED,0
Harrison,PRECINCT 129,Secretary of State,,MTN,NO CANDIDATE FILED,0
Harrison,PRECINCT 129B,Secretary of State,,MTN,NO CANDIDATE FILED,0
Harrison,PRECINCT 129C,Secretary of State,,MTN,NO CANDIDATE FILED,0
Harrison,PRECINCT 130,Secretary of State,,MTN,NO CANDIDATE FILED,0
Harrison,PRECINCT 132,Secretary of State,,MTN,NO CANDIDATE FILED,0
Harrison,PRECINCT 133,Secretary of State,,MTN,NO CANDIDATE FILED,0
Harrison,PRECINCT 134,Secretary of State,,MTN,NO CANDIDATE FILED,0
Harrison,PRECINCT 135,Secretary of State,,MTN,NO CANDIDATE FILED,0
Harrison,PRECINCT 136,Secretary of State,,MTN,NO CANDIDATE FILED,0
Harrison,PRECINCT 137,Secretary of State,,MTN,NO CANDIDATE FILED,0
Harrison,PRECINCT 143,Secretary of State,,MTN,NO CANDIDATE FILED,0
Harrison,PRECINCT 144,Secretary of State,,MTN,NO CANDIDATE FILED,0
Harrison,PRECINCT 144A,Secretary of State,,MTN,NO CANDIDATE FILED,0
Harrison,PRECINCT 145,Secretary of State,,MTN,NO CANDIDATE FILED,0
Harrison,PRECINCT 1,Auditor,,REP,ERIC L. HOUSEHOLDER,76
Harrison,PRECINCT 1A,Auditor,,REP,ERIC L. HOUSEHOLDER,8
Harrison,PRECINCT 2,Auditor,,REP,ERIC L. HOUSEHOLDER,8
Harrison,PRECINCT 4,Auditor,,REP,ERIC L. HOUSEHOLDER,60
Harrison,PRECINCT 6,Auditor,,REP,ERIC L. HOUSEHOLDER,38
Harrison,PRECINCT 9,Auditor,,REP,ERIC L. HOUSEHOLDER,29
Harrison,PRECINCT 10,Auditor,,REP,ERIC L. HOUSEHOLDER,14
Harrison,PRECINCT 14,Auditor,,REP,ERIC L. HOUSEHOLDER,66
Harrison,PRECINCT 28,Auditor,,REP,ERIC L. HOUSEHOLDER,33
Harrison,PRECINCT 33,Auditor,,REP,ERIC L. HOUSEHOLDER,64
Harrison,PRECINCT 36A,Auditor,,REP,ERIC L. HOUSEHOLDER,35
Harrison,PRECINCT 43,Auditor,,REP,ERIC L. HOUSEHOLDER,24
Harrison,PRECINCT 44,Auditor,,REP,ERIC L. HOUSEHOLDER,15
Harrison,PRECINCT 45,Auditor,,REP,ERIC L. HOUSEHOLDER,46
Harrison,PRECINCT 46,Auditor,,REP,ERIC L. HOUSEHOLDER,32
Harrison,PRECINCT 48,Auditor,,REP,ERIC L. HOUSEHOLDER,43
Harrison,PRECINCT 50,Auditor,,REP,ERIC L. HOUSEHOLDER,32
Harrison,PRECINCT 51,Auditor,,REP,ERIC L. HOUSEHOLDER,13
Harrison,PRECINCT 52,Auditor,,REP,ERIC L. HOUSEHOLDER,29
Harrison,PRECINCT 53,Auditor,,REP,ERIC L. HOUSEHOLDER,12
Harrison,PRECINCT 59,Auditor,,REP,ERIC L. HOUSEHOLDER,17
Harrison,PRECINCT 61,Auditor,,REP,ERIC L. HOUSEHOLDER,36
Harrison,PRECINCT 63,Auditor,,REP,ERIC L. HOUSEHOLDER,39
Harrison,PRECINCT 66,Auditor,,REP,ERIC L. HOUSEHOLDER,16
Harrison,PRECINCT 66A,Auditor,,REP,ERIC L. HOUSEHOLDER,0
Harrison,PRECINCT 66B,Auditor,,REP,ERIC L. HOUSEHOLDER,4
Harrison,PRECINCT 68,Auditor,,REP,ERIC L. HOUSEHOLDER,26
Harrison,PRECINCT 74,Auditor,,REP,ERIC L. HOUSEHOLDER,58
Harrison,PRECINCT 80,Auditor,,REP,ERIC L. HOUSEHOLDER,75
Harrison,PRECINCT 87,Auditor,,REP,ERIC L. HOUSEHOLDER,15
Harrison,PRECINCT 92,Auditor,,REP,ERIC L. HOUSEHOLDER,23
Harrison,PRECINCT 95,Auditor,,REP,ERIC L. HOUSEHOLDER,19
Harrison,PRECINCT 96,Auditor,,REP,ERIC L. HOUSEHOLDER,27
Harrison,PRECINCT 98,Auditor,,REP,ERIC L. HOUSEHOLDER,23
Harrison,PRECINCT 102,Auditor,,REP,ERIC L. HOUSEHOLDER,93
Harrison,PRECINCT 103,Auditor,,REP,ERIC L. HOUSEHOLDER,24
Harrison,PRECINCT 104,Auditor,,REP,ERIC L. HOUSEHOLDER,27
Harrison,PRECINCT 106,Auditor,,REP,ERIC L. HOUSEHOLDER,18
Harrison,PRECINCT 107,Auditor,,REP,ERIC L. HOUSEHOLDER,10
Harrison,PRECINCT 108,Auditor,,REP,ERIC L. HOUSEHOLDER,46
Harrison,PRECINCT 110,Auditor,,REP,ERIC L. HOUSEHOLDER,39
Harrison,PRECINCT 114,Auditor,,REP,ERIC L. HOUSEHOLDER,22
Harrison,PRECINCT 114A,Auditor,,REP,ERIC L. HOUSEHOLDER,7
Harrison,PRECINCT 118,Auditor,,REP,ERIC L. HOUSEHOLDER,23
Harrison,PRECINCT 120,Auditor,,REP,ERIC L. HOUSEHOLDER,44
Harrison,PRECINCT 121,Auditor,,REP,ERIC L. HOUSEHOLDER,12
Harrison,PRECINCT 122,Auditor,,REP,ERIC L. HOUSEHOLDER,22
Harrison,PRECINCT 123,Auditor,,REP,ERIC L. HOUSEHOLDER,126
Harrison,PRECINCT 125,Auditor,,REP,ERIC L. HOUSEHOLDER,75
Harrison,PRECINCT 126,Auditor,,REP,ERIC L. HOUSEHOLDER,59
Harrison,PRECINCT 128,Auditor,,REP,ERIC L. HOUSEHOLDER,51
Harrison,PRECINCT 129,Auditor,,REP,ERIC L. HOUSEHOLDER,121
Harrison,PRECINCT 129B,Auditor,,REP,ERIC L. HOUSEHOLDER,91
Harrison,PRECINCT 129C,Auditor,,REP,ERIC L. HOUSEHOLDER,39
Harrison,PRECINCT 130,Auditor,,REP,ERIC L. HOUSEHOLDER,22
Harrison,PRECINCT 132,Auditor,,REP,ERIC L. HOUSEHOLDER,12
Harrison,PRECINCT 133,Auditor,,REP,ERIC L. HOUSEHOLDER,47
Harrison,PRECINCT 134,Auditor,,REP,ERIC L. HOUSEHOLDER,40
Harrison,PRECINCT 135,Auditor,,REP,ERIC L. HOUSEHOLDER,12
Harrison,PRECINCT 136,Auditor,,REP,ERIC L. HOUSEHOLDER,12
Harrison,PRECINCT 137,Auditor,,REP,ERIC L. HOUSEHOLDER,11
Harrison,PRECINCT 143,Auditor,,REP,ERIC L. HOUSEHOLDER,71
Harrison,PRECINCT 144,Auditor,,REP,ERIC L. HOUSEHOLDER,18
Harrison,PRECINCT 144A,Auditor,,REP,ERIC L. HOUSEHOLDER,18
Harrison,PRECINCT 145,Auditor,,REP,ERIC L. HOUSEHOLDER,42
Harrison,PRECINCT 1,Auditor,,REP,MARK HUNT,77
Harrison,PRECINCT 1A,Auditor,,REP,MARK HUNT,7
Harrison,PRECINCT 2,Auditor,,REP,MARK HUNT,9
Harrison,PRECINCT 4,Auditor,,REP,MARK HUNT,60
Harrison,PRECINCT 6,Auditor,,REP,MARK HUNT,41
Harrison,PRECINCT 9,Auditor,,REP,MARK HUNT,17
Harrison,PRECINCT 10,Auditor,,REP,MARK HUNT,36
Harrison,PRECINCT 14,Auditor,,REP,MARK HUNT,75
Harrison,PRECINCT 28,Auditor,,REP,MARK HUNT,42
Harrison,PRECINCT 33,Auditor,,REP,MARK HUNT,58
Harrison,PRECINCT 36A,Auditor,,REP,MARK HUNT,17
Harrison,PRECINCT 43,Auditor,,REP,MARK HUNT,19
Harrison,PRECINCT 44,Auditor,,REP,MARK HUNT,22
Harrison,PRECINCT 45,Auditor,,REP,MARK HUNT,34
Harrison,PRECINCT 46,Auditor,,REP,MARK HUNT,30
Harrison,PRECINCT 48,Auditor,,REP,MARK HUNT,28
Harrison,PRECINCT 50,Auditor,,REP,MARK HUNT,39
Harrison,PRECINCT 51,Auditor,,REP,MARK HUNT,8
Harrison,PRECINCT 52,Auditor,,REP,MARK HUNT,29
Harrison,PRECINCT 53,Auditor,,REP,MARK HUNT,18
Harrison,PRECINCT 59,Auditor,,REP,MARK HUNT,25
Harrison,PRECINCT 61,Auditor,,REP,MARK HUNT,52
Harrison,PRECINCT 63,Auditor,,REP,MARK HUNT,46
Harrison,PRECINCT 66,Auditor,,REP,MARK HUNT,14
Harrison,PRECINCT 66A,Auditor,,REP,MARK HUNT,0
Harrison,PRECINCT 66B,Auditor,,REP,MARK HUNT,4
Harrison,PRECINCT 68,Auditor,,REP,MARK HUNT,34
Harrison,PRECINCT 74,Auditor,,REP,MARK HUNT,52
Harrison,PRECINCT 80,Auditor,,REP,MARK HUNT,45
Harrison,PRECINCT 87,Auditor,,REP,MARK HUNT,21
Harrison,PRECINCT 92,Auditor,,REP,MARK HUNT,35
Harrison,PRECINCT 95,Auditor,,REP,MARK HUNT,24
Harrison,PRECINCT 96,Auditor,,REP,MARK HUNT,26
Harrison,PRECINCT 98,Auditor,,REP,MARK HUNT,21
Harrison,PRECINCT 102,Auditor,,REP,MARK HUNT,93
Harrison,PRECINCT 103,Auditor,,REP,MARK HUNT,22
Harrison,PRECINCT 104,Auditor,,REP,MARK HUNT,31
Harrison,PRECINCT 106,Auditor,,REP,MARK HUNT,21
Harrison,PRECINCT 107,Auditor,,REP,MARK HUNT,20
Harrison,PRECINCT 108,Auditor,,REP,MARK HUNT,40
Harrison,PRECINCT 110,Auditor,,REP,MARK HUNT,35
Harrison,PRECINCT 114,Auditor,,REP,MARK HUNT,22
Harrison,PRECINCT 114A,Auditor,,REP,MARK HUNT,5
Harrison,PRECINCT 118,Auditor,,REP,MARK HUNT,22
Harrison,PRECINCT 120,Auditor,,REP,MARK HUNT,48
Harrison,PRECINCT 121,Auditor,,REP,MARK HUNT,16
Harrison,PRECINCT 122,Auditor,,REP,MARK HUNT,29
Harrison,PRECINCT 123,Auditor,,REP,MARK HUNT,154
Harrison,PRECINCT 125,Auditor,,REP,MARK HUNT,53
Harrison,PRECINCT 126,Auditor,,REP,MARK HUNT,45
Harrison,PRECINCT 128,Auditor,,REP,MARK HUNT,53
Harrison,PRECINCT 129,Auditor,,REP,MARK HUNT,84
Harrison,PRECINCT 129B,Auditor,,REP,MARK HUNT,97
Harrison,PRECINCT 129C,Auditor,,REP,MARK HUNT,26
Harrison,PRECINCT 130,Auditor,,REP,MARK HUNT,26
Harrison,PRECINCT 132,Auditor,,REP,MARK HUNT,17
Harrison,PRECINCT 133,Auditor,,REP,MARK HUNT,63
Harrison,PRECINCT 134,Auditor,,REP,MARK HUNT,51
Harrison,PRECINCT 135,Auditor,,REP,MARK HUNT,21
Harrison,PRECINCT 136,Auditor,,REP,MARK HUNT,16
Harrison,PRECINCT 137,Auditor,,REP,MARK HUNT,7
Harrison,PRECINCT 143,Auditor,,REP,MARK HUNT,97
Harrison,PRECINCT 144,Auditor,,REP,MARK HUNT,18
Harrison,PRECINCT 144A,Auditor,,REP,MARK HUNT,36
Harrison,PRECINCT 145,Auditor,,REP,MARK HUNT,27
Harrison,PRECINCT 1,Auditor,,REP,TRICIA  JACKSON,35
Harrison,PRECINCT 1A,Auditor,,REP,TRICIA  JACKSON,2
Harrison,PRECINCT 2,Auditor,,REP,TRICIA  JACKSON,8
Harrison,PRECINCT 4,Auditor,,REP,TRICIA  JACKSON,47
Harrison,PRECINCT 6,Auditor,,REP,TRICIA  JACKSON,44
Harrison,PRECINCT 9,Auditor,,REP,TRICIA  JACKSON,16
Harrison,PRECINCT 10,Auditor,,REP,TRICIA  JACKSON,27
Harrison,PRECINCT 14,Auditor,,REP,TRICIA  JACKSON,54
Harrison,PRECINCT 28,Auditor,,REP,TRICIA  JACKSON,39
Harrison,PRECINCT 33,Auditor,,REP,TRICIA  JACKSON,52
Harrison,PRECINCT 36A,Auditor,,REP,TRICIA  JACKSON,15
Harrison,PRECINCT 43,Auditor,,REP,TRICIA  JACKSON,16
Harrison,PRECINCT 44,Auditor,,REP,TRICIA  JACKSON,15
Harrison,PRECINCT 45,Auditor,,REP,TRICIA  JACKSON,28
Harrison,PRECINCT 46,Auditor,,REP,TRICIA  JACKSON,24
Harrison,PRECINCT 48,Auditor,,REP,TRICIA  JACKSON,30
Harrison,PRECINCT 50,Auditor,,REP,TRICIA  JACKSON,22
Harrison,PRECINCT 51,Auditor,,REP,TRICIA  JACKSON,14
Harrison,PRECINCT 52,Auditor,,REP,TRICIA  JACKSON,20
Harrison,PRECINCT 53,Auditor,,REP,TRICIA  JACKSON,11
Harrison,PRECINCT 59,Auditor,,REP,TRICIA  JACKSON,22
Harrison,PRECINCT 61,Auditor,,REP,TRICIA  JACKSON,34
Harrison,PRECINCT 63,Auditor,,REP,TRICIA  JACKSON,26
Harrison,PRECINCT 66,Auditor,,REP,TRICIA  JACKSON,24
Harrison,PRECINCT 66A,Auditor,,REP,TRICIA  JACKSON,0
Harrison,PRECINCT 66B,Auditor,,REP,TRICIA  JACKSON,3
Harrison,PRECINCT 68,Auditor,,REP,TRICIA  JACKSON,27
Harrison,PRECINCT 74,Auditor,,REP,TRICIA  JACKSON,42
Harrison,PRECINCT 80,Auditor,,REP,TRICIA  JACKSON,42
Harrison,PRECINCT 87,Auditor,,REP,TRICIA  JACKSON,13
Harrison,PRECINCT 92,Auditor,,REP,TRICIA  JACKSON,23
Harrison,PRECINCT 95,Auditor,,REP,TRICIA  JACKSON,13
Harrison,PRECINCT 96,Auditor,,REP,TRICIA  JACKSON,29
Harrison,PRECINCT 98,Auditor,,REP,TRICIA  JACKSON,18
Harrison,PRECINCT 102,Auditor,,REP,TRICIA  JACKSON,67
Harrison,PRECINCT 103,Auditor,,REP,TRICIA  JACKSON,19
Harrison,PRECINCT 104,Auditor,,REP,TRICIA  JACKSON,15
Harrison,PRECINCT 106,Auditor,,REP,TRICIA  JACKSON,27
Harrison,PRECINCT 107,Auditor,,REP,TRICIA  JACKSON,15
Harrison,PRECINCT 108,Auditor,,REP,TRICIA  JACKSON,45
Harrison,PRECINCT 110,Auditor,,REP,TRICIA  JACKSON,35
Harrison,PRECINCT 114,Auditor,,REP,TRICIA  JACKSON,16
Harrison,PRECINCT 114A,Auditor,,REP,TRICIA  JACKSON,9
Harrison,PRECINCT 118,Auditor,,REP,TRICIA  JACKSON,17
Harrison,PRECINCT 120,Auditor,,REP,TRICIA  JACKSON,28
Harrison,PRECINCT 121,Auditor,,REP,TRICIA  JACKSON,11
Harrison,PRECINCT 122,Auditor,,REP,TRICIA  JACKSON,25
Harrison,PRECINCT 123,Auditor,,REP,TRICIA  JACKSON,81
Harrison,PRECINCT 125,Auditor,,REP,TRICIA  JACKSON,49
Harrison,PRECINCT 126,Auditor,,REP,TRICIA  JACKSON,16
Harrison,PRECINCT 128,Auditor,,REP,TRICIA  JACKSON,32
Harrison,PRECINCT 129,Auditor,,REP,TRICIA  JACKSON,67
Harrison,PRECINCT 129B,Auditor,,REP,TRICIA  JACKSON,51
Harrison,PRECINCT 129C,Auditor,,REP,TRICIA  JACKSON,28
Harrison,PRECINCT 130,Auditor,,REP,TRICIA  JACKSON,18
Harrison,PRECINCT 132,Auditor,,REP,TRICIA  JACKSON,12
Harrison,PRECINCT 133,Auditor,,REP,TRICIA  JACKSON,32
Harrison,PRECINCT 134,Auditor,,REP,TRICIA  JACKSON,33
Harrison,PRECINCT 135,Auditor,,REP,TRICIA  JACKSON,13
Harrison,PRECINCT 136,Auditor,,REP,TRICIA  JACKSON,6
Harrison,PRECINCT 137,Auditor,,REP,TRICIA  JACKSON,5
Harrison,PRECINCT 143,Auditor,,REP,TRICIA  JACKSON,55
Harrison,PRECINCT 144,Auditor,,REP,TRICIA  JACKSON,17
Harrison,PRECINCT 144A,Auditor,,REP,TRICIA  JACKSON,26
Harrison,PRECINCT 145,Auditor,,REP,TRICIA  JACKSON,33
Harrison,PRECINCT 1,Auditor,,REP,CALEB L.  HANNA,29
Harrison,PRECINCT 1A,Auditor,,REP,CALEB L.  HANNA,0
Harrison,PRECINCT 2,Auditor,,REP,CALEB L.  HANNA,3
Harrison,PRECINCT 4,Auditor,,REP,CALEB L.  HANNA,26
Harrison,PRECINCT 6,Auditor,,REP,CALEB L.  HANNA,20
Harrison,PRECINCT 9,Auditor,,REP,CALEB L.  HANNA,12
Harrison,PRECINCT 10,Auditor,,REP,CALEB L.  HANNA,9
Harrison,PRECINCT 14,Auditor,,REP,CALEB L.  HANNA,25
Harrison,PRECINCT 28,Auditor,,REP,CALEB L.  HANNA,13
Harrison,PRECINCT 33,Auditor,,REP,CALEB L.  HANNA,12
Harrison,PRECINCT 36A,Auditor,,REP,CALEB L.  HANNA,4
Harrison,PRECINCT 43,Auditor,,REP,CALEB L.  HANNA,9
Harrison,PRECINCT 44,Auditor,,REP,CALEB L.  HANNA,4
Harrison,PRECINCT 45,Auditor,,REP,CALEB L.  HANNA,12
Harrison,PRECINCT 46,Auditor,,REP,CALEB L.  HANNA,7
Harrison,PRECINCT 48,Auditor,,REP,CALEB L.  HANNA,11
Harrison,PRECINCT 50,Auditor,,REP,CALEB L.  HANNA,9
Harrison,PRECINCT 51,Auditor,,REP,CALEB L.  HANNA,6
Harrison,PRECINCT 52,Auditor,,REP,CALEB L.  HANNA,12
Harrison,PRECINCT 53,Auditor,,REP,CALEB L.  HANNA,2
Harrison,PRECINCT 59,Auditor,,REP,CALEB L.  HANNA,5
Harrison,PRECINCT 61,Auditor,,REP,CALEB L.  HANNA,15
Harrison,PRECINCT 63,Auditor,,REP,CALEB L.  HANNA,20
Harrison,PRECINCT 66,Auditor,,REP,CALEB L.  HANNA,4
Harrison,PRECINCT 66A,Auditor,,REP,CALEB L.  HANNA,0
Harrison,PRECINCT 66B,Auditor,,REP,CALEB L.  HANNA,0
Harrison,PRECINCT 68,Auditor,,REP,CALEB L.  HANNA,12
Harrison,PRECINCT 74,Auditor,,REP,CALEB L.  HANNA,16
Harrison,PRECINCT 80,Auditor,,REP,CALEB L.  HANNA,19
Harrison,PRECINCT 87,Auditor,,REP,CALEB L.  HANNA,4
Harrison,PRECINCT 92,Auditor,,REP,CALEB L.  HANNA,14
Harrison,PRECINCT 95,Auditor,,REP,CALEB L.  HANNA,12
Harrison,PRECINCT 96,Auditor,,REP,CALEB L.  HANNA,8
Harrison,PRECINCT 98,Auditor,,REP,CALEB L.  HANNA,2
Harrison,PRECINCT 102,Auditor,,REP,CALEB L.  HANNA,42
Harrison,PRECINCT 103,Auditor,,REP,CALEB L.  HANNA,13
Harrison,PRECINCT 104,Auditor,,REP,CALEB L.  HANNA,9
Harrison,PRECINCT 106,Auditor,,REP,CALEB L.  HANNA,15
Harrison,PRECINCT 107,Auditor,,REP,CALEB L.  HANNA,4
Harrison,PRECINCT 108,Auditor,,REP,CALEB L.  HANNA,26
Harrison,PRECINCT 110,Auditor,,REP,CALEB L.  HANNA,22
Harrison,PRECINCT 114,Auditor,,REP,CALEB L.  HANNA,10
Harrison,PRECINCT 114A,Auditor,,REP,CALEB L.  HANNA,5
Harrison,PRECINCT 118,Auditor,,REP,CALEB L.  HANNA,10
Harrison,PRECINCT 120,Auditor,,REP,CALEB L.  HANNA,29
Harrison,PRECINCT 121,Auditor,,REP,CALEB L.  HANNA,4
Harrison,PRECINCT 122,Auditor,,REP,CALEB L.  HANNA,9
Harrison,PRECINCT 123,Auditor,,REP,CALEB L.  HANNA,52
Harrison,PRECINCT 125,Auditor,,REP,CALEB L.  HANNA,12
Harrison,PRECINCT 126,Auditor,,REP,CALEB L.  HANNA,16
Harrison,PRECINCT 128,Auditor,,REP,CALEB L.  HANNA,26
Harrison,PRECINCT 129,Auditor,,REP,CALEB L.  HANNA,32
Harrison,PRECINCT 129B,Auditor,,REP,CALEB L.  HANNA,36
Harrison,PRECINCT 129C,Auditor,,REP,CALEB L.  HANNA,8
Harrison,PRECINCT 130,Auditor,,REP,CALEB L.  HANNA,6
Harrison,PRECINCT 132,Auditor,,REP,CALEB L.  HANNA,5
Harrison,PRECINCT 133,Auditor,,REP,CALEB L.  HANNA,20
Harrison,PRECINCT 134,Auditor,,REP,CALEB L.  HANNA,14
Harrison,PRECINCT 135,Auditor,,REP,CALEB L.  HANNA,8
Harrison,PRECINCT 136,Auditor,,REP,CALEB L.  HANNA,7
Harrison,PRECINCT 137,Auditor,,REP,CALEB L.  HANNA,4
Harrison,PRECINCT 143,Auditor,,REP,CALEB L.  HANNA,33
Harrison,PRECINCT 144,Auditor,,REP,CALEB L.  HANNA,9
Harrison,PRECINCT 144A,Auditor,,REP,CALEB L.  HANNA,9
Harrison,PRECINCT 145,Auditor,,REP,CALEB L.  HANNA,9
Harrison,PRECINCT 1,Auditor,,DEM,MARY ANN ROEBUCK CLAYTOR,126
Harrison,PRECINCT 1A,Auditor,,DEM,MARY ANN ROEBUCK CLAYTOR,11
Harrison,PRECINCT 2,Auditor,,DEM,MARY ANN ROEBUCK CLAYTOR,11
Harrison,PRECINCT 4,Auditor,,DEM,MARY ANN ROEBUCK CLAYTOR,117
Harrison,PRECINCT 6,Auditor,,DEM,MARY ANN ROEBUCK CLAYTOR,106
Harrison,PRECINCT 9,Auditor,,DEM,MARY ANN ROEBUCK CLAYTOR,63
Harrison,PRECINCT 10,Auditor,,DEM,MARY ANN ROEBUCK CLAYTOR,33
Harrison,PRECINCT 14,Auditor,,DEM,MARY ANN ROEBUCK CLAYTOR,197
Harrison,PRECINCT 28,Auditor,,DEM,MARY ANN ROEBUCK CLAYTOR,95
Harrison,PRECINCT 33,Auditor,,DEM,MARY ANN ROEBUCK CLAYTOR,147
Harrison,PRECINCT 36A,Auditor,,DEM,MARY ANN ROEBUCK CLAYTOR,44
Harrison,PRECINCT 43,Auditor,,DEM,MARY ANN ROEBUCK CLAYTOR,22
Harrison,PRECINCT 44,Auditor,,DEM,MARY ANN ROEBUCK CLAYTOR,30
Harrison,PRECINCT 45,Auditor,,DEM,MARY ANN ROEBUCK CLAYTOR,41
Harrison,PRECINCT 46,Auditor,,DEM,MARY ANN ROEBUCK CLAYTOR,39
Harrison,PRECINCT 48,Auditor,,DEM,MARY ANN ROEBUCK CLAYTOR,52
Harrison,PRECINCT 50,Auditor,,DEM,MARY ANN ROEBUCK CLAYTOR,56
Harrison,PRECINCT 51,Auditor,,DEM,MARY ANN ROEBUCK CLAYTOR,41
Harrison,PRECINCT 52,Auditor,,DEM,MARY ANN ROEBUCK CLAYTOR,45
Harrison,PRECINCT 53,Auditor,,DEM,MARY ANN ROEBUCK CLAYTOR,21
Harrison,PRECINCT 59,Auditor,,DEM,MARY ANN ROEBUCK CLAYTOR,49
Harrison,PRECINCT 61,Auditor,,DEM,MARY ANN ROEBUCK CLAYTOR,69
Harrison,PRECINCT 63,Auditor,,DEM,MARY ANN ROEBUCK CLAYTOR,62
Harrison,PRECINCT 66,Auditor,,DEM,MARY ANN ROEBUCK CLAYTOR,39
Harrison,PRECINCT 66A,Auditor,,DEM,MARY ANN ROEBUCK CLAYTOR,12
Harrison,PRECINCT 66B,Auditor,,DEM,MARY ANN ROEBUCK CLAYTOR,5
Harrison,PRECINCT 68,Auditor,,DEM,MARY ANN ROEBUCK CLAYTOR,130
Harrison,PRECINCT 74,Auditor,,DEM,MARY ANN ROEBUCK CLAYTOR,109
Harrison,PRECINCT 80,Auditor,,DEM,MARY ANN ROEBUCK CLAYTOR,169
Harrison,PRECINCT 87,Auditor,,DEM,MARY ANN ROEBUCK CLAYTOR,25
Harrison,PRECINCT 92,Auditor,,DEM,MARY ANN ROEBUCK CLAYTOR,28
Harrison,PRECINCT 95,Auditor,,DEM,MARY ANN ROEBUCK CLAYTOR,30
Harrison,PRECINCT 96,Auditor,,DEM,MARY ANN ROEBUCK CLAYTOR,54
Harrison,PRECINCT 98,Auditor,,DEM,MARY ANN ROEBUCK CLAYTOR,18
Harrison,PRECINCT 102,Auditor,,DEM,MARY ANN ROEBUCK CLAYTOR,107
Harrison,PRECINCT 103,Auditor,,DEM,MARY ANN ROEBUCK CLAYTOR,15
Harrison,PRECINCT 104,Auditor,,DEM,MARY ANN ROEBUCK CLAYTOR,23
Harrison,PRECINCT 106,Auditor,,DEM,MARY ANN ROEBUCK CLAYTOR,34
Harrison,PRECINCT 107,Auditor,,DEM,MARY ANN ROEBUCK CLAYTOR,15
Harrison,PRECINCT 108,Auditor,,DEM,MARY ANN ROEBUCK CLAYTOR,37
Harrison,PRECINCT 110,Auditor,,DEM,MARY ANN ROEBUCK CLAYTOR,39
Harrison,PRECINCT 114,Auditor,,DEM,MARY ANN ROEBUCK CLAYTOR,44
Harrison,PRECINCT 114A,Auditor,,DEM,MARY ANN ROEBUCK CLAYTOR,7
Harrison,PRECINCT 118,Auditor,,DEM,MARY ANN ROEBUCK CLAYTOR,17
Harrison,PRECINCT 120,Auditor,,DEM,MARY ANN ROEBUCK CLAYTOR,36
Harrison,PRECINCT 121,Auditor,,DEM,MARY ANN ROEBUCK CLAYTOR,27
Harrison,PRECINCT 122,Auditor,,DEM,MARY ANN ROEBUCK CLAYTOR,20
Harrison,PRECINCT 123,Auditor,,DEM,MARY ANN ROEBUCK CLAYTOR,226
Harrison,PRECINCT 125,Auditor,,DEM,MARY ANN ROEBUCK CLAYTOR,108
Harrison,PRECINCT 126,Auditor,,DEM,MARY ANN ROEBUCK CLAYTOR,71
Harrison,PRECINCT 128,Auditor,,DEM,MARY ANN ROEBUCK CLAYTOR,77
Harrison,PRECINCT 129,Auditor,,DEM,MARY ANN ROEBUCK CLAYTOR,150
Harrison,PRECINCT 129B,Auditor,,DEM,MARY ANN ROEBUCK CLAYTOR,147
Harrison,PRECINCT 129C,Auditor,,DEM,MARY ANN ROEBUCK CLAYTOR,50
Harrison,PRECINCT 130,Auditor,,DEM,MARY ANN ROEBUCK CLAYTOR,19
Harrison,PRECINCT 132,Auditor,,DEM,MARY ANN ROEBUCK CLAYTOR,22
Harrison,PRECINCT 133,Auditor,,DEM,MARY ANN ROEBUCK CLAYTOR,62
Harrison,PRECINCT 134,Auditor,,DEM,MARY ANN ROEBUCK CLAYTOR,24
Harrison,PRECINCT 135,Auditor,,DEM,MARY ANN ROEBUCK CLAYTOR,3
Harrison,PRECINCT 136,Auditor,,DEM,MARY ANN ROEBUCK CLAYTOR,10
Harrison,PRECINCT 137,Auditor,,DEM,MARY ANN ROEBUCK CLAYTOR,9
Harrison,PRECINCT 143,Auditor,,DEM,MARY ANN ROEBUCK CLAYTOR,77
Harrison,PRECINCT 144,Auditor,,DEM,MARY ANN ROEBUCK CLAYTOR,20
Harrison,PRECINCT 144A,Auditor,,DEM,MARY ANN ROEBUCK CLAYTOR,26
Harrison,PRECINCT 145,Auditor,,DEM,MARY ANN ROEBUCK CLAYTOR,37
Harrison,PRECINCT 1,Auditor,,MTN,NO CANDIDATE FILED,0
Harrison,PRECINCT 1A,Auditor,,MTN,NO CANDIDATE FILED,0
Harrison,PRECINCT 2,Auditor,,MTN,NO CANDIDATE FILED,0
Harrison,PRECINCT 4,Auditor,,MTN,NO CANDIDATE FILED,0
Harrison,PRECINCT 6,Auditor,,MTN,NO CANDIDATE FILED,0
Harrison,PRECINCT 9,Auditor,,MTN,NO CANDIDATE FILED,0
Harrison,PRECINCT 10,Auditor,,MTN,NO CANDIDATE FILED,0
Harrison,PRECINCT 14,Auditor,,MTN,NO CANDIDATE FILED,0
Harrison,PRECINCT 28,Auditor,,MTN,NO CANDIDATE FILED,0
Harrison,PRECINCT 33,Auditor,,MTN,NO CANDIDATE FILED,0
Harrison,PRECINCT 36A,Auditor,,MTN,NO CANDIDATE FILED,0
Harrison,PRECINCT 43,Auditor,,MTN,NO CANDIDATE FILED,0
Harrison,PRECINCT 44,Auditor,,MTN,NO CANDIDATE FILED,0
Harrison,PRECINCT 45,Auditor,,MTN,NO CANDIDATE FILED,0
Harrison,PRECINCT 46,Auditor,,MTN,NO CANDIDATE FILED,0
Harrison,PRECINCT 48,Auditor,,MTN,NO CANDIDATE FILED,0
Harrison,PRECINCT 50,Auditor,,MTN,NO CANDIDATE FILED,0
Harrison,PRECINCT 51,Auditor,,MTN,NO CANDIDATE FILED,0
Harrison,PRECINCT 52,Auditor,,MTN,NO CANDIDATE FILED,0
Harrison,PRECINCT 53,Auditor,,MTN,NO CANDIDATE FILED,0
Harrison,PRECINCT 59,Auditor,,MTN,NO CANDIDATE FILED,0
Harrison,PRECINCT 61,Auditor,,MTN,NO CANDIDATE FILED,0
Harrison,PRECINCT 63,Auditor,,MTN,NO CANDIDATE FILED,0
Harrison,PRECINCT 66,Auditor,,MTN,NO CANDIDATE FILED,0
Harrison,PRECINCT 66A,Auditor,,MTN,NO CANDIDATE FILED,0
Harrison,PRECINCT 66B,Auditor,,MTN,NO CANDIDATE FILED,0
Harrison,PRECINCT 68,Auditor,,MTN,NO CANDIDATE FILED,0
Harrison,PRECINCT 74,Auditor,,MTN,NO CANDIDATE FILED,0
Harrison,PRECINCT 80,Auditor,,MTN,NO CANDIDATE FILED,0
Harrison,PRECINCT 87,Auditor,,MTN,NO CANDIDATE FILED,0
Harrison,PRECINCT 92,Auditor,,MTN,NO CANDIDATE FILED,0
Harrison,PRECINCT 95,Auditor,,MTN,NO CANDIDATE FILED,0
Harrison,PRECINCT 96,Auditor,,MTN,NO CANDIDATE FILED,0
Harrison,PRECINCT 98,Auditor,,MTN,NO CANDIDATE FILED,0
Harrison,PRECINCT 102,Auditor,,MTN,NO CANDIDATE FILED,0
Harrison,PRECINCT 103,Auditor,,MTN,NO CANDIDATE FILED,0
Harrison,PRECINCT 104,Auditor,,MTN,NO CANDIDATE FILED,0
Harrison,PRECINCT 106,Auditor,,MTN,NO CANDIDATE FILED,0
Harrison,PRECINCT 107,Auditor,,MTN,NO CANDIDATE FILED,0
Harrison,PRECINCT 108,Auditor,,MTN,NO CANDIDATE FILED,0
Harrison,PRECINCT 110,Auditor,,MTN,NO CANDIDATE FILED,0
Harrison,PRECINCT 114,Auditor,,MTN,NO CANDIDATE FILED,0
Harrison,PRECINCT 114A,Auditor,,MTN,NO CANDIDATE FILED,0
Harrison,PRECINCT 118,Auditor,,MTN,NO CANDIDATE FILED,0
Harrison,PRECINCT 120,Auditor,,MTN,NO CANDIDATE FILED,0
Harrison,PRECINCT 121,Auditor,,MTN,NO CANDIDATE FILED,0
Harrison,PRECINCT 122,Auditor,,MTN,NO CANDIDATE FILED,0
Harrison,PRECINCT 123,Auditor,,MTN,NO CANDIDATE FILED,0
Harrison,PRECINCT 125,Auditor,,MTN,NO CANDIDATE FILED,0
Harrison,PRECINCT 126,Auditor,,MTN,NO CANDIDATE FILED,0
Harrison,PRECINCT 128,Auditor,,MTN,NO CANDIDATE FILED,0
Harrison,PRECINCT 129,Auditor,,MTN,NO CANDIDATE FILED,0
Harrison,PRECINCT 129B,Auditor,,MTN,NO CANDIDATE FILED,0
Harrison,PRECINCT 129C,Auditor,,MTN,NO CANDIDATE FILED,0
Harrison,PRECINCT 130,Auditor,,MTN,NO CANDIDATE FILED,0
Harrison,PRECINCT 132,Auditor,,MTN,NO CANDIDATE FILED,0
Harrison,PRECINCT 133,Auditor,,MTN,NO CANDIDATE FILED,0
Harrison,PRECINCT 134,Auditor,,MTN,NO CANDIDATE FILED,0
Harrison,PRECINCT 135,Auditor,,MTN,NO CANDIDATE FILED,0
Harrison,PRECINCT 136,Auditor,,MTN,NO CANDIDATE FILED,0
Harrison,PRECINCT 137,Auditor,,MTN,NO CANDIDATE FILED,0
Harrison,PRECINCT 143,Auditor,,MTN,NO CANDIDATE FILED,0
Harrison,PRECINCT 144,Auditor,,MTN,NO CANDIDATE FILED,0
Harrison,PRECINCT 144A,Auditor,,MTN,NO CANDIDATE FILED,0
Harrison,PRECINCT 145,Auditor,,MTN,NO CANDIDATE FILED,0
Harrison,PRECINCT 1,State Treasurer,,REP,LARRY PACK,202
Harrison,PRECINCT 1A,State Treasurer,,REP,LARRY PACK,16
Harrison,PRECINCT 2,State Treasurer,,REP,LARRY PACK,24
Harrison,PRECINCT 4,State Treasurer,,REP,LARRY PACK,173
Harrison,PRECINCT 6,State Treasurer,,REP,LARRY PACK,136
Harrison,PRECINCT 9,State Treasurer,,REP,LARRY PACK,65
Harrison,PRECINCT 10,State Treasurer,,REP,LARRY PACK,79
Harrison,PRECINCT 14,State Treasurer,,REP,LARRY PACK,188
Harrison,PRECINCT 28,State Treasurer,,REP,LARRY PACK,125
Harrison,PRECINCT 33,State Treasurer,,REP,LARRY PACK,179
Harrison,PRECINCT 36A,State Treasurer,,REP,LARRY PACK,68
Harrison,PRECINCT 43,State Treasurer,,REP,LARRY PACK,62
Harrison,PRECINCT 44,State Treasurer,,REP,LARRY PACK,51
Harrison,PRECINCT 45,State Treasurer,,REP,LARRY PACK,115
Harrison,PRECINCT 46,State Treasurer,,REP,LARRY PACK,88
Harrison,PRECINCT 48,State Treasurer,,REP,LARRY PACK,114
Harrison,PRECINCT 50,State Treasurer,,REP,LARRY PACK,94
Harrison,PRECINCT 51,State Treasurer,,REP,LARRY PACK,39
Harrison,PRECINCT 52,State Treasurer,,REP,LARRY PACK,84
Harrison,PRECINCT 53,State Treasurer,,REP,LARRY PACK,45
Harrison,PRECINCT 59,State Treasurer,,REP,LARRY PACK,63
Harrison,PRECINCT 61,State Treasurer,,REP,LARRY PACK,122
Harrison,PRECINCT 63,State Treasurer,,REP,LARRY PACK,119
Harrison,PRECINCT 66,State Treasurer,,REP,LARRY PACK,53
Harrison,PRECINCT 66A,State Treasurer,,REP,LARRY PACK,0
Harrison,PRECINCT 66B,State Treasurer,,REP,LARRY PACK,11
Harrison,PRECINCT 68,State Treasurer,,REP,LARRY PACK,94
Harrison,PRECINCT 74,State Treasurer,,REP,LARRY PACK,160
Harrison,PRECINCT 80,State Treasurer,,REP,LARRY PACK,170
Harrison,PRECINCT 87,State Treasurer,,REP,LARRY PACK,49
Harrison,PRECINCT 92,State Treasurer,,REP,LARRY PACK,91
Harrison,PRECINCT 95,State Treasurer,,REP,LARRY PACK,59
Harrison,PRECINCT 96,State Treasurer,,REP,LARRY PACK,88
Harrison,PRECINCT 98,State Treasurer,,REP,LARRY PACK,59
Harrison,PRECINCT 102,State Treasurer,,REP,LARRY PACK,259
Harrison,PRECINCT 103,State Treasurer,,REP,LARRY PACK,73
Harrison,PRECINCT 104,State Treasurer,,REP,LARRY PACK,82
Harrison,PRECINCT 106,State Treasurer,,REP,LARRY PACK,70
Harrison,PRECINCT 107,State Treasurer,,REP,LARRY PACK,45
Harrison,PRECINCT 108,State Treasurer,,REP,LARRY PACK,147
Harrison,PRECINCT 110,State Treasurer,,REP,LARRY PACK,120
Harrison,PRECINCT 114,State Treasurer,,REP,LARRY PACK,66
Harrison,PRECINCT 114A,State Treasurer,,REP,LARRY PACK,24
Harrison,PRECINCT 118,State Treasurer,,REP,LARRY PACK,62
Harrison,PRECINCT 120,State Treasurer,,REP,LARRY PACK,142
Harrison,PRECINCT 121,State Treasurer,,REP,LARRY PACK,36
Harrison,PRECINCT 122,State Treasurer,,REP,LARRY PACK,82
Harrison,PRECINCT 123,State Treasurer,,REP,LARRY PACK,383
Harrison,PRECINCT 125,State Treasurer,,REP,LARRY PACK,181
Harrison,PRECINCT 126,State Treasurer,,REP,LARRY PACK,129
Harrison,PRECINCT 128,State Treasurer,,REP,LARRY PACK,148
Harrison,PRECINCT 129,State Treasurer,,REP,LARRY PACK,268
Harrison,PRECINCT 129B,State Treasurer,,REP,LARRY PACK,254
Harrison,PRECINCT 129C,State Treasurer,,REP,LARRY PACK,95
Harrison,PRECINCT 130,State Treasurer,,REP,LARRY PACK,67
Harrison,PRECINCT 132,State Treasurer,,REP,LARRY PACK,38
Harrison,PRECINCT 133,State Treasurer,,REP,LARRY PACK,144
Harrison,PRECINCT 134,State Treasurer,,REP,LARRY PACK,119
Harrison,PRECINCT 135,State Treasurer,,REP,LARRY PACK,50
Harrison,PRECINCT 136,State Treasurer,,REP,LARRY PACK,38
Harrison,PRECINCT 137,State Treasurer,,REP,LARRY PACK,25
Harrison,PRECINCT 143,State Treasurer,,REP,LARRY PACK,232
Harrison,PRECINCT 144,State Treasurer,,REP,LARRY PACK,58
Harrison,PRECINCT 144A,State Treasurer,,REP,LARRY PACK,73
Harrison,PRECINCT 145,State Treasurer,,REP,LARRY PACK,100
Harrison,PRECINCT 1,State Treasurer,,DEM,NO CANDIDATE FILED,0
Harrison,PRECINCT 1A,State Treasurer,,DEM,NO CANDIDATE FILED,0
Harrison,PRECINCT 2,State Treasurer,,DEM,NO CANDIDATE FILED,0
Harrison,PRECINCT 4,State Treasurer,,DEM,NO CANDIDATE FILED,0
Harrison,PRECINCT 6,State Treasurer,,DEM,NO CANDIDATE FILED,0
Harrison,PRECINCT 9,State Treasurer,,DEM,NO CANDIDATE FILED,0
Harrison,PRECINCT 10,State Treasurer,,DEM,NO CANDIDATE FILED,0
Harrison,PRECINCT 14,State Treasurer,,DEM,NO CANDIDATE FILED,0
Harrison,PRECINCT 28,State Treasurer,,DEM,NO CANDIDATE FILED,0
Harrison,PRECINCT 33,State Treasurer,,DEM,NO CANDIDATE FILED,0
Harrison,PRECINCT 36A,State Treasurer,,DEM,NO CANDIDATE FILED,0
Harrison,PRECINCT 43,State Treasurer,,DEM,NO CANDIDATE FILED,0
Harrison,PRECINCT 44,State Treasurer,,DEM,NO CANDIDATE FILED,0
Harrison,PRECINCT 45,State Treasurer,,DEM,NO CANDIDATE FILED,0
Harrison,PRECINCT 46,State Treasurer,,DEM,NO CANDIDATE FILED,0
Harrison,PRECINCT 48,State Treasurer,,DEM,NO CANDIDATE FILED,0
Harrison,PRECINCT 50,State Treasurer,,DEM,NO CANDIDATE FILED,0
Harrison,PRECINCT 51,State Treasurer,,DEM,NO CANDIDATE FILED,0
Harrison,PRECINCT 52,State Treasurer,,DEM,NO CANDIDATE FILED,0
Harrison,PRECINCT 53,State Treasurer,,DEM,NO CANDIDATE FILED,0
Harrison,PRECINCT 59,State Treasurer,,DEM,NO CANDIDATE FILED,0
Harrison,PRECINCT 61,State Treasurer,,DEM,NO CANDIDATE FILED,0
Harrison,PRECINCT 63,State Treasurer,,DEM,NO CANDIDATE FILED,0
Harrison,PRECINCT 66,State Treasurer,,DEM,NO CANDIDATE FILED,0
Harrison,PRECINCT 66A,State Treasurer,,DEM,NO CANDIDATE FILED,0
Harrison,PRECINCT 66B,State Treasurer,,DEM,NO CANDIDATE FILED,0
Harrison,PRECINCT 68,State Treasurer,,DEM,NO CANDIDATE FILED,0
Harrison,PRECINCT 74,State Treasurer,,DEM,NO CANDIDATE FILED,0
Harrison,PRECINCT 80,State Treasurer,,DEM,NO CANDIDATE FILED,0
Harrison,PRECINCT 87,State Treasurer,,DEM,NO CANDIDATE FILED,0
Harrison,PRECINCT 92,State Treasurer,,DEM,NO CANDIDATE FILED,0
Harrison,PRECINCT 95,State Treasurer,,DEM,NO CANDIDATE FILED,0
Harrison,PRECINCT 96,State Treasurer,,DEM,NO CANDIDATE FILED,0
Harrison,PRECINCT 98,State Treasurer,,DEM,NO CANDIDATE FILED,0
Harrison,PRECINCT 102,State Treasurer,,DEM,NO CANDIDATE FILED,0
Harrison,PRECINCT 103,State Treasurer,,DEM,NO CANDIDATE FILED,0
Harrison,PRECINCT 104,State Treasurer,,DEM,NO CANDIDATE FILED,0
Harrison,PRECINCT 106,State Treasurer,,DEM,NO CANDIDATE FILED,0
Harrison,PRECINCT 107,State Treasurer,,DEM,NO CANDIDATE FILED,0
Harrison,PRECINCT 108,State Treasurer,,DEM,NO CANDIDATE FILED,0
Harrison,PRECINCT 110,State Treasurer,,DEM,NO CANDIDATE FILED,0
Harrison,PRECINCT 114,State Treasurer,,DEM,NO CANDIDATE FILED,0
Harrison,PRECINCT 114A,State Treasurer,,DEM,NO CANDIDATE FILED,0
Harrison,PRECINCT 118,State Treasurer,,DEM,NO CANDIDATE FILED,0
Harrison,PRECINCT 120,State Treasurer,,DEM,NO CANDIDATE FILED,0
Harrison,PRECINCT 121,State Treasurer,,DEM,NO CANDIDATE FILED,0
Harrison,PRECINCT 122,State Treasurer,,DEM,NO CANDIDATE FILED,0
Harrison,PRECINCT 123,State Treasurer,,DEM,NO CANDIDATE FILED,0
Harrison,PRECINCT 125,State Treasurer,,DEM,NO CANDIDATE FILED,0
Harrison,PRECINCT 126,State Treasurer,,DEM,NO CANDIDATE FILED,0
Harrison,PRECINCT 128,State Treasurer,,DEM,NO CANDIDATE FILED,0
Harrison,PRECINCT 129,State Treasurer,,DEM,NO CANDIDATE FILED,0
Harrison,PRECINCT 129B,State Treasurer,,DEM,NO CANDIDATE FILED,0
Harrison,PRECINCT 129C,State Treasurer,,DEM,NO CANDIDATE FILED,0
Harrison,PRECINCT 130,State Treasurer,,DEM,NO CANDIDATE FILED,0
Harrison,PRECINCT 132,State Treasurer,,DEM,NO CANDIDATE FILED,0
Harrison,PRECINCT 133,State Treasurer,,DEM,NO CANDIDATE FILED,0
Harrison,PRECINCT 134,State Treasurer,,DEM,NO CANDIDATE FILED,0
Harrison,PRECINCT 135,State Treasurer,,DEM,NO CANDIDATE FILED,0
Harrison,PRECINCT 136,State Treasurer,,DEM,NO CANDIDATE FILED,0
Harrison,PRECINCT 137,State Treasurer,,DEM,NO CANDIDATE FILED,0
Harrison,PRECINCT 143,State Treasurer,,DEM,NO CANDIDATE FILED,0
Harrison,PRECINCT 144,State Treasurer,,DEM,NO CANDIDATE FILED,0
Harrison,PRECINCT 144A,State Treasurer,,DEM,NO CANDIDATE FILED,0
Harrison,PRECINCT 145,State Treasurer,,DEM,NO CANDIDATE FILED,0
Harrison,PRECINCT 1,State Treasurer,,MTN,NO CANDIDATE FILED,0
Harrison,PRECINCT 1A,State Treasurer,,MTN,NO CANDIDATE FILED,0
Harrison,PRECINCT 2,State Treasurer,,MTN,NO CANDIDATE FILED,0
Harrison,PRECINCT 4,State Treasurer,,MTN,NO CANDIDATE FILED,0
Harrison,PRECINCT 6,State Treasurer,,MTN,NO CANDIDATE FILED,0
Harrison,PRECINCT 9,State Treasurer,,MTN,NO CANDIDATE FILED,0
Harrison,PRECINCT 10,State Treasurer,,MTN,NO CANDIDATE FILED,0
Harrison,PRECINCT 14,State Treasurer,,MTN,NO CANDIDATE FILED,0
Harrison,PRECINCT 28,State Treasurer,,MTN,NO CANDIDATE FILED,0
Harrison,PRECINCT 33,State Treasurer,,MTN,NO CANDIDATE FILED,0
Harrison,PRECINCT 36A,State Treasurer,,MTN,NO CANDIDATE FILED,0
Harrison,PRECINCT 43,State Treasurer,,MTN,NO CANDIDATE FILED,0
Harrison,PRECINCT 44,State Treasurer,,MTN,NO CANDIDATE FILED,0
Harrison,PRECINCT 45,State Treasurer,,MTN,NO CANDIDATE FILED,0
Harrison,PRECINCT 46,State Treasurer,,MTN,NO CANDIDATE FILED,0
Harrison,PRECINCT 48,State Treasurer,,MTN,NO CANDIDATE FILED,0
Harrison,PRECINCT 50,State Treasurer,,MTN,NO CANDIDATE FILED,0
Harrison,PRECINCT 51,State Treasurer,,MTN,NO CANDIDATE FILED,0
Harrison,PRECINCT 52,State Treasurer,,MTN,NO CANDIDATE FILED,0
Harrison,PRECINCT 53,State Treasurer,,MTN,NO CANDIDATE FILED,0
Harrison,PRECINCT 59,State Treasurer,,MTN,NO CANDIDATE FILED,0
Harrison,PRECINCT 61,State Treasurer,,MTN,NO CANDIDATE FILED,0
Harrison,PRECINCT 63,State Treasurer,,MTN,NO CANDIDATE FILED,0
Harrison,PRECINCT 66,State Treasurer,,MTN,NO CANDIDATE FILED,0
Harrison,PRECINCT 66A,State Treasurer,,MTN,NO CANDIDATE FILED,0
Harrison,PRECINCT 66B,State Treasurer,,MTN,NO CANDIDATE FILED,0
Harrison,PRECINCT 68,State Treasurer,,MTN,NO CANDIDATE FILED,0
Harrison,PRECINCT 74,State Treasurer,,MTN,NO CANDIDATE FILED,0
Harrison,PRECINCT 80,State Treasurer,,MTN,NO CANDIDATE FILED,0
Harrison,PRECINCT 87,State Treasurer,,MTN,NO CANDIDATE FILED,0
Harrison,PRECINCT 92,State Treasurer,,MTN,NO CANDIDATE FILED,0
Harrison,PRECINCT 95,State Treasurer,,MTN,NO CANDIDATE FILED,0
Harrison,PRECINCT 96,State Treasurer,,MTN,NO CANDIDATE FILED,0
Harrison,PRECINCT 98,State Treasurer,,MTN,NO CANDIDATE FILED,0
Harrison,PRECINCT 102,State Treasurer,,MTN,NO CANDIDATE FILED,0
Harrison,PRECINCT 103,State Treasurer,,MTN,NO CANDIDATE FILED,0
Harrison,PRECINCT 104,State Treasurer,,MTN,NO CANDIDATE FILED,0
Harrison,PRECINCT 106,State Treasurer,,MTN,NO CANDIDATE FILED,0
Harrison,PRECINCT 107,State Treasurer,,MTN,NO CANDIDATE FILED,0
Harrison,PRECINCT 108,State Treasurer,,MTN,NO CANDIDATE FILED,0
Harrison,PRECINCT 110,State Treasurer,,MTN,NO CANDIDATE FILED,0
Harrison,PRECINCT 114,State Treasurer,,MTN,NO CANDIDATE FILED,0
Harrison,PRECINCT 114A,State Treasurer,,MTN,NO CANDIDATE FILED,0
Harrison,PRECINCT 118,State Treasurer,,MTN,NO CANDIDATE FILED,0
Harrison,PRECINCT 120,State Treasurer,,MTN,NO CANDIDATE FILED,0
Harrison,PRECINCT 121,State Treasurer,,MTN,NO CANDIDATE FILED,0
Harrison,PRECINCT 122,State Treasurer,,MTN,NO CANDIDATE FILED,0
Harrison,PRECINCT 123,State Treasurer,,MTN,NO CANDIDATE FILED,0
Harrison,PRECINCT 125,State Treasurer,,MTN,NO CANDIDATE FILED,0
Harrison,PRECINCT 126,State Treasurer,,MTN,NO CANDIDATE FILED,0
Harrison,PRECINCT 128,State Treasurer,,MTN,NO CANDIDATE FILED,0
Harrison,PRECINCT 129,State Treasurer,,MTN,NO CANDIDATE FILED,0
Harrison,PRECINCT 129B,State Treasurer,,MTN,NO CANDIDATE FILED,0
Harrison,PRECINCT 129C,State Treasurer,,MTN,NO CANDIDATE FILED,0
Harrison,PRECINCT 130,State Treasurer,,MTN,NO CANDIDATE FILED,0
Harrison,PRECINCT 132,State Treasurer,,MTN,NO CANDIDATE FILED,0
Harrison,PRECINCT 133,State Treasurer,,MTN,NO CANDIDATE FILED,0
Harrison,PRECINCT 134,State Treasurer,,MTN,NO CANDIDATE FILED,0
Harrison,PRECINCT 135,State Treasurer,,MTN,NO CANDIDATE FILED,0
Harrison,PRECINCT 136,State Treasurer,,MTN,NO CANDIDATE FILED,0
Harrison,PRECINCT 137,State Treasurer,,MTN,NO CANDIDATE FILED,0
Harrison,PRECINCT 143,State Treasurer,,MTN,NO CANDIDATE FILED,0
Harrison,PRECINCT 144,State Treasurer,,MTN,NO CANDIDATE FILED,0
Harrison,PRECINCT 144A,State Treasurer,,MTN,NO CANDIDATE FILED,0
Harrison,PRECINCT 145,State Treasurer,,MTN,NO CANDIDATE FILED,0
Harrison,PRECINCT 1,Commissioner of Agriculture,,REP,JOSHUA KURT HIGGINBOTHAM,66
Harrison,PRECINCT 1A,Commissioner of Agriculture,,REP,JOSHUA KURT HIGGINBOTHAM,4
Harrison,PRECINCT 2,Commissioner of Agriculture,,REP,JOSHUA KURT HIGGINBOTHAM,7
Harrison,PRECINCT 4,Commissioner of Agriculture,,REP,JOSHUA KURT HIGGINBOTHAM,71
Harrison,PRECINCT 6,Commissioner of Agriculture,,REP,JOSHUA KURT HIGGINBOTHAM,52
Harrison,PRECINCT 9,Commissioner of Agriculture,,REP,JOSHUA KURT HIGGINBOTHAM,20
Harrison,PRECINCT 10,Commissioner of Agriculture,,REP,JOSHUA KURT HIGGINBOTHAM,26
Harrison,PRECINCT 14,Commissioner of Agriculture,,REP,JOSHUA KURT HIGGINBOTHAM,74
Harrison,PRECINCT 28,Commissioner of Agriculture,,REP,JOSHUA KURT HIGGINBOTHAM,38
Harrison,PRECINCT 33,Commissioner of Agriculture,,REP,JOSHUA KURT HIGGINBOTHAM,66
Harrison,PRECINCT 36A,Commissioner of Agriculture,,REP,JOSHUA KURT HIGGINBOTHAM,19
Harrison,PRECINCT 43,Commissioner of Agriculture,,REP,JOSHUA KURT HIGGINBOTHAM,18
Harrison,PRECINCT 44,Commissioner of Agriculture,,REP,JOSHUA KURT HIGGINBOTHAM,19
Harrison,PRECINCT 45,Commissioner of Agriculture,,REP,JOSHUA KURT HIGGINBOTHAM,22
Harrison,PRECINCT 46,Commissioner of Agriculture,,REP,JOSHUA KURT HIGGINBOTHAM,20
Harrison,PRECINCT 48,Commissioner of Agriculture,,REP,JOSHUA KURT HIGGINBOTHAM,18
Harrison,PRECINCT 50,Commissioner of Agriculture,,REP,JOSHUA KURT HIGGINBOTHAM,28
Harrison,PRECINCT 51,Commissioner of Agriculture,,REP,JOSHUA KURT HIGGINBOTHAM,10
Harrison,PRECINCT 52,Commissioner of Agriculture,,REP,JOSHUA KURT HIGGINBOTHAM,27
Harrison,PRECINCT 53,Commissioner of Agriculture,,REP,JOSHUA KURT HIGGINBOTHAM,10
Harrison,PRECINCT 59,Commissioner of Agriculture,,REP,JOSHUA KURT HIGGINBOTHAM,25
Harrison,PRECINCT 61,Commissioner of Agriculture,,REP,JOSHUA KURT HIGGINBOTHAM,35
Harrison,PRECINCT 63,Commissioner of Agriculture,,REP,JOSHUA KURT HIGGINBOTHAM,32
Harrison,PRECINCT 66,Commissioner of Agriculture,,REP,JOSHUA KURT HIGGINBOTHAM,18
Harrison,PRECINCT 66A,Commissioner of Agriculture,,REP,JOSHUA KURT HIGGINBOTHAM,0
Harrison,PRECINCT 66B,Commissioner of Agriculture,,REP,JOSHUA KURT HIGGINBOTHAM,3
Harrison,PRECINCT 68,Commissioner of Agriculture,,REP,JOSHUA KURT HIGGINBOTHAM,35
Harrison,PRECINCT 74,Commissioner of Agriculture,,REP,JOSHUA KURT HIGGINBOTHAM,51
Harrison,PRECINCT 80,Commissioner of Agriculture,,REP,JOSHUA KURT HIGGINBOTHAM,51
Harrison,PRECINCT 87,Commissioner of Agriculture,,REP,JOSHUA KURT HIGGINBOTHAM,20
Harrison,PRECINCT 92,Commissioner of Agriculture,,REP,JOSHUA KURT HIGGINBOTHAM,20
Harrison,PRECINCT 95,Commissioner of Agriculture,,REP,JOSHUA KURT HIGGINBOTHAM,11
Harrison,PRECINCT 96,Commissioner of Agriculture,,REP,JOSHUA KURT HIGGINBOTHAM,24
Harrison,PRECINCT 98,Commissioner of Agriculture,,REP,JOSHUA KURT HIGGINBOTHAM,12
Harrison,PRECINCT 102,Commissioner of Agriculture,,REP,JOSHUA KURT HIGGINBOTHAM,80
Harrison,PRECINCT 103,Commissioner of Agriculture,,REP,JOSHUA KURT HIGGINBOTHAM,20
Harrison,PRECINCT 104,Commissioner of Agriculture,,REP,JOSHUA KURT HIGGINBOTHAM,20
Harrison,PRECINCT 106,Commissioner of Agriculture,,REP,JOSHUA KURT HIGGINBOTHAM,25
Harrison,PRECINCT 107,Commissioner of Agriculture,,REP,JOSHUA KURT HIGGINBOTHAM,17
Harrison,PRECINCT 108,Commissioner of Agriculture,,REP,JOSHUA KURT HIGGINBOTHAM,46
Harrison,PRECINCT 110,Commissioner of Agriculture,,REP,JOSHUA KURT HIGGINBOTHAM,29
Harrison,PRECINCT 114,Commissioner of Agriculture,,REP,JOSHUA KURT HIGGINBOTHAM,18
Harrison,PRECINCT 114A,Commissioner of Agriculture,,REP,JOSHUA KURT HIGGINBOTHAM,7
Harrison,PRECINCT 118,Commissioner of Agriculture,,REP,JOSHUA KURT HIGGINBOTHAM,17
Harrison,PRECINCT 120,Commissioner of Agriculture,,REP,JOSHUA KURT HIGGINBOTHAM,41
Harrison,PRECINCT 121,Commissioner of Agriculture,,REP,JOSHUA KURT HIGGINBOTHAM,11
Harrison,PRECINCT 122,Commissioner of Agriculture,,REP,JOSHUA KURT HIGGINBOTHAM,21
Harrison,PRECINCT 123,Commissioner of Agriculture,,REP,JOSHUA KURT HIGGINBOTHAM,96
Harrison,PRECINCT 125,Commissioner of Agriculture,,REP,JOSHUA KURT HIGGINBOTHAM,35
Harrison,PRECINCT 126,Commissioner of Agriculture,,REP,JOSHUA KURT HIGGINBOTHAM,29
Harrison,PRECINCT 128,Commissioner of Agriculture,,REP,JOSHUA KURT HIGGINBOTHAM,42
Harrison,PRECINCT 129,Commissioner of Agriculture,,REP,JOSHUA KURT HIGGINBOTHAM,86
Harrison,PRECINCT 129B,Commissioner of Agriculture,,REP,JOSHUA KURT HIGGINBOTHAM,69
Harrison,PRECINCT 129C,Commissioner of Agriculture,,REP,JOSHUA KURT HIGGINBOTHAM,21
Harrison,PRECINCT 130,Commissioner of Agriculture,,REP,JOSHUA KURT HIGGINBOTHAM,29
Harrison,PRECINCT 132,Commissioner of Agriculture,,REP,JOSHUA KURT HIGGINBOTHAM,16
Harrison,PRECINCT 133,Commissioner of Agriculture,,REP,JOSHUA KURT HIGGINBOTHAM,50
Harrison,PRECINCT 134,Commissioner of Agriculture,,REP,JOSHUA KURT HIGGINBOTHAM,38
Harrison,PRECINCT 135,Commissioner of Agriculture,,REP,JOSHUA KURT HIGGINBOTHAM,23
Harrison,PRECINCT 136,Commissioner of Agriculture,,REP,JOSHUA KURT HIGGINBOTHAM,10
Harrison,PRECINCT 137,Commissioner of Agriculture,,REP,JOSHUA KURT HIGGINBOTHAM,11
Harrison,PRECINCT 143,Commissioner of Agriculture,,REP,JOSHUA KURT HIGGINBOTHAM,63
Harrison,PRECINCT 144,Commissioner of Agriculture,,REP,JOSHUA KURT HIGGINBOTHAM,17
Harrison,PRECINCT 144A,Commissioner of Agriculture,,REP,JOSHUA KURT HIGGINBOTHAM,22
Harrison,PRECINCT 145,Commissioner of Agriculture,,REP,JOSHUA KURT HIGGINBOTHAM,30
Harrison,PRECINCT 1,Commissioner of Agriculture,,REP,KENT LEONHARDT,130
Harrison,PRECINCT 1A,Commissioner of Agriculture,,REP,KENT LEONHARDT,12
Harrison,PRECINCT 2,Commissioner of Agriculture,,REP,KENT LEONHARDT,16
Harrison,PRECINCT 4,Commissioner of Agriculture,,REP,KENT LEONHARDT,104
Harrison,PRECINCT 6,Commissioner of Agriculture,,REP,KENT LEONHARDT,77
Harrison,PRECINCT 9,Commissioner of Agriculture,,REP,KENT LEONHARDT,48
Harrison,PRECINCT 10,Commissioner of Agriculture,,REP,KENT LEONHARDT,51
Harrison,PRECINCT 14,Commissioner of Agriculture,,REP,KENT LEONHARDT,131
Harrison,PRECINCT 28,Commissioner of Agriculture,,REP,KENT LEONHARDT,84
Harrison,PRECINCT 33,Commissioner of Agriculture,,REP,KENT LEONHARDT,117
Harrison,PRECINCT 36A,Commissioner of Agriculture,,REP,KENT LEONHARDT,48
Harrison,PRECINCT 43,Commissioner of Agriculture,,REP,KENT LEONHARDT,58
Harrison,PRECINCT 44,Commissioner of Agriculture,,REP,KENT LEONHARDT,33
Harrison,PRECINCT 45,Commissioner of Agriculture,,REP,KENT LEONHARDT,90
Harrison,PRECINCT 46,Commissioner of Agriculture,,REP,KENT LEONHARDT,75
Harrison,PRECINCT 48,Commissioner of Agriculture,,REP,KENT LEONHARDT,85
Harrison,PRECINCT 50,Commissioner of Agriculture,,REP,KENT LEONHARDT,69
Harrison,PRECINCT 51,Commissioner of Agriculture,,REP,KENT LEONHARDT,30
Harrison,PRECINCT 52,Commissioner of Agriculture,,REP,KENT LEONHARDT,56
Harrison,PRECINCT 53,Commissioner of Agriculture,,REP,KENT LEONHARDT,31
Harrison,PRECINCT 59,Commissioner of Agriculture,,REP,KENT LEONHARDT,41
Harrison,PRECINCT 61,Commissioner of Agriculture,,REP,KENT LEONHARDT,98
Harrison,PRECINCT 63,Commissioner of Agriculture,,REP,KENT LEONHARDT,78
Harrison,PRECINCT 66,Commissioner of Agriculture,,REP,KENT LEONHARDT,30
Harrison,PRECINCT 66A,Commissioner of Agriculture,,REP,KENT LEONHARDT,0
Harrison,PRECINCT 66B,Commissioner of Agriculture,,REP,KENT LEONHARDT,8
Harrison,PRECINCT 68,Commissioner of Agriculture,,REP,KENT LEONHARDT,48
Harrison,PRECINCT 74,Commissioner of Agriculture,,REP,KENT LEONHARDT,87
Harrison,PRECINCT 80,Commissioner of Agriculture,,REP,KENT LEONHARDT,121
Harrison,PRECINCT 87,Commissioner of Agriculture,,REP,KENT LEONHARDT,26
Harrison,PRECINCT 92,Commissioner of Agriculture,,REP,KENT LEONHARDT,77
Harrison,PRECINCT 95,Commissioner of Agriculture,,REP,KENT LEONHARDT,49
Harrison,PRECINCT 96,Commissioner of Agriculture,,REP,KENT LEONHARDT,61
Harrison,PRECINCT 98,Commissioner of Agriculture,,REP,KENT LEONHARDT,49
Harrison,PRECINCT 102,Commissioner of Agriculture,,REP,KENT LEONHARDT,196
Harrison,PRECINCT 103,Commissioner of Agriculture,,REP,KENT LEONHARDT,54
Harrison,PRECINCT 104,Commissioner of Agriculture,,REP,KENT LEONHARDT,55
Harrison,PRECINCT 106,Commissioner of Agriculture,,REP,KENT LEONHARDT,47
Harrison,PRECINCT 107,Commissioner of Agriculture,,REP,KENT LEONHARDT,28
Harrison,PRECINCT 108,Commissioner of Agriculture,,REP,KENT LEONHARDT,102
Harrison,PRECINCT 110,Commissioner of Agriculture,,REP,KENT LEONHARDT,90
Harrison,PRECINCT 114,Commissioner of Agriculture,,REP,KENT LEONHARDT,48
Harrison,PRECINCT 114A,Commissioner of Agriculture,,REP,KENT LEONHARDT,18
Harrison,PRECINCT 118,Commissioner of Agriculture,,REP,KENT LEONHARDT,45
Harrison,PRECINCT 120,Commissioner of Agriculture,,REP,KENT LEONHARDT,106
Harrison,PRECINCT 121,Commissioner of Agriculture,,REP,KENT LEONHARDT,23
Harrison,PRECINCT 122,Commissioner of Agriculture,,REP,KENT LEONHARDT,56
Harrison,PRECINCT 123,Commissioner of Agriculture,,REP,KENT LEONHARDT,288
Harrison,PRECINCT 125,Commissioner of Agriculture,,REP,KENT LEONHARDT,150
Harrison,PRECINCT 126,Commissioner of Agriculture,,REP,KENT LEONHARDT,97
Harrison,PRECINCT 128,Commissioner of Agriculture,,REP,KENT LEONHARDT,108
Harrison,PRECINCT 129,Commissioner of Agriculture,,REP,KENT LEONHARDT,216
Harrison,PRECINCT 129B,Commissioner of Agriculture,,REP,KENT LEONHARDT,200
Harrison,PRECINCT 129C,Commissioner of Agriculture,,REP,KENT LEONHARDT,81
Harrison,PRECINCT 130,Commissioner of Agriculture,,REP,KENT LEONHARDT,43
Harrison,PRECINCT 132,Commissioner of Agriculture,,REP,KENT LEONHARDT,26
Harrison,PRECINCT 133,Commissioner of Agriculture,,REP,KENT LEONHARDT,103
Harrison,PRECINCT 134,Commissioner of Agriculture,,REP,KENT LEONHARDT,75
Harrison,PRECINCT 135,Commissioner of Agriculture,,REP,KENT LEONHARDT,27
Harrison,PRECINCT 136,Commissioner of Agriculture,,REP,KENT LEONHARDT,25
Harrison,PRECINCT 137,Commissioner of Agriculture,,REP,KENT LEONHARDT,14
Harrison,PRECINCT 143,Commissioner of Agriculture,,REP,KENT LEONHARDT,167
Harrison,PRECINCT 144,Commissioner of Agriculture,,REP,KENT LEONHARDT,42
Harrison,PRECINCT 144A,Commissioner of Agriculture,,REP,KENT LEONHARDT,56
Harrison,PRECINCT 145,Commissioner of Agriculture,,REP,KENT LEONHARDT,82
Harrison,PRECINCT 1,Commissioner of Agriculture,,REP,ROY RAMEY,29
Harrison,PRECINCT 1A,Commissioner of Agriculture,,REP,ROY RAMEY,3
Harrison,PRECINCT 2,Commissioner of Agriculture,,REP,ROY RAMEY,4
Harrison,PRECINCT 4,Commissioner of Agriculture,,REP,ROY RAMEY,21
Harrison,PRECINCT 6,Commissioner of Agriculture,,REP,ROY RAMEY,21
Harrison,PRECINCT 9,Commissioner of Agriculture,,REP,ROY RAMEY,6
Harrison,PRECINCT 10,Commissioner of Agriculture,,REP,ROY RAMEY,10
Harrison,PRECINCT 14,Commissioner of Agriculture,,REP,ROY RAMEY,14
Harrison,PRECINCT 28,Commissioner of Agriculture,,REP,ROY RAMEY,11
Harrison,PRECINCT 33,Commissioner of Agriculture,,REP,ROY RAMEY,9
Harrison,PRECINCT 36A,Commissioner of Agriculture,,REP,ROY RAMEY,7
Harrison,PRECINCT 43,Commissioner of Agriculture,,REP,ROY RAMEY,1
Harrison,PRECINCT 44,Commissioner of Agriculture,,REP,ROY RAMEY,5
Harrison,PRECINCT 45,Commissioner of Agriculture,,REP,ROY RAMEY,12
Harrison,PRECINCT 46,Commissioner of Agriculture,,REP,ROY RAMEY,9
Harrison,PRECINCT 48,Commissioner of Agriculture,,REP,ROY RAMEY,10
Harrison,PRECINCT 50,Commissioner of Agriculture,,REP,ROY RAMEY,4
Harrison,PRECINCT 51,Commissioner of Agriculture,,REP,ROY RAMEY,4
Harrison,PRECINCT 52,Commissioner of Agriculture,,REP,ROY RAMEY,9
Harrison,PRECINCT 53,Commissioner of Agriculture,,REP,ROY RAMEY,2
Harrison,PRECINCT 59,Commissioner of Agriculture,,REP,ROY RAMEY,9
Harrison,PRECINCT 61,Commissioner of Agriculture,,REP,ROY RAMEY,12
Harrison,PRECINCT 63,Commissioner of Agriculture,,REP,ROY RAMEY,15
Harrison,PRECINCT 66,Commissioner of Agriculture,,REP,ROY RAMEY,4
Harrison,PRECINCT 66A,Commissioner of Agriculture,,REP,ROY RAMEY,0
Harrison,PRECINCT 66B,Commissioner of Agriculture,,REP,ROY RAMEY,1
Harrison,PRECINCT 68,Commissioner of Agriculture,,REP,ROY RAMEY,13
Harrison,PRECINCT 74,Commissioner of Agriculture,,REP,ROY RAMEY,28
Harrison,PRECINCT 80,Commissioner of Agriculture,,REP,ROY RAMEY,19
Harrison,PRECINCT 87,Commissioner of Agriculture,,REP,ROY RAMEY,9
Harrison,PRECINCT 92,Commissioner of Agriculture,,REP,ROY RAMEY,7
Harrison,PRECINCT 95,Commissioner of Agriculture,,REP,ROY RAMEY,10
Harrison,PRECINCT 96,Commissioner of Agriculture,,REP,ROY RAMEY,8
Harrison,PRECINCT 98,Commissioner of Agriculture,,REP,ROY RAMEY,4
Harrison,PRECINCT 102,Commissioner of Agriculture,,REP,ROY RAMEY,38
Harrison,PRECINCT 103,Commissioner of Agriculture,,REP,ROY RAMEY,6
Harrison,PRECINCT 104,Commissioner of Agriculture,,REP,ROY RAMEY,9
Harrison,PRECINCT 106,Commissioner of Agriculture,,REP,ROY RAMEY,12
Harrison,PRECINCT 107,Commissioner of Agriculture,,REP,ROY RAMEY,8
Harrison,PRECINCT 108,Commissioner of Agriculture,,REP,ROY RAMEY,16
Harrison,PRECINCT 110,Commissioner of Agriculture,,REP,ROY RAMEY,15
Harrison,PRECINCT 114,Commissioner of Agriculture,,REP,ROY RAMEY,7
Harrison,PRECINCT 114A,Commissioner of Agriculture,,REP,ROY RAMEY,3
Harrison,PRECINCT 118,Commissioner of Agriculture,,REP,ROY RAMEY,11
Harrison,PRECINCT 120,Commissioner of Agriculture,,REP,ROY RAMEY,18
Harrison,PRECINCT 121,Commissioner of Agriculture,,REP,ROY RAMEY,8
Harrison,PRECINCT 122,Commissioner of Agriculture,,REP,ROY RAMEY,10
Harrison,PRECINCT 123,Commissioner of Agriculture,,REP,ROY RAMEY,37
Harrison,PRECINCT 125,Commissioner of Agriculture,,REP,ROY RAMEY,11
Harrison,PRECINCT 126,Commissioner of Agriculture,,REP,ROY RAMEY,11
Harrison,PRECINCT 128,Commissioner of Agriculture,,REP,ROY RAMEY,21
Harrison,PRECINCT 129,Commissioner of Agriculture,,REP,ROY RAMEY,21
Harrison,PRECINCT 129B,Commissioner of Agriculture,,REP,ROY RAMEY,21
Harrison,PRECINCT 129C,Commissioner of Agriculture,,REP,ROY RAMEY,7
Harrison,PRECINCT 130,Commissioner of Agriculture,,REP,ROY RAMEY,4
Harrison,PRECINCT 132,Commissioner of Agriculture,,REP,ROY RAMEY,5
Harrison,PRECINCT 133,Commissioner of Agriculture,,REP,ROY RAMEY,18
Harrison,PRECINCT 134,Commissioner of Agriculture,,REP,ROY RAMEY,21
Harrison,PRECINCT 135,Commissioner of Agriculture,,REP,ROY RAMEY,7
Harrison,PRECINCT 136,Commissioner of Agriculture,,REP,ROY RAMEY,6
Harrison,PRECINCT 137,Commissioner of Agriculture,,REP,ROY RAMEY,4
Harrison,PRECINCT 143,Commissioner of Agriculture,,REP,ROY RAMEY,36
Harrison,PRECINCT 144,Commissioner of Agriculture,,REP,ROY RAMEY,5
Harrison,PRECINCT 144A,Commissioner of Agriculture,,REP,ROY RAMEY,17
Harrison,PRECINCT 145,Commissioner of Agriculture,,REP,ROY RAMEY,17
Harrison,PRECINCT 1,Commissioner of Agriculture,,DEM,DEBORAH STILES,134
Harrison,PRECINCT 1A,Commissioner of Agriculture,,DEM,DEBORAH STILES,12
Harrison,PRECINCT 2,Commissioner of Agriculture,,DEM,DEBORAH STILES,11
Harrison,PRECINCT 4,Commissioner of Agriculture,,DEM,DEBORAH STILES,120
Harrison,PRECINCT 6,Commissioner of Agriculture,,DEM,DEBORAH STILES,110
Harrison,PRECINCT 9,Commissioner of Agriculture,,DEM,DEBORAH STILES,64
Harrison,PRECINCT 10,Commissioner of Agriculture,,DEM,DEBORAH STILES,39
Harrison,PRECINCT 14,Commissioner of Agriculture,,DEM,DEBORAH STILES,192
Harrison,PRECINCT 28,Commissioner of Agriculture,,DEM,DEBORAH STILES,95
Harrison,PRECINCT 33,Commissioner of Agriculture,,DEM,DEBORAH STILES,146
Harrison,PRECINCT 36A,Commissioner of Agriculture,,DEM,DEBORAH STILES,45
Harrison,PRECINCT 43,Commissioner of Agriculture,,DEM,DEBORAH STILES,22
Harrison,PRECINCT 44,Commissioner of Agriculture,,DEM,DEBORAH STILES,29
Harrison,PRECINCT 45,Commissioner of Agriculture,,DEM,DEBORAH STILES,39
Harrison,PRECINCT 46,Commissioner of Agriculture,,DEM,DEBORAH STILES,42
Harrison,PRECINCT 48,Commissioner of Agriculture,,DEM,DEBORAH STILES,54
Harrison,PRECINCT 50,Commissioner of Agriculture,,DEM,DEBORAH STILES,59
Harrison,PRECINCT 51,Commissioner of Agriculture,,DEM,DEBORAH STILES,40
Harrison,PRECINCT 52,Commissioner of Agriculture,,DEM,DEBORAH STILES,47
Harrison,PRECINCT 53,Commissioner of Agriculture,,DEM,DEBORAH STILES,20
Harrison,PRECINCT 59,Commissioner of Agriculture,,DEM,DEBORAH STILES,46
Harrison,PRECINCT 61,Commissioner of Agriculture,,DEM,DEBORAH STILES,80
Harrison,PRECINCT 63,Commissioner of Agriculture,,DEM,DEBORAH STILES,69
Harrison,PRECINCT 66,Commissioner of Agriculture,,DEM,DEBORAH STILES,41
Harrison,PRECINCT 66A,Commissioner of Agriculture,,DEM,DEBORAH STILES,12
Harrison,PRECINCT 66B,Commissioner of Agriculture,,DEM,DEBORAH STILES,6
Harrison,PRECINCT 68,Commissioner of Agriculture,,DEM,DEBORAH STILES,132
Harrison,PRECINCT 74,Commissioner of Agriculture,,DEM,DEBORAH STILES,112
Harrison,PRECINCT 80,Commissioner of Agriculture,,DEM,DEBORAH STILES,173
Harrison,PRECINCT 87,Commissioner of Agriculture,,DEM,DEBORAH STILES,25
Harrison,PRECINCT 92,Commissioner of Agriculture,,DEM,DEBORAH STILES,28
Harrison,PRECINCT 95,Commissioner of Agriculture,,DEM,DEBORAH STILES,33
Harrison,PRECINCT 96,Commissioner of Agriculture,,DEM,DEBORAH STILES,56
Harrison,PRECINCT 98,Commissioner of Agriculture,,DEM,DEBORAH STILES,18
Harrison,PRECINCT 102,Commissioner of Agriculture,,DEM,DEBORAH STILES,105
Harrison,PRECINCT 103,Commissioner of Agriculture,,DEM,DEBORAH STILES,16
Harrison,PRECINCT 104,Commissioner of Agriculture,,DEM,DEBORAH STILES,23
Harrison,PRECINCT 106,Commissioner of Agriculture,,DEM,DEBORAH STILES,38
Harrison,PRECINCT 107,Commissioner of Agriculture,,DEM,DEBORAH STILES,18
Harrison,PRECINCT 108,Commissioner of Agriculture,,DEM,DEBORAH STILES,39
Harrison,PRECINCT 110,Commissioner of Agriculture,,DEM,DEBORAH STILES,40
Harrison,PRECINCT 114,Commissioner of Agriculture,,DEM,DEBORAH STILES,42
Harrison,PRECINCT 114A,Commissioner of Agriculture,,DEM,DEBORAH STILES,7
Harrison,PRECINCT 118,Commissioner of Agriculture,,DEM,DEBORAH STILES,18
Harrison,PRECINCT 120,Commissioner of Agriculture,,DEM,DEBORAH STILES,34
Harrison,PRECINCT 121,Commissioner of Agriculture,,DEM,DEBORAH STILES,29
Harrison,PRECINCT 122,Commissioner of Agriculture,,DEM,DEBORAH STILES,19
Harrison,PRECINCT 123,Commissioner of Agriculture,,DEM,DEBORAH STILES,227
Harrison,PRECINCT 125,Commissioner of Agriculture,,DEM,DEBORAH STILES,110
Harrison,PRECINCT 126,Commissioner of Agriculture,,DEM,DEBORAH STILES,77
Harrison,PRECINCT 128,Commissioner of Agriculture,,DEM,DEBORAH STILES,79
Harrison,PRECINCT 129,Commissioner of Agriculture,,DEM,DEBORAH STILES,155
Harrison,PRECINCT 129B,Commissioner of Agriculture,,DEM,DEBORAH STILES,149
Harrison,PRECINCT 129C,Commissioner of Agriculture,,DEM,DEBORAH STILES,51
Harrison,PRECINCT 130,Commissioner of Agriculture,,DEM,DEBORAH STILES,18
Harrison,PRECINCT 132,Commissioner of Agriculture,,DEM,DEBORAH STILES,25
Harrison,PRECINCT 133,Commissioner of Agriculture,,DEM,DEBORAH STILES,65
Harrison,PRECINCT 134,Commissioner of Agriculture,,DEM,DEBORAH STILES,26
Harrison,PRECINCT 135,Commissioner of Agriculture,,DEM,DEBORAH STILES,3
Harrison,PRECINCT 136,Commissioner of Agriculture,,DEM,DEBORAH STILES,8
Harrison,PRECINCT 137,Commissioner of Agriculture,,DEM,DEBORAH STILES,9
Harrison,PRECINCT 143,Commissioner of Agriculture,,DEM,DEBORAH STILES,73
Harrison,PRECINCT 144,Commissioner of Agriculture,,DEM,DEBORAH STILES,20
Harrison,PRECINCT 144A,Commissioner of Agriculture,,DEM,DEBORAH STILES,25
Harrison,PRECINCT 145,Commissioner of Agriculture,,DEM,DEBORAH STILES,40
Harrison,PRECINCT 1,Commissioner of Agriculture,,MTN,NO CANDIDATE FILED,0
Harrison,PRECINCT 1A,Commissioner of Agriculture,,MTN,NO CANDIDATE FILED,0
Harrison,PRECINCT 2,Commissioner of Agriculture,,MTN,NO CANDIDATE FILED,0
Harrison,PRECINCT 4,Commissioner of Agriculture,,MTN,NO CANDIDATE FILED,0
Harrison,PRECINCT 6,Commissioner of Agriculture,,MTN,NO CANDIDATE FILED,0
Harrison,PRECINCT 9,Commissioner of Agriculture,,MTN,NO CANDIDATE FILED,0
Harrison,PRECINCT 10,Commissioner of Agriculture,,MTN,NO CANDIDATE FILED,0
Harrison,PRECINCT 14,Commissioner of Agriculture,,MTN,NO CANDIDATE FILED,0
Harrison,PRECINCT 28,Commissioner of Agriculture,,MTN,NO CANDIDATE FILED,0
Harrison,PRECINCT 33,Commissioner of Agriculture,,MTN,NO CANDIDATE FILED,0
Harrison,PRECINCT 36A,Commissioner of Agriculture,,MTN,NO CANDIDATE FILED,0
Harrison,PRECINCT 43,Commissioner of Agriculture,,MTN,NO CANDIDATE FILED,0
Harrison,PRECINCT 44,Commissioner of Agriculture,,MTN,NO CANDIDATE FILED,0
Harrison,PRECINCT 45,Commissioner of Agriculture,,MTN,NO CANDIDATE FILED,0
Harrison,PRECINCT 46,Commissioner of Agriculture,,MTN,NO CANDIDATE FILED,0
Harrison,PRECINCT 48,Commissioner of Agriculture,,MTN,NO CANDIDATE FILED,0
Harrison,PRECINCT 50,Commissioner of Agriculture,,MTN,NO CANDIDATE FILED,0
Harrison,PRECINCT 51,Commissioner of Agriculture,,MTN,NO CANDIDATE FILED,0
Harrison,PRECINCT 52,Commissioner of Agriculture,,MTN,NO CANDIDATE FILED,0
Harrison,PRECINCT 53,Commissioner of Agriculture,,MTN,NO CANDIDATE FILED,0
Harrison,PRECINCT 59,Commissioner of Agriculture,,MTN,NO CANDIDATE FILED,0
Harrison,PRECINCT 61,Commissioner of Agriculture,,MTN,NO CANDIDATE FILED,0
Harrison,PRECINCT 63,Commissioner of Agriculture,,MTN,NO CANDIDATE FILED,0
Harrison,PRECINCT 66,Commissioner of Agriculture,,MTN,NO CANDIDATE FILED,0
Harrison,PRECINCT 66A,Commissioner of Agriculture,,MTN,NO CANDIDATE FILED,0
Harrison,PRECINCT 66B,Commissioner of Agriculture,,MTN,NO CANDIDATE FILED,0
Harrison,PRECINCT 68,Commissioner of Agriculture,,MTN,NO CANDIDATE FILED,0
Harrison,PRECINCT 74,Commissioner of Agriculture,,MTN,NO CANDIDATE FILED,0
Harrison,PRECINCT 80,Commissioner of Agriculture,,MTN,NO CANDIDATE FILED,0
Harrison,PRECINCT 87,Commissioner of Agriculture,,MTN,NO CANDIDATE FILED,0
Harrison,PRECINCT 92,Commissioner of Agriculture,,MTN,NO CANDIDATE FILED,0
Harrison,PRECINCT 95,Commissioner of Agriculture,,MTN,NO CANDIDATE FILED,0
Harrison,PRECINCT 96,Commissioner of Agriculture,,MTN,NO CANDIDATE FILED,0
Harrison,PRECINCT 98,Commissioner of Agriculture,,MTN,NO CANDIDATE FILED,0
Harrison,PRECINCT 102,Commissioner of Agriculture,,MTN,NO CANDIDATE FILED,0
Harrison,PRECINCT 103,Commissioner of Agriculture,,MTN,NO CANDIDATE FILED,0
Harrison,PRECINCT 104,Commissioner of Agriculture,,MTN,NO CANDIDATE FILED,0
Harrison,PRECINCT 106,Commissioner of Agriculture,,MTN,NO CANDIDATE FILED,0
Harrison,PRECINCT 107,Commissioner of Agriculture,,MTN,NO CANDIDATE FILED,0
Harrison,PRECINCT 108,Commissioner of Agriculture,,MTN,NO CANDIDATE FILED,0
Harrison,PRECINCT 110,Commissioner of Agriculture,,MTN,NO CANDIDATE FILED,0
Harrison,PRECINCT 114,Commissioner of Agriculture,,MTN,NO CANDIDATE FILED,0
Harrison,PRECINCT 114A,Commissioner of Agriculture,,MTN,NO CANDIDATE FILED,0
Harrison,PRECINCT 118,Commissioner of Agriculture,,MTN,NO CANDIDATE FILED,0
Harrison,PRECINCT 120,Commissioner of Agriculture,,MTN,NO CANDIDATE FILED,0
Harrison,PRECINCT 121,Commissioner of Agriculture,,MTN,NO CANDIDATE FILED,0
Harrison,PRECINCT 122,Commissioner of Agriculture,,MTN,NO CANDIDATE FILED,0
Harrison,PRECINCT 123,Commissioner of Agriculture,,MTN,NO CANDIDATE FILED,0
Harrison,PRECINCT 125,Commissioner of Agriculture,,MTN,NO CANDIDATE FILED,0
Harrison,PRECINCT 126,Commissioner of Agriculture,,MTN,NO CANDIDATE FILED,0
Harrison,PRECINCT 128,Commissioner of Agriculture,,MTN,NO CANDIDATE FILED,0
Harrison,PRECINCT 129,Commissioner of Agriculture,,MTN,NO CANDIDATE FILED,0
Harrison,PRECINCT 129B,Commissioner of Agriculture,,MTN,NO CANDIDATE FILED,0
Harrison,PRECINCT 129C,Commissioner of Agriculture,,MTN,NO CANDIDATE FILED,0
Harrison,PRECINCT 130,Commissioner of Agriculture,,MTN,NO CANDIDATE FILED,0
Harrison,PRECINCT 132,Commissioner of Agriculture,,MTN,NO CANDIDATE FILED,0
Harrison,PRECINCT 133,Commissioner of Agriculture,,MTN,NO CANDIDATE FILED,0
Harrison,PRECINCT 134,Commissioner of Agriculture,,MTN,NO CANDIDATE FILED,0
Harrison,PRECINCT 135,Commissioner of Agriculture,,MTN,NO CANDIDATE FILED,0
Harrison,PRECINCT 136,Commissioner of Agriculture,,MTN,NO CANDIDATE FILED,0
Harrison,PRECINCT 137,Commissioner of Agriculture,,MTN,NO CANDIDATE FILED,0
Harrison,PRECINCT 143,Commissioner of Agriculture,,MTN,NO CANDIDATE FILED,0
Harrison,PRECINCT 144,Commissioner of Agriculture,,MTN,NO CANDIDATE FILED,0
Harrison,PRECINCT 144A,Commissioner of Agriculture,,MTN,NO CANDIDATE FILED,0
Harrison,PRECINCT 145,Commissioner of Agriculture,,MTN,NO CANDIDATE FILED,0
Harrison,PRECINCT 1,Attorney General,,REP,JOHN 'JB' McCUSKEY,184
Harrison,PRECINCT 1A,Attorney General,,REP,JOHN 'JB' McCUSKEY,15
Harrison,PRECINCT 2,Attorney General,,REP,JOHN 'JB' McCUSKEY,28
Harrison,PRECINCT 4,Attorney General,,REP,JOHN 'JB' McCUSKEY,159
Harrison,PRECINCT 6,Attorney General,,REP,JOHN 'JB' McCUSKEY,122
Harrison,PRECINCT 9,Attorney General,,REP,JOHN 'JB' McCUSKEY,61
Harrison,PRECINCT 10,Attorney General,,REP,JOHN 'JB' McCUSKEY,62
Harrison,PRECINCT 14,Attorney General,,REP,JOHN 'JB' McCUSKEY,167
Harrison,PRECINCT 28,Attorney General,,REP,JOHN 'JB' McCUSKEY,99
Harrison,PRECINCT 33,Attorney General,,REP,JOHN 'JB' McCUSKEY,156
Harrison,PRECINCT 36A,Attorney General,,REP,JOHN 'JB' McCUSKEY,58
Harrison,PRECINCT 43,Attorney General,,REP,JOHN 'JB' McCUSKEY,49
Harrison,PRECINCT 44,Attorney General,,REP,JOHN 'JB' McCUSKEY,41
Harrison,PRECINCT 45,Attorney General,,REP,JOHN 'JB' McCUSKEY,90
Harrison,PRECINCT 46,Attorney General,,REP,JOHN 'JB' McCUSKEY,72
Harrison,PRECINCT 48,Attorney General,,REP,JOHN 'JB' McCUSKEY,73
Harrison,PRECINCT 50,Attorney General,,REP,JOHN 'JB' McCUSKEY,74
Harrison,PRECINCT 51,Attorney General,,REP,JOHN 'JB' McCUSKEY,38
Harrison,PRECINCT 52,Attorney General,,REP,JOHN 'JB' McCUSKEY,76
Harrison,PRECINCT 53,Attorney General,,REP,JOHN 'JB' McCUSKEY,34
Harrison,PRECINCT 59,Attorney General,,REP,JOHN 'JB' McCUSKEY,46
Harrison,PRECINCT 61,Attorney General,,REP,JOHN 'JB' McCUSKEY,105
Harrison,PRECINCT 63,Attorney General,,REP,JOHN 'JB' McCUSKEY,101
Harrison,PRECINCT 66,Attorney General,,REP,JOHN 'JB' McCUSKEY,38
Harrison,PRECINCT 66A,Attorney General,,REP,JOHN 'JB' McCUSKEY,0
Harrison,PRECINCT 66B,Attorney General,,REP,JOHN 'JB' McCUSKEY,11
Harrison,PRECINCT 68,Attorney General,,REP,JOHN 'JB' McCUSKEY,77
Harrison,PRECINCT 74,Attorney General,,REP,JOHN 'JB' McCUSKEY,118
Harrison,PRECINCT 80,Attorney General,,REP,JOHN 'JB' McCUSKEY,140
Harrison,PRECINCT 87,Attorney General,,REP,JOHN 'JB' McCUSKEY,38
Harrison,PRECINCT 92,Attorney General,,REP,JOHN 'JB' McCUSKEY,72
Harrison,PRECINCT 95,Attorney General,,REP,JOHN 'JB' McCUSKEY,55
Harrison,PRECINCT 96,Attorney General,,REP,JOHN 'JB' McCUSKEY,74
Harrison,PRECINCT 98,Attorney General,,REP,JOHN 'JB' McCUSKEY,47
Harrison,PRECINCT 102,Attorney General,,REP,JOHN 'JB' McCUSKEY,232
Harrison,PRECINCT 103,Attorney General,,REP,JOHN 'JB' McCUSKEY,55
Harrison,PRECINCT 104,Attorney General,,REP,JOHN 'JB' McCUSKEY,65
Harrison,PRECINCT 106,Attorney General,,REP,JOHN 'JB' McCUSKEY,56
Harrison,PRECINCT 107,Attorney General,,REP,JOHN 'JB' McCUSKEY,42
Harrison,PRECINCT 108,Attorney General,,REP,JOHN 'JB' McCUSKEY,121
Harrison,PRECINCT 110,Attorney General,,REP,JOHN 'JB' McCUSKEY,99
Harrison,PRECINCT 114,Attorney General,,REP,JOHN 'JB' McCUSKEY,54
Harrison,PRECINCT 114A,Attorney General,,REP,JOHN 'JB' McCUSKEY,21
Harrison,PRECINCT 118,Attorney General,,REP,JOHN 'JB' McCUSKEY,53
Harrison,PRECINCT 120,Attorney General,,REP,JOHN 'JB' McCUSKEY,109
Harrison,PRECINCT 121,Attorney General,,REP,JOHN 'JB' McCUSKEY,35
Harrison,PRECINCT 122,Attorney General,,REP,JOHN 'JB' McCUSKEY,62
Harrison,PRECINCT 123,Attorney General,,REP,JOHN 'JB' McCUSKEY,340
Harrison,PRECINCT 125,Attorney General,,REP,JOHN 'JB' McCUSKEY,146
Harrison,PRECINCT 126,Attorney General,,REP,JOHN 'JB' McCUSKEY,105
Harrison,PRECINCT 128,Attorney General,,REP,JOHN 'JB' McCUSKEY,127
Harrison,PRECINCT 129,Attorney General,,REP,JOHN 'JB' McCUSKEY,261
Harrison,PRECINCT 129B,Attorney General,,REP,JOHN 'JB' McCUSKEY,219
Harrison,PRECINCT 129C,Attorney General,,REP,JOHN 'JB' McCUSKEY,85
Harrison,PRECINCT 130,Attorney General,,REP,JOHN 'JB' McCUSKEY,63
Harrison,PRECINCT 132,Attorney General,,REP,JOHN 'JB' McCUSKEY,32
Harrison,PRECINCT 133,Attorney General,,REP,JOHN 'JB' McCUSKEY,132
Harrison,PRECINCT 134,Attorney General,,REP,JOHN 'JB' McCUSKEY,104
Harrison,PRECINCT 135,Attorney General,,REP,JOHN 'JB' McCUSKEY,37
Harrison,PRECINCT 136,Attorney General,,REP,JOHN 'JB' McCUSKEY,33
Harrison,PRECINCT 137,Attorney General,,REP,JOHN 'JB' McCUSKEY,21
Harrison,PRECINCT 143,Attorney General,,REP,JOHN 'JB' McCUSKEY,199
Harrison,PRECINCT 144,Attorney General,,REP,JOHN 'JB' McCUSKEY,40
Harrison,PRECINCT 144A,Attorney General,,REP,JOHN 'JB' McCUSKEY,65
Harrison,PRECINCT 145,Attorney General,,REP,JOHN 'JB' McCUSKEY,97
Harrison,PRECINCT 1,Attorney General,,REP,MIKE STUART,66
Harrison,PRECINCT 1A,Attorney General,,REP,MIKE STUART,5
Harrison,PRECINCT 2,Attorney General,,REP,MIKE STUART,5
Harrison,PRECINCT 4,Attorney General,,REP,MIKE STUART,60
Harrison,PRECINCT 6,Attorney General,,REP,MIKE STUART,34
Harrison,PRECINCT 9,Attorney General,,REP,MIKE STUART,21
Harrison,PRECINCT 10,Attorney General,,REP,MIKE STUART,30
Harrison,PRECINCT 14,Attorney General,,REP,MIKE STUART,61
Harrison,PRECINCT 28,Attorney General,,REP,MIKE STUART,36
Harrison,PRECINCT 33,Attorney General,,REP,MIKE STUART,43
Harrison,PRECINCT 36A,Attorney General,,REP,MIKE STUART,15
Harrison,PRECINCT 43,Attorney General,,REP,MIKE STUART,26
Harrison,PRECINCT 44,Attorney General,,REP,MIKE STUART,14
Harrison,PRECINCT 45,Attorney General,,REP,MIKE STUART,38
Harrison,PRECINCT 46,Attorney General,,REP,MIKE STUART,33
Harrison,PRECINCT 48,Attorney General,,REP,MIKE STUART,50
Harrison,PRECINCT 50,Attorney General,,REP,MIKE STUART,36
Harrison,PRECINCT 51,Attorney General,,REP,MIKE STUART,11
Harrison,PRECINCT 52,Attorney General,,REP,MIKE STUART,19
Harrison,PRECINCT 53,Attorney General,,REP,MIKE STUART,12
Harrison,PRECINCT 59,Attorney General,,REP,MIKE STUART,29
Harrison,PRECINCT 61,Attorney General,,REP,MIKE STUART,52
Harrison,PRECINCT 63,Attorney General,,REP,MIKE STUART,31
Harrison,PRECINCT 66,Attorney General,,REP,MIKE STUART,19
Harrison,PRECINCT 66A,Attorney General,,REP,MIKE STUART,0
Harrison,PRECINCT 66B,Attorney General,,REP,MIKE STUART,1
Harrison,PRECINCT 68,Attorney General,,REP,MIKE STUART,38
Harrison,PRECINCT 74,Attorney General,,REP,MIKE STUART,64
Harrison,PRECINCT 80,Attorney General,,REP,MIKE STUART,56
Harrison,PRECINCT 87,Attorney General,,REP,MIKE STUART,18
Harrison,PRECINCT 92,Attorney General,,REP,MIKE STUART,34
Harrison,PRECINCT 95,Attorney General,,REP,MIKE STUART,20
Harrison,PRECINCT 96,Attorney General,,REP,MIKE STUART,22
Harrison,PRECINCT 98,Attorney General,,REP,MIKE STUART,19
Harrison,PRECINCT 102,Attorney General,,REP,MIKE STUART,97
Harrison,PRECINCT 103,Attorney General,,REP,MIKE STUART,28
Harrison,PRECINCT 104,Attorney General,,REP,MIKE STUART,21
Harrison,PRECINCT 106,Attorney General,,REP,MIKE STUART,29
Harrison,PRECINCT 107,Attorney General,,REP,MIKE STUART,10
Harrison,PRECINCT 108,Attorney General,,REP,MIKE STUART,47
Harrison,PRECINCT 110,Attorney General,,REP,MIKE STUART,41
Harrison,PRECINCT 114,Attorney General,,REP,MIKE STUART,17
Harrison,PRECINCT 114A,Attorney General,,REP,MIKE STUART,7
Harrison,PRECINCT 118,Attorney General,,REP,MIKE STUART,22
Harrison,PRECINCT 120,Attorney General,,REP,MIKE STUART,61
Harrison,PRECINCT 121,Attorney General,,REP,MIKE STUART,13
Harrison,PRECINCT 122,Attorney General,,REP,MIKE STUART,27
Harrison,PRECINCT 123,Attorney General,,REP,MIKE STUART,117
Harrison,PRECINCT 125,Attorney General,,REP,MIKE STUART,61
Harrison,PRECINCT 126,Attorney General,,REP,MIKE STUART,43
Harrison,PRECINCT 128,Attorney General,,REP,MIKE STUART,60
Harrison,PRECINCT 129,Attorney General,,REP,MIKE STUART,79
Harrison,PRECINCT 129B,Attorney General,,REP,MIKE STUART,78
Harrison,PRECINCT 129C,Attorney General,,REP,MIKE STUART,33
Harrison,PRECINCT 130,Attorney General,,REP,MIKE STUART,16
Harrison,PRECINCT 132,Attorney General,,REP,MIKE STUART,14
Harrison,PRECINCT 133,Attorney General,,REP,MIKE STUART,42
Harrison,PRECINCT 134,Attorney General,,REP,MIKE STUART,37
Harrison,PRECINCT 135,Attorney General,,REP,MIKE STUART,19
Harrison,PRECINCT 136,Attorney General,,REP,MIKE STUART,9
Harrison,PRECINCT 137,Attorney General,,REP,MIKE STUART,8
Harrison,PRECINCT 143,Attorney General,,REP,MIKE STUART,70
Harrison,PRECINCT 144,Attorney General,,REP,MIKE STUART,28
Harrison,PRECINCT 144A,Attorney General,,REP,MIKE STUART,30
Harrison,PRECINCT 145,Attorney General,,REP,MIKE STUART,30
Harrison,PRECINCT 1,Attorney General,,DEM,TERESA TORISEVA,75
Harrison,PRECINCT 1A,Attorney General,,DEM,TERESA TORISEVA,9
Harrison,PRECINCT 2,Attorney General,,DEM,TERESA TORISEVA,10
Harrison,PRECINCT 4,Attorney General,,DEM,TERESA TORISEVA,68
Harrison,PRECINCT 6,Attorney General,,DEM,TERESA TORISEVA,79
Harrison,PRECINCT 9,Attorney General,,DEM,TERESA TORISEVA,42
Harrison,PRECINCT 10,Attorney General,,DEM,TERESA TORISEVA,21
Harrison,PRECINCT 14,Attorney General,,DEM,TERESA TORISEVA,134
Harrison,PRECINCT 28,Attorney General,,DEM,TERESA TORISEVA,65
Harrison,PRECINCT 33,Attorney General,,DEM,TERESA TORISEVA,94
Harrison,PRECINCT 36A,Attorney General,,DEM,TERESA TORISEVA,25
Harrison,PRECINCT 43,Attorney General,,DEM,TERESA TORISEVA,17
Harrison,PRECINCT 44,Attorney General,,DEM,TERESA TORISEVA,19
Harrison,PRECINCT 45,Attorney General,,DEM,TERESA TORISEVA,29
Harrison,PRECINCT 46,Attorney General,,DEM,TERESA TORISEVA,30
Harrison,PRECINCT 48,Attorney General,,DEM,TERESA TORISEVA,41
Harrison,PRECINCT 50,Attorney General,,DEM,TERESA TORISEVA,37
Harrison,PRECINCT 51,Attorney General,,DEM,TERESA TORISEVA,23
Harrison,PRECINCT 52,Attorney General,,DEM,TERESA TORISEVA,26
Harrison,PRECINCT 53,Attorney General,,DEM,TERESA TORISEVA,10
Harrison,PRECINCT 59,Attorney General,,DEM,TERESA TORISEVA,30
Harrison,PRECINCT 61,Attorney General,,DEM,TERESA TORISEVA,50
Harrison,PRECINCT 63,Attorney General,,DEM,TERESA TORISEVA,39
Harrison,PRECINCT 66,Attorney General,,DEM,TERESA TORISEVA,22
Harrison,PRECINCT 66A,Attorney General,,DEM,TERESA TORISEVA,7
Harrison,PRECINCT 66B,Attorney General,,DEM,TERESA TORISEVA,4
Harrison,PRECINCT 68,Attorney General,,DEM,TERESA TORISEVA,94
Harrison,PRECINCT 74,Attorney General,,DEM,TERESA TORISEVA,71
Harrison,PRECINCT 80,Attorney General,,DEM,TERESA TORISEVA,113
Harrison,PRECINCT 87,Attorney General,,DEM,TERESA TORISEVA,17
Harrison,PRECINCT 92,Attorney General,,DEM,TERESA TORISEVA,14
Harrison,PRECINCT 95,Attorney General,,DEM,TERESA TORISEVA,21
Harrison,PRECINCT 96,Attorney General,,DEM,TERESA TORISEVA,36
Harrison,PRECINCT 98,Attorney General,,DEM,TERESA TORISEVA,9
Harrison,PRECINCT 102,Attorney General,,DEM,TERESA TORISEVA,68
Harrison,PRECINCT 103,Attorney General,,DEM,TERESA TORISEVA,16
Harrison,PRECINCT 104,Attorney General,,DEM,TERESA TORISEVA,13
Harrison,PRECINCT 106,Attorney General,,DEM,TERESA TORISEVA,28
Harrison,PRECINCT 107,Attorney General,,DEM,TERESA TORISEVA,8
Harrison,PRECINCT 108,Attorney General,,DEM,TERESA TORISEVA,24
Harrison,PRECINCT 110,Attorney General,,DEM,TERESA TORISEVA,23
Harrison,PRECINCT 114,Attorney General,,DEM,TERESA TORISEVA,27
Harrison,PRECINCT 114A,Attorney General,,DEM,TERESA TORISEVA,5
Harrison,PRECINCT 118,Attorney General,,DEM,TERESA TORISEVA,11
Harrison,PRECINCT 120,Attorney General,,DEM,TERESA TORISEVA,25
Harrison,PRECINCT 121,Attorney General,,DEM,TERESA TORISEVA,22
Harrison,PRECINCT 122,Attorney General,,DEM,TERESA TORISEVA,9
Harrison,PRECINCT 123,Attorney General,,DEM,TERESA TORISEVA,146
Harrison,PRECINCT 125,Attorney General,,DEM,TERESA TORISEVA,75
Harrison,PRECINCT 126,Attorney General,,DEM,TERESA TORISEVA,52
Harrison,PRECINCT 128,Attorney General,,DEM,TERESA TORISEVA,47
Harrison,PRECINCT 129,Attorney General,,DEM,TERESA TORISEVA,109
Harrison,PRECINCT 129B,Attorney General,,DEM,TERESA TORISEVA,109
Harrison,PRECINCT 129C,Attorney General,,DEM,TERESA TORISEVA,34
Harrison,PRECINCT 130,Attorney General,,DEM,TERESA TORISEVA,9
Harrison,PRECINCT 132,Attorney General,,DEM,TERESA TORISEVA,11
Harrison,PRECINCT 133,Attorney General,,DEM,TERESA TORISEVA,37
Harrison,PRECINCT 134,Attorney General,,DEM,TERESA TORISEVA,14
Harrison,PRECINCT 135,Attorney General,,DEM,TERESA TORISEVA,1
Harrison,PRECINCT 136,Attorney General,,DEM,TERESA TORISEVA,5
Harrison,PRECINCT 137,Attorney General,,DEM,TERESA TORISEVA,5
Harrison,PRECINCT 143,Attorney General,,DEM,TERESA TORISEVA,45
Harrison,PRECINCT 144,Attorney General,,DEM,TERESA TORISEVA,17
Harrison,PRECINCT 144A,Attorney General,,DEM,TERESA TORISEVA,14
Harrison,PRECINCT 145,Attorney General,,DEM,TERESA TORISEVA,23
Harrison,PRECINCT 1,Attorney General,,DEM,RICHIE ROBB,67
Harrison,PRECINCT 1A,Attorney General,,DEM,RICHIE ROBB,3
Harrison,PRECINCT 2,Attorney General,,DEM,RICHIE ROBB,1
Harrison,PRECINCT 4,Attorney General,,DEM,RICHIE ROBB,62
Harrison,PRECINCT 6,Attorney General,,DEM,RICHIE ROBB,43
Harrison,PRECINCT 9,Attorney General,,DEM,RICHIE ROBB,26
Harrison,PRECINCT 10,Attorney General,,DEM,RICHIE ROBB,14
Harrison,PRECINCT 14,Attorney General,,DEM,RICHIE ROBB,79
Harrison,PRECINCT 28,Attorney General,,DEM,RICHIE ROBB,45
Harrison,PRECINCT 33,Attorney General,,DEM,RICHIE ROBB,63
Harrison,PRECINCT 36A,Attorney General,,DEM,RICHIE ROBB,22
Harrison,PRECINCT 43,Attorney General,,DEM,RICHIE ROBB,6
Harrison,PRECINCT 44,Attorney General,,DEM,RICHIE ROBB,8
Harrison,PRECINCT 45,Attorney General,,DEM,RICHIE ROBB,13
Harrison,PRECINCT 46,Attorney General,,DEM,RICHIE ROBB,16
Harrison,PRECINCT 48,Attorney General,,DEM,RICHIE ROBB,18
Harrison,PRECINCT 50,Attorney General,,DEM,RICHIE ROBB,23
Harrison,PRECINCT 51,Attorney General,,DEM,RICHIE ROBB,20
Harrison,PRECINCT 52,Attorney General,,DEM,RICHIE ROBB,26
Harrison,PRECINCT 53,Attorney General,,DEM,RICHIE ROBB,10
Harrison,PRECINCT 59,Attorney General,,DEM,RICHIE ROBB,21
Harrison,PRECINCT 61,Attorney General,,DEM,RICHIE ROBB,28
Harrison,PRECINCT 63,Attorney General,,DEM,RICHIE ROBB,30
Harrison,PRECINCT 66,Attorney General,,DEM,RICHIE ROBB,21
Harrison,PRECINCT 66A,Attorney General,,DEM,RICHIE ROBB,5
Harrison,PRECINCT 66B,Attorney General,,DEM,RICHIE ROBB,4
Harrison,PRECINCT 68,Attorney General,,DEM,RICHIE ROBB,48
Harrison,PRECINCT 74,Attorney General,,DEM,RICHIE ROBB,48
Harrison,PRECINCT 80,Attorney General,,DEM,RICHIE ROBB,74
Harrison,PRECINCT 87,Attorney General,,DEM,RICHIE ROBB,12
Harrison,PRECINCT 92,Attorney General,,DEM,RICHIE ROBB,15
Harrison,PRECINCT 95,Attorney General,,DEM,RICHIE ROBB,12
Harrison,PRECINCT 96,Attorney General,,DEM,RICHIE ROBB,19
Harrison,PRECINCT 98,Attorney General,,DEM,RICHIE ROBB,8
Harrison,PRECINCT 102,Attorney General,,DEM,RICHIE ROBB,46
Harrison,PRECINCT 103,Attorney General,,DEM,RICHIE ROBB,3
Harrison,PRECINCT 104,Attorney General,,DEM,RICHIE ROBB,9
Harrison,PRECINCT 106,Attorney General,,DEM,RICHIE ROBB,18
Harrison,PRECINCT 107,Attorney General,,DEM,RICHIE ROBB,7
Harrison,PRECINCT 108,Attorney General,,DEM,RICHIE ROBB,16
Harrison,PRECINCT 110,Attorney General,,DEM,RICHIE ROBB,25
Harrison,PRECINCT 114,Attorney General,,DEM,RICHIE ROBB,14
Harrison,PRECINCT 114A,Attorney General,,DEM,RICHIE ROBB,2
Harrison,PRECINCT 118,Attorney General,,DEM,RICHIE ROBB,9
Harrison,PRECINCT 120,Attorney General,,DEM,RICHIE ROBB,20
Harrison,PRECINCT 121,Attorney General,,DEM,RICHIE ROBB,11
Harrison,PRECINCT 122,Attorney General,,DEM,RICHIE ROBB,11
Harrison,PRECINCT 123,Attorney General,,DEM,RICHIE ROBB,86
Harrison,PRECINCT 125,Attorney General,,DEM,RICHIE ROBB,46
Harrison,PRECINCT 126,Attorney General,,DEM,RICHIE ROBB,30
Harrison,PRECINCT 128,Attorney General,,DEM,RICHIE ROBB,31
Harrison,PRECINCT 129,Attorney General,,DEM,RICHIE ROBB,58
Harrison,PRECINCT 129B,Attorney General,,DEM,RICHIE ROBB,55
Harrison,PRECINCT 129C,Attorney General,,DEM,RICHIE ROBB,21
Harrison,PRECINCT 130,Attorney General,,DEM,RICHIE ROBB,8
Harrison,PRECINCT 132,Attorney General,,DEM,RICHIE ROBB,15
Harrison,PRECINCT 133,Attorney General,,DEM,RICHIE ROBB,29
Harrison,PRECINCT 134,Attorney General,,DEM,RICHIE ROBB,13
Harrison,PRECINCT 135,Attorney General,,DEM,RICHIE ROBB,3
Harrison,PRECINCT 136,Attorney General,,DEM,RICHIE ROBB,5
Harrison,PRECINCT 137,Attorney General,,DEM,RICHIE ROBB,4
Harrison,PRECINCT 143,Attorney General,,DEM,RICHIE ROBB,41
Harrison,PRECINCT 144,Attorney General,,DEM,RICHIE ROBB,3
Harrison,PRECINCT 144A,Attorney General,,DEM,RICHIE ROBB,12
Harrison,PRECINCT 145,Attorney General,,DEM,RICHIE ROBB,20
Harrison,PRECINCT 1,Attorney General,,MTN,NO CANDIDATE FILED,0
Harrison,PRECINCT 1A,Attorney General,,MTN,NO CANDIDATE FILED,0
Harrison,PRECINCT 2,Attorney General,,MTN,NO CANDIDATE FILED,0
Harrison,PRECINCT 4,Attorney General,,MTN,NO CANDIDATE FILED,0
Harrison,PRECINCT 6,Attorney General,,MTN,NO CANDIDATE FILED,0
Harrison,PRECINCT 9,Attorney General,,MTN,NO CANDIDATE FILED,0
Harrison,PRECINCT 10,Attorney General,,MTN,NO CANDIDATE FILED,0
Harrison,PRECINCT 14,Attorney General,,MTN,NO CANDIDATE FILED,0
Harrison,PRECINCT 28,Attorney General,,MTN,NO CANDIDATE FILED,0
Harrison,PRECINCT 33,Attorney General,,MTN,NO CANDIDATE FILED,0
Harrison,PRECINCT 36A,Attorney General,,MTN,NO CANDIDATE FILED,0
Harrison,PRECINCT 43,Attorney General,,MTN,NO CANDIDATE FILED,0
Harrison,PRECINCT 44,Attorney General,,MTN,NO CANDIDATE FILED,0
Harrison,PRECINCT 45,Attorney General,,MTN,NO CANDIDATE FILED,0
Harrison,PRECINCT 46,Attorney General,,MTN,NO CANDIDATE FILED,0
Harrison,PRECINCT 48,Attorney General,,MTN,NO CANDIDATE FILED,0
Harrison,PRECINCT 50,Attorney General,,MTN,NO CANDIDATE FILED,0
Harrison,PRECINCT 51,Attorney General,,MTN,NO CANDIDATE FILED,0
Harrison,PRECINCT 52,Attorney General,,MTN,NO CANDIDATE FILED,0
Harrison,PRECINCT 53,Attorney General,,MTN,NO CANDIDATE FILED,0
Harrison,PRECINCT 59,Attorney General,,MTN,NO CANDIDATE FILED,0
Harrison,PRECINCT 61,Attorney General,,MTN,NO CANDIDATE FILED,0
Harrison,PRECINCT 63,Attorney General,,MTN,NO CANDIDATE FILED,0
Harrison,PRECINCT 66,Attorney General,,MTN,NO CANDIDATE FILED,0
Harrison,PRECINCT 66A,Attorney General,,MTN,NO CANDIDATE FILED,0
Harrison,PRECINCT 66B,Attorney General,,MTN,NO CANDIDATE FILED,0
Harrison,PRECINCT 68,Attorney General,,MTN,NO CANDIDATE FILED,0
Harrison,PRECINCT 74,Attorney General,,MTN,NO CANDIDATE FILED,0
Harrison,PRECINCT 80,Attorney General,,MTN,NO CANDIDATE FILED,0
Harrison,PRECINCT 87,Attorney General,,MTN,NO CANDIDATE FILED,0
Harrison,PRECINCT 92,Attorney General,,MTN,NO CANDIDATE FILED,0
Harrison,PRECINCT 95,Attorney General,,MTN,NO CANDIDATE FILED,0
Harrison,PRECINCT 96,Attorney General,,MTN,NO CANDIDATE FILED,0
Harrison,PRECINCT 98,Attorney General,,MTN,NO CANDIDATE FILED,0
Harrison,PRECINCT 102,Attorney General,,MTN,NO CANDIDATE FILED,0
Harrison,PRECINCT 103,Attorney General,,MTN,NO CANDIDATE FILED,0
Harrison,PRECINCT 104,Attorney General,,MTN,NO CANDIDATE FILED,0
Harrison,PRECINCT 106,Attorney General,,MTN,NO CANDIDATE FILED,0
Harrison,PRECINCT 107,Attorney General,,MTN,NO CANDIDATE FILED,0
Harrison,PRECINCT 108,Attorney General,,MTN,NO CANDIDATE FILED,0
Harrison,PRECINCT 110,Attorney General,,MTN,NO CANDIDATE FILED,0
Harrison,PRECINCT 114,Attorney General,,MTN,NO CANDIDATE FILED,0
Harrison,PRECINCT 114A,Attorney General,,MTN,NO CANDIDATE FILED,0
Harrison,PRECINCT 118,Attorney General,,MTN,NO CANDIDATE FILED,0
Harrison,PRECINCT 120,Attorney General,,MTN,NO CANDIDATE FILED,0
Harrison,PRECINCT 121,Attorney General,,MTN,NO CANDIDATE FILED,0
Harrison,PRECINCT 122,Attorney General,,MTN,NO CANDIDATE FILED,0
Harrison,PRECINCT 123,Attorney General,,MTN,NO CANDIDATE FILED,0
Harrison,PRECINCT 125,Attorney General,,MTN,NO CANDIDATE FILED,0
Harrison,PRECINCT 126,Attorney General,,MTN,NO CANDIDATE FILED,0
Harrison,PRECINCT 128,Attorney General,,MTN,NO CANDIDATE FILED,0
Harrison,PRECINCT 129,Attorney General,,MTN,NO CANDIDATE FILED,0
Harrison,PRECINCT 129B,Attorney General,,MTN,NO CANDIDATE FILED,0
Harrison,PRECINCT 129C,Attorney General,,MTN,NO CANDIDATE FILED,0
Harrison,PRECINCT 130,Attorney General,,MTN,NO CANDIDATE FILED,0
Harrison,PRECINCT 132,Attorney General,,MTN,NO CANDIDATE FILED,0
Harrison,PRECINCT 133,Attorney General,,MTN,NO CANDIDATE FILED,0
Harrison,PRECINCT 134,Attorney General,,MTN,NO CANDIDATE FILED,0
Harrison,PRECINCT 135,Attorney General,,MTN,NO CANDIDATE FILED,0
Harrison,PRECINCT 136,Attorney General,,MTN,NO CANDIDATE FILED,0
Harrison,PRECINCT 137,Attorney General,,MTN,NO CANDIDATE FILED,0
Harrison,PRECINCT 143,Attorney General,,MTN,NO CANDIDATE FILED,0
Harrison,PRECINCT 144,Attorney General,,MTN,NO CANDIDATE FILED,0
Harrison,PRECINCT 144A,Attorney General,,MTN,NO CANDIDATE FILED,0
Harrison,PRECINCT 145,Attorney General,,MTN,NO CANDIDATE FILED,0
Harrison,PRECINCT 1,State Senate,12,REP,PATRICK S MARTIN,199
Harrison,PRECINCT 1A,State Senate,12,REP,PATRICK S MARTIN,14
Harrison,PRECINCT 2,State Senate,12,REP,PATRICK S MARTIN,26
Harrison,PRECINCT 4,State Senate,12,REP,PATRICK S MARTIN,185
Harrison,PRECINCT 6,State Senate,12,REP,PATRICK S MARTIN,139
Harrison,PRECINCT 9,State Senate,12,REP,PATRICK S MARTIN,69
Harrison,PRECINCT 10,State Senate,12,REP,PATRICK S MARTIN,85
Harrison,PRECINCT 14,State Senate,12,REP,PATRICK S MARTIN,189
Harrison,PRECINCT 28,State Senate,12,REP,PATRICK S MARTIN,117
Harrison,PRECINCT 33,State Senate,12,REP,PATRICK S MARTIN,192
Harrison,PRECINCT 36A,State Senate,12,REP,PATRICK S MARTIN,69
Harrison,PRECINCT 43,State Senate,12,REP,PATRICK S MARTIN,67
Harrison,PRECINCT 44,State Senate,12,REP,PATRICK S MARTIN,49
Harrison,PRECINCT 45,State Senate,12,REP,PATRICK S MARTIN,115
Harrison,PRECINCT 46,State Senate,12,REP,PATRICK S MARTIN,91
Harrison,PRECINCT 48,State Senate,12,REP,PATRICK S MARTIN,102
Harrison,PRECINCT 50,State Senate,12,REP,PATRICK S MARTIN,96
Harrison,PRECINCT 51,State Senate,12,REP,PATRICK S MARTIN,39
Harrison,PRECINCT 52,State Senate,12,REP,PATRICK S MARTIN,79
Harrison,PRECINCT 53,State Senate,12,REP,PATRICK S MARTIN,44
Harrison,PRECINCT 59,State Senate,12,REP,PATRICK S MARTIN,65
Harrison,PRECINCT 61,State Senate,12,REP,PATRICK S MARTIN,128
Harrison,PRECINCT 63,State Senate,12,REP,PATRICK S MARTIN,118
Harrison,PRECINCT 66,State Senate,12,REP,PATRICK S MARTIN,54
Harrison,PRECINCT 66A,State Senate,12,REP,PATRICK S MARTIN,0
Harrison,PRECINCT 66B,State Senate,12,REP,PATRICK S MARTIN,12
Harrison,PRECINCT 68,State Senate,12,REP,PATRICK S MARTIN,92
Harrison,PRECINCT 74,State Senate,12,REP,PATRICK S MARTIN,167
Harrison,PRECINCT 80,State Senate,12,REP,PATRICK S MARTIN,168
Harrison,PRECINCT 87,State Senate,12,REP,PATRICK S MARTIN,48
Harrison,PRECINCT 92,State Senate,12,REP,PATRICK S MARTIN,87
Harrison,PRECINCT 95,State Senate,12,REP,PATRICK S MARTIN,64
Harrison,PRECINCT 96,State Senate,12,REP,PATRICK S MARTIN,85
Harrison,PRECINCT 98,State Senate,12,REP,PATRICK S MARTIN,61
Harrison,PRECINCT 102,State Senate,12,REP,PATRICK S MARTIN,288
Harrison,PRECINCT 103,State Senate,12,REP,PATRICK S MARTIN,70
Harrison,PRECINCT 104,State Senate,12,REP,PATRICK S MARTIN,79
Harrison,PRECINCT 106,State Senate,12,REP,PATRICK S MARTIN,79
Harrison,PRECINCT 107,State Senate,12,REP,PATRICK S MARTIN,50
Harrison,PRECINCT 108,State Senate,12,REP,PATRICK S MARTIN,149
Harrison,PRECINCT 110,State Senate,12,REP,PATRICK S MARTIN,125
Harrison,PRECINCT 114,State Senate,12,REP,PATRICK S MARTIN,67
Harrison,PRECINCT 114A,State Senate,12,REP,PATRICK S MARTIN,27
Harrison,PRECINCT 118,State Senate,12,REP,PATRICK S MARTIN,65
Harrison,PRECINCT 120,State Senate,12,REP,PATRICK S MARTIN,151
Harrison,PRECINCT 121,State Senate,12,REP,PATRICK S MARTIN,38
Harrison,PRECINCT 122,State Senate,12,REP,PATRICK S MARTIN,87
Harrison,PRECINCT 123,State Senate,12,REP,PATRICK S MARTIN,409
Harrison,PRECINCT 125,State Senate,12,REP,PATRICK S MARTIN,186
Harrison,PRECINCT 126,State Senate,12,REP,PATRICK S MARTIN,128
Harrison,PRECINCT 128,State Senate,12,REP,PATRICK S MARTIN,160
Harrison,PRECINCT 129,State Senate,12,REP,PATRICK S MARTIN,281
Harrison,PRECINCT 129B,State Senate,12,REP,PATRICK S MARTIN,265
Harrison,PRECINCT 129C,State Senate,12,REP,PATRICK S MARTIN,100
Harrison,PRECINCT 130,State Senate,12,REP,PATRICK S MARTIN,66
Harrison,PRECINCT 132,State Senate,12,REP,PATRICK S MARTIN,41
Harrison,PRECINCT 133,State Senate,12,REP,PATRICK S MARTIN,148
Harrison,PRECINCT 134,State Senate,12,REP,PATRICK S MARTIN,122
Harrison,PRECINCT 135,State Senate,12,REP,PATRICK S MARTIN,47
Harrison,PRECINCT 136,State Senate,12,REP,PATRICK S MARTIN,39
Harrison,PRECINCT 137,State Senate,12,REP,PATRICK S MARTIN,25
Harrison,PRECINCT 143,State Senate,12,REP,PATRICK S MARTIN,253
Harrison,PRECINCT 144,State Senate,12,REP,PATRICK S MARTIN,63
Harrison,PRECINCT 144A,State Senate,12,REP,PATRICK S MARTIN,86
Harrison,PRECINCT 145,State Senate,12,REP,PATRICK S MARTIN,113
Harrison,PRECINCT 1,State Senate,12,DEM,NO CANDIDATE FILED,0
Harrison,PRECINCT 1A,State Senate,12,DEM,NO CANDIDATE FILED,0
Harrison,PRECINCT 2,State Senate,12,DEM,NO CANDIDATE FILED,0
Harrison,PRECINCT 4,State Senate,12,DEM,NO CANDIDATE FILED,0
Harrison,PRECINCT 6,State Senate,12,DEM,NO CANDIDATE FILED,0
Harrison,PRECINCT 9,State Senate,12,DEM,NO CANDIDATE FILED,0
Harrison,PRECINCT 10,State Senate,12,DEM,NO CANDIDATE FILED,0
Harrison,PRECINCT 14,State Senate,12,DEM,NO CANDIDATE FILED,0
Harrison,PRECINCT 28,State Senate,12,DEM,NO CANDIDATE FILED,0
Harrison,PRECINCT 33,State Senate,12,DEM,NO CANDIDATE FILED,0
Harrison,PRECINCT 36A,State Senate,12,DEM,NO CANDIDATE FILED,0
Harrison,PRECINCT 43,State Senate,12,DEM,NO CANDIDATE FILED,0
Harrison,PRECINCT 44,State Senate,12,DEM,NO CANDIDATE FILED,0
Harrison,PRECINCT 45,State Senate,12,DEM,NO CANDIDATE FILED,0
Harrison,PRECINCT 46,State Senate,12,DEM,NO CANDIDATE FILED,0
Harrison,PRECINCT 48,State Senate,12,DEM,NO CANDIDATE FILED,0
Harrison,PRECINCT 50,State Senate,12,DEM,NO CANDIDATE FILED,0
Harrison,PRECINCT 51,State Senate,12,DEM,NO CANDIDATE FILED,0
Harrison,PRECINCT 52,State Senate,12,DEM,NO CANDIDATE FILED,0
Harrison,PRECINCT 53,State Senate,12,DEM,NO CANDIDATE FILED,0
Harrison,PRECINCT 59,State Senate,12,DEM,NO CANDIDATE FILED,0
Harrison,PRECINCT 61,State Senate,12,DEM,NO CANDIDATE FILED,0
Harrison,PRECINCT 63,State Senate,12,DEM,NO CANDIDATE FILED,0
Harrison,PRECINCT 66,State Senate,12,DEM,NO CANDIDATE FILED,0
Harrison,PRECINCT 66A,State Senate,12,DEM,NO CANDIDATE FILED,0
Harrison,PRECINCT 66B,State Senate,12,DEM,NO CANDIDATE FILED,0
Harrison,PRECINCT 68,State Senate,12,DEM,NO CANDIDATE FILED,0
Harrison,PRECINCT 74,State Senate,12,DEM,NO CANDIDATE FILED,0
Harrison,PRECINCT 80,State Senate,12,DEM,NO CANDIDATE FILED,0
Harrison,PRECINCT 87,State Senate,12,DEM,NO CANDIDATE FILED,0
Harrison,PRECINCT 92,State Senate,12,DEM,NO CANDIDATE FILED,0
Harrison,PRECINCT 95,State Senate,12,DEM,NO CANDIDATE FILED,0
Harrison,PRECINCT 96,State Senate,12,DEM,NO CANDIDATE FILED,0
Harrison,PRECINCT 98,State Senate,12,DEM,NO CANDIDATE FILED,0
Harrison,PRECINCT 102,State Senate,12,DEM,NO CANDIDATE FILED,0
Harrison,PRECINCT 103,State Senate,12,DEM,NO CANDIDATE FILED,0
Harrison,PRECINCT 104,State Senate,12,DEM,NO CANDIDATE FILED,0
Harrison,PRECINCT 106,State Senate,12,DEM,NO CANDIDATE FILED,0
Harrison,PRECINCT 107,State Senate,12,DEM,NO CANDIDATE FILED,0
Harrison,PRECINCT 108,State Senate,12,DEM,NO CANDIDATE FILED,0
Harrison,PRECINCT 110,State Senate,12,DEM,NO CANDIDATE FILED,0
Harrison,PRECINCT 114,State Senate,12,DEM,NO CANDIDATE FILED,0
Harrison,PRECINCT 114A,State Senate,12,DEM,NO CANDIDATE FILED,0
Harrison,PRECINCT 118,State Senate,12,DEM,NO CANDIDATE FILED,0
Harrison,PRECINCT 120,State Senate,12,DEM,NO CANDIDATE FILED,0
Harrison,PRECINCT 121,State Senate,12,DEM,NO CANDIDATE FILED,0
Harrison,PRECINCT 122,State Senate,12,DEM,NO CANDIDATE FILED,0
Harrison,PRECINCT 123,State Senate,12,DEM,NO CANDIDATE FILED,0
Harrison,PRECINCT 125,State Senate,12,DEM,NO CANDIDATE FILED,0
Harrison,PRECINCT 126,State Senate,12,DEM,NO CANDIDATE FILED,0
Harrison,PRECINCT 128,State Senate,12,DEM,NO CANDIDATE FILED,0
Harrison,PRECINCT 129,State Senate,12,DEM,NO CANDIDATE FILED,0
Harrison,PRECINCT 129B,State Senate,12,DEM,NO CANDIDATE FILED,0
Harrison,PRECINCT 129C,State Senate,12,DEM,NO CANDIDATE FILED,0
Harrison,PRECINCT 130,State Senate,12,DEM,NO CANDIDATE FILED,0
Harrison,PRECINCT 132,State Senate,12,DEM,NO CANDIDATE FILED,0
Harrison,PRECINCT 133,State Senate,12,DEM,NO CANDIDATE FILED,0
Harrison,PRECINCT 134,State Senate,12,DEM,NO CANDIDATE FILED,0
Harrison,PRECINCT 135,State Senate,12,DEM,NO CANDIDATE FILED,0
Harrison,PRECINCT 136,State Senate,12,DEM,NO CANDIDATE FILED,0
Harrison,PRECINCT 137,State Senate,12,DEM,NO CANDIDATE FILED,0
Harrison,PRECINCT 143,State Senate,12,DEM,NO CANDIDATE FILED,0
Harrison,PRECINCT 144,State Senate,12,DEM,NO CANDIDATE FILED,0
Harrison,PRECINCT 144A,State Senate,12,DEM,NO CANDIDATE FILED,0
Harrison,PRECINCT 145,State Senate,12,DEM,NO CANDIDATE FILED,0
Harrison,PRECINCT 1,State Senate,12,MTN,NO CANDIDATE FILED,0
Harrison,PRECINCT 1A,State Senate,12,MTN,NO CANDIDATE FILED,0
Harrison,PRECINCT 2,State Senate,12,MTN,NO CANDIDATE FILED,0
Harrison,PRECINCT 4,State Senate,12,MTN,NO CANDIDATE FILED,0
Harrison,PRECINCT 6,State Senate,12,MTN,NO CANDIDATE FILED,0
Harrison,PRECINCT 9,State Senate,12,MTN,NO CANDIDATE FILED,0
Harrison,PRECINCT 10,State Senate,12,MTN,NO CANDIDATE FILED,0
Harrison,PRECINCT 14,State Senate,12,MTN,NO CANDIDATE FILED,0
Harrison,PRECINCT 28,State Senate,12,MTN,NO CANDIDATE FILED,0
Harrison,PRECINCT 33,State Senate,12,MTN,NO CANDIDATE FILED,0
Harrison,PRECINCT 36A,State Senate,12,MTN,NO CANDIDATE FILED,0
Harrison,PRECINCT 43,State Senate,12,MTN,NO CANDIDATE FILED,0
Harrison,PRECINCT 44,State Senate,12,MTN,NO CANDIDATE FILED,0
Harrison,PRECINCT 45,State Senate,12,MTN,NO CANDIDATE FILED,0
Harrison,PRECINCT 46,State Senate,12,MTN,NO CANDIDATE FILED,0
Harrison,PRECINCT 48,State Senate,12,MTN,NO CANDIDATE FILED,0
Harrison,PRECINCT 50,State Senate,12,MTN,NO CANDIDATE FILED,0
Harrison,PRECINCT 51,State Senate,12,MTN,NO CANDIDATE FILED,0
Harrison,PRECINCT 52,State Senate,12,MTN,NO CANDIDATE FILED,0
Harrison,PRECINCT 53,State Senate,12,MTN,NO CANDIDATE FILED,0
Harrison,PRECINCT 59,State Senate,12,MTN,NO CANDIDATE FILED,0
Harrison,PRECINCT 61,State Senate,12,MTN,NO CANDIDATE FILED,0
Harrison,PRECINCT 63,State Senate,12,MTN,NO CANDIDATE FILED,0
Harrison,PRECINCT 66,State Senate,12,MTN,NO CANDIDATE FILED,0
Harrison,PRECINCT 66A,State Senate,12,MTN,NO CANDIDATE FILED,0
Harrison,PRECINCT 66B,State Senate,12,MTN,NO CANDIDATE FILED,0
Harrison,PRECINCT 68,State Senate,12,MTN,NO CANDIDATE FILED,0
Harrison,PRECINCT 74,State Senate,12,MTN,NO CANDIDATE FILED,0
Harrison,PRECINCT 80,State Senate,12,MTN,NO CANDIDATE FILED,0
Harrison,PRECINCT 87,State Senate,12,MTN,NO CANDIDATE FILED,0
Harrison,PRECINCT 92,State Senate,12,MTN,NO CANDIDATE FILED,0
Harrison,PRECINCT 95,State Senate,12,MTN,NO CANDIDATE FILED,0
Harrison,PRECINCT 96,State Senate,12,MTN,NO CANDIDATE FILED,0
Harrison,PRECINCT 98,State Senate,12,MTN,NO CANDIDATE FILED,0
Harrison,PRECINCT 102,State Senate,12,MTN,NO CANDIDATE FILED,0
Harrison,PRECINCT 103,State Senate,12,MTN,NO CANDIDATE FILED,0
Harrison,PRECINCT 104,State Senate,12,MTN,NO CANDIDATE FILED,0
Harrison,PRECINCT 106,State Senate,12,MTN,NO CANDIDATE FILED,0
Harrison,PRECINCT 107,State Senate,12,MTN,NO CANDIDATE FILED,0
Harrison,PRECINCT 108,State Senate,12,MTN,NO CANDIDATE FILED,0
Harrison,PRECINCT 110,State Senate,12,MTN,NO CANDIDATE FILED,0
Harrison,PRECINCT 114,State Senate,12,MTN,NO CANDIDATE FILED,0
Harrison,PRECINCT 114A,State Senate,12,MTN,NO CANDIDATE FILED,0
Harrison,PRECINCT 118,State Senate,12,MTN,NO CANDIDATE FILED,0
Harrison,PRECINCT 120,State Senate,12,MTN,NO CANDIDATE FILED,0
Harrison,PRECINCT 121,State Senate,12,MTN,NO CANDIDATE FILED,0
Harrison,PRECINCT 122,State Senate,12,MTN,NO CANDIDATE FILED,0
Harrison,PRECINCT 123,State Senate,12,MTN,NO CANDIDATE FILED,0
Harrison,PRECINCT 125,State Senate,12,MTN,NO CANDIDATE FILED,0
Harrison,PRECINCT 126,State Senate,12,MTN,NO CANDIDATE FILED,0
Harrison,PRECINCT 128,State Senate,12,MTN,NO CANDIDATE FILED,0
Harrison,PRECINCT 129,State Senate,12,MTN,NO CANDIDATE FILED,0
Harrison,PRECINCT 129B,State Senate,12,MTN,NO CANDIDATE FILED,0
Harrison,PRECINCT 129C,State Senate,12,MTN,NO CANDIDATE FILED,0
Harrison,PRECINCT 130,State Senate,12,MTN,NO CANDIDATE FILED,0
Harrison,PRECINCT 132,State Senate,12,MTN,NO CANDIDATE FILED,0
Harrison,PRECINCT 133,State Senate,12,MTN,NO CANDIDATE FILED,0
Harrison,PRECINCT 134,State Senate,12,MTN,NO CANDIDATE FILED,0
Harrison,PRECINCT 135,State Senate,12,MTN,NO CANDIDATE FILED,0
Harrison,PRECINCT 136,State Senate,12,MTN,NO CANDIDATE FILED,0
Harrison,PRECINCT 137,State Senate,12,MTN,NO CANDIDATE FILED,0
Harrison,PRECINCT 143,State Senate,12,MTN,NO CANDIDATE FILED,0
Harrison,PRECINCT 144,State Senate,12,MTN,NO CANDIDATE FILED,0
Harrison,PRECINCT 144A,State Senate,12,MTN,NO CANDIDATE FILED,0
Harrison,PRECINCT 145,State Senate,12,MTN,NO CANDIDATE FILED,0
Harrison,PRECINCT 1,State House,69,REP,DANNY HAMRICK,156
Harrison,PRECINCT 1A,State House,69,REP,DANNY HAMRICK,9
Harrison,PRECINCT 2,State House,69,REP,DANNY HAMRICK,23
Harrison,PRECINCT 59,State House,69,REP,DANNY HAMRICK,50
Harrison,PRECINCT 61,State House,69,REP,DANNY HAMRICK,100
Harrison,PRECINCT 102,State House,69,REP,DANNY HAMRICK,184
Harrison,PRECINCT 103,State House,69,REP,DANNY HAMRICK,34
Harrison,PRECINCT 104,State House,69,REP,DANNY HAMRICK,14
Harrison,PRECINCT 106,State House,69,REP,DANNY HAMRICK,42
Harrison,PRECINCT 107,State House,69,REP,DANNY HAMRICK,15
Harrison,PRECINCT 108,State House,69,REP,DANNY HAMRICK,38
Harrison,PRECINCT 110,State House,69,REP,DANNY HAMRICK,36
Harrison,PRECINCT 114,State House,69,REP,DANNY HAMRICK,51
Harrison,PRECINCT 133,State House,69,REP,DANNY HAMRICK,107
Harrison,PRECINCT 134,State House,69,REP,DANNY HAMRICK,71
Harrison,PRECINCT 143,State House,69,REP,DANNY HAMRICK,89
Harrison,PRECINCT 144,State House,69,REP,DANNY HAMRICK,23
Harrison,PRECINCT 144A,State House,69,REP,DANNY HAMRICK,36
Harrison,PRECINCT 145,State House,69,REP,DANNY HAMRICK,64
Harrison,PRECINCT 1,State House,69,REP,KEITH MARPLE,97
Harrison,PRECINCT 1A,State House,69,REP,KEITH MARPLE,9
Harrison,PRECINCT 2,State House,69,REP,KEITH MARPLE,9
Harrison,PRECINCT 59,State House,69,REP,KEITH MARPLE,27
Harrison,PRECINCT 61,State House,69,REP,KEITH MARPLE,62
Harrison,PRECINCT 102,State House,69,REP,KEITH MARPLE,160
Harrison,PRECINCT 103,State House,69,REP,KEITH MARPLE,53
Harrison,PRECINCT 104,State House,69,REP,KEITH MARPLE,79
Harrison,PRECINCT 106,State House,69,REP,KEITH MARPLE,49
Harrison,PRECINCT 107,State House,69,REP,KEITH MARPLE,41
Harrison,PRECINCT 108,State House,69,REP,KEITH MARPLE,141
Harrison,PRECINCT 110,State House,69,REP,KEITH MARPLE,103
Harrison,PRECINCT 114,State House,69,REP,KEITH MARPLE,26
Harrison,PRECINCT 133,State House,69,REP,KEITH MARPLE,76
Harrison,PRECINCT 134,State House,69,REP,KEITH MARPLE,73
Harrison,PRECINCT 143,State House,69,REP,KEITH MARPLE,194
Harrison,PRECINCT 144,State House,69,REP,KEITH MARPLE,50
Harrison,PRECINCT 144A,State House,69,REP,KEITH MARPLE,69
Harrison,PRECINCT 145,State House,69,REP,KEITH MARPLE,76
Harrison,PRECINCT 1,State House,69,DEM,NO CANDIDATE FILED,0
Harrison,PRECINCT 1A,State House,69,DEM,NO CANDIDATE FILED,0
Harrison,PRECINCT 2,State House,69,DEM,NO CANDIDATE FILED,0
Harrison,PRECINCT 59,State House,69,DEM,NO CANDIDATE FILED,0
Harrison,PRECINCT 61,State House,69,DEM,NO CANDIDATE FILED,0
Harrison,PRECINCT 102,State House,69,DEM,NO CANDIDATE FILED,0
Harrison,PRECINCT 103,State House,69,DEM,NO CANDIDATE FILED,0
Harrison,PRECINCT 104,State House,69,DEM,NO CANDIDATE FILED,0
Harrison,PRECINCT 106,State House,69,DEM,NO CANDIDATE FILED,0
Harrison,PRECINCT 107,State House,69,DEM,NO CANDIDATE FILED,0
Harrison,PRECINCT 108,State House,69,DEM,NO CANDIDATE FILED,0
Harrison,PRECINCT 110,State House,69,DEM,NO CANDIDATE FILED,0
Harrison,PRECINCT 114,State House,69,DEM,NO CANDIDATE FILED,0
Harrison,PRECINCT 133,State House,69,DEM,NO CANDIDATE FILED,0
Harrison,PRECINCT 134,State House,69,DEM,NO CANDIDATE FILED,0
Harrison,PRECINCT 143,State House,69,DEM,NO CANDIDATE FILED,0
Harrison,PRECINCT 144,State House,69,DEM,NO CANDIDATE FILED,0
Harrison,PRECINCT 144A,State House,69,DEM,NO CANDIDATE FILED,0
Harrison,PRECINCT 145,State House,69,DEM,NO CANDIDATE FILED,0
Harrison,PRECINCT 1,State House,69,MTN,NO CANDIDATE FILED,0
Harrison,PRECINCT 1A,State House,69,MTN,NO CANDIDATE FILED,0
Harrison,PRECINCT 2,State House,69,MTN,NO CANDIDATE FILED,0
Harrison,PRECINCT 59,State House,69,MTN,NO CANDIDATE FILED,0
Harrison,PRECINCT 61,State House,69,MTN,NO CANDIDATE FILED,0
Harrison,PRECINCT 102,State House,69,MTN,NO CANDIDATE FILED,0
Harrison,PRECINCT 103,State House,69,MTN,NO CANDIDATE FILED,0
Harrison,PRECINCT 104,State House,69,MTN,NO CANDIDATE FILED,0
Harrison,PRECINCT 106,State House,69,MTN,NO CANDIDATE FILED,0
Harrison,PRECINCT 107,State House,69,MTN,NO CANDIDATE FILED,0
Harrison,PRECINCT 108,State House,69,MTN,NO CANDIDATE FILED,0
Harrison,PRECINCT 110,State House,69,MTN,NO CANDIDATE FILED,0
Harrison,PRECINCT 114,State House,69,MTN,NO CANDIDATE FILED,0
Harrison,PRECINCT 133,State House,69,MTN,NO CANDIDATE FILED,0
Harrison,PRECINCT 134,State House,69,MTN,NO CANDIDATE FILED,0
Harrison,PRECINCT 143,State House,69,MTN,NO CANDIDATE FILED,0
Harrison,PRECINCT 144,State House,69,MTN,NO CANDIDATE FILED,0
Harrison,PRECINCT 144A,State House,69,MTN,NO CANDIDATE FILED,0
Harrison,PRECINCT 145,State House,69,MTN,NO CANDIDATE FILED,0
Harrison,PRECINCT 6,State House,70,REP,MICKEY PETITTO,144
Harrison,PRECINCT 9,State House,70,REP,MICKEY PETITTO,68
Harrison,PRECINCT 14,State House,70,REP,MICKEY PETITTO,205
Harrison,PRECINCT 28,State House,70,REP,MICKEY PETITTO,124
Harrison,PRECINCT 33,State House,70,REP,MICKEY PETITTO,189
Harrison,PRECINCT 36A,State House,70,REP,MICKEY PETITTO,72
Harrison,PRECINCT 66A,State House,70,REP,MICKEY PETITTO,0
Harrison,PRECINCT 68,State House,70,REP,MICKEY PETITTO,96
Harrison,PRECINCT 74,State House,70,REP,MICKEY PETITTO,166
Harrison,PRECINCT 80,State House,70,REP,MICKEY PETITTO,179
Harrison,PRECINCT 6,State House,70,DEM,MORGAN A. EARP,116
Harrison,PRECINCT 9,State House,70,DEM,MORGAN A. EARP,65
Harrison,PRECINCT 14,State House,70,DEM,MORGAN A. EARP,209
Harrison,PRECINCT 28,State House,70,DEM,MORGAN A. EARP,105
Harrison,PRECINCT 33,State House,70,DEM,MORGAN A. EARP,151
Harrison,PRECINCT 36A,State House,70,DEM,MORGAN A. EARP,46
Harrison,PRECINCT 66A,State House,70,DEM,MORGAN A. EARP,12
Harrison,PRECINCT 68,State House,70,DEM,MORGAN A. EARP,134
Harrison,PRECINCT 74,State House,70,DEM,MORGAN A. EARP,119
Harrison,PRECINCT 80,State House,70,DEM,MORGAN A. EARP,178
Harrison,PRECINCT 6,State House,70,MTN,NO CANDIDATE FILED,0
Harrison,PRECINCT 9,State House,70,MTN,NO CANDIDATE FILED,0
Harrison,PRECINCT 14,State House,70,MTN,NO CANDIDATE FILED,0
Harrison,PRECINCT 28,State House,70,MTN,NO CANDIDATE FILED,0
Harrison,PRECINCT 33,State House,70,MTN,NO CANDIDATE FILED,0
Harrison,PRECINCT 36A,State House,70,MTN,NO CANDIDATE FILED,0
Harrison,PRECINCT 66A,State House,70,MTN,NO CANDIDATE FILED,0
Harrison,PRECINCT 68,State House,70,MTN,NO CANDIDATE FILED,0
Harrison,PRECINCT 74,State House,70,MTN,NO CANDIDATE FILED,0
Harrison,PRECINCT 80,State House,70,MTN,NO CANDIDATE FILED,0
Harrison,PRECINCT 4,State House,71,REP,LAURA  KIMBLE,200
Harrison,PRECINCT 10,State House,71,REP,LAURA  KIMBLE,79
Harrison,PRECINCT 66,State House,71,REP,LAURA  KIMBLE,54
Harrison,PRECINCT 66B,State House,71,REP,LAURA  KIMBLE,12
Harrison,PRECINCT 120,State House,71,REP,LAURA  KIMBLE,159
Harrison,PRECINCT 121,State House,71,REP,LAURA  KIMBLE,38
Harrison,PRECINCT 122,State House,71,REP,LAURA  KIMBLE,94
Harrison,PRECINCT 123,State House,71,REP,LAURA  KIMBLE,439
Harrison,PRECINCT 125,State House,71,REP,LAURA  KIMBLE,192
Harrison,PRECINCT 126,State House,71,REP,LAURA  KIMBLE,139
Harrison,PRECINCT 128,State House,71,REP,LAURA  KIMBLE,178
Harrison,PRECINCT 129,State House,71,REP,LAURA  KIMBLE,308
Harrison,PRECINCT 129B,State House,71,REP,LAURA  KIMBLE,279
Harrison,PRECINCT 129C,State House,71,REP,LAURA  KIMBLE,110
Harrison,PRECINCT 4,State House,71,DEM,NO CANDIDATE FILED,0
Harrison,PRECINCT 10,State House,71,DEM,NO CANDIDATE FILED,0
Harrison,PRECINCT 66,State House,71,DEM,NO CANDIDATE FILED,0
Harrison,PRECINCT 66B,State House,71,DEM,NO CANDIDATE FILED,0
Harrison,PRECINCT 120,State House,71,DEM,NO CANDIDATE FILED,0
Harrison,PRECINCT 121,State House,71,DEM,NO CANDIDATE FILED,0
Harrison,PRECINCT 122,State House,71,DEM,NO CANDIDATE FILED,0
Harrison,PRECINCT 123,State House,71,DEM,NO CANDIDATE FILED,0
Harrison,PRECINCT 125,State House,71,DEM,NO CANDIDATE FILED,0
Harrison,PRECINCT 126,State House,71,DEM,NO CANDIDATE FILED,0
Harrison,PRECINCT 128,State House,71,DEM,NO CANDIDATE FILED,0
Harrison,PRECINCT 129,State House,71,DEM,NO CANDIDATE FILED,0
Harrison,PRECINCT 129B,State House,71,DEM,NO CANDIDATE FILED,0
Harrison,PRECINCT 129C,State House,71,DEM,NO CANDIDATE FILED,0
Harrison,PRECINCT 4,State House,71,MTN,NO CANDIDATE FILED,0
Harrison,PRECINCT 10,State House,71,MTN,NO CANDIDATE FILED,0
Harrison,PRECINCT 66,State House,71,MTN,NO CANDIDATE FILED,0
Harrison,PRECINCT 66B,State House,71,MTN,NO CANDIDATE FILED,0
Harrison,PRECINCT 120,State House,71,MTN,NO CANDIDATE FILED,0
Harrison,PRECINCT 121,State House,71,MTN,NO CANDIDATE FILED,0
Harrison,PRECINCT 122,State House,71,MTN,NO CANDIDATE FILED,0
Harrison,PRECINCT 123,State House,71,MTN,NO CANDIDATE FILED,0
Harrison,PRECINCT 125,State House,71,MTN,NO CANDIDATE FILED,0
Harrison,PRECINCT 126,State House,71,MTN,NO CANDIDATE FILED,0
Harrison,PRECINCT 128,State House,71,MTN,NO CANDIDATE FILED,0
Harrison,PRECINCT 129,State House,71,MTN,NO CANDIDATE FILED,0
Harrison,PRECINCT 129B,State House,71,MTN,NO CANDIDATE FILED,0
Harrison,PRECINCT 129C,State House,71,MTN,NO CANDIDATE FILED,0
Harrison,PRECINCT 43,State House,72,REP,CLAY RILEY,75
Harrison,PRECINCT 44,State House,72,REP,CLAY RILEY,60
Harrison,PRECINCT 45,State House,72,REP,CLAY RILEY,121
Harrison,PRECINCT 46,State House,72,REP,CLAY RILEY,97
Harrison,PRECINCT 48,State House,72,REP,CLAY RILEY,121
Harrison,PRECINCT 50,State House,72,REP,CLAY RILEY,110
Harrison,PRECINCT 51,State House,72,REP,CLAY RILEY,48
Harrison,PRECINCT 52,State House,72,REP,CLAY RILEY,93
Harrison,PRECINCT 53,State House,72,REP,CLAY RILEY,47
Harrison,PRECINCT 63,State House,72,REP,CLAY RILEY,128
Harrison,PRECINCT 87,State House,72,REP,CLAY RILEY,52
Harrison,PRECINCT 92,State House,72,REP,CLAY RILEY,102
Harrison,PRECINCT 95,State House,72,REP,CLAY RILEY,69
Harrison,PRECINCT 96,State House,72,REP,CLAY RILEY,96
Harrison,PRECINCT 98,State House,72,REP,CLAY RILEY,69
Harrison,PRECINCT 114A,State House,72,REP,CLAY RILEY,26
Harrison,PRECINCT 118,State House,72,REP,CLAY RILEY,76
Harrison,PRECINCT 130,State House,72,REP,CLAY RILEY,66
Harrison,PRECINCT 132,State House,72,REP,CLAY RILEY,43
Harrison,PRECINCT 135,State House,72,REP,CLAY RILEY,50
Harrison,PRECINCT 136,State House,72,REP,CLAY RILEY,39
Harrison,PRECINCT 137,State House,72,REP,CLAY RILEY,27
Harrison,PRECINCT 43,State House,72,DEM,NO CANDIDATE FILED,0
Harrison,PRECINCT 44,State House,72,DEM,NO CANDIDATE FILED,0
Harrison,PRECINCT 45,State House,72,DEM,NO CANDIDATE FILED,0
Harrison,PRECINCT 46,State House,72,DEM,NO CANDIDATE FILED,0
Harrison,PRECINCT 48,State House,72,DEM,NO CANDIDATE FILED,0
Harrison,PRECINCT 50,State House,72,DEM,NO CANDIDATE FILED,0
Harrison,PRECINCT 51,State House,72,DEM,NO CANDIDATE FILED,0
Harrison,PRECINCT 52,State House,72,DEM,NO CANDIDATE FILED,0
Harrison,PRECINCT 53,State House,72,DEM,NO CANDIDATE FILED,0
Harrison,PRECINCT 63,State House,72,DEM,NO CANDIDATE FILED,0
Harrison,PRECINCT 87,State House,72,DEM,NO CANDIDATE FILED,0
Harrison,PRECINCT 92,State House,72,DEM,NO CANDIDATE FILED,0
Harrison,PRECINCT 95,State House,72,DEM,NO CANDIDATE FILED,0
Harrison,PRECINCT 96,State House,72,DEM,NO CANDIDATE FILED,0
Harrison,PRECINCT 98,State House,72,DEM,NO CANDIDATE FILED,0
Harrison,PRECINCT 114A,State House,72,DEM,NO CANDIDATE FILED,0
Harrison,PRECINCT 118,State House,72,DEM,NO CANDIDATE FILED,0
Harrison,PRECINCT 130,State House,72,DEM,NO CANDIDATE FILED,0
Harrison,PRECINCT 132,State House,72,DEM,NO CANDIDATE FILED,0
Harrison,PRECINCT 135,State House,72,DEM,NO CANDIDATE FILED,0
Harrison,PRECINCT 136,State House,72,DEM,NO CANDIDATE FILED,0
Harrison,PRECINCT 137,State House,72,DEM,NO CANDIDATE FILED,0
Harrison,PRECINCT 43,State House,72,MTN,NO CANDIDATE FILED,0
Harrison,PRECINCT 44,State House,72,MTN,NO CANDIDATE FILED,0
Harrison,PRECINCT 45,State House,72,MTN,NO CANDIDATE FILED,0
Harrison,PRECINCT 46,State House,72,MTN,NO CANDIDATE FILED,0
Harrison,PRECINCT 48,State House,72,MTN,NO CANDIDATE FILED,0
Harrison,PRECINCT 50,State House,72,MTN,NO CANDIDATE FILED,0
Harrison,PRECINCT 51,State House,72,MTN,NO CANDIDATE FILED,0
Harrison,PRECINCT 52,State House,72,MTN,NO CANDIDATE FILED,0
Harrison,PRECINCT 53,State House,72,MTN,NO CANDIDATE FILED,0
Harrison,PRECINCT 63,State House,72,MTN,NO CANDIDATE FILED,0
Harrison,PRECINCT 87,State House,72,MTN,NO CANDIDATE FILED,0
Harrison,PRECINCT 92,State House,72,MTN,NO CANDIDATE FILED,0
Harrison,PRECINCT 95,State House,72,MTN,NO CANDIDATE FILED,0
Harrison,PRECINCT 96,State House,72,MTN,NO CANDIDATE FILED,0
Harrison,PRECINCT 98,State House,72,MTN,NO CANDIDATE FILED,0
Harrison,PRECINCT 114A,State House,72,MTN,NO CANDIDATE FILED,0
Harrison,PRECINCT 118,State House,72,MTN,NO CANDIDATE FILED,0
Harrison,PRECINCT 130,State House,72,MTN,NO CANDIDATE FILED,0
Harrison,PRECINCT 132,State House,72,MTN,NO CANDIDATE FILED,0
Harrison,PRECINCT 135,State House,72,MTN,NO CANDIDATE FILED,0
Harrison,PRECINCT 136,State House,72,MTN,NO CANDIDATE FILED,0
Harrison,PRECINCT 137,State House,72,MTN,NO CANDIDATE FILED,0
Harrison,PRECINCT 1,Supreme Court of Appeals,,,HALEY BUNN,313
Harrison,PRECINCT 1A,Supreme Court of Appeals,,,HALEY BUNN,27
Harrison,PRECINCT 2,Supreme Court of Appeals,,,HALEY BUNN,37
Harrison,PRECINCT 4,Supreme Court of Appeals,,,HALEY BUNN,282
Harrison,PRECINCT 6,Supreme Court of Appeals,,,HALEY BUNN,233
Harrison,PRECINCT 9,Supreme Court of Appeals,,,HALEY BUNN,122
Harrison,PRECINCT 10,Supreme Court of Appeals,,,HALEY BUNN,105
Harrison,PRECINCT 14,Supreme Court of Appeals,,,HALEY BUNN,377
Harrison,PRECINCT 28,Supreme Court of Appeals,,,HALEY BUNN,206
Harrison,PRECINCT 33,Supreme Court of Appeals,,,HALEY BUNN,322
Harrison,PRECINCT 36A,Supreme Court of Appeals,,,HALEY BUNN,112
Harrison,PRECINCT 43,Supreme Court of Appeals,,,HALEY BUNN,79
Harrison,PRECINCT 44,Supreme Court of Appeals,,,HALEY BUNN,77
Harrison,PRECINCT 45,Supreme Court of Appeals,,,HALEY BUNN,148
Harrison,PRECINCT 46,Supreme Court of Appeals,,,HALEY BUNN,121
Harrison,PRECINCT 48,Supreme Court of Appeals,,,HALEY BUNN,154
Harrison,PRECINCT 50,Supreme Court of Appeals,,,HALEY BUNN,146
Harrison,PRECINCT 51,Supreme Court of Appeals,,,HALEY BUNN,76
Harrison,PRECINCT 52,Supreme Court of Appeals,,,HALEY BUNN,124
Harrison,PRECINCT 53,Supreme Court of Appeals,,,HALEY BUNN,61
Harrison,PRECINCT 59,Supreme Court of Appeals,,,HALEY BUNN,103
Harrison,PRECINCT 61,Supreme Court of Appeals,,,HALEY BUNN,192
Harrison,PRECINCT 63,Supreme Court of Appeals,,,HALEY BUNN,183
Harrison,PRECINCT 66,Supreme Court of Appeals,,,HALEY BUNN,95
Harrison,PRECINCT 66A,Supreme Court of Appeals,,,HALEY BUNN,11
Harrison,PRECINCT 66B,Supreme Court of Appeals,,,HALEY BUNN,19
Harrison,PRECINCT 68,Supreme Court of Appeals,,,HALEY BUNN,208
Harrison,PRECINCT 74,Supreme Court of Appeals,,,HALEY BUNN,267
Harrison,PRECINCT 80,Supreme Court of Appeals,,,HALEY BUNN,322
Harrison,PRECINCT 87,Supreme Court of Appeals,,,HALEY BUNN,73
Harrison,PRECINCT 92,Supreme Court of Appeals,,,HALEY BUNN,105
Harrison,PRECINCT 95,Supreme Court of Appeals,,,HALEY BUNN,99
Harrison,PRECINCT 96,Supreme Court of Appeals,,,HALEY BUNN,137
Harrison,PRECINCT 98,Supreme Court of Appeals,,,HALEY BUNN,78
Harrison,PRECINCT 102,Supreme Court of Appeals,,,HALEY BUNN,383
Harrison,PRECINCT 103,Supreme Court of Appeals,,,HALEY BUNN,74
Harrison,PRECINCT 104,Supreme Court of Appeals,,,HALEY BUNN,104
Harrison,PRECINCT 106,Supreme Court of Appeals,,,HALEY BUNN,123
Harrison,PRECINCT 107,Supreme Court of Appeals,,,HALEY BUNN,65
Harrison,PRECINCT 108,Supreme Court of Appeals,,,HALEY BUNN,177
Harrison,PRECINCT 110,Supreme Court of Appeals,,,HALEY BUNN,159
Harrison,PRECINCT 114,Supreme Court of Appeals,,,HALEY BUNN,106
Harrison,PRECINCT 114A,Supreme Court of Appeals,,,HALEY BUNN,32
Harrison,PRECINCT 118,Supreme Court of Appeals,,,HALEY BUNN,82
Harrison,PRECINCT 120,Supreme Court of Appeals,,,HALEY BUNN,174
Harrison,PRECINCT 121,Supreme Court of Appeals,,,HALEY BUNN,59
Harrison,PRECINCT 122,Supreme Court of Appeals,,,HALEY BUNN,98
Harrison,PRECINCT 123,Supreme Court of Appeals,,,HALEY BUNN,571
Harrison,PRECINCT 125,Supreme Court of Appeals,,,HALEY BUNN,262
Harrison,PRECINCT 126,Supreme Court of Appeals,,,HALEY BUNN,191
Harrison,PRECINCT 128,Supreme Court of Appeals,,,HALEY BUNN,229
Harrison,PRECINCT 129,Supreme Court of Appeals,,,HALEY BUNN,394
Harrison,PRECINCT 129B,Supreme Court of Appeals,,,HALEY BUNN,411
Harrison,PRECINCT 129C,Supreme Court of Appeals,,,HALEY BUNN,140
Harrison,PRECINCT 130,Supreme Court of Appeals,,,HALEY BUNN,90
Harrison,PRECINCT 132,Supreme Court of Appeals,,,HALEY BUNN,62
Harrison,PRECINCT 133,Supreme Court of Appeals,,,HALEY BUNN,194
Harrison,PRECINCT 134,Supreme Court of Appeals,,,HALEY BUNN,144
Harrison,PRECINCT 135,Supreme Court of Appeals,,,HALEY BUNN,54
Harrison,PRECINCT 136,Supreme Court of Appeals,,,HALEY BUNN,48
Harrison,PRECINCT 137,Supreme Court of Appeals,,,HALEY BUNN,34
Harrison,PRECINCT 143,Supreme Court of Appeals,,,HALEY BUNN,305
Harrison,PRECINCT 144,Supreme Court of Appeals,,,HALEY BUNN,78
Harrison,PRECINCT 144A,Supreme Court of Appeals,,,HALEY BUNN,106
Harrison,PRECINCT 145,Supreme Court of Appeals,,,HALEY BUNN,135
Harrison,PRECINCT 1,Supreme Court of Appeals,,,CHARLES S TRUMP IV,292
Harrison,PRECINCT 1A,Supreme Court of Appeals,,,CHARLES S TRUMP IV,21
Harrison,PRECINCT 2,Supreme Court of Appeals,,,CHARLES S TRUMP IV,35
Harrison,PRECINCT 4,Supreme Court of Appeals,,,CHARLES S TRUMP IV,250
Harrison,PRECINCT 6,Supreme Court of Appeals,,,CHARLES S TRUMP IV,214
Harrison,PRECINCT 9,Supreme Court of Appeals,,,CHARLES S TRUMP IV,112
Harrison,PRECINCT 10,Supreme Court of Appeals,,,CHARLES S TRUMP IV,107
Harrison,PRECINCT 14,Supreme Court of Appeals,,,CHARLES S TRUMP IV,325
Harrison,PRECINCT 28,Supreme Court of Appeals,,,CHARLES S TRUMP IV,178
Harrison,PRECINCT 33,Supreme Court of Appeals,,,CHARLES S TRUMP IV,281
Harrison,PRECINCT 36A,Supreme Court of Appeals,,,CHARLES S TRUMP IV,107
Harrison,PRECINCT 43,Supreme Court of Appeals,,,CHARLES S TRUMP IV,82
Harrison,PRECINCT 44,Supreme Court of Appeals,,,CHARLES S TRUMP IV,67
Harrison,PRECINCT 45,Supreme Court of Appeals,,,CHARLES S TRUMP IV,144
Harrison,PRECINCT 46,Supreme Court of Appeals,,,CHARLES S TRUMP IV,122
Harrison,PRECINCT 48,Supreme Court of Appeals,,,CHARLES S TRUMP IV,149
Harrison,PRECINCT 50,Supreme Court of Appeals,,,CHARLES S TRUMP IV,130
Harrison,PRECINCT 51,Supreme Court of Appeals,,,CHARLES S TRUMP IV,70
Harrison,PRECINCT 52,Supreme Court of Appeals,,,CHARLES S TRUMP IV,117
Harrison,PRECINCT 53,Supreme Court of Appeals,,,CHARLES S TRUMP IV,59
Harrison,PRECINCT 59,Supreme Court of Appeals,,,CHARLES S TRUMP IV,100
Harrison,PRECINCT 61,Supreme Court of Appeals,,,CHARLES S TRUMP IV,178
Harrison,PRECINCT 63,Supreme Court of Appeals,,,CHARLES S TRUMP IV,172
Harrison,PRECINCT 66,Supreme Court of Appeals,,,CHARLES S TRUMP IV,84
Harrison,PRECINCT 66A,Supreme Court of Appeals,,,CHARLES S TRUMP IV,10
Harrison,PRECINCT 66B,Supreme Court of Appeals,,,CHARLES S TRUMP IV,18
Harrison,PRECINCT 68,Supreme Court of Appeals,,,CHARLES S TRUMP IV,181
Harrison,PRECINCT 74,Supreme Court of Appeals,,,CHARLES S TRUMP IV,228
Harrison,PRECINCT 80,Supreme Court of Appeals,,,CHARLES S TRUMP IV,292
Harrison,PRECINCT 87,Supreme Court of Appeals,,,CHARLES S TRUMP IV,66
Harrison,PRECINCT 92,Supreme Court of Appeals,,,CHARLES S TRUMP IV,100
Harrison,PRECINCT 95,Supreme Court of Appeals,,,CHARLES S TRUMP IV,96
Harrison,PRECINCT 96,Supreme Court of Appeals,,,CHARLES S TRUMP IV,126
Harrison,PRECINCT 98,Supreme Court of Appeals,,,CHARLES S TRUMP IV,76
Harrison,PRECINCT 102,Supreme Court of Appeals,,,CHARLES S TRUMP IV,356
Harrison,PRECINCT 103,Supreme Court of Appeals,,,CHARLES S TRUMP IV,75
Harrison,PRECINCT 104,Supreme Court of Appeals,,,CHARLES S TRUMP IV,98
Harrison,PRECINCT 106,Supreme Court of Appeals,,,CHARLES S TRUMP IV,118
Harrison,PRECINCT 107,Supreme Court of Appeals,,,CHARLES S TRUMP IV,61
Harrison,PRECINCT 108,Supreme Court of Appeals,,,CHARLES S TRUMP IV,162
Harrison,PRECINCT 110,Supreme Court of Appeals,,,CHARLES S TRUMP IV,160
Harrison,PRECINCT 114,Supreme Court of Appeals,,,CHARLES S TRUMP IV,93
Harrison,PRECINCT 114A,Supreme Court of Appeals,,,CHARLES S TRUMP IV,30
Harrison,PRECINCT 118,Supreme Court of Appeals,,,CHARLES S TRUMP IV,87
Harrison,PRECINCT 120,Supreme Court of Appeals,,,CHARLES S TRUMP IV,162
Harrison,PRECINCT 121,Supreme Court of Appeals,,,CHARLES S TRUMP IV,58
Harrison,PRECINCT 122,Supreme Court of Appeals,,,CHARLES S TRUMP IV,94
Harrison,PRECINCT 123,Supreme Court of Appeals,,,CHARLES S TRUMP IV,513
Harrison,PRECINCT 125,Supreme Court of Appeals,,,CHARLES S TRUMP IV,226
Harrison,PRECINCT 126,Supreme Court of Appeals,,,CHARLES S TRUMP IV,175
Harrison,PRECINCT 128,Supreme Court of Appeals,,,CHARLES S TRUMP IV,200
Harrison,PRECINCT 129,Supreme Court of Appeals,,,CHARLES S TRUMP IV,375
Harrison,PRECINCT 129B,Supreme Court of Appeals,,,CHARLES S TRUMP IV,370
Harrison,PRECINCT 129C,Supreme Court of Appeals,,,CHARLES S TRUMP IV,126
Harrison,PRECINCT 130,Supreme Court of Appeals,,,CHARLES S TRUMP IV,84
Harrison,PRECINCT 132,Supreme Court of Appeals,,,CHARLES S TRUMP IV,57
Harrison,PRECINCT 133,Supreme Court of Appeals,,,CHARLES S TRUMP IV,183
Harrison,PRECINCT 134,Supreme Court of Appeals,,,CHARLES S TRUMP IV,142
Harrison,PRECINCT 135,Supreme Court of Appeals,,,CHARLES S TRUMP IV,54
Harrison,PRECINCT 136,Supreme Court of Appeals,,,CHARLES S TRUMP IV,47
Harrison,PRECINCT 137,Supreme Court of Appeals,,,CHARLES S TRUMP IV,34
Harrison,PRECINCT 143,Supreme Court of Appeals,,,CHARLES S TRUMP IV,288
Harrison,PRECINCT 144,Supreme Court of Appeals,,,CHARLES S TRUMP IV,75
Harrison,PRECINCT 144A,Supreme Court of Appeals,,,CHARLES S TRUMP IV,100
Harrison,PRECINCT 145,Supreme Court of Appeals,,,CHARLES S TRUMP IV,133
Harrison,PRECINCT 1,Supreme Court of Appeals,,,MYCHAL S. SCHULZ,80
Harrison,PRECINCT 1A,Supreme Court of Appeals,,,MYCHAL S. SCHULZ,9
Harrison,PRECINCT 2,Supreme Court of Appeals,,,MYCHAL S. SCHULZ,8
Harrison,PRECINCT 4,Supreme Court of Appeals,,,MYCHAL S. SCHULZ,66
Harrison,PRECINCT 6,Supreme Court of Appeals,,,MYCHAL S. SCHULZ,51
Harrison,PRECINCT 9,Supreme Court of Appeals,,,MYCHAL S. SCHULZ,25
Harrison,PRECINCT 10,Supreme Court of Appeals,,,MYCHAL S. SCHULZ,29
Harrison,PRECINCT 14,Supreme Court of Appeals,,,MYCHAL S. SCHULZ,87
Harrison,PRECINCT 28,Supreme Court of Appeals,,,MYCHAL S. SCHULZ,40
Harrison,PRECINCT 33,Supreme Court of Appeals,,,MYCHAL S. SCHULZ,64
Harrison,PRECINCT 36A,Supreme Court of Appeals,,,MYCHAL S. SCHULZ,19
Harrison,PRECINCT 43,Supreme Court of Appeals,,,MYCHAL S. SCHULZ,27
Harrison,PRECINCT 44,Supreme Court of Appeals,,,MYCHAL S. SCHULZ,18
Harrison,PRECINCT 45,Supreme Court of Appeals,,,MYCHAL S. SCHULZ,32
Harrison,PRECINCT 46,Supreme Court of Appeals,,,MYCHAL S. SCHULZ,34
Harrison,PRECINCT 48,Supreme Court of Appeals,,,MYCHAL S. SCHULZ,33
Harrison,PRECINCT 50,Supreme Court of Appeals,,,MYCHAL S. SCHULZ,46
Harrison,PRECINCT 51,Supreme Court of Appeals,,,MYCHAL S. SCHULZ,26
Harrison,PRECINCT 52,Supreme Court of Appeals,,,MYCHAL S. SCHULZ,40
Harrison,PRECINCT 53,Supreme Court of Appeals,,,MYCHAL S. SCHULZ,13
Harrison,PRECINCT 59,Supreme Court of Appeals,,,MYCHAL S. SCHULZ,23
Harrison,PRECINCT 61,Supreme Court of Appeals,,,MYCHAL S. SCHULZ,46
Harrison,PRECINCT 63,Supreme Court of Appeals,,,MYCHAL S. SCHULZ,28
Harrison,PRECINCT 66,Supreme Court of Appeals,,,MYCHAL S. SCHULZ,23
Harrison,PRECINCT 66A,Supreme Court of Appeals,,,MYCHAL S. SCHULZ,1
Harrison,PRECINCT 66B,Supreme Court of Appeals,,,MYCHAL S. SCHULZ,2
Harrison,PRECINCT 68,Supreme Court of Appeals,,,MYCHAL S. SCHULZ,47
Harrison,PRECINCT 74,Supreme Court of Appeals,,,MYCHAL S. SCHULZ,44
Harrison,PRECINCT 80,Supreme Court of Appeals,,,MYCHAL S. SCHULZ,79
Harrison,PRECINCT 87,Supreme Court of Appeals,,,MYCHAL S. SCHULZ,23
Harrison,PRECINCT 92,Supreme Court of Appeals,,,MYCHAL S. SCHULZ,34
Harrison,PRECINCT 95,Supreme Court of Appeals,,,MYCHAL S. SCHULZ,24
Harrison,PRECINCT 96,Supreme Court of Appeals,,,MYCHAL S. SCHULZ,34
Harrison,PRECINCT 98,Supreme Court of Appeals,,,MYCHAL S. SCHULZ,16
Harrison,PRECINCT 102,Supreme Court of Appeals,,,MYCHAL S. SCHULZ,86
Harrison,PRECINCT 103,Supreme Court of Appeals,,,MYCHAL S. SCHULZ,20
Harrison,PRECINCT 104,Supreme Court of Appeals,,,MYCHAL S. SCHULZ,13
Harrison,PRECINCT 106,Supreme Court of Appeals,,,MYCHAL S. SCHULZ,27
Harrison,PRECINCT 107,Supreme Court of Appeals,,,MYCHAL S. SCHULZ,16
Harrison,PRECINCT 108,Supreme Court of Appeals,,,MYCHAL S. SCHULZ,48
Harrison,PRECINCT 110,Supreme Court of Appeals,,,MYCHAL S. SCHULZ,44
Harrison,PRECINCT 114,Supreme Court of Appeals,,,MYCHAL S. SCHULZ,16
Harrison,PRECINCT 114A,Supreme Court of Appeals,,,MYCHAL S. SCHULZ,8
Harrison,PRECINCT 118,Supreme Court of Appeals,,,MYCHAL S. SCHULZ,20
Harrison,PRECINCT 120,Supreme Court of Appeals,,,MYCHAL S. SCHULZ,37
Harrison,PRECINCT 121,Supreme Court of Appeals,,,MYCHAL S. SCHULZ,17
Harrison,PRECINCT 122,Supreme Court of Appeals,,,MYCHAL S. SCHULZ,22
Harrison,PRECINCT 123,Supreme Court of Appeals,,,MYCHAL S. SCHULZ,137
Harrison,PRECINCT 125,Supreme Court of Appeals,,,MYCHAL S. SCHULZ,69
Harrison,PRECINCT 126,Supreme Court of Appeals,,,MYCHAL S. SCHULZ,44
Harrison,PRECINCT 128,Supreme Court of Appeals,,,MYCHAL S. SCHULZ,55
Harrison,PRECINCT 129,Supreme Court of Appeals,,,MYCHAL S. SCHULZ,88
Harrison,PRECINCT 129B,Supreme Court of Appeals,,,MYCHAL S. SCHULZ,112
Harrison,PRECINCT 129C,Supreme Court of Appeals,,,MYCHAL S. SCHULZ,31
Harrison,PRECINCT 130,Supreme Court of Appeals,,,MYCHAL S. SCHULZ,17
Harrison,PRECINCT 132,Supreme Court of Appeals,,,MYCHAL S. SCHULZ,17
Harrison,PRECINCT 133,Supreme Court of Appeals,,,MYCHAL S. SCHULZ,61
Harrison,PRECINCT 134,Supreme Court of Appeals,,,MYCHAL S. SCHULZ,33
Harrison,PRECINCT 135,Supreme Court of Appeals,,,MYCHAL S. SCHULZ,12
Harrison,PRECINCT 136,Supreme Court of Appeals,,,MYCHAL S. SCHULZ,10
Harrison,PRECINCT 137,Supreme Court of Appeals,,,MYCHAL S. SCHULZ,1
Harrison,PRECINCT 143,Supreme Court of Appeals,,,MYCHAL S. SCHULZ,59
Harrison,PRECINCT 144,Supreme Court of Appeals,,,MYCHAL S. SCHULZ,21
Harrison,PRECINCT 144A,Supreme Court of Appeals,,,MYCHAL S. SCHULZ,32
Harrison,PRECINCT 145,Supreme Court of Appeals,,,MYCHAL S. SCHULZ,32
Harrison,PRECINCT 1,Supreme Court of Appeals,,,ELGINE HECETA McARDLE,74
Harrison,PRECINCT 1A,Supreme Court of Appeals,,,ELGINE HECETA McARDLE,9
Harrison,PRECINCT 2,Supreme Court of Appeals,,,ELGINE HECETA McARDLE,5
Harrison,PRECINCT 4,Supreme Court of Appeals,,,ELGINE HECETA McARDLE,67
Harrison,PRECINCT 6,Supreme Court of Appeals,,,ELGINE HECETA McARDLE,55
Harrison,PRECINCT 9,Supreme Court of Appeals,,,ELGINE HECETA McARDLE,25
Harrison,PRECINCT 10,Supreme Court of Appeals,,,ELGINE HECETA McARDLE,22
Harrison,PRECINCT 14,Supreme Court of Appeals,,,ELGINE HECETA McARDLE,98
Harrison,PRECINCT 28,Supreme Court of Appeals,,,ELGINE HECETA McARDLE,54
Harrison,PRECINCT 33,Supreme Court of Appeals,,,ELGINE HECETA McARDLE,88
Harrison,PRECINCT 36A,Supreme Court of Appeals,,,ELGINE HECETA McARDLE,22
Harrison,PRECINCT 43,Supreme Court of Appeals,,,ELGINE HECETA McARDLE,24
Harrison,PRECINCT 44,Supreme Court of Appeals,,,ELGINE HECETA McARDLE,13
Harrison,PRECINCT 45,Supreme Court of Appeals,,,ELGINE HECETA McARDLE,32
Harrison,PRECINCT 46,Supreme Court of Appeals,,,ELGINE HECETA McARDLE,30
Harrison,PRECINCT 48,Supreme Court of Appeals,,,ELGINE HECETA McARDLE,42
Harrison,PRECINCT 50,Supreme Court of Appeals,,,ELGINE HECETA McARDLE,33
Harrison,PRECINCT 51,Supreme Court of Appeals,,,ELGINE HECETA McARDLE,13
Harrison,PRECINCT 52,Supreme Court of Appeals,,,ELGINE HECETA McARDLE,34
Harrison,PRECINCT 53,Supreme Court of Appeals,,,ELGINE HECETA McARDLE,13
Harrison,PRECINCT 59,Supreme Court of Appeals,,,ELGINE HECETA McARDLE,23
Harrison,PRECINCT 61,Supreme Court of Appeals,,,ELGINE HECETA McARDLE,44
Harrison,PRECINCT 63,Supreme Court of Appeals,,,ELGINE HECETA McARDLE,48
Harrison,PRECINCT 66,Supreme Court of Appeals,,,ELGINE HECETA McARDLE,19
Harrison,PRECINCT 66A,Supreme Court of Appeals,,,ELGINE HECETA McARDLE,4
Harrison,PRECINCT 66B,Supreme Court of Appeals,,,ELGINE HECETA McARDLE,6
Harrison,PRECINCT 68,Supreme Court of Appeals,,,ELGINE HECETA McARDLE,61
Harrison,PRECINCT 74,Supreme Court of Appeals,,,ELGINE HECETA McARDLE,60
Harrison,PRECINCT 80,Supreme Court of Appeals,,,ELGINE HECETA McARDLE,62
Harrison,PRECINCT 87,Supreme Court of Appeals,,,ELGINE HECETA McARDLE,18
Harrison,PRECINCT 92,Supreme Court of Appeals,,,ELGINE HECETA McARDLE,20
Harrison,PRECINCT 95,Supreme Court of Appeals,,,ELGINE HECETA McARDLE,22
Harrison,PRECINCT 96,Supreme Court of Appeals,,,ELGINE HECETA McARDLE,31
Harrison,PRECINCT 98,Supreme Court of Appeals,,,ELGINE HECETA McARDLE,22
Harrison,PRECINCT 102,Supreme Court of Appeals,,,ELGINE HECETA McARDLE,89
Harrison,PRECINCT 103,Supreme Court of Appeals,,,ELGINE HECETA McARDLE,11
Harrison,PRECINCT 104,Supreme Court of Appeals,,,ELGINE HECETA McARDLE,25
Harrison,PRECINCT 106,Supreme Court of Appeals,,,ELGINE HECETA McARDLE,22
Harrison,PRECINCT 107,Supreme Court of Appeals,,,ELGINE HECETA McARDLE,15
Harrison,PRECINCT 108,Supreme Court of Appeals,,,ELGINE HECETA McARDLE,39
Harrison,PRECINCT 110,Supreme Court of Appeals,,,ELGINE HECETA McARDLE,44
Harrison,PRECINCT 114,Supreme Court of Appeals,,,ELGINE HECETA McARDLE,23
Harrison,PRECINCT 114A,Supreme Court of Appeals,,,ELGINE HECETA McARDLE,7
Harrison,PRECINCT 118,Supreme Court of Appeals,,,ELGINE HECETA McARDLE,21
Harrison,PRECINCT 120,Supreme Court of Appeals,,,ELGINE HECETA McARDLE,45
Harrison,PRECINCT 121,Supreme Court of Appeals,,,ELGINE HECETA McARDLE,16
Harrison,PRECINCT 122,Supreme Court of Appeals,,,ELGINE HECETA McARDLE,19
Harrison,PRECINCT 123,Supreme Court of Appeals,,,ELGINE HECETA McARDLE,152
Harrison,PRECINCT 125,Supreme Court of Appeals,,,ELGINE HECETA McARDLE,68
Harrison,PRECINCT 126,Supreme Court of Appeals,,,ELGINE HECETA McARDLE,42
Harrison,PRECINCT 128,Supreme Court of Appeals,,,ELGINE HECETA McARDLE,69
Harrison,PRECINCT 129,Supreme Court of Appeals,,,ELGINE HECETA McARDLE,107
Harrison,PRECINCT 129B,Supreme Court of Appeals,,,ELGINE HECETA McARDLE,89
Harrison,PRECINCT 129C,Supreme Court of Appeals,,,ELGINE HECETA McARDLE,42
Harrison,PRECINCT 130,Supreme Court of Appeals,,,ELGINE HECETA McARDLE,12
Harrison,PRECINCT 132,Supreme Court of Appeals,,,ELGINE HECETA McARDLE,19
Harrison,PRECINCT 133,Supreme Court of Appeals,,,ELGINE HECETA McARDLE,37
Harrison,PRECINCT 134,Supreme Court of Appeals,,,ELGINE HECETA McARDLE,33
Harrison,PRECINCT 135,Supreme Court of Appeals,,,ELGINE HECETA McARDLE,8
Harrison,PRECINCT 136,Supreme Court of Appeals,,,ELGINE HECETA McARDLE,14
Harrison,PRECINCT 137,Supreme Court of Appeals,,,ELGINE HECETA McARDLE,3
Harrison,PRECINCT 143,Supreme Court of Appeals,,,ELGINE HECETA McARDLE,81
Harrison,PRECINCT 144,Supreme Court of Appeals,,,ELGINE HECETA McARDLE,18
Harrison,PRECINCT 144A,Supreme Court of Appeals,,,ELGINE HECETA McARDLE,19
Harrison,PRECINCT 145,Supreme Court of Appeals,,,ELGINE HECETA McARDLE,32
Harrison,PRECINCT 1,Supreme Court of Appeals,,,S. RYAN  WHITE,196
Harrison,PRECINCT 1A,Supreme Court of Appeals,,,S. RYAN  WHITE,10
Harrison,PRECINCT 2,Supreme Court of Appeals,,,S. RYAN  WHITE,25
Harrison,PRECINCT 4,Supreme Court of Appeals,,,S. RYAN  WHITE,191
Harrison,PRECINCT 6,Supreme Court of Appeals,,,S. RYAN  WHITE,151
Harrison,PRECINCT 9,Supreme Court of Appeals,,,S. RYAN  WHITE,80
Harrison,PRECINCT 10,Supreme Court of Appeals,,,S. RYAN  WHITE,64
Harrison,PRECINCT 14,Supreme Court of Appeals,,,S. RYAN  WHITE,233
Harrison,PRECINCT 28,Supreme Court of Appeals,,,S. RYAN  WHITE,126
Harrison,PRECINCT 33,Supreme Court of Appeals,,,S. RYAN  WHITE,188
Harrison,PRECINCT 36A,Supreme Court of Appeals,,,S. RYAN  WHITE,74
Harrison,PRECINCT 43,Supreme Court of Appeals,,,S. RYAN  WHITE,39
Harrison,PRECINCT 44,Supreme Court of Appeals,,,S. RYAN  WHITE,51
Harrison,PRECINCT 45,Supreme Court of Appeals,,,S. RYAN  WHITE,90
Harrison,PRECINCT 46,Supreme Court of Appeals,,,S. RYAN  WHITE,76
Harrison,PRECINCT 48,Supreme Court of Appeals,,,S. RYAN  WHITE,93
Harrison,PRECINCT 50,Supreme Court of Appeals,,,S. RYAN  WHITE,78
Harrison,PRECINCT 51,Supreme Court of Appeals,,,S. RYAN  WHITE,46
Harrison,PRECINCT 52,Supreme Court of Appeals,,,S. RYAN  WHITE,65
Harrison,PRECINCT 53,Supreme Court of Appeals,,,S. RYAN  WHITE,36
Harrison,PRECINCT 59,Supreme Court of Appeals,,,S. RYAN  WHITE,82
Harrison,PRECINCT 61,Supreme Court of Appeals,,,S. RYAN  WHITE,128
Harrison,PRECINCT 63,Supreme Court of Appeals,,,S. RYAN  WHITE,127
Harrison,PRECINCT 66,Supreme Court of Appeals,,,S. RYAN  WHITE,54
Harrison,PRECINCT 66A,Supreme Court of Appeals,,,S. RYAN  WHITE,6
Harrison,PRECINCT 66B,Supreme Court of Appeals,,,S. RYAN  WHITE,12
Harrison,PRECINCT 68,Supreme Court of Appeals,,,S. RYAN  WHITE,119
Harrison,PRECINCT 74,Supreme Court of Appeals,,,S. RYAN  WHITE,189
Harrison,PRECINCT 80,Supreme Court of Appeals,,,S. RYAN  WHITE,211
Harrison,PRECINCT 87,Supreme Court of Appeals,,,S. RYAN  WHITE,38
Harrison,PRECINCT 92,Supreme Court of Appeals,,,S. RYAN  WHITE,69
Harrison,PRECINCT 95,Supreme Court of Appeals,,,S. RYAN  WHITE,62
Harrison,PRECINCT 96,Supreme Court of Appeals,,,S. RYAN  WHITE,85
Harrison,PRECINCT 98,Supreme Court of Appeals,,,S. RYAN  WHITE,50
Harrison,PRECINCT 102,Supreme Court of Appeals,,,S. RYAN  WHITE,231
Harrison,PRECINCT 103,Supreme Court of Appeals,,,S. RYAN  WHITE,60
Harrison,PRECINCT 104,Supreme Court of Appeals,,,S. RYAN  WHITE,64
Harrison,PRECINCT 106,Supreme Court of Appeals,,,S. RYAN  WHITE,83
Harrison,PRECINCT 107,Supreme Court of Appeals,,,S. RYAN  WHITE,36
Harrison,PRECINCT 108,Supreme Court of Appeals,,,S. RYAN  WHITE,101
Harrison,PRECINCT 110,Supreme Court of Appeals,,,S. RYAN  WHITE,88
Harrison,PRECINCT 114,Supreme Court of Appeals,,,S. RYAN  WHITE,70
Harrison,PRECINCT 114A,Supreme Court of Appeals,,,S. RYAN  WHITE,17
Harrison,PRECINCT 118,Supreme Court of Appeals,,,S. RYAN  WHITE,45
Harrison,PRECINCT 120,Supreme Court of Appeals,,,S. RYAN  WHITE,103
Harrison,PRECINCT 121,Supreme Court of Appeals,,,S. RYAN  WHITE,40
Harrison,PRECINCT 122,Supreme Court of Appeals,,,S. RYAN  WHITE,53
Harrison,PRECINCT 123,Supreme Court of Appeals,,,S. RYAN  WHITE,323
Harrison,PRECINCT 125,Supreme Court of Appeals,,,S. RYAN  WHITE,155
Harrison,PRECINCT 126,Supreme Court of Appeals,,,S. RYAN  WHITE,117
Harrison,PRECINCT 128,Supreme Court of Appeals,,,S. RYAN  WHITE,110
Harrison,PRECINCT 129,Supreme Court of Appeals,,,S. RYAN  WHITE,245
Harrison,PRECINCT 129B,Supreme Court of Appeals,,,S. RYAN  WHITE,231
Harrison,PRECINCT 129C,Supreme Court of Appeals,,,S. RYAN  WHITE,70
Harrison,PRECINCT 130,Supreme Court of Appeals,,,S. RYAN  WHITE,65
Harrison,PRECINCT 132,Supreme Court of Appeals,,,S. RYAN  WHITE,35
Harrison,PRECINCT 133,Supreme Court of Appeals,,,S. RYAN  WHITE,117
Harrison,PRECINCT 134,Supreme Court of Appeals,,,S. RYAN  WHITE,89
Harrison,PRECINCT 135,Supreme Court of Appeals,,,S. RYAN  WHITE,36
Harrison,PRECINCT 136,Supreme Court of Appeals,,,S. RYAN  WHITE,27
Harrison,PRECINCT 137,Supreme Court of Appeals,,,S. RYAN  WHITE,34
Harrison,PRECINCT 143,Supreme Court of Appeals,,,S. RYAN  WHITE,194
Harrison,PRECINCT 144,Supreme Court of Appeals,,,S. RYAN  WHITE,49
Harrison,PRECINCT 144A,Supreme Court of Appeals,,,S. RYAN  WHITE,70
Harrison,PRECINCT 145,Supreme Court of Appeals,,,S. RYAN  WHITE,81
Harrison,PRECINCT 1,Supreme Court of Appeals,,,CHRIS MCCARTHY,362
Harrison,PRECINCT 1A,Supreme Court of Appeals,,,CHRIS MCCARTHY,32
Harrison,PRECINCT 2,Supreme Court of Appeals,,,CHRIS MCCARTHY,39
Harrison,PRECINCT 4,Supreme Court of Appeals,,,CHRIS MCCARTHY,332
Harrison,PRECINCT 6,Supreme Court of Appeals,,,CHRIS MCCARTHY,271
Harrison,PRECINCT 9,Supreme Court of Appeals,,,CHRIS MCCARTHY,138
Harrison,PRECINCT 10,Supreme Court of Appeals,,,CHRIS MCCARTHY,124
Harrison,PRECINCT 14,Supreme Court of Appeals,,,CHRIS MCCARTHY,442
Harrison,PRECINCT 28,Supreme Court of Appeals,,,CHRIS MCCARTHY,239
Harrison,PRECINCT 33,Supreme Court of Appeals,,,CHRIS MCCARTHY,364
Harrison,PRECINCT 36A,Supreme Court of Appeals,,,CHRIS MCCARTHY,125
Harrison,PRECINCT 43,Supreme Court of Appeals,,,CHRIS MCCARTHY,88
Harrison,PRECINCT 44,Supreme Court of Appeals,,,CHRIS MCCARTHY,82
Harrison,PRECINCT 45,Supreme Court of Appeals,,,CHRIS MCCARTHY,166
Harrison,PRECINCT 46,Supreme Court of Appeals,,,CHRIS MCCARTHY,141
Harrison,PRECINCT 48,Supreme Court of Appeals,,,CHRIS MCCARTHY,168
Harrison,PRECINCT 50,Supreme Court of Appeals,,,CHRIS MCCARTHY,170
Harrison,PRECINCT 51,Supreme Court of Appeals,,,CHRIS MCCARTHY,86
Harrison,PRECINCT 52,Supreme Court of Appeals,,,CHRIS MCCARTHY,150
Harrison,PRECINCT 53,Supreme Court of Appeals,,,CHRIS MCCARTHY,65
Harrison,PRECINCT 59,Supreme Court of Appeals,,,CHRIS MCCARTHY,127
Harrison,PRECINCT 61,Supreme Court of Appeals,,,CHRIS MCCARTHY,225
Harrison,PRECINCT 63,Supreme Court of Appeals,,,CHRIS MCCARTHY,207
Harrison,PRECINCT 66,Supreme Court of Appeals,,,CHRIS MCCARTHY,105
Harrison,PRECINCT 66A,Supreme Court of Appeals,,,CHRIS MCCARTHY,10
Harrison,PRECINCT 66B,Supreme Court of Appeals,,,CHRIS MCCARTHY,19
Harrison,PRECINCT 68,Supreme Court of Appeals,,,CHRIS MCCARTHY,248
Harrison,PRECINCT 74,Supreme Court of Appeals,,,CHRIS MCCARTHY,295
Harrison,PRECINCT 80,Supreme Court of Appeals,,,CHRIS MCCARTHY,379
Harrison,PRECINCT 87,Supreme Court of Appeals,,,CHRIS MCCARTHY,79
Harrison,PRECINCT 92,Supreme Court of Appeals,,,CHRIS MCCARTHY,128
Harrison,PRECINCT 95,Supreme Court of Appeals,,,CHRIS MCCARTHY,112
Harrison,PRECINCT 96,Supreme Court of Appeals,,,CHRIS MCCARTHY,161
Harrison,PRECINCT 98,Supreme Court of Appeals,,,CHRIS MCCARTHY,88
Harrison,PRECINCT 102,Supreme Court of Appeals,,,CHRIS MCCARTHY,435
Harrison,PRECINCT 103,Supreme Court of Appeals,,,CHRIS MCCARTHY,93
Harrison,PRECINCT 104,Supreme Court of Appeals,,,CHRIS MCCARTHY,107
Harrison,PRECINCT 106,Supreme Court of Appeals,,,CHRIS MCCARTHY,131
Harrison,PRECINCT 107,Supreme Court of Appeals,,,CHRIS MCCARTHY,71
Harrison,PRECINCT 108,Supreme Court of Appeals,,,CHRIS MCCARTHY,191
Harrison,PRECINCT 110,Supreme Court of Appeals,,,CHRIS MCCARTHY,183
Harrison,PRECINCT 114,Supreme Court of Appeals,,,CHRIS MCCARTHY,116
Harrison,PRECINCT 114A,Supreme Court of Appeals,,,CHRIS MCCARTHY,32
Harrison,PRECINCT 118,Supreme Court of Appeals,,,CHRIS MCCARTHY,87
Harrison,PRECINCT 120,Supreme Court of Appeals,,,CHRIS MCCARTHY,219
Harrison,PRECINCT 121,Supreme Court of Appeals,,,CHRIS MCCARTHY,78
Harrison,PRECINCT 122,Supreme Court of Appeals,,,CHRIS MCCARTHY,107
Harrison,PRECINCT 123,Supreme Court of Appeals,,,CHRIS MCCARTHY,706
Harrison,PRECINCT 125,Supreme Court of Appeals,,,CHRIS MCCARTHY,335
Harrison,PRECINCT 126,Supreme Court of Appeals,,,CHRIS MCCARTHY,249
Harrison,PRECINCT 128,Supreme Court of Appeals,,,CHRIS MCCARTHY,264
Harrison,PRECINCT 129,Supreme Court of Appeals,,,CHRIS MCCARTHY,527
Harrison,PRECINCT 129B,Supreme Court of Appeals,,,CHRIS MCCARTHY,472
Harrison,PRECINCT 129C,Supreme Court of Appeals,,,CHRIS MCCARTHY,168
Harrison,PRECINCT 130,Supreme Court of Appeals,,,CHRIS MCCARTHY,95
Harrison,PRECINCT 132,Supreme Court of Appeals,,,CHRIS MCCARTHY,71
Harrison,PRECINCT 133,Supreme Court of Appeals,,,CHRIS MCCARTHY,222
Harrison,PRECINCT 134,Supreme Court of Appeals,,,CHRIS MCCARTHY,145
Harrison,PRECINCT 135,Supreme Court of Appeals,,,CHRIS MCCARTHY,56
Harrison,PRECINCT 136,Supreme Court of Appeals,,,CHRIS MCCARTHY,49
Harrison,PRECINCT 137,Supreme Court of Appeals,,,CHRIS MCCARTHY,41
Harrison,PRECINCT 143,Supreme Court of Appeals,,,CHRIS MCCARTHY,336
Harrison,PRECINCT 144,Supreme Court of Appeals,,,CHRIS MCCARTHY,90
Harrison,PRECINCT 144A,Supreme Court of Appeals,,,CHRIS MCCARTHY,118
Harrison,PRECINCT 145,Supreme Court of Appeals,,,CHRIS MCCARTHY,158
Harrison,PRECINCT 1,Supreme Court of Appeals,,,JOE SHAFFER,182
Harrison,PRECINCT 1A,Supreme Court of Appeals,,,JOE SHAFFER,11
Harrison,PRECINCT 2,Supreme Court of Appeals,,,JOE SHAFFER,19
Harrison,PRECINCT 4,Supreme Court of Appeals,,,JOE SHAFFER,197
Harrison,PRECINCT 6,Supreme Court of Appeals,,,JOE SHAFFER,156
Harrison,PRECINCT 9,Supreme Court of Appeals,,,JOE SHAFFER,71
Harrison,PRECINCT 10,Supreme Court of Appeals,,,JOE SHAFFER,59
Harrison,PRECINCT 14,Supreme Court of Appeals,,,JOE SHAFFER,270
Harrison,PRECINCT 28,Supreme Court of Appeals,,,JOE SHAFFER,108
Harrison,PRECINCT 33,Supreme Court of Appeals,,,JOE SHAFFER,167
Harrison,PRECINCT 36A,Supreme Court of Appeals,,,JOE SHAFFER,50
Harrison,PRECINCT 43,Supreme Court of Appeals,,,JOE SHAFFER,45
Harrison,PRECINCT 44,Supreme Court of Appeals,,,JOE SHAFFER,39
Harrison,PRECINCT 45,Supreme Court of Appeals,,,JOE SHAFFER,75
Harrison,PRECINCT 46,Supreme Court of Appeals,,,JOE SHAFFER,87
Harrison,PRECINCT 48,Supreme Court of Appeals,,,JOE SHAFFER,92
Harrison,PRECINCT 50,Supreme Court of Appeals,,,JOE SHAFFER,98
Harrison,PRECINCT 51,Supreme Court of Appeals,,,JOE SHAFFER,52
Harrison,PRECINCT 52,Supreme Court of Appeals,,,JOE SHAFFER,71
Harrison,PRECINCT 53,Supreme Court of Appeals,,,JOE SHAFFER,36
Harrison,PRECINCT 59,Supreme Court of Appeals,,,JOE SHAFFER,68
Harrison,PRECINCT 61,Supreme Court of Appeals,,,JOE SHAFFER,110
Harrison,PRECINCT 63,Supreme Court of Appeals,,,JOE SHAFFER,114
Harrison,PRECINCT 66,Supreme Court of Appeals,,,JOE SHAFFER,51
Harrison,PRECINCT 66A,Supreme Court of Appeals,,,JOE SHAFFER,9
Harrison,PRECINCT 66B,Supreme Court of Appeals,,,JOE SHAFFER,12
Harrison,PRECINCT 68,Supreme Court of Appeals,,,JOE SHAFFER,159
Harrison,PRECINCT 74,Supreme Court of Appeals,,,JOE SHAFFER,126
Harrison,PRECINCT 80,Supreme Court of Appeals,,,JOE SHAFFER,232
Harrison,PRECINCT 87,Supreme Court of Appeals,,,JOE SHAFFER,45
Harrison,PRECINCT 92,Supreme Court of Appeals,,,JOE SHAFFER,75
Harrison,PRECINCT 95,Supreme Court of Appeals,,,JOE SHAFFER,64
Harrison,PRECINCT 96,Supreme Court of Appeals,,,JOE SHAFFER,75
Harrison,PRECINCT 98,Supreme Court of Appeals,,,JOE SHAFFER,40
Harrison,PRECINCT 102,Supreme Court of Appeals,,,JOE SHAFFER,229
Harrison,PRECINCT 103,Supreme Court of Appeals,,,JOE SHAFFER,50
Harrison,PRECINCT 104,Supreme Court of Appeals,,,JOE SHAFFER,62
Harrison,PRECINCT 106,Supreme Court of Appeals,,,JOE SHAFFER,56
Harrison,PRECINCT 107,Supreme Court of Appeals,,,JOE SHAFFER,32
Harrison,PRECINCT 108,Supreme Court of Appeals,,,JOE SHAFFER,84
Harrison,PRECINCT 110,Supreme Court of Appeals,,,JOE SHAFFER,75
Harrison,PRECINCT 114,Supreme Court of Appeals,,,JOE SHAFFER,45
Harrison,PRECINCT 114A,Supreme Court of Appeals,,,JOE SHAFFER,10
Harrison,PRECINCT 118,Supreme Court of Appeals,,,JOE SHAFFER,54
Harrison,PRECINCT 120,Supreme Court of Appeals,,,JOE SHAFFER,89
Harrison,PRECINCT 121,Supreme Court of Appeals,,,JOE SHAFFER,48
Harrison,PRECINCT 122,Supreme Court of Appeals,,,JOE SHAFFER,37
Harrison,PRECINCT 123,Supreme Court of Appeals,,,JOE SHAFFER,274
Harrison,PRECINCT 125,Supreme Court of Appeals,,,JOE SHAFFER,152
Harrison,PRECINCT 126,Supreme Court of Appeals,,,JOE SHAFFER,106
Harrison,PRECINCT 128,Supreme Court of Appeals,,,JOE SHAFFER,92
Harrison,PRECINCT 129,Supreme Court of Appeals,,,JOE SHAFFER,235
Harrison,PRECINCT 129B,Supreme Court of Appeals,,,JOE SHAFFER,194
Harrison,PRECINCT 129C,Supreme Court of Appeals,,,JOE SHAFFER,62
Harrison,PRECINCT 130,Supreme Court of Appeals,,,JOE SHAFFER,50
Harrison,PRECINCT 132,Supreme Court of Appeals,,,JOE SHAFFER,35
Harrison,PRECINCT 133,Supreme Court of Appeals,,,JOE SHAFFER,91
Harrison,PRECINCT 134,Supreme Court of Appeals,,,JOE SHAFFER,52
Harrison,PRECINCT 135,Supreme Court of Appeals,,,JOE SHAFFER,28
Harrison,PRECINCT 136,Supreme Court of Appeals,,,JOE SHAFFER,24
Harrison,PRECINCT 137,Supreme Court of Appeals,,,JOE SHAFFER,22
Harrison,PRECINCT 143,Supreme Court of Appeals,,,JOE SHAFFER,171
Harrison,PRECINCT 144,Supreme Court of Appeals,,,JOE SHAFFER,49
Harrison,PRECINCT 144A,Supreme Court of Appeals,,,JOE SHAFFER,47
Harrison,PRECINCT 145,Supreme Court of Appeals,,,JOE SHAFFER,75
Harrison,PRECINCT 1,Supreme Court of Appeals,,,ZACH DYER,189
Harrison,PRECINCT 1A,Supreme Court of Appeals,,,ZACH DYER,17
Harrison,PRECINCT 2,Supreme Court of Appeals,,,ZACH DYER,21
Harrison,PRECINCT 4,Supreme Court of Appeals,,,ZACH DYER,120
Harrison,PRECINCT 6,Supreme Court of Appeals,,,ZACH DYER,99
Harrison,PRECINCT 9,Supreme Court of Appeals,,,ZACH DYER,50
Harrison,PRECINCT 10,Supreme Court of Appeals,,,ZACH DYER,41
Harrison,PRECINCT 14,Supreme Court of Appeals,,,ZACH DYER,140
Harrison,PRECINCT 28,Supreme Court of Appeals,,,ZACH DYER,76
Harrison,PRECINCT 33,Supreme Court of Appeals,,,ZACH DYER,132
Harrison,PRECINCT 36A,Supreme Court of Appeals,,,ZACH DYER,57
Harrison,PRECINCT 43,Supreme Court of Appeals,,,ZACH DYER,37
Harrison,PRECINCT 44,Supreme Court of Appeals,,,ZACH DYER,29
Harrison,PRECINCT 45,Supreme Court of Appeals,,,ZACH DYER,71
Harrison,PRECINCT 46,Supreme Court of Appeals,,,ZACH DYER,38
Harrison,PRECINCT 48,Supreme Court of Appeals,,,ZACH DYER,56
Harrison,PRECINCT 50,Supreme Court of Appeals,,,ZACH DYER,47
Harrison,PRECINCT 51,Supreme Court of Appeals,,,ZACH DYER,31
Harrison,PRECINCT 52,Supreme Court of Appeals,,,ZACH DYER,63
Harrison,PRECINCT 53,Supreme Court of Appeals,,,ZACH DYER,21
Harrison,PRECINCT 59,Supreme Court of Appeals,,,ZACH DYER,44
Harrison,PRECINCT 61,Supreme Court of Appeals,,,ZACH DYER,81
Harrison,PRECINCT 63,Supreme Court of Appeals,,,ZACH DYER,72
Harrison,PRECINCT 66,Supreme Court of Appeals,,,ZACH DYER,44
Harrison,PRECINCT 66A,Supreme Court of Appeals,,,ZACH DYER,1
Harrison,PRECINCT 66B,Supreme Court of Appeals,,,ZACH DYER,10
Harrison,PRECINCT 68,Supreme Court of Appeals,,,ZACH DYER,95
Harrison,PRECINCT 74,Supreme Court of Appeals,,,ZACH DYER,96
Harrison,PRECINCT 80,Supreme Court of Appeals,,,ZACH DYER,131
Harrison,PRECINCT 87,Supreme Court of Appeals,,,ZACH DYER,32
Harrison,PRECINCT 92,Supreme Court of Appeals,,,ZACH DYER,34
Harrison,PRECINCT 95,Supreme Court of Appeals,,,ZACH DYER,39
Harrison,PRECINCT 96,Supreme Court of Appeals,,,ZACH DYER,56
Harrison,PRECINCT 98,Supreme Court of Appeals,,,ZACH DYER,32
Harrison,PRECINCT 102,Supreme Court of Appeals,,,ZACH DYER,173
Harrison,PRECINCT 103,Supreme Court of Appeals,,,ZACH DYER,26
Harrison,PRECINCT 104,Supreme Court of Appeals,,,ZACH DYER,27
Harrison,PRECINCT 106,Supreme Court of Appeals,,,ZACH DYER,50
Harrison,PRECINCT 107,Supreme Court of Appeals,,,ZACH DYER,20
Harrison,PRECINCT 108,Supreme Court of Appeals,,,ZACH DYER,71
Harrison,PRECINCT 110,Supreme Court of Appeals,,,ZACH DYER,73
Harrison,PRECINCT 114,Supreme Court of Appeals,,,ZACH DYER,43
Harrison,PRECINCT 114A,Supreme Court of Appeals,,,ZACH DYER,9
Harrison,PRECINCT 118,Supreme Court of Appeals,,,ZACH DYER,23
Harrison,PRECINCT 120,Supreme Court of Appeals,,,ZACH DYER,105
Harrison,PRECINCT 121,Supreme Court of Appeals,,,ZACH DYER,27
Harrison,PRECINCT 122,Supreme Court of Appeals,,,ZACH DYER,65
Harrison,PRECINCT 123,Supreme Court of Appeals,,,ZACH DYER,382
Harrison,PRECINCT 125,Supreme Court of Appeals,,,ZACH DYER,164
Harrison,PRECINCT 126,Supreme Court of Appeals,,,ZACH DYER,130
Harrison,PRECINCT 128,Supreme Court of Appeals,,,ZACH DYER,176
Harrison,PRECINCT 129,Supreme Court of Appeals,,,ZACH DYER,269
Harrison,PRECINCT 129B,Supreme Court of Appeals,,,ZACH DYER,241
Harrison,PRECINCT 129C,Supreme Court of Appeals,,,ZACH DYER,96
Harrison,PRECINCT 130,Supreme Court of Appeals,,,ZACH DYER,24
Harrison,PRECINCT 132,Supreme Court of Appeals,,,ZACH DYER,20
Harrison,PRECINCT 133,Supreme Court of Appeals,,,ZACH DYER,87
Harrison,PRECINCT 134,Supreme Court of Appeals,,,ZACH DYER,59
Harrison,PRECINCT 135,Supreme Court of Appeals,,,ZACH DYER,13
Harrison,PRECINCT 136,Supreme Court of Appeals,,,ZACH DYER,20
Harrison,PRECINCT 137,Supreme Court of Appeals,,,ZACH DYER,9
Harrison,PRECINCT 143,Supreme Court of Appeals,,,ZACH DYER,112
Harrison,PRECINCT 144,Supreme Court of Appeals,,,ZACH DYER,28
Harrison,PRECINCT 144A,Supreme Court of Appeals,,,ZACH DYER,44
Harrison,PRECINCT 145,Supreme Court of Appeals,,,ZACH DYER,64
Harrison,PRECINCT 1,Supreme Court of Appeals,,,RYAN KENNEDY,85
Harrison,PRECINCT 1A,Supreme Court of Appeals,,,RYAN KENNEDY,8
Harrison,PRECINCT 2,Supreme Court of Appeals,,,RYAN KENNEDY,15
Harrison,PRECINCT 4,Supreme Court of Appeals,,,RYAN KENNEDY,94
Harrison,PRECINCT 6,Supreme Court of Appeals,,,RYAN KENNEDY,72
Harrison,PRECINCT 9,Supreme Court of Appeals,,,RYAN KENNEDY,46
Harrison,PRECINCT 10,Supreme Court of Appeals,,,RYAN KENNEDY,38
Harrison,PRECINCT 14,Supreme Court of Appeals,,,RYAN KENNEDY,104
Harrison,PRECINCT 28,Supreme Court of Appeals,,,RYAN KENNEDY,93
Harrison,PRECINCT 33,Supreme Court of Appeals,,,RYAN KENNEDY,127
Harrison,PRECINCT 36A,Supreme Court of Appeals,,,RYAN KENNEDY,34
Harrison,PRECINCT 43,Supreme Court of Appeals,,,RYAN KENNEDY,18
Harrison,PRECINCT 44,Supreme Court of Appeals,,,RYAN KENNEDY,22
Harrison,PRECINCT 45,Supreme Court of Appeals,,,RYAN KENNEDY,40
Harrison,PRECINCT 46,Supreme Court of Appeals,,,RYAN KENNEDY,37
Harrison,PRECINCT 48,Supreme Court of Appeals,,,RYAN KENNEDY,41
Harrison,PRECINCT 50,Supreme Court of Appeals,,,RYAN KENNEDY,42
Harrison,PRECINCT 51,Supreme Court of Appeals,,,RYAN KENNEDY,16
Harrison,PRECINCT 52,Supreme Court of Appeals,,,RYAN KENNEDY,39
Harrison,PRECINCT 53,Supreme Court of Appeals,,,RYAN KENNEDY,15
Harrison,PRECINCT 59,Supreme Court of Appeals,,,RYAN KENNEDY,41
Harrison,PRECINCT 61,Supreme Court of Appeals,,,RYAN KENNEDY,77
Harrison,PRECINCT 63,Supreme Court of Appeals,,,RYAN KENNEDY,47
Harrison,PRECINCT 66,Supreme Court of Appeals,,,RYAN KENNEDY,26
Harrison,PRECINCT 66A,Supreme Court of Appeals,,,RYAN KENNEDY,3
Harrison,PRECINCT 66B,Supreme Court of Appeals,,,RYAN KENNEDY,4
Harrison,PRECINCT 68,Supreme Court of Appeals,,,RYAN KENNEDY,54
Harrison,PRECINCT 74,Supreme Court of Appeals,,,RYAN KENNEDY,115
Harrison,PRECINCT 80,Supreme Court of Appeals,,,RYAN KENNEDY,82
Harrison,PRECINCT 87,Supreme Court of Appeals,,,RYAN KENNEDY,14
Harrison,PRECINCT 92,Supreme Court of Appeals,,,RYAN KENNEDY,38
Harrison,PRECINCT 95,Supreme Court of Appeals,,,RYAN KENNEDY,25
Harrison,PRECINCT 96,Supreme Court of Appeals,,,RYAN KENNEDY,39
Harrison,PRECINCT 98,Supreme Court of Appeals,,,RYAN KENNEDY,19
Harrison,PRECINCT 102,Supreme Court of Appeals,,,RYAN KENNEDY,100
Harrison,PRECINCT 103,Supreme Court of Appeals,,,RYAN KENNEDY,33
Harrison,PRECINCT 104,Supreme Court of Appeals,,,RYAN KENNEDY,31
Harrison,PRECINCT 106,Supreme Court of Appeals,,,RYAN KENNEDY,43
Harrison,PRECINCT 107,Supreme Court of Appeals,,,RYAN KENNEDY,22
Harrison,PRECINCT 108,Supreme Court of Appeals,,,RYAN KENNEDY,70
Harrison,PRECINCT 110,Supreme Court of Appeals,,,RYAN KENNEDY,56
Harrison,PRECINCT 114,Supreme Court of Appeals,,,RYAN KENNEDY,51
Harrison,PRECINCT 114A,Supreme Court of Appeals,,,RYAN KENNEDY,15
Harrison,PRECINCT 118,Supreme Court of Appeals,,,RYAN KENNEDY,25
Harrison,PRECINCT 120,Supreme Court of Appeals,,,RYAN KENNEDY,39
Harrison,PRECINCT 121,Supreme Court of Appeals,,,RYAN KENNEDY,22
Harrison,PRECINCT 122,Supreme Court of Appeals,,,RYAN KENNEDY,18
Harrison,PRECINCT 123,Supreme Court of Appeals,,,RYAN KENNEDY,112
Harrison,PRECINCT 125,Supreme Court of Appeals,,,RYAN KENNEDY,59
Harrison,PRECINCT 126,Supreme Court of Appeals,,,RYAN KENNEDY,29
Harrison,PRECINCT 128,Supreme Court of Appeals,,,RYAN KENNEDY,31
Harrison,PRECINCT 129,Supreme Court of Appeals,,,RYAN KENNEDY,78
Harrison,PRECINCT 129B,Supreme Court of Appeals,,,RYAN KENNEDY,91
Harrison,PRECINCT 129C,Supreme Court of Appeals,,,RYAN KENNEDY,21
Harrison,PRECINCT 130,Supreme Court of Appeals,,,RYAN KENNEDY,31
Harrison,PRECINCT 132,Supreme Court of Appeals,,,RYAN KENNEDY,21
Harrison,PRECINCT 133,Supreme Court of Appeals,,,RYAN KENNEDY,86
Harrison,PRECINCT 134,Supreme Court of Appeals,,,RYAN KENNEDY,63
Harrison,PRECINCT 135,Supreme Court of Appeals,,,RYAN KENNEDY,19
Harrison,PRECINCT 136,Supreme Court of Appeals,,,RYAN KENNEDY,15
Harrison,PRECINCT 137,Supreme Court of Appeals,,,RYAN KENNEDY,10
Harrison,PRECINCT 143,Supreme Court of Appeals,,,RYAN KENNEDY,91
Harrison,PRECINCT 144,Supreme Court of Appeals,,,RYAN KENNEDY,28
Harrison,PRECINCT 144A,Supreme Court of Appeals,,,RYAN KENNEDY,45
Harrison,PRECINCT 145,Supreme Court of Appeals,,,RYAN KENNEDY,51
Harrison,PRECINCT 1,Supreme Court of Appeals,,,ANDY MCMUNN,320
Harrison,PRECINCT 1A,Supreme Court of Appeals,,,ANDY MCMUNN,28
Harrison,PRECINCT 2,Supreme Court of Appeals,,,ANDY MCMUNN,42
Harrison,PRECINCT 4,Supreme Court of Appeals,,,ANDY MCMUNN,220
Harrison,PRECINCT 6,Supreme Court of Appeals,,,ANDY MCMUNN,176
Harrison,PRECINCT 9,Supreme Court of Appeals,,,ANDY MCMUNN,91
Harrison,PRECINCT 10,Supreme Court of Appeals,,,ANDY MCMUNN,65
Harrison,PRECINCT 14,Supreme Court of Appeals,,,ANDY MCMUNN,318
Harrison,PRECINCT 28,Supreme Court of Appeals,,,ANDY MCMUNN,187
Harrison,PRECINCT 33,Supreme Court of Appeals,,,ANDY MCMUNN,276
Harrison,PRECINCT 36A,Supreme Court of Appeals,,,ANDY MCMUNN,94
Harrison,PRECINCT 43,Supreme Court of Appeals,,,ANDY MCMUNN,50
Harrison,PRECINCT 44,Supreme Court of Appeals,,,ANDY MCMUNN,47
Harrison,PRECINCT 45,Supreme Court of Appeals,,,ANDY MCMUNN,101
Harrison,PRECINCT 46,Supreme Court of Appeals,,,ANDY MCMUNN,89
Harrison,PRECINCT 48,Supreme Court of Appeals,,,ANDY MCMUNN,101
Harrison,PRECINCT 50,Supreme Court of Appeals,,,ANDY MCMUNN,126
Harrison,PRECINCT 51,Supreme Court of Appeals,,,ANDY MCMUNN,52
Harrison,PRECINCT 52,Supreme Court of Appeals,,,ANDY MCMUNN,111
Harrison,PRECINCT 53,Supreme Court of Appeals,,,ANDY MCMUNN,49
Harrison,PRECINCT 59,Supreme Court of Appeals,,,ANDY MCMUNN,82
Harrison,PRECINCT 61,Supreme Court of Appeals,,,ANDY MCMUNN,149
Harrison,PRECINCT 63,Supreme Court of Appeals,,,ANDY MCMUNN,140
Harrison,PRECINCT 66,Supreme Court of Appeals,,,ANDY MCMUNN,61
Harrison,PRECINCT 66A,Supreme Court of Appeals,,,ANDY MCMUNN,7
Harrison,PRECINCT 66B,Supreme Court of Appeals,,,ANDY MCMUNN,19
Harrison,PRECINCT 68,Supreme Court of Appeals,,,ANDY MCMUNN,217
Harrison,PRECINCT 74,Supreme Court of Appeals,,,ANDY MCMUNN,202
Harrison,PRECINCT 80,Supreme Court of Appeals,,,ANDY MCMUNN,299
Harrison,PRECINCT 87,Supreme Court of Appeals,,,ANDY MCMUNN,62
Harrison,PRECINCT 92,Supreme Court of Appeals,,,ANDY MCMUNN,84
Harrison,PRECINCT 95,Supreme Court of Appeals,,,ANDY MCMUNN,60
Harrison,PRECINCT 96,Supreme Court of Appeals,,,ANDY MCMUNN,97
Harrison,PRECINCT 98,Supreme Court of Appeals,,,ANDY MCMUNN,58
Harrison,PRECINCT 102,Supreme Court of Appeals,,,ANDY MCMUNN,309
Harrison,PRECINCT 103,Supreme Court of Appeals,,,ANDY MCMUNN,57
Harrison,PRECINCT 104,Supreme Court of Appeals,,,ANDY MCMUNN,65
Harrison,PRECINCT 106,Supreme Court of Appeals,,,ANDY MCMUNN,93
Harrison,PRECINCT 107,Supreme Court of Appeals,,,ANDY MCMUNN,48
Harrison,PRECINCT 108,Supreme Court of Appeals,,,ANDY MCMUNN,107
Harrison,PRECINCT 110,Supreme Court of Appeals,,,ANDY MCMUNN,122
Harrison,PRECINCT 114,Supreme Court of Appeals,,,ANDY MCMUNN,64
Harrison,PRECINCT 114A,Supreme Court of Appeals,,,ANDY MCMUNN,23
Harrison,PRECINCT 118,Supreme Court of Appeals,,,ANDY MCMUNN,56
Harrison,PRECINCT 120,Supreme Court of Appeals,,,ANDY MCMUNN,115
Harrison,PRECINCT 121,Supreme Court of Appeals,,,ANDY MCMUNN,49
Harrison,PRECINCT 122,Supreme Court of Appeals,,,ANDY MCMUNN,54
Harrison,PRECINCT 123,Supreme Court of Appeals,,,ANDY MCMUNN,408
Harrison,PRECINCT 125,Supreme Court of Appeals,,,ANDY MCMUNN,197
Harrison,PRECINCT 126,Supreme Court of Appeals,,,ANDY MCMUNN,141
Harrison,PRECINCT 128,Supreme Court of Appeals,,,ANDY MCMUNN,145
Harrison,PRECINCT 129,Supreme Court of Appeals,,,ANDY MCMUNN,300
Harrison,PRECINCT 129B,Supreme Court of Appeals,,,ANDY MCMUNN,257
Harrison,PRECINCT 129C,Supreme Court of Appeals,,,ANDY MCMUNN,82
Harrison,PRECINCT 130,Supreme Court of Appeals,,,ANDY MCMUNN,68
Harrison,PRECINCT 132,Supreme Court of Appeals,,,ANDY MCMUNN,49
Harrison,PRECINCT 133,Supreme Court of Appeals,,,ANDY MCMUNN,179
Harrison,PRECINCT 134,Supreme Court of Appeals,,,ANDY MCMUNN,91
Harrison,PRECINCT 135,Supreme Court of Appeals,,,ANDY MCMUNN,34
Harrison,PRECINCT 136,Supreme Court of Appeals,,,ANDY MCMUNN,37
Harrison,PRECINCT 137,Supreme Court of Appeals,,,ANDY MCMUNN,25
Harrison,PRECINCT 143,Supreme Court of Appeals,,,ANDY MCMUNN,237
Harrison,PRECINCT 144,Supreme Court of Appeals,,,ANDY MCMUNN,71
Harrison,PRECINCT 144A,Supreme Court of Appeals,,,ANDY MCMUNN,85
Harrison,PRECINCT 145,Supreme Court of Appeals,,,ANDY MCMUNN,134
Harrison,PRECINCT 1,Supreme Court of Appeals,,,JENNA L. ROBEY,124
Harrison,PRECINCT 1A,Supreme Court of Appeals,,,JENNA L. ROBEY,9
Harrison,PRECINCT 2,Supreme Court of Appeals,,,JENNA L. ROBEY,8
Harrison,PRECINCT 4,Supreme Court of Appeals,,,JENNA L. ROBEY,175
Harrison,PRECINCT 6,Supreme Court of Appeals,,,JENNA L. ROBEY,139
Harrison,PRECINCT 9,Supreme Court of Appeals,,,JENNA L. ROBEY,68
Harrison,PRECINCT 10,Supreme Court of Appeals,,,JENNA L. ROBEY,73
Harrison,PRECINCT 14,Supreme Court of Appeals,,,JENNA L. ROBEY,185
Harrison,PRECINCT 28,Supreme Court of Appeals,,,JENNA L. ROBEY,83
Harrison,PRECINCT 33,Supreme Court of Appeals,,,JENNA L. ROBEY,145
Harrison,PRECINCT 36A,Supreme Court of Appeals,,,JENNA L. ROBEY,45
Harrison,PRECINCT 43,Supreme Court of Appeals,,,JENNA L. ROBEY,46
Harrison,PRECINCT 44,Supreme Court of Appeals,,,JENNA L. ROBEY,45
Harrison,PRECINCT 45,Supreme Court of Appeals,,,JENNA L. ROBEY,72
Harrison,PRECINCT 46,Supreme Court of Appeals,,,JENNA L. ROBEY,66
Harrison,PRECINCT 48,Supreme Court of Appeals,,,JENNA L. ROBEY,87
Harrison,PRECINCT 50,Supreme Court of Appeals,,,JENNA L. ROBEY,69
Harrison,PRECINCT 51,Supreme Court of Appeals,,,JENNA L. ROBEY,48
Harrison,PRECINCT 52,Supreme Court of Appeals,,,JENNA L. ROBEY,53
Harrison,PRECINCT 53,Supreme Court of Appeals,,,JENNA L. ROBEY,20
Harrison,PRECINCT 59,Supreme Court of Appeals,,,JENNA L. ROBEY,64
Harrison,PRECINCT 61,Supreme Court of Appeals,,,JENNA L. ROBEY,115
Harrison,PRECINCT 63,Supreme Court of Appeals,,,JENNA L. ROBEY,85
Harrison,PRECINCT 66,Supreme Court of Appeals,,,JENNA L. ROBEY,57
Harrison,PRECINCT 66A,Supreme Court of Appeals,,,JENNA L. ROBEY,5
Harrison,PRECINCT 66B,Supreme Court of Appeals,,,JENNA L. ROBEY,6
Harrison,PRECINCT 68,Supreme Court of Appeals,,,JENNA L. ROBEY,83
Harrison,PRECINCT 74,Supreme Court of Appeals,,,JENNA L. ROBEY,122
Harrison,PRECINCT 80,Supreme Court of Appeals,,,JENNA L. ROBEY,129
Harrison,PRECINCT 87,Supreme Court of Appeals,,,JENNA L. ROBEY,27
Harrison,PRECINCT 92,Supreme Court of Appeals,,,JENNA L. ROBEY,61
Harrison,PRECINCT 95,Supreme Court of Appeals,,,JENNA L. ROBEY,70
Harrison,PRECINCT 96,Supreme Court of Appeals,,,JENNA L. ROBEY,79
Harrison,PRECINCT 98,Supreme Court of Appeals,,,JENNA L. ROBEY,35
Harrison,PRECINCT 102,Supreme Court of Appeals,,,JENNA L. ROBEY,188
Harrison,PRECINCT 103,Supreme Court of Appeals,,,JENNA L. ROBEY,52
Harrison,PRECINCT 104,Supreme Court of Appeals,,,JENNA L. ROBEY,49
Harrison,PRECINCT 106,Supreme Court of Appeals,,,JENNA L. ROBEY,56
Harrison,PRECINCT 107,Supreme Court of Appeals,,,JENNA L. ROBEY,27
Harrison,PRECINCT 108,Supreme Court of Appeals,,,JENNA L. ROBEY,113
Harrison,PRECINCT 110,Supreme Court of Appeals,,,JENNA L. ROBEY,80
Harrison,PRECINCT 114,Supreme Court of Appeals,,,JENNA L. ROBEY,70
Harrison,PRECINCT 114A,Supreme Court of Appeals,,,JENNA L. ROBEY,12
Harrison,PRECINCT 118,Supreme Court of Appeals,,,JENNA L. ROBEY,43
Harrison,PRECINCT 120,Supreme Court of Appeals,,,JENNA L. ROBEY,117
Harrison,PRECINCT 121,Supreme Court of Appeals,,,JENNA L. ROBEY,46
Harrison,PRECINCT 122,Supreme Court of Appeals,,,JENNA L. ROBEY,67
Harrison,PRECINCT 123,Supreme Court of Appeals,,,JENNA L. ROBEY,354
Harrison,PRECINCT 125,Supreme Court of Appeals,,,JENNA L. ROBEY,179
Harrison,PRECINCT 126,Supreme Court of Appeals,,,JENNA L. ROBEY,120
Harrison,PRECINCT 128,Supreme Court of Appeals,,,JENNA L. ROBEY,143
Harrison,PRECINCT 129,Supreme Court of Appeals,,,JENNA L. ROBEY,274
Harrison,PRECINCT 129B,Supreme Court of Appeals,,,JENNA L. ROBEY,262
Harrison,PRECINCT 129C,Supreme Court of Appeals,,,JENNA L. ROBEY,93
Harrison,PRECINCT 130,Supreme Court of Appeals,,,JENNA L. ROBEY,32
Harrison,PRECINCT 132,Supreme Court of Appeals,,,JENNA L. ROBEY,28
Harrison,PRECINCT 133,Supreme Court of Appeals,,,JENNA L. ROBEY,83
Harrison,PRECINCT 134,Supreme Court of Appeals,,,JENNA L. ROBEY,82
Harrison,PRECINCT 135,Supreme Court of Appeals,,,JENNA L. ROBEY,24
Harrison,PRECINCT 136,Supreme Court of Appeals,,,JENNA L. ROBEY,20
Harrison,PRECINCT 137,Supreme Court of Appeals,,,JENNA L. ROBEY,15
Harrison,PRECINCT 143,Supreme Court of Appeals,,,JENNA L. ROBEY,135
Harrison,PRECINCT 144,Supreme Court of Appeals,,,JENNA L. ROBEY,33
Harrison,PRECINCT 144A,Supreme Court of Appeals,,,JENNA L. ROBEY,52
Harrison,PRECINCT 145,Supreme Court of Appeals,,,JENNA L. ROBEY,54
Harrison,PRECINCT 1,Supreme Court of Appeals,,,PETER J. CONLEY,349
Harrison,PRECINCT 1A,Supreme Court of Appeals,,,PETER J. CONLEY,30
Harrison,PRECINCT 2,Supreme Court of Appeals,,,PETER J. CONLEY,41
Harrison,PRECINCT 4,Supreme Court of Appeals,,,PETER J. CONLEY,325
Harrison,PRECINCT 6,Supreme Court of Appeals,,,PETER J. CONLEY,258
Harrison,PRECINCT 9,Supreme Court of Appeals,,,PETER J. CONLEY,131
Harrison,PRECINCT 10,Supreme Court of Appeals,,,PETER J. CONLEY,123
Harrison,PRECINCT 14,Supreme Court of Appeals,,,PETER J. CONLEY,416
Harrison,PRECINCT 28,Supreme Court of Appeals,,,PETER J. CONLEY,225
Harrison,PRECINCT 33,Supreme Court of Appeals,,,PETER J. CONLEY,355
Harrison,PRECINCT 36A,Supreme Court of Appeals,,,PETER J. CONLEY,120
Harrison,PRECINCT 43,Supreme Court of Appeals,,,PETER J. CONLEY,87
Harrison,PRECINCT 44,Supreme Court of Appeals,,,PETER J. CONLEY,77
Harrison,PRECINCT 45,Supreme Court of Appeals,,,PETER J. CONLEY,157
Harrison,PRECINCT 46,Supreme Court of Appeals,,,PETER J. CONLEY,136
Harrison,PRECINCT 48,Supreme Court of Appeals,,,PETER J. CONLEY,166
Harrison,PRECINCT 50,Supreme Court of Appeals,,,PETER J. CONLEY,161
Harrison,PRECINCT 51,Supreme Court of Appeals,,,PETER J. CONLEY,85
Harrison,PRECINCT 52,Supreme Court of Appeals,,,PETER J. CONLEY,141
Harrison,PRECINCT 53,Supreme Court of Appeals,,,PETER J. CONLEY,63
Harrison,PRECINCT 59,Supreme Court of Appeals,,,PETER J. CONLEY,124
Harrison,PRECINCT 61,Supreme Court of Appeals,,,PETER J. CONLEY,210
Harrison,PRECINCT 63,Supreme Court of Appeals,,,PETER J. CONLEY,196
Harrison,PRECINCT 66,Supreme Court of Appeals,,,PETER J. CONLEY,103
Harrison,PRECINCT 66A,Supreme Court of Appeals,,,PETER J. CONLEY,12
Harrison,PRECINCT 66B,Supreme Court of Appeals,,,PETER J. CONLEY,19
Harrison,PRECINCT 68,Supreme Court of Appeals,,,PETER J. CONLEY,241
Harrison,PRECINCT 74,Supreme Court of Appeals,,,PETER J. CONLEY,290
Harrison,PRECINCT 80,Supreme Court of Appeals,,,PETER J. CONLEY,363
Harrison,PRECINCT 87,Supreme Court of Appeals,,,PETER J. CONLEY,81
Harrison,PRECINCT 92,Supreme Court of Appeals,,,PETER J. CONLEY,128
Harrison,PRECINCT 95,Supreme Court of Appeals,,,PETER J. CONLEY,113
Harrison,PRECINCT 96,Supreme Court of Appeals,,,PETER J. CONLEY,146
Harrison,PRECINCT 98,Supreme Court of Appeals,,,PETER J. CONLEY,87
Harrison,PRECINCT 102,Supreme Court of Appeals,,,PETER J. CONLEY,417
Harrison,PRECINCT 103,Supreme Court of Appeals,,,PETER J. CONLEY,89
Harrison,PRECINCT 104,Supreme Court of Appeals,,,PETER J. CONLEY,102
Harrison,PRECINCT 106,Supreme Court of Appeals,,,PETER J. CONLEY,132
Harrison,PRECINCT 107,Supreme Court of Appeals,,,PETER J. CONLEY,71
Harrison,PRECINCT 108,Supreme Court of Appeals,,,PETER J. CONLEY,186
Harrison,PRECINCT 110,Supreme Court of Appeals,,,PETER J. CONLEY,175
Harrison,PRECINCT 114,Supreme Court of Appeals,,,PETER J. CONLEY,108
Harrison,PRECINCT 114A,Supreme Court of Appeals,,,PETER J. CONLEY,31
Harrison,PRECINCT 118,Supreme Court of Appeals,,,PETER J. CONLEY,91
Harrison,PRECINCT 120,Supreme Court of Appeals,,,PETER J. CONLEY,196
Harrison,PRECINCT 121,Supreme Court of Appeals,,,PETER J. CONLEY,66
Harrison,PRECINCT 122,Supreme Court of Appeals,,,PETER J. CONLEY,103
Harrison,PRECINCT 123,Supreme Court of Appeals,,,PETER J. CONLEY,682
Harrison,PRECINCT 125,Supreme Court of Appeals,,,PETER J. CONLEY,335
Harrison,PRECINCT 126,Supreme Court of Appeals,,,PETER J. CONLEY,233
Harrison,PRECINCT 128,Supreme Court of Appeals,,,PETER J. CONLEY,254
Harrison,PRECINCT 129,Supreme Court of Appeals,,,PETER J. CONLEY,505
Harrison,PRECINCT 129B,Supreme Court of Appeals,,,PETER J. CONLEY,470
Harrison,PRECINCT 129C,Supreme Court of Appeals,,,PETER J. CONLEY,155
Harrison,PRECINCT 130,Supreme Court of Appeals,,,PETER J. CONLEY,94
Harrison,PRECINCT 132,Supreme Court of Appeals,,,PETER J. CONLEY,70
Harrison,PRECINCT 133,Supreme Court of Appeals,,,PETER J. CONLEY,210
Harrison,PRECINCT 134,Supreme Court of Appeals,,,PETER J. CONLEY,146
Harrison,PRECINCT 135,Supreme Court of Appeals,,,PETER J. CONLEY,56
Harrison,PRECINCT 136,Supreme Court of Appeals,,,PETER J. CONLEY,48
Harrison,PRECINCT 137,Supreme Court of Appeals,,,PETER J. CONLEY,38
Harrison,PRECINCT 143,Supreme Court of Appeals,,,PETER J. CONLEY,328
Harrison,PRECINCT 144,Supreme Court of Appeals,,,PETER J. CONLEY,93
Harrison,PRECINCT 144A,Supreme Court of Appeals,,,PETER J. CONLEY,108
Harrison,PRECINCT 145,Supreme Court of Appeals,,,PETER J. CONLEY,150
Harrison,PRECINCT 1,Supreme Court of Appeals,,,LORI BETLER JACKSON,360
Harrison,PRECINCT 1A,Supreme Court of Appeals,,,LORI BETLER JACKSON,29
Harrison,PRECINCT 2,Supreme Court of Appeals,,,LORI BETLER JACKSON,43
Harrison,PRECINCT 4,Supreme Court of Appeals,,,LORI BETLER JACKSON,341
Harrison,PRECINCT 6,Supreme Court of Appeals,,,LORI BETLER JACKSON,287
Harrison,PRECINCT 9,Supreme Court of Appeals,,,LORI BETLER JACKSON,135
Harrison,PRECINCT 10,Supreme Court of Appeals,,,LORI BETLER JACKSON,128
Harrison,PRECINCT 14,Supreme Court of Appeals,,,LORI BETLER JACKSON,431
Harrison,PRECINCT 28,Supreme Court of Appeals,,,LORI BETLER JACKSON,229
Harrison,PRECINCT 33,Supreme Court of Appeals,,,LORI BETLER JACKSON,362
Harrison,PRECINCT 36A,Supreme Court of Appeals,,,LORI BETLER JACKSON,121
Harrison,PRECINCT 43,Supreme Court of Appeals,,,LORI BETLER JACKSON,86
Harrison,PRECINCT 44,Supreme Court of Appeals,,,LORI BETLER JACKSON,85
Harrison,PRECINCT 45,Supreme Court of Appeals,,,LORI BETLER JACKSON,150
Harrison,PRECINCT 46,Supreme Court of Appeals,,,LORI BETLER JACKSON,136
Harrison,PRECINCT 48,Supreme Court of Appeals,,,LORI BETLER JACKSON,165
Harrison,PRECINCT 50,Supreme Court of Appeals,,,LORI BETLER JACKSON,155
Harrison,PRECINCT 51,Supreme Court of Appeals,,,LORI BETLER JACKSON,78
Harrison,PRECINCT 52,Supreme Court of Appeals,,,LORI BETLER JACKSON,140
Harrison,PRECINCT 53,Supreme Court of Appeals,,,LORI BETLER JACKSON,62
Harrison,PRECINCT 59,Supreme Court of Appeals,,,LORI BETLER JACKSON,123
Harrison,PRECINCT 61,Supreme Court of Appeals,,,LORI BETLER JACKSON,207
Harrison,PRECINCT 63,Supreme Court of Appeals,,,LORI BETLER JACKSON,193
Harrison,PRECINCT 66,Supreme Court of Appeals,,,LORI BETLER JACKSON,100
Harrison,PRECINCT 66A,Supreme Court of Appeals,,,LORI BETLER JACKSON,11
Harrison,PRECINCT 66B,Supreme Court of Appeals,,,LORI BETLER JACKSON,20
Harrison,PRECINCT 68,Supreme Court of Appeals,,,LORI BETLER JACKSON,241
Harrison,PRECINCT 74,Supreme Court of Appeals,,,LORI BETLER JACKSON,286
Harrison,PRECINCT 80,Supreme Court of Appeals,,,LORI BETLER JACKSON,360
Harrison,PRECINCT 87,Supreme Court of Appeals,,,LORI BETLER JACKSON,75
Harrison,PRECINCT 92,Supreme Court of Appeals,,,LORI BETLER JACKSON,119
Harrison,PRECINCT 95,Supreme Court of Appeals,,,LORI BETLER JACKSON,111
Harrison,PRECINCT 96,Supreme Court of Appeals,,,LORI BETLER JACKSON,143
Harrison,PRECINCT 98,Supreme Court of Appeals,,,LORI BETLER JACKSON,83
Harrison,PRECINCT 102,Supreme Court of Appeals,,,LORI BETLER JACKSON,415
Harrison,PRECINCT 103,Supreme Court of Appeals,,,LORI BETLER JACKSON,88
Harrison,PRECINCT 104,Supreme Court of Appeals,,,LORI BETLER JACKSON,104
Harrison,PRECINCT 106,Supreme Court of Appeals,,,LORI BETLER JACKSON,133
Harrison,PRECINCT 107,Supreme Court of Appeals,,,LORI BETLER JACKSON,70
Harrison,PRECINCT 108,Supreme Court of Appeals,,,LORI BETLER JACKSON,183
Harrison,PRECINCT 110,Supreme Court of Appeals,,,LORI BETLER JACKSON,172
Harrison,PRECINCT 114,Supreme Court of Appeals,,,LORI BETLER JACKSON,115
Harrison,PRECINCT 114A,Supreme Court of Appeals,,,LORI BETLER JACKSON,29
Harrison,PRECINCT 118,Supreme Court of Appeals,,,LORI BETLER JACKSON,92
Harrison,PRECINCT 120,Supreme Court of Appeals,,,LORI BETLER JACKSON,194
Harrison,PRECINCT 121,Supreme Court of Appeals,,,LORI BETLER JACKSON,59
Harrison,PRECINCT 122,Supreme Court of Appeals,,,LORI BETLER JACKSON,100
Harrison,PRECINCT 123,Supreme Court of Appeals,,,LORI BETLER JACKSON,629
Harrison,PRECINCT 125,Supreme Court of Appeals,,,LORI BETLER JACKSON,302
Harrison,PRECINCT 126,Supreme Court of Appeals,,,LORI BETLER JACKSON,206
Harrison,PRECINCT 128,Supreme Court of Appeals,,,LORI BETLER JACKSON,237
Harrison,PRECINCT 129,Supreme Court of Appeals,,,LORI BETLER JACKSON,445
Harrison,PRECINCT 129B,Supreme Court of Appeals,,,LORI BETLER JACKSON,448
Harrison,PRECINCT 129C,Supreme Court of Appeals,,,LORI BETLER JACKSON,155
Harrison,PRECINCT 130,Supreme Court of Appeals,,,LORI BETLER JACKSON,92
Harrison,PRECINCT 132,Supreme Court of Appeals,,,LORI BETLER JACKSON,69
Harrison,PRECINCT 133,Supreme Court of Appeals,,,LORI BETLER JACKSON,210
Harrison,PRECINCT 134,Supreme Court of Appeals,,,LORI BETLER JACKSON,146
Harrison,PRECINCT 135,Supreme Court of Appeals,,,LORI BETLER JACKSON,55
Harrison,PRECINCT 136,Supreme Court of Appeals,,,LORI BETLER JACKSON,45
Harrison,PRECINCT 137,Supreme Court of Appeals,,,LORI BETLER JACKSON,40
Harrison,PRECINCT 143,Supreme Court of Appeals,,,LORI BETLER JACKSON,327
Harrison,PRECINCT 144,Supreme Court of Appeals,,,LORI BETLER JACKSON,88
Harrison,PRECINCT 144A,Supreme Court of Appeals,,,LORI BETLER JACKSON,110
Harrison,PRECINCT 145,Supreme Court of Appeals,,,LORI BETLER JACKSON,149
Harrison,PRECINCT 1,MAGISTRATE,,,FRANK ANTHONY DEMARCO,353
Harrison,PRECINCT 1A,MAGISTRATE,,,FRANK ANTHONY DEMARCO,27
Harrison,PRECINCT 2,MAGISTRATE,,,FRANK ANTHONY DEMARCO,42
Harrison,PRECINCT 4,MAGISTRATE,,,FRANK ANTHONY DEMARCO,343
Harrison,PRECINCT 6,MAGISTRATE,,,FRANK ANTHONY DEMARCO,265
Harrison,PRECINCT 9,MAGISTRATE,,,FRANK ANTHONY DEMARCO,127
Harrison,PRECINCT 10,MAGISTRATE,,,FRANK ANTHONY DEMARCO,126
Harrison,PRECINCT 14,MAGISTRATE,,,FRANK ANTHONY DEMARCO,419
Harrison,PRECINCT 28,MAGISTRATE,,,FRANK ANTHONY DEMARCO,228
Harrison,PRECINCT 33,MAGISTRATE,,,FRANK ANTHONY DEMARCO,360
Harrison,PRECINCT 36A,MAGISTRATE,,,FRANK ANTHONY DEMARCO,121
Harrison,PRECINCT 43,MAGISTRATE,,,FRANK ANTHONY DEMARCO,91
Harrison,PRECINCT 44,MAGISTRATE,,,FRANK ANTHONY DEMARCO,94
Harrison,PRECINCT 45,MAGISTRATE,,,FRANK ANTHONY DEMARCO,166
Harrison,PRECINCT 46,MAGISTRATE,,,FRANK ANTHONY DEMARCO,151
Harrison,PRECINCT 48,MAGISTRATE,,,FRANK ANTHONY DEMARCO,181
Harrison,PRECINCT 50,MAGISTRATE,,,FRANK ANTHONY DEMARCO,186
Harrison,PRECINCT 51,MAGISTRATE,,,FRANK ANTHONY DEMARCO,95
Harrison,PRECINCT 52,MAGISTRATE,,,FRANK ANTHONY DEMARCO,165
Harrison,PRECINCT 53,MAGISTRATE,,,FRANK ANTHONY DEMARCO,71
Harrison,PRECINCT 59,MAGISTRATE,,,FRANK ANTHONY DEMARCO,125
Harrison,PRECINCT 61,MAGISTRATE,,,FRANK ANTHONY DEMARCO,219
Harrison,PRECINCT 63,MAGISTRATE,,,FRANK ANTHONY DEMARCO,202
Harrison,PRECINCT 66,MAGISTRATE,,,FRANK ANTHONY DEMARCO,101
Harrison,PRECINCT 66A,MAGISTRATE,,,FRANK ANTHONY DEMARCO,13
Harrison,PRECINCT 66B,MAGISTRATE,,,FRANK ANTHONY DEMARCO,20
Harrison,PRECINCT 68,MAGISTRATE,,,FRANK ANTHONY DEMARCO,253
Harrison,PRECINCT 74,MAGISTRATE,,,FRANK ANTHONY DEMARCO,293
Harrison,PRECINCT 80,MAGISTRATE,,,FRANK ANTHONY DEMARCO,373
Harrison,PRECINCT 87,MAGISTRATE,,,FRANK ANTHONY DEMARCO,79
Harrison,PRECINCT 92,MAGISTRATE,,,FRANK ANTHONY DEMARCO,138
Harrison,PRECINCT 95,MAGISTRATE,,,FRANK ANTHONY DEMARCO,116
Harrison,PRECINCT 96,MAGISTRATE,,,FRANK ANTHONY DEMARCO,163
Harrison,PRECINCT 98,MAGISTRATE,,,FRANK ANTHONY DEMARCO,92
Harrison,PRECINCT 102,MAGISTRATE,,,FRANK ANTHONY DEMARCO,415
Harrison,PRECINCT 103,MAGISTRATE,,,FRANK ANTHONY DEMARCO,84
Harrison,PRECINCT 104,MAGISTRATE,,,FRANK ANTHONY DEMARCO,103
Harrison,PRECINCT 106,MAGISTRATE,,,FRANK ANTHONY DEMARCO,122
Harrison,PRECINCT 107,MAGISTRATE,,,FRANK ANTHONY DEMARCO,72
Harrison,PRECINCT 108,MAGISTRATE,,,FRANK ANTHONY DEMARCO,181
Harrison,PRECINCT 110,MAGISTRATE,,,FRANK ANTHONY DEMARCO,177
Harrison,PRECINCT 114,MAGISTRATE,,,FRANK ANTHONY DEMARCO,113
Harrison,PRECINCT 114A,MAGISTRATE,,,FRANK ANTHONY DEMARCO,31
Harrison,PRECINCT 118,MAGISTRATE,,,FRANK ANTHONY DEMARCO,95
Harrison,PRECINCT 120,MAGISTRATE,,,FRANK ANTHONY DEMARCO,182
Harrison,PRECINCT 121,MAGISTRATE,,,FRANK ANTHONY DEMARCO,70
Harrison,PRECINCT 122,MAGISTRATE,,,FRANK ANTHONY DEMARCO,101
Harrison,PRECINCT 123,MAGISTRATE,,,FRANK ANTHONY DEMARCO,646
Harrison,PRECINCT 125,MAGISTRATE,,,FRANK ANTHONY DEMARCO,314
Harrison,PRECINCT 126,MAGISTRATE,,,FRANK ANTHONY DEMARCO,214
Harrison,PRECINCT 128,MAGISTRATE,,,FRANK ANTHONY DEMARCO,247
Harrison,PRECINCT 129,MAGISTRATE,,,FRANK ANTHONY DEMARCO,441
Harrison,PRECINCT 129B,MAGISTRATE,,,FRANK ANTHONY DEMARCO,449
Harrison,PRECINCT 129C,MAGISTRATE,,,FRANK ANTHONY DEMARCO,157
Harrison,PRECINCT 130,MAGISTRATE,,,FRANK ANTHONY DEMARCO,93
Harrison,PRECINCT 132,MAGISTRATE,,,FRANK ANTHONY DEMARCO,69
Harrison,PRECINCT 133,MAGISTRATE,,,FRANK ANTHONY DEMARCO,213
Harrison,PRECINCT 134,MAGISTRATE,,,FRANK ANTHONY DEMARCO,149
Harrison,PRECINCT 135,MAGISTRATE,,,FRANK ANTHONY DEMARCO,51
Harrison,PRECINCT 136,MAGISTRATE,,,FRANK ANTHONY DEMARCO,48
Harrison,PRECINCT 137,MAGISTRATE,,,FRANK ANTHONY DEMARCO,40
Harrison,PRECINCT 143,MAGISTRATE,,,FRANK ANTHONY DEMARCO,315
Harrison,PRECINCT 144,MAGISTRATE,,,FRANK ANTHONY DEMARCO,86
Harrison,PRECINCT 144A,MAGISTRATE,,,FRANK ANTHONY DEMARCO,109
Harrison,PRECINCT 145,MAGISTRATE,,,FRANK ANTHONY DEMARCO,147
Harrison,PRECINCT 1,MAGISTRATE,,,MICHAEL 'MIKE' WEISS,266
Harrison,PRECINCT 1A,MAGISTRATE,,,MICHAEL 'MIKE' WEISS,23
Harrison,PRECINCT 2,MAGISTRATE,,,MICHAEL 'MIKE' WEISS,21
Harrison,PRECINCT 4,MAGISTRATE,,,MICHAEL 'MIKE' WEISS,200
Harrison,PRECINCT 6,MAGISTRATE,,,MICHAEL 'MIKE' WEISS,195
Harrison,PRECINCT 9,MAGISTRATE,,,MICHAEL 'MIKE' WEISS,96
Harrison,PRECINCT 10,MAGISTRATE,,,MICHAEL 'MIKE' WEISS,66
Harrison,PRECINCT 14,MAGISTRATE,,,MICHAEL 'MIKE' WEISS,301
Harrison,PRECINCT 28,MAGISTRATE,,,MICHAEL 'MIKE' WEISS,162
Harrison,PRECINCT 33,MAGISTRATE,,,MICHAEL 'MIKE' WEISS,246
Harrison,PRECINCT 36A,MAGISTRATE,,,MICHAEL 'MIKE' WEISS,80
Harrison,PRECINCT 43,MAGISTRATE,,,MICHAEL 'MIKE' WEISS,35
Harrison,PRECINCT 44,MAGISTRATE,,,MICHAEL 'MIKE' WEISS,41
Harrison,PRECINCT 45,MAGISTRATE,,,MICHAEL 'MIKE' WEISS,70
Harrison,PRECINCT 46,MAGISTRATE,,,MICHAEL 'MIKE' WEISS,93
Harrison,PRECINCT 48,MAGISTRATE,,,MICHAEL 'MIKE' WEISS,88
Harrison,PRECINCT 50,MAGISTRATE,,,MICHAEL 'MIKE' WEISS,97
Harrison,PRECINCT 51,MAGISTRATE,,,MICHAEL 'MIKE' WEISS,44
Harrison,PRECINCT 52,MAGISTRATE,,,MICHAEL 'MIKE' WEISS,82
Harrison,PRECINCT 53,MAGISTRATE,,,MICHAEL 'MIKE' WEISS,38
Harrison,PRECINCT 59,MAGISTRATE,,,MICHAEL 'MIKE' WEISS,81
Harrison,PRECINCT 61,MAGISTRATE,,,MICHAEL 'MIKE' WEISS,148
Harrison,PRECINCT 63,MAGISTRATE,,,MICHAEL 'MIKE' WEISS,119
Harrison,PRECINCT 66,MAGISTRATE,,,MICHAEL 'MIKE' WEISS,67
Harrison,PRECINCT 66A,MAGISTRATE,,,MICHAEL 'MIKE' WEISS,8
Harrison,PRECINCT 66B,MAGISTRATE,,,MICHAEL 'MIKE' WEISS,13
Harrison,PRECINCT 68,MAGISTRATE,,,MICHAEL 'MIKE' WEISS,176
Harrison,PRECINCT 74,MAGISTRATE,,,MICHAEL 'MIKE' WEISS,210
Harrison,PRECINCT 80,MAGISTRATE,,,MICHAEL 'MIKE' WEISS,258
Harrison,PRECINCT 87,MAGISTRATE,,,MICHAEL 'MIKE' WEISS,50
Harrison,PRECINCT 92,MAGISTRATE,,,MICHAEL 'MIKE' WEISS,68
Harrison,PRECINCT 95,MAGISTRATE,,,MICHAEL 'MIKE' WEISS,72
Harrison,PRECINCT 96,MAGISTRATE,,,MICHAEL 'MIKE' WEISS,93
Harrison,PRECINCT 98,MAGISTRATE,,,MICHAEL 'MIKE' WEISS,40
Harrison,PRECINCT 102,MAGISTRATE,,,MICHAEL 'MIKE' WEISS,238
Harrison,PRECINCT 103,MAGISTRATE,,,MICHAEL 'MIKE' WEISS,58
Harrison,PRECINCT 104,MAGISTRATE,,,MICHAEL 'MIKE' WEISS,56
Harrison,PRECINCT 106,MAGISTRATE,,,MICHAEL 'MIKE' WEISS,81
Harrison,PRECINCT 107,MAGISTRATE,,,MICHAEL 'MIKE' WEISS,29
Harrison,PRECINCT 108,MAGISTRATE,,,MICHAEL 'MIKE' WEISS,107
Harrison,PRECINCT 110,MAGISTRATE,,,MICHAEL 'MIKE' WEISS,112
Harrison,PRECINCT 114,MAGISTRATE,,,MICHAEL 'MIKE' WEISS,69
Harrison,PRECINCT 114A,MAGISTRATE,,,MICHAEL 'MIKE' WEISS,28
Harrison,PRECINCT 118,MAGISTRATE,,,MICHAEL 'MIKE' WEISS,52
Harrison,PRECINCT 120,MAGISTRATE,,,MICHAEL 'MIKE' WEISS,97
Harrison,PRECINCT 121,MAGISTRATE,,,MICHAEL 'MIKE' WEISS,50
Harrison,PRECINCT 122,MAGISTRATE,,,MICHAEL 'MIKE' WEISS,56
Harrison,PRECINCT 123,MAGISTRATE,,,MICHAEL 'MIKE' WEISS,375
Harrison,PRECINCT 125,MAGISTRATE,,,MICHAEL 'MIKE' WEISS,174
Harrison,PRECINCT 126,MAGISTRATE,,,MICHAEL 'MIKE' WEISS,128
Harrison,PRECINCT 128,MAGISTRATE,,,MICHAEL 'MIKE' WEISS,125
Harrison,PRECINCT 129,MAGISTRATE,,,MICHAEL 'MIKE' WEISS,278
Harrison,PRECINCT 129B,MAGISTRATE,,,MICHAEL 'MIKE' WEISS,229
Harrison,PRECINCT 129C,MAGISTRATE,,,MICHAEL 'MIKE' WEISS,73
Harrison,PRECINCT 130,MAGISTRATE,,,MICHAEL 'MIKE' WEISS,57
Harrison,PRECINCT 132,MAGISTRATE,,,MICHAEL 'MIKE' WEISS,35
Harrison,PRECINCT 133,MAGISTRATE,,,MICHAEL 'MIKE' WEISS,127
Harrison,PRECINCT 134,MAGISTRATE,,,MICHAEL 'MIKE' WEISS,91
Harrison,PRECINCT 135,MAGISTRATE,,,MICHAEL 'MIKE' WEISS,25
Harrison,PRECINCT 136,MAGISTRATE,,,MICHAEL 'MIKE' WEISS,25
Harrison,PRECINCT 137,MAGISTRATE,,,MICHAEL 'MIKE' WEISS,22
Harrison,PRECINCT 143,MAGISTRATE,,,MICHAEL 'MIKE' WEISS,190
Harrison,PRECINCT 144,MAGISTRATE,,,MICHAEL 'MIKE' WEISS,60
Harrison,PRECINCT 144A,MAGISTRATE,,,MICHAEL 'MIKE' WEISS,67
Harrison,PRECINCT 145,MAGISTRATE,,,MICHAEL 'MIKE' WEISS,97
Harrison,PRECINCT 1,MAGISTRATE,,,JOHN  WALKER,132
Harrison,PRECINCT 1A,MAGISTRATE,,,JOHN  WALKER,9
Harrison,PRECINCT 2,MAGISTRATE,,,JOHN  WALKER,24
Harrison,PRECINCT 4,MAGISTRATE,,,JOHN  WALKER,168
Harrison,PRECINCT 6,MAGISTRATE,,,JOHN  WALKER,100
Harrison,PRECINCT 9,MAGISTRATE,,,JOHN  WALKER,59
Harrison,PRECINCT 10,MAGISTRATE,,,JOHN  WALKER,64
Harrison,PRECINCT 14,MAGISTRATE,,,JOHN  WALKER,171
Harrison,PRECINCT 28,MAGISTRATE,,,JOHN  WALKER,93
Harrison,PRECINCT 33,MAGISTRATE,,,JOHN  WALKER,146
Harrison,PRECINCT 36A,MAGISTRATE,,,JOHN  WALKER,48
Harrison,PRECINCT 43,MAGISTRATE,,,JOHN  WALKER,55
Harrison,PRECINCT 44,MAGISTRATE,,,JOHN  WALKER,46
Harrison,PRECINCT 45,MAGISTRATE,,,JOHN  WALKER,101
Harrison,PRECINCT 46,MAGISTRATE,,,JOHN  WALKER,58
Harrison,PRECINCT 48,MAGISTRATE,,,JOHN  WALKER,95
Harrison,PRECINCT 50,MAGISTRATE,,,JOHN  WALKER,77
Harrison,PRECINCT 51,MAGISTRATE,,,JOHN  WALKER,43
Harrison,PRECINCT 52,MAGISTRATE,,,JOHN  WALKER,74
Harrison,PRECINCT 53,MAGISTRATE,,,JOHN  WALKER,25
Harrison,PRECINCT 59,MAGISTRATE,,,JOHN  WALKER,57
Harrison,PRECINCT 61,MAGISTRATE,,,JOHN  WALKER,105
Harrison,PRECINCT 63,MAGISTRATE,,,JOHN  WALKER,97
Harrison,PRECINCT 66,MAGISTRATE,,,JOHN  WALKER,42
Harrison,PRECINCT 66A,MAGISTRATE,,,JOHN  WALKER,2
Harrison,PRECINCT 66B,MAGISTRATE,,,JOHN  WALKER,9
Harrison,PRECINCT 68,MAGISTRATE,,,JOHN  WALKER,104
Harrison,PRECINCT 74,MAGISTRATE,,,JOHN  WALKER,109
Harrison,PRECINCT 80,MAGISTRATE,,,JOHN  WALKER,139
Harrison,PRECINCT 87,MAGISTRATE,,,JOHN  WALKER,35
Harrison,PRECINCT 92,MAGISTRATE,,,JOHN  WALKER,69
Harrison,PRECINCT 95,MAGISTRATE,,,JOHN  WALKER,51
Harrison,PRECINCT 96,MAGISTRATE,,,JOHN  WALKER,69
Harrison,PRECINCT 98,MAGISTRATE,,,JOHN  WALKER,48
Harrison,PRECINCT 102,MAGISTRATE,,,JOHN  WALKER,214
Harrison,PRECINCT 103,MAGISTRATE,,,JOHN  WALKER,50
Harrison,PRECINCT 104,MAGISTRATE,,,JOHN  WALKER,55
Harrison,PRECINCT 106,MAGISTRATE,,,JOHN  WALKER,55
Harrison,PRECINCT 107,MAGISTRATE,,,JOHN  WALKER,44
Harrison,PRECINCT 108,MAGISTRATE,,,JOHN  WALKER,104
Harrison,PRECINCT 110,MAGISTRATE,,,JOHN  WALKER,85
Harrison,PRECINCT 114,MAGISTRATE,,,JOHN  WALKER,50
Harrison,PRECINCT 114A,MAGISTRATE,,,JOHN  WALKER,5
Harrison,PRECINCT 118,MAGISTRATE,,,JOHN  WALKER,43
Harrison,PRECINCT 120,MAGISTRATE,,,JOHN  WALKER,117
Harrison,PRECINCT 121,MAGISTRATE,,,JOHN  WALKER,32
Harrison,PRECINCT 122,MAGISTRATE,,,JOHN  WALKER,60
Harrison,PRECINCT 123,MAGISTRATE,,,JOHN  WALKER,355
Harrison,PRECINCT 125,MAGISTRATE,,,JOHN  WALKER,182
Harrison,PRECINCT 126,MAGISTRATE,,,JOHN  WALKER,113
Harrison,PRECINCT 128,MAGISTRATE,,,JOHN  WALKER,150
Harrison,PRECINCT 129,MAGISTRATE,,,JOHN  WALKER,256
Harrison,PRECINCT 129B,MAGISTRATE,,,JOHN  WALKER,256
Harrison,PRECINCT 129C,MAGISTRATE,,,JOHN  WALKER,103
Harrison,PRECINCT 130,MAGISTRATE,,,JOHN  WALKER,43
Harrison,PRECINCT 132,MAGISTRATE,,,JOHN  WALKER,37
Harrison,PRECINCT 133,MAGISTRATE,,,JOHN  WALKER,112
Harrison,PRECINCT 134,MAGISTRATE,,,JOHN  WALKER,69
Harrison,PRECINCT 135,MAGISTRATE,,,JOHN  WALKER,31
Harrison,PRECINCT 136,MAGISTRATE,,,JOHN  WALKER,25
Harrison,PRECINCT 137,MAGISTRATE,,,JOHN  WALKER,18
Harrison,PRECINCT 143,MAGISTRATE,,,JOHN  WALKER,161
Harrison,PRECINCT 144,MAGISTRATE,,,JOHN  WALKER,39
Harrison,PRECINCT 144A,MAGISTRATE,,,JOHN  WALKER,62
Harrison,PRECINCT 145,MAGISTRATE,,,JOHN  WALKER,73
Harrison,PRECINCT 1,MAGISTRATE,,,WARREN E. 'GIZZY' DAVIS,370
Harrison,PRECINCT 1A,MAGISTRATE,,,WARREN E. 'GIZZY' DAVIS,28
Harrison,PRECINCT 2,MAGISTRATE,,,WARREN E. 'GIZZY' DAVIS,43
Harrison,PRECINCT 4,MAGISTRATE,,,WARREN E. 'GIZZY' DAVIS,343
Harrison,PRECINCT 6,MAGISTRATE,,,WARREN E. 'GIZZY' DAVIS,266
Harrison,PRECINCT 9,MAGISTRATE,,,WARREN E. 'GIZZY' DAVIS,134
Harrison,PRECINCT 10,MAGISTRATE,,,WARREN E. 'GIZZY' DAVIS,130
Harrison,PRECINCT 14,MAGISTRATE,,,WARREN E. 'GIZZY' DAVIS,434
Harrison,PRECINCT 28,MAGISTRATE,,,WARREN E. 'GIZZY' DAVIS,236
Harrison,PRECINCT 33,MAGISTRATE,,,WARREN E. 'GIZZY' DAVIS,360
Harrison,PRECINCT 36A,MAGISTRATE,,,WARREN E. 'GIZZY' DAVIS,121
Harrison,PRECINCT 43,MAGISTRATE,,,WARREN E. 'GIZZY' DAVIS,88
Harrison,PRECINCT 44,MAGISTRATE,,,WARREN E. 'GIZZY' DAVIS,89
Harrison,PRECINCT 45,MAGISTRATE,,,WARREN E. 'GIZZY' DAVIS,162
Harrison,PRECINCT 46,MAGISTRATE,,,WARREN E. 'GIZZY' DAVIS,135
Harrison,PRECINCT 48,MAGISTRATE,,,WARREN E. 'GIZZY' DAVIS,174
Harrison,PRECINCT 50,MAGISTRATE,,,WARREN E. 'GIZZY' DAVIS,162
Harrison,PRECINCT 51,MAGISTRATE,,,WARREN E. 'GIZZY' DAVIS,85
Harrison,PRECINCT 52,MAGISTRATE,,,WARREN E. 'GIZZY' DAVIS,149
Harrison,PRECINCT 53,MAGISTRATE,,,WARREN E. 'GIZZY' DAVIS,67
Harrison,PRECINCT 59,MAGISTRATE,,,WARREN E. 'GIZZY' DAVIS,126
Harrison,PRECINCT 61,MAGISTRATE,,,WARREN E. 'GIZZY' DAVIS,227
Harrison,PRECINCT 63,MAGISTRATE,,,WARREN E. 'GIZZY' DAVIS,209
Harrison,PRECINCT 66,MAGISTRATE,,,WARREN E. 'GIZZY' DAVIS,105
Harrison,PRECINCT 66A,MAGISTRATE,,,WARREN E. 'GIZZY' DAVIS,12
Harrison,PRECINCT 66B,MAGISTRATE,,,WARREN E. 'GIZZY' DAVIS,21
Harrison,PRECINCT 68,MAGISTRATE,,,WARREN E. 'GIZZY' DAVIS,263
Harrison,PRECINCT 74,MAGISTRATE,,,WARREN E. 'GIZZY' DAVIS,289
Harrison,PRECINCT 80,MAGISTRATE,,,WARREN E. 'GIZZY' DAVIS,402
Harrison,PRECINCT 87,MAGISTRATE,,,WARREN E. 'GIZZY' DAVIS,83
Harrison,PRECINCT 92,MAGISTRATE,,,WARREN E. 'GIZZY' DAVIS,131
Harrison,PRECINCT 95,MAGISTRATE,,,WARREN E. 'GIZZY' DAVIS,111
Harrison,PRECINCT 96,MAGISTRATE,,,WARREN E. 'GIZZY' DAVIS,150
Harrison,PRECINCT 98,MAGISTRATE,,,WARREN E. 'GIZZY' DAVIS,87
Harrison,PRECINCT 102,MAGISTRATE,,,WARREN E. 'GIZZY' DAVIS,417
Harrison,PRECINCT 103,MAGISTRATE,,,WARREN E. 'GIZZY' DAVIS,90
Harrison,PRECINCT 104,MAGISTRATE,,,WARREN E. 'GIZZY' DAVIS,106
Harrison,PRECINCT 106,MAGISTRATE,,,WARREN E. 'GIZZY' DAVIS,126
Harrison,PRECINCT 107,MAGISTRATE,,,WARREN E. 'GIZZY' DAVIS,71
Harrison,PRECINCT 108,MAGISTRATE,,,WARREN E. 'GIZZY' DAVIS,189
Harrison,PRECINCT 110,MAGISTRATE,,,WARREN E. 'GIZZY' DAVIS,182
Harrison,PRECINCT 114,MAGISTRATE,,,WARREN E. 'GIZZY' DAVIS,121
Harrison,PRECINCT 114A,MAGISTRATE,,,WARREN E. 'GIZZY' DAVIS,32
Harrison,PRECINCT 118,MAGISTRATE,,,WARREN E. 'GIZZY' DAVIS,93
Harrison,PRECINCT 120,MAGISTRATE,,,WARREN E. 'GIZZY' DAVIS,195
Harrison,PRECINCT 121,MAGISTRATE,,,WARREN E. 'GIZZY' DAVIS,76
Harrison,PRECINCT 122,MAGISTRATE,,,WARREN E. 'GIZZY' DAVIS,95
Harrison,PRECINCT 123,MAGISTRATE,,,WARREN E. 'GIZZY' DAVIS,655
Harrison,PRECINCT 125,MAGISTRATE,,,WARREN E. 'GIZZY' DAVIS,312
Harrison,PRECINCT 126,MAGISTRATE,,,WARREN E. 'GIZZY' DAVIS,216
Harrison,PRECINCT 128,MAGISTRATE,,,WARREN E. 'GIZZY' DAVIS,246
Harrison,PRECINCT 129,MAGISTRATE,,,WARREN E. 'GIZZY' DAVIS,441
Harrison,PRECINCT 129B,MAGISTRATE,,,WARREN E. 'GIZZY' DAVIS,459
Harrison,PRECINCT 129C,MAGISTRATE,,,WARREN E. 'GIZZY' DAVIS,148
Harrison,PRECINCT 130,MAGISTRATE,,,WARREN E. 'GIZZY' DAVIS,94
Harrison,PRECINCT 132,MAGISTRATE,,,WARREN E. 'GIZZY' DAVIS,72
Harrison,PRECINCT 133,MAGISTRATE,,,WARREN E. 'GIZZY' DAVIS,211
Harrison,PRECINCT 134,MAGISTRATE,,,WARREN E. 'GIZZY' DAVIS,150
Harrison,PRECINCT 135,MAGISTRATE,,,WARREN E. 'GIZZY' DAVIS,50
Harrison,PRECINCT 136,MAGISTRATE,,,WARREN E. 'GIZZY' DAVIS,52
Harrison,PRECINCT 137,MAGISTRATE,,,WARREN E. 'GIZZY' DAVIS,37
Harrison,PRECINCT 143,MAGISTRATE,,,WARREN E. 'GIZZY' DAVIS,338
Harrison,PRECINCT 144,MAGISTRATE,,,WARREN E. 'GIZZY' DAVIS,98
Harrison,PRECINCT 144A,MAGISTRATE,,,WARREN E. 'GIZZY' DAVIS,117
Harrison,PRECINCT 145,MAGISTRATE,,,WARREN E. 'GIZZY' DAVIS,153
Harrison,PRECINCT 1,MAGISTRATE,,,KEVIN RENZELLI,359
Harrison,PRECINCT 1A,MAGISTRATE,,,KEVIN RENZELLI,30
Harrison,PRECINCT 2,MAGISTRATE,,,KEVIN RENZELLI,41
Harrison,PRECINCT 4,MAGISTRATE,,,KEVIN RENZELLI,349
Harrison,PRECINCT 6,MAGISTRATE,,,KEVIN RENZELLI,269
Harrison,PRECINCT 9,MAGISTRATE,,,KEVIN RENZELLI,137
Harrison,PRECINCT 10,MAGISTRATE,,,KEVIN RENZELLI,127
Harrison,PRECINCT 14,MAGISTRATE,,,KEVIN RENZELLI,436
Harrison,PRECINCT 28,MAGISTRATE,,,KEVIN RENZELLI,236
Harrison,PRECINCT 33,MAGISTRATE,,,KEVIN RENZELLI,365
Harrison,PRECINCT 36A,MAGISTRATE,,,KEVIN RENZELLI,124
Harrison,PRECINCT 43,MAGISTRATE,,,KEVIN RENZELLI,82
Harrison,PRECINCT 44,MAGISTRATE,,,KEVIN RENZELLI,78
Harrison,PRECINCT 45,MAGISTRATE,,,KEVIN RENZELLI,148
Harrison,PRECINCT 46,MAGISTRATE,,,KEVIN RENZELLI,139
Harrison,PRECINCT 48,MAGISTRATE,,,KEVIN RENZELLI,159
Harrison,PRECINCT 50,MAGISTRATE,,,KEVIN RENZELLI,151
Harrison,PRECINCT 51,MAGISTRATE,,,KEVIN RENZELLI,79
Harrison,PRECINCT 52,MAGISTRATE,,,KEVIN RENZELLI,141
Harrison,PRECINCT 53,MAGISTRATE,,,KEVIN RENZELLI,63
Harrison,PRECINCT 59,MAGISTRATE,,,KEVIN RENZELLI,122
Harrison,PRECINCT 61,MAGISTRATE,,,KEVIN RENZELLI,214
Harrison,PRECINCT 63,MAGISTRATE,,,KEVIN RENZELLI,201
Harrison,PRECINCT 66,MAGISTRATE,,,KEVIN RENZELLI,102
Harrison,PRECINCT 66A,MAGISTRATE,,,KEVIN RENZELLI,13
Harrison,PRECINCT 66B,MAGISTRATE,,,KEVIN RENZELLI,23
Harrison,PRECINCT 68,MAGISTRATE,,,KEVIN RENZELLI,255
Harrison,PRECINCT 74,MAGISTRATE,,,KEVIN RENZELLI,292
Harrison,PRECINCT 80,MAGISTRATE,,,KEVIN RENZELLI,382
Harrison,PRECINCT 87,MAGISTRATE,,,KEVIN RENZELLI,76
Harrison,PRECINCT 92,MAGISTRATE,,,KEVIN RENZELLI,123
Harrison,PRECINCT 95,MAGISTRATE,,,KEVIN RENZELLI,110
Harrison,PRECINCT 96,MAGISTRATE,,,KEVIN RENZELLI,147
Harrison,PRECINCT 98,MAGISTRATE,,,KEVIN RENZELLI,85
Harrison,PRECINCT 102,MAGISTRATE,,,KEVIN RENZELLI,412
Harrison,PRECINCT 103,MAGISTRATE,,,KEVIN RENZELLI,86
Harrison,PRECINCT 104,MAGISTRATE,,,KEVIN RENZELLI,100
Harrison,PRECINCT 106,MAGISTRATE,,,KEVIN RENZELLI,122
Harrison,PRECINCT 107,MAGISTRATE,,,KEVIN RENZELLI,70
Harrison,PRECINCT 108,MAGISTRATE,,,KEVIN RENZELLI,186
Harrison,PRECINCT 110,MAGISTRATE,,,KEVIN RENZELLI,179
Harrison,PRECINCT 114,MAGISTRATE,,,KEVIN RENZELLI,113
Harrison,PRECINCT 114A,MAGISTRATE,,,KEVIN RENZELLI,30
Harrison,PRECINCT 118,MAGISTRATE,,,KEVIN RENZELLI,88
Harrison,PRECINCT 120,MAGISTRATE,,,KEVIN RENZELLI,191
Harrison,PRECINCT 121,MAGISTRATE,,,KEVIN RENZELLI,83
Harrison,PRECINCT 122,MAGISTRATE,,,KEVIN RENZELLI,100
Harrison,PRECINCT 123,MAGISTRATE,,,KEVIN RENZELLI,645
Harrison,PRECINCT 125,MAGISTRATE,,,KEVIN RENZELLI,309
Harrison,PRECINCT 126,MAGISTRATE,,,KEVIN RENZELLI,208
Harrison,PRECINCT 128,MAGISTRATE,,,KEVIN RENZELLI,239
Harrison,PRECINCT 129,MAGISTRATE,,,KEVIN RENZELLI,432
Harrison,PRECINCT 129B,MAGISTRATE,,,KEVIN RENZELLI,446
Harrison,PRECINCT 129C,MAGISTRATE,,,KEVIN RENZELLI,150
Harrison,PRECINCT 130,MAGISTRATE,,,KEVIN RENZELLI,92
Harrison,PRECINCT 132,MAGISTRATE,,,KEVIN RENZELLI,70
Harrison,PRECINCT 133,MAGISTRATE,,,KEVIN RENZELLI,218
Harrison,PRECINCT 134,MAGISTRATE,,,KEVIN RENZELLI,147
Harrison,PRECINCT 135,MAGISTRATE,,,KEVIN RENZELLI,52
Harrison,PRECINCT 136,MAGISTRATE,,,KEVIN RENZELLI,50
Harrison,PRECINCT 137,MAGISTRATE,,,KEVIN RENZELLI,35
Harrison,PRECINCT 143,MAGISTRATE,,,KEVIN RENZELLI,326
Harrison,PRECINCT 144,MAGISTRATE,,,KEVIN RENZELLI,90
Harrison,PRECINCT 144A,MAGISTRATE,,,KEVIN RENZELLI,109
Harrison,PRECINCT 145,MAGISTRATE,,,KEVIN RENZELLI,156
Harrison,PRECINCT 1,MAGISTRATE,,,KIMBERLY WYGAL,345
Harrison,PRECINCT 1A,MAGISTRATE,,,KIMBERLY WYGAL,28
Harrison,PRECINCT 2,MAGISTRATE,,,KIMBERLY WYGAL,42
Harrison,PRECINCT 4,MAGISTRATE,,,KIMBERLY WYGAL,306
Harrison,PRECINCT 6,MAGISTRATE,,,KIMBERLY WYGAL,251
Harrison,PRECINCT 9,MAGISTRATE,,,KIMBERLY WYGAL,127
Harrison,PRECINCT 10,MAGISTRATE,,,KIMBERLY WYGAL,117
Harrison,PRECINCT 14,MAGISTRATE,,,KIMBERLY WYGAL,399
Harrison,PRECINCT 28,MAGISTRATE,,,KIMBERLY WYGAL,220
Harrison,PRECINCT 33,MAGISTRATE,,,KIMBERLY WYGAL,351
Harrison,PRECINCT 36A,MAGISTRATE,,,KIMBERLY WYGAL,122
Harrison,PRECINCT 43,MAGISTRATE,,,KIMBERLY WYGAL,79
Harrison,PRECINCT 44,MAGISTRATE,,,KIMBERLY WYGAL,79
Harrison,PRECINCT 45,MAGISTRATE,,,KIMBERLY WYGAL,147
Harrison,PRECINCT 46,MAGISTRATE,,,KIMBERLY WYGAL,133
Harrison,PRECINCT 48,MAGISTRATE,,,KIMBERLY WYGAL,157
Harrison,PRECINCT 50,MAGISTRATE,,,KIMBERLY WYGAL,148
Harrison,PRECINCT 51,MAGISTRATE,,,KIMBERLY WYGAL,79
Harrison,PRECINCT 52,MAGISTRATE,,,KIMBERLY WYGAL,135
Harrison,PRECINCT 53,MAGISTRATE,,,KIMBERLY WYGAL,61
Harrison,PRECINCT 59,MAGISTRATE,,,KIMBERLY WYGAL,124
Harrison,PRECINCT 61,MAGISTRATE,,,KIMBERLY WYGAL,211
Harrison,PRECINCT 63,MAGISTRATE,,,KIMBERLY WYGAL,192
Harrison,PRECINCT 66,MAGISTRATE,,,KIMBERLY WYGAL,96
Harrison,PRECINCT 66A,MAGISTRATE,,,KIMBERLY WYGAL,10
Harrison,PRECINCT 66B,MAGISTRATE,,,KIMBERLY WYGAL,19
Harrison,PRECINCT 68,MAGISTRATE,,,KIMBERLY WYGAL,236
Harrison,PRECINCT 74,MAGISTRATE,,,KIMBERLY WYGAL,277
Harrison,PRECINCT 80,MAGISTRATE,,,KIMBERLY WYGAL,353
Harrison,PRECINCT 87,MAGISTRATE,,,KIMBERLY WYGAL,76
Harrison,PRECINCT 92,MAGISTRATE,,,KIMBERLY WYGAL,122
Harrison,PRECINCT 95,MAGISTRATE,,,KIMBERLY WYGAL,104
Harrison,PRECINCT 96,MAGISTRATE,,,KIMBERLY WYGAL,143
Harrison,PRECINCT 98,MAGISTRATE,,,KIMBERLY WYGAL,81
Harrison,PRECINCT 102,MAGISTRATE,,,KIMBERLY WYGAL,392
Harrison,PRECINCT 103,MAGISTRATE,,,KIMBERLY WYGAL,89
Harrison,PRECINCT 104,MAGISTRATE,,,KIMBERLY WYGAL,102
Harrison,PRECINCT 106,MAGISTRATE,,,KIMBERLY WYGAL,128
Harrison,PRECINCT 107,MAGISTRATE,,,KIMBERLY WYGAL,73
Harrison,PRECINCT 108,MAGISTRATE,,,KIMBERLY WYGAL,183
Harrison,PRECINCT 110,MAGISTRATE,,,KIMBERLY WYGAL,176
Harrison,PRECINCT 114,MAGISTRATE,,,KIMBERLY WYGAL,107
Harrison,PRECINCT 114A,MAGISTRATE,,,KIMBERLY WYGAL,29
Harrison,PRECINCT 118,MAGISTRATE,,,KIMBERLY WYGAL,86
Harrison,PRECINCT 120,MAGISTRATE,,,KIMBERLY WYGAL,181
Harrison,PRECINCT 121,MAGISTRATE,,,KIMBERLY WYGAL,64
Harrison,PRECINCT 122,MAGISTRATE,,,KIMBERLY WYGAL,95
Harrison,PRECINCT 123,MAGISTRATE,,,KIMBERLY WYGAL,601
Harrison,PRECINCT 125,MAGISTRATE,,,KIMBERLY WYGAL,292
Harrison,PRECINCT 126,MAGISTRATE,,,KIMBERLY WYGAL,199
Harrison,PRECINCT 128,MAGISTRATE,,,KIMBERLY WYGAL,233
Harrison,PRECINCT 129,MAGISTRATE,,,KIMBERLY WYGAL,413
Harrison,PRECINCT 129B,MAGISTRATE,,,KIMBERLY WYGAL,433
Harrison,PRECINCT 129C,MAGISTRATE,,,KIMBERLY WYGAL,146
Harrison,PRECINCT 130,MAGISTRATE,,,KIMBERLY WYGAL,89
Harrison,PRECINCT 132,MAGISTRATE,,,KIMBERLY WYGAL,69
Harrison,PRECINCT 133,MAGISTRATE,,,KIMBERLY WYGAL,199
Harrison,PRECINCT 134,MAGISTRATE,,,KIMBERLY WYGAL,145
Harrison,PRECINCT 135,MAGISTRATE,,,KIMBERLY WYGAL,52
Harrison,PRECINCT 136,MAGISTRATE,,,KIMBERLY WYGAL,48
Harrison,PRECINCT 137,MAGISTRATE,,,KIMBERLY WYGAL,37
Harrison,PRECINCT 143,MAGISTRATE,,,KIMBERLY WYGAL,323
Harrison,PRECINCT 144,MAGISTRATE,,,KIMBERLY WYGAL,89
Harrison,PRECINCT 144A,MAGISTRATE,,,KIMBERLY WYGAL,109
Harrison,PRECINCT 145,MAGISTRATE,,,KIMBERLY WYGAL,149
Harrison,PRECINCT 1,REP FOR COUNTY COMMISSIONER,,REP,RON WATSON,128
Harrison,PRECINCT 1A,REP FOR COUNTY COMMISSIONER,,REP,RON WATSON,9
Harrison,PRECINCT 2,REP FOR COUNTY COMMISSIONER,,REP,RON WATSON,15
Harrison,PRECINCT 4,REP FOR COUNTY COMMISSIONER,,REP,RON WATSON,104
Harrison,PRECINCT 6,REP FOR COUNTY COMMISSIONER,,REP,RON WATSON,86
Harrison,PRECINCT 9,REP FOR COUNTY COMMISSIONER,,REP,RON WATSON,43
Harrison,PRECINCT 10,REP FOR COUNTY COMMISSIONER,,REP,RON WATSON,58
Harrison,PRECINCT 14,REP FOR COUNTY COMMISSIONER,,REP,RON WATSON,114
Harrison,PRECINCT 28,REP FOR COUNTY COMMISSIONER,,REP,RON WATSON,77
Harrison,PRECINCT 33,REP FOR COUNTY COMMISSIONER,,REP,RON WATSON,116
Harrison,PRECINCT 36A,REP FOR COUNTY COMMISSIONER,,REP,RON WATSON,39
Harrison,PRECINCT 43,REP FOR COUNTY COMMISSIONER,,REP,RON WATSON,31
Harrison,PRECINCT 44,REP FOR COUNTY COMMISSIONER,,REP,RON WATSON,22
Harrison,PRECINCT 45,REP FOR COUNTY COMMISSIONER,,REP,RON WATSON,67
Harrison,PRECINCT 46,REP FOR COUNTY COMMISSIONER,,REP,RON WATSON,34
Harrison,PRECINCT 48,REP FOR COUNTY COMMISSIONER,,REP,RON WATSON,58
Harrison,PRECINCT 50,REP FOR COUNTY COMMISSIONER,,REP,RON WATSON,33
Harrison,PRECINCT 51,REP FOR COUNTY COMMISSIONER,,REP,RON WATSON,13
Harrison,PRECINCT 52,REP FOR COUNTY COMMISSIONER,,REP,RON WATSON,31
Harrison,PRECINCT 53,REP FOR COUNTY COMMISSIONER,,REP,RON WATSON,13
Harrison,PRECINCT 59,REP FOR COUNTY COMMISSIONER,,REP,RON WATSON,35
Harrison,PRECINCT 61,REP FOR COUNTY COMMISSIONER,,REP,RON WATSON,85
Harrison,PRECINCT 63,REP FOR COUNTY COMMISSIONER,,REP,RON WATSON,61
Harrison,PRECINCT 66,REP FOR COUNTY COMMISSIONER,,REP,RON WATSON,33
Harrison,PRECINCT 66A,REP FOR COUNTY COMMISSIONER,,REP,RON WATSON,0
Harrison,PRECINCT 66B,REP FOR COUNTY COMMISSIONER,,REP,RON WATSON,1
Harrison,PRECINCT 68,REP FOR COUNTY COMMISSIONER,,REP,RON WATSON,57
Harrison,PRECINCT 74,REP FOR COUNTY COMMISSIONER,,REP,RON WATSON,107
Harrison,PRECINCT 80,REP FOR COUNTY COMMISSIONER,,REP,RON WATSON,93
Harrison,PRECINCT 87,REP FOR COUNTY COMMISSIONER,,REP,RON WATSON,25
Harrison,PRECINCT 92,REP FOR COUNTY COMMISSIONER,,REP,RON WATSON,52
Harrison,PRECINCT 95,REP FOR COUNTY COMMISSIONER,,REP,RON WATSON,37
Harrison,PRECINCT 96,REP FOR COUNTY COMMISSIONER,,REP,RON WATSON,43
Harrison,PRECINCT 98,REP FOR COUNTY COMMISSIONER,,REP,RON WATSON,23
Harrison,PRECINCT 102,REP FOR COUNTY COMMISSIONER,,REP,RON WATSON,193
Harrison,PRECINCT 103,REP FOR COUNTY COMMISSIONER,,REP,RON WATSON,39
Harrison,PRECINCT 104,REP FOR COUNTY COMMISSIONER,,REP,RON WATSON,42
Harrison,PRECINCT 106,REP FOR COUNTY COMMISSIONER,,REP,RON WATSON,44
Harrison,PRECINCT 107,REP FOR COUNTY COMMISSIONER,,REP,RON WATSON,28
Harrison,PRECINCT 108,REP FOR COUNTY COMMISSIONER,,REP,RON WATSON,102
Harrison,PRECINCT 110,REP FOR COUNTY COMMISSIONER,,REP,RON WATSON,88
Harrison,PRECINCT 114,REP FOR COUNTY COMMISSIONER,,REP,RON WATSON,44
Harrison,PRECINCT 114A,REP FOR COUNTY COMMISSIONER,,REP,RON WATSON,14
Harrison,PRECINCT 118,REP FOR COUNTY COMMISSIONER,,REP,RON WATSON,34
Harrison,PRECINCT 120,REP FOR COUNTY COMMISSIONER,,REP,RON WATSON,86
Harrison,PRECINCT 121,REP FOR COUNTY COMMISSIONER,,REP,RON WATSON,26
Harrison,PRECINCT 122,REP FOR COUNTY COMMISSIONER,,REP,RON WATSON,46
Harrison,PRECINCT 123,REP FOR COUNTY COMMISSIONER,,REP,RON WATSON,194
Harrison,PRECINCT 125,REP FOR COUNTY COMMISSIONER,,REP,RON WATSON,105
Harrison,PRECINCT 126,REP FOR COUNTY COMMISSIONER,,REP,RON WATSON,62
Harrison,PRECINCT 128,REP FOR COUNTY COMMISSIONER,,REP,RON WATSON,78
Harrison,PRECINCT 129,REP FOR COUNTY COMMISSIONER,,REP,RON WATSON,151
Harrison,PRECINCT 129B,REP FOR COUNTY COMMISSIONER,,REP,RON WATSON,116
Harrison,PRECINCT 129C,REP FOR COUNTY COMMISSIONER,,REP,RON WATSON,55
Harrison,PRECINCT 130,REP FOR COUNTY COMMISSIONER,,REP,RON WATSON,43
Harrison,PRECINCT 132,REP FOR COUNTY COMMISSIONER,,REP,RON WATSON,24
Harrison,PRECINCT 133,REP FOR COUNTY COMMISSIONER,,REP,RON WATSON,92
Harrison,PRECINCT 134,REP FOR COUNTY COMMISSIONER,,REP,RON WATSON,74
Harrison,PRECINCT 135,REP FOR COUNTY COMMISSIONER,,REP,RON WATSON,31
Harrison,PRECINCT 136,REP FOR COUNTY COMMISSIONER,,REP,RON WATSON,19
Harrison,PRECINCT 137,REP FOR COUNTY COMMISSIONER,,REP,RON WATSON,12
Harrison,PRECINCT 143,REP FOR COUNTY COMMISSIONER,,REP,RON WATSON,162
Harrison,PRECINCT 144,REP FOR COUNTY COMMISSIONER,,REP,RON WATSON,49
Harrison,PRECINCT 144A,REP FOR COUNTY COMMISSIONER,,REP,RON WATSON,57
Harrison,PRECINCT 145,REP FOR COUNTY COMMISSIONER,,REP,RON WATSON,76
Harrison,PRECINCT 1,REP FOR COUNTY COMMISSIONER,,REP,PATSY TRECOST II,126
Harrison,PRECINCT 1A,REP FOR COUNTY COMMISSIONER,,REP,PATSY TRECOST II,10
Harrison,PRECINCT 2,REP FOR COUNTY COMMISSIONER,,REP,PATSY TRECOST II,15
Harrison,PRECINCT 4,REP FOR COUNTY COMMISSIONER,,REP,PATSY TRECOST II,111
Harrison,PRECINCT 6,REP FOR COUNTY COMMISSIONER,,REP,PATSY TRECOST II,69
Harrison,PRECINCT 9,REP FOR COUNTY COMMISSIONER,,REP,PATSY TRECOST II,36
Harrison,PRECINCT 10,REP FOR COUNTY COMMISSIONER,,REP,PATSY TRECOST II,34
Harrison,PRECINCT 14,REP FOR COUNTY COMMISSIONER,,REP,PATSY TRECOST II,121
Harrison,PRECINCT 28,REP FOR COUNTY COMMISSIONER,,REP,PATSY TRECOST II,66
Harrison,PRECINCT 33,REP FOR COUNTY COMMISSIONER,,REP,PATSY TRECOST II,97
Harrison,PRECINCT 36A,REP FOR COUNTY COMMISSIONER,,REP,PATSY TRECOST II,39
Harrison,PRECINCT 43,REP FOR COUNTY COMMISSIONER,,REP,PATSY TRECOST II,44
Harrison,PRECINCT 44,REP FOR COUNTY COMMISSIONER,,REP,PATSY TRECOST II,37
Harrison,PRECINCT 45,REP FOR COUNTY COMMISSIONER,,REP,PATSY TRECOST II,65
Harrison,PRECINCT 46,REP FOR COUNTY COMMISSIONER,,REP,PATSY TRECOST II,72
Harrison,PRECINCT 48,REP FOR COUNTY COMMISSIONER,,REP,PATSY TRECOST II,69
Harrison,PRECINCT 50,REP FOR COUNTY COMMISSIONER,,REP,PATSY TRECOST II,84
Harrison,PRECINCT 51,REP FOR COUNTY COMMISSIONER,,REP,PATSY TRECOST II,36
Harrison,PRECINCT 52,REP FOR COUNTY COMMISSIONER,,REP,PATSY TRECOST II,71
Harrison,PRECINCT 53,REP FOR COUNTY COMMISSIONER,,REP,PATSY TRECOST II,35
Harrison,PRECINCT 59,REP FOR COUNTY COMMISSIONER,,REP,PATSY TRECOST II,40
Harrison,PRECINCT 61,REP FOR COUNTY COMMISSIONER,,REP,PATSY TRECOST II,76
Harrison,PRECINCT 63,REP FOR COUNTY COMMISSIONER,,REP,PATSY TRECOST II,72
Harrison,PRECINCT 66,REP FOR COUNTY COMMISSIONER,,REP,PATSY TRECOST II,28
Harrison,PRECINCT 66A,REP FOR COUNTY COMMISSIONER,,REP,PATSY TRECOST II,0
Harrison,PRECINCT 66B,REP FOR COUNTY COMMISSIONER,,REP,PATSY TRECOST II,10
Harrison,PRECINCT 68,REP FOR COUNTY COMMISSIONER,,REP,PATSY TRECOST II,65
Harrison,PRECINCT 74,REP FOR COUNTY COMMISSIONER,,REP,PATSY TRECOST II,74
Harrison,PRECINCT 80,REP FOR COUNTY COMMISSIONER,,REP,PATSY TRECOST II,112
Harrison,PRECINCT 87,REP FOR COUNTY COMMISSIONER,,REP,PATSY TRECOST II,34
Harrison,PRECINCT 92,REP FOR COUNTY COMMISSIONER,,REP,PATSY TRECOST II,51
Harrison,PRECINCT 95,REP FOR COUNTY COMMISSIONER,,REP,PATSY TRECOST II,40
Harrison,PRECINCT 96,REP FOR COUNTY COMMISSIONER,,REP,PATSY TRECOST II,55
Harrison,PRECINCT 98,REP FOR COUNTY COMMISSIONER,,REP,PATSY TRECOST II,51
Harrison,PRECINCT 102,REP FOR COUNTY COMMISSIONER,,REP,PATSY TRECOST II,157
Harrison,PRECINCT 103,REP FOR COUNTY COMMISSIONER,,REP,PATSY TRECOST II,49
Harrison,PRECINCT 104,REP FOR COUNTY COMMISSIONER,,REP,PATSY TRECOST II,47
Harrison,PRECINCT 106,REP FOR COUNTY COMMISSIONER,,REP,PATSY TRECOST II,45
Harrison,PRECINCT 107,REP FOR COUNTY COMMISSIONER,,REP,PATSY TRECOST II,27
Harrison,PRECINCT 108,REP FOR COUNTY COMMISSIONER,,REP,PATSY TRECOST II,69
Harrison,PRECINCT 110,REP FOR COUNTY COMMISSIONER,,REP,PATSY TRECOST II,54
Harrison,PRECINCT 114,REP FOR COUNTY COMMISSIONER,,REP,PATSY TRECOST II,33
Harrison,PRECINCT 114A,REP FOR COUNTY COMMISSIONER,,REP,PATSY TRECOST II,13
Harrison,PRECINCT 118,REP FOR COUNTY COMMISSIONER,,REP,PATSY TRECOST II,46
Harrison,PRECINCT 120,REP FOR COUNTY COMMISSIONER,,REP,PATSY TRECOST II,90
Harrison,PRECINCT 121,REP FOR COUNTY COMMISSIONER,,REP,PATSY TRECOST II,23
Harrison,PRECINCT 122,REP FOR COUNTY COMMISSIONER,,REP,PATSY TRECOST II,43
Harrison,PRECINCT 123,REP FOR COUNTY COMMISSIONER,,REP,PATSY TRECOST II,285
Harrison,PRECINCT 125,REP FOR COUNTY COMMISSIONER,,REP,PATSY TRECOST II,118
Harrison,PRECINCT 126,REP FOR COUNTY COMMISSIONER,,REP,PATSY TRECOST II,83
Harrison,PRECINCT 128,REP FOR COUNTY COMMISSIONER,,REP,PATSY TRECOST II,104
Harrison,PRECINCT 129,REP FOR COUNTY COMMISSIONER,,REP,PATSY TRECOST II,200
Harrison,PRECINCT 129B,REP FOR COUNTY COMMISSIONER,,REP,PATSY TRECOST II,193
Harrison,PRECINCT 129C,REP FOR COUNTY COMMISSIONER,,REP,PATSY TRECOST II,65
Harrison,PRECINCT 130,REP FOR COUNTY COMMISSIONER,,REP,PATSY TRECOST II,35
Harrison,PRECINCT 132,REP FOR COUNTY COMMISSIONER,,REP,PATSY TRECOST II,24
Harrison,PRECINCT 133,REP FOR COUNTY COMMISSIONER,,REP,PATSY TRECOST II,88
Harrison,PRECINCT 134,REP FOR COUNTY COMMISSIONER,,REP,PATSY TRECOST II,65
Harrison,PRECINCT 135,REP FOR COUNTY COMMISSIONER,,REP,PATSY TRECOST II,24
Harrison,PRECINCT 136,REP FOR COUNTY COMMISSIONER,,REP,PATSY TRECOST II,26
Harrison,PRECINCT 137,REP FOR COUNTY COMMISSIONER,,REP,PATSY TRECOST II,17
Harrison,PRECINCT 143,REP FOR COUNTY COMMISSIONER,,REP,PATSY TRECOST II,115
Harrison,PRECINCT 144,REP FOR COUNTY COMMISSIONER,,REP,PATSY TRECOST II,25
Harrison,PRECINCT 144A,REP FOR COUNTY COMMISSIONER,,REP,PATSY TRECOST II,46
Harrison,PRECINCT 145,REP FOR COUNTY COMMISSIONER,,REP,PATSY TRECOST II,63
Harrison,PRECINCT 1,DEM FOR COUNTY COMMISSIONER,,DEM,NO CANDIDATE FILED,0
Harrison,PRECINCT 1A,DEM FOR COUNTY COMMISSIONER,,DEM,NO CANDIDATE FILED,0
Harrison,PRECINCT 2,DEM FOR COUNTY COMMISSIONER,,DEM,NO CANDIDATE FILED,0
Harrison,PRECINCT 4,DEM FOR COUNTY COMMISSIONER,,DEM,NO CANDIDATE FILED,0
Harrison,PRECINCT 6,DEM FOR COUNTY COMMISSIONER,,DEM,NO CANDIDATE FILED,0
Harrison,PRECINCT 9,DEM FOR COUNTY COMMISSIONER,,DEM,NO CANDIDATE FILED,0
Harrison,PRECINCT 10,DEM FOR COUNTY COMMISSIONER,,DEM,NO CANDIDATE FILED,0
Harrison,PRECINCT 14,DEM FOR COUNTY COMMISSIONER,,DEM,NO CANDIDATE FILED,0
Harrison,PRECINCT 28,DEM FOR COUNTY COMMISSIONER,,DEM,NO CANDIDATE FILED,0
Harrison,PRECINCT 33,DEM FOR COUNTY COMMISSIONER,,DEM,NO CANDIDATE FILED,0
Harrison,PRECINCT 36A,DEM FOR COUNTY COMMISSIONER,,DEM,NO CANDIDATE FILED,0
Harrison,PRECINCT 43,DEM FOR COUNTY COMMISSIONER,,DEM,NO CANDIDATE FILED,0
Harrison,PRECINCT 44,DEM FOR COUNTY COMMISSIONER,,DEM,NO CANDIDATE FILED,0
Harrison,PRECINCT 45,DEM FOR COUNTY COMMISSIONER,,DEM,NO CANDIDATE FILED,0
Harrison,PRECINCT 46,DEM FOR COUNTY COMMISSIONER,,DEM,NO CANDIDATE FILED,0
Harrison,PRECINCT 48,DEM FOR COUNTY COMMISSIONER,,DEM,NO CANDIDATE FILED,0
Harrison,PRECINCT 50,DEM FOR COUNTY COMMISSIONER,,DEM,NO CANDIDATE FILED,0
Harrison,PRECINCT 51,DEM FOR COUNTY COMMISSIONER,,DEM,NO CANDIDATE FILED,0
Harrison,PRECINCT 52,DEM FOR COUNTY COMMISSIONER,,DEM,NO CANDIDATE FILED,0
Harrison,PRECINCT 53,DEM FOR COUNTY COMMISSIONER,,DEM,NO CANDIDATE FILED,0
Harrison,PRECINCT 59,DEM FOR COUNTY COMMISSIONER,,DEM,NO CANDIDATE FILED,0
Harrison,PRECINCT 61,DEM FOR COUNTY COMMISSIONER,,DEM,NO CANDIDATE FILED,0
Harrison,PRECINCT 63,DEM FOR COUNTY COMMISSIONER,,DEM,NO CANDIDATE FILED,0
Harrison,PRECINCT 66,DEM FOR COUNTY COMMISSIONER,,DEM,NO CANDIDATE FILED,0
Harrison,PRECINCT 66A,DEM FOR COUNTY COMMISSIONER,,DEM,NO CANDIDATE FILED,0
Harrison,PRECINCT 66B,DEM FOR COUNTY COMMISSIONER,,DEM,NO CANDIDATE FILED,0
Harrison,PRECINCT 68,DEM FOR COUNTY COMMISSIONER,,DEM,NO CANDIDATE FILED,0
Harrison,PRECINCT 74,DEM FOR COUNTY COMMISSIONER,,DEM,NO CANDIDATE FILED,0
Harrison,PRECINCT 80,DEM FOR COUNTY COMMISSIONER,,DEM,NO CANDIDATE FILED,0
Harrison,PRECINCT 87,DEM FOR COUNTY COMMISSIONER,,DEM,NO CANDIDATE FILED,0
Harrison,PRECINCT 92,DEM FOR COUNTY COMMISSIONER,,DEM,NO CANDIDATE FILED,0
Harrison,PRECINCT 95,DEM FOR COUNTY COMMISSIONER,,DEM,NO CANDIDATE FILED,0
Harrison,PRECINCT 96,DEM FOR COUNTY COMMISSIONER,,DEM,NO CANDIDATE FILED,0
Harrison,PRECINCT 98,DEM FOR COUNTY COMMISSIONER,,DEM,NO CANDIDATE FILED,0
Harrison,PRECINCT 102,DEM FOR COUNTY COMMISSIONER,,DEM,NO CANDIDATE FILED,0
Harrison,PRECINCT 103,DEM FOR COUNTY COMMISSIONER,,DEM,NO CANDIDATE FILED,0
Harrison,PRECINCT 104,DEM FOR COUNTY COMMISSIONER,,DEM,NO CANDIDATE FILED,0
Harrison,PRECINCT 106,DEM FOR COUNTY COMMISSIONER,,DEM,NO CANDIDATE FILED,0
Harrison,PRECINCT 107,DEM FOR COUNTY COMMISSIONER,,DEM,NO CANDIDATE FILED,0
Harrison,PRECINCT 108,DEM FOR COUNTY COMMISSIONER,,DEM,NO CANDIDATE FILED,0
Harrison,PRECINCT 110,DEM FOR COUNTY COMMISSIONER,,DEM,NO CANDIDATE FILED,0
Harrison,PRECINCT 114,DEM FOR COUNTY COMMISSIONER,,DEM,NO CANDIDATE FILED,0
Harrison,PRECINCT 114A,DEM FOR COUNTY COMMISSIONER,,DEM,NO CANDIDATE FILED,0
Harrison,PRECINCT 118,DEM FOR COUNTY COMMISSIONER,,DEM,NO CANDIDATE FILED,0
Harrison,PRECINCT 120,DEM FOR COUNTY COMMISSIONER,,DEM,NO CANDIDATE FILED,0
Harrison,PRECINCT 121,DEM FOR COUNTY COMMISSIONER,,DEM,NO CANDIDATE FILED,0
Harrison,PRECINCT 122,DEM FOR COUNTY COMMISSIONER,,DEM,NO CANDIDATE FILED,0
Harrison,PRECINCT 123,DEM FOR COUNTY COMMISSIONER,,DEM,NO CANDIDATE FILED,0
Harrison,PRECINCT 125,DEM FOR COUNTY COMMISSIONER,,DEM,NO CANDIDATE FILED,0
Harrison,PRECINCT 126,DEM FOR COUNTY COMMISSIONER,,DEM,NO CANDIDATE FILED,0
Harrison,PRECINCT 128,DEM FOR COUNTY COMMISSIONER,,DEM,NO CANDIDATE FILED,0
Harrison,PRECINCT 129,DEM FOR COUNTY COMMISSIONER,,DEM,NO CANDIDATE FILED,0
Harrison,PRECINCT 129B,DEM FOR COUNTY COMMISSIONER,,DEM,NO CANDIDATE FILED,0
Harrison,PRECINCT 129C,DEM FOR COUNTY COMMISSIONER,,DEM,NO CANDIDATE FILED,0
Harrison,PRECINCT 130,DEM FOR COUNTY COMMISSIONER,,DEM,NO CANDIDATE FILED,0
Harrison,PRECINCT 132,DEM FOR COUNTY COMMISSIONER,,DEM,NO CANDIDATE FILED,0
Harrison,PRECINCT 133,DEM FOR COUNTY COMMISSIONER,,DEM,NO CANDIDATE FILED,0
Harrison,PRECINCT 134,DEM FOR COUNTY COMMISSIONER,,DEM,NO CANDIDATE FILED,0
Harrison,PRECINCT 135,DEM FOR COUNTY COMMISSIONER,,DEM,NO CANDIDATE FILED,0
Harrison,PRECINCT 136,DEM FOR COUNTY COMMISSIONER,,DEM,NO CANDIDATE FILED,0
Harrison,PRECINCT 137,DEM FOR COUNTY COMMISSIONER,,DEM,NO CANDIDATE FILED,0
Harrison,PRECINCT 143,DEM FOR COUNTY COMMISSIONER,,DEM,NO CANDIDATE FILED,0
Harrison,PRECINCT 144,DEM FOR COUNTY COMMISSIONER,,DEM,NO CANDIDATE FILED,0
Harrison,PRECINCT 144A,DEM FOR COUNTY COMMISSIONER,,DEM,NO CANDIDATE FILED,0
Harrison,PRECINCT 145,DEM FOR COUNTY COMMISSIONER,,DEM,NO CANDIDATE FILED,0
Harrison,PRECINCT 1,MTN FOR COUNTY COMMISSIONER,,MTN,NO CANDIDATE FILED,0
Harrison,PRECINCT 1A,MTN FOR COUNTY COMMISSIONER,,MTN,NO CANDIDATE FILED,0
Harrison,PRECINCT 2,MTN FOR COUNTY COMMISSIONER,,MTN,NO CANDIDATE FILED,0
Harrison,PRECINCT 4,MTN FOR COUNTY COMMISSIONER,,MTN,NO CANDIDATE FILED,0
Harrison,PRECINCT 6,MTN FOR COUNTY COMMISSIONER,,MTN,NO CANDIDATE FILED,0
Harrison,PRECINCT 9,MTN FOR COUNTY COMMISSIONER,,MTN,NO CANDIDATE FILED,0
Harrison,PRECINCT 10,MTN FOR COUNTY COMMISSIONER,,MTN,NO CANDIDATE FILED,0
Harrison,PRECINCT 14,MTN FOR COUNTY COMMISSIONER,,MTN,NO CANDIDATE FILED,0
Harrison,PRECINCT 28,MTN FOR COUNTY COMMISSIONER,,MTN,NO CANDIDATE FILED,0
Harrison,PRECINCT 33,MTN FOR COUNTY COMMISSIONER,,MTN,NO CANDIDATE FILED,0
Harrison,PRECINCT 36A,MTN FOR COUNTY COMMISSIONER,,MTN,NO CANDIDATE FILED,0
Harrison,PRECINCT 43,MTN FOR COUNTY COMMISSIONER,,MTN,NO CANDIDATE FILED,0
Harrison,PRECINCT 44,MTN FOR COUNTY COMMISSIONER,,MTN,NO CANDIDATE FILED,0
Harrison,PRECINCT 45,MTN FOR COUNTY COMMISSIONER,,MTN,NO CANDIDATE FILED,0
Harrison,PRECINCT 46,MTN FOR COUNTY COMMISSIONER,,MTN,NO CANDIDATE FILED,0
Harrison,PRECINCT 48,MTN FOR COUNTY COMMISSIONER,,MTN,NO CANDIDATE FILED,0
Harrison,PRECINCT 50,MTN FOR COUNTY COMMISSIONER,,MTN,NO CANDIDATE FILED,0
Harrison,PRECINCT 51,MTN FOR COUNTY COMMISSIONER,,MTN,NO CANDIDATE FILED,0
Harrison,PRECINCT 52,MTN FOR COUNTY COMMISSIONER,,MTN,NO CANDIDATE FILED,0
Harrison,PRECINCT 53,MTN FOR COUNTY COMMISSIONER,,MTN,NO CANDIDATE FILED,0
Harrison,PRECINCT 59,MTN FOR COUNTY COMMISSIONER,,MTN,NO CANDIDATE FILED,0
Harrison,PRECINCT 61,MTN FOR COUNTY COMMISSIONER,,MTN,NO CANDIDATE FILED,0
Harrison,PRECINCT 63,MTN FOR COUNTY COMMISSIONER,,MTN,NO CANDIDATE FILED,0
Harrison,PRECINCT 66,MTN FOR COUNTY COMMISSIONER,,MTN,NO CANDIDATE FILED,0
Harrison,PRECINCT 66A,MTN FOR COUNTY COMMISSIONER,,MTN,NO CANDIDATE FILED,0
Harrison,PRECINCT 66B,MTN FOR COUNTY COMMISSIONER,,MTN,NO CANDIDATE FILED,0
Harrison,PRECINCT 68,MTN FOR COUNTY COMMISSIONER,,MTN,NO CANDIDATE FILED,0
Harrison,PRECINCT 74,MTN FOR COUNTY COMMISSIONER,,MTN,NO CANDIDATE FILED,0
Harrison,PRECINCT 80,MTN FOR COUNTY COMMISSIONER,,MTN,NO CANDIDATE FILED,0
Harrison,PRECINCT 87,MTN FOR COUNTY COMMISSIONER,,MTN,NO CANDIDATE FILED,0
Harrison,PRECINCT 92,MTN FOR COUNTY COMMISSIONER,,MTN,NO CANDIDATE FILED,0
Harrison,PRECINCT 95,MTN FOR COUNTY COMMISSIONER,,MTN,NO CANDIDATE FILED,0
Harrison,PRECINCT 96,MTN FOR COUNTY COMMISSIONER,,MTN,NO CANDIDATE FILED,0
Harrison,PRECINCT 98,MTN FOR COUNTY COMMISSIONER,,MTN,NO CANDIDATE FILED,0
Harrison,PRECINCT 102,MTN FOR COUNTY COMMISSIONER,,MTN,NO CANDIDATE FILED,0
Harrison,PRECINCT 103,MTN FOR COUNTY COMMISSIONER,,MTN,NO CANDIDATE FILED,0
Harrison,PRECINCT 104,MTN FOR COUNTY COMMISSIONER,,MTN,NO CANDIDATE FILED,0
Harrison,PRECINCT 106,MTN FOR COUNTY COMMISSIONER,,MTN,NO CANDIDATE FILED,0
Harrison,PRECINCT 107,MTN FOR COUNTY COMMISSIONER,,MTN,NO CANDIDATE FILED,0
Harrison,PRECINCT 108,MTN FOR COUNTY COMMISSIONER,,MTN,NO CANDIDATE FILED,0
Harrison,PRECINCT 110,MTN FOR COUNTY COMMISSIONER,,MTN,NO CANDIDATE FILED,0
Harrison,PRECINCT 114,MTN FOR COUNTY COMMISSIONER,,MTN,NO CANDIDATE FILED,0
Harrison,PRECINCT 114A,MTN FOR COUNTY COMMISSIONER,,MTN,NO CANDIDATE FILED,0
Harrison,PRECINCT 118,MTN FOR COUNTY COMMISSIONER,,MTN,NO CANDIDATE FILED,0
Harrison,PRECINCT 120,MTN FOR COUNTY COMMISSIONER,,MTN,NO CANDIDATE FILED,0
Harrison,PRECINCT 121,MTN FOR COUNTY COMMISSIONER,,MTN,NO CANDIDATE FILED,0
Harrison,PRECINCT 122,MTN FOR COUNTY COMMISSIONER,,MTN,NO CANDIDATE FILED,0
Harrison,PRECINCT 123,MTN FOR COUNTY COMMISSIONER,,MTN,NO CANDIDATE FILED,0
Harrison,PRECINCT 125,MTN FOR COUNTY COMMISSIONER,,MTN,NO CANDIDATE FILED,0
Harrison,PRECINCT 126,MTN FOR COUNTY COMMISSIONER,,MTN,NO CANDIDATE FILED,0
Harrison,PRECINCT 128,MTN FOR COUNTY COMMISSIONER,,MTN,NO CANDIDATE FILED,0
Harrison,PRECINCT 129,MTN FOR COUNTY COMMISSIONER,,MTN,NO CANDIDATE FILED,0
Harrison,PRECINCT 129B,MTN FOR COUNTY COMMISSIONER,,MTN,NO CANDIDATE FILED,0
Harrison,PRECINCT 129C,MTN FOR COUNTY COMMISSIONER,,MTN,NO CANDIDATE FILED,0
Harrison,PRECINCT 130,MTN FOR COUNTY COMMISSIONER,,MTN,NO CANDIDATE FILED,0
Harrison,PRECINCT 132,MTN FOR COUNTY COMMISSIONER,,MTN,NO CANDIDATE FILED,0
Harrison,PRECINCT 133,MTN FOR COUNTY COMMISSIONER,,MTN,NO CANDIDATE FILED,0
Harrison,PRECINCT 134,MTN FOR COUNTY COMMISSIONER,,MTN,NO CANDIDATE FILED,0
Harrison,PRECINCT 135,MTN FOR COUNTY COMMISSIONER,,MTN,NO CANDIDATE FILED,0
Harrison,PRECINCT 136,MTN FOR COUNTY COMMISSIONER,,MTN,NO CANDIDATE FILED,0
Harrison,PRECINCT 137,MTN FOR COUNTY COMMISSIONER,,MTN,NO CANDIDATE FILED,0
Harrison,PRECINCT 143,MTN FOR COUNTY COMMISSIONER,,MTN,NO CANDIDATE FILED,0
Harrison,PRECINCT 144,MTN FOR COUNTY COMMISSIONER,,MTN,NO CANDIDATE FILED,0
Harrison,PRECINCT 144A,MTN FOR COUNTY COMMISSIONER,,MTN,NO CANDIDATE FILED,0
Harrison,PRECINCT 145,MTN FOR COUNTY COMMISSIONER,,MTN,NO CANDIDATE FILED,0
Harrison,PRECINCT 1,REP FOR PROSECUTING ATTORNEY,,REP,RACHEL ROMANO,203
Harrison,PRECINCT 1A,REP FOR PROSECUTING ATTORNEY,,REP,RACHEL ROMANO,15
Harrison,PRECINCT 2,REP FOR PROSECUTING ATTORNEY,,REP,RACHEL ROMANO,28
Harrison,PRECINCT 4,REP FOR PROSECUTING ATTORNEY,,REP,RACHEL ROMANO,188
Harrison,PRECINCT 6,REP FOR PROSECUTING ATTORNEY,,REP,RACHEL ROMANO,134
Harrison,PRECINCT 9,REP FOR PROSECUTING ATTORNEY,,REP,RACHEL ROMANO,71
Harrison,PRECINCT 10,REP FOR PROSECUTING ATTORNEY,,REP,RACHEL ROMANO,89
Harrison,PRECINCT 14,REP FOR PROSECUTING ATTORNEY,,REP,RACHEL ROMANO,207
Harrison,PRECINCT 28,REP FOR PROSECUTING ATTORNEY,,REP,RACHEL ROMANO,124
Harrison,PRECINCT 33,REP FOR PROSECUTING ATTORNEY,,REP,RACHEL ROMANO,183
Harrison,PRECINCT 36A,REP FOR PROSECUTING ATTORNEY,,REP,RACHEL ROMANO,75
Harrison,PRECINCT 43,REP FOR PROSECUTING ATTORNEY,,REP,RACHEL ROMANO,66
Harrison,PRECINCT 44,REP FOR PROSECUTING ATTORNEY,,REP,RACHEL ROMANO,54
Harrison,PRECINCT 45,REP FOR PROSECUTING ATTORNEY,,REP,RACHEL ROMANO,108
Harrison,PRECINCT 46,REP FOR PROSECUTING ATTORNEY,,REP,RACHEL ROMANO,90
Harrison,PRECINCT 48,REP FOR PROSECUTING ATTORNEY,,REP,RACHEL ROMANO,107
Harrison,PRECINCT 50,REP FOR PROSECUTING ATTORNEY,,REP,RACHEL ROMANO,93
Harrison,PRECINCT 51,REP FOR PROSECUTING ATTORNEY,,REP,RACHEL ROMANO,42
Harrison,PRECINCT 52,REP FOR PROSECUTING ATTORNEY,,REP,RACHEL ROMANO,91
Harrison,PRECINCT 53,REP FOR PROSECUTING ATTORNEY,,REP,RACHEL ROMANO,47
Harrison,PRECINCT 59,REP FOR PROSECUTING ATTORNEY,,REP,RACHEL ROMANO,62
Harrison,PRECINCT 61,REP FOR PROSECUTING ATTORNEY,,REP,RACHEL ROMANO,123
Harrison,PRECINCT 63,REP FOR PROSECUTING ATTORNEY,,REP,RACHEL ROMANO,122
Harrison,PRECINCT 66,REP FOR PROSECUTING ATTORNEY,,REP,RACHEL ROMANO,57
Harrison,PRECINCT 66A,REP FOR PROSECUTING ATTORNEY,,REP,RACHEL ROMANO,0
Harrison,PRECINCT 66B,REP FOR PROSECUTING ATTORNEY,,REP,RACHEL ROMANO,11
Harrison,PRECINCT 68,REP FOR PROSECUTING ATTORNEY,,REP,RACHEL ROMANO,101
Harrison,PRECINCT 74,REP FOR PROSECUTING ATTORNEY,,REP,RACHEL ROMANO,165
Harrison,PRECINCT 80,REP FOR PROSECUTING ATTORNEY,,REP,RACHEL ROMANO,188
Harrison,PRECINCT 87,REP FOR PROSECUTING ATTORNEY,,REP,RACHEL ROMANO,52
Harrison,PRECINCT 92,REP FOR PROSECUTING ATTORNEY,,REP,RACHEL ROMANO,94
Harrison,PRECINCT 95,REP FOR PROSECUTING ATTORNEY,,REP,RACHEL ROMANO,63
Harrison,PRECINCT 96,REP FOR PROSECUTING ATTORNEY,,REP,RACHEL ROMANO,87
Harrison,PRECINCT 98,REP FOR PROSECUTING ATTORNEY,,REP,RACHEL ROMANO,69
Harrison,PRECINCT 102,REP FOR PROSECUTING ATTORNEY,,REP,RACHEL ROMANO,282
Harrison,PRECINCT 103,REP FOR PROSECUTING ATTORNEY,,REP,RACHEL ROMANO,69
Harrison,PRECINCT 104,REP FOR PROSECUTING ATTORNEY,,REP,RACHEL ROMANO,79
Harrison,PRECINCT 106,REP FOR PROSECUTING ATTORNEY,,REP,RACHEL ROMANO,74
Harrison,PRECINCT 107,REP FOR PROSECUTING ATTORNEY,,REP,RACHEL ROMANO,49
Harrison,PRECINCT 108,REP FOR PROSECUTING ATTORNEY,,REP,RACHEL ROMANO,140
Harrison,PRECINCT 110,REP FOR PROSECUTING ATTORNEY,,REP,RACHEL ROMANO,122
Harrison,PRECINCT 114,REP FOR PROSECUTING ATTORNEY,,REP,RACHEL ROMANO,67
Harrison,PRECINCT 114A,REP FOR PROSECUTING ATTORNEY,,REP,RACHEL ROMANO,22
Harrison,PRECINCT 118,REP FOR PROSECUTING ATTORNEY,,REP,RACHEL ROMANO,70
Harrison,PRECINCT 120,REP FOR PROSECUTING ATTORNEY,,REP,RACHEL ROMANO,149
Harrison,PRECINCT 121,REP FOR PROSECUTING ATTORNEY,,REP,RACHEL ROMANO,35
Harrison,PRECINCT 122,REP FOR PROSECUTING ATTORNEY,,REP,RACHEL ROMANO,83
Harrison,PRECINCT 123,REP FOR PROSECUTING ATTORNEY,,REP,RACHEL ROMANO,414
Harrison,PRECINCT 125,REP FOR PROSECUTING ATTORNEY,,REP,RACHEL ROMANO,190
Harrison,PRECINCT 126,REP FOR PROSECUTING ATTORNEY,,REP,RACHEL ROMANO,129
Harrison,PRECINCT 128,REP FOR PROSECUTING ATTORNEY,,REP,RACHEL ROMANO,158
Harrison,PRECINCT 129,REP FOR PROSECUTING ATTORNEY,,REP,RACHEL ROMANO,287
Harrison,PRECINCT 129B,REP FOR PROSECUTING ATTORNEY,,REP,RACHEL ROMANO,276
Harrison,PRECINCT 129C,REP FOR PROSECUTING ATTORNEY,,REP,RACHEL ROMANO,104
Harrison,PRECINCT 130,REP FOR PROSECUTING ATTORNEY,,REP,RACHEL ROMANO,66
Harrison,PRECINCT 132,REP FOR PROSECUTING ATTORNEY,,REP,RACHEL ROMANO,41
Harrison,PRECINCT 133,REP FOR PROSECUTING ATTORNEY,,REP,RACHEL ROMANO,139
Harrison,PRECINCT 134,REP FOR PROSECUTING ATTORNEY,,REP,RACHEL ROMANO,109
Harrison,PRECINCT 135,REP FOR PROSECUTING ATTORNEY,,REP,RACHEL ROMANO,52
Harrison,PRECINCT 136,REP FOR PROSECUTING ATTORNEY,,REP,RACHEL ROMANO,39
Harrison,PRECINCT 137,REP FOR PROSECUTING ATTORNEY,,REP,RACHEL ROMANO,29
Harrison,PRECINCT 143,REP FOR PROSECUTING ATTORNEY,,REP,RACHEL ROMANO,236
Harrison,PRECINCT 144,REP FOR PROSECUTING ATTORNEY,,REP,RACHEL ROMANO,60
Harrison,PRECINCT 144A,REP FOR PROSECUTING ATTORNEY,,REP,RACHEL ROMANO,76
Harrison,PRECINCT 145,REP FOR PROSECUTING ATTORNEY,,REP,RACHEL ROMANO,101
Harrison,PRECINCT 1,DEM FOR PROSECUTING ATTORNEY,,DEM,NO CANDIDATE FILED,0
Harrison,PRECINCT 1A,DEM FOR PROSECUTING ATTORNEY,,DEM,NO CANDIDATE FILED,0
Harrison,PRECINCT 2,DEM FOR PROSECUTING ATTORNEY,,DEM,NO CANDIDATE FILED,0
Harrison,PRECINCT 4,DEM FOR PROSECUTING ATTORNEY,,DEM,NO CANDIDATE FILED,0
Harrison,PRECINCT 6,DEM FOR PROSECUTING ATTORNEY,,DEM,NO CANDIDATE FILED,0
Harrison,PRECINCT 9,DEM FOR PROSECUTING ATTORNEY,,DEM,NO CANDIDATE FILED,0
Harrison,PRECINCT 10,DEM FOR PROSECUTING ATTORNEY,,DEM,NO CANDIDATE FILED,0
Harrison,PRECINCT 14,DEM FOR PROSECUTING ATTORNEY,,DEM,NO CANDIDATE FILED,0
Harrison,PRECINCT 28,DEM FOR PROSECUTING ATTORNEY,,DEM,NO CANDIDATE FILED,0
Harrison,PRECINCT 33,DEM FOR PROSECUTING ATTORNEY,,DEM,NO CANDIDATE FILED,0
Harrison,PRECINCT 36A,DEM FOR PROSECUTING ATTORNEY,,DEM,NO CANDIDATE FILED,0
Harrison,PRECINCT 43,DEM FOR PROSECUTING ATTORNEY,,DEM,NO CANDIDATE FILED,0
Harrison,PRECINCT 44,DEM FOR PROSECUTING ATTORNEY,,DEM,NO CANDIDATE FILED,0
Harrison,PRECINCT 45,DEM FOR PROSECUTING ATTORNEY,,DEM,NO CANDIDATE FILED,0
Harrison,PRECINCT 46,DEM FOR PROSECUTING ATTORNEY,,DEM,NO CANDIDATE FILED,0
Harrison,PRECINCT 48,DEM FOR PROSECUTING ATTORNEY,,DEM,NO CANDIDATE FILED,0
Harrison,PRECINCT 50,DEM FOR PROSECUTING ATTORNEY,,DEM,NO CANDIDATE FILED,0
Harrison,PRECINCT 51,DEM FOR PROSECUTING ATTORNEY,,DEM,NO CANDIDATE FILED,0
Harrison,PRECINCT 52,DEM FOR PROSECUTING ATTORNEY,,DEM,NO CANDIDATE FILED,0
Harrison,PRECINCT 53,DEM FOR PROSECUTING ATTORNEY,,DEM,NO CANDIDATE FILED,0
Harrison,PRECINCT 59,DEM FOR PROSECUTING ATTORNEY,,DEM,NO CANDIDATE FILED,0
Harrison,PRECINCT 61,DEM FOR PROSECUTING ATTORNEY,,DEM,NO CANDIDATE FILED,0
Harrison,PRECINCT 63,DEM FOR PROSECUTING ATTORNEY,,DEM,NO CANDIDATE FILED,0
Harrison,PRECINCT 66,DEM FOR PROSECUTING ATTORNEY,,DEM,NO CANDIDATE FILED,0
Harrison,PRECINCT 66A,DEM FOR PROSECUTING ATTORNEY,,DEM,NO CANDIDATE FILED,0
Harrison,PRECINCT 66B,DEM FOR PROSECUTING ATTORNEY,,DEM,NO CANDIDATE FILED,0
Harrison,PRECINCT 68,DEM FOR PROSECUTING ATTORNEY,,DEM,NO CANDIDATE FILED,0
Harrison,PRECINCT 74,DEM FOR PROSECUTING ATTORNEY,,DEM,NO CANDIDATE FILED,0
Harrison,PRECINCT 80,DEM FOR PROSECUTING ATTORNEY,,DEM,NO CANDIDATE FILED,0
Harrison,PRECINCT 87,DEM FOR PROSECUTING ATTORNEY,,DEM,NO CANDIDATE FILED,0
Harrison,PRECINCT 92,DEM FOR PROSECUTING ATTORNEY,,DEM,NO CANDIDATE FILED,0
Harrison,PRECINCT 95,DEM FOR PROSECUTING ATTORNEY,,DEM,NO CANDIDATE FILED,0
Harrison,PRECINCT 96,DEM FOR PROSECUTING ATTORNEY,,DEM,NO CANDIDATE FILED,0
Harrison,PRECINCT 98,DEM FOR PROSECUTING ATTORNEY,,DEM,NO CANDIDATE FILED,0
Harrison,PRECINCT 102,DEM FOR PROSECUTING ATTORNEY,,DEM,NO CANDIDATE FILED,0
Harrison,PRECINCT 103,DEM FOR PROSECUTING ATTORNEY,,DEM,NO CANDIDATE FILED,0
Harrison,PRECINCT 104,DEM FOR PROSECUTING ATTORNEY,,DEM,NO CANDIDATE FILED,0
Harrison,PRECINCT 106,DEM FOR PROSECUTING ATTORNEY,,DEM,NO CANDIDATE FILED,0
Harrison,PRECINCT 107,DEM FOR PROSECUTING ATTORNEY,,DEM,NO CANDIDATE FILED,0
Harrison,PRECINCT 108,DEM FOR PROSECUTING ATTORNEY,,DEM,NO CANDIDATE FILED,0
Harrison,PRECINCT 110,DEM FOR PROSECUTING ATTORNEY,,DEM,NO CANDIDATE FILED,0
Harrison,PRECINCT 114,DEM FOR PROSECUTING ATTORNEY,,DEM,NO CANDIDATE FILED,0
Harrison,PRECINCT 114A,DEM FOR PROSECUTING ATTORNEY,,DEM,NO CANDIDATE FILED,0
Harrison,PRECINCT 118,DEM FOR PROSECUTING ATTORNEY,,DEM,NO CANDIDATE FILED,0
Harrison,PRECINCT 120,DEM FOR PROSECUTING ATTORNEY,,DEM,NO CANDIDATE FILED,0
Harrison,PRECINCT 121,DEM FOR PROSECUTING ATTORNEY,,DEM,NO CANDIDATE FILED,0
Harrison,PRECINCT 122,DEM FOR PROSECUTING ATTORNEY,,DEM,NO CANDIDATE FILED,0
Harrison,PRECINCT 123,DEM FOR PROSECUTING ATTORNEY,,DEM,NO CANDIDATE FILED,0
Harrison,PRECINCT 125,DEM FOR PROSECUTING ATTORNEY,,DEM,NO CANDIDATE FILED,0
Harrison,PRECINCT 126,DEM FOR PROSECUTING ATTORNEY,,DEM,NO CANDIDATE FILED,0
Harrison,PRECINCT 128,DEM FOR PROSECUTING ATTORNEY,,DEM,NO CANDIDATE FILED,0
Harrison,PRECINCT 129,DEM FOR PROSECUTING ATTORNEY,,DEM,NO CANDIDATE FILED,0
Harrison,PRECINCT 129B,DEM FOR PROSECUTING ATTORNEY,,DEM,NO CANDIDATE FILED,0
Harrison,PRECINCT 129C,DEM FOR PROSECUTING ATTORNEY,,DEM,NO CANDIDATE FILED,0
Harrison,PRECINCT 130,DEM FOR PROSECUTING ATTORNEY,,DEM,NO CANDIDATE FILED,0
Harrison,PRECINCT 132,DEM FOR PROSECUTING ATTORNEY,,DEM,NO CANDIDATE FILED,0
Harrison,PRECINCT 133,DEM FOR PROSECUTING ATTORNEY,,DEM,NO CANDIDATE FILED,0
Harrison,PRECINCT 134,DEM FOR PROSECUTING ATTORNEY,,DEM,NO CANDIDATE FILED,0
Harrison,PRECINCT 135,DEM FOR PROSECUTING ATTORNEY,,DEM,NO CANDIDATE FILED,0
Harrison,PRECINCT 136,DEM FOR PROSECUTING ATTORNEY,,DEM,NO CANDIDATE FILED,0
Harrison,PRECINCT 137,DEM FOR PROSECUTING ATTORNEY,,DEM,NO CANDIDATE FILED,0
Harrison,PRECINCT 143,DEM FOR PROSECUTING ATTORNEY,,DEM,NO CANDIDATE FILED,0
Harrison,PRECINCT 144,DEM FOR PROSECUTING ATTORNEY,,DEM,NO CANDIDATE FILED,0
Harrison,PRECINCT 144A,DEM FOR PROSECUTING ATTORNEY,,DEM,NO CANDIDATE FILED,0
Harrison,PRECINCT 145,DEM FOR PROSECUTING ATTORNEY,,DEM,NO CANDIDATE FILED,0
Harrison,PRECINCT 1,MTN FOR PROSECUTING ATTORNEY,,MTN,NO CANDIDATE FILED,0
Harrison,PRECINCT 1A,MTN FOR PROSECUTING ATTORNEY,,MTN,NO CANDIDATE FILED,0
Harrison,PRECINCT 2,MTN FOR PROSECUTING ATTORNEY,,MTN,NO CANDIDATE FILED,0
Harrison,PRECINCT 4,MTN FOR PROSECUTING ATTORNEY,,MTN,NO CANDIDATE FILED,0
Harrison,PRECINCT 6,MTN FOR PROSECUTING ATTORNEY,,MTN,NO CANDIDATE FILED,0
Harrison,PRECINCT 9,MTN FOR PROSECUTING ATTORNEY,,MTN,NO CANDIDATE FILED,0
Harrison,PRECINCT 10,MTN FOR PROSECUTING ATTORNEY,,MTN,NO CANDIDATE FILED,0
Harrison,PRECINCT 14,MTN FOR PROSECUTING ATTORNEY,,MTN,NO CANDIDATE FILED,0
Harrison,PRECINCT 28,MTN FOR PROSECUTING ATTORNEY,,MTN,NO CANDIDATE FILED,0
Harrison,PRECINCT 33,MTN FOR PROSECUTING ATTORNEY,,MTN,NO CANDIDATE FILED,0
Harrison,PRECINCT 36A,MTN FOR PROSECUTING ATTORNEY,,MTN,NO CANDIDATE FILED,0
Harrison,PRECINCT 43,MTN FOR PROSECUTING ATTORNEY,,MTN,NO CANDIDATE FILED,0
Harrison,PRECINCT 44,MTN FOR PROSECUTING ATTORNEY,,MTN,NO CANDIDATE FILED,0
Harrison,PRECINCT 45,MTN FOR PROSECUTING ATTORNEY,,MTN,NO CANDIDATE FILED,0
Harrison,PRECINCT 46,MTN FOR PROSECUTING ATTORNEY,,MTN,NO CANDIDATE FILED,0
Harrison,PRECINCT 48,MTN FOR PROSECUTING ATTORNEY,,MTN,NO CANDIDATE FILED,0
Harrison,PRECINCT 50,MTN FOR PROSECUTING ATTORNEY,,MTN,NO CANDIDATE FILED,0
Harrison,PRECINCT 51,MTN FOR PROSECUTING ATTORNEY,,MTN,NO CANDIDATE FILED,0
Harrison,PRECINCT 52,MTN FOR PROSECUTING ATTORNEY,,MTN,NO CANDIDATE FILED,0
Harrison,PRECINCT 53,MTN FOR PROSECUTING ATTORNEY,,MTN,NO CANDIDATE FILED,0
Harrison,PRECINCT 59,MTN FOR PROSECUTING ATTORNEY,,MTN,NO CANDIDATE FILED,0
Harrison,PRECINCT 61,MTN FOR PROSECUTING ATTORNEY,,MTN,NO CANDIDATE FILED,0
Harrison,PRECINCT 63,MTN FOR PROSECUTING ATTORNEY,,MTN,NO CANDIDATE FILED,0
Harrison,PRECINCT 66,MTN FOR PROSECUTING ATTORNEY,,MTN,NO CANDIDATE FILED,0
Harrison,PRECINCT 66A,MTN FOR PROSECUTING ATTORNEY,,MTN,NO CANDIDATE FILED,0
Harrison,PRECINCT 66B,MTN FOR PROSECUTING ATTORNEY,,MTN,NO CANDIDATE FILED,0
Harrison,PRECINCT 68,MTN FOR PROSECUTING ATTORNEY,,MTN,NO CANDIDATE FILED,0
Harrison,PRECINCT 74,MTN FOR PROSECUTING ATTORNEY,,MTN,NO CANDIDATE FILED,0
Harrison,PRECINCT 80,MTN FOR PROSECUTING ATTORNEY,,MTN,NO CANDIDATE FILED,0
Harrison,PRECINCT 87,MTN FOR PROSECUTING ATTORNEY,,MTN,NO CANDIDATE FILED,0
Harrison,PRECINCT 92,MTN FOR PROSECUTING ATTORNEY,,MTN,NO CANDIDATE FILED,0
Harrison,PRECINCT 95,MTN FOR PROSECUTING ATTORNEY,,MTN,NO CANDIDATE FILED,0
Harrison,PRECINCT 96,MTN FOR PROSECUTING ATTORNEY,,MTN,NO CANDIDATE FILED,0
Harrison,PRECINCT 98,MTN FOR PROSECUTING ATTORNEY,,MTN,NO CANDIDATE FILED,0
Harrison,PRECINCT 102,MTN FOR PROSECUTING ATTORNEY,,MTN,NO CANDIDATE FILED,0
Harrison,PRECINCT 103,MTN FOR PROSECUTING ATTORNEY,,MTN,NO CANDIDATE FILED,0
Harrison,PRECINCT 104,MTN FOR PROSECUTING ATTORNEY,,MTN,NO CANDIDATE FILED,0
Harrison,PRECINCT 106,MTN FOR PROSECUTING ATTORNEY,,MTN,NO CANDIDATE FILED,0
Harrison,PRECINCT 107,MTN FOR PROSECUTING ATTORNEY,,MTN,NO CANDIDATE FILED,0
Harrison,PRECINCT 108,MTN FOR PROSECUTING ATTORNEY,,MTN,NO CANDIDATE FILED,0
Harrison,PRECINCT 110,MTN FOR PROSECUTING ATTORNEY,,MTN,NO CANDIDATE FILED,0
Harrison,PRECINCT 114,MTN FOR PROSECUTING ATTORNEY,,MTN,NO CANDIDATE FILED,0
Harrison,PRECINCT 114A,MTN FOR PROSECUTING ATTORNEY,,MTN,NO CANDIDATE FILED,0
Harrison,PRECINCT 118,MTN FOR PROSECUTING ATTORNEY,,MTN,NO CANDIDATE FILED,0
Harrison,PRECINCT 120,MTN FOR PROSECUTING ATTORNEY,,MTN,NO CANDIDATE FILED,0
Harrison,PRECINCT 121,MTN FOR PROSECUTING ATTORNEY,,MTN,NO CANDIDATE FILED,0
Harrison,PRECINCT 122,MTN FOR PROSECUTING ATTORNEY,,MTN,NO CANDIDATE FILED,0
Harrison,PRECINCT 123,MTN FOR PROSECUTING ATTORNEY,,MTN,NO CANDIDATE FILED,0
Harrison,PRECINCT 125,MTN FOR PROSECUTING ATTORNEY,,MTN,NO CANDIDATE FILED,0
Harrison,PRECINCT 126,MTN FOR PROSECUTING ATTORNEY,,MTN,NO CANDIDATE FILED,0
Harrison,PRECINCT 128,MTN FOR PROSECUTING ATTORNEY,,MTN,NO CANDIDATE FILED,0
Harrison,PRECINCT 129,MTN FOR PROSECUTING ATTORNEY,,MTN,NO CANDIDATE FILED,0
Harrison,PRECINCT 129B,MTN FOR PROSECUTING ATTORNEY,,MTN,NO CANDIDATE FILED,0
Harrison,PRECINCT 129C,MTN FOR PROSECUTING ATTORNEY,,MTN,NO CANDIDATE FILED,0
Harrison,PRECINCT 130,MTN FOR PROSECUTING ATTORNEY,,MTN,NO CANDIDATE FILED,0
Harrison,PRECINCT 132,MTN FOR PROSECUTING ATTORNEY,,MTN,NO CANDIDATE FILED,0
Harrison,PRECINCT 133,MTN FOR PROSECUTING ATTORNEY,,MTN,NO CANDIDATE FILED,0
Harrison,PRECINCT 134,MTN FOR PROSECUTING ATTORNEY,,MTN,NO CANDIDATE FILED,0
Harrison,PRECINCT 135,MTN FOR PROSECUTING ATTORNEY,,MTN,NO CANDIDATE FILED,0
Harrison,PRECINCT 136,MTN FOR PROSECUTING ATTORNEY,,MTN,NO CANDIDATE FILED,0
Harrison,PRECINCT 137,MTN FOR PROSECUTING ATTORNEY,,MTN,NO CANDIDATE FILED,0
Harrison,PRECINCT 143,MTN FOR PROSECUTING ATTORNEY,,MTN,NO CANDIDATE FILED,0
Harrison,PRECINCT 144,MTN FOR PROSECUTING ATTORNEY,,MTN,NO CANDIDATE FILED,0
Harrison,PRECINCT 144A,MTN FOR PROSECUTING ATTORNEY,,MTN,NO CANDIDATE FILED,0
Harrison,PRECINCT 145,MTN FOR PROSECUTING ATTORNEY,,MTN,NO CANDIDATE FILED,0
Harrison,PRECINCT 1,REP FOR SHERIFF,,REP,DON  QUINN,21
Harrison,PRECINCT 1A,REP FOR SHERIFF,,REP,DON  QUINN,1
Harrison,PRECINCT 2,REP FOR SHERIFF,,REP,DON  QUINN,7
Harrison,PRECINCT 4,REP FOR SHERIFF,,REP,DON  QUINN,11
Harrison,PRECINCT 6,REP FOR SHERIFF,,REP,DON  QUINN,16
Harrison,PRECINCT 9,REP FOR SHERIFF,,REP,DON  QUINN,8
Harrison,PRECINCT 10,REP FOR SHERIFF,,REP,DON  QUINN,19
Harrison,PRECINCT 14,REP FOR SHERIFF,,REP,DON  QUINN,19
Harrison,PRECINCT 28,REP FOR SHERIFF,,REP,DON  QUINN,11
Harrison,PRECINCT 33,REP FOR SHERIFF,,REP,DON  QUINN,16
Harrison,PRECINCT 36A,REP FOR SHERIFF,,REP,DON  QUINN,14
Harrison,PRECINCT 43,REP FOR SHERIFF,,REP,DON  QUINN,3
Harrison,PRECINCT 44,REP FOR SHERIFF,,REP,DON  QUINN,5
Harrison,PRECINCT 45,REP FOR SHERIFF,,REP,DON  QUINN,6
Harrison,PRECINCT 46,REP FOR SHERIFF,,REP,DON  QUINN,7
Harrison,PRECINCT 48,REP FOR SHERIFF,,REP,DON  QUINN,4
Harrison,PRECINCT 50,REP FOR SHERIFF,,REP,DON  QUINN,4
Harrison,PRECINCT 51,REP FOR SHERIFF,,REP,DON  QUINN,4
Harrison,PRECINCT 52,REP FOR SHERIFF,,REP,DON  QUINN,3
Harrison,PRECINCT 53,REP FOR SHERIFF,,REP,DON  QUINN,3
Harrison,PRECINCT 59,REP FOR SHERIFF,,REP,DON  QUINN,8
Harrison,PRECINCT 61,REP FOR SHERIFF,,REP,DON  QUINN,25
Harrison,PRECINCT 63,REP FOR SHERIFF,,REP,DON  QUINN,9
Harrison,PRECINCT 66,REP FOR SHERIFF,,REP,DON  QUINN,10
Harrison,PRECINCT 66A,REP FOR SHERIFF,,REP,DON  QUINN,0
Harrison,PRECINCT 66B,REP FOR SHERIFF,,REP,DON  QUINN,2
Harrison,PRECINCT 68,REP FOR SHERIFF,,REP,DON  QUINN,11
Harrison,PRECINCT 74,REP FOR SHERIFF,,REP,DON  QUINN,25
Harrison,PRECINCT 80,REP FOR SHERIFF,,REP,DON  QUINN,36
Harrison,PRECINCT 87,REP FOR SHERIFF,,REP,DON  QUINN,3
Harrison,PRECINCT 92,REP FOR SHERIFF,,REP,DON  QUINN,15
Harrison,PRECINCT 95,REP FOR SHERIFF,,REP,DON  QUINN,9
Harrison,PRECINCT 96,REP FOR SHERIFF,,REP,DON  QUINN,7
Harrison,PRECINCT 98,REP FOR SHERIFF,,REP,DON  QUINN,2
Harrison,PRECINCT 102,REP FOR SHERIFF,,REP,DON  QUINN,34
Harrison,PRECINCT 103,REP FOR SHERIFF,,REP,DON  QUINN,9
Harrison,PRECINCT 104,REP FOR SHERIFF,,REP,DON  QUINN,6
Harrison,PRECINCT 106,REP FOR SHERIFF,,REP,DON  QUINN,6
Harrison,PRECINCT 107,REP FOR SHERIFF,,REP,DON  QUINN,10
Harrison,PRECINCT 108,REP FOR SHERIFF,,REP,DON  QUINN,24
Harrison,PRECINCT 110,REP FOR SHERIFF,,REP,DON  QUINN,15
Harrison,PRECINCT 114,REP FOR SHERIFF,,REP,DON  QUINN,4
Harrison,PRECINCT 114A,REP FOR SHERIFF,,REP,DON  QUINN,7
Harrison,PRECINCT 118,REP FOR SHERIFF,,REP,DON  QUINN,4
Harrison,PRECINCT 120,REP FOR SHERIFF,,REP,DON  QUINN,38
Harrison,PRECINCT 121,REP FOR SHERIFF,,REP,DON  QUINN,19
Harrison,PRECINCT 122,REP FOR SHERIFF,,REP,DON  QUINN,12
Harrison,PRECINCT 123,REP FOR SHERIFF,,REP,DON  QUINN,58
Harrison,PRECINCT 125,REP FOR SHERIFF,,REP,DON  QUINN,35
Harrison,PRECINCT 126,REP FOR SHERIFF,,REP,DON  QUINN,20
Harrison,PRECINCT 128,REP FOR SHERIFF,,REP,DON  QUINN,28
Harrison,PRECINCT 129,REP FOR SHERIFF,,REP,DON  QUINN,46
Harrison,PRECINCT 129B,REP FOR SHERIFF,,REP,DON  QUINN,30
Harrison,PRECINCT 129C,REP FOR SHERIFF,,REP,DON  QUINN,13
Harrison,PRECINCT 130,REP FOR SHERIFF,,REP,DON  QUINN,11
Harrison,PRECINCT 132,REP FOR SHERIFF,,REP,DON  QUINN,6
Harrison,PRECINCT 133,REP FOR SHERIFF,,REP,DON  QUINN,11
Harrison,PRECINCT 134,REP FOR SHERIFF,,REP,DON  QUINN,10
Harrison,PRECINCT 135,REP FOR SHERIFF,,REP,DON  QUINN,4
Harrison,PRECINCT 136,REP FOR SHERIFF,,REP,DON  QUINN,3
Harrison,PRECINCT 137,REP FOR SHERIFF,,REP,DON  QUINN,2
Harrison,PRECINCT 143,REP FOR SHERIFF,,REP,DON  QUINN,28
Harrison,PRECINCT 144,REP FOR SHERIFF,,REP,DON  QUINN,8
Harrison,PRECINCT 144A,REP FOR SHERIFF,,REP,DON  QUINN,12
Harrison,PRECINCT 145,REP FOR SHERIFF,,REP,DON  QUINN,8
Harrison,PRECINCT 1,REP FOR SHERIFF,,REP,DIXON G. PRUITT,48
Harrison,PRECINCT 1A,REP FOR SHERIFF,,REP,DIXON G. PRUITT,3
Harrison,PRECINCT 2,REP FOR SHERIFF,,REP,DIXON G. PRUITT,7
Harrison,PRECINCT 4,REP FOR SHERIFF,,REP,DIXON G. PRUITT,39
Harrison,PRECINCT 6,REP FOR SHERIFF,,REP,DIXON G. PRUITT,47
Harrison,PRECINCT 9,REP FOR SHERIFF,,REP,DIXON G. PRUITT,19
Harrison,PRECINCT 10,REP FOR SHERIFF,,REP,DIXON G. PRUITT,21
Harrison,PRECINCT 14,REP FOR SHERIFF,,REP,DIXON G. PRUITT,56
Harrison,PRECINCT 28,REP FOR SHERIFF,,REP,DIXON G. PRUITT,31
Harrison,PRECINCT 33,REP FOR SHERIFF,,REP,DIXON G. PRUITT,37
Harrison,PRECINCT 36A,REP FOR SHERIFF,,REP,DIXON G. PRUITT,19
Harrison,PRECINCT 43,REP FOR SHERIFF,,REP,DIXON G. PRUITT,14
Harrison,PRECINCT 44,REP FOR SHERIFF,,REP,DIXON G. PRUITT,13
Harrison,PRECINCT 45,REP FOR SHERIFF,,REP,DIXON G. PRUITT,26
Harrison,PRECINCT 46,REP FOR SHERIFF,,REP,DIXON G. PRUITT,18
Harrison,PRECINCT 48,REP FOR SHERIFF,,REP,DIXON G. PRUITT,19
Harrison,PRECINCT 50,REP FOR SHERIFF,,REP,DIXON G. PRUITT,16
Harrison,PRECINCT 51,REP FOR SHERIFF,,REP,DIXON G. PRUITT,9
Harrison,PRECINCT 52,REP FOR SHERIFF,,REP,DIXON G. PRUITT,19
Harrison,PRECINCT 53,REP FOR SHERIFF,,REP,DIXON G. PRUITT,8
Harrison,PRECINCT 59,REP FOR SHERIFF,,REP,DIXON G. PRUITT,17
Harrison,PRECINCT 61,REP FOR SHERIFF,,REP,DIXON G. PRUITT,38
Harrison,PRECINCT 63,REP FOR SHERIFF,,REP,DIXON G. PRUITT,29
Harrison,PRECINCT 66,REP FOR SHERIFF,,REP,DIXON G. PRUITT,26
Harrison,PRECINCT 66A,REP FOR SHERIFF,,REP,DIXON G. PRUITT,0
Harrison,PRECINCT 66B,REP FOR SHERIFF,,REP,DIXON G. PRUITT,2
Harrison,PRECINCT 68,REP FOR SHERIFF,,REP,DIXON G. PRUITT,29
Harrison,PRECINCT 74,REP FOR SHERIFF,,REP,DIXON G. PRUITT,45
Harrison,PRECINCT 80,REP FOR SHERIFF,,REP,DIXON G. PRUITT,43
Harrison,PRECINCT 87,REP FOR SHERIFF,,REP,DIXON G. PRUITT,15
Harrison,PRECINCT 92,REP FOR SHERIFF,,REP,DIXON G. PRUITT,14
Harrison,PRECINCT 95,REP FOR SHERIFF,,REP,DIXON G. PRUITT,8
Harrison,PRECINCT 96,REP FOR SHERIFF,,REP,DIXON G. PRUITT,21
Harrison,PRECINCT 98,REP FOR SHERIFF,,REP,DIXON G. PRUITT,14
Harrison,PRECINCT 102,REP FOR SHERIFF,,REP,DIXON G. PRUITT,134
Harrison,PRECINCT 103,REP FOR SHERIFF,,REP,DIXON G. PRUITT,16
Harrison,PRECINCT 104,REP FOR SHERIFF,,REP,DIXON G. PRUITT,23
Harrison,PRECINCT 106,REP FOR SHERIFF,,REP,DIXON G. PRUITT,26
Harrison,PRECINCT 107,REP FOR SHERIFF,,REP,DIXON G. PRUITT,14
Harrison,PRECINCT 108,REP FOR SHERIFF,,REP,DIXON G. PRUITT,52
Harrison,PRECINCT 110,REP FOR SHERIFF,,REP,DIXON G. PRUITT,36
Harrison,PRECINCT 114,REP FOR SHERIFF,,REP,DIXON G. PRUITT,19
Harrison,PRECINCT 114A,REP FOR SHERIFF,,REP,DIXON G. PRUITT,7
Harrison,PRECINCT 118,REP FOR SHERIFF,,REP,DIXON G. PRUITT,25
Harrison,PRECINCT 120,REP FOR SHERIFF,,REP,DIXON G. PRUITT,42
Harrison,PRECINCT 121,REP FOR SHERIFF,,REP,DIXON G. PRUITT,10
Harrison,PRECINCT 122,REP FOR SHERIFF,,REP,DIXON G. PRUITT,25
Harrison,PRECINCT 123,REP FOR SHERIFF,,REP,DIXON G. PRUITT,106
Harrison,PRECINCT 125,REP FOR SHERIFF,,REP,DIXON G. PRUITT,49
Harrison,PRECINCT 126,REP FOR SHERIFF,,REP,DIXON G. PRUITT,42
Harrison,PRECINCT 128,REP FOR SHERIFF,,REP,DIXON G. PRUITT,33
Harrison,PRECINCT 129,REP FOR SHERIFF,,REP,DIXON G. PRUITT,77
Harrison,PRECINCT 129B,REP FOR SHERIFF,,REP,DIXON G. PRUITT,54
Harrison,PRECINCT 129C,REP FOR SHERIFF,,REP,DIXON G. PRUITT,20
Harrison,PRECINCT 130,REP FOR SHERIFF,,REP,DIXON G. PRUITT,9
Harrison,PRECINCT 132,REP FOR SHERIFF,,REP,DIXON G. PRUITT,13
Harrison,PRECINCT 133,REP FOR SHERIFF,,REP,DIXON G. PRUITT,46
Harrison,PRECINCT 134,REP FOR SHERIFF,,REP,DIXON G. PRUITT,15
Harrison,PRECINCT 135,REP FOR SHERIFF,,REP,DIXON G. PRUITT,13
Harrison,PRECINCT 136,REP FOR SHERIFF,,REP,DIXON G. PRUITT,12
Harrison,PRECINCT 137,REP FOR SHERIFF,,REP,DIXON G. PRUITT,5
Harrison,PRECINCT 143,REP FOR SHERIFF,,REP,DIXON G. PRUITT,65
Harrison,PRECINCT 144,REP FOR SHERIFF,,REP,DIXON G. PRUITT,12
Harrison,PRECINCT 144A,REP FOR SHERIFF,,REP,DIXON G. PRUITT,23
Harrison,PRECINCT 145,REP FOR SHERIFF,,REP,DIXON G. PRUITT,14
Harrison,PRECINCT 1,REP FOR SHERIFF,,REP,STEVE JOHNSON,82
Harrison,PRECINCT 1A,REP FOR SHERIFF,,REP,STEVE JOHNSON,2
Harrison,PRECINCT 2,REP FOR SHERIFF,,REP,STEVE JOHNSON,3
Harrison,PRECINCT 4,REP FOR SHERIFF,,REP,STEVE JOHNSON,26
Harrison,PRECINCT 6,REP FOR SHERIFF,,REP,STEVE JOHNSON,20
Harrison,PRECINCT 9,REP FOR SHERIFF,,REP,STEVE JOHNSON,18
Harrison,PRECINCT 10,REP FOR SHERIFF,,REP,STEVE JOHNSON,15
Harrison,PRECINCT 14,REP FOR SHERIFF,,REP,STEVE JOHNSON,34
Harrison,PRECINCT 28,REP FOR SHERIFF,,REP,STEVE JOHNSON,34
Harrison,PRECINCT 33,REP FOR SHERIFF,,REP,STEVE JOHNSON,40
Harrison,PRECINCT 36A,REP FOR SHERIFF,,REP,STEVE JOHNSON,20
Harrison,PRECINCT 43,REP FOR SHERIFF,,REP,STEVE JOHNSON,4
Harrison,PRECINCT 44,REP FOR SHERIFF,,REP,STEVE JOHNSON,5
Harrison,PRECINCT 45,REP FOR SHERIFF,,REP,STEVE JOHNSON,22
Harrison,PRECINCT 46,REP FOR SHERIFF,,REP,STEVE JOHNSON,13
Harrison,PRECINCT 48,REP FOR SHERIFF,,REP,STEVE JOHNSON,9
Harrison,PRECINCT 50,REP FOR SHERIFF,,REP,STEVE JOHNSON,16
Harrison,PRECINCT 51,REP FOR SHERIFF,,REP,STEVE JOHNSON,3
Harrison,PRECINCT 52,REP FOR SHERIFF,,REP,STEVE JOHNSON,7
Harrison,PRECINCT 53,REP FOR SHERIFF,,REP,STEVE JOHNSON,4
Harrison,PRECINCT 59,REP FOR SHERIFF,,REP,STEVE JOHNSON,23
Harrison,PRECINCT 61,REP FOR SHERIFF,,REP,STEVE JOHNSON,46
Harrison,PRECINCT 63,REP FOR SHERIFF,,REP,STEVE JOHNSON,31
Harrison,PRECINCT 66,REP FOR SHERIFF,,REP,STEVE JOHNSON,5
Harrison,PRECINCT 66A,REP FOR SHERIFF,,REP,STEVE JOHNSON,0
Harrison,PRECINCT 66B,REP FOR SHERIFF,,REP,STEVE JOHNSON,1
Harrison,PRECINCT 68,REP FOR SHERIFF,,REP,STEVE JOHNSON,28
Harrison,PRECINCT 74,REP FOR SHERIFF,,REP,STEVE JOHNSON,43
Harrison,PRECINCT 80,REP FOR SHERIFF,,REP,STEVE JOHNSON,47
Harrison,PRECINCT 87,REP FOR SHERIFF,,REP,STEVE JOHNSON,18
Harrison,PRECINCT 92,REP FOR SHERIFF,,REP,STEVE JOHNSON,16
Harrison,PRECINCT 95,REP FOR SHERIFF,,REP,STEVE JOHNSON,18
Harrison,PRECINCT 96,REP FOR SHERIFF,,REP,STEVE JOHNSON,18
Harrison,PRECINCT 98,REP FOR SHERIFF,,REP,STEVE JOHNSON,5
Harrison,PRECINCT 102,REP FOR SHERIFF,,REP,STEVE JOHNSON,44
Harrison,PRECINCT 103,REP FOR SHERIFF,,REP,STEVE JOHNSON,19
Harrison,PRECINCT 104,REP FOR SHERIFF,,REP,STEVE JOHNSON,28
Harrison,PRECINCT 106,REP FOR SHERIFF,,REP,STEVE JOHNSON,19
Harrison,PRECINCT 107,REP FOR SHERIFF,,REP,STEVE JOHNSON,15
Harrison,PRECINCT 108,REP FOR SHERIFF,,REP,STEVE JOHNSON,32
Harrison,PRECINCT 110,REP FOR SHERIFF,,REP,STEVE JOHNSON,55
Harrison,PRECINCT 114,REP FOR SHERIFF,,REP,STEVE JOHNSON,15
Harrison,PRECINCT 114A,REP FOR SHERIFF,,REP,STEVE JOHNSON,1
Harrison,PRECINCT 118,REP FOR SHERIFF,,REP,STEVE JOHNSON,14
Harrison,PRECINCT 120,REP FOR SHERIFF,,REP,STEVE JOHNSON,20
Harrison,PRECINCT 121,REP FOR SHERIFF,,REP,STEVE JOHNSON,4
Harrison,PRECINCT 122,REP FOR SHERIFF,,REP,STEVE JOHNSON,9
Harrison,PRECINCT 123,REP FOR SHERIFF,,REP,STEVE JOHNSON,56
Harrison,PRECINCT 125,REP FOR SHERIFF,,REP,STEVE JOHNSON,28
Harrison,PRECINCT 126,REP FOR SHERIFF,,REP,STEVE JOHNSON,16
Harrison,PRECINCT 128,REP FOR SHERIFF,,REP,STEVE JOHNSON,26
Harrison,PRECINCT 129,REP FOR SHERIFF,,REP,STEVE JOHNSON,40
Harrison,PRECINCT 129B,REP FOR SHERIFF,,REP,STEVE JOHNSON,26
Harrison,PRECINCT 129C,REP FOR SHERIFF,,REP,STEVE JOHNSON,14
Harrison,PRECINCT 130,REP FOR SHERIFF,,REP,STEVE JOHNSON,25
Harrison,PRECINCT 132,REP FOR SHERIFF,,REP,STEVE JOHNSON,9
Harrison,PRECINCT 133,REP FOR SHERIFF,,REP,STEVE JOHNSON,44
Harrison,PRECINCT 134,REP FOR SHERIFF,,REP,STEVE JOHNSON,57
Harrison,PRECINCT 135,REP FOR SHERIFF,,REP,STEVE JOHNSON,20
Harrison,PRECINCT 136,REP FOR SHERIFF,,REP,STEVE JOHNSON,17
Harrison,PRECINCT 137,REP FOR SHERIFF,,REP,STEVE JOHNSON,8
Harrison,PRECINCT 143,REP FOR SHERIFF,,REP,STEVE JOHNSON,127
Harrison,PRECINCT 144,REP FOR SHERIFF,,REP,STEVE JOHNSON,37
Harrison,PRECINCT 144A,REP FOR SHERIFF,,REP,STEVE JOHNSON,37
Harrison,PRECINCT 145,REP FOR SHERIFF,,REP,STEVE JOHNSON,91
Harrison,PRECINCT 1,REP FOR SHERIFF,,REP,JON HARBERT,7
Harrison,PRECINCT 1A,REP FOR SHERIFF,,REP,JON HARBERT,3
Harrison,PRECINCT 2,REP FOR SHERIFF,,REP,JON HARBERT,2
Harrison,PRECINCT 4,REP FOR SHERIFF,,REP,JON HARBERT,5
Harrison,PRECINCT 6,REP FOR SHERIFF,,REP,JON HARBERT,8
Harrison,PRECINCT 9,REP FOR SHERIFF,,REP,JON HARBERT,2
Harrison,PRECINCT 10,REP FOR SHERIFF,,REP,JON HARBERT,6
Harrison,PRECINCT 14,REP FOR SHERIFF,,REP,JON HARBERT,8
Harrison,PRECINCT 28,REP FOR SHERIFF,,REP,JON HARBERT,9
Harrison,PRECINCT 33,REP FOR SHERIFF,,REP,JON HARBERT,6
Harrison,PRECINCT 36A,REP FOR SHERIFF,,REP,JON HARBERT,2
Harrison,PRECINCT 43,REP FOR SHERIFF,,REP,JON HARBERT,28
Harrison,PRECINCT 44,REP FOR SHERIFF,,REP,JON HARBERT,20
Harrison,PRECINCT 45,REP FOR SHERIFF,,REP,JON HARBERT,30
Harrison,PRECINCT 46,REP FOR SHERIFF,,REP,JON HARBERT,30
Harrison,PRECINCT 48,REP FOR SHERIFF,,REP,JON HARBERT,65
Harrison,PRECINCT 50,REP FOR SHERIFF,,REP,JON HARBERT,61
Harrison,PRECINCT 51,REP FOR SHERIFF,,REP,JON HARBERT,24
Harrison,PRECINCT 52,REP FOR SHERIFF,,REP,JON HARBERT,45
Harrison,PRECINCT 53,REP FOR SHERIFF,,REP,JON HARBERT,17
Harrison,PRECINCT 59,REP FOR SHERIFF,,REP,JON HARBERT,1
Harrison,PRECINCT 61,REP FOR SHERIFF,,REP,JON HARBERT,7
Harrison,PRECINCT 63,REP FOR SHERIFF,,REP,JON HARBERT,9
Harrison,PRECINCT 66,REP FOR SHERIFF,,REP,JON HARBERT,5
Harrison,PRECINCT 66A,REP FOR SHERIFF,,REP,JON HARBERT,0
Harrison,PRECINCT 66B,REP FOR SHERIFF,,REP,JON HARBERT,0
Harrison,PRECINCT 68,REP FOR SHERIFF,,REP,JON HARBERT,5
Harrison,PRECINCT 74,REP FOR SHERIFF,,REP,JON HARBERT,10
Harrison,PRECINCT 80,REP FOR SHERIFF,,REP,JON HARBERT,7
Harrison,PRECINCT 87,REP FOR SHERIFF,,REP,JON HARBERT,1
Harrison,PRECINCT 92,REP FOR SHERIFF,,REP,JON HARBERT,30
Harrison,PRECINCT 95,REP FOR SHERIFF,,REP,JON HARBERT,14
Harrison,PRECINCT 96,REP FOR SHERIFF,,REP,JON HARBERT,28
Harrison,PRECINCT 98,REP FOR SHERIFF,,REP,JON HARBERT,22
Harrison,PRECINCT 102,REP FOR SHERIFF,,REP,JON HARBERT,8
Harrison,PRECINCT 103,REP FOR SHERIFF,,REP,JON HARBERT,0
Harrison,PRECINCT 104,REP FOR SHERIFF,,REP,JON HARBERT,1
Harrison,PRECINCT 106,REP FOR SHERIFF,,REP,JON HARBERT,2
Harrison,PRECINCT 107,REP FOR SHERIFF,,REP,JON HARBERT,0
Harrison,PRECINCT 108,REP FOR SHERIFF,,REP,JON HARBERT,4
Harrison,PRECINCT 110,REP FOR SHERIFF,,REP,JON HARBERT,4
Harrison,PRECINCT 114,REP FOR SHERIFF,,REP,JON HARBERT,4
Harrison,PRECINCT 114A,REP FOR SHERIFF,,REP,JON HARBERT,3
Harrison,PRECINCT 118,REP FOR SHERIFF,,REP,JON HARBERT,11
Harrison,PRECINCT 120,REP FOR SHERIFF,,REP,JON HARBERT,6
Harrison,PRECINCT 121,REP FOR SHERIFF,,REP,JON HARBERT,2
Harrison,PRECINCT 122,REP FOR SHERIFF,,REP,JON HARBERT,6
Harrison,PRECINCT 123,REP FOR SHERIFF,,REP,JON HARBERT,11
Harrison,PRECINCT 125,REP FOR SHERIFF,,REP,JON HARBERT,6
Harrison,PRECINCT 126,REP FOR SHERIFF,,REP,JON HARBERT,5
Harrison,PRECINCT 128,REP FOR SHERIFF,,REP,JON HARBERT,3
Harrison,PRECINCT 129,REP FOR SHERIFF,,REP,JON HARBERT,16
Harrison,PRECINCT 129B,REP FOR SHERIFF,,REP,JON HARBERT,13
Harrison,PRECINCT 129C,REP FOR SHERIFF,,REP,JON HARBERT,12
Harrison,PRECINCT 130,REP FOR SHERIFF,,REP,JON HARBERT,1
Harrison,PRECINCT 132,REP FOR SHERIFF,,REP,JON HARBERT,1
Harrison,PRECINCT 133,REP FOR SHERIFF,,REP,JON HARBERT,6
Harrison,PRECINCT 134,REP FOR SHERIFF,,REP,JON HARBERT,8
Harrison,PRECINCT 135,REP FOR SHERIFF,,REP,JON HARBERT,0
Harrison,PRECINCT 136,REP FOR SHERIFF,,REP,JON HARBERT,3
Harrison,PRECINCT 137,REP FOR SHERIFF,,REP,JON HARBERT,2
Harrison,PRECINCT 143,REP FOR SHERIFF,,REP,JON HARBERT,2
Harrison,PRECINCT 144,REP FOR SHERIFF,,REP,JON HARBERT,1
Harrison,PRECINCT 144A,REP FOR SHERIFF,,REP,JON HARBERT,4
Harrison,PRECINCT 145,REP FOR SHERIFF,,REP,JON HARBERT,4
Harrison,PRECINCT 1,REP FOR SHERIFF,,REP,CHRIS D. MINOR,29
Harrison,PRECINCT 1A,REP FOR SHERIFF,,REP,CHRIS D. MINOR,3
Harrison,PRECINCT 2,REP FOR SHERIFF,,REP,CHRIS D. MINOR,2
Harrison,PRECINCT 4,REP FOR SHERIFF,,REP,CHRIS D. MINOR,73
Harrison,PRECINCT 6,REP FOR SHERIFF,,REP,CHRIS D. MINOR,19
Harrison,PRECINCT 9,REP FOR SHERIFF,,REP,CHRIS D. MINOR,14
Harrison,PRECINCT 10,REP FOR SHERIFF,,REP,CHRIS D. MINOR,6
Harrison,PRECINCT 14,REP FOR SHERIFF,,REP,CHRIS D. MINOR,49
Harrison,PRECINCT 28,REP FOR SHERIFF,,REP,CHRIS D. MINOR,14
Harrison,PRECINCT 33,REP FOR SHERIFF,,REP,CHRIS D. MINOR,29
Harrison,PRECINCT 36A,REP FOR SHERIFF,,REP,CHRIS D. MINOR,11
Harrison,PRECINCT 43,REP FOR SHERIFF,,REP,CHRIS D. MINOR,1
Harrison,PRECINCT 44,REP FOR SHERIFF,,REP,CHRIS D. MINOR,7
Harrison,PRECINCT 45,REP FOR SHERIFF,,REP,CHRIS D. MINOR,17
Harrison,PRECINCT 46,REP FOR SHERIFF,,REP,CHRIS D. MINOR,10
Harrison,PRECINCT 48,REP FOR SHERIFF,,REP,CHRIS D. MINOR,12
Harrison,PRECINCT 50,REP FOR SHERIFF,,REP,CHRIS D. MINOR,5
Harrison,PRECINCT 51,REP FOR SHERIFF,,REP,CHRIS D. MINOR,1
Harrison,PRECINCT 52,REP FOR SHERIFF,,REP,CHRIS D. MINOR,11
Harrison,PRECINCT 53,REP FOR SHERIFF,,REP,CHRIS D. MINOR,3
Harrison,PRECINCT 59,REP FOR SHERIFF,,REP,CHRIS D. MINOR,3
Harrison,PRECINCT 61,REP FOR SHERIFF,,REP,CHRIS D. MINOR,11
Harrison,PRECINCT 63,REP FOR SHERIFF,,REP,CHRIS D. MINOR,21
Harrison,PRECINCT 66,REP FOR SHERIFF,,REP,CHRIS D. MINOR,5
Harrison,PRECINCT 66A,REP FOR SHERIFF,,REP,CHRIS D. MINOR,0
Harrison,PRECINCT 66B,REP FOR SHERIFF,,REP,CHRIS D. MINOR,0
Harrison,PRECINCT 68,REP FOR SHERIFF,,REP,CHRIS D. MINOR,7
Harrison,PRECINCT 74,REP FOR SHERIFF,,REP,CHRIS D. MINOR,18
Harrison,PRECINCT 80,REP FOR SHERIFF,,REP,CHRIS D. MINOR,11
Harrison,PRECINCT 87,REP FOR SHERIFF,,REP,CHRIS D. MINOR,5
Harrison,PRECINCT 92,REP FOR SHERIFF,,REP,CHRIS D. MINOR,5
Harrison,PRECINCT 95,REP FOR SHERIFF,,REP,CHRIS D. MINOR,11
Harrison,PRECINCT 96,REP FOR SHERIFF,,REP,CHRIS D. MINOR,3
Harrison,PRECINCT 98,REP FOR SHERIFF,,REP,CHRIS D. MINOR,1
Harrison,PRECINCT 102,REP FOR SHERIFF,,REP,CHRIS D. MINOR,71
Harrison,PRECINCT 103,REP FOR SHERIFF,,REP,CHRIS D. MINOR,20
Harrison,PRECINCT 104,REP FOR SHERIFF,,REP,CHRIS D. MINOR,13
Harrison,PRECINCT 106,REP FOR SHERIFF,,REP,CHRIS D. MINOR,16
Harrison,PRECINCT 107,REP FOR SHERIFF,,REP,CHRIS D. MINOR,1
Harrison,PRECINCT 108,REP FOR SHERIFF,,REP,CHRIS D. MINOR,14
Harrison,PRECINCT 110,REP FOR SHERIFF,,REP,CHRIS D. MINOR,7
Harrison,PRECINCT 114,REP FOR SHERIFF,,REP,CHRIS D. MINOR,8
Harrison,PRECINCT 114A,REP FOR SHERIFF,,REP,CHRIS D. MINOR,3
Harrison,PRECINCT 118,REP FOR SHERIFF,,REP,CHRIS D. MINOR,5
Harrison,PRECINCT 120,REP FOR SHERIFF,,REP,CHRIS D. MINOR,24
Harrison,PRECINCT 121,REP FOR SHERIFF,,REP,CHRIS D. MINOR,1
Harrison,PRECINCT 122,REP FOR SHERIFF,,REP,CHRIS D. MINOR,12
Harrison,PRECINCT 123,REP FOR SHERIFF,,REP,CHRIS D. MINOR,48
Harrison,PRECINCT 125,REP FOR SHERIFF,,REP,CHRIS D. MINOR,26
Harrison,PRECINCT 126,REP FOR SHERIFF,,REP,CHRIS D. MINOR,19
Harrison,PRECINCT 128,REP FOR SHERIFF,,REP,CHRIS D. MINOR,18
Harrison,PRECINCT 129,REP FOR SHERIFF,,REP,CHRIS D. MINOR,25
Harrison,PRECINCT 129B,REP FOR SHERIFF,,REP,CHRIS D. MINOR,49
Harrison,PRECINCT 129C,REP FOR SHERIFF,,REP,CHRIS D. MINOR,8
Harrison,PRECINCT 130,REP FOR SHERIFF,,REP,CHRIS D. MINOR,2
Harrison,PRECINCT 132,REP FOR SHERIFF,,REP,CHRIS D. MINOR,4
Harrison,PRECINCT 133,REP FOR SHERIFF,,REP,CHRIS D. MINOR,18
Harrison,PRECINCT 134,REP FOR SHERIFF,,REP,CHRIS D. MINOR,13
Harrison,PRECINCT 135,REP FOR SHERIFF,,REP,CHRIS D. MINOR,6
Harrison,PRECINCT 136,REP FOR SHERIFF,,REP,CHRIS D. MINOR,2
Harrison,PRECINCT 137,REP FOR SHERIFF,,REP,CHRIS D. MINOR,0
Harrison,PRECINCT 143,REP FOR SHERIFF,,REP,CHRIS D. MINOR,19
Harrison,PRECINCT 144,REP FOR SHERIFF,,REP,CHRIS D. MINOR,3
Harrison,PRECINCT 144A,REP FOR SHERIFF,,REP,CHRIS D. MINOR,8
Harrison,PRECINCT 145,REP FOR SHERIFF,,REP,CHRIS D. MINOR,3
Harrison,PRECINCT 1,REP FOR SHERIFF,,REP,ROBERT MATHENY,85
Harrison,PRECINCT 1A,REP FOR SHERIFF,,REP,ROBERT MATHENY,7
Harrison,PRECINCT 2,REP FOR SHERIFF,,REP,ROBERT MATHENY,11
Harrison,PRECINCT 4,REP FOR SHERIFF,,REP,ROBERT MATHENY,75
Harrison,PRECINCT 6,REP FOR SHERIFF,,REP,ROBERT MATHENY,57
Harrison,PRECINCT 9,REP FOR SHERIFF,,REP,ROBERT MATHENY,31
Harrison,PRECINCT 10,REP FOR SHERIFF,,REP,ROBERT MATHENY,28
Harrison,PRECINCT 14,REP FOR SHERIFF,,REP,ROBERT MATHENY,82
Harrison,PRECINCT 28,REP FOR SHERIFF,,REP,ROBERT MATHENY,44
Harrison,PRECINCT 33,REP FOR SHERIFF,,REP,ROBERT MATHENY,88
Harrison,PRECINCT 36A,REP FOR SHERIFF,,REP,ROBERT MATHENY,20
Harrison,PRECINCT 43,REP FOR SHERIFF,,REP,ROBERT MATHENY,24
Harrison,PRECINCT 44,REP FOR SHERIFF,,REP,ROBERT MATHENY,11
Harrison,PRECINCT 45,REP FOR SHERIFF,,REP,ROBERT MATHENY,34
Harrison,PRECINCT 46,REP FOR SHERIFF,,REP,ROBERT MATHENY,31
Harrison,PRECINCT 48,REP FOR SHERIFF,,REP,ROBERT MATHENY,24
Harrison,PRECINCT 50,REP FOR SHERIFF,,REP,ROBERT MATHENY,18
Harrison,PRECINCT 51,REP FOR SHERIFF,,REP,ROBERT MATHENY,9
Harrison,PRECINCT 52,REP FOR SHERIFF,,REP,ROBERT MATHENY,21
Harrison,PRECINCT 53,REP FOR SHERIFF,,REP,ROBERT MATHENY,13
Harrison,PRECINCT 59,REP FOR SHERIFF,,REP,ROBERT MATHENY,26
Harrison,PRECINCT 61,REP FOR SHERIFF,,REP,ROBERT MATHENY,38
Harrison,PRECINCT 63,REP FOR SHERIFF,,REP,ROBERT MATHENY,37
Harrison,PRECINCT 66,REP FOR SHERIFF,,REP,ROBERT MATHENY,10
Harrison,PRECINCT 66A,REP FOR SHERIFF,,REP,ROBERT MATHENY,0
Harrison,PRECINCT 66B,REP FOR SHERIFF,,REP,ROBERT MATHENY,7
Harrison,PRECINCT 68,REP FOR SHERIFF,,REP,ROBERT MATHENY,50
Harrison,PRECINCT 74,REP FOR SHERIFF,,REP,ROBERT MATHENY,49
Harrison,PRECINCT 80,REP FOR SHERIFF,,REP,ROBERT MATHENY,63
Harrison,PRECINCT 87,REP FOR SHERIFF,,REP,ROBERT MATHENY,17
Harrison,PRECINCT 92,REP FOR SHERIFF,,REP,ROBERT MATHENY,34
Harrison,PRECINCT 95,REP FOR SHERIFF,,REP,ROBERT MATHENY,19
Harrison,PRECINCT 96,REP FOR SHERIFF,,REP,ROBERT MATHENY,26
Harrison,PRECINCT 98,REP FOR SHERIFF,,REP,ROBERT MATHENY,28
Harrison,PRECINCT 102,REP FOR SHERIFF,,REP,ROBERT MATHENY,80
Harrison,PRECINCT 103,REP FOR SHERIFF,,REP,ROBERT MATHENY,30
Harrison,PRECINCT 104,REP FOR SHERIFF,,REP,ROBERT MATHENY,21
Harrison,PRECINCT 106,REP FOR SHERIFF,,REP,ROBERT MATHENY,21
Harrison,PRECINCT 107,REP FOR SHERIFF,,REP,ROBERT MATHENY,14
Harrison,PRECINCT 108,REP FOR SHERIFF,,REP,ROBERT MATHENY,49
Harrison,PRECINCT 110,REP FOR SHERIFF,,REP,ROBERT MATHENY,29
Harrison,PRECINCT 114,REP FOR SHERIFF,,REP,ROBERT MATHENY,27
Harrison,PRECINCT 114A,REP FOR SHERIFF,,REP,ROBERT MATHENY,6
Harrison,PRECINCT 118,REP FOR SHERIFF,,REP,ROBERT MATHENY,23
Harrison,PRECINCT 120,REP FOR SHERIFF,,REP,ROBERT MATHENY,55
Harrison,PRECINCT 121,REP FOR SHERIFF,,REP,ROBERT MATHENY,18
Harrison,PRECINCT 122,REP FOR SHERIFF,,REP,ROBERT MATHENY,38
Harrison,PRECINCT 123,REP FOR SHERIFF,,REP,ROBERT MATHENY,213
Harrison,PRECINCT 125,REP FOR SHERIFF,,REP,ROBERT MATHENY,86
Harrison,PRECINCT 126,REP FOR SHERIFF,,REP,ROBERT MATHENY,55
Harrison,PRECINCT 128,REP FOR SHERIFF,,REP,ROBERT MATHENY,88
Harrison,PRECINCT 129,REP FOR SHERIFF,,REP,ROBERT MATHENY,168
Harrison,PRECINCT 129B,REP FOR SHERIFF,,REP,ROBERT MATHENY,145
Harrison,PRECINCT 129C,REP FOR SHERIFF,,REP,ROBERT MATHENY,57
Harrison,PRECINCT 130,REP FOR SHERIFF,,REP,ROBERT MATHENY,35
Harrison,PRECINCT 132,REP FOR SHERIFF,,REP,ROBERT MATHENY,16
Harrison,PRECINCT 133,REP FOR SHERIFF,,REP,ROBERT MATHENY,63
Harrison,PRECINCT 134,REP FOR SHERIFF,,REP,ROBERT MATHENY,38
Harrison,PRECINCT 135,REP FOR SHERIFF,,REP,ROBERT MATHENY,14
Harrison,PRECINCT 136,REP FOR SHERIFF,,REP,ROBERT MATHENY,7
Harrison,PRECINCT 137,REP FOR SHERIFF,,REP,ROBERT MATHENY,13
Harrison,PRECINCT 143,REP FOR SHERIFF,,REP,ROBERT MATHENY,51
Harrison,PRECINCT 144,REP FOR SHERIFF,,REP,ROBERT MATHENY,12
Harrison,PRECINCT 144A,REP FOR SHERIFF,,REP,ROBERT MATHENY,25
Harrison,PRECINCT 145,REP FOR SHERIFF,,REP,ROBERT MATHENY,24
Harrison,PRECINCT 1,DEM FOR SHERIFF,,DEM,NO CANDIDATE FILED,0
Harrison,PRECINCT 1A,DEM FOR SHERIFF,,DEM,NO CANDIDATE FILED,0
Harrison,PRECINCT 2,DEM FOR SHERIFF,,DEM,NO CANDIDATE FILED,0
Harrison,PRECINCT 4,DEM FOR SHERIFF,,DEM,NO CANDIDATE FILED,0
Harrison,PRECINCT 6,DEM FOR SHERIFF,,DEM,NO CANDIDATE FILED,0
Harrison,PRECINCT 9,DEM FOR SHERIFF,,DEM,NO CANDIDATE FILED,0
Harrison,PRECINCT 10,DEM FOR SHERIFF,,DEM,NO CANDIDATE FILED,0
Harrison,PRECINCT 14,DEM FOR SHERIFF,,DEM,NO CANDIDATE FILED,0
Harrison,PRECINCT 28,DEM FOR SHERIFF,,DEM,NO CANDIDATE FILED,0
Harrison,PRECINCT 33,DEM FOR SHERIFF,,DEM,NO CANDIDATE FILED,0
Harrison,PRECINCT 36A,DEM FOR SHERIFF,,DEM,NO CANDIDATE FILED,0
Harrison,PRECINCT 43,DEM FOR SHERIFF,,DEM,NO CANDIDATE FILED,0
Harrison,PRECINCT 44,DEM FOR SHERIFF,,DEM,NO CANDIDATE FILED,0
Harrison,PRECINCT 45,DEM FOR SHERIFF,,DEM,NO CANDIDATE FILED,0
Harrison,PRECINCT 46,DEM FOR SHERIFF,,DEM,NO CANDIDATE FILED,0
Harrison,PRECINCT 48,DEM FOR SHERIFF,,DEM,NO CANDIDATE FILED,0
Harrison,PRECINCT 50,DEM FOR SHERIFF,,DEM,NO CANDIDATE FILED,0
Harrison,PRECINCT 51,DEM FOR SHERIFF,,DEM,NO CANDIDATE FILED,0
Harrison,PRECINCT 52,DEM FOR SHERIFF,,DEM,NO CANDIDATE FILED,0
Harrison,PRECINCT 53,DEM FOR SHERIFF,,DEM,NO CANDIDATE FILED,0
Harrison,PRECINCT 59,DEM FOR SHERIFF,,DEM,NO CANDIDATE FILED,0
Harrison,PRECINCT 61,DEM FOR SHERIFF,,DEM,NO CANDIDATE FILED,0
Harrison,PRECINCT 63,DEM FOR SHERIFF,,DEM,NO CANDIDATE FILED,0
Harrison,PRECINCT 66,DEM FOR SHERIFF,,DEM,NO CANDIDATE FILED,0
Harrison,PRECINCT 66A,DEM FOR SHERIFF,,DEM,NO CANDIDATE FILED,0
Harrison,PRECINCT 66B,DEM FOR SHERIFF,,DEM,NO CANDIDATE FILED,0
Harrison,PRECINCT 68,DEM FOR SHERIFF,,DEM,NO CANDIDATE FILED,0
Harrison,PRECINCT 74,DEM FOR SHERIFF,,DEM,NO CANDIDATE FILED,0
Harrison,PRECINCT 80,DEM FOR SHERIFF,,DEM,NO CANDIDATE FILED,0
Harrison,PRECINCT 87,DEM FOR SHERIFF,,DEM,NO CANDIDATE FILED,0
Harrison,PRECINCT 92,DEM FOR SHERIFF,,DEM,NO CANDIDATE FILED,0
Harrison,PRECINCT 95,DEM FOR SHERIFF,,DEM,NO CANDIDATE FILED,0
Harrison,PRECINCT 96,DEM FOR SHERIFF,,DEM,NO CANDIDATE FILED,0
Harrison,PRECINCT 98,DEM FOR SHERIFF,,DEM,NO CANDIDATE FILED,0
Harrison,PRECINCT 102,DEM FOR SHERIFF,,DEM,NO CANDIDATE FILED,0
Harrison,PRECINCT 103,DEM FOR SHERIFF,,DEM,NO CANDIDATE FILED,0
Harrison,PRECINCT 104,DEM FOR SHERIFF,,DEM,NO CANDIDATE FILED,0
Harrison,PRECINCT 106,DEM FOR SHERIFF,,DEM,NO CANDIDATE FILED,0
Harrison,PRECINCT 107,DEM FOR SHERIFF,,DEM,NO CANDIDATE FILED,0
Harrison,PRECINCT 108,DEM FOR SHERIFF,,DEM,NO CANDIDATE FILED,0
Harrison,PRECINCT 110,DEM FOR SHERIFF,,DEM,NO CANDIDATE FILED,0
Harrison,PRECINCT 114,DEM FOR SHERIFF,,DEM,NO CANDIDATE FILED,0
Harrison,PRECINCT 114A,DEM FOR SHERIFF,,DEM,NO CANDIDATE FILED,0
Harrison,PRECINCT 118,DEM FOR SHERIFF,,DEM,NO CANDIDATE FILED,0
Harrison,PRECINCT 120,DEM FOR SHERIFF,,DEM,NO CANDIDATE FILED,0
Harrison,PRECINCT 121,DEM FOR SHERIFF,,DEM,NO CANDIDATE FILED,0
Harrison,PRECINCT 122,DEM FOR SHERIFF,,DEM,NO CANDIDATE FILED,0
Harrison,PRECINCT 123,DEM FOR SHERIFF,,DEM,NO CANDIDATE FILED,0
Harrison,PRECINCT 125,DEM FOR SHERIFF,,DEM,NO CANDIDATE FILED,0
Harrison,PRECINCT 126,DEM FOR SHERIFF,,DEM,NO CANDIDATE FILED,0
Harrison,PRECINCT 128,DEM FOR SHERIFF,,DEM,NO CANDIDATE FILED,0
Harrison,PRECINCT 129,DEM FOR SHERIFF,,DEM,NO CANDIDATE FILED,0
Harrison,PRECINCT 129B,DEM FOR SHERIFF,,DEM,NO CANDIDATE FILED,0
Harrison,PRECINCT 129C,DEM FOR SHERIFF,,DEM,NO CANDIDATE FILED,0
Harrison,PRECINCT 130,DEM FOR SHERIFF,,DEM,NO CANDIDATE FILED,0
Harrison,PRECINCT 132,DEM FOR SHERIFF,,DEM,NO CANDIDATE FILED,0
Harrison,PRECINCT 133,DEM FOR SHERIFF,,DEM,NO CANDIDATE FILED,0
Harrison,PRECINCT 134,DEM FOR SHERIFF,,DEM,NO CANDIDATE FILED,0
Harrison,PRECINCT 135,DEM FOR SHERIFF,,DEM,NO CANDIDATE FILED,0
Harrison,PRECINCT 136,DEM FOR SHERIFF,,DEM,NO CANDIDATE FILED,0
Harrison,PRECINCT 137,DEM FOR SHERIFF,,DEM,NO CANDIDATE FILED,0
Harrison,PRECINCT 143,DEM FOR SHERIFF,,DEM,NO CANDIDATE FILED,0
Harrison,PRECINCT 144,DEM FOR SHERIFF,,DEM,NO CANDIDATE FILED,0
Harrison,PRECINCT 144A,DEM FOR SHERIFF,,DEM,NO CANDIDATE FILED,0
Harrison,PRECINCT 145,DEM FOR SHERIFF,,DEM,NO CANDIDATE FILED,0
Harrison,PRECINCT 1,MTN FOR SHERIFF,,MTN,NO CANDIDATE FILED,0
Harrison,PRECINCT 1A,MTN FOR SHERIFF,,MTN,NO CANDIDATE FILED,0
Harrison,PRECINCT 2,MTN FOR SHERIFF,,MTN,NO CANDIDATE FILED,0
Harrison,PRECINCT 4,MTN FOR SHERIFF,,MTN,NO CANDIDATE FILED,0
Harrison,PRECINCT 6,MTN FOR SHERIFF,,MTN,NO CANDIDATE FILED,0
Harrison,PRECINCT 9,MTN FOR SHERIFF,,MTN,NO CANDIDATE FILED,0
Harrison,PRECINCT 10,MTN FOR SHERIFF,,MTN,NO CANDIDATE FILED,0
Harrison,PRECINCT 14,MTN FOR SHERIFF,,MTN,NO CANDIDATE FILED,0
Harrison,PRECINCT 28,MTN FOR SHERIFF,,MTN,NO CANDIDATE FILED,0
Harrison,PRECINCT 33,MTN FOR SHERIFF,,MTN,NO CANDIDATE FILED,0
Harrison,PRECINCT 36A,MTN FOR SHERIFF,,MTN,NO CANDIDATE FILED,0
Harrison,PRECINCT 43,MTN FOR SHERIFF,,MTN,NO CANDIDATE FILED,0
Harrison,PRECINCT 44,MTN FOR SHERIFF,,MTN,NO CANDIDATE FILED,0
Harrison,PRECINCT 45,MTN FOR SHERIFF,,MTN,NO CANDIDATE FILED,0
Harrison,PRECINCT 46,MTN FOR SHERIFF,,MTN,NO CANDIDATE FILED,0
Harrison,PRECINCT 48,MTN FOR SHERIFF,,MTN,NO CANDIDATE FILED,0
Harrison,PRECINCT 50,MTN FOR SHERIFF,,MTN,NO CANDIDATE FILED,0
Harrison,PRECINCT 51,MTN FOR SHERIFF,,MTN,NO CANDIDATE FILED,0
Harrison,PRECINCT 52,MTN FOR SHERIFF,,MTN,NO CANDIDATE FILED,0
Harrison,PRECINCT 53,MTN FOR SHERIFF,,MTN,NO CANDIDATE FILED,0
Harrison,PRECINCT 59,MTN FOR SHERIFF,,MTN,NO CANDIDATE FILED,0
Harrison,PRECINCT 61,MTN FOR SHERIFF,,MTN,NO CANDIDATE FILED,0
Harrison,PRECINCT 63,MTN FOR SHERIFF,,MTN,NO CANDIDATE FILED,0
Harrison,PRECINCT 66,MTN FOR SHERIFF,,MTN,NO CANDIDATE FILED,0
Harrison,PRECINCT 66A,MTN FOR SHERIFF,,MTN,NO CANDIDATE FILED,0
Harrison,PRECINCT 66B,MTN FOR SHERIFF,,MTN,NO CANDIDATE FILED,0
Harrison,PRECINCT 68,MTN FOR SHERIFF,,MTN,NO CANDIDATE FILED,0
Harrison,PRECINCT 74,MTN FOR SHERIFF,,MTN,NO CANDIDATE FILED,0
Harrison,PRECINCT 80,MTN FOR SHERIFF,,MTN,NO CANDIDATE FILED,0
Harrison,PRECINCT 87,MTN FOR SHERIFF,,MTN,NO CANDIDATE FILED,0
Harrison,PRECINCT 92,MTN FOR SHERIFF,,MTN,NO CANDIDATE FILED,0
Harrison,PRECINCT 95,MTN FOR SHERIFF,,MTN,NO CANDIDATE FILED,0
Harrison,PRECINCT 96,MTN FOR SHERIFF,,MTN,NO CANDIDATE FILED,0
Harrison,PRECINCT 98,MTN FOR SHERIFF,,MTN,NO CANDIDATE FILED,0
Harrison,PRECINCT 102,MTN FOR SHERIFF,,MTN,NO CANDIDATE FILED,0
Harrison,PRECINCT 103,MTN FOR SHERIFF,,MTN,NO CANDIDATE FILED,0
Harrison,PRECINCT 104,MTN FOR SHERIFF,,MTN,NO CANDIDATE FILED,0
Harrison,PRECINCT 106,MTN FOR SHERIFF,,MTN,NO CANDIDATE FILED,0
Harrison,PRECINCT 107,MTN FOR SHERIFF,,MTN,NO CANDIDATE FILED,0
Harrison,PRECINCT 108,MTN FOR SHERIFF,,MTN,NO CANDIDATE FILED,0
Harrison,PRECINCT 110,MTN FOR SHERIFF,,MTN,NO CANDIDATE FILED,0
Harrison,PRECINCT 114,MTN FOR SHERIFF,,MTN,NO CANDIDATE FILED,0
Harrison,PRECINCT 114A,MTN FOR SHERIFF,,MTN,NO CANDIDATE FILED,0
Harrison,PRECINCT 118,MTN FOR SHERIFF,,MTN,NO CANDIDATE FILED,0
Harrison,PRECINCT 120,MTN FOR SHERIFF,,MTN,NO CANDIDATE FILED,0
Harrison,PRECINCT 121,MTN FOR SHERIFF,,MTN,NO CANDIDATE FILED,0
Harrison,PRECINCT 122,MTN FOR SHERIFF,,MTN,NO CANDIDATE FILED,0
Harrison,PRECINCT 123,MTN FOR SHERIFF,,MTN,NO CANDIDATE FILED,0
Harrison,PRECINCT 125,MTN FOR SHERIFF,,MTN,NO CANDIDATE FILED,0
Harrison,PRECINCT 126,MTN FOR SHERIFF,,MTN,NO CANDIDATE FILED,0
Harrison,PRECINCT 128,MTN FOR SHERIFF,,MTN,NO CANDIDATE FILED,0
Harrison,PRECINCT 129,MTN FOR SHERIFF,,MTN,NO CANDIDATE FILED,0
Harrison,PRECINCT 129B,MTN FOR SHERIFF,,MTN,NO CANDIDATE FILED,0
Harrison,PRECINCT 129C,MTN FOR SHERIFF,,MTN,NO CANDIDATE FILED,0
Harrison,PRECINCT 130,MTN FOR SHERIFF,,MTN,NO CANDIDATE FILED,0
Harrison,PRECINCT 132,MTN FOR SHERIFF,,MTN,NO CANDIDATE FILED,0
Harrison,PRECINCT 133,MTN FOR SHERIFF,,MTN,NO CANDIDATE FILED,0
Harrison,PRECINCT 134,MTN FOR SHERIFF,,MTN,NO CANDIDATE FILED,0
Harrison,PRECINCT 135,MTN FOR SHERIFF,,MTN,NO CANDIDATE FILED,0
Harrison,PRECINCT 136,MTN FOR SHERIFF,,MTN,NO CANDIDATE FILED,0
Harrison,PRECINCT 137,MTN FOR SHERIFF,,MTN,NO CANDIDATE FILED,0
Harrison,PRECINCT 143,MTN FOR SHERIFF,,MTN,NO CANDIDATE FILED,0
Harrison,PRECINCT 144,MTN FOR SHERIFF,,MTN,NO CANDIDATE FILED,0
Harrison,PRECINCT 144A,MTN FOR SHERIFF,,MTN,NO CANDIDATE FILED,0
Harrison,PRECINCT 145,MTN FOR SHERIFF,,MTN,NO CANDIDATE FILED,0
Harrison,PRECINCT 1,REP FOR ASSESSOR,,REP,ALLEN R. FERREE,199
Harrison,PRECINCT 1A,REP FOR ASSESSOR,,REP,ALLEN R. FERREE,14
Harrison,PRECINCT 2,REP FOR ASSESSOR,,REP,ALLEN R. FERREE,28
Harrison,PRECINCT 4,REP FOR ASSESSOR,,REP,ALLEN R. FERREE,174
Harrison,PRECINCT 6,REP FOR ASSESSOR,,REP,ALLEN R. FERREE,136
Harrison,PRECINCT 9,REP FOR ASSESSOR,,REP,ALLEN R. FERREE,67
Harrison,PRECINCT 10,REP FOR ASSESSOR,,REP,ALLEN R. FERREE,85
Harrison,PRECINCT 14,REP FOR ASSESSOR,,REP,ALLEN R. FERREE,196
Harrison,PRECINCT 28,REP FOR ASSESSOR,,REP,ALLEN R. FERREE,119
Harrison,PRECINCT 33,REP FOR ASSESSOR,,REP,ALLEN R. FERREE,180
Harrison,PRECINCT 36A,REP FOR ASSESSOR,,REP,ALLEN R. FERREE,72
Harrison,PRECINCT 43,REP FOR ASSESSOR,,REP,ALLEN R. FERREE,65
Harrison,PRECINCT 44,REP FOR ASSESSOR,,REP,ALLEN R. FERREE,54
Harrison,PRECINCT 45,REP FOR ASSESSOR,,REP,ALLEN R. FERREE,104
Harrison,PRECINCT 46,REP FOR ASSESSOR,,REP,ALLEN R. FERREE,88
Harrison,PRECINCT 48,REP FOR ASSESSOR,,REP,ALLEN R. FERREE,103
Harrison,PRECINCT 50,REP FOR ASSESSOR,,REP,ALLEN R. FERREE,96
Harrison,PRECINCT 51,REP FOR ASSESSOR,,REP,ALLEN R. FERREE,41
Harrison,PRECINCT 52,REP FOR ASSESSOR,,REP,ALLEN R. FERREE,84
Harrison,PRECINCT 53,REP FOR ASSESSOR,,REP,ALLEN R. FERREE,45
Harrison,PRECINCT 59,REP FOR ASSESSOR,,REP,ALLEN R. FERREE,62
Harrison,PRECINCT 61,REP FOR ASSESSOR,,REP,ALLEN R. FERREE,124
Harrison,PRECINCT 63,REP FOR ASSESSOR,,REP,ALLEN R. FERREE,120
Harrison,PRECINCT 66,REP FOR ASSESSOR,,REP,ALLEN R. FERREE,55
Harrison,PRECINCT 66A,REP FOR ASSESSOR,,REP,ALLEN R. FERREE,0
Harrison,PRECINCT 66B,REP FOR ASSESSOR,,REP,ALLEN R. FERREE,10
Harrison,PRECINCT 68,REP FOR ASSESSOR,,REP,ALLEN R. FERREE,90
Harrison,PRECINCT 74,REP FOR ASSESSOR,,REP,ALLEN R. FERREE,160
Harrison,PRECINCT 80,REP FOR ASSESSOR,,REP,ALLEN R. FERREE,168
Harrison,PRECINCT 87,REP FOR ASSESSOR,,REP,ALLEN R. FERREE,48
Harrison,PRECINCT 92,REP FOR ASSESSOR,,REP,ALLEN R. FERREE,92
Harrison,PRECINCT 95,REP FOR ASSESSOR,,REP,ALLEN R. FERREE,65
Harrison,PRECINCT 96,REP FOR ASSESSOR,,REP,ALLEN R. FERREE,85
Harrison,PRECINCT 98,REP FOR ASSESSOR,,REP,ALLEN R. FERREE,63
Harrison,PRECINCT 102,REP FOR ASSESSOR,,REP,ALLEN R. FERREE,276
Harrison,PRECINCT 103,REP FOR ASSESSOR,,REP,ALLEN R. FERREE,67
Harrison,PRECINCT 104,REP FOR ASSESSOR,,REP,ALLEN R. FERREE,77
Harrison,PRECINCT 106,REP FOR ASSESSOR,,REP,ALLEN R. FERREE,75
Harrison,PRECINCT 107,REP FOR ASSESSOR,,REP,ALLEN R. FERREE,49
Harrison,PRECINCT 108,REP FOR ASSESSOR,,REP,ALLEN R. FERREE,143
Harrison,PRECINCT 110,REP FOR ASSESSOR,,REP,ALLEN R. FERREE,118
Harrison,PRECINCT 114,REP FOR ASSESSOR,,REP,ALLEN R. FERREE,65
Harrison,PRECINCT 114A,REP FOR ASSESSOR,,REP,ALLEN R. FERREE,23
Harrison,PRECINCT 118,REP FOR ASSESSOR,,REP,ALLEN R. FERREE,68
Harrison,PRECINCT 120,REP FOR ASSESSOR,,REP,ALLEN R. FERREE,135
Harrison,PRECINCT 121,REP FOR ASSESSOR,,REP,ALLEN R. FERREE,36
Harrison,PRECINCT 122,REP FOR ASSESSOR,,REP,ALLEN R. FERREE,76
Harrison,PRECINCT 123,REP FOR ASSESSOR,,REP,ALLEN R. FERREE,378
Harrison,PRECINCT 125,REP FOR ASSESSOR,,REP,ALLEN R. FERREE,181
Harrison,PRECINCT 126,REP FOR ASSESSOR,,REP,ALLEN R. FERREE,126
Harrison,PRECINCT 128,REP FOR ASSESSOR,,REP,ALLEN R. FERREE,147
Harrison,PRECINCT 129,REP FOR ASSESSOR,,REP,ALLEN R. FERREE,255
Harrison,PRECINCT 129B,REP FOR ASSESSOR,,REP,ALLEN R. FERREE,262
Harrison,PRECINCT 129C,REP FOR ASSESSOR,,REP,ALLEN R. FERREE,95
Harrison,PRECINCT 130,REP FOR ASSESSOR,,REP,ALLEN R. FERREE,65
Harrison,PRECINCT 132,REP FOR ASSESSOR,,REP,ALLEN R. FERREE,43
Harrison,PRECINCT 133,REP FOR ASSESSOR,,REP,ALLEN R. FERREE,151
Harrison,PRECINCT 134,REP FOR ASSESSOR,,REP,ALLEN R. FERREE,123
Harrison,PRECINCT 135,REP FOR ASSESSOR,,REP,ALLEN R. FERREE,52
Harrison,PRECINCT 136,REP FOR ASSESSOR,,REP,ALLEN R. FERREE,38
Harrison,PRECINCT 137,REP FOR ASSESSOR,,REP,ALLEN R. FERREE,26
Harrison,PRECINCT 143,REP FOR ASSESSOR,,REP,ALLEN R. FERREE,243
Harrison,PRECINCT 144,REP FOR ASSESSOR,,REP,ALLEN R. FERREE,58
Harrison,PRECINCT 144A,REP FOR ASSESSOR,,REP,ALLEN R. FERREE,77
Harrison,PRECINCT 145,REP FOR ASSESSOR,,REP,ALLEN R. FERREE,109
Harrison,PRECINCT 1,DEM FOR ASSESSOR,,DEM,ROCKY  ROMANO,142
Harrison,PRECINCT 1A,DEM FOR ASSESSOR,,DEM,ROCKY  ROMANO,12
Harrison,PRECINCT 2,DEM FOR ASSESSOR,,DEM,ROCKY  ROMANO,14
Harrison,PRECINCT 4,DEM FOR ASSESSOR,,DEM,ROCKY  ROMANO,151
Harrison,PRECINCT 6,DEM FOR ASSESSOR,,DEM,ROCKY  ROMANO,130
Harrison,PRECINCT 9,DEM FOR ASSESSOR,,DEM,ROCKY  ROMANO,68
Harrison,PRECINCT 10,DEM FOR ASSESSOR,,DEM,ROCKY  ROMANO,37
Harrison,PRECINCT 14,DEM FOR ASSESSOR,,DEM,ROCKY  ROMANO,215
Harrison,PRECINCT 28,DEM FOR ASSESSOR,,DEM,ROCKY  ROMANO,113
Harrison,PRECINCT 33,DEM FOR ASSESSOR,,DEM,ROCKY  ROMANO,150
Harrison,PRECINCT 36A,DEM FOR ASSESSOR,,DEM,ROCKY  ROMANO,47
Harrison,PRECINCT 43,DEM FOR ASSESSOR,,DEM,ROCKY  ROMANO,21
Harrison,PRECINCT 44,DEM FOR ASSESSOR,,DEM,ROCKY  ROMANO,31
Harrison,PRECINCT 45,DEM FOR ASSESSOR,,DEM,ROCKY  ROMANO,42
Harrison,PRECINCT 46,DEM FOR ASSESSOR,,DEM,ROCKY  ROMANO,44
Harrison,PRECINCT 48,DEM FOR ASSESSOR,,DEM,ROCKY  ROMANO,59
Harrison,PRECINCT 50,DEM FOR ASSESSOR,,DEM,ROCKY  ROMANO,60
Harrison,PRECINCT 51,DEM FOR ASSESSOR,,DEM,ROCKY  ROMANO,39
Harrison,PRECINCT 52,DEM FOR ASSESSOR,,DEM,ROCKY  ROMANO,50
Harrison,PRECINCT 53,DEM FOR ASSESSOR,,DEM,ROCKY  ROMANO,19
Harrison,PRECINCT 59,DEM FOR ASSESSOR,,DEM,ROCKY  ROMANO,57
Harrison,PRECINCT 61,DEM FOR ASSESSOR,,DEM,ROCKY  ROMANO,74
Harrison,PRECINCT 63,DEM FOR ASSESSOR,,DEM,ROCKY  ROMANO,73
Harrison,PRECINCT 66,DEM FOR ASSESSOR,,DEM,ROCKY  ROMANO,42
Harrison,PRECINCT 66A,DEM FOR ASSESSOR,,DEM,ROCKY  ROMANO,13
Harrison,PRECINCT 66B,DEM FOR ASSESSOR,,DEM,ROCKY  ROMANO,9
Harrison,PRECINCT 68,DEM FOR ASSESSOR,,DEM,ROCKY  ROMANO,143
Harrison,PRECINCT 74,DEM FOR ASSESSOR,,DEM,ROCKY  ROMANO,127
Harrison,PRECINCT 80,DEM FOR ASSESSOR,,DEM,ROCKY  ROMANO,196
Harrison,PRECINCT 87,DEM FOR ASSESSOR,,DEM,ROCKY  ROMANO,22
Harrison,PRECINCT 92,DEM FOR ASSESSOR,,DEM,ROCKY  ROMANO,29
Harrison,PRECINCT 95,DEM FOR ASSESSOR,,DEM,ROCKY  ROMANO,36
Harrison,PRECINCT 96,DEM FOR ASSESSOR,,DEM,ROCKY  ROMANO,56
Harrison,PRECINCT 98,DEM FOR ASSESSOR,,DEM,ROCKY  ROMANO,18
Harrison,PRECINCT 102,DEM FOR ASSESSOR,,DEM,ROCKY  ROMANO,111
Harrison,PRECINCT 103,DEM FOR ASSESSOR,,DEM,ROCKY  ROMANO,18
Harrison,PRECINCT 104,DEM FOR ASSESSOR,,DEM,ROCKY  ROMANO,23
Harrison,PRECINCT 106,DEM FOR ASSESSOR,,DEM,ROCKY  ROMANO,40
Harrison,PRECINCT 107,DEM FOR ASSESSOR,,DEM,ROCKY  ROMANO,17
Harrison,PRECINCT 108,DEM FOR ASSESSOR,,DEM,ROCKY  ROMANO,45
Harrison,PRECINCT 110,DEM FOR ASSESSOR,,DEM,ROCKY  ROMANO,45
Harrison,PRECINCT 114,DEM FOR ASSESSOR,,DEM,ROCKY  ROMANO,43
Harrison,PRECINCT 114A,DEM FOR ASSESSOR,,DEM,ROCKY  ROMANO,6
Harrison,PRECINCT 118,DEM FOR ASSESSOR,,DEM,ROCKY  ROMANO,17
Harrison,PRECINCT 120,DEM FOR ASSESSOR,,DEM,ROCKY  ROMANO,41
Harrison,PRECINCT 121,DEM FOR ASSESSOR,,DEM,ROCKY  ROMANO,27
Harrison,PRECINCT 122,DEM FOR ASSESSOR,,DEM,ROCKY  ROMANO,18
Harrison,PRECINCT 123,DEM FOR ASSESSOR,,DEM,ROCKY  ROMANO,238
Harrison,PRECINCT 125,DEM FOR ASSESSOR,,DEM,ROCKY  ROMANO,126
Harrison,PRECINCT 126,DEM FOR ASSESSOR,,DEM,ROCKY  ROMANO,87
Harrison,PRECINCT 128,DEM FOR ASSESSOR,,DEM,ROCKY  ROMANO,80
Harrison,PRECINCT 129,DEM FOR ASSESSOR,,DEM,ROCKY  ROMANO,179
Harrison,PRECINCT 129B,DEM FOR ASSESSOR,,DEM,ROCKY  ROMANO,156
Harrison,PRECINCT 129C,DEM FOR ASSESSOR,,DEM,ROCKY  ROMANO,51
Harrison,PRECINCT 130,DEM FOR ASSESSOR,,DEM,ROCKY  ROMANO,20
Harrison,PRECINCT 132,DEM FOR ASSESSOR,,DEM,ROCKY  ROMANO,23
Harrison,PRECINCT 133,DEM FOR ASSESSOR,,DEM,ROCKY  ROMANO,65
Harrison,PRECINCT 134,DEM FOR ASSESSOR,,DEM,ROCKY  ROMANO,24
Harrison,PRECINCT 135,DEM FOR ASSESSOR,,DEM,ROCKY  ROMANO,3
Harrison,PRECINCT 136,DEM FOR ASSESSOR,,DEM,ROCKY  ROMANO,7
Harrison,PRECINCT 137,DEM FOR ASSESSOR,,DEM,ROCKY  ROMANO,9
Harrison,PRECINCT 143,DEM FOR ASSESSOR,,DEM,ROCKY  ROMANO,71
Harrison,PRECINCT 144,DEM FOR ASSESSOR,,DEM,ROCKY  ROMANO,27
Harrison,PRECINCT 144A,DEM FOR ASSESSOR,,DEM,ROCKY  ROMANO,26
Harrison,PRECINCT 145,DEM FOR ASSESSOR,,DEM,ROCKY  ROMANO,43
Harrison,PRECINCT 1,MTN FOR ASSESSOR,,MTN,NO CANDIDATE FILED,0
Harrison,PRECINCT 1A,MTN FOR ASSESSOR,,MTN,NO CANDIDATE FILED,0
Harrison,PRECINCT 2,MTN FOR ASSESSOR,,MTN,NO CANDIDATE FILED,0
Harrison,PRECINCT 4,MTN FOR ASSESSOR,,MTN,NO CANDIDATE FILED,0
Harrison,PRECINCT 6,MTN FOR ASSESSOR,,MTN,NO CANDIDATE FILED,0
Harrison,PRECINCT 9,MTN FOR ASSESSOR,,MTN,NO CANDIDATE FILED,0
Harrison,PRECINCT 10,MTN FOR ASSESSOR,,MTN,NO CANDIDATE FILED,0
Harrison,PRECINCT 14,MTN FOR ASSESSOR,,MTN,NO CANDIDATE FILED,0
Harrison,PRECINCT 28,MTN FOR ASSESSOR,,MTN,NO CANDIDATE FILED,0
Harrison,PRECINCT 33,MTN FOR ASSESSOR,,MTN,NO CANDIDATE FILED,0
Harrison,PRECINCT 36A,MTN FOR ASSESSOR,,MTN,NO CANDIDATE FILED,0
Harrison,PRECINCT 43,MTN FOR ASSESSOR,,MTN,NO CANDIDATE FILED,0
Harrison,PRECINCT 44,MTN FOR ASSESSOR,,MTN,NO CANDIDATE FILED,0
Harrison,PRECINCT 45,MTN FOR ASSESSOR,,MTN,NO CANDIDATE FILED,0
Harrison,PRECINCT 46,MTN FOR ASSESSOR,,MTN,NO CANDIDATE FILED,0
Harrison,PRECINCT 48,MTN FOR ASSESSOR,,MTN,NO CANDIDATE FILED,0
Harrison,PRECINCT 50,MTN FOR ASSESSOR,,MTN,NO CANDIDATE FILED,0
Harrison,PRECINCT 51,MTN FOR ASSESSOR,,MTN,NO CANDIDATE FILED,0
Harrison,PRECINCT 52,MTN FOR ASSESSOR,,MTN,NO CANDIDATE FILED,0
Harrison,PRECINCT 53,MTN FOR ASSESSOR,,MTN,NO CANDIDATE FILED,0
Harrison,PRECINCT 59,MTN FOR ASSESSOR,,MTN,NO CANDIDATE FILED,0
Harrison,PRECINCT 61,MTN FOR ASSESSOR,,MTN,NO CANDIDATE FILED,0
Harrison,PRECINCT 63,MTN FOR ASSESSOR,,MTN,NO CANDIDATE FILED,0
Harrison,PRECINCT 66,MTN FOR ASSESSOR,,MTN,NO CANDIDATE FILED,0
Harrison,PRECINCT 66A,MTN FOR ASSESSOR,,MTN,NO CANDIDATE FILED,0
Harrison,PRECINCT 66B,MTN FOR ASSESSOR,,MTN,NO CANDIDATE FILED,0
Harrison,PRECINCT 68,MTN FOR ASSESSOR,,MTN,NO CANDIDATE FILED,0
Harrison,PRECINCT 74,MTN FOR ASSESSOR,,MTN,NO CANDIDATE FILED,0
Harrison,PRECINCT 80,MTN FOR ASSESSOR,,MTN,NO CANDIDATE FILED,0
Harrison,PRECINCT 87,MTN FOR ASSESSOR,,MTN,NO CANDIDATE FILED,0
Harrison,PRECINCT 92,MTN FOR ASSESSOR,,MTN,NO CANDIDATE FILED,0
Harrison,PRECINCT 95,MTN FOR ASSESSOR,,MTN,NO CANDIDATE FILED,0
Harrison,PRECINCT 96,MTN FOR ASSESSOR,,MTN,NO CANDIDATE FILED,0
Harrison,PRECINCT 98,MTN FOR ASSESSOR,,MTN,NO CANDIDATE FILED,0
Harrison,PRECINCT 102,MTN FOR ASSESSOR,,MTN,NO CANDIDATE FILED,0
Harrison,PRECINCT 103,MTN FOR ASSESSOR,,MTN,NO CANDIDATE FILED,0
Harrison,PRECINCT 104,MTN FOR ASSESSOR,,MTN,NO CANDIDATE FILED,0
Harrison,PRECINCT 106,MTN FOR ASSESSOR,,MTN,NO CANDIDATE FILED,0
Harrison,PRECINCT 107,MTN FOR ASSESSOR,,MTN,NO CANDIDATE FILED,0
Harrison,PRECINCT 108,MTN FOR ASSESSOR,,MTN,NO CANDIDATE FILED,0
Harrison,PRECINCT 110,MTN FOR ASSESSOR,,MTN,NO CANDIDATE FILED,0
Harrison,PRECINCT 114,MTN FOR ASSESSOR,,MTN,NO CANDIDATE FILED,0
Harrison,PRECINCT 114A,MTN FOR ASSESSOR,,MTN,NO CANDIDATE FILED,0
Harrison,PRECINCT 118,MTN FOR ASSESSOR,,MTN,NO CANDIDATE FILED,0
Harrison,PRECINCT 120,MTN FOR ASSESSOR,,MTN,NO CANDIDATE FILED,0
Harrison,PRECINCT 121,MTN FOR ASSESSOR,,MTN,NO CANDIDATE FILED,0
Harrison,PRECINCT 122,MTN FOR ASSESSOR,,MTN,NO CANDIDATE FILED,0
Harrison,PRECINCT 123,MTN FOR ASSESSOR,,MTN,NO CANDIDATE FILED,0
Harrison,PRECINCT 125,MTN FOR ASSESSOR,,MTN,NO CANDIDATE FILED,0
Harrison,PRECINCT 126,MTN FOR ASSESSOR,,MTN,NO CANDIDATE FILED,0
Harrison,PRECINCT 128,MTN FOR ASSESSOR,,MTN,NO CANDIDATE FILED,0
Harrison,PRECINCT 129,MTN FOR ASSESSOR,,MTN,NO CANDIDATE FILED,0
Harrison,PRECINCT 129B,MTN FOR ASSESSOR,,MTN,NO CANDIDATE FILED,0
Harrison,PRECINCT 129C,MTN FOR ASSESSOR,,MTN,NO CANDIDATE FILED,0
Harrison,PRECINCT 130,MTN FOR ASSESSOR,,MTN,NO CANDIDATE FILED,0
Harrison,PRECINCT 132,MTN FOR ASSESSOR,,MTN,NO CANDIDATE FILED,0
Harrison,PRECINCT 133,MTN FOR ASSESSOR,,MTN,NO CANDIDATE FILED,0
Harrison,PRECINCT 134,MTN FOR ASSESSOR,,MTN,NO CANDIDATE FILED,0
Harrison,PRECINCT 135,MTN FOR ASSESSOR,,MTN,NO CANDIDATE FILED,0
Harrison,PRECINCT 136,MTN FOR ASSESSOR,,MTN,NO CANDIDATE FILED,0
Harrison,PRECINCT 137,MTN FOR ASSESSOR,,MTN,NO CANDIDATE FILED,0
Harrison,PRECINCT 143,MTN FOR ASSESSOR,,MTN,NO CANDIDATE FILED,0
Harrison,PRECINCT 144,MTN FOR ASSESSOR,,MTN,NO CANDIDATE FILED,0
Harrison,PRECINCT 144A,MTN FOR ASSESSOR,,MTN,NO CANDIDATE FILED,0
Harrison,PRECINCT 145,MTN FOR ASSESSOR,,MTN,NO CANDIDATE FILED,0
Harrison,PRECINCT 1,REP FOR SURVEYOR,,REP,NO CANDIDATE FILED,0
Harrison,PRECINCT 1A,REP FOR SURVEYOR,,REP,NO CANDIDATE FILED,0
Harrison,PRECINCT 2,REP FOR SURVEYOR,,REP,NO CANDIDATE FILED,0
Harrison,PRECINCT 4,REP FOR SURVEYOR,,REP,NO CANDIDATE FILED,0
Harrison,PRECINCT 6,REP FOR SURVEYOR,,REP,NO CANDIDATE FILED,0
Harrison,PRECINCT 9,REP FOR SURVEYOR,,REP,NO CANDIDATE FILED,0
Harrison,PRECINCT 10,REP FOR SURVEYOR,,REP,NO CANDIDATE FILED,0
Harrison,PRECINCT 14,REP FOR SURVEYOR,,REP,NO CANDIDATE FILED,0
Harrison,PRECINCT 28,REP FOR SURVEYOR,,REP,NO CANDIDATE FILED,0
Harrison,PRECINCT 33,REP FOR SURVEYOR,,REP,NO CANDIDATE FILED,0
Harrison,PRECINCT 36A,REP FOR SURVEYOR,,REP,NO CANDIDATE FILED,0
Harrison,PRECINCT 43,REP FOR SURVEYOR,,REP,NO CANDIDATE FILED,0
Harrison,PRECINCT 44,REP FOR SURVEYOR,,REP,NO CANDIDATE FILED,0
Harrison,PRECINCT 45,REP FOR SURVEYOR,,REP,NO CANDIDATE FILED,0
Harrison,PRECINCT 46,REP FOR SURVEYOR,,REP,NO CANDIDATE FILED,0
Harrison,PRECINCT 48,REP FOR SURVEYOR,,REP,NO CANDIDATE FILED,0
Harrison,PRECINCT 50,REP FOR SURVEYOR,,REP,NO CANDIDATE FILED,0
Harrison,PRECINCT 51,REP FOR SURVEYOR,,REP,NO CANDIDATE FILED,0
Harrison,PRECINCT 52,REP FOR SURVEYOR,,REP,NO CANDIDATE FILED,0
Harrison,PRECINCT 53,REP FOR SURVEYOR,,REP,NO CANDIDATE FILED,0
Harrison,PRECINCT 59,REP FOR SURVEYOR,,REP,NO CANDIDATE FILED,0
Harrison,PRECINCT 61,REP FOR SURVEYOR,,REP,NO CANDIDATE FILED,0
Harrison,PRECINCT 63,REP FOR SURVEYOR,,REP,NO CANDIDATE FILED,0
Harrison,PRECINCT 66,REP FOR SURVEYOR,,REP,NO CANDIDATE FILED,0
Harrison,PRECINCT 66A,REP FOR SURVEYOR,,REP,NO CANDIDATE FILED,0
Harrison,PRECINCT 66B,REP FOR SURVEYOR,,REP,NO CANDIDATE FILED,0
Harrison,PRECINCT 68,REP FOR SURVEYOR,,REP,NO CANDIDATE FILED,0
Harrison,PRECINCT 74,REP FOR SURVEYOR,,REP,NO CANDIDATE FILED,0
Harrison,PRECINCT 80,REP FOR SURVEYOR,,REP,NO CANDIDATE FILED,0
Harrison,PRECINCT 87,REP FOR SURVEYOR,,REP,NO CANDIDATE FILED,0
Harrison,PRECINCT 92,REP FOR SURVEYOR,,REP,NO CANDIDATE FILED,0
Harrison,PRECINCT 95,REP FOR SURVEYOR,,REP,NO CANDIDATE FILED,0
Harrison,PRECINCT 96,REP FOR SURVEYOR,,REP,NO CANDIDATE FILED,0
Harrison,PRECINCT 98,REP FOR SURVEYOR,,REP,NO CANDIDATE FILED,0
Harrison,PRECINCT 102,REP FOR SURVEYOR,,REP,NO CANDIDATE FILED,0
Harrison,PRECINCT 103,REP FOR SURVEYOR,,REP,NO CANDIDATE FILED,0
Harrison,PRECINCT 104,REP FOR SURVEYOR,,REP,NO CANDIDATE FILED,0
Harrison,PRECINCT 106,REP FOR SURVEYOR,,REP,NO CANDIDATE FILED,0
Harrison,PRECINCT 107,REP FOR SURVEYOR,,REP,NO CANDIDATE FILED,0
Harrison,PRECINCT 108,REP FOR SURVEYOR,,REP,NO CANDIDATE FILED,0
Harrison,PRECINCT 110,REP FOR SURVEYOR,,REP,NO CANDIDATE FILED,0
Harrison,PRECINCT 114,REP FOR SURVEYOR,,REP,NO CANDIDATE FILED,0
Harrison,PRECINCT 114A,REP FOR SURVEYOR,,REP,NO CANDIDATE FILED,0
Harrison,PRECINCT 118,REP FOR SURVEYOR,,REP,NO CANDIDATE FILED,0
Harrison,PRECINCT 120,REP FOR SURVEYOR,,REP,NO CANDIDATE FILED,0
Harrison,PRECINCT 121,REP FOR SURVEYOR,,REP,NO CANDIDATE FILED,0
Harrison,PRECINCT 122,REP FOR SURVEYOR,,REP,NO CANDIDATE FILED,0
Harrison,PRECINCT 123,REP FOR SURVEYOR,,REP,NO CANDIDATE FILED,0
Harrison,PRECINCT 125,REP FOR SURVEYOR,,REP,NO CANDIDATE FILED,0
Harrison,PRECINCT 126,REP FOR SURVEYOR,,REP,NO CANDIDATE FILED,0
Harrison,PRECINCT 128,REP FOR SURVEYOR,,REP,NO CANDIDATE FILED,0
Harrison,PRECINCT 129,REP FOR SURVEYOR,,REP,NO CANDIDATE FILED,0
Harrison,PRECINCT 129B,REP FOR SURVEYOR,,REP,NO CANDIDATE FILED,0
Harrison,PRECINCT 129C,REP FOR SURVEYOR,,REP,NO CANDIDATE FILED,0
Harrison,PRECINCT 130,REP FOR SURVEYOR,,REP,NO CANDIDATE FILED,0
Harrison,PRECINCT 132,REP FOR SURVEYOR,,REP,NO CANDIDATE FILED,0
Harrison,PRECINCT 133,REP FOR SURVEYOR,,REP,NO CANDIDATE FILED,0
Harrison,PRECINCT 134,REP FOR SURVEYOR,,REP,NO CANDIDATE FILED,0
Harrison,PRECINCT 135,REP FOR SURVEYOR,,REP,NO CANDIDATE FILED,0
Harrison,PRECINCT 136,REP FOR SURVEYOR,,REP,NO CANDIDATE FILED,0
Harrison,PRECINCT 137,REP FOR SURVEYOR,,REP,NO CANDIDATE FILED,0
Harrison,PRECINCT 143,REP FOR SURVEYOR,,REP,NO CANDIDATE FILED,0
Harrison,PRECINCT 144,REP FOR SURVEYOR,,REP,NO CANDIDATE FILED,0
Harrison,PRECINCT 144A,REP FOR SURVEYOR,,REP,NO CANDIDATE FILED,0
Harrison,PRECINCT 145,REP FOR SURVEYOR,,REP,NO CANDIDATE FILED,0
Harrison,PRECINCT 1,DEM FOR SURVEYOR,,DEM,NO CANDIDATE FILED,0
Harrison,PRECINCT 1A,DEM FOR SURVEYOR,,DEM,NO CANDIDATE FILED,0
Harrison,PRECINCT 2,DEM FOR SURVEYOR,,DEM,NO CANDIDATE FILED,0
Harrison,PRECINCT 4,DEM FOR SURVEYOR,,DEM,NO CANDIDATE FILED,0
Harrison,PRECINCT 6,DEM FOR SURVEYOR,,DEM,NO CANDIDATE FILED,0
Harrison,PRECINCT 9,DEM FOR SURVEYOR,,DEM,NO CANDIDATE FILED,0
Harrison,PRECINCT 10,DEM FOR SURVEYOR,,DEM,NO CANDIDATE FILED,0
Harrison,PRECINCT 14,DEM FOR SURVEYOR,,DEM,NO CANDIDATE FILED,0
Harrison,PRECINCT 28,DEM FOR SURVEYOR,,DEM,NO CANDIDATE FILED,0
Harrison,PRECINCT 33,DEM FOR SURVEYOR,,DEM,NO CANDIDATE FILED,0
Harrison,PRECINCT 36A,DEM FOR SURVEYOR,,DEM,NO CANDIDATE FILED,0
Harrison,PRECINCT 43,DEM FOR SURVEYOR,,DEM,NO CANDIDATE FILED,0
Harrison,PRECINCT 44,DEM FOR SURVEYOR,,DEM,NO CANDIDATE FILED,0
Harrison,PRECINCT 45,DEM FOR SURVEYOR,,DEM,NO CANDIDATE FILED,0
Harrison,PRECINCT 46,DEM FOR SURVEYOR,,DEM,NO CANDIDATE FILED,0
Harrison,PRECINCT 48,DEM FOR SURVEYOR,,DEM,NO CANDIDATE FILED,0
Harrison,PRECINCT 50,DEM FOR SURVEYOR,,DEM,NO CANDIDATE FILED,0
Harrison,PRECINCT 51,DEM FOR SURVEYOR,,DEM,NO CANDIDATE FILED,0
Harrison,PRECINCT 52,DEM FOR SURVEYOR,,DEM,NO CANDIDATE FILED,0
Harrison,PRECINCT 53,DEM FOR SURVEYOR,,DEM,NO CANDIDATE FILED,0
Harrison,PRECINCT 59,DEM FOR SURVEYOR,,DEM,NO CANDIDATE FILED,0
Harrison,PRECINCT 61,DEM FOR SURVEYOR,,DEM,NO CANDIDATE FILED,0
Harrison,PRECINCT 63,DEM FOR SURVEYOR,,DEM,NO CANDIDATE FILED,0
Harrison,PRECINCT 66,DEM FOR SURVEYOR,,DEM,NO CANDIDATE FILED,0
Harrison,PRECINCT 66A,DEM FOR SURVEYOR,,DEM,NO CANDIDATE FILED,0
Harrison,PRECINCT 66B,DEM FOR SURVEYOR,,DEM,NO CANDIDATE FILED,0
Harrison,PRECINCT 68,DEM FOR SURVEYOR,,DEM,NO CANDIDATE FILED,0
Harrison,PRECINCT 74,DEM FOR SURVEYOR,,DEM,NO CANDIDATE FILED,0
Harrison,PRECINCT 80,DEM FOR SURVEYOR,,DEM,NO CANDIDATE FILED,0
Harrison,PRECINCT 87,DEM FOR SURVEYOR,,DEM,NO CANDIDATE FILED,0
Harrison,PRECINCT 92,DEM FOR SURVEYOR,,DEM,NO CANDIDATE FILED,0
Harrison,PRECINCT 95,DEM FOR SURVEYOR,,DEM,NO CANDIDATE FILED,0
Harrison,PRECINCT 96,DEM FOR SURVEYOR,,DEM,NO CANDIDATE FILED,0
Harrison,PRECINCT 98,DEM FOR SURVEYOR,,DEM,NO CANDIDATE FILED,0
Harrison,PRECINCT 102,DEM FOR SURVEYOR,,DEM,NO CANDIDATE FILED,0
Harrison,PRECINCT 103,DEM FOR SURVEYOR,,DEM,NO CANDIDATE FILED,0
Harrison,PRECINCT 104,DEM FOR SURVEYOR,,DEM,NO CANDIDATE FILED,0
Harrison,PRECINCT 106,DEM FOR SURVEYOR,,DEM,NO CANDIDATE FILED,0
Harrison,PRECINCT 107,DEM FOR SURVEYOR,,DEM,NO CANDIDATE FILED,0
Harrison,PRECINCT 108,DEM FOR SURVEYOR,,DEM,NO CANDIDATE FILED,0
Harrison,PRECINCT 110,DEM FOR SURVEYOR,,DEM,NO CANDIDATE FILED,0
Harrison,PRECINCT 114,DEM FOR SURVEYOR,,DEM,NO CANDIDATE FILED,0
Harrison,PRECINCT 114A,DEM FOR SURVEYOR,,DEM,NO CANDIDATE FILED,0
Harrison,PRECINCT 118,DEM FOR SURVEYOR,,DEM,NO CANDIDATE FILED,0
Harrison,PRECINCT 120,DEM FOR SURVEYOR,,DEM,NO CANDIDATE FILED,0
Harrison,PRECINCT 121,DEM FOR SURVEYOR,,DEM,NO CANDIDATE FILED,0
Harrison,PRECINCT 122,DEM FOR SURVEYOR,,DEM,NO CANDIDATE FILED,0
Harrison,PRECINCT 123,DEM FOR SURVEYOR,,DEM,NO CANDIDATE FILED,0
Harrison,PRECINCT 125,DEM FOR SURVEYOR,,DEM,NO CANDIDATE FILED,0
Harrison,PRECINCT 126,DEM FOR SURVEYOR,,DEM,NO CANDIDATE FILED,0
Harrison,PRECINCT 128,DEM FOR SURVEYOR,,DEM,NO CANDIDATE FILED,0
Harrison,PRECINCT 129,DEM FOR SURVEYOR,,DEM,NO CANDIDATE FILED,0
Harrison,PRECINCT 129B,DEM FOR SURVEYOR,,DEM,NO CANDIDATE FILED,0
Harrison,PRECINCT 129C,DEM FOR SURVEYOR,,DEM,NO CANDIDATE FILED,0
Harrison,PRECINCT 130,DEM FOR SURVEYOR,,DEM,NO CANDIDATE FILED,0
Harrison,PRECINCT 132,DEM FOR SURVEYOR,,DEM,NO CANDIDATE FILED,0
Harrison,PRECINCT 133,DEM FOR SURVEYOR,,DEM,NO CANDIDATE FILED,0
Harrison,PRECINCT 134,DEM FOR SURVEYOR,,DEM,NO CANDIDATE FILED,0
Harrison,PRECINCT 135,DEM FOR SURVEYOR,,DEM,NO CANDIDATE FILED,0
Harrison,PRECINCT 136,DEM FOR SURVEYOR,,DEM,NO CANDIDATE FILED,0
Harrison,PRECINCT 137,DEM FOR SURVEYOR,,DEM,NO CANDIDATE FILED,0
Harrison,PRECINCT 143,DEM FOR SURVEYOR,,DEM,NO CANDIDATE FILED,0
Harrison,PRECINCT 144,DEM FOR SURVEYOR,,DEM,NO CANDIDATE FILED,0
Harrison,PRECINCT 144A,DEM FOR SURVEYOR,,DEM,NO CANDIDATE FILED,0
Harrison,PRECINCT 145,DEM FOR SURVEYOR,,DEM,NO CANDIDATE FILED,0
Harrison,PRECINCT 1,MTN FOR SURVEYOR,,MTN,NO CANDIDATE FILED,0
Harrison,PRECINCT 1A,MTN FOR SURVEYOR,,MTN,NO CANDIDATE FILED,0
Harrison,PRECINCT 2,MTN FOR SURVEYOR,,MTN,NO CANDIDATE FILED,0
Harrison,PRECINCT 4,MTN FOR SURVEYOR,,MTN,NO CANDIDATE FILED,0
Harrison,PRECINCT 6,MTN FOR SURVEYOR,,MTN,NO CANDIDATE FILED,0
Harrison,PRECINCT 9,MTN FOR SURVEYOR,,MTN,NO CANDIDATE FILED,0
Harrison,PRECINCT 10,MTN FOR SURVEYOR,,MTN,NO CANDIDATE FILED,0
Harrison,PRECINCT 14,MTN FOR SURVEYOR,,MTN,NO CANDIDATE FILED,0
Harrison,PRECINCT 28,MTN FOR SURVEYOR,,MTN,NO CANDIDATE FILED,0
Harrison,PRECINCT 33,MTN FOR SURVEYOR,,MTN,NO CANDIDATE FILED,0
Harrison,PRECINCT 36A,MTN FOR SURVEYOR,,MTN,NO CANDIDATE FILED,0
Harrison,PRECINCT 43,MTN FOR SURVEYOR,,MTN,NO CANDIDATE FILED,0
Harrison,PRECINCT 44,MTN FOR SURVEYOR,,MTN,NO CANDIDATE FILED,0
Harrison,PRECINCT 45,MTN FOR SURVEYOR,,MTN,NO CANDIDATE FILED,0
Harrison,PRECINCT 46,MTN FOR SURVEYOR,,MTN,NO CANDIDATE FILED,0
Harrison,PRECINCT 48,MTN FOR SURVEYOR,,MTN,NO CANDIDATE FILED,0
Harrison,PRECINCT 50,MTN FOR SURVEYOR,,MTN,NO CANDIDATE FILED,0
Harrison,PRECINCT 51,MTN FOR SURVEYOR,,MTN,NO CANDIDATE FILED,0
Harrison,PRECINCT 52,MTN FOR SURVEYOR,,MTN,NO CANDIDATE FILED,0
Harrison,PRECINCT 53,MTN FOR SURVEYOR,,MTN,NO CANDIDATE FILED,0
Harrison,PRECINCT 59,MTN FOR SURVEYOR,,MTN,NO CANDIDATE FILED,0
Harrison,PRECINCT 61,MTN FOR SURVEYOR,,MTN,NO CANDIDATE FILED,0
Harrison,PRECINCT 63,MTN FOR SURVEYOR,,MTN,NO CANDIDATE FILED,0
Harrison,PRECINCT 66,MTN FOR SURVEYOR,,MTN,NO CANDIDATE FILED,0
Harrison,PRECINCT 66A,MTN FOR SURVEYOR,,MTN,NO CANDIDATE FILED,0
Harrison,PRECINCT 66B,MTN FOR SURVEYOR,,MTN,NO CANDIDATE FILED,0
Harrison,PRECINCT 68,MTN FOR SURVEYOR,,MTN,NO CANDIDATE FILED,0
Harrison,PRECINCT 74,MTN FOR SURVEYOR,,MTN,NO CANDIDATE FILED,0
Harrison,PRECINCT 80,MTN FOR SURVEYOR,,MTN,NO CANDIDATE FILED,0
Harrison,PRECINCT 87,MTN FOR SURVEYOR,,MTN,NO CANDIDATE FILED,0
Harrison,PRECINCT 92,MTN FOR SURVEYOR,,MTN,NO CANDIDATE FILED,0
Harrison,PRECINCT 95,MTN FOR SURVEYOR,,MTN,NO CANDIDATE FILED,0
Harrison,PRECINCT 96,MTN FOR SURVEYOR,,MTN,NO CANDIDATE FILED,0
Harrison,PRECINCT 98,MTN FOR SURVEYOR,,MTN,NO CANDIDATE FILED,0
Harrison,PRECINCT 102,MTN FOR SURVEYOR,,MTN,NO CANDIDATE FILED,0
Harrison,PRECINCT 103,MTN FOR SURVEYOR,,MTN,NO CANDIDATE FILED,0
Harrison,PRECINCT 104,MTN FOR SURVEYOR,,MTN,NO CANDIDATE FILED,0
Harrison,PRECINCT 106,MTN FOR SURVEYOR,,MTN,NO CANDIDATE FILED,0
Harrison,PRECINCT 107,MTN FOR SURVEYOR,,MTN,NO CANDIDATE FILED,0
Harrison,PRECINCT 108,MTN FOR SURVEYOR,,MTN,NO CANDIDATE FILED,0
Harrison,PRECINCT 110,MTN FOR SURVEYOR,,MTN,NO CANDIDATE FILED,0
Harrison,PRECINCT 114,MTN FOR SURVEYOR,,MTN,NO CANDIDATE FILED,0
Harrison,PRECINCT 114A,MTN FOR SURVEYOR,,MTN,NO CANDIDATE FILED,0
Harrison,PRECINCT 118,MTN FOR SURVEYOR,,MTN,NO CANDIDATE FILED,0
Harrison,PRECINCT 120,MTN FOR SURVEYOR,,MTN,NO CANDIDATE FILED,0
Harrison,PRECINCT 121,MTN FOR SURVEYOR,,MTN,NO CANDIDATE FILED,0
Harrison,PRECINCT 122,MTN FOR SURVEYOR,,MTN,NO CANDIDATE FILED,0
Harrison,PRECINCT 123,MTN FOR SURVEYOR,,MTN,NO CANDIDATE FILED,0
Harrison,PRECINCT 125,MTN FOR SURVEYOR,,MTN,NO CANDIDATE FILED,0
Harrison,PRECINCT 126,MTN FOR SURVEYOR,,MTN,NO CANDIDATE FILED,0
Harrison,PRECINCT 128,MTN FOR SURVEYOR,,MTN,NO CANDIDATE FILED,0
Harrison,PRECINCT 129,MTN FOR SURVEYOR,,MTN,NO CANDIDATE FILED,0
Harrison,PRECINCT 129B,MTN FOR SURVEYOR,,MTN,NO CANDIDATE FILED,0
Harrison,PRECINCT 129C,MTN FOR SURVEYOR,,MTN,NO CANDIDATE FILED,0
Harrison,PRECINCT 130,MTN FOR SURVEYOR,,MTN,NO CANDIDATE FILED,0
Harrison,PRECINCT 132,MTN FOR SURVEYOR,,MTN,NO CANDIDATE FILED,0
Harrison,PRECINCT 133,MTN FOR SURVEYOR,,MTN,NO CANDIDATE FILED,0
Harrison,PRECINCT 134,MTN FOR SURVEYOR,,MTN,NO CANDIDATE FILED,0
Harrison,PRECINCT 135,MTN FOR SURVEYOR,,MTN,NO CANDIDATE FILED,0
Harrison,PRECINCT 136,MTN FOR SURVEYOR,,MTN,NO CANDIDATE FILED,0
Harrison,PRECINCT 137,MTN FOR SURVEYOR,,MTN,NO CANDIDATE FILED,0
Harrison,PRECINCT 143,MTN FOR SURVEYOR,,MTN,NO CANDIDATE FILED,0
Harrison,PRECINCT 144,MTN FOR SURVEYOR,,MTN,NO CANDIDATE FILED,0
Harrison,PRECINCT 144A,MTN FOR SURVEYOR,,MTN,NO CANDIDATE FILED,0
Harrison,PRECINCT 145,MTN FOR SURVEYOR,,MTN,NO CANDIDATE FILED,0
Harrison,PRECINCT 1,Supreme Court of Appeals,,,TOBEY KNIGHT,127
Harrison,PRECINCT 1A,Supreme Court of Appeals,,,TOBEY KNIGHT,6
Harrison,PRECINCT 2,Supreme Court of Appeals,,,TOBEY KNIGHT,7
Harrison,PRECINCT 4,Supreme Court of Appeals,,,TOBEY KNIGHT,61
Harrison,PRECINCT 6,Supreme Court of Appeals,,,TOBEY KNIGHT,56
Harrison,PRECINCT 9,Supreme Court of Appeals,,,TOBEY KNIGHT,37
Harrison,PRECINCT 10,Supreme Court of Appeals,,,TOBEY KNIGHT,35
Harrison,PRECINCT 14,Supreme Court of Appeals,,,TOBEY KNIGHT,120
Harrison,PRECINCT 28,Supreme Court of Appeals,,,TOBEY KNIGHT,46
Harrison,PRECINCT 33,Supreme Court of Appeals,,,TOBEY KNIGHT,103
Harrison,PRECINCT 36A,Supreme Court of Appeals,,,TOBEY KNIGHT,39
Harrison,PRECINCT 43,Supreme Court of Appeals,,,TOBEY KNIGHT,22
Harrison,PRECINCT 44,Supreme Court of Appeals,,,TOBEY KNIGHT,14
Harrison,PRECINCT 45,Supreme Court of Appeals,,,TOBEY KNIGHT,30
Harrison,PRECINCT 46,Supreme Court of Appeals,,,TOBEY KNIGHT,25
Harrison,PRECINCT 48,Supreme Court of Appeals,,,TOBEY KNIGHT,31
Harrison,PRECINCT 50,Supreme Court of Appeals,,,TOBEY KNIGHT,38
Harrison,PRECINCT 51,Supreme Court of Appeals,,,TOBEY KNIGHT,14
Harrison,PRECINCT 52,Supreme Court of Appeals,,,TOBEY KNIGHT,26
Harrison,PRECINCT 53,Supreme Court of Appeals,,,TOBEY KNIGHT,10
Harrison,PRECINCT 59,Supreme Court of Appeals,,,TOBEY KNIGHT,79
Harrison,PRECINCT 61,Supreme Court of Appeals,,,TOBEY KNIGHT,116
Harrison,PRECINCT 63,Supreme Court of Appeals,,,TOBEY KNIGHT,50
Harrison,PRECINCT 66,Supreme Court of Appeals,,,TOBEY KNIGHT,38
Harrison,PRECINCT 66A,Supreme Court of Appeals,,,TOBEY KNIGHT,5
Harrison,PRECINCT 66B,Supreme Court of Appeals,,,TOBEY KNIGHT,6
Harrison,PRECINCT 68,Supreme Court of Appeals,,,TOBEY KNIGHT,61
Harrison,PRECINCT 74,Supreme Court of Appeals,,,TOBEY KNIGHT,116
Harrison,PRECINCT 80,Supreme Court of Appeals,,,TOBEY KNIGHT,136
Harrison,PRECINCT 87,Supreme Court of Appeals,,,TOBEY KNIGHT,48
Harrison,PRECINCT 92,Supreme Court of Appeals,,,TOBEY KNIGHT,29
Harrison,PRECINCT 95,Supreme Court of Appeals,,,TOBEY KNIGHT,27
Harrison,PRECINCT 96,Supreme Court of Appeals,,,TOBEY KNIGHT,32
Harrison,PRECINCT 98,Supreme Court of Appeals,,,TOBEY KNIGHT,9
Harrison,PRECINCT 102,Supreme Court of Appeals,,,TOBEY KNIGHT,89
Harrison,PRECINCT 103,Supreme Court of Appeals,,,TOBEY KNIGHT,21
Harrison,PRECINCT 104,Supreme Court of Appeals,,,TOBEY KNIGHT,22
Harrison,PRECINCT 106,Supreme Court of Appeals,,,TOBEY KNIGHT,32
Harrison,PRECINCT 107,Supreme Court of Appeals,,,TOBEY KNIGHT,13
Harrison,PRECINCT 108,Supreme Court of Appeals,,,TOBEY KNIGHT,60
Harrison,PRECINCT 110,Supreme Court of Appeals,,,TOBEY KNIGHT,39
Harrison,PRECINCT 114,Supreme Court of Appeals,,,TOBEY KNIGHT,58
Harrison,PRECINCT 114A,Supreme Court of Appeals,,,TOBEY KNIGHT,24
Harrison,PRECINCT 118,Supreme Court of Appeals,,,TOBEY KNIGHT,21
Harrison,PRECINCT 120,Supreme Court of Appeals,,,TOBEY KNIGHT,38
Harrison,PRECINCT 121,Supreme Court of Appeals,,,TOBEY KNIGHT,29
Harrison,PRECINCT 122,Supreme Court of Appeals,,,TOBEY KNIGHT,25
Harrison,PRECINCT 123,Supreme Court of Appeals,,,TOBEY KNIGHT,129
Harrison,PRECINCT 125,Supreme Court of Appeals,,,TOBEY KNIGHT,59
Harrison,PRECINCT 126,Supreme Court of Appeals,,,TOBEY KNIGHT,41
Harrison,PRECINCT 128,Supreme Court of Appeals,,,TOBEY KNIGHT,50
Harrison,PRECINCT 129,Supreme Court of Appeals,,,TOBEY KNIGHT,89
Harrison,PRECINCT 129B,Supreme Court of Appeals,,,TOBEY KNIGHT,105
Harrison,PRECINCT 129C,Supreme Court of Appeals,,,TOBEY KNIGHT,42
Harrison,PRECINCT 130,Supreme Court of Appeals,,,TOBEY KNIGHT,50
Harrison,PRECINCT 132,Supreme Court of Appeals,,,TOBEY KNIGHT,29
Harrison,PRECINCT 133,Supreme Court of Appeals,,,TOBEY KNIGHT,94
Harrison,PRECINCT 134,Supreme Court of Appeals,,,TOBEY KNIGHT,77
Harrison,PRECINCT 135,Supreme Court of Appeals,,,TOBEY KNIGHT,37
Harrison,PRECINCT 136,Supreme Court of Appeals,,,TOBEY KNIGHT,27
Harrison,PRECINCT 137,Supreme Court of Appeals,,,TOBEY KNIGHT,18
Harrison,PRECINCT 143,Supreme Court of Appeals,,,TOBEY KNIGHT,120
Harrison,PRECINCT 144,Supreme Court of Appeals,,,TOBEY KNIGHT,26
Harrison,PRECINCT 144A,Supreme Court of Appeals,,,TOBEY KNIGHT,37
Harrison,PRECINCT 145,Supreme Court of Appeals,,,TOBEY KNIGHT,43
Harrison,PRECINCT 1,Supreme Court of Appeals,,,DOUGLAS K. HOGUE,205
Harrison,PRECINCT 1A,Supreme Court of Appeals,,,DOUGLAS K. HOGUE,20
Harrison,PRECINCT 2,Supreme Court of Appeals,,,DOUGLAS K. HOGUE,28
Harrison,PRECINCT 4,Supreme Court of Appeals,,,DOUGLAS K. HOGUE,250
Harrison,PRECINCT 6,Supreme Court of Appeals,,,DOUGLAS K. HOGUE,204
Harrison,PRECINCT 9,Supreme Court of Appeals,,,DOUGLAS K. HOGUE,82
Harrison,PRECINCT 10,Supreme Court of Appeals,,,DOUGLAS K. HOGUE,78
Harrison,PRECINCT 14,Supreme Court of Appeals,,,DOUGLAS K. HOGUE,202
Harrison,PRECINCT 28,Supreme Court of Appeals,,,DOUGLAS K. HOGUE,123
Harrison,PRECINCT 33,Supreme Court of Appeals,,,DOUGLAS K. HOGUE,174
Harrison,PRECINCT 36A,Supreme Court of Appeals,,,DOUGLAS K. HOGUE,55
Harrison,PRECINCT 43,Supreme Court of Appeals,,,DOUGLAS K. HOGUE,36
Harrison,PRECINCT 44,Supreme Court of Appeals,,,DOUGLAS K. HOGUE,30
Harrison,PRECINCT 45,Supreme Court of Appeals,,,DOUGLAS K. HOGUE,57
Harrison,PRECINCT 46,Supreme Court of Appeals,,,DOUGLAS K. HOGUE,60
Harrison,PRECINCT 48,Supreme Court of Appeals,,,DOUGLAS K. HOGUE,68
Harrison,PRECINCT 50,Supreme Court of Appeals,,,DOUGLAS K. HOGUE,78
Harrison,PRECINCT 51,Supreme Court of Appeals,,,DOUGLAS K. HOGUE,37
Harrison,PRECINCT 52,Supreme Court of Appeals,,,DOUGLAS K. HOGUE,64
Harrison,PRECINCT 53,Supreme Court of Appeals,,,DOUGLAS K. HOGUE,17
Harrison,PRECINCT 59,Supreme Court of Appeals,,,DOUGLAS K. HOGUE,39
Harrison,PRECINCT 61,Supreme Court of Appeals,,,DOUGLAS K. HOGUE,69
Harrison,PRECINCT 63,Supreme Court of Appeals,,,DOUGLAS K. HOGUE,72
Harrison,PRECINCT 66,Supreme Court of Appeals,,,DOUGLAS K. HOGUE,43
Harrison,PRECINCT 66A,Supreme Court of Appeals,,,DOUGLAS K. HOGUE,7
Harrison,PRECINCT 66B,Supreme Court of Appeals,,,DOUGLAS K. HOGUE,11
Harrison,PRECINCT 68,Supreme Court of Appeals,,,DOUGLAS K. HOGUE,146
Harrison,PRECINCT 74,Supreme Court of Appeals,,,DOUGLAS K. HOGUE,105
Harrison,PRECINCT 80,Supreme Court of Appeals,,,DOUGLAS K. HOGUE,154
Harrison,PRECINCT 87,Supreme Court of Appeals,,,DOUGLAS K. HOGUE,28
Harrison,PRECINCT 92,Supreme Court of Appeals,,,DOUGLAS K. HOGUE,41
Harrison,PRECINCT 95,Supreme Court of Appeals,,,DOUGLAS K. HOGUE,43
Harrison,PRECINCT 96,Supreme Court of Appeals,,,DOUGLAS K. HOGUE,60
Harrison,PRECINCT 98,Supreme Court of Appeals,,,DOUGLAS K. HOGUE,29
Harrison,PRECINCT 102,Supreme Court of Appeals,,,DOUGLAS K. HOGUE,240
Harrison,PRECINCT 103,Supreme Court of Appeals,,,DOUGLAS K. HOGUE,52
Harrison,PRECINCT 104,Supreme Court of Appeals,,,DOUGLAS K. HOGUE,51
Harrison,PRECINCT 106,Supreme Court of Appeals,,,DOUGLAS K. HOGUE,60
Harrison,PRECINCT 107,Supreme Court of Appeals,,,DOUGLAS K. HOGUE,28
Harrison,PRECINCT 108,Supreme Court of Appeals,,,DOUGLAS K. HOGUE,81
Harrison,PRECINCT 110,Supreme Court of Appeals,,,DOUGLAS K. HOGUE,76
Harrison,PRECINCT 114,Supreme Court of Appeals,,,DOUGLAS K. HOGUE,33
Harrison,PRECINCT 114A,Supreme Court of Appeals,,,DOUGLAS K. HOGUE,4
Harrison,PRECINCT 118,Supreme Court of Appeals,,,DOUGLAS K. HOGUE,27
Harrison,PRECINCT 120,Supreme Court of Appeals,,,DOUGLAS K. HOGUE,112
Harrison,PRECINCT 121,Supreme Court of Appeals,,,DOUGLAS K. HOGUE,39
Harrison,PRECINCT 122,Supreme Court of Appeals,,,DOUGLAS K. HOGUE,50
Harrison,PRECINCT 123,Supreme Court of Appeals,,,DOUGLAS K. HOGUE,306
Harrison,PRECINCT 125,Supreme Court of Appeals,,,DOUGLAS K. HOGUE,165
Harrison,PRECINCT 126,Supreme Court of Appeals,,,DOUGLAS K. HOGUE,105
Harrison,PRECINCT 128,Supreme Court of Appeals,,,DOUGLAS K. HOGUE,98
Harrison,PRECINCT 129,Supreme Court of Appeals,,,DOUGLAS K. HOGUE,234
Harrison,PRECINCT 129B,Supreme Court of Appeals,,,DOUGLAS K. HOGUE,206
Harrison,PRECINCT 129C,Supreme Court of Appeals,,,DOUGLAS K. HOGUE,77
Harrison,PRECINCT 130,Supreme Court of Appeals,,,DOUGLAS K. HOGUE,25
Harrison,PRECINCT 132,Supreme Court of Appeals,,,DOUGLAS K. HOGUE,19
Harrison,PRECINCT 133,Supreme Court of Appeals,,,DOUGLAS K. HOGUE,87
Harrison,PRECINCT 134,Supreme Court of Appeals,,,DOUGLAS K. HOGUE,49
Harrison,PRECINCT 135,Supreme Court of Appeals,,,DOUGLAS K. HOGUE,12
Harrison,PRECINCT 136,Supreme Court of Appeals,,,DOUGLAS K. HOGUE,14
Harrison,PRECINCT 137,Supreme Court of Appeals,,,DOUGLAS K. HOGUE,11
Harrison,PRECINCT 143,Supreme Court of Appeals,,,DOUGLAS K. HOGUE,154
Harrison,PRECINCT 144,Supreme Court of Appeals,,,DOUGLAS K. HOGUE,34
Harrison,PRECINCT 144A,Supreme Court of Appeals,,,DOUGLAS K. HOGUE,52
Harrison,PRECINCT 145,Supreme Court of Appeals,,,DOUGLAS K. HOGUE,74
Harrison,PRECINCT 1,Supreme Court of Appeals,,,JO PLYBON,62
Harrison,PRECINCT 1A,Supreme Court of Appeals,,,JO PLYBON,4
Harrison,PRECINCT 2,Supreme Court of Appeals,,,JO PLYBON,13
Harrison,PRECINCT 4,Supreme Court of Appeals,,,JO PLYBON,57
Harrison,PRECINCT 6,Supreme Court of Appeals,,,JO PLYBON,49
Harrison,PRECINCT 9,Supreme Court of Appeals,,,JO PLYBON,29
Harrison,PRECINCT 10,Supreme Court of Appeals,,,JO PLYBON,21
Harrison,PRECINCT 14,Supreme Court of Appeals,,,JO PLYBON,55
Harrison,PRECINCT 28,Supreme Court of Appeals,,,JO PLYBON,39
Harrison,PRECINCT 33,Supreme Court of Appeals,,,JO PLYBON,60
Harrison,PRECINCT 36A,Supreme Court of Appeals,,,JO PLYBON,14
Harrison,PRECINCT 43,Supreme Court of Appeals,,,JO PLYBON,16
Harrison,PRECINCT 44,Supreme Court of Appeals,,,JO PLYBON,7
Harrison,PRECINCT 45,Supreme Court of Appeals,,,JO PLYBON,33
Harrison,PRECINCT 46,Supreme Court of Appeals,,,JO PLYBON,16
Harrison,PRECINCT 48,Supreme Court of Appeals,,,JO PLYBON,18
Harrison,PRECINCT 50,Supreme Court of Appeals,,,JO PLYBON,13
Harrison,PRECINCT 51,Supreme Court of Appeals,,,JO PLYBON,10
Harrison,PRECINCT 52,Supreme Court of Appeals,,,JO PLYBON,23
Harrison,PRECINCT 53,Supreme Court of Appeals,,,JO PLYBON,2
Harrison,PRECINCT 59,Supreme Court of Appeals,,,JO PLYBON,8
Harrison,PRECINCT 61,Supreme Court of Appeals,,,JO PLYBON,49
Harrison,PRECINCT 63,Supreme Court of Appeals,,,JO PLYBON,31
Harrison,PRECINCT 66,Supreme Court of Appeals,,,JO PLYBON,18
Harrison,PRECINCT 66A,Supreme Court of Appeals,,,JO PLYBON,0
Harrison,PRECINCT 66B,Supreme Court of Appeals,,,JO PLYBON,5
Harrison,PRECINCT 68,Supreme Court of Appeals,,,JO PLYBON,35
Harrison,PRECINCT 74,Supreme Court of Appeals,,,JO PLYBON,33
Harrison,PRECINCT 80,Supreme Court of Appeals,,,JO PLYBON,42
Harrison,PRECINCT 87,Supreme Court of Appeals,,,JO PLYBON,10
Harrison,PRECINCT 92,Supreme Court of Appeals,,,JO PLYBON,36
Harrison,PRECINCT 95,Supreme Court of Appeals,,,JO PLYBON,31
Harrison,PRECINCT 96,Supreme Court of Appeals,,,JO PLYBON,30
Harrison,PRECINCT 98,Supreme Court of Appeals,,,JO PLYBON,7
Harrison,PRECINCT 102,Supreme Court of Appeals,,,JO PLYBON,161
Harrison,PRECINCT 103,Supreme Court of Appeals,,,JO PLYBON,31
Harrison,PRECINCT 104,Supreme Court of Appeals,,,JO PLYBON,32
Harrison,PRECINCT 106,Supreme Court of Appeals,,,JO PLYBON,55
Harrison,PRECINCT 107,Supreme Court of Appeals,,,JO PLYBON,25
Harrison,PRECINCT 108,Supreme Court of Appeals,,,JO PLYBON,75
Harrison,PRECINCT 110,Supreme Court of Appeals,,,JO PLYBON,61
Harrison,PRECINCT 114,Supreme Court of Appeals,,,JO PLYBON,31
Harrison,PRECINCT 114A,Supreme Court of Appeals,,,JO PLYBON,6
Harrison,PRECINCT 118,Supreme Court of Appeals,,,JO PLYBON,28
Harrison,PRECINCT 120,Supreme Court of Appeals,,,JO PLYBON,37
Harrison,PRECINCT 121,Supreme Court of Appeals,,,JO PLYBON,14
Harrison,PRECINCT 122,Supreme Court of Appeals,,,JO PLYBON,25
Harrison,PRECINCT 123,Supreme Court of Appeals,,,JO PLYBON,135
Harrison,PRECINCT 125,Supreme Court of Appeals,,,JO PLYBON,72
Harrison,PRECINCT 126,Supreme Court of Appeals,,,JO PLYBON,38
Harrison,PRECINCT 128,Supreme Court of Appeals,,,JO PLYBON,53
Harrison,PRECINCT 129,Supreme Court of Appeals,,,JO PLYBON,108
Harrison,PRECINCT 129B,Supreme Court of Appeals,,,JO PLYBON,75
Harrison,PRECINCT 129C,Supreme Court of Appeals,,,JO PLYBON,26
Harrison,PRECINCT 130,Supreme Court of Appeals,,,JO PLYBON,6
Harrison,PRECINCT 132,Supreme Court of Appeals,,,JO PLYBON,13
Harrison,PRECINCT 133,Supreme Court of Appeals,,,JO PLYBON,43
Harrison,PRECINCT 134,Supreme Court of Appeals,,,JO PLYBON,32
Harrison,PRECINCT 135,Supreme Court of Appeals,,,JO PLYBON,8
Harrison,PRECINCT 136,Supreme Court of Appeals,,,JO PLYBON,6
Harrison,PRECINCT 137,Supreme Court of Appeals,,,JO PLYBON,6
Harrison,PRECINCT 143,Supreme Court of Appeals,,,JO PLYBON,97
Harrison,PRECINCT 144,Supreme Court of Appeals,,,JO PLYBON,27
Harrison,PRECINCT 144A,Supreme Court of Appeals,,,JO PLYBON,37
Harrison,PRECINCT 145,Supreme Court of Appeals,,,JO PLYBON,34
Harrison,PRECINCT 1,Supreme Court of Appeals,,,BILL BOYLES,87
Harrison,PRECINCT 1A,Supreme Court of Appeals,,,BILL BOYLES,11
Harrison,PRECINCT 2,Supreme Court of Appeals,,,BILL BOYLES,6
Harrison,PRECINCT 4,Supreme Court of Appeals,,,BILL BOYLES,83
Harrison,PRECINCT 6,Supreme Court of Appeals,,,BILL BOYLES,70
Harrison,PRECINCT 9,Supreme Court of Appeals,,,BILL BOYLES,24
Harrison,PRECINCT 10,Supreme Court of Appeals,,,BILL BOYLES,15
Harrison,PRECINCT 14,Supreme Court of Appeals,,,BILL BOYLES,88
Harrison,PRECINCT 28,Supreme Court of Appeals,,,BILL BOYLES,62
Harrison,PRECINCT 33,Supreme Court of Appeals,,,BILL BOYLES,81
Harrison,PRECINCT 36A,Supreme Court of Appeals,,,BILL BOYLES,26
Harrison,PRECINCT 43,Supreme Court of Appeals,,,BILL BOYLES,55
Harrison,PRECINCT 44,Supreme Court of Appeals,,,BILL BOYLES,66
Harrison,PRECINCT 45,Supreme Court of Appeals,,,BILL BOYLES,96
Harrison,PRECINCT 46,Supreme Court of Appeals,,,BILL BOYLES,88
Harrison,PRECINCT 48,Supreme Court of Appeals,,,BILL BOYLES,137
Harrison,PRECINCT 50,Supreme Court of Appeals,,,BILL BOYLES,129
Harrison,PRECINCT 51,Supreme Court of Appeals,,,BILL BOYLES,71
Harrison,PRECINCT 52,Supreme Court of Appeals,,,BILL BOYLES,108
Harrison,PRECINCT 53,Supreme Court of Appeals,,,BILL BOYLES,56
Harrison,PRECINCT 59,Supreme Court of Appeals,,,BILL BOYLES,30
Harrison,PRECINCT 61,Supreme Court of Appeals,,,BILL BOYLES,54
Harrison,PRECINCT 63,Supreme Court of Appeals,,,BILL BOYLES,90
Harrison,PRECINCT 66,Supreme Court of Appeals,,,BILL BOYLES,31
Harrison,PRECINCT 66A,Supreme Court of Appeals,,,BILL BOYLES,1
Harrison,PRECINCT 66B,Supreme Court of Appeals,,,BILL BOYLES,2
Harrison,PRECINCT 68,Supreme Court of Appeals,,,BILL BOYLES,64
Harrison,PRECINCT 74,Supreme Court of Appeals,,,BILL BOYLES,68
Harrison,PRECINCT 80,Supreme Court of Appeals,,,BILL BOYLES,75
Harrison,PRECINCT 87,Supreme Court of Appeals,,,BILL BOYLES,15
Harrison,PRECINCT 92,Supreme Court of Appeals,,,BILL BOYLES,95
Harrison,PRECINCT 95,Supreme Court of Appeals,,,BILL BOYLES,82
Harrison,PRECINCT 96,Supreme Court of Appeals,,,BILL BOYLES,123
Harrison,PRECINCT 98,Supreme Court of Appeals,,,BILL BOYLES,72
Harrison,PRECINCT 102,Supreme Court of Appeals,,,BILL BOYLES,106
Harrison,PRECINCT 103,Supreme Court of Appeals,,,BILL BOYLES,20
Harrison,PRECINCT 104,Supreme Court of Appeals,,,BILL BOYLES,25
Harrison,PRECINCT 106,Supreme Court of Appeals,,,BILL BOYLES,14
Harrison,PRECINCT 107,Supreme Court of Appeals,,,BILL BOYLES,18
Harrison,PRECINCT 108,Supreme Court of Appeals,,,BILL BOYLES,44
Harrison,PRECINCT 110,Supreme Court of Appeals,,,BILL BOYLES,35
Harrison,PRECINCT 114,Supreme Court of Appeals,,,BILL BOYLES,32
Harrison,PRECINCT 114A,Supreme Court of Appeals,,,BILL BOYLES,8
Harrison,PRECINCT 118,Supreme Court of Appeals,,,BILL BOYLES,58
Harrison,PRECINCT 120,Supreme Court of Appeals,,,BILL BOYLES,58
Harrison,PRECINCT 121,Supreme Court of Appeals,,,BILL BOYLES,16
Harrison,PRECINCT 122,Supreme Court of Appeals,,,BILL BOYLES,32
Harrison,PRECINCT 123,Supreme Court of Appeals,,,BILL BOYLES,185
Harrison,PRECINCT 125,Supreme Court of Appeals,,,BILL BOYLES,85
Harrison,PRECINCT 126,Supreme Court of Appeals,,,BILL BOYLES,70
Harrison,PRECINCT 128,Supreme Court of Appeals,,,BILL BOYLES,82
Harrison,PRECINCT 129,Supreme Court of Appeals,,,BILL BOYLES,148
Harrison,PRECINCT 129B,Supreme Court of Appeals,,,BILL BOYLES,132
Harrison,PRECINCT 129C,Supreme Court of Appeals,,,BILL BOYLES,60
Harrison,PRECINCT 130,Supreme Court of Appeals,,,BILL BOYLES,19
Harrison,PRECINCT 132,Supreme Court of Appeals,,,BILL BOYLES,16
Harrison,PRECINCT 133,Supreme Court of Appeals,,,BILL BOYLES,60
Harrison,PRECINCT 134,Supreme Court of Appeals,,,BILL BOYLES,43
Harrison,PRECINCT 135,Supreme Court of Appeals,,,BILL BOYLES,21
Harrison,PRECINCT 136,Supreme Court of Appeals,,,BILL BOYLES,10
Harrison,PRECINCT 137,Supreme Court of Appeals,,,BILL BOYLES,6
Harrison,PRECINCT 143,Supreme Court of Appeals,,,BILL BOYLES,78
Harrison,PRECINCT 144,Supreme Court of Appeals,,,BILL BOYLES,15
Harrison,PRECINCT 144A,Supreme Court of Appeals,,,BILL BOYLES,31
Harrison,PRECINCT 145,Supreme Court of Appeals,,,BILL BOYLES,39
Harrison,PRECINCT 1,Supreme Court of Appeals,,,DR. JENNY L. SANTILLI,172
Harrison,PRECINCT 1A,Supreme Court of Appeals,,,DR. JENNY L. SANTILLI,16
Harrison,PRECINCT 2,Supreme Court of Appeals,,,DR. JENNY L. SANTILLI,23
Harrison,PRECINCT 4,Supreme Court of Appeals,,,DR. JENNY L. SANTILLI,191
Harrison,PRECINCT 6,Supreme Court of Appeals,,,DR. JENNY L. SANTILLI,118
Harrison,PRECINCT 9,Supreme Court of Appeals,,,DR. JENNY L. SANTILLI,66
Harrison,PRECINCT 10,Supreme Court of Appeals,,,DR. JENNY L. SANTILLI,46
Harrison,PRECINCT 14,Supreme Court of Appeals,,,DR. JENNY L. SANTILLI,279
Harrison,PRECINCT 28,Supreme Court of Appeals,,,DR. JENNY L. SANTILLI,127
Harrison,PRECINCT 33,Supreme Court of Appeals,,,DR. JENNY L. SANTILLI,188
Harrison,PRECINCT 36A,Supreme Court of Appeals,,,DR. JENNY L. SANTILLI,65
Harrison,PRECINCT 43,Supreme Court of Appeals,,,DR. JENNY L. SANTILLI,16
Harrison,PRECINCT 44,Supreme Court of Appeals,,,DR. JENNY L. SANTILLI,17
Harrison,PRECINCT 45,Supreme Court of Appeals,,,DR. JENNY L. SANTILLI,49
Harrison,PRECINCT 46,Supreme Court of Appeals,,,DR. JENNY L. SANTILLI,44
Harrison,PRECINCT 48,Supreme Court of Appeals,,,DR. JENNY L. SANTILLI,44
Harrison,PRECINCT 50,Supreme Court of Appeals,,,DR. JENNY L. SANTILLI,42
Harrison,PRECINCT 51,Supreme Court of Appeals,,,DR. JENNY L. SANTILLI,26
Harrison,PRECINCT 52,Supreme Court of Appeals,,,DR. JENNY L. SANTILLI,35
Harrison,PRECINCT 53,Supreme Court of Appeals,,,DR. JENNY L. SANTILLI,28
Harrison,PRECINCT 59,Supreme Court of Appeals,,,DR. JENNY L. SANTILLI,40
Harrison,PRECINCT 61,Supreme Court of Appeals,,,DR. JENNY L. SANTILLI,89
Harrison,PRECINCT 63,Supreme Court of Appeals,,,DR. JENNY L. SANTILLI,73
Harrison,PRECINCT 66,Supreme Court of Appeals,,,DR. JENNY L. SANTILLI,47
Harrison,PRECINCT 66A,Supreme Court of Appeals,,,DR. JENNY L. SANTILLI,4
Harrison,PRECINCT 66B,Supreme Court of Appeals,,,DR. JENNY L. SANTILLI,7
Harrison,PRECINCT 68,Supreme Court of Appeals,,,DR. JENNY L. SANTILLI,136
Harrison,PRECINCT 74,Supreme Court of Appeals,,,DR. JENNY L. SANTILLI,136
Harrison,PRECINCT 80,Supreme Court of Appeals,,,DR. JENNY L. SANTILLI,201
Harrison,PRECINCT 87,Supreme Court of Appeals,,,DR. JENNY L. SANTILLI,20
Harrison,PRECINCT 92,Supreme Court of Appeals,,,DR. JENNY L. SANTILLI,23
Harrison,PRECINCT 95,Supreme Court of Appeals,,,DR. JENNY L. SANTILLI,31
Harrison,PRECINCT 96,Supreme Court of Appeals,,,DR. JENNY L. SANTILLI,31
Harrison,PRECINCT 98,Supreme Court of Appeals,,,DR. JENNY L. SANTILLI,23
Harrison,PRECINCT 102,Supreme Court of Appeals,,,DR. JENNY L. SANTILLI,169
Harrison,PRECINCT 103,Supreme Court of Appeals,,,DR. JENNY L. SANTILLI,48
Harrison,PRECINCT 104,Supreme Court of Appeals,,,DR. JENNY L. SANTILLI,52
Harrison,PRECINCT 106,Supreme Court of Appeals,,,DR. JENNY L. SANTILLI,62
Harrison,PRECINCT 107,Supreme Court of Appeals,,,DR. JENNY L. SANTILLI,31
Harrison,PRECINCT 108,Supreme Court of Appeals,,,DR. JENNY L. SANTILLI,103
Harrison,PRECINCT 110,Supreme Court of Appeals,,,DR. JENNY L. SANTILLI,87
Harrison,PRECINCT 114,Supreme Court of Appeals,,,DR. JENNY L. SANTILLI,35
Harrison,PRECINCT 114A,Supreme Court of Appeals,,,DR. JENNY L. SANTILLI,4
Harrison,PRECINCT 118,Supreme Court of Appeals,,,DR. JENNY L. SANTILLI,27
Harrison,PRECINCT 120,Supreme Court of Appeals,,,DR. JENNY L. SANTILLI,87
Harrison,PRECINCT 121,Supreme Court of Appeals,,,DR. JENNY L. SANTILLI,30
Harrison,PRECINCT 122,Supreme Court of Appeals,,,DR. JENNY L. SANTILLI,32
Harrison,PRECINCT 123,Supreme Court of Appeals,,,DR. JENNY L. SANTILLI,342
Harrison,PRECINCT 125,Supreme Court of Appeals,,,DR. JENNY L. SANTILLI,184
Harrison,PRECINCT 126,Supreme Court of Appeals,,,DR. JENNY L. SANTILLI,124
Harrison,PRECINCT 128,Supreme Court of Appeals,,,DR. JENNY L. SANTILLI,134
Harrison,PRECINCT 129,Supreme Court of Appeals,,,DR. JENNY L. SANTILLI,280
Harrison,PRECINCT 129B,Supreme Court of Appeals,,,DR. JENNY L. SANTILLI,255
Harrison,PRECINCT 129C,Supreme Court of Appeals,,,DR. JENNY L. SANTILLI,62
Harrison,PRECINCT 130,Supreme Court of Appeals,,,DR. JENNY L. SANTILLI,34
Harrison,PRECINCT 132,Supreme Court of Appeals,,,DR. JENNY L. SANTILLI,23
Harrison,PRECINCT 133,Supreme Court of Appeals,,,DR. JENNY L. SANTILLI,86
Harrison,PRECINCT 134,Supreme Court of Appeals,,,DR. JENNY L. SANTILLI,41
Harrison,PRECINCT 135,Supreme Court of Appeals,,,DR. JENNY L. SANTILLI,11
Harrison,PRECINCT 136,Supreme Court of Appeals,,,DR. JENNY L. SANTILLI,19
Harrison,PRECINCT 137,Supreme Court of Appeals,,,DR. JENNY L. SANTILLI,13
Harrison,PRECINCT 143,Supreme Court of Appeals,,,DR. JENNY L. SANTILLI,139
Harrison,PRECINCT 144,Supreme Court of Appeals,,,DR. JENNY L. SANTILLI,49
Harrison,PRECINCT 144A,Supreme Court of Appeals,,,DR. JENNY L. SANTILLI,47
Harrison,PRECINCT 145,Supreme Court of Appeals,,,DR. JENNY L. SANTILLI,66
Harrison,PRECINCT 1,Supreme Court of Appeals,,,STANLEY HEFLIN,85
Harrison,PRECINCT 1A,Supreme Court of Appeals,,,STANLEY HEFLIN,6
Harrison,PRECINCT 2,Supreme Court of Appeals,,,STANLEY HEFLIN,7
Harrison,PRECINCT 4,Supreme Court of Appeals,,,STANLEY HEFLIN,61
Harrison,PRECINCT 6,Supreme Court of Appeals,,,STANLEY HEFLIN,44
Harrison,PRECINCT 9,Supreme Court of Appeals,,,STANLEY HEFLIN,35
Harrison,PRECINCT 10,Supreme Court of Appeals,,,STANLEY HEFLIN,30
Harrison,PRECINCT 14,Supreme Court of Appeals,,,STANLEY HEFLIN,111
Harrison,PRECINCT 28,Supreme Court of Appeals,,,STANLEY HEFLIN,50
Harrison,PRECINCT 33,Supreme Court of Appeals,,,STANLEY HEFLIN,107
Harrison,PRECINCT 36A,Supreme Court of Appeals,,,STANLEY HEFLIN,36
Harrison,PRECINCT 43,Supreme Court of Appeals,,,STANLEY HEFLIN,14
Harrison,PRECINCT 44,Supreme Court of Appeals,,,STANLEY HEFLIN,10
Harrison,PRECINCT 45,Supreme Court of Appeals,,,STANLEY HEFLIN,24
Harrison,PRECINCT 46,Supreme Court of Appeals,,,STANLEY HEFLIN,31
Harrison,PRECINCT 48,Supreme Court of Appeals,,,STANLEY HEFLIN,23
Harrison,PRECINCT 50,Supreme Court of Appeals,,,STANLEY HEFLIN,15
Harrison,PRECINCT 51,Supreme Court of Appeals,,,STANLEY HEFLIN,10
Harrison,PRECINCT 52,Supreme Court of Appeals,,,STANLEY HEFLIN,16
Harrison,PRECINCT 53,Supreme Court of Appeals,,,STANLEY HEFLIN,8
Harrison,PRECINCT 59,Supreme Court of Appeals,,,STANLEY HEFLIN,52
Harrison,PRECINCT 61,Supreme Court of Appeals,,,STANLEY HEFLIN,65
Harrison,PRECINCT 63,Supreme Court of Appeals,,,STANLEY HEFLIN,60
Harrison,PRECINCT 66,Supreme Court of Appeals,,,STANLEY HEFLIN,20
Harrison,PRECINCT 66A,Supreme Court of Appeals,,,STANLEY HEFLIN,2
Harrison,PRECINCT 66B,Supreme Court of Appeals,,,STANLEY HEFLIN,8
Harrison,PRECINCT 68,Supreme Court of Appeals,,,STANLEY HEFLIN,61
Harrison,PRECINCT 74,Supreme Court of Appeals,,,STANLEY HEFLIN,113
Harrison,PRECINCT 80,Supreme Court of Appeals,,,STANLEY HEFLIN,114
Harrison,PRECINCT 87,Supreme Court of Appeals,,,STANLEY HEFLIN,27
Harrison,PRECINCT 92,Supreme Court of Appeals,,,STANLEY HEFLIN,20
Harrison,PRECINCT 95,Supreme Court of Appeals,,,STANLEY HEFLIN,15
Harrison,PRECINCT 96,Supreme Court of Appeals,,,STANLEY HEFLIN,28
Harrison,PRECINCT 98,Supreme Court of Appeals,,,STANLEY HEFLIN,18
Harrison,PRECINCT 102,Supreme Court of Appeals,,,STANLEY HEFLIN,76
Harrison,PRECINCT 103,Supreme Court of Appeals,,,STANLEY HEFLIN,14
Harrison,PRECINCT 104,Supreme Court of Appeals,,,STANLEY HEFLIN,13
Harrison,PRECINCT 106,Supreme Court of Appeals,,,STANLEY HEFLIN,22
Harrison,PRECINCT 107,Supreme Court of Appeals,,,STANLEY HEFLIN,12
Harrison,PRECINCT 108,Supreme Court of Appeals,,,STANLEY HEFLIN,19
Harrison,PRECINCT 110,Supreme Court of Appeals,,,STANLEY HEFLIN,40
Harrison,PRECINCT 114,Supreme Court of Appeals,,,STANLEY HEFLIN,38
Harrison,PRECINCT 114A,Supreme Court of Appeals,,,STANLEY HEFLIN,18
Harrison,PRECINCT 118,Supreme Court of Appeals,,,STANLEY HEFLIN,9
Harrison,PRECINCT 120,Supreme Court of Appeals,,,STANLEY HEFLIN,33
Harrison,PRECINCT 121,Supreme Court of Appeals,,,STANLEY HEFLIN,16
Harrison,PRECINCT 122,Supreme Court of Appeals,,,STANLEY HEFLIN,18
Harrison,PRECINCT 123,Supreme Court of Appeals,,,STANLEY HEFLIN,114
Harrison,PRECINCT 125,Supreme Court of Appeals,,,STANLEY HEFLIN,43
Harrison,PRECINCT 126,Supreme Court of Appeals,,,STANLEY HEFLIN,33
Harrison,PRECINCT 128,Supreme Court of Appeals,,,STANLEY HEFLIN,39
Harrison,PRECINCT 129,Supreme Court of Appeals,,,STANLEY HEFLIN,74
Harrison,PRECINCT 129B,Supreme Court of Appeals,,,STANLEY HEFLIN,73
Harrison,PRECINCT 129C,Supreme Court of Appeals,,,STANLEY HEFLIN,24
Harrison,PRECINCT 130,Supreme Court of Appeals,,,STANLEY HEFLIN,38
Harrison,PRECINCT 132,Supreme Court of Appeals,,,STANLEY HEFLIN,30
Harrison,PRECINCT 133,Supreme Court of Appeals,,,STANLEY HEFLIN,75
Harrison,PRECINCT 134,Supreme Court of Appeals,,,STANLEY HEFLIN,58
Harrison,PRECINCT 135,Supreme Court of Appeals,,,STANLEY HEFLIN,17
Harrison,PRECINCT 136,Supreme Court of Appeals,,,STANLEY HEFLIN,22
Harrison,PRECINCT 137,Supreme Court of Appeals,,,STANLEY HEFLIN,15
Harrison,PRECINCT 143,Supreme Court of Appeals,,,STANLEY HEFLIN,57
Harrison,PRECINCT 144,Supreme Court of Appeals,,,STANLEY HEFLIN,18
Harrison,PRECINCT 144A,Supreme Court of Appeals,,,STANLEY HEFLIN,26
Harrison,PRECINCT 145,Supreme Court of Appeals,,,STANLEY HEFLIN,45
Harrison,PRECINCT 1,FOR CONSERVATION DISTRICT SUPERVISOR,,,VIRGINIA ROCKWELL,109
Harrison,PRECINCT 1A,FOR CONSERVATION DISTRICT SUPERVISOR,,,VIRGINIA ROCKWELL,7
Harrison,PRECINCT 2,FOR CONSERVATION DISTRICT SUPERVISOR,,,VIRGINIA ROCKWELL,14
Harrison,PRECINCT 4,FOR CONSERVATION DISTRICT SUPERVISOR,,,VIRGINIA ROCKWELL,116
Harrison,PRECINCT 6,FOR CONSERVATION DISTRICT SUPERVISOR,,,VIRGINIA ROCKWELL,102
Harrison,PRECINCT 9,FOR CONSERVATION DISTRICT SUPERVISOR,,,VIRGINIA ROCKWELL,52
Harrison,PRECINCT 10,FOR CONSERVATION DISTRICT SUPERVISOR,,,VIRGINIA ROCKWELL,47
Harrison,PRECINCT 14,FOR CONSERVATION DISTRICT SUPERVISOR,,,VIRGINIA ROCKWELL,183
Harrison,PRECINCT 28,FOR CONSERVATION DISTRICT SUPERVISOR,,,VIRGINIA ROCKWELL,95
Harrison,PRECINCT 33,FOR CONSERVATION DISTRICT SUPERVISOR,,,VIRGINIA ROCKWELL,145
Harrison,PRECINCT 36A,FOR CONSERVATION DISTRICT SUPERVISOR,,,VIRGINIA ROCKWELL,42
Harrison,PRECINCT 43,FOR CONSERVATION DISTRICT SUPERVISOR,,,VIRGINIA ROCKWELL,38
Harrison,PRECINCT 44,FOR CONSERVATION DISTRICT SUPERVISOR,,,VIRGINIA ROCKWELL,35
Harrison,PRECINCT 45,FOR CONSERVATION DISTRICT SUPERVISOR,,,VIRGINIA ROCKWELL,76
Harrison,PRECINCT 46,FOR CONSERVATION DISTRICT SUPERVISOR,,,VIRGINIA ROCKWELL,69
Harrison,PRECINCT 48,FOR CONSERVATION DISTRICT SUPERVISOR,,,VIRGINIA ROCKWELL,55
Harrison,PRECINCT 50,FOR CONSERVATION DISTRICT SUPERVISOR,,,VIRGINIA ROCKWELL,65
Harrison,PRECINCT 51,FOR CONSERVATION DISTRICT SUPERVISOR,,,VIRGINIA ROCKWELL,40
Harrison,PRECINCT 52,FOR CONSERVATION DISTRICT SUPERVISOR,,,VIRGINIA ROCKWELL,73
Harrison,PRECINCT 53,FOR CONSERVATION DISTRICT SUPERVISOR,,,VIRGINIA ROCKWELL,41
Harrison,PRECINCT 59,FOR CONSERVATION DISTRICT SUPERVISOR,,,VIRGINIA ROCKWELL,39
Harrison,PRECINCT 61,FOR CONSERVATION DISTRICT SUPERVISOR,,,VIRGINIA ROCKWELL,78
Harrison,PRECINCT 63,FOR CONSERVATION DISTRICT SUPERVISOR,,,VIRGINIA ROCKWELL,83
Harrison,PRECINCT 66,FOR CONSERVATION DISTRICT SUPERVISOR,,,VIRGINIA ROCKWELL,36
Harrison,PRECINCT 66A,FOR CONSERVATION DISTRICT SUPERVISOR,,,VIRGINIA ROCKWELL,3
Harrison,PRECINCT 66B,FOR CONSERVATION DISTRICT SUPERVISOR,,,VIRGINIA ROCKWELL,8
Harrison,PRECINCT 68,FOR CONSERVATION DISTRICT SUPERVISOR,,,VIRGINIA ROCKWELL,97
Harrison,PRECINCT 74,FOR CONSERVATION DISTRICT SUPERVISOR,,,VIRGINIA ROCKWELL,105
Harrison,PRECINCT 80,FOR CONSERVATION DISTRICT SUPERVISOR,,,VIRGINIA ROCKWELL,129
Harrison,PRECINCT 87,FOR CONSERVATION DISTRICT SUPERVISOR,,,VIRGINIA ROCKWELL,32
Harrison,PRECINCT 92,FOR CONSERVATION DISTRICT SUPERVISOR,,,VIRGINIA ROCKWELL,57
Harrison,PRECINCT 95,FOR CONSERVATION DISTRICT SUPERVISOR,,,VIRGINIA ROCKWELL,57
Harrison,PRECINCT 96,FOR CONSERVATION DISTRICT SUPERVISOR,,,VIRGINIA ROCKWELL,69
Harrison,PRECINCT 98,FOR CONSERVATION DISTRICT SUPERVISOR,,,VIRGINIA ROCKWELL,34
Harrison,PRECINCT 102,FOR CONSERVATION DISTRICT SUPERVISOR,,,VIRGINIA ROCKWELL,113
Harrison,PRECINCT 103,FOR CONSERVATION DISTRICT SUPERVISOR,,,VIRGINIA ROCKWELL,20
Harrison,PRECINCT 104,FOR CONSERVATION DISTRICT SUPERVISOR,,,VIRGINIA ROCKWELL,15
Harrison,PRECINCT 106,FOR CONSERVATION DISTRICT SUPERVISOR,,,VIRGINIA ROCKWELL,17
Harrison,PRECINCT 107,FOR CONSERVATION DISTRICT SUPERVISOR,,,VIRGINIA ROCKWELL,11
Harrison,PRECINCT 108,FOR CONSERVATION DISTRICT SUPERVISOR,,,VIRGINIA ROCKWELL,34
Harrison,PRECINCT 110,FOR CONSERVATION DISTRICT SUPERVISOR,,,VIRGINIA ROCKWELL,38
Harrison,PRECINCT 114,FOR CONSERVATION DISTRICT SUPERVISOR,,,VIRGINIA ROCKWELL,53
Harrison,PRECINCT 114A,FOR CONSERVATION DISTRICT SUPERVISOR,,,VIRGINIA ROCKWELL,16
Harrison,PRECINCT 118,FOR CONSERVATION DISTRICT SUPERVISOR,,,VIRGINIA ROCKWELL,54
Harrison,PRECINCT 120,FOR CONSERVATION DISTRICT SUPERVISOR,,,VIRGINIA ROCKWELL,59
Harrison,PRECINCT 121,FOR CONSERVATION DISTRICT SUPERVISOR,,,VIRGINIA ROCKWELL,36
Harrison,PRECINCT 122,FOR CONSERVATION DISTRICT SUPERVISOR,,,VIRGINIA ROCKWELL,39
Harrison,PRECINCT 123,FOR CONSERVATION DISTRICT SUPERVISOR,,,VIRGINIA ROCKWELL,242
Harrison,PRECINCT 125,FOR CONSERVATION DISTRICT SUPERVISOR,,,VIRGINIA ROCKWELL,120
Harrison,PRECINCT 126,FOR CONSERVATION DISTRICT SUPERVISOR,,,VIRGINIA ROCKWELL,90
Harrison,PRECINCT 128,FOR CONSERVATION DISTRICT SUPERVISOR,,,VIRGINIA ROCKWELL,102
Harrison,PRECINCT 129,FOR CONSERVATION DISTRICT SUPERVISOR,,,VIRGINIA ROCKWELL,172
Harrison,PRECINCT 129B,FOR CONSERVATION DISTRICT SUPERVISOR,,,VIRGINIA ROCKWELL,187
Harrison,PRECINCT 129C,FOR CONSERVATION DISTRICT SUPERVISOR,,,VIRGINIA ROCKWELL,54
Harrison,PRECINCT 130,FOR CONSERVATION DISTRICT SUPERVISOR,,,VIRGINIA ROCKWELL,38
Harrison,PRECINCT 132,FOR CONSERVATION DISTRICT SUPERVISOR,,,VIRGINIA ROCKWELL,32
Harrison,PRECINCT 133,FOR CONSERVATION DISTRICT SUPERVISOR,,,VIRGINIA ROCKWELL,58
Harrison,PRECINCT 134,FOR CONSERVATION DISTRICT SUPERVISOR,,,VIRGINIA ROCKWELL,41
Harrison,PRECINCT 135,FOR CONSERVATION DISTRICT SUPERVISOR,,,VIRGINIA ROCKWELL,21
Harrison,PRECINCT 136,FOR CONSERVATION DISTRICT SUPERVISOR,,,VIRGINIA ROCKWELL,20
Harrison,PRECINCT 137,FOR CONSERVATION DISTRICT SUPERVISOR,,,VIRGINIA ROCKWELL,10
Harrison,PRECINCT 143,FOR CONSERVATION DISTRICT SUPERVISOR,,,VIRGINIA ROCKWELL,28
Harrison,PRECINCT 144,FOR CONSERVATION DISTRICT SUPERVISOR,,,VIRGINIA ROCKWELL,20
Harrison,PRECINCT 144A,FOR CONSERVATION DISTRICT SUPERVISOR,,,VIRGINIA ROCKWELL,26
Harrison,PRECINCT 145,FOR CONSERVATION DISTRICT SUPERVISOR,,,VIRGINIA ROCKWELL,38
Harrison,PRECINCT 1,FOR CONSERVATION DISTRICT SUPERVISOR,,,WILLIAM 'BILL' COFFINDAFFER,262
Harrison,PRECINCT 1A,FOR CONSERVATION DISTRICT SUPERVISOR,,,WILLIAM 'BILL' COFFINDAFFER,24
Harrison,PRECINCT 2,FOR CONSERVATION DISTRICT SUPERVISOR,,,WILLIAM 'BILL' COFFINDAFFER,30
Harrison,PRECINCT 4,FOR CONSERVATION DISTRICT SUPERVISOR,,,WILLIAM 'BILL' COFFINDAFFER,214
Harrison,PRECINCT 6,FOR CONSERVATION DISTRICT SUPERVISOR,,,WILLIAM 'BILL' COFFINDAFFER,174
Harrison,PRECINCT 9,FOR CONSERVATION DISTRICT SUPERVISOR,,,WILLIAM 'BILL' COFFINDAFFER,84
Harrison,PRECINCT 10,FOR CONSERVATION DISTRICT SUPERVISOR,,,WILLIAM 'BILL' COFFINDAFFER,77
Harrison,PRECINCT 14,FOR CONSERVATION DISTRICT SUPERVISOR,,,WILLIAM 'BILL' COFFINDAFFER,237
Harrison,PRECINCT 28,FOR CONSERVATION DISTRICT SUPERVISOR,,,WILLIAM 'BILL' COFFINDAFFER,141
Harrison,PRECINCT 33,FOR CONSERVATION DISTRICT SUPERVISOR,,,WILLIAM 'BILL' COFFINDAFFER,225
Harrison,PRECINCT 36A,FOR CONSERVATION DISTRICT SUPERVISOR,,,WILLIAM 'BILL' COFFINDAFFER,80
Harrison,PRECINCT 43,FOR CONSERVATION DISTRICT SUPERVISOR,,,WILLIAM 'BILL' COFFINDAFFER,51
Harrison,PRECINCT 44,FOR CONSERVATION DISTRICT SUPERVISOR,,,WILLIAM 'BILL' COFFINDAFFER,54
Harrison,PRECINCT 45,FOR CONSERVATION DISTRICT SUPERVISOR,,,WILLIAM 'BILL' COFFINDAFFER,87
Harrison,PRECINCT 46,FOR CONSERVATION DISTRICT SUPERVISOR,,,WILLIAM 'BILL' COFFINDAFFER,79
Harrison,PRECINCT 48,FOR CONSERVATION DISTRICT SUPERVISOR,,,WILLIAM 'BILL' COFFINDAFFER,137
Harrison,PRECINCT 50,FOR CONSERVATION DISTRICT SUPERVISOR,,,WILLIAM 'BILL' COFFINDAFFER,104
Harrison,PRECINCT 51,FOR CONSERVATION DISTRICT SUPERVISOR,,,WILLIAM 'BILL' COFFINDAFFER,52
Harrison,PRECINCT 52,FOR CONSERVATION DISTRICT SUPERVISOR,,,WILLIAM 'BILL' COFFINDAFFER,84
Harrison,PRECINCT 53,FOR CONSERVATION DISTRICT SUPERVISOR,,,WILLIAM 'BILL' COFFINDAFFER,26
Harrison,PRECINCT 59,FOR CONSERVATION DISTRICT SUPERVISOR,,,WILLIAM 'BILL' COFFINDAFFER,95
Harrison,PRECINCT 61,FOR CONSERVATION DISTRICT SUPERVISOR,,,WILLIAM 'BILL' COFFINDAFFER,159
Harrison,PRECINCT 63,FOR CONSERVATION DISTRICT SUPERVISOR,,,WILLIAM 'BILL' COFFINDAFFER,119
Harrison,PRECINCT 66,FOR CONSERVATION DISTRICT SUPERVISOR,,,WILLIAM 'BILL' COFFINDAFFER,65
Harrison,PRECINCT 66A,FOR CONSERVATION DISTRICT SUPERVISOR,,,WILLIAM 'BILL' COFFINDAFFER,7
Harrison,PRECINCT 66B,FOR CONSERVATION DISTRICT SUPERVISOR,,,WILLIAM 'BILL' COFFINDAFFER,12
Harrison,PRECINCT 68,FOR CONSERVATION DISTRICT SUPERVISOR,,,WILLIAM 'BILL' COFFINDAFFER,143
Harrison,PRECINCT 74,FOR CONSERVATION DISTRICT SUPERVISOR,,,WILLIAM 'BILL' COFFINDAFFER,187
Harrison,PRECINCT 80,FOR CONSERVATION DISTRICT SUPERVISOR,,,WILLIAM 'BILL' COFFINDAFFER,235
Harrison,PRECINCT 87,FOR CONSERVATION DISTRICT SUPERVISOR,,,WILLIAM 'BILL' COFFINDAFFER,54
Harrison,PRECINCT 92,FOR CONSERVATION DISTRICT SUPERVISOR,,,WILLIAM 'BILL' COFFINDAFFER,77
Harrison,PRECINCT 95,FOR CONSERVATION DISTRICT SUPERVISOR,,,WILLIAM 'BILL' COFFINDAFFER,59
Harrison,PRECINCT 96,FOR CONSERVATION DISTRICT SUPERVISOR,,,WILLIAM 'BILL' COFFINDAFFER,93
Harrison,PRECINCT 98,FOR CONSERVATION DISTRICT SUPERVISOR,,,WILLIAM 'BILL' COFFINDAFFER,57
Harrison,PRECINCT 102,FOR CONSERVATION DISTRICT SUPERVISOR,,,WILLIAM 'BILL' COFFINDAFFER,310
Harrison,PRECINCT 103,FOR CONSERVATION DISTRICT SUPERVISOR,,,WILLIAM 'BILL' COFFINDAFFER,82
Harrison,PRECINCT 104,FOR CONSERVATION DISTRICT SUPERVISOR,,,WILLIAM 'BILL' COFFINDAFFER,99
Harrison,PRECINCT 106,FOR CONSERVATION DISTRICT SUPERVISOR,,,WILLIAM 'BILL' COFFINDAFFER,118
Harrison,PRECINCT 107,FOR CONSERVATION DISTRICT SUPERVISOR,,,WILLIAM 'BILL' COFFINDAFFER,63
Harrison,PRECINCT 108,FOR CONSERVATION DISTRICT SUPERVISOR,,,WILLIAM 'BILL' COFFINDAFFER,177
Harrison,PRECINCT 110,FOR CONSERVATION DISTRICT SUPERVISOR,,,WILLIAM 'BILL' COFFINDAFFER,152
Harrison,PRECINCT 114,FOR CONSERVATION DISTRICT SUPERVISOR,,,WILLIAM 'BILL' COFFINDAFFER,62
Harrison,PRECINCT 114A,FOR CONSERVATION DISTRICT SUPERVISOR,,,WILLIAM 'BILL' COFFINDAFFER,18
Harrison,PRECINCT 118,FOR CONSERVATION DISTRICT SUPERVISOR,,,WILLIAM 'BILL' COFFINDAFFER,41
Harrison,PRECINCT 120,FOR CONSERVATION DISTRICT SUPERVISOR,,,WILLIAM 'BILL' COFFINDAFFER,143
Harrison,PRECINCT 121,FOR CONSERVATION DISTRICT SUPERVISOR,,,WILLIAM 'BILL' COFFINDAFFER,44
Harrison,PRECINCT 122,FOR CONSERVATION DISTRICT SUPERVISOR,,,WILLIAM 'BILL' COFFINDAFFER,56
Harrison,PRECINCT 123,FOR CONSERVATION DISTRICT SUPERVISOR,,,WILLIAM 'BILL' COFFINDAFFER,392
Harrison,PRECINCT 125,FOR CONSERVATION DISTRICT SUPERVISOR,,,WILLIAM 'BILL' COFFINDAFFER,189
Harrison,PRECINCT 126,FOR CONSERVATION DISTRICT SUPERVISOR,,,WILLIAM 'BILL' COFFINDAFFER,125
Harrison,PRECINCT 128,FOR CONSERVATION DISTRICT SUPERVISOR,,,WILLIAM 'BILL' COFFINDAFFER,149
Harrison,PRECINCT 129,FOR CONSERVATION DISTRICT SUPERVISOR,,,WILLIAM 'BILL' COFFINDAFFER,293
Harrison,PRECINCT 129B,FOR CONSERVATION DISTRICT SUPERVISOR,,,WILLIAM 'BILL' COFFINDAFFER,263
Harrison,PRECINCT 129C,FOR CONSERVATION DISTRICT SUPERVISOR,,,WILLIAM 'BILL' COFFINDAFFER,105
Harrison,PRECINCT 130,FOR CONSERVATION DISTRICT SUPERVISOR,,,WILLIAM 'BILL' COFFINDAFFER,61
Harrison,PRECINCT 132,FOR CONSERVATION DISTRICT SUPERVISOR,,,WILLIAM 'BILL' COFFINDAFFER,41
Harrison,PRECINCT 133,FOR CONSERVATION DISTRICT SUPERVISOR,,,WILLIAM 'BILL' COFFINDAFFER,183
Harrison,PRECINCT 134,FOR CONSERVATION DISTRICT SUPERVISOR,,,WILLIAM 'BILL' COFFINDAFFER,124
Harrison,PRECINCT 135,FOR CONSERVATION DISTRICT SUPERVISOR,,,WILLIAM 'BILL' COFFINDAFFER,39
Harrison,PRECINCT 136,FOR CONSERVATION DISTRICT SUPERVISOR,,,WILLIAM 'BILL' COFFINDAFFER,30
Harrison,PRECINCT 137,FOR CONSERVATION DISTRICT SUPERVISOR,,,WILLIAM 'BILL' COFFINDAFFER,31
Harrison,PRECINCT 143,FOR CONSERVATION DISTRICT SUPERVISOR,,,WILLIAM 'BILL' COFFINDAFFER,333
Harrison,PRECINCT 144,FOR CONSERVATION DISTRICT SUPERVISOR,,,WILLIAM 'BILL' COFFINDAFFER,78
Harrison,PRECINCT 144A,FOR CONSERVATION DISTRICT SUPERVISOR,,,WILLIAM 'BILL' COFFINDAFFER,110
Harrison,PRECINCT 145,FOR CONSERVATION DISTRICT SUPERVISOR,,,WILLIAM 'BILL' COFFINDAFFER,138
Harrison,PRECINCT 1A,FOR CITY COUNCIL CLARKSBURG,,,RYAN DEEMS,16
Harrison,PRECINCT 9,FOR CITY COUNCIL CLARKSBURG,,,RYAN DEEMS,69
Harrison,PRECINCT 14,FOR CITY COUNCIL CLARKSBURG,,,RYAN DEEMS,211
Harrison,PRECINCT 28,FOR CITY COUNCIL CLARKSBURG,,,RYAN DEEMS,118
Harrison,PRECINCT 33,FOR CITY COUNCIL CLARKSBURG,,,RYAN DEEMS,194
Harrison,PRECINCT 36A,FOR CITY COUNCIL CLARKSBURG,,,RYAN DEEMS,66
Harrison,PRECINCT 66B,FOR CITY COUNCIL CLARKSBURG,,,RYAN DEEMS,7
Harrison,PRECINCT 68,FOR CITY COUNCIL CLARKSBURG,,,RYAN DEEMS,121
Harrison,PRECINCT 74,FOR CITY COUNCIL CLARKSBURG,,,RYAN DEEMS,149
Harrison,PRECINCT 80,FOR CITY COUNCIL CLARKSBURG,,,RYAN DEEMS,229
Harrison,PRECINCT 1A,FOR CITY COUNCIL CLARKSBURG,,,MARTIN G. HOWE,21
Harrison,PRECINCT 9,FOR CITY COUNCIL CLARKSBURG,,,MARTIN G. HOWE,63
Harrison,PRECINCT 14,FOR CITY COUNCIL CLARKSBURG,,,MARTIN G. HOWE,249
Harrison,PRECINCT 28,FOR CITY COUNCIL CLARKSBURG,,,MARTIN G. HOWE,139
Harrison,PRECINCT 33,FOR CITY COUNCIL CLARKSBURG,,,MARTIN G. HOWE,202
Harrison,PRECINCT 36A,FOR CITY COUNCIL CLARKSBURG,,,MARTIN G. HOWE,72
Harrison,PRECINCT 66B,FOR CITY COUNCIL CLARKSBURG,,,MARTIN G. HOWE,12
Harrison,PRECINCT 68,FOR CITY COUNCIL CLARKSBURG,,,MARTIN G. HOWE,152
Harrison,PRECINCT 74,FOR CITY COUNCIL CLARKSBURG,,,MARTIN G. HOWE,147
Harrison,PRECINCT 80,FOR CITY COUNCIL CLARKSBURG,,,MARTIN G. HOWE,185
Harrison,PRECINCT 1A,FOR CITY COUNCIL CLARKSBURG,,,TYLER HART,2
Harrison,PRECINCT 9,FOR CITY COUNCIL CLARKSBURG,,,TYLER HART,30
Harrison,PRECINCT 14,FOR CITY COUNCIL CLARKSBURG,,,TYLER HART,64
Harrison,PRECINCT 28,FOR CITY COUNCIL CLARKSBURG,,,TYLER HART,39
Harrison,PRECINCT 33,FOR CITY COUNCIL CLARKSBURG,,,TYLER HART,88
Harrison,PRECINCT 36A,FOR CITY COUNCIL CLARKSBURG,,,TYLER HART,23
Harrison,PRECINCT 66B,FOR CITY COUNCIL CLARKSBURG,,,TYLER HART,0
Harrison,PRECINCT 68,FOR CITY COUNCIL CLARKSBURG,,,TYLER HART,34
Harrison,PRECINCT 74,FOR CITY COUNCIL CLARKSBURG,,,TYLER HART,45
Harrison,PRECINCT 80,FOR CITY COUNCIL CLARKSBURG,,,TYLER HART,42
Harrison,PRECINCT 1A,FOR CITY COUNCIL CLARKSBURG,,,HATTIE WRIGHT,17
Harrison,PRECINCT 9,FOR CITY COUNCIL CLARKSBURG,,,HATTIE WRIGHT,67
Harrison,PRECINCT 14,FOR CITY COUNCIL CLARKSBURG,,,HATTIE WRIGHT,234
Harrison,PRECINCT 28,FOR CITY COUNCIL CLARKSBURG,,,HATTIE WRIGHT,117
Harrison,PRECINCT 33,FOR CITY COUNCIL CLARKSBURG,,,HATTIE WRIGHT,160
Harrison,PRECINCT 36A,FOR CITY COUNCIL CLARKSBURG,,,HATTIE WRIGHT,61
Harrison,PRECINCT 66B,FOR CITY COUNCIL CLARKSBURG,,,HATTIE WRIGHT,5
Harrison,PRECINCT 68,FOR CITY COUNCIL CLARKSBURG,,,HATTIE WRIGHT,138
Harrison,PRECINCT 74,FOR CITY COUNCIL CLARKSBURG,,,HATTIE WRIGHT,117
Harrison,PRECINCT 80,FOR CITY COUNCIL CLARKSBURG,,,HATTIE WRIGHT,194
Harrison,PRECINCT 1A,FOR CITY COUNCIL CLARKSBURG,,,MARC JACKSON,18
Harrison,PRECINCT 9,FOR CITY COUNCIL CLARKSBURG,,,MARC JACKSON,67
Harrison,PRECINCT 14,FOR CITY COUNCIL CLARKSBURG,,,MARC JACKSON,257
Harrison,PRECINCT 28,FOR CITY COUNCIL CLARKSBURG,,,MARC JACKSON,130
Harrison,PRECINCT 33,FOR CITY COUNCIL CLARKSBURG,,,MARC JACKSON,190
Harrison,PRECINCT 36A,FOR CITY COUNCIL CLARKSBURG,,,MARC JACKSON,58
Harrison,PRECINCT 66B,FOR CITY COUNCIL CLARKSBURG,,,MARC JACKSON,8
Harrison,PRECINCT 68,FOR CITY COUNCIL CLARKSBURG,,,MARC JACKSON,152
Harrison,PRECINCT 74,FOR CITY COUNCIL CLARKSBURG,,,MARC JACKSON,163
Harrison,PRECINCT 80,FOR CITY COUNCIL CLARKSBURG,,,MARC JACKSON,213
Harrison,PRECINCT 1A,FOR CITY COUNCIL CLARKSBURG,,,ANDREW J. BANKO,9
Harrison,PRECINCT 9,FOR CITY COUNCIL CLARKSBURG,,,ANDREW J. BANKO,59
Harrison,PRECINCT 14,FOR CITY COUNCIL CLARKSBURG,,,ANDREW J. BANKO,197
Harrison,PRECINCT 28,FOR CITY COUNCIL CLARKSBURG,,,ANDREW J. BANKO,106
Harrison,PRECINCT 33,FOR CITY COUNCIL CLARKSBURG,,,ANDREW J. BANKO,166
Harrison,PRECINCT 36A,FOR CITY COUNCIL CLARKSBURG,,,ANDREW J. BANKO,53
Harrison,PRECINCT 66B,FOR CITY COUNCIL CLARKSBURG,,,ANDREW J. BANKO,11
Harrison,PRECINCT 68,FOR CITY COUNCIL CLARKSBURG,,,ANDREW J. BANKO,119
Harrison,PRECINCT 74,FOR CITY COUNCIL CLARKSBURG,,,ANDREW J. BANKO,123
Harrison,PRECINCT 80,FOR CITY COUNCIL CLARKSBURG,,,ANDREW J. BANKO,194
Harrison,PRECINCT 1A,FOR CITY COUNCIL CLARKSBURG,,,MARCUS RUTTER,4
Harrison,PRECINCT 9,FOR CITY COUNCIL CLARKSBURG,,,MARCUS RUTTER,25
Harrison,PRECINCT 14,FOR CITY COUNCIL CLARKSBURG,,,MARCUS RUTTER,58
Harrison,PRECINCT 28,FOR CITY COUNCIL CLARKSBURG,,,MARCUS RUTTER,39
Harrison,PRECINCT 33,FOR CITY COUNCIL CLARKSBURG,,,MARCUS RUTTER,43
Harrison,PRECINCT 36A,FOR CITY COUNCIL CLARKSBURG,,,MARCUS RUTTER,13
Harrison,PRECINCT 66B,FOR CITY COUNCIL CLARKSBURG,,,MARCUS RUTTER,2
Harrison,PRECINCT 68,FOR CITY COUNCIL CLARKSBURG,,,MARCUS RUTTER,19
Harrison,PRECINCT 74,FOR CITY COUNCIL CLARKSBURG,,,MARCUS RUTTER,47
Harrison,PRECINCT 80,FOR CITY COUNCIL CLARKSBURG,,,MARCUS RUTTER,32
Harrison,PRECINCT 1A,FOR WATER BOARD CLARKSBURG,,,ALBERT N. COX,29
Harrison,PRECINCT 9,FOR WATER BOARD CLARKSBURG,,,ALBERT N. COX,108
Harrison,PRECINCT 14,FOR WATER BOARD CLARKSBURG,,,ALBERT N. COX,325
Harrison,PRECINCT 28,FOR WATER BOARD CLARKSBURG,,,ALBERT N. COX,171
Harrison,PRECINCT 33,FOR WATER BOARD CLARKSBURG,,,ALBERT N. COX,266
Harrison,PRECINCT 36A,FOR WATER BOARD CLARKSBURG,,,ALBERT N. COX,88
Harrison,PRECINCT 66B,FOR WATER BOARD CLARKSBURG,,,ALBERT N. COX,16
Harrison,PRECINCT 68,FOR WATER BOARD CLARKSBURG,,,ALBERT N. COX,190
Harrison,PRECINCT 74,FOR WATER BOARD CLARKSBURG,,,ALBERT N. COX,229
Harrison,PRECINCT 80,FOR WATER BOARD CLARKSBURG,,,ALBERT N. COX,272
Harrison,PRECINCT 1A,FOR WATER BOARD CLARKSBURG,,,PAUL J. HOWE III,22
Harrison,PRECINCT 9,FOR WATER BOARD CLARKSBURG,,,PAUL J. HOWE III,95
Harrison,PRECINCT 14,FOR WATER BOARD CLARKSBURG,,,PAUL J. HOWE III,317
Harrison,PRECINCT 28,FOR WATER BOARD CLARKSBURG,,,PAUL J. HOWE III,193
Harrison,PRECINCT 33,FOR WATER BOARD CLARKSBURG,,,PAUL J. HOWE III,273
Harrison,PRECINCT 36A,FOR WATER BOARD CLARKSBURG,,,PAUL J. HOWE III,91
Harrison,PRECINCT 66B,FOR WATER BOARD CLARKSBURG,,,PAUL J. HOWE III,19
Harrison,PRECINCT 68,FOR WATER BOARD CLARKSBURG,,,PAUL J. HOWE III,184
Harrison,PRECINCT 74,FOR WATER BOARD CLARKSBURG,,,PAUL J. HOWE III,228
Harrison,PRECINCT 80,FOR WATER BOARD CLARKSBURG,,,PAUL J. HOWE III,270
Harrison,PRECINCT 50,FOR CITY COUNCIL AT-LARGE SHINNSTON,,,BILL WATSON,131
Harrison,PRECINCT 51,FOR CITY COUNCIL AT-LARGE SHINNSTON,,,BILL WATSON,61
Harrison,PRECINCT 52,FOR CITY COUNCIL AT-LARGE SHINNSTON,,,BILL WATSON,96
Harrison,PRECINCT 53,FOR CITY COUNCIL AT-LARGE SHINNSTON,,,BILL WATSON,45
Harrison,PRECINCT 50,FOR CITY COUNCIL AT-LARGE SHINNSTON,,,MARY ANN FERRIS,135
Harrison,PRECINCT 51,FOR CITY COUNCIL AT-LARGE SHINNSTON,,,MARY ANN FERRIS,64
Harrison,PRECINCT 52,FOR CITY COUNCIL AT-LARGE SHINNSTON,,,MARY ANN FERRIS,107
Harrison,PRECINCT 53,FOR CITY COUNCIL AT-LARGE SHINNSTON,,,MARY ANN FERRIS,42
Harrison,PRECINCT 50,FOR CITY COUNCIL AT-LARGE SHINNSTON,,,VANCE SOSINSKI,76
Harrison,PRECINCT 51,FOR CITY COUNCIL AT-LARGE SHINNSTON,,,VANCE SOSINSKI,37
Harrison,PRECINCT 52,FOR CITY COUNCIL AT-LARGE SHINNSTON,,,VANCE SOSINSKI,62
Harrison,PRECINCT 53,FOR CITY COUNCIL AT-LARGE SHINNSTON,,,VANCE SOSINSKI,23
