county,precinct,office,district,party,candidate,votes
Preston,PRECINCT 1,BALLOTS CAST,,REP,BALLOTS CAST - REPUBLICAN,227
Preston,PRECINCT 2,BALLOTS CAST,,REP,BALLOTS CAST - REPUBLICAN,298
Preston,PRECINCT 3,BALLOTS CAST,,REP,BALLOTS CAST - REPUBLICAN,255
Preston,PRECINCT 4,BALLOTS CAST,,REP,BALLOTS CAST - REPUBLICAN,255
Preston,PRECINCT 5,BALLOTS CAST,,REP,BALLOTS CAST - REPUBLICAN,377
Preston,PRECINCT 6,BALLOTS CAST,,REP,BALLOTS CAST - REPUBLICAN,139
Preston,PRECINCT 7,BALLOTS CAST,,REP,BALLOTS CAST - REPUBLICAN,76
Preston,PRECINCT 8,BALLOTS CAST,,REP,BALLOTS CAST - REPUBLICAN,227
Preston,PRECINCT 9,BALLOTS CAST,,REP,BALLOTS CAST - REPUBLICAN,65
Preston,PRECINCT 10,BALLOTS CAST,,REP,BALLOTS CAST - REPUBLICAN,189
Preston,PRECINCT 11,BALLOTS CAST,,REP,BALLOTS CAST - REPUBLICAN,239
Preston,PRECINCT 12,BALLOTS CAST,,REP,BALLOTS CAST - REPUBLICAN,224
Preston,PRECINCT 13,BALLOTS CAST,,REP,BALLOTS CAST - REPUBLICAN,374
Preston,PRECINCT 14,BALLOTS CAST,,REP,BALLOTS CAST - REPUBLICAN,49
Preston,PRECINCT 15,BALLOTS CAST,,REP,BALLOTS CAST - REPUBLICAN,287
Preston,PRECINCT 16,BALLOTS CAST,,REP,BALLOTS CAST - REPUBLICAN,339
Preston,PRECINCT 17,BALLOTS CAST,,REP,BALLOTS CAST - REPUBLICAN,128
Preston,PRECINCT 18,BALLOTS CAST,,REP,BALLOTS CAST - REPUBLICAN,227
Preston,PRECINCT 19,BALLOTS CAST,,REP,BALLOTS CAST - REPUBLICAN,156
Preston,PRECINCT 20,BALLOTS CAST,,REP,BALLOTS CAST - REPUBLICAN,362
Preston,PRECINCT 21,BALLOTS CAST,,REP,BALLOTS CAST - REPUBLICAN,178
Preston,PRECINCT 22,BALLOTS CAST,,REP,BALLOTS CAST - REPUBLICAN,245
Preston,PRECINCT 23,BALLOTS CAST,,REP,BALLOTS CAST - REPUBLICAN,190
Preston,PRECINCT 24,BALLOTS CAST,,REP,BALLOTS CAST - REPUBLICAN,230
Preston,PRECINCT 25,BALLOTS CAST,,REP,BALLOTS CAST - REPUBLICAN,133
Preston,PRECINCT 26,BALLOTS CAST,,REP,BALLOTS CAST - REPUBLICAN,179
Preston,PRECINCT 27,BALLOTS CAST,,REP,BALLOTS CAST - REPUBLICAN,224
Preston,PRECINCT 28,BALLOTS CAST,,REP,BALLOTS CAST - REPUBLICAN,49
Preston,PRECINCT 1,BALLOTS CAST,,DEM,BALLOTS CAST - DEMOCRATIC,63
Preston,PRECINCT 2,BALLOTS CAST,,DEM,BALLOTS CAST - DEMOCRATIC,65
Preston,PRECINCT 3,BALLOTS CAST,,DEM,BALLOTS CAST - DEMOCRATIC,68
Preston,PRECINCT 4,BALLOTS CAST,,DEM,BALLOTS CAST - DEMOCRATIC,53
Preston,PRECINCT 5,BALLOTS CAST,,DEM,BALLOTS CAST - DEMOCRATIC,80
Preston,PRECINCT 6,BALLOTS CAST,,DEM,BALLOTS CAST - DEMOCRATIC,27
Preston,PRECINCT 7,BALLOTS CAST,,DEM,BALLOTS CAST - DEMOCRATIC,16
Preston,PRECINCT 8,BALLOTS CAST,,DEM,BALLOTS CAST - DEMOCRATIC,68
Preston,PRECINCT 9,BALLOTS CAST,,DEM,BALLOTS CAST - DEMOCRATIC,35
Preston,PRECINCT 10,BALLOTS CAST,,DEM,BALLOTS CAST - DEMOCRATIC,62
Preston,PRECINCT 11,BALLOTS CAST,,DEM,BALLOTS CAST - DEMOCRATIC,79
Preston,PRECINCT 12,BALLOTS CAST,,DEM,BALLOTS CAST - DEMOCRATIC,83
Preston,PRECINCT 13,BALLOTS CAST,,DEM,BALLOTS CAST - DEMOCRATIC,125
Preston,PRECINCT 14,BALLOTS CAST,,DEM,BALLOTS CAST - DEMOCRATIC,10
Preston,PRECINCT 15,BALLOTS CAST,,DEM,BALLOTS CAST - DEMOCRATIC,90
Preston,PRECINCT 16,BALLOTS CAST,,DEM,BALLOTS CAST - DEMOCRATIC,102
Preston,PRECINCT 17,BALLOTS CAST,,DEM,BALLOTS CAST - DEMOCRATIC,33
Preston,PRECINCT 18,BALLOTS CAST,,DEM,BALLOTS CAST - DEMOCRATIC,49
Preston,PRECINCT 19,BALLOTS CAST,,DEM,BALLOTS CAST - DEMOCRATIC,67
Preston,PRECINCT 20,BALLOTS CAST,,DEM,BALLOTS CAST - DEMOCRATIC,72
Preston,PRECINCT 21,BALLOTS CAST,,DEM,BALLOTS CAST - DEMOCRATIC,49
Preston,PRECINCT 22,BALLOTS CAST,,DEM,BALLOTS CAST - DEMOCRATIC,69
Preston,PRECINCT 23,BALLOTS CAST,,DEM,BALLOTS CAST - DEMOCRATIC,45
Preston,PRECINCT 24,BALLOTS CAST,,DEM,BALLOTS CAST - DEMOCRATIC,94
Preston,PRECINCT 25,BALLOTS CAST,,DEM,BALLOTS CAST - DEMOCRATIC,50
Preston,PRECINCT 26,BALLOTS CAST,,DEM,BALLOTS CAST - DEMOCRATIC,39
Preston,PRECINCT 27,BALLOTS CAST,,DEM,BALLOTS CAST - DEMOCRATIC,84
Preston,PRECINCT 28,BALLOTS CAST,,DEM,BALLOTS CAST - DEMOCRATIC,15
Preston,PRECINCT 1,BALLOTS CAST,,MTN,BALLOTS CAST - MOUNTAIN,0
Preston,PRECINCT 2,BALLOTS CAST,,MTN,BALLOTS CAST - MOUNTAIN,1
Preston,PRECINCT 3,BALLOTS CAST,,MTN,BALLOTS CAST - MOUNTAIN,0
Preston,PRECINCT 4,BALLOTS CAST,,MTN,BALLOTS CAST - MOUNTAIN,2
Preston,PRECINCT 5,BALLOTS CAST,,MTN,BALLOTS CAST - MOUNTAIN,1
Preston,PRECINCT 6,BALLOTS CAST,,MTN,BALLOTS CAST - MOUNTAIN,0
Preston,PRECINCT 7,BALLOTS CAST,,MTN,BALLOTS CAST - MOUNTAIN,0
Preston,PRECINCT 8,BALLOTS CAST,,MTN,BALLOTS CAST - MOUNTAIN,0
Preston,PRECINCT 9,BALLOTS CAST,,MTN,BALLOTS CAST - MOUNTAIN,0
Preston,PRECINCT 10,BALLOTS CAST,,MTN,BALLOTS CAST - MOUNTAIN,0
Preston,PRECINCT 11,BALLOTS CAST,,MTN,BALLOTS CAST - MOUNTAIN,0
Preston,PRECINCT 12,BALLOTS CAST,,MTN,BALLOTS CAST - MOUNTAIN,1
Preston,PRECINCT 13,BALLOTS CAST,,MTN,BALLOTS CAST - MOUNTAIN,0
Preston,PRECINCT 14,BALLOTS CAST,,MTN,BALLOTS CAST - MOUNTAIN,0
Preston,PRECINCT 15,BALLOTS CAST,,MTN,BALLOTS CAST - MOUNTAIN,0
Preston,PRECINCT 16,BALLOTS CAST,,MTN,BALLOTS CAST - MOUNTAIN,1
Preston,PRECINCT 17,BALLOTS CAST,,MTN,BALLOTS CAST - MOUNTAIN,1
Preston,PRECINCT 18,BALLOTS CAST,,MTN,BALLOTS CAST - MOUNTAIN,0
Preston,PRECINCT 19,BALLOTS CAST,,MTN,BALLOTS CAST - MOUNTAIN,0
Preston,PRECINCT 20,BALLOTS CAST,,MTN,BALLOTS CAST - MOUNTAIN,0
Preston,PRECINCT 21,BALLOTS CAST,,MTN,BALLOTS CAST - MOUNTAIN,1
Preston,PRECINCT 22,BALLOTS CAST,,MTN,BALLOTS CAST - MOUNTAIN,0
Preston,PRECINCT 23,BALLOTS CAST,,MTN,BALLOTS CAST - MOUNTAIN,0
Preston,PRECINCT 24,BALLOTS CAST,,MTN,BALLOTS CAST - MOUNTAIN,0
Preston,PRECINCT 25,BALLOTS CAST,,MTN,BALLOTS CAST - MOUNTAIN,0
Preston,PRECINCT 26,BALLOTS CAST,,MTN,BALLOTS CAST - MOUNTAIN,0
Preston,PRECINCT 27,BALLOTS CAST,,MTN,BALLOTS CAST - MOUNTAIN,0
Preston,PRECINCT 28,BALLOTS CAST,,MTN,BALLOTS CAST - MOUNTAIN,0
Preston,PRECINCT 1,BALLOTS CAST,,,BALLOTS CAST - NONPARTISAN,6
Preston,PRECINCT 2,BALLOTS CAST,,,BALLOTS CAST - NONPARTISAN,14
Preston,PRECINCT 3,BALLOTS CAST,,,BALLOTS CAST - NONPARTISAN,18
Preston,PRECINCT 4,BALLOTS CAST,,,BALLOTS CAST - NONPARTISAN,12
Preston,PRECINCT 5,BALLOTS CAST,,,BALLOTS CAST - NONPARTISAN,9
Preston,PRECINCT 6,BALLOTS CAST,,,BALLOTS CAST - NONPARTISAN,0
Preston,PRECINCT 7,BALLOTS CAST,,,BALLOTS CAST - NONPARTISAN,3
Preston,PRECINCT 8,BALLOTS CAST,,,BALLOTS CAST - NONPARTISAN,6
Preston,PRECINCT 9,BALLOTS CAST,,,BALLOTS CAST - NONPARTISAN,3
Preston,PRECINCT 10,BALLOTS CAST,,,BALLOTS CAST - NONPARTISAN,2
Preston,PRECINCT 11,BALLOTS CAST,,,BALLOTS CAST - NONPARTISAN,10
Preston,PRECINCT 12,BALLOTS CAST,,,BALLOTS CAST - NONPARTISAN,5
Preston,PRECINCT 13,BALLOTS CAST,,,BALLOTS CAST - NONPARTISAN,20
Preston,PRECINCT 14,BALLOTS CAST,,,BALLOTS CAST - NONPARTISAN,5
Preston,PRECINCT 15,BALLOTS CAST,,,BALLOTS CAST - NONPARTISAN,14
Preston,PRECINCT 16,BALLOTS CAST,,,BALLOTS CAST - NONPARTISAN,14
Preston,PRECINCT 17,BALLOTS CAST,,,BALLOTS CAST - NONPARTISAN,11
Preston,PRECINCT 18,BALLOTS CAST,,,BALLOTS CAST - NONPARTISAN,7
Preston,PRECINCT 19,BALLOTS CAST,,,BALLOTS CAST - NONPARTISAN,5
Preston,PRECINCT 20,BALLOTS CAST,,,BALLOTS CAST - NONPARTISAN,15
Preston,PRECINCT 21,BALLOTS CAST,,,BALLOTS CAST - NONPARTISAN,8
Preston,PRECINCT 22,BALLOTS CAST,,,BALLOTS CAST - NONPARTISAN,2
Preston,PRECINCT 23,BALLOTS CAST,,,BALLOTS CAST - NONPARTISAN,12
Preston,PRECINCT 24,BALLOTS CAST,,,BALLOTS CAST - NONPARTISAN,3
Preston,PRECINCT 25,BALLOTS CAST,,,BALLOTS CAST - NONPARTISAN,6
Preston,PRECINCT 26,BALLOTS CAST,,,BALLOTS CAST - NONPARTISAN,5
Preston,PRECINCT 27,BALLOTS CAST,,,BALLOTS CAST - NONPARTISAN,3
Preston,PRECINCT 28,BALLOTS CAST,,,BALLOTS CAST - NONPARTISAN,5
Preston,PRECINCT 1,President,,REP,DONALD J.  TRUMP,195
Preston,PRECINCT 2,President,,REP,DONALD J.  TRUMP,248
Preston,PRECINCT 3,President,,REP,DONALD J.  TRUMP,210
Preston,PRECINCT 4,President,,REP,DONALD J.  TRUMP,228
Preston,PRECINCT 5,President,,REP,DONALD J.  TRUMP,319
Preston,PRECINCT 6,President,,REP,DONALD J.  TRUMP,127
Preston,PRECINCT 7,President,,REP,DONALD J.  TRUMP,59
Preston,PRECINCT 8,President,,REP,DONALD J.  TRUMP,205
Preston,PRECINCT 9,President,,REP,DONALD J.  TRUMP,54
Preston,PRECINCT 10,President,,REP,DONALD J.  TRUMP,169
Preston,PRECINCT 11,President,,REP,DONALD J.  TRUMP,204
Preston,PRECINCT 12,President,,REP,DONALD J.  TRUMP,176
Preston,PRECINCT 13,President,,REP,DONALD J.  TRUMP,307
Preston,PRECINCT 14,President,,REP,DONALD J.  TRUMP,46
Preston,PRECINCT 15,President,,REP,DONALD J.  TRUMP,233
Preston,PRECINCT 16,President,,REP,DONALD J.  TRUMP,283
Preston,PRECINCT 17,President,,REP,DONALD J.  TRUMP,110
Preston,PRECINCT 18,President,,REP,DONALD J.  TRUMP,201
Preston,PRECINCT 19,President,,REP,DONALD J.  TRUMP,132
Preston,PRECINCT 20,President,,REP,DONALD J.  TRUMP,323
Preston,PRECINCT 21,President,,REP,DONALD J.  TRUMP,161
Preston,PRECINCT 22,President,,REP,DONALD J.  TRUMP,222
Preston,PRECINCT 23,President,,REP,DONALD J.  TRUMP,172
Preston,PRECINCT 24,President,,REP,DONALD J.  TRUMP,206
Preston,PRECINCT 25,President,,REP,DONALD J.  TRUMP,125
Preston,PRECINCT 26,President,,REP,DONALD J.  TRUMP,171
Preston,PRECINCT 27,President,,REP,DONALD J.  TRUMP,190
Preston,PRECINCT 28,President,,REP,DONALD J.  TRUMP,46
Preston,PRECINCT 1,President,,REP,NIKKI R.  HALEY,20
Preston,PRECINCT 2,President,,REP,NIKKI R.  HALEY,33
Preston,PRECINCT 3,President,,REP,NIKKI R.  HALEY,31
Preston,PRECINCT 4,President,,REP,NIKKI R.  HALEY,18
Preston,PRECINCT 5,President,,REP,NIKKI R.  HALEY,33
Preston,PRECINCT 6,President,,REP,NIKKI R.  HALEY,4
Preston,PRECINCT 7,President,,REP,NIKKI R.  HALEY,12
Preston,PRECINCT 8,President,,REP,NIKKI R.  HALEY,10
Preston,PRECINCT 9,President,,REP,NIKKI R.  HALEY,5
Preston,PRECINCT 10,President,,REP,NIKKI R.  HALEY,8
Preston,PRECINCT 11,President,,REP,NIKKI R.  HALEY,27
Preston,PRECINCT 12,President,,REP,NIKKI R.  HALEY,31
Preston,PRECINCT 13,President,,REP,NIKKI R.  HALEY,39
Preston,PRECINCT 14,President,,REP,NIKKI R.  HALEY,3
Preston,PRECINCT 15,President,,REP,NIKKI R.  HALEY,35
Preston,PRECINCT 16,President,,REP,NIKKI R.  HALEY,28
Preston,PRECINCT 17,President,,REP,NIKKI R.  HALEY,10
Preston,PRECINCT 18,President,,REP,NIKKI R.  HALEY,19
Preston,PRECINCT 19,President,,REP,NIKKI R.  HALEY,14
Preston,PRECINCT 20,President,,REP,NIKKI R.  HALEY,26
Preston,PRECINCT 21,President,,REP,NIKKI R.  HALEY,14
Preston,PRECINCT 22,President,,REP,NIKKI R.  HALEY,3
Preston,PRECINCT 23,President,,REP,NIKKI R.  HALEY,10
Preston,PRECINCT 24,President,,REP,NIKKI R.  HALEY,14
Preston,PRECINCT 25,President,,REP,NIKKI R.  HALEY,5
Preston,PRECINCT 26,President,,REP,NIKKI R.  HALEY,6
Preston,PRECINCT 27,President,,REP,NIKKI R.  HALEY,19
Preston,PRECINCT 28,President,,REP,NIKKI R.  HALEY,2
Preston,PRECINCT 1,President,,REP,DAVID STUCKENBERG,3
Preston,PRECINCT 2,President,,REP,DAVID STUCKENBERG,2
Preston,PRECINCT 3,President,,REP,DAVID STUCKENBERG,0
Preston,PRECINCT 4,President,,REP,DAVID STUCKENBERG,3
Preston,PRECINCT 5,President,,REP,DAVID STUCKENBERG,2
Preston,PRECINCT 6,President,,REP,DAVID STUCKENBERG,0
Preston,PRECINCT 7,President,,REP,DAVID STUCKENBERG,0
Preston,PRECINCT 8,President,,REP,DAVID STUCKENBERG,0
Preston,PRECINCT 9,President,,REP,DAVID STUCKENBERG,2
Preston,PRECINCT 10,President,,REP,DAVID STUCKENBERG,3
Preston,PRECINCT 11,President,,REP,DAVID STUCKENBERG,0
Preston,PRECINCT 12,President,,REP,DAVID STUCKENBERG,2
Preston,PRECINCT 13,President,,REP,DAVID STUCKENBERG,1
Preston,PRECINCT 14,President,,REP,DAVID STUCKENBERG,0
Preston,PRECINCT 15,President,,REP,DAVID STUCKENBERG,2
Preston,PRECINCT 16,President,,REP,DAVID STUCKENBERG,5
Preston,PRECINCT 17,President,,REP,DAVID STUCKENBERG,2
Preston,PRECINCT 18,President,,REP,DAVID STUCKENBERG,1
Preston,PRECINCT 19,President,,REP,DAVID STUCKENBERG,1
Preston,PRECINCT 20,President,,REP,DAVID STUCKENBERG,1
Preston,PRECINCT 21,President,,REP,DAVID STUCKENBERG,1
Preston,PRECINCT 22,President,,REP,DAVID STUCKENBERG,1
Preston,PRECINCT 23,President,,REP,DAVID STUCKENBERG,2
Preston,PRECINCT 24,President,,REP,DAVID STUCKENBERG,0
Preston,PRECINCT 25,President,,REP,DAVID STUCKENBERG,0
Preston,PRECINCT 26,President,,REP,DAVID STUCKENBERG,0
Preston,PRECINCT 27,President,,REP,DAVID STUCKENBERG,2
Preston,PRECINCT 28,President,,REP,DAVID STUCKENBERG,0
Preston,PRECINCT 1,President,,REP,RYAN L.  BINKLEY,0
Preston,PRECINCT 2,President,,REP,RYAN L.  BINKLEY,1
Preston,PRECINCT 3,President,,REP,RYAN L.  BINKLEY,2
Preston,PRECINCT 4,President,,REP,RYAN L.  BINKLEY,2
Preston,PRECINCT 5,President,,REP,RYAN L.  BINKLEY,3
Preston,PRECINCT 6,President,,REP,RYAN L.  BINKLEY,2
Preston,PRECINCT 7,President,,REP,RYAN L.  BINKLEY,0
Preston,PRECINCT 8,President,,REP,RYAN L.  BINKLEY,3
Preston,PRECINCT 9,President,,REP,RYAN L.  BINKLEY,0
Preston,PRECINCT 10,President,,REP,RYAN L.  BINKLEY,1
Preston,PRECINCT 11,President,,REP,RYAN L.  BINKLEY,1
Preston,PRECINCT 12,President,,REP,RYAN L.  BINKLEY,0
Preston,PRECINCT 13,President,,REP,RYAN L.  BINKLEY,1
Preston,PRECINCT 14,President,,REP,RYAN L.  BINKLEY,0
Preston,PRECINCT 15,President,,REP,RYAN L.  BINKLEY,1
Preston,PRECINCT 16,President,,REP,RYAN L.  BINKLEY,2
Preston,PRECINCT 17,President,,REP,RYAN L.  BINKLEY,1
Preston,PRECINCT 18,President,,REP,RYAN L.  BINKLEY,0
Preston,PRECINCT 19,President,,REP,RYAN L.  BINKLEY,1
Preston,PRECINCT 20,President,,REP,RYAN L.  BINKLEY,1
Preston,PRECINCT 21,President,,REP,RYAN L.  BINKLEY,0
Preston,PRECINCT 22,President,,REP,RYAN L.  BINKLEY,0
Preston,PRECINCT 23,President,,REP,RYAN L.  BINKLEY,0
Preston,PRECINCT 24,President,,REP,RYAN L.  BINKLEY,1
Preston,PRECINCT 25,President,,REP,RYAN L.  BINKLEY,1
Preston,PRECINCT 26,President,,REP,RYAN L.  BINKLEY,0
Preston,PRECINCT 27,President,,REP,RYAN L.  BINKLEY,2
Preston,PRECINCT 28,President,,REP,RYAN L.  BINKLEY,0
Preston,PRECINCT 1,President,,REP,RACHEL HANNA MoHAWK SWIFT,1
Preston,PRECINCT 2,President,,REP,RACHEL HANNA MoHAWK SWIFT,3
Preston,PRECINCT 3,President,,REP,RACHEL HANNA MoHAWK SWIFT,3
Preston,PRECINCT 4,President,,REP,RACHEL HANNA MoHAWK SWIFT,1
Preston,PRECINCT 5,President,,REP,RACHEL HANNA MoHAWK SWIFT,5
Preston,PRECINCT 6,President,,REP,RACHEL HANNA MoHAWK SWIFT,0
Preston,PRECINCT 7,President,,REP,RACHEL HANNA MoHAWK SWIFT,3
Preston,PRECINCT 8,President,,REP,RACHEL HANNA MoHAWK SWIFT,4
Preston,PRECINCT 9,President,,REP,RACHEL HANNA MoHAWK SWIFT,3
Preston,PRECINCT 10,President,,REP,RACHEL HANNA MoHAWK SWIFT,5
Preston,PRECINCT 11,President,,REP,RACHEL HANNA MoHAWK SWIFT,1
Preston,PRECINCT 12,President,,REP,RACHEL HANNA MoHAWK SWIFT,5
Preston,PRECINCT 13,President,,REP,RACHEL HANNA MoHAWK SWIFT,14
Preston,PRECINCT 14,President,,REP,RACHEL HANNA MoHAWK SWIFT,0
Preston,PRECINCT 15,President,,REP,RACHEL HANNA MoHAWK SWIFT,8
Preston,PRECINCT 16,President,,REP,RACHEL HANNA MoHAWK SWIFT,10
Preston,PRECINCT 17,President,,REP,RACHEL HANNA MoHAWK SWIFT,0
Preston,PRECINCT 18,President,,REP,RACHEL HANNA MoHAWK SWIFT,3
Preston,PRECINCT 19,President,,REP,RACHEL HANNA MoHAWK SWIFT,2
Preston,PRECINCT 20,President,,REP,RACHEL HANNA MoHAWK SWIFT,4
Preston,PRECINCT 21,President,,REP,RACHEL HANNA MoHAWK SWIFT,1
Preston,PRECINCT 22,President,,REP,RACHEL HANNA MoHAWK SWIFT,5
Preston,PRECINCT 23,President,,REP,RACHEL HANNA MoHAWK SWIFT,2
Preston,PRECINCT 24,President,,REP,RACHEL HANNA MoHAWK SWIFT,0
Preston,PRECINCT 25,President,,REP,RACHEL HANNA MoHAWK SWIFT,0
Preston,PRECINCT 26,President,,REP,RACHEL HANNA MoHAWK SWIFT,1
Preston,PRECINCT 27,President,,REP,RACHEL HANNA MoHAWK SWIFT,4
Preston,PRECINCT 28,President,,REP,RACHEL HANNA MoHAWK SWIFT,0
Preston,PRECINCT 1,President,,DEM,STEPHEN P  LYONS,1
Preston,PRECINCT 2,President,,DEM,STEPHEN P  LYONS,4
Preston,PRECINCT 3,President,,DEM,STEPHEN P  LYONS,4
Preston,PRECINCT 4,President,,DEM,STEPHEN P  LYONS,5
Preston,PRECINCT 5,President,,DEM,STEPHEN P  LYONS,13
Preston,PRECINCT 6,President,,DEM,STEPHEN P  LYONS,2
Preston,PRECINCT 7,President,,DEM,STEPHEN P  LYONS,1
Preston,PRECINCT 8,President,,DEM,STEPHEN P  LYONS,10
Preston,PRECINCT 9,President,,DEM,STEPHEN P  LYONS,6
Preston,PRECINCT 10,President,,DEM,STEPHEN P  LYONS,12
Preston,PRECINCT 11,President,,DEM,STEPHEN P  LYONS,7
Preston,PRECINCT 12,President,,DEM,STEPHEN P  LYONS,10
Preston,PRECINCT 13,President,,DEM,STEPHEN P  LYONS,10
Preston,PRECINCT 14,President,,DEM,STEPHEN P  LYONS,1
Preston,PRECINCT 15,President,,DEM,STEPHEN P  LYONS,11
Preston,PRECINCT 16,President,,DEM,STEPHEN P  LYONS,14
Preston,PRECINCT 17,President,,DEM,STEPHEN P  LYONS,2
Preston,PRECINCT 18,President,,DEM,STEPHEN P  LYONS,8
Preston,PRECINCT 19,President,,DEM,STEPHEN P  LYONS,8
Preston,PRECINCT 20,President,,DEM,STEPHEN P  LYONS,6
Preston,PRECINCT 21,President,,DEM,STEPHEN P  LYONS,7
Preston,PRECINCT 22,President,,DEM,STEPHEN P  LYONS,13
Preston,PRECINCT 23,President,,DEM,STEPHEN P  LYONS,6
Preston,PRECINCT 24,President,,DEM,STEPHEN P  LYONS,15
Preston,PRECINCT 25,President,,DEM,STEPHEN P  LYONS,6
Preston,PRECINCT 26,President,,DEM,STEPHEN P  LYONS,8
Preston,PRECINCT 27,President,,DEM,STEPHEN P  LYONS,9
Preston,PRECINCT 28,President,,DEM,STEPHEN P  LYONS,2
Preston,PRECINCT 1,President,,DEM,DEAN PHILLIPS,2
Preston,PRECINCT 2,President,,DEM,DEAN PHILLIPS,6
Preston,PRECINCT 3,President,,DEM,DEAN PHILLIPS,4
Preston,PRECINCT 4,President,,DEM,DEAN PHILLIPS,3
Preston,PRECINCT 5,President,,DEM,DEAN PHILLIPS,6
Preston,PRECINCT 6,President,,DEM,DEAN PHILLIPS,1
Preston,PRECINCT 7,President,,DEM,DEAN PHILLIPS,1
Preston,PRECINCT 8,President,,DEM,DEAN PHILLIPS,7
Preston,PRECINCT 9,President,,DEM,DEAN PHILLIPS,2
Preston,PRECINCT 10,President,,DEM,DEAN PHILLIPS,7
Preston,PRECINCT 11,President,,DEM,DEAN PHILLIPS,0
Preston,PRECINCT 12,President,,DEM,DEAN PHILLIPS,1
Preston,PRECINCT 13,President,,DEM,DEAN PHILLIPS,8
Preston,PRECINCT 14,President,,DEM,DEAN PHILLIPS,0
Preston,PRECINCT 15,President,,DEM,DEAN PHILLIPS,3
Preston,PRECINCT 16,President,,DEM,DEAN PHILLIPS,9
Preston,PRECINCT 17,President,,DEM,DEAN PHILLIPS,2
Preston,PRECINCT 18,President,,DEM,DEAN PHILLIPS,4
Preston,PRECINCT 19,President,,DEM,DEAN PHILLIPS,3
Preston,PRECINCT 20,President,,DEM,DEAN PHILLIPS,3
Preston,PRECINCT 21,President,,DEM,DEAN PHILLIPS,5
Preston,PRECINCT 22,President,,DEM,DEAN PHILLIPS,3
Preston,PRECINCT 23,President,,DEM,DEAN PHILLIPS,3
Preston,PRECINCT 24,President,,DEM,DEAN PHILLIPS,9
Preston,PRECINCT 25,President,,DEM,DEAN PHILLIPS,5
Preston,PRECINCT 26,President,,DEM,DEAN PHILLIPS,1
Preston,PRECINCT 27,President,,DEM,DEAN PHILLIPS,3
Preston,PRECINCT 28,President,,DEM,DEAN PHILLIPS,0
Preston,PRECINCT 1,President,,DEM,ARMANDO 'MANDO'  PEREZ-SERRATO,0
Preston,PRECINCT 2,President,,DEM,ARMANDO 'MANDO'  PEREZ-SERRATO,1
Preston,PRECINCT 3,President,,DEM,ARMANDO 'MANDO'  PEREZ-SERRATO,1
Preston,PRECINCT 4,President,,DEM,ARMANDO 'MANDO'  PEREZ-SERRATO,1
Preston,PRECINCT 5,President,,DEM,ARMANDO 'MANDO'  PEREZ-SERRATO,2
Preston,PRECINCT 6,President,,DEM,ARMANDO 'MANDO'  PEREZ-SERRATO,4
Preston,PRECINCT 7,President,,DEM,ARMANDO 'MANDO'  PEREZ-SERRATO,1
Preston,PRECINCT 8,President,,DEM,ARMANDO 'MANDO'  PEREZ-SERRATO,2
Preston,PRECINCT 9,President,,DEM,ARMANDO 'MANDO'  PEREZ-SERRATO,1
Preston,PRECINCT 10,President,,DEM,ARMANDO 'MANDO'  PEREZ-SERRATO,3
Preston,PRECINCT 11,President,,DEM,ARMANDO 'MANDO'  PEREZ-SERRATO,1
Preston,PRECINCT 12,President,,DEM,ARMANDO 'MANDO'  PEREZ-SERRATO,3
Preston,PRECINCT 13,President,,DEM,ARMANDO 'MANDO'  PEREZ-SERRATO,1
Preston,PRECINCT 14,President,,DEM,ARMANDO 'MANDO'  PEREZ-SERRATO,1
Preston,PRECINCT 15,President,,DEM,ARMANDO 'MANDO'  PEREZ-SERRATO,2
Preston,PRECINCT 16,President,,DEM,ARMANDO 'MANDO'  PEREZ-SERRATO,3
Preston,PRECINCT 17,President,,DEM,ARMANDO 'MANDO'  PEREZ-SERRATO,2
Preston,PRECINCT 18,President,,DEM,ARMANDO 'MANDO'  PEREZ-SERRATO,0
Preston,PRECINCT 19,President,,DEM,ARMANDO 'MANDO'  PEREZ-SERRATO,0
Preston,PRECINCT 20,President,,DEM,ARMANDO 'MANDO'  PEREZ-SERRATO,1
Preston,PRECINCT 21,President,,DEM,ARMANDO 'MANDO'  PEREZ-SERRATO,3
Preston,PRECINCT 22,President,,DEM,ARMANDO 'MANDO'  PEREZ-SERRATO,1
Preston,PRECINCT 23,President,,DEM,ARMANDO 'MANDO'  PEREZ-SERRATO,2
Preston,PRECINCT 24,President,,DEM,ARMANDO 'MANDO'  PEREZ-SERRATO,3
Preston,PRECINCT 25,President,,DEM,ARMANDO 'MANDO'  PEREZ-SERRATO,0
Preston,PRECINCT 26,President,,DEM,ARMANDO 'MANDO'  PEREZ-SERRATO,0
Preston,PRECINCT 27,President,,DEM,ARMANDO 'MANDO'  PEREZ-SERRATO,3
Preston,PRECINCT 28,President,,DEM,ARMANDO 'MANDO'  PEREZ-SERRATO,2
Preston,PRECINCT 1,President,,DEM,JASON MICHAEL  PALMER,3
Preston,PRECINCT 2,President,,DEM,JASON MICHAEL  PALMER,4
Preston,PRECINCT 3,President,,DEM,JASON MICHAEL  PALMER,5
Preston,PRECINCT 4,President,,DEM,JASON MICHAEL  PALMER,6
Preston,PRECINCT 5,President,,DEM,JASON MICHAEL  PALMER,3
Preston,PRECINCT 6,President,,DEM,JASON MICHAEL  PALMER,2
Preston,PRECINCT 7,President,,DEM,JASON MICHAEL  PALMER,0
Preston,PRECINCT 8,President,,DEM,JASON MICHAEL  PALMER,12
Preston,PRECINCT 9,President,,DEM,JASON MICHAEL  PALMER,3
Preston,PRECINCT 10,President,,DEM,JASON MICHAEL  PALMER,5
Preston,PRECINCT 11,President,,DEM,JASON MICHAEL  PALMER,10
Preston,PRECINCT 12,President,,DEM,JASON MICHAEL  PALMER,9
Preston,PRECINCT 13,President,,DEM,JASON MICHAEL  PALMER,11
Preston,PRECINCT 14,President,,DEM,JASON MICHAEL  PALMER,3
Preston,PRECINCT 15,President,,DEM,JASON MICHAEL  PALMER,11
Preston,PRECINCT 16,President,,DEM,JASON MICHAEL  PALMER,8
Preston,PRECINCT 17,President,,DEM,JASON MICHAEL  PALMER,4
Preston,PRECINCT 18,President,,DEM,JASON MICHAEL  PALMER,6
Preston,PRECINCT 19,President,,DEM,JASON MICHAEL  PALMER,12
Preston,PRECINCT 20,President,,DEM,JASON MICHAEL  PALMER,3
Preston,PRECINCT 21,President,,DEM,JASON MICHAEL  PALMER,2
Preston,PRECINCT 22,President,,DEM,JASON MICHAEL  PALMER,4
Preston,PRECINCT 23,President,,DEM,JASON MICHAEL  PALMER,4
Preston,PRECINCT 24,President,,DEM,JASON MICHAEL  PALMER,4
Preston,PRECINCT 25,President,,DEM,JASON MICHAEL  PALMER,2
Preston,PRECINCT 26,President,,DEM,JASON MICHAEL  PALMER,7
Preston,PRECINCT 27,President,,DEM,JASON MICHAEL  PALMER,8
Preston,PRECINCT 28,President,,DEM,JASON MICHAEL  PALMER,1
Preston,PRECINCT 1,President,,DEM,JOSEPH R. BIDEN JR,50
Preston,PRECINCT 2,President,,DEM,JOSEPH R. BIDEN JR,42
Preston,PRECINCT 3,President,,DEM,JOSEPH R. BIDEN JR,47
Preston,PRECINCT 4,President,,DEM,JOSEPH R. BIDEN JR,26
Preston,PRECINCT 5,President,,DEM,JOSEPH R. BIDEN JR,47
Preston,PRECINCT 6,President,,DEM,JOSEPH R. BIDEN JR,16
Preston,PRECINCT 7,President,,DEM,JOSEPH R. BIDEN JR,9
Preston,PRECINCT 8,President,,DEM,JOSEPH R. BIDEN JR,25
Preston,PRECINCT 9,President,,DEM,JOSEPH R. BIDEN JR,19
Preston,PRECINCT 10,President,,DEM,JOSEPH R. BIDEN JR,29
Preston,PRECINCT 11,President,,DEM,JOSEPH R. BIDEN JR,50
Preston,PRECINCT 12,President,,DEM,JOSEPH R. BIDEN JR,56
Preston,PRECINCT 13,President,,DEM,JOSEPH R. BIDEN JR,81
Preston,PRECINCT 14,President,,DEM,JOSEPH R. BIDEN JR,4
Preston,PRECINCT 15,President,,DEM,JOSEPH R. BIDEN JR,51
Preston,PRECINCT 16,President,,DEM,JOSEPH R. BIDEN JR,47
Preston,PRECINCT 17,President,,DEM,JOSEPH R. BIDEN JR,15
Preston,PRECINCT 18,President,,DEM,JOSEPH R. BIDEN JR,22
Preston,PRECINCT 19,President,,DEM,JOSEPH R. BIDEN JR,33
Preston,PRECINCT 20,President,,DEM,JOSEPH R. BIDEN JR,52
Preston,PRECINCT 21,President,,DEM,JOSEPH R. BIDEN JR,24
Preston,PRECINCT 22,President,,DEM,JOSEPH R. BIDEN JR,33
Preston,PRECINCT 23,President,,DEM,JOSEPH R. BIDEN JR,14
Preston,PRECINCT 24,President,,DEM,JOSEPH R. BIDEN JR,40
Preston,PRECINCT 25,President,,DEM,JOSEPH R. BIDEN JR,20
Preston,PRECINCT 26,President,,DEM,JOSEPH R. BIDEN JR,11
Preston,PRECINCT 27,President,,DEM,JOSEPH R. BIDEN JR,42
Preston,PRECINCT 28,President,,DEM,JOSEPH R. BIDEN JR,8
Preston,PRECINCT 1,President,,MTN,JILL STEIN,0
Preston,PRECINCT 2,President,,MTN,JILL STEIN,1
Preston,PRECINCT 3,President,,MTN,JILL STEIN,0
Preston,PRECINCT 4,President,,MTN,JILL STEIN,1
Preston,PRECINCT 5,President,,MTN,JILL STEIN,0
Preston,PRECINCT 6,President,,MTN,JILL STEIN,0
Preston,PRECINCT 7,President,,MTN,JILL STEIN,0
Preston,PRECINCT 8,President,,MTN,JILL STEIN,0
Preston,PRECINCT 9,President,,MTN,JILL STEIN,0
Preston,PRECINCT 10,President,,MTN,JILL STEIN,0
Preston,PRECINCT 11,President,,MTN,JILL STEIN,0
Preston,PRECINCT 12,President,,MTN,JILL STEIN,1
Preston,PRECINCT 13,President,,MTN,JILL STEIN,0
Preston,PRECINCT 14,President,,MTN,JILL STEIN,0
Preston,PRECINCT 15,President,,MTN,JILL STEIN,0
Preston,PRECINCT 16,President,,MTN,JILL STEIN,0
Preston,PRECINCT 17,President,,MTN,JILL STEIN,1
Preston,PRECINCT 18,President,,MTN,JILL STEIN,0
Preston,PRECINCT 19,President,,MTN,JILL STEIN,0
Preston,PRECINCT 20,President,,MTN,JILL STEIN,0
Preston,PRECINCT 21,President,,MTN,JILL STEIN,1
Preston,PRECINCT 22,President,,MTN,JILL STEIN,0
Preston,PRECINCT 23,President,,MTN,JILL STEIN,0
Preston,PRECINCT 24,President,,MTN,JILL STEIN,0
Preston,PRECINCT 25,President,,MTN,JILL STEIN,0
Preston,PRECINCT 26,President,,MTN,JILL STEIN,0
Preston,PRECINCT 27,President,,MTN,JILL STEIN,0
Preston,PRECINCT 28,President,,MTN,JILL STEIN,0
Preston,PRECINCT 1,U.S. Senate,,REP,ALEXANDER X.  MOONEY,72
Preston,PRECINCT 2,U.S. Senate,,REP,ALEXANDER X.  MOONEY,80
Preston,PRECINCT 3,U.S. Senate,,REP,ALEXANDER X.  MOONEY,83
Preston,PRECINCT 4,U.S. Senate,,REP,ALEXANDER X.  MOONEY,75
Preston,PRECINCT 5,U.S. Senate,,REP,ALEXANDER X.  MOONEY,106
Preston,PRECINCT 6,U.S. Senate,,REP,ALEXANDER X.  MOONEY,37
Preston,PRECINCT 7,U.S. Senate,,REP,ALEXANDER X.  MOONEY,29
Preston,PRECINCT 8,U.S. Senate,,REP,ALEXANDER X.  MOONEY,70
Preston,PRECINCT 9,U.S. Senate,,REP,ALEXANDER X.  MOONEY,18
Preston,PRECINCT 10,U.S. Senate,,REP,ALEXANDER X.  MOONEY,67
Preston,PRECINCT 11,U.S. Senate,,REP,ALEXANDER X.  MOONEY,73
Preston,PRECINCT 12,U.S. Senate,,REP,ALEXANDER X.  MOONEY,74
Preston,PRECINCT 13,U.S. Senate,,REP,ALEXANDER X.  MOONEY,125
Preston,PRECINCT 14,U.S. Senate,,REP,ALEXANDER X.  MOONEY,21
Preston,PRECINCT 15,U.S. Senate,,REP,ALEXANDER X.  MOONEY,81
Preston,PRECINCT 16,U.S. Senate,,REP,ALEXANDER X.  MOONEY,113
Preston,PRECINCT 17,U.S. Senate,,REP,ALEXANDER X.  MOONEY,34
Preston,PRECINCT 18,U.S. Senate,,REP,ALEXANDER X.  MOONEY,96
Preston,PRECINCT 19,U.S. Senate,,REP,ALEXANDER X.  MOONEY,51
Preston,PRECINCT 20,U.S. Senate,,REP,ALEXANDER X.  MOONEY,137
Preston,PRECINCT 21,U.S. Senate,,REP,ALEXANDER X.  MOONEY,64
Preston,PRECINCT 22,U.S. Senate,,REP,ALEXANDER X.  MOONEY,87
Preston,PRECINCT 23,U.S. Senate,,REP,ALEXANDER X.  MOONEY,85
Preston,PRECINCT 24,U.S. Senate,,REP,ALEXANDER X.  MOONEY,61
Preston,PRECINCT 25,U.S. Senate,,REP,ALEXANDER X.  MOONEY,52
Preston,PRECINCT 26,U.S. Senate,,REP,ALEXANDER X.  MOONEY,65
Preston,PRECINCT 27,U.S. Senate,,REP,ALEXANDER X.  MOONEY,62
Preston,PRECINCT 28,U.S. Senate,,REP,ALEXANDER X.  MOONEY,20
Preston,PRECINCT 1,U.S. Senate,,REP,JANET McNULTY,2
Preston,PRECINCT 2,U.S. Senate,,REP,JANET McNULTY,8
Preston,PRECINCT 3,U.S. Senate,,REP,JANET McNULTY,8
Preston,PRECINCT 4,U.S. Senate,,REP,JANET McNULTY,6
Preston,PRECINCT 5,U.S. Senate,,REP,JANET McNULTY,14
Preston,PRECINCT 6,U.S. Senate,,REP,JANET McNULTY,1
Preston,PRECINCT 7,U.S. Senate,,REP,JANET McNULTY,2
Preston,PRECINCT 8,U.S. Senate,,REP,JANET McNULTY,2
Preston,PRECINCT 9,U.S. Senate,,REP,JANET McNULTY,1
Preston,PRECINCT 10,U.S. Senate,,REP,JANET McNULTY,5
Preston,PRECINCT 11,U.S. Senate,,REP,JANET McNULTY,13
Preston,PRECINCT 12,U.S. Senate,,REP,JANET McNULTY,12
Preston,PRECINCT 13,U.S. Senate,,REP,JANET McNULTY,9
Preston,PRECINCT 14,U.S. Senate,,REP,JANET McNULTY,0
Preston,PRECINCT 15,U.S. Senate,,REP,JANET McNULTY,5
Preston,PRECINCT 16,U.S. Senate,,REP,JANET McNULTY,13
Preston,PRECINCT 17,U.S. Senate,,REP,JANET McNULTY,4
Preston,PRECINCT 18,U.S. Senate,,REP,JANET McNULTY,4
Preston,PRECINCT 19,U.S. Senate,,REP,JANET McNULTY,7
Preston,PRECINCT 20,U.S. Senate,,REP,JANET McNULTY,12
Preston,PRECINCT 21,U.S. Senate,,REP,JANET McNULTY,3
Preston,PRECINCT 22,U.S. Senate,,REP,JANET McNULTY,9
Preston,PRECINCT 23,U.S. Senate,,REP,JANET McNULTY,5
Preston,PRECINCT 24,U.S. Senate,,REP,JANET McNULTY,4
Preston,PRECINCT 25,U.S. Senate,,REP,JANET McNULTY,2
Preston,PRECINCT 26,U.S. Senate,,REP,JANET McNULTY,2
Preston,PRECINCT 27,U.S. Senate,,REP,JANET McNULTY,3
Preston,PRECINCT 28,U.S. Senate,,REP,JANET McNULTY,0
Preston,PRECINCT 1,U.S. Senate,,REP,JIM JUSTICE,127
Preston,PRECINCT 2,U.S. Senate,,REP,JIM JUSTICE,179
Preston,PRECINCT 3,U.S. Senate,,REP,JIM JUSTICE,128
Preston,PRECINCT 4,U.S. Senate,,REP,JIM JUSTICE,146
Preston,PRECINCT 5,U.S. Senate,,REP,JIM JUSTICE,205
Preston,PRECINCT 6,U.S. Senate,,REP,JIM JUSTICE,89
Preston,PRECINCT 7,U.S. Senate,,REP,JIM JUSTICE,34
Preston,PRECINCT 8,U.S. Senate,,REP,JIM JUSTICE,122
Preston,PRECINCT 9,U.S. Senate,,REP,JIM JUSTICE,38
Preston,PRECINCT 10,U.S. Senate,,REP,JIM JUSTICE,95
Preston,PRECINCT 11,U.S. Senate,,REP,JIM JUSTICE,129
Preston,PRECINCT 12,U.S. Senate,,REP,JIM JUSTICE,105
Preston,PRECINCT 13,U.S. Senate,,REP,JIM JUSTICE,210
Preston,PRECINCT 14,U.S. Senate,,REP,JIM JUSTICE,21
Preston,PRECINCT 15,U.S. Senate,,REP,JIM JUSTICE,161
Preston,PRECINCT 16,U.S. Senate,,REP,JIM JUSTICE,170
Preston,PRECINCT 17,U.S. Senate,,REP,JIM JUSTICE,70
Preston,PRECINCT 18,U.S. Senate,,REP,JIM JUSTICE,99
Preston,PRECINCT 19,U.S. Senate,,REP,JIM JUSTICE,70
Preston,PRECINCT 20,U.S. Senate,,REP,JIM JUSTICE,163
Preston,PRECINCT 21,U.S. Senate,,REP,JIM JUSTICE,97
Preston,PRECINCT 22,U.S. Senate,,REP,JIM JUSTICE,107
Preston,PRECINCT 23,U.S. Senate,,REP,JIM JUSTICE,80
Preston,PRECINCT 24,U.S. Senate,,REP,JIM JUSTICE,128
Preston,PRECINCT 25,U.S. Senate,,REP,JIM JUSTICE,66
Preston,PRECINCT 26,U.S. Senate,,REP,JIM JUSTICE,88
Preston,PRECINCT 27,U.S. Senate,,REP,JIM JUSTICE,123
Preston,PRECINCT 28,U.S. Senate,,REP,JIM JUSTICE,23
Preston,PRECINCT 1,U.S. Senate,,REP,DON  LINDSAY,3
Preston,PRECINCT 2,U.S. Senate,,REP,DON  LINDSAY,7
Preston,PRECINCT 3,U.S. Senate,,REP,DON  LINDSAY,3
Preston,PRECINCT 4,U.S. Senate,,REP,DON  LINDSAY,7
Preston,PRECINCT 5,U.S. Senate,,REP,DON  LINDSAY,6
Preston,PRECINCT 6,U.S. Senate,,REP,DON  LINDSAY,1
Preston,PRECINCT 7,U.S. Senate,,REP,DON  LINDSAY,1
Preston,PRECINCT 8,U.S. Senate,,REP,DON  LINDSAY,9
Preston,PRECINCT 9,U.S. Senate,,REP,DON  LINDSAY,2
Preston,PRECINCT 10,U.S. Senate,,REP,DON  LINDSAY,6
Preston,PRECINCT 11,U.S. Senate,,REP,DON  LINDSAY,6
Preston,PRECINCT 12,U.S. Senate,,REP,DON  LINDSAY,3
Preston,PRECINCT 13,U.S. Senate,,REP,DON  LINDSAY,4
Preston,PRECINCT 14,U.S. Senate,,REP,DON  LINDSAY,2
Preston,PRECINCT 15,U.S. Senate,,REP,DON  LINDSAY,5
Preston,PRECINCT 16,U.S. Senate,,REP,DON  LINDSAY,5
Preston,PRECINCT 17,U.S. Senate,,REP,DON  LINDSAY,5
Preston,PRECINCT 18,U.S. Senate,,REP,DON  LINDSAY,5
Preston,PRECINCT 19,U.S. Senate,,REP,DON  LINDSAY,5
Preston,PRECINCT 20,U.S. Senate,,REP,DON  LINDSAY,4
Preston,PRECINCT 21,U.S. Senate,,REP,DON  LINDSAY,3
Preston,PRECINCT 22,U.S. Senate,,REP,DON  LINDSAY,7
Preston,PRECINCT 23,U.S. Senate,,REP,DON  LINDSAY,2
Preston,PRECINCT 24,U.S. Senate,,REP,DON  LINDSAY,7
Preston,PRECINCT 25,U.S. Senate,,REP,DON  LINDSAY,0
Preston,PRECINCT 26,U.S. Senate,,REP,DON  LINDSAY,5
Preston,PRECINCT 27,U.S. Senate,,REP,DON  LINDSAY,5
Preston,PRECINCT 28,U.S. Senate,,REP,DON  LINDSAY,3
Preston,PRECINCT 1,U.S. Senate,,REP,BRYAN McKINNEY,5
Preston,PRECINCT 2,U.S. Senate,,REP,BRYAN McKINNEY,8
Preston,PRECINCT 3,U.S. Senate,,REP,BRYAN McKINNEY,9
Preston,PRECINCT 4,U.S. Senate,,REP,BRYAN McKINNEY,5
Preston,PRECINCT 5,U.S. Senate,,REP,BRYAN McKINNEY,15
Preston,PRECINCT 6,U.S. Senate,,REP,BRYAN McKINNEY,4
Preston,PRECINCT 7,U.S. Senate,,REP,BRYAN McKINNEY,7
Preston,PRECINCT 8,U.S. Senate,,REP,BRYAN McKINNEY,9
Preston,PRECINCT 9,U.S. Senate,,REP,BRYAN McKINNEY,1
Preston,PRECINCT 10,U.S. Senate,,REP,BRYAN McKINNEY,7
Preston,PRECINCT 11,U.S. Senate,,REP,BRYAN McKINNEY,5
Preston,PRECINCT 12,U.S. Senate,,REP,BRYAN McKINNEY,9
Preston,PRECINCT 13,U.S. Senate,,REP,BRYAN McKINNEY,6
Preston,PRECINCT 14,U.S. Senate,,REP,BRYAN McKINNEY,1
Preston,PRECINCT 15,U.S. Senate,,REP,BRYAN McKINNEY,8
Preston,PRECINCT 16,U.S. Senate,,REP,BRYAN McKINNEY,12
Preston,PRECINCT 17,U.S. Senate,,REP,BRYAN McKINNEY,4
Preston,PRECINCT 18,U.S. Senate,,REP,BRYAN McKINNEY,10
Preston,PRECINCT 19,U.S. Senate,,REP,BRYAN McKINNEY,9
Preston,PRECINCT 20,U.S. Senate,,REP,BRYAN McKINNEY,17
Preston,PRECINCT 21,U.S. Senate,,REP,BRYAN McKINNEY,4
Preston,PRECINCT 22,U.S. Senate,,REP,BRYAN McKINNEY,8
Preston,PRECINCT 23,U.S. Senate,,REP,BRYAN McKINNEY,5
Preston,PRECINCT 24,U.S. Senate,,REP,BRYAN McKINNEY,10
Preston,PRECINCT 25,U.S. Senate,,REP,BRYAN McKINNEY,6
Preston,PRECINCT 26,U.S. Senate,,REP,BRYAN McKINNEY,8
Preston,PRECINCT 27,U.S. Senate,,REP,BRYAN McKINNEY,8
Preston,PRECINCT 28,U.S. Senate,,REP,BRYAN McKINNEY,0
Preston,PRECINCT 1,U.S. Senate,,REP,ZANE LAWHORN,0
Preston,PRECINCT 2,U.S. Senate,,REP,ZANE LAWHORN,3
Preston,PRECINCT 3,U.S. Senate,,REP,ZANE LAWHORN,1
Preston,PRECINCT 4,U.S. Senate,,REP,ZANE LAWHORN,4
Preston,PRECINCT 5,U.S. Senate,,REP,ZANE LAWHORN,2
Preston,PRECINCT 6,U.S. Senate,,REP,ZANE LAWHORN,2
Preston,PRECINCT 7,U.S. Senate,,REP,ZANE LAWHORN,0
Preston,PRECINCT 8,U.S. Senate,,REP,ZANE LAWHORN,2
Preston,PRECINCT 9,U.S. Senate,,REP,ZANE LAWHORN,1
Preston,PRECINCT 10,U.S. Senate,,REP,ZANE LAWHORN,0
Preston,PRECINCT 11,U.S. Senate,,REP,ZANE LAWHORN,2
Preston,PRECINCT 12,U.S. Senate,,REP,ZANE LAWHORN,3
Preston,PRECINCT 13,U.S. Senate,,REP,ZANE LAWHORN,2
Preston,PRECINCT 14,U.S. Senate,,REP,ZANE LAWHORN,0
Preston,PRECINCT 15,U.S. Senate,,REP,ZANE LAWHORN,2
Preston,PRECINCT 16,U.S. Senate,,REP,ZANE LAWHORN,2
Preston,PRECINCT 17,U.S. Senate,,REP,ZANE LAWHORN,0
Preston,PRECINCT 18,U.S. Senate,,REP,ZANE LAWHORN,0
Preston,PRECINCT 19,U.S. Senate,,REP,ZANE LAWHORN,3
Preston,PRECINCT 20,U.S. Senate,,REP,ZANE LAWHORN,5
Preston,PRECINCT 21,U.S. Senate,,REP,ZANE LAWHORN,0
Preston,PRECINCT 22,U.S. Senate,,REP,ZANE LAWHORN,0
Preston,PRECINCT 23,U.S. Senate,,REP,ZANE LAWHORN,1
Preston,PRECINCT 24,U.S. Senate,,REP,ZANE LAWHORN,4
Preston,PRECINCT 25,U.S. Senate,,REP,ZANE LAWHORN,3
Preston,PRECINCT 26,U.S. Senate,,REP,ZANE LAWHORN,1
Preston,PRECINCT 27,U.S. Senate,,REP,ZANE LAWHORN,6
Preston,PRECINCT 28,U.S. Senate,,REP,ZANE LAWHORN,1
Preston,PRECINCT 1,U.S. Senate,,REP,BRYAN BIRD,5
Preston,PRECINCT 2,U.S. Senate,,REP,BRYAN BIRD,6
Preston,PRECINCT 3,U.S. Senate,,REP,BRYAN BIRD,10
Preston,PRECINCT 4,U.S. Senate,,REP,BRYAN BIRD,9
Preston,PRECINCT 5,U.S. Senate,,REP,BRYAN BIRD,8
Preston,PRECINCT 6,U.S. Senate,,REP,BRYAN BIRD,1
Preston,PRECINCT 7,U.S. Senate,,REP,BRYAN BIRD,2
Preston,PRECINCT 8,U.S. Senate,,REP,BRYAN BIRD,6
Preston,PRECINCT 9,U.S. Senate,,REP,BRYAN BIRD,1
Preston,PRECINCT 10,U.S. Senate,,REP,BRYAN BIRD,4
Preston,PRECINCT 11,U.S. Senate,,REP,BRYAN BIRD,3
Preston,PRECINCT 12,U.S. Senate,,REP,BRYAN BIRD,8
Preston,PRECINCT 13,U.S. Senate,,REP,BRYAN BIRD,7
Preston,PRECINCT 14,U.S. Senate,,REP,BRYAN BIRD,0
Preston,PRECINCT 15,U.S. Senate,,REP,BRYAN BIRD,4
Preston,PRECINCT 16,U.S. Senate,,REP,BRYAN BIRD,12
Preston,PRECINCT 17,U.S. Senate,,REP,BRYAN BIRD,3
Preston,PRECINCT 18,U.S. Senate,,REP,BRYAN BIRD,6
Preston,PRECINCT 19,U.S. Senate,,REP,BRYAN BIRD,3
Preston,PRECINCT 20,U.S. Senate,,REP,BRYAN BIRD,5
Preston,PRECINCT 21,U.S. Senate,,REP,BRYAN BIRD,0
Preston,PRECINCT 22,U.S. Senate,,REP,BRYAN BIRD,11
Preston,PRECINCT 23,U.S. Senate,,REP,BRYAN BIRD,7
Preston,PRECINCT 24,U.S. Senate,,REP,BRYAN BIRD,4
Preston,PRECINCT 25,U.S. Senate,,REP,BRYAN BIRD,1
Preston,PRECINCT 26,U.S. Senate,,REP,BRYAN BIRD,3
Preston,PRECINCT 27,U.S. Senate,,REP,BRYAN BIRD,6
Preston,PRECINCT 28,U.S. Senate,,REP,BRYAN BIRD,1
Preston,PRECINCT 1,U.S. Senate,,DEM,DON BLANKENSHIP,10
Preston,PRECINCT 2,U.S. Senate,,DEM,DON BLANKENSHIP,16
Preston,PRECINCT 3,U.S. Senate,,DEM,DON BLANKENSHIP,6
Preston,PRECINCT 4,U.S. Senate,,DEM,DON BLANKENSHIP,7
Preston,PRECINCT 5,U.S. Senate,,DEM,DON BLANKENSHIP,16
Preston,PRECINCT 6,U.S. Senate,,DEM,DON BLANKENSHIP,2
Preston,PRECINCT 7,U.S. Senate,,DEM,DON BLANKENSHIP,1
Preston,PRECINCT 8,U.S. Senate,,DEM,DON BLANKENSHIP,9
Preston,PRECINCT 9,U.S. Senate,,DEM,DON BLANKENSHIP,9
Preston,PRECINCT 10,U.S. Senate,,DEM,DON BLANKENSHIP,10
Preston,PRECINCT 11,U.S. Senate,,DEM,DON BLANKENSHIP,9
Preston,PRECINCT 12,U.S. Senate,,DEM,DON BLANKENSHIP,19
Preston,PRECINCT 13,U.S. Senate,,DEM,DON BLANKENSHIP,16
Preston,PRECINCT 14,U.S. Senate,,DEM,DON BLANKENSHIP,1
Preston,PRECINCT 15,U.S. Senate,,DEM,DON BLANKENSHIP,21
Preston,PRECINCT 16,U.S. Senate,,DEM,DON BLANKENSHIP,21
Preston,PRECINCT 17,U.S. Senate,,DEM,DON BLANKENSHIP,6
Preston,PRECINCT 18,U.S. Senate,,DEM,DON BLANKENSHIP,11
Preston,PRECINCT 19,U.S. Senate,,DEM,DON BLANKENSHIP,13
Preston,PRECINCT 20,U.S. Senate,,DEM,DON BLANKENSHIP,18
Preston,PRECINCT 21,U.S. Senate,,DEM,DON BLANKENSHIP,6
Preston,PRECINCT 22,U.S. Senate,,DEM,DON BLANKENSHIP,11
Preston,PRECINCT 23,U.S. Senate,,DEM,DON BLANKENSHIP,7
Preston,PRECINCT 24,U.S. Senate,,DEM,DON BLANKENSHIP,18
Preston,PRECINCT 25,U.S. Senate,,DEM,DON BLANKENSHIP,14
Preston,PRECINCT 26,U.S. Senate,,DEM,DON BLANKENSHIP,4
Preston,PRECINCT 27,U.S. Senate,,DEM,DON BLANKENSHIP,14
Preston,PRECINCT 28,U.S. Senate,,DEM,DON BLANKENSHIP,3
Preston,PRECINCT 1,U.S. Senate,,DEM,GLENN ELLIOTT,29
Preston,PRECINCT 2,U.S. Senate,,DEM,GLENN ELLIOTT,25
Preston,PRECINCT 3,U.S. Senate,,DEM,GLENN ELLIOTT,30
Preston,PRECINCT 4,U.S. Senate,,DEM,GLENN ELLIOTT,29
Preston,PRECINCT 5,U.S. Senate,,DEM,GLENN ELLIOTT,27
Preston,PRECINCT 6,U.S. Senate,,DEM,GLENN ELLIOTT,12
Preston,PRECINCT 7,U.S. Senate,,DEM,GLENN ELLIOTT,6
Preston,PRECINCT 8,U.S. Senate,,DEM,GLENN ELLIOTT,31
Preston,PRECINCT 9,U.S. Senate,,DEM,GLENN ELLIOTT,17
Preston,PRECINCT 10,U.S. Senate,,DEM,GLENN ELLIOTT,28
Preston,PRECINCT 11,U.S. Senate,,DEM,GLENN ELLIOTT,45
Preston,PRECINCT 12,U.S. Senate,,DEM,GLENN ELLIOTT,36
Preston,PRECINCT 13,U.S. Senate,,DEM,GLENN ELLIOTT,58
Preston,PRECINCT 14,U.S. Senate,,DEM,GLENN ELLIOTT,6
Preston,PRECINCT 15,U.S. Senate,,DEM,GLENN ELLIOTT,39
Preston,PRECINCT 16,U.S. Senate,,DEM,GLENN ELLIOTT,45
Preston,PRECINCT 17,U.S. Senate,,DEM,GLENN ELLIOTT,8
Preston,PRECINCT 18,U.S. Senate,,DEM,GLENN ELLIOTT,18
Preston,PRECINCT 19,U.S. Senate,,DEM,GLENN ELLIOTT,22
Preston,PRECINCT 20,U.S. Senate,,DEM,GLENN ELLIOTT,26
Preston,PRECINCT 21,U.S. Senate,,DEM,GLENN ELLIOTT,19
Preston,PRECINCT 22,U.S. Senate,,DEM,GLENN ELLIOTT,37
Preston,PRECINCT 23,U.S. Senate,,DEM,GLENN ELLIOTT,14
Preston,PRECINCT 24,U.S. Senate,,DEM,GLENN ELLIOTT,46
Preston,PRECINCT 25,U.S. Senate,,DEM,GLENN ELLIOTT,15
Preston,PRECINCT 26,U.S. Senate,,DEM,GLENN ELLIOTT,13
Preston,PRECINCT 27,U.S. Senate,,DEM,GLENN ELLIOTT,27
Preston,PRECINCT 28,U.S. Senate,,DEM,GLENN ELLIOTT,7
Preston,PRECINCT 1,U.S. Senate,,DEM,ZACHARY  SHREWSBURY,16
Preston,PRECINCT 2,U.S. Senate,,DEM,ZACHARY  SHREWSBURY,17
Preston,PRECINCT 3,U.S. Senate,,DEM,ZACHARY  SHREWSBURY,22
Preston,PRECINCT 4,U.S. Senate,,DEM,ZACHARY  SHREWSBURY,12
Preston,PRECINCT 5,U.S. Senate,,DEM,ZACHARY  SHREWSBURY,25
Preston,PRECINCT 6,U.S. Senate,,DEM,ZACHARY  SHREWSBURY,10
Preston,PRECINCT 7,U.S. Senate,,DEM,ZACHARY  SHREWSBURY,5
Preston,PRECINCT 8,U.S. Senate,,DEM,ZACHARY  SHREWSBURY,20
Preston,PRECINCT 9,U.S. Senate,,DEM,ZACHARY  SHREWSBURY,6
Preston,PRECINCT 10,U.S. Senate,,DEM,ZACHARY  SHREWSBURY,17
Preston,PRECINCT 11,U.S. Senate,,DEM,ZACHARY  SHREWSBURY,15
Preston,PRECINCT 12,U.S. Senate,,DEM,ZACHARY  SHREWSBURY,27
Preston,PRECINCT 13,U.S. Senate,,DEM,ZACHARY  SHREWSBURY,37
Preston,PRECINCT 14,U.S. Senate,,DEM,ZACHARY  SHREWSBURY,3
Preston,PRECINCT 15,U.S. Senate,,DEM,ZACHARY  SHREWSBURY,20
Preston,PRECINCT 16,U.S. Senate,,DEM,ZACHARY  SHREWSBURY,23
Preston,PRECINCT 17,U.S. Senate,,DEM,ZACHARY  SHREWSBURY,14
Preston,PRECINCT 18,U.S. Senate,,DEM,ZACHARY  SHREWSBURY,13
Preston,PRECINCT 19,U.S. Senate,,DEM,ZACHARY  SHREWSBURY,15
Preston,PRECINCT 20,U.S. Senate,,DEM,ZACHARY  SHREWSBURY,23
Preston,PRECINCT 21,U.S. Senate,,DEM,ZACHARY  SHREWSBURY,17
Preston,PRECINCT 22,U.S. Senate,,DEM,ZACHARY  SHREWSBURY,8
Preston,PRECINCT 23,U.S. Senate,,DEM,ZACHARY  SHREWSBURY,13
Preston,PRECINCT 24,U.S. Senate,,DEM,ZACHARY  SHREWSBURY,16
Preston,PRECINCT 25,U.S. Senate,,DEM,ZACHARY  SHREWSBURY,5
Preston,PRECINCT 26,U.S. Senate,,DEM,ZACHARY  SHREWSBURY,10
Preston,PRECINCT 27,U.S. Senate,,DEM,ZACHARY  SHREWSBURY,26
Preston,PRECINCT 28,U.S. Senate,,DEM,ZACHARY  SHREWSBURY,3
Preston,PRECINCT 1,U.S. Senate,,MTN,NO CANDIDATE FILED,0
Preston,PRECINCT 2,U.S. Senate,,MTN,NO CANDIDATE FILED,0
Preston,PRECINCT 3,U.S. Senate,,MTN,NO CANDIDATE FILED,0
Preston,PRECINCT 4,U.S. Senate,,MTN,NO CANDIDATE FILED,0
Preston,PRECINCT 5,U.S. Senate,,MTN,NO CANDIDATE FILED,0
Preston,PRECINCT 6,U.S. Senate,,MTN,NO CANDIDATE FILED,0
Preston,PRECINCT 7,U.S. Senate,,MTN,NO CANDIDATE FILED,0
Preston,PRECINCT 8,U.S. Senate,,MTN,NO CANDIDATE FILED,0
Preston,PRECINCT 9,U.S. Senate,,MTN,NO CANDIDATE FILED,0
Preston,PRECINCT 10,U.S. Senate,,MTN,NO CANDIDATE FILED,0
Preston,PRECINCT 11,U.S. Senate,,MTN,NO CANDIDATE FILED,0
Preston,PRECINCT 12,U.S. Senate,,MTN,NO CANDIDATE FILED,0
Preston,PRECINCT 13,U.S. Senate,,MTN,NO CANDIDATE FILED,0
Preston,PRECINCT 14,U.S. Senate,,MTN,NO CANDIDATE FILED,0
Preston,PRECINCT 15,U.S. Senate,,MTN,NO CANDIDATE FILED,0
Preston,PRECINCT 16,U.S. Senate,,MTN,NO CANDIDATE FILED,0
Preston,PRECINCT 17,U.S. Senate,,MTN,NO CANDIDATE FILED,0
Preston,PRECINCT 18,U.S. Senate,,MTN,NO CANDIDATE FILED,0
Preston,PRECINCT 19,U.S. Senate,,MTN,NO CANDIDATE FILED,0
Preston,PRECINCT 20,U.S. Senate,,MTN,NO CANDIDATE FILED,0
Preston,PRECINCT 21,U.S. Senate,,MTN,NO CANDIDATE FILED,0
Preston,PRECINCT 22,U.S. Senate,,MTN,NO CANDIDATE FILED,0
Preston,PRECINCT 23,U.S. Senate,,MTN,NO CANDIDATE FILED,0
Preston,PRECINCT 24,U.S. Senate,,MTN,NO CANDIDATE FILED,0
Preston,PRECINCT 25,U.S. Senate,,MTN,NO CANDIDATE FILED,0
Preston,PRECINCT 26,U.S. Senate,,MTN,NO CANDIDATE FILED,0
Preston,PRECINCT 27,U.S. Senate,,MTN,NO CANDIDATE FILED,0
Preston,PRECINCT 28,U.S. Senate,,MTN,NO CANDIDATE FILED,0
Preston,PRECINCT 1,U.S. House,2,REP,DENNIS 'NATE' CAIN,28
Preston,PRECINCT 2,U.S. House,2,REP,DENNIS 'NATE' CAIN,44
Preston,PRECINCT 3,U.S. House,2,REP,DENNIS 'NATE' CAIN,31
Preston,PRECINCT 4,U.S. House,2,REP,DENNIS 'NATE' CAIN,45
Preston,PRECINCT 5,U.S. House,2,REP,DENNIS 'NATE' CAIN,74
Preston,PRECINCT 6,U.S. House,2,REP,DENNIS 'NATE' CAIN,21
Preston,PRECINCT 7,U.S. House,2,REP,DENNIS 'NATE' CAIN,21
Preston,PRECINCT 8,U.S. House,2,REP,DENNIS 'NATE' CAIN,59
Preston,PRECINCT 9,U.S. House,2,REP,DENNIS 'NATE' CAIN,10
Preston,PRECINCT 10,U.S. House,2,REP,DENNIS 'NATE' CAIN,26
Preston,PRECINCT 11,U.S. House,2,REP,DENNIS 'NATE' CAIN,40
Preston,PRECINCT 12,U.S. House,2,REP,DENNIS 'NATE' CAIN,26
Preston,PRECINCT 13,U.S. House,2,REP,DENNIS 'NATE' CAIN,111
Preston,PRECINCT 14,U.S. House,2,REP,DENNIS 'NATE' CAIN,5
Preston,PRECINCT 15,U.S. House,2,REP,DENNIS 'NATE' CAIN,83
Preston,PRECINCT 16,U.S. House,2,REP,DENNIS 'NATE' CAIN,56
Preston,PRECINCT 17,U.S. House,2,REP,DENNIS 'NATE' CAIN,29
Preston,PRECINCT 18,U.S. House,2,REP,DENNIS 'NATE' CAIN,46
Preston,PRECINCT 19,U.S. House,2,REP,DENNIS 'NATE' CAIN,13
Preston,PRECINCT 20,U.S. House,2,REP,DENNIS 'NATE' CAIN,53
Preston,PRECINCT 21,U.S. House,2,REP,DENNIS 'NATE' CAIN,27
Preston,PRECINCT 22,U.S. House,2,REP,DENNIS 'NATE' CAIN,39
Preston,PRECINCT 23,U.S. House,2,REP,DENNIS 'NATE' CAIN,19
Preston,PRECINCT 24,U.S. House,2,REP,DENNIS 'NATE' CAIN,49
Preston,PRECINCT 25,U.S. House,2,REP,DENNIS 'NATE' CAIN,61
Preston,PRECINCT 26,U.S. House,2,REP,DENNIS 'NATE' CAIN,89
Preston,PRECINCT 27,U.S. House,2,REP,DENNIS 'NATE' CAIN,23
Preston,PRECINCT 28,U.S. House,2,REP,DENNIS 'NATE' CAIN,10
Preston,PRECINCT 1,U.S. House,2,REP,CHRIS 'MOOKIE' WALKER,25
Preston,PRECINCT 2,U.S. House,2,REP,CHRIS 'MOOKIE' WALKER,49
Preston,PRECINCT 3,U.S. House,2,REP,CHRIS 'MOOKIE' WALKER,40
Preston,PRECINCT 4,U.S. House,2,REP,CHRIS 'MOOKIE' WALKER,29
Preston,PRECINCT 5,U.S. House,2,REP,CHRIS 'MOOKIE' WALKER,54
Preston,PRECINCT 6,U.S. House,2,REP,CHRIS 'MOOKIE' WALKER,13
Preston,PRECINCT 7,U.S. House,2,REP,CHRIS 'MOOKIE' WALKER,17
Preston,PRECINCT 8,U.S. House,2,REP,CHRIS 'MOOKIE' WALKER,26
Preston,PRECINCT 9,U.S. House,2,REP,CHRIS 'MOOKIE' WALKER,6
Preston,PRECINCT 10,U.S. House,2,REP,CHRIS 'MOOKIE' WALKER,28
Preston,PRECINCT 11,U.S. House,2,REP,CHRIS 'MOOKIE' WALKER,33
Preston,PRECINCT 12,U.S. House,2,REP,CHRIS 'MOOKIE' WALKER,28
Preston,PRECINCT 13,U.S. House,2,REP,CHRIS 'MOOKIE' WALKER,37
Preston,PRECINCT 14,U.S. House,2,REP,CHRIS 'MOOKIE' WALKER,9
Preston,PRECINCT 15,U.S. House,2,REP,CHRIS 'MOOKIE' WALKER,25
Preston,PRECINCT 16,U.S. House,2,REP,CHRIS 'MOOKIE' WALKER,52
Preston,PRECINCT 17,U.S. House,2,REP,CHRIS 'MOOKIE' WALKER,21
Preston,PRECINCT 18,U.S. House,2,REP,CHRIS 'MOOKIE' WALKER,27
Preston,PRECINCT 19,U.S. House,2,REP,CHRIS 'MOOKIE' WALKER,20
Preston,PRECINCT 20,U.S. House,2,REP,CHRIS 'MOOKIE' WALKER,65
Preston,PRECINCT 21,U.S. House,2,REP,CHRIS 'MOOKIE' WALKER,18
Preston,PRECINCT 22,U.S. House,2,REP,CHRIS 'MOOKIE' WALKER,32
Preston,PRECINCT 23,U.S. House,2,REP,CHRIS 'MOOKIE' WALKER,26
Preston,PRECINCT 24,U.S. House,2,REP,CHRIS 'MOOKIE' WALKER,25
Preston,PRECINCT 25,U.S. House,2,REP,CHRIS 'MOOKIE' WALKER,9
Preston,PRECINCT 26,U.S. House,2,REP,CHRIS 'MOOKIE' WALKER,10
Preston,PRECINCT 27,U.S. House,2,REP,CHRIS 'MOOKIE' WALKER,25
Preston,PRECINCT 28,U.S. House,2,REP,CHRIS 'MOOKIE' WALKER,4
Preston,PRECINCT 1,U.S. House,2,REP,RILEY MOORE,81
Preston,PRECINCT 2,U.S. House,2,REP,RILEY MOORE,103
Preston,PRECINCT 3,U.S. House,2,REP,RILEY MOORE,78
Preston,PRECINCT 4,U.S. House,2,REP,RILEY MOORE,79
Preston,PRECINCT 5,U.S. House,2,REP,RILEY MOORE,124
Preston,PRECINCT 6,U.S. House,2,REP,RILEY MOORE,54
Preston,PRECINCT 7,U.S. House,2,REP,RILEY MOORE,19
Preston,PRECINCT 8,U.S. House,2,REP,RILEY MOORE,58
Preston,PRECINCT 9,U.S. House,2,REP,RILEY MOORE,24
Preston,PRECINCT 10,U.S. House,2,REP,RILEY MOORE,62
Preston,PRECINCT 11,U.S. House,2,REP,RILEY MOORE,81
Preston,PRECINCT 12,U.S. House,2,REP,RILEY MOORE,93
Preston,PRECINCT 13,U.S. House,2,REP,RILEY MOORE,112
Preston,PRECINCT 14,U.S. House,2,REP,RILEY MOORE,18
Preston,PRECINCT 15,U.S. House,2,REP,RILEY MOORE,80
Preston,PRECINCT 16,U.S. House,2,REP,RILEY MOORE,104
Preston,PRECINCT 17,U.S. House,2,REP,RILEY MOORE,35
Preston,PRECINCT 18,U.S. House,2,REP,RILEY MOORE,75
Preston,PRECINCT 19,U.S. House,2,REP,RILEY MOORE,62
Preston,PRECINCT 20,U.S. House,2,REP,RILEY MOORE,123
Preston,PRECINCT 21,U.S. House,2,REP,RILEY MOORE,58
Preston,PRECINCT 22,U.S. House,2,REP,RILEY MOORE,82
Preston,PRECINCT 23,U.S. House,2,REP,RILEY MOORE,77
Preston,PRECINCT 24,U.S. House,2,REP,RILEY MOORE,63
Preston,PRECINCT 25,U.S. House,2,REP,RILEY MOORE,26
Preston,PRECINCT 26,U.S. House,2,REP,RILEY MOORE,47
Preston,PRECINCT 27,U.S. House,2,REP,RILEY MOORE,74
Preston,PRECINCT 28,U.S. House,2,REP,RILEY MOORE,19
Preston,PRECINCT 1,U.S. House,2,REP,JOSEPH (JOE) EARLEY,46
Preston,PRECINCT 2,U.S. House,2,REP,JOSEPH (JOE) EARLEY,66
Preston,PRECINCT 3,U.S. House,2,REP,JOSEPH (JOE) EARLEY,58
Preston,PRECINCT 4,U.S. House,2,REP,JOSEPH (JOE) EARLEY,68
Preston,PRECINCT 5,U.S. House,2,REP,JOSEPH (JOE) EARLEY,61
Preston,PRECINCT 6,U.S. House,2,REP,JOSEPH (JOE) EARLEY,30
Preston,PRECINCT 7,U.S. House,2,REP,JOSEPH (JOE) EARLEY,13
Preston,PRECINCT 8,U.S. House,2,REP,JOSEPH (JOE) EARLEY,55
Preston,PRECINCT 9,U.S. House,2,REP,JOSEPH (JOE) EARLEY,16
Preston,PRECINCT 10,U.S. House,2,REP,JOSEPH (JOE) EARLEY,56
Preston,PRECINCT 11,U.S. House,2,REP,JOSEPH (JOE) EARLEY,55
Preston,PRECINCT 12,U.S. House,2,REP,JOSEPH (JOE) EARLEY,49
Preston,PRECINCT 13,U.S. House,2,REP,JOSEPH (JOE) EARLEY,67
Preston,PRECINCT 14,U.S. House,2,REP,JOSEPH (JOE) EARLEY,12
Preston,PRECINCT 15,U.S. House,2,REP,JOSEPH (JOE) EARLEY,47
Preston,PRECINCT 16,U.S. House,2,REP,JOSEPH (JOE) EARLEY,78
Preston,PRECINCT 17,U.S. House,2,REP,JOSEPH (JOE) EARLEY,21
Preston,PRECINCT 18,U.S. House,2,REP,JOSEPH (JOE) EARLEY,49
Preston,PRECINCT 19,U.S. House,2,REP,JOSEPH (JOE) EARLEY,36
Preston,PRECINCT 20,U.S. House,2,REP,JOSEPH (JOE) EARLEY,72
Preston,PRECINCT 21,U.S. House,2,REP,JOSEPH (JOE) EARLEY,51
Preston,PRECINCT 22,U.S. House,2,REP,JOSEPH (JOE) EARLEY,56
Preston,PRECINCT 23,U.S. House,2,REP,JOSEPH (JOE) EARLEY,38
Preston,PRECINCT 24,U.S. House,2,REP,JOSEPH (JOE) EARLEY,54
Preston,PRECINCT 25,U.S. House,2,REP,JOSEPH (JOE) EARLEY,26
Preston,PRECINCT 26,U.S. House,2,REP,JOSEPH (JOE) EARLEY,18
Preston,PRECINCT 27,U.S. House,2,REP,JOSEPH (JOE) EARLEY,64
Preston,PRECINCT 28,U.S. House,2,REP,JOSEPH (JOE) EARLEY,9
Preston,PRECINCT 1,U.S. House,2,REP,ALEXANDER GAASERUD,3
Preston,PRECINCT 2,U.S. House,2,REP,ALEXANDER GAASERUD,5
Preston,PRECINCT 3,U.S. House,2,REP,ALEXANDER GAASERUD,8
Preston,PRECINCT 4,U.S. House,2,REP,ALEXANDER GAASERUD,6
Preston,PRECINCT 5,U.S. House,2,REP,ALEXANDER GAASERUD,9
Preston,PRECINCT 6,U.S. House,2,REP,ALEXANDER GAASERUD,2
Preston,PRECINCT 7,U.S. House,2,REP,ALEXANDER GAASERUD,1
Preston,PRECINCT 8,U.S. House,2,REP,ALEXANDER GAASERUD,5
Preston,PRECINCT 9,U.S. House,2,REP,ALEXANDER GAASERUD,1
Preston,PRECINCT 10,U.S. House,2,REP,ALEXANDER GAASERUD,5
Preston,PRECINCT 11,U.S. House,2,REP,ALEXANDER GAASERUD,4
Preston,PRECINCT 12,U.S. House,2,REP,ALEXANDER GAASERUD,5
Preston,PRECINCT 13,U.S. House,2,REP,ALEXANDER GAASERUD,8
Preston,PRECINCT 14,U.S. House,2,REP,ALEXANDER GAASERUD,0
Preston,PRECINCT 15,U.S. House,2,REP,ALEXANDER GAASERUD,7
Preston,PRECINCT 16,U.S. House,2,REP,ALEXANDER GAASERUD,10
Preston,PRECINCT 17,U.S. House,2,REP,ALEXANDER GAASERUD,4
Preston,PRECINCT 18,U.S. House,2,REP,ALEXANDER GAASERUD,8
Preston,PRECINCT 19,U.S. House,2,REP,ALEXANDER GAASERUD,6
Preston,PRECINCT 20,U.S. House,2,REP,ALEXANDER GAASERUD,6
Preston,PRECINCT 21,U.S. House,2,REP,ALEXANDER GAASERUD,4
Preston,PRECINCT 22,U.S. House,2,REP,ALEXANDER GAASERUD,2
Preston,PRECINCT 23,U.S. House,2,REP,ALEXANDER GAASERUD,4
Preston,PRECINCT 24,U.S. House,2,REP,ALEXANDER GAASERUD,4
Preston,PRECINCT 25,U.S. House,2,REP,ALEXANDER GAASERUD,2
Preston,PRECINCT 26,U.S. House,2,REP,ALEXANDER GAASERUD,4
Preston,PRECINCT 27,U.S. House,2,REP,ALEXANDER GAASERUD,7
Preston,PRECINCT 28,U.S. House,2,REP,ALEXANDER GAASERUD,1
Preston,PRECINCT 1,U.S. House,2,DEM,STEVEN WENDELIN,46
Preston,PRECINCT 2,U.S. House,2,DEM,STEVEN WENDELIN,45
Preston,PRECINCT 3,U.S. House,2,DEM,STEVEN WENDELIN,52
Preston,PRECINCT 4,U.S. House,2,DEM,STEVEN WENDELIN,42
Preston,PRECINCT 5,U.S. House,2,DEM,STEVEN WENDELIN,59
Preston,PRECINCT 6,U.S. House,2,DEM,STEVEN WENDELIN,21
Preston,PRECINCT 7,U.S. House,2,DEM,STEVEN WENDELIN,10
Preston,PRECINCT 8,U.S. House,2,DEM,STEVEN WENDELIN,49
Preston,PRECINCT 9,U.S. House,2,DEM,STEVEN WENDELIN,26
Preston,PRECINCT 10,U.S. House,2,DEM,STEVEN WENDELIN,48
Preston,PRECINCT 11,U.S. House,2,DEM,STEVEN WENDELIN,63
Preston,PRECINCT 12,U.S. House,2,DEM,STEVEN WENDELIN,72
Preston,PRECINCT 13,U.S. House,2,DEM,STEVEN WENDELIN,91
Preston,PRECINCT 14,U.S. House,2,DEM,STEVEN WENDELIN,7
Preston,PRECINCT 15,U.S. House,2,DEM,STEVEN WENDELIN,67
Preston,PRECINCT 16,U.S. House,2,DEM,STEVEN WENDELIN,75
Preston,PRECINCT 17,U.S. House,2,DEM,STEVEN WENDELIN,21
Preston,PRECINCT 18,U.S. House,2,DEM,STEVEN WENDELIN,30
Preston,PRECINCT 19,U.S. House,2,DEM,STEVEN WENDELIN,44
Preston,PRECINCT 20,U.S. House,2,DEM,STEVEN WENDELIN,54
Preston,PRECINCT 21,U.S. House,2,DEM,STEVEN WENDELIN,35
Preston,PRECINCT 22,U.S. House,2,DEM,STEVEN WENDELIN,42
Preston,PRECINCT 23,U.S. House,2,DEM,STEVEN WENDELIN,29
Preston,PRECINCT 24,U.S. House,2,DEM,STEVEN WENDELIN,59
Preston,PRECINCT 25,U.S. House,2,DEM,STEVEN WENDELIN,29
Preston,PRECINCT 26,U.S. House,2,DEM,STEVEN WENDELIN,21
Preston,PRECINCT 27,U.S. House,2,DEM,STEVEN WENDELIN,54
Preston,PRECINCT 28,U.S. House,2,DEM,STEVEN WENDELIN,11
Preston,PRECINCT 1,U.S. House,2,MTN,NO CANDIDATE FILED,0
Preston,PRECINCT 2,U.S. House,2,MTN,NO CANDIDATE FILED,0
Preston,PRECINCT 3,U.S. House,2,MTN,NO CANDIDATE FILED,0
Preston,PRECINCT 4,U.S. House,2,MTN,NO CANDIDATE FILED,0
Preston,PRECINCT 5,U.S. House,2,MTN,NO CANDIDATE FILED,0
Preston,PRECINCT 6,U.S. House,2,MTN,NO CANDIDATE FILED,0
Preston,PRECINCT 7,U.S. House,2,MTN,NO CANDIDATE FILED,0
Preston,PRECINCT 8,U.S. House,2,MTN,NO CANDIDATE FILED,0
Preston,PRECINCT 9,U.S. House,2,MTN,NO CANDIDATE FILED,0
Preston,PRECINCT 10,U.S. House,2,MTN,NO CANDIDATE FILED,0
Preston,PRECINCT 11,U.S. House,2,MTN,NO CANDIDATE FILED,0
Preston,PRECINCT 12,U.S. House,2,MTN,NO CANDIDATE FILED,0
Preston,PRECINCT 13,U.S. House,2,MTN,NO CANDIDATE FILED,0
Preston,PRECINCT 14,U.S. House,2,MTN,NO CANDIDATE FILED,0
Preston,PRECINCT 15,U.S. House,2,MTN,NO CANDIDATE FILED,0
Preston,PRECINCT 16,U.S. House,2,MTN,NO CANDIDATE FILED,0
Preston,PRECINCT 17,U.S. House,2,MTN,NO CANDIDATE FILED,0
Preston,PRECINCT 18,U.S. House,2,MTN,NO CANDIDATE FILED,0
Preston,PRECINCT 19,U.S. House,2,MTN,NO CANDIDATE FILED,0
Preston,PRECINCT 20,U.S. House,2,MTN,NO CANDIDATE FILED,0
Preston,PRECINCT 21,U.S. House,2,MTN,NO CANDIDATE FILED,0
Preston,PRECINCT 22,U.S. House,2,MTN,NO CANDIDATE FILED,0
Preston,PRECINCT 23,U.S. House,2,MTN,NO CANDIDATE FILED,0
Preston,PRECINCT 24,U.S. House,2,MTN,NO CANDIDATE FILED,0
Preston,PRECINCT 25,U.S. House,2,MTN,NO CANDIDATE FILED,0
Preston,PRECINCT 26,U.S. House,2,MTN,NO CANDIDATE FILED,0
Preston,PRECINCT 27,U.S. House,2,MTN,NO CANDIDATE FILED,0
Preston,PRECINCT 28,U.S. House,2,MTN,NO CANDIDATE FILED,0
Preston,PRECINCT 1,Governor,,REP,CHRIS MILLER,39
Preston,PRECINCT 2,Governor,,REP,CHRIS MILLER,46
Preston,PRECINCT 3,Governor,,REP,CHRIS MILLER,50
Preston,PRECINCT 4,Governor,,REP,CHRIS MILLER,50
Preston,PRECINCT 5,Governor,,REP,CHRIS MILLER,71
Preston,PRECINCT 6,Governor,,REP,CHRIS MILLER,27
Preston,PRECINCT 7,Governor,,REP,CHRIS MILLER,16
Preston,PRECINCT 8,Governor,,REP,CHRIS MILLER,51
Preston,PRECINCT 9,Governor,,REP,CHRIS MILLER,6
Preston,PRECINCT 10,Governor,,REP,CHRIS MILLER,32
Preston,PRECINCT 11,Governor,,REP,CHRIS MILLER,24
Preston,PRECINCT 12,Governor,,REP,CHRIS MILLER,36
Preston,PRECINCT 13,Governor,,REP,CHRIS MILLER,56
Preston,PRECINCT 14,Governor,,REP,CHRIS MILLER,5
Preston,PRECINCT 15,Governor,,REP,CHRIS MILLER,30
Preston,PRECINCT 16,Governor,,REP,CHRIS MILLER,64
Preston,PRECINCT 17,Governor,,REP,CHRIS MILLER,29
Preston,PRECINCT 18,Governor,,REP,CHRIS MILLER,60
Preston,PRECINCT 19,Governor,,REP,CHRIS MILLER,20
Preston,PRECINCT 20,Governor,,REP,CHRIS MILLER,73
Preston,PRECINCT 21,Governor,,REP,CHRIS MILLER,23
Preston,PRECINCT 22,Governor,,REP,CHRIS MILLER,44
Preston,PRECINCT 23,Governor,,REP,CHRIS MILLER,42
Preston,PRECINCT 24,Governor,,REP,CHRIS MILLER,48
Preston,PRECINCT 25,Governor,,REP,CHRIS MILLER,19
Preston,PRECINCT 26,Governor,,REP,CHRIS MILLER,35
Preston,PRECINCT 27,Governor,,REP,CHRIS MILLER,42
Preston,PRECINCT 28,Governor,,REP,CHRIS MILLER,14
Preston,PRECINCT 1,Governor,,REP,MAC WARNER,48
Preston,PRECINCT 2,Governor,,REP,MAC WARNER,59
Preston,PRECINCT 3,Governor,,REP,MAC WARNER,41
Preston,PRECINCT 4,Governor,,REP,MAC WARNER,53
Preston,PRECINCT 5,Governor,,REP,MAC WARNER,65
Preston,PRECINCT 6,Governor,,REP,MAC WARNER,13
Preston,PRECINCT 7,Governor,,REP,MAC WARNER,18
Preston,PRECINCT 8,Governor,,REP,MAC WARNER,33
Preston,PRECINCT 9,Governor,,REP,MAC WARNER,20
Preston,PRECINCT 10,Governor,,REP,MAC WARNER,37
Preston,PRECINCT 11,Governor,,REP,MAC WARNER,49
Preston,PRECINCT 12,Governor,,REP,MAC WARNER,43
Preston,PRECINCT 13,Governor,,REP,MAC WARNER,75
Preston,PRECINCT 14,Governor,,REP,MAC WARNER,12
Preston,PRECINCT 15,Governor,,REP,MAC WARNER,77
Preston,PRECINCT 16,Governor,,REP,MAC WARNER,50
Preston,PRECINCT 17,Governor,,REP,MAC WARNER,30
Preston,PRECINCT 18,Governor,,REP,MAC WARNER,30
Preston,PRECINCT 19,Governor,,REP,MAC WARNER,27
Preston,PRECINCT 20,Governor,,REP,MAC WARNER,58
Preston,PRECINCT 21,Governor,,REP,MAC WARNER,42
Preston,PRECINCT 22,Governor,,REP,MAC WARNER,43
Preston,PRECINCT 23,Governor,,REP,MAC WARNER,36
Preston,PRECINCT 24,Governor,,REP,MAC WARNER,46
Preston,PRECINCT 25,Governor,,REP,MAC WARNER,40
Preston,PRECINCT 26,Governor,,REP,MAC WARNER,46
Preston,PRECINCT 27,Governor,,REP,MAC WARNER,28
Preston,PRECINCT 28,Governor,,REP,MAC WARNER,8
Preston,PRECINCT 1,Governor,,REP,MITCH ROBERTS,2
Preston,PRECINCT 2,Governor,,REP,MITCH ROBERTS,6
Preston,PRECINCT 3,Governor,,REP,MITCH ROBERTS,3
Preston,PRECINCT 4,Governor,,REP,MITCH ROBERTS,3
Preston,PRECINCT 5,Governor,,REP,MITCH ROBERTS,6
Preston,PRECINCT 6,Governor,,REP,MITCH ROBERTS,6
Preston,PRECINCT 7,Governor,,REP,MITCH ROBERTS,0
Preston,PRECINCT 8,Governor,,REP,MITCH ROBERTS,7
Preston,PRECINCT 9,Governor,,REP,MITCH ROBERTS,2
Preston,PRECINCT 10,Governor,,REP,MITCH ROBERTS,2
Preston,PRECINCT 11,Governor,,REP,MITCH ROBERTS,5
Preston,PRECINCT 12,Governor,,REP,MITCH ROBERTS,1
Preston,PRECINCT 13,Governor,,REP,MITCH ROBERTS,5
Preston,PRECINCT 14,Governor,,REP,MITCH ROBERTS,0
Preston,PRECINCT 15,Governor,,REP,MITCH ROBERTS,4
Preston,PRECINCT 16,Governor,,REP,MITCH ROBERTS,4
Preston,PRECINCT 17,Governor,,REP,MITCH ROBERTS,0
Preston,PRECINCT 18,Governor,,REP,MITCH ROBERTS,2
Preston,PRECINCT 19,Governor,,REP,MITCH ROBERTS,5
Preston,PRECINCT 20,Governor,,REP,MITCH ROBERTS,7
Preston,PRECINCT 21,Governor,,REP,MITCH ROBERTS,2
Preston,PRECINCT 22,Governor,,REP,MITCH ROBERTS,3
Preston,PRECINCT 23,Governor,,REP,MITCH ROBERTS,1
Preston,PRECINCT 24,Governor,,REP,MITCH ROBERTS,3
Preston,PRECINCT 25,Governor,,REP,MITCH ROBERTS,2
Preston,PRECINCT 26,Governor,,REP,MITCH ROBERTS,3
Preston,PRECINCT 27,Governor,,REP,MITCH ROBERTS,3
Preston,PRECINCT 28,Governor,,REP,MITCH ROBERTS,1
Preston,PRECINCT 1,Governor,,REP,KEVIN 'KC' CHRISTIAN,2
Preston,PRECINCT 2,Governor,,REP,KEVIN 'KC' CHRISTIAN,7
Preston,PRECINCT 3,Governor,,REP,KEVIN 'KC' CHRISTIAN,2
Preston,PRECINCT 4,Governor,,REP,KEVIN 'KC' CHRISTIAN,6
Preston,PRECINCT 5,Governor,,REP,KEVIN 'KC' CHRISTIAN,7
Preston,PRECINCT 6,Governor,,REP,KEVIN 'KC' CHRISTIAN,2
Preston,PRECINCT 7,Governor,,REP,KEVIN 'KC' CHRISTIAN,0
Preston,PRECINCT 8,Governor,,REP,KEVIN 'KC' CHRISTIAN,4
Preston,PRECINCT 9,Governor,,REP,KEVIN 'KC' CHRISTIAN,0
Preston,PRECINCT 10,Governor,,REP,KEVIN 'KC' CHRISTIAN,0
Preston,PRECINCT 11,Governor,,REP,KEVIN 'KC' CHRISTIAN,2
Preston,PRECINCT 12,Governor,,REP,KEVIN 'KC' CHRISTIAN,1
Preston,PRECINCT 13,Governor,,REP,KEVIN 'KC' CHRISTIAN,4
Preston,PRECINCT 14,Governor,,REP,KEVIN 'KC' CHRISTIAN,0
Preston,PRECINCT 15,Governor,,REP,KEVIN 'KC' CHRISTIAN,6
Preston,PRECINCT 16,Governor,,REP,KEVIN 'KC' CHRISTIAN,9
Preston,PRECINCT 17,Governor,,REP,KEVIN 'KC' CHRISTIAN,1
Preston,PRECINCT 18,Governor,,REP,KEVIN 'KC' CHRISTIAN,3
Preston,PRECINCT 19,Governor,,REP,KEVIN 'KC' CHRISTIAN,2
Preston,PRECINCT 20,Governor,,REP,KEVIN 'KC' CHRISTIAN,8
Preston,PRECINCT 21,Governor,,REP,KEVIN 'KC' CHRISTIAN,3
Preston,PRECINCT 22,Governor,,REP,KEVIN 'KC' CHRISTIAN,8
Preston,PRECINCT 23,Governor,,REP,KEVIN 'KC' CHRISTIAN,4
Preston,PRECINCT 24,Governor,,REP,KEVIN 'KC' CHRISTIAN,0
Preston,PRECINCT 25,Governor,,REP,KEVIN 'KC' CHRISTIAN,0
Preston,PRECINCT 26,Governor,,REP,KEVIN 'KC' CHRISTIAN,0
Preston,PRECINCT 27,Governor,,REP,KEVIN 'KC' CHRISTIAN,4
Preston,PRECINCT 28,Governor,,REP,KEVIN 'KC' CHRISTIAN,2
Preston,PRECINCT 1,Governor,,REP,PATRICK MORRISEY,89
Preston,PRECINCT 2,Governor,,REP,PATRICK MORRISEY,100
Preston,PRECINCT 3,Governor,,REP,PATRICK MORRISEY,99
Preston,PRECINCT 4,Governor,,REP,PATRICK MORRISEY,93
Preston,PRECINCT 5,Governor,,REP,PATRICK MORRISEY,134
Preston,PRECINCT 6,Governor,,REP,PATRICK MORRISEY,57
Preston,PRECINCT 7,Governor,,REP,PATRICK MORRISEY,18
Preston,PRECINCT 8,Governor,,REP,PATRICK MORRISEY,80
Preston,PRECINCT 9,Governor,,REP,PATRICK MORRISEY,16
Preston,PRECINCT 10,Governor,,REP,PATRICK MORRISEY,79
Preston,PRECINCT 11,Governor,,REP,PATRICK MORRISEY,98
Preston,PRECINCT 12,Governor,,REP,PATRICK MORRISEY,85
Preston,PRECINCT 13,Governor,,REP,PATRICK MORRISEY,124
Preston,PRECINCT 14,Governor,,REP,PATRICK MORRISEY,21
Preston,PRECINCT 15,Governor,,REP,PATRICK MORRISEY,81
Preston,PRECINCT 16,Governor,,REP,PATRICK MORRISEY,128
Preston,PRECINCT 17,Governor,,REP,PATRICK MORRISEY,39
Preston,PRECINCT 18,Governor,,REP,PATRICK MORRISEY,99
Preston,PRECINCT 19,Governor,,REP,PATRICK MORRISEY,62
Preston,PRECINCT 20,Governor,,REP,PATRICK MORRISEY,159
Preston,PRECINCT 21,Governor,,REP,PATRICK MORRISEY,67
Preston,PRECINCT 22,Governor,,REP,PATRICK MORRISEY,93
Preston,PRECINCT 23,Governor,,REP,PATRICK MORRISEY,65
Preston,PRECINCT 24,Governor,,REP,PATRICK MORRISEY,82
Preston,PRECINCT 25,Governor,,REP,PATRICK MORRISEY,44
Preston,PRECINCT 26,Governor,,REP,PATRICK MORRISEY,62
Preston,PRECINCT 27,Governor,,REP,PATRICK MORRISEY,87
Preston,PRECINCT 28,Governor,,REP,PATRICK MORRISEY,19
Preston,PRECINCT 1,Governor,,REP,MOORE CAPITO,36
Preston,PRECINCT 2,Governor,,REP,MOORE CAPITO,73
Preston,PRECINCT 3,Governor,,REP,MOORE CAPITO,49
Preston,PRECINCT 4,Governor,,REP,MOORE CAPITO,46
Preston,PRECINCT 5,Governor,,REP,MOORE CAPITO,75
Preston,PRECINCT 6,Governor,,REP,MOORE CAPITO,30
Preston,PRECINCT 7,Governor,,REP,MOORE CAPITO,22
Preston,PRECINCT 8,Governor,,REP,MOORE CAPITO,46
Preston,PRECINCT 9,Governor,,REP,MOORE CAPITO,18
Preston,PRECINCT 10,Governor,,REP,MOORE CAPITO,35
Preston,PRECINCT 11,Governor,,REP,MOORE CAPITO,54
Preston,PRECINCT 12,Governor,,REP,MOORE CAPITO,51
Preston,PRECINCT 13,Governor,,REP,MOORE CAPITO,99
Preston,PRECINCT 14,Governor,,REP,MOORE CAPITO,8
Preston,PRECINCT 15,Governor,,REP,MOORE CAPITO,71
Preston,PRECINCT 16,Governor,,REP,MOORE CAPITO,70
Preston,PRECINCT 17,Governor,,REP,MOORE CAPITO,23
Preston,PRECINCT 18,Governor,,REP,MOORE CAPITO,24
Preston,PRECINCT 19,Governor,,REP,MOORE CAPITO,33
Preston,PRECINCT 20,Governor,,REP,MOORE CAPITO,46
Preston,PRECINCT 21,Governor,,REP,MOORE CAPITO,35
Preston,PRECINCT 22,Governor,,REP,MOORE CAPITO,41
Preston,PRECINCT 23,Governor,,REP,MOORE CAPITO,35
Preston,PRECINCT 24,Governor,,REP,MOORE CAPITO,42
Preston,PRECINCT 25,Governor,,REP,MOORE CAPITO,25
Preston,PRECINCT 26,Governor,,REP,MOORE CAPITO,29
Preston,PRECINCT 27,Governor,,REP,MOORE CAPITO,46
Preston,PRECINCT 28,Governor,,REP,MOORE CAPITO,3
Preston,PRECINCT 1,Governor,,DEM,STEVE WILLIAMS,54
Preston,PRECINCT 2,Governor,,DEM,STEVE WILLIAMS,53
Preston,PRECINCT 3,Governor,,DEM,STEVE WILLIAMS,57
Preston,PRECINCT 4,Governor,,DEM,STEVE WILLIAMS,47
Preston,PRECINCT 5,Governor,,DEM,STEVE WILLIAMS,63
Preston,PRECINCT 6,Governor,,DEM,STEVE WILLIAMS,21
Preston,PRECINCT 7,Governor,,DEM,STEVE WILLIAMS,11
Preston,PRECINCT 8,Governor,,DEM,STEVE WILLIAMS,51
Preston,PRECINCT 9,Governor,,DEM,STEVE WILLIAMS,26
Preston,PRECINCT 10,Governor,,DEM,STEVE WILLIAMS,50
Preston,PRECINCT 11,Governor,,DEM,STEVE WILLIAMS,63
Preston,PRECINCT 12,Governor,,DEM,STEVE WILLIAMS,80
Preston,PRECINCT 13,Governor,,DEM,STEVE WILLIAMS,98
Preston,PRECINCT 14,Governor,,DEM,STEVE WILLIAMS,9
Preston,PRECINCT 15,Governor,,DEM,STEVE WILLIAMS,75
Preston,PRECINCT 16,Governor,,DEM,STEVE WILLIAMS,74
Preston,PRECINCT 17,Governor,,DEM,STEVE WILLIAMS,23
Preston,PRECINCT 18,Governor,,DEM,STEVE WILLIAMS,36
Preston,PRECINCT 19,Governor,,DEM,STEVE WILLIAMS,46
Preston,PRECINCT 20,Governor,,DEM,STEVE WILLIAMS,60
Preston,PRECINCT 21,Governor,,DEM,STEVE WILLIAMS,36
Preston,PRECINCT 22,Governor,,DEM,STEVE WILLIAMS,49
Preston,PRECINCT 23,Governor,,DEM,STEVE WILLIAMS,27
Preston,PRECINCT 24,Governor,,DEM,STEVE WILLIAMS,58
Preston,PRECINCT 25,Governor,,DEM,STEVE WILLIAMS,29
Preston,PRECINCT 26,Governor,,DEM,STEVE WILLIAMS,21
Preston,PRECINCT 27,Governor,,DEM,STEVE WILLIAMS,54
Preston,PRECINCT 28,Governor,,DEM,STEVE WILLIAMS,12
Preston,PRECINCT 1,Governor,,MTN,CHASE LINKO-LOOPER,0
Preston,PRECINCT 2,Governor,,MTN,CHASE LINKO-LOOPER,1
Preston,PRECINCT 3,Governor,,MTN,CHASE LINKO-LOOPER,0
Preston,PRECINCT 4,Governor,,MTN,CHASE LINKO-LOOPER,1
Preston,PRECINCT 5,Governor,,MTN,CHASE LINKO-LOOPER,0
Preston,PRECINCT 6,Governor,,MTN,CHASE LINKO-LOOPER,0
Preston,PRECINCT 7,Governor,,MTN,CHASE LINKO-LOOPER,0
Preston,PRECINCT 8,Governor,,MTN,CHASE LINKO-LOOPER,0
Preston,PRECINCT 9,Governor,,MTN,CHASE LINKO-LOOPER,0
Preston,PRECINCT 10,Governor,,MTN,CHASE LINKO-LOOPER,0
Preston,PRECINCT 11,Governor,,MTN,CHASE LINKO-LOOPER,0
Preston,PRECINCT 12,Governor,,MTN,CHASE LINKO-LOOPER,1
Preston,PRECINCT 13,Governor,,MTN,CHASE LINKO-LOOPER,0
Preston,PRECINCT 14,Governor,,MTN,CHASE LINKO-LOOPER,0
Preston,PRECINCT 15,Governor,,MTN,CHASE LINKO-LOOPER,0
Preston,PRECINCT 16,Governor,,MTN,CHASE LINKO-LOOPER,0
Preston,PRECINCT 17,Governor,,MTN,CHASE LINKO-LOOPER,1
Preston,PRECINCT 18,Governor,,MTN,CHASE LINKO-LOOPER,0
Preston,PRECINCT 19,Governor,,MTN,CHASE LINKO-LOOPER,0
Preston,PRECINCT 20,Governor,,MTN,CHASE LINKO-LOOPER,0
Preston,PRECINCT 21,Governor,,MTN,CHASE LINKO-LOOPER,0
Preston,PRECINCT 22,Governor,,MTN,CHASE LINKO-LOOPER,0
Preston,PRECINCT 23,Governor,,MTN,CHASE LINKO-LOOPER,0
Preston,PRECINCT 24,Governor,,MTN,CHASE LINKO-LOOPER,0
Preston,PRECINCT 25,Governor,,MTN,CHASE LINKO-LOOPER,0
Preston,PRECINCT 26,Governor,,MTN,CHASE LINKO-LOOPER,0
Preston,PRECINCT 27,Governor,,MTN,CHASE LINKO-LOOPER,0
Preston,PRECINCT 28,Governor,,MTN,CHASE LINKO-LOOPER,0
Preston,PRECINCT 1,Secretary of State,,REP,BRIAN WOOD,38
Preston,PRECINCT 2,Secretary of State,,REP,BRIAN WOOD,55
Preston,PRECINCT 3,Secretary of State,,REP,BRIAN WOOD,52
Preston,PRECINCT 4,Secretary of State,,REP,BRIAN WOOD,40
Preston,PRECINCT 5,Secretary of State,,REP,BRIAN WOOD,49
Preston,PRECINCT 6,Secretary of State,,REP,BRIAN WOOD,27
Preston,PRECINCT 7,Secretary of State,,REP,BRIAN WOOD,7
Preston,PRECINCT 8,Secretary of State,,REP,BRIAN WOOD,34
Preston,PRECINCT 9,Secretary of State,,REP,BRIAN WOOD,10
Preston,PRECINCT 10,Secretary of State,,REP,BRIAN WOOD,36
Preston,PRECINCT 11,Secretary of State,,REP,BRIAN WOOD,32
Preston,PRECINCT 12,Secretary of State,,REP,BRIAN WOOD,29
Preston,PRECINCT 13,Secretary of State,,REP,BRIAN WOOD,50
Preston,PRECINCT 14,Secretary of State,,REP,BRIAN WOOD,8
Preston,PRECINCT 15,Secretary of State,,REP,BRIAN WOOD,64
Preston,PRECINCT 16,Secretary of State,,REP,BRIAN WOOD,50
Preston,PRECINCT 17,Secretary of State,,REP,BRIAN WOOD,19
Preston,PRECINCT 18,Secretary of State,,REP,BRIAN WOOD,42
Preston,PRECINCT 19,Secretary of State,,REP,BRIAN WOOD,35
Preston,PRECINCT 20,Secretary of State,,REP,BRIAN WOOD,61
Preston,PRECINCT 21,Secretary of State,,REP,BRIAN WOOD,27
Preston,PRECINCT 22,Secretary of State,,REP,BRIAN WOOD,30
Preston,PRECINCT 23,Secretary of State,,REP,BRIAN WOOD,26
Preston,PRECINCT 24,Secretary of State,,REP,BRIAN WOOD,34
Preston,PRECINCT 25,Secretary of State,,REP,BRIAN WOOD,24
Preston,PRECINCT 26,Secretary of State,,REP,BRIAN WOOD,32
Preston,PRECINCT 27,Secretary of State,,REP,BRIAN WOOD,24
Preston,PRECINCT 28,Secretary of State,,REP,BRIAN WOOD,10
Preston,PRECINCT 1,Secretary of State,,REP,DOUG  SKAFF JR.,19
Preston,PRECINCT 2,Secretary of State,,REP,DOUG  SKAFF JR.,28
Preston,PRECINCT 3,Secretary of State,,REP,DOUG  SKAFF JR.,21
Preston,PRECINCT 4,Secretary of State,,REP,DOUG  SKAFF JR.,20
Preston,PRECINCT 5,Secretary of State,,REP,DOUG  SKAFF JR.,36
Preston,PRECINCT 6,Secretary of State,,REP,DOUG  SKAFF JR.,11
Preston,PRECINCT 7,Secretary of State,,REP,DOUG  SKAFF JR.,8
Preston,PRECINCT 8,Secretary of State,,REP,DOUG  SKAFF JR.,18
Preston,PRECINCT 9,Secretary of State,,REP,DOUG  SKAFF JR.,11
Preston,PRECINCT 10,Secretary of State,,REP,DOUG  SKAFF JR.,15
Preston,PRECINCT 11,Secretary of State,,REP,DOUG  SKAFF JR.,26
Preston,PRECINCT 12,Secretary of State,,REP,DOUG  SKAFF JR.,21
Preston,PRECINCT 13,Secretary of State,,REP,DOUG  SKAFF JR.,40
Preston,PRECINCT 14,Secretary of State,,REP,DOUG  SKAFF JR.,13
Preston,PRECINCT 15,Secretary of State,,REP,DOUG  SKAFF JR.,33
Preston,PRECINCT 16,Secretary of State,,REP,DOUG  SKAFF JR.,34
Preston,PRECINCT 17,Secretary of State,,REP,DOUG  SKAFF JR.,10
Preston,PRECINCT 18,Secretary of State,,REP,DOUG  SKAFF JR.,12
Preston,PRECINCT 19,Secretary of State,,REP,DOUG  SKAFF JR.,8
Preston,PRECINCT 20,Secretary of State,,REP,DOUG  SKAFF JR.,27
Preston,PRECINCT 21,Secretary of State,,REP,DOUG  SKAFF JR.,20
Preston,PRECINCT 22,Secretary of State,,REP,DOUG  SKAFF JR.,26
Preston,PRECINCT 23,Secretary of State,,REP,DOUG  SKAFF JR.,11
Preston,PRECINCT 24,Secretary of State,,REP,DOUG  SKAFF JR.,17
Preston,PRECINCT 25,Secretary of State,,REP,DOUG  SKAFF JR.,15
Preston,PRECINCT 26,Secretary of State,,REP,DOUG  SKAFF JR.,13
Preston,PRECINCT 27,Secretary of State,,REP,DOUG  SKAFF JR.,32
Preston,PRECINCT 28,Secretary of State,,REP,DOUG  SKAFF JR.,6
Preston,PRECINCT 1,Secretary of State,,REP,KEN REED,25
Preston,PRECINCT 2,Secretary of State,,REP,KEN REED,56
Preston,PRECINCT 3,Secretary of State,,REP,KEN REED,43
Preston,PRECINCT 4,Secretary of State,,REP,KEN REED,44
Preston,PRECINCT 5,Secretary of State,,REP,KEN REED,56
Preston,PRECINCT 6,Secretary of State,,REP,KEN REED,14
Preston,PRECINCT 7,Secretary of State,,REP,KEN REED,13
Preston,PRECINCT 8,Secretary of State,,REP,KEN REED,38
Preston,PRECINCT 9,Secretary of State,,REP,KEN REED,13
Preston,PRECINCT 10,Secretary of State,,REP,KEN REED,31
Preston,PRECINCT 11,Secretary of State,,REP,KEN REED,43
Preston,PRECINCT 12,Secretary of State,,REP,KEN REED,36
Preston,PRECINCT 13,Secretary of State,,REP,KEN REED,64
Preston,PRECINCT 14,Secretary of State,,REP,KEN REED,5
Preston,PRECINCT 15,Secretary of State,,REP,KEN REED,42
Preston,PRECINCT 16,Secretary of State,,REP,KEN REED,54
Preston,PRECINCT 17,Secretary of State,,REP,KEN REED,17
Preston,PRECINCT 18,Secretary of State,,REP,KEN REED,55
Preston,PRECINCT 19,Secretary of State,,REP,KEN REED,34
Preston,PRECINCT 20,Secretary of State,,REP,KEN REED,79
Preston,PRECINCT 21,Secretary of State,,REP,KEN REED,37
Preston,PRECINCT 22,Secretary of State,,REP,KEN REED,53
Preston,PRECINCT 23,Secretary of State,,REP,KEN REED,38
Preston,PRECINCT 24,Secretary of State,,REP,KEN REED,49
Preston,PRECINCT 25,Secretary of State,,REP,KEN REED,22
Preston,PRECINCT 26,Secretary of State,,REP,KEN REED,33
Preston,PRECINCT 27,Secretary of State,,REP,KEN REED,45
Preston,PRECINCT 28,Secretary of State,,REP,KEN REED,9
Preston,PRECINCT 1,Secretary of State,,REP,KRIS WARNER,102
Preston,PRECINCT 2,Secretary of State,,REP,KRIS WARNER,127
Preston,PRECINCT 3,Secretary of State,,REP,KRIS WARNER,92
Preston,PRECINCT 4,Secretary of State,,REP,KRIS WARNER,118
Preston,PRECINCT 5,Secretary of State,,REP,KRIS WARNER,166
Preston,PRECINCT 6,Secretary of State,,REP,KRIS WARNER,63
Preston,PRECINCT 7,Secretary of State,,REP,KRIS WARNER,34
Preston,PRECINCT 8,Secretary of State,,REP,KRIS WARNER,103
Preston,PRECINCT 9,Secretary of State,,REP,KRIS WARNER,20
Preston,PRECINCT 10,Secretary of State,,REP,KRIS WARNER,96
Preston,PRECINCT 11,Secretary of State,,REP,KRIS WARNER,107
Preston,PRECINCT 12,Secretary of State,,REP,KRIS WARNER,109
Preston,PRECINCT 13,Secretary of State,,REP,KRIS WARNER,171
Preston,PRECINCT 14,Secretary of State,,REP,KRIS WARNER,16
Preston,PRECINCT 15,Secretary of State,,REP,KRIS WARNER,99
Preston,PRECINCT 16,Secretary of State,,REP,KRIS WARNER,153
Preston,PRECINCT 17,Secretary of State,,REP,KRIS WARNER,54
Preston,PRECINCT 18,Secretary of State,,REP,KRIS WARNER,85
Preston,PRECINCT 19,Secretary of State,,REP,KRIS WARNER,52
Preston,PRECINCT 20,Secretary of State,,REP,KRIS WARNER,147
Preston,PRECINCT 21,Secretary of State,,REP,KRIS WARNER,70
Preston,PRECINCT 22,Secretary of State,,REP,KRIS WARNER,97
Preston,PRECINCT 23,Secretary of State,,REP,KRIS WARNER,82
Preston,PRECINCT 24,Secretary of State,,REP,KRIS WARNER,81
Preston,PRECINCT 25,Secretary of State,,REP,KRIS WARNER,59
Preston,PRECINCT 26,Secretary of State,,REP,KRIS WARNER,82
Preston,PRECINCT 27,Secretary of State,,REP,KRIS WARNER,80
Preston,PRECINCT 28,Secretary of State,,REP,KRIS WARNER,18
Preston,PRECINCT 1,Secretary of State,,DEM,THORNTON COOPER,51
Preston,PRECINCT 2,Secretary of State,,DEM,THORNTON COOPER,51
Preston,PRECINCT 3,Secretary of State,,DEM,THORNTON COOPER,50
Preston,PRECINCT 4,Secretary of State,,DEM,THORNTON COOPER,40
Preston,PRECINCT 5,Secretary of State,,DEM,THORNTON COOPER,60
Preston,PRECINCT 6,Secretary of State,,DEM,THORNTON COOPER,20
Preston,PRECINCT 7,Secretary of State,,DEM,THORNTON COOPER,9
Preston,PRECINCT 8,Secretary of State,,DEM,THORNTON COOPER,46
Preston,PRECINCT 9,Secretary of State,,DEM,THORNTON COOPER,25
Preston,PRECINCT 10,Secretary of State,,DEM,THORNTON COOPER,48
Preston,PRECINCT 11,Secretary of State,,DEM,THORNTON COOPER,61
Preston,PRECINCT 12,Secretary of State,,DEM,THORNTON COOPER,74
Preston,PRECINCT 13,Secretary of State,,DEM,THORNTON COOPER,96
Preston,PRECINCT 14,Secretary of State,,DEM,THORNTON COOPER,7
Preston,PRECINCT 15,Secretary of State,,DEM,THORNTON COOPER,67
Preston,PRECINCT 16,Secretary of State,,DEM,THORNTON COOPER,74
Preston,PRECINCT 17,Secretary of State,,DEM,THORNTON COOPER,23
Preston,PRECINCT 18,Secretary of State,,DEM,THORNTON COOPER,31
Preston,PRECINCT 19,Secretary of State,,DEM,THORNTON COOPER,40
Preston,PRECINCT 20,Secretary of State,,DEM,THORNTON COOPER,55
Preston,PRECINCT 21,Secretary of State,,DEM,THORNTON COOPER,32
Preston,PRECINCT 22,Secretary of State,,DEM,THORNTON COOPER,42
Preston,PRECINCT 23,Secretary of State,,DEM,THORNTON COOPER,28
Preston,PRECINCT 24,Secretary of State,,DEM,THORNTON COOPER,56
Preston,PRECINCT 25,Secretary of State,,DEM,THORNTON COOPER,26
Preston,PRECINCT 26,Secretary of State,,DEM,THORNTON COOPER,19
Preston,PRECINCT 27,Secretary of State,,DEM,THORNTON COOPER,45
Preston,PRECINCT 28,Secretary of State,,DEM,THORNTON COOPER,8
Preston,PRECINCT 1,Secretary of State,,MTN,NO CANDIDATE FILED,0
Preston,PRECINCT 2,Secretary of State,,MTN,NO CANDIDATE FILED,0
Preston,PRECINCT 3,Secretary of State,,MTN,NO CANDIDATE FILED,0
Preston,PRECINCT 4,Secretary of State,,MTN,NO CANDIDATE FILED,0
Preston,PRECINCT 5,Secretary of State,,MTN,NO CANDIDATE FILED,0
Preston,PRECINCT 6,Secretary of State,,MTN,NO CANDIDATE FILED,0
Preston,PRECINCT 7,Secretary of State,,MTN,NO CANDIDATE FILED,0
Preston,PRECINCT 8,Secretary of State,,MTN,NO CANDIDATE FILED,0
Preston,PRECINCT 9,Secretary of State,,MTN,NO CANDIDATE FILED,0
Preston,PRECINCT 10,Secretary of State,,MTN,NO CANDIDATE FILED,0
Preston,PRECINCT 11,Secretary of State,,MTN,NO CANDIDATE FILED,0
Preston,PRECINCT 12,Secretary of State,,MTN,NO CANDIDATE FILED,0
Preston,PRECINCT 13,Secretary of State,,MTN,NO CANDIDATE FILED,0
Preston,PRECINCT 14,Secretary of State,,MTN,NO CANDIDATE FILED,0
Preston,PRECINCT 15,Secretary of State,,MTN,NO CANDIDATE FILED,0
Preston,PRECINCT 16,Secretary of State,,MTN,NO CANDIDATE FILED,0
Preston,PRECINCT 17,Secretary of State,,MTN,NO CANDIDATE FILED,0
Preston,PRECINCT 18,Secretary of State,,MTN,NO CANDIDATE FILED,0
Preston,PRECINCT 19,Secretary of State,,MTN,NO CANDIDATE FILED,0
Preston,PRECINCT 20,Secretary of State,,MTN,NO CANDIDATE FILED,0
Preston,PRECINCT 21,Secretary of State,,MTN,NO CANDIDATE FILED,0
Preston,PRECINCT 22,Secretary of State,,MTN,NO CANDIDATE FILED,0
Preston,PRECINCT 23,Secretary of State,,MTN,NO CANDIDATE FILED,0
Preston,PRECINCT 24,Secretary of State,,MTN,NO CANDIDATE FILED,0
Preston,PRECINCT 25,Secretary of State,,MTN,NO CANDIDATE FILED,0
Preston,PRECINCT 26,Secretary of State,,MTN,NO CANDIDATE FILED,0
Preston,PRECINCT 27,Secretary of State,,MTN,NO CANDIDATE FILED,0
Preston,PRECINCT 28,Secretary of State,,MTN,NO CANDIDATE FILED,0
Preston,PRECINCT 1,Auditor,,REP,ERIC L. HOUSEHOLDER,51
Preston,PRECINCT 2,Auditor,,REP,ERIC L. HOUSEHOLDER,90
Preston,PRECINCT 3,Auditor,,REP,ERIC L. HOUSEHOLDER,68
Preston,PRECINCT 4,Auditor,,REP,ERIC L. HOUSEHOLDER,68
Preston,PRECINCT 5,Auditor,,REP,ERIC L. HOUSEHOLDER,104
Preston,PRECINCT 6,Auditor,,REP,ERIC L. HOUSEHOLDER,35
Preston,PRECINCT 7,Auditor,,REP,ERIC L. HOUSEHOLDER,24
Preston,PRECINCT 8,Auditor,,REP,ERIC L. HOUSEHOLDER,62
Preston,PRECINCT 9,Auditor,,REP,ERIC L. HOUSEHOLDER,22
Preston,PRECINCT 10,Auditor,,REP,ERIC L. HOUSEHOLDER,53
Preston,PRECINCT 11,Auditor,,REP,ERIC L. HOUSEHOLDER,65
Preston,PRECINCT 12,Auditor,,REP,ERIC L. HOUSEHOLDER,52
Preston,PRECINCT 13,Auditor,,REP,ERIC L. HOUSEHOLDER,113
Preston,PRECINCT 14,Auditor,,REP,ERIC L. HOUSEHOLDER,13
Preston,PRECINCT 15,Auditor,,REP,ERIC L. HOUSEHOLDER,81
Preston,PRECINCT 16,Auditor,,REP,ERIC L. HOUSEHOLDER,88
Preston,PRECINCT 17,Auditor,,REP,ERIC L. HOUSEHOLDER,33
Preston,PRECINCT 18,Auditor,,REP,ERIC L. HOUSEHOLDER,63
Preston,PRECINCT 19,Auditor,,REP,ERIC L. HOUSEHOLDER,49
Preston,PRECINCT 20,Auditor,,REP,ERIC L. HOUSEHOLDER,93
Preston,PRECINCT 21,Auditor,,REP,ERIC L. HOUSEHOLDER,58
Preston,PRECINCT 22,Auditor,,REP,ERIC L. HOUSEHOLDER,73
Preston,PRECINCT 23,Auditor,,REP,ERIC L. HOUSEHOLDER,56
Preston,PRECINCT 24,Auditor,,REP,ERIC L. HOUSEHOLDER,64
Preston,PRECINCT 25,Auditor,,REP,ERIC L. HOUSEHOLDER,32
Preston,PRECINCT 26,Auditor,,REP,ERIC L. HOUSEHOLDER,53
Preston,PRECINCT 27,Auditor,,REP,ERIC L. HOUSEHOLDER,54
Preston,PRECINCT 28,Auditor,,REP,ERIC L. HOUSEHOLDER,14
Preston,PRECINCT 1,Auditor,,REP,CALEB L.  HANNA,21
Preston,PRECINCT 2,Auditor,,REP,CALEB L.  HANNA,27
Preston,PRECINCT 3,Auditor,,REP,CALEB L.  HANNA,22
Preston,PRECINCT 4,Auditor,,REP,CALEB L.  HANNA,20
Preston,PRECINCT 5,Auditor,,REP,CALEB L.  HANNA,37
Preston,PRECINCT 6,Auditor,,REP,CALEB L.  HANNA,10
Preston,PRECINCT 7,Auditor,,REP,CALEB L.  HANNA,6
Preston,PRECINCT 8,Auditor,,REP,CALEB L.  HANNA,18
Preston,PRECINCT 9,Auditor,,REP,CALEB L.  HANNA,6
Preston,PRECINCT 10,Auditor,,REP,CALEB L.  HANNA,17
Preston,PRECINCT 11,Auditor,,REP,CALEB L.  HANNA,26
Preston,PRECINCT 12,Auditor,,REP,CALEB L.  HANNA,26
Preston,PRECINCT 13,Auditor,,REP,CALEB L.  HANNA,34
Preston,PRECINCT 14,Auditor,,REP,CALEB L.  HANNA,3
Preston,PRECINCT 15,Auditor,,REP,CALEB L.  HANNA,23
Preston,PRECINCT 16,Auditor,,REP,CALEB L.  HANNA,30
Preston,PRECINCT 17,Auditor,,REP,CALEB L.  HANNA,12
Preston,PRECINCT 18,Auditor,,REP,CALEB L.  HANNA,19
Preston,PRECINCT 19,Auditor,,REP,CALEB L.  HANNA,12
Preston,PRECINCT 20,Auditor,,REP,CALEB L.  HANNA,38
Preston,PRECINCT 21,Auditor,,REP,CALEB L.  HANNA,16
Preston,PRECINCT 22,Auditor,,REP,CALEB L.  HANNA,24
Preston,PRECINCT 23,Auditor,,REP,CALEB L.  HANNA,13
Preston,PRECINCT 24,Auditor,,REP,CALEB L.  HANNA,17
Preston,PRECINCT 25,Auditor,,REP,CALEB L.  HANNA,11
Preston,PRECINCT 26,Auditor,,REP,CALEB L.  HANNA,10
Preston,PRECINCT 27,Auditor,,REP,CALEB L.  HANNA,26
Preston,PRECINCT 28,Auditor,,REP,CALEB L.  HANNA,6
Preston,PRECINCT 1,Auditor,,REP,TRICIA  JACKSON,50
Preston,PRECINCT 2,Auditor,,REP,TRICIA  JACKSON,67
Preston,PRECINCT 3,Auditor,,REP,TRICIA  JACKSON,68
Preston,PRECINCT 4,Auditor,,REP,TRICIA  JACKSON,66
Preston,PRECINCT 5,Auditor,,REP,TRICIA  JACKSON,86
Preston,PRECINCT 6,Auditor,,REP,TRICIA  JACKSON,41
Preston,PRECINCT 7,Auditor,,REP,TRICIA  JACKSON,20
Preston,PRECINCT 8,Auditor,,REP,TRICIA  JACKSON,54
Preston,PRECINCT 9,Auditor,,REP,TRICIA  JACKSON,11
Preston,PRECINCT 10,Auditor,,REP,TRICIA  JACKSON,57
Preston,PRECINCT 11,Auditor,,REP,TRICIA  JACKSON,54
Preston,PRECINCT 12,Auditor,,REP,TRICIA  JACKSON,70
Preston,PRECINCT 13,Auditor,,REP,TRICIA  JACKSON,81
Preston,PRECINCT 14,Auditor,,REP,TRICIA  JACKSON,11
Preston,PRECINCT 15,Auditor,,REP,TRICIA  JACKSON,63
Preston,PRECINCT 16,Auditor,,REP,TRICIA  JACKSON,72
Preston,PRECINCT 17,Auditor,,REP,TRICIA  JACKSON,26
Preston,PRECINCT 18,Auditor,,REP,TRICIA  JACKSON,62
Preston,PRECINCT 19,Auditor,,REP,TRICIA  JACKSON,42
Preston,PRECINCT 20,Auditor,,REP,TRICIA  JACKSON,91
Preston,PRECINCT 21,Auditor,,REP,TRICIA  JACKSON,42
Preston,PRECINCT 22,Auditor,,REP,TRICIA  JACKSON,55
Preston,PRECINCT 23,Auditor,,REP,TRICIA  JACKSON,45
Preston,PRECINCT 24,Auditor,,REP,TRICIA  JACKSON,46
Preston,PRECINCT 25,Auditor,,REP,TRICIA  JACKSON,43
Preston,PRECINCT 26,Auditor,,REP,TRICIA  JACKSON,48
Preston,PRECINCT 27,Auditor,,REP,TRICIA  JACKSON,54
Preston,PRECINCT 28,Auditor,,REP,TRICIA  JACKSON,12
Preston,PRECINCT 1,Auditor,,REP,MARK HUNT,41
Preston,PRECINCT 2,Auditor,,REP,MARK HUNT,64
Preston,PRECINCT 3,Auditor,,REP,MARK HUNT,40
Preston,PRECINCT 4,Auditor,,REP,MARK HUNT,53
Preston,PRECINCT 5,Auditor,,REP,MARK HUNT,67
Preston,PRECINCT 6,Auditor,,REP,MARK HUNT,24
Preston,PRECINCT 7,Auditor,,REP,MARK HUNT,13
Preston,PRECINCT 8,Auditor,,REP,MARK HUNT,47
Preston,PRECINCT 9,Auditor,,REP,MARK HUNT,14
Preston,PRECINCT 10,Auditor,,REP,MARK HUNT,42
Preston,PRECINCT 11,Auditor,,REP,MARK HUNT,50
Preston,PRECINCT 12,Auditor,,REP,MARK HUNT,37
Preston,PRECINCT 13,Auditor,,REP,MARK HUNT,71
Preston,PRECINCT 14,Auditor,,REP,MARK HUNT,12
Preston,PRECINCT 15,Auditor,,REP,MARK HUNT,55
Preston,PRECINCT 16,Auditor,,REP,MARK HUNT,83
Preston,PRECINCT 17,Auditor,,REP,MARK HUNT,26
Preston,PRECINCT 18,Auditor,,REP,MARK HUNT,38
Preston,PRECINCT 19,Auditor,,REP,MARK HUNT,20
Preston,PRECINCT 20,Auditor,,REP,MARK HUNT,76
Preston,PRECINCT 21,Auditor,,REP,MARK HUNT,33
Preston,PRECINCT 22,Auditor,,REP,MARK HUNT,47
Preston,PRECINCT 23,Auditor,,REP,MARK HUNT,35
Preston,PRECINCT 24,Auditor,,REP,MARK HUNT,37
Preston,PRECINCT 25,Auditor,,REP,MARK HUNT,28
Preston,PRECINCT 26,Auditor,,REP,MARK HUNT,42
Preston,PRECINCT 27,Auditor,,REP,MARK HUNT,38
Preston,PRECINCT 28,Auditor,,REP,MARK HUNT,10
Preston,PRECINCT 1,Auditor,,DEM,MARY ANN ROEBUCK CLAYTOR,50
Preston,PRECINCT 2,Auditor,,DEM,MARY ANN ROEBUCK CLAYTOR,53
Preston,PRECINCT 3,Auditor,,DEM,MARY ANN ROEBUCK CLAYTOR,52
Preston,PRECINCT 4,Auditor,,DEM,MARY ANN ROEBUCK CLAYTOR,39
Preston,PRECINCT 5,Auditor,,DEM,MARY ANN ROEBUCK CLAYTOR,59
Preston,PRECINCT 6,Auditor,,DEM,MARY ANN ROEBUCK CLAYTOR,21
Preston,PRECINCT 7,Auditor,,DEM,MARY ANN ROEBUCK CLAYTOR,10
Preston,PRECINCT 8,Auditor,,DEM,MARY ANN ROEBUCK CLAYTOR,52
Preston,PRECINCT 9,Auditor,,DEM,MARY ANN ROEBUCK CLAYTOR,28
Preston,PRECINCT 10,Auditor,,DEM,MARY ANN ROEBUCK CLAYTOR,48
Preston,PRECINCT 11,Auditor,,DEM,MARY ANN ROEBUCK CLAYTOR,60
Preston,PRECINCT 12,Auditor,,DEM,MARY ANN ROEBUCK CLAYTOR,73
Preston,PRECINCT 13,Auditor,,DEM,MARY ANN ROEBUCK CLAYTOR,95
Preston,PRECINCT 14,Auditor,,DEM,MARY ANN ROEBUCK CLAYTOR,9
Preston,PRECINCT 15,Auditor,,DEM,MARY ANN ROEBUCK CLAYTOR,70
Preston,PRECINCT 16,Auditor,,DEM,MARY ANN ROEBUCK CLAYTOR,75
Preston,PRECINCT 17,Auditor,,DEM,MARY ANN ROEBUCK CLAYTOR,24
Preston,PRECINCT 18,Auditor,,DEM,MARY ANN ROEBUCK CLAYTOR,32
Preston,PRECINCT 19,Auditor,,DEM,MARY ANN ROEBUCK CLAYTOR,41
Preston,PRECINCT 20,Auditor,,DEM,MARY ANN ROEBUCK CLAYTOR,56
Preston,PRECINCT 21,Auditor,,DEM,MARY ANN ROEBUCK CLAYTOR,34
Preston,PRECINCT 22,Auditor,,DEM,MARY ANN ROEBUCK CLAYTOR,43
Preston,PRECINCT 23,Auditor,,DEM,MARY ANN ROEBUCK CLAYTOR,27
Preston,PRECINCT 24,Auditor,,DEM,MARY ANN ROEBUCK CLAYTOR,58
Preston,PRECINCT 25,Auditor,,DEM,MARY ANN ROEBUCK CLAYTOR,28
Preston,PRECINCT 26,Auditor,,DEM,MARY ANN ROEBUCK CLAYTOR,18
Preston,PRECINCT 27,Auditor,,DEM,MARY ANN ROEBUCK CLAYTOR,50
Preston,PRECINCT 28,Auditor,,DEM,MARY ANN ROEBUCK CLAYTOR,10
Preston,PRECINCT 1,Auditor,,MTN,NO CANDIDATE FILED,0
Preston,PRECINCT 2,Auditor,,MTN,NO CANDIDATE FILED,0
Preston,PRECINCT 3,Auditor,,MTN,NO CANDIDATE FILED,0
Preston,PRECINCT 4,Auditor,,MTN,NO CANDIDATE FILED,0
Preston,PRECINCT 5,Auditor,,MTN,NO CANDIDATE FILED,0
Preston,PRECINCT 6,Auditor,,MTN,NO CANDIDATE FILED,0
Preston,PRECINCT 7,Auditor,,MTN,NO CANDIDATE FILED,0
Preston,PRECINCT 8,Auditor,,MTN,NO CANDIDATE FILED,0
Preston,PRECINCT 9,Auditor,,MTN,NO CANDIDATE FILED,0
Preston,PRECINCT 10,Auditor,,MTN,NO CANDIDATE FILED,0
Preston,PRECINCT 11,Auditor,,MTN,NO CANDIDATE FILED,0
Preston,PRECINCT 12,Auditor,,MTN,NO CANDIDATE FILED,0
Preston,PRECINCT 13,Auditor,,MTN,NO CANDIDATE FILED,0
Preston,PRECINCT 14,Auditor,,MTN,NO CANDIDATE FILED,0
Preston,PRECINCT 15,Auditor,,MTN,NO CANDIDATE FILED,0
Preston,PRECINCT 16,Auditor,,MTN,NO CANDIDATE FILED,0
Preston,PRECINCT 17,Auditor,,MTN,NO CANDIDATE FILED,0
Preston,PRECINCT 18,Auditor,,MTN,NO CANDIDATE FILED,0
Preston,PRECINCT 19,Auditor,,MTN,NO CANDIDATE FILED,0
Preston,PRECINCT 20,Auditor,,MTN,NO CANDIDATE FILED,0
Preston,PRECINCT 21,Auditor,,MTN,NO CANDIDATE FILED,0
Preston,PRECINCT 22,Auditor,,MTN,NO CANDIDATE FILED,0
Preston,PRECINCT 23,Auditor,,MTN,NO CANDIDATE FILED,0
Preston,PRECINCT 24,Auditor,,MTN,NO CANDIDATE FILED,0
Preston,PRECINCT 25,Auditor,,MTN,NO CANDIDATE FILED,0
Preston,PRECINCT 26,Auditor,,MTN,NO CANDIDATE FILED,0
Preston,PRECINCT 27,Auditor,,MTN,NO CANDIDATE FILED,0
Preston,PRECINCT 28,Auditor,,MTN,NO CANDIDATE FILED,0
Preston,PRECINCT 1,State Treasurer,,REP,LARRY PACK,152
Preston,PRECINCT 2,State Treasurer,,REP,LARRY PACK,235
Preston,PRECINCT 3,State Treasurer,,REP,LARRY PACK,191
Preston,PRECINCT 4,State Treasurer,,REP,LARRY PACK,190
Preston,PRECINCT 5,State Treasurer,,REP,LARRY PACK,261
Preston,PRECINCT 6,State Treasurer,,REP,LARRY PACK,103
Preston,PRECINCT 7,State Treasurer,,REP,LARRY PACK,55
Preston,PRECINCT 8,State Treasurer,,REP,LARRY PACK,155
Preston,PRECINCT 9,State Treasurer,,REP,LARRY PACK,39
Preston,PRECINCT 10,State Treasurer,,REP,LARRY PACK,146
Preston,PRECINCT 11,State Treasurer,,REP,LARRY PACK,180
Preston,PRECINCT 12,State Treasurer,,REP,LARRY PACK,178
Preston,PRECINCT 13,State Treasurer,,REP,LARRY PACK,257
Preston,PRECINCT 14,State Treasurer,,REP,LARRY PACK,30
Preston,PRECINCT 15,State Treasurer,,REP,LARRY PACK,187
Preston,PRECINCT 16,State Treasurer,,REP,LARRY PACK,245
Preston,PRECINCT 17,State Treasurer,,REP,LARRY PACK,74
Preston,PRECINCT 18,State Treasurer,,REP,LARRY PACK,149
Preston,PRECINCT 19,State Treasurer,,REP,LARRY PACK,111
Preston,PRECINCT 20,State Treasurer,,REP,LARRY PACK,259
Preston,PRECINCT 21,State Treasurer,,REP,LARRY PACK,146
Preston,PRECINCT 22,State Treasurer,,REP,LARRY PACK,174
Preston,PRECINCT 23,State Treasurer,,REP,LARRY PACK,133
Preston,PRECINCT 24,State Treasurer,,REP,LARRY PACK,133
Preston,PRECINCT 25,State Treasurer,,REP,LARRY PACK,92
Preston,PRECINCT 26,State Treasurer,,REP,LARRY PACK,137
Preston,PRECINCT 27,State Treasurer,,REP,LARRY PACK,144
Preston,PRECINCT 28,State Treasurer,,REP,LARRY PACK,36
Preston,PRECINCT 1,State Treasurer,,DEM,NO CANDIDATE FILED,0
Preston,PRECINCT 2,State Treasurer,,DEM,NO CANDIDATE FILED,0
Preston,PRECINCT 3,State Treasurer,,DEM,NO CANDIDATE FILED,0
Preston,PRECINCT 4,State Treasurer,,DEM,NO CANDIDATE FILED,0
Preston,PRECINCT 5,State Treasurer,,DEM,NO CANDIDATE FILED,0
Preston,PRECINCT 6,State Treasurer,,DEM,NO CANDIDATE FILED,0
Preston,PRECINCT 7,State Treasurer,,DEM,NO CANDIDATE FILED,0
Preston,PRECINCT 8,State Treasurer,,DEM,NO CANDIDATE FILED,0
Preston,PRECINCT 9,State Treasurer,,DEM,NO CANDIDATE FILED,0
Preston,PRECINCT 10,State Treasurer,,DEM,NO CANDIDATE FILED,0
Preston,PRECINCT 11,State Treasurer,,DEM,NO CANDIDATE FILED,0
Preston,PRECINCT 12,State Treasurer,,DEM,NO CANDIDATE FILED,0
Preston,PRECINCT 13,State Treasurer,,DEM,NO CANDIDATE FILED,0
Preston,PRECINCT 14,State Treasurer,,DEM,NO CANDIDATE FILED,0
Preston,PRECINCT 15,State Treasurer,,DEM,NO CANDIDATE FILED,0
Preston,PRECINCT 16,State Treasurer,,DEM,NO CANDIDATE FILED,0
Preston,PRECINCT 17,State Treasurer,,DEM,NO CANDIDATE FILED,0
Preston,PRECINCT 18,State Treasurer,,DEM,NO CANDIDATE FILED,0
Preston,PRECINCT 19,State Treasurer,,DEM,NO CANDIDATE FILED,0
Preston,PRECINCT 20,State Treasurer,,DEM,NO CANDIDATE FILED,0
Preston,PRECINCT 21,State Treasurer,,DEM,NO CANDIDATE FILED,0
Preston,PRECINCT 22,State Treasurer,,DEM,NO CANDIDATE FILED,0
Preston,PRECINCT 23,State Treasurer,,DEM,NO CANDIDATE FILED,0
Preston,PRECINCT 24,State Treasurer,,DEM,NO CANDIDATE FILED,0
Preston,PRECINCT 25,State Treasurer,,DEM,NO CANDIDATE FILED,0
Preston,PRECINCT 26,State Treasurer,,DEM,NO CANDIDATE FILED,0
Preston,PRECINCT 27,State Treasurer,,DEM,NO CANDIDATE FILED,0
Preston,PRECINCT 28,State Treasurer,,DEM,NO CANDIDATE FILED,0
Preston,PRECINCT 1,State Treasurer,,MTN,NO CANDIDATE FILED,0
Preston,PRECINCT 2,State Treasurer,,MTN,NO CANDIDATE FILED,0
Preston,PRECINCT 3,State Treasurer,,MTN,NO CANDIDATE FILED,0
Preston,PRECINCT 4,State Treasurer,,MTN,NO CANDIDATE FILED,0
Preston,PRECINCT 5,State Treasurer,,MTN,NO CANDIDATE FILED,0
Preston,PRECINCT 6,State Treasurer,,MTN,NO CANDIDATE FILED,0
Preston,PRECINCT 7,State Treasurer,,MTN,NO CANDIDATE FILED,0
Preston,PRECINCT 8,State Treasurer,,MTN,NO CANDIDATE FILED,0
Preston,PRECINCT 9,State Treasurer,,MTN,NO CANDIDATE FILED,0
Preston,PRECINCT 10,State Treasurer,,MTN,NO CANDIDATE FILED,0
Preston,PRECINCT 11,State Treasurer,,MTN,NO CANDIDATE FILED,0
Preston,PRECINCT 12,State Treasurer,,MTN,NO CANDIDATE FILED,0
Preston,PRECINCT 13,State Treasurer,,MTN,NO CANDIDATE FILED,0
Preston,PRECINCT 14,State Treasurer,,MTN,NO CANDIDATE FILED,0
Preston,PRECINCT 15,State Treasurer,,MTN,NO CANDIDATE FILED,0
Preston,PRECINCT 16,State Treasurer,,MTN,NO CANDIDATE FILED,0
Preston,PRECINCT 17,State Treasurer,,MTN,NO CANDIDATE FILED,0
Preston,PRECINCT 18,State Treasurer,,MTN,NO CANDIDATE FILED,0
Preston,PRECINCT 19,State Treasurer,,MTN,NO CANDIDATE FILED,0
Preston,PRECINCT 20,State Treasurer,,MTN,NO CANDIDATE FILED,0
Preston,PRECINCT 21,State Treasurer,,MTN,NO CANDIDATE FILED,0
Preston,PRECINCT 22,State Treasurer,,MTN,NO CANDIDATE FILED,0
Preston,PRECINCT 23,State Treasurer,,MTN,NO CANDIDATE FILED,0
Preston,PRECINCT 24,State Treasurer,,MTN,NO CANDIDATE FILED,0
Preston,PRECINCT 25,State Treasurer,,MTN,NO CANDIDATE FILED,0
Preston,PRECINCT 26,State Treasurer,,MTN,NO CANDIDATE FILED,0
Preston,PRECINCT 27,State Treasurer,,MTN,NO CANDIDATE FILED,0
Preston,PRECINCT 28,State Treasurer,,MTN,NO CANDIDATE FILED,0
Preston,PRECINCT 1,Commissioner of Agriculture,,REP,KENT LEONHARDT,137
Preston,PRECINCT 2,Commissioner of Agriculture,,REP,KENT LEONHARDT,221
Preston,PRECINCT 3,Commissioner of Agriculture,,REP,KENT LEONHARDT,158
Preston,PRECINCT 4,Commissioner of Agriculture,,REP,KENT LEONHARDT,172
Preston,PRECINCT 5,Commissioner of Agriculture,,REP,KENT LEONHARDT,249
Preston,PRECINCT 6,Commissioner of Agriculture,,REP,KENT LEONHARDT,95
Preston,PRECINCT 7,Commissioner of Agriculture,,REP,KENT LEONHARDT,49
Preston,PRECINCT 8,Commissioner of Agriculture,,REP,KENT LEONHARDT,134
Preston,PRECINCT 9,Commissioner of Agriculture,,REP,KENT LEONHARDT,44
Preston,PRECINCT 10,Commissioner of Agriculture,,REP,KENT LEONHARDT,140
Preston,PRECINCT 11,Commissioner of Agriculture,,REP,KENT LEONHARDT,170
Preston,PRECINCT 12,Commissioner of Agriculture,,REP,KENT LEONHARDT,149
Preston,PRECINCT 13,Commissioner of Agriculture,,REP,KENT LEONHARDT,227
Preston,PRECINCT 14,Commissioner of Agriculture,,REP,KENT LEONHARDT,34
Preston,PRECINCT 15,Commissioner of Agriculture,,REP,KENT LEONHARDT,172
Preston,PRECINCT 16,Commissioner of Agriculture,,REP,KENT LEONHARDT,216
Preston,PRECINCT 17,Commissioner of Agriculture,,REP,KENT LEONHARDT,75
Preston,PRECINCT 18,Commissioner of Agriculture,,REP,KENT LEONHARDT,126
Preston,PRECINCT 19,Commissioner of Agriculture,,REP,KENT LEONHARDT,102
Preston,PRECINCT 20,Commissioner of Agriculture,,REP,KENT LEONHARDT,214
Preston,PRECINCT 21,Commissioner of Agriculture,,REP,KENT LEONHARDT,128
Preston,PRECINCT 22,Commissioner of Agriculture,,REP,KENT LEONHARDT,165
Preston,PRECINCT 23,Commissioner of Agriculture,,REP,KENT LEONHARDT,121
Preston,PRECINCT 24,Commissioner of Agriculture,,REP,KENT LEONHARDT,145
Preston,PRECINCT 25,Commissioner of Agriculture,,REP,KENT LEONHARDT,76
Preston,PRECINCT 26,Commissioner of Agriculture,,REP,KENT LEONHARDT,111
Preston,PRECINCT 27,Commissioner of Agriculture,,REP,KENT LEONHARDT,124
Preston,PRECINCT 28,Commissioner of Agriculture,,REP,KENT LEONHARDT,34
Preston,PRECINCT 1,Commissioner of Agriculture,,REP,ROY RAMEY,14
Preston,PRECINCT 2,Commissioner of Agriculture,,REP,ROY RAMEY,25
Preston,PRECINCT 3,Commissioner of Agriculture,,REP,ROY RAMEY,22
Preston,PRECINCT 4,Commissioner of Agriculture,,REP,ROY RAMEY,27
Preston,PRECINCT 5,Commissioner of Agriculture,,REP,ROY RAMEY,33
Preston,PRECINCT 6,Commissioner of Agriculture,,REP,ROY RAMEY,7
Preston,PRECINCT 7,Commissioner of Agriculture,,REP,ROY RAMEY,5
Preston,PRECINCT 8,Commissioner of Agriculture,,REP,ROY RAMEY,25
Preston,PRECINCT 9,Commissioner of Agriculture,,REP,ROY RAMEY,4
Preston,PRECINCT 10,Commissioner of Agriculture,,REP,ROY RAMEY,18
Preston,PRECINCT 11,Commissioner of Agriculture,,REP,ROY RAMEY,21
Preston,PRECINCT 12,Commissioner of Agriculture,,REP,ROY RAMEY,22
Preston,PRECINCT 13,Commissioner of Agriculture,,REP,ROY RAMEY,42
Preston,PRECINCT 14,Commissioner of Agriculture,,REP,ROY RAMEY,7
Preston,PRECINCT 15,Commissioner of Agriculture,,REP,ROY RAMEY,21
Preston,PRECINCT 16,Commissioner of Agriculture,,REP,ROY RAMEY,34
Preston,PRECINCT 17,Commissioner of Agriculture,,REP,ROY RAMEY,10
Preston,PRECINCT 18,Commissioner of Agriculture,,REP,ROY RAMEY,31
Preston,PRECINCT 19,Commissioner of Agriculture,,REP,ROY RAMEY,12
Preston,PRECINCT 20,Commissioner of Agriculture,,REP,ROY RAMEY,53
Preston,PRECINCT 21,Commissioner of Agriculture,,REP,ROY RAMEY,18
Preston,PRECINCT 22,Commissioner of Agriculture,,REP,ROY RAMEY,19
Preston,PRECINCT 23,Commissioner of Agriculture,,REP,ROY RAMEY,17
Preston,PRECINCT 24,Commissioner of Agriculture,,REP,ROY RAMEY,20
Preston,PRECINCT 25,Commissioner of Agriculture,,REP,ROY RAMEY,22
Preston,PRECINCT 26,Commissioner of Agriculture,,REP,ROY RAMEY,22
Preston,PRECINCT 27,Commissioner of Agriculture,,REP,ROY RAMEY,32
Preston,PRECINCT 28,Commissioner of Agriculture,,REP,ROY RAMEY,8
Preston,PRECINCT 1,Commissioner of Agriculture,,REP,JOSHUA KURT HIGGINBOTHAM,23
Preston,PRECINCT 2,Commissioner of Agriculture,,REP,JOSHUA KURT HIGGINBOTHAM,27
Preston,PRECINCT 3,Commissioner of Agriculture,,REP,JOSHUA KURT HIGGINBOTHAM,34
Preston,PRECINCT 4,Commissioner of Agriculture,,REP,JOSHUA KURT HIGGINBOTHAM,28
Preston,PRECINCT 5,Commissioner of Agriculture,,REP,JOSHUA KURT HIGGINBOTHAM,42
Preston,PRECINCT 6,Commissioner of Agriculture,,REP,JOSHUA KURT HIGGINBOTHAM,19
Preston,PRECINCT 7,Commissioner of Agriculture,,REP,JOSHUA KURT HIGGINBOTHAM,16
Preston,PRECINCT 8,Commissioner of Agriculture,,REP,JOSHUA KURT HIGGINBOTHAM,36
Preston,PRECINCT 9,Commissioner of Agriculture,,REP,JOSHUA KURT HIGGINBOTHAM,8
Preston,PRECINCT 10,Commissioner of Agriculture,,REP,JOSHUA KURT HIGGINBOTHAM,18
Preston,PRECINCT 11,Commissioner of Agriculture,,REP,JOSHUA KURT HIGGINBOTHAM,18
Preston,PRECINCT 12,Commissioner of Agriculture,,REP,JOSHUA KURT HIGGINBOTHAM,25
Preston,PRECINCT 13,Commissioner of Agriculture,,REP,JOSHUA KURT HIGGINBOTHAM,55
Preston,PRECINCT 14,Commissioner of Agriculture,,REP,JOSHUA KURT HIGGINBOTHAM,2
Preston,PRECINCT 15,Commissioner of Agriculture,,REP,JOSHUA KURT HIGGINBOTHAM,38
Preston,PRECINCT 16,Commissioner of Agriculture,,REP,JOSHUA KURT HIGGINBOTHAM,49
Preston,PRECINCT 17,Commissioner of Agriculture,,REP,JOSHUA KURT HIGGINBOTHAM,15
Preston,PRECINCT 18,Commissioner of Agriculture,,REP,JOSHUA KURT HIGGINBOTHAM,37
Preston,PRECINCT 19,Commissioner of Agriculture,,REP,JOSHUA KURT HIGGINBOTHAM,23
Preston,PRECINCT 20,Commissioner of Agriculture,,REP,JOSHUA KURT HIGGINBOTHAM,46
Preston,PRECINCT 21,Commissioner of Agriculture,,REP,JOSHUA KURT HIGGINBOTHAM,14
Preston,PRECINCT 22,Commissioner of Agriculture,,REP,JOSHUA KURT HIGGINBOTHAM,25
Preston,PRECINCT 23,Commissioner of Agriculture,,REP,JOSHUA KURT HIGGINBOTHAM,28
Preston,PRECINCT 24,Commissioner of Agriculture,,REP,JOSHUA KURT HIGGINBOTHAM,26
Preston,PRECINCT 25,Commissioner of Agriculture,,REP,JOSHUA KURT HIGGINBOTHAM,19
Preston,PRECINCT 26,Commissioner of Agriculture,,REP,JOSHUA KURT HIGGINBOTHAM,23
Preston,PRECINCT 27,Commissioner of Agriculture,,REP,JOSHUA KURT HIGGINBOTHAM,24
Preston,PRECINCT 28,Commissioner of Agriculture,,REP,JOSHUA KURT HIGGINBOTHAM,4
Preston,PRECINCT 1,Commissioner of Agriculture,,DEM,DEBORAH STILES,51
Preston,PRECINCT 2,Commissioner of Agriculture,,DEM,DEBORAH STILES,54
Preston,PRECINCT 3,Commissioner of Agriculture,,DEM,DEBORAH STILES,47
Preston,PRECINCT 4,Commissioner of Agriculture,,DEM,DEBORAH STILES,42
Preston,PRECINCT 5,Commissioner of Agriculture,,DEM,DEBORAH STILES,62
Preston,PRECINCT 6,Commissioner of Agriculture,,DEM,DEBORAH STILES,19
Preston,PRECINCT 7,Commissioner of Agriculture,,DEM,DEBORAH STILES,10
Preston,PRECINCT 8,Commissioner of Agriculture,,DEM,DEBORAH STILES,53
Preston,PRECINCT 9,Commissioner of Agriculture,,DEM,DEBORAH STILES,28
Preston,PRECINCT 10,Commissioner of Agriculture,,DEM,DEBORAH STILES,49
Preston,PRECINCT 11,Commissioner of Agriculture,,DEM,DEBORAH STILES,64
Preston,PRECINCT 12,Commissioner of Agriculture,,DEM,DEBORAH STILES,76
Preston,PRECINCT 13,Commissioner of Agriculture,,DEM,DEBORAH STILES,99
Preston,PRECINCT 14,Commissioner of Agriculture,,DEM,DEBORAH STILES,9
Preston,PRECINCT 15,Commissioner of Agriculture,,DEM,DEBORAH STILES,72
Preston,PRECINCT 16,Commissioner of Agriculture,,DEM,DEBORAH STILES,82
Preston,PRECINCT 17,Commissioner of Agriculture,,DEM,DEBORAH STILES,26
Preston,PRECINCT 18,Commissioner of Agriculture,,DEM,DEBORAH STILES,35
Preston,PRECINCT 19,Commissioner of Agriculture,,DEM,DEBORAH STILES,52
Preston,PRECINCT 20,Commissioner of Agriculture,,DEM,DEBORAH STILES,57
Preston,PRECINCT 21,Commissioner of Agriculture,,DEM,DEBORAH STILES,36
Preston,PRECINCT 22,Commissioner of Agriculture,,DEM,DEBORAH STILES,47
Preston,PRECINCT 23,Commissioner of Agriculture,,DEM,DEBORAH STILES,34
Preston,PRECINCT 24,Commissioner of Agriculture,,DEM,DEBORAH STILES,71
Preston,PRECINCT 25,Commissioner of Agriculture,,DEM,DEBORAH STILES,32
Preston,PRECINCT 26,Commissioner of Agriculture,,DEM,DEBORAH STILES,23
Preston,PRECINCT 27,Commissioner of Agriculture,,DEM,DEBORAH STILES,61
Preston,PRECINCT 28,Commissioner of Agriculture,,DEM,DEBORAH STILES,12
Preston,PRECINCT 1,Commissioner of Agriculture,,MTN,NO CANDIDATE FILED,0
Preston,PRECINCT 2,Commissioner of Agriculture,,MTN,NO CANDIDATE FILED,0
Preston,PRECINCT 3,Commissioner of Agriculture,,MTN,NO CANDIDATE FILED,0
Preston,PRECINCT 4,Commissioner of Agriculture,,MTN,NO CANDIDATE FILED,0
Preston,PRECINCT 5,Commissioner of Agriculture,,MTN,NO CANDIDATE FILED,0
Preston,PRECINCT 6,Commissioner of Agriculture,,MTN,NO CANDIDATE FILED,0
Preston,PRECINCT 7,Commissioner of Agriculture,,MTN,NO CANDIDATE FILED,0
Preston,PRECINCT 8,Commissioner of Agriculture,,MTN,NO CANDIDATE FILED,0
Preston,PRECINCT 9,Commissioner of Agriculture,,MTN,NO CANDIDATE FILED,0
Preston,PRECINCT 10,Commissioner of Agriculture,,MTN,NO CANDIDATE FILED,0
Preston,PRECINCT 11,Commissioner of Agriculture,,MTN,NO CANDIDATE FILED,0
Preston,PRECINCT 12,Commissioner of Agriculture,,MTN,NO CANDIDATE FILED,0
Preston,PRECINCT 13,Commissioner of Agriculture,,MTN,NO CANDIDATE FILED,0
Preston,PRECINCT 14,Commissioner of Agriculture,,MTN,NO CANDIDATE FILED,0
Preston,PRECINCT 15,Commissioner of Agriculture,,MTN,NO CANDIDATE FILED,0
Preston,PRECINCT 16,Commissioner of Agriculture,,MTN,NO CANDIDATE FILED,0
Preston,PRECINCT 17,Commissioner of Agriculture,,MTN,NO CANDIDATE FILED,0
Preston,PRECINCT 18,Commissioner of Agriculture,,MTN,NO CANDIDATE FILED,0
Preston,PRECINCT 19,Commissioner of Agriculture,,MTN,NO CANDIDATE FILED,0
Preston,PRECINCT 20,Commissioner of Agriculture,,MTN,NO CANDIDATE FILED,0
Preston,PRECINCT 21,Commissioner of Agriculture,,MTN,NO CANDIDATE FILED,0
Preston,PRECINCT 22,Commissioner of Agriculture,,MTN,NO CANDIDATE FILED,0
Preston,PRECINCT 23,Commissioner of Agriculture,,MTN,NO CANDIDATE FILED,0
Preston,PRECINCT 24,Commissioner of Agriculture,,MTN,NO CANDIDATE FILED,0
Preston,PRECINCT 25,Commissioner of Agriculture,,MTN,NO CANDIDATE FILED,0
Preston,PRECINCT 26,Commissioner of Agriculture,,MTN,NO CANDIDATE FILED,0
Preston,PRECINCT 27,Commissioner of Agriculture,,MTN,NO CANDIDATE FILED,0
Preston,PRECINCT 28,Commissioner of Agriculture,,MTN,NO CANDIDATE FILED,0
Preston,PRECINCT 1,Attorney General,,REP,MIKE STUART,81
Preston,PRECINCT 2,Attorney General,,REP,MIKE STUART,128
Preston,PRECINCT 3,Attorney General,,REP,MIKE STUART,94
Preston,PRECINCT 4,Attorney General,,REP,MIKE STUART,99
Preston,PRECINCT 5,Attorney General,,REP,MIKE STUART,119
Preston,PRECINCT 6,Attorney General,,REP,MIKE STUART,43
Preston,PRECINCT 7,Attorney General,,REP,MIKE STUART,30
Preston,PRECINCT 8,Attorney General,,REP,MIKE STUART,82
Preston,PRECINCT 9,Attorney General,,REP,MIKE STUART,23
Preston,PRECINCT 10,Attorney General,,REP,MIKE STUART,70
Preston,PRECINCT 11,Attorney General,,REP,MIKE STUART,90
Preston,PRECINCT 12,Attorney General,,REP,MIKE STUART,91
Preston,PRECINCT 13,Attorney General,,REP,MIKE STUART,129
Preston,PRECINCT 14,Attorney General,,REP,MIKE STUART,13
Preston,PRECINCT 15,Attorney General,,REP,MIKE STUART,97
Preston,PRECINCT 16,Attorney General,,REP,MIKE STUART,133
Preston,PRECINCT 17,Attorney General,,REP,MIKE STUART,36
Preston,PRECINCT 18,Attorney General,,REP,MIKE STUART,86
Preston,PRECINCT 19,Attorney General,,REP,MIKE STUART,55
Preston,PRECINCT 20,Attorney General,,REP,MIKE STUART,124
Preston,PRECINCT 21,Attorney General,,REP,MIKE STUART,64
Preston,PRECINCT 22,Attorney General,,REP,MIKE STUART,93
Preston,PRECINCT 23,Attorney General,,REP,MIKE STUART,64
Preston,PRECINCT 24,Attorney General,,REP,MIKE STUART,66
Preston,PRECINCT 25,Attorney General,,REP,MIKE STUART,45
Preston,PRECINCT 26,Attorney General,,REP,MIKE STUART,64
Preston,PRECINCT 27,Attorney General,,REP,MIKE STUART,71
Preston,PRECINCT 28,Attorney General,,REP,MIKE STUART,21
Preston,PRECINCT 1,Attorney General,,REP,JOHN 'JB' McCUSKEY,97
Preston,PRECINCT 2,Attorney General,,REP,JOHN 'JB' McCUSKEY,128
Preston,PRECINCT 3,Attorney General,,REP,JOHN 'JB' McCUSKEY,108
Preston,PRECINCT 4,Attorney General,,REP,JOHN 'JB' McCUSKEY,119
Preston,PRECINCT 5,Attorney General,,REP,JOHN 'JB' McCUSKEY,180
Preston,PRECINCT 6,Attorney General,,REP,JOHN 'JB' McCUSKEY,66
Preston,PRECINCT 7,Attorney General,,REP,JOHN 'JB' McCUSKEY,36
Preston,PRECINCT 8,Attorney General,,REP,JOHN 'JB' McCUSKEY,106
Preston,PRECINCT 9,Attorney General,,REP,JOHN 'JB' McCUSKEY,29
Preston,PRECINCT 10,Attorney General,,REP,JOHN 'JB' McCUSKEY,98
Preston,PRECINCT 11,Attorney General,,REP,JOHN 'JB' McCUSKEY,110
Preston,PRECINCT 12,Attorney General,,REP,JOHN 'JB' McCUSKEY,100
Preston,PRECINCT 13,Attorney General,,REP,JOHN 'JB' McCUSKEY,187
Preston,PRECINCT 14,Attorney General,,REP,JOHN 'JB' McCUSKEY,28
Preston,PRECINCT 15,Attorney General,,REP,JOHN 'JB' McCUSKEY,125
Preston,PRECINCT 16,Attorney General,,REP,JOHN 'JB' McCUSKEY,150
Preston,PRECINCT 17,Attorney General,,REP,JOHN 'JB' McCUSKEY,65
Preston,PRECINCT 18,Attorney General,,REP,JOHN 'JB' McCUSKEY,105
Preston,PRECINCT 19,Attorney General,,REP,JOHN 'JB' McCUSKEY,73
Preston,PRECINCT 20,Attorney General,,REP,JOHN 'JB' McCUSKEY,177
Preston,PRECINCT 21,Attorney General,,REP,JOHN 'JB' McCUSKEY,92
Preston,PRECINCT 22,Attorney General,,REP,JOHN 'JB' McCUSKEY,106
Preston,PRECINCT 23,Attorney General,,REP,JOHN 'JB' McCUSKEY,89
Preston,PRECINCT 24,Attorney General,,REP,JOHN 'JB' McCUSKEY,101
Preston,PRECINCT 25,Attorney General,,REP,JOHN 'JB' McCUSKEY,70
Preston,PRECINCT 26,Attorney General,,REP,JOHN 'JB' McCUSKEY,88
Preston,PRECINCT 27,Attorney General,,REP,JOHN 'JB' McCUSKEY,106
Preston,PRECINCT 28,Attorney General,,REP,JOHN 'JB' McCUSKEY,20
Preston,PRECINCT 1,Attorney General,,DEM,RICHIE ROBB,13
Preston,PRECINCT 2,Attorney General,,DEM,RICHIE ROBB,19
Preston,PRECINCT 3,Attorney General,,DEM,RICHIE ROBB,16
Preston,PRECINCT 4,Attorney General,,DEM,RICHIE ROBB,14
Preston,PRECINCT 5,Attorney General,,DEM,RICHIE ROBB,27
Preston,PRECINCT 6,Attorney General,,DEM,RICHIE ROBB,9
Preston,PRECINCT 7,Attorney General,,DEM,RICHIE ROBB,0
Preston,PRECINCT 8,Attorney General,,DEM,RICHIE ROBB,24
Preston,PRECINCT 9,Attorney General,,DEM,RICHIE ROBB,15
Preston,PRECINCT 10,Attorney General,,DEM,RICHIE ROBB,10
Preston,PRECINCT 11,Attorney General,,DEM,RICHIE ROBB,21
Preston,PRECINCT 12,Attorney General,,DEM,RICHIE ROBB,21
Preston,PRECINCT 13,Attorney General,,DEM,RICHIE ROBB,29
Preston,PRECINCT 14,Attorney General,,DEM,RICHIE ROBB,6
Preston,PRECINCT 15,Attorney General,,DEM,RICHIE ROBB,22
Preston,PRECINCT 16,Attorney General,,DEM,RICHIE ROBB,23
Preston,PRECINCT 17,Attorney General,,DEM,RICHIE ROBB,7
Preston,PRECINCT 18,Attorney General,,DEM,RICHIE ROBB,14
Preston,PRECINCT 19,Attorney General,,DEM,RICHIE ROBB,15
Preston,PRECINCT 20,Attorney General,,DEM,RICHIE ROBB,23
Preston,PRECINCT 21,Attorney General,,DEM,RICHIE ROBB,9
Preston,PRECINCT 22,Attorney General,,DEM,RICHIE ROBB,15
Preston,PRECINCT 23,Attorney General,,DEM,RICHIE ROBB,8
Preston,PRECINCT 24,Attorney General,,DEM,RICHIE ROBB,25
Preston,PRECINCT 25,Attorney General,,DEM,RICHIE ROBB,13
Preston,PRECINCT 26,Attorney General,,DEM,RICHIE ROBB,6
Preston,PRECINCT 27,Attorney General,,DEM,RICHIE ROBB,29
Preston,PRECINCT 28,Attorney General,,DEM,RICHIE ROBB,6
Preston,PRECINCT 1,Attorney General,,DEM,TERESA TORISEVA,36
Preston,PRECINCT 2,Attorney General,,DEM,TERESA TORISEVA,33
Preston,PRECINCT 3,Attorney General,,DEM,TERESA TORISEVA,41
Preston,PRECINCT 4,Attorney General,,DEM,TERESA TORISEVA,30
Preston,PRECINCT 5,Attorney General,,DEM,TERESA TORISEVA,35
Preston,PRECINCT 6,Attorney General,,DEM,TERESA TORISEVA,14
Preston,PRECINCT 7,Attorney General,,DEM,TERESA TORISEVA,10
Preston,PRECINCT 8,Attorney General,,DEM,TERESA TORISEVA,31
Preston,PRECINCT 9,Attorney General,,DEM,TERESA TORISEVA,15
Preston,PRECINCT 10,Attorney General,,DEM,TERESA TORISEVA,40
Preston,PRECINCT 11,Attorney General,,DEM,TERESA TORISEVA,44
Preston,PRECINCT 12,Attorney General,,DEM,TERESA TORISEVA,58
Preston,PRECINCT 13,Attorney General,,DEM,TERESA TORISEVA,77
Preston,PRECINCT 14,Attorney General,,DEM,TERESA TORISEVA,3
Preston,PRECINCT 15,Attorney General,,DEM,TERESA TORISEVA,53
Preston,PRECINCT 16,Attorney General,,DEM,TERESA TORISEVA,56
Preston,PRECINCT 17,Attorney General,,DEM,TERESA TORISEVA,18
Preston,PRECINCT 18,Attorney General,,DEM,TERESA TORISEVA,28
Preston,PRECINCT 19,Attorney General,,DEM,TERESA TORISEVA,30
Preston,PRECINCT 20,Attorney General,,DEM,TERESA TORISEVA,37
Preston,PRECINCT 21,Attorney General,,DEM,TERESA TORISEVA,29
Preston,PRECINCT 22,Attorney General,,DEM,TERESA TORISEVA,34
Preston,PRECINCT 23,Attorney General,,DEM,TERESA TORISEVA,25
Preston,PRECINCT 24,Attorney General,,DEM,TERESA TORISEVA,42
Preston,PRECINCT 25,Attorney General,,DEM,TERESA TORISEVA,20
Preston,PRECINCT 26,Attorney General,,DEM,TERESA TORISEVA,14
Preston,PRECINCT 27,Attorney General,,DEM,TERESA TORISEVA,30
Preston,PRECINCT 28,Attorney General,,DEM,TERESA TORISEVA,6
Preston,PRECINCT 1,Attorney General,,MTN,NO CANDIDATE FILED,0
Preston,PRECINCT 2,Attorney General,,MTN,NO CANDIDATE FILED,0
Preston,PRECINCT 3,Attorney General,,MTN,NO CANDIDATE FILED,0
Preston,PRECINCT 4,Attorney General,,MTN,NO CANDIDATE FILED,0
Preston,PRECINCT 5,Attorney General,,MTN,NO CANDIDATE FILED,0
Preston,PRECINCT 6,Attorney General,,MTN,NO CANDIDATE FILED,0
Preston,PRECINCT 7,Attorney General,,MTN,NO CANDIDATE FILED,0
Preston,PRECINCT 8,Attorney General,,MTN,NO CANDIDATE FILED,0
Preston,PRECINCT 9,Attorney General,,MTN,NO CANDIDATE FILED,0
Preston,PRECINCT 10,Attorney General,,MTN,NO CANDIDATE FILED,0
Preston,PRECINCT 11,Attorney General,,MTN,NO CANDIDATE FILED,0
Preston,PRECINCT 12,Attorney General,,MTN,NO CANDIDATE FILED,0
Preston,PRECINCT 13,Attorney General,,MTN,NO CANDIDATE FILED,0
Preston,PRECINCT 14,Attorney General,,MTN,NO CANDIDATE FILED,0
Preston,PRECINCT 15,Attorney General,,MTN,NO CANDIDATE FILED,0
Preston,PRECINCT 16,Attorney General,,MTN,NO CANDIDATE FILED,0
Preston,PRECINCT 17,Attorney General,,MTN,NO CANDIDATE FILED,0
Preston,PRECINCT 18,Attorney General,,MTN,NO CANDIDATE FILED,0
Preston,PRECINCT 19,Attorney General,,MTN,NO CANDIDATE FILED,0
Preston,PRECINCT 20,Attorney General,,MTN,NO CANDIDATE FILED,0
Preston,PRECINCT 21,Attorney General,,MTN,NO CANDIDATE FILED,0
Preston,PRECINCT 22,Attorney General,,MTN,NO CANDIDATE FILED,0
Preston,PRECINCT 23,Attorney General,,MTN,NO CANDIDATE FILED,0
Preston,PRECINCT 24,Attorney General,,MTN,NO CANDIDATE FILED,0
Preston,PRECINCT 25,Attorney General,,MTN,NO CANDIDATE FILED,0
Preston,PRECINCT 26,Attorney General,,MTN,NO CANDIDATE FILED,0
Preston,PRECINCT 27,Attorney General,,MTN,NO CANDIDATE FILED,0
Preston,PRECINCT 28,Attorney General,,MTN,NO CANDIDATE FILED,0
Preston,PRECINCT 1,State Senate,14,REP,RANDY E.  SMITH,184
Preston,PRECINCT 2,State Senate,14,REP,RANDY E.  SMITH,267
Preston,PRECINCT 3,State Senate,14,REP,RANDY E.  SMITH,214
Preston,PRECINCT 4,State Senate,14,REP,RANDY E.  SMITH,214
Preston,PRECINCT 5,State Senate,14,REP,RANDY E.  SMITH,324
Preston,PRECINCT 6,State Senate,14,REP,RANDY E.  SMITH,128
Preston,PRECINCT 7,State Senate,14,REP,RANDY E.  SMITH,63
Preston,PRECINCT 8,State Senate,14,REP,RANDY E.  SMITH,188
Preston,PRECINCT 9,State Senate,14,REP,RANDY E.  SMITH,51
Preston,PRECINCT 10,State Senate,14,REP,RANDY E.  SMITH,156
Preston,PRECINCT 11,State Senate,14,REP,RANDY E.  SMITH,196
Preston,PRECINCT 12,State Senate,14,REP,RANDY E.  SMITH,187
Preston,PRECINCT 13,State Senate,14,REP,RANDY E.  SMITH,325
Preston,PRECINCT 14,State Senate,14,REP,RANDY E.  SMITH,38
Preston,PRECINCT 15,State Senate,14,REP,RANDY E.  SMITH,231
Preston,PRECINCT 16,State Senate,14,REP,RANDY E.  SMITH,295
Preston,PRECINCT 17,State Senate,14,REP,RANDY E.  SMITH,103
Preston,PRECINCT 18,State Senate,14,REP,RANDY E.  SMITH,203
Preston,PRECINCT 19,State Senate,14,REP,RANDY E.  SMITH,134
Preston,PRECINCT 20,State Senate,14,REP,RANDY E.  SMITH,333
Preston,PRECINCT 21,State Senate,14,REP,RANDY E.  SMITH,156
Preston,PRECINCT 22,State Senate,14,REP,RANDY E.  SMITH,195
Preston,PRECINCT 23,State Senate,14,REP,RANDY E.  SMITH,164
Preston,PRECINCT 24,State Senate,14,REP,RANDY E.  SMITH,175
Preston,PRECINCT 25,State Senate,14,REP,RANDY E.  SMITH,114
Preston,PRECINCT 26,State Senate,14,REP,RANDY E.  SMITH,156
Preston,PRECINCT 27,State Senate,14,REP,RANDY E.  SMITH,186
Preston,PRECINCT 28,State Senate,14,REP,RANDY E.  SMITH,45
Preston,PRECINCT 1,State Senate,14,DEM,NO CANDIDATE FILED,0
Preston,PRECINCT 2,State Senate,14,DEM,NO CANDIDATE FILED,0
Preston,PRECINCT 3,State Senate,14,DEM,NO CANDIDATE FILED,0
Preston,PRECINCT 4,State Senate,14,DEM,NO CANDIDATE FILED,0
Preston,PRECINCT 5,State Senate,14,DEM,NO CANDIDATE FILED,0
Preston,PRECINCT 6,State Senate,14,DEM,NO CANDIDATE FILED,0
Preston,PRECINCT 7,State Senate,14,DEM,NO CANDIDATE FILED,0
Preston,PRECINCT 8,State Senate,14,DEM,NO CANDIDATE FILED,0
Preston,PRECINCT 9,State Senate,14,DEM,NO CANDIDATE FILED,0
Preston,PRECINCT 10,State Senate,14,DEM,NO CANDIDATE FILED,0
Preston,PRECINCT 11,State Senate,14,DEM,NO CANDIDATE FILED,0
Preston,PRECINCT 12,State Senate,14,DEM,NO CANDIDATE FILED,0
Preston,PRECINCT 13,State Senate,14,DEM,NO CANDIDATE FILED,0
Preston,PRECINCT 14,State Senate,14,DEM,NO CANDIDATE FILED,0
Preston,PRECINCT 15,State Senate,14,DEM,NO CANDIDATE FILED,0
Preston,PRECINCT 16,State Senate,14,DEM,NO CANDIDATE FILED,0
Preston,PRECINCT 17,State Senate,14,DEM,NO CANDIDATE FILED,0
Preston,PRECINCT 18,State Senate,14,DEM,NO CANDIDATE FILED,0
Preston,PRECINCT 19,State Senate,14,DEM,NO CANDIDATE FILED,0
Preston,PRECINCT 20,State Senate,14,DEM,NO CANDIDATE FILED,0
Preston,PRECINCT 21,State Senate,14,DEM,NO CANDIDATE FILED,0
Preston,PRECINCT 22,State Senate,14,DEM,NO CANDIDATE FILED,0
Preston,PRECINCT 23,State Senate,14,DEM,NO CANDIDATE FILED,0
Preston,PRECINCT 24,State Senate,14,DEM,NO CANDIDATE FILED,0
Preston,PRECINCT 25,State Senate,14,DEM,NO CANDIDATE FILED,0
Preston,PRECINCT 26,State Senate,14,DEM,NO CANDIDATE FILED,0
Preston,PRECINCT 27,State Senate,14,DEM,NO CANDIDATE FILED,0
Preston,PRECINCT 28,State Senate,14,DEM,NO CANDIDATE FILED,0
Preston,PRECINCT 1,State Senate,14,MTN,BETSY ORNDOFF-SAYERS,0
Preston,PRECINCT 2,State Senate,14,MTN,BETSY ORNDOFF-SAYERS,1
Preston,PRECINCT 3,State Senate,14,MTN,BETSY ORNDOFF-SAYERS,0
Preston,PRECINCT 4,State Senate,14,MTN,BETSY ORNDOFF-SAYERS,1
Preston,PRECINCT 5,State Senate,14,MTN,BETSY ORNDOFF-SAYERS,0
Preston,PRECINCT 6,State Senate,14,MTN,BETSY ORNDOFF-SAYERS,0
Preston,PRECINCT 7,State Senate,14,MTN,BETSY ORNDOFF-SAYERS,0
Preston,PRECINCT 8,State Senate,14,MTN,BETSY ORNDOFF-SAYERS,0
Preston,PRECINCT 9,State Senate,14,MTN,BETSY ORNDOFF-SAYERS,0
Preston,PRECINCT 10,State Senate,14,MTN,BETSY ORNDOFF-SAYERS,0
Preston,PRECINCT 11,State Senate,14,MTN,BETSY ORNDOFF-SAYERS,0
Preston,PRECINCT 12,State Senate,14,MTN,BETSY ORNDOFF-SAYERS,1
Preston,PRECINCT 13,State Senate,14,MTN,BETSY ORNDOFF-SAYERS,0
Preston,PRECINCT 14,State Senate,14,MTN,BETSY ORNDOFF-SAYERS,0
Preston,PRECINCT 15,State Senate,14,MTN,BETSY ORNDOFF-SAYERS,0
Preston,PRECINCT 16,State Senate,14,MTN,BETSY ORNDOFF-SAYERS,0
Preston,PRECINCT 17,State Senate,14,MTN,BETSY ORNDOFF-SAYERS,1
Preston,PRECINCT 18,State Senate,14,MTN,BETSY ORNDOFF-SAYERS,0
Preston,PRECINCT 19,State Senate,14,MTN,BETSY ORNDOFF-SAYERS,0
Preston,PRECINCT 20,State Senate,14,MTN,BETSY ORNDOFF-SAYERS,0
Preston,PRECINCT 21,State Senate,14,MTN,BETSY ORNDOFF-SAYERS,0
Preston,PRECINCT 22,State Senate,14,MTN,BETSY ORNDOFF-SAYERS,0
Preston,PRECINCT 23,State Senate,14,MTN,BETSY ORNDOFF-SAYERS,0
Preston,PRECINCT 24,State Senate,14,MTN,BETSY ORNDOFF-SAYERS,0
Preston,PRECINCT 25,State Senate,14,MTN,BETSY ORNDOFF-SAYERS,0
Preston,PRECINCT 26,State Senate,14,MTN,BETSY ORNDOFF-SAYERS,0
Preston,PRECINCT 27,State Senate,14,MTN,BETSY ORNDOFF-SAYERS,0
Preston,PRECINCT 28,State Senate,14,MTN,BETSY ORNDOFF-SAYERS,0
Preston,PRECINCT 1,State House,83,REP,GEORGE STREET,177
Preston,PRECINCT 2,State House,83,REP,GEORGE STREET,263
Preston,PRECINCT 3,State House,83,REP,GEORGE STREET,214
Preston,PRECINCT 4,State House,83,REP,GEORGE STREET,227
Preston,PRECINCT 5,State House,83,REP,GEORGE STREET,301
Preston,PRECINCT 6,State House,83,REP,GEORGE STREET,117
Preston,PRECINCT 7,State House,83,REP,GEORGE STREET,62
Preston,PRECINCT 9,State House,83,REP,GEORGE STREET,55
Preston,PRECINCT 10,State House,83,REP,GEORGE STREET,157
Preston,PRECINCT 11,State House,83,REP,GEORGE STREET,213
Preston,PRECINCT 12,State House,83,REP,GEORGE STREET,196
Preston,PRECINCT 21,State House,83,REP,GEORGE STREET,159
Preston,PRECINCT 28,State House,83,REP,GEORGE STREET,40
Preston,PRECINCT 1,State House,83,DEM,NO CANDIDATE FILED,0
Preston,PRECINCT 2,State House,83,DEM,NO CANDIDATE FILED,0
Preston,PRECINCT 3,State House,83,DEM,NO CANDIDATE FILED,0
Preston,PRECINCT 4,State House,83,DEM,NO CANDIDATE FILED,0
Preston,PRECINCT 5,State House,83,DEM,NO CANDIDATE FILED,0
Preston,PRECINCT 6,State House,83,DEM,NO CANDIDATE FILED,0
Preston,PRECINCT 7,State House,83,DEM,NO CANDIDATE FILED,0
Preston,PRECINCT 9,State House,83,DEM,NO CANDIDATE FILED,0
Preston,PRECINCT 10,State House,83,DEM,NO CANDIDATE FILED,0
Preston,PRECINCT 11,State House,83,DEM,NO CANDIDATE FILED,0
Preston,PRECINCT 12,State House,83,DEM,NO CANDIDATE FILED,0
Preston,PRECINCT 21,State House,83,DEM,NO CANDIDATE FILED,0
Preston,PRECINCT 28,State House,83,DEM,NO CANDIDATE FILED,0
Preston,PRECINCT 1,State House,83,MTN,NO CANDIDATE FILED,0
Preston,PRECINCT 2,State House,83,MTN,NO CANDIDATE FILED,0
Preston,PRECINCT 3,State House,83,MTN,NO CANDIDATE FILED,0
Preston,PRECINCT 4,State House,83,MTN,NO CANDIDATE FILED,0
Preston,PRECINCT 5,State House,83,MTN,NO CANDIDATE FILED,0
Preston,PRECINCT 6,State House,83,MTN,NO CANDIDATE FILED,0
Preston,PRECINCT 7,State House,83,MTN,NO CANDIDATE FILED,0
Preston,PRECINCT 9,State House,83,MTN,NO CANDIDATE FILED,0
Preston,PRECINCT 10,State House,83,MTN,NO CANDIDATE FILED,0
Preston,PRECINCT 11,State House,83,MTN,NO CANDIDATE FILED,0
Preston,PRECINCT 12,State House,83,MTN,NO CANDIDATE FILED,0
Preston,PRECINCT 21,State House,83,MTN,NO CANDIDATE FILED,0
Preston,PRECINCT 28,State House,83,MTN,NO CANDIDATE FILED,0
Preston,PRECINCT 8,State House,84,REP,JUSTIN HOUGH,107
Preston,PRECINCT 13,State House,84,REP,JUSTIN HOUGH,205
Preston,PRECINCT 14,State House,84,REP,JUSTIN HOUGH,21
Preston,PRECINCT 15,State House,84,REP,JUSTIN HOUGH,133
Preston,PRECINCT 16,State House,84,REP,JUSTIN HOUGH,177
Preston,PRECINCT 17,State House,84,REP,JUSTIN HOUGH,56
Preston,PRECINCT 18,State House,84,REP,JUSTIN HOUGH,138
Preston,PRECINCT 19,State House,84,REP,JUSTIN HOUGH,45
Preston,PRECINCT 20,State House,84,REP,JUSTIN HOUGH,185
Preston,PRECINCT 22,State House,84,REP,JUSTIN HOUGH,59
Preston,PRECINCT 23,State House,84,REP,JUSTIN HOUGH,59
Preston,PRECINCT 24,State House,84,REP,JUSTIN HOUGH,64
Preston,PRECINCT 25,State House,84,REP,JUSTIN HOUGH,49
Preston,PRECINCT 26,State House,84,REP,JUSTIN HOUGH,49
Preston,PRECINCT 27,State House,84,REP,JUSTIN HOUGH,86
Preston,PRECINCT 8,State House,84,REP,D. R. BUCK  JENNINGS,105
Preston,PRECINCT 13,State House,84,REP,D. R. BUCK  JENNINGS,151
Preston,PRECINCT 14,State House,84,REP,D. R. BUCK  JENNINGS,23
Preston,PRECINCT 15,State House,84,REP,D. R. BUCK  JENNINGS,137
Preston,PRECINCT 16,State House,84,REP,D. R. BUCK  JENNINGS,141
Preston,PRECINCT 17,State House,84,REP,D. R. BUCK  JENNINGS,57
Preston,PRECINCT 18,State House,84,REP,D. R. BUCK  JENNINGS,76
Preston,PRECINCT 19,State House,84,REP,D. R. BUCK  JENNINGS,94
Preston,PRECINCT 20,State House,84,REP,D. R. BUCK  JENNINGS,153
Preston,PRECINCT 22,State House,84,REP,D. R. BUCK  JENNINGS,165
Preston,PRECINCT 23,State House,84,REP,D. R. BUCK  JENNINGS,111
Preston,PRECINCT 24,State House,84,REP,D. R. BUCK  JENNINGS,157
Preston,PRECINCT 25,State House,84,REP,D. R. BUCK  JENNINGS,81
Preston,PRECINCT 26,State House,84,REP,D. R. BUCK  JENNINGS,123
Preston,PRECINCT 27,State House,84,REP,D. R. BUCK  JENNINGS,114
Preston,PRECINCT 8,State House,84,DEM,NO CANDIDATE FILED,0
Preston,PRECINCT 13,State House,84,DEM,NO CANDIDATE FILED,0
Preston,PRECINCT 14,State House,84,DEM,NO CANDIDATE FILED,0
Preston,PRECINCT 15,State House,84,DEM,NO CANDIDATE FILED,0
Preston,PRECINCT 16,State House,84,DEM,NO CANDIDATE FILED,0
Preston,PRECINCT 17,State House,84,DEM,NO CANDIDATE FILED,0
Preston,PRECINCT 18,State House,84,DEM,NO CANDIDATE FILED,0
Preston,PRECINCT 19,State House,84,DEM,NO CANDIDATE FILED,0
Preston,PRECINCT 20,State House,84,DEM,NO CANDIDATE FILED,0
Preston,PRECINCT 22,State House,84,DEM,NO CANDIDATE FILED,0
Preston,PRECINCT 23,State House,84,DEM,NO CANDIDATE FILED,0
Preston,PRECINCT 24,State House,84,DEM,NO CANDIDATE FILED,0
Preston,PRECINCT 25,State House,84,DEM,NO CANDIDATE FILED,0
Preston,PRECINCT 26,State House,84,DEM,NO CANDIDATE FILED,0
Preston,PRECINCT 27,State House,84,DEM,NO CANDIDATE FILED,0
Preston,PRECINCT 8,State House,84,MTN,NO CANDIDATE FILED,0
Preston,PRECINCT 13,State House,84,MTN,NO CANDIDATE FILED,0
Preston,PRECINCT 14,State House,84,MTN,NO CANDIDATE FILED,0
Preston,PRECINCT 15,State House,84,MTN,NO CANDIDATE FILED,0
Preston,PRECINCT 16,State House,84,MTN,NO CANDIDATE FILED,0
Preston,PRECINCT 17,State House,84,MTN,NO CANDIDATE FILED,0
Preston,PRECINCT 18,State House,84,MTN,NO CANDIDATE FILED,0
Preston,PRECINCT 19,State House,84,MTN,NO CANDIDATE FILED,0
Preston,PRECINCT 20,State House,84,MTN,NO CANDIDATE FILED,0
Preston,PRECINCT 22,State House,84,MTN,NO CANDIDATE FILED,0
Preston,PRECINCT 23,State House,84,MTN,NO CANDIDATE FILED,0
Preston,PRECINCT 24,State House,84,MTN,NO CANDIDATE FILED,0
Preston,PRECINCT 25,State House,84,MTN,NO CANDIDATE FILED,0
Preston,PRECINCT 26,State House,84,MTN,NO CANDIDATE FILED,0
Preston,PRECINCT 27,State House,84,MTN,NO CANDIDATE FILED,0
Preston,PRECINCT 1,Supreme Court of Appeals,,,HALEY BUNN,184
Preston,PRECINCT 2,Supreme Court of Appeals,,,HALEY BUNN,289
Preston,PRECINCT 3,Supreme Court of Appeals,,,HALEY BUNN,239
Preston,PRECINCT 4,Supreme Court of Appeals,,,HALEY BUNN,242
Preston,PRECINCT 5,Supreme Court of Appeals,,,HALEY BUNN,321
Preston,PRECINCT 6,Supreme Court of Appeals,,,HALEY BUNN,119
Preston,PRECINCT 7,Supreme Court of Appeals,,,HALEY BUNN,65
Preston,PRECINCT 8,Supreme Court of Appeals,,,HALEY BUNN,209
Preston,PRECINCT 9,Supreme Court of Appeals,,,HALEY BUNN,70
Preston,PRECINCT 10,Supreme Court of Appeals,,,HALEY BUNN,191
Preston,PRECINCT 11,Supreme Court of Appeals,,,HALEY BUNN,237
Preston,PRECINCT 12,Supreme Court of Appeals,,,HALEY BUNN,247
Preston,PRECINCT 13,Supreme Court of Appeals,,,HALEY BUNN,366
Preston,PRECINCT 14,Supreme Court of Appeals,,,HALEY BUNN,44
Preston,PRECINCT 15,Supreme Court of Appeals,,,HALEY BUNN,260
Preston,PRECINCT 16,Supreme Court of Appeals,,,HALEY BUNN,323
Preston,PRECINCT 17,Supreme Court of Appeals,,,HALEY BUNN,108
Preston,PRECINCT 18,Supreme Court of Appeals,,,HALEY BUNN,194
Preston,PRECINCT 19,Supreme Court of Appeals,,,HALEY BUNN,157
Preston,PRECINCT 20,Supreme Court of Appeals,,,HALEY BUNN,323
Preston,PRECINCT 21,Supreme Court of Appeals,,,HALEY BUNN,179
Preston,PRECINCT 22,Supreme Court of Appeals,,,HALEY BUNN,211
Preston,PRECINCT 23,Supreme Court of Appeals,,,HALEY BUNN,178
Preston,PRECINCT 24,Supreme Court of Appeals,,,HALEY BUNN,196
Preston,PRECINCT 25,Supreme Court of Appeals,,,HALEY BUNN,130
Preston,PRECINCT 26,Supreme Court of Appeals,,,HALEY BUNN,152
Preston,PRECINCT 27,Supreme Court of Appeals,,,HALEY BUNN,207
Preston,PRECINCT 28,Supreme Court of Appeals,,,HALEY BUNN,42
Preston,PRECINCT 1,Supreme Court of Appeals,,,CHARLES S TRUMP IV,177
Preston,PRECINCT 2,Supreme Court of Appeals,,,CHARLES S TRUMP IV,283
Preston,PRECINCT 3,Supreme Court of Appeals,,,CHARLES S TRUMP IV,241
Preston,PRECINCT 4,Supreme Court of Appeals,,,CHARLES S TRUMP IV,238
Preston,PRECINCT 5,Supreme Court of Appeals,,,CHARLES S TRUMP IV,315
Preston,PRECINCT 6,Supreme Court of Appeals,,,CHARLES S TRUMP IV,114
Preston,PRECINCT 7,Supreme Court of Appeals,,,CHARLES S TRUMP IV,56
Preston,PRECINCT 8,Supreme Court of Appeals,,,CHARLES S TRUMP IV,201
Preston,PRECINCT 9,Supreme Court of Appeals,,,CHARLES S TRUMP IV,68
Preston,PRECINCT 10,Supreme Court of Appeals,,,CHARLES S TRUMP IV,182
Preston,PRECINCT 11,Supreme Court of Appeals,,,CHARLES S TRUMP IV,225
Preston,PRECINCT 12,Supreme Court of Appeals,,,CHARLES S TRUMP IV,232
Preston,PRECINCT 13,Supreme Court of Appeals,,,CHARLES S TRUMP IV,340
Preston,PRECINCT 14,Supreme Court of Appeals,,,CHARLES S TRUMP IV,40
Preston,PRECINCT 15,Supreme Court of Appeals,,,CHARLES S TRUMP IV,249
Preston,PRECINCT 16,Supreme Court of Appeals,,,CHARLES S TRUMP IV,308
Preston,PRECINCT 17,Supreme Court of Appeals,,,CHARLES S TRUMP IV,98
Preston,PRECINCT 18,Supreme Court of Appeals,,,CHARLES S TRUMP IV,186
Preston,PRECINCT 19,Supreme Court of Appeals,,,CHARLES S TRUMP IV,152
Preston,PRECINCT 20,Supreme Court of Appeals,,,CHARLES S TRUMP IV,312
Preston,PRECINCT 21,Supreme Court of Appeals,,,CHARLES S TRUMP IV,167
Preston,PRECINCT 22,Supreme Court of Appeals,,,CHARLES S TRUMP IV,212
Preston,PRECINCT 23,Supreme Court of Appeals,,,CHARLES S TRUMP IV,172
Preston,PRECINCT 24,Supreme Court of Appeals,,,CHARLES S TRUMP IV,190
Preston,PRECINCT 25,Supreme Court of Appeals,,,CHARLES S TRUMP IV,125
Preston,PRECINCT 26,Supreme Court of Appeals,,,CHARLES S TRUMP IV,151
Preston,PRECINCT 27,Supreme Court of Appeals,,,CHARLES S TRUMP IV,184
Preston,PRECINCT 28,Supreme Court of Appeals,,,CHARLES S TRUMP IV,42
Preston,PRECINCT 1,Supreme Court of Appeals,,,S. RYAN  WHITE,93
Preston,PRECINCT 2,Supreme Court of Appeals,,,S. RYAN  WHITE,157
Preston,PRECINCT 3,Supreme Court of Appeals,,,S. RYAN  WHITE,111
Preston,PRECINCT 4,Supreme Court of Appeals,,,S. RYAN  WHITE,111
Preston,PRECINCT 5,Supreme Court of Appeals,,,S. RYAN  WHITE,178
Preston,PRECINCT 6,Supreme Court of Appeals,,,S. RYAN  WHITE,55
Preston,PRECINCT 7,Supreme Court of Appeals,,,S. RYAN  WHITE,37
Preston,PRECINCT 8,Supreme Court of Appeals,,,S. RYAN  WHITE,112
Preston,PRECINCT 9,Supreme Court of Appeals,,,S. RYAN  WHITE,33
Preston,PRECINCT 10,Supreme Court of Appeals,,,S. RYAN  WHITE,103
Preston,PRECINCT 11,Supreme Court of Appeals,,,S. RYAN  WHITE,91
Preston,PRECINCT 12,Supreme Court of Appeals,,,S. RYAN  WHITE,110
Preston,PRECINCT 13,Supreme Court of Appeals,,,S. RYAN  WHITE,197
Preston,PRECINCT 14,Supreme Court of Appeals,,,S. RYAN  WHITE,23
Preston,PRECINCT 15,Supreme Court of Appeals,,,S. RYAN  WHITE,146
Preston,PRECINCT 16,Supreme Court of Appeals,,,S. RYAN  WHITE,177
Preston,PRECINCT 17,Supreme Court of Appeals,,,S. RYAN  WHITE,53
Preston,PRECINCT 18,Supreme Court of Appeals,,,S. RYAN  WHITE,100
Preston,PRECINCT 19,Supreme Court of Appeals,,,S. RYAN  WHITE,89
Preston,PRECINCT 20,Supreme Court of Appeals,,,S. RYAN  WHITE,185
Preston,PRECINCT 21,Supreme Court of Appeals,,,S. RYAN  WHITE,107
Preston,PRECINCT 22,Supreme Court of Appeals,,,S. RYAN  WHITE,110
Preston,PRECINCT 23,Supreme Court of Appeals,,,S. RYAN  WHITE,112
Preston,PRECINCT 24,Supreme Court of Appeals,,,S. RYAN  WHITE,110
Preston,PRECINCT 25,Supreme Court of Appeals,,,S. RYAN  WHITE,75
Preston,PRECINCT 26,Supreme Court of Appeals,,,S. RYAN  WHITE,90
Preston,PRECINCT 27,Supreme Court of Appeals,,,S. RYAN  WHITE,121
Preston,PRECINCT 28,Supreme Court of Appeals,,,S. RYAN  WHITE,26
Preston,PRECINCT 1,Supreme Court of Appeals,,,ELGINE HECETA McARDLE,75
Preston,PRECINCT 2,Supreme Court of Appeals,,,ELGINE HECETA McARDLE,105
Preston,PRECINCT 3,Supreme Court of Appeals,,,ELGINE HECETA McARDLE,108
Preston,PRECINCT 4,Supreme Court of Appeals,,,ELGINE HECETA McARDLE,98
Preston,PRECINCT 5,Supreme Court of Appeals,,,ELGINE HECETA McARDLE,103
Preston,PRECINCT 6,Supreme Court of Appeals,,,ELGINE HECETA McARDLE,49
Preston,PRECINCT 7,Supreme Court of Appeals,,,ELGINE HECETA McARDLE,22
Preston,PRECINCT 8,Supreme Court of Appeals,,,ELGINE HECETA McARDLE,77
Preston,PRECINCT 9,Supreme Court of Appeals,,,ELGINE HECETA McARDLE,31
Preston,PRECINCT 10,Supreme Court of Appeals,,,ELGINE HECETA McARDLE,69
Preston,PRECINCT 11,Supreme Court of Appeals,,,ELGINE HECETA McARDLE,95
Preston,PRECINCT 12,Supreme Court of Appeals,,,ELGINE HECETA McARDLE,89
Preston,PRECINCT 13,Supreme Court of Appeals,,,ELGINE HECETA McARDLE,118
Preston,PRECINCT 14,Supreme Court of Appeals,,,ELGINE HECETA McARDLE,17
Preston,PRECINCT 15,Supreme Court of Appeals,,,ELGINE HECETA McARDLE,83
Preston,PRECINCT 16,Supreme Court of Appeals,,,ELGINE HECETA McARDLE,97
Preston,PRECINCT 17,Supreme Court of Appeals,,,ELGINE HECETA McARDLE,43
Preston,PRECINCT 18,Supreme Court of Appeals,,,ELGINE HECETA McARDLE,77
Preston,PRECINCT 19,Supreme Court of Appeals,,,ELGINE HECETA McARDLE,46
Preston,PRECINCT 20,Supreme Court of Appeals,,,ELGINE HECETA McARDLE,106
Preston,PRECINCT 21,Supreme Court of Appeals,,,ELGINE HECETA McARDLE,50
Preston,PRECINCT 22,Supreme Court of Appeals,,,ELGINE HECETA McARDLE,87
Preston,PRECINCT 23,Supreme Court of Appeals,,,ELGINE HECETA McARDLE,63
Preston,PRECINCT 24,Supreme Court of Appeals,,,ELGINE HECETA McARDLE,67
Preston,PRECINCT 25,Supreme Court of Appeals,,,ELGINE HECETA McARDLE,40
Preston,PRECINCT 26,Supreme Court of Appeals,,,ELGINE HECETA McARDLE,49
Preston,PRECINCT 27,Supreme Court of Appeals,,,ELGINE HECETA McARDLE,59
Preston,PRECINCT 28,Supreme Court of Appeals,,,ELGINE HECETA McARDLE,16
Preston,PRECINCT 1,Supreme Court of Appeals,,,MYCHAL S. SCHULZ,22
Preston,PRECINCT 2,Supreme Court of Appeals,,,MYCHAL S. SCHULZ,41
Preston,PRECINCT 3,Supreme Court of Appeals,,,MYCHAL S. SCHULZ,37
Preston,PRECINCT 4,Supreme Court of Appeals,,,MYCHAL S. SCHULZ,38
Preston,PRECINCT 5,Supreme Court of Appeals,,,MYCHAL S. SCHULZ,53
Preston,PRECINCT 6,Supreme Court of Appeals,,,MYCHAL S. SCHULZ,18
Preston,PRECINCT 7,Supreme Court of Appeals,,,MYCHAL S. SCHULZ,8
Preston,PRECINCT 8,Supreme Court of Appeals,,,MYCHAL S. SCHULZ,34
Preston,PRECINCT 9,Supreme Court of Appeals,,,MYCHAL S. SCHULZ,14
Preston,PRECINCT 10,Supreme Court of Appeals,,,MYCHAL S. SCHULZ,27
Preston,PRECINCT 11,Supreme Court of Appeals,,,MYCHAL S. SCHULZ,49
Preston,PRECINCT 12,Supreme Court of Appeals,,,MYCHAL S. SCHULZ,53
Preston,PRECINCT 13,Supreme Court of Appeals,,,MYCHAL S. SCHULZ,68
Preston,PRECINCT 14,Supreme Court of Appeals,,,MYCHAL S. SCHULZ,7
Preston,PRECINCT 15,Supreme Court of Appeals,,,MYCHAL S. SCHULZ,43
Preston,PRECINCT 16,Supreme Court of Appeals,,,MYCHAL S. SCHULZ,56
Preston,PRECINCT 17,Supreme Court of Appeals,,,MYCHAL S. SCHULZ,18
Preston,PRECINCT 18,Supreme Court of Appeals,,,MYCHAL S. SCHULZ,30
Preston,PRECINCT 19,Supreme Court of Appeals,,,MYCHAL S. SCHULZ,28
Preston,PRECINCT 20,Supreme Court of Appeals,,,MYCHAL S. SCHULZ,51
Preston,PRECINCT 21,Supreme Court of Appeals,,,MYCHAL S. SCHULZ,25
Preston,PRECINCT 22,Supreme Court of Appeals,,,MYCHAL S. SCHULZ,30
Preston,PRECINCT 23,Supreme Court of Appeals,,,MYCHAL S. SCHULZ,10
Preston,PRECINCT 24,Supreme Court of Appeals,,,MYCHAL S. SCHULZ,33
Preston,PRECINCT 25,Supreme Court of Appeals,,,MYCHAL S. SCHULZ,25
Preston,PRECINCT 26,Supreme Court of Appeals,,,MYCHAL S. SCHULZ,26
Preston,PRECINCT 27,Supreme Court of Appeals,,,MYCHAL S. SCHULZ,37
Preston,PRECINCT 28,Supreme Court of Appeals,,,MYCHAL S. SCHULZ,5
Preston,PRECINCT 1,Supreme Court of Appeals,,,STEVEN L. SHAFFER,202
Preston,PRECINCT 2,Supreme Court of Appeals,,,STEVEN L. SHAFFER,313
Preston,PRECINCT 3,Supreme Court of Appeals,,,STEVEN L. SHAFFER,265
Preston,PRECINCT 4,Supreme Court of Appeals,,,STEVEN L. SHAFFER,251
Preston,PRECINCT 5,Supreme Court of Appeals,,,STEVEN L. SHAFFER,345
Preston,PRECINCT 6,Supreme Court of Appeals,,,STEVEN L. SHAFFER,127
Preston,PRECINCT 7,Supreme Court of Appeals,,,STEVEN L. SHAFFER,74
Preston,PRECINCT 8,Supreme Court of Appeals,,,STEVEN L. SHAFFER,219
Preston,PRECINCT 9,Supreme Court of Appeals,,,STEVEN L. SHAFFER,83
Preston,PRECINCT 10,Supreme Court of Appeals,,,STEVEN L. SHAFFER,210
Preston,PRECINCT 11,Supreme Court of Appeals,,,STEVEN L. SHAFFER,263
Preston,PRECINCT 12,Supreme Court of Appeals,,,STEVEN L. SHAFFER,260
Preston,PRECINCT 13,Supreme Court of Appeals,,,STEVEN L. SHAFFER,376
Preston,PRECINCT 14,Supreme Court of Appeals,,,STEVEN L. SHAFFER,47
Preston,PRECINCT 15,Supreme Court of Appeals,,,STEVEN L. SHAFFER,277
Preston,PRECINCT 16,Supreme Court of Appeals,,,STEVEN L. SHAFFER,336
Preston,PRECINCT 17,Supreme Court of Appeals,,,STEVEN L. SHAFFER,113
Preston,PRECINCT 18,Supreme Court of Appeals,,,STEVEN L. SHAFFER,213
Preston,PRECINCT 19,Supreme Court of Appeals,,,STEVEN L. SHAFFER,155
Preston,PRECINCT 20,Supreme Court of Appeals,,,STEVEN L. SHAFFER,315
Preston,PRECINCT 21,Supreme Court of Appeals,,,STEVEN L. SHAFFER,186
Preston,PRECINCT 22,Supreme Court of Appeals,,,STEVEN L. SHAFFER,211
Preston,PRECINCT 23,Supreme Court of Appeals,,,STEVEN L. SHAFFER,186
Preston,PRECINCT 24,Supreme Court of Appeals,,,STEVEN L. SHAFFER,231
Preston,PRECINCT 25,Supreme Court of Appeals,,,STEVEN L. SHAFFER,128
Preston,PRECINCT 26,Supreme Court of Appeals,,,STEVEN L. SHAFFER,152
Preston,PRECINCT 27,Supreme Court of Appeals,,,STEVEN L. SHAFFER,208
Preston,PRECINCT 28,Supreme Court of Appeals,,,STEVEN L. SHAFFER,48
Preston,PRECINCT 1,Supreme Court of Appeals,,,ANNE MARIE ARMSTRONG,60
Preston,PRECINCT 2,Supreme Court of Appeals,,,ANNE MARIE ARMSTRONG,78
Preston,PRECINCT 3,Supreme Court of Appeals,,,ANNE MARIE ARMSTRONG,66
Preston,PRECINCT 4,Supreme Court of Appeals,,,ANNE MARIE ARMSTRONG,142
Preston,PRECINCT 5,Supreme Court of Appeals,,,ANNE MARIE ARMSTRONG,63
Preston,PRECINCT 6,Supreme Court of Appeals,,,ANNE MARIE ARMSTRONG,28
Preston,PRECINCT 7,Supreme Court of Appeals,,,ANNE MARIE ARMSTRONG,21
Preston,PRECINCT 8,Supreme Court of Appeals,,,ANNE MARIE ARMSTRONG,62
Preston,PRECINCT 9,Supreme Court of Appeals,,,ANNE MARIE ARMSTRONG,53
Preston,PRECINCT 10,Supreme Court of Appeals,,,ANNE MARIE ARMSTRONG,113
Preston,PRECINCT 11,Supreme Court of Appeals,,,ANNE MARIE ARMSTRONG,101
Preston,PRECINCT 12,Supreme Court of Appeals,,,ANNE MARIE ARMSTRONG,111
Preston,PRECINCT 13,Supreme Court of Appeals,,,ANNE MARIE ARMSTRONG,87
Preston,PRECINCT 14,Supreme Court of Appeals,,,ANNE MARIE ARMSTRONG,6
Preston,PRECINCT 15,Supreme Court of Appeals,,,ANNE MARIE ARMSTRONG,83
Preston,PRECINCT 16,Supreme Court of Appeals,,,ANNE MARIE ARMSTRONG,82
Preston,PRECINCT 17,Supreme Court of Appeals,,,ANNE MARIE ARMSTRONG,16
Preston,PRECINCT 18,Supreme Court of Appeals,,,ANNE MARIE ARMSTRONG,23
Preston,PRECINCT 19,Supreme Court of Appeals,,,ANNE MARIE ARMSTRONG,32
Preston,PRECINCT 20,Supreme Court of Appeals,,,ANNE MARIE ARMSTRONG,57
Preston,PRECINCT 21,Supreme Court of Appeals,,,ANNE MARIE ARMSTRONG,81
Preston,PRECINCT 22,Supreme Court of Appeals,,,ANNE MARIE ARMSTRONG,78
Preston,PRECINCT 23,Supreme Court of Appeals,,,ANNE MARIE ARMSTRONG,34
Preston,PRECINCT 24,Supreme Court of Appeals,,,ANNE MARIE ARMSTRONG,71
Preston,PRECINCT 25,Supreme Court of Appeals,,,ANNE MARIE ARMSTRONG,32
Preston,PRECINCT 26,Supreme Court of Appeals,,,ANNE MARIE ARMSTRONG,35
Preston,PRECINCT 27,Supreme Court of Appeals,,,ANNE MARIE ARMSTRONG,70
Preston,PRECINCT 28,Supreme Court of Appeals,,,ANNE MARIE ARMSTRONG,5
Preston,PRECINCT 1,Supreme Court of Appeals,,,SAMUEL HESS,70
Preston,PRECINCT 2,Supreme Court of Appeals,,,SAMUEL HESS,125
Preston,PRECINCT 3,Supreme Court of Appeals,,,SAMUEL HESS,112
Preston,PRECINCT 4,Supreme Court of Appeals,,,SAMUEL HESS,62
Preston,PRECINCT 5,Supreme Court of Appeals,,,SAMUEL HESS,171
Preston,PRECINCT 6,Supreme Court of Appeals,,,SAMUEL HESS,67
Preston,PRECINCT 7,Supreme Court of Appeals,,,SAMUEL HESS,34
Preston,PRECINCT 8,Supreme Court of Appeals,,,SAMUEL HESS,87
Preston,PRECINCT 9,Supreme Court of Appeals,,,SAMUEL HESS,19
Preston,PRECINCT 10,Supreme Court of Appeals,,,SAMUEL HESS,53
Preston,PRECINCT 11,Supreme Court of Appeals,,,SAMUEL HESS,76
Preston,PRECINCT 12,Supreme Court of Appeals,,,SAMUEL HESS,74
Preston,PRECINCT 13,Supreme Court of Appeals,,,SAMUEL HESS,226
Preston,PRECINCT 14,Supreme Court of Appeals,,,SAMUEL HESS,23
Preston,PRECINCT 15,Supreme Court of Appeals,,,SAMUEL HESS,151
Preston,PRECINCT 16,Supreme Court of Appeals,,,SAMUEL HESS,170
Preston,PRECINCT 17,Supreme Court of Appeals,,,SAMUEL HESS,86
Preston,PRECINCT 18,Supreme Court of Appeals,,,SAMUEL HESS,139
Preston,PRECINCT 19,Supreme Court of Appeals,,,SAMUEL HESS,65
Preston,PRECINCT 20,Supreme Court of Appeals,,,SAMUEL HESS,188
Preston,PRECINCT 21,Supreme Court of Appeals,,,SAMUEL HESS,51
Preston,PRECINCT 22,Supreme Court of Appeals,,,SAMUEL HESS,81
Preston,PRECINCT 23,Supreme Court of Appeals,,,SAMUEL HESS,89
Preston,PRECINCT 24,Supreme Court of Appeals,,,SAMUEL HESS,74
Preston,PRECINCT 25,Supreme Court of Appeals,,,SAMUEL HESS,60
Preston,PRECINCT 26,Supreme Court of Appeals,,,SAMUEL HESS,79
Preston,PRECINCT 27,Supreme Court of Appeals,,,SAMUEL HESS,97
Preston,PRECINCT 28,Supreme Court of Appeals,,,SAMUEL HESS,26
Preston,PRECINCT 1,Supreme Court of Appeals,,,HILARY M. BRIGHT,97
Preston,PRECINCT 2,Supreme Court of Appeals,,,HILARY M. BRIGHT,143
Preston,PRECINCT 3,Supreme Court of Appeals,,,HILARY M. BRIGHT,116
Preston,PRECINCT 4,Supreme Court of Appeals,,,HILARY M. BRIGHT,97
Preston,PRECINCT 5,Supreme Court of Appeals,,,HILARY M. BRIGHT,181
Preston,PRECINCT 6,Supreme Court of Appeals,,,HILARY M. BRIGHT,57
Preston,PRECINCT 7,Supreme Court of Appeals,,,HILARY M. BRIGHT,34
Preston,PRECINCT 8,Supreme Court of Appeals,,,HILARY M. BRIGHT,124
Preston,PRECINCT 9,Supreme Court of Appeals,,,HILARY M. BRIGHT,21
Preston,PRECINCT 10,Supreme Court of Appeals,,,HILARY M. BRIGHT,68
Preston,PRECINCT 11,Supreme Court of Appeals,,,HILARY M. BRIGHT,112
Preston,PRECINCT 12,Supreme Court of Appeals,,,HILARY M. BRIGHT,99
Preston,PRECINCT 13,Supreme Court of Appeals,,,HILARY M. BRIGHT,177
Preston,PRECINCT 14,Supreme Court of Appeals,,,HILARY M. BRIGHT,29
Preston,PRECINCT 15,Supreme Court of Appeals,,,HILARY M. BRIGHT,133
Preston,PRECINCT 16,Supreme Court of Appeals,,,HILARY M. BRIGHT,179
Preston,PRECINCT 17,Supreme Court of Appeals,,,HILARY M. BRIGHT,53
Preston,PRECINCT 18,Supreme Court of Appeals,,,HILARY M. BRIGHT,86
Preston,PRECINCT 19,Supreme Court of Appeals,,,HILARY M. BRIGHT,100
Preston,PRECINCT 20,Supreme Court of Appeals,,,HILARY M. BRIGHT,155
Preston,PRECINCT 21,Supreme Court of Appeals,,,HILARY M. BRIGHT,73
Preston,PRECINCT 22,Supreme Court of Appeals,,,HILARY M. BRIGHT,101
Preston,PRECINCT 23,Supreme Court of Appeals,,,HILARY M. BRIGHT,77
Preston,PRECINCT 24,Supreme Court of Appeals,,,HILARY M. BRIGHT,117
Preston,PRECINCT 25,Supreme Court of Appeals,,,HILARY M. BRIGHT,76
Preston,PRECINCT 26,Supreme Court of Appeals,,,HILARY M. BRIGHT,75
Preston,PRECINCT 27,Supreme Court of Appeals,,,HILARY M. BRIGHT,115
Preston,PRECINCT 28,Supreme Court of Appeals,,,HILARY M. BRIGHT,35
Preston,PRECINCT 1,Supreme Court of Appeals,,,MATTHEW  THORN,199
Preston,PRECINCT 2,Supreme Court of Appeals,,,MATTHEW  THORN,302
Preston,PRECINCT 3,Supreme Court of Appeals,,,MATTHEW  THORN,252
Preston,PRECINCT 4,Supreme Court of Appeals,,,MATTHEW  THORN,255
Preston,PRECINCT 5,Supreme Court of Appeals,,,MATTHEW  THORN,322
Preston,PRECINCT 6,Supreme Court of Appeals,,,MATTHEW  THORN,120
Preston,PRECINCT 7,Supreme Court of Appeals,,,MATTHEW  THORN,66
Preston,PRECINCT 8,Supreme Court of Appeals,,,MATTHEW  THORN,222
Preston,PRECINCT 9,Supreme Court of Appeals,,,MATTHEW  THORN,77
Preston,PRECINCT 10,Supreme Court of Appeals,,,MATTHEW  THORN,190
Preston,PRECINCT 11,Supreme Court of Appeals,,,MATTHEW  THORN,239
Preston,PRECINCT 12,Supreme Court of Appeals,,,MATTHEW  THORN,250
Preston,PRECINCT 13,Supreme Court of Appeals,,,MATTHEW  THORN,380
Preston,PRECINCT 14,Supreme Court of Appeals,,,MATTHEW  THORN,45
Preston,PRECINCT 15,Supreme Court of Appeals,,,MATTHEW  THORN,280
Preston,PRECINCT 16,Supreme Court of Appeals,,,MATTHEW  THORN,333
Preston,PRECINCT 17,Supreme Court of Appeals,,,MATTHEW  THORN,106
Preston,PRECINCT 18,Supreme Court of Appeals,,,MATTHEW  THORN,205
Preston,PRECINCT 19,Supreme Court of Appeals,,,MATTHEW  THORN,163
Preston,PRECINCT 20,Supreme Court of Appeals,,,MATTHEW  THORN,328
Preston,PRECINCT 21,Supreme Court of Appeals,,,MATTHEW  THORN,185
Preston,PRECINCT 22,Supreme Court of Appeals,,,MATTHEW  THORN,218
Preston,PRECINCT 23,Supreme Court of Appeals,,,MATTHEW  THORN,179
Preston,PRECINCT 24,Supreme Court of Appeals,,,MATTHEW  THORN,204
Preston,PRECINCT 25,Supreme Court of Appeals,,,MATTHEW  THORN,141
Preston,PRECINCT 26,Supreme Court of Appeals,,,MATTHEW  THORN,160
Preston,PRECINCT 27,Supreme Court of Appeals,,,MATTHEW  THORN,211
Preston,PRECINCT 28,Supreme Court of Appeals,,,MATTHEW  THORN,44
Preston,PRECINCT 1,Supreme Court of Appeals,,,JEFF  CULPEPPER,195
Preston,PRECINCT 2,Supreme Court of Appeals,,,JEFF  CULPEPPER,294
Preston,PRECINCT 3,Supreme Court of Appeals,,,JEFF  CULPEPPER,245
Preston,PRECINCT 4,Supreme Court of Appeals,,,JEFF  CULPEPPER,244
Preston,PRECINCT 5,Supreme Court of Appeals,,,JEFF  CULPEPPER,311
Preston,PRECINCT 6,Supreme Court of Appeals,,,JEFF  CULPEPPER,127
Preston,PRECINCT 7,Supreme Court of Appeals,,,JEFF  CULPEPPER,64
Preston,PRECINCT 8,Supreme Court of Appeals,,,JEFF  CULPEPPER,211
Preston,PRECINCT 9,Supreme Court of Appeals,,,JEFF  CULPEPPER,73
Preston,PRECINCT 10,Supreme Court of Appeals,,,JEFF  CULPEPPER,192
Preston,PRECINCT 11,Supreme Court of Appeals,,,JEFF  CULPEPPER,242
Preston,PRECINCT 12,Supreme Court of Appeals,,,JEFF  CULPEPPER,243
Preston,PRECINCT 13,Supreme Court of Appeals,,,JEFF  CULPEPPER,362
Preston,PRECINCT 14,Supreme Court of Appeals,,,JEFF  CULPEPPER,43
Preston,PRECINCT 15,Supreme Court of Appeals,,,JEFF  CULPEPPER,265
Preston,PRECINCT 16,Supreme Court of Appeals,,,JEFF  CULPEPPER,321
Preston,PRECINCT 17,Supreme Court of Appeals,,,JEFF  CULPEPPER,105
Preston,PRECINCT 18,Supreme Court of Appeals,,,JEFF  CULPEPPER,187
Preston,PRECINCT 19,Supreme Court of Appeals,,,JEFF  CULPEPPER,158
Preston,PRECINCT 20,Supreme Court of Appeals,,,JEFF  CULPEPPER,324
Preston,PRECINCT 21,Supreme Court of Appeals,,,JEFF  CULPEPPER,177
Preston,PRECINCT 22,Supreme Court of Appeals,,,JEFF  CULPEPPER,209
Preston,PRECINCT 23,Supreme Court of Appeals,,,JEFF  CULPEPPER,173
Preston,PRECINCT 24,Supreme Court of Appeals,,,JEFF  CULPEPPER,191
Preston,PRECINCT 25,Supreme Court of Appeals,,,JEFF  CULPEPPER,127
Preston,PRECINCT 26,Supreme Court of Appeals,,,JEFF  CULPEPPER,154
Preston,PRECINCT 27,Supreme Court of Appeals,,,JEFF  CULPEPPER,198
Preston,PRECINCT 28,Supreme Court of Appeals,,,JEFF  CULPEPPER,43
Preston,PRECINCT 1,MAGISTRATE,,,P. L. GRIMM,196
Preston,PRECINCT 2,MAGISTRATE,,,P. L. GRIMM,312
Preston,PRECINCT 3,MAGISTRATE,,,P. L. GRIMM,258
Preston,PRECINCT 4,MAGISTRATE,,,P. L. GRIMM,268
Preston,PRECINCT 5,MAGISTRATE,,,P. L. GRIMM,358
Preston,PRECINCT 6,MAGISTRATE,,,P. L. GRIMM,133
Preston,PRECINCT 7,MAGISTRATE,,,P. L. GRIMM,75
Preston,PRECINCT 8,MAGISTRATE,,,P. L. GRIMM,236
Preston,PRECINCT 9,MAGISTRATE,,,P. L. GRIMM,82
Preston,PRECINCT 10,MAGISTRATE,,,P. L. GRIMM,204
Preston,PRECINCT 11,MAGISTRATE,,,P. L. GRIMM,242
Preston,PRECINCT 12,MAGISTRATE,,,P. L. GRIMM,258
Preston,PRECINCT 13,MAGISTRATE,,,P. L. GRIMM,419
Preston,PRECINCT 14,MAGISTRATE,,,P. L. GRIMM,49
Preston,PRECINCT 15,MAGISTRATE,,,P. L. GRIMM,308
Preston,PRECINCT 16,MAGISTRATE,,,P. L. GRIMM,374
Preston,PRECINCT 17,MAGISTRATE,,,P. L. GRIMM,131
Preston,PRECINCT 18,MAGISTRATE,,,P. L. GRIMM,219
Preston,PRECINCT 19,MAGISTRATE,,,P. L. GRIMM,187
Preston,PRECINCT 20,MAGISTRATE,,,P. L. GRIMM,362
Preston,PRECINCT 21,MAGISTRATE,,,P. L. GRIMM,184
Preston,PRECINCT 22,MAGISTRATE,,,P. L. GRIMM,237
Preston,PRECINCT 23,MAGISTRATE,,,P. L. GRIMM,193
Preston,PRECINCT 24,MAGISTRATE,,,P. L. GRIMM,235
Preston,PRECINCT 25,MAGISTRATE,,,P. L. GRIMM,148
Preston,PRECINCT 26,MAGISTRATE,,,P. L. GRIMM,178
Preston,PRECINCT 27,MAGISTRATE,,,P. L. GRIMM,259
Preston,PRECINCT 28,MAGISTRATE,,,P. L. GRIMM,49
Preston,PRECINCT 1,MAGISTRATE,,,STACY KENNEDY GREASER,114
Preston,PRECINCT 2,MAGISTRATE,,,STACY KENNEDY GREASER,173
Preston,PRECINCT 3,MAGISTRATE,,,STACY KENNEDY GREASER,176
Preston,PRECINCT 4,MAGISTRATE,,,STACY KENNEDY GREASER,97
Preston,PRECINCT 5,MAGISTRATE,,,STACY KENNEDY GREASER,216
Preston,PRECINCT 6,MAGISTRATE,,,STACY KENNEDY GREASER,82
Preston,PRECINCT 7,MAGISTRATE,,,STACY KENNEDY GREASER,32
Preston,PRECINCT 8,MAGISTRATE,,,STACY KENNEDY GREASER,151
Preston,PRECINCT 9,MAGISTRATE,,,STACY KENNEDY GREASER,31
Preston,PRECINCT 10,MAGISTRATE,,,STACY KENNEDY GREASER,57
Preston,PRECINCT 11,MAGISTRATE,,,STACY KENNEDY GREASER,65
Preston,PRECINCT 12,MAGISTRATE,,,STACY KENNEDY GREASER,75
Preston,PRECINCT 13,MAGISTRATE,,,STACY KENNEDY GREASER,223
Preston,PRECINCT 14,MAGISTRATE,,,STACY KENNEDY GREASER,29
Preston,PRECINCT 15,MAGISTRATE,,,STACY KENNEDY GREASER,170
Preston,PRECINCT 16,MAGISTRATE,,,STACY KENNEDY GREASER,177
Preston,PRECINCT 17,MAGISTRATE,,,STACY KENNEDY GREASER,78
Preston,PRECINCT 18,MAGISTRATE,,,STACY KENNEDY GREASER,127
Preston,PRECINCT 19,MAGISTRATE,,,STACY KENNEDY GREASER,85
Preston,PRECINCT 20,MAGISTRATE,,,STACY KENNEDY GREASER,201
Preston,PRECINCT 21,MAGISTRATE,,,STACY KENNEDY GREASER,62
Preston,PRECINCT 22,MAGISTRATE,,,STACY KENNEDY GREASER,132
Preston,PRECINCT 23,MAGISTRATE,,,STACY KENNEDY GREASER,94
Preston,PRECINCT 24,MAGISTRATE,,,STACY KENNEDY GREASER,145
Preston,PRECINCT 25,MAGISTRATE,,,STACY KENNEDY GREASER,110
Preston,PRECINCT 26,MAGISTRATE,,,STACY KENNEDY GREASER,117
Preston,PRECINCT 27,MAGISTRATE,,,STACY KENNEDY GREASER,114
Preston,PRECINCT 28,MAGISTRATE,,,STACY KENNEDY GREASER,27
Preston,PRECINCT 1,MAGISTRATE,,,BO WARD,106
Preston,PRECINCT 2,MAGISTRATE,,,BO WARD,170
Preston,PRECINCT 3,MAGISTRATE,,,BO WARD,118
Preston,PRECINCT 4,MAGISTRATE,,,BO WARD,198
Preston,PRECINCT 5,MAGISTRATE,,,BO WARD,187
Preston,PRECINCT 6,MAGISTRATE,,,BO WARD,72
Preston,PRECINCT 7,MAGISTRATE,,,BO WARD,56
Preston,PRECINCT 8,MAGISTRATE,,,BO WARD,136
Preston,PRECINCT 9,MAGISTRATE,,,BO WARD,64
Preston,PRECINCT 10,MAGISTRATE,,,BO WARD,176
Preston,PRECINCT 11,MAGISTRATE,,,BO WARD,246
Preston,PRECINCT 12,MAGISTRATE,,,BO WARD,222
Preston,PRECINCT 13,MAGISTRATE,,,BO WARD,269
Preston,PRECINCT 14,MAGISTRATE,,,BO WARD,24
Preston,PRECINCT 15,MAGISTRATE,,,BO WARD,193
Preston,PRECINCT 16,MAGISTRATE,,,BO WARD,246
Preston,PRECINCT 17,MAGISTRATE,,,BO WARD,76
Preston,PRECINCT 18,MAGISTRATE,,,BO WARD,131
Preston,PRECINCT 19,MAGISTRATE,,,BO WARD,111
Preston,PRECINCT 20,MAGISTRATE,,,BO WARD,207
Preston,PRECINCT 21,MAGISTRATE,,,BO WARD,158
Preston,PRECINCT 22,MAGISTRATE,,,BO WARD,149
Preston,PRECINCT 23,MAGISTRATE,,,BO WARD,117
Preston,PRECINCT 24,MAGISTRATE,,,BO WARD,139
Preston,PRECINCT 25,MAGISTRATE,,,BO WARD,69
Preston,PRECINCT 26,MAGISTRATE,,,BO WARD,92
Preston,PRECINCT 27,MAGISTRATE,,,BO WARD,158
Preston,PRECINCT 28,MAGISTRATE,,,BO WARD,35
Preston,PRECINCT 1,MAGISTRATE,,,LYNN STEMPLE  LECHNER,16
Preston,PRECINCT 2,MAGISTRATE,,,LYNN STEMPLE  LECHNER,23
Preston,PRECINCT 3,MAGISTRATE,,,LYNN STEMPLE  LECHNER,24
Preston,PRECINCT 4,MAGISTRATE,,,LYNN STEMPLE  LECHNER,9
Preston,PRECINCT 5,MAGISTRATE,,,LYNN STEMPLE  LECHNER,15
Preston,PRECINCT 6,MAGISTRATE,,,LYNN STEMPLE  LECHNER,9
Preston,PRECINCT 7,MAGISTRATE,,,LYNN STEMPLE  LECHNER,4
Preston,PRECINCT 8,MAGISTRATE,,,LYNN STEMPLE  LECHNER,9
Preston,PRECINCT 9,MAGISTRATE,,,LYNN STEMPLE  LECHNER,3
Preston,PRECINCT 10,MAGISTRATE,,,LYNN STEMPLE  LECHNER,7
Preston,PRECINCT 11,MAGISTRATE,,,LYNN STEMPLE  LECHNER,9
Preston,PRECINCT 12,MAGISTRATE,,,LYNN STEMPLE  LECHNER,8
Preston,PRECINCT 13,MAGISTRATE,,,LYNN STEMPLE  LECHNER,13
Preston,PRECINCT 14,MAGISTRATE,,,LYNN STEMPLE  LECHNER,6
Preston,PRECINCT 15,MAGISTRATE,,,LYNN STEMPLE  LECHNER,7
Preston,PRECINCT 16,MAGISTRATE,,,LYNN STEMPLE  LECHNER,12
Preston,PRECINCT 17,MAGISTRATE,,,LYNN STEMPLE  LECHNER,6
Preston,PRECINCT 18,MAGISTRATE,,,LYNN STEMPLE  LECHNER,19
Preston,PRECINCT 19,MAGISTRATE,,,LYNN STEMPLE  LECHNER,59
Preston,PRECINCT 20,MAGISTRATE,,,LYNN STEMPLE  LECHNER,47
Preston,PRECINCT 21,MAGISTRATE,,,LYNN STEMPLE  LECHNER,9
Preston,PRECINCT 22,MAGISTRATE,,,LYNN STEMPLE  LECHNER,13
Preston,PRECINCT 23,MAGISTRATE,,,LYNN STEMPLE  LECHNER,66
Preston,PRECINCT 24,MAGISTRATE,,,LYNN STEMPLE  LECHNER,24
Preston,PRECINCT 25,MAGISTRATE,,,LYNN STEMPLE  LECHNER,8
Preston,PRECINCT 26,MAGISTRATE,,,LYNN STEMPLE  LECHNER,14
Preston,PRECINCT 27,MAGISTRATE,,,LYNN STEMPLE  LECHNER,68
Preston,PRECINCT 28,MAGISTRATE,,,LYNN STEMPLE  LECHNER,4
Preston,PRECINCT 1,MAGISTRATE,,,HEATHER FIELD,30
Preston,PRECINCT 2,MAGISTRATE,,,HEATHER FIELD,43
Preston,PRECINCT 3,MAGISTRATE,,,HEATHER FIELD,41
Preston,PRECINCT 4,MAGISTRATE,,,HEATHER FIELD,101
Preston,PRECINCT 5,MAGISTRATE,,,HEATHER FIELD,35
Preston,PRECINCT 6,MAGISTRATE,,,HEATHER FIELD,20
Preston,PRECINCT 7,MAGISTRATE,,,HEATHER FIELD,17
Preston,PRECINCT 8,MAGISTRATE,,,HEATHER FIELD,18
Preston,PRECINCT 9,MAGISTRATE,,,HEATHER FIELD,33
Preston,PRECINCT 10,MAGISTRATE,,,HEATHER FIELD,56
Preston,PRECINCT 11,MAGISTRATE,,,HEATHER FIELD,57
Preston,PRECINCT 12,MAGISTRATE,,,HEATHER FIELD,59
Preston,PRECINCT 13,MAGISTRATE,,,HEATHER FIELD,27
Preston,PRECINCT 14,MAGISTRATE,,,HEATHER FIELD,3
Preston,PRECINCT 15,MAGISTRATE,,,HEATHER FIELD,23
Preston,PRECINCT 16,MAGISTRATE,,,HEATHER FIELD,36
Preston,PRECINCT 17,MAGISTRATE,,,HEATHER FIELD,15
Preston,PRECINCT 18,MAGISTRATE,,,HEATHER FIELD,21
Preston,PRECINCT 19,MAGISTRATE,,,HEATHER FIELD,13
Preston,PRECINCT 20,MAGISTRATE,,,HEATHER FIELD,32
Preston,PRECINCT 21,MAGISTRATE,,,HEATHER FIELD,38
Preston,PRECINCT 22,MAGISTRATE,,,HEATHER FIELD,31
Preston,PRECINCT 23,MAGISTRATE,,,HEATHER FIELD,30
Preston,PRECINCT 24,MAGISTRATE,,,HEATHER FIELD,19
Preston,PRECINCT 25,MAGISTRATE,,,HEATHER FIELD,18
Preston,PRECINCT 26,MAGISTRATE,,,HEATHER FIELD,13
Preston,PRECINCT 27,MAGISTRATE,,,HEATHER FIELD,22
Preston,PRECINCT 28,MAGISTRATE,,,HEATHER FIELD,7
Preston,PRECINCT 1,MAGISTRATE,,,AARON R. KNOTTS,62
Preston,PRECINCT 2,MAGISTRATE,,,AARON R. KNOTTS,77
Preston,PRECINCT 3,MAGISTRATE,,,AARON R. KNOTTS,64
Preston,PRECINCT 4,MAGISTRATE,,,AARON R. KNOTTS,33
Preston,PRECINCT 5,MAGISTRATE,,,AARON R. KNOTTS,124
Preston,PRECINCT 6,MAGISTRATE,,,AARON R. KNOTTS,37
Preston,PRECINCT 7,MAGISTRATE,,,AARON R. KNOTTS,11
Preston,PRECINCT 8,MAGISTRATE,,,AARON R. KNOTTS,52
Preston,PRECINCT 9,MAGISTRATE,,,AARON R. KNOTTS,8
Preston,PRECINCT 10,MAGISTRATE,,,AARON R. KNOTTS,28
Preston,PRECINCT 11,MAGISTRATE,,,AARON R. KNOTTS,31
Preston,PRECINCT 12,MAGISTRATE,,,AARON R. KNOTTS,26
Preston,PRECINCT 13,MAGISTRATE,,,AARON R. KNOTTS,118
Preston,PRECINCT 14,MAGISTRATE,,,AARON R. KNOTTS,16
Preston,PRECINCT 15,MAGISTRATE,,,AARON R. KNOTTS,106
Preston,PRECINCT 16,MAGISTRATE,,,AARON R. KNOTTS,112
Preston,PRECINCT 17,MAGISTRATE,,,AARON R. KNOTTS,42
Preston,PRECINCT 18,MAGISTRATE,,,AARON R. KNOTTS,62
Preston,PRECINCT 19,MAGISTRATE,,,AARON R. KNOTTS,43
Preston,PRECINCT 20,MAGISTRATE,,,AARON R. KNOTTS,112
Preston,PRECINCT 21,MAGISTRATE,,,AARON R. KNOTTS,36
Preston,PRECINCT 22,MAGISTRATE,,,AARON R. KNOTTS,59
Preston,PRECINCT 23,MAGISTRATE,,,AARON R. KNOTTS,33
Preston,PRECINCT 24,MAGISTRATE,,,AARON R. KNOTTS,77
Preston,PRECINCT 25,MAGISTRATE,,,AARON R. KNOTTS,23
Preston,PRECINCT 26,MAGISTRATE,,,AARON R. KNOTTS,47
Preston,PRECINCT 27,MAGISTRATE,,,AARON R. KNOTTS,46
Preston,PRECINCT 28,MAGISTRATE,,,AARON R. KNOTTS,17
Preston,PRECINCT 1,MAGISTRATE,,,PEGGY PASE,46
Preston,PRECINCT 2,MAGISTRATE,,,PEGGY PASE,108
Preston,PRECINCT 3,MAGISTRATE,,,PEGGY PASE,89
Preston,PRECINCT 4,MAGISTRATE,,,PEGGY PASE,85
Preston,PRECINCT 5,MAGISTRATE,,,PEGGY PASE,146
Preston,PRECINCT 6,MAGISTRATE,,,PEGGY PASE,44
Preston,PRECINCT 7,MAGISTRATE,,,PEGGY PASE,40
Preston,PRECINCT 8,MAGISTRATE,,,PEGGY PASE,139
Preston,PRECINCT 9,MAGISTRATE,,,PEGGY PASE,19
Preston,PRECINCT 10,MAGISTRATE,,,PEGGY PASE,52
Preston,PRECINCT 11,MAGISTRATE,,,PEGGY PASE,82
Preston,PRECINCT 12,MAGISTRATE,,,PEGGY PASE,68
Preston,PRECINCT 13,MAGISTRATE,,,PEGGY PASE,225
Preston,PRECINCT 14,MAGISTRATE,,,PEGGY PASE,13
Preston,PRECINCT 15,MAGISTRATE,,,PEGGY PASE,169
Preston,PRECINCT 16,MAGISTRATE,,,PEGGY PASE,198
Preston,PRECINCT 17,MAGISTRATE,,,PEGGY PASE,53
Preston,PRECINCT 18,MAGISTRATE,,,PEGGY PASE,87
Preston,PRECINCT 19,MAGISTRATE,,,PEGGY PASE,54
Preston,PRECINCT 20,MAGISTRATE,,,PEGGY PASE,107
Preston,PRECINCT 21,MAGISTRATE,,,PEGGY PASE,61
Preston,PRECINCT 22,MAGISTRATE,,,PEGGY PASE,97
Preston,PRECINCT 23,MAGISTRATE,,,PEGGY PASE,46
Preston,PRECINCT 24,MAGISTRATE,,,PEGGY PASE,109
Preston,PRECINCT 25,MAGISTRATE,,,PEGGY PASE,101
Preston,PRECINCT 26,MAGISTRATE,,,PEGGY PASE,96
Preston,PRECINCT 27,MAGISTRATE,,,PEGGY PASE,93
Preston,PRECINCT 28,MAGISTRATE,,,PEGGY PASE,16
Preston,PRECINCT 1,MAGISTRATE,,,RICH MCCROBIE,64
Preston,PRECINCT 2,MAGISTRATE,,,RICH MCCROBIE,89
Preston,PRECINCT 3,MAGISTRATE,,,RICH MCCROBIE,67
Preston,PRECINCT 4,MAGISTRATE,,,RICH MCCROBIE,69
Preston,PRECINCT 5,MAGISTRATE,,,RICH MCCROBIE,93
Preston,PRECINCT 6,MAGISTRATE,,,RICH MCCROBIE,39
Preston,PRECINCT 7,MAGISTRATE,,,RICH MCCROBIE,17
Preston,PRECINCT 8,MAGISTRATE,,,RICH MCCROBIE,61
Preston,PRECINCT 9,MAGISTRATE,,,RICH MCCROBIE,30
Preston,PRECINCT 10,MAGISTRATE,,,RICH MCCROBIE,92
Preston,PRECINCT 11,MAGISTRATE,,,RICH MCCROBIE,101
Preston,PRECINCT 12,MAGISTRATE,,,RICH MCCROBIE,129
Preston,PRECINCT 13,MAGISTRATE,,,RICH MCCROBIE,104
Preston,PRECINCT 14,MAGISTRATE,,,RICH MCCROBIE,18
Preston,PRECINCT 15,MAGISTRATE,,,RICH MCCROBIE,56
Preston,PRECINCT 16,MAGISTRATE,,,RICH MCCROBIE,79
Preston,PRECINCT 17,MAGISTRATE,,,RICH MCCROBIE,49
Preston,PRECINCT 18,MAGISTRATE,,,RICH MCCROBIE,73
Preston,PRECINCT 19,MAGISTRATE,,,RICH MCCROBIE,35
Preston,PRECINCT 20,MAGISTRATE,,,RICH MCCROBIE,108
Preston,PRECINCT 21,MAGISTRATE,,,RICH MCCROBIE,69
Preston,PRECINCT 22,MAGISTRATE,,,RICH MCCROBIE,81
Preston,PRECINCT 23,MAGISTRATE,,,RICH MCCROBIE,46
Preston,PRECINCT 24,MAGISTRATE,,,RICH MCCROBIE,63
Preston,PRECINCT 25,MAGISTRATE,,,RICH MCCROBIE,30
Preston,PRECINCT 26,MAGISTRATE,,,RICH MCCROBIE,40
Preston,PRECINCT 27,MAGISTRATE,,,RICH MCCROBIE,47
Preston,PRECINCT 28,MAGISTRATE,,,RICH MCCROBIE,19
Preston,PRECINCT 1,REP FOR COUNTY COMMISSIONER,,REP,SAMANTHA STONE,119
Preston,PRECINCT 2,REP FOR COUNTY COMMISSIONER,,REP,SAMANTHA STONE,183
Preston,PRECINCT 3,REP FOR COUNTY COMMISSIONER,,REP,SAMANTHA STONE,159
Preston,PRECINCT 4,REP FOR COUNTY COMMISSIONER,,REP,SAMANTHA STONE,153
Preston,PRECINCT 5,REP FOR COUNTY COMMISSIONER,,REP,SAMANTHA STONE,239
Preston,PRECINCT 6,REP FOR COUNTY COMMISSIONER,,REP,SAMANTHA STONE,84
Preston,PRECINCT 7,REP FOR COUNTY COMMISSIONER,,REP,SAMANTHA STONE,53
Preston,PRECINCT 8,REP FOR COUNTY COMMISSIONER,,REP,SAMANTHA STONE,120
Preston,PRECINCT 9,REP FOR COUNTY COMMISSIONER,,REP,SAMANTHA STONE,38
Preston,PRECINCT 10,REP FOR COUNTY COMMISSIONER,,REP,SAMANTHA STONE,113
Preston,PRECINCT 11,REP FOR COUNTY COMMISSIONER,,REP,SAMANTHA STONE,148
Preston,PRECINCT 12,REP FOR COUNTY COMMISSIONER,,REP,SAMANTHA STONE,147
Preston,PRECINCT 13,REP FOR COUNTY COMMISSIONER,,REP,SAMANTHA STONE,233
Preston,PRECINCT 14,REP FOR COUNTY COMMISSIONER,,REP,SAMANTHA STONE,25
Preston,PRECINCT 15,REP FOR COUNTY COMMISSIONER,,REP,SAMANTHA STONE,172
Preston,PRECINCT 16,REP FOR COUNTY COMMISSIONER,,REP,SAMANTHA STONE,194
Preston,PRECINCT 17,REP FOR COUNTY COMMISSIONER,,REP,SAMANTHA STONE,80
Preston,PRECINCT 18,REP FOR COUNTY COMMISSIONER,,REP,SAMANTHA STONE,116
Preston,PRECINCT 19,REP FOR COUNTY COMMISSIONER,,REP,SAMANTHA STONE,96
Preston,PRECINCT 20,REP FOR COUNTY COMMISSIONER,,REP,SAMANTHA STONE,209
Preston,PRECINCT 21,REP FOR COUNTY COMMISSIONER,,REP,SAMANTHA STONE,107
Preston,PRECINCT 22,REP FOR COUNTY COMMISSIONER,,REP,SAMANTHA STONE,80
Preston,PRECINCT 23,REP FOR COUNTY COMMISSIONER,,REP,SAMANTHA STONE,115
Preston,PRECINCT 24,REP FOR COUNTY COMMISSIONER,,REP,SAMANTHA STONE,108
Preston,PRECINCT 25,REP FOR COUNTY COMMISSIONER,,REP,SAMANTHA STONE,80
Preston,PRECINCT 26,REP FOR COUNTY COMMISSIONER,,REP,SAMANTHA STONE,79
Preston,PRECINCT 27,REP FOR COUNTY COMMISSIONER,,REP,SAMANTHA STONE,88
Preston,PRECINCT 28,REP FOR COUNTY COMMISSIONER,,REP,SAMANTHA STONE,30
Preston,PRECINCT 1,REP FOR COUNTY COMMISSIONER,,REP,DAN LOUGHRIE,58
Preston,PRECINCT 2,REP FOR COUNTY COMMISSIONER,,REP,DAN LOUGHRIE,75
Preston,PRECINCT 3,REP FOR COUNTY COMMISSIONER,,REP,DAN LOUGHRIE,51
Preston,PRECINCT 4,REP FOR COUNTY COMMISSIONER,,REP,DAN LOUGHRIE,56
Preston,PRECINCT 5,REP FOR COUNTY COMMISSIONER,,REP,DAN LOUGHRIE,74
Preston,PRECINCT 6,REP FOR COUNTY COMMISSIONER,,REP,DAN LOUGHRIE,36
Preston,PRECINCT 7,REP FOR COUNTY COMMISSIONER,,REP,DAN LOUGHRIE,13
Preston,PRECINCT 8,REP FOR COUNTY COMMISSIONER,,REP,DAN LOUGHRIE,41
Preston,PRECINCT 9,REP FOR COUNTY COMMISSIONER,,REP,DAN LOUGHRIE,16
Preston,PRECINCT 10,REP FOR COUNTY COMMISSIONER,,REP,DAN LOUGHRIE,45
Preston,PRECINCT 11,REP FOR COUNTY COMMISSIONER,,REP,DAN LOUGHRIE,48
Preston,PRECINCT 12,REP FOR COUNTY COMMISSIONER,,REP,DAN LOUGHRIE,41
Preston,PRECINCT 13,REP FOR COUNTY COMMISSIONER,,REP,DAN LOUGHRIE,73
Preston,PRECINCT 14,REP FOR COUNTY COMMISSIONER,,REP,DAN LOUGHRIE,17
Preston,PRECINCT 15,REP FOR COUNTY COMMISSIONER,,REP,DAN LOUGHRIE,60
Preston,PRECINCT 16,REP FOR COUNTY COMMISSIONER,,REP,DAN LOUGHRIE,61
Preston,PRECINCT 17,REP FOR COUNTY COMMISSIONER,,REP,DAN LOUGHRIE,26
Preston,PRECINCT 18,REP FOR COUNTY COMMISSIONER,,REP,DAN LOUGHRIE,87
Preston,PRECINCT 19,REP FOR COUNTY COMMISSIONER,,REP,DAN LOUGHRIE,44
Preston,PRECINCT 20,REP FOR COUNTY COMMISSIONER,,REP,DAN LOUGHRIE,99
Preston,PRECINCT 21,REP FOR COUNTY COMMISSIONER,,REP,DAN LOUGHRIE,30
Preston,PRECINCT 22,REP FOR COUNTY COMMISSIONER,,REP,DAN LOUGHRIE,30
Preston,PRECINCT 23,REP FOR COUNTY COMMISSIONER,,REP,DAN LOUGHRIE,48
Preston,PRECINCT 24,REP FOR COUNTY COMMISSIONER,,REP,DAN LOUGHRIE,43
Preston,PRECINCT 25,REP FOR COUNTY COMMISSIONER,,REP,DAN LOUGHRIE,21
Preston,PRECINCT 26,REP FOR COUNTY COMMISSIONER,,REP,DAN LOUGHRIE,58
Preston,PRECINCT 27,REP FOR COUNTY COMMISSIONER,,REP,DAN LOUGHRIE,99
Preston,PRECINCT 28,REP FOR COUNTY COMMISSIONER,,REP,DAN LOUGHRIE,10
Preston,PRECINCT 1,REP FOR COUNTY COMMISSIONER,,REP,NICHOLE LAREW,16
Preston,PRECINCT 2,REP FOR COUNTY COMMISSIONER,,REP,NICHOLE LAREW,20
Preston,PRECINCT 3,REP FOR COUNTY COMMISSIONER,,REP,NICHOLE LAREW,24
Preston,PRECINCT 4,REP FOR COUNTY COMMISSIONER,,REP,NICHOLE LAREW,35
Preston,PRECINCT 5,REP FOR COUNTY COMMISSIONER,,REP,NICHOLE LAREW,44
Preston,PRECINCT 6,REP FOR COUNTY COMMISSIONER,,REP,NICHOLE LAREW,14
Preston,PRECINCT 7,REP FOR COUNTY COMMISSIONER,,REP,NICHOLE LAREW,9
Preston,PRECINCT 8,REP FOR COUNTY COMMISSIONER,,REP,NICHOLE LAREW,57
Preston,PRECINCT 9,REP FOR COUNTY COMMISSIONER,,REP,NICHOLE LAREW,7
Preston,PRECINCT 10,REP FOR COUNTY COMMISSIONER,,REP,NICHOLE LAREW,27
Preston,PRECINCT 11,REP FOR COUNTY COMMISSIONER,,REP,NICHOLE LAREW,30
Preston,PRECINCT 12,REP FOR COUNTY COMMISSIONER,,REP,NICHOLE LAREW,30
Preston,PRECINCT 13,REP FOR COUNTY COMMISSIONER,,REP,NICHOLE LAREW,54
Preston,PRECINCT 14,REP FOR COUNTY COMMISSIONER,,REP,NICHOLE LAREW,3
Preston,PRECINCT 15,REP FOR COUNTY COMMISSIONER,,REP,NICHOLE LAREW,38
Preston,PRECINCT 16,REP FOR COUNTY COMMISSIONER,,REP,NICHOLE LAREW,76
Preston,PRECINCT 17,REP FOR COUNTY COMMISSIONER,,REP,NICHOLE LAREW,16
Preston,PRECINCT 18,REP FOR COUNTY COMMISSIONER,,REP,NICHOLE LAREW,17
Preston,PRECINCT 19,REP FOR COUNTY COMMISSIONER,,REP,NICHOLE LAREW,11
Preston,PRECINCT 20,REP FOR COUNTY COMMISSIONER,,REP,NICHOLE LAREW,33
Preston,PRECINCT 21,REP FOR COUNTY COMMISSIONER,,REP,NICHOLE LAREW,37
Preston,PRECINCT 22,REP FOR COUNTY COMMISSIONER,,REP,NICHOLE LAREW,126
Preston,PRECINCT 23,REP FOR COUNTY COMMISSIONER,,REP,NICHOLE LAREW,14
Preston,PRECINCT 24,REP FOR COUNTY COMMISSIONER,,REP,NICHOLE LAREW,67
Preston,PRECINCT 25,REP FOR COUNTY COMMISSIONER,,REP,NICHOLE LAREW,27
Preston,PRECINCT 26,REP FOR COUNTY COMMISSIONER,,REP,NICHOLE LAREW,35
Preston,PRECINCT 27,REP FOR COUNTY COMMISSIONER,,REP,NICHOLE LAREW,28
Preston,PRECINCT 28,REP FOR COUNTY COMMISSIONER,,REP,NICHOLE LAREW,8
Preston,PRECINCT 1,DEM FOR COUNTY COMMISSIONER,,DEM,NO CANDIDATE FILED,0
Preston,PRECINCT 2,DEM FOR COUNTY COMMISSIONER,,DEM,NO CANDIDATE FILED,0
Preston,PRECINCT 3,DEM FOR COUNTY COMMISSIONER,,DEM,NO CANDIDATE FILED,0
Preston,PRECINCT 4,DEM FOR COUNTY COMMISSIONER,,DEM,NO CANDIDATE FILED,0
Preston,PRECINCT 5,DEM FOR COUNTY COMMISSIONER,,DEM,NO CANDIDATE FILED,0
Preston,PRECINCT 6,DEM FOR COUNTY COMMISSIONER,,DEM,NO CANDIDATE FILED,0
Preston,PRECINCT 7,DEM FOR COUNTY COMMISSIONER,,DEM,NO CANDIDATE FILED,0
Preston,PRECINCT 8,DEM FOR COUNTY COMMISSIONER,,DEM,NO CANDIDATE FILED,0
Preston,PRECINCT 9,DEM FOR COUNTY COMMISSIONER,,DEM,NO CANDIDATE FILED,0
Preston,PRECINCT 10,DEM FOR COUNTY COMMISSIONER,,DEM,NO CANDIDATE FILED,0
Preston,PRECINCT 11,DEM FOR COUNTY COMMISSIONER,,DEM,NO CANDIDATE FILED,0
Preston,PRECINCT 12,DEM FOR COUNTY COMMISSIONER,,DEM,NO CANDIDATE FILED,0
Preston,PRECINCT 13,DEM FOR COUNTY COMMISSIONER,,DEM,NO CANDIDATE FILED,0
Preston,PRECINCT 14,DEM FOR COUNTY COMMISSIONER,,DEM,NO CANDIDATE FILED,0
Preston,PRECINCT 15,DEM FOR COUNTY COMMISSIONER,,DEM,NO CANDIDATE FILED,0
Preston,PRECINCT 16,DEM FOR COUNTY COMMISSIONER,,DEM,NO CANDIDATE FILED,0
Preston,PRECINCT 17,DEM FOR COUNTY COMMISSIONER,,DEM,NO CANDIDATE FILED,0
Preston,PRECINCT 18,DEM FOR COUNTY COMMISSIONER,,DEM,NO CANDIDATE FILED,0
Preston,PRECINCT 19,DEM FOR COUNTY COMMISSIONER,,DEM,NO CANDIDATE FILED,0
Preston,PRECINCT 20,DEM FOR COUNTY COMMISSIONER,,DEM,NO CANDIDATE FILED,0
Preston,PRECINCT 21,DEM FOR COUNTY COMMISSIONER,,DEM,NO CANDIDATE FILED,0
Preston,PRECINCT 22,DEM FOR COUNTY COMMISSIONER,,DEM,NO CANDIDATE FILED,0
Preston,PRECINCT 23,DEM FOR COUNTY COMMISSIONER,,DEM,NO CANDIDATE FILED,0
Preston,PRECINCT 24,DEM FOR COUNTY COMMISSIONER,,DEM,NO CANDIDATE FILED,0
Preston,PRECINCT 25,DEM FOR COUNTY COMMISSIONER,,DEM,NO CANDIDATE FILED,0
Preston,PRECINCT 26,DEM FOR COUNTY COMMISSIONER,,DEM,NO CANDIDATE FILED,0
Preston,PRECINCT 27,DEM FOR COUNTY COMMISSIONER,,DEM,NO CANDIDATE FILED,0
Preston,PRECINCT 28,DEM FOR COUNTY COMMISSIONER,,DEM,NO CANDIDATE FILED,0
Preston,PRECINCT 1,MTN FOR COUNTY COMMISSIONER,,MTN,NO CANDIDATE FILED,0
Preston,PRECINCT 2,MTN FOR COUNTY COMMISSIONER,,MTN,NO CANDIDATE FILED,0
Preston,PRECINCT 3,MTN FOR COUNTY COMMISSIONER,,MTN,NO CANDIDATE FILED,0
Preston,PRECINCT 4,MTN FOR COUNTY COMMISSIONER,,MTN,NO CANDIDATE FILED,0
Preston,PRECINCT 5,MTN FOR COUNTY COMMISSIONER,,MTN,NO CANDIDATE FILED,0
Preston,PRECINCT 6,MTN FOR COUNTY COMMISSIONER,,MTN,NO CANDIDATE FILED,0
Preston,PRECINCT 7,MTN FOR COUNTY COMMISSIONER,,MTN,NO CANDIDATE FILED,0
Preston,PRECINCT 8,MTN FOR COUNTY COMMISSIONER,,MTN,NO CANDIDATE FILED,0
Preston,PRECINCT 9,MTN FOR COUNTY COMMISSIONER,,MTN,NO CANDIDATE FILED,0
Preston,PRECINCT 10,MTN FOR COUNTY COMMISSIONER,,MTN,NO CANDIDATE FILED,0
Preston,PRECINCT 11,MTN FOR COUNTY COMMISSIONER,,MTN,NO CANDIDATE FILED,0
Preston,PRECINCT 12,MTN FOR COUNTY COMMISSIONER,,MTN,NO CANDIDATE FILED,0
Preston,PRECINCT 13,MTN FOR COUNTY COMMISSIONER,,MTN,NO CANDIDATE FILED,0
Preston,PRECINCT 14,MTN FOR COUNTY COMMISSIONER,,MTN,NO CANDIDATE FILED,0
Preston,PRECINCT 15,MTN FOR COUNTY COMMISSIONER,,MTN,NO CANDIDATE FILED,0
Preston,PRECINCT 16,MTN FOR COUNTY COMMISSIONER,,MTN,NO CANDIDATE FILED,0
Preston,PRECINCT 17,MTN FOR COUNTY COMMISSIONER,,MTN,NO CANDIDATE FILED,0
Preston,PRECINCT 18,MTN FOR COUNTY COMMISSIONER,,MTN,NO CANDIDATE FILED,0
Preston,PRECINCT 19,MTN FOR COUNTY COMMISSIONER,,MTN,NO CANDIDATE FILED,0
Preston,PRECINCT 20,MTN FOR COUNTY COMMISSIONER,,MTN,NO CANDIDATE FILED,0
Preston,PRECINCT 21,MTN FOR COUNTY COMMISSIONER,,MTN,NO CANDIDATE FILED,0
Preston,PRECINCT 22,MTN FOR COUNTY COMMISSIONER,,MTN,NO CANDIDATE FILED,0
Preston,PRECINCT 23,MTN FOR COUNTY COMMISSIONER,,MTN,NO CANDIDATE FILED,0
Preston,PRECINCT 24,MTN FOR COUNTY COMMISSIONER,,MTN,NO CANDIDATE FILED,0
Preston,PRECINCT 25,MTN FOR COUNTY COMMISSIONER,,MTN,NO CANDIDATE FILED,0
Preston,PRECINCT 26,MTN FOR COUNTY COMMISSIONER,,MTN,NO CANDIDATE FILED,0
Preston,PRECINCT 27,MTN FOR COUNTY COMMISSIONER,,MTN,NO CANDIDATE FILED,0
Preston,PRECINCT 28,MTN FOR COUNTY COMMISSIONER,,MTN,NO CANDIDATE FILED,0
Preston,PRECINCT 1,REP FOR PROSECUTING ATTORNEY,,REP,JAY  SHAY,172
Preston,PRECINCT 2,REP FOR PROSECUTING ATTORNEY,,REP,JAY  SHAY,257
Preston,PRECINCT 3,REP FOR PROSECUTING ATTORNEY,,REP,JAY  SHAY,210
Preston,PRECINCT 4,REP FOR PROSECUTING ATTORNEY,,REP,JAY  SHAY,204
Preston,PRECINCT 5,REP FOR PROSECUTING ATTORNEY,,REP,JAY  SHAY,305
Preston,PRECINCT 6,REP FOR PROSECUTING ATTORNEY,,REP,JAY  SHAY,115
Preston,PRECINCT 7,REP FOR PROSECUTING ATTORNEY,,REP,JAY  SHAY,67
Preston,PRECINCT 8,REP FOR PROSECUTING ATTORNEY,,REP,JAY  SHAY,181
Preston,PRECINCT 9,REP FOR PROSECUTING ATTORNEY,,REP,JAY  SHAY,52
Preston,PRECINCT 10,REP FOR PROSECUTING ATTORNEY,,REP,JAY  SHAY,151
Preston,PRECINCT 11,REP FOR PROSECUTING ATTORNEY,,REP,JAY  SHAY,179
Preston,PRECINCT 12,REP FOR PROSECUTING ATTORNEY,,REP,JAY  SHAY,171
Preston,PRECINCT 13,REP FOR PROSECUTING ATTORNEY,,REP,JAY  SHAY,307
Preston,PRECINCT 14,REP FOR PROSECUTING ATTORNEY,,REP,JAY  SHAY,33
Preston,PRECINCT 15,REP FOR PROSECUTING ATTORNEY,,REP,JAY  SHAY,238
Preston,PRECINCT 16,REP FOR PROSECUTING ATTORNEY,,REP,JAY  SHAY,275
Preston,PRECINCT 17,REP FOR PROSECUTING ATTORNEY,,REP,JAY  SHAY,98
Preston,PRECINCT 18,REP FOR PROSECUTING ATTORNEY,,REP,JAY  SHAY,177
Preston,PRECINCT 19,REP FOR PROSECUTING ATTORNEY,,REP,JAY  SHAY,118
Preston,PRECINCT 20,REP FOR PROSECUTING ATTORNEY,,REP,JAY  SHAY,272
Preston,PRECINCT 21,REP FOR PROSECUTING ATTORNEY,,REP,JAY  SHAY,140
Preston,PRECINCT 22,REP FOR PROSECUTING ATTORNEY,,REP,JAY  SHAY,188
Preston,PRECINCT 23,REP FOR PROSECUTING ATTORNEY,,REP,JAY  SHAY,140
Preston,PRECINCT 24,REP FOR PROSECUTING ATTORNEY,,REP,JAY  SHAY,160
Preston,PRECINCT 25,REP FOR PROSECUTING ATTORNEY,,REP,JAY  SHAY,112
Preston,PRECINCT 26,REP FOR PROSECUTING ATTORNEY,,REP,JAY  SHAY,140
Preston,PRECINCT 27,REP FOR PROSECUTING ATTORNEY,,REP,JAY  SHAY,174
Preston,PRECINCT 28,REP FOR PROSECUTING ATTORNEY,,REP,JAY  SHAY,38
Preston,PRECINCT 1,DEM FOR PROSECUTING ATTORNEY,,DEM,NO CANDIDATE FILED,0
Preston,PRECINCT 2,DEM FOR PROSECUTING ATTORNEY,,DEM,NO CANDIDATE FILED,0
Preston,PRECINCT 3,DEM FOR PROSECUTING ATTORNEY,,DEM,NO CANDIDATE FILED,0
Preston,PRECINCT 4,DEM FOR PROSECUTING ATTORNEY,,DEM,NO CANDIDATE FILED,0
Preston,PRECINCT 5,DEM FOR PROSECUTING ATTORNEY,,DEM,NO CANDIDATE FILED,0
Preston,PRECINCT 6,DEM FOR PROSECUTING ATTORNEY,,DEM,NO CANDIDATE FILED,0
Preston,PRECINCT 7,DEM FOR PROSECUTING ATTORNEY,,DEM,NO CANDIDATE FILED,0
Preston,PRECINCT 8,DEM FOR PROSECUTING ATTORNEY,,DEM,NO CANDIDATE FILED,0
Preston,PRECINCT 9,DEM FOR PROSECUTING ATTORNEY,,DEM,NO CANDIDATE FILED,0
Preston,PRECINCT 10,DEM FOR PROSECUTING ATTORNEY,,DEM,NO CANDIDATE FILED,0
Preston,PRECINCT 11,DEM FOR PROSECUTING ATTORNEY,,DEM,NO CANDIDATE FILED,0
Preston,PRECINCT 12,DEM FOR PROSECUTING ATTORNEY,,DEM,NO CANDIDATE FILED,0
Preston,PRECINCT 13,DEM FOR PROSECUTING ATTORNEY,,DEM,NO CANDIDATE FILED,0
Preston,PRECINCT 14,DEM FOR PROSECUTING ATTORNEY,,DEM,NO CANDIDATE FILED,0
Preston,PRECINCT 15,DEM FOR PROSECUTING ATTORNEY,,DEM,NO CANDIDATE FILED,0
Preston,PRECINCT 16,DEM FOR PROSECUTING ATTORNEY,,DEM,NO CANDIDATE FILED,0
Preston,PRECINCT 17,DEM FOR PROSECUTING ATTORNEY,,DEM,NO CANDIDATE FILED,0
Preston,PRECINCT 18,DEM FOR PROSECUTING ATTORNEY,,DEM,NO CANDIDATE FILED,0
Preston,PRECINCT 19,DEM FOR PROSECUTING ATTORNEY,,DEM,NO CANDIDATE FILED,0
Preston,PRECINCT 20,DEM FOR PROSECUTING ATTORNEY,,DEM,NO CANDIDATE FILED,0
Preston,PRECINCT 21,DEM FOR PROSECUTING ATTORNEY,,DEM,NO CANDIDATE FILED,0
Preston,PRECINCT 22,DEM FOR PROSECUTING ATTORNEY,,DEM,NO CANDIDATE FILED,0
Preston,PRECINCT 23,DEM FOR PROSECUTING ATTORNEY,,DEM,NO CANDIDATE FILED,0
Preston,PRECINCT 24,DEM FOR PROSECUTING ATTORNEY,,DEM,NO CANDIDATE FILED,0
Preston,PRECINCT 25,DEM FOR PROSECUTING ATTORNEY,,DEM,NO CANDIDATE FILED,0
Preston,PRECINCT 26,DEM FOR PROSECUTING ATTORNEY,,DEM,NO CANDIDATE FILED,0
Preston,PRECINCT 27,DEM FOR PROSECUTING ATTORNEY,,DEM,NO CANDIDATE FILED,0
Preston,PRECINCT 28,DEM FOR PROSECUTING ATTORNEY,,DEM,NO CANDIDATE FILED,0
Preston,PRECINCT 1,MTN FOR PROSECUTING ATTORNEY,,MTN,NO CANDIDATE FILED,0
Preston,PRECINCT 2,MTN FOR PROSECUTING ATTORNEY,,MTN,NO CANDIDATE FILED,0
Preston,PRECINCT 3,MTN FOR PROSECUTING ATTORNEY,,MTN,NO CANDIDATE FILED,0
Preston,PRECINCT 4,MTN FOR PROSECUTING ATTORNEY,,MTN,NO CANDIDATE FILED,0
Preston,PRECINCT 5,MTN FOR PROSECUTING ATTORNEY,,MTN,NO CANDIDATE FILED,0
Preston,PRECINCT 6,MTN FOR PROSECUTING ATTORNEY,,MTN,NO CANDIDATE FILED,0
Preston,PRECINCT 7,MTN FOR PROSECUTING ATTORNEY,,MTN,NO CANDIDATE FILED,0
Preston,PRECINCT 8,MTN FOR PROSECUTING ATTORNEY,,MTN,NO CANDIDATE FILED,0
Preston,PRECINCT 9,MTN FOR PROSECUTING ATTORNEY,,MTN,NO CANDIDATE FILED,0
Preston,PRECINCT 10,MTN FOR PROSECUTING ATTORNEY,,MTN,NO CANDIDATE FILED,0
Preston,PRECINCT 11,MTN FOR PROSECUTING ATTORNEY,,MTN,NO CANDIDATE FILED,0
Preston,PRECINCT 12,MTN FOR PROSECUTING ATTORNEY,,MTN,NO CANDIDATE FILED,0
Preston,PRECINCT 13,MTN FOR PROSECUTING ATTORNEY,,MTN,NO CANDIDATE FILED,0
Preston,PRECINCT 14,MTN FOR PROSECUTING ATTORNEY,,MTN,NO CANDIDATE FILED,0
Preston,PRECINCT 15,MTN FOR PROSECUTING ATTORNEY,,MTN,NO CANDIDATE FILED,0
Preston,PRECINCT 16,MTN FOR PROSECUTING ATTORNEY,,MTN,NO CANDIDATE FILED,0
Preston,PRECINCT 17,MTN FOR PROSECUTING ATTORNEY,,MTN,NO CANDIDATE FILED,0
Preston,PRECINCT 18,MTN FOR PROSECUTING ATTORNEY,,MTN,NO CANDIDATE FILED,0
Preston,PRECINCT 19,MTN FOR PROSECUTING ATTORNEY,,MTN,NO CANDIDATE FILED,0
Preston,PRECINCT 20,MTN FOR PROSECUTING ATTORNEY,,MTN,NO CANDIDATE FILED,0
Preston,PRECINCT 21,MTN FOR PROSECUTING ATTORNEY,,MTN,NO CANDIDATE FILED,0
Preston,PRECINCT 22,MTN FOR PROSECUTING ATTORNEY,,MTN,NO CANDIDATE FILED,0
Preston,PRECINCT 23,MTN FOR PROSECUTING ATTORNEY,,MTN,NO CANDIDATE FILED,0
Preston,PRECINCT 24,MTN FOR PROSECUTING ATTORNEY,,MTN,NO CANDIDATE FILED,0
Preston,PRECINCT 25,MTN FOR PROSECUTING ATTORNEY,,MTN,NO CANDIDATE FILED,0
Preston,PRECINCT 26,MTN FOR PROSECUTING ATTORNEY,,MTN,NO CANDIDATE FILED,0
Preston,PRECINCT 27,MTN FOR PROSECUTING ATTORNEY,,MTN,NO CANDIDATE FILED,0
Preston,PRECINCT 28,MTN FOR PROSECUTING ATTORNEY,,MTN,NO CANDIDATE FILED,0
Preston,PRECINCT 1,REP FOR SHERIFF,,REP,PAUL 'MOE' PRITT,158
Preston,PRECINCT 2,REP FOR SHERIFF,,REP,PAUL 'MOE' PRITT,234
Preston,PRECINCT 3,REP FOR SHERIFF,,REP,PAUL 'MOE' PRITT,186
Preston,PRECINCT 4,REP FOR SHERIFF,,REP,PAUL 'MOE' PRITT,187
Preston,PRECINCT 5,REP FOR SHERIFF,,REP,PAUL 'MOE' PRITT,277
Preston,PRECINCT 6,REP FOR SHERIFF,,REP,PAUL 'MOE' PRITT,107
Preston,PRECINCT 7,REP FOR SHERIFF,,REP,PAUL 'MOE' PRITT,54
Preston,PRECINCT 8,REP FOR SHERIFF,,REP,PAUL 'MOE' PRITT,156
Preston,PRECINCT 9,REP FOR SHERIFF,,REP,PAUL 'MOE' PRITT,44
Preston,PRECINCT 10,REP FOR SHERIFF,,REP,PAUL 'MOE' PRITT,140
Preston,PRECINCT 11,REP FOR SHERIFF,,REP,PAUL 'MOE' PRITT,170
Preston,PRECINCT 12,REP FOR SHERIFF,,REP,PAUL 'MOE' PRITT,178
Preston,PRECINCT 13,REP FOR SHERIFF,,REP,PAUL 'MOE' PRITT,275
Preston,PRECINCT 14,REP FOR SHERIFF,,REP,PAUL 'MOE' PRITT,32
Preston,PRECINCT 15,REP FOR SHERIFF,,REP,PAUL 'MOE' PRITT,193
Preston,PRECINCT 16,REP FOR SHERIFF,,REP,PAUL 'MOE' PRITT,243
Preston,PRECINCT 17,REP FOR SHERIFF,,REP,PAUL 'MOE' PRITT,94
Preston,PRECINCT 18,REP FOR SHERIFF,,REP,PAUL 'MOE' PRITT,184
Preston,PRECINCT 19,REP FOR SHERIFF,,REP,PAUL 'MOE' PRITT,120
Preston,PRECINCT 20,REP FOR SHERIFF,,REP,PAUL 'MOE' PRITT,276
Preston,PRECINCT 21,REP FOR SHERIFF,,REP,PAUL 'MOE' PRITT,132
Preston,PRECINCT 22,REP FOR SHERIFF,,REP,PAUL 'MOE' PRITT,171
Preston,PRECINCT 23,REP FOR SHERIFF,,REP,PAUL 'MOE' PRITT,127
Preston,PRECINCT 24,REP FOR SHERIFF,,REP,PAUL 'MOE' PRITT,132
Preston,PRECINCT 25,REP FOR SHERIFF,,REP,PAUL 'MOE' PRITT,100
Preston,PRECINCT 26,REP FOR SHERIFF,,REP,PAUL 'MOE' PRITT,125
Preston,PRECINCT 27,REP FOR SHERIFF,,REP,PAUL 'MOE' PRITT,145
Preston,PRECINCT 28,REP FOR SHERIFF,,REP,PAUL 'MOE' PRITT,40
Preston,PRECINCT 1,DEM FOR SHERIFF,,DEM,NO CANDIDATE FILED,0
Preston,PRECINCT 2,DEM FOR SHERIFF,,DEM,NO CANDIDATE FILED,0
Preston,PRECINCT 3,DEM FOR SHERIFF,,DEM,NO CANDIDATE FILED,0
Preston,PRECINCT 4,DEM FOR SHERIFF,,DEM,NO CANDIDATE FILED,0
Preston,PRECINCT 5,DEM FOR SHERIFF,,DEM,NO CANDIDATE FILED,0
Preston,PRECINCT 6,DEM FOR SHERIFF,,DEM,NO CANDIDATE FILED,0
Preston,PRECINCT 7,DEM FOR SHERIFF,,DEM,NO CANDIDATE FILED,0
Preston,PRECINCT 8,DEM FOR SHERIFF,,DEM,NO CANDIDATE FILED,0
Preston,PRECINCT 9,DEM FOR SHERIFF,,DEM,NO CANDIDATE FILED,0
Preston,PRECINCT 10,DEM FOR SHERIFF,,DEM,NO CANDIDATE FILED,0
Preston,PRECINCT 11,DEM FOR SHERIFF,,DEM,NO CANDIDATE FILED,0
Preston,PRECINCT 12,DEM FOR SHERIFF,,DEM,NO CANDIDATE FILED,0
Preston,PRECINCT 13,DEM FOR SHERIFF,,DEM,NO CANDIDATE FILED,0
Preston,PRECINCT 14,DEM FOR SHERIFF,,DEM,NO CANDIDATE FILED,0
Preston,PRECINCT 15,DEM FOR SHERIFF,,DEM,NO CANDIDATE FILED,0
Preston,PRECINCT 16,DEM FOR SHERIFF,,DEM,NO CANDIDATE FILED,0
Preston,PRECINCT 17,DEM FOR SHERIFF,,DEM,NO CANDIDATE FILED,0
Preston,PRECINCT 18,DEM FOR SHERIFF,,DEM,NO CANDIDATE FILED,0
Preston,PRECINCT 19,DEM FOR SHERIFF,,DEM,NO CANDIDATE FILED,0
Preston,PRECINCT 20,DEM FOR SHERIFF,,DEM,NO CANDIDATE FILED,0
Preston,PRECINCT 21,DEM FOR SHERIFF,,DEM,NO CANDIDATE FILED,0
Preston,PRECINCT 22,DEM FOR SHERIFF,,DEM,NO CANDIDATE FILED,0
Preston,PRECINCT 23,DEM FOR SHERIFF,,DEM,NO CANDIDATE FILED,0
Preston,PRECINCT 24,DEM FOR SHERIFF,,DEM,NO CANDIDATE FILED,0
Preston,PRECINCT 25,DEM FOR SHERIFF,,DEM,NO CANDIDATE FILED,0
Preston,PRECINCT 26,DEM FOR SHERIFF,,DEM,NO CANDIDATE FILED,0
Preston,PRECINCT 27,DEM FOR SHERIFF,,DEM,NO CANDIDATE FILED,0
Preston,PRECINCT 28,DEM FOR SHERIFF,,DEM,NO CANDIDATE FILED,0
Preston,PRECINCT 1,MTN FOR SHERIFF,,MTN,NO CANDIDATE FILED,0
Preston,PRECINCT 2,MTN FOR SHERIFF,,MTN,NO CANDIDATE FILED,0
Preston,PRECINCT 3,MTN FOR SHERIFF,,MTN,NO CANDIDATE FILED,0
Preston,PRECINCT 4,MTN FOR SHERIFF,,MTN,NO CANDIDATE FILED,0
Preston,PRECINCT 5,MTN FOR SHERIFF,,MTN,NO CANDIDATE FILED,0
Preston,PRECINCT 6,MTN FOR SHERIFF,,MTN,NO CANDIDATE FILED,0
Preston,PRECINCT 7,MTN FOR SHERIFF,,MTN,NO CANDIDATE FILED,0
Preston,PRECINCT 8,MTN FOR SHERIFF,,MTN,NO CANDIDATE FILED,0
Preston,PRECINCT 9,MTN FOR SHERIFF,,MTN,NO CANDIDATE FILED,0
Preston,PRECINCT 10,MTN FOR SHERIFF,,MTN,NO CANDIDATE FILED,0
Preston,PRECINCT 11,MTN FOR SHERIFF,,MTN,NO CANDIDATE FILED,0
Preston,PRECINCT 12,MTN FOR SHERIFF,,MTN,NO CANDIDATE FILED,0
Preston,PRECINCT 13,MTN FOR SHERIFF,,MTN,NO CANDIDATE FILED,0
Preston,PRECINCT 14,MTN FOR SHERIFF,,MTN,NO CANDIDATE FILED,0
Preston,PRECINCT 15,MTN FOR SHERIFF,,MTN,NO CANDIDATE FILED,0
Preston,PRECINCT 16,MTN FOR SHERIFF,,MTN,NO CANDIDATE FILED,0
Preston,PRECINCT 17,MTN FOR SHERIFF,,MTN,NO CANDIDATE FILED,0
Preston,PRECINCT 18,MTN FOR SHERIFF,,MTN,NO CANDIDATE FILED,0
Preston,PRECINCT 19,MTN FOR SHERIFF,,MTN,NO CANDIDATE FILED,0
Preston,PRECINCT 20,MTN FOR SHERIFF,,MTN,NO CANDIDATE FILED,0
Preston,PRECINCT 21,MTN FOR SHERIFF,,MTN,NO CANDIDATE FILED,0
Preston,PRECINCT 22,MTN FOR SHERIFF,,MTN,NO CANDIDATE FILED,0
Preston,PRECINCT 23,MTN FOR SHERIFF,,MTN,NO CANDIDATE FILED,0
Preston,PRECINCT 24,MTN FOR SHERIFF,,MTN,NO CANDIDATE FILED,0
Preston,PRECINCT 25,MTN FOR SHERIFF,,MTN,NO CANDIDATE FILED,0
Preston,PRECINCT 26,MTN FOR SHERIFF,,MTN,NO CANDIDATE FILED,0
Preston,PRECINCT 27,MTN FOR SHERIFF,,MTN,NO CANDIDATE FILED,0
Preston,PRECINCT 28,MTN FOR SHERIFF,,MTN,NO CANDIDATE FILED,0
Preston,PRECINCT 1,REP FOR ASSESSOR,,REP,DAVID J NESTOR II,173
Preston,PRECINCT 2,REP FOR ASSESSOR,,REP,DAVID J NESTOR II,219
Preston,PRECINCT 3,REP FOR ASSESSOR,,REP,DAVID J NESTOR II,188
Preston,PRECINCT 4,REP FOR ASSESSOR,,REP,DAVID J NESTOR II,91
Preston,PRECINCT 5,REP FOR ASSESSOR,,REP,DAVID J NESTOR II,251
Preston,PRECINCT 6,REP FOR ASSESSOR,,REP,DAVID J NESTOR II,100
Preston,PRECINCT 7,REP FOR ASSESSOR,,REP,DAVID J NESTOR II,24
Preston,PRECINCT 8,REP FOR ASSESSOR,,REP,DAVID J NESTOR II,69
Preston,PRECINCT 9,REP FOR ASSESSOR,,REP,DAVID J NESTOR II,17
Preston,PRECINCT 10,REP FOR ASSESSOR,,REP,DAVID J NESTOR II,67
Preston,PRECINCT 11,REP FOR ASSESSOR,,REP,DAVID J NESTOR II,96
Preston,PRECINCT 12,REP FOR ASSESSOR,,REP,DAVID J NESTOR II,80
Preston,PRECINCT 13,REP FOR ASSESSOR,,REP,DAVID J NESTOR II,121
Preston,PRECINCT 14,REP FOR ASSESSOR,,REP,DAVID J NESTOR II,23
Preston,PRECINCT 15,REP FOR ASSESSOR,,REP,DAVID J NESTOR II,87
Preston,PRECINCT 16,REP FOR ASSESSOR,,REP,DAVID J NESTOR II,104
Preston,PRECINCT 17,REP FOR ASSESSOR,,REP,DAVID J NESTOR II,44
Preston,PRECINCT 18,REP FOR ASSESSOR,,REP,DAVID J NESTOR II,112
Preston,PRECINCT 19,REP FOR ASSESSOR,,REP,DAVID J NESTOR II,62
Preston,PRECINCT 20,REP FOR ASSESSOR,,REP,DAVID J NESTOR II,139
Preston,PRECINCT 21,REP FOR ASSESSOR,,REP,DAVID J NESTOR II,79
Preston,PRECINCT 22,REP FOR ASSESSOR,,REP,DAVID J NESTOR II,89
Preston,PRECINCT 23,REP FOR ASSESSOR,,REP,DAVID J NESTOR II,81
Preston,PRECINCT 24,REP FOR ASSESSOR,,REP,DAVID J NESTOR II,82
Preston,PRECINCT 25,REP FOR ASSESSOR,,REP,DAVID J NESTOR II,59
Preston,PRECINCT 26,REP FOR ASSESSOR,,REP,DAVID J NESTOR II,53
Preston,PRECINCT 27,REP FOR ASSESSOR,,REP,DAVID J NESTOR II,90
Preston,PRECINCT 28,REP FOR ASSESSOR,,REP,DAVID J NESTOR II,32
Preston,PRECINCT 1,REP FOR ASSESSOR,,REP,ART LIPSCOMB,10
Preston,PRECINCT 2,REP FOR ASSESSOR,,REP,ART LIPSCOMB,40
Preston,PRECINCT 3,REP FOR ASSESSOR,,REP,ART LIPSCOMB,27
Preston,PRECINCT 4,REP FOR ASSESSOR,,REP,ART LIPSCOMB,117
Preston,PRECINCT 5,REP FOR ASSESSOR,,REP,ART LIPSCOMB,64
Preston,PRECINCT 6,REP FOR ASSESSOR,,REP,ART LIPSCOMB,11
Preston,PRECINCT 7,REP FOR ASSESSOR,,REP,ART LIPSCOMB,38
Preston,PRECINCT 8,REP FOR ASSESSOR,,REP,ART LIPSCOMB,105
Preston,PRECINCT 9,REP FOR ASSESSOR,,REP,ART LIPSCOMB,34
Preston,PRECINCT 10,REP FOR ASSESSOR,,REP,ART LIPSCOMB,80
Preston,PRECINCT 11,REP FOR ASSESSOR,,REP,ART LIPSCOMB,93
Preston,PRECINCT 12,REP FOR ASSESSOR,,REP,ART LIPSCOMB,94
Preston,PRECINCT 13,REP FOR ASSESSOR,,REP,ART LIPSCOMB,118
Preston,PRECINCT 14,REP FOR ASSESSOR,,REP,ART LIPSCOMB,11
Preston,PRECINCT 15,REP FOR ASSESSOR,,REP,ART LIPSCOMB,93
Preston,PRECINCT 16,REP FOR ASSESSOR,,REP,ART LIPSCOMB,137
Preston,PRECINCT 17,REP FOR ASSESSOR,,REP,ART LIPSCOMB,47
Preston,PRECINCT 18,REP FOR ASSESSOR,,REP,ART LIPSCOMB,55
Preston,PRECINCT 19,REP FOR ASSESSOR,,REP,ART LIPSCOMB,55
Preston,PRECINCT 20,REP FOR ASSESSOR,,REP,ART LIPSCOMB,102
Preston,PRECINCT 21,REP FOR ASSESSOR,,REP,ART LIPSCOMB,62
Preston,PRECINCT 22,REP FOR ASSESSOR,,REP,ART LIPSCOMB,82
Preston,PRECINCT 23,REP FOR ASSESSOR,,REP,ART LIPSCOMB,49
Preston,PRECINCT 24,REP FOR ASSESSOR,,REP,ART LIPSCOMB,94
Preston,PRECINCT 25,REP FOR ASSESSOR,,REP,ART LIPSCOMB,51
Preston,PRECINCT 26,REP FOR ASSESSOR,,REP,ART LIPSCOMB,84
Preston,PRECINCT 27,REP FOR ASSESSOR,,REP,ART LIPSCOMB,69
Preston,PRECINCT 28,REP FOR ASSESSOR,,REP,ART LIPSCOMB,13
Preston,PRECINCT 1,REP FOR ASSESSOR,,REP,JESSE HALE,14
Preston,PRECINCT 2,REP FOR ASSESSOR,,REP,JESSE HALE,21
Preston,PRECINCT 3,REP FOR ASSESSOR,,REP,JESSE HALE,11
Preston,PRECINCT 4,REP FOR ASSESSOR,,REP,JESSE HALE,28
Preston,PRECINCT 5,REP FOR ASSESSOR,,REP,JESSE HALE,30
Preston,PRECINCT 6,REP FOR ASSESSOR,,REP,JESSE HALE,17
Preston,PRECINCT 7,REP FOR ASSESSOR,,REP,JESSE HALE,10
Preston,PRECINCT 8,REP FOR ASSESSOR,,REP,JESSE HALE,35
Preston,PRECINCT 9,REP FOR ASSESSOR,,REP,JESSE HALE,9
Preston,PRECINCT 10,REP FOR ASSESSOR,,REP,JESSE HALE,28
Preston,PRECINCT 11,REP FOR ASSESSOR,,REP,JESSE HALE,27
Preston,PRECINCT 12,REP FOR ASSESSOR,,REP,JESSE HALE,27
Preston,PRECINCT 13,REP FOR ASSESSOR,,REP,JESSE HALE,103
Preston,PRECINCT 14,REP FOR ASSESSOR,,REP,JESSE HALE,6
Preston,PRECINCT 15,REP FOR ASSESSOR,,REP,JESSE HALE,82
Preston,PRECINCT 16,REP FOR ASSESSOR,,REP,JESSE HALE,77
Preston,PRECINCT 17,REP FOR ASSESSOR,,REP,JESSE HALE,25
Preston,PRECINCT 18,REP FOR ASSESSOR,,REP,JESSE HALE,35
Preston,PRECINCT 19,REP FOR ASSESSOR,,REP,JESSE HALE,18
Preston,PRECINCT 20,REP FOR ASSESSOR,,REP,JESSE HALE,65
Preston,PRECINCT 21,REP FOR ASSESSOR,,REP,JESSE HALE,24
Preston,PRECINCT 22,REP FOR ASSESSOR,,REP,JESSE HALE,43
Preston,PRECINCT 23,REP FOR ASSESSOR,,REP,JESSE HALE,24
Preston,PRECINCT 24,REP FOR ASSESSOR,,REP,JESSE HALE,19
Preston,PRECINCT 25,REP FOR ASSESSOR,,REP,JESSE HALE,18
Preston,PRECINCT 26,REP FOR ASSESSOR,,REP,JESSE HALE,30
Preston,PRECINCT 27,REP FOR ASSESSOR,,REP,JESSE HALE,33
Preston,PRECINCT 28,REP FOR ASSESSOR,,REP,JESSE HALE,2
Preston,PRECINCT 1,DEM FOR ASSESSOR,,DEM,NO CANDIDATE FILED,0
Preston,PRECINCT 2,DEM FOR ASSESSOR,,DEM,NO CANDIDATE FILED,0
Preston,PRECINCT 3,DEM FOR ASSESSOR,,DEM,NO CANDIDATE FILED,0
Preston,PRECINCT 4,DEM FOR ASSESSOR,,DEM,NO CANDIDATE FILED,0
Preston,PRECINCT 5,DEM FOR ASSESSOR,,DEM,NO CANDIDATE FILED,0
Preston,PRECINCT 6,DEM FOR ASSESSOR,,DEM,NO CANDIDATE FILED,0
Preston,PRECINCT 7,DEM FOR ASSESSOR,,DEM,NO CANDIDATE FILED,0
Preston,PRECINCT 8,DEM FOR ASSESSOR,,DEM,NO CANDIDATE FILED,0
Preston,PRECINCT 9,DEM FOR ASSESSOR,,DEM,NO CANDIDATE FILED,0
Preston,PRECINCT 10,DEM FOR ASSESSOR,,DEM,NO CANDIDATE FILED,0
Preston,PRECINCT 11,DEM FOR ASSESSOR,,DEM,NO CANDIDATE FILED,0
Preston,PRECINCT 12,DEM FOR ASSESSOR,,DEM,NO CANDIDATE FILED,0
Preston,PRECINCT 13,DEM FOR ASSESSOR,,DEM,NO CANDIDATE FILED,0
Preston,PRECINCT 14,DEM FOR ASSESSOR,,DEM,NO CANDIDATE FILED,0
Preston,PRECINCT 15,DEM FOR ASSESSOR,,DEM,NO CANDIDATE FILED,0
Preston,PRECINCT 16,DEM FOR ASSESSOR,,DEM,NO CANDIDATE FILED,0
Preston,PRECINCT 17,DEM FOR ASSESSOR,,DEM,NO CANDIDATE FILED,0
Preston,PRECINCT 18,DEM FOR ASSESSOR,,DEM,NO CANDIDATE FILED,0
Preston,PRECINCT 19,DEM FOR ASSESSOR,,DEM,NO CANDIDATE FILED,0
Preston,PRECINCT 20,DEM FOR ASSESSOR,,DEM,NO CANDIDATE FILED,0
Preston,PRECINCT 21,DEM FOR ASSESSOR,,DEM,NO CANDIDATE FILED,0
Preston,PRECINCT 22,DEM FOR ASSESSOR,,DEM,NO CANDIDATE FILED,0
Preston,PRECINCT 23,DEM FOR ASSESSOR,,DEM,NO CANDIDATE FILED,0
Preston,PRECINCT 24,DEM FOR ASSESSOR,,DEM,NO CANDIDATE FILED,0
Preston,PRECINCT 25,DEM FOR ASSESSOR,,DEM,NO CANDIDATE FILED,0
Preston,PRECINCT 26,DEM FOR ASSESSOR,,DEM,NO CANDIDATE FILED,0
Preston,PRECINCT 27,DEM FOR ASSESSOR,,DEM,NO CANDIDATE FILED,0
Preston,PRECINCT 28,DEM FOR ASSESSOR,,DEM,NO CANDIDATE FILED,0
Preston,PRECINCT 1,MTN FOR ASSESSOR,,MTN,NO CANDIDATE FILED,0
Preston,PRECINCT 2,MTN FOR ASSESSOR,,MTN,NO CANDIDATE FILED,0
Preston,PRECINCT 3,MTN FOR ASSESSOR,,MTN,NO CANDIDATE FILED,0
Preston,PRECINCT 4,MTN FOR ASSESSOR,,MTN,NO CANDIDATE FILED,0
Preston,PRECINCT 5,MTN FOR ASSESSOR,,MTN,NO CANDIDATE FILED,0
Preston,PRECINCT 6,MTN FOR ASSESSOR,,MTN,NO CANDIDATE FILED,0
Preston,PRECINCT 7,MTN FOR ASSESSOR,,MTN,NO CANDIDATE FILED,0
Preston,PRECINCT 8,MTN FOR ASSESSOR,,MTN,NO CANDIDATE FILED,0
Preston,PRECINCT 9,MTN FOR ASSESSOR,,MTN,NO CANDIDATE FILED,0
Preston,PRECINCT 10,MTN FOR ASSESSOR,,MTN,NO CANDIDATE FILED,0
Preston,PRECINCT 11,MTN FOR ASSESSOR,,MTN,NO CANDIDATE FILED,0
Preston,PRECINCT 12,MTN FOR ASSESSOR,,MTN,NO CANDIDATE FILED,0
Preston,PRECINCT 13,MTN FOR ASSESSOR,,MTN,NO CANDIDATE FILED,0
Preston,PRECINCT 14,MTN FOR ASSESSOR,,MTN,NO CANDIDATE FILED,0
Preston,PRECINCT 15,MTN FOR ASSESSOR,,MTN,NO CANDIDATE FILED,0
Preston,PRECINCT 16,MTN FOR ASSESSOR,,MTN,NO CANDIDATE FILED,0
Preston,PRECINCT 17,MTN FOR ASSESSOR,,MTN,NO CANDIDATE FILED,0
Preston,PRECINCT 18,MTN FOR ASSESSOR,,MTN,NO CANDIDATE FILED,0
Preston,PRECINCT 19,MTN FOR ASSESSOR,,MTN,NO CANDIDATE FILED,0
Preston,PRECINCT 20,MTN FOR ASSESSOR,,MTN,NO CANDIDATE FILED,0
Preston,PRECINCT 21,MTN FOR ASSESSOR,,MTN,NO CANDIDATE FILED,0
Preston,PRECINCT 22,MTN FOR ASSESSOR,,MTN,NO CANDIDATE FILED,0
Preston,PRECINCT 23,MTN FOR ASSESSOR,,MTN,NO CANDIDATE FILED,0
Preston,PRECINCT 24,MTN FOR ASSESSOR,,MTN,NO CANDIDATE FILED,0
Preston,PRECINCT 25,MTN FOR ASSESSOR,,MTN,NO CANDIDATE FILED,0
Preston,PRECINCT 26,MTN FOR ASSESSOR,,MTN,NO CANDIDATE FILED,0
Preston,PRECINCT 27,MTN FOR ASSESSOR,,MTN,NO CANDIDATE FILED,0
Preston,PRECINCT 28,MTN FOR ASSESSOR,,MTN,NO CANDIDATE FILED,0
Preston,PRECINCT 1,REP FOR SURVEYOR,,REP,NO CANDIDATE FILED,0
Preston,PRECINCT 2,REP FOR SURVEYOR,,REP,NO CANDIDATE FILED,0
Preston,PRECINCT 3,REP FOR SURVEYOR,,REP,NO CANDIDATE FILED,0
Preston,PRECINCT 4,REP FOR SURVEYOR,,REP,NO CANDIDATE FILED,0
Preston,PRECINCT 5,REP FOR SURVEYOR,,REP,NO CANDIDATE FILED,0
Preston,PRECINCT 6,REP FOR SURVEYOR,,REP,NO CANDIDATE FILED,0
Preston,PRECINCT 7,REP FOR SURVEYOR,,REP,NO CANDIDATE FILED,0
Preston,PRECINCT 8,REP FOR SURVEYOR,,REP,NO CANDIDATE FILED,0
Preston,PRECINCT 9,REP FOR SURVEYOR,,REP,NO CANDIDATE FILED,0
Preston,PRECINCT 10,REP FOR SURVEYOR,,REP,NO CANDIDATE FILED,0
Preston,PRECINCT 11,REP FOR SURVEYOR,,REP,NO CANDIDATE FILED,0
Preston,PRECINCT 12,REP FOR SURVEYOR,,REP,NO CANDIDATE FILED,0
Preston,PRECINCT 13,REP FOR SURVEYOR,,REP,NO CANDIDATE FILED,0
Preston,PRECINCT 14,REP FOR SURVEYOR,,REP,NO CANDIDATE FILED,0
Preston,PRECINCT 15,REP FOR SURVEYOR,,REP,NO CANDIDATE FILED,0
Preston,PRECINCT 16,REP FOR SURVEYOR,,REP,NO CANDIDATE FILED,0
Preston,PRECINCT 17,REP FOR SURVEYOR,,REP,NO CANDIDATE FILED,0
Preston,PRECINCT 18,REP FOR SURVEYOR,,REP,NO CANDIDATE FILED,0
Preston,PRECINCT 19,REP FOR SURVEYOR,,REP,NO CANDIDATE FILED,0
Preston,PRECINCT 20,REP FOR SURVEYOR,,REP,NO CANDIDATE FILED,0
Preston,PRECINCT 21,REP FOR SURVEYOR,,REP,NO CANDIDATE FILED,0
Preston,PRECINCT 22,REP FOR SURVEYOR,,REP,NO CANDIDATE FILED,0
Preston,PRECINCT 23,REP FOR SURVEYOR,,REP,NO CANDIDATE FILED,0
Preston,PRECINCT 24,REP FOR SURVEYOR,,REP,NO CANDIDATE FILED,0
Preston,PRECINCT 25,REP FOR SURVEYOR,,REP,NO CANDIDATE FILED,0
Preston,PRECINCT 26,REP FOR SURVEYOR,,REP,NO CANDIDATE FILED,0
Preston,PRECINCT 27,REP FOR SURVEYOR,,REP,NO CANDIDATE FILED,0
Preston,PRECINCT 28,REP FOR SURVEYOR,,REP,NO CANDIDATE FILED,0
Preston,PRECINCT 1,DEM FOR SURVEYOR,,DEM,KEN MORAN,41
Preston,PRECINCT 2,DEM FOR SURVEYOR,,DEM,KEN MORAN,50
Preston,PRECINCT 3,DEM FOR SURVEYOR,,DEM,KEN MORAN,46
Preston,PRECINCT 4,DEM FOR SURVEYOR,,DEM,KEN MORAN,45
Preston,PRECINCT 5,DEM FOR SURVEYOR,,DEM,KEN MORAN,55
Preston,PRECINCT 6,DEM FOR SURVEYOR,,DEM,KEN MORAN,20
Preston,PRECINCT 7,DEM FOR SURVEYOR,,DEM,KEN MORAN,11
Preston,PRECINCT 8,DEM FOR SURVEYOR,,DEM,KEN MORAN,51
Preston,PRECINCT 9,DEM FOR SURVEYOR,,DEM,KEN MORAN,25
Preston,PRECINCT 10,DEM FOR SURVEYOR,,DEM,KEN MORAN,50
Preston,PRECINCT 11,DEM FOR SURVEYOR,,DEM,KEN MORAN,71
Preston,PRECINCT 12,DEM FOR SURVEYOR,,DEM,KEN MORAN,74
Preston,PRECINCT 13,DEM FOR SURVEYOR,,DEM,KEN MORAN,90
Preston,PRECINCT 14,DEM FOR SURVEYOR,,DEM,KEN MORAN,8
Preston,PRECINCT 15,DEM FOR SURVEYOR,,DEM,KEN MORAN,67
Preston,PRECINCT 16,DEM FOR SURVEYOR,,DEM,KEN MORAN,77
Preston,PRECINCT 17,DEM FOR SURVEYOR,,DEM,KEN MORAN,19
Preston,PRECINCT 18,DEM FOR SURVEYOR,,DEM,KEN MORAN,32
Preston,PRECINCT 19,DEM FOR SURVEYOR,,DEM,KEN MORAN,40
Preston,PRECINCT 20,DEM FOR SURVEYOR,,DEM,KEN MORAN,53
Preston,PRECINCT 21,DEM FOR SURVEYOR,,DEM,KEN MORAN,32
Preston,PRECINCT 22,DEM FOR SURVEYOR,,DEM,KEN MORAN,46
Preston,PRECINCT 23,DEM FOR SURVEYOR,,DEM,KEN MORAN,29
Preston,PRECINCT 24,DEM FOR SURVEYOR,,DEM,KEN MORAN,57
Preston,PRECINCT 25,DEM FOR SURVEYOR,,DEM,KEN MORAN,29
Preston,PRECINCT 26,DEM FOR SURVEYOR,,DEM,KEN MORAN,20
Preston,PRECINCT 27,DEM FOR SURVEYOR,,DEM,KEN MORAN,52
Preston,PRECINCT 28,DEM FOR SURVEYOR,,DEM,KEN MORAN,6
Preston,PRECINCT 1,MTN FOR SURVEYOR,,MTN,NO CANDIDATE FILED,0
Preston,PRECINCT 2,MTN FOR SURVEYOR,,MTN,NO CANDIDATE FILED,0
Preston,PRECINCT 3,MTN FOR SURVEYOR,,MTN,NO CANDIDATE FILED,0
Preston,PRECINCT 4,MTN FOR SURVEYOR,,MTN,NO CANDIDATE FILED,0
Preston,PRECINCT 5,MTN FOR SURVEYOR,,MTN,NO CANDIDATE FILED,0
Preston,PRECINCT 6,MTN FOR SURVEYOR,,MTN,NO CANDIDATE FILED,0
Preston,PRECINCT 7,MTN FOR SURVEYOR,,MTN,NO CANDIDATE FILED,0
Preston,PRECINCT 8,MTN FOR SURVEYOR,,MTN,NO CANDIDATE FILED,0
Preston,PRECINCT 9,MTN FOR SURVEYOR,,MTN,NO CANDIDATE FILED,0
Preston,PRECINCT 10,MTN FOR SURVEYOR,,MTN,NO CANDIDATE FILED,0
Preston,PRECINCT 11,MTN FOR SURVEYOR,,MTN,NO CANDIDATE FILED,0
Preston,PRECINCT 12,MTN FOR SURVEYOR,,MTN,NO CANDIDATE FILED,0
Preston,PRECINCT 13,MTN FOR SURVEYOR,,MTN,NO CANDIDATE FILED,0
Preston,PRECINCT 14,MTN FOR SURVEYOR,,MTN,NO CANDIDATE FILED,0
Preston,PRECINCT 15,MTN FOR SURVEYOR,,MTN,NO CANDIDATE FILED,0
Preston,PRECINCT 16,MTN FOR SURVEYOR,,MTN,NO CANDIDATE FILED,0
Preston,PRECINCT 17,MTN FOR SURVEYOR,,MTN,NO CANDIDATE FILED,0
Preston,PRECINCT 18,MTN FOR SURVEYOR,,MTN,NO CANDIDATE FILED,0
Preston,PRECINCT 19,MTN FOR SURVEYOR,,MTN,NO CANDIDATE FILED,0
Preston,PRECINCT 20,MTN FOR SURVEYOR,,MTN,NO CANDIDATE FILED,0
Preston,PRECINCT 21,MTN FOR SURVEYOR,,MTN,NO CANDIDATE FILED,0
Preston,PRECINCT 22,MTN FOR SURVEYOR,,MTN,NO CANDIDATE FILED,0
Preston,PRECINCT 23,MTN FOR SURVEYOR,,MTN,NO CANDIDATE FILED,0
Preston,PRECINCT 24,MTN FOR SURVEYOR,,MTN,NO CANDIDATE FILED,0
Preston,PRECINCT 25,MTN FOR SURVEYOR,,MTN,NO CANDIDATE FILED,0
Preston,PRECINCT 26,MTN FOR SURVEYOR,,MTN,NO CANDIDATE FILED,0
Preston,PRECINCT 27,MTN FOR SURVEYOR,,MTN,NO CANDIDATE FILED,0
Preston,PRECINCT 28,MTN FOR SURVEYOR,,MTN,NO CANDIDATE FILED,0
Preston,PRECINCT 1,Supreme Court of Appeals,,,DEBRA K.  FELTON,80
Preston,PRECINCT 2,Supreme Court of Appeals,,,DEBRA K.  FELTON,117
Preston,PRECINCT 3,Supreme Court of Appeals,,,DEBRA K.  FELTON,101
Preston,PRECINCT 4,Supreme Court of Appeals,,,DEBRA K.  FELTON,89
Preston,PRECINCT 5,Supreme Court of Appeals,,,DEBRA K.  FELTON,106
Preston,PRECINCT 6,Supreme Court of Appeals,,,DEBRA K.  FELTON,39
Preston,PRECINCT 7,Supreme Court of Appeals,,,DEBRA K.  FELTON,26
Preston,PRECINCT 8,Supreme Court of Appeals,,,DEBRA K.  FELTON,96
Preston,PRECINCT 9,Supreme Court of Appeals,,,DEBRA K.  FELTON,28
Preston,PRECINCT 10,Supreme Court of Appeals,,,DEBRA K.  FELTON,50
Preston,PRECINCT 11,Supreme Court of Appeals,,,DEBRA K.  FELTON,106
Preston,PRECINCT 12,Supreme Court of Appeals,,,DEBRA K.  FELTON,73
Preston,PRECINCT 13,Supreme Court of Appeals,,,DEBRA K.  FELTON,170
Preston,PRECINCT 14,Supreme Court of Appeals,,,DEBRA K.  FELTON,23
Preston,PRECINCT 15,Supreme Court of Appeals,,,DEBRA K.  FELTON,127
Preston,PRECINCT 16,Supreme Court of Appeals,,,DEBRA K.  FELTON,117
Preston,PRECINCT 17,Supreme Court of Appeals,,,DEBRA K.  FELTON,60
Preston,PRECINCT 18,Supreme Court of Appeals,,,DEBRA K.  FELTON,99
Preston,PRECINCT 19,Supreme Court of Appeals,,,DEBRA K.  FELTON,123
Preston,PRECINCT 20,Supreme Court of Appeals,,,DEBRA K.  FELTON,153
Preston,PRECINCT 21,Supreme Court of Appeals,,,DEBRA K.  FELTON,78
Preston,PRECINCT 22,Supreme Court of Appeals,,,DEBRA K.  FELTON,103
Preston,PRECINCT 23,Supreme Court of Appeals,,,DEBRA K.  FELTON,110
Preston,PRECINCT 24,Supreme Court of Appeals,,,DEBRA K.  FELTON,149
Preston,PRECINCT 25,Supreme Court of Appeals,,,DEBRA K.  FELTON,74
Preston,PRECINCT 26,Supreme Court of Appeals,,,DEBRA K.  FELTON,85
Preston,PRECINCT 27,Supreme Court of Appeals,,,DEBRA K.  FELTON,177
Preston,PRECINCT 28,Supreme Court of Appeals,,,DEBRA K.  FELTON,17
Preston,PRECINCT 1,Supreme Court of Appeals,,,BETH NOSS,33
Preston,PRECINCT 2,Supreme Court of Appeals,,,BETH NOSS,80
Preston,PRECINCT 3,Supreme Court of Appeals,,,BETH NOSS,59
Preston,PRECINCT 4,Supreme Court of Appeals,,,BETH NOSS,58
Preston,PRECINCT 5,Supreme Court of Appeals,,,BETH NOSS,104
Preston,PRECINCT 6,Supreme Court of Appeals,,,BETH NOSS,23
Preston,PRECINCT 7,Supreme Court of Appeals,,,BETH NOSS,30
Preston,PRECINCT 8,Supreme Court of Appeals,,,BETH NOSS,79
Preston,PRECINCT 9,Supreme Court of Appeals,,,BETH NOSS,13
Preston,PRECINCT 10,Supreme Court of Appeals,,,BETH NOSS,40
Preston,PRECINCT 11,Supreme Court of Appeals,,,BETH NOSS,42
Preston,PRECINCT 12,Supreme Court of Appeals,,,BETH NOSS,50
Preston,PRECINCT 13,Supreme Court of Appeals,,,BETH NOSS,131
Preston,PRECINCT 14,Supreme Court of Appeals,,,BETH NOSS,7
Preston,PRECINCT 15,Supreme Court of Appeals,,,BETH NOSS,129
Preston,PRECINCT 16,Supreme Court of Appeals,,,BETH NOSS,131
Preston,PRECINCT 17,Supreme Court of Appeals,,,BETH NOSS,47
Preston,PRECINCT 18,Supreme Court of Appeals,,,BETH NOSS,30
Preston,PRECINCT 19,Supreme Court of Appeals,,,BETH NOSS,20
Preston,PRECINCT 20,Supreme Court of Appeals,,,BETH NOSS,58
Preston,PRECINCT 21,Supreme Court of Appeals,,,BETH NOSS,51
Preston,PRECINCT 22,Supreme Court of Appeals,,,BETH NOSS,41
Preston,PRECINCT 23,Supreme Court of Appeals,,,BETH NOSS,26
Preston,PRECINCT 24,Supreme Court of Appeals,,,BETH NOSS,50
Preston,PRECINCT 25,Supreme Court of Appeals,,,BETH NOSS,39
Preston,PRECINCT 26,Supreme Court of Appeals,,,BETH NOSS,36
Preston,PRECINCT 27,Supreme Court of Appeals,,,BETH NOSS,45
Preston,PRECINCT 28,Supreme Court of Appeals,,,BETH NOSS,10
Preston,PRECINCT 1,Supreme Court of Appeals,,,MICHAEL HOVATTER,88
Preston,PRECINCT 2,Supreme Court of Appeals,,,MICHAEL HOVATTER,106
Preston,PRECINCT 3,Supreme Court of Appeals,,,MICHAEL HOVATTER,105
Preston,PRECINCT 4,Supreme Court of Appeals,,,MICHAEL HOVATTER,203
Preston,PRECINCT 5,Supreme Court of Appeals,,,MICHAEL HOVATTER,148
Preston,PRECINCT 6,Supreme Court of Appeals,,,MICHAEL HOVATTER,53
Preston,PRECINCT 7,Supreme Court of Appeals,,,MICHAEL HOVATTER,39
Preston,PRECINCT 8,Supreme Court of Appeals,,,MICHAEL HOVATTER,107
Preston,PRECINCT 9,Supreme Court of Appeals,,,MICHAEL HOVATTER,57
Preston,PRECINCT 10,Supreme Court of Appeals,,,MICHAEL HOVATTER,168
Preston,PRECINCT 11,Supreme Court of Appeals,,,MICHAEL HOVATTER,167
Preston,PRECINCT 12,Supreme Court of Appeals,,,MICHAEL HOVATTER,196
Preston,PRECINCT 13,Supreme Court of Appeals,,,MICHAEL HOVATTER,155
Preston,PRECINCT 14,Supreme Court of Appeals,,,MICHAEL HOVATTER,27
Preston,PRECINCT 15,Supreme Court of Appeals,,,MICHAEL HOVATTER,92
Preston,PRECINCT 16,Supreme Court of Appeals,,,MICHAEL HOVATTER,170
Preston,PRECINCT 17,Supreme Court of Appeals,,,MICHAEL HOVATTER,48
Preston,PRECINCT 18,Supreme Court of Appeals,,,MICHAEL HOVATTER,74
Preston,PRECINCT 19,Supreme Court of Appeals,,,MICHAEL HOVATTER,54
Preston,PRECINCT 20,Supreme Court of Appeals,,,MICHAEL HOVATTER,124
Preston,PRECINCT 21,Supreme Court of Appeals,,,MICHAEL HOVATTER,103
Preston,PRECINCT 22,Supreme Court of Appeals,,,MICHAEL HOVATTER,139
Preston,PRECINCT 23,Supreme Court of Appeals,,,MICHAEL HOVATTER,70
Preston,PRECINCT 24,Supreme Court of Appeals,,,MICHAEL HOVATTER,98
Preston,PRECINCT 25,Supreme Court of Appeals,,,MICHAEL HOVATTER,66
Preston,PRECINCT 26,Supreme Court of Appeals,,,MICHAEL HOVATTER,85
Preston,PRECINCT 27,Supreme Court of Appeals,,,MICHAEL HOVATTER,79
Preston,PRECINCT 28,Supreme Court of Appeals,,,MICHAEL HOVATTER,23
Preston,PRECINCT 1,Supreme Court of Appeals,,,ROBERT 'MAC' McCRUM,93
Preston,PRECINCT 2,Supreme Court of Appeals,,,ROBERT 'MAC' McCRUM,131
Preston,PRECINCT 3,Supreme Court of Appeals,,,ROBERT 'MAC' McCRUM,76
Preston,PRECINCT 4,Supreme Court of Appeals,,,ROBERT 'MAC' McCRUM,71
Preston,PRECINCT 5,Supreme Court of Appeals,,,ROBERT 'MAC' McCRUM,142
Preston,PRECINCT 6,Supreme Court of Appeals,,,ROBERT 'MAC' McCRUM,63
Preston,PRECINCT 7,Supreme Court of Appeals,,,ROBERT 'MAC' McCRUM,31
Preston,PRECINCT 8,Supreme Court of Appeals,,,ROBERT 'MAC' McCRUM,87
Preston,PRECINCT 9,Supreme Court of Appeals,,,ROBERT 'MAC' McCRUM,42
Preston,PRECINCT 10,Supreme Court of Appeals,,,ROBERT 'MAC' McCRUM,72
Preston,PRECINCT 11,Supreme Court of Appeals,,,ROBERT 'MAC' McCRUM,90
Preston,PRECINCT 12,Supreme Court of Appeals,,,ROBERT 'MAC' McCRUM,75
Preston,PRECINCT 13,Supreme Court of Appeals,,,ROBERT 'MAC' McCRUM,189
Preston,PRECINCT 14,Supreme Court of Appeals,,,ROBERT 'MAC' McCRUM,18
Preston,PRECINCT 15,Supreme Court of Appeals,,,ROBERT 'MAC' McCRUM,135
Preston,PRECINCT 16,Supreme Court of Appeals,,,ROBERT 'MAC' McCRUM,139
Preston,PRECINCT 17,Supreme Court of Appeals,,,ROBERT 'MAC' McCRUM,52
Preston,PRECINCT 18,Supreme Court of Appeals,,,ROBERT 'MAC' McCRUM,99
Preston,PRECINCT 19,Supreme Court of Appeals,,,ROBERT 'MAC' McCRUM,71
Preston,PRECINCT 20,Supreme Court of Appeals,,,ROBERT 'MAC' McCRUM,147
Preston,PRECINCT 21,Supreme Court of Appeals,,,ROBERT 'MAC' McCRUM,54
Preston,PRECINCT 22,Supreme Court of Appeals,,,ROBERT 'MAC' McCRUM,80
Preston,PRECINCT 23,Supreme Court of Appeals,,,ROBERT 'MAC' McCRUM,78
Preston,PRECINCT 24,Supreme Court of Appeals,,,ROBERT 'MAC' McCRUM,82
Preston,PRECINCT 25,Supreme Court of Appeals,,,ROBERT 'MAC' McCRUM,52
Preston,PRECINCT 26,Supreme Court of Appeals,,,ROBERT 'MAC' McCRUM,55
Preston,PRECINCT 27,Supreme Court of Appeals,,,ROBERT 'MAC' McCRUM,94
Preston,PRECINCT 28,Supreme Court of Appeals,,,ROBERT 'MAC' McCRUM,13
Preston,PRECINCT 1,Supreme Court of Appeals,,,SHELLEY MILLER,88
Preston,PRECINCT 2,Supreme Court of Appeals,,,SHELLEY MILLER,107
Preston,PRECINCT 3,Supreme Court of Appeals,,,SHELLEY MILLER,110
Preston,PRECINCT 4,Supreme Court of Appeals,,,SHELLEY MILLER,86
Preston,PRECINCT 5,Supreme Court of Appeals,,,SHELLEY MILLER,135
Preston,PRECINCT 6,Supreme Court of Appeals,,,SHELLEY MILLER,53
Preston,PRECINCT 7,Supreme Court of Appeals,,,SHELLEY MILLER,36
Preston,PRECINCT 8,Supreme Court of Appeals,,,SHELLEY MILLER,86
Preston,PRECINCT 9,Supreme Court of Appeals,,,SHELLEY MILLER,21
Preston,PRECINCT 10,Supreme Court of Appeals,,,SHELLEY MILLER,53
Preston,PRECINCT 11,Supreme Court of Appeals,,,SHELLEY MILLER,90
Preston,PRECINCT 12,Supreme Court of Appeals,,,SHELLEY MILLER,78
Preston,PRECINCT 13,Supreme Court of Appeals,,,SHELLEY MILLER,179
Preston,PRECINCT 14,Supreme Court of Appeals,,,SHELLEY MILLER,13
Preston,PRECINCT 15,Supreme Court of Appeals,,,SHELLEY MILLER,138
Preston,PRECINCT 16,Supreme Court of Appeals,,,SHELLEY MILLER,160
Preston,PRECINCT 17,Supreme Court of Appeals,,,SHELLEY MILLER,57
Preston,PRECINCT 18,Supreme Court of Appeals,,,SHELLEY MILLER,107
Preston,PRECINCT 19,Supreme Court of Appeals,,,SHELLEY MILLER,65
Preston,PRECINCT 20,Supreme Court of Appeals,,,SHELLEY MILLER,166
Preston,PRECINCT 21,Supreme Court of Appeals,,,SHELLEY MILLER,64
Preston,PRECINCT 22,Supreme Court of Appeals,,,SHELLEY MILLER,68
Preston,PRECINCT 23,Supreme Court of Appeals,,,SHELLEY MILLER,67
Preston,PRECINCT 24,Supreme Court of Appeals,,,SHELLEY MILLER,73
Preston,PRECINCT 25,Supreme Court of Appeals,,,SHELLEY MILLER,63
Preston,PRECINCT 26,Supreme Court of Appeals,,,SHELLEY MILLER,68
Preston,PRECINCT 27,Supreme Court of Appeals,,,SHELLEY MILLER,93
Preston,PRECINCT 28,Supreme Court of Appeals,,,SHELLEY MILLER,30
Preston,PRECINCT 1,FOR CONSERVATION DISTRICT SUPERVISOR,,,D.R. 'BOB'  SPAID,184
Preston,PRECINCT 2,FOR CONSERVATION DISTRICT SUPERVISOR,,,D.R. 'BOB'  SPAID,293
Preston,PRECINCT 3,FOR CONSERVATION DISTRICT SUPERVISOR,,,D.R. 'BOB'  SPAID,252
Preston,PRECINCT 4,FOR CONSERVATION DISTRICT SUPERVISOR,,,D.R. 'BOB'  SPAID,246
Preston,PRECINCT 5,FOR CONSERVATION DISTRICT SUPERVISOR,,,D.R. 'BOB'  SPAID,323
Preston,PRECINCT 6,FOR CONSERVATION DISTRICT SUPERVISOR,,,D.R. 'BOB'  SPAID,124
Preston,PRECINCT 7,FOR CONSERVATION DISTRICT SUPERVISOR,,,D.R. 'BOB'  SPAID,68
Preston,PRECINCT 8,FOR CONSERVATION DISTRICT SUPERVISOR,,,D.R. 'BOB'  SPAID,210
Preston,PRECINCT 9,FOR CONSERVATION DISTRICT SUPERVISOR,,,D.R. 'BOB'  SPAID,74
Preston,PRECINCT 10,FOR CONSERVATION DISTRICT SUPERVISOR,,,D.R. 'BOB'  SPAID,190
Preston,PRECINCT 11,FOR CONSERVATION DISTRICT SUPERVISOR,,,D.R. 'BOB'  SPAID,231
Preston,PRECINCT 12,FOR CONSERVATION DISTRICT SUPERVISOR,,,D.R. 'BOB'  SPAID,250
Preston,PRECINCT 13,FOR CONSERVATION DISTRICT SUPERVISOR,,,D.R. 'BOB'  SPAID,368
Preston,PRECINCT 14,FOR CONSERVATION DISTRICT SUPERVISOR,,,D.R. 'BOB'  SPAID,44
Preston,PRECINCT 15,FOR CONSERVATION DISTRICT SUPERVISOR,,,D.R. 'BOB'  SPAID,270
Preston,PRECINCT 16,FOR CONSERVATION DISTRICT SUPERVISOR,,,D.R. 'BOB'  SPAID,330
Preston,PRECINCT 17,FOR CONSERVATION DISTRICT SUPERVISOR,,,D.R. 'BOB'  SPAID,117
Preston,PRECINCT 18,FOR CONSERVATION DISTRICT SUPERVISOR,,,D.R. 'BOB'  SPAID,202
Preston,PRECINCT 19,FOR CONSERVATION DISTRICT SUPERVISOR,,,D.R. 'BOB'  SPAID,179
Preston,PRECINCT 20,FOR CONSERVATION DISTRICT SUPERVISOR,,,D.R. 'BOB'  SPAID,345
Preston,PRECINCT 21,FOR CONSERVATION DISTRICT SUPERVISOR,,,D.R. 'BOB'  SPAID,179
Preston,PRECINCT 22,FOR CONSERVATION DISTRICT SUPERVISOR,,,D.R. 'BOB'  SPAID,217
Preston,PRECINCT 23,FOR CONSERVATION DISTRICT SUPERVISOR,,,D.R. 'BOB'  SPAID,192
Preston,PRECINCT 24,FOR CONSERVATION DISTRICT SUPERVISOR,,,D.R. 'BOB'  SPAID,216
Preston,PRECINCT 25,FOR CONSERVATION DISTRICT SUPERVISOR,,,D.R. 'BOB'  SPAID,134
Preston,PRECINCT 26,FOR CONSERVATION DISTRICT SUPERVISOR,,,D.R. 'BOB'  SPAID,155
Preston,PRECINCT 27,FOR CONSERVATION DISTRICT SUPERVISOR,,,D.R. 'BOB'  SPAID,220
Preston,PRECINCT 28,FOR CONSERVATION DISTRICT SUPERVISOR,,,D.R. 'BOB'  SPAID,46
Preston,PRECINCT 1,SCHOOL LEVY,,,For the Levies,139
Preston,PRECINCT 2,SCHOOL LEVY,,,For the Levies,208
Preston,PRECINCT 3,SCHOOL LEVY,,,For the Levies,171
Preston,PRECINCT 4,SCHOOL LEVY,,,For the Levies,152
Preston,PRECINCT 5,SCHOOL LEVY,,,For the Levies,208
Preston,PRECINCT 6,SCHOOL LEVY,,,For the Levies,70
Preston,PRECINCT 7,SCHOOL LEVY,,,For the Levies,51
Preston,PRECINCT 8,SCHOOL LEVY,,,For the Levies,110
Preston,PRECINCT 9,SCHOOL LEVY,,,For the Levies,46
Preston,PRECINCT 10,SCHOOL LEVY,,,For the Levies,119
Preston,PRECINCT 11,SCHOOL LEVY,,,For the Levies,175
Preston,PRECINCT 12,SCHOOL LEVY,,,For the Levies,164
Preston,PRECINCT 13,SCHOOL LEVY,,,For the Levies,311
Preston,PRECINCT 14,SCHOOL LEVY,,,For the Levies,18
Preston,PRECINCT 15,SCHOOL LEVY,,,For the Levies,244
Preston,PRECINCT 16,SCHOOL LEVY,,,For the Levies,214
Preston,PRECINCT 17,SCHOOL LEVY,,,For the Levies,74
Preston,PRECINCT 18,SCHOOL LEVY,,,For the Levies,105
Preston,PRECINCT 19,SCHOOL LEVY,,,For the Levies,103
Preston,PRECINCT 20,SCHOOL LEVY,,,For the Levies,199
Preston,PRECINCT 21,SCHOOL LEVY,,,For the Levies,100
Preston,PRECINCT 22,SCHOOL LEVY,,,For the Levies,84
Preston,PRECINCT 23,SCHOOL LEVY,,,For the Levies,86
Preston,PRECINCT 24,SCHOOL LEVY,,,For the Levies,120
Preston,PRECINCT 25,SCHOOL LEVY,,,For the Levies,56
Preston,PRECINCT 26,SCHOOL LEVY,,,For the Levies,58
Preston,PRECINCT 27,SCHOOL LEVY,,,For the Levies,105
Preston,PRECINCT 28,SCHOOL LEVY,,,For the Levies,15
Preston,PRECINCT 1,SCHOOL LEVY,,,Against the Levies,142
Preston,PRECINCT 2,SCHOOL LEVY,,,Against the Levies,159
Preston,PRECINCT 3,SCHOOL LEVY,,,Against the Levies,156
Preston,PRECINCT 4,SCHOOL LEVY,,,Against the Levies,159
Preston,PRECINCT 5,SCHOOL LEVY,,,Against the Levies,247
Preston,PRECINCT 6,SCHOOL LEVY,,,Against the Levies,83
Preston,PRECINCT 7,SCHOOL LEVY,,,Against the Levies,42
Preston,PRECINCT 8,SCHOOL LEVY,,,Against the Levies,178
Preston,PRECINCT 9,SCHOOL LEVY,,,Against the Levies,50
Preston,PRECINCT 10,SCHOOL LEVY,,,Against the Levies,129
Preston,PRECINCT 11,SCHOOL LEVY,,,Against the Levies,139
Preston,PRECINCT 12,SCHOOL LEVY,,,Against the Levies,140
Preston,PRECINCT 13,SCHOOL LEVY,,,Against the Levies,192
Preston,PRECINCT 14,SCHOOL LEVY,,,Against the Levies,43
Preston,PRECINCT 15,SCHOOL LEVY,,,Against the Levies,131
Preston,PRECINCT 16,SCHOOL LEVY,,,Against the Levies,230
Preston,PRECINCT 17,SCHOOL LEVY,,,Against the Levies,97
Preston,PRECINCT 18,SCHOOL LEVY,,,Against the Levies,169
Preston,PRECINCT 19,SCHOOL LEVY,,,Against the Levies,112
Preston,PRECINCT 20,SCHOOL LEVY,,,Against the Levies,230
Preston,PRECINCT 21,SCHOOL LEVY,,,Against the Levies,125
Preston,PRECINCT 22,SCHOOL LEVY,,,Against the Levies,218
Preston,PRECINCT 23,SCHOOL LEVY,,,Against the Levies,152
Preston,PRECINCT 24,SCHOOL LEVY,,,Against the Levies,188
Preston,PRECINCT 25,SCHOOL LEVY,,,Against the Levies,129
Preston,PRECINCT 26,SCHOOL LEVY,,,Against the Levies,159
Preston,PRECINCT 27,SCHOOL LEVY,,,Against the Levies,190
Preston,PRECINCT 28,SCHOOL LEVY,,,Against the Levies,51
