county,precinct,office,district,party,candidate,votes
Marion,PRECINCT 1,President,,REP,DONALD J. TRUMP,102
Marion,PRECINCT 2,President,,REP,DONALD J. TRUMP,176
Marion,PRECINCT 5,President,,REP,DONALD J. TRUMP,311
Marion,PRECINCT 6,President,,REP,DONALD J. TRUMP,19
Marion,PRECINCT 20,President,,REP,DONALD J. TRUMP,304
Marion,PRECINCT 26,President,,REP,DONALD J. TRUMP,54
Marion,PRECINCT 28,President,,REP,DONALD J. TRUMP,364
Marion,PRECINCT 29,President,,REP,DONALD J. TRUMP,276
Marion,PRECINCT 30,President,,REP,DONALD J. TRUMP,836
Marion,PRECINCT 31,President,,REP,DONALD J. TRUMP,389
Marion,PRECINCT 33,President,,REP,DONALD J. TRUMP,115
Marion,PRECINCT 35,President,,REP,DONALD J. TRUMP,133
Marion,PRECINCT 37,President,,REP,DONALD J. TRUMP,184
Marion,PRECINCT 38,President,,REP,DONALD J. TRUMP,401
Marion,PRECINCT 39,President,,REP,DONALD J. TRUMP,375
Marion,PRECINCT 40,President,,REP,DONALD J. TRUMP,322
Marion,PRECINCT 41,President,,REP,DONALD J. TRUMP,174
Marion,PRECINCT 42,President,,REP,DONALD J. TRUMP,242
Marion,PRECINCT 45,President,,REP,DONALD J. TRUMP,700
Marion,PRECINCT 46,President,,REP,DONALD J. TRUMP,79
Marion,PRECINCT 47,President,,REP,DONALD J. TRUMP,338
Marion,PRECINCT 49,President,,REP,DONALD J. TRUMP,73
Marion,PRECINCT 50,President,,REP,DONALD J. TRUMP,283
Marion,PRECINCT 51,President,,REP,DONALD J. TRUMP,45
Marion,PRECINCT 52,President,,REP,DONALD J. TRUMP,129
Marion,PRECINCT 53,President,,REP,DONALD J. TRUMP,399
Marion,PRECINCT 54,President,,REP,DONALD J. TRUMP,60
Marion,PRECINCT 55,President,,REP,DONALD J. TRUMP,116
Marion,PRECINCT 56,President,,REP,DONALD J. TRUMP,344
Marion,PRECINCT 57,President,,REP,DONALD J. TRUMP,285
Marion,PRECINCT 61,President,,REP,DONALD J. TRUMP,301
Marion,PRECINCT 66,President,,REP,DONALD J. TRUMP,166
Marion,PRECINCT 67,President,,REP,DONALD J. TRUMP,162
Marion,PRECINCT 68,President,,REP,DONALD J. TRUMP,78
Marion,PRECINCT 69,President,,REP,DONALD J. TRUMP,132
Marion,PRECINCT 72,President,,REP,DONALD J. TRUMP,338
Marion,PRECINCT 73,President,,REP,DONALD J. TRUMP,58
Marion,PRECINCT 74,President,,REP,DONALD J. TRUMP,123
Marion,PRECINCT 75,President,,REP,DONALD J. TRUMP,48
Marion,PRECINCT 78,President,,REP,DONALD J. TRUMP,202
Marion,PRECINCT 81,President,,REP,DONALD J. TRUMP,3
Marion,PRECINCT 82,President,,REP,DONALD J. TRUMP,94
Marion,PRECINCT 83,President,,REP,DONALD J. TRUMP,68
Marion,PRECINCT 84,President,,REP,DONALD J. TRUMP,290
Marion,PRECINCT 86,President,,REP,DONALD J. TRUMP,155
Marion,PRECINCT 87,President,,REP,DONALD J. TRUMP,96
Marion,PRECINCT 88,President,,REP,DONALD J. TRUMP,236
Marion,PRECINCT 89,President,,REP,DONALD J. TRUMP,250
Marion,PRECINCT 90,President,,REP,DONALD J. TRUMP,237
Marion,PRECINCT 96,President,,REP,DONALD J. TRUMP,447
Marion,PRECINCT 109,President,,REP,DONALD J. TRUMP,44
Marion,PRECINCT 112,President,,REP,DONALD J. TRUMP,443
Marion,PRECINCT 113,President,,REP,DONALD J. TRUMP,87
Marion,PRECINCT 114,President,,REP,DONALD J. TRUMP,290
Marion,PRECINCT 115,President,,REP,DONALD J. TRUMP,549
Marion,PRECINCT 117,President,,REP,DONALD J. TRUMP,531
Marion,PRECINCT 119,President,,REP,DONALD J. TRUMP,469
Marion,PRECINCT 120,President,,REP,DONALD J. TRUMP,735
Marion,PRECINCT 121,President,,REP,DONALD J. TRUMP,590
Marion,PRECINCT 124,President,,REP,DONALD J. TRUMP,511
Marion,PRECINCT 125,President,,REP,DONALD J. TRUMP,426
Marion,PRECINCT 175,President,,REP,DONALD J. TRUMP,7
Marion,PRECINCT 611,President,,REP,DONALD J. TRUMP,46
Marion,PRECINCT 721,President,,REP,DONALD J. TRUMP,15
Marion,PRECINCT 961,President,,REP,DONALD J. TRUMP,26
Marion,PRECINCT 1,President,,DEM,KAMALA D. HARRIS,122
Marion,PRECINCT 2,President,,DEM,KAMALA D. HARRIS,340
Marion,PRECINCT 5,President,,DEM,KAMALA D. HARRIS,233
Marion,PRECINCT 6,President,,DEM,KAMALA D. HARRIS,9
Marion,PRECINCT 20,President,,DEM,KAMALA D. HARRIS,365
Marion,PRECINCT 26,President,,DEM,KAMALA D. HARRIS,46
Marion,PRECINCT 28,President,,DEM,KAMALA D. HARRIS,214
Marion,PRECINCT 29,President,,DEM,KAMALA D. HARRIS,91
Marion,PRECINCT 30,President,,DEM,KAMALA D. HARRIS,810
Marion,PRECINCT 31,President,,DEM,KAMALA D. HARRIS,235
Marion,PRECINCT 33,President,,DEM,KAMALA D. HARRIS,50
Marion,PRECINCT 35,President,,DEM,KAMALA D. HARRIS,121
Marion,PRECINCT 37,President,,DEM,KAMALA D. HARRIS,100
Marion,PRECINCT 38,President,,DEM,KAMALA D. HARRIS,186
Marion,PRECINCT 39,President,,DEM,KAMALA D. HARRIS,185
Marion,PRECINCT 40,President,,DEM,KAMALA D. HARRIS,205
Marion,PRECINCT 41,President,,DEM,KAMALA D. HARRIS,67
Marion,PRECINCT 42,President,,DEM,KAMALA D. HARRIS,152
Marion,PRECINCT 45,President,,DEM,KAMALA D. HARRIS,504
Marion,PRECINCT 46,President,,DEM,KAMALA D. HARRIS,21
Marion,PRECINCT 47,President,,DEM,KAMALA D. HARRIS,107
Marion,PRECINCT 49,President,,DEM,KAMALA D. HARRIS,22
Marion,PRECINCT 50,President,,DEM,KAMALA D. HARRIS,100
Marion,PRECINCT 51,President,,DEM,KAMALA D. HARRIS,10
Marion,PRECINCT 52,President,,DEM,KAMALA D. HARRIS,92
Marion,PRECINCT 53,President,,DEM,KAMALA D. HARRIS,156
Marion,PRECINCT 54,President,,DEM,KAMALA D. HARRIS,11
Marion,PRECINCT 55,President,,DEM,KAMALA D. HARRIS,35
Marion,PRECINCT 56,President,,DEM,KAMALA D. HARRIS,103
Marion,PRECINCT 57,President,,DEM,KAMALA D. HARRIS,142
Marion,PRECINCT 61,President,,DEM,KAMALA D. HARRIS,105
Marion,PRECINCT 66,President,,DEM,KAMALA D. HARRIS,61
Marion,PRECINCT 67,President,,DEM,KAMALA D. HARRIS,61
Marion,PRECINCT 68,President,,DEM,KAMALA D. HARRIS,35
Marion,PRECINCT 69,President,,DEM,KAMALA D. HARRIS,51
Marion,PRECINCT 72,President,,DEM,KAMALA D. HARRIS,87
Marion,PRECINCT 73,President,,DEM,KAMALA D. HARRIS,19
Marion,PRECINCT 74,President,,DEM,KAMALA D. HARRIS,19
Marion,PRECINCT 75,President,,DEM,KAMALA D. HARRIS,8
Marion,PRECINCT 78,President,,DEM,KAMALA D. HARRIS,42
Marion,PRECINCT 81,President,,DEM,KAMALA D. HARRIS,0
Marion,PRECINCT 82,President,,DEM,KAMALA D. HARRIS,25
Marion,PRECINCT 83,President,,DEM,KAMALA D. HARRIS,23
Marion,PRECINCT 84,President,,DEM,KAMALA D. HARRIS,126
Marion,PRECINCT 86,President,,DEM,KAMALA D. HARRIS,89
Marion,PRECINCT 87,President,,DEM,KAMALA D. HARRIS,39
Marion,PRECINCT 88,President,,DEM,KAMALA D. HARRIS,85
Marion,PRECINCT 89,President,,DEM,KAMALA D. HARRIS,76
Marion,PRECINCT 90,President,,DEM,KAMALA D. HARRIS,83
Marion,PRECINCT 96,President,,DEM,KAMALA D. HARRIS,312
Marion,PRECINCT 109,President,,DEM,KAMALA D. HARRIS,22
Marion,PRECINCT 112,President,,DEM,KAMALA D. HARRIS,163
Marion,PRECINCT 113,President,,DEM,KAMALA D. HARRIS,39
Marion,PRECINCT 114,President,,DEM,KAMALA D. HARRIS,95
Marion,PRECINCT 115,President,,DEM,KAMALA D. HARRIS,160
Marion,PRECINCT 117,President,,DEM,KAMALA D. HARRIS,269
Marion,PRECINCT 119,President,,DEM,KAMALA D. HARRIS,249
Marion,PRECINCT 120,President,,DEM,KAMALA D. HARRIS,449
Marion,PRECINCT 121,President,,DEM,KAMALA D. HARRIS,209
Marion,PRECINCT 124,President,,DEM,KAMALA D. HARRIS,196
Marion,PRECINCT 125,President,,DEM,KAMALA D. HARRIS,124
Marion,PRECINCT 175,President,,DEM,KAMALA D. HARRIS,9
Marion,PRECINCT 611,President,,DEM,KAMALA D. HARRIS,7
Marion,PRECINCT 721,President,,DEM,KAMALA D. HARRIS,9
Marion,PRECINCT 961,President,,DEM,KAMALA D. HARRIS,5
Marion,PRECINCT 1,President,,LBN,CHASE OLIVER,2
Marion,PRECINCT 2,President,,LBN,CHASE OLIVER,3
Marion,PRECINCT 5,President,,LBN,CHASE OLIVER,3
Marion,PRECINCT 6,President,,LBN,CHASE OLIVER,0
Marion,PRECINCT 20,President,,LBN,CHASE OLIVER,4
Marion,PRECINCT 26,President,,LBN,CHASE OLIVER,1
Marion,PRECINCT 28,President,,LBN,CHASE OLIVER,2
Marion,PRECINCT 29,President,,LBN,CHASE OLIVER,0
Marion,PRECINCT 30,President,,LBN,CHASE OLIVER,8
Marion,PRECINCT 31,President,,LBN,CHASE OLIVER,1
Marion,PRECINCT 33,President,,LBN,CHASE OLIVER,0
Marion,PRECINCT 35,President,,LBN,CHASE OLIVER,1
Marion,PRECINCT 37,President,,LBN,CHASE OLIVER,2
Marion,PRECINCT 38,President,,LBN,CHASE OLIVER,1
Marion,PRECINCT 39,President,,LBN,CHASE OLIVER,6
Marion,PRECINCT 40,President,,LBN,CHASE OLIVER,3
Marion,PRECINCT 41,President,,LBN,CHASE OLIVER,1
Marion,PRECINCT 42,President,,LBN,CHASE OLIVER,2
Marion,PRECINCT 45,President,,LBN,CHASE OLIVER,5
Marion,PRECINCT 46,President,,LBN,CHASE OLIVER,0
Marion,PRECINCT 47,President,,LBN,CHASE OLIVER,2
Marion,PRECINCT 49,President,,LBN,CHASE OLIVER,1
Marion,PRECINCT 50,President,,LBN,CHASE OLIVER,1
Marion,PRECINCT 51,President,,LBN,CHASE OLIVER,1
Marion,PRECINCT 52,President,,LBN,CHASE OLIVER,2
Marion,PRECINCT 53,President,,LBN,CHASE OLIVER,5
Marion,PRECINCT 54,President,,LBN,CHASE OLIVER,0
Marion,PRECINCT 55,President,,LBN,CHASE OLIVER,1
Marion,PRECINCT 56,President,,LBN,CHASE OLIVER,3
Marion,PRECINCT 57,President,,LBN,CHASE OLIVER,1
Marion,PRECINCT 61,President,,LBN,CHASE OLIVER,4
Marion,PRECINCT 66,President,,LBN,CHASE OLIVER,0
Marion,PRECINCT 67,President,,LBN,CHASE OLIVER,0
Marion,PRECINCT 68,President,,LBN,CHASE OLIVER,2
Marion,PRECINCT 69,President,,LBN,CHASE OLIVER,0
Marion,PRECINCT 72,President,,LBN,CHASE OLIVER,2
Marion,PRECINCT 73,President,,LBN,CHASE OLIVER,0
Marion,PRECINCT 74,President,,LBN,CHASE OLIVER,0
Marion,PRECINCT 75,President,,LBN,CHASE OLIVER,1
Marion,PRECINCT 78,President,,LBN,CHASE OLIVER,0
Marion,PRECINCT 81,President,,LBN,CHASE OLIVER,0
Marion,PRECINCT 82,President,,LBN,CHASE OLIVER,0
Marion,PRECINCT 83,President,,LBN,CHASE OLIVER,0
Marion,PRECINCT 84,President,,LBN,CHASE OLIVER,2
Marion,PRECINCT 86,President,,LBN,CHASE OLIVER,0
Marion,PRECINCT 87,President,,LBN,CHASE OLIVER,1
Marion,PRECINCT 88,President,,LBN,CHASE OLIVER,0
Marion,PRECINCT 89,President,,LBN,CHASE OLIVER,0
Marion,PRECINCT 90,President,,LBN,CHASE OLIVER,2
Marion,PRECINCT 96,President,,LBN,CHASE OLIVER,7
Marion,PRECINCT 109,President,,LBN,CHASE OLIVER,2
Marion,PRECINCT 112,President,,LBN,CHASE OLIVER,2
Marion,PRECINCT 113,President,,LBN,CHASE OLIVER,2
Marion,PRECINCT 114,President,,LBN,CHASE OLIVER,2
Marion,PRECINCT 115,President,,LBN,CHASE OLIVER,3
Marion,PRECINCT 117,President,,LBN,CHASE OLIVER,2
Marion,PRECINCT 119,President,,LBN,CHASE OLIVER,8
Marion,PRECINCT 120,President,,LBN,CHASE OLIVER,9
Marion,PRECINCT 121,President,,LBN,CHASE OLIVER,4
Marion,PRECINCT 124,President,,LBN,CHASE OLIVER,5
Marion,PRECINCT 125,President,,LBN,CHASE OLIVER,3
Marion,PRECINCT 175,President,,LBN,CHASE OLIVER,0
Marion,PRECINCT 611,President,,LBN,CHASE OLIVER,0
Marion,PRECINCT 721,President,,LBN,CHASE OLIVER,0
Marion,PRECINCT 961,President,,LBN,CHASE OLIVER,0
Marion,PRECINCT 1,President,,MTN,JILL STEIN,1
Marion,PRECINCT 2,President,,MTN,JILL STEIN,2
Marion,PRECINCT 5,President,,MTN,JILL STEIN,4
Marion,PRECINCT 6,President,,MTN,JILL STEIN,0
Marion,PRECINCT 20,President,,MTN,JILL STEIN,5
Marion,PRECINCT 26,President,,MTN,JILL STEIN,1
Marion,PRECINCT 28,President,,MTN,JILL STEIN,0
Marion,PRECINCT 29,President,,MTN,JILL STEIN,1
Marion,PRECINCT 30,President,,MTN,JILL STEIN,4
Marion,PRECINCT 31,President,,MTN,JILL STEIN,2
Marion,PRECINCT 33,President,,MTN,JILL STEIN,1
Marion,PRECINCT 35,President,,MTN,JILL STEIN,1
Marion,PRECINCT 37,President,,MTN,JILL STEIN,1
Marion,PRECINCT 38,President,,MTN,JILL STEIN,2
Marion,PRECINCT 39,President,,MTN,JILL STEIN,1
Marion,PRECINCT 40,President,,MTN,JILL STEIN,1
Marion,PRECINCT 41,President,,MTN,JILL STEIN,0
Marion,PRECINCT 42,President,,MTN,JILL STEIN,0
Marion,PRECINCT 45,President,,MTN,JILL STEIN,7
Marion,PRECINCT 46,President,,MTN,JILL STEIN,0
Marion,PRECINCT 47,President,,MTN,JILL STEIN,3
Marion,PRECINCT 49,President,,MTN,JILL STEIN,0
Marion,PRECINCT 50,President,,MTN,JILL STEIN,3
Marion,PRECINCT 51,President,,MTN,JILL STEIN,0
Marion,PRECINCT 52,President,,MTN,JILL STEIN,2
Marion,PRECINCT 53,President,,MTN,JILL STEIN,2
Marion,PRECINCT 54,President,,MTN,JILL STEIN,2
Marion,PRECINCT 55,President,,MTN,JILL STEIN,1
Marion,PRECINCT 56,President,,MTN,JILL STEIN,3
Marion,PRECINCT 57,President,,MTN,JILL STEIN,2
Marion,PRECINCT 61,President,,MTN,JILL STEIN,0
Marion,PRECINCT 66,President,,MTN,JILL STEIN,1
Marion,PRECINCT 67,President,,MTN,JILL STEIN,0
Marion,PRECINCT 68,President,,MTN,JILL STEIN,0
Marion,PRECINCT 69,President,,MTN,JILL STEIN,0
Marion,PRECINCT 72,President,,MTN,JILL STEIN,1
Marion,PRECINCT 73,President,,MTN,JILL STEIN,0
Marion,PRECINCT 74,President,,MTN,JILL STEIN,3
Marion,PRECINCT 75,President,,MTN,JILL STEIN,0
Marion,PRECINCT 78,President,,MTN,JILL STEIN,2
Marion,PRECINCT 81,President,,MTN,JILL STEIN,0
Marion,PRECINCT 82,President,,MTN,JILL STEIN,0
Marion,PRECINCT 83,President,,MTN,JILL STEIN,0
Marion,PRECINCT 84,President,,MTN,JILL STEIN,3
Marion,PRECINCT 86,President,,MTN,JILL STEIN,2
Marion,PRECINCT 87,President,,MTN,JILL STEIN,0
Marion,PRECINCT 88,President,,MTN,JILL STEIN,0
Marion,PRECINCT 89,President,,MTN,JILL STEIN,0
Marion,PRECINCT 90,President,,MTN,JILL STEIN,0
Marion,PRECINCT 96,President,,MTN,JILL STEIN,1
Marion,PRECINCT 109,President,,MTN,JILL STEIN,0
Marion,PRECINCT 112,President,,MTN,JILL STEIN,2
Marion,PRECINCT 113,President,,MTN,JILL STEIN,0
Marion,PRECINCT 114,President,,MTN,JILL STEIN,1
Marion,PRECINCT 115,President,,MTN,JILL STEIN,2
Marion,PRECINCT 117,President,,MTN,JILL STEIN,1
Marion,PRECINCT 119,President,,MTN,JILL STEIN,1
Marion,PRECINCT 120,President,,MTN,JILL STEIN,3
Marion,PRECINCT 121,President,,MTN,JILL STEIN,2
Marion,PRECINCT 124,President,,MTN,JILL STEIN,3
Marion,PRECINCT 125,President,,MTN,JILL STEIN,2
Marion,PRECINCT 175,President,,MTN,JILL STEIN,0
Marion,PRECINCT 611,President,,MTN,JILL STEIN,0
Marion,PRECINCT 721,President,,MTN,JILL STEIN,1
Marion,PRECINCT 961,President,,MTN,JILL STEIN,0
Marion,PRECINCT 1,President,,IND,ROBERT F. KENNEDY JR.,2
Marion,PRECINCT 2,President,,IND,ROBERT F. KENNEDY JR.,7
Marion,PRECINCT 5,President,,IND,ROBERT F. KENNEDY JR.,18
Marion,PRECINCT 6,President,,IND,ROBERT F. KENNEDY JR.,0
Marion,PRECINCT 20,President,,IND,ROBERT F. KENNEDY JR.,14
Marion,PRECINCT 26,President,,IND,ROBERT F. KENNEDY JR.,2
Marion,PRECINCT 28,President,,IND,ROBERT F. KENNEDY JR.,14
Marion,PRECINCT 29,President,,IND,ROBERT F. KENNEDY JR.,3
Marion,PRECINCT 30,President,,IND,ROBERT F. KENNEDY JR.,30
Marion,PRECINCT 31,President,,IND,ROBERT F. KENNEDY JR.,6
Marion,PRECINCT 33,President,,IND,ROBERT F. KENNEDY JR.,3
Marion,PRECINCT 35,President,,IND,ROBERT F. KENNEDY JR.,0
Marion,PRECINCT 37,President,,IND,ROBERT F. KENNEDY JR.,1
Marion,PRECINCT 38,President,,IND,ROBERT F. KENNEDY JR.,10
Marion,PRECINCT 39,President,,IND,ROBERT F. KENNEDY JR.,11
Marion,PRECINCT 40,President,,IND,ROBERT F. KENNEDY JR.,6
Marion,PRECINCT 41,President,,IND,ROBERT F. KENNEDY JR.,3
Marion,PRECINCT 42,President,,IND,ROBERT F. KENNEDY JR.,5
Marion,PRECINCT 45,President,,IND,ROBERT F. KENNEDY JR.,15
Marion,PRECINCT 46,President,,IND,ROBERT F. KENNEDY JR.,2
Marion,PRECINCT 47,President,,IND,ROBERT F. KENNEDY JR.,6
Marion,PRECINCT 49,President,,IND,ROBERT F. KENNEDY JR.,2
Marion,PRECINCT 50,President,,IND,ROBERT F. KENNEDY JR.,2
Marion,PRECINCT 51,President,,IND,ROBERT F. KENNEDY JR.,0
Marion,PRECINCT 52,President,,IND,ROBERT F. KENNEDY JR.,1
Marion,PRECINCT 53,President,,IND,ROBERT F. KENNEDY JR.,14
Marion,PRECINCT 54,President,,IND,ROBERT F. KENNEDY JR.,1
Marion,PRECINCT 55,President,,IND,ROBERT F. KENNEDY JR.,2
Marion,PRECINCT 56,President,,IND,ROBERT F. KENNEDY JR.,6
Marion,PRECINCT 57,President,,IND,ROBERT F. KENNEDY JR.,7
Marion,PRECINCT 61,President,,IND,ROBERT F. KENNEDY JR.,2
Marion,PRECINCT 66,President,,IND,ROBERT F. KENNEDY JR.,7
Marion,PRECINCT 67,President,,IND,ROBERT F. KENNEDY JR.,2
Marion,PRECINCT 68,President,,IND,ROBERT F. KENNEDY JR.,1
Marion,PRECINCT 69,President,,IND,ROBERT F. KENNEDY JR.,2
Marion,PRECINCT 72,President,,IND,ROBERT F. KENNEDY JR.,7
Marion,PRECINCT 73,President,,IND,ROBERT F. KENNEDY JR.,1
Marion,PRECINCT 74,President,,IND,ROBERT F. KENNEDY JR.,4
Marion,PRECINCT 75,President,,IND,ROBERT F. KENNEDY JR.,0
Marion,PRECINCT 78,President,,IND,ROBERT F. KENNEDY JR.,10
Marion,PRECINCT 81,President,,IND,ROBERT F. KENNEDY JR.,1
Marion,PRECINCT 82,President,,IND,ROBERT F. KENNEDY JR.,1
Marion,PRECINCT 83,President,,IND,ROBERT F. KENNEDY JR.,0
Marion,PRECINCT 84,President,,IND,ROBERT F. KENNEDY JR.,4
Marion,PRECINCT 86,President,,IND,ROBERT F. KENNEDY JR.,3
Marion,PRECINCT 87,President,,IND,ROBERT F. KENNEDY JR.,0
Marion,PRECINCT 88,President,,IND,ROBERT F. KENNEDY JR.,4
Marion,PRECINCT 89,President,,IND,ROBERT F. KENNEDY JR.,7
Marion,PRECINCT 90,President,,IND,ROBERT F. KENNEDY JR.,8
Marion,PRECINCT 96,President,,IND,ROBERT F. KENNEDY JR.,11
Marion,PRECINCT 109,President,,IND,ROBERT F. KENNEDY JR.,0
Marion,PRECINCT 112,President,,IND,ROBERT F. KENNEDY JR.,7
Marion,PRECINCT 113,President,,IND,ROBERT F. KENNEDY JR.,2
Marion,PRECINCT 114,President,,IND,ROBERT F. KENNEDY JR.,8
Marion,PRECINCT 115,President,,IND,ROBERT F. KENNEDY JR.,13
Marion,PRECINCT 117,President,,IND,ROBERT F. KENNEDY JR.,9
Marion,PRECINCT 119,President,,IND,ROBERT F. KENNEDY JR.,7
Marion,PRECINCT 120,President,,IND,ROBERT F. KENNEDY JR.,18
Marion,PRECINCT 121,President,,IND,ROBERT F. KENNEDY JR.,11
Marion,PRECINCT 124,President,,IND,ROBERT F. KENNEDY JR.,9
Marion,PRECINCT 125,President,,IND,ROBERT F. KENNEDY JR.,8
Marion,PRECINCT 175,President,,IND,ROBERT F. KENNEDY JR.,0
Marion,PRECINCT 611,President,,IND,ROBERT F. KENNEDY JR.,0
Marion,PRECINCT 721,President,,IND,ROBERT F. KENNEDY JR.,0
Marion,PRECINCT 961,President,,IND,ROBERT F. KENNEDY JR.,0
Marion,PRECINCT 1,U.S. Senate,,REP,JIM JUSTICE,103
Marion,PRECINCT 2,U.S. Senate,,REP,JIM JUSTICE,184
Marion,PRECINCT 5,U.S. Senate,,REP,JIM JUSTICE,317
Marion,PRECINCT 6,U.S. Senate,,REP,JIM JUSTICE,18
Marion,PRECINCT 20,U.S. Senate,,REP,JIM JUSTICE,308
Marion,PRECINCT 26,U.S. Senate,,REP,JIM JUSTICE,53
Marion,PRECINCT 28,U.S. Senate,,REP,JIM JUSTICE,369
Marion,PRECINCT 29,U.S. Senate,,REP,JIM JUSTICE,264
Marion,PRECINCT 30,U.S. Senate,,REP,JIM JUSTICE,848
Marion,PRECINCT 31,U.S. Senate,,REP,JIM JUSTICE,390
Marion,PRECINCT 33,U.S. Senate,,REP,JIM JUSTICE,107
Marion,PRECINCT 35,U.S. Senate,,REP,JIM JUSTICE,122
Marion,PRECINCT 37,U.S. Senate,,REP,JIM JUSTICE,186
Marion,PRECINCT 38,U.S. Senate,,REP,JIM JUSTICE,387
Marion,PRECINCT 39,U.S. Senate,,REP,JIM JUSTICE,381
Marion,PRECINCT 40,U.S. Senate,,REP,JIM JUSTICE,320
Marion,PRECINCT 41,U.S. Senate,,REP,JIM JUSTICE,171
Marion,PRECINCT 42,U.S. Senate,,REP,JIM JUSTICE,228
Marion,PRECINCT 45,U.S. Senate,,REP,JIM JUSTICE,707
Marion,PRECINCT 46,U.S. Senate,,REP,JIM JUSTICE,65
Marion,PRECINCT 47,U.S. Senate,,REP,JIM JUSTICE,324
Marion,PRECINCT 49,U.S. Senate,,REP,JIM JUSTICE,75
Marion,PRECINCT 50,U.S. Senate,,REP,JIM JUSTICE,266
Marion,PRECINCT 51,U.S. Senate,,REP,JIM JUSTICE,41
Marion,PRECINCT 52,U.S. Senate,,REP,JIM JUSTICE,136
Marion,PRECINCT 53,U.S. Senate,,REP,JIM JUSTICE,398
Marion,PRECINCT 54,U.S. Senate,,REP,JIM JUSTICE,54
Marion,PRECINCT 55,U.S. Senate,,REP,JIM JUSTICE,106
Marion,PRECINCT 56,U.S. Senate,,REP,JIM JUSTICE,317
Marion,PRECINCT 57,U.S. Senate,,REP,JIM JUSTICE,259
Marion,PRECINCT 61,U.S. Senate,,REP,JIM JUSTICE,277
Marion,PRECINCT 66,U.S. Senate,,REP,JIM JUSTICE,158
Marion,PRECINCT 67,U.S. Senate,,REP,JIM JUSTICE,149
Marion,PRECINCT 68,U.S. Senate,,REP,JIM JUSTICE,70
Marion,PRECINCT 69,U.S. Senate,,REP,JIM JUSTICE,118
Marion,PRECINCT 72,U.S. Senate,,REP,JIM JUSTICE,333
Marion,PRECINCT 73,U.S. Senate,,REP,JIM JUSTICE,52
Marion,PRECINCT 74,U.S. Senate,,REP,JIM JUSTICE,117
Marion,PRECINCT 75,U.S. Senate,,REP,JIM JUSTICE,48
Marion,PRECINCT 78,U.S. Senate,,REP,JIM JUSTICE,185
Marion,PRECINCT 81,U.S. Senate,,REP,JIM JUSTICE,3
Marion,PRECINCT 82,U.S. Senate,,REP,JIM JUSTICE,84
Marion,PRECINCT 83,U.S. Senate,,REP,JIM JUSTICE,64
Marion,PRECINCT 84,U.S. Senate,,REP,JIM JUSTICE,282
Marion,PRECINCT 86,U.S. Senate,,REP,JIM JUSTICE,148
Marion,PRECINCT 87,U.S. Senate,,REP,JIM JUSTICE,90
Marion,PRECINCT 88,U.S. Senate,,REP,JIM JUSTICE,223
Marion,PRECINCT 89,U.S. Senate,,REP,JIM JUSTICE,237
Marion,PRECINCT 90,U.S. Senate,,REP,JIM JUSTICE,234
Marion,PRECINCT 96,U.S. Senate,,REP,JIM JUSTICE,419
Marion,PRECINCT 109,U.S. Senate,,REP,JIM JUSTICE,48
Marion,PRECINCT 112,U.S. Senate,,REP,JIM JUSTICE,427
Marion,PRECINCT 113,U.S. Senate,,REP,JIM JUSTICE,97
Marion,PRECINCT 114,U.S. Senate,,REP,JIM JUSTICE,268
Marion,PRECINCT 115,U.S. Senate,,REP,JIM JUSTICE,510
Marion,PRECINCT 117,U.S. Senate,,REP,JIM JUSTICE,522
Marion,PRECINCT 119,U.S. Senate,,REP,JIM JUSTICE,471
Marion,PRECINCT 120,U.S. Senate,,REP,JIM JUSTICE,707
Marion,PRECINCT 121,U.S. Senate,,REP,JIM JUSTICE,577
Marion,PRECINCT 124,U.S. Senate,,REP,JIM JUSTICE,491
Marion,PRECINCT 125,U.S. Senate,,REP,JIM JUSTICE,410
Marion,PRECINCT 175,U.S. Senate,,REP,JIM JUSTICE,6
Marion,PRECINCT 611,U.S. Senate,,REP,JIM JUSTICE,39
Marion,PRECINCT 721,U.S. Senate,,REP,JIM JUSTICE,13
Marion,PRECINCT 961,U.S. Senate,,REP,JIM JUSTICE,25
Marion,PRECINCT 1,U.S. Senate,,DEM,GLENN ELLIOTT,102
Marion,PRECINCT 2,U.S. Senate,,DEM,GLENN ELLIOTT,293
Marion,PRECINCT 5,U.S. Senate,,DEM,GLENN ELLIOTT,207
Marion,PRECINCT 6,U.S. Senate,,DEM,GLENN ELLIOTT,9
Marion,PRECINCT 20,U.S. Senate,,DEM,GLENN ELLIOTT,344
Marion,PRECINCT 26,U.S. Senate,,DEM,GLENN ELLIOTT,45
Marion,PRECINCT 28,U.S. Senate,,DEM,GLENN ELLIOTT,188
Marion,PRECINCT 29,U.S. Senate,,DEM,GLENN ELLIOTT,90
Marion,PRECINCT 30,U.S. Senate,,DEM,GLENN ELLIOTT,749
Marion,PRECINCT 31,U.S. Senate,,DEM,GLENN ELLIOTT,216
Marion,PRECINCT 33,U.S. Senate,,DEM,GLENN ELLIOTT,45
Marion,PRECINCT 35,U.S. Senate,,DEM,GLENN ELLIOTT,114
Marion,PRECINCT 37,U.S. Senate,,DEM,GLENN ELLIOTT,93
Marion,PRECINCT 38,U.S. Senate,,DEM,GLENN ELLIOTT,183
Marion,PRECINCT 39,U.S. Senate,,DEM,GLENN ELLIOTT,174
Marion,PRECINCT 40,U.S. Senate,,DEM,GLENN ELLIOTT,187
Marion,PRECINCT 41,U.S. Senate,,DEM,GLENN ELLIOTT,60
Marion,PRECINCT 42,U.S. Senate,,DEM,GLENN ELLIOTT,152
Marion,PRECINCT 45,U.S. Senate,,DEM,GLENN ELLIOTT,477
Marion,PRECINCT 46,U.S. Senate,,DEM,GLENN ELLIOTT,30
Marion,PRECINCT 47,U.S. Senate,,DEM,GLENN ELLIOTT,113
Marion,PRECINCT 49,U.S. Senate,,DEM,GLENN ELLIOTT,21
Marion,PRECINCT 50,U.S. Senate,,DEM,GLENN ELLIOTT,106
Marion,PRECINCT 51,U.S. Senate,,DEM,GLENN ELLIOTT,11
Marion,PRECINCT 52,U.S. Senate,,DEM,GLENN ELLIOTT,84
Marion,PRECINCT 53,U.S. Senate,,DEM,GLENN ELLIOTT,158
Marion,PRECINCT 54,U.S. Senate,,DEM,GLENN ELLIOTT,17
Marion,PRECINCT 55,U.S. Senate,,DEM,GLENN ELLIOTT,41
Marion,PRECINCT 56,U.S. Senate,,DEM,GLENN ELLIOTT,110
Marion,PRECINCT 57,U.S. Senate,,DEM,GLENN ELLIOTT,141
Marion,PRECINCT 61,U.S. Senate,,DEM,GLENN ELLIOTT,106
Marion,PRECINCT 66,U.S. Senate,,DEM,GLENN ELLIOTT,67
Marion,PRECINCT 67,U.S. Senate,,DEM,GLENN ELLIOTT,60
Marion,PRECINCT 68,U.S. Senate,,DEM,GLENN ELLIOTT,40
Marion,PRECINCT 69,U.S. Senate,,DEM,GLENN ELLIOTT,55
Marion,PRECINCT 72,U.S. Senate,,DEM,GLENN ELLIOTT,82
Marion,PRECINCT 73,U.S. Senate,,DEM,GLENN ELLIOTT,21
Marion,PRECINCT 74,U.S. Senate,,DEM,GLENN ELLIOTT,21
Marion,PRECINCT 75,U.S. Senate,,DEM,GLENN ELLIOTT,7
Marion,PRECINCT 78,U.S. Senate,,DEM,GLENN ELLIOTT,54
Marion,PRECINCT 81,U.S. Senate,,DEM,GLENN ELLIOTT,0
Marion,PRECINCT 82,U.S. Senate,,DEM,GLENN ELLIOTT,29
Marion,PRECINCT 83,U.S. Senate,,DEM,GLENN ELLIOTT,20
Marion,PRECINCT 84,U.S. Senate,,DEM,GLENN ELLIOTT,121
Marion,PRECINCT 86,U.S. Senate,,DEM,GLENN ELLIOTT,88
Marion,PRECINCT 87,U.S. Senate,,DEM,GLENN ELLIOTT,40
Marion,PRECINCT 88,U.S. Senate,,DEM,GLENN ELLIOTT,82
Marion,PRECINCT 89,U.S. Senate,,DEM,GLENN ELLIOTT,74
Marion,PRECINCT 90,U.S. Senate,,DEM,GLENN ELLIOTT,74
Marion,PRECINCT 96,U.S. Senate,,DEM,GLENN ELLIOTT,301
Marion,PRECINCT 109,U.S. Senate,,DEM,GLENN ELLIOTT,16
Marion,PRECINCT 112,U.S. Senate,,DEM,GLENN ELLIOTT,161
Marion,PRECINCT 113,U.S. Senate,,DEM,GLENN ELLIOTT,28
Marion,PRECINCT 114,U.S. Senate,,DEM,GLENN ELLIOTT,98
Marion,PRECINCT 115,U.S. Senate,,DEM,GLENN ELLIOTT,174
Marion,PRECINCT 117,U.S. Senate,,DEM,GLENN ELLIOTT,250
Marion,PRECINCT 119,U.S. Senate,,DEM,GLENN ELLIOTT,228
Marion,PRECINCT 120,U.S. Senate,,DEM,GLENN ELLIOTT,427
Marion,PRECINCT 121,U.S. Senate,,DEM,GLENN ELLIOTT,200
Marion,PRECINCT 124,U.S. Senate,,DEM,GLENN ELLIOTT,190
Marion,PRECINCT 125,U.S. Senate,,DEM,GLENN ELLIOTT,127
Marion,PRECINCT 175,U.S. Senate,,DEM,GLENN ELLIOTT,10
Marion,PRECINCT 611,U.S. Senate,,DEM,GLENN ELLIOTT,8
Marion,PRECINCT 721,U.S. Senate,,DEM,GLENN ELLIOTT,12
Marion,PRECINCT 961,U.S. Senate,,DEM,GLENN ELLIOTT,3
Marion,PRECINCT 1,U.S. Senate,,LBN,DAVID MORAN,19
Marion,PRECINCT 2,U.S. Senate,,LBN,DAVID MORAN,32
Marion,PRECINCT 5,U.S. Senate,,LBN,DAVID MORAN,37
Marion,PRECINCT 6,U.S. Senate,,LBN,DAVID MORAN,0
Marion,PRECINCT 20,U.S. Senate,,LBN,DAVID MORAN,32
Marion,PRECINCT 26,U.S. Senate,,LBN,DAVID MORAN,5
Marion,PRECINCT 28,U.S. Senate,,LBN,DAVID MORAN,21
Marion,PRECINCT 29,U.S. Senate,,LBN,DAVID MORAN,12
Marion,PRECINCT 30,U.S. Senate,,LBN,DAVID MORAN,66
Marion,PRECINCT 31,U.S. Senate,,LBN,DAVID MORAN,22
Marion,PRECINCT 33,U.S. Senate,,LBN,DAVID MORAN,10
Marion,PRECINCT 35,U.S. Senate,,LBN,DAVID MORAN,15
Marion,PRECINCT 37,U.S. Senate,,LBN,DAVID MORAN,11
Marion,PRECINCT 38,U.S. Senate,,LBN,DAVID MORAN,17
Marion,PRECINCT 39,U.S. Senate,,LBN,DAVID MORAN,16
Marion,PRECINCT 40,U.S. Senate,,LBN,DAVID MORAN,25
Marion,PRECINCT 41,U.S. Senate,,LBN,DAVID MORAN,12
Marion,PRECINCT 42,U.S. Senate,,LBN,DAVID MORAN,11
Marion,PRECINCT 45,U.S. Senate,,LBN,DAVID MORAN,29
Marion,PRECINCT 46,U.S. Senate,,LBN,DAVID MORAN,3
Marion,PRECINCT 47,U.S. Senate,,LBN,DAVID MORAN,19
Marion,PRECINCT 49,U.S. Senate,,LBN,DAVID MORAN,5
Marion,PRECINCT 50,U.S. Senate,,LBN,DAVID MORAN,12
Marion,PRECINCT 51,U.S. Senate,,LBN,DAVID MORAN,4
Marion,PRECINCT 52,U.S. Senate,,LBN,DAVID MORAN,8
Marion,PRECINCT 53,U.S. Senate,,LBN,DAVID MORAN,21
Marion,PRECINCT 54,U.S. Senate,,LBN,DAVID MORAN,2
Marion,PRECINCT 55,U.S. Senate,,LBN,DAVID MORAN,6
Marion,PRECINCT 56,U.S. Senate,,LBN,DAVID MORAN,28
Marion,PRECINCT 57,U.S. Senate,,LBN,DAVID MORAN,22
Marion,PRECINCT 61,U.S. Senate,,LBN,DAVID MORAN,16
Marion,PRECINCT 66,U.S. Senate,,LBN,DAVID MORAN,11
Marion,PRECINCT 67,U.S. Senate,,LBN,DAVID MORAN,13
Marion,PRECINCT 68,U.S. Senate,,LBN,DAVID MORAN,4
Marion,PRECINCT 69,U.S. Senate,,LBN,DAVID MORAN,10
Marion,PRECINCT 72,U.S. Senate,,LBN,DAVID MORAN,14
Marion,PRECINCT 73,U.S. Senate,,LBN,DAVID MORAN,5
Marion,PRECINCT 74,U.S. Senate,,LBN,DAVID MORAN,6
Marion,PRECINCT 75,U.S. Senate,,LBN,DAVID MORAN,3
Marion,PRECINCT 78,U.S. Senate,,LBN,DAVID MORAN,9
Marion,PRECINCT 81,U.S. Senate,,LBN,DAVID MORAN,1
Marion,PRECINCT 82,U.S. Senate,,LBN,DAVID MORAN,9
Marion,PRECINCT 83,U.S. Senate,,LBN,DAVID MORAN,4
Marion,PRECINCT 84,U.S. Senate,,LBN,DAVID MORAN,18
Marion,PRECINCT 86,U.S. Senate,,LBN,DAVID MORAN,6
Marion,PRECINCT 87,U.S. Senate,,LBN,DAVID MORAN,3
Marion,PRECINCT 88,U.S. Senate,,LBN,DAVID MORAN,18
Marion,PRECINCT 89,U.S. Senate,,LBN,DAVID MORAN,14
Marion,PRECINCT 90,U.S. Senate,,LBN,DAVID MORAN,15
Marion,PRECINCT 96,U.S. Senate,,LBN,DAVID MORAN,45
Marion,PRECINCT 109,U.S. Senate,,LBN,DAVID MORAN,3
Marion,PRECINCT 112,U.S. Senate,,LBN,DAVID MORAN,24
Marion,PRECINCT 113,U.S. Senate,,LBN,DAVID MORAN,5
Marion,PRECINCT 114,U.S. Senate,,LBN,DAVID MORAN,24
Marion,PRECINCT 115,U.S. Senate,,LBN,DAVID MORAN,40
Marion,PRECINCT 117,U.S. Senate,,LBN,DAVID MORAN,34
Marion,PRECINCT 119,U.S. Senate,,LBN,DAVID MORAN,30
Marion,PRECINCT 120,U.S. Senate,,LBN,DAVID MORAN,63
Marion,PRECINCT 121,U.S. Senate,,LBN,DAVID MORAN,31
Marion,PRECINCT 124,U.S. Senate,,LBN,DAVID MORAN,38
Marion,PRECINCT 125,U.S. Senate,,LBN,DAVID MORAN,27
Marion,PRECINCT 175,U.S. Senate,,LBN,DAVID MORAN,0
Marion,PRECINCT 611,U.S. Senate,,LBN,DAVID MORAN,6
Marion,PRECINCT 721,U.S. Senate,,LBN,DAVID MORAN,1
Marion,PRECINCT 961,U.S. Senate,,LBN,DAVID MORAN,2
Marion,PRECINCT 1,U.S. House,2,REP,RILEY MOORE,108
Marion,PRECINCT 2,U.S. House,2,REP,RILEY MOORE,196
Marion,PRECINCT 5,U.S. House,2,REP,RILEY MOORE,322
Marion,PRECINCT 6,U.S. House,2,REP,RILEY MOORE,16
Marion,PRECINCT 20,U.S. House,2,REP,RILEY MOORE,324
Marion,PRECINCT 26,U.S. House,2,REP,RILEY MOORE,50
Marion,PRECINCT 28,U.S. House,2,REP,RILEY MOORE,352
Marion,PRECINCT 29,U.S. House,2,REP,RILEY MOORE,262
Marion,PRECINCT 30,U.S. House,2,REP,RILEY MOORE,871
Marion,PRECINCT 31,U.S. House,2,REP,RILEY MOORE,410
Marion,PRECINCT 33,U.S. House,2,REP,RILEY MOORE,112
Marion,PRECINCT 35,U.S. House,2,REP,RILEY MOORE,133
Marion,PRECINCT 37,U.S. House,2,REP,RILEY MOORE,181
Marion,PRECINCT 38,U.S. House,2,REP,RILEY MOORE,376
Marion,PRECINCT 39,U.S. House,2,REP,RILEY MOORE,395
Marion,PRECINCT 40,U.S. House,2,REP,RILEY MOORE,325
Marion,PRECINCT 41,U.S. House,2,REP,RILEY MOORE,177
Marion,PRECINCT 42,U.S. House,2,REP,RILEY MOORE,234
Marion,PRECINCT 45,U.S. House,2,REP,RILEY MOORE,722
Marion,PRECINCT 46,U.S. House,2,REP,RILEY MOORE,71
Marion,PRECINCT 47,U.S. House,2,REP,RILEY MOORE,330
Marion,PRECINCT 49,U.S. House,2,REP,RILEY MOORE,72
Marion,PRECINCT 50,U.S. House,2,REP,RILEY MOORE,267
Marion,PRECINCT 51,U.S. House,2,REP,RILEY MOORE,42
Marion,PRECINCT 52,U.S. House,2,REP,RILEY MOORE,131
Marion,PRECINCT 53,U.S. House,2,REP,RILEY MOORE,378
Marion,PRECINCT 54,U.S. House,2,REP,RILEY MOORE,62
Marion,PRECINCT 55,U.S. House,2,REP,RILEY MOORE,115
Marion,PRECINCT 56,U.S. House,2,REP,RILEY MOORE,319
Marion,PRECINCT 57,U.S. House,2,REP,RILEY MOORE,258
Marion,PRECINCT 61,U.S. House,2,REP,RILEY MOORE,271
Marion,PRECINCT 66,U.S. House,2,REP,RILEY MOORE,167
Marion,PRECINCT 67,U.S. House,2,REP,RILEY MOORE,155
Marion,PRECINCT 68,U.S. House,2,REP,RILEY MOORE,78
Marion,PRECINCT 69,U.S. House,2,REP,RILEY MOORE,126
Marion,PRECINCT 72,U.S. House,2,REP,RILEY MOORE,330
Marion,PRECINCT 73,U.S. House,2,REP,RILEY MOORE,59
Marion,PRECINCT 74,U.S. House,2,REP,RILEY MOORE,109
Marion,PRECINCT 75,U.S. House,2,REP,RILEY MOORE,44
Marion,PRECINCT 78,U.S. House,2,REP,RILEY MOORE,190
Marion,PRECINCT 81,U.S. House,2,REP,RILEY MOORE,3
Marion,PRECINCT 82,U.S. House,2,REP,RILEY MOORE,96
Marion,PRECINCT 83,U.S. House,2,REP,RILEY MOORE,62
Marion,PRECINCT 84,U.S. House,2,REP,RILEY MOORE,284
Marion,PRECINCT 86,U.S. House,2,REP,RILEY MOORE,145
Marion,PRECINCT 87,U.S. House,2,REP,RILEY MOORE,86
Marion,PRECINCT 88,U.S. House,2,REP,RILEY MOORE,233
Marion,PRECINCT 89,U.S. House,2,REP,RILEY MOORE,234
Marion,PRECINCT 90,U.S. House,2,REP,RILEY MOORE,228
Marion,PRECINCT 96,U.S. House,2,REP,RILEY MOORE,444
Marion,PRECINCT 109,U.S. House,2,REP,RILEY MOORE,48
Marion,PRECINCT 112,U.S. House,2,REP,RILEY MOORE,442
Marion,PRECINCT 113,U.S. House,2,REP,RILEY MOORE,95
Marion,PRECINCT 114,U.S. House,2,REP,RILEY MOORE,287
Marion,PRECINCT 115,U.S. House,2,REP,RILEY MOORE,526
Marion,PRECINCT 117,U.S. House,2,REP,RILEY MOORE,533
Marion,PRECINCT 119,U.S. House,2,REP,RILEY MOORE,473
Marion,PRECINCT 120,U.S. House,2,REP,RILEY MOORE,723
Marion,PRECINCT 121,U.S. House,2,REP,RILEY MOORE,590
Marion,PRECINCT 124,U.S. House,2,REP,RILEY MOORE,512
Marion,PRECINCT 125,U.S. House,2,REP,RILEY MOORE,416
Marion,PRECINCT 175,U.S. House,2,REP,RILEY MOORE,5
Marion,PRECINCT 611,U.S. House,2,REP,RILEY MOORE,42
Marion,PRECINCT 721,U.S. House,2,REP,RILEY MOORE,19
Marion,PRECINCT 961,U.S. House,2,REP,RILEY MOORE,25
Marion,PRECINCT 1,U.S. House,2,DEM,STEVEN WENDELIN,115
Marion,PRECINCT 2,U.S. House,2,DEM,STEVEN WENDELIN,304
Marion,PRECINCT 5,U.S. House,2,DEM,STEVEN WENDELIN,221
Marion,PRECINCT 6,U.S. House,2,DEM,STEVEN WENDELIN,9
Marion,PRECINCT 20,U.S. House,2,DEM,STEVEN WENDELIN,348
Marion,PRECINCT 26,U.S. House,2,DEM,STEVEN WENDELIN,50
Marion,PRECINCT 28,U.S. House,2,DEM,STEVEN WENDELIN,194
Marion,PRECINCT 29,U.S. House,2,DEM,STEVEN WENDELIN,90
Marion,PRECINCT 30,U.S. House,2,DEM,STEVEN WENDELIN,742
Marion,PRECINCT 31,U.S. House,2,DEM,STEVEN WENDELIN,207
Marion,PRECINCT 33,U.S. House,2,DEM,STEVEN WENDELIN,48
Marion,PRECINCT 35,U.S. House,2,DEM,STEVEN WENDELIN,113
Marion,PRECINCT 37,U.S. House,2,DEM,STEVEN WENDELIN,95
Marion,PRECINCT 38,U.S. House,2,DEM,STEVEN WENDELIN,184
Marion,PRECINCT 39,U.S. House,2,DEM,STEVEN WENDELIN,163
Marion,PRECINCT 40,U.S. House,2,DEM,STEVEN WENDELIN,191
Marion,PRECINCT 41,U.S. House,2,DEM,STEVEN WENDELIN,61
Marion,PRECINCT 42,U.S. House,2,DEM,STEVEN WENDELIN,140
Marion,PRECINCT 45,U.S. House,2,DEM,STEVEN WENDELIN,453
Marion,PRECINCT 46,U.S. House,2,DEM,STEVEN WENDELIN,26
Marion,PRECINCT 47,U.S. House,2,DEM,STEVEN WENDELIN,116
Marion,PRECINCT 49,U.S. House,2,DEM,STEVEN WENDELIN,26
Marion,PRECINCT 50,U.S. House,2,DEM,STEVEN WENDELIN,105
Marion,PRECINCT 51,U.S. House,2,DEM,STEVEN WENDELIN,11
Marion,PRECINCT 52,U.S. House,2,DEM,STEVEN WENDELIN,79
Marion,PRECINCT 53,U.S. House,2,DEM,STEVEN WENDELIN,167
Marion,PRECINCT 54,U.S. House,2,DEM,STEVEN WENDELIN,11
Marion,PRECINCT 55,U.S. House,2,DEM,STEVEN WENDELIN,34
Marion,PRECINCT 56,U.S. House,2,DEM,STEVEN WENDELIN,112
Marion,PRECINCT 57,U.S. House,2,DEM,STEVEN WENDELIN,144
Marion,PRECINCT 61,U.S. House,2,DEM,STEVEN WENDELIN,111
Marion,PRECINCT 66,U.S. House,2,DEM,STEVEN WENDELIN,61
Marion,PRECINCT 67,U.S. House,2,DEM,STEVEN WENDELIN,62
Marion,PRECINCT 68,U.S. House,2,DEM,STEVEN WENDELIN,32
Marion,PRECINCT 69,U.S. House,2,DEM,STEVEN WENDELIN,42
Marion,PRECINCT 72,U.S. House,2,DEM,STEVEN WENDELIN,85
Marion,PRECINCT 73,U.S. House,2,DEM,STEVEN WENDELIN,18
Marion,PRECINCT 74,U.S. House,2,DEM,STEVEN WENDELIN,23
Marion,PRECINCT 75,U.S. House,2,DEM,STEVEN WENDELIN,8
Marion,PRECINCT 78,U.S. House,2,DEM,STEVEN WENDELIN,48
Marion,PRECINCT 81,U.S. House,2,DEM,STEVEN WENDELIN,1
Marion,PRECINCT 82,U.S. House,2,DEM,STEVEN WENDELIN,24
Marion,PRECINCT 83,U.S. House,2,DEM,STEVEN WENDELIN,22
Marion,PRECINCT 84,U.S. House,2,DEM,STEVEN WENDELIN,119
Marion,PRECINCT 86,U.S. House,2,DEM,STEVEN WENDELIN,86
Marion,PRECINCT 87,U.S. House,2,DEM,STEVEN WENDELIN,40
Marion,PRECINCT 88,U.S. House,2,DEM,STEVEN WENDELIN,85
Marion,PRECINCT 89,U.S. House,2,DEM,STEVEN WENDELIN,72
Marion,PRECINCT 90,U.S. House,2,DEM,STEVEN WENDELIN,86
Marion,PRECINCT 96,U.S. House,2,DEM,STEVEN WENDELIN,287
Marion,PRECINCT 109,U.S. House,2,DEM,STEVEN WENDELIN,19
Marion,PRECINCT 112,U.S. House,2,DEM,STEVEN WENDELIN,154
Marion,PRECINCT 113,U.S. House,2,DEM,STEVEN WENDELIN,34
Marion,PRECINCT 114,U.S. House,2,DEM,STEVEN WENDELIN,102
Marion,PRECINCT 115,U.S. House,2,DEM,STEVEN WENDELIN,174
Marion,PRECINCT 117,U.S. House,2,DEM,STEVEN WENDELIN,254
Marion,PRECINCT 119,U.S. House,2,DEM,STEVEN WENDELIN,244
Marion,PRECINCT 120,U.S. House,2,DEM,STEVEN WENDELIN,437
Marion,PRECINCT 121,U.S. House,2,DEM,STEVEN WENDELIN,185
Marion,PRECINCT 124,U.S. House,2,DEM,STEVEN WENDELIN,191
Marion,PRECINCT 125,U.S. House,2,DEM,STEVEN WENDELIN,129
Marion,PRECINCT 175,U.S. House,2,DEM,STEVEN WENDELIN,8
Marion,PRECINCT 611,U.S. House,2,DEM,STEVEN WENDELIN,9
Marion,PRECINCT 721,U.S. House,2,DEM,STEVEN WENDELIN,6
Marion,PRECINCT 961,U.S. House,2,DEM,STEVEN WENDELIN,5
Marion,PRECINCT 1,Governor,,REP,PATRICK MORRISEY,93
Marion,PRECINCT 2,Governor,,REP,PATRICK MORRISEY,164
Marion,PRECINCT 5,Governor,,REP,PATRICK MORRISEY,268
Marion,PRECINCT 6,Governor,,REP,PATRICK MORRISEY,16
Marion,PRECINCT 20,Governor,,REP,PATRICK MORRISEY,266
Marion,PRECINCT 26,Governor,,REP,PATRICK MORRISEY,48
Marion,PRECINCT 28,Governor,,REP,PATRICK MORRISEY,296
Marion,PRECINCT 29,Governor,,REP,PATRICK MORRISEY,242
Marion,PRECINCT 30,Governor,,REP,PATRICK MORRISEY,730
Marion,PRECINCT 31,Governor,,REP,PATRICK MORRISEY,357
Marion,PRECINCT 33,Governor,,REP,PATRICK MORRISEY,103
Marion,PRECINCT 35,Governor,,REP,PATRICK MORRISEY,122
Marion,PRECINCT 37,Governor,,REP,PATRICK MORRISEY,157
Marion,PRECINCT 38,Governor,,REP,PATRICK MORRISEY,350
Marion,PRECINCT 39,Governor,,REP,PATRICK MORRISEY,334
Marion,PRECINCT 40,Governor,,REP,PATRICK MORRISEY,283
Marion,PRECINCT 41,Governor,,REP,PATRICK MORRISEY,151
Marion,PRECINCT 42,Governor,,REP,PATRICK MORRISEY,213
Marion,PRECINCT 45,Governor,,REP,PATRICK MORRISEY,638
Marion,PRECINCT 46,Governor,,REP,PATRICK MORRISEY,66
Marion,PRECINCT 47,Governor,,REP,PATRICK MORRISEY,285
Marion,PRECINCT 49,Governor,,REP,PATRICK MORRISEY,66
Marion,PRECINCT 50,Governor,,REP,PATRICK MORRISEY,234
Marion,PRECINCT 51,Governor,,REP,PATRICK MORRISEY,36
Marion,PRECINCT 52,Governor,,REP,PATRICK MORRISEY,109
Marion,PRECINCT 53,Governor,,REP,PATRICK MORRISEY,361
Marion,PRECINCT 54,Governor,,REP,PATRICK MORRISEY,56
Marion,PRECINCT 55,Governor,,REP,PATRICK MORRISEY,94
Marion,PRECINCT 56,Governor,,REP,PATRICK MORRISEY,293
Marion,PRECINCT 57,Governor,,REP,PATRICK MORRISEY,243
Marion,PRECINCT 61,Governor,,REP,PATRICK MORRISEY,254
Marion,PRECINCT 66,Governor,,REP,PATRICK MORRISEY,135
Marion,PRECINCT 67,Governor,,REP,PATRICK MORRISEY,140
Marion,PRECINCT 68,Governor,,REP,PATRICK MORRISEY,65
Marion,PRECINCT 69,Governor,,REP,PATRICK MORRISEY,113
Marion,PRECINCT 72,Governor,,REP,PATRICK MORRISEY,298
Marion,PRECINCT 73,Governor,,REP,PATRICK MORRISEY,50
Marion,PRECINCT 74,Governor,,REP,PATRICK MORRISEY,104
Marion,PRECINCT 75,Governor,,REP,PATRICK MORRISEY,39
Marion,PRECINCT 78,Governor,,REP,PATRICK MORRISEY,172
Marion,PRECINCT 81,Governor,,REP,PATRICK MORRISEY,3
Marion,PRECINCT 82,Governor,,REP,PATRICK MORRISEY,90
Marion,PRECINCT 83,Governor,,REP,PATRICK MORRISEY,60
Marion,PRECINCT 84,Governor,,REP,PATRICK MORRISEY,251
Marion,PRECINCT 86,Governor,,REP,PATRICK MORRISEY,121
Marion,PRECINCT 87,Governor,,REP,PATRICK MORRISEY,84
Marion,PRECINCT 88,Governor,,REP,PATRICK MORRISEY,213
Marion,PRECINCT 89,Governor,,REP,PATRICK MORRISEY,202
Marion,PRECINCT 90,Governor,,REP,PATRICK MORRISEY,216
Marion,PRECINCT 96,Governor,,REP,PATRICK MORRISEY,381
Marion,PRECINCT 109,Governor,,REP,PATRICK MORRISEY,43
Marion,PRECINCT 112,Governor,,REP,PATRICK MORRISEY,408
Marion,PRECINCT 113,Governor,,REP,PATRICK MORRISEY,78
Marion,PRECINCT 114,Governor,,REP,PATRICK MORRISEY,246
Marion,PRECINCT 115,Governor,,REP,PATRICK MORRISEY,480
Marion,PRECINCT 117,Governor,,REP,PATRICK MORRISEY,478
Marion,PRECINCT 119,Governor,,REP,PATRICK MORRISEY,408
Marion,PRECINCT 120,Governor,,REP,PATRICK MORRISEY,626
Marion,PRECINCT 121,Governor,,REP,PATRICK MORRISEY,542
Marion,PRECINCT 124,Governor,,REP,PATRICK MORRISEY,457
Marion,PRECINCT 125,Governor,,REP,PATRICK MORRISEY,375
Marion,PRECINCT 175,Governor,,REP,PATRICK MORRISEY,5
Marion,PRECINCT 611,Governor,,REP,PATRICK MORRISEY,39
Marion,PRECINCT 721,Governor,,REP,PATRICK MORRISEY,11
Marion,PRECINCT 961,Governor,,REP,PATRICK MORRISEY,22
Marion,PRECINCT 1,Governor,,DEM,STEVE WILLIAMS,113
Marion,PRECINCT 2,Governor,,DEM,STEVE WILLIAMS,294
Marion,PRECINCT 5,Governor,,DEM,STEVE WILLIAMS,223
Marion,PRECINCT 6,Governor,,DEM,STEVE WILLIAMS,11
Marion,PRECINCT 20,Governor,,DEM,STEVE WILLIAMS,338
Marion,PRECINCT 26,Governor,,DEM,STEVE WILLIAMS,48
Marion,PRECINCT 28,Governor,,DEM,STEVE WILLIAMS,218
Marion,PRECINCT 29,Governor,,DEM,STEVE WILLIAMS,95
Marion,PRECINCT 30,Governor,,DEM,STEVE WILLIAMS,801
Marion,PRECINCT 31,Governor,,DEM,STEVE WILLIAMS,236
Marion,PRECINCT 33,Governor,,DEM,STEVE WILLIAMS,48
Marion,PRECINCT 35,Governor,,DEM,STEVE WILLIAMS,111
Marion,PRECINCT 37,Governor,,DEM,STEVE WILLIAMS,104
Marion,PRECINCT 38,Governor,,DEM,STEVE WILLIAMS,196
Marion,PRECINCT 39,Governor,,DEM,STEVE WILLIAMS,193
Marion,PRECINCT 40,Governor,,DEM,STEVE WILLIAMS,207
Marion,PRECINCT 41,Governor,,DEM,STEVE WILLIAMS,73
Marion,PRECINCT 42,Governor,,DEM,STEVE WILLIAMS,149
Marion,PRECINCT 45,Governor,,DEM,STEVE WILLIAMS,493
Marion,PRECINCT 46,Governor,,DEM,STEVE WILLIAMS,25
Marion,PRECINCT 47,Governor,,DEM,STEVE WILLIAMS,132
Marion,PRECINCT 49,Governor,,DEM,STEVE WILLIAMS,23
Marion,PRECINCT 50,Governor,,DEM,STEVE WILLIAMS,119
Marion,PRECINCT 51,Governor,,DEM,STEVE WILLIAMS,10
Marion,PRECINCT 52,Governor,,DEM,STEVE WILLIAMS,91
Marion,PRECINCT 53,Governor,,DEM,STEVE WILLIAMS,163
Marion,PRECINCT 54,Governor,,DEM,STEVE WILLIAMS,14
Marion,PRECINCT 55,Governor,,DEM,STEVE WILLIAMS,42
Marion,PRECINCT 56,Governor,,DEM,STEVE WILLIAMS,122
Marion,PRECINCT 57,Governor,,DEM,STEVE WILLIAMS,144
Marion,PRECINCT 61,Governor,,DEM,STEVE WILLIAMS,116
Marion,PRECINCT 66,Governor,,DEM,STEVE WILLIAMS,72
Marion,PRECINCT 67,Governor,,DEM,STEVE WILLIAMS,60
Marion,PRECINCT 68,Governor,,DEM,STEVE WILLIAMS,42
Marion,PRECINCT 69,Governor,,DEM,STEVE WILLIAMS,54
Marion,PRECINCT 72,Governor,,DEM,STEVE WILLIAMS,111
Marion,PRECINCT 73,Governor,,DEM,STEVE WILLIAMS,20
Marion,PRECINCT 74,Governor,,DEM,STEVE WILLIAMS,24
Marion,PRECINCT 75,Governor,,DEM,STEVE WILLIAMS,12
Marion,PRECINCT 78,Governor,,DEM,STEVE WILLIAMS,59
Marion,PRECINCT 81,Governor,,DEM,STEVE WILLIAMS,0
Marion,PRECINCT 82,Governor,,DEM,STEVE WILLIAMS,23
Marion,PRECINCT 83,Governor,,DEM,STEVE WILLIAMS,21
Marion,PRECINCT 84,Governor,,DEM,STEVE WILLIAMS,140
Marion,PRECINCT 86,Governor,,DEM,STEVE WILLIAMS,94
Marion,PRECINCT 87,Governor,,DEM,STEVE WILLIAMS,41
Marion,PRECINCT 88,Governor,,DEM,STEVE WILLIAMS,89
Marion,PRECINCT 89,Governor,,DEM,STEVE WILLIAMS,87
Marion,PRECINCT 90,Governor,,DEM,STEVE WILLIAMS,80
Marion,PRECINCT 96,Governor,,DEM,STEVE WILLIAMS,307
Marion,PRECINCT 109,Governor,,DEM,STEVE WILLIAMS,19
Marion,PRECINCT 112,Governor,,DEM,STEVE WILLIAMS,168
Marion,PRECINCT 113,Governor,,DEM,STEVE WILLIAMS,39
Marion,PRECINCT 114,Governor,,DEM,STEVE WILLIAMS,108
Marion,PRECINCT 115,Governor,,DEM,STEVE WILLIAMS,189
Marion,PRECINCT 117,Governor,,DEM,STEVE WILLIAMS,266
Marion,PRECINCT 119,Governor,,DEM,STEVE WILLIAMS,248
Marion,PRECINCT 120,Governor,,DEM,STEVE WILLIAMS,462
Marion,PRECINCT 121,Governor,,DEM,STEVE WILLIAMS,215
Marion,PRECINCT 124,Governor,,DEM,STEVE WILLIAMS,199
Marion,PRECINCT 125,Governor,,DEM,STEVE WILLIAMS,143
Marion,PRECINCT 175,Governor,,DEM,STEVE WILLIAMS,11
Marion,PRECINCT 611,Governor,,DEM,STEVE WILLIAMS,8
Marion,PRECINCT 721,Governor,,DEM,STEVE WILLIAMS,11
Marion,PRECINCT 961,Governor,,DEM,STEVE WILLIAMS,6
Marion,PRECINCT 1,Governor,,LBN,ERIKA KLIE KOLENICH,11
Marion,PRECINCT 2,Governor,,LBN,ERIKA KLIE KOLENICH,35
Marion,PRECINCT 5,Governor,,LBN,ERIKA KLIE KOLENICH,43
Marion,PRECINCT 6,Governor,,LBN,ERIKA KLIE KOLENICH,0
Marion,PRECINCT 20,Governor,,LBN,ERIKA KLIE KOLENICH,55
Marion,PRECINCT 26,Governor,,LBN,ERIKA KLIE KOLENICH,2
Marion,PRECINCT 28,Governor,,LBN,ERIKA KLIE KOLENICH,26
Marion,PRECINCT 29,Governor,,LBN,ERIKA KLIE KOLENICH,14
Marion,PRECINCT 30,Governor,,LBN,ERIKA KLIE KOLENICH,84
Marion,PRECINCT 31,Governor,,LBN,ERIKA KLIE KOLENICH,23
Marion,PRECINCT 33,Governor,,LBN,ERIKA KLIE KOLENICH,8
Marion,PRECINCT 35,Governor,,LBN,ERIKA KLIE KOLENICH,13
Marion,PRECINCT 37,Governor,,LBN,ERIKA KLIE KOLENICH,19
Marion,PRECINCT 38,Governor,,LBN,ERIKA KLIE KOLENICH,26
Marion,PRECINCT 39,Governor,,LBN,ERIKA KLIE KOLENICH,24
Marion,PRECINCT 40,Governor,,LBN,ERIKA KLIE KOLENICH,23
Marion,PRECINCT 41,Governor,,LBN,ERIKA KLIE KOLENICH,10
Marion,PRECINCT 42,Governor,,LBN,ERIKA KLIE KOLENICH,23
Marion,PRECINCT 45,Governor,,LBN,ERIKA KLIE KOLENICH,52
Marion,PRECINCT 46,Governor,,LBN,ERIKA KLIE KOLENICH,6
Marion,PRECINCT 47,Governor,,LBN,ERIKA KLIE KOLENICH,21
Marion,PRECINCT 49,Governor,,LBN,ERIKA KLIE KOLENICH,10
Marion,PRECINCT 50,Governor,,LBN,ERIKA KLIE KOLENICH,18
Marion,PRECINCT 51,Governor,,LBN,ERIKA KLIE KOLENICH,5
Marion,PRECINCT 52,Governor,,LBN,ERIKA KLIE KOLENICH,11
Marion,PRECINCT 53,Governor,,LBN,ERIKA KLIE KOLENICH,29
Marion,PRECINCT 54,Governor,,LBN,ERIKA KLIE KOLENICH,2
Marion,PRECINCT 55,Governor,,LBN,ERIKA KLIE KOLENICH,8
Marion,PRECINCT 56,Governor,,LBN,ERIKA KLIE KOLENICH,19
Marion,PRECINCT 57,Governor,,LBN,ERIKA KLIE KOLENICH,22
Marion,PRECINCT 61,Governor,,LBN,ERIKA KLIE KOLENICH,23
Marion,PRECINCT 66,Governor,,LBN,ERIKA KLIE KOLENICH,16
Marion,PRECINCT 67,Governor,,LBN,ERIKA KLIE KOLENICH,14
Marion,PRECINCT 68,Governor,,LBN,ERIKA KLIE KOLENICH,4
Marion,PRECINCT 69,Governor,,LBN,ERIKA KLIE KOLENICH,7
Marion,PRECINCT 72,Governor,,LBN,ERIKA KLIE KOLENICH,10
Marion,PRECINCT 73,Governor,,LBN,ERIKA KLIE KOLENICH,7
Marion,PRECINCT 74,Governor,,LBN,ERIKA KLIE KOLENICH,6
Marion,PRECINCT 75,Governor,,LBN,ERIKA KLIE KOLENICH,1
Marion,PRECINCT 78,Governor,,LBN,ERIKA KLIE KOLENICH,12
Marion,PRECINCT 81,Governor,,LBN,ERIKA KLIE KOLENICH,1
Marion,PRECINCT 82,Governor,,LBN,ERIKA KLIE KOLENICH,3
Marion,PRECINCT 83,Governor,,LBN,ERIKA KLIE KOLENICH,2
Marion,PRECINCT 84,Governor,,LBN,ERIKA KLIE KOLENICH,17
Marion,PRECINCT 86,Governor,,LBN,ERIKA KLIE KOLENICH,19
Marion,PRECINCT 87,Governor,,LBN,ERIKA KLIE KOLENICH,7
Marion,PRECINCT 88,Governor,,LBN,ERIKA KLIE KOLENICH,18
Marion,PRECINCT 89,Governor,,LBN,ERIKA KLIE KOLENICH,12
Marion,PRECINCT 90,Governor,,LBN,ERIKA KLIE KOLENICH,20
Marion,PRECINCT 96,Governor,,LBN,ERIKA KLIE KOLENICH,45
Marion,PRECINCT 109,Governor,,LBN,ERIKA KLIE KOLENICH,3
Marion,PRECINCT 112,Governor,,LBN,ERIKA KLIE KOLENICH,24
Marion,PRECINCT 113,Governor,,LBN,ERIKA KLIE KOLENICH,8
Marion,PRECINCT 114,Governor,,LBN,ERIKA KLIE KOLENICH,22
Marion,PRECINCT 115,Governor,,LBN,ERIKA KLIE KOLENICH,39
Marion,PRECINCT 117,Governor,,LBN,ERIKA KLIE KOLENICH,37
Marion,PRECINCT 119,Governor,,LBN,ERIKA KLIE KOLENICH,48
Marion,PRECINCT 120,Governor,,LBN,ERIKA KLIE KOLENICH,59
Marion,PRECINCT 121,Governor,,LBN,ERIKA KLIE KOLENICH,21
Marion,PRECINCT 124,Governor,,LBN,ERIKA KLIE KOLENICH,40
Marion,PRECINCT 125,Governor,,LBN,ERIKA KLIE KOLENICH,20
Marion,PRECINCT 175,Governor,,LBN,ERIKA KLIE KOLENICH,0
Marion,PRECINCT 611,Governor,,LBN,ERIKA KLIE KOLENICH,2
Marion,PRECINCT 721,Governor,,LBN,ERIKA KLIE KOLENICH,0
Marion,PRECINCT 961,Governor,,LBN,ERIKA KLIE KOLENICH,1
Marion,PRECINCT 1,Governor,,MTN,CHASE LINKO-LOOPER,5
Marion,PRECINCT 2,Governor,,MTN,CHASE LINKO-LOOPER,12
Marion,PRECINCT 5,Governor,,MTN,CHASE LINKO-LOOPER,14
Marion,PRECINCT 6,Governor,,MTN,CHASE LINKO-LOOPER,0
Marion,PRECINCT 20,Governor,,MTN,CHASE LINKO-LOOPER,18
Marion,PRECINCT 26,Governor,,MTN,CHASE LINKO-LOOPER,1
Marion,PRECINCT 28,Governor,,MTN,CHASE LINKO-LOOPER,8
Marion,PRECINCT 29,Governor,,MTN,CHASE LINKO-LOOPER,2
Marion,PRECINCT 30,Governor,,MTN,CHASE LINKO-LOOPER,18
Marion,PRECINCT 31,Governor,,MTN,CHASE LINKO-LOOPER,11
Marion,PRECINCT 33,Governor,,MTN,CHASE LINKO-LOOPER,1
Marion,PRECINCT 35,Governor,,MTN,CHASE LINKO-LOOPER,1
Marion,PRECINCT 37,Governor,,MTN,CHASE LINKO-LOOPER,0
Marion,PRECINCT 38,Governor,,MTN,CHASE LINKO-LOOPER,2
Marion,PRECINCT 39,Governor,,MTN,CHASE LINKO-LOOPER,9
Marion,PRECINCT 40,Governor,,MTN,CHASE LINKO-LOOPER,5
Marion,PRECINCT 41,Governor,,MTN,CHASE LINKO-LOOPER,2
Marion,PRECINCT 42,Governor,,MTN,CHASE LINKO-LOOPER,3
Marion,PRECINCT 45,Governor,,MTN,CHASE LINKO-LOOPER,7
Marion,PRECINCT 46,Governor,,MTN,CHASE LINKO-LOOPER,0
Marion,PRECINCT 47,Governor,,MTN,CHASE LINKO-LOOPER,7
Marion,PRECINCT 49,Governor,,MTN,CHASE LINKO-LOOPER,1
Marion,PRECINCT 50,Governor,,MTN,CHASE LINKO-LOOPER,3
Marion,PRECINCT 51,Governor,,MTN,CHASE LINKO-LOOPER,0
Marion,PRECINCT 52,Governor,,MTN,CHASE LINKO-LOOPER,2
Marion,PRECINCT 53,Governor,,MTN,CHASE LINKO-LOOPER,11
Marion,PRECINCT 54,Governor,,MTN,CHASE LINKO-LOOPER,1
Marion,PRECINCT 55,Governor,,MTN,CHASE LINKO-LOOPER,3
Marion,PRECINCT 56,Governor,,MTN,CHASE LINKO-LOOPER,1
Marion,PRECINCT 57,Governor,,MTN,CHASE LINKO-LOOPER,7
Marion,PRECINCT 61,Governor,,MTN,CHASE LINKO-LOOPER,5
Marion,PRECINCT 66,Governor,,MTN,CHASE LINKO-LOOPER,5
Marion,PRECINCT 67,Governor,,MTN,CHASE LINKO-LOOPER,4
Marion,PRECINCT 68,Governor,,MTN,CHASE LINKO-LOOPER,1
Marion,PRECINCT 69,Governor,,MTN,CHASE LINKO-LOOPER,3
Marion,PRECINCT 72,Governor,,MTN,CHASE LINKO-LOOPER,2
Marion,PRECINCT 73,Governor,,MTN,CHASE LINKO-LOOPER,0
Marion,PRECINCT 74,Governor,,MTN,CHASE LINKO-LOOPER,1
Marion,PRECINCT 75,Governor,,MTN,CHASE LINKO-LOOPER,0
Marion,PRECINCT 78,Governor,,MTN,CHASE LINKO-LOOPER,2
Marion,PRECINCT 81,Governor,,MTN,CHASE LINKO-LOOPER,0
Marion,PRECINCT 82,Governor,,MTN,CHASE LINKO-LOOPER,2
Marion,PRECINCT 83,Governor,,MTN,CHASE LINKO-LOOPER,1
Marion,PRECINCT 84,Governor,,MTN,CHASE LINKO-LOOPER,8
Marion,PRECINCT 86,Governor,,MTN,CHASE LINKO-LOOPER,4
Marion,PRECINCT 87,Governor,,MTN,CHASE LINKO-LOOPER,0
Marion,PRECINCT 88,Governor,,MTN,CHASE LINKO-LOOPER,2
Marion,PRECINCT 89,Governor,,MTN,CHASE LINKO-LOOPER,5
Marion,PRECINCT 90,Governor,,MTN,CHASE LINKO-LOOPER,3
Marion,PRECINCT 96,Governor,,MTN,CHASE LINKO-LOOPER,14
Marion,PRECINCT 109,Governor,,MTN,CHASE LINKO-LOOPER,1
Marion,PRECINCT 112,Governor,,MTN,CHASE LINKO-LOOPER,4
Marion,PRECINCT 113,Governor,,MTN,CHASE LINKO-LOOPER,2
Marion,PRECINCT 114,Governor,,MTN,CHASE LINKO-LOOPER,5
Marion,PRECINCT 115,Governor,,MTN,CHASE LINKO-LOOPER,6
Marion,PRECINCT 117,Governor,,MTN,CHASE LINKO-LOOPER,12
Marion,PRECINCT 119,Governor,,MTN,CHASE LINKO-LOOPER,11
Marion,PRECINCT 120,Governor,,MTN,CHASE LINKO-LOOPER,16
Marion,PRECINCT 121,Governor,,MTN,CHASE LINKO-LOOPER,11
Marion,PRECINCT 124,Governor,,MTN,CHASE LINKO-LOOPER,7
Marion,PRECINCT 125,Governor,,MTN,CHASE LINKO-LOOPER,10
Marion,PRECINCT 175,Governor,,MTN,CHASE LINKO-LOOPER,0
Marion,PRECINCT 611,Governor,,MTN,CHASE LINKO-LOOPER,0
Marion,PRECINCT 721,Governor,,MTN,CHASE LINKO-LOOPER,2
Marion,PRECINCT 961,Governor,,MTN,CHASE LINKO-LOOPER,0
Marion,PRECINCT 1,Governor,,CST,S. MARSHALL WILSON,2
Marion,PRECINCT 2,Governor,,CST,S. MARSHALL WILSON,10
Marion,PRECINCT 5,Governor,,CST,S. MARSHALL WILSON,15
Marion,PRECINCT 6,Governor,,CST,S. MARSHALL WILSON,0
Marion,PRECINCT 20,Governor,,CST,S. MARSHALL WILSON,4
Marion,PRECINCT 26,Governor,,CST,S. MARSHALL WILSON,3
Marion,PRECINCT 28,Governor,,CST,S. MARSHALL WILSON,13
Marion,PRECINCT 29,Governor,,CST,S. MARSHALL WILSON,8
Marion,PRECINCT 30,Governor,,CST,S. MARSHALL WILSON,19
Marion,PRECINCT 31,Governor,,CST,S. MARSHALL WILSON,4
Marion,PRECINCT 33,Governor,,CST,S. MARSHALL WILSON,2
Marion,PRECINCT 35,Governor,,CST,S. MARSHALL WILSON,5
Marion,PRECINCT 37,Governor,,CST,S. MARSHALL WILSON,4
Marion,PRECINCT 38,Governor,,CST,S. MARSHALL WILSON,8
Marion,PRECINCT 39,Governor,,CST,S. MARSHALL WILSON,10
Marion,PRECINCT 40,Governor,,CST,S. MARSHALL WILSON,9
Marion,PRECINCT 41,Governor,,CST,S. MARSHALL WILSON,3
Marion,PRECINCT 42,Governor,,CST,S. MARSHALL WILSON,1
Marion,PRECINCT 45,Governor,,CST,S. MARSHALL WILSON,15
Marion,PRECINCT 46,Governor,,CST,S. MARSHALL WILSON,3
Marion,PRECINCT 47,Governor,,CST,S. MARSHALL WILSON,5
Marion,PRECINCT 49,Governor,,CST,S. MARSHALL WILSON,0
Marion,PRECINCT 50,Governor,,CST,S. MARSHALL WILSON,6
Marion,PRECINCT 51,Governor,,CST,S. MARSHALL WILSON,3
Marion,PRECINCT 52,Governor,,CST,S. MARSHALL WILSON,7
Marion,PRECINCT 53,Governor,,CST,S. MARSHALL WILSON,5
Marion,PRECINCT 54,Governor,,CST,S. MARSHALL WILSON,0
Marion,PRECINCT 55,Governor,,CST,S. MARSHALL WILSON,5
Marion,PRECINCT 56,Governor,,CST,S. MARSHALL WILSON,9
Marion,PRECINCT 57,Governor,,CST,S. MARSHALL WILSON,6
Marion,PRECINCT 61,Governor,,CST,S. MARSHALL WILSON,5
Marion,PRECINCT 66,Governor,,CST,S. MARSHALL WILSON,5
Marion,PRECINCT 67,Governor,,CST,S. MARSHALL WILSON,2
Marion,PRECINCT 68,Governor,,CST,S. MARSHALL WILSON,0
Marion,PRECINCT 69,Governor,,CST,S. MARSHALL WILSON,3
Marion,PRECINCT 72,Governor,,CST,S. MARSHALL WILSON,5
Marion,PRECINCT 73,Governor,,CST,S. MARSHALL WILSON,1
Marion,PRECINCT 74,Governor,,CST,S. MARSHALL WILSON,5
Marion,PRECINCT 75,Governor,,CST,S. MARSHALL WILSON,1
Marion,PRECINCT 78,Governor,,CST,S. MARSHALL WILSON,1
Marion,PRECINCT 81,Governor,,CST,S. MARSHALL WILSON,0
Marion,PRECINCT 82,Governor,,CST,S. MARSHALL WILSON,1
Marion,PRECINCT 83,Governor,,CST,S. MARSHALL WILSON,2
Marion,PRECINCT 84,Governor,,CST,S. MARSHALL WILSON,3
Marion,PRECINCT 86,Governor,,CST,S. MARSHALL WILSON,4
Marion,PRECINCT 87,Governor,,CST,S. MARSHALL WILSON,0
Marion,PRECINCT 88,Governor,,CST,S. MARSHALL WILSON,2
Marion,PRECINCT 89,Governor,,CST,S. MARSHALL WILSON,9
Marion,PRECINCT 90,Governor,,CST,S. MARSHALL WILSON,2
Marion,PRECINCT 96,Governor,,CST,S. MARSHALL WILSON,8
Marion,PRECINCT 109,Governor,,CST,S. MARSHALL WILSON,0
Marion,PRECINCT 112,Governor,,CST,S. MARSHALL WILSON,5
Marion,PRECINCT 113,Governor,,CST,S. MARSHALL WILSON,3
Marion,PRECINCT 114,Governor,,CST,S. MARSHALL WILSON,7
Marion,PRECINCT 115,Governor,,CST,S. MARSHALL WILSON,12
Marion,PRECINCT 117,Governor,,CST,S. MARSHALL WILSON,6
Marion,PRECINCT 119,Governor,,CST,S. MARSHALL WILSON,9
Marion,PRECINCT 120,Governor,,CST,S. MARSHALL WILSON,19
Marion,PRECINCT 121,Governor,,CST,S. MARSHALL WILSON,9
Marion,PRECINCT 124,Governor,,CST,S. MARSHALL WILSON,10
Marion,PRECINCT 125,Governor,,CST,S. MARSHALL WILSON,12
Marion,PRECINCT 175,Governor,,CST,S. MARSHALL WILSON,0
Marion,PRECINCT 611,Governor,,CST,S. MARSHALL WILSON,2
Marion,PRECINCT 721,Governor,,CST,S. MARSHALL WILSON,2
Marion,PRECINCT 961,Governor,,CST,S. MARSHALL WILSON,0
Marion,PRECINCT 1,Secretary of State,,REP,KRIS WARNER,104
Marion,PRECINCT 2,Secretary of State,,REP,KRIS WARNER,184
Marion,PRECINCT 5,Secretary of State,,REP,KRIS WARNER,319
Marion,PRECINCT 6,Secretary of State,,REP,KRIS WARNER,16
Marion,PRECINCT 20,Secretary of State,,REP,KRIS WARNER,309
Marion,PRECINCT 26,Secretary of State,,REP,KRIS WARNER,51
Marion,PRECINCT 28,Secretary of State,,REP,KRIS WARNER,340
Marion,PRECINCT 29,Secretary of State,,REP,KRIS WARNER,262
Marion,PRECINCT 30,Secretary of State,,REP,KRIS WARNER,854
Marion,PRECINCT 31,Secretary of State,,REP,KRIS WARNER,402
Marion,PRECINCT 33,Secretary of State,,REP,KRIS WARNER,108
Marion,PRECINCT 35,Secretary of State,,REP,KRIS WARNER,137
Marion,PRECINCT 37,Secretary of State,,REP,KRIS WARNER,182
Marion,PRECINCT 38,Secretary of State,,REP,KRIS WARNER,393
Marion,PRECINCT 39,Secretary of State,,REP,KRIS WARNER,383
Marion,PRECINCT 40,Secretary of State,,REP,KRIS WARNER,321
Marion,PRECINCT 41,Secretary of State,,REP,KRIS WARNER,173
Marion,PRECINCT 42,Secretary of State,,REP,KRIS WARNER,242
Marion,PRECINCT 45,Secretary of State,,REP,KRIS WARNER,736
Marion,PRECINCT 46,Secretary of State,,REP,KRIS WARNER,71
Marion,PRECINCT 47,Secretary of State,,REP,KRIS WARNER,323
Marion,PRECINCT 49,Secretary of State,,REP,KRIS WARNER,72
Marion,PRECINCT 50,Secretary of State,,REP,KRIS WARNER,268
Marion,PRECINCT 51,Secretary of State,,REP,KRIS WARNER,43
Marion,PRECINCT 52,Secretary of State,,REP,KRIS WARNER,140
Marion,PRECINCT 53,Secretary of State,,REP,KRIS WARNER,391
Marion,PRECINCT 54,Secretary of State,,REP,KRIS WARNER,58
Marion,PRECINCT 55,Secretary of State,,REP,KRIS WARNER,108
Marion,PRECINCT 56,Secretary of State,,REP,KRIS WARNER,314
Marion,PRECINCT 57,Secretary of State,,REP,KRIS WARNER,257
Marion,PRECINCT 61,Secretary of State,,REP,KRIS WARNER,277
Marion,PRECINCT 66,Secretary of State,,REP,KRIS WARNER,163
Marion,PRECINCT 67,Secretary of State,,REP,KRIS WARNER,161
Marion,PRECINCT 68,Secretary of State,,REP,KRIS WARNER,74
Marion,PRECINCT 69,Secretary of State,,REP,KRIS WARNER,129
Marion,PRECINCT 72,Secretary of State,,REP,KRIS WARNER,319
Marion,PRECINCT 73,Secretary of State,,REP,KRIS WARNER,58
Marion,PRECINCT 74,Secretary of State,,REP,KRIS WARNER,109
Marion,PRECINCT 75,Secretary of State,,REP,KRIS WARNER,41
Marion,PRECINCT 78,Secretary of State,,REP,KRIS WARNER,187
Marion,PRECINCT 81,Secretary of State,,REP,KRIS WARNER,4
Marion,PRECINCT 82,Secretary of State,,REP,KRIS WARNER,91
Marion,PRECINCT 83,Secretary of State,,REP,KRIS WARNER,64
Marion,PRECINCT 84,Secretary of State,,REP,KRIS WARNER,275
Marion,PRECINCT 86,Secretary of State,,REP,KRIS WARNER,138
Marion,PRECINCT 87,Secretary of State,,REP,KRIS WARNER,93
Marion,PRECINCT 88,Secretary of State,,REP,KRIS WARNER,234
Marion,PRECINCT 89,Secretary of State,,REP,KRIS WARNER,233
Marion,PRECINCT 90,Secretary of State,,REP,KRIS WARNER,232
Marion,PRECINCT 96,Secretary of State,,REP,KRIS WARNER,428
Marion,PRECINCT 109,Secretary of State,,REP,KRIS WARNER,49
Marion,PRECINCT 112,Secretary of State,,REP,KRIS WARNER,438
Marion,PRECINCT 113,Secretary of State,,REP,KRIS WARNER,95
Marion,PRECINCT 114,Secretary of State,,REP,KRIS WARNER,288
Marion,PRECINCT 115,Secretary of State,,REP,KRIS WARNER,549
Marion,PRECINCT 117,Secretary of State,,REP,KRIS WARNER,527
Marion,PRECINCT 119,Secretary of State,,REP,KRIS WARNER,474
Marion,PRECINCT 120,Secretary of State,,REP,KRIS WARNER,720
Marion,PRECINCT 121,Secretary of State,,REP,KRIS WARNER,584
Marion,PRECINCT 124,Secretary of State,,REP,KRIS WARNER,507
Marion,PRECINCT 125,Secretary of State,,REP,KRIS WARNER,420
Marion,PRECINCT 175,Secretary of State,,REP,KRIS WARNER,4
Marion,PRECINCT 611,Secretary of State,,REP,KRIS WARNER,40
Marion,PRECINCT 721,Secretary of State,,REP,KRIS WARNER,17
Marion,PRECINCT 961,Secretary of State,,REP,KRIS WARNER,24
Marion,PRECINCT 1,Secretary of State,,DEM,THORNTON COOPER,116
Marion,PRECINCT 2,Secretary of State,,DEM,THORNTON COOPER,320
Marion,PRECINCT 5,Secretary of State,,DEM,THORNTON COOPER,235
Marion,PRECINCT 6,Secretary of State,,DEM,THORNTON COOPER,9
Marion,PRECINCT 20,Secretary of State,,DEM,THORNTON COOPER,359
Marion,PRECINCT 26,Secretary of State,,DEM,THORNTON COOPER,50
Marion,PRECINCT 28,Secretary of State,,DEM,THORNTON COOPER,204
Marion,PRECINCT 29,Secretary of State,,DEM,THORNTON COOPER,89
Marion,PRECINCT 30,Secretary of State,,DEM,THORNTON COOPER,765
Marion,PRECINCT 31,Secretary of State,,DEM,THORNTON COOPER,224
Marion,PRECINCT 33,Secretary of State,,DEM,THORNTON COOPER,47
Marion,PRECINCT 35,Secretary of State,,DEM,THORNTON COOPER,112
Marion,PRECINCT 37,Secretary of State,,DEM,THORNTON COOPER,93
Marion,PRECINCT 38,Secretary of State,,DEM,THORNTON COOPER,173
Marion,PRECINCT 39,Secretary of State,,DEM,THORNTON COOPER,176
Marion,PRECINCT 40,Secretary of State,,DEM,THORNTON COOPER,197
Marion,PRECINCT 41,Secretary of State,,DEM,THORNTON COOPER,60
Marion,PRECINCT 42,Secretary of State,,DEM,THORNTON COOPER,139
Marion,PRECINCT 45,Secretary of State,,DEM,THORNTON COOPER,441
Marion,PRECINCT 46,Secretary of State,,DEM,THORNTON COOPER,27
Marion,PRECINCT 47,Secretary of State,,DEM,THORNTON COOPER,118
Marion,PRECINCT 49,Secretary of State,,DEM,THORNTON COOPER,27
Marion,PRECINCT 50,Secretary of State,,DEM,THORNTON COOPER,106
Marion,PRECINCT 51,Secretary of State,,DEM,THORNTON COOPER,10
Marion,PRECINCT 52,Secretary of State,,DEM,THORNTON COOPER,78
Marion,PRECINCT 53,Secretary of State,,DEM,THORNTON COOPER,162
Marion,PRECINCT 54,Secretary of State,,DEM,THORNTON COOPER,14
Marion,PRECINCT 55,Secretary of State,,DEM,THORNTON COOPER,43
Marion,PRECINCT 56,Secretary of State,,DEM,THORNTON COOPER,119
Marion,PRECINCT 57,Secretary of State,,DEM,THORNTON COOPER,144
Marion,PRECINCT 61,Secretary of State,,DEM,THORNTON COOPER,117
Marion,PRECINCT 66,Secretary of State,,DEM,THORNTON COOPER,62
Marion,PRECINCT 67,Secretary of State,,DEM,THORNTON COOPER,56
Marion,PRECINCT 68,Secretary of State,,DEM,THORNTON COOPER,35
Marion,PRECINCT 69,Secretary of State,,DEM,THORNTON COOPER,46
Marion,PRECINCT 72,Secretary of State,,DEM,THORNTON COOPER,96
Marion,PRECINCT 73,Secretary of State,,DEM,THORNTON COOPER,19
Marion,PRECINCT 74,Secretary of State,,DEM,THORNTON COOPER,24
Marion,PRECINCT 75,Secretary of State,,DEM,THORNTON COOPER,11
Marion,PRECINCT 78,Secretary of State,,DEM,THORNTON COOPER,49
Marion,PRECINCT 81,Secretary of State,,DEM,THORNTON COOPER,0
Marion,PRECINCT 82,Secretary of State,,DEM,THORNTON COOPER,27
Marion,PRECINCT 83,Secretary of State,,DEM,THORNTON COOPER,21
Marion,PRECINCT 84,Secretary of State,,DEM,THORNTON COOPER,130
Marion,PRECINCT 86,Secretary of State,,DEM,THORNTON COOPER,92
Marion,PRECINCT 87,Secretary of State,,DEM,THORNTON COOPER,37
Marion,PRECINCT 88,Secretary of State,,DEM,THORNTON COOPER,84
Marion,PRECINCT 89,Secretary of State,,DEM,THORNTON COOPER,74
Marion,PRECINCT 90,Secretary of State,,DEM,THORNTON COOPER,85
Marion,PRECINCT 96,Secretary of State,,DEM,THORNTON COOPER,295
Marion,PRECINCT 109,Secretary of State,,DEM,THORNTON COOPER,18
Marion,PRECINCT 112,Secretary of State,,DEM,THORNTON COOPER,158
Marion,PRECINCT 113,Secretary of State,,DEM,THORNTON COOPER,33
Marion,PRECINCT 114,Secretary of State,,DEM,THORNTON COOPER,95
Marion,PRECINCT 115,Secretary of State,,DEM,THORNTON COOPER,155
Marion,PRECINCT 117,Secretary of State,,DEM,THORNTON COOPER,259
Marion,PRECINCT 119,Secretary of State,,DEM,THORNTON COOPER,245
Marion,PRECINCT 120,Secretary of State,,DEM,THORNTON COOPER,432
Marion,PRECINCT 121,Secretary of State,,DEM,THORNTON COOPER,198
Marion,PRECINCT 124,Secretary of State,,DEM,THORNTON COOPER,196
Marion,PRECINCT 125,Secretary of State,,DEM,THORNTON COOPER,132
Marion,PRECINCT 175,Secretary of State,,DEM,THORNTON COOPER,8
Marion,PRECINCT 611,Secretary of State,,DEM,THORNTON COOPER,12
Marion,PRECINCT 721,Secretary of State,,DEM,THORNTON COOPER,8
Marion,PRECINCT 961,Secretary of State,,DEM,THORNTON COOPER,5
Marion,PRECINCT 1,Auditor,,REP,MARK HUNT,95
Marion,PRECINCT 2,Auditor,,REP,MARK HUNT,174
Marion,PRECINCT 5,Auditor,,REP,MARK HUNT,287
Marion,PRECINCT 6,Auditor,,REP,MARK HUNT,17
Marion,PRECINCT 20,Auditor,,REP,MARK HUNT,296
Marion,PRECINCT 26,Auditor,,REP,MARK HUNT,46
Marion,PRECINCT 28,Auditor,,REP,MARK HUNT,317
Marion,PRECINCT 29,Auditor,,REP,MARK HUNT,245
Marion,PRECINCT 30,Auditor,,REP,MARK HUNT,786
Marion,PRECINCT 31,Auditor,,REP,MARK HUNT,372
Marion,PRECINCT 33,Auditor,,REP,MARK HUNT,95
Marion,PRECINCT 35,Auditor,,REP,MARK HUNT,123
Marion,PRECINCT 37,Auditor,,REP,MARK HUNT,175
Marion,PRECINCT 38,Auditor,,REP,MARK HUNT,351
Marion,PRECINCT 39,Auditor,,REP,MARK HUNT,357
Marion,PRECINCT 40,Auditor,,REP,MARK HUNT,299
Marion,PRECINCT 41,Auditor,,REP,MARK HUNT,157
Marion,PRECINCT 42,Auditor,,REP,MARK HUNT,217
Marion,PRECINCT 45,Auditor,,REP,MARK HUNT,647
Marion,PRECINCT 46,Auditor,,REP,MARK HUNT,67
Marion,PRECINCT 47,Auditor,,REP,MARK HUNT,306
Marion,PRECINCT 49,Auditor,,REP,MARK HUNT,63
Marion,PRECINCT 50,Auditor,,REP,MARK HUNT,246
Marion,PRECINCT 51,Auditor,,REP,MARK HUNT,36
Marion,PRECINCT 52,Auditor,,REP,MARK HUNT,116
Marion,PRECINCT 53,Auditor,,REP,MARK HUNT,344
Marion,PRECINCT 54,Auditor,,REP,MARK HUNT,58
Marion,PRECINCT 55,Auditor,,REP,MARK HUNT,92
Marion,PRECINCT 56,Auditor,,REP,MARK HUNT,299
Marion,PRECINCT 57,Auditor,,REP,MARK HUNT,223
Marion,PRECINCT 61,Auditor,,REP,MARK HUNT,265
Marion,PRECINCT 66,Auditor,,REP,MARK HUNT,150
Marion,PRECINCT 67,Auditor,,REP,MARK HUNT,142
Marion,PRECINCT 68,Auditor,,REP,MARK HUNT,72
Marion,PRECINCT 69,Auditor,,REP,MARK HUNT,110
Marion,PRECINCT 72,Auditor,,REP,MARK HUNT,305
Marion,PRECINCT 73,Auditor,,REP,MARK HUNT,53
Marion,PRECINCT 74,Auditor,,REP,MARK HUNT,104
Marion,PRECINCT 75,Auditor,,REP,MARK HUNT,40
Marion,PRECINCT 78,Auditor,,REP,MARK HUNT,158
Marion,PRECINCT 81,Auditor,,REP,MARK HUNT,4
Marion,PRECINCT 82,Auditor,,REP,MARK HUNT,86
Marion,PRECINCT 83,Auditor,,REP,MARK HUNT,52
Marion,PRECINCT 84,Auditor,,REP,MARK HUNT,247
Marion,PRECINCT 86,Auditor,,REP,MARK HUNT,125
Marion,PRECINCT 87,Auditor,,REP,MARK HUNT,86
Marion,PRECINCT 88,Auditor,,REP,MARK HUNT,222
Marion,PRECINCT 89,Auditor,,REP,MARK HUNT,213
Marion,PRECINCT 90,Auditor,,REP,MARK HUNT,213
Marion,PRECINCT 96,Auditor,,REP,MARK HUNT,364
Marion,PRECINCT 109,Auditor,,REP,MARK HUNT,44
Marion,PRECINCT 112,Auditor,,REP,MARK HUNT,410
Marion,PRECINCT 113,Auditor,,REP,MARK HUNT,86
Marion,PRECINCT 114,Auditor,,REP,MARK HUNT,260
Marion,PRECINCT 115,Auditor,,REP,MARK HUNT,491
Marion,PRECINCT 117,Auditor,,REP,MARK HUNT,491
Marion,PRECINCT 119,Auditor,,REP,MARK HUNT,441
Marion,PRECINCT 120,Auditor,,REP,MARK HUNT,655
Marion,PRECINCT 121,Auditor,,REP,MARK HUNT,540
Marion,PRECINCT 124,Auditor,,REP,MARK HUNT,478
Marion,PRECINCT 125,Auditor,,REP,MARK HUNT,393
Marion,PRECINCT 175,Auditor,,REP,MARK HUNT,3
Marion,PRECINCT 611,Auditor,,REP,MARK HUNT,39
Marion,PRECINCT 721,Auditor,,REP,MARK HUNT,18
Marion,PRECINCT 961,Auditor,,REP,MARK HUNT,22
Marion,PRECINCT 1,Auditor,,DEM,MARY ANN ROEBUCK CLAYTOR,124
Marion,PRECINCT 2,Auditor,,DEM,MARY ANN ROEBUCK CLAYTOR,328
Marion,PRECINCT 5,Auditor,,DEM,MARY ANN ROEBUCK CLAYTOR,256
Marion,PRECINCT 6,Auditor,,DEM,MARY ANN ROEBUCK CLAYTOR,8
Marion,PRECINCT 20,Auditor,,DEM,MARY ANN ROEBUCK CLAYTOR,366
Marion,PRECINCT 26,Auditor,,DEM,MARY ANN ROEBUCK CLAYTOR,55
Marion,PRECINCT 28,Auditor,,DEM,MARY ANN ROEBUCK CLAYTOR,219
Marion,PRECINCT 29,Auditor,,DEM,MARY ANN ROEBUCK CLAYTOR,104
Marion,PRECINCT 30,Auditor,,DEM,MARY ANN ROEBUCK CLAYTOR,802
Marion,PRECINCT 31,Auditor,,DEM,MARY ANN ROEBUCK CLAYTOR,238
Marion,PRECINCT 33,Auditor,,DEM,MARY ANN ROEBUCK CLAYTOR,59
Marion,PRECINCT 35,Auditor,,DEM,MARY ANN ROEBUCK CLAYTOR,121
Marion,PRECINCT 37,Auditor,,DEM,MARY ANN ROEBUCK CLAYTOR,98
Marion,PRECINCT 38,Auditor,,DEM,MARY ANN ROEBUCK CLAYTOR,206
Marion,PRECINCT 39,Auditor,,DEM,MARY ANN ROEBUCK CLAYTOR,194
Marion,PRECINCT 40,Auditor,,DEM,MARY ANN ROEBUCK CLAYTOR,212
Marion,PRECINCT 41,Auditor,,DEM,MARY ANN ROEBUCK CLAYTOR,72
Marion,PRECINCT 42,Auditor,,DEM,MARY ANN ROEBUCK CLAYTOR,159
Marion,PRECINCT 45,Auditor,,DEM,MARY ANN ROEBUCK CLAYTOR,515
Marion,PRECINCT 46,Auditor,,DEM,MARY ANN ROEBUCK CLAYTOR,32
Marion,PRECINCT 47,Auditor,,DEM,MARY ANN ROEBUCK CLAYTOR,127
Marion,PRECINCT 49,Auditor,,DEM,MARY ANN ROEBUCK CLAYTOR,34
Marion,PRECINCT 50,Auditor,,DEM,MARY ANN ROEBUCK CLAYTOR,123
Marion,PRECINCT 51,Auditor,,DEM,MARY ANN ROEBUCK CLAYTOR,17
Marion,PRECINCT 52,Auditor,,DEM,MARY ANN ROEBUCK CLAYTOR,94
Marion,PRECINCT 53,Auditor,,DEM,MARY ANN ROEBUCK CLAYTOR,195
Marion,PRECINCT 54,Auditor,,DEM,MARY ANN ROEBUCK CLAYTOR,14
Marion,PRECINCT 55,Auditor,,DEM,MARY ANN ROEBUCK CLAYTOR,52
Marion,PRECINCT 56,Auditor,,DEM,MARY ANN ROEBUCK CLAYTOR,125
Marion,PRECINCT 57,Auditor,,DEM,MARY ANN ROEBUCK CLAYTOR,165
Marion,PRECINCT 61,Auditor,,DEM,MARY ANN ROEBUCK CLAYTOR,120
Marion,PRECINCT 66,Auditor,,DEM,MARY ANN ROEBUCK CLAYTOR,73
Marion,PRECINCT 67,Auditor,,DEM,MARY ANN ROEBUCK CLAYTOR,71
Marion,PRECINCT 68,Auditor,,DEM,MARY ANN ROEBUCK CLAYTOR,39
Marion,PRECINCT 69,Auditor,,DEM,MARY ANN ROEBUCK CLAYTOR,59
Marion,PRECINCT 72,Auditor,,DEM,MARY ANN ROEBUCK CLAYTOR,103
Marion,PRECINCT 73,Auditor,,DEM,MARY ANN ROEBUCK CLAYTOR,21
Marion,PRECINCT 74,Auditor,,DEM,MARY ANN ROEBUCK CLAYTOR,31
Marion,PRECINCT 75,Auditor,,DEM,MARY ANN ROEBUCK CLAYTOR,10
Marion,PRECINCT 78,Auditor,,DEM,MARY ANN ROEBUCK CLAYTOR,65
Marion,PRECINCT 81,Auditor,,DEM,MARY ANN ROEBUCK CLAYTOR,0
Marion,PRECINCT 82,Auditor,,DEM,MARY ANN ROEBUCK CLAYTOR,33
Marion,PRECINCT 83,Auditor,,DEM,MARY ANN ROEBUCK CLAYTOR,29
Marion,PRECINCT 84,Auditor,,DEM,MARY ANN ROEBUCK CLAYTOR,156
Marion,PRECINCT 86,Auditor,,DEM,MARY ANN ROEBUCK CLAYTOR,105
Marion,PRECINCT 87,Auditor,,DEM,MARY ANN ROEBUCK CLAYTOR,41
Marion,PRECINCT 88,Auditor,,DEM,MARY ANN ROEBUCK CLAYTOR,90
Marion,PRECINCT 89,Auditor,,DEM,MARY ANN ROEBUCK CLAYTOR,91
Marion,PRECINCT 90,Auditor,,DEM,MARY ANN ROEBUCK CLAYTOR,94
Marion,PRECINCT 96,Auditor,,DEM,MARY ANN ROEBUCK CLAYTOR,348
Marion,PRECINCT 109,Auditor,,DEM,MARY ANN ROEBUCK CLAYTOR,22
Marion,PRECINCT 112,Auditor,,DEM,MARY ANN ROEBUCK CLAYTOR,183
Marion,PRECINCT 113,Auditor,,DEM,MARY ANN ROEBUCK CLAYTOR,43
Marion,PRECINCT 114,Auditor,,DEM,MARY ANN ROEBUCK CLAYTOR,117
Marion,PRECINCT 115,Auditor,,DEM,MARY ANN ROEBUCK CLAYTOR,200
Marion,PRECINCT 117,Auditor,,DEM,MARY ANN ROEBUCK CLAYTOR,280
Marion,PRECINCT 119,Auditor,,DEM,MARY ANN ROEBUCK CLAYTOR,265
Marion,PRECINCT 120,Auditor,,DEM,MARY ANN ROEBUCK CLAYTOR,471
Marion,PRECINCT 121,Auditor,,DEM,MARY ANN ROEBUCK CLAYTOR,232
Marion,PRECINCT 124,Auditor,,DEM,MARY ANN ROEBUCK CLAYTOR,212
Marion,PRECINCT 125,Auditor,,DEM,MARY ANN ROEBUCK CLAYTOR,142
Marion,PRECINCT 175,Auditor,,DEM,MARY ANN ROEBUCK CLAYTOR,8
Marion,PRECINCT 611,Auditor,,DEM,MARY ANN ROEBUCK CLAYTOR,13
Marion,PRECINCT 721,Auditor,,DEM,MARY ANN ROEBUCK CLAYTOR,8
Marion,PRECINCT 961,Auditor,,DEM,MARY ANN ROEBUCK CLAYTOR,7
Marion,PRECINCT 1,TREASURER,,REP,LARRY PACK,150
Marion,PRECINCT 2,TREASURER,,REP,LARRY PACK,337
Marion,PRECINCT 5,TREASURER,,REP,LARRY PACK,433
Marion,PRECINCT 6,TREASURER,,REP,LARRY PACK,18
Marion,PRECINCT 20,TREASURER,,REP,LARRY PACK,493
Marion,PRECINCT 26,TREASURER,,REP,LARRY PACK,74
Marion,PRECINCT 28,TREASURER,,REP,LARRY PACK,427
Marion,PRECINCT 29,TREASURER,,REP,LARRY PACK,305
Marion,PRECINCT 30,TREASURER,,REP,LARRY PACK,1190
Marion,PRECINCT 31,TREASURER,,REP,LARRY PACK,503
Marion,PRECINCT 33,TREASURER,,REP,LARRY PACK,125
Marion,PRECINCT 35,TREASURER,,REP,LARRY PACK,179
Marion,PRECINCT 37,TREASURER,,REP,LARRY PACK,230
Marion,PRECINCT 38,TREASURER,,REP,LARRY PACK,450
Marion,PRECINCT 39,TREASURER,,REP,LARRY PACK,461
Marion,PRECINCT 40,TREASURER,,REP,LARRY PACK,416
Marion,PRECINCT 41,TREASURER,,REP,LARRY PACK,207
Marion,PRECINCT 42,TREASURER,,REP,LARRY PACK,308
Marion,PRECINCT 45,TREASURER,,REP,LARRY PACK,917
Marion,PRECINCT 46,TREASURER,,REP,LARRY PACK,86
Marion,PRECINCT 47,TREASURER,,REP,LARRY PACK,373
Marion,PRECINCT 49,TREASURER,,REP,LARRY PACK,94
Marion,PRECINCT 50,TREASURER,,REP,LARRY PACK,318
Marion,PRECINCT 51,TREASURER,,REP,LARRY PACK,47
Marion,PRECINCT 52,TREASURER,,REP,LARRY PACK,165
Marion,PRECINCT 53,TREASURER,,REP,LARRY PACK,449
Marion,PRECINCT 54,TREASURER,,REP,LARRY PACK,64
Marion,PRECINCT 55,TREASURER,,REP,LARRY PACK,129
Marion,PRECINCT 56,TREASURER,,REP,LARRY PACK,364
Marion,PRECINCT 57,TREASURER,,REP,LARRY PACK,324
Marion,PRECINCT 61,TREASURER,,REP,LARRY PACK,331
Marion,PRECINCT 66,TREASURER,,REP,LARRY PACK,191
Marion,PRECINCT 67,TREASURER,,REP,LARRY PACK,180
Marion,PRECINCT 68,TREASURER,,REP,LARRY PACK,87
Marion,PRECINCT 69,TREASURER,,REP,LARRY PACK,139
Marion,PRECINCT 72,TREASURER,,REP,LARRY PACK,364
Marion,PRECINCT 73,TREASURER,,REP,LARRY PACK,62
Marion,PRECINCT 74,TREASURER,,REP,LARRY PACK,122
Marion,PRECINCT 75,TREASURER,,REP,LARRY PACK,45
Marion,PRECINCT 78,TREASURER,,REP,LARRY PACK,200
Marion,PRECINCT 81,TREASURER,,REP,LARRY PACK,4
Marion,PRECINCT 82,TREASURER,,REP,LARRY PACK,104
Marion,PRECINCT 83,TREASURER,,REP,LARRY PACK,73
Marion,PRECINCT 84,TREASURER,,REP,LARRY PACK,326
Marion,PRECINCT 86,TREASURER,,REP,LARRY PACK,180
Marion,PRECINCT 87,TREASURER,,REP,LARRY PACK,105
Marion,PRECINCT 88,TREASURER,,REP,LARRY PACK,264
Marion,PRECINCT 89,TREASURER,,REP,LARRY PACK,262
Marion,PRECINCT 90,TREASURER,,REP,LARRY PACK,272
Marion,PRECINCT 96,TREASURER,,REP,LARRY PACK,586
Marion,PRECINCT 109,TREASURER,,REP,LARRY PACK,59
Marion,PRECINCT 112,TREASURER,,REP,LARRY PACK,516
Marion,PRECINCT 113,TREASURER,,REP,LARRY PACK,115
Marion,PRECINCT 114,TREASURER,,REP,LARRY PACK,329
Marion,PRECINCT 115,TREASURER,,REP,LARRY PACK,622
Marion,PRECINCT 117,TREASURER,,REP,LARRY PACK,640
Marion,PRECINCT 119,TREASURER,,REP,LARRY PACK,598
Marion,PRECINCT 120,TREASURER,,REP,LARRY PACK,921
Marion,PRECINCT 121,TREASURER,,REP,LARRY PACK,687
Marion,PRECINCT 124,TREASURER,,REP,LARRY PACK,616
Marion,PRECINCT 125,TREASURER,,REP,LARRY PACK,476
Marion,PRECINCT 175,TREASURER,,REP,LARRY PACK,8
Marion,PRECINCT 611,TREASURER,,REP,LARRY PACK,46
Marion,PRECINCT 721,TREASURER,,REP,LARRY PACK,22
Marion,PRECINCT 961,TREASURER,,REP,LARRY PACK,25
Marion,PRECINCT 1,Commissioner of Agriculture,,REP,KENT LEONHARDT,111
Marion,PRECINCT 2,Commissioner of Agriculture,,REP,KENT LEONHARDT,190
Marion,PRECINCT 5,Commissioner of Agriculture,,REP,KENT LEONHARDT,327
Marion,PRECINCT 6,Commissioner of Agriculture,,REP,KENT LEONHARDT,19
Marion,PRECINCT 20,Commissioner of Agriculture,,REP,KENT LEONHARDT,341
Marion,PRECINCT 26,Commissioner of Agriculture,,REP,KENT LEONHARDT,57
Marion,PRECINCT 28,Commissioner of Agriculture,,REP,KENT LEONHARDT,363
Marion,PRECINCT 29,Commissioner of Agriculture,,REP,KENT LEONHARDT,284
Marion,PRECINCT 30,Commissioner of Agriculture,,REP,KENT LEONHARDT,879
Marion,PRECINCT 31,Commissioner of Agriculture,,REP,KENT LEONHARDT,410
Marion,PRECINCT 33,Commissioner of Agriculture,,REP,KENT LEONHARDT,121
Marion,PRECINCT 35,Commissioner of Agriculture,,REP,KENT LEONHARDT,142
Marion,PRECINCT 37,Commissioner of Agriculture,,REP,KENT LEONHARDT,180
Marion,PRECINCT 38,Commissioner of Agriculture,,REP,KENT LEONHARDT,387
Marion,PRECINCT 39,Commissioner of Agriculture,,REP,KENT LEONHARDT,405
Marion,PRECINCT 40,Commissioner of Agriculture,,REP,KENT LEONHARDT,342
Marion,PRECINCT 41,Commissioner of Agriculture,,REP,KENT LEONHARDT,165
Marion,PRECINCT 42,Commissioner of Agriculture,,REP,KENT LEONHARDT,240
Marion,PRECINCT 45,Commissioner of Agriculture,,REP,KENT LEONHARDT,727
Marion,PRECINCT 46,Commissioner of Agriculture,,REP,KENT LEONHARDT,73
Marion,PRECINCT 47,Commissioner of Agriculture,,REP,KENT LEONHARDT,330
Marion,PRECINCT 49,Commissioner of Agriculture,,REP,KENT LEONHARDT,77
Marion,PRECINCT 50,Commissioner of Agriculture,,REP,KENT LEONHARDT,287
Marion,PRECINCT 51,Commissioner of Agriculture,,REP,KENT LEONHARDT,40
Marion,PRECINCT 52,Commissioner of Agriculture,,REP,KENT LEONHARDT,141
Marion,PRECINCT 53,Commissioner of Agriculture,,REP,KENT LEONHARDT,404
Marion,PRECINCT 54,Commissioner of Agriculture,,REP,KENT LEONHARDT,61
Marion,PRECINCT 55,Commissioner of Agriculture,,REP,KENT LEONHARDT,120
Marion,PRECINCT 56,Commissioner of Agriculture,,REP,KENT LEONHARDT,348
Marion,PRECINCT 57,Commissioner of Agriculture,,REP,KENT LEONHARDT,273
Marion,PRECINCT 61,Commissioner of Agriculture,,REP,KENT LEONHARDT,296
Marion,PRECINCT 66,Commissioner of Agriculture,,REP,KENT LEONHARDT,175
Marion,PRECINCT 67,Commissioner of Agriculture,,REP,KENT LEONHARDT,163
Marion,PRECINCT 68,Commissioner of Agriculture,,REP,KENT LEONHARDT,84
Marion,PRECINCT 69,Commissioner of Agriculture,,REP,KENT LEONHARDT,130
Marion,PRECINCT 72,Commissioner of Agriculture,,REP,KENT LEONHARDT,341
Marion,PRECINCT 73,Commissioner of Agriculture,,REP,KENT LEONHARDT,58
Marion,PRECINCT 74,Commissioner of Agriculture,,REP,KENT LEONHARDT,114
Marion,PRECINCT 75,Commissioner of Agriculture,,REP,KENT LEONHARDT,50
Marion,PRECINCT 78,Commissioner of Agriculture,,REP,KENT LEONHARDT,198
Marion,PRECINCT 81,Commissioner of Agriculture,,REP,KENT LEONHARDT,4
Marion,PRECINCT 82,Commissioner of Agriculture,,REP,KENT LEONHARDT,92
Marion,PRECINCT 83,Commissioner of Agriculture,,REP,KENT LEONHARDT,67
Marion,PRECINCT 84,Commissioner of Agriculture,,REP,KENT LEONHARDT,273
Marion,PRECINCT 86,Commissioner of Agriculture,,REP,KENT LEONHARDT,157
Marion,PRECINCT 87,Commissioner of Agriculture,,REP,KENT LEONHARDT,105
Marion,PRECINCT 88,Commissioner of Agriculture,,REP,KENT LEONHARDT,247
Marion,PRECINCT 89,Commissioner of Agriculture,,REP,KENT LEONHARDT,257
Marion,PRECINCT 90,Commissioner of Agriculture,,REP,KENT LEONHARDT,256
Marion,PRECINCT 96,Commissioner of Agriculture,,REP,KENT LEONHARDT,442
Marion,PRECINCT 109,Commissioner of Agriculture,,REP,KENT LEONHARDT,43
Marion,PRECINCT 112,Commissioner of Agriculture,,REP,KENT LEONHARDT,426
Marion,PRECINCT 113,Commissioner of Agriculture,,REP,KENT LEONHARDT,97
Marion,PRECINCT 114,Commissioner of Agriculture,,REP,KENT LEONHARDT,275
Marion,PRECINCT 115,Commissioner of Agriculture,,REP,KENT LEONHARDT,531
Marion,PRECINCT 117,Commissioner of Agriculture,,REP,KENT LEONHARDT,534
Marion,PRECINCT 119,Commissioner of Agriculture,,REP,KENT LEONHARDT,461
Marion,PRECINCT 120,Commissioner of Agriculture,,REP,KENT LEONHARDT,726
Marion,PRECINCT 121,Commissioner of Agriculture,,REP,KENT LEONHARDT,586
Marion,PRECINCT 124,Commissioner of Agriculture,,REP,KENT LEONHARDT,510
Marion,PRECINCT 125,Commissioner of Agriculture,,REP,KENT LEONHARDT,414
Marion,PRECINCT 175,Commissioner of Agriculture,,REP,KENT LEONHARDT,6
Marion,PRECINCT 611,Commissioner of Agriculture,,REP,KENT LEONHARDT,43
Marion,PRECINCT 721,Commissioner of Agriculture,,REP,KENT LEONHARDT,21
Marion,PRECINCT 961,Commissioner of Agriculture,,REP,KENT LEONHARDT,21
Marion,PRECINCT 1,Commissioner of Agriculture,,DEM,DEBORAH STILES,114
Marion,PRECINCT 2,Commissioner of Agriculture,,DEM,DEBORAH STILES,312
Marion,PRECINCT 5,Commissioner of Agriculture,,DEM,DEBORAH STILES,225
Marion,PRECINCT 6,Commissioner of Agriculture,,DEM,DEBORAH STILES,7
Marion,PRECINCT 20,Commissioner of Agriculture,,DEM,DEBORAH STILES,326
Marion,PRECINCT 26,Commissioner of Agriculture,,DEM,DEBORAH STILES,44
Marion,PRECINCT 28,Commissioner of Agriculture,,DEM,DEBORAH STILES,187
Marion,PRECINCT 29,Commissioner of Agriculture,,DEM,DEBORAH STILES,74
Marion,PRECINCT 30,Commissioner of Agriculture,,DEM,DEBORAH STILES,727
Marion,PRECINCT 31,Commissioner of Agriculture,,DEM,DEBORAH STILES,207
Marion,PRECINCT 33,Commissioner of Agriculture,,DEM,DEBORAH STILES,40
Marion,PRECINCT 35,Commissioner of Agriculture,,DEM,DEBORAH STILES,109
Marion,PRECINCT 37,Commissioner of Agriculture,,DEM,DEBORAH STILES,98
Marion,PRECINCT 38,Commissioner of Agriculture,,DEM,DEBORAH STILES,177
Marion,PRECINCT 39,Commissioner of Agriculture,,DEM,DEBORAH STILES,151
Marion,PRECINCT 40,Commissioner of Agriculture,,DEM,DEBORAH STILES,177
Marion,PRECINCT 41,Commissioner of Agriculture,,DEM,DEBORAH STILES,69
Marion,PRECINCT 42,Commissioner of Agriculture,,DEM,DEBORAH STILES,139
Marion,PRECINCT 45,Commissioner of Agriculture,,DEM,DEBORAH STILES,445
Marion,PRECINCT 46,Commissioner of Agriculture,,DEM,DEBORAH STILES,26
Marion,PRECINCT 47,Commissioner of Agriculture,,DEM,DEBORAH STILES,109
Marion,PRECINCT 49,Commissioner of Agriculture,,DEM,DEBORAH STILES,22
Marion,PRECINCT 50,Commissioner of Agriculture,,DEM,DEBORAH STILES,86
Marion,PRECINCT 51,Commissioner of Agriculture,,DEM,DEBORAH STILES,12
Marion,PRECINCT 52,Commissioner of Agriculture,,DEM,DEBORAH STILES,71
Marion,PRECINCT 53,Commissioner of Agriculture,,DEM,DEBORAH STILES,146
Marion,PRECINCT 54,Commissioner of Agriculture,,DEM,DEBORAH STILES,11
Marion,PRECINCT 55,Commissioner of Agriculture,,DEM,DEBORAH STILES,31
Marion,PRECINCT 56,Commissioner of Agriculture,,DEM,DEBORAH STILES,95
Marion,PRECINCT 57,Commissioner of Agriculture,,DEM,DEBORAH STILES,132
Marion,PRECINCT 61,Commissioner of Agriculture,,DEM,DEBORAH STILES,95
Marion,PRECINCT 66,Commissioner of Agriculture,,DEM,DEBORAH STILES,54
Marion,PRECINCT 67,Commissioner of Agriculture,,DEM,DEBORAH STILES,47
Marion,PRECINCT 68,Commissioner of Agriculture,,DEM,DEBORAH STILES,27
Marion,PRECINCT 69,Commissioner of Agriculture,,DEM,DEBORAH STILES,41
Marion,PRECINCT 72,Commissioner of Agriculture,,DEM,DEBORAH STILES,80
Marion,PRECINCT 73,Commissioner of Agriculture,,DEM,DEBORAH STILES,17
Marion,PRECINCT 74,Commissioner of Agriculture,,DEM,DEBORAH STILES,21
Marion,PRECINCT 75,Commissioner of Agriculture,,DEM,DEBORAH STILES,7
Marion,PRECINCT 78,Commissioner of Agriculture,,DEM,DEBORAH STILES,41
Marion,PRECINCT 81,Commissioner of Agriculture,,DEM,DEBORAH STILES,0
Marion,PRECINCT 82,Commissioner of Agriculture,,DEM,DEBORAH STILES,29
Marion,PRECINCT 83,Commissioner of Agriculture,,DEM,DEBORAH STILES,17
Marion,PRECINCT 84,Commissioner of Agriculture,,DEM,DEBORAH STILES,127
Marion,PRECINCT 86,Commissioner of Agriculture,,DEM,DEBORAH STILES,75
Marion,PRECINCT 87,Commissioner of Agriculture,,DEM,DEBORAH STILES,25
Marion,PRECINCT 88,Commissioner of Agriculture,,DEM,DEBORAH STILES,71
Marion,PRECINCT 89,Commissioner of Agriculture,,DEM,DEBORAH STILES,62
Marion,PRECINCT 90,Commissioner of Agriculture,,DEM,DEBORAH STILES,65
Marion,PRECINCT 96,Commissioner of Agriculture,,DEM,DEBORAH STILES,284
Marion,PRECINCT 109,Commissioner of Agriculture,,DEM,DEBORAH STILES,22
Marion,PRECINCT 112,Commissioner of Agriculture,,DEM,DEBORAH STILES,170
Marion,PRECINCT 113,Commissioner of Agriculture,,DEM,DEBORAH STILES,31
Marion,PRECINCT 114,Commissioner of Agriculture,,DEM,DEBORAH STILES,110
Marion,PRECINCT 115,Commissioner of Agriculture,,DEM,DEBORAH STILES,173
Marion,PRECINCT 117,Commissioner of Agriculture,,DEM,DEBORAH STILES,243
Marion,PRECINCT 119,Commissioner of Agriculture,,DEM,DEBORAH STILES,252
Marion,PRECINCT 120,Commissioner of Agriculture,,DEM,DEBORAH STILES,425
Marion,PRECINCT 121,Commissioner of Agriculture,,DEM,DEBORAH STILES,185
Marion,PRECINCT 124,Commissioner of Agriculture,,DEM,DEBORAH STILES,184
Marion,PRECINCT 125,Commissioner of Agriculture,,DEM,DEBORAH STILES,123
Marion,PRECINCT 175,Commissioner of Agriculture,,DEM,DEBORAH STILES,7
Marion,PRECINCT 611,Commissioner of Agriculture,,DEM,DEBORAH STILES,9
Marion,PRECINCT 721,Commissioner of Agriculture,,DEM,DEBORAH STILES,4
Marion,PRECINCT 961,Commissioner of Agriculture,,DEM,DEBORAH STILES,7
Marion,PRECINCT 1,Attorney General,,REP,JOHN “JB” McCUSKEY,102
Marion,PRECINCT 2,Attorney General,,REP,JOHN “JB” McCUSKEY,177
Marion,PRECINCT 5,Attorney General,,REP,JOHN “JB” McCUSKEY,300
Marion,PRECINCT 6,Attorney General,,REP,JOHN “JB” McCUSKEY,13
Marion,PRECINCT 20,Attorney General,,REP,JOHN “JB” McCUSKEY,310
Marion,PRECINCT 26,Attorney General,,REP,JOHN “JB” McCUSKEY,46
Marion,PRECINCT 28,Attorney General,,REP,JOHN “JB” McCUSKEY,342
Marion,PRECINCT 29,Attorney General,,REP,JOHN “JB” McCUSKEY,264
Marion,PRECINCT 30,Attorney General,,REP,JOHN “JB” McCUSKEY,841
Marion,PRECINCT 31,Attorney General,,REP,JOHN “JB” McCUSKEY,391
Marion,PRECINCT 33,Attorney General,,REP,JOHN “JB” McCUSKEY,101
Marion,PRECINCT 35,Attorney General,,REP,JOHN “JB” McCUSKEY,132
Marion,PRECINCT 37,Attorney General,,REP,JOHN “JB” McCUSKEY,176
Marion,PRECINCT 38,Attorney General,,REP,JOHN “JB” McCUSKEY,380
Marion,PRECINCT 39,Attorney General,,REP,JOHN “JB” McCUSKEY,379
Marion,PRECINCT 40,Attorney General,,REP,JOHN “JB” McCUSKEY,321
Marion,PRECINCT 41,Attorney General,,REP,JOHN “JB” McCUSKEY,164
Marion,PRECINCT 42,Attorney General,,REP,JOHN “JB” McCUSKEY,231
Marion,PRECINCT 45,Attorney General,,REP,JOHN “JB” McCUSKEY,699
Marion,PRECINCT 46,Attorney General,,REP,JOHN “JB” McCUSKEY,70
Marion,PRECINCT 47,Attorney General,,REP,JOHN “JB” McCUSKEY,301
Marion,PRECINCT 49,Attorney General,,REP,JOHN “JB” McCUSKEY,69
Marion,PRECINCT 50,Attorney General,,REP,JOHN “JB” McCUSKEY,263
Marion,PRECINCT 51,Attorney General,,REP,JOHN “JB” McCUSKEY,36
Marion,PRECINCT 52,Attorney General,,REP,JOHN “JB” McCUSKEY,122
Marion,PRECINCT 53,Attorney General,,REP,JOHN “JB” McCUSKEY,378
Marion,PRECINCT 54,Attorney General,,REP,JOHN “JB” McCUSKEY,57
Marion,PRECINCT 55,Attorney General,,REP,JOHN “JB” McCUSKEY,108
Marion,PRECINCT 56,Attorney General,,REP,JOHN “JB” McCUSKEY,306
Marion,PRECINCT 57,Attorney General,,REP,JOHN “JB” McCUSKEY,242
Marion,PRECINCT 61,Attorney General,,REP,JOHN “JB” McCUSKEY,263
Marion,PRECINCT 66,Attorney General,,REP,JOHN “JB” McCUSKEY,159
Marion,PRECINCT 67,Attorney General,,REP,JOHN “JB” McCUSKEY,149
Marion,PRECINCT 68,Attorney General,,REP,JOHN “JB” McCUSKEY,74
Marion,PRECINCT 69,Attorney General,,REP,JOHN “JB” McCUSKEY,116
Marion,PRECINCT 72,Attorney General,,REP,JOHN “JB” McCUSKEY,317
Marion,PRECINCT 73,Attorney General,,REP,JOHN “JB” McCUSKEY,54
Marion,PRECINCT 74,Attorney General,,REP,JOHN “JB” McCUSKEY,107
Marion,PRECINCT 75,Attorney General,,REP,JOHN “JB” McCUSKEY,39
Marion,PRECINCT 78,Attorney General,,REP,JOHN “JB” McCUSKEY,175
Marion,PRECINCT 81,Attorney General,,REP,JOHN “JB” McCUSKEY,4
Marion,PRECINCT 82,Attorney General,,REP,JOHN “JB” McCUSKEY,90
Marion,PRECINCT 83,Attorney General,,REP,JOHN “JB” McCUSKEY,60
Marion,PRECINCT 84,Attorney General,,REP,JOHN “JB” McCUSKEY,259
Marion,PRECINCT 86,Attorney General,,REP,JOHN “JB” McCUSKEY,131
Marion,PRECINCT 87,Attorney General,,REP,JOHN “JB” McCUSKEY,87
Marion,PRECINCT 88,Attorney General,,REP,JOHN “JB” McCUSKEY,223
Marion,PRECINCT 89,Attorney General,,REP,JOHN “JB” McCUSKEY,220
Marion,PRECINCT 90,Attorney General,,REP,JOHN “JB” McCUSKEY,225
Marion,PRECINCT 96,Attorney General,,REP,JOHN “JB” McCUSKEY,401
Marion,PRECINCT 109,Attorney General,,REP,JOHN “JB” McCUSKEY,42
Marion,PRECINCT 112,Attorney General,,REP,JOHN “JB” McCUSKEY,427
Marion,PRECINCT 113,Attorney General,,REP,JOHN “JB” McCUSKEY,88
Marion,PRECINCT 114,Attorney General,,REP,JOHN “JB” McCUSKEY,267
Marion,PRECINCT 115,Attorney General,,REP,JOHN “JB” McCUSKEY,525
Marion,PRECINCT 117,Attorney General,,REP,JOHN “JB” McCUSKEY,520
Marion,PRECINCT 119,Attorney General,,REP,JOHN “JB” McCUSKEY,442
Marion,PRECINCT 120,Attorney General,,REP,JOHN “JB” McCUSKEY,696
Marion,PRECINCT 121,Attorney General,,REP,JOHN “JB” McCUSKEY,574
Marion,PRECINCT 124,Attorney General,,REP,JOHN “JB” McCUSKEY,486
Marion,PRECINCT 125,Attorney General,,REP,JOHN “JB” McCUSKEY,408
Marion,PRECINCT 175,Attorney General,,REP,JOHN “JB” McCUSKEY,5
Marion,PRECINCT 611,Attorney General,,REP,JOHN “JB” McCUSKEY,44
Marion,PRECINCT 721,Attorney General,,REP,JOHN “JB” McCUSKEY,19
Marion,PRECINCT 961,Attorney General,,REP,JOHN “JB” McCUSKEY,22
Marion,PRECINCT 1,Attorney General,,DEM,TERESA TORISEVA,118
Marion,PRECINCT 2,Attorney General,,DEM,TERESA TORISEVA,318
Marion,PRECINCT 5,Attorney General,,DEM,TERESA TORISEVA,247
Marion,PRECINCT 6,Attorney General,,DEM,TERESA TORISEVA,13
Marion,PRECINCT 20,Attorney General,,DEM,TERESA TORISEVA,362
Marion,PRECINCT 26,Attorney General,,DEM,TERESA TORISEVA,54
Marion,PRECINCT 28,Attorney General,,DEM,TERESA TORISEVA,202
Marion,PRECINCT 29,Attorney General,,DEM,TERESA TORISEVA,89
Marion,PRECINCT 30,Attorney General,,DEM,TERESA TORISEVA,777
Marion,PRECINCT 31,Attorney General,,DEM,TERESA TORISEVA,227
Marion,PRECINCT 33,Attorney General,,DEM,TERESA TORISEVA,55
Marion,PRECINCT 35,Attorney General,,DEM,TERESA TORISEVA,115
Marion,PRECINCT 37,Attorney General,,DEM,TERESA TORISEVA,99
Marion,PRECINCT 38,Attorney General,,DEM,TERESA TORISEVA,183
Marion,PRECINCT 39,Attorney General,,DEM,TERESA TORISEVA,175
Marion,PRECINCT 40,Attorney General,,DEM,TERESA TORISEVA,196
Marion,PRECINCT 41,Attorney General,,DEM,TERESA TORISEVA,71
Marion,PRECINCT 42,Attorney General,,DEM,TERESA TORISEVA,149
Marion,PRECINCT 45,Attorney General,,DEM,TERESA TORISEVA,483
Marion,PRECINCT 46,Attorney General,,DEM,TERESA TORISEVA,28
Marion,PRECINCT 47,Attorney General,,DEM,TERESA TORISEVA,135
Marion,PRECINCT 49,Attorney General,,DEM,TERESA TORISEVA,30
Marion,PRECINCT 50,Attorney General,,DEM,TERESA TORISEVA,109
Marion,PRECINCT 51,Attorney General,,DEM,TERESA TORISEVA,15
Marion,PRECINCT 52,Attorney General,,DEM,TERESA TORISEVA,92
Marion,PRECINCT 53,Attorney General,,DEM,TERESA TORISEVA,169
Marion,PRECINCT 54,Attorney General,,DEM,TERESA TORISEVA,13
Marion,PRECINCT 55,Attorney General,,DEM,TERESA TORISEVA,42
Marion,PRECINCT 56,Attorney General,,DEM,TERESA TORISEVA,123
Marion,PRECINCT 57,Attorney General,,DEM,TERESA TORISEVA,157
Marion,PRECINCT 61,Attorney General,,DEM,TERESA TORISEVA,122
Marion,PRECINCT 66,Attorney General,,DEM,TERESA TORISEVA,64
Marion,PRECINCT 67,Attorney General,,DEM,TERESA TORISEVA,67
Marion,PRECINCT 68,Attorney General,,DEM,TERESA TORISEVA,35
Marion,PRECINCT 69,Attorney General,,DEM,TERESA TORISEVA,57
Marion,PRECINCT 72,Attorney General,,DEM,TERESA TORISEVA,96
Marion,PRECINCT 73,Attorney General,,DEM,TERESA TORISEVA,20
Marion,PRECINCT 74,Attorney General,,DEM,TERESA TORISEVA,25
Marion,PRECINCT 75,Attorney General,,DEM,TERESA TORISEVA,12
Marion,PRECINCT 78,Attorney General,,DEM,TERESA TORISEVA,56
Marion,PRECINCT 81,Attorney General,,DEM,TERESA TORISEVA,0
Marion,PRECINCT 82,Attorney General,,DEM,TERESA TORISEVA,30
Marion,PRECINCT 83,Attorney General,,DEM,TERESA TORISEVA,23
Marion,PRECINCT 84,Attorney General,,DEM,TERESA TORISEVA,143
Marion,PRECINCT 86,Attorney General,,DEM,TERESA TORISEVA,102
Marion,PRECINCT 87,Attorney General,,DEM,TERESA TORISEVA,40
Marion,PRECINCT 88,Attorney General,,DEM,TERESA TORISEVA,89
Marion,PRECINCT 89,Attorney General,,DEM,TERESA TORISEVA,85
Marion,PRECINCT 90,Attorney General,,DEM,TERESA TORISEVA,86
Marion,PRECINCT 96,Attorney General,,DEM,TERESA TORISEVA,325
Marion,PRECINCT 109,Attorney General,,DEM,TERESA TORISEVA,24
Marion,PRECINCT 112,Attorney General,,DEM,TERESA TORISEVA,169
Marion,PRECINCT 113,Attorney General,,DEM,TERESA TORISEVA,38
Marion,PRECINCT 114,Attorney General,,DEM,TERESA TORISEVA,117
Marion,PRECINCT 115,Attorney General,,DEM,TERESA TORISEVA,177
Marion,PRECINCT 117,Attorney General,,DEM,TERESA TORISEVA,259
Marion,PRECINCT 119,Attorney General,,DEM,TERESA TORISEVA,270
Marion,PRECINCT 120,Attorney General,,DEM,TERESA TORISEVA,457
Marion,PRECINCT 121,Attorney General,,DEM,TERESA TORISEVA,206
Marion,PRECINCT 124,Attorney General,,DEM,TERESA TORISEVA,205
Marion,PRECINCT 125,Attorney General,,DEM,TERESA TORISEVA,136
Marion,PRECINCT 175,Attorney General,,DEM,TERESA TORISEVA,8
Marion,PRECINCT 611,Attorney General,,DEM,TERESA TORISEVA,9
Marion,PRECINCT 721,Attorney General,,DEM,TERESA TORISEVA,6
Marion,PRECINCT 961,Attorney General,,DEM,TERESA TORISEVA,6
Marion,PRECINCT 6,State Senate,2,REP,CHRIS ROSE,19
Marion,PRECINCT 26,State Senate,2,REP,CHRIS ROSE,74
Marion,PRECINCT 28,State Senate,2,REP,CHRIS ROSE,435
Marion,PRECINCT 29,State Senate,2,REP,CHRIS ROSE,300
Marion,PRECINCT 31,State Senate,2,REP,CHRIS ROSE,501
Marion,PRECINCT 33,State Senate,2,REP,CHRIS ROSE,122
Marion,PRECINCT 41,State Senate,2,REP,CHRIS ROSE,207
Marion,PRECINCT 47,State Senate,2,REP,CHRIS ROSE,364
Marion,PRECINCT 49,State Senate,2,REP,CHRIS ROSE,92
Marion,PRECINCT 50,State Senate,2,REP,CHRIS ROSE,325
Marion,PRECINCT 51,State Senate,2,REP,CHRIS ROSE,45
Marion,PRECINCT 52,State Senate,2,REP,CHRIS ROSE,164
Marion,PRECINCT 53,State Senate,2,REP,CHRIS ROSE,445
Marion,PRECINCT 54,State Senate,2,REP,CHRIS ROSE,64
Marion,PRECINCT 55,State Senate,2,REP,CHRIS ROSE,124
Marion,PRECINCT 56,State Senate,2,REP,CHRIS ROSE,361
Marion,PRECINCT 61,State Senate,2,REP,CHRIS ROSE,330
Marion,PRECINCT 66,State Senate,2,REP,CHRIS ROSE,191
Marion,PRECINCT 67,State Senate,2,REP,CHRIS ROSE,183
Marion,PRECINCT 68,State Senate,2,REP,CHRIS ROSE,86
Marion,PRECINCT 69,State Senate,2,REP,CHRIS ROSE,142
Marion,PRECINCT 72,State Senate,2,REP,CHRIS ROSE,359
Marion,PRECINCT 73,State Senate,2,REP,CHRIS ROSE,63
Marion,PRECINCT 74,State Senate,2,REP,CHRIS ROSE,121
Marion,PRECINCT 75,State Senate,2,REP,CHRIS ROSE,44
Marion,PRECINCT 78,State Senate,2,REP,CHRIS ROSE,204
Marion,PRECINCT 81,State Senate,2,REP,CHRIS ROSE,4
Marion,PRECINCT 86,State Senate,2,REP,CHRIS ROSE,169
Marion,PRECINCT 87,State Senate,2,REP,CHRIS ROSE,107
Marion,PRECINCT 88,State Senate,2,REP,CHRIS ROSE,271
Marion,PRECINCT 89,State Senate,2,REP,CHRIS ROSE,268
Marion,PRECINCT 90,State Senate,2,REP,CHRIS ROSE,271
Marion,PRECINCT 611,State Senate,2,REP,CHRIS ROSE,48
Marion,PRECINCT 721,State Senate,2,REP,CHRIS ROSE,24
Marion,PRECINCT 1,State Senate,13,REP,REBECCA POLIS,85
Marion,PRECINCT 2,State Senate,13,REP,REBECCA POLIS,151
Marion,PRECINCT 5,State Senate,13,REP,REBECCA POLIS,221
Marion,PRECINCT 20,State Senate,13,REP,REBECCA POLIS,251
Marion,PRECINCT 30,State Senate,13,REP,REBECCA POLIS,631
Marion,PRECINCT 35,State Senate,13,REP,REBECCA POLIS,105
Marion,PRECINCT 37,State Senate,13,REP,REBECCA POLIS,138
Marion,PRECINCT 38,State Senate,13,REP,REBECCA POLIS,300
Marion,PRECINCT 39,State Senate,13,REP,REBECCA POLIS,286
Marion,PRECINCT 40,State Senate,13,REP,REBECCA POLIS,269
Marion,PRECINCT 42,State Senate,13,REP,REBECCA POLIS,184
Marion,PRECINCT 45,State Senate,13,REP,REBECCA POLIS,504
Marion,PRECINCT 46,State Senate,13,REP,REBECCA POLIS,58
Marion,PRECINCT 57,State Senate,13,REP,REBECCA POLIS,193
Marion,PRECINCT 82,State Senate,13,REP,REBECCA POLIS,79
Marion,PRECINCT 83,State Senate,13,REP,REBECCA POLIS,47
Marion,PRECINCT 84,State Senate,13,REP,REBECCA POLIS,208
Marion,PRECINCT 96,State Senate,13,REP,REBECCA POLIS,343
Marion,PRECINCT 109,State Senate,13,REP,REBECCA POLIS,35
Marion,PRECINCT 112,State Senate,13,REP,REBECCA POLIS,367
Marion,PRECINCT 113,State Senate,13,REP,REBECCA POLIS,77
Marion,PRECINCT 114,State Senate,13,REP,REBECCA POLIS,233
Marion,PRECINCT 115,State Senate,13,REP,REBECCA POLIS,427
Marion,PRECINCT 117,State Senate,13,REP,REBECCA POLIS,409
Marion,PRECINCT 119,State Senate,13,REP,REBECCA POLIS,374
Marion,PRECINCT 120,State Senate,13,REP,REBECCA POLIS,566
Marion,PRECINCT 121,State Senate,13,REP,REBECCA POLIS,480
Marion,PRECINCT 124,State Senate,13,REP,REBECCA POLIS,425
Marion,PRECINCT 125,State Senate,13,REP,REBECCA POLIS,349
Marion,PRECINCT 175,State Senate,13,REP,REBECCA POLIS,5
Marion,PRECINCT 961,State Senate,13,REP,REBECCA POLIS,21
Marion,PRECINCT 1,State Senate,13,DEM,JOEY GARCIA,140
Marion,PRECINCT 2,State Senate,13,DEM,JOEY GARCIA,366
Marion,PRECINCT 5,State Senate,13,DEM,JOEY GARCIA,341
Marion,PRECINCT 20,State Senate,13,DEM,JOEY GARCIA,424
Marion,PRECINCT 30,State Senate,13,DEM,JOEY GARCIA,1030
Marion,PRECINCT 35,State Senate,13,DEM,JOEY GARCIA,151
Marion,PRECINCT 37,State Senate,13,DEM,JOEY GARCIA,148
Marion,PRECINCT 38,State Senate,13,DEM,JOEY GARCIA,286
Marion,PRECINCT 39,State Senate,13,DEM,JOEY GARCIA,285
Marion,PRECINCT 40,State Senate,13,DEM,JOEY GARCIA,258
Marion,PRECINCT 42,State Senate,13,DEM,JOEY GARCIA,206
Marion,PRECINCT 45,State Senate,13,DEM,JOEY GARCIA,715
Marion,PRECINCT 46,State Senate,13,DEM,JOEY GARCIA,41
Marion,PRECINCT 57,State Senate,13,DEM,JOEY GARCIA,216
Marion,PRECINCT 82,State Senate,13,DEM,JOEY GARCIA,42
Marion,PRECINCT 83,State Senate,13,DEM,JOEY GARCIA,38
Marion,PRECINCT 84,State Senate,13,DEM,JOEY GARCIA,208
Marion,PRECINCT 96,State Senate,13,DEM,JOEY GARCIA,409
Marion,PRECINCT 109,State Senate,13,DEM,JOEY GARCIA,32
Marion,PRECINCT 112,State Senate,13,DEM,JOEY GARCIA,239
Marion,PRECINCT 113,State Senate,13,DEM,JOEY GARCIA,53
Marion,PRECINCT 114,State Senate,13,DEM,JOEY GARCIA,158
Marion,PRECINCT 115,State Senate,13,DEM,JOEY GARCIA,293
Marion,PRECINCT 117,State Senate,13,DEM,JOEY GARCIA,387
Marion,PRECINCT 119,State Senate,13,DEM,JOEY GARCIA,355
Marion,PRECINCT 120,State Senate,13,DEM,JOEY GARCIA,610
Marion,PRECINCT 121,State Senate,13,DEM,JOEY GARCIA,318
Marion,PRECINCT 124,State Senate,13,DEM,JOEY GARCIA,290
Marion,PRECINCT 125,State Senate,13,DEM,JOEY GARCIA,209
Marion,PRECINCT 175,State Senate,13,DEM,JOEY GARCIA,10
Marion,PRECINCT 961,State Senate,13,DEM,JOEY GARCIA,9
Marion,PRECINCT 125,State House,73,REP,BRYAN SMITH,469
Marion,PRECINCT 37,State House,74,REP,MICHAEL E. DEVAULT,194
Marion,PRECINCT 38,State House,74,REP,MICHAEL E. DEVAULT,408
Marion,PRECINCT 39,State House,74,REP,MICHAEL E. DEVAULT,397
Marion,PRECINCT 40,State House,74,REP,MICHAEL E. DEVAULT,330
Marion,PRECINCT 41,State House,74,REP,MICHAEL E. DEVAULT,169
Marion,PRECINCT 46,State House,74,REP,MICHAEL E. DEVAULT,78
Marion,PRECINCT 47,State House,74,REP,MICHAEL E. DEVAULT,316
Marion,PRECINCT 52,State House,74,REP,MICHAEL E. DEVAULT,141
Marion,PRECINCT 57,State House,74,REP,MICHAEL E. DEVAULT,251
Marion,PRECINCT 72,State House,74,REP,MICHAEL E. DEVAULT,314
Marion,PRECINCT 73,State House,74,REP,MICHAEL E. DEVAULT,56
Marion,PRECINCT 83,State House,74,REP,MICHAEL E. DEVAULT,62
Marion,PRECINCT 88,State House,74,REP,MICHAEL E. DEVAULT,229
Marion,PRECINCT 109,State House,74,REP,MICHAEL E. DEVAULT,48
Marion,PRECINCT 112,State House,74,REP,MICHAEL E. DEVAULT,444
Marion,PRECINCT 114,State House,74,REP,MICHAEL E. DEVAULT,299
Marion,PRECINCT 115,State House,74,REP,MICHAEL E. DEVAULT,564
Marion,PRECINCT 117,State House,74,REP,MICHAEL E. DEVAULT,536
Marion,PRECINCT 121,State House,74,REP,MICHAEL E. DEVAULT,597
Marion,PRECINCT 124,State House,74,REP,MICHAEL E. DEVAULT,549
Marion,PRECINCT 721,State House,74,REP,MICHAEL E. DEVAULT,15
Marion,PRECINCT 961,State House,74,REP,MICHAEL E. DEVAULT,26
Marion,PRECINCT 37,State House,74,DEM,FRANKIE DELAPAS,88
Marion,PRECINCT 38,State House,74,DEM,FRANKIE DELAPAS,171
Marion,PRECINCT 39,State House,74,DEM,FRANKIE DELAPAS,171
Marion,PRECINCT 40,State House,74,DEM,FRANKIE DELAPAS,195
Marion,PRECINCT 41,State House,74,DEM,FRANKIE DELAPAS,66
Marion,PRECINCT 46,State House,74,DEM,FRANKIE DELAPAS,22
Marion,PRECINCT 47,State House,74,DEM,FRANKIE DELAPAS,126
Marion,PRECINCT 52,State House,74,DEM,FRANKIE DELAPAS,80
Marion,PRECINCT 57,State House,74,DEM,FRANKIE DELAPAS,154
Marion,PRECINCT 72,State House,74,DEM,FRANKIE DELAPAS,98
Marion,PRECINCT 73,State House,74,DEM,FRANKIE DELAPAS,20
Marion,PRECINCT 83,State House,74,DEM,FRANKIE DELAPAS,21
Marion,PRECINCT 88,State House,74,DEM,FRANKIE DELAPAS,89
Marion,PRECINCT 109,State House,74,DEM,FRANKIE DELAPAS,17
Marion,PRECINCT 112,State House,74,DEM,FRANKIE DELAPAS,153
Marion,PRECINCT 114,State House,74,DEM,FRANKIE DELAPAS,84
Marion,PRECINCT 115,State House,74,DEM,FRANKIE DELAPAS,150
Marion,PRECINCT 117,State House,74,DEM,FRANKIE DELAPAS,257
Marion,PRECINCT 121,State House,74,DEM,FRANKIE DELAPAS,198
Marion,PRECINCT 124,State House,74,DEM,FRANKIE DELAPAS,163
Marion,PRECINCT 721,State House,74,DEM,FRANKIE DELAPAS,10
Marion,PRECINCT 961,State House,74,DEM,FRANKIE DELAPAS,4
Marion,PRECINCT 31,State House,75,REP,PHIL MALLOW,355
Marion,PRECINCT 33,State House,75,REP,PHIL MALLOW,94
Marion,PRECINCT 35,State House,75,REP,PHIL MALLOW,122
Marion,PRECINCT 42,State House,75,REP,PHIL MALLOW,208
Marion,PRECINCT 45,State House,75,REP,PHIL MALLOW,636
Marion,PRECINCT 49,State House,75,REP,PHIL MALLOW,65
Marion,PRECINCT 50,State House,75,REP,PHIL MALLOW,223
Marion,PRECINCT 51,State House,75,REP,PHIL MALLOW,36
Marion,PRECINCT 53,State House,75,REP,PHIL MALLOW,291
Marion,PRECINCT 54,State House,75,REP,PHIL MALLOW,52
Marion,PRECINCT 61,State House,75,REP,PHIL MALLOW,223
Marion,PRECINCT 66,State House,75,REP,PHIL MALLOW,121
Marion,PRECINCT 67,State House,75,REP,PHIL MALLOW,130
Marion,PRECINCT 68,State House,75,REP,PHIL MALLOW,63
Marion,PRECINCT 69,State House,75,REP,PHIL MALLOW,98
Marion,PRECINCT 75,State House,75,REP,PHIL MALLOW,36
Marion,PRECINCT 78,State House,75,REP,PHIL MALLOW,130
Marion,PRECINCT 96,State House,75,REP,PHIL MALLOW,387
Marion,PRECINCT 113,State House,75,REP,PHIL MALLOW,83
Marion,PRECINCT 119,State House,75,REP,PHIL MALLOW,453
Marion,PRECINCT 120,State House,75,REP,PHIL MALLOW,657
Marion,PRECINCT 175,State House,75,REP,PHIL MALLOW,4
Marion,PRECINCT 31,State House,75,DEM,STEPHANIE SPEARS TOMANA,270
Marion,PRECINCT 33,State House,75,DEM,STEPHANIE SPEARS TOMANA,71
Marion,PRECINCT 35,State House,75,DEM,STEPHANIE SPEARS TOMANA,131
Marion,PRECINCT 42,State House,75,DEM,STEPHANIE SPEARS TOMANA,177
Marion,PRECINCT 45,State House,75,DEM,STEPHANIE SPEARS TOMANA,566
Marion,PRECINCT 49,State House,75,DEM,STEPHANIE SPEARS TOMANA,33
Marion,PRECINCT 50,State House,75,DEM,STEPHANIE SPEARS TOMANA,154
Marion,PRECINCT 51,State House,75,DEM,STEPHANIE SPEARS TOMANA,18
Marion,PRECINCT 53,State House,75,DEM,STEPHANIE SPEARS TOMANA,275
Marion,PRECINCT 54,State House,75,DEM,STEPHANIE SPEARS TOMANA,20
Marion,PRECINCT 61,State House,75,DEM,STEPHANIE SPEARS TOMANA,174
Marion,PRECINCT 66,State House,75,DEM,STEPHANIE SPEARS TOMANA,114
Marion,PRECINCT 67,State House,75,DEM,STEPHANIE SPEARS TOMANA,91
Marion,PRECINCT 68,State House,75,DEM,STEPHANIE SPEARS TOMANA,50
Marion,PRECINCT 69,State House,75,DEM,STEPHANIE SPEARS TOMANA,83
Marion,PRECINCT 75,State House,75,DEM,STEPHANIE SPEARS TOMANA,20
Marion,PRECINCT 78,State House,75,DEM,STEPHANIE SPEARS TOMANA,117
Marion,PRECINCT 96,State House,75,DEM,STEPHANIE SPEARS TOMANA,355
Marion,PRECINCT 113,State House,75,DEM,STEPHANIE SPEARS TOMANA,46
Marion,PRECINCT 119,State House,75,DEM,STEPHANIE SPEARS TOMANA,272
Marion,PRECINCT 120,State House,75,DEM,STEPHANIE SPEARS TOMANA,512
Marion,PRECINCT 175,State House,75,DEM,STEPHANIE SPEARS TOMANA,9
Marion,PRECINCT 1,State House,76,REP,JON DODDS,92
Marion,PRECINCT 2,State House,76,REP,JON DODDS,174
Marion,PRECINCT 5,State House,76,REP,JON DODDS,242
Marion,PRECINCT 6,State House,76,REP,JON DODDS,12
Marion,PRECINCT 20,State House,76,REP,JON DODDS,284
Marion,PRECINCT 26,State House,76,REP,JON DODDS,47
Marion,PRECINCT 28,State House,76,REP,JON DODDS,276
Marion,PRECINCT 29,State House,76,REP,JON DODDS,220
Marion,PRECINCT 30,State House,76,REP,JON DODDS,713
Marion,PRECINCT 55,State House,76,REP,JON DODDS,83
Marion,PRECINCT 56,State House,76,REP,JON DODDS,280
Marion,PRECINCT 74,State House,76,REP,JON DODDS,91
Marion,PRECINCT 81,State House,76,REP,JON DODDS,2
Marion,PRECINCT 82,State House,76,REP,JON DODDS,80
Marion,PRECINCT 84,State House,76,REP,JON DODDS,220
Marion,PRECINCT 86,State House,76,REP,JON DODDS,114
Marion,PRECINCT 87,State House,76,REP,JON DODDS,77
Marion,PRECINCT 89,State House,76,REP,JON DODDS,199
Marion,PRECINCT 90,State House,76,REP,JON DODDS,192
Marion,PRECINCT 611,State House,76,REP,JON DODDS,34
Marion,PRECINCT 1,State House,76,DEM,RICK GARCIA,133
Marion,PRECINCT 2,State House,76,DEM,RICK GARCIA,338
Marion,PRECINCT 5,State House,76,DEM,RICK GARCIA,319
Marion,PRECINCT 6,State House,76,DEM,RICK GARCIA,13
Marion,PRECINCT 20,State House,76,DEM,RICK GARCIA,389
Marion,PRECINCT 26,State House,76,DEM,RICK GARCIA,53
Marion,PRECINCT 28,State House,76,DEM,RICK GARCIA,295
Marion,PRECINCT 29,State House,76,DEM,RICK GARCIA,138
Marion,PRECINCT 30,State House,76,DEM,RICK GARCIA,937
Marion,PRECINCT 55,State House,76,DEM,RICK GARCIA,66
Marion,PRECINCT 56,State House,76,DEM,RICK GARCIA,161
Marion,PRECINCT 74,State House,76,DEM,RICK GARCIA,44
Marion,PRECINCT 81,State House,76,DEM,RICK GARCIA,2
Marion,PRECINCT 82,State House,76,DEM,RICK GARCIA,42
Marion,PRECINCT 84,State House,76,DEM,RICK GARCIA,193
Marion,PRECINCT 86,State House,76,DEM,RICK GARCIA,125
Marion,PRECINCT 87,State House,76,DEM,RICK GARCIA,54
Marion,PRECINCT 89,State House,76,DEM,RICK GARCIA,118
Marion,PRECINCT 90,State House,76,DEM,RICK GARCIA,130
Marion,PRECINCT 611,State House,76,DEM,RICK GARCIA,18
Marion,PRECINCT 1,FOR CIRCUIT CLERK,,REP,MARY A ALLEN,91
Marion,PRECINCT 2,FOR CIRCUIT CLERK,,REP,MARY A ALLEN,160
Marion,PRECINCT 5,FOR CIRCUIT CLERK,,REP,MARY A ALLEN,262
Marion,PRECINCT 6,FOR CIRCUIT CLERK,,REP,MARY A ALLEN,15
Marion,PRECINCT 20,FOR CIRCUIT CLERK,,REP,MARY A ALLEN,274
Marion,PRECINCT 26,FOR CIRCUIT CLERK,,REP,MARY A ALLEN,42
Marion,PRECINCT 28,FOR CIRCUIT CLERK,,REP,MARY A ALLEN,287
Marion,PRECINCT 29,FOR CIRCUIT CLERK,,REP,MARY A ALLEN,228
Marion,PRECINCT 30,FOR CIRCUIT CLERK,,REP,MARY A ALLEN,689
Marion,PRECINCT 31,FOR CIRCUIT CLERK,,REP,MARY A ALLEN,317
Marion,PRECINCT 33,FOR CIRCUIT CLERK,,REP,MARY A ALLEN,93
Marion,PRECINCT 35,FOR CIRCUIT CLERK,,REP,MARY A ALLEN,102
Marion,PRECINCT 37,FOR CIRCUIT CLERK,,REP,MARY A ALLEN,144
Marion,PRECINCT 38,FOR CIRCUIT CLERK,,REP,MARY A ALLEN,321
Marion,PRECINCT 39,FOR CIRCUIT CLERK,,REP,MARY A ALLEN,311
Marion,PRECINCT 40,FOR CIRCUIT CLERK,,REP,MARY A ALLEN,275
Marion,PRECINCT 41,FOR CIRCUIT CLERK,,REP,MARY A ALLEN,135
Marion,PRECINCT 42,FOR CIRCUIT CLERK,,REP,MARY A ALLEN,202
Marion,PRECINCT 45,FOR CIRCUIT CLERK,,REP,MARY A ALLEN,571
Marion,PRECINCT 46,FOR CIRCUIT CLERK,,REP,MARY A ALLEN,59
Marion,PRECINCT 47,FOR CIRCUIT CLERK,,REP,MARY A ALLEN,253
Marion,PRECINCT 49,FOR CIRCUIT CLERK,,REP,MARY A ALLEN,58
Marion,PRECINCT 50,FOR CIRCUIT CLERK,,REP,MARY A ALLEN,229
Marion,PRECINCT 51,FOR CIRCUIT CLERK,,REP,MARY A ALLEN,40
Marion,PRECINCT 52,FOR CIRCUIT CLERK,,REP,MARY A ALLEN,94
Marion,PRECINCT 53,FOR CIRCUIT CLERK,,REP,MARY A ALLEN,327
Marion,PRECINCT 54,FOR CIRCUIT CLERK,,REP,MARY A ALLEN,48
Marion,PRECINCT 55,FOR CIRCUIT CLERK,,REP,MARY A ALLEN,93
Marion,PRECINCT 56,FOR CIRCUIT CLERK,,REP,MARY A ALLEN,286
Marion,PRECINCT 57,FOR CIRCUIT CLERK,,REP,MARY A ALLEN,209
Marion,PRECINCT 61,FOR CIRCUIT CLERK,,REP,MARY A ALLEN,241
Marion,PRECINCT 66,FOR CIRCUIT CLERK,,REP,MARY A ALLEN,129
Marion,PRECINCT 67,FOR CIRCUIT CLERK,,REP,MARY A ALLEN,132
Marion,PRECINCT 68,FOR CIRCUIT CLERK,,REP,MARY A ALLEN,65
Marion,PRECINCT 69,FOR CIRCUIT CLERK,,REP,MARY A ALLEN,101
Marion,PRECINCT 72,FOR CIRCUIT CLERK,,REP,MARY A ALLEN,295
Marion,PRECINCT 73,FOR CIRCUIT CLERK,,REP,MARY A ALLEN,49
Marion,PRECINCT 74,FOR CIRCUIT CLERK,,REP,MARY A ALLEN,100
Marion,PRECINCT 75,FOR CIRCUIT CLERK,,REP,MARY A ALLEN,34
Marion,PRECINCT 78,FOR CIRCUIT CLERK,,REP,MARY A ALLEN,152
Marion,PRECINCT 81,FOR CIRCUIT CLERK,,REP,MARY A ALLEN,3
Marion,PRECINCT 82,FOR CIRCUIT CLERK,,REP,MARY A ALLEN,83
Marion,PRECINCT 83,FOR CIRCUIT CLERK,,REP,MARY A ALLEN,48
Marion,PRECINCT 84,FOR CIRCUIT CLERK,,REP,MARY A ALLEN,235
Marion,PRECINCT 86,FOR CIRCUIT CLERK,,REP,MARY A ALLEN,116
Marion,PRECINCT 87,FOR CIRCUIT CLERK,,REP,MARY A ALLEN,76
Marion,PRECINCT 88,FOR CIRCUIT CLERK,,REP,MARY A ALLEN,198
Marion,PRECINCT 89,FOR CIRCUIT CLERK,,REP,MARY A ALLEN,192
Marion,PRECINCT 90,FOR CIRCUIT CLERK,,REP,MARY A ALLEN,203
Marion,PRECINCT 96,FOR CIRCUIT CLERK,,REP,MARY A ALLEN,366
Marion,PRECINCT 109,FOR CIRCUIT CLERK,,REP,MARY A ALLEN,36
Marion,PRECINCT 112,FOR CIRCUIT CLERK,,REP,MARY A ALLEN,382
Marion,PRECINCT 113,FOR CIRCUIT CLERK,,REP,MARY A ALLEN,80
Marion,PRECINCT 114,FOR CIRCUIT CLERK,,REP,MARY A ALLEN,249
Marion,PRECINCT 115,FOR CIRCUIT CLERK,,REP,MARY A ALLEN,468
Marion,PRECINCT 117,FOR CIRCUIT CLERK,,REP,MARY A ALLEN,443
Marion,PRECINCT 119,FOR CIRCUIT CLERK,,REP,MARY A ALLEN,410
Marion,PRECINCT 120,FOR CIRCUIT CLERK,,REP,MARY A ALLEN,606
Marion,PRECINCT 121,FOR CIRCUIT CLERK,,REP,MARY A ALLEN,500
Marion,PRECINCT 124,FOR CIRCUIT CLERK,,REP,MARY A ALLEN,448
Marion,PRECINCT 125,FOR CIRCUIT CLERK,,REP,MARY A ALLEN,382
Marion,PRECINCT 175,FOR CIRCUIT CLERK,,REP,MARY A ALLEN,2
Marion,PRECINCT 611,FOR CIRCUIT CLERK,,REP,MARY A ALLEN,38
Marion,PRECINCT 721,FOR CIRCUIT CLERK,,REP,MARY A ALLEN,15
Marion,PRECINCT 961,FOR CIRCUIT CLERK,,REP,MARY A ALLEN,22
Marion,PRECINCT 1,FOR CIRCUIT CLERK,,DEM,BELINDA BIAFORE,133
Marion,PRECINCT 2,FOR CIRCUIT CLERK,,DEM,BELINDA BIAFORE,345
Marion,PRECINCT 5,FOR CIRCUIT CLERK,,DEM,BELINDA BIAFORE,288
Marion,PRECINCT 6,FOR CIRCUIT CLERK,,DEM,BELINDA BIAFORE,11
Marion,PRECINCT 20,FOR CIRCUIT CLERK,,DEM,BELINDA BIAFORE,389
Marion,PRECINCT 26,FOR CIRCUIT CLERK,,DEM,BELINDA BIAFORE,57
Marion,PRECINCT 28,FOR CIRCUIT CLERK,,DEM,BELINDA BIAFORE,278
Marion,PRECINCT 29,FOR CIRCUIT CLERK,,DEM,BELINDA BIAFORE,121
Marion,PRECINCT 30,FOR CIRCUIT CLERK,,DEM,BELINDA BIAFORE,956
Marion,PRECINCT 31,FOR CIRCUIT CLERK,,DEM,BELINDA BIAFORE,306
Marion,PRECINCT 33,FOR CIRCUIT CLERK,,DEM,BELINDA BIAFORE,67
Marion,PRECINCT 35,FOR CIRCUIT CLERK,,DEM,BELINDA BIAFORE,151
Marion,PRECINCT 37,FOR CIRCUIT CLERK,,DEM,BELINDA BIAFORE,139
Marion,PRECINCT 38,FOR CIRCUIT CLERK,,DEM,BELINDA BIAFORE,253
Marion,PRECINCT 39,FOR CIRCUIT CLERK,,DEM,BELINDA BIAFORE,255
Marion,PRECINCT 40,FOR CIRCUIT CLERK,,DEM,BELINDA BIAFORE,244
Marion,PRECINCT 41,FOR CIRCUIT CLERK,,DEM,BELINDA BIAFORE,101
Marion,PRECINCT 42,FOR CIRCUIT CLERK,,DEM,BELINDA BIAFORE,179
Marion,PRECINCT 45,FOR CIRCUIT CLERK,,DEM,BELINDA BIAFORE,625
Marion,PRECINCT 46,FOR CIRCUIT CLERK,,DEM,BELINDA BIAFORE,38
Marion,PRECINCT 47,FOR CIRCUIT CLERK,,DEM,BELINDA BIAFORE,185
Marion,PRECINCT 49,FOR CIRCUIT CLERK,,DEM,BELINDA BIAFORE,38
Marion,PRECINCT 50,FOR CIRCUIT CLERK,,DEM,BELINDA BIAFORE,142
Marion,PRECINCT 51,FOR CIRCUIT CLERK,,DEM,BELINDA BIAFORE,13
Marion,PRECINCT 52,FOR CIRCUIT CLERK,,DEM,BELINDA BIAFORE,125
Marion,PRECINCT 53,FOR CIRCUIT CLERK,,DEM,BELINDA BIAFORE,230
Marion,PRECINCT 54,FOR CIRCUIT CLERK,,DEM,BELINDA BIAFORE,24
Marion,PRECINCT 55,FOR CIRCUIT CLERK,,DEM,BELINDA BIAFORE,56
Marion,PRECINCT 56,FOR CIRCUIT CLERK,,DEM,BELINDA BIAFORE,156
Marion,PRECINCT 57,FOR CIRCUIT CLERK,,DEM,BELINDA BIAFORE,195
Marion,PRECINCT 61,FOR CIRCUIT CLERK,,DEM,BELINDA BIAFORE,155
Marion,PRECINCT 66,FOR CIRCUIT CLERK,,DEM,BELINDA BIAFORE,98
Marion,PRECINCT 67,FOR CIRCUIT CLERK,,DEM,BELINDA BIAFORE,86
Marion,PRECINCT 68,FOR CIRCUIT CLERK,,DEM,BELINDA BIAFORE,46
Marion,PRECINCT 69,FOR CIRCUIT CLERK,,DEM,BELINDA BIAFORE,75
Marion,PRECINCT 72,FOR CIRCUIT CLERK,,DEM,BELINDA BIAFORE,115
Marion,PRECINCT 73,FOR CIRCUIT CLERK,,DEM,BELINDA BIAFORE,25
Marion,PRECINCT 74,FOR CIRCUIT CLERK,,DEM,BELINDA BIAFORE,39
Marion,PRECINCT 75,FOR CIRCUIT CLERK,,DEM,BELINDA BIAFORE,18
Marion,PRECINCT 78,FOR CIRCUIT CLERK,,DEM,BELINDA BIAFORE,83
Marion,PRECINCT 81,FOR CIRCUIT CLERK,,DEM,BELINDA BIAFORE,1
Marion,PRECINCT 82,FOR CIRCUIT CLERK,,DEM,BELINDA BIAFORE,36
Marion,PRECINCT 83,FOR CIRCUIT CLERK,,DEM,BELINDA BIAFORE,36
Marion,PRECINCT 84,FOR CIRCUIT CLERK,,DEM,BELINDA BIAFORE,174
Marion,PRECINCT 86,FOR CIRCUIT CLERK,,DEM,BELINDA BIAFORE,118
Marion,PRECINCT 87,FOR CIRCUIT CLERK,,DEM,BELINDA BIAFORE,52
Marion,PRECINCT 88,FOR CIRCUIT CLERK,,DEM,BELINDA BIAFORE,125
Marion,PRECINCT 89,FOR CIRCUIT CLERK,,DEM,BELINDA BIAFORE,120
Marion,PRECINCT 90,FOR CIRCUIT CLERK,,DEM,BELINDA BIAFORE,112
Marion,PRECINCT 96,FOR CIRCUIT CLERK,,DEM,BELINDA BIAFORE,375
Marion,PRECINCT 109,FOR CIRCUIT CLERK,,DEM,BELINDA BIAFORE,30
Marion,PRECINCT 112,FOR CIRCUIT CLERK,,DEM,BELINDA BIAFORE,222
Marion,PRECINCT 113,FOR CIRCUIT CLERK,,DEM,BELINDA BIAFORE,49
Marion,PRECINCT 114,FOR CIRCUIT CLERK,,DEM,BELINDA BIAFORE,136
Marion,PRECINCT 115,FOR CIRCUIT CLERK,,DEM,BELINDA BIAFORE,243
Marion,PRECINCT 117,FOR CIRCUIT CLERK,,DEM,BELINDA BIAFORE,346
Marion,PRECINCT 119,FOR CIRCUIT CLERK,,DEM,BELINDA BIAFORE,315
Marion,PRECINCT 120,FOR CIRCUIT CLERK,,DEM,BELINDA BIAFORE,567
Marion,PRECINCT 121,FOR CIRCUIT CLERK,,DEM,BELINDA BIAFORE,285
Marion,PRECINCT 124,FOR CIRCUIT CLERK,,DEM,BELINDA BIAFORE,257
Marion,PRECINCT 125,FOR CIRCUIT CLERK,,DEM,BELINDA BIAFORE,165
Marion,PRECINCT 175,FOR CIRCUIT CLERK,,DEM,BELINDA BIAFORE,11
Marion,PRECINCT 611,FOR CIRCUIT CLERK,,DEM,BELINDA BIAFORE,14
Marion,PRECINCT 721,FOR CIRCUIT CLERK,,DEM,BELINDA BIAFORE,11
Marion,PRECINCT 961,FOR CIRCUIT CLERK,,DEM,BELINDA BIAFORE,8
Marion,PRECINCT 1,FOR COUNTY COMMISSIONER,,REP,ERNEST 'ERNIE' VANGILDER,100
Marion,PRECINCT 2,FOR COUNTY COMMISSIONER,,REP,ERNEST 'ERNIE' VANGILDER,179
Marion,PRECINCT 5,FOR COUNTY COMMISSIONER,,REP,ERNEST 'ERNIE' VANGILDER,296
Marion,PRECINCT 6,FOR COUNTY COMMISSIONER,,REP,ERNEST 'ERNIE' VANGILDER,14
Marion,PRECINCT 20,FOR COUNTY COMMISSIONER,,REP,ERNEST 'ERNIE' VANGILDER,306
Marion,PRECINCT 26,FOR COUNTY COMMISSIONER,,REP,ERNEST 'ERNIE' VANGILDER,48
Marion,PRECINCT 28,FOR COUNTY COMMISSIONER,,REP,ERNEST 'ERNIE' VANGILDER,328
Marion,PRECINCT 29,FOR COUNTY COMMISSIONER,,REP,ERNEST 'ERNIE' VANGILDER,262
Marion,PRECINCT 30,FOR COUNTY COMMISSIONER,,REP,ERNEST 'ERNIE' VANGILDER,814
Marion,PRECINCT 31,FOR COUNTY COMMISSIONER,,REP,ERNEST 'ERNIE' VANGILDER,379
Marion,PRECINCT 33,FOR COUNTY COMMISSIONER,,REP,ERNEST 'ERNIE' VANGILDER,104
Marion,PRECINCT 35,FOR COUNTY COMMISSIONER,,REP,ERNEST 'ERNIE' VANGILDER,128
Marion,PRECINCT 37,FOR COUNTY COMMISSIONER,,REP,ERNEST 'ERNIE' VANGILDER,188
Marion,PRECINCT 38,FOR COUNTY COMMISSIONER,,REP,ERNEST 'ERNIE' VANGILDER,371
Marion,PRECINCT 39,FOR COUNTY COMMISSIONER,,REP,ERNEST 'ERNIE' VANGILDER,358
Marion,PRECINCT 40,FOR COUNTY COMMISSIONER,,REP,ERNEST 'ERNIE' VANGILDER,318
Marion,PRECINCT 41,FOR COUNTY COMMISSIONER,,REP,ERNEST 'ERNIE' VANGILDER,161
Marion,PRECINCT 42,FOR COUNTY COMMISSIONER,,REP,ERNEST 'ERNIE' VANGILDER,226
Marion,PRECINCT 45,FOR COUNTY COMMISSIONER,,REP,ERNEST 'ERNIE' VANGILDER,696
Marion,PRECINCT 46,FOR COUNTY COMMISSIONER,,REP,ERNEST 'ERNIE' VANGILDER,68
Marion,PRECINCT 47,FOR COUNTY COMMISSIONER,,REP,ERNEST 'ERNIE' VANGILDER,315
Marion,PRECINCT 49,FOR COUNTY COMMISSIONER,,REP,ERNEST 'ERNIE' VANGILDER,72
Marion,PRECINCT 50,FOR COUNTY COMMISSIONER,,REP,ERNEST 'ERNIE' VANGILDER,258
Marion,PRECINCT 51,FOR COUNTY COMMISSIONER,,REP,ERNEST 'ERNIE' VANGILDER,38
Marion,PRECINCT 52,FOR COUNTY COMMISSIONER,,REP,ERNEST 'ERNIE' VANGILDER,124
Marion,PRECINCT 53,FOR COUNTY COMMISSIONER,,REP,ERNEST 'ERNIE' VANGILDER,381
Marion,PRECINCT 54,FOR COUNTY COMMISSIONER,,REP,ERNEST 'ERNIE' VANGILDER,59
Marion,PRECINCT 55,FOR COUNTY COMMISSIONER,,REP,ERNEST 'ERNIE' VANGILDER,99
Marion,PRECINCT 56,FOR COUNTY COMMISSIONER,,REP,ERNEST 'ERNIE' VANGILDER,304
Marion,PRECINCT 57,FOR COUNTY COMMISSIONER,,REP,ERNEST 'ERNIE' VANGILDER,246
Marion,PRECINCT 61,FOR COUNTY COMMISSIONER,,REP,ERNEST 'ERNIE' VANGILDER,268
Marion,PRECINCT 66,FOR COUNTY COMMISSIONER,,REP,ERNEST 'ERNIE' VANGILDER,153
Marion,PRECINCT 67,FOR COUNTY COMMISSIONER,,REP,ERNEST 'ERNIE' VANGILDER,154
Marion,PRECINCT 68,FOR COUNTY COMMISSIONER,,REP,ERNEST 'ERNIE' VANGILDER,72
Marion,PRECINCT 69,FOR COUNTY COMMISSIONER,,REP,ERNEST 'ERNIE' VANGILDER,116
Marion,PRECINCT 72,FOR COUNTY COMMISSIONER,,REP,ERNEST 'ERNIE' VANGILDER,306
Marion,PRECINCT 73,FOR COUNTY COMMISSIONER,,REP,ERNEST 'ERNIE' VANGILDER,54
Marion,PRECINCT 74,FOR COUNTY COMMISSIONER,,REP,ERNEST 'ERNIE' VANGILDER,108
Marion,PRECINCT 75,FOR COUNTY COMMISSIONER,,REP,ERNEST 'ERNIE' VANGILDER,43
Marion,PRECINCT 78,FOR COUNTY COMMISSIONER,,REP,ERNEST 'ERNIE' VANGILDER,174
Marion,PRECINCT 81,FOR COUNTY COMMISSIONER,,REP,ERNEST 'ERNIE' VANGILDER,4
Marion,PRECINCT 82,FOR COUNTY COMMISSIONER,,REP,ERNEST 'ERNIE' VANGILDER,87
Marion,PRECINCT 83,FOR COUNTY COMMISSIONER,,REP,ERNEST 'ERNIE' VANGILDER,56
Marion,PRECINCT 84,FOR COUNTY COMMISSIONER,,REP,ERNEST 'ERNIE' VANGILDER,231
Marion,PRECINCT 86,FOR COUNTY COMMISSIONER,,REP,ERNEST 'ERNIE' VANGILDER,125
Marion,PRECINCT 87,FOR COUNTY COMMISSIONER,,REP,ERNEST 'ERNIE' VANGILDER,88
Marion,PRECINCT 88,FOR COUNTY COMMISSIONER,,REP,ERNEST 'ERNIE' VANGILDER,222
Marion,PRECINCT 89,FOR COUNTY COMMISSIONER,,REP,ERNEST 'ERNIE' VANGILDER,232
Marion,PRECINCT 90,FOR COUNTY COMMISSIONER,,REP,ERNEST 'ERNIE' VANGILDER,226
Marion,PRECINCT 96,FOR COUNTY COMMISSIONER,,REP,ERNEST 'ERNIE' VANGILDER,412
Marion,PRECINCT 109,FOR COUNTY COMMISSIONER,,REP,ERNEST 'ERNIE' VANGILDER,43
Marion,PRECINCT 112,FOR COUNTY COMMISSIONER,,REP,ERNEST 'ERNIE' VANGILDER,426
Marion,PRECINCT 113,FOR COUNTY COMMISSIONER,,REP,ERNEST 'ERNIE' VANGILDER,91
Marion,PRECINCT 114,FOR COUNTY COMMISSIONER,,REP,ERNEST 'ERNIE' VANGILDER,276
Marion,PRECINCT 115,FOR COUNTY COMMISSIONER,,REP,ERNEST 'ERNIE' VANGILDER,521
Marion,PRECINCT 117,FOR COUNTY COMMISSIONER,,REP,ERNEST 'ERNIE' VANGILDER,513
Marion,PRECINCT 119,FOR COUNTY COMMISSIONER,,REP,ERNEST 'ERNIE' VANGILDER,450
Marion,PRECINCT 120,FOR COUNTY COMMISSIONER,,REP,ERNEST 'ERNIE' VANGILDER,686
Marion,PRECINCT 121,FOR COUNTY COMMISSIONER,,REP,ERNEST 'ERNIE' VANGILDER,562
Marion,PRECINCT 124,FOR COUNTY COMMISSIONER,,REP,ERNEST 'ERNIE' VANGILDER,500
Marion,PRECINCT 125,FOR COUNTY COMMISSIONER,,REP,ERNEST 'ERNIE' VANGILDER,407
Marion,PRECINCT 175,FOR COUNTY COMMISSIONER,,REP,ERNEST 'ERNIE' VANGILDER,6
Marion,PRECINCT 611,FOR COUNTY COMMISSIONER,,REP,ERNEST 'ERNIE' VANGILDER,43
Marion,PRECINCT 721,FOR COUNTY COMMISSIONER,,REP,ERNEST 'ERNIE' VANGILDER,17
Marion,PRECINCT 961,FOR COUNTY COMMISSIONER,,REP,ERNEST 'ERNIE' VANGILDER,25
Marion,PRECINCT 1,FOR COUNTY COMMISSIONER,,DEM,SHERMAN SAPP,126
Marion,PRECINCT 2,FOR COUNTY COMMISSIONER,,DEM,SHERMAN SAPP,325
Marion,PRECINCT 5,FOR COUNTY COMMISSIONER,,DEM,SHERMAN SAPP,257
Marion,PRECINCT 6,FOR COUNTY COMMISSIONER,,DEM,SHERMAN SAPP,13
Marion,PRECINCT 20,FOR COUNTY COMMISSIONER,,DEM,SHERMAN SAPP,362
Marion,PRECINCT 26,FOR COUNTY COMMISSIONER,,DEM,SHERMAN SAPP,52
Marion,PRECINCT 28,FOR COUNTY COMMISSIONER,,DEM,SHERMAN SAPP,230
Marion,PRECINCT 29,FOR COUNTY COMMISSIONER,,DEM,SHERMAN SAPP,95
Marion,PRECINCT 30,FOR COUNTY COMMISSIONER,,DEM,SHERMAN SAPP,831
Marion,PRECINCT 31,FOR COUNTY COMMISSIONER,,DEM,SHERMAN SAPP,241
Marion,PRECINCT 33,FOR COUNTY COMMISSIONER,,DEM,SHERMAN SAPP,53
Marion,PRECINCT 35,FOR COUNTY COMMISSIONER,,DEM,SHERMAN SAPP,122
Marion,PRECINCT 37,FOR COUNTY COMMISSIONER,,DEM,SHERMAN SAPP,95
Marion,PRECINCT 38,FOR COUNTY COMMISSIONER,,DEM,SHERMAN SAPP,206
Marion,PRECINCT 39,FOR COUNTY COMMISSIONER,,DEM,SHERMAN SAPP,205
Marion,PRECINCT 40,FOR COUNTY COMMISSIONER,,DEM,SHERMAN SAPP,208
Marion,PRECINCT 41,FOR COUNTY COMMISSIONER,,DEM,SHERMAN SAPP,75
Marion,PRECINCT 42,FOR COUNTY COMMISSIONER,,DEM,SHERMAN SAPP,155
Marion,PRECINCT 45,FOR COUNTY COMMISSIONER,,DEM,SHERMAN SAPP,506
Marion,PRECINCT 46,FOR COUNTY COMMISSIONER,,DEM,SHERMAN SAPP,30
Marion,PRECINCT 47,FOR COUNTY COMMISSIONER,,DEM,SHERMAN SAPP,126
Marion,PRECINCT 49,FOR COUNTY COMMISSIONER,,DEM,SHERMAN SAPP,25
Marion,PRECINCT 50,FOR COUNTY COMMISSIONER,,DEM,SHERMAN SAPP,113
Marion,PRECINCT 51,FOR COUNTY COMMISSIONER,,DEM,SHERMAN SAPP,14
Marion,PRECINCT 52,FOR COUNTY COMMISSIONER,,DEM,SHERMAN SAPP,92
Marion,PRECINCT 53,FOR COUNTY COMMISSIONER,,DEM,SHERMAN SAPP,178
Marion,PRECINCT 54,FOR COUNTY COMMISSIONER,,DEM,SHERMAN SAPP,12
Marion,PRECINCT 55,FOR COUNTY COMMISSIONER,,DEM,SHERMAN SAPP,52
Marion,PRECINCT 56,FOR COUNTY COMMISSIONER,,DEM,SHERMAN SAPP,131
Marion,PRECINCT 57,FOR COUNTY COMMISSIONER,,DEM,SHERMAN SAPP,158
Marion,PRECINCT 61,FOR COUNTY COMMISSIONER,,DEM,SHERMAN SAPP,126
Marion,PRECINCT 66,FOR COUNTY COMMISSIONER,,DEM,SHERMAN SAPP,76
Marion,PRECINCT 67,FOR COUNTY COMMISSIONER,,DEM,SHERMAN SAPP,59
Marion,PRECINCT 68,FOR COUNTY COMMISSIONER,,DEM,SHERMAN SAPP,36
Marion,PRECINCT 69,FOR COUNTY COMMISSIONER,,DEM,SHERMAN SAPP,55
Marion,PRECINCT 72,FOR COUNTY COMMISSIONER,,DEM,SHERMAN SAPP,106
Marion,PRECINCT 73,FOR COUNTY COMMISSIONER,,DEM,SHERMAN SAPP,22
Marion,PRECINCT 74,FOR COUNTY COMMISSIONER,,DEM,SHERMAN SAPP,27
Marion,PRECINCT 75,FOR COUNTY COMMISSIONER,,DEM,SHERMAN SAPP,10
Marion,PRECINCT 78,FOR COUNTY COMMISSIONER,,DEM,SHERMAN SAPP,61
Marion,PRECINCT 81,FOR COUNTY COMMISSIONER,,DEM,SHERMAN SAPP,0
Marion,PRECINCT 82,FOR COUNTY COMMISSIONER,,DEM,SHERMAN SAPP,34
Marion,PRECINCT 83,FOR COUNTY COMMISSIONER,,DEM,SHERMAN SAPP,28
Marion,PRECINCT 84,FOR COUNTY COMMISSIONER,,DEM,SHERMAN SAPP,167
Marion,PRECINCT 86,FOR COUNTY COMMISSIONER,,DEM,SHERMAN SAPP,108
Marion,PRECINCT 87,FOR COUNTY COMMISSIONER,,DEM,SHERMAN SAPP,39
Marion,PRECINCT 88,FOR COUNTY COMMISSIONER,,DEM,SHERMAN SAPP,99
Marion,PRECINCT 89,FOR COUNTY COMMISSIONER,,DEM,SHERMAN SAPP,83
Marion,PRECINCT 90,FOR COUNTY COMMISSIONER,,DEM,SHERMAN SAPP,90
Marion,PRECINCT 96,FOR COUNTY COMMISSIONER,,DEM,SHERMAN SAPP,322
Marion,PRECINCT 109,FOR COUNTY COMMISSIONER,,DEM,SHERMAN SAPP,23
Marion,PRECINCT 112,FOR COUNTY COMMISSIONER,,DEM,SHERMAN SAPP,174
Marion,PRECINCT 113,FOR COUNTY COMMISSIONER,,DEM,SHERMAN SAPP,38
Marion,PRECINCT 114,FOR COUNTY COMMISSIONER,,DEM,SHERMAN SAPP,110
Marion,PRECINCT 115,FOR COUNTY COMMISSIONER,,DEM,SHERMAN SAPP,187
Marion,PRECINCT 117,FOR COUNTY COMMISSIONER,,DEM,SHERMAN SAPP,277
Marion,PRECINCT 119,FOR COUNTY COMMISSIONER,,DEM,SHERMAN SAPP,265
Marion,PRECINCT 120,FOR COUNTY COMMISSIONER,,DEM,SHERMAN SAPP,472
Marion,PRECINCT 121,FOR COUNTY COMMISSIONER,,DEM,SHERMAN SAPP,224
Marion,PRECINCT 124,FOR COUNTY COMMISSIONER,,DEM,SHERMAN SAPP,204
Marion,PRECINCT 125,FOR COUNTY COMMISSIONER,,DEM,SHERMAN SAPP,142
Marion,PRECINCT 175,FOR COUNTY COMMISSIONER,,DEM,SHERMAN SAPP,8
Marion,PRECINCT 611,FOR COUNTY COMMISSIONER,,DEM,SHERMAN SAPP,9
Marion,PRECINCT 721,FOR COUNTY COMMISSIONER,,DEM,SHERMAN SAPP,9
Marion,PRECINCT 961,FOR COUNTY COMMISSIONER,,DEM,SHERMAN SAPP,5
Marion,PRECINCT 1,FOR PROSECUTING ATTORNEY,,DEM,JEFFREY FREEMAN,185
Marion,PRECINCT 2,FOR PROSECUTING ATTORNEY,,DEM,JEFFREY FREEMAN,424
Marion,PRECINCT 5,FOR PROSECUTING ATTORNEY,,DEM,JEFFREY FREEMAN,438
Marion,PRECINCT 6,FOR PROSECUTING ATTORNEY,,DEM,JEFFREY FREEMAN,23
Marion,PRECINCT 20,FOR PROSECUTING ATTORNEY,,DEM,JEFFREY FREEMAN,557
Marion,PRECINCT 26,FOR PROSECUTING ATTORNEY,,DEM,JEFFREY FREEMAN,76
Marion,PRECINCT 28,FOR PROSECUTING ATTORNEY,,DEM,JEFFREY FREEMAN,455
Marion,PRECINCT 29,FOR PROSECUTING ATTORNEY,,DEM,JEFFREY FREEMAN,262
Marion,PRECINCT 30,FOR PROSECUTING ATTORNEY,,DEM,JEFFREY FREEMAN,1299
Marion,PRECINCT 31,FOR PROSECUTING ATTORNEY,,DEM,JEFFREY FREEMAN,499
Marion,PRECINCT 33,FOR PROSECUTING ATTORNEY,,DEM,JEFFREY FREEMAN,125
Marion,PRECINCT 35,FOR PROSECUTING ATTORNEY,,DEM,JEFFREY FREEMAN,206
Marion,PRECINCT 37,FOR PROSECUTING ATTORNEY,,DEM,JEFFREY FREEMAN,218
Marion,PRECINCT 38,FOR PROSECUTING ATTORNEY,,DEM,JEFFREY FREEMAN,423
Marion,PRECINCT 39,FOR PROSECUTING ATTORNEY,,DEM,JEFFREY FREEMAN,439
Marion,PRECINCT 40,FOR PROSECUTING ATTORNEY,,DEM,JEFFREY FREEMAN,405
Marion,PRECINCT 41,FOR PROSECUTING ATTORNEY,,DEM,JEFFREY FREEMAN,192
Marion,PRECINCT 42,FOR PROSECUTING ATTORNEY,,DEM,JEFFREY FREEMAN,297
Marion,PRECINCT 45,FOR PROSECUTING ATTORNEY,,DEM,JEFFREY FREEMAN,964
Marion,PRECINCT 46,FOR PROSECUTING ATTORNEY,,DEM,JEFFREY FREEMAN,68
Marion,PRECINCT 47,FOR PROSECUTING ATTORNEY,,DEM,JEFFREY FREEMAN,337
Marion,PRECINCT 49,FOR PROSECUTING ATTORNEY,,DEM,JEFFREY FREEMAN,73
Marion,PRECINCT 50,FOR PROSECUTING ATTORNEY,,DEM,JEFFREY FREEMAN,262
Marion,PRECINCT 51,FOR PROSECUTING ATTORNEY,,DEM,JEFFREY FREEMAN,31
Marion,PRECINCT 52,FOR PROSECUTING ATTORNEY,,DEM,JEFFREY FREEMAN,177
Marion,PRECINCT 53,FOR PROSECUTING ATTORNEY,,DEM,JEFFREY FREEMAN,428
Marion,PRECINCT 54,FOR PROSECUTING ATTORNEY,,DEM,JEFFREY FREEMAN,53
Marion,PRECINCT 55,FOR PROSECUTING ATTORNEY,,DEM,JEFFREY FREEMAN,124
Marion,PRECINCT 56,FOR PROSECUTING ATTORNEY,,DEM,JEFFREY FREEMAN,329
Marion,PRECINCT 57,FOR PROSECUTING ATTORNEY,,DEM,JEFFREY FREEMAN,300
Marion,PRECINCT 61,FOR PROSECUTING ATTORNEY,,DEM,JEFFREY FREEMAN,297
Marion,PRECINCT 66,FOR PROSECUTING ATTORNEY,,DEM,JEFFREY FREEMAN,182
Marion,PRECINCT 67,FOR PROSECUTING ATTORNEY,,DEM,JEFFREY FREEMAN,154
Marion,PRECINCT 68,FOR PROSECUTING ATTORNEY,,DEM,JEFFREY FREEMAN,92
Marion,PRECINCT 69,FOR PROSECUTING ATTORNEY,,DEM,JEFFREY FREEMAN,131
Marion,PRECINCT 72,FOR PROSECUTING ATTORNEY,,DEM,JEFFREY FREEMAN,293
Marion,PRECINCT 73,FOR PROSECUTING ATTORNEY,,DEM,JEFFREY FREEMAN,58
Marion,PRECINCT 74,FOR PROSECUTING ATTORNEY,,DEM,JEFFREY FREEMAN,90
Marion,PRECINCT 75,FOR PROSECUTING ATTORNEY,,DEM,JEFFREY FREEMAN,38
Marion,PRECINCT 78,FOR PROSECUTING ATTORNEY,,DEM,JEFFREY FREEMAN,184
Marion,PRECINCT 81,FOR PROSECUTING ATTORNEY,,DEM,JEFFREY FREEMAN,4
Marion,PRECINCT 82,FOR PROSECUTING ATTORNEY,,DEM,JEFFREY FREEMAN,81
Marion,PRECINCT 83,FOR PROSECUTING ATTORNEY,,DEM,JEFFREY FREEMAN,63
Marion,PRECINCT 84,FOR PROSECUTING ATTORNEY,,DEM,JEFFREY FREEMAN,317
Marion,PRECINCT 86,FOR PROSECUTING ATTORNEY,,DEM,JEFFREY FREEMAN,192
Marion,PRECINCT 87,FOR PROSECUTING ATTORNEY,,DEM,JEFFREY FREEMAN,96
Marion,PRECINCT 88,FOR PROSECUTING ATTORNEY,,DEM,JEFFREY FREEMAN,243
Marion,PRECINCT 89,FOR PROSECUTING ATTORNEY,,DEM,JEFFREY FREEMAN,250
Marion,PRECINCT 90,FOR PROSECUTING ATTORNEY,,DEM,JEFFREY FREEMAN,234
Marion,PRECINCT 96,FOR PROSECUTING ATTORNEY,,DEM,JEFFREY FREEMAN,576
Marion,PRECINCT 109,FOR PROSECUTING ATTORNEY,,DEM,JEFFREY FREEMAN,52
Marion,PRECINCT 112,FOR PROSECUTING ATTORNEY,,DEM,JEFFREY FREEMAN,472
Marion,PRECINCT 113,FOR PROSECUTING ATTORNEY,,DEM,JEFFREY FREEMAN,101
Marion,PRECINCT 114,FOR PROSECUTING ATTORNEY,,DEM,JEFFREY FREEMAN,290
Marion,PRECINCT 115,FOR PROSECUTING ATTORNEY,,DEM,JEFFREY FREEMAN,574
Marion,PRECINCT 117,FOR PROSECUTING ATTORNEY,,DEM,JEFFREY FREEMAN,594
Marion,PRECINCT 119,FOR PROSECUTING ATTORNEY,,DEM,JEFFREY FREEMAN,564
Marion,PRECINCT 120,FOR PROSECUTING ATTORNEY,,DEM,JEFFREY FREEMAN,901
Marion,PRECINCT 121,FOR PROSECUTING ATTORNEY,,DEM,JEFFREY FREEMAN,579
Marion,PRECINCT 124,FOR PROSECUTING ATTORNEY,,DEM,JEFFREY FREEMAN,534
Marion,PRECINCT 125,FOR PROSECUTING ATTORNEY,,DEM,JEFFREY FREEMAN,388
Marion,PRECINCT 175,FOR PROSECUTING ATTORNEY,,DEM,JEFFREY FREEMAN,10
Marion,PRECINCT 611,FOR PROSECUTING ATTORNEY,,DEM,JEFFREY FREEMAN,41
Marion,PRECINCT 721,FOR PROSECUTING ATTORNEY,,DEM,JEFFREY FREEMAN,20
Marion,PRECINCT 961,FOR PROSECUTING ATTORNEY,,DEM,JEFFREY FREEMAN,18
Marion,PRECINCT 1,FOR SHERIFF,,REP,ROGER CUNNINGHAM,160
Marion,PRECINCT 2,FOR SHERIFF,,REP,ROGER CUNNINGHAM,372
Marion,PRECINCT 5,FOR SHERIFF,,REP,ROGER CUNNINGHAM,448
Marion,PRECINCT 6,FOR SHERIFF,,REP,ROGER CUNNINGHAM,19
Marion,PRECINCT 20,FOR SHERIFF,,REP,ROGER CUNNINGHAM,520
Marion,PRECINCT 26,FOR SHERIFF,,REP,ROGER CUNNINGHAM,79
Marion,PRECINCT 28,FOR SHERIFF,,REP,ROGER CUNNINGHAM,450
Marion,PRECINCT 29,FOR SHERIFF,,REP,ROGER CUNNINGHAM,307
Marion,PRECINCT 30,FOR SHERIFF,,REP,ROGER CUNNINGHAM,1270
Marion,PRECINCT 31,FOR SHERIFF,,REP,ROGER CUNNINGHAM,515
Marion,PRECINCT 33,FOR SHERIFF,,REP,ROGER CUNNINGHAM,125
Marion,PRECINCT 35,FOR SHERIFF,,REP,ROGER CUNNINGHAM,194
Marion,PRECINCT 37,FOR SHERIFF,,REP,ROGER CUNNINGHAM,246
Marion,PRECINCT 38,FOR SHERIFF,,REP,ROGER CUNNINGHAM,471
Marion,PRECINCT 39,FOR SHERIFF,,REP,ROGER CUNNINGHAM,477
Marion,PRECINCT 40,FOR SHERIFF,,REP,ROGER CUNNINGHAM,435
Marion,PRECINCT 41,FOR SHERIFF,,REP,ROGER CUNNINGHAM,212
Marion,PRECINCT 42,FOR SHERIFF,,REP,ROGER CUNNINGHAM,329
Marion,PRECINCT 45,FOR SHERIFF,,REP,ROGER CUNNINGHAM,990
Marion,PRECINCT 46,FOR SHERIFF,,REP,ROGER CUNNINGHAM,88
Marion,PRECINCT 47,FOR SHERIFF,,REP,ROGER CUNNINGHAM,375
Marion,PRECINCT 49,FOR SHERIFF,,REP,ROGER CUNNINGHAM,94
Marion,PRECINCT 50,FOR SHERIFF,,REP,ROGER CUNNINGHAM,323
Marion,PRECINCT 51,FOR SHERIFF,,REP,ROGER CUNNINGHAM,51
Marion,PRECINCT 52,FOR SHERIFF,,REP,ROGER CUNNINGHAM,170
Marion,PRECINCT 53,FOR SHERIFF,,REP,ROGER CUNNINGHAM,462
Marion,PRECINCT 54,FOR SHERIFF,,REP,ROGER CUNNINGHAM,63
Marion,PRECINCT 55,FOR SHERIFF,,REP,ROGER CUNNINGHAM,123
Marion,PRECINCT 56,FOR SHERIFF,,REP,ROGER CUNNINGHAM,373
Marion,PRECINCT 57,FOR SHERIFF,,REP,ROGER CUNNINGHAM,346
Marion,PRECINCT 61,FOR SHERIFF,,REP,ROGER CUNNINGHAM,325
Marion,PRECINCT 66,FOR SHERIFF,,REP,ROGER CUNNINGHAM,178
Marion,PRECINCT 67,FOR SHERIFF,,REP,ROGER CUNNINGHAM,179
Marion,PRECINCT 68,FOR SHERIFF,,REP,ROGER CUNNINGHAM,87
Marion,PRECINCT 69,FOR SHERIFF,,REP,ROGER CUNNINGHAM,131
Marion,PRECINCT 72,FOR SHERIFF,,REP,ROGER CUNNINGHAM,356
Marion,PRECINCT 73,FOR SHERIFF,,REP,ROGER CUNNINGHAM,57
Marion,PRECINCT 74,FOR SHERIFF,,REP,ROGER CUNNINGHAM,114
Marion,PRECINCT 75,FOR SHERIFF,,REP,ROGER CUNNINGHAM,45
Marion,PRECINCT 78,FOR SHERIFF,,REP,ROGER CUNNINGHAM,195
Marion,PRECINCT 81,FOR SHERIFF,,REP,ROGER CUNNINGHAM,4
Marion,PRECINCT 82,FOR SHERIFF,,REP,ROGER CUNNINGHAM,110
Marion,PRECINCT 83,FOR SHERIFF,,REP,ROGER CUNNINGHAM,72
Marion,PRECINCT 84,FOR SHERIFF,,REP,ROGER CUNNINGHAM,343
Marion,PRECINCT 86,FOR SHERIFF,,REP,ROGER CUNNINGHAM,173
Marion,PRECINCT 87,FOR SHERIFF,,REP,ROGER CUNNINGHAM,106
Marion,PRECINCT 88,FOR SHERIFF,,REP,ROGER CUNNINGHAM,283
Marion,PRECINCT 89,FOR SHERIFF,,REP,ROGER CUNNINGHAM,282
Marion,PRECINCT 90,FOR SHERIFF,,REP,ROGER CUNNINGHAM,277
Marion,PRECINCT 96,FOR SHERIFF,,REP,ROGER CUNNINGHAM,612
Marion,PRECINCT 109,FOR SHERIFF,,REP,ROGER CUNNINGHAM,58
Marion,PRECINCT 112,FOR SHERIFF,,REP,ROGER CUNNINGHAM,521
Marion,PRECINCT 113,FOR SHERIFF,,REP,ROGER CUNNINGHAM,112
Marion,PRECINCT 114,FOR SHERIFF,,REP,ROGER CUNNINGHAM,335
Marion,PRECINCT 115,FOR SHERIFF,,REP,ROGER CUNNINGHAM,635
Marion,PRECINCT 117,FOR SHERIFF,,REP,ROGER CUNNINGHAM,653
Marion,PRECINCT 119,FOR SHERIFF,,REP,ROGER CUNNINGHAM,610
Marion,PRECINCT 120,FOR SHERIFF,,REP,ROGER CUNNINGHAM,947
Marion,PRECINCT 121,FOR SHERIFF,,REP,ROGER CUNNINGHAM,689
Marion,PRECINCT 124,FOR SHERIFF,,REP,ROGER CUNNINGHAM,611
Marion,PRECINCT 125,FOR SHERIFF,,REP,ROGER CUNNINGHAM,475
Marion,PRECINCT 175,FOR SHERIFF,,REP,ROGER CUNNINGHAM,12
Marion,PRECINCT 611,FOR SHERIFF,,REP,ROGER CUNNINGHAM,47
Marion,PRECINCT 721,FOR SHERIFF,,REP,ROGER CUNNINGHAM,20
Marion,PRECINCT 961,FOR SHERIFF,,REP,ROGER CUNNINGHAM,25
Marion,PRECINCT 1,FOR ASSESSOR,,REP,JASON SMITH,96
Marion,PRECINCT 2,FOR ASSESSOR,,REP,JASON SMITH,164
Marion,PRECINCT 5,FOR ASSESSOR,,REP,JASON SMITH,284
Marion,PRECINCT 6,FOR ASSESSOR,,REP,JASON SMITH,17
Marion,PRECINCT 20,FOR ASSESSOR,,REP,JASON SMITH,286
Marion,PRECINCT 26,FOR ASSESSOR,,REP,JASON SMITH,44
Marion,PRECINCT 28,FOR ASSESSOR,,REP,JASON SMITH,294
Marion,PRECINCT 29,FOR ASSESSOR,,REP,JASON SMITH,218
Marion,PRECINCT 30,FOR ASSESSOR,,REP,JASON SMITH,691
Marion,PRECINCT 31,FOR ASSESSOR,,REP,JASON SMITH,288
Marion,PRECINCT 33,FOR ASSESSOR,,REP,JASON SMITH,90
Marion,PRECINCT 35,FOR ASSESSOR,,REP,JASON SMITH,95
Marion,PRECINCT 37,FOR ASSESSOR,,REP,JASON SMITH,154
Marion,PRECINCT 38,FOR ASSESSOR,,REP,JASON SMITH,337
Marion,PRECINCT 39,FOR ASSESSOR,,REP,JASON SMITH,325
Marion,PRECINCT 40,FOR ASSESSOR,,REP,JASON SMITH,296
Marion,PRECINCT 41,FOR ASSESSOR,,REP,JASON SMITH,145
Marion,PRECINCT 42,FOR ASSESSOR,,REP,JASON SMITH,207
Marion,PRECINCT 45,FOR ASSESSOR,,REP,JASON SMITH,588
Marion,PRECINCT 46,FOR ASSESSOR,,REP,JASON SMITH,61
Marion,PRECINCT 47,FOR ASSESSOR,,REP,JASON SMITH,290
Marion,PRECINCT 49,FOR ASSESSOR,,REP,JASON SMITH,66
Marion,PRECINCT 50,FOR ASSESSOR,,REP,JASON SMITH,235
Marion,PRECINCT 51,FOR ASSESSOR,,REP,JASON SMITH,40
Marion,PRECINCT 52,FOR ASSESSOR,,REP,JASON SMITH,99
Marion,PRECINCT 53,FOR ASSESSOR,,REP,JASON SMITH,327
Marion,PRECINCT 54,FOR ASSESSOR,,REP,JASON SMITH,49
Marion,PRECINCT 55,FOR ASSESSOR,,REP,JASON SMITH,95
Marion,PRECINCT 56,FOR ASSESSOR,,REP,JASON SMITH,284
Marion,PRECINCT 57,FOR ASSESSOR,,REP,JASON SMITH,224
Marion,PRECINCT 61,FOR ASSESSOR,,REP,JASON SMITH,241
Marion,PRECINCT 66,FOR ASSESSOR,,REP,JASON SMITH,141
Marion,PRECINCT 67,FOR ASSESSOR,,REP,JASON SMITH,147
Marion,PRECINCT 68,FOR ASSESSOR,,REP,JASON SMITH,67
Marion,PRECINCT 69,FOR ASSESSOR,,REP,JASON SMITH,106
Marion,PRECINCT 72,FOR ASSESSOR,,REP,JASON SMITH,300
Marion,PRECINCT 73,FOR ASSESSOR,,REP,JASON SMITH,47
Marion,PRECINCT 74,FOR ASSESSOR,,REP,JASON SMITH,96
Marion,PRECINCT 75,FOR ASSESSOR,,REP,JASON SMITH,38
Marion,PRECINCT 78,FOR ASSESSOR,,REP,JASON SMITH,151
Marion,PRECINCT 81,FOR ASSESSOR,,REP,JASON SMITH,4
Marion,PRECINCT 82,FOR ASSESSOR,,REP,JASON SMITH,81
Marion,PRECINCT 83,FOR ASSESSOR,,REP,JASON SMITH,56
Marion,PRECINCT 84,FOR ASSESSOR,,REP,JASON SMITH,238
Marion,PRECINCT 86,FOR ASSESSOR,,REP,JASON SMITH,111
Marion,PRECINCT 87,FOR ASSESSOR,,REP,JASON SMITH,75
Marion,PRECINCT 88,FOR ASSESSOR,,REP,JASON SMITH,205
Marion,PRECINCT 89,FOR ASSESSOR,,REP,JASON SMITH,199
Marion,PRECINCT 90,FOR ASSESSOR,,REP,JASON SMITH,202
Marion,PRECINCT 96,FOR ASSESSOR,,REP,JASON SMITH,375
Marion,PRECINCT 109,FOR ASSESSOR,,REP,JASON SMITH,37
Marion,PRECINCT 112,FOR ASSESSOR,,REP,JASON SMITH,400
Marion,PRECINCT 113,FOR ASSESSOR,,REP,JASON SMITH,89
Marion,PRECINCT 114,FOR ASSESSOR,,REP,JASON SMITH,234
Marion,PRECINCT 115,FOR ASSESSOR,,REP,JASON SMITH,481
Marion,PRECINCT 117,FOR ASSESSOR,,REP,JASON SMITH,448
Marion,PRECINCT 119,FOR ASSESSOR,,REP,JASON SMITH,383
Marion,PRECINCT 120,FOR ASSESSOR,,REP,JASON SMITH,609
Marion,PRECINCT 121,FOR ASSESSOR,,REP,JASON SMITH,509
Marion,PRECINCT 124,FOR ASSESSOR,,REP,JASON SMITH,451
Marion,PRECINCT 125,FOR ASSESSOR,,REP,JASON SMITH,348
Marion,PRECINCT 175,FOR ASSESSOR,,REP,JASON SMITH,2
Marion,PRECINCT 611,FOR ASSESSOR,,REP,JASON SMITH,38
Marion,PRECINCT 721,FOR ASSESSOR,,REP,JASON SMITH,12
Marion,PRECINCT 961,FOR ASSESSOR,,REP,JASON SMITH,25
Marion,PRECINCT 1,FOR ASSESSOR,,DEM,MARK TRACH,127
Marion,PRECINCT 2,FOR ASSESSOR,,DEM,MARK TRACH,338
Marion,PRECINCT 5,FOR ASSESSOR,,DEM,MARK TRACH,269
Marion,PRECINCT 6,FOR ASSESSOR,,DEM,MARK TRACH,8
Marion,PRECINCT 20,FOR ASSESSOR,,DEM,MARK TRACH,377
Marion,PRECINCT 26,FOR ASSESSOR,,DEM,MARK TRACH,56
Marion,PRECINCT 28,FOR ASSESSOR,,DEM,MARK TRACH,259
Marion,PRECINCT 29,FOR ASSESSOR,,DEM,MARK TRACH,130
Marion,PRECINCT 30,FOR ASSESSOR,,DEM,MARK TRACH,930
Marion,PRECINCT 31,FOR ASSESSOR,,DEM,MARK TRACH,330
Marion,PRECINCT 33,FOR ASSESSOR,,DEM,MARK TRACH,66
Marion,PRECINCT 35,FOR ASSESSOR,,DEM,MARK TRACH,152
Marion,PRECINCT 37,FOR ASSESSOR,,DEM,MARK TRACH,124
Marion,PRECINCT 38,FOR ASSESSOR,,DEM,MARK TRACH,229
Marion,PRECINCT 39,FOR ASSESSOR,,DEM,MARK TRACH,232
Marion,PRECINCT 40,FOR ASSESSOR,,DEM,MARK TRACH,231
Marion,PRECINCT 41,FOR ASSESSOR,,DEM,MARK TRACH,90
Marion,PRECINCT 42,FOR ASSESSOR,,DEM,MARK TRACH,176
Marion,PRECINCT 45,FOR ASSESSOR,,DEM,MARK TRACH,594
Marion,PRECINCT 46,FOR ASSESSOR,,DEM,MARK TRACH,40
Marion,PRECINCT 47,FOR ASSESSOR,,DEM,MARK TRACH,148
Marion,PRECINCT 49,FOR ASSESSOR,,DEM,MARK TRACH,31
Marion,PRECINCT 50,FOR ASSESSOR,,DEM,MARK TRACH,129
Marion,PRECINCT 51,FOR ASSESSOR,,DEM,MARK TRACH,12
Marion,PRECINCT 52,FOR ASSESSOR,,DEM,MARK TRACH,113
Marion,PRECINCT 53,FOR ASSESSOR,,DEM,MARK TRACH,222
Marion,PRECINCT 54,FOR ASSESSOR,,DEM,MARK TRACH,20
Marion,PRECINCT 55,FOR ASSESSOR,,DEM,MARK TRACH,53
Marion,PRECINCT 56,FOR ASSESSOR,,DEM,MARK TRACH,148
Marion,PRECINCT 57,FOR ASSESSOR,,DEM,MARK TRACH,176
Marion,PRECINCT 61,FOR ASSESSOR,,DEM,MARK TRACH,140
Marion,PRECINCT 66,FOR ASSESSOR,,DEM,MARK TRACH,85
Marion,PRECINCT 67,FOR ASSESSOR,,DEM,MARK TRACH,69
Marion,PRECINCT 68,FOR ASSESSOR,,DEM,MARK TRACH,40
Marion,PRECINCT 69,FOR ASSESSOR,,DEM,MARK TRACH,64
Marion,PRECINCT 72,FOR ASSESSOR,,DEM,MARK TRACH,109
Marion,PRECINCT 73,FOR ASSESSOR,,DEM,MARK TRACH,26
Marion,PRECINCT 74,FOR ASSESSOR,,DEM,MARK TRACH,32
Marion,PRECINCT 75,FOR ASSESSOR,,DEM,MARK TRACH,13
Marion,PRECINCT 78,FOR ASSESSOR,,DEM,MARK TRACH,79
Marion,PRECINCT 81,FOR ASSESSOR,,DEM,MARK TRACH,0
Marion,PRECINCT 82,FOR ASSESSOR,,DEM,MARK TRACH,37
Marion,PRECINCT 83,FOR ASSESSOR,,DEM,MARK TRACH,28
Marion,PRECINCT 84,FOR ASSESSOR,,DEM,MARK TRACH,167
Marion,PRECINCT 86,FOR ASSESSOR,,DEM,MARK TRACH,119
Marion,PRECINCT 87,FOR ASSESSOR,,DEM,MARK TRACH,51
Marion,PRECINCT 88,FOR ASSESSOR,,DEM,MARK TRACH,114
Marion,PRECINCT 89,FOR ASSESSOR,,DEM,MARK TRACH,108
Marion,PRECINCT 90,FOR ASSESSOR,,DEM,MARK TRACH,111
Marion,PRECINCT 96,FOR ASSESSOR,,DEM,MARK TRACH,359
Marion,PRECINCT 109,FOR ASSESSOR,,DEM,MARK TRACH,28
Marion,PRECINCT 112,FOR ASSESSOR,,DEM,MARK TRACH,197
Marion,PRECINCT 113,FOR ASSESSOR,,DEM,MARK TRACH,36
Marion,PRECINCT 114,FOR ASSESSOR,,DEM,MARK TRACH,148
Marion,PRECINCT 115,FOR ASSESSOR,,DEM,MARK TRACH,223
Marion,PRECINCT 117,FOR ASSESSOR,,DEM,MARK TRACH,331
Marion,PRECINCT 119,FOR ASSESSOR,,DEM,MARK TRACH,338
Marion,PRECINCT 120,FOR ASSESSOR,,DEM,MARK TRACH,536
Marion,PRECINCT 121,FOR ASSESSOR,,DEM,MARK TRACH,273
Marion,PRECINCT 124,FOR ASSESSOR,,DEM,MARK TRACH,253
Marion,PRECINCT 125,FOR ASSESSOR,,DEM,MARK TRACH,189
Marion,PRECINCT 175,FOR ASSESSOR,,DEM,MARK TRACH,11
Marion,PRECINCT 611,FOR ASSESSOR,,DEM,MARK TRACH,13
Marion,PRECINCT 721,FOR ASSESSOR,,DEM,MARK TRACH,12
Marion,PRECINCT 961,FOR ASSESSOR,,DEM,MARK TRACH,4
Marion,PRECINCT 1,FOR SURVEYOR,,REP,NO CANDIDATE(S) NOMINATED,0
Marion,PRECINCT 2,FOR SURVEYOR,,REP,NO CANDIDATE(S) NOMINATED,0
Marion,PRECINCT 5,FOR SURVEYOR,,REP,NO CANDIDATE(S) NOMINATED,0
Marion,PRECINCT 6,FOR SURVEYOR,,REP,NO CANDIDATE(S) NOMINATED,0
Marion,PRECINCT 20,FOR SURVEYOR,,REP,NO CANDIDATE(S) NOMINATED,0
Marion,PRECINCT 26,FOR SURVEYOR,,REP,NO CANDIDATE(S) NOMINATED,0
Marion,PRECINCT 28,FOR SURVEYOR,,REP,NO CANDIDATE(S) NOMINATED,0
Marion,PRECINCT 29,FOR SURVEYOR,,REP,NO CANDIDATE(S) NOMINATED,0
Marion,PRECINCT 30,FOR SURVEYOR,,REP,NO CANDIDATE(S) NOMINATED,0
Marion,PRECINCT 31,FOR SURVEYOR,,REP,NO CANDIDATE(S) NOMINATED,0
Marion,PRECINCT 33,FOR SURVEYOR,,REP,NO CANDIDATE(S) NOMINATED,0
Marion,PRECINCT 35,FOR SURVEYOR,,REP,NO CANDIDATE(S) NOMINATED,0
Marion,PRECINCT 37,FOR SURVEYOR,,REP,NO CANDIDATE(S) NOMINATED,0
Marion,PRECINCT 38,FOR SURVEYOR,,REP,NO CANDIDATE(S) NOMINATED,0
Marion,PRECINCT 39,FOR SURVEYOR,,REP,NO CANDIDATE(S) NOMINATED,0
Marion,PRECINCT 40,FOR SURVEYOR,,REP,NO CANDIDATE(S) NOMINATED,0
Marion,PRECINCT 41,FOR SURVEYOR,,REP,NO CANDIDATE(S) NOMINATED,0
Marion,PRECINCT 42,FOR SURVEYOR,,REP,NO CANDIDATE(S) NOMINATED,0
Marion,PRECINCT 45,FOR SURVEYOR,,REP,NO CANDIDATE(S) NOMINATED,0
Marion,PRECINCT 46,FOR SURVEYOR,,REP,NO CANDIDATE(S) NOMINATED,0
Marion,PRECINCT 47,FOR SURVEYOR,,REP,NO CANDIDATE(S) NOMINATED,0
Marion,PRECINCT 49,FOR SURVEYOR,,REP,NO CANDIDATE(S) NOMINATED,0
Marion,PRECINCT 50,FOR SURVEYOR,,REP,NO CANDIDATE(S) NOMINATED,0
Marion,PRECINCT 51,FOR SURVEYOR,,REP,NO CANDIDATE(S) NOMINATED,0
Marion,PRECINCT 52,FOR SURVEYOR,,REP,NO CANDIDATE(S) NOMINATED,0
Marion,PRECINCT 53,FOR SURVEYOR,,REP,NO CANDIDATE(S) NOMINATED,0
Marion,PRECINCT 54,FOR SURVEYOR,,REP,NO CANDIDATE(S) NOMINATED,0
Marion,PRECINCT 55,FOR SURVEYOR,,REP,NO CANDIDATE(S) NOMINATED,0
Marion,PRECINCT 56,FOR SURVEYOR,,REP,NO CANDIDATE(S) NOMINATED,0
Marion,PRECINCT 57,FOR SURVEYOR,,REP,NO CANDIDATE(S) NOMINATED,0
Marion,PRECINCT 61,FOR SURVEYOR,,REP,NO CANDIDATE(S) NOMINATED,0
Marion,PRECINCT 66,FOR SURVEYOR,,REP,NO CANDIDATE(S) NOMINATED,0
Marion,PRECINCT 67,FOR SURVEYOR,,REP,NO CANDIDATE(S) NOMINATED,0
Marion,PRECINCT 68,FOR SURVEYOR,,REP,NO CANDIDATE(S) NOMINATED,0
Marion,PRECINCT 69,FOR SURVEYOR,,REP,NO CANDIDATE(S) NOMINATED,0
Marion,PRECINCT 72,FOR SURVEYOR,,REP,NO CANDIDATE(S) NOMINATED,0
Marion,PRECINCT 73,FOR SURVEYOR,,REP,NO CANDIDATE(S) NOMINATED,0
Marion,PRECINCT 74,FOR SURVEYOR,,REP,NO CANDIDATE(S) NOMINATED,0
Marion,PRECINCT 75,FOR SURVEYOR,,REP,NO CANDIDATE(S) NOMINATED,0
Marion,PRECINCT 78,FOR SURVEYOR,,REP,NO CANDIDATE(S) NOMINATED,0
Marion,PRECINCT 81,FOR SURVEYOR,,REP,NO CANDIDATE(S) NOMINATED,0
Marion,PRECINCT 82,FOR SURVEYOR,,REP,NO CANDIDATE(S) NOMINATED,0
Marion,PRECINCT 83,FOR SURVEYOR,,REP,NO CANDIDATE(S) NOMINATED,0
Marion,PRECINCT 84,FOR SURVEYOR,,REP,NO CANDIDATE(S) NOMINATED,0
Marion,PRECINCT 86,FOR SURVEYOR,,REP,NO CANDIDATE(S) NOMINATED,0
Marion,PRECINCT 87,FOR SURVEYOR,,REP,NO CANDIDATE(S) NOMINATED,0
Marion,PRECINCT 88,FOR SURVEYOR,,REP,NO CANDIDATE(S) NOMINATED,0
Marion,PRECINCT 89,FOR SURVEYOR,,REP,NO CANDIDATE(S) NOMINATED,0
Marion,PRECINCT 90,FOR SURVEYOR,,REP,NO CANDIDATE(S) NOMINATED,0
Marion,PRECINCT 96,FOR SURVEYOR,,REP,NO CANDIDATE(S) NOMINATED,0
Marion,PRECINCT 109,FOR SURVEYOR,,REP,NO CANDIDATE(S) NOMINATED,0
Marion,PRECINCT 112,FOR SURVEYOR,,REP,NO CANDIDATE(S) NOMINATED,0
Marion,PRECINCT 113,FOR SURVEYOR,,REP,NO CANDIDATE(S) NOMINATED,0
Marion,PRECINCT 114,FOR SURVEYOR,,REP,NO CANDIDATE(S) NOMINATED,0
Marion,PRECINCT 115,FOR SURVEYOR,,REP,NO CANDIDATE(S) NOMINATED,0
Marion,PRECINCT 117,FOR SURVEYOR,,REP,NO CANDIDATE(S) NOMINATED,0
Marion,PRECINCT 119,FOR SURVEYOR,,REP,NO CANDIDATE(S) NOMINATED,0
Marion,PRECINCT 120,FOR SURVEYOR,,REP,NO CANDIDATE(S) NOMINATED,0
Marion,PRECINCT 121,FOR SURVEYOR,,REP,NO CANDIDATE(S) NOMINATED,0
Marion,PRECINCT 124,FOR SURVEYOR,,REP,NO CANDIDATE(S) NOMINATED,0
Marion,PRECINCT 125,FOR SURVEYOR,,REP,NO CANDIDATE(S) NOMINATED,0
Marion,PRECINCT 175,FOR SURVEYOR,,REP,NO CANDIDATE(S) NOMINATED,0
Marion,PRECINCT 611,FOR SURVEYOR,,REP,NO CANDIDATE(S) NOMINATED,0
Marion,PRECINCT 721,FOR SURVEYOR,,REP,NO CANDIDATE(S) NOMINATED,0
Marion,PRECINCT 961,FOR SURVEYOR,,REP,NO CANDIDATE(S) NOMINATED,0
Marion,PRECINCT 1,FOR SURVEYOR,,DEM,NO CANDIDATE(S) NOMINATED,0
Marion,PRECINCT 2,FOR SURVEYOR,,DEM,NO CANDIDATE(S) NOMINATED,0
Marion,PRECINCT 5,FOR SURVEYOR,,DEM,NO CANDIDATE(S) NOMINATED,0
Marion,PRECINCT 6,FOR SURVEYOR,,DEM,NO CANDIDATE(S) NOMINATED,0
Marion,PRECINCT 20,FOR SURVEYOR,,DEM,NO CANDIDATE(S) NOMINATED,0
Marion,PRECINCT 26,FOR SURVEYOR,,DEM,NO CANDIDATE(S) NOMINATED,0
Marion,PRECINCT 28,FOR SURVEYOR,,DEM,NO CANDIDATE(S) NOMINATED,0
Marion,PRECINCT 29,FOR SURVEYOR,,DEM,NO CANDIDATE(S) NOMINATED,0
Marion,PRECINCT 30,FOR SURVEYOR,,DEM,NO CANDIDATE(S) NOMINATED,0
Marion,PRECINCT 31,FOR SURVEYOR,,DEM,NO CANDIDATE(S) NOMINATED,0
Marion,PRECINCT 33,FOR SURVEYOR,,DEM,NO CANDIDATE(S) NOMINATED,0
Marion,PRECINCT 35,FOR SURVEYOR,,DEM,NO CANDIDATE(S) NOMINATED,0
Marion,PRECINCT 37,FOR SURVEYOR,,DEM,NO CANDIDATE(S) NOMINATED,0
Marion,PRECINCT 38,FOR SURVEYOR,,DEM,NO CANDIDATE(S) NOMINATED,0
Marion,PRECINCT 39,FOR SURVEYOR,,DEM,NO CANDIDATE(S) NOMINATED,0
Marion,PRECINCT 40,FOR SURVEYOR,,DEM,NO CANDIDATE(S) NOMINATED,0
Marion,PRECINCT 41,FOR SURVEYOR,,DEM,NO CANDIDATE(S) NOMINATED,0
Marion,PRECINCT 42,FOR SURVEYOR,,DEM,NO CANDIDATE(S) NOMINATED,0
Marion,PRECINCT 45,FOR SURVEYOR,,DEM,NO CANDIDATE(S) NOMINATED,0
Marion,PRECINCT 46,FOR SURVEYOR,,DEM,NO CANDIDATE(S) NOMINATED,0
Marion,PRECINCT 47,FOR SURVEYOR,,DEM,NO CANDIDATE(S) NOMINATED,0
Marion,PRECINCT 49,FOR SURVEYOR,,DEM,NO CANDIDATE(S) NOMINATED,0
Marion,PRECINCT 50,FOR SURVEYOR,,DEM,NO CANDIDATE(S) NOMINATED,0
Marion,PRECINCT 51,FOR SURVEYOR,,DEM,NO CANDIDATE(S) NOMINATED,0
Marion,PRECINCT 52,FOR SURVEYOR,,DEM,NO CANDIDATE(S) NOMINATED,0
Marion,PRECINCT 53,FOR SURVEYOR,,DEM,NO CANDIDATE(S) NOMINATED,0
Marion,PRECINCT 54,FOR SURVEYOR,,DEM,NO CANDIDATE(S) NOMINATED,0
Marion,PRECINCT 55,FOR SURVEYOR,,DEM,NO CANDIDATE(S) NOMINATED,0
Marion,PRECINCT 56,FOR SURVEYOR,,DEM,NO CANDIDATE(S) NOMINATED,0
Marion,PRECINCT 57,FOR SURVEYOR,,DEM,NO CANDIDATE(S) NOMINATED,0
Marion,PRECINCT 61,FOR SURVEYOR,,DEM,NO CANDIDATE(S) NOMINATED,0
Marion,PRECINCT 66,FOR SURVEYOR,,DEM,NO CANDIDATE(S) NOMINATED,0
Marion,PRECINCT 67,FOR SURVEYOR,,DEM,NO CANDIDATE(S) NOMINATED,0
Marion,PRECINCT 68,FOR SURVEYOR,,DEM,NO CANDIDATE(S) NOMINATED,0
Marion,PRECINCT 69,FOR SURVEYOR,,DEM,NO CANDIDATE(S) NOMINATED,0
Marion,PRECINCT 72,FOR SURVEYOR,,DEM,NO CANDIDATE(S) NOMINATED,0
Marion,PRECINCT 73,FOR SURVEYOR,,DEM,NO CANDIDATE(S) NOMINATED,0
Marion,PRECINCT 74,FOR SURVEYOR,,DEM,NO CANDIDATE(S) NOMINATED,0
Marion,PRECINCT 75,FOR SURVEYOR,,DEM,NO CANDIDATE(S) NOMINATED,0
Marion,PRECINCT 78,FOR SURVEYOR,,DEM,NO CANDIDATE(S) NOMINATED,0
Marion,PRECINCT 81,FOR SURVEYOR,,DEM,NO CANDIDATE(S) NOMINATED,0
Marion,PRECINCT 82,FOR SURVEYOR,,DEM,NO CANDIDATE(S) NOMINATED,0
Marion,PRECINCT 83,FOR SURVEYOR,,DEM,NO CANDIDATE(S) NOMINATED,0
Marion,PRECINCT 84,FOR SURVEYOR,,DEM,NO CANDIDATE(S) NOMINATED,0
Marion,PRECINCT 86,FOR SURVEYOR,,DEM,NO CANDIDATE(S) NOMINATED,0
Marion,PRECINCT 87,FOR SURVEYOR,,DEM,NO CANDIDATE(S) NOMINATED,0
Marion,PRECINCT 88,FOR SURVEYOR,,DEM,NO CANDIDATE(S) NOMINATED,0
Marion,PRECINCT 89,FOR SURVEYOR,,DEM,NO CANDIDATE(S) NOMINATED,0
Marion,PRECINCT 90,FOR SURVEYOR,,DEM,NO CANDIDATE(S) NOMINATED,0
Marion,PRECINCT 96,FOR SURVEYOR,,DEM,NO CANDIDATE(S) NOMINATED,0
Marion,PRECINCT 109,FOR SURVEYOR,,DEM,NO CANDIDATE(S) NOMINATED,0
Marion,PRECINCT 112,FOR SURVEYOR,,DEM,NO CANDIDATE(S) NOMINATED,0
Marion,PRECINCT 113,FOR SURVEYOR,,DEM,NO CANDIDATE(S) NOMINATED,0
Marion,PRECINCT 114,FOR SURVEYOR,,DEM,NO CANDIDATE(S) NOMINATED,0
Marion,PRECINCT 115,FOR SURVEYOR,,DEM,NO CANDIDATE(S) NOMINATED,0
Marion,PRECINCT 117,FOR SURVEYOR,,DEM,NO CANDIDATE(S) NOMINATED,0
Marion,PRECINCT 119,FOR SURVEYOR,,DEM,NO CANDIDATE(S) NOMINATED,0
Marion,PRECINCT 120,FOR SURVEYOR,,DEM,NO CANDIDATE(S) NOMINATED,0
Marion,PRECINCT 121,FOR SURVEYOR,,DEM,NO CANDIDATE(S) NOMINATED,0
Marion,PRECINCT 124,FOR SURVEYOR,,DEM,NO CANDIDATE(S) NOMINATED,0
Marion,PRECINCT 125,FOR SURVEYOR,,DEM,NO CANDIDATE(S) NOMINATED,0
Marion,PRECINCT 175,FOR SURVEYOR,,DEM,NO CANDIDATE(S) NOMINATED,0
Marion,PRECINCT 611,FOR SURVEYOR,,DEM,NO CANDIDATE(S) NOMINATED,0
Marion,PRECINCT 721,FOR SURVEYOR,,DEM,NO CANDIDATE(S) NOMINATED,0
Marion,PRECINCT 961,FOR SURVEYOR,,DEM,NO CANDIDATE(S) NOMINATED,0
Marion,PRECINCT 1,FOR SURVEYOR,,LBN,NO CANDIDATE(S) NOMINATED,0
Marion,PRECINCT 2,FOR SURVEYOR,,LBN,NO CANDIDATE(S) NOMINATED,0
Marion,PRECINCT 5,FOR SURVEYOR,,LBN,NO CANDIDATE(S) NOMINATED,0
Marion,PRECINCT 6,FOR SURVEYOR,,LBN,NO CANDIDATE(S) NOMINATED,0
Marion,PRECINCT 20,FOR SURVEYOR,,LBN,NO CANDIDATE(S) NOMINATED,0
Marion,PRECINCT 26,FOR SURVEYOR,,LBN,NO CANDIDATE(S) NOMINATED,0
Marion,PRECINCT 28,FOR SURVEYOR,,LBN,NO CANDIDATE(S) NOMINATED,0
Marion,PRECINCT 29,FOR SURVEYOR,,LBN,NO CANDIDATE(S) NOMINATED,0
Marion,PRECINCT 30,FOR SURVEYOR,,LBN,NO CANDIDATE(S) NOMINATED,0
Marion,PRECINCT 31,FOR SURVEYOR,,LBN,NO CANDIDATE(S) NOMINATED,0
Marion,PRECINCT 33,FOR SURVEYOR,,LBN,NO CANDIDATE(S) NOMINATED,0
Marion,PRECINCT 35,FOR SURVEYOR,,LBN,NO CANDIDATE(S) NOMINATED,0
Marion,PRECINCT 37,FOR SURVEYOR,,LBN,NO CANDIDATE(S) NOMINATED,0
Marion,PRECINCT 38,FOR SURVEYOR,,LBN,NO CANDIDATE(S) NOMINATED,0
Marion,PRECINCT 39,FOR SURVEYOR,,LBN,NO CANDIDATE(S) NOMINATED,0
Marion,PRECINCT 40,FOR SURVEYOR,,LBN,NO CANDIDATE(S) NOMINATED,0
Marion,PRECINCT 41,FOR SURVEYOR,,LBN,NO CANDIDATE(S) NOMINATED,0
Marion,PRECINCT 42,FOR SURVEYOR,,LBN,NO CANDIDATE(S) NOMINATED,0
Marion,PRECINCT 45,FOR SURVEYOR,,LBN,NO CANDIDATE(S) NOMINATED,0
Marion,PRECINCT 46,FOR SURVEYOR,,LBN,NO CANDIDATE(S) NOMINATED,0
Marion,PRECINCT 47,FOR SURVEYOR,,LBN,NO CANDIDATE(S) NOMINATED,0
Marion,PRECINCT 49,FOR SURVEYOR,,LBN,NO CANDIDATE(S) NOMINATED,0
Marion,PRECINCT 50,FOR SURVEYOR,,LBN,NO CANDIDATE(S) NOMINATED,0
Marion,PRECINCT 51,FOR SURVEYOR,,LBN,NO CANDIDATE(S) NOMINATED,0
Marion,PRECINCT 52,FOR SURVEYOR,,LBN,NO CANDIDATE(S) NOMINATED,0
Marion,PRECINCT 53,FOR SURVEYOR,,LBN,NO CANDIDATE(S) NOMINATED,0
Marion,PRECINCT 54,FOR SURVEYOR,,LBN,NO CANDIDATE(S) NOMINATED,0
Marion,PRECINCT 55,FOR SURVEYOR,,LBN,NO CANDIDATE(S) NOMINATED,0
Marion,PRECINCT 56,FOR SURVEYOR,,LBN,NO CANDIDATE(S) NOMINATED,0
Marion,PRECINCT 57,FOR SURVEYOR,,LBN,NO CANDIDATE(S) NOMINATED,0
Marion,PRECINCT 61,FOR SURVEYOR,,LBN,NO CANDIDATE(S) NOMINATED,0
Marion,PRECINCT 66,FOR SURVEYOR,,LBN,NO CANDIDATE(S) NOMINATED,0
Marion,PRECINCT 67,FOR SURVEYOR,,LBN,NO CANDIDATE(S) NOMINATED,0
Marion,PRECINCT 68,FOR SURVEYOR,,LBN,NO CANDIDATE(S) NOMINATED,0
Marion,PRECINCT 69,FOR SURVEYOR,,LBN,NO CANDIDATE(S) NOMINATED,0
Marion,PRECINCT 72,FOR SURVEYOR,,LBN,NO CANDIDATE(S) NOMINATED,0
Marion,PRECINCT 73,FOR SURVEYOR,,LBN,NO CANDIDATE(S) NOMINATED,0
Marion,PRECINCT 74,FOR SURVEYOR,,LBN,NO CANDIDATE(S) NOMINATED,0
Marion,PRECINCT 75,FOR SURVEYOR,,LBN,NO CANDIDATE(S) NOMINATED,0
Marion,PRECINCT 78,FOR SURVEYOR,,LBN,NO CANDIDATE(S) NOMINATED,0
Marion,PRECINCT 81,FOR SURVEYOR,,LBN,NO CANDIDATE(S) NOMINATED,0
Marion,PRECINCT 82,FOR SURVEYOR,,LBN,NO CANDIDATE(S) NOMINATED,0
Marion,PRECINCT 83,FOR SURVEYOR,,LBN,NO CANDIDATE(S) NOMINATED,0
Marion,PRECINCT 84,FOR SURVEYOR,,LBN,NO CANDIDATE(S) NOMINATED,0
Marion,PRECINCT 86,FOR SURVEYOR,,LBN,NO CANDIDATE(S) NOMINATED,0
Marion,PRECINCT 87,FOR SURVEYOR,,LBN,NO CANDIDATE(S) NOMINATED,0
Marion,PRECINCT 88,FOR SURVEYOR,,LBN,NO CANDIDATE(S) NOMINATED,0
Marion,PRECINCT 89,FOR SURVEYOR,,LBN,NO CANDIDATE(S) NOMINATED,0
Marion,PRECINCT 90,FOR SURVEYOR,,LBN,NO CANDIDATE(S) NOMINATED,0
Marion,PRECINCT 96,FOR SURVEYOR,,LBN,NO CANDIDATE(S) NOMINATED,0
Marion,PRECINCT 109,FOR SURVEYOR,,LBN,NO CANDIDATE(S) NOMINATED,0
Marion,PRECINCT 112,FOR SURVEYOR,,LBN,NO CANDIDATE(S) NOMINATED,0
Marion,PRECINCT 113,FOR SURVEYOR,,LBN,NO CANDIDATE(S) NOMINATED,0
Marion,PRECINCT 114,FOR SURVEYOR,,LBN,NO CANDIDATE(S) NOMINATED,0
Marion,PRECINCT 115,FOR SURVEYOR,,LBN,NO CANDIDATE(S) NOMINATED,0
Marion,PRECINCT 117,FOR SURVEYOR,,LBN,NO CANDIDATE(S) NOMINATED,0
Marion,PRECINCT 119,FOR SURVEYOR,,LBN,NO CANDIDATE(S) NOMINATED,0
Marion,PRECINCT 120,FOR SURVEYOR,,LBN,NO CANDIDATE(S) NOMINATED,0
Marion,PRECINCT 121,FOR SURVEYOR,,LBN,NO CANDIDATE(S) NOMINATED,0
Marion,PRECINCT 124,FOR SURVEYOR,,LBN,NO CANDIDATE(S) NOMINATED,0
Marion,PRECINCT 125,FOR SURVEYOR,,LBN,NO CANDIDATE(S) NOMINATED,0
Marion,PRECINCT 175,FOR SURVEYOR,,LBN,NO CANDIDATE(S) NOMINATED,0
Marion,PRECINCT 611,FOR SURVEYOR,,LBN,NO CANDIDATE(S) NOMINATED,0
Marion,PRECINCT 721,FOR SURVEYOR,,LBN,NO CANDIDATE(S) NOMINATED,0
Marion,PRECINCT 961,FOR SURVEYOR,,LBN,NO CANDIDATE(S) NOMINATED,0
Marion,PRECINCT 1,FOR SURVEYOR,,MTN,NO CANDIDATE(S) NOMINATED,0
Marion,PRECINCT 2,FOR SURVEYOR,,MTN,NO CANDIDATE(S) NOMINATED,0
Marion,PRECINCT 5,FOR SURVEYOR,,MTN,NO CANDIDATE(S) NOMINATED,0
Marion,PRECINCT 6,FOR SURVEYOR,,MTN,NO CANDIDATE(S) NOMINATED,0
Marion,PRECINCT 20,FOR SURVEYOR,,MTN,NO CANDIDATE(S) NOMINATED,0
Marion,PRECINCT 26,FOR SURVEYOR,,MTN,NO CANDIDATE(S) NOMINATED,0
Marion,PRECINCT 28,FOR SURVEYOR,,MTN,NO CANDIDATE(S) NOMINATED,0
Marion,PRECINCT 29,FOR SURVEYOR,,MTN,NO CANDIDATE(S) NOMINATED,0
Marion,PRECINCT 30,FOR SURVEYOR,,MTN,NO CANDIDATE(S) NOMINATED,0
Marion,PRECINCT 31,FOR SURVEYOR,,MTN,NO CANDIDATE(S) NOMINATED,0
Marion,PRECINCT 33,FOR SURVEYOR,,MTN,NO CANDIDATE(S) NOMINATED,0
Marion,PRECINCT 35,FOR SURVEYOR,,MTN,NO CANDIDATE(S) NOMINATED,0
Marion,PRECINCT 37,FOR SURVEYOR,,MTN,NO CANDIDATE(S) NOMINATED,0
Marion,PRECINCT 38,FOR SURVEYOR,,MTN,NO CANDIDATE(S) NOMINATED,0
Marion,PRECINCT 39,FOR SURVEYOR,,MTN,NO CANDIDATE(S) NOMINATED,0
Marion,PRECINCT 40,FOR SURVEYOR,,MTN,NO CANDIDATE(S) NOMINATED,0
Marion,PRECINCT 41,FOR SURVEYOR,,MTN,NO CANDIDATE(S) NOMINATED,0
Marion,PRECINCT 42,FOR SURVEYOR,,MTN,NO CANDIDATE(S) NOMINATED,0
Marion,PRECINCT 45,FOR SURVEYOR,,MTN,NO CANDIDATE(S) NOMINATED,0
Marion,PRECINCT 46,FOR SURVEYOR,,MTN,NO CANDIDATE(S) NOMINATED,0
Marion,PRECINCT 47,FOR SURVEYOR,,MTN,NO CANDIDATE(S) NOMINATED,0
Marion,PRECINCT 49,FOR SURVEYOR,,MTN,NO CANDIDATE(S) NOMINATED,0
Marion,PRECINCT 50,FOR SURVEYOR,,MTN,NO CANDIDATE(S) NOMINATED,0
Marion,PRECINCT 51,FOR SURVEYOR,,MTN,NO CANDIDATE(S) NOMINATED,0
Marion,PRECINCT 52,FOR SURVEYOR,,MTN,NO CANDIDATE(S) NOMINATED,0
Marion,PRECINCT 53,FOR SURVEYOR,,MTN,NO CANDIDATE(S) NOMINATED,0
Marion,PRECINCT 54,FOR SURVEYOR,,MTN,NO CANDIDATE(S) NOMINATED,0
Marion,PRECINCT 55,FOR SURVEYOR,,MTN,NO CANDIDATE(S) NOMINATED,0
Marion,PRECINCT 56,FOR SURVEYOR,,MTN,NO CANDIDATE(S) NOMINATED,0
Marion,PRECINCT 57,FOR SURVEYOR,,MTN,NO CANDIDATE(S) NOMINATED,0
Marion,PRECINCT 61,FOR SURVEYOR,,MTN,NO CANDIDATE(S) NOMINATED,0
Marion,PRECINCT 66,FOR SURVEYOR,,MTN,NO CANDIDATE(S) NOMINATED,0
Marion,PRECINCT 67,FOR SURVEYOR,,MTN,NO CANDIDATE(S) NOMINATED,0
Marion,PRECINCT 68,FOR SURVEYOR,,MTN,NO CANDIDATE(S) NOMINATED,0
Marion,PRECINCT 69,FOR SURVEYOR,,MTN,NO CANDIDATE(S) NOMINATED,0
Marion,PRECINCT 72,FOR SURVEYOR,,MTN,NO CANDIDATE(S) NOMINATED,0
Marion,PRECINCT 73,FOR SURVEYOR,,MTN,NO CANDIDATE(S) NOMINATED,0
Marion,PRECINCT 74,FOR SURVEYOR,,MTN,NO CANDIDATE(S) NOMINATED,0
Marion,PRECINCT 75,FOR SURVEYOR,,MTN,NO CANDIDATE(S) NOMINATED,0
Marion,PRECINCT 78,FOR SURVEYOR,,MTN,NO CANDIDATE(S) NOMINATED,0
Marion,PRECINCT 81,FOR SURVEYOR,,MTN,NO CANDIDATE(S) NOMINATED,0
Marion,PRECINCT 82,FOR SURVEYOR,,MTN,NO CANDIDATE(S) NOMINATED,0
Marion,PRECINCT 83,FOR SURVEYOR,,MTN,NO CANDIDATE(S) NOMINATED,0
Marion,PRECINCT 84,FOR SURVEYOR,,MTN,NO CANDIDATE(S) NOMINATED,0
Marion,PRECINCT 86,FOR SURVEYOR,,MTN,NO CANDIDATE(S) NOMINATED,0
Marion,PRECINCT 87,FOR SURVEYOR,,MTN,NO CANDIDATE(S) NOMINATED,0
Marion,PRECINCT 88,FOR SURVEYOR,,MTN,NO CANDIDATE(S) NOMINATED,0
Marion,PRECINCT 89,FOR SURVEYOR,,MTN,NO CANDIDATE(S) NOMINATED,0
Marion,PRECINCT 90,FOR SURVEYOR,,MTN,NO CANDIDATE(S) NOMINATED,0
Marion,PRECINCT 96,FOR SURVEYOR,,MTN,NO CANDIDATE(S) NOMINATED,0
Marion,PRECINCT 109,FOR SURVEYOR,,MTN,NO CANDIDATE(S) NOMINATED,0
Marion,PRECINCT 112,FOR SURVEYOR,,MTN,NO CANDIDATE(S) NOMINATED,0
Marion,PRECINCT 113,FOR SURVEYOR,,MTN,NO CANDIDATE(S) NOMINATED,0
Marion,PRECINCT 114,FOR SURVEYOR,,MTN,NO CANDIDATE(S) NOMINATED,0
Marion,PRECINCT 115,FOR SURVEYOR,,MTN,NO CANDIDATE(S) NOMINATED,0
Marion,PRECINCT 117,FOR SURVEYOR,,MTN,NO CANDIDATE(S) NOMINATED,0
Marion,PRECINCT 119,FOR SURVEYOR,,MTN,NO CANDIDATE(S) NOMINATED,0
Marion,PRECINCT 120,FOR SURVEYOR,,MTN,NO CANDIDATE(S) NOMINATED,0
Marion,PRECINCT 121,FOR SURVEYOR,,MTN,NO CANDIDATE(S) NOMINATED,0
Marion,PRECINCT 124,FOR SURVEYOR,,MTN,NO CANDIDATE(S) NOMINATED,0
Marion,PRECINCT 125,FOR SURVEYOR,,MTN,NO CANDIDATE(S) NOMINATED,0
Marion,PRECINCT 175,FOR SURVEYOR,,MTN,NO CANDIDATE(S) NOMINATED,0
Marion,PRECINCT 611,FOR SURVEYOR,,MTN,NO CANDIDATE(S) NOMINATED,0
Marion,PRECINCT 721,FOR SURVEYOR,,MTN,NO CANDIDATE(S) NOMINATED,0
Marion,PRECINCT 961,FOR SURVEYOR,,MTN,NO CANDIDATE(S) NOMINATED,0
Marion,PRECINCT 1,Amendment No.1: Protection of Persons Against Medically Assisted Suicide,,,FOR,96
Marion,PRECINCT 2,Amendment No.1: Protection of Persons Against Medically Assisted Suicide,,,FOR,271
Marion,PRECINCT 5,Amendment No.1: Protection of Persons Against Medically Assisted Suicide,,,FOR,267
Marion,PRECINCT 6,Amendment No.1: Protection of Persons Against Medically Assisted Suicide,,,FOR,13
Marion,PRECINCT 20,Amendment No.1: Protection of Persons Against Medically Assisted Suicide,,,FOR,285
Marion,PRECINCT 26,Amendment No.1: Protection of Persons Against Medically Assisted Suicide,,,FOR,50
Marion,PRECINCT 28,Amendment No.1: Protection of Persons Against Medically Assisted Suicide,,,FOR,271
Marion,PRECINCT 29,Amendment No.1: Protection of Persons Against Medically Assisted Suicide,,,FOR,205
Marion,PRECINCT 30,Amendment No.1: Protection of Persons Against Medically Assisted Suicide,,,FOR,682
Marion,PRECINCT 31,Amendment No.1: Protection of Persons Against Medically Assisted Suicide,,,FOR,291
Marion,PRECINCT 33,Amendment No.1: Protection of Persons Against Medically Assisted Suicide,,,FOR,74
Marion,PRECINCT 35,Amendment No.1: Protection of Persons Against Medically Assisted Suicide,,,FOR,117
Marion,PRECINCT 37,Amendment No.1: Protection of Persons Against Medically Assisted Suicide,,,FOR,127
Marion,PRECINCT 38,Amendment No.1: Protection of Persons Against Medically Assisted Suicide,,,FOR,290
Marion,PRECINCT 39,Amendment No.1: Protection of Persons Against Medically Assisted Suicide,,,FOR,265
Marion,PRECINCT 40,Amendment No.1: Protection of Persons Against Medically Assisted Suicide,,,FOR,233
Marion,PRECINCT 41,Amendment No.1: Protection of Persons Against Medically Assisted Suicide,,,FOR,109
Marion,PRECINCT 42,Amendment No.1: Protection of Persons Against Medically Assisted Suicide,,,FOR,162
Marion,PRECINCT 45,Amendment No.1: Protection of Persons Against Medically Assisted Suicide,,,FOR,543
Marion,PRECINCT 46,Amendment No.1: Protection of Persons Against Medically Assisted Suicide,,,FOR,46
Marion,PRECINCT 47,Amendment No.1: Protection of Persons Against Medically Assisted Suicide,,,FOR,232
Marion,PRECINCT 49,Amendment No.1: Protection of Persons Against Medically Assisted Suicide,,,FOR,46
Marion,PRECINCT 50,Amendment No.1: Protection of Persons Against Medically Assisted Suicide,,,FOR,196
Marion,PRECINCT 51,Amendment No.1: Protection of Persons Against Medically Assisted Suicide,,,FOR,26
Marion,PRECINCT 52,Amendment No.1: Protection of Persons Against Medically Assisted Suicide,,,FOR,100
Marion,PRECINCT 53,Amendment No.1: Protection of Persons Against Medically Assisted Suicide,,,FOR,259
Marion,PRECINCT 54,Amendment No.1: Protection of Persons Against Medically Assisted Suicide,,,FOR,22
Marion,PRECINCT 55,Amendment No.1: Protection of Persons Against Medically Assisted Suicide,,,FOR,75
Marion,PRECINCT 56,Amendment No.1: Protection of Persons Against Medically Assisted Suicide,,,FOR,218
Marion,PRECINCT 57,Amendment No.1: Protection of Persons Against Medically Assisted Suicide,,,FOR,207
Marion,PRECINCT 61,Amendment No.1: Protection of Persons Against Medically Assisted Suicide,,,FOR,223
Marion,PRECINCT 66,Amendment No.1: Protection of Persons Against Medically Assisted Suicide,,,FOR,119
Marion,PRECINCT 67,Amendment No.1: Protection of Persons Against Medically Assisted Suicide,,,FOR,115
Marion,PRECINCT 68,Amendment No.1: Protection of Persons Against Medically Assisted Suicide,,,FOR,56
Marion,PRECINCT 69,Amendment No.1: Protection of Persons Against Medically Assisted Suicide,,,FOR,99
Marion,PRECINCT 72,Amendment No.1: Protection of Persons Against Medically Assisted Suicide,,,FOR,226
Marion,PRECINCT 73,Amendment No.1: Protection of Persons Against Medically Assisted Suicide,,,FOR,39
Marion,PRECINCT 74,Amendment No.1: Protection of Persons Against Medically Assisted Suicide,,,FOR,60
Marion,PRECINCT 75,Amendment No.1: Protection of Persons Against Medically Assisted Suicide,,,FOR,39
Marion,PRECINCT 78,Amendment No.1: Protection of Persons Against Medically Assisted Suicide,,,FOR,130
Marion,PRECINCT 81,Amendment No.1: Protection of Persons Against Medically Assisted Suicide,,,FOR,2
Marion,PRECINCT 82,Amendment No.1: Protection of Persons Against Medically Assisted Suicide,,,FOR,60
Marion,PRECINCT 83,Amendment No.1: Protection of Persons Against Medically Assisted Suicide,,,FOR,36
Marion,PRECINCT 84,Amendment No.1: Protection of Persons Against Medically Assisted Suicide,,,FOR,203
Marion,PRECINCT 86,Amendment No.1: Protection of Persons Against Medically Assisted Suicide,,,FOR,121
Marion,PRECINCT 87,Amendment No.1: Protection of Persons Against Medically Assisted Suicide,,,FOR,69
Marion,PRECINCT 88,Amendment No.1: Protection of Persons Against Medically Assisted Suicide,,,FOR,158
Marion,PRECINCT 89,Amendment No.1: Protection of Persons Against Medically Assisted Suicide,,,FOR,173
Marion,PRECINCT 90,Amendment No.1: Protection of Persons Against Medically Assisted Suicide,,,FOR,138
Marion,PRECINCT 96,Amendment No.1: Protection of Persons Against Medically Assisted Suicide,,,FOR,316
Marion,PRECINCT 109,Amendment No.1: Protection of Persons Against Medically Assisted Suicide,,,FOR,33
Marion,PRECINCT 112,Amendment No.1: Protection of Persons Against Medically Assisted Suicide,,,FOR,305
Marion,PRECINCT 113,Amendment No.1: Protection of Persons Against Medically Assisted Suicide,,,FOR,57
Marion,PRECINCT 114,Amendment No.1: Protection of Persons Against Medically Assisted Suicide,,,FOR,186
Marion,PRECINCT 115,Amendment No.1: Protection of Persons Against Medically Assisted Suicide,,,FOR,360
Marion,PRECINCT 117,Amendment No.1: Protection of Persons Against Medically Assisted Suicide,,,FOR,347
Marion,PRECINCT 119,Amendment No.1: Protection of Persons Against Medically Assisted Suicide,,,FOR,327
Marion,PRECINCT 120,Amendment No.1: Protection of Persons Against Medically Assisted Suicide,,,FOR,510
Marion,PRECINCT 121,Amendment No.1: Protection of Persons Against Medically Assisted Suicide,,,FOR,386
Marion,PRECINCT 124,Amendment No.1: Protection of Persons Against Medically Assisted Suicide,,,FOR,359
Marion,PRECINCT 125,Amendment No.1: Protection of Persons Against Medically Assisted Suicide,,,FOR,272
Marion,PRECINCT 175,Amendment No.1: Protection of Persons Against Medically Assisted Suicide,,,FOR,9
Marion,PRECINCT 611,Amendment No.1: Protection of Persons Against Medically Assisted Suicide,,,FOR,28
Marion,PRECINCT 721,Amendment No.1: Protection of Persons Against Medically Assisted Suicide,,,FOR,7
Marion,PRECINCT 961,Amendment No.1: Protection of Persons Against Medically Assisted Suicide,,,FOR,16
Marion,PRECINCT 1,Amendment No.1: Protection of Persons Against Medically Assisted Suicide,,,AGAINST,126
Marion,PRECINCT 2,Amendment No.1: Protection of Persons Against Medically Assisted Suicide,,,AGAINST,240
Marion,PRECINCT 5,Amendment No.1: Protection of Persons Against Medically Assisted Suicide,,,AGAINST,289
Marion,PRECINCT 6,Amendment No.1: Protection of Persons Against Medically Assisted Suicide,,,AGAINST,14
Marion,PRECINCT 20,Amendment No.1: Protection of Persons Against Medically Assisted Suicide,,,AGAINST,393
Marion,PRECINCT 26,Amendment No.1: Protection of Persons Against Medically Assisted Suicide,,,AGAINST,48
Marion,PRECINCT 28,Amendment No.1: Protection of Persons Against Medically Assisted Suicide,,,AGAINST,297
Marion,PRECINCT 29,Amendment No.1: Protection of Persons Against Medically Assisted Suicide,,,AGAINST,152
Marion,PRECINCT 30,Amendment No.1: Protection of Persons Against Medically Assisted Suicide,,,AGAINST,946
Marion,PRECINCT 31,Amendment No.1: Protection of Persons Against Medically Assisted Suicide,,,AGAINST,319
Marion,PRECINCT 33,Amendment No.1: Protection of Persons Against Medically Assisted Suicide,,,AGAINST,81
Marion,PRECINCT 35,Amendment No.1: Protection of Persons Against Medically Assisted Suicide,,,AGAINST,134
Marion,PRECINCT 37,Amendment No.1: Protection of Persons Against Medically Assisted Suicide,,,AGAINST,153
Marion,PRECINCT 38,Amendment No.1: Protection of Persons Against Medically Assisted Suicide,,,AGAINST,279
Marion,PRECINCT 39,Amendment No.1: Protection of Persons Against Medically Assisted Suicide,,,AGAINST,305
Marion,PRECINCT 40,Amendment No.1: Protection of Persons Against Medically Assisted Suicide,,,AGAINST,291
Marion,PRECINCT 41,Amendment No.1: Protection of Persons Against Medically Assisted Suicide,,,AGAINST,117
Marion,PRECINCT 42,Amendment No.1: Protection of Persons Against Medically Assisted Suicide,,,AGAINST,219
Marion,PRECINCT 45,Amendment No.1: Protection of Persons Against Medically Assisted Suicide,,,AGAINST,640
Marion,PRECINCT 46,Amendment No.1: Protection of Persons Against Medically Assisted Suicide,,,AGAINST,52
Marion,PRECINCT 47,Amendment No.1: Protection of Persons Against Medically Assisted Suicide,,,AGAINST,204
Marion,PRECINCT 49,Amendment No.1: Protection of Persons Against Medically Assisted Suicide,,,AGAINST,53
Marion,PRECINCT 50,Amendment No.1: Protection of Persons Against Medically Assisted Suicide,,,AGAINST,171
Marion,PRECINCT 51,Amendment No.1: Protection of Persons Against Medically Assisted Suicide,,,AGAINST,27
Marion,PRECINCT 52,Amendment No.1: Protection of Persons Against Medically Assisted Suicide,,,AGAINST,110
Marion,PRECINCT 53,Amendment No.1: Protection of Persons Against Medically Assisted Suicide,,,AGAINST,289
Marion,PRECINCT 54,Amendment No.1: Protection of Persons Against Medically Assisted Suicide,,,AGAINST,49
Marion,PRECINCT 55,Amendment No.1: Protection of Persons Against Medically Assisted Suicide,,,AGAINST,71
Marion,PRECINCT 56,Amendment No.1: Protection of Persons Against Medically Assisted Suicide,,,AGAINST,219
Marion,PRECINCT 57,Amendment No.1: Protection of Persons Against Medically Assisted Suicide,,,AGAINST,203
Marion,PRECINCT 61,Amendment No.1: Protection of Persons Against Medically Assisted Suicide,,,AGAINST,170
Marion,PRECINCT 66,Amendment No.1: Protection of Persons Against Medically Assisted Suicide,,,AGAINST,106
Marion,PRECINCT 67,Amendment No.1: Protection of Persons Against Medically Assisted Suicide,,,AGAINST,107
Marion,PRECINCT 68,Amendment No.1: Protection of Persons Against Medically Assisted Suicide,,,AGAINST,55
Marion,PRECINCT 69,Amendment No.1: Protection of Persons Against Medically Assisted Suicide,,,AGAINST,82
Marion,PRECINCT 72,Amendment No.1: Protection of Persons Against Medically Assisted Suicide,,,AGAINST,188
Marion,PRECINCT 73,Amendment No.1: Protection of Persons Against Medically Assisted Suicide,,,AGAINST,34
Marion,PRECINCT 74,Amendment No.1: Protection of Persons Against Medically Assisted Suicide,,,AGAINST,74
Marion,PRECINCT 75,Amendment No.1: Protection of Persons Against Medically Assisted Suicide,,,AGAINST,16
Marion,PRECINCT 78,Amendment No.1: Protection of Persons Against Medically Assisted Suicide,,,AGAINST,111
Marion,PRECINCT 81,Amendment No.1: Protection of Persons Against Medically Assisted Suicide,,,AGAINST,2
Marion,PRECINCT 82,Amendment No.1: Protection of Persons Against Medically Assisted Suicide,,,AGAINST,60
Marion,PRECINCT 83,Amendment No.1: Protection of Persons Against Medically Assisted Suicide,,,AGAINST,49
Marion,PRECINCT 84,Amendment No.1: Protection of Persons Against Medically Assisted Suicide,,,AGAINST,211
Marion,PRECINCT 86,Amendment No.1: Protection of Persons Against Medically Assisted Suicide,,,AGAINST,114
Marion,PRECINCT 87,Amendment No.1: Protection of Persons Against Medically Assisted Suicide,,,AGAINST,58
Marion,PRECINCT 88,Amendment No.1: Protection of Persons Against Medically Assisted Suicide,,,AGAINST,152
Marion,PRECINCT 89,Amendment No.1: Protection of Persons Against Medically Assisted Suicide,,,AGAINST,140
Marion,PRECINCT 90,Amendment No.1: Protection of Persons Against Medically Assisted Suicide,,,AGAINST,178
Marion,PRECINCT 96,Amendment No.1: Protection of Persons Against Medically Assisted Suicide,,,AGAINST,442
Marion,PRECINCT 109,Amendment No.1: Protection of Persons Against Medically Assisted Suicide,,,AGAINST,31
Marion,PRECINCT 112,Amendment No.1: Protection of Persons Against Medically Assisted Suicide,,,AGAINST,292
Marion,PRECINCT 113,Amendment No.1: Protection of Persons Against Medically Assisted Suicide,,,AGAINST,69
Marion,PRECINCT 114,Amendment No.1: Protection of Persons Against Medically Assisted Suicide,,,AGAINST,196
Marion,PRECINCT 115,Amendment No.1: Protection of Persons Against Medically Assisted Suicide,,,AGAINST,342
Marion,PRECINCT 117,Amendment No.1: Protection of Persons Against Medically Assisted Suicide,,,AGAINST,439
Marion,PRECINCT 119,Amendment No.1: Protection of Persons Against Medically Assisted Suicide,,,AGAINST,396
Marion,PRECINCT 120,Amendment No.1: Protection of Persons Against Medically Assisted Suicide,,,AGAINST,651
Marion,PRECINCT 121,Amendment No.1: Protection of Persons Against Medically Assisted Suicide,,,AGAINST,389
Marion,PRECINCT 124,Amendment No.1: Protection of Persons Against Medically Assisted Suicide,,,AGAINST,348
Marion,PRECINCT 125,Amendment No.1: Protection of Persons Against Medically Assisted Suicide,,,AGAINST,271
Marion,PRECINCT 175,Amendment No.1: Protection of Persons Against Medically Assisted Suicide,,,AGAINST,6
Marion,PRECINCT 611,Amendment No.1: Protection of Persons Against Medically Assisted Suicide,,,AGAINST,21
Marion,PRECINCT 721,Amendment No.1: Protection of Persons Against Medically Assisted Suicide,,,AGAINST,19
Marion,PRECINCT 961,Amendment No.1: Protection of Persons Against Medically Assisted Suicide,,,AGAINST,14
Marion,PRECINCT 1,FOR CITY COUNCIL DIST 2 FAIRMONT,,,ANNE BOLYARD,195
Marion,PRECINCT 2,FOR CITY COUNCIL DIST 2 FAIRMONT,,,ANNE BOLYARD,409
Marion,PRECINCT 5,FOR CITY COUNCIL DIST 2 FAIRMONT,,,ANNE BOLYARD,486
Marion,PRECINCT 20,FOR CITY COUNCIL DIST 2 FAIRMONT,,,ANNE BOLYARD,583
Marion,PRECINCT 30,FOR CITY COUNCIL DIST 2 FAIRMONT,,,ANNE BOLYARD,1385
Marion,PRECINCT 35,FOR CITY COUNCIL DIST 2 FAIRMONT,,,ANNE BOLYARD,204
Marion,PRECINCT 45,FOR CITY COUNCIL DIST 2 FAIRMONT,,,ANNE BOLYARD,991
Marion,PRECINCT 96,FOR CITY COUNCIL DIST 2 FAIRMONT,,,ANNE BOLYARD,649
Marion,PRECINCT 120,FOR CITY COUNCIL DIST 2 FAIRMONT,,,ANNE BOLYARD,996
Marion,PRECINCT 175,FOR CITY COUNCIL DIST 2 FAIRMONT,,,ANNE BOLYARD,10
Marion,PRECINCT 961,FOR CITY COUNCIL DIST 2 FAIRMONT,,,ANNE BOLYARD,27
Marion,PRECINCT 1,FOR CITY COUNCIL DIST 4 FAIRMONT,,,ANTHONY HORTON,96
Marion,PRECINCT 2,FOR CITY COUNCIL DIST 4 FAIRMONT,,,ANTHONY HORTON,281
Marion,PRECINCT 5,FOR CITY COUNCIL DIST 4 FAIRMONT,,,ANTHONY HORTON,140
Marion,PRECINCT 20,FOR CITY COUNCIL DIST 4 FAIRMONT,,,ANTHONY HORTON,234
Marion,PRECINCT 30,FOR CITY COUNCIL DIST 4 FAIRMONT,,,ANTHONY HORTON,521
Marion,PRECINCT 35,FOR CITY COUNCIL DIST 4 FAIRMONT,,,ANTHONY HORTON,89
Marion,PRECINCT 45,FOR CITY COUNCIL DIST 4 FAIRMONT,,,ANTHONY HORTON,393
Marion,PRECINCT 96,FOR CITY COUNCIL DIST 4 FAIRMONT,,,ANTHONY HORTON,237
Marion,PRECINCT 120,FOR CITY COUNCIL DIST 4 FAIRMONT,,,ANTHONY HORTON,314
Marion,PRECINCT 175,FOR CITY COUNCIL DIST 4 FAIRMONT,,,ANTHONY HORTON,8
Marion,PRECINCT 961,FOR CITY COUNCIL DIST 4 FAIRMONT,,,ANTHONY HORTON,16
Marion,PRECINCT 1,FOR CITY COUNCIL DIST 4 FAIRMONT,,,BILL BURDICK,41
Marion,PRECINCT 2,FOR CITY COUNCIL DIST 4 FAIRMONT,,,BILL BURDICK,60
Marion,PRECINCT 5,FOR CITY COUNCIL DIST 4 FAIRMONT,,,BILL BURDICK,161
Marion,PRECINCT 20,FOR CITY COUNCIL DIST 4 FAIRMONT,,,BILL BURDICK,166
Marion,PRECINCT 30,FOR CITY COUNCIL DIST 4 FAIRMONT,,,BILL BURDICK,440
Marion,PRECINCT 35,FOR CITY COUNCIL DIST 4 FAIRMONT,,,BILL BURDICK,59
Marion,PRECINCT 45,FOR CITY COUNCIL DIST 4 FAIRMONT,,,BILL BURDICK,363
Marion,PRECINCT 96,FOR CITY COUNCIL DIST 4 FAIRMONT,,,BILL BURDICK,176
Marion,PRECINCT 120,FOR CITY COUNCIL DIST 4 FAIRMONT,,,BILL BURDICK,322
Marion,PRECINCT 175,FOR CITY COUNCIL DIST 4 FAIRMONT,,,BILL BURDICK,1
Marion,PRECINCT 961,FOR CITY COUNCIL DIST 4 FAIRMONT,,,BILL BURDICK,4
Marion,PRECINCT 1,FOR CITY COUNCIL DIST 4 FAIRMONT,,,TERRY BURTON,60
Marion,PRECINCT 2,FOR CITY COUNCIL DIST 4 FAIRMONT,,,TERRY BURTON,113
Marion,PRECINCT 5,FOR CITY COUNCIL DIST 4 FAIRMONT,,,TERRY BURTON,207
Marion,PRECINCT 20,FOR CITY COUNCIL DIST 4 FAIRMONT,,,TERRY BURTON,181
Marion,PRECINCT 30,FOR CITY COUNCIL DIST 4 FAIRMONT,,,TERRY BURTON,390
Marion,PRECINCT 35,FOR CITY COUNCIL DIST 4 FAIRMONT,,,TERRY BURTON,51
Marion,PRECINCT 45,FOR CITY COUNCIL DIST 4 FAIRMONT,,,TERRY BURTON,226
Marion,PRECINCT 96,FOR CITY COUNCIL DIST 4 FAIRMONT,,,TERRY BURTON,182
Marion,PRECINCT 120,FOR CITY COUNCIL DIST 4 FAIRMONT,,,TERRY BURTON,304
Marion,PRECINCT 175,FOR CITY COUNCIL DIST 4 FAIRMONT,,,TERRY BURTON,0
Marion,PRECINCT 961,FOR CITY COUNCIL DIST 4 FAIRMONT,,,TERRY BURTON,4
Marion,PRECINCT 1,FOR CITY COUNCIL DIST 6 FAIRMONT,,,DANIEL K. (DAN) WEBER,96
Marion,PRECINCT 2,FOR CITY COUNCIL DIST 6 FAIRMONT,,,DANIEL K. (DAN) WEBER,180
Marion,PRECINCT 5,FOR CITY COUNCIL DIST 6 FAIRMONT,,,DANIEL K. (DAN) WEBER,283
Marion,PRECINCT 20,FOR CITY COUNCIL DIST 6 FAIRMONT,,,DANIEL K. (DAN) WEBER,265
Marion,PRECINCT 30,FOR CITY COUNCIL DIST 6 FAIRMONT,,,DANIEL K. (DAN) WEBER,645
Marion,PRECINCT 35,FOR CITY COUNCIL DIST 6 FAIRMONT,,,DANIEL K. (DAN) WEBER,117
Marion,PRECINCT 45,FOR CITY COUNCIL DIST 6 FAIRMONT,,,DANIEL K. (DAN) WEBER,495
Marion,PRECINCT 96,FOR CITY COUNCIL DIST 6 FAIRMONT,,,DANIEL K. (DAN) WEBER,304
Marion,PRECINCT 120,FOR CITY COUNCIL DIST 6 FAIRMONT,,,DANIEL K. (DAN) WEBER,480
Marion,PRECINCT 175,FOR CITY COUNCIL DIST 6 FAIRMONT,,,DANIEL K. (DAN) WEBER,3
Marion,PRECINCT 961,FOR CITY COUNCIL DIST 6 FAIRMONT,,,DANIEL K. (DAN) WEBER,18
Marion,PRECINCT 1,FOR CITY COUNCIL DIST 6 FAIRMONT,,,GIA DEASY,60
Marion,PRECINCT 2,FOR CITY COUNCIL DIST 6 FAIRMONT,,,GIA DEASY,165
Marion,PRECINCT 5,FOR CITY COUNCIL DIST 6 FAIRMONT,,,GIA DEASY,150
Marion,PRECINCT 20,FOR CITY COUNCIL DIST 6 FAIRMONT,,,GIA DEASY,244
Marion,PRECINCT 30,FOR CITY COUNCIL DIST 6 FAIRMONT,,,GIA DEASY,597
Marion,PRECINCT 35,FOR CITY COUNCIL DIST 6 FAIRMONT,,,GIA DEASY,66
Marion,PRECINCT 45,FOR CITY COUNCIL DIST 6 FAIRMONT,,,GIA DEASY,428
Marion,PRECINCT 96,FOR CITY COUNCIL DIST 6 FAIRMONT,,,GIA DEASY,226
Marion,PRECINCT 120,FOR CITY COUNCIL DIST 6 FAIRMONT,,,GIA DEASY,334
Marion,PRECINCT 175,FOR CITY COUNCIL DIST 6 FAIRMONT,,,GIA DEASY,4
Marion,PRECINCT 961,FOR CITY COUNCIL DIST 6 FAIRMONT,,,GIA DEASY,4
Marion,PRECINCT 1,FOR CITY COUNCIL DIST 6 FAIRMONT,,,SELAH HADI,36
Marion,PRECINCT 2,FOR CITY COUNCIL DIST 6 FAIRMONT,,,SELAH HADI,64
Marion,PRECINCT 5,FOR CITY COUNCIL DIST 6 FAIRMONT,,,SELAH HADI,59
Marion,PRECINCT 20,FOR CITY COUNCIL DIST 6 FAIRMONT,,,SELAH HADI,79
Marion,PRECINCT 30,FOR CITY COUNCIL DIST 6 FAIRMONT,,,SELAH HADI,150
Marion,PRECINCT 35,FOR CITY COUNCIL DIST 6 FAIRMONT,,,SELAH HADI,19
Marion,PRECINCT 45,FOR CITY COUNCIL DIST 6 FAIRMONT,,,SELAH HADI,86
Marion,PRECINCT 96,FOR CITY COUNCIL DIST 6 FAIRMONT,,,SELAH HADI,73
Marion,PRECINCT 120,FOR CITY COUNCIL DIST 6 FAIRMONT,,,SELAH HADI,121
Marion,PRECINCT 175,FOR CITY COUNCIL DIST 6 FAIRMONT,,,SELAH HADI,2
Marion,PRECINCT 961,FOR CITY COUNCIL DIST 6 FAIRMONT,,,SELAH HADI,3
Marion,PRECINCT 1,FOR CITY COUNCIL DIST 7 UNEXP TERM FAIRMONT,,,JULIE SOLE,183
Marion,PRECINCT 2,FOR CITY COUNCIL DIST 7 UNEXP TERM FAIRMONT,,,JULIE SOLE,390
Marion,PRECINCT 5,FOR CITY COUNCIL DIST 7 UNEXP TERM FAIRMONT,,,JULIE SOLE,460
Marion,PRECINCT 20,FOR CITY COUNCIL DIST 7 UNEXP TERM FAIRMONT,,,JULIE SOLE,568
Marion,PRECINCT 30,FOR CITY COUNCIL DIST 7 UNEXP TERM FAIRMONT,,,JULIE SOLE,1349
Marion,PRECINCT 35,FOR CITY COUNCIL DIST 7 UNEXP TERM FAIRMONT,,,JULIE SOLE,190
Marion,PRECINCT 45,FOR CITY COUNCIL DIST 7 UNEXP TERM FAIRMONT,,,JULIE SOLE,958
Marion,PRECINCT 96,FOR CITY COUNCIL DIST 7 UNEXP TERM FAIRMONT,,,JULIE SOLE,582
Marion,PRECINCT 120,FOR CITY COUNCIL DIST 7 UNEXP TERM FAIRMONT,,,JULIE SOLE,919
Marion,PRECINCT 175,FOR CITY COUNCIL DIST 7 UNEXP TERM FAIRMONT,,,JULIE SOLE,8
Marion,PRECINCT 961,FOR CITY COUNCIL DIST 7 UNEXP TERM FAIRMONT,,,JULIE SOLE,25
Marion,PRECINCT 1,FOR CITY COUNCIL DIST 7 FULL 4YR TERM FAIRMONT,,,JULIE SOLE,173
Marion,PRECINCT 2,FOR CITY COUNCIL DIST 7 FULL 4YR TERM FAIRMONT,,,JULIE SOLE,368
Marion,PRECINCT 5,FOR CITY COUNCIL DIST 7 FULL 4YR TERM FAIRMONT,,,JULIE SOLE,443
Marion,PRECINCT 20,FOR CITY COUNCIL DIST 7 FULL 4YR TERM FAIRMONT,,,JULIE SOLE,548
Marion,PRECINCT 30,FOR CITY COUNCIL DIST 7 FULL 4YR TERM FAIRMONT,,,JULIE SOLE,1295
Marion,PRECINCT 35,FOR CITY COUNCIL DIST 7 FULL 4YR TERM FAIRMONT,,,JULIE SOLE,182
Marion,PRECINCT 45,FOR CITY COUNCIL DIST 7 FULL 4YR TERM FAIRMONT,,,JULIE SOLE,904
Marion,PRECINCT 96,FOR CITY COUNCIL DIST 7 FULL 4YR TERM FAIRMONT,,,JULIE SOLE,562
Marion,PRECINCT 120,FOR CITY COUNCIL DIST 7 FULL 4YR TERM FAIRMONT,,,JULIE SOLE,868
Marion,PRECINCT 175,FOR CITY COUNCIL DIST 7 FULL 4YR TERM FAIRMONT,,,JULIE SOLE,8
Marion,PRECINCT 961,FOR CITY COUNCIL DIST 7 FULL 4YR TERM FAIRMONT,,,JULIE SOLE,25
Marion,PRECINCT 1,AUTHORIZE ADDITIONAL LEVY,,,For the Levy,151
Marion,PRECINCT 2,AUTHORIZE ADDITIONAL LEVY,,,For the Levy,334
Marion,PRECINCT 5,AUTHORIZE ADDITIONAL LEVY,,,For the Levy,364
Marion,PRECINCT 6,AUTHORIZE ADDITIONAL LEVY,,,For the Levy,12
Marion,PRECINCT 20,AUTHORIZE ADDITIONAL LEVY,,,For the Levy,482
Marion,PRECINCT 26,AUTHORIZE ADDITIONAL LEVY,,,For the Levy,68
Marion,PRECINCT 28,AUTHORIZE ADDITIONAL LEVY,,,For the Levy,353
Marion,PRECINCT 29,AUTHORIZE ADDITIONAL LEVY,,,For the Levy,207
Marion,PRECINCT 30,AUTHORIZE ADDITIONAL LEVY,,,For the Levy,1148
Marion,PRECINCT 31,AUTHORIZE ADDITIONAL LEVY,,,For the Levy,434
Marion,PRECINCT 33,AUTHORIZE ADDITIONAL LEVY,,,For the Levy,86
Marion,PRECINCT 35,AUTHORIZE ADDITIONAL LEVY,,,For the Levy,177
Marion,PRECINCT 37,AUTHORIZE ADDITIONAL LEVY,,,For the Levy,186
Marion,PRECINCT 38,AUTHORIZE ADDITIONAL LEVY,,,For the Levy,377
Marion,PRECINCT 39,AUTHORIZE ADDITIONAL LEVY,,,For the Levy,381
Marion,PRECINCT 40,AUTHORIZE ADDITIONAL LEVY,,,For the Levy,349
Marion,PRECINCT 41,AUTHORIZE ADDITIONAL LEVY,,,For the Levy,138
Marion,PRECINCT 42,AUTHORIZE ADDITIONAL LEVY,,,For the Levy,261
Marion,PRECINCT 45,AUTHORIZE ADDITIONAL LEVY,,,For the Levy,817
Marion,PRECINCT 46,AUTHORIZE ADDITIONAL LEVY,,,For the Levy,39
Marion,PRECINCT 47,AUTHORIZE ADDITIONAL LEVY,,,For the Levy,235
Marion,PRECINCT 49,AUTHORIZE ADDITIONAL LEVY,,,For the Levy,51
Marion,PRECINCT 50,AUTHORIZE ADDITIONAL LEVY,,,For the Levy,208
Marion,PRECINCT 51,AUTHORIZE ADDITIONAL LEVY,,,For the Levy,30
Marion,PRECINCT 52,AUTHORIZE ADDITIONAL LEVY,,,For the Levy,135
Marion,PRECINCT 53,AUTHORIZE ADDITIONAL LEVY,,,For the Levy,302
Marion,PRECINCT 54,AUTHORIZE ADDITIONAL LEVY,,,For the Levy,31
Marion,PRECINCT 55,AUTHORIZE ADDITIONAL LEVY,,,For the Levy,89
Marion,PRECINCT 56,AUTHORIZE ADDITIONAL LEVY,,,For the Levy,198
Marion,PRECINCT 57,AUTHORIZE ADDITIONAL LEVY,,,For the Levy,257
Marion,PRECINCT 61,AUTHORIZE ADDITIONAL LEVY,,,For the Levy,206
Marion,PRECINCT 66,AUTHORIZE ADDITIONAL LEVY,,,For the Levy,128
Marion,PRECINCT 67,AUTHORIZE ADDITIONAL LEVY,,,For the Levy,126
Marion,PRECINCT 68,AUTHORIZE ADDITIONAL LEVY,,,For the Levy,58
Marion,PRECINCT 69,AUTHORIZE ADDITIONAL LEVY,,,For the Levy,101
Marion,PRECINCT 72,AUTHORIZE ADDITIONAL LEVY,,,For the Levy,175
Marion,PRECINCT 73,AUTHORIZE ADDITIONAL LEVY,,,For the Levy,33
Marion,PRECINCT 74,AUTHORIZE ADDITIONAL LEVY,,,For the Levy,61
Marion,PRECINCT 75,AUTHORIZE ADDITIONAL LEVY,,,For the Levy,20
Marion,PRECINCT 78,AUTHORIZE ADDITIONAL LEVY,,,For the Levy,124
Marion,PRECINCT 81,AUTHORIZE ADDITIONAL LEVY,,,For the Levy,2
Marion,PRECINCT 82,AUTHORIZE ADDITIONAL LEVY,,,For the Levy,73
Marion,PRECINCT 83,AUTHORIZE ADDITIONAL LEVY,,,For the Levy,58
Marion,PRECINCT 84,AUTHORIZE ADDITIONAL LEVY,,,For the Levy,228
Marion,PRECINCT 86,AUTHORIZE ADDITIONAL LEVY,,,For the Levy,156
Marion,PRECINCT 87,AUTHORIZE ADDITIONAL LEVY,,,For the Levy,82
Marion,PRECINCT 88,AUTHORIZE ADDITIONAL LEVY,,,For the Levy,169
Marion,PRECINCT 89,AUTHORIZE ADDITIONAL LEVY,,,For the Levy,184
Marion,PRECINCT 90,AUTHORIZE ADDITIONAL LEVY,,,For the Levy,171
Marion,PRECINCT 96,AUTHORIZE ADDITIONAL LEVY,,,For the Levy,498
Marion,PRECINCT 109,AUTHORIZE ADDITIONAL LEVY,,,For the Levy,42
Marion,PRECINCT 112,AUTHORIZE ADDITIONAL LEVY,,,For the Levy,347
Marion,PRECINCT 113,AUTHORIZE ADDITIONAL LEVY,,,For the Levy,75
Marion,PRECINCT 114,AUTHORIZE ADDITIONAL LEVY,,,For the Levy,230
Marion,PRECINCT 115,AUTHORIZE ADDITIONAL LEVY,,,For the Levy,383
Marion,PRECINCT 117,AUTHORIZE ADDITIONAL LEVY,,,For the Levy,506
Marion,PRECINCT 119,AUTHORIZE ADDITIONAL LEVY,,,For the Levy,485
Marion,PRECINCT 120,AUTHORIZE ADDITIONAL LEVY,,,For the Levy,711
Marion,PRECINCT 121,AUTHORIZE ADDITIONAL LEVY,,,For the Levy,461
Marion,PRECINCT 124,AUTHORIZE ADDITIONAL LEVY,,,For the Levy,414
Marion,PRECINCT 125,AUTHORIZE ADDITIONAL LEVY,,,For the Levy,259
Marion,PRECINCT 175,AUTHORIZE ADDITIONAL LEVY,,,For the Levy,12
Marion,PRECINCT 611,AUTHORIZE ADDITIONAL LEVY,,,For the Levy,20
Marion,PRECINCT 721,AUTHORIZE ADDITIONAL LEVY,,,For the Levy,12
Marion,PRECINCT 961,AUTHORIZE ADDITIONAL LEVY,,,For the Levy,16
Marion,PRECINCT 1,AUTHORIZE ADDITIONAL LEVY,,,Against the Levy,75
Marion,PRECINCT 2,AUTHORIZE ADDITIONAL LEVY,,,Against the Levy,172
Marion,PRECINCT 5,AUTHORIZE ADDITIONAL LEVY,,,Against the Levy,195
Marion,PRECINCT 6,AUTHORIZE ADDITIONAL LEVY,,,Against the Levy,15
Marion,PRECINCT 20,AUTHORIZE ADDITIONAL LEVY,,,Against the Levy,200
Marion,PRECINCT 26,AUTHORIZE ADDITIONAL LEVY,,,Against the Levy,36
Marion,PRECINCT 28,AUTHORIZE ADDITIONAL LEVY,,,Against the Levy,225
Marion,PRECINCT 29,AUTHORIZE ADDITIONAL LEVY,,,Against the Levy,152
Marion,PRECINCT 30,AUTHORIZE ADDITIONAL LEVY,,,Against the Levy,511
Marion,PRECINCT 31,AUTHORIZE ADDITIONAL LEVY,,,Against the Levy,197
Marion,PRECINCT 33,AUTHORIZE ADDITIONAL LEVY,,,Against the Levy,80
Marion,PRECINCT 35,AUTHORIZE ADDITIONAL LEVY,,,Against the Levy,77
Marion,PRECINCT 37,AUTHORIZE ADDITIONAL LEVY,,,Against the Levy,102
Marion,PRECINCT 38,AUTHORIZE ADDITIONAL LEVY,,,Against the Levy,207
Marion,PRECINCT 39,AUTHORIZE ADDITIONAL LEVY,,,Against the Levy,196
Marion,PRECINCT 40,AUTHORIZE ADDITIONAL LEVY,,,Against the Levy,177
Marion,PRECINCT 41,AUTHORIZE ADDITIONAL LEVY,,,Against the Levy,99
Marion,PRECINCT 42,AUTHORIZE ADDITIONAL LEVY,,,Against the Levy,126
Marion,PRECINCT 45,AUTHORIZE ADDITIONAL LEVY,,,Against the Levy,403
Marion,PRECINCT 46,AUTHORIZE ADDITIONAL LEVY,,,Against the Levy,62
Marion,PRECINCT 47,AUTHORIZE ADDITIONAL LEVY,,,Against the Levy,205
Marion,PRECINCT 49,AUTHORIZE ADDITIONAL LEVY,,,Against the Levy,46
Marion,PRECINCT 50,AUTHORIZE ADDITIONAL LEVY,,,Against the Levy,163
Marion,PRECINCT 51,AUTHORIZE ADDITIONAL LEVY,,,Against the Levy,23
Marion,PRECINCT 52,AUTHORIZE ADDITIONAL LEVY,,,Against the Levy,84
Marion,PRECINCT 53,AUTHORIZE ADDITIONAL LEVY,,,Against the Levy,265
Marion,PRECINCT 54,AUTHORIZE ADDITIONAL LEVY,,,Against the Levy,40
Marion,PRECINCT 55,AUTHORIZE ADDITIONAL LEVY,,,Against the Levy,61
Marion,PRECINCT 56,AUTHORIZE ADDITIONAL LEVY,,,Against the Levy,248
Marion,PRECINCT 57,AUTHORIZE ADDITIONAL LEVY,,,Against the Levy,160
Marion,PRECINCT 61,AUTHORIZE ADDITIONAL LEVY,,,Against the Levy,198
Marion,PRECINCT 66,AUTHORIZE ADDITIONAL LEVY,,,Against the Levy,101
Marion,PRECINCT 67,AUTHORIZE ADDITIONAL LEVY,,,Against the Levy,97
Marion,PRECINCT 68,AUTHORIZE ADDITIONAL LEVY,,,Against the Levy,54
Marion,PRECINCT 69,AUTHORIZE ADDITIONAL LEVY,,,Against the Levy,81
Marion,PRECINCT 72,AUTHORIZE ADDITIONAL LEVY,,,Against the Levy,244
Marion,PRECINCT 73,AUTHORIZE ADDITIONAL LEVY,,,Against the Levy,38
Marion,PRECINCT 74,AUTHORIZE ADDITIONAL LEVY,,,Against the Levy,84
Marion,PRECINCT 75,AUTHORIZE ADDITIONAL LEVY,,,Against the Levy,37
Marion,PRECINCT 78,AUTHORIZE ADDITIONAL LEVY,,,Against the Levy,123
Marion,PRECINCT 81,AUTHORIZE ADDITIONAL LEVY,,,Against the Levy,2
Marion,PRECINCT 82,AUTHORIZE ADDITIONAL LEVY,,,Against the Levy,49
Marion,PRECINCT 83,AUTHORIZE ADDITIONAL LEVY,,,Against the Levy,29
Marion,PRECINCT 84,AUTHORIZE ADDITIONAL LEVY,,,Against the Levy,188
Marion,PRECINCT 86,AUTHORIZE ADDITIONAL LEVY,,,Against the Levy,82
Marion,PRECINCT 87,AUTHORIZE ADDITIONAL LEVY,,,Against the Levy,44
Marion,PRECINCT 88,AUTHORIZE ADDITIONAL LEVY,,,Against the Levy,147
Marion,PRECINCT 89,AUTHORIZE ADDITIONAL LEVY,,,Against the Levy,133
Marion,PRECINCT 90,AUTHORIZE ADDITIONAL LEVY,,,Against the Levy,152
Marion,PRECINCT 96,AUTHORIZE ADDITIONAL LEVY,,,Against the Levy,252
Marion,PRECINCT 109,AUTHORIZE ADDITIONAL LEVY,,,Against the Levy,25
Marion,PRECINCT 112,AUTHORIZE ADDITIONAL LEVY,,,Against the Levy,258
Marion,PRECINCT 113,AUTHORIZE ADDITIONAL LEVY,,,Against the Levy,54
Marion,PRECINCT 114,AUTHORIZE ADDITIONAL LEVY,,,Against the Levy,161
Marion,PRECINCT 115,AUTHORIZE ADDITIONAL LEVY,,,Against the Levy,339
Marion,PRECINCT 117,AUTHORIZE ADDITIONAL LEVY,,,Against the Levy,297
Marion,PRECINCT 119,AUTHORIZE ADDITIONAL LEVY,,,Against the Levy,243
Marion,PRECINCT 120,AUTHORIZE ADDITIONAL LEVY,,,Against the Levy,463
Marion,PRECINCT 121,AUTHORIZE ADDITIONAL LEVY,,,Against the Levy,337
Marion,PRECINCT 124,AUTHORIZE ADDITIONAL LEVY,,,Against the Levy,302
Marion,PRECINCT 125,AUTHORIZE ADDITIONAL LEVY,,,Against the Levy,291
Marion,PRECINCT 175,AUTHORIZE ADDITIONAL LEVY,,,Against the Levy,3
Marion,PRECINCT 611,AUTHORIZE ADDITIONAL LEVY,,,Against the Levy,31
Marion,PRECINCT 721,AUTHORIZE ADDITIONAL LEVY,,,Against the Levy,14
Marion,PRECINCT 961,AUTHORIZE ADDITIONAL LEVY,,,Against the Levy,14
