county,precinct,office,district,party,candidate,votes
Nicholas,PRECINCT 1A,BALLOTS CAST,,REP,BALLOTS CAST - REPUBLICAN,94
Nicholas,PRECINCT 1B,BALLOTS CAST,,REP,BALLOTS CAST - REPUBLICAN,85
Nicholas,PRECINCT 2,BALLOTS CAST,,REP,BALLOTS CAST - REPUBLICAN,164
Nicholas,PRECINCT 3,BALLOTS CAST,,REP,BALLOTS CAST - REPUBLICAN,112
Nicholas,PRECINCT 5,BALLOTS CAST,,REP,BALLOTS CAST - REPUBLICAN,112
Nicholas,PRECINCT 7,BALLOTS CAST,,REP,BALLOTS CAST - REPUBLICAN,84
Nicholas,PRECINCT 8,BALLOTS CAST,,REP,BALLOTS CAST - REPUBLICAN,62
Nicholas,PRECINCT 9,BALLOTS CAST,,REP,BALLOTS CAST - REPUBLICAN,35
Nicholas,PRECINCT 13,BALLOTS CAST,,REP,BALLOTS CAST - REPUBLICAN,103
Nicholas,PRECINCT 14,BALLOTS CAST,,REP,BALLOTS CAST - REPUBLICAN,143
Nicholas,PRECINCT 15,BALLOTS CAST,,REP,BALLOTS CAST - REPUBLICAN,183
Nicholas,PRECINCT 16,BALLOTS CAST,,REP,BALLOTS CAST - REPUBLICAN,195
Nicholas,PRECINCT 17,BALLOTS CAST,,REP,BALLOTS CAST - REPUBLICAN,211
Nicholas,PRECINCT 18,BALLOTS CAST,,REP,BALLOTS CAST - REPUBLICAN,325
Nicholas,PRECINCT 19,BALLOTS CAST,,REP,BALLOTS CAST - REPUBLICAN,156
Nicholas,PRECINCT 20,BALLOTS CAST,,REP,BALLOTS CAST - REPUBLICAN,224
Nicholas,PRECINCT 21A,BALLOTS CAST,,REP,BALLOTS CAST - REPUBLICAN,205
Nicholas,PRECINCT 21B,BALLOTS CAST,,REP,BALLOTS CAST - REPUBLICAN,147
Nicholas,PRECINCT 23,BALLOTS CAST,,REP,BALLOTS CAST - REPUBLICAN,28
Nicholas,PRECINCT 25,BALLOTS CAST,,REP,BALLOTS CAST - REPUBLICAN,56
Nicholas,PRECINCT 26,BALLOTS CAST,,REP,BALLOTS CAST - REPUBLICAN,91
Nicholas,PRECINCT 27,BALLOTS CAST,,REP,BALLOTS CAST - REPUBLICAN,79
Nicholas,PRECINCT 28,BALLOTS CAST,,REP,BALLOTS CAST - REPUBLICAN,152
Nicholas,PRECINCT 29,BALLOTS CAST,,REP,BALLOTS CAST - REPUBLICAN,269
Nicholas,PRECINCT 30,BALLOTS CAST,,REP,BALLOTS CAST - REPUBLICAN,69
Nicholas,PRECINCT 31,BALLOTS CAST,,REP,BALLOTS CAST - REPUBLICAN,75
Nicholas,PRECINCT 32,BALLOTS CAST,,REP,BALLOTS CAST - REPUBLICAN,118
Nicholas,PRECINCT 33,BALLOTS CAST,,REP,BALLOTS CAST - REPUBLICAN,273
Nicholas,PRECINCT 35,BALLOTS CAST,,REP,BALLOTS CAST - REPUBLICAN,275
Nicholas,PRECINCT 36,BALLOTS CAST,,REP,BALLOTS CAST - REPUBLICAN,45
Nicholas,PRECINCT 1A,BALLOTS CAST,,DEM,BALLOTS CAST - DEMOCRATIC,47
Nicholas,PRECINCT 1B,BALLOTS CAST,,DEM,BALLOTS CAST - DEMOCRATIC,24
Nicholas,PRECINCT 2,BALLOTS CAST,,DEM,BALLOTS CAST - DEMOCRATIC,50
Nicholas,PRECINCT 3,BALLOTS CAST,,DEM,BALLOTS CAST - DEMOCRATIC,39
Nicholas,PRECINCT 5,BALLOTS CAST,,DEM,BALLOTS CAST - DEMOCRATIC,72
Nicholas,PRECINCT 7,BALLOTS CAST,,DEM,BALLOTS CAST - DEMOCRATIC,47
Nicholas,PRECINCT 8,BALLOTS CAST,,DEM,BALLOTS CAST - DEMOCRATIC,42
Nicholas,PRECINCT 9,BALLOTS CAST,,DEM,BALLOTS CAST - DEMOCRATIC,30
Nicholas,PRECINCT 13,BALLOTS CAST,,DEM,BALLOTS CAST - DEMOCRATIC,33
Nicholas,PRECINCT 14,BALLOTS CAST,,DEM,BALLOTS CAST - DEMOCRATIC,83
Nicholas,PRECINCT 15,BALLOTS CAST,,DEM,BALLOTS CAST - DEMOCRATIC,64
Nicholas,PRECINCT 16,BALLOTS CAST,,DEM,BALLOTS CAST - DEMOCRATIC,56
Nicholas,PRECINCT 17,BALLOTS CAST,,DEM,BALLOTS CAST - DEMOCRATIC,77
Nicholas,PRECINCT 18,BALLOTS CAST,,DEM,BALLOTS CAST - DEMOCRATIC,148
Nicholas,PRECINCT 19,BALLOTS CAST,,DEM,BALLOTS CAST - DEMOCRATIC,47
Nicholas,PRECINCT 20,BALLOTS CAST,,DEM,BALLOTS CAST - DEMOCRATIC,118
Nicholas,PRECINCT 21A,BALLOTS CAST,,DEM,BALLOTS CAST - DEMOCRATIC,76
Nicholas,PRECINCT 21B,BALLOTS CAST,,DEM,BALLOTS CAST - DEMOCRATIC,50
Nicholas,PRECINCT 23,BALLOTS CAST,,DEM,BALLOTS CAST - DEMOCRATIC,8
Nicholas,PRECINCT 25,BALLOTS CAST,,DEM,BALLOTS CAST - DEMOCRATIC,26
Nicholas,PRECINCT 26,BALLOTS CAST,,DEM,BALLOTS CAST - DEMOCRATIC,48
Nicholas,PRECINCT 27,BALLOTS CAST,,DEM,BALLOTS CAST - DEMOCRATIC,19
Nicholas,PRECINCT 28,BALLOTS CAST,,DEM,BALLOTS CAST - DEMOCRATIC,40
Nicholas,PRECINCT 29,BALLOTS CAST,,DEM,BALLOTS CAST - DEMOCRATIC,95
Nicholas,PRECINCT 30,BALLOTS CAST,,DEM,BALLOTS CAST - DEMOCRATIC,38
Nicholas,PRECINCT 31,BALLOTS CAST,,DEM,BALLOTS CAST - DEMOCRATIC,18
Nicholas,PRECINCT 32,BALLOTS CAST,,DEM,BALLOTS CAST - DEMOCRATIC,46
Nicholas,PRECINCT 33,BALLOTS CAST,,DEM,BALLOTS CAST - DEMOCRATIC,94
Nicholas,PRECINCT 35,BALLOTS CAST,,DEM,BALLOTS CAST - DEMOCRATIC,77
Nicholas,PRECINCT 36,BALLOTS CAST,,DEM,BALLOTS CAST - DEMOCRATIC,16
Nicholas,PRECINCT 1A,BALLOTS CAST,,MTN,BALLOTS CAST - MOUNTAIN,0
Nicholas,PRECINCT 1B,BALLOTS CAST,,MTN,BALLOTS CAST - MOUNTAIN,0
Nicholas,PRECINCT 2,BALLOTS CAST,,MTN,BALLOTS CAST - MOUNTAIN,0
Nicholas,PRECINCT 3,BALLOTS CAST,,MTN,BALLOTS CAST - MOUNTAIN,0
Nicholas,PRECINCT 5,BALLOTS CAST,,MTN,BALLOTS CAST - MOUNTAIN,0
Nicholas,PRECINCT 7,BALLOTS CAST,,MTN,BALLOTS CAST - MOUNTAIN,0
Nicholas,PRECINCT 8,BALLOTS CAST,,MTN,BALLOTS CAST - MOUNTAIN,0
Nicholas,PRECINCT 9,BALLOTS CAST,,MTN,BALLOTS CAST - MOUNTAIN,1
Nicholas,PRECINCT 13,BALLOTS CAST,,MTN,BALLOTS CAST - MOUNTAIN,0
Nicholas,PRECINCT 14,BALLOTS CAST,,MTN,BALLOTS CAST - MOUNTAIN,0
Nicholas,PRECINCT 15,BALLOTS CAST,,MTN,BALLOTS CAST - MOUNTAIN,0
Nicholas,PRECINCT 16,BALLOTS CAST,,MTN,BALLOTS CAST - MOUNTAIN,0
Nicholas,PRECINCT 17,BALLOTS CAST,,MTN,BALLOTS CAST - MOUNTAIN,0
Nicholas,PRECINCT 18,BALLOTS CAST,,MTN,BALLOTS CAST - MOUNTAIN,1
Nicholas,PRECINCT 19,BALLOTS CAST,,MTN,BALLOTS CAST - MOUNTAIN,0
Nicholas,PRECINCT 20,BALLOTS CAST,,MTN,BALLOTS CAST - MOUNTAIN,0
Nicholas,PRECINCT 21A,BALLOTS CAST,,MTN,BALLOTS CAST - MOUNTAIN,1
Nicholas,PRECINCT 21B,BALLOTS CAST,,MTN,BALLOTS CAST - MOUNTAIN,0
Nicholas,PRECINCT 23,BALLOTS CAST,,MTN,BALLOTS CAST - MOUNTAIN,1
Nicholas,PRECINCT 25,BALLOTS CAST,,MTN,BALLOTS CAST - MOUNTAIN,0
Nicholas,PRECINCT 26,BALLOTS CAST,,MTN,BALLOTS CAST - MOUNTAIN,0
Nicholas,PRECINCT 27,BALLOTS CAST,,MTN,BALLOTS CAST - MOUNTAIN,0
Nicholas,PRECINCT 28,BALLOTS CAST,,MTN,BALLOTS CAST - MOUNTAIN,0
Nicholas,PRECINCT 29,BALLOTS CAST,,MTN,BALLOTS CAST - MOUNTAIN,0
Nicholas,PRECINCT 30,BALLOTS CAST,,MTN,BALLOTS CAST - MOUNTAIN,0
Nicholas,PRECINCT 31,BALLOTS CAST,,MTN,BALLOTS CAST - MOUNTAIN,0
Nicholas,PRECINCT 32,BALLOTS CAST,,MTN,BALLOTS CAST - MOUNTAIN,1
Nicholas,PRECINCT 33,BALLOTS CAST,,MTN,BALLOTS CAST - MOUNTAIN,0
Nicholas,PRECINCT 35,BALLOTS CAST,,MTN,BALLOTS CAST - MOUNTAIN,0
Nicholas,PRECINCT 36,BALLOTS CAST,,MTN,BALLOTS CAST - MOUNTAIN,1
Nicholas,PRECINCT 1A,BALLOTS CAST,,,BALLOTS CAST - NONPARTISAN,2
Nicholas,PRECINCT 1B,BALLOTS CAST,,,BALLOTS CAST - NONPARTISAN,2
Nicholas,PRECINCT 2,BALLOTS CAST,,,BALLOTS CAST - NONPARTISAN,6
Nicholas,PRECINCT 3,BALLOTS CAST,,,BALLOTS CAST - NONPARTISAN,3
Nicholas,PRECINCT 5,BALLOTS CAST,,,BALLOTS CAST - NONPARTISAN,2
Nicholas,PRECINCT 7,BALLOTS CAST,,,BALLOTS CAST - NONPARTISAN,0
Nicholas,PRECINCT 8,BALLOTS CAST,,,BALLOTS CAST - NONPARTISAN,2
Nicholas,PRECINCT 9,BALLOTS CAST,,,BALLOTS CAST - NONPARTISAN,4
Nicholas,PRECINCT 13,BALLOTS CAST,,,BALLOTS CAST - NONPARTISAN,2
Nicholas,PRECINCT 14,BALLOTS CAST,,,BALLOTS CAST - NONPARTISAN,2
Nicholas,PRECINCT 15,BALLOTS CAST,,,BALLOTS CAST - NONPARTISAN,2
Nicholas,PRECINCT 16,BALLOTS CAST,,,BALLOTS CAST - NONPARTISAN,2
Nicholas,PRECINCT 17,BALLOTS CAST,,,BALLOTS CAST - NONPARTISAN,3
Nicholas,PRECINCT 18,BALLOTS CAST,,,BALLOTS CAST - NONPARTISAN,9
Nicholas,PRECINCT 19,BALLOTS CAST,,,BALLOTS CAST - NONPARTISAN,9
Nicholas,PRECINCT 20,BALLOTS CAST,,,BALLOTS CAST - NONPARTISAN,2
Nicholas,PRECINCT 21A,BALLOTS CAST,,,BALLOTS CAST - NONPARTISAN,0
Nicholas,PRECINCT 21B,BALLOTS CAST,,,BALLOTS CAST - NONPARTISAN,3
Nicholas,PRECINCT 23,BALLOTS CAST,,,BALLOTS CAST - NONPARTISAN,4
Nicholas,PRECINCT 25,BALLOTS CAST,,,BALLOTS CAST - NONPARTISAN,5
Nicholas,PRECINCT 26,BALLOTS CAST,,,BALLOTS CAST - NONPARTISAN,2
Nicholas,PRECINCT 27,BALLOTS CAST,,,BALLOTS CAST - NONPARTISAN,2
Nicholas,PRECINCT 28,BALLOTS CAST,,,BALLOTS CAST - NONPARTISAN,0
Nicholas,PRECINCT 29,BALLOTS CAST,,,BALLOTS CAST - NONPARTISAN,1
Nicholas,PRECINCT 30,BALLOTS CAST,,,BALLOTS CAST - NONPARTISAN,1
Nicholas,PRECINCT 31,BALLOTS CAST,,,BALLOTS CAST - NONPARTISAN,0
Nicholas,PRECINCT 32,BALLOTS CAST,,,BALLOTS CAST - NONPARTISAN,0
Nicholas,PRECINCT 33,BALLOTS CAST,,,BALLOTS CAST - NONPARTISAN,1
Nicholas,PRECINCT 35,BALLOTS CAST,,,BALLOTS CAST - NONPARTISAN,1
Nicholas,PRECINCT 36,BALLOTS CAST,,,BALLOTS CAST - NONPARTISAN,4
Nicholas,PRECINCT 1A,President,,REP,NIKKI R. HALEY,2
Nicholas,PRECINCT 1B,President,,REP,NIKKI R. HALEY,1
Nicholas,PRECINCT 2,President,,REP,NIKKI R. HALEY,7
Nicholas,PRECINCT 3,President,,REP,NIKKI R. HALEY,6
Nicholas,PRECINCT 5,President,,REP,NIKKI R. HALEY,8
Nicholas,PRECINCT 7,President,,REP,NIKKI R. HALEY,7
Nicholas,PRECINCT 8,President,,REP,NIKKI R. HALEY,4
Nicholas,PRECINCT 9,President,,REP,NIKKI R. HALEY,2
Nicholas,PRECINCT 13,President,,REP,NIKKI R. HALEY,5
Nicholas,PRECINCT 14,President,,REP,NIKKI R. HALEY,9
Nicholas,PRECINCT 15,President,,REP,NIKKI R. HALEY,16
Nicholas,PRECINCT 16,President,,REP,NIKKI R. HALEY,12
Nicholas,PRECINCT 17,President,,REP,NIKKI R. HALEY,15
Nicholas,PRECINCT 18,President,,REP,NIKKI R. HALEY,22
Nicholas,PRECINCT 19,President,,REP,NIKKI R. HALEY,8
Nicholas,PRECINCT 20,President,,REP,NIKKI R. HALEY,18
Nicholas,PRECINCT 21A,President,,REP,NIKKI R. HALEY,21
Nicholas,PRECINCT 21B,President,,REP,NIKKI R. HALEY,16
Nicholas,PRECINCT 23,President,,REP,NIKKI R. HALEY,1
Nicholas,PRECINCT 25,President,,REP,NIKKI R. HALEY,1
Nicholas,PRECINCT 26,President,,REP,NIKKI R. HALEY,1
Nicholas,PRECINCT 27,President,,REP,NIKKI R. HALEY,3
Nicholas,PRECINCT 28,President,,REP,NIKKI R. HALEY,9
Nicholas,PRECINCT 29,President,,REP,NIKKI R. HALEY,19
Nicholas,PRECINCT 30,President,,REP,NIKKI R. HALEY,1
Nicholas,PRECINCT 31,President,,REP,NIKKI R. HALEY,3
Nicholas,PRECINCT 32,President,,REP,NIKKI R. HALEY,14
Nicholas,PRECINCT 33,President,,REP,NIKKI R. HALEY,16
Nicholas,PRECINCT 35,President,,REP,NIKKI R. HALEY,19
Nicholas,PRECINCT 36,President,,REP,NIKKI R. HALEY,2
Nicholas,PRECINCT 1A,President,,REP,DONALD J. TRUMP,91
Nicholas,PRECINCT 1B,President,,REP,DONALD J. TRUMP,78
Nicholas,PRECINCT 2,President,,REP,DONALD J. TRUMP,147
Nicholas,PRECINCT 3,President,,REP,DONALD J. TRUMP,96
Nicholas,PRECINCT 5,President,,REP,DONALD J. TRUMP,93
Nicholas,PRECINCT 7,President,,REP,DONALD J. TRUMP,75
Nicholas,PRECINCT 8,President,,REP,DONALD J. TRUMP,54
Nicholas,PRECINCT 9,President,,REP,DONALD J. TRUMP,32
Nicholas,PRECINCT 13,President,,REP,DONALD J. TRUMP,95
Nicholas,PRECINCT 14,President,,REP,DONALD J. TRUMP,127
Nicholas,PRECINCT 15,President,,REP,DONALD J. TRUMP,159
Nicholas,PRECINCT 16,President,,REP,DONALD J. TRUMP,175
Nicholas,PRECINCT 17,President,,REP,DONALD J. TRUMP,180
Nicholas,PRECINCT 18,President,,REP,DONALD J. TRUMP,287
Nicholas,PRECINCT 19,President,,REP,DONALD J. TRUMP,141
Nicholas,PRECINCT 20,President,,REP,DONALD J. TRUMP,193
Nicholas,PRECINCT 21A,President,,REP,DONALD J. TRUMP,179
Nicholas,PRECINCT 21B,President,,REP,DONALD J. TRUMP,118
Nicholas,PRECINCT 23,President,,REP,DONALD J. TRUMP,26
Nicholas,PRECINCT 25,President,,REP,DONALD J. TRUMP,53
Nicholas,PRECINCT 26,President,,REP,DONALD J. TRUMP,89
Nicholas,PRECINCT 27,President,,REP,DONALD J. TRUMP,72
Nicholas,PRECINCT 28,President,,REP,DONALD J. TRUMP,140
Nicholas,PRECINCT 29,President,,REP,DONALD J. TRUMP,238
Nicholas,PRECINCT 30,President,,REP,DONALD J. TRUMP,65
Nicholas,PRECINCT 31,President,,REP,DONALD J. TRUMP,71
Nicholas,PRECINCT 32,President,,REP,DONALD J. TRUMP,103
Nicholas,PRECINCT 33,President,,REP,DONALD J. TRUMP,240
Nicholas,PRECINCT 35,President,,REP,DONALD J. TRUMP,238
Nicholas,PRECINCT 36,President,,REP,DONALD J. TRUMP,39
Nicholas,PRECINCT 1A,President,,REP,DAVID STUCKENBERG,0
Nicholas,PRECINCT 1B,President,,REP,DAVID STUCKENBERG,2
Nicholas,PRECINCT 2,President,,REP,DAVID STUCKENBERG,2
Nicholas,PRECINCT 3,President,,REP,DAVID STUCKENBERG,1
Nicholas,PRECINCT 5,President,,REP,DAVID STUCKENBERG,3
Nicholas,PRECINCT 7,President,,REP,DAVID STUCKENBERG,0
Nicholas,PRECINCT 8,President,,REP,DAVID STUCKENBERG,0
Nicholas,PRECINCT 9,President,,REP,DAVID STUCKENBERG,0
Nicholas,PRECINCT 13,President,,REP,DAVID STUCKENBERG,1
Nicholas,PRECINCT 14,President,,REP,DAVID STUCKENBERG,1
Nicholas,PRECINCT 15,President,,REP,DAVID STUCKENBERG,1
Nicholas,PRECINCT 16,President,,REP,DAVID STUCKENBERG,1
Nicholas,PRECINCT 17,President,,REP,DAVID STUCKENBERG,0
Nicholas,PRECINCT 18,President,,REP,DAVID STUCKENBERG,3
Nicholas,PRECINCT 19,President,,REP,DAVID STUCKENBERG,0
Nicholas,PRECINCT 20,President,,REP,DAVID STUCKENBERG,2
Nicholas,PRECINCT 21A,President,,REP,DAVID STUCKENBERG,0
Nicholas,PRECINCT 21B,President,,REP,DAVID STUCKENBERG,4
Nicholas,PRECINCT 23,President,,REP,DAVID STUCKENBERG,0
Nicholas,PRECINCT 25,President,,REP,DAVID STUCKENBERG,1
Nicholas,PRECINCT 26,President,,REP,DAVID STUCKENBERG,0
Nicholas,PRECINCT 27,President,,REP,DAVID STUCKENBERG,2
Nicholas,PRECINCT 28,President,,REP,DAVID STUCKENBERG,0
Nicholas,PRECINCT 29,President,,REP,DAVID STUCKENBERG,1
Nicholas,PRECINCT 30,President,,REP,DAVID STUCKENBERG,1
Nicholas,PRECINCT 31,President,,REP,DAVID STUCKENBERG,0
Nicholas,PRECINCT 32,President,,REP,DAVID STUCKENBERG,0
Nicholas,PRECINCT 33,President,,REP,DAVID STUCKENBERG,2
Nicholas,PRECINCT 35,President,,REP,DAVID STUCKENBERG,1
Nicholas,PRECINCT 36,President,,REP,DAVID STUCKENBERG,0
Nicholas,PRECINCT 1A,President,,REP,RYAN L. BINKLEY,0
Nicholas,PRECINCT 1B,President,,REP,RYAN L. BINKLEY,1
Nicholas,PRECINCT 2,President,,REP,RYAN L. BINKLEY,1
Nicholas,PRECINCT 3,President,,REP,RYAN L. BINKLEY,0
Nicholas,PRECINCT 5,President,,REP,RYAN L. BINKLEY,0
Nicholas,PRECINCT 7,President,,REP,RYAN L. BINKLEY,0
Nicholas,PRECINCT 8,President,,REP,RYAN L. BINKLEY,0
Nicholas,PRECINCT 9,President,,REP,RYAN L. BINKLEY,0
Nicholas,PRECINCT 13,President,,REP,RYAN L. BINKLEY,0
Nicholas,PRECINCT 14,President,,REP,RYAN L. BINKLEY,2
Nicholas,PRECINCT 15,President,,REP,RYAN L. BINKLEY,0
Nicholas,PRECINCT 16,President,,REP,RYAN L. BINKLEY,2
Nicholas,PRECINCT 17,President,,REP,RYAN L. BINKLEY,2
Nicholas,PRECINCT 18,President,,REP,RYAN L. BINKLEY,2
Nicholas,PRECINCT 19,President,,REP,RYAN L. BINKLEY,0
Nicholas,PRECINCT 20,President,,REP,RYAN L. BINKLEY,4
Nicholas,PRECINCT 21A,President,,REP,RYAN L. BINKLEY,1
Nicholas,PRECINCT 21B,President,,REP,RYAN L. BINKLEY,1
Nicholas,PRECINCT 23,President,,REP,RYAN L. BINKLEY,0
Nicholas,PRECINCT 25,President,,REP,RYAN L. BINKLEY,0
Nicholas,PRECINCT 26,President,,REP,RYAN L. BINKLEY,0
Nicholas,PRECINCT 27,President,,REP,RYAN L. BINKLEY,0
Nicholas,PRECINCT 28,President,,REP,RYAN L. BINKLEY,1
Nicholas,PRECINCT 29,President,,REP,RYAN L. BINKLEY,1
Nicholas,PRECINCT 30,President,,REP,RYAN L. BINKLEY,0
Nicholas,PRECINCT 31,President,,REP,RYAN L. BINKLEY,1
Nicholas,PRECINCT 32,President,,REP,RYAN L. BINKLEY,0
Nicholas,PRECINCT 33,President,,REP,RYAN L. BINKLEY,4
Nicholas,PRECINCT 35,President,,REP,RYAN L. BINKLEY,2
Nicholas,PRECINCT 36,President,,REP,RYAN L. BINKLEY,0
Nicholas,PRECINCT 1A,President,,REP,RACHEL HANNA MoHAWK SWIFT,0
Nicholas,PRECINCT 1B,President,,REP,RACHEL HANNA MoHAWK SWIFT,1
Nicholas,PRECINCT 2,President,,REP,RACHEL HANNA MoHAWK SWIFT,2
Nicholas,PRECINCT 3,President,,REP,RACHEL HANNA MoHAWK SWIFT,2
Nicholas,PRECINCT 5,President,,REP,RACHEL HANNA MoHAWK SWIFT,1
Nicholas,PRECINCT 7,President,,REP,RACHEL HANNA MoHAWK SWIFT,0
Nicholas,PRECINCT 8,President,,REP,RACHEL HANNA MoHAWK SWIFT,1
Nicholas,PRECINCT 9,President,,REP,RACHEL HANNA MoHAWK SWIFT,0
Nicholas,PRECINCT 13,President,,REP,RACHEL HANNA MoHAWK SWIFT,1
Nicholas,PRECINCT 14,President,,REP,RACHEL HANNA MoHAWK SWIFT,1
Nicholas,PRECINCT 15,President,,REP,RACHEL HANNA MoHAWK SWIFT,2
Nicholas,PRECINCT 16,President,,REP,RACHEL HANNA MoHAWK SWIFT,2
Nicholas,PRECINCT 17,President,,REP,RACHEL HANNA MoHAWK SWIFT,3
Nicholas,PRECINCT 18,President,,REP,RACHEL HANNA MoHAWK SWIFT,2
Nicholas,PRECINCT 19,President,,REP,RACHEL HANNA MoHAWK SWIFT,2
Nicholas,PRECINCT 20,President,,REP,RACHEL HANNA MoHAWK SWIFT,1
Nicholas,PRECINCT 21A,President,,REP,RACHEL HANNA MoHAWK SWIFT,3
Nicholas,PRECINCT 21B,President,,REP,RACHEL HANNA MoHAWK SWIFT,2
Nicholas,PRECINCT 23,President,,REP,RACHEL HANNA MoHAWK SWIFT,0
Nicholas,PRECINCT 25,President,,REP,RACHEL HANNA MoHAWK SWIFT,1
Nicholas,PRECINCT 26,President,,REP,RACHEL HANNA MoHAWK SWIFT,0
Nicholas,PRECINCT 27,President,,REP,RACHEL HANNA MoHAWK SWIFT,1
Nicholas,PRECINCT 28,President,,REP,RACHEL HANNA MoHAWK SWIFT,1
Nicholas,PRECINCT 29,President,,REP,RACHEL HANNA MoHAWK SWIFT,6
Nicholas,PRECINCT 30,President,,REP,RACHEL HANNA MoHAWK SWIFT,0
Nicholas,PRECINCT 31,President,,REP,RACHEL HANNA MoHAWK SWIFT,0
Nicholas,PRECINCT 32,President,,REP,RACHEL HANNA MoHAWK SWIFT,1
Nicholas,PRECINCT 33,President,,REP,RACHEL HANNA MoHAWK SWIFT,2
Nicholas,PRECINCT 35,President,,REP,RACHEL HANNA MoHAWK SWIFT,5
Nicholas,PRECINCT 36,President,,REP,RACHEL HANNA MoHAWK SWIFT,0
Nicholas,PRECINCT 1A,President,,DEM,STEPHEN P. LYONS,2
Nicholas,PRECINCT 1B,President,,DEM,STEPHEN P. LYONS,1
Nicholas,PRECINCT 2,President,,DEM,STEPHEN P. LYONS,5
Nicholas,PRECINCT 3,President,,DEM,STEPHEN P. LYONS,6
Nicholas,PRECINCT 5,President,,DEM,STEPHEN P. LYONS,4
Nicholas,PRECINCT 7,President,,DEM,STEPHEN P. LYONS,4
Nicholas,PRECINCT 8,President,,DEM,STEPHEN P. LYONS,2
Nicholas,PRECINCT 9,President,,DEM,STEPHEN P. LYONS,1
Nicholas,PRECINCT 13,President,,DEM,STEPHEN P. LYONS,4
Nicholas,PRECINCT 14,President,,DEM,STEPHEN P. LYONS,7
Nicholas,PRECINCT 15,President,,DEM,STEPHEN P. LYONS,3
Nicholas,PRECINCT 16,President,,DEM,STEPHEN P. LYONS,2
Nicholas,PRECINCT 17,President,,DEM,STEPHEN P. LYONS,6
Nicholas,PRECINCT 18,President,,DEM,STEPHEN P. LYONS,14
Nicholas,PRECINCT 19,President,,DEM,STEPHEN P. LYONS,3
Nicholas,PRECINCT 20,President,,DEM,STEPHEN P. LYONS,10
Nicholas,PRECINCT 21A,President,,DEM,STEPHEN P. LYONS,11
Nicholas,PRECINCT 21B,President,,DEM,STEPHEN P. LYONS,2
Nicholas,PRECINCT 23,President,,DEM,STEPHEN P. LYONS,1
Nicholas,PRECINCT 25,President,,DEM,STEPHEN P. LYONS,4
Nicholas,PRECINCT 26,President,,DEM,STEPHEN P. LYONS,5
Nicholas,PRECINCT 27,President,,DEM,STEPHEN P. LYONS,2
Nicholas,PRECINCT 28,President,,DEM,STEPHEN P. LYONS,4
Nicholas,PRECINCT 29,President,,DEM,STEPHEN P. LYONS,5
Nicholas,PRECINCT 30,President,,DEM,STEPHEN P. LYONS,4
Nicholas,PRECINCT 31,President,,DEM,STEPHEN P. LYONS,4
Nicholas,PRECINCT 32,President,,DEM,STEPHEN P. LYONS,7
Nicholas,PRECINCT 33,President,,DEM,STEPHEN P. LYONS,6
Nicholas,PRECINCT 35,President,,DEM,STEPHEN P. LYONS,7
Nicholas,PRECINCT 36,President,,DEM,STEPHEN P. LYONS,2
Nicholas,PRECINCT 1A,President,,DEM,ARMANDO 'MANDO' PEREZ-SERRATO,0
Nicholas,PRECINCT 1B,President,,DEM,ARMANDO 'MANDO' PEREZ-SERRATO,1
Nicholas,PRECINCT 2,President,,DEM,ARMANDO 'MANDO' PEREZ-SERRATO,1
Nicholas,PRECINCT 3,President,,DEM,ARMANDO 'MANDO' PEREZ-SERRATO,1
Nicholas,PRECINCT 5,President,,DEM,ARMANDO 'MANDO' PEREZ-SERRATO,1
Nicholas,PRECINCT 7,President,,DEM,ARMANDO 'MANDO' PEREZ-SERRATO,1
Nicholas,PRECINCT 8,President,,DEM,ARMANDO 'MANDO' PEREZ-SERRATO,0
Nicholas,PRECINCT 9,President,,DEM,ARMANDO 'MANDO' PEREZ-SERRATO,0
Nicholas,PRECINCT 13,President,,DEM,ARMANDO 'MANDO' PEREZ-SERRATO,1
Nicholas,PRECINCT 14,President,,DEM,ARMANDO 'MANDO' PEREZ-SERRATO,2
Nicholas,PRECINCT 15,President,,DEM,ARMANDO 'MANDO' PEREZ-SERRATO,2
Nicholas,PRECINCT 16,President,,DEM,ARMANDO 'MANDO' PEREZ-SERRATO,2
Nicholas,PRECINCT 17,President,,DEM,ARMANDO 'MANDO' PEREZ-SERRATO,2
Nicholas,PRECINCT 18,President,,DEM,ARMANDO 'MANDO' PEREZ-SERRATO,5
Nicholas,PRECINCT 19,President,,DEM,ARMANDO 'MANDO' PEREZ-SERRATO,0
Nicholas,PRECINCT 20,President,,DEM,ARMANDO 'MANDO' PEREZ-SERRATO,1
Nicholas,PRECINCT 21A,President,,DEM,ARMANDO 'MANDO' PEREZ-SERRATO,1
Nicholas,PRECINCT 21B,President,,DEM,ARMANDO 'MANDO' PEREZ-SERRATO,0
Nicholas,PRECINCT 23,President,,DEM,ARMANDO 'MANDO' PEREZ-SERRATO,0
Nicholas,PRECINCT 25,President,,DEM,ARMANDO 'MANDO' PEREZ-SERRATO,0
Nicholas,PRECINCT 26,President,,DEM,ARMANDO 'MANDO' PEREZ-SERRATO,0
Nicholas,PRECINCT 27,President,,DEM,ARMANDO 'MANDO' PEREZ-SERRATO,0
Nicholas,PRECINCT 28,President,,DEM,ARMANDO 'MANDO' PEREZ-SERRATO,1
Nicholas,PRECINCT 29,President,,DEM,ARMANDO 'MANDO' PEREZ-SERRATO,1
Nicholas,PRECINCT 30,President,,DEM,ARMANDO 'MANDO' PEREZ-SERRATO,0
Nicholas,PRECINCT 31,President,,DEM,ARMANDO 'MANDO' PEREZ-SERRATO,0
Nicholas,PRECINCT 32,President,,DEM,ARMANDO 'MANDO' PEREZ-SERRATO,0
Nicholas,PRECINCT 33,President,,DEM,ARMANDO 'MANDO' PEREZ-SERRATO,0
Nicholas,PRECINCT 35,President,,DEM,ARMANDO 'MANDO' PEREZ-SERRATO,1
Nicholas,PRECINCT 36,President,,DEM,ARMANDO 'MANDO' PEREZ-SERRATO,1
Nicholas,PRECINCT 1A,President,,DEM,JOSEPH R. BIDEN JR.,21
Nicholas,PRECINCT 1B,President,,DEM,JOSEPH R. BIDEN JR.,13
Nicholas,PRECINCT 2,President,,DEM,JOSEPH R. BIDEN JR.,26
Nicholas,PRECINCT 3,President,,DEM,JOSEPH R. BIDEN JR.,17
Nicholas,PRECINCT 5,President,,DEM,JOSEPH R. BIDEN JR.,37
Nicholas,PRECINCT 7,President,,DEM,JOSEPH R. BIDEN JR.,29
Nicholas,PRECINCT 8,President,,DEM,JOSEPH R. BIDEN JR.,25
Nicholas,PRECINCT 9,President,,DEM,JOSEPH R. BIDEN JR.,20
Nicholas,PRECINCT 13,President,,DEM,JOSEPH R. BIDEN JR.,10
Nicholas,PRECINCT 14,President,,DEM,JOSEPH R. BIDEN JR.,38
Nicholas,PRECINCT 15,President,,DEM,JOSEPH R. BIDEN JR.,27
Nicholas,PRECINCT 16,President,,DEM,JOSEPH R. BIDEN JR.,20
Nicholas,PRECINCT 17,President,,DEM,JOSEPH R. BIDEN JR.,38
Nicholas,PRECINCT 18,President,,DEM,JOSEPH R. BIDEN JR.,86
Nicholas,PRECINCT 19,President,,DEM,JOSEPH R. BIDEN JR.,23
Nicholas,PRECINCT 20,President,,DEM,JOSEPH R. BIDEN JR.,65
Nicholas,PRECINCT 21A,President,,DEM,JOSEPH R. BIDEN JR.,27
Nicholas,PRECINCT 21B,President,,DEM,JOSEPH R. BIDEN JR.,30
Nicholas,PRECINCT 23,President,,DEM,JOSEPH R. BIDEN JR.,5
Nicholas,PRECINCT 25,President,,DEM,JOSEPH R. BIDEN JR.,11
Nicholas,PRECINCT 26,President,,DEM,JOSEPH R. BIDEN JR.,23
Nicholas,PRECINCT 27,President,,DEM,JOSEPH R. BIDEN JR.,6
Nicholas,PRECINCT 28,President,,DEM,JOSEPH R. BIDEN JR.,18
Nicholas,PRECINCT 29,President,,DEM,JOSEPH R. BIDEN JR.,37
Nicholas,PRECINCT 30,President,,DEM,JOSEPH R. BIDEN JR.,21
Nicholas,PRECINCT 31,President,,DEM,JOSEPH R. BIDEN JR.,8
Nicholas,PRECINCT 32,President,,DEM,JOSEPH R. BIDEN JR.,15
Nicholas,PRECINCT 33,President,,DEM,JOSEPH R. BIDEN JR.,47
Nicholas,PRECINCT 35,President,,DEM,JOSEPH R. BIDEN JR.,24
Nicholas,PRECINCT 36,President,,DEM,JOSEPH R. BIDEN JR.,5
Nicholas,PRECINCT 1A,President,,DEM,DEAN PHILLIPS,2
Nicholas,PRECINCT 1B,President,,DEM,DEAN PHILLIPS,1
Nicholas,PRECINCT 2,President,,DEM,DEAN PHILLIPS,4
Nicholas,PRECINCT 3,President,,DEM,DEAN PHILLIPS,2
Nicholas,PRECINCT 5,President,,DEM,DEAN PHILLIPS,3
Nicholas,PRECINCT 7,President,,DEM,DEAN PHILLIPS,2
Nicholas,PRECINCT 8,President,,DEM,DEAN PHILLIPS,0
Nicholas,PRECINCT 9,President,,DEM,DEAN PHILLIPS,0
Nicholas,PRECINCT 13,President,,DEM,DEAN PHILLIPS,3
Nicholas,PRECINCT 14,President,,DEM,DEAN PHILLIPS,5
Nicholas,PRECINCT 15,President,,DEM,DEAN PHILLIPS,3
Nicholas,PRECINCT 16,President,,DEM,DEAN PHILLIPS,10
Nicholas,PRECINCT 17,President,,DEM,DEAN PHILLIPS,3
Nicholas,PRECINCT 18,President,,DEM,DEAN PHILLIPS,4
Nicholas,PRECINCT 19,President,,DEM,DEAN PHILLIPS,5
Nicholas,PRECINCT 20,President,,DEM,DEAN PHILLIPS,4
Nicholas,PRECINCT 21A,President,,DEM,DEAN PHILLIPS,6
Nicholas,PRECINCT 21B,President,,DEM,DEAN PHILLIPS,1
Nicholas,PRECINCT 23,President,,DEM,DEAN PHILLIPS,1
Nicholas,PRECINCT 25,President,,DEM,DEAN PHILLIPS,1
Nicholas,PRECINCT 26,President,,DEM,DEAN PHILLIPS,1
Nicholas,PRECINCT 27,President,,DEM,DEAN PHILLIPS,1
Nicholas,PRECINCT 28,President,,DEM,DEAN PHILLIPS,1
Nicholas,PRECINCT 29,President,,DEM,DEAN PHILLIPS,5
Nicholas,PRECINCT 30,President,,DEM,DEAN PHILLIPS,1
Nicholas,PRECINCT 31,President,,DEM,DEAN PHILLIPS,0
Nicholas,PRECINCT 32,President,,DEM,DEAN PHILLIPS,4
Nicholas,PRECINCT 33,President,,DEM,DEAN PHILLIPS,5
Nicholas,PRECINCT 35,President,,DEM,DEAN PHILLIPS,7
Nicholas,PRECINCT 36,President,,DEM,DEAN PHILLIPS,1
Nicholas,PRECINCT 1A,President,,DEM,JASON MICHAEL PALMER,10
Nicholas,PRECINCT 1B,President,,DEM,JASON MICHAEL PALMER,3
Nicholas,PRECINCT 2,President,,DEM,JASON MICHAEL PALMER,7
Nicholas,PRECINCT 3,President,,DEM,JASON MICHAEL PALMER,4
Nicholas,PRECINCT 5,President,,DEM,JASON MICHAEL PALMER,12
Nicholas,PRECINCT 7,President,,DEM,JASON MICHAEL PALMER,4
Nicholas,PRECINCT 8,President,,DEM,JASON MICHAEL PALMER,5
Nicholas,PRECINCT 9,President,,DEM,JASON MICHAEL PALMER,4
Nicholas,PRECINCT 13,President,,DEM,JASON MICHAEL PALMER,5
Nicholas,PRECINCT 14,President,,DEM,JASON MICHAEL PALMER,13
Nicholas,PRECINCT 15,President,,DEM,JASON MICHAEL PALMER,9
Nicholas,PRECINCT 16,President,,DEM,JASON MICHAEL PALMER,7
Nicholas,PRECINCT 17,President,,DEM,JASON MICHAEL PALMER,7
Nicholas,PRECINCT 18,President,,DEM,JASON MICHAEL PALMER,13
Nicholas,PRECINCT 19,President,,DEM,JASON MICHAEL PALMER,5
Nicholas,PRECINCT 20,President,,DEM,JASON MICHAEL PALMER,14
Nicholas,PRECINCT 21A,President,,DEM,JASON MICHAEL PALMER,15
Nicholas,PRECINCT 21B,President,,DEM,JASON MICHAEL PALMER,5
Nicholas,PRECINCT 23,President,,DEM,JASON MICHAEL PALMER,0
Nicholas,PRECINCT 25,President,,DEM,JASON MICHAEL PALMER,5
Nicholas,PRECINCT 26,President,,DEM,JASON MICHAEL PALMER,5
Nicholas,PRECINCT 27,President,,DEM,JASON MICHAEL PALMER,5
Nicholas,PRECINCT 28,President,,DEM,JASON MICHAEL PALMER,6
Nicholas,PRECINCT 29,President,,DEM,JASON MICHAEL PALMER,11
Nicholas,PRECINCT 30,President,,DEM,JASON MICHAEL PALMER,2
Nicholas,PRECINCT 31,President,,DEM,JASON MICHAEL PALMER,2
Nicholas,PRECINCT 32,President,,DEM,JASON MICHAEL PALMER,9
Nicholas,PRECINCT 33,President,,DEM,JASON MICHAEL PALMER,14
Nicholas,PRECINCT 35,President,,DEM,JASON MICHAEL PALMER,13
Nicholas,PRECINCT 36,President,,DEM,JASON MICHAEL PALMER,4
Nicholas,PRECINCT 1A,President,,MTN,JILL STEIN,0
Nicholas,PRECINCT 1B,President,,MTN,JILL STEIN,0
Nicholas,PRECINCT 2,President,,MTN,JILL STEIN,0
Nicholas,PRECINCT 3,President,,MTN,JILL STEIN,0
Nicholas,PRECINCT 5,President,,MTN,JILL STEIN,0
Nicholas,PRECINCT 7,President,,MTN,JILL STEIN,0
Nicholas,PRECINCT 8,President,,MTN,JILL STEIN,0
Nicholas,PRECINCT 9,President,,MTN,JILL STEIN,1
Nicholas,PRECINCT 13,President,,MTN,JILL STEIN,0
Nicholas,PRECINCT 14,President,,MTN,JILL STEIN,0
Nicholas,PRECINCT 15,President,,MTN,JILL STEIN,0
Nicholas,PRECINCT 16,President,,MTN,JILL STEIN,0
Nicholas,PRECINCT 17,President,,MTN,JILL STEIN,0
Nicholas,PRECINCT 18,President,,MTN,JILL STEIN,1
Nicholas,PRECINCT 19,President,,MTN,JILL STEIN,0
Nicholas,PRECINCT 20,President,,MTN,JILL STEIN,0
Nicholas,PRECINCT 21A,President,,MTN,JILL STEIN,1
Nicholas,PRECINCT 21B,President,,MTN,JILL STEIN,0
Nicholas,PRECINCT 23,President,,MTN,JILL STEIN,1
Nicholas,PRECINCT 25,President,,MTN,JILL STEIN,0
Nicholas,PRECINCT 26,President,,MTN,JILL STEIN,0
Nicholas,PRECINCT 27,President,,MTN,JILL STEIN,0
Nicholas,PRECINCT 28,President,,MTN,JILL STEIN,0
Nicholas,PRECINCT 29,President,,MTN,JILL STEIN,0
Nicholas,PRECINCT 30,President,,MTN,JILL STEIN,0
Nicholas,PRECINCT 31,President,,MTN,JILL STEIN,0
Nicholas,PRECINCT 32,President,,MTN,JILL STEIN,0
Nicholas,PRECINCT 33,President,,MTN,JILL STEIN,0
Nicholas,PRECINCT 35,President,,MTN,JILL STEIN,0
Nicholas,PRECINCT 36,President,,MTN,JILL STEIN,1
Nicholas,PRECINCT 1A,U.S. Senate,,REP,BRYAN BIRD,2
Nicholas,PRECINCT 1B,U.S. Senate,,REP,BRYAN BIRD,8
Nicholas,PRECINCT 2,U.S. Senate,,REP,BRYAN BIRD,9
Nicholas,PRECINCT 3,U.S. Senate,,REP,BRYAN BIRD,7
Nicholas,PRECINCT 5,U.S. Senate,,REP,BRYAN BIRD,2
Nicholas,PRECINCT 7,U.S. Senate,,REP,BRYAN BIRD,3
Nicholas,PRECINCT 8,U.S. Senate,,REP,BRYAN BIRD,3
Nicholas,PRECINCT 9,U.S. Senate,,REP,BRYAN BIRD,1
Nicholas,PRECINCT 13,U.S. Senate,,REP,BRYAN BIRD,10
Nicholas,PRECINCT 14,U.S. Senate,,REP,BRYAN BIRD,10
Nicholas,PRECINCT 15,U.S. Senate,,REP,BRYAN BIRD,14
Nicholas,PRECINCT 16,U.S. Senate,,REP,BRYAN BIRD,13
Nicholas,PRECINCT 17,U.S. Senate,,REP,BRYAN BIRD,14
Nicholas,PRECINCT 18,U.S. Senate,,REP,BRYAN BIRD,19
Nicholas,PRECINCT 19,U.S. Senate,,REP,BRYAN BIRD,11
Nicholas,PRECINCT 20,U.S. Senate,,REP,BRYAN BIRD,10
Nicholas,PRECINCT 21A,U.S. Senate,,REP,BRYAN BIRD,14
Nicholas,PRECINCT 21B,U.S. Senate,,REP,BRYAN BIRD,10
Nicholas,PRECINCT 23,U.S. Senate,,REP,BRYAN BIRD,1
Nicholas,PRECINCT 25,U.S. Senate,,REP,BRYAN BIRD,4
Nicholas,PRECINCT 26,U.S. Senate,,REP,BRYAN BIRD,3
Nicholas,PRECINCT 27,U.S. Senate,,REP,BRYAN BIRD,2
Nicholas,PRECINCT 28,U.S. Senate,,REP,BRYAN BIRD,9
Nicholas,PRECINCT 29,U.S. Senate,,REP,BRYAN BIRD,24
Nicholas,PRECINCT 30,U.S. Senate,,REP,BRYAN BIRD,6
Nicholas,PRECINCT 31,U.S. Senate,,REP,BRYAN BIRD,2
Nicholas,PRECINCT 32,U.S. Senate,,REP,BRYAN BIRD,5
Nicholas,PRECINCT 33,U.S. Senate,,REP,BRYAN BIRD,24
Nicholas,PRECINCT 35,U.S. Senate,,REP,BRYAN BIRD,17
Nicholas,PRECINCT 36,U.S. Senate,,REP,BRYAN BIRD,1
Nicholas,PRECINCT 1A,U.S. Senate,,REP,ALEXANDER X. MOONEY,12
Nicholas,PRECINCT 1B,U.S. Senate,,REP,ALEXANDER X. MOONEY,17
Nicholas,PRECINCT 2,U.S. Senate,,REP,ALEXANDER X. MOONEY,30
Nicholas,PRECINCT 3,U.S. Senate,,REP,ALEXANDER X. MOONEY,6
Nicholas,PRECINCT 5,U.S. Senate,,REP,ALEXANDER X. MOONEY,20
Nicholas,PRECINCT 7,U.S. Senate,,REP,ALEXANDER X. MOONEY,15
Nicholas,PRECINCT 8,U.S. Senate,,REP,ALEXANDER X. MOONEY,5
Nicholas,PRECINCT 9,U.S. Senate,,REP,ALEXANDER X. MOONEY,10
Nicholas,PRECINCT 13,U.S. Senate,,REP,ALEXANDER X. MOONEY,25
Nicholas,PRECINCT 14,U.S. Senate,,REP,ALEXANDER X. MOONEY,21
Nicholas,PRECINCT 15,U.S. Senate,,REP,ALEXANDER X. MOONEY,28
Nicholas,PRECINCT 16,U.S. Senate,,REP,ALEXANDER X. MOONEY,22
Nicholas,PRECINCT 17,U.S. Senate,,REP,ALEXANDER X. MOONEY,42
Nicholas,PRECINCT 18,U.S. Senate,,REP,ALEXANDER X. MOONEY,76
Nicholas,PRECINCT 19,U.S. Senate,,REP,ALEXANDER X. MOONEY,34
Nicholas,PRECINCT 20,U.S. Senate,,REP,ALEXANDER X. MOONEY,56
Nicholas,PRECINCT 21A,U.S. Senate,,REP,ALEXANDER X. MOONEY,56
Nicholas,PRECINCT 21B,U.S. Senate,,REP,ALEXANDER X. MOONEY,39
Nicholas,PRECINCT 23,U.S. Senate,,REP,ALEXANDER X. MOONEY,7
Nicholas,PRECINCT 25,U.S. Senate,,REP,ALEXANDER X. MOONEY,4
Nicholas,PRECINCT 26,U.S. Senate,,REP,ALEXANDER X. MOONEY,13
Nicholas,PRECINCT 27,U.S. Senate,,REP,ALEXANDER X. MOONEY,9
Nicholas,PRECINCT 28,U.S. Senate,,REP,ALEXANDER X. MOONEY,28
Nicholas,PRECINCT 29,U.S. Senate,,REP,ALEXANDER X. MOONEY,50
Nicholas,PRECINCT 30,U.S. Senate,,REP,ALEXANDER X. MOONEY,8
Nicholas,PRECINCT 31,U.S. Senate,,REP,ALEXANDER X. MOONEY,13
Nicholas,PRECINCT 32,U.S. Senate,,REP,ALEXANDER X. MOONEY,22
Nicholas,PRECINCT 33,U.S. Senate,,REP,ALEXANDER X. MOONEY,57
Nicholas,PRECINCT 35,U.S. Senate,,REP,ALEXANDER X. MOONEY,56
Nicholas,PRECINCT 36,U.S. Senate,,REP,ALEXANDER X. MOONEY,7
Nicholas,PRECINCT 1A,U.S. Senate,,REP,JANET McNULTY,0
Nicholas,PRECINCT 1B,U.S. Senate,,REP,JANET McNULTY,2
Nicholas,PRECINCT 2,U.S. Senate,,REP,JANET McNULTY,2
Nicholas,PRECINCT 3,U.S. Senate,,REP,JANET McNULTY,2
Nicholas,PRECINCT 5,U.S. Senate,,REP,JANET McNULTY,2
Nicholas,PRECINCT 7,U.S. Senate,,REP,JANET McNULTY,1
Nicholas,PRECINCT 8,U.S. Senate,,REP,JANET McNULTY,0
Nicholas,PRECINCT 9,U.S. Senate,,REP,JANET McNULTY,0
Nicholas,PRECINCT 13,U.S. Senate,,REP,JANET McNULTY,2
Nicholas,PRECINCT 14,U.S. Senate,,REP,JANET McNULTY,3
Nicholas,PRECINCT 15,U.S. Senate,,REP,JANET McNULTY,1
Nicholas,PRECINCT 16,U.S. Senate,,REP,JANET McNULTY,4
Nicholas,PRECINCT 17,U.S. Senate,,REP,JANET McNULTY,4
Nicholas,PRECINCT 18,U.S. Senate,,REP,JANET McNULTY,3
Nicholas,PRECINCT 19,U.S. Senate,,REP,JANET McNULTY,0
Nicholas,PRECINCT 20,U.S. Senate,,REP,JANET McNULTY,2
Nicholas,PRECINCT 21A,U.S. Senate,,REP,JANET McNULTY,4
Nicholas,PRECINCT 21B,U.S. Senate,,REP,JANET McNULTY,1
Nicholas,PRECINCT 23,U.S. Senate,,REP,JANET McNULTY,0
Nicholas,PRECINCT 25,U.S. Senate,,REP,JANET McNULTY,1
Nicholas,PRECINCT 26,U.S. Senate,,REP,JANET McNULTY,0
Nicholas,PRECINCT 27,U.S. Senate,,REP,JANET McNULTY,2
Nicholas,PRECINCT 28,U.S. Senate,,REP,JANET McNULTY,2
Nicholas,PRECINCT 29,U.S. Senate,,REP,JANET McNULTY,3
Nicholas,PRECINCT 30,U.S. Senate,,REP,JANET McNULTY,1
Nicholas,PRECINCT 31,U.S. Senate,,REP,JANET McNULTY,1
Nicholas,PRECINCT 32,U.S. Senate,,REP,JANET McNULTY,1
Nicholas,PRECINCT 33,U.S. Senate,,REP,JANET McNULTY,2
Nicholas,PRECINCT 35,U.S. Senate,,REP,JANET McNULTY,9
Nicholas,PRECINCT 36,U.S. Senate,,REP,JANET McNULTY,2
Nicholas,PRECINCT 1A,U.S. Senate,,REP,DON LINDSAY,1
Nicholas,PRECINCT 1B,U.S. Senate,,REP,DON LINDSAY,3
Nicholas,PRECINCT 2,U.S. Senate,,REP,DON LINDSAY,3
Nicholas,PRECINCT 3,U.S. Senate,,REP,DON LINDSAY,1
Nicholas,PRECINCT 5,U.S. Senate,,REP,DON LINDSAY,1
Nicholas,PRECINCT 7,U.S. Senate,,REP,DON LINDSAY,1
Nicholas,PRECINCT 8,U.S. Senate,,REP,DON LINDSAY,0
Nicholas,PRECINCT 9,U.S. Senate,,REP,DON LINDSAY,1
Nicholas,PRECINCT 13,U.S. Senate,,REP,DON LINDSAY,1
Nicholas,PRECINCT 14,U.S. Senate,,REP,DON LINDSAY,1
Nicholas,PRECINCT 15,U.S. Senate,,REP,DON LINDSAY,2
Nicholas,PRECINCT 16,U.S. Senate,,REP,DON LINDSAY,5
Nicholas,PRECINCT 17,U.S. Senate,,REP,DON LINDSAY,1
Nicholas,PRECINCT 18,U.S. Senate,,REP,DON LINDSAY,2
Nicholas,PRECINCT 19,U.S. Senate,,REP,DON LINDSAY,1
Nicholas,PRECINCT 20,U.S. Senate,,REP,DON LINDSAY,0
Nicholas,PRECINCT 21A,U.S. Senate,,REP,DON LINDSAY,0
Nicholas,PRECINCT 21B,U.S. Senate,,REP,DON LINDSAY,3
Nicholas,PRECINCT 23,U.S. Senate,,REP,DON LINDSAY,1
Nicholas,PRECINCT 25,U.S. Senate,,REP,DON LINDSAY,1
Nicholas,PRECINCT 26,U.S. Senate,,REP,DON LINDSAY,1
Nicholas,PRECINCT 27,U.S. Senate,,REP,DON LINDSAY,0
Nicholas,PRECINCT 28,U.S. Senate,,REP,DON LINDSAY,2
Nicholas,PRECINCT 29,U.S. Senate,,REP,DON LINDSAY,3
Nicholas,PRECINCT 30,U.S. Senate,,REP,DON LINDSAY,1
Nicholas,PRECINCT 31,U.S. Senate,,REP,DON LINDSAY,2
Nicholas,PRECINCT 32,U.S. Senate,,REP,DON LINDSAY,1
Nicholas,PRECINCT 33,U.S. Senate,,REP,DON LINDSAY,5
Nicholas,PRECINCT 35,U.S. Senate,,REP,DON LINDSAY,2
Nicholas,PRECINCT 36,U.S. Senate,,REP,DON LINDSAY,0
Nicholas,PRECINCT 1A,U.S. Senate,,REP,ZANE LAWHORN,1
Nicholas,PRECINCT 1B,U.S. Senate,,REP,ZANE LAWHORN,1
Nicholas,PRECINCT 2,U.S. Senate,,REP,ZANE LAWHORN,1
Nicholas,PRECINCT 3,U.S. Senate,,REP,ZANE LAWHORN,6
Nicholas,PRECINCT 5,U.S. Senate,,REP,ZANE LAWHORN,1
Nicholas,PRECINCT 7,U.S. Senate,,REP,ZANE LAWHORN,2
Nicholas,PRECINCT 8,U.S. Senate,,REP,ZANE LAWHORN,1
Nicholas,PRECINCT 9,U.S. Senate,,REP,ZANE LAWHORN,2
Nicholas,PRECINCT 13,U.S. Senate,,REP,ZANE LAWHORN,0
Nicholas,PRECINCT 14,U.S. Senate,,REP,ZANE LAWHORN,3
Nicholas,PRECINCT 15,U.S. Senate,,REP,ZANE LAWHORN,5
Nicholas,PRECINCT 16,U.S. Senate,,REP,ZANE LAWHORN,4
Nicholas,PRECINCT 17,U.S. Senate,,REP,ZANE LAWHORN,2
Nicholas,PRECINCT 18,U.S. Senate,,REP,ZANE LAWHORN,4
Nicholas,PRECINCT 19,U.S. Senate,,REP,ZANE LAWHORN,1
Nicholas,PRECINCT 20,U.S. Senate,,REP,ZANE LAWHORN,5
Nicholas,PRECINCT 21A,U.S. Senate,,REP,ZANE LAWHORN,2
Nicholas,PRECINCT 21B,U.S. Senate,,REP,ZANE LAWHORN,1
Nicholas,PRECINCT 23,U.S. Senate,,REP,ZANE LAWHORN,0
Nicholas,PRECINCT 25,U.S. Senate,,REP,ZANE LAWHORN,0
Nicholas,PRECINCT 26,U.S. Senate,,REP,ZANE LAWHORN,0
Nicholas,PRECINCT 27,U.S. Senate,,REP,ZANE LAWHORN,1
Nicholas,PRECINCT 28,U.S. Senate,,REP,ZANE LAWHORN,0
Nicholas,PRECINCT 29,U.S. Senate,,REP,ZANE LAWHORN,3
Nicholas,PRECINCT 30,U.S. Senate,,REP,ZANE LAWHORN,0
Nicholas,PRECINCT 31,U.S. Senate,,REP,ZANE LAWHORN,0
Nicholas,PRECINCT 32,U.S. Senate,,REP,ZANE LAWHORN,2
Nicholas,PRECINCT 33,U.S. Senate,,REP,ZANE LAWHORN,5
Nicholas,PRECINCT 35,U.S. Senate,,REP,ZANE LAWHORN,5
Nicholas,PRECINCT 36,U.S. Senate,,REP,ZANE LAWHORN,1
Nicholas,PRECINCT 1A,U.S. Senate,,REP,JIM JUSTICE,70
Nicholas,PRECINCT 1B,U.S. Senate,,REP,JIM JUSTICE,52
Nicholas,PRECINCT 2,U.S. Senate,,REP,JIM JUSTICE,111
Nicholas,PRECINCT 3,U.S. Senate,,REP,JIM JUSTICE,82
Nicholas,PRECINCT 5,U.S. Senate,,REP,JIM JUSTICE,77
Nicholas,PRECINCT 7,U.S. Senate,,REP,JIM JUSTICE,60
Nicholas,PRECINCT 8,U.S. Senate,,REP,JIM JUSTICE,52
Nicholas,PRECINCT 9,U.S. Senate,,REP,JIM JUSTICE,21
Nicholas,PRECINCT 13,U.S. Senate,,REP,JIM JUSTICE,62
Nicholas,PRECINCT 14,U.S. Senate,,REP,JIM JUSTICE,96
Nicholas,PRECINCT 15,U.S. Senate,,REP,JIM JUSTICE,120
Nicholas,PRECINCT 16,U.S. Senate,,REP,JIM JUSTICE,137
Nicholas,PRECINCT 17,U.S. Senate,,REP,JIM JUSTICE,127
Nicholas,PRECINCT 18,U.S. Senate,,REP,JIM JUSTICE,194
Nicholas,PRECINCT 19,U.S. Senate,,REP,JIM JUSTICE,104
Nicholas,PRECINCT 20,U.S. Senate,,REP,JIM JUSTICE,136
Nicholas,PRECINCT 21A,U.S. Senate,,REP,JIM JUSTICE,113
Nicholas,PRECINCT 21B,U.S. Senate,,REP,JIM JUSTICE,85
Nicholas,PRECINCT 23,U.S. Senate,,REP,JIM JUSTICE,18
Nicholas,PRECINCT 25,U.S. Senate,,REP,JIM JUSTICE,44
Nicholas,PRECINCT 26,U.S. Senate,,REP,JIM JUSTICE,69
Nicholas,PRECINCT 27,U.S. Senate,,REP,JIM JUSTICE,62
Nicholas,PRECINCT 28,U.S. Senate,,REP,JIM JUSTICE,100
Nicholas,PRECINCT 29,U.S. Senate,,REP,JIM JUSTICE,173
Nicholas,PRECINCT 30,U.S. Senate,,REP,JIM JUSTICE,48
Nicholas,PRECINCT 31,U.S. Senate,,REP,JIM JUSTICE,53
Nicholas,PRECINCT 32,U.S. Senate,,REP,JIM JUSTICE,81
Nicholas,PRECINCT 33,U.S. Senate,,REP,JIM JUSTICE,171
Nicholas,PRECINCT 35,U.S. Senate,,REP,JIM JUSTICE,169
Nicholas,PRECINCT 36,U.S. Senate,,REP,JIM JUSTICE,28
Nicholas,PRECINCT 1A,U.S. Senate,,REP,BRYAN McKINNEY,1
Nicholas,PRECINCT 1B,U.S. Senate,,REP,BRYAN McKINNEY,0
Nicholas,PRECINCT 2,U.S. Senate,,REP,BRYAN McKINNEY,3
Nicholas,PRECINCT 3,U.S. Senate,,REP,BRYAN McKINNEY,3
Nicholas,PRECINCT 5,U.S. Senate,,REP,BRYAN McKINNEY,3
Nicholas,PRECINCT 7,U.S. Senate,,REP,BRYAN McKINNEY,1
Nicholas,PRECINCT 8,U.S. Senate,,REP,BRYAN McKINNEY,0
Nicholas,PRECINCT 9,U.S. Senate,,REP,BRYAN McKINNEY,0
Nicholas,PRECINCT 13,U.S. Senate,,REP,BRYAN McKINNEY,0
Nicholas,PRECINCT 14,U.S. Senate,,REP,BRYAN McKINNEY,6
Nicholas,PRECINCT 15,U.S. Senate,,REP,BRYAN McKINNEY,5
Nicholas,PRECINCT 16,U.S. Senate,,REP,BRYAN McKINNEY,5
Nicholas,PRECINCT 17,U.S. Senate,,REP,BRYAN McKINNEY,7
Nicholas,PRECINCT 18,U.S. Senate,,REP,BRYAN McKINNEY,7
Nicholas,PRECINCT 19,U.S. Senate,,REP,BRYAN McKINNEY,1
Nicholas,PRECINCT 20,U.S. Senate,,REP,BRYAN McKINNEY,6
Nicholas,PRECINCT 21A,U.S. Senate,,REP,BRYAN McKINNEY,9
Nicholas,PRECINCT 21B,U.S. Senate,,REP,BRYAN McKINNEY,2
Nicholas,PRECINCT 23,U.S. Senate,,REP,BRYAN McKINNEY,1
Nicholas,PRECINCT 25,U.S. Senate,,REP,BRYAN McKINNEY,1
Nicholas,PRECINCT 26,U.S. Senate,,REP,BRYAN McKINNEY,2
Nicholas,PRECINCT 27,U.S. Senate,,REP,BRYAN McKINNEY,0
Nicholas,PRECINCT 28,U.S. Senate,,REP,BRYAN McKINNEY,4
Nicholas,PRECINCT 29,U.S. Senate,,REP,BRYAN McKINNEY,3
Nicholas,PRECINCT 30,U.S. Senate,,REP,BRYAN McKINNEY,0
Nicholas,PRECINCT 31,U.S. Senate,,REP,BRYAN McKINNEY,1
Nicholas,PRECINCT 32,U.S. Senate,,REP,BRYAN McKINNEY,1
Nicholas,PRECINCT 33,U.S. Senate,,REP,BRYAN McKINNEY,3
Nicholas,PRECINCT 35,U.S. Senate,,REP,BRYAN McKINNEY,3
Nicholas,PRECINCT 36,U.S. Senate,,REP,BRYAN McKINNEY,2
Nicholas,PRECINCT 1A,U.S. Senate,,DEM,DON BLANKENSHIP,13
Nicholas,PRECINCT 1B,U.S. Senate,,DEM,DON BLANKENSHIP,6
Nicholas,PRECINCT 2,U.S. Senate,,DEM,DON BLANKENSHIP,18
Nicholas,PRECINCT 3,U.S. Senate,,DEM,DON BLANKENSHIP,5
Nicholas,PRECINCT 5,U.S. Senate,,DEM,DON BLANKENSHIP,18
Nicholas,PRECINCT 7,U.S. Senate,,DEM,DON BLANKENSHIP,7
Nicholas,PRECINCT 8,U.S. Senate,,DEM,DON BLANKENSHIP,8
Nicholas,PRECINCT 9,U.S. Senate,,DEM,DON BLANKENSHIP,12
Nicholas,PRECINCT 13,U.S. Senate,,DEM,DON BLANKENSHIP,7
Nicholas,PRECINCT 14,U.S. Senate,,DEM,DON BLANKENSHIP,12
Nicholas,PRECINCT 15,U.S. Senate,,DEM,DON BLANKENSHIP,18
Nicholas,PRECINCT 16,U.S. Senate,,DEM,DON BLANKENSHIP,13
Nicholas,PRECINCT 17,U.S. Senate,,DEM,DON BLANKENSHIP,18
Nicholas,PRECINCT 18,U.S. Senate,,DEM,DON BLANKENSHIP,45
Nicholas,PRECINCT 19,U.S. Senate,,DEM,DON BLANKENSHIP,10
Nicholas,PRECINCT 20,U.S. Senate,,DEM,DON BLANKENSHIP,31
Nicholas,PRECINCT 21A,U.S. Senate,,DEM,DON BLANKENSHIP,21
Nicholas,PRECINCT 21B,U.S. Senate,,DEM,DON BLANKENSHIP,10
Nicholas,PRECINCT 23,U.S. Senate,,DEM,DON BLANKENSHIP,3
Nicholas,PRECINCT 25,U.S. Senate,,DEM,DON BLANKENSHIP,3
Nicholas,PRECINCT 26,U.S. Senate,,DEM,DON BLANKENSHIP,10
Nicholas,PRECINCT 27,U.S. Senate,,DEM,DON BLANKENSHIP,9
Nicholas,PRECINCT 28,U.S. Senate,,DEM,DON BLANKENSHIP,7
Nicholas,PRECINCT 29,U.S. Senate,,DEM,DON BLANKENSHIP,20
Nicholas,PRECINCT 30,U.S. Senate,,DEM,DON BLANKENSHIP,8
Nicholas,PRECINCT 31,U.S. Senate,,DEM,DON BLANKENSHIP,4
Nicholas,PRECINCT 32,U.S. Senate,,DEM,DON BLANKENSHIP,10
Nicholas,PRECINCT 33,U.S. Senate,,DEM,DON BLANKENSHIP,16
Nicholas,PRECINCT 35,U.S. Senate,,DEM,DON BLANKENSHIP,18
Nicholas,PRECINCT 36,U.S. Senate,,DEM,DON BLANKENSHIP,2
Nicholas,PRECINCT 1A,U.S. Senate,,DEM,GLENN ELLIOTT,13
Nicholas,PRECINCT 1B,U.S. Senate,,DEM,GLENN ELLIOTT,11
Nicholas,PRECINCT 2,U.S. Senate,,DEM,GLENN ELLIOTT,12
Nicholas,PRECINCT 3,U.S. Senate,,DEM,GLENN ELLIOTT,14
Nicholas,PRECINCT 5,U.S. Senate,,DEM,GLENN ELLIOTT,20
Nicholas,PRECINCT 7,U.S. Senate,,DEM,GLENN ELLIOTT,17
Nicholas,PRECINCT 8,U.S. Senate,,DEM,GLENN ELLIOTT,11
Nicholas,PRECINCT 9,U.S. Senate,,DEM,GLENN ELLIOTT,4
Nicholas,PRECINCT 13,U.S. Senate,,DEM,GLENN ELLIOTT,13
Nicholas,PRECINCT 14,U.S. Senate,,DEM,GLENN ELLIOTT,26
Nicholas,PRECINCT 15,U.S. Senate,,DEM,GLENN ELLIOTT,13
Nicholas,PRECINCT 16,U.S. Senate,,DEM,GLENN ELLIOTT,9
Nicholas,PRECINCT 17,U.S. Senate,,DEM,GLENN ELLIOTT,16
Nicholas,PRECINCT 18,U.S. Senate,,DEM,GLENN ELLIOTT,43
Nicholas,PRECINCT 19,U.S. Senate,,DEM,GLENN ELLIOTT,11
Nicholas,PRECINCT 20,U.S. Senate,,DEM,GLENN ELLIOTT,26
Nicholas,PRECINCT 21A,U.S. Senate,,DEM,GLENN ELLIOTT,16
Nicholas,PRECINCT 21B,U.S. Senate,,DEM,GLENN ELLIOTT,10
Nicholas,PRECINCT 23,U.S. Senate,,DEM,GLENN ELLIOTT,2
Nicholas,PRECINCT 25,U.S. Senate,,DEM,GLENN ELLIOTT,5
Nicholas,PRECINCT 26,U.S. Senate,,DEM,GLENN ELLIOTT,15
Nicholas,PRECINCT 27,U.S. Senate,,DEM,GLENN ELLIOTT,4
Nicholas,PRECINCT 28,U.S. Senate,,DEM,GLENN ELLIOTT,8
Nicholas,PRECINCT 29,U.S. Senate,,DEM,GLENN ELLIOTT,23
Nicholas,PRECINCT 30,U.S. Senate,,DEM,GLENN ELLIOTT,15
Nicholas,PRECINCT 31,U.S. Senate,,DEM,GLENN ELLIOTT,7
Nicholas,PRECINCT 32,U.S. Senate,,DEM,GLENN ELLIOTT,18
Nicholas,PRECINCT 33,U.S. Senate,,DEM,GLENN ELLIOTT,20
Nicholas,PRECINCT 35,U.S. Senate,,DEM,GLENN ELLIOTT,20
Nicholas,PRECINCT 36,U.S. Senate,,DEM,GLENN ELLIOTT,6
Nicholas,PRECINCT 1A,U.S. Senate,,DEM,ZACHARY SHREWSBURY,14
Nicholas,PRECINCT 1B,U.S. Senate,,DEM,ZACHARY SHREWSBURY,5
Nicholas,PRECINCT 2,U.S. Senate,,DEM,ZACHARY SHREWSBURY,12
Nicholas,PRECINCT 3,U.S. Senate,,DEM,ZACHARY SHREWSBURY,14
Nicholas,PRECINCT 5,U.S. Senate,,DEM,ZACHARY SHREWSBURY,24
Nicholas,PRECINCT 7,U.S. Senate,,DEM,ZACHARY SHREWSBURY,19
Nicholas,PRECINCT 8,U.S. Senate,,DEM,ZACHARY SHREWSBURY,17
Nicholas,PRECINCT 9,U.S. Senate,,DEM,ZACHARY SHREWSBURY,8
Nicholas,PRECINCT 13,U.S. Senate,,DEM,ZACHARY SHREWSBURY,6
Nicholas,PRECINCT 14,U.S. Senate,,DEM,ZACHARY SHREWSBURY,31
Nicholas,PRECINCT 15,U.S. Senate,,DEM,ZACHARY SHREWSBURY,20
Nicholas,PRECINCT 16,U.S. Senate,,DEM,ZACHARY SHREWSBURY,19
Nicholas,PRECINCT 17,U.S. Senate,,DEM,ZACHARY SHREWSBURY,25
Nicholas,PRECINCT 18,U.S. Senate,,DEM,ZACHARY SHREWSBURY,38
Nicholas,PRECINCT 19,U.S. Senate,,DEM,ZACHARY SHREWSBURY,20
Nicholas,PRECINCT 20,U.S. Senate,,DEM,ZACHARY SHREWSBURY,40
Nicholas,PRECINCT 21A,U.S. Senate,,DEM,ZACHARY SHREWSBURY,25
Nicholas,PRECINCT 21B,U.S. Senate,,DEM,ZACHARY SHREWSBURY,20
Nicholas,PRECINCT 23,U.S. Senate,,DEM,ZACHARY SHREWSBURY,2
Nicholas,PRECINCT 25,U.S. Senate,,DEM,ZACHARY SHREWSBURY,15
Nicholas,PRECINCT 26,U.S. Senate,,DEM,ZACHARY SHREWSBURY,12
Nicholas,PRECINCT 27,U.S. Senate,,DEM,ZACHARY SHREWSBURY,6
Nicholas,PRECINCT 28,U.S. Senate,,DEM,ZACHARY SHREWSBURY,17
Nicholas,PRECINCT 29,U.S. Senate,,DEM,ZACHARY SHREWSBURY,27
Nicholas,PRECINCT 30,U.S. Senate,,DEM,ZACHARY SHREWSBURY,7
Nicholas,PRECINCT 31,U.S. Senate,,DEM,ZACHARY SHREWSBURY,7
Nicholas,PRECINCT 32,U.S. Senate,,DEM,ZACHARY SHREWSBURY,14
Nicholas,PRECINCT 33,U.S. Senate,,DEM,ZACHARY SHREWSBURY,35
Nicholas,PRECINCT 35,U.S. Senate,,DEM,ZACHARY SHREWSBURY,27
Nicholas,PRECINCT 36,U.S. Senate,,DEM,ZACHARY SHREWSBURY,7
Nicholas,PRECINCT 1A,U.S. Senate,,MTN,NO CANDIDATE FILED,0
Nicholas,PRECINCT 1B,U.S. Senate,,MTN,NO CANDIDATE FILED,0
Nicholas,PRECINCT 2,U.S. Senate,,MTN,NO CANDIDATE FILED,0
Nicholas,PRECINCT 3,U.S. Senate,,MTN,NO CANDIDATE FILED,0
Nicholas,PRECINCT 5,U.S. Senate,,MTN,NO CANDIDATE FILED,0
Nicholas,PRECINCT 7,U.S. Senate,,MTN,NO CANDIDATE FILED,0
Nicholas,PRECINCT 8,U.S. Senate,,MTN,NO CANDIDATE FILED,0
Nicholas,PRECINCT 9,U.S. Senate,,MTN,NO CANDIDATE FILED,0
Nicholas,PRECINCT 13,U.S. Senate,,MTN,NO CANDIDATE FILED,0
Nicholas,PRECINCT 14,U.S. Senate,,MTN,NO CANDIDATE FILED,0
Nicholas,PRECINCT 15,U.S. Senate,,MTN,NO CANDIDATE FILED,0
Nicholas,PRECINCT 16,U.S. Senate,,MTN,NO CANDIDATE FILED,0
Nicholas,PRECINCT 17,U.S. Senate,,MTN,NO CANDIDATE FILED,0
Nicholas,PRECINCT 18,U.S. Senate,,MTN,NO CANDIDATE FILED,0
Nicholas,PRECINCT 19,U.S. Senate,,MTN,NO CANDIDATE FILED,0
Nicholas,PRECINCT 20,U.S. Senate,,MTN,NO CANDIDATE FILED,0
Nicholas,PRECINCT 21A,U.S. Senate,,MTN,NO CANDIDATE FILED,0
Nicholas,PRECINCT 21B,U.S. Senate,,MTN,NO CANDIDATE FILED,0
Nicholas,PRECINCT 23,U.S. Senate,,MTN,NO CANDIDATE FILED,0
Nicholas,PRECINCT 25,U.S. Senate,,MTN,NO CANDIDATE FILED,0
Nicholas,PRECINCT 26,U.S. Senate,,MTN,NO CANDIDATE FILED,0
Nicholas,PRECINCT 27,U.S. Senate,,MTN,NO CANDIDATE FILED,0
Nicholas,PRECINCT 28,U.S. Senate,,MTN,NO CANDIDATE FILED,0
Nicholas,PRECINCT 29,U.S. Senate,,MTN,NO CANDIDATE FILED,0
Nicholas,PRECINCT 30,U.S. Senate,,MTN,NO CANDIDATE FILED,0
Nicholas,PRECINCT 31,U.S. Senate,,MTN,NO CANDIDATE FILED,0
Nicholas,PRECINCT 32,U.S. Senate,,MTN,NO CANDIDATE FILED,0
Nicholas,PRECINCT 33,U.S. Senate,,MTN,NO CANDIDATE FILED,0
Nicholas,PRECINCT 35,U.S. Senate,,MTN,NO CANDIDATE FILED,0
Nicholas,PRECINCT 36,U.S. Senate,,MTN,NO CANDIDATE FILED,0
Nicholas,PRECINCT 1A,U.S. House,1,REP,DERRICK EVANS,28
Nicholas,PRECINCT 1B,U.S. House,1,REP,DERRICK EVANS,25
Nicholas,PRECINCT 2,U.S. House,1,REP,DERRICK EVANS,75
Nicholas,PRECINCT 3,U.S. House,1,REP,DERRICK EVANS,49
Nicholas,PRECINCT 5,U.S. House,1,REP,DERRICK EVANS,40
Nicholas,PRECINCT 7,U.S. House,1,REP,DERRICK EVANS,32
Nicholas,PRECINCT 8,U.S. House,1,REP,DERRICK EVANS,18
Nicholas,PRECINCT 9,U.S. House,1,REP,DERRICK EVANS,15
Nicholas,PRECINCT 13,U.S. House,1,REP,DERRICK EVANS,34
Nicholas,PRECINCT 14,U.S. House,1,REP,DERRICK EVANS,44
Nicholas,PRECINCT 15,U.S. House,1,REP,DERRICK EVANS,53
Nicholas,PRECINCT 16,U.S. House,1,REP,DERRICK EVANS,57
Nicholas,PRECINCT 17,U.S. House,1,REP,DERRICK EVANS,77
Nicholas,PRECINCT 18,U.S. House,1,REP,DERRICK EVANS,88
Nicholas,PRECINCT 19,U.S. House,1,REP,DERRICK EVANS,51
Nicholas,PRECINCT 20,U.S. House,1,REP,DERRICK EVANS,64
Nicholas,PRECINCT 21A,U.S. House,1,REP,DERRICK EVANS,61
Nicholas,PRECINCT 21B,U.S. House,1,REP,DERRICK EVANS,44
Nicholas,PRECINCT 23,U.S. House,1,REP,DERRICK EVANS,9
Nicholas,PRECINCT 25,U.S. House,1,REP,DERRICK EVANS,16
Nicholas,PRECINCT 26,U.S. House,1,REP,DERRICK EVANS,28
Nicholas,PRECINCT 27,U.S. House,1,REP,DERRICK EVANS,19
Nicholas,PRECINCT 28,U.S. House,1,REP,DERRICK EVANS,60
Nicholas,PRECINCT 29,U.S. House,1,REP,DERRICK EVANS,86
Nicholas,PRECINCT 30,U.S. House,1,REP,DERRICK EVANS,26
Nicholas,PRECINCT 31,U.S. House,1,REP,DERRICK EVANS,29
Nicholas,PRECINCT 32,U.S. House,1,REP,DERRICK EVANS,27
Nicholas,PRECINCT 33,U.S. House,1,REP,DERRICK EVANS,88
Nicholas,PRECINCT 35,U.S. House,1,REP,DERRICK EVANS,94
Nicholas,PRECINCT 36,U.S. House,1,REP,DERRICK EVANS,14
Nicholas,PRECINCT 1A,U.S. House,1,REP,CAROL MILLER,47
Nicholas,PRECINCT 1B,U.S. House,1,REP,CAROL MILLER,50
Nicholas,PRECINCT 2,U.S. House,1,REP,CAROL MILLER,78
Nicholas,PRECINCT 3,U.S. House,1,REP,CAROL MILLER,53
Nicholas,PRECINCT 5,U.S. House,1,REP,CAROL MILLER,60
Nicholas,PRECINCT 7,U.S. House,1,REP,CAROL MILLER,46
Nicholas,PRECINCT 8,U.S. House,1,REP,CAROL MILLER,37
Nicholas,PRECINCT 9,U.S. House,1,REP,CAROL MILLER,15
Nicholas,PRECINCT 13,U.S. House,1,REP,CAROL MILLER,63
Nicholas,PRECINCT 14,U.S. House,1,REP,CAROL MILLER,81
Nicholas,PRECINCT 15,U.S. House,1,REP,CAROL MILLER,110
Nicholas,PRECINCT 16,U.S. House,1,REP,CAROL MILLER,111
Nicholas,PRECINCT 17,U.S. House,1,REP,CAROL MILLER,107
Nicholas,PRECINCT 18,U.S. House,1,REP,CAROL MILLER,190
Nicholas,PRECINCT 19,U.S. House,1,REP,CAROL MILLER,87
Nicholas,PRECINCT 20,U.S. House,1,REP,CAROL MILLER,138
Nicholas,PRECINCT 21A,U.S. House,1,REP,CAROL MILLER,128
Nicholas,PRECINCT 21B,U.S. House,1,REP,CAROL MILLER,85
Nicholas,PRECINCT 23,U.S. House,1,REP,CAROL MILLER,18
Nicholas,PRECINCT 25,U.S. House,1,REP,CAROL MILLER,37
Nicholas,PRECINCT 26,U.S. House,1,REP,CAROL MILLER,47
Nicholas,PRECINCT 27,U.S. House,1,REP,CAROL MILLER,52
Nicholas,PRECINCT 28,U.S. House,1,REP,CAROL MILLER,83
Nicholas,PRECINCT 29,U.S. House,1,REP,CAROL MILLER,157
Nicholas,PRECINCT 30,U.S. House,1,REP,CAROL MILLER,35
Nicholas,PRECINCT 31,U.S. House,1,REP,CAROL MILLER,39
Nicholas,PRECINCT 32,U.S. House,1,REP,CAROL MILLER,75
Nicholas,PRECINCT 33,U.S. House,1,REP,CAROL MILLER,161
Nicholas,PRECINCT 35,U.S. House,1,REP,CAROL MILLER,144
Nicholas,PRECINCT 36,U.S. House,1,REP,CAROL MILLER,28
Nicholas,PRECINCT 1A,U.S. House,1,DEM,JIM UMBERGER,32
Nicholas,PRECINCT 1B,U.S. House,1,DEM,JIM UMBERGER,14
Nicholas,PRECINCT 2,U.S. House,1,DEM,JIM UMBERGER,30
Nicholas,PRECINCT 3,U.S. House,1,DEM,JIM UMBERGER,28
Nicholas,PRECINCT 5,U.S. House,1,DEM,JIM UMBERGER,50
Nicholas,PRECINCT 7,U.S. House,1,DEM,JIM UMBERGER,34
Nicholas,PRECINCT 8,U.S. House,1,DEM,JIM UMBERGER,31
Nicholas,PRECINCT 9,U.S. House,1,DEM,JIM UMBERGER,23
Nicholas,PRECINCT 13,U.S. House,1,DEM,JIM UMBERGER,14
Nicholas,PRECINCT 14,U.S. House,1,DEM,JIM UMBERGER,34
Nicholas,PRECINCT 15,U.S. House,1,DEM,JIM UMBERGER,23
Nicholas,PRECINCT 16,U.S. House,1,DEM,JIM UMBERGER,27
Nicholas,PRECINCT 17,U.S. House,1,DEM,JIM UMBERGER,46
Nicholas,PRECINCT 18,U.S. House,1,DEM,JIM UMBERGER,73
Nicholas,PRECINCT 19,U.S. House,1,DEM,JIM UMBERGER,28
Nicholas,PRECINCT 20,U.S. House,1,DEM,JIM UMBERGER,60
Nicholas,PRECINCT 21A,U.S. House,1,DEM,JIM UMBERGER,40
Nicholas,PRECINCT 21B,U.S. House,1,DEM,JIM UMBERGER,26
Nicholas,PRECINCT 23,U.S. House,1,DEM,JIM UMBERGER,4
Nicholas,PRECINCT 25,U.S. House,1,DEM,JIM UMBERGER,7
Nicholas,PRECINCT 26,U.S. House,1,DEM,JIM UMBERGER,31
Nicholas,PRECINCT 27,U.S. House,1,DEM,JIM UMBERGER,10
Nicholas,PRECINCT 28,U.S. House,1,DEM,JIM UMBERGER,21
Nicholas,PRECINCT 29,U.S. House,1,DEM,JIM UMBERGER,48
Nicholas,PRECINCT 30,U.S. House,1,DEM,JIM UMBERGER,26
Nicholas,PRECINCT 31,U.S. House,1,DEM,JIM UMBERGER,8
Nicholas,PRECINCT 32,U.S. House,1,DEM,JIM UMBERGER,26
Nicholas,PRECINCT 33,U.S. House,1,DEM,JIM UMBERGER,50
Nicholas,PRECINCT 35,U.S. House,1,DEM,JIM UMBERGER,34
Nicholas,PRECINCT 36,U.S. House,1,DEM,JIM UMBERGER,14
Nicholas,PRECINCT 1A,U.S. House,1,DEM,CHRIS BOB REED,8
Nicholas,PRECINCT 1B,U.S. House,1,DEM,CHRIS BOB REED,3
Nicholas,PRECINCT 2,U.S. House,1,DEM,CHRIS BOB REED,12
Nicholas,PRECINCT 3,U.S. House,1,DEM,CHRIS BOB REED,6
Nicholas,PRECINCT 5,U.S. House,1,DEM,CHRIS BOB REED,9
Nicholas,PRECINCT 7,U.S. House,1,DEM,CHRIS BOB REED,5
Nicholas,PRECINCT 8,U.S. House,1,DEM,CHRIS BOB REED,7
Nicholas,PRECINCT 9,U.S. House,1,DEM,CHRIS BOB REED,2
Nicholas,PRECINCT 13,U.S. House,1,DEM,CHRIS BOB REED,8
Nicholas,PRECINCT 14,U.S. House,1,DEM,CHRIS BOB REED,27
Nicholas,PRECINCT 15,U.S. House,1,DEM,CHRIS BOB REED,23
Nicholas,PRECINCT 16,U.S. House,1,DEM,CHRIS BOB REED,11
Nicholas,PRECINCT 17,U.S. House,1,DEM,CHRIS BOB REED,14
Nicholas,PRECINCT 18,U.S. House,1,DEM,CHRIS BOB REED,37
Nicholas,PRECINCT 19,U.S. House,1,DEM,CHRIS BOB REED,7
Nicholas,PRECINCT 20,U.S. House,1,DEM,CHRIS BOB REED,32
Nicholas,PRECINCT 21A,U.S. House,1,DEM,CHRIS BOB REED,22
Nicholas,PRECINCT 21B,U.S. House,1,DEM,CHRIS BOB REED,9
Nicholas,PRECINCT 23,U.S. House,1,DEM,CHRIS BOB REED,2
Nicholas,PRECINCT 25,U.S. House,1,DEM,CHRIS BOB REED,11
Nicholas,PRECINCT 26,U.S. House,1,DEM,CHRIS BOB REED,7
Nicholas,PRECINCT 27,U.S. House,1,DEM,CHRIS BOB REED,7
Nicholas,PRECINCT 28,U.S. House,1,DEM,CHRIS BOB REED,8
Nicholas,PRECINCT 29,U.S. House,1,DEM,CHRIS BOB REED,15
Nicholas,PRECINCT 30,U.S. House,1,DEM,CHRIS BOB REED,3
Nicholas,PRECINCT 31,U.S. House,1,DEM,CHRIS BOB REED,6
Nicholas,PRECINCT 32,U.S. House,1,DEM,CHRIS BOB REED,11
Nicholas,PRECINCT 33,U.S. House,1,DEM,CHRIS BOB REED,16
Nicholas,PRECINCT 35,U.S. House,1,DEM,CHRIS BOB REED,26
Nicholas,PRECINCT 36,U.S. House,1,DEM,CHRIS BOB REED,2
Nicholas,PRECINCT 1A,U.S. House,1,MTN,NO CANDIDATE FILED,0
Nicholas,PRECINCT 1B,U.S. House,1,MTN,NO CANDIDATE FILED,0
Nicholas,PRECINCT 2,U.S. House,1,MTN,NO CANDIDATE FILED,0
Nicholas,PRECINCT 3,U.S. House,1,MTN,NO CANDIDATE FILED,0
Nicholas,PRECINCT 5,U.S. House,1,MTN,NO CANDIDATE FILED,0
Nicholas,PRECINCT 7,U.S. House,1,MTN,NO CANDIDATE FILED,0
Nicholas,PRECINCT 8,U.S. House,1,MTN,NO CANDIDATE FILED,0
Nicholas,PRECINCT 9,U.S. House,1,MTN,NO CANDIDATE FILED,0
Nicholas,PRECINCT 13,U.S. House,1,MTN,NO CANDIDATE FILED,0
Nicholas,PRECINCT 14,U.S. House,1,MTN,NO CANDIDATE FILED,0
Nicholas,PRECINCT 15,U.S. House,1,MTN,NO CANDIDATE FILED,0
Nicholas,PRECINCT 16,U.S. House,1,MTN,NO CANDIDATE FILED,0
Nicholas,PRECINCT 17,U.S. House,1,MTN,NO CANDIDATE FILED,0
Nicholas,PRECINCT 18,U.S. House,1,MTN,NO CANDIDATE FILED,0
Nicholas,PRECINCT 19,U.S. House,1,MTN,NO CANDIDATE FILED,0
Nicholas,PRECINCT 20,U.S. House,1,MTN,NO CANDIDATE FILED,0
Nicholas,PRECINCT 21A,U.S. House,1,MTN,NO CANDIDATE FILED,0
Nicholas,PRECINCT 21B,U.S. House,1,MTN,NO CANDIDATE FILED,0
Nicholas,PRECINCT 23,U.S. House,1,MTN,NO CANDIDATE FILED,0
Nicholas,PRECINCT 25,U.S. House,1,MTN,NO CANDIDATE FILED,0
Nicholas,PRECINCT 26,U.S. House,1,MTN,NO CANDIDATE FILED,0
Nicholas,PRECINCT 27,U.S. House,1,MTN,NO CANDIDATE FILED,0
Nicholas,PRECINCT 28,U.S. House,1,MTN,NO CANDIDATE FILED,0
Nicholas,PRECINCT 29,U.S. House,1,MTN,NO CANDIDATE FILED,0
Nicholas,PRECINCT 30,U.S. House,1,MTN,NO CANDIDATE FILED,0
Nicholas,PRECINCT 31,U.S. House,1,MTN,NO CANDIDATE FILED,0
Nicholas,PRECINCT 32,U.S. House,1,MTN,NO CANDIDATE FILED,0
Nicholas,PRECINCT 33,U.S. House,1,MTN,NO CANDIDATE FILED,0
Nicholas,PRECINCT 35,U.S. House,1,MTN,NO CANDIDATE FILED,0
Nicholas,PRECINCT 36,U.S. House,1,MTN,NO CANDIDATE FILED,0
Nicholas,PRECINCT 1A,Governor,,REP,PATRICK MORRISEY,23
Nicholas,PRECINCT 1B,Governor,,REP,PATRICK MORRISEY,20
Nicholas,PRECINCT 2,Governor,,REP,PATRICK MORRISEY,46
Nicholas,PRECINCT 3,Governor,,REP,PATRICK MORRISEY,15
Nicholas,PRECINCT 5,Governor,,REP,PATRICK MORRISEY,20
Nicholas,PRECINCT 7,Governor,,REP,PATRICK MORRISEY,22
Nicholas,PRECINCT 8,Governor,,REP,PATRICK MORRISEY,13
Nicholas,PRECINCT 9,Governor,,REP,PATRICK MORRISEY,9
Nicholas,PRECINCT 13,Governor,,REP,PATRICK MORRISEY,28
Nicholas,PRECINCT 14,Governor,,REP,PATRICK MORRISEY,31
Nicholas,PRECINCT 15,Governor,,REP,PATRICK MORRISEY,26
Nicholas,PRECINCT 16,Governor,,REP,PATRICK MORRISEY,48
Nicholas,PRECINCT 17,Governor,,REP,PATRICK MORRISEY,49
Nicholas,PRECINCT 18,Governor,,REP,PATRICK MORRISEY,72
Nicholas,PRECINCT 19,Governor,,REP,PATRICK MORRISEY,37
Nicholas,PRECINCT 20,Governor,,REP,PATRICK MORRISEY,49
Nicholas,PRECINCT 21A,Governor,,REP,PATRICK MORRISEY,45
Nicholas,PRECINCT 21B,Governor,,REP,PATRICK MORRISEY,37
Nicholas,PRECINCT 23,Governor,,REP,PATRICK MORRISEY,9
Nicholas,PRECINCT 25,Governor,,REP,PATRICK MORRISEY,14
Nicholas,PRECINCT 26,Governor,,REP,PATRICK MORRISEY,29
Nicholas,PRECINCT 27,Governor,,REP,PATRICK MORRISEY,24
Nicholas,PRECINCT 28,Governor,,REP,PATRICK MORRISEY,45
Nicholas,PRECINCT 29,Governor,,REP,PATRICK MORRISEY,59
Nicholas,PRECINCT 30,Governor,,REP,PATRICK MORRISEY,10
Nicholas,PRECINCT 31,Governor,,REP,PATRICK MORRISEY,34
Nicholas,PRECINCT 32,Governor,,REP,PATRICK MORRISEY,22
Nicholas,PRECINCT 33,Governor,,REP,PATRICK MORRISEY,73
Nicholas,PRECINCT 35,Governor,,REP,PATRICK MORRISEY,75
Nicholas,PRECINCT 36,Governor,,REP,PATRICK MORRISEY,10
Nicholas,PRECINCT 1A,Governor,,REP,KEVIN 'KC' CHRISTIAN,2
Nicholas,PRECINCT 1B,Governor,,REP,KEVIN 'KC' CHRISTIAN,2
Nicholas,PRECINCT 2,Governor,,REP,KEVIN 'KC' CHRISTIAN,5
Nicholas,PRECINCT 3,Governor,,REP,KEVIN 'KC' CHRISTIAN,0
Nicholas,PRECINCT 5,Governor,,REP,KEVIN 'KC' CHRISTIAN,1
Nicholas,PRECINCT 7,Governor,,REP,KEVIN 'KC' CHRISTIAN,0
Nicholas,PRECINCT 8,Governor,,REP,KEVIN 'KC' CHRISTIAN,1
Nicholas,PRECINCT 9,Governor,,REP,KEVIN 'KC' CHRISTIAN,0
Nicholas,PRECINCT 13,Governor,,REP,KEVIN 'KC' CHRISTIAN,0
Nicholas,PRECINCT 14,Governor,,REP,KEVIN 'KC' CHRISTIAN,3
Nicholas,PRECINCT 15,Governor,,REP,KEVIN 'KC' CHRISTIAN,4
Nicholas,PRECINCT 16,Governor,,REP,KEVIN 'KC' CHRISTIAN,3
Nicholas,PRECINCT 17,Governor,,REP,KEVIN 'KC' CHRISTIAN,4
Nicholas,PRECINCT 18,Governor,,REP,KEVIN 'KC' CHRISTIAN,6
Nicholas,PRECINCT 19,Governor,,REP,KEVIN 'KC' CHRISTIAN,1
Nicholas,PRECINCT 20,Governor,,REP,KEVIN 'KC' CHRISTIAN,2
Nicholas,PRECINCT 21A,Governor,,REP,KEVIN 'KC' CHRISTIAN,1
Nicholas,PRECINCT 21B,Governor,,REP,KEVIN 'KC' CHRISTIAN,2
Nicholas,PRECINCT 23,Governor,,REP,KEVIN 'KC' CHRISTIAN,0
Nicholas,PRECINCT 25,Governor,,REP,KEVIN 'KC' CHRISTIAN,0
Nicholas,PRECINCT 26,Governor,,REP,KEVIN 'KC' CHRISTIAN,1
Nicholas,PRECINCT 27,Governor,,REP,KEVIN 'KC' CHRISTIAN,1
Nicholas,PRECINCT 28,Governor,,REP,KEVIN 'KC' CHRISTIAN,2
Nicholas,PRECINCT 29,Governor,,REP,KEVIN 'KC' CHRISTIAN,6
Nicholas,PRECINCT 30,Governor,,REP,KEVIN 'KC' CHRISTIAN,2
Nicholas,PRECINCT 31,Governor,,REP,KEVIN 'KC' CHRISTIAN,0
Nicholas,PRECINCT 32,Governor,,REP,KEVIN 'KC' CHRISTIAN,3
Nicholas,PRECINCT 33,Governor,,REP,KEVIN 'KC' CHRISTIAN,4
Nicholas,PRECINCT 35,Governor,,REP,KEVIN 'KC' CHRISTIAN,2
Nicholas,PRECINCT 36,Governor,,REP,KEVIN 'KC' CHRISTIAN,0
Nicholas,PRECINCT 1A,Governor,,REP,MAC WARNER,13
Nicholas,PRECINCT 1B,Governor,,REP,MAC WARNER,10
Nicholas,PRECINCT 2,Governor,,REP,MAC WARNER,33
Nicholas,PRECINCT 3,Governor,,REP,MAC WARNER,23
Nicholas,PRECINCT 5,Governor,,REP,MAC WARNER,14
Nicholas,PRECINCT 7,Governor,,REP,MAC WARNER,10
Nicholas,PRECINCT 8,Governor,,REP,MAC WARNER,8
Nicholas,PRECINCT 9,Governor,,REP,MAC WARNER,7
Nicholas,PRECINCT 13,Governor,,REP,MAC WARNER,11
Nicholas,PRECINCT 14,Governor,,REP,MAC WARNER,7
Nicholas,PRECINCT 15,Governor,,REP,MAC WARNER,24
Nicholas,PRECINCT 16,Governor,,REP,MAC WARNER,33
Nicholas,PRECINCT 17,Governor,,REP,MAC WARNER,34
Nicholas,PRECINCT 18,Governor,,REP,MAC WARNER,61
Nicholas,PRECINCT 19,Governor,,REP,MAC WARNER,32
Nicholas,PRECINCT 20,Governor,,REP,MAC WARNER,41
Nicholas,PRECINCT 21A,Governor,,REP,MAC WARNER,42
Nicholas,PRECINCT 21B,Governor,,REP,MAC WARNER,24
Nicholas,PRECINCT 23,Governor,,REP,MAC WARNER,4
Nicholas,PRECINCT 25,Governor,,REP,MAC WARNER,7
Nicholas,PRECINCT 26,Governor,,REP,MAC WARNER,11
Nicholas,PRECINCT 27,Governor,,REP,MAC WARNER,7
Nicholas,PRECINCT 28,Governor,,REP,MAC WARNER,25
Nicholas,PRECINCT 29,Governor,,REP,MAC WARNER,47
Nicholas,PRECINCT 30,Governor,,REP,MAC WARNER,8
Nicholas,PRECINCT 31,Governor,,REP,MAC WARNER,14
Nicholas,PRECINCT 32,Governor,,REP,MAC WARNER,27
Nicholas,PRECINCT 33,Governor,,REP,MAC WARNER,60
Nicholas,PRECINCT 35,Governor,,REP,MAC WARNER,50
Nicholas,PRECINCT 36,Governor,,REP,MAC WARNER,10
Nicholas,PRECINCT 1A,Governor,,REP,CHRIS MILLER,28
Nicholas,PRECINCT 1B,Governor,,REP,CHRIS MILLER,20
Nicholas,PRECINCT 2,Governor,,REP,CHRIS MILLER,35
Nicholas,PRECINCT 3,Governor,,REP,CHRIS MILLER,46
Nicholas,PRECINCT 5,Governor,,REP,CHRIS MILLER,36
Nicholas,PRECINCT 7,Governor,,REP,CHRIS MILLER,23
Nicholas,PRECINCT 8,Governor,,REP,CHRIS MILLER,13
Nicholas,PRECINCT 9,Governor,,REP,CHRIS MILLER,6
Nicholas,PRECINCT 13,Governor,,REP,CHRIS MILLER,36
Nicholas,PRECINCT 14,Governor,,REP,CHRIS MILLER,52
Nicholas,PRECINCT 15,Governor,,REP,CHRIS MILLER,69
Nicholas,PRECINCT 16,Governor,,REP,CHRIS MILLER,53
Nicholas,PRECINCT 17,Governor,,REP,CHRIS MILLER,50
Nicholas,PRECINCT 18,Governor,,REP,CHRIS MILLER,89
Nicholas,PRECINCT 19,Governor,,REP,CHRIS MILLER,46
Nicholas,PRECINCT 20,Governor,,REP,CHRIS MILLER,65
Nicholas,PRECINCT 21A,Governor,,REP,CHRIS MILLER,66
Nicholas,PRECINCT 21B,Governor,,REP,CHRIS MILLER,41
Nicholas,PRECINCT 23,Governor,,REP,CHRIS MILLER,11
Nicholas,PRECINCT 25,Governor,,REP,CHRIS MILLER,16
Nicholas,PRECINCT 26,Governor,,REP,CHRIS MILLER,24
Nicholas,PRECINCT 27,Governor,,REP,CHRIS MILLER,19
Nicholas,PRECINCT 28,Governor,,REP,CHRIS MILLER,43
Nicholas,PRECINCT 29,Governor,,REP,CHRIS MILLER,99
Nicholas,PRECINCT 30,Governor,,REP,CHRIS MILLER,35
Nicholas,PRECINCT 31,Governor,,REP,CHRIS MILLER,12
Nicholas,PRECINCT 32,Governor,,REP,CHRIS MILLER,32
Nicholas,PRECINCT 33,Governor,,REP,CHRIS MILLER,84
Nicholas,PRECINCT 35,Governor,,REP,CHRIS MILLER,86
Nicholas,PRECINCT 36,Governor,,REP,CHRIS MILLER,12
Nicholas,PRECINCT 1A,Governor,,REP,MITCH ROBERTS,1
Nicholas,PRECINCT 1B,Governor,,REP,MITCH ROBERTS,2
Nicholas,PRECINCT 2,Governor,,REP,MITCH ROBERTS,4
Nicholas,PRECINCT 3,Governor,,REP,MITCH ROBERTS,1
Nicholas,PRECINCT 5,Governor,,REP,MITCH ROBERTS,0
Nicholas,PRECINCT 7,Governor,,REP,MITCH ROBERTS,1
Nicholas,PRECINCT 8,Governor,,REP,MITCH ROBERTS,1
Nicholas,PRECINCT 9,Governor,,REP,MITCH ROBERTS,1
Nicholas,PRECINCT 13,Governor,,REP,MITCH ROBERTS,2
Nicholas,PRECINCT 14,Governor,,REP,MITCH ROBERTS,2
Nicholas,PRECINCT 15,Governor,,REP,MITCH ROBERTS,5
Nicholas,PRECINCT 16,Governor,,REP,MITCH ROBERTS,4
Nicholas,PRECINCT 17,Governor,,REP,MITCH ROBERTS,2
Nicholas,PRECINCT 18,Governor,,REP,MITCH ROBERTS,2
Nicholas,PRECINCT 19,Governor,,REP,MITCH ROBERTS,2
Nicholas,PRECINCT 20,Governor,,REP,MITCH ROBERTS,4
Nicholas,PRECINCT 21A,Governor,,REP,MITCH ROBERTS,2
Nicholas,PRECINCT 21B,Governor,,REP,MITCH ROBERTS,2
Nicholas,PRECINCT 23,Governor,,REP,MITCH ROBERTS,0
Nicholas,PRECINCT 25,Governor,,REP,MITCH ROBERTS,0
Nicholas,PRECINCT 26,Governor,,REP,MITCH ROBERTS,2
Nicholas,PRECINCT 27,Governor,,REP,MITCH ROBERTS,1
Nicholas,PRECINCT 28,Governor,,REP,MITCH ROBERTS,4
Nicholas,PRECINCT 29,Governor,,REP,MITCH ROBERTS,1
Nicholas,PRECINCT 30,Governor,,REP,MITCH ROBERTS,0
Nicholas,PRECINCT 31,Governor,,REP,MITCH ROBERTS,1
Nicholas,PRECINCT 32,Governor,,REP,MITCH ROBERTS,2
Nicholas,PRECINCT 33,Governor,,REP,MITCH ROBERTS,3
Nicholas,PRECINCT 35,Governor,,REP,MITCH ROBERTS,1
Nicholas,PRECINCT 36,Governor,,REP,MITCH ROBERTS,0
Nicholas,PRECINCT 1A,Governor,,REP,MOORE CAPITO,24
Nicholas,PRECINCT 1B,Governor,,REP,MOORE CAPITO,28
Nicholas,PRECINCT 2,Governor,,REP,MOORE CAPITO,38
Nicholas,PRECINCT 3,Governor,,REP,MOORE CAPITO,23
Nicholas,PRECINCT 5,Governor,,REP,MOORE CAPITO,33
Nicholas,PRECINCT 7,Governor,,REP,MOORE CAPITO,25
Nicholas,PRECINCT 8,Governor,,REP,MOORE CAPITO,24
Nicholas,PRECINCT 9,Governor,,REP,MOORE CAPITO,11
Nicholas,PRECINCT 13,Governor,,REP,MOORE CAPITO,24
Nicholas,PRECINCT 14,Governor,,REP,MOORE CAPITO,46
Nicholas,PRECINCT 15,Governor,,REP,MOORE CAPITO,50
Nicholas,PRECINCT 16,Governor,,REP,MOORE CAPITO,48
Nicholas,PRECINCT 17,Governor,,REP,MOORE CAPITO,61
Nicholas,PRECINCT 18,Governor,,REP,MOORE CAPITO,87
Nicholas,PRECINCT 19,Governor,,REP,MOORE CAPITO,32
Nicholas,PRECINCT 20,Governor,,REP,MOORE CAPITO,61
Nicholas,PRECINCT 21A,Governor,,REP,MOORE CAPITO,47
Nicholas,PRECINCT 21B,Governor,,REP,MOORE CAPITO,38
Nicholas,PRECINCT 23,Governor,,REP,MOORE CAPITO,3
Nicholas,PRECINCT 25,Governor,,REP,MOORE CAPITO,19
Nicholas,PRECINCT 26,Governor,,REP,MOORE CAPITO,20
Nicholas,PRECINCT 27,Governor,,REP,MOORE CAPITO,26
Nicholas,PRECINCT 28,Governor,,REP,MOORE CAPITO,32
Nicholas,PRECINCT 29,Governor,,REP,MOORE CAPITO,48
Nicholas,PRECINCT 30,Governor,,REP,MOORE CAPITO,13
Nicholas,PRECINCT 31,Governor,,REP,MOORE CAPITO,14
Nicholas,PRECINCT 32,Governor,,REP,MOORE CAPITO,31
Nicholas,PRECINCT 33,Governor,,REP,MOORE CAPITO,49
Nicholas,PRECINCT 35,Governor,,REP,MOORE CAPITO,51
Nicholas,PRECINCT 36,Governor,,REP,MOORE CAPITO,9
Nicholas,PRECINCT 1A,Governor,,DEM,STEVE WILLIAMS,42
Nicholas,PRECINCT 1B,Governor,,DEM,STEVE WILLIAMS,18
Nicholas,PRECINCT 2,Governor,,DEM,STEVE WILLIAMS,33
Nicholas,PRECINCT 3,Governor,,DEM,STEVE WILLIAMS,28
Nicholas,PRECINCT 5,Governor,,DEM,STEVE WILLIAMS,55
Nicholas,PRECINCT 7,Governor,,DEM,STEVE WILLIAMS,42
Nicholas,PRECINCT 8,Governor,,DEM,STEVE WILLIAMS,37
Nicholas,PRECINCT 9,Governor,,DEM,STEVE WILLIAMS,24
Nicholas,PRECINCT 13,Governor,,DEM,STEVE WILLIAMS,20
Nicholas,PRECINCT 14,Governor,,DEM,STEVE WILLIAMS,55
Nicholas,PRECINCT 15,Governor,,DEM,STEVE WILLIAMS,38
Nicholas,PRECINCT 16,Governor,,DEM,STEVE WILLIAMS,32
Nicholas,PRECINCT 17,Governor,,DEM,STEVE WILLIAMS,56
Nicholas,PRECINCT 18,Governor,,DEM,STEVE WILLIAMS,105
Nicholas,PRECINCT 19,Governor,,DEM,STEVE WILLIAMS,36
Nicholas,PRECINCT 20,Governor,,DEM,STEVE WILLIAMS,80
Nicholas,PRECINCT 21A,Governor,,DEM,STEVE WILLIAMS,52
Nicholas,PRECINCT 21B,Governor,,DEM,STEVE WILLIAMS,30
Nicholas,PRECINCT 23,Governor,,DEM,STEVE WILLIAMS,5
Nicholas,PRECINCT 25,Governor,,DEM,STEVE WILLIAMS,19
Nicholas,PRECINCT 26,Governor,,DEM,STEVE WILLIAMS,34
Nicholas,PRECINCT 27,Governor,,DEM,STEVE WILLIAMS,17
Nicholas,PRECINCT 28,Governor,,DEM,STEVE WILLIAMS,30
Nicholas,PRECINCT 29,Governor,,DEM,STEVE WILLIAMS,55
Nicholas,PRECINCT 30,Governor,,DEM,STEVE WILLIAMS,25
Nicholas,PRECINCT 31,Governor,,DEM,STEVE WILLIAMS,11
Nicholas,PRECINCT 32,Governor,,DEM,STEVE WILLIAMS,34
Nicholas,PRECINCT 33,Governor,,DEM,STEVE WILLIAMS,59
Nicholas,PRECINCT 35,Governor,,DEM,STEVE WILLIAMS,52
Nicholas,PRECINCT 36,Governor,,DEM,STEVE WILLIAMS,15
Nicholas,PRECINCT 1A,Governor,,MTN,CHASE LINKO-LOOPER,0
Nicholas,PRECINCT 1B,Governor,,MTN,CHASE LINKO-LOOPER,0
Nicholas,PRECINCT 2,Governor,,MTN,CHASE LINKO-LOOPER,0
Nicholas,PRECINCT 3,Governor,,MTN,CHASE LINKO-LOOPER,0
Nicholas,PRECINCT 5,Governor,,MTN,CHASE LINKO-LOOPER,0
Nicholas,PRECINCT 7,Governor,,MTN,CHASE LINKO-LOOPER,0
Nicholas,PRECINCT 8,Governor,,MTN,CHASE LINKO-LOOPER,0
Nicholas,PRECINCT 9,Governor,,MTN,CHASE LINKO-LOOPER,1
Nicholas,PRECINCT 13,Governor,,MTN,CHASE LINKO-LOOPER,0
Nicholas,PRECINCT 14,Governor,,MTN,CHASE LINKO-LOOPER,0
Nicholas,PRECINCT 15,Governor,,MTN,CHASE LINKO-LOOPER,0
Nicholas,PRECINCT 16,Governor,,MTN,CHASE LINKO-LOOPER,0
Nicholas,PRECINCT 17,Governor,,MTN,CHASE LINKO-LOOPER,0
Nicholas,PRECINCT 18,Governor,,MTN,CHASE LINKO-LOOPER,0
Nicholas,PRECINCT 19,Governor,,MTN,CHASE LINKO-LOOPER,0
Nicholas,PRECINCT 20,Governor,,MTN,CHASE LINKO-LOOPER,0
Nicholas,PRECINCT 21A,Governor,,MTN,CHASE LINKO-LOOPER,0
Nicholas,PRECINCT 21B,Governor,,MTN,CHASE LINKO-LOOPER,0
Nicholas,PRECINCT 23,Governor,,MTN,CHASE LINKO-LOOPER,1
Nicholas,PRECINCT 25,Governor,,MTN,CHASE LINKO-LOOPER,0
Nicholas,PRECINCT 26,Governor,,MTN,CHASE LINKO-LOOPER,0
Nicholas,PRECINCT 27,Governor,,MTN,CHASE LINKO-LOOPER,0
Nicholas,PRECINCT 28,Governor,,MTN,CHASE LINKO-LOOPER,0
Nicholas,PRECINCT 29,Governor,,MTN,CHASE LINKO-LOOPER,0
Nicholas,PRECINCT 30,Governor,,MTN,CHASE LINKO-LOOPER,0
Nicholas,PRECINCT 31,Governor,,MTN,CHASE LINKO-LOOPER,0
Nicholas,PRECINCT 32,Governor,,MTN,CHASE LINKO-LOOPER,0
Nicholas,PRECINCT 33,Governor,,MTN,CHASE LINKO-LOOPER,0
Nicholas,PRECINCT 35,Governor,,MTN,CHASE LINKO-LOOPER,0
Nicholas,PRECINCT 36,Governor,,MTN,CHASE LINKO-LOOPER,0
Nicholas,PRECINCT 1A,Secretary of State,,REP,DOUG SKAFF JR.,11
Nicholas,PRECINCT 1B,Secretary of State,,REP,DOUG SKAFF JR.,14
Nicholas,PRECINCT 2,Secretary of State,,REP,DOUG SKAFF JR.,28
Nicholas,PRECINCT 3,Secretary of State,,REP,DOUG SKAFF JR.,18
Nicholas,PRECINCT 5,Secretary of State,,REP,DOUG SKAFF JR.,14
Nicholas,PRECINCT 7,Secretary of State,,REP,DOUG SKAFF JR.,19
Nicholas,PRECINCT 8,Secretary of State,,REP,DOUG SKAFF JR.,13
Nicholas,PRECINCT 9,Secretary of State,,REP,DOUG SKAFF JR.,5
Nicholas,PRECINCT 13,Secretary of State,,REP,DOUG SKAFF JR.,21
Nicholas,PRECINCT 14,Secretary of State,,REP,DOUG SKAFF JR.,28
Nicholas,PRECINCT 15,Secretary of State,,REP,DOUG SKAFF JR.,44
Nicholas,PRECINCT 16,Secretary of State,,REP,DOUG SKAFF JR.,28
Nicholas,PRECINCT 17,Secretary of State,,REP,DOUG SKAFF JR.,34
Nicholas,PRECINCT 18,Secretary of State,,REP,DOUG SKAFF JR.,71
Nicholas,PRECINCT 19,Secretary of State,,REP,DOUG SKAFF JR.,27
Nicholas,PRECINCT 20,Secretary of State,,REP,DOUG SKAFF JR.,54
Nicholas,PRECINCT 21A,Secretary of State,,REP,DOUG SKAFF JR.,49
Nicholas,PRECINCT 21B,Secretary of State,,REP,DOUG SKAFF JR.,32
Nicholas,PRECINCT 23,Secretary of State,,REP,DOUG SKAFF JR.,7
Nicholas,PRECINCT 25,Secretary of State,,REP,DOUG SKAFF JR.,25
Nicholas,PRECINCT 26,Secretary of State,,REP,DOUG SKAFF JR.,19
Nicholas,PRECINCT 27,Secretary of State,,REP,DOUG SKAFF JR.,18
Nicholas,PRECINCT 28,Secretary of State,,REP,DOUG SKAFF JR.,27
Nicholas,PRECINCT 29,Secretary of State,,REP,DOUG SKAFF JR.,50
Nicholas,PRECINCT 30,Secretary of State,,REP,DOUG SKAFF JR.,11
Nicholas,PRECINCT 31,Secretary of State,,REP,DOUG SKAFF JR.,16
Nicholas,PRECINCT 32,Secretary of State,,REP,DOUG SKAFF JR.,28
Nicholas,PRECINCT 33,Secretary of State,,REP,DOUG SKAFF JR.,44
Nicholas,PRECINCT 35,Secretary of State,,REP,DOUG SKAFF JR.,47
Nicholas,PRECINCT 36,Secretary of State,,REP,DOUG SKAFF JR.,8
Nicholas,PRECINCT 1A,Secretary of State,,REP,BRIAN WOOD,13
Nicholas,PRECINCT 1B,Secretary of State,,REP,BRIAN WOOD,7
Nicholas,PRECINCT 2,Secretary of State,,REP,BRIAN WOOD,20
Nicholas,PRECINCT 3,Secretary of State,,REP,BRIAN WOOD,12
Nicholas,PRECINCT 5,Secretary of State,,REP,BRIAN WOOD,9
Nicholas,PRECINCT 7,Secretary of State,,REP,BRIAN WOOD,5
Nicholas,PRECINCT 8,Secretary of State,,REP,BRIAN WOOD,10
Nicholas,PRECINCT 9,Secretary of State,,REP,BRIAN WOOD,2
Nicholas,PRECINCT 13,Secretary of State,,REP,BRIAN WOOD,10
Nicholas,PRECINCT 14,Secretary of State,,REP,BRIAN WOOD,16
Nicholas,PRECINCT 15,Secretary of State,,REP,BRIAN WOOD,22
Nicholas,PRECINCT 16,Secretary of State,,REP,BRIAN WOOD,17
Nicholas,PRECINCT 17,Secretary of State,,REP,BRIAN WOOD,23
Nicholas,PRECINCT 18,Secretary of State,,REP,BRIAN WOOD,22
Nicholas,PRECINCT 19,Secretary of State,,REP,BRIAN WOOD,13
Nicholas,PRECINCT 20,Secretary of State,,REP,BRIAN WOOD,14
Nicholas,PRECINCT 21A,Secretary of State,,REP,BRIAN WOOD,23
Nicholas,PRECINCT 21B,Secretary of State,,REP,BRIAN WOOD,14
Nicholas,PRECINCT 23,Secretary of State,,REP,BRIAN WOOD,7
Nicholas,PRECINCT 25,Secretary of State,,REP,BRIAN WOOD,5
Nicholas,PRECINCT 26,Secretary of State,,REP,BRIAN WOOD,7
Nicholas,PRECINCT 27,Secretary of State,,REP,BRIAN WOOD,6
Nicholas,PRECINCT 28,Secretary of State,,REP,BRIAN WOOD,12
Nicholas,PRECINCT 29,Secretary of State,,REP,BRIAN WOOD,26
Nicholas,PRECINCT 30,Secretary of State,,REP,BRIAN WOOD,4
Nicholas,PRECINCT 31,Secretary of State,,REP,BRIAN WOOD,7
Nicholas,PRECINCT 32,Secretary of State,,REP,BRIAN WOOD,11
Nicholas,PRECINCT 33,Secretary of State,,REP,BRIAN WOOD,37
Nicholas,PRECINCT 35,Secretary of State,,REP,BRIAN WOOD,26
Nicholas,PRECINCT 36,Secretary of State,,REP,BRIAN WOOD,3
Nicholas,PRECINCT 1A,Secretary of State,,REP,KRIS WARNER,43
Nicholas,PRECINCT 1B,Secretary of State,,REP,KRIS WARNER,43
Nicholas,PRECINCT 2,Secretary of State,,REP,KRIS WARNER,78
Nicholas,PRECINCT 3,Secretary of State,,REP,KRIS WARNER,53
Nicholas,PRECINCT 5,Secretary of State,,REP,KRIS WARNER,46
Nicholas,PRECINCT 7,Secretary of State,,REP,KRIS WARNER,37
Nicholas,PRECINCT 8,Secretary of State,,REP,KRIS WARNER,19
Nicholas,PRECINCT 9,Secretary of State,,REP,KRIS WARNER,19
Nicholas,PRECINCT 13,Secretary of State,,REP,KRIS WARNER,45
Nicholas,PRECINCT 14,Secretary of State,,REP,KRIS WARNER,62
Nicholas,PRECINCT 15,Secretary of State,,REP,KRIS WARNER,71
Nicholas,PRECINCT 16,Secretary of State,,REP,KRIS WARNER,102
Nicholas,PRECINCT 17,Secretary of State,,REP,KRIS WARNER,82
Nicholas,PRECINCT 18,Secretary of State,,REP,KRIS WARNER,143
Nicholas,PRECINCT 19,Secretary of State,,REP,KRIS WARNER,64
Nicholas,PRECINCT 20,Secretary of State,,REP,KRIS WARNER,108
Nicholas,PRECINCT 21A,Secretary of State,,REP,KRIS WARNER,95
Nicholas,PRECINCT 21B,Secretary of State,,REP,KRIS WARNER,68
Nicholas,PRECINCT 23,Secretary of State,,REP,KRIS WARNER,10
Nicholas,PRECINCT 25,Secretary of State,,REP,KRIS WARNER,22
Nicholas,PRECINCT 26,Secretary of State,,REP,KRIS WARNER,36
Nicholas,PRECINCT 27,Secretary of State,,REP,KRIS WARNER,44
Nicholas,PRECINCT 28,Secretary of State,,REP,KRIS WARNER,73
Nicholas,PRECINCT 29,Secretary of State,,REP,KRIS WARNER,129
Nicholas,PRECINCT 30,Secretary of State,,REP,KRIS WARNER,34
Nicholas,PRECINCT 31,Secretary of State,,REP,KRIS WARNER,40
Nicholas,PRECINCT 32,Secretary of State,,REP,KRIS WARNER,53
Nicholas,PRECINCT 33,Secretary of State,,REP,KRIS WARNER,135
Nicholas,PRECINCT 35,Secretary of State,,REP,KRIS WARNER,103
Nicholas,PRECINCT 36,Secretary of State,,REP,KRIS WARNER,18
Nicholas,PRECINCT 1A,Secretary of State,,REP,KEN REED,10
Nicholas,PRECINCT 1B,Secretary of State,,REP,KEN REED,8
Nicholas,PRECINCT 2,Secretary of State,,REP,KEN REED,19
Nicholas,PRECINCT 3,Secretary of State,,REP,KEN REED,11
Nicholas,PRECINCT 5,Secretary of State,,REP,KEN REED,17
Nicholas,PRECINCT 7,Secretary of State,,REP,KEN REED,12
Nicholas,PRECINCT 8,Secretary of State,,REP,KEN REED,9
Nicholas,PRECINCT 9,Secretary of State,,REP,KEN REED,3
Nicholas,PRECINCT 13,Secretary of State,,REP,KEN REED,15
Nicholas,PRECINCT 14,Secretary of State,,REP,KEN REED,19
Nicholas,PRECINCT 15,Secretary of State,,REP,KEN REED,21
Nicholas,PRECINCT 16,Secretary of State,,REP,KEN REED,23
Nicholas,PRECINCT 17,Secretary of State,,REP,KEN REED,35
Nicholas,PRECINCT 18,Secretary of State,,REP,KEN REED,33
Nicholas,PRECINCT 19,Secretary of State,,REP,KEN REED,17
Nicholas,PRECINCT 20,Secretary of State,,REP,KEN REED,24
Nicholas,PRECINCT 21A,Secretary of State,,REP,KEN REED,21
Nicholas,PRECINCT 21B,Secretary of State,,REP,KEN REED,17
Nicholas,PRECINCT 23,Secretary of State,,REP,KEN REED,1
Nicholas,PRECINCT 25,Secretary of State,,REP,KEN REED,1
Nicholas,PRECINCT 26,Secretary of State,,REP,KEN REED,10
Nicholas,PRECINCT 27,Secretary of State,,REP,KEN REED,5
Nicholas,PRECINCT 28,Secretary of State,,REP,KEN REED,20
Nicholas,PRECINCT 29,Secretary of State,,REP,KEN REED,30
Nicholas,PRECINCT 30,Secretary of State,,REP,KEN REED,9
Nicholas,PRECINCT 31,Secretary of State,,REP,KEN REED,3
Nicholas,PRECINCT 32,Secretary of State,,REP,KEN REED,11
Nicholas,PRECINCT 33,Secretary of State,,REP,KEN REED,25
Nicholas,PRECINCT 35,Secretary of State,,REP,KEN REED,53
Nicholas,PRECINCT 36,Secretary of State,,REP,KEN REED,5
Nicholas,PRECINCT 1A,Secretary of State,,DEM,THORNTON COOPER,31
Nicholas,PRECINCT 1B,Secretary of State,,DEM,THORNTON COOPER,14
Nicholas,PRECINCT 2,Secretary of State,,DEM,THORNTON COOPER,35
Nicholas,PRECINCT 3,Secretary of State,,DEM,THORNTON COOPER,22
Nicholas,PRECINCT 5,Secretary of State,,DEM,THORNTON COOPER,45
Nicholas,PRECINCT 7,Secretary of State,,DEM,THORNTON COOPER,30
Nicholas,PRECINCT 8,Secretary of State,,DEM,THORNTON COOPER,22
Nicholas,PRECINCT 9,Secretary of State,,DEM,THORNTON COOPER,16
Nicholas,PRECINCT 13,Secretary of State,,DEM,THORNTON COOPER,15
Nicholas,PRECINCT 14,Secretary of State,,DEM,THORNTON COOPER,39
Nicholas,PRECINCT 15,Secretary of State,,DEM,THORNTON COOPER,33
Nicholas,PRECINCT 16,Secretary of State,,DEM,THORNTON COOPER,27
Nicholas,PRECINCT 17,Secretary of State,,DEM,THORNTON COOPER,53
Nicholas,PRECINCT 18,Secretary of State,,DEM,THORNTON COOPER,89
Nicholas,PRECINCT 19,Secretary of State,,DEM,THORNTON COOPER,28
Nicholas,PRECINCT 20,Secretary of State,,DEM,THORNTON COOPER,67
Nicholas,PRECINCT 21A,Secretary of State,,DEM,THORNTON COOPER,48
Nicholas,PRECINCT 21B,Secretary of State,,DEM,THORNTON COOPER,30
Nicholas,PRECINCT 23,Secretary of State,,DEM,THORNTON COOPER,3
Nicholas,PRECINCT 25,Secretary of State,,DEM,THORNTON COOPER,14
Nicholas,PRECINCT 26,Secretary of State,,DEM,THORNTON COOPER,31
Nicholas,PRECINCT 27,Secretary of State,,DEM,THORNTON COOPER,15
Nicholas,PRECINCT 28,Secretary of State,,DEM,THORNTON COOPER,27
Nicholas,PRECINCT 29,Secretary of State,,DEM,THORNTON COOPER,46
Nicholas,PRECINCT 30,Secretary of State,,DEM,THORNTON COOPER,15
Nicholas,PRECINCT 31,Secretary of State,,DEM,THORNTON COOPER,11
Nicholas,PRECINCT 32,Secretary of State,,DEM,THORNTON COOPER,31
Nicholas,PRECINCT 33,Secretary of State,,DEM,THORNTON COOPER,46
Nicholas,PRECINCT 35,Secretary of State,,DEM,THORNTON COOPER,38
Nicholas,PRECINCT 36,Secretary of State,,DEM,THORNTON COOPER,13
Nicholas,PRECINCT 1A,Secretary of State,,MTN,NO CANDIDATE FILED,0
Nicholas,PRECINCT 1B,Secretary of State,,MTN,NO CANDIDATE FILED,0
Nicholas,PRECINCT 2,Secretary of State,,MTN,NO CANDIDATE FILED,0
Nicholas,PRECINCT 3,Secretary of State,,MTN,NO CANDIDATE FILED,0
Nicholas,PRECINCT 5,Secretary of State,,MTN,NO CANDIDATE FILED,0
Nicholas,PRECINCT 7,Secretary of State,,MTN,NO CANDIDATE FILED,0
Nicholas,PRECINCT 8,Secretary of State,,MTN,NO CANDIDATE FILED,0
Nicholas,PRECINCT 9,Secretary of State,,MTN,NO CANDIDATE FILED,0
Nicholas,PRECINCT 13,Secretary of State,,MTN,NO CANDIDATE FILED,0
Nicholas,PRECINCT 14,Secretary of State,,MTN,NO CANDIDATE FILED,0
Nicholas,PRECINCT 15,Secretary of State,,MTN,NO CANDIDATE FILED,0
Nicholas,PRECINCT 16,Secretary of State,,MTN,NO CANDIDATE FILED,0
Nicholas,PRECINCT 17,Secretary of State,,MTN,NO CANDIDATE FILED,0
Nicholas,PRECINCT 18,Secretary of State,,MTN,NO CANDIDATE FILED,0
Nicholas,PRECINCT 19,Secretary of State,,MTN,NO CANDIDATE FILED,0
Nicholas,PRECINCT 20,Secretary of State,,MTN,NO CANDIDATE FILED,0
Nicholas,PRECINCT 21A,Secretary of State,,MTN,NO CANDIDATE FILED,0
Nicholas,PRECINCT 21B,Secretary of State,,MTN,NO CANDIDATE FILED,0
Nicholas,PRECINCT 23,Secretary of State,,MTN,NO CANDIDATE FILED,0
Nicholas,PRECINCT 25,Secretary of State,,MTN,NO CANDIDATE FILED,0
Nicholas,PRECINCT 26,Secretary of State,,MTN,NO CANDIDATE FILED,0
Nicholas,PRECINCT 27,Secretary of State,,MTN,NO CANDIDATE FILED,0
Nicholas,PRECINCT 28,Secretary of State,,MTN,NO CANDIDATE FILED,0
Nicholas,PRECINCT 29,Secretary of State,,MTN,NO CANDIDATE FILED,0
Nicholas,PRECINCT 30,Secretary of State,,MTN,NO CANDIDATE FILED,0
Nicholas,PRECINCT 31,Secretary of State,,MTN,NO CANDIDATE FILED,0
Nicholas,PRECINCT 32,Secretary of State,,MTN,NO CANDIDATE FILED,0
Nicholas,PRECINCT 33,Secretary of State,,MTN,NO CANDIDATE FILED,0
Nicholas,PRECINCT 35,Secretary of State,,MTN,NO CANDIDATE FILED,0
Nicholas,PRECINCT 36,Secretary of State,,MTN,NO CANDIDATE FILED,0
Nicholas,PRECINCT 1A,Auditor,,REP,CALEB L. HANNA,57
Nicholas,PRECINCT 1B,Auditor,,REP,CALEB L. HANNA,58
Nicholas,PRECINCT 2,Auditor,,REP,CALEB L. HANNA,92
Nicholas,PRECINCT 3,Auditor,,REP,CALEB L. HANNA,86
Nicholas,PRECINCT 5,Auditor,,REP,CALEB L. HANNA,70
Nicholas,PRECINCT 7,Auditor,,REP,CALEB L. HANNA,60
Nicholas,PRECINCT 8,Auditor,,REP,CALEB L. HANNA,41
Nicholas,PRECINCT 9,Auditor,,REP,CALEB L. HANNA,29
Nicholas,PRECINCT 13,Auditor,,REP,CALEB L. HANNA,36
Nicholas,PRECINCT 14,Auditor,,REP,CALEB L. HANNA,55
Nicholas,PRECINCT 15,Auditor,,REP,CALEB L. HANNA,56
Nicholas,PRECINCT 16,Auditor,,REP,CALEB L. HANNA,117
Nicholas,PRECINCT 17,Auditor,,REP,CALEB L. HANNA,118
Nicholas,PRECINCT 18,Auditor,,REP,CALEB L. HANNA,97
Nicholas,PRECINCT 19,Auditor,,REP,CALEB L. HANNA,45
Nicholas,PRECINCT 20,Auditor,,REP,CALEB L. HANNA,73
Nicholas,PRECINCT 21A,Auditor,,REP,CALEB L. HANNA,59
Nicholas,PRECINCT 21B,Auditor,,REP,CALEB L. HANNA,58
Nicholas,PRECINCT 23,Auditor,,REP,CALEB L. HANNA,5
Nicholas,PRECINCT 25,Auditor,,REP,CALEB L. HANNA,6
Nicholas,PRECINCT 26,Auditor,,REP,CALEB L. HANNA,56
Nicholas,PRECINCT 27,Auditor,,REP,CALEB L. HANNA,19
Nicholas,PRECINCT 28,Auditor,,REP,CALEB L. HANNA,76
Nicholas,PRECINCT 29,Auditor,,REP,CALEB L. HANNA,91
Nicholas,PRECINCT 30,Auditor,,REP,CALEB L. HANNA,30
Nicholas,PRECINCT 31,Auditor,,REP,CALEB L. HANNA,17
Nicholas,PRECINCT 32,Auditor,,REP,CALEB L. HANNA,26
Nicholas,PRECINCT 33,Auditor,,REP,CALEB L. HANNA,71
Nicholas,PRECINCT 35,Auditor,,REP,CALEB L. HANNA,84
Nicholas,PRECINCT 36,Auditor,,REP,CALEB L. HANNA,20
Nicholas,PRECINCT 1A,Auditor,,REP,TRICIA JACKSON,2
Nicholas,PRECINCT 1B,Auditor,,REP,TRICIA JACKSON,4
Nicholas,PRECINCT 2,Auditor,,REP,TRICIA JACKSON,16
Nicholas,PRECINCT 3,Auditor,,REP,TRICIA JACKSON,4
Nicholas,PRECINCT 5,Auditor,,REP,TRICIA JACKSON,9
Nicholas,PRECINCT 7,Auditor,,REP,TRICIA JACKSON,3
Nicholas,PRECINCT 8,Auditor,,REP,TRICIA JACKSON,0
Nicholas,PRECINCT 9,Auditor,,REP,TRICIA JACKSON,0
Nicholas,PRECINCT 13,Auditor,,REP,TRICIA JACKSON,14
Nicholas,PRECINCT 14,Auditor,,REP,TRICIA JACKSON,14
Nicholas,PRECINCT 15,Auditor,,REP,TRICIA JACKSON,19
Nicholas,PRECINCT 16,Auditor,,REP,TRICIA JACKSON,12
Nicholas,PRECINCT 17,Auditor,,REP,TRICIA JACKSON,16
Nicholas,PRECINCT 18,Auditor,,REP,TRICIA JACKSON,30
Nicholas,PRECINCT 19,Auditor,,REP,TRICIA JACKSON,14
Nicholas,PRECINCT 20,Auditor,,REP,TRICIA JACKSON,24
Nicholas,PRECINCT 21A,Auditor,,REP,TRICIA JACKSON,16
Nicholas,PRECINCT 21B,Auditor,,REP,TRICIA JACKSON,17
Nicholas,PRECINCT 23,Auditor,,REP,TRICIA JACKSON,3
Nicholas,PRECINCT 25,Auditor,,REP,TRICIA JACKSON,4
Nicholas,PRECINCT 26,Auditor,,REP,TRICIA JACKSON,4
Nicholas,PRECINCT 27,Auditor,,REP,TRICIA JACKSON,5
Nicholas,PRECINCT 28,Auditor,,REP,TRICIA JACKSON,14
Nicholas,PRECINCT 29,Auditor,,REP,TRICIA JACKSON,24
Nicholas,PRECINCT 30,Auditor,,REP,TRICIA JACKSON,6
Nicholas,PRECINCT 31,Auditor,,REP,TRICIA JACKSON,9
Nicholas,PRECINCT 32,Auditor,,REP,TRICIA JACKSON,10
Nicholas,PRECINCT 33,Auditor,,REP,TRICIA JACKSON,24
Nicholas,PRECINCT 35,Auditor,,REP,TRICIA JACKSON,21
Nicholas,PRECINCT 36,Auditor,,REP,TRICIA JACKSON,4
Nicholas,PRECINCT 1A,Auditor,,REP,ERIC L. HOUSEHOLDER,7
Nicholas,PRECINCT 1B,Auditor,,REP,ERIC L. HOUSEHOLDER,5
Nicholas,PRECINCT 2,Auditor,,REP,ERIC L. HOUSEHOLDER,12
Nicholas,PRECINCT 3,Auditor,,REP,ERIC L. HOUSEHOLDER,7
Nicholas,PRECINCT 5,Auditor,,REP,ERIC L. HOUSEHOLDER,4
Nicholas,PRECINCT 7,Auditor,,REP,ERIC L. HOUSEHOLDER,3
Nicholas,PRECINCT 8,Auditor,,REP,ERIC L. HOUSEHOLDER,4
Nicholas,PRECINCT 9,Auditor,,REP,ERIC L. HOUSEHOLDER,2
Nicholas,PRECINCT 13,Auditor,,REP,ERIC L. HOUSEHOLDER,12
Nicholas,PRECINCT 14,Auditor,,REP,ERIC L. HOUSEHOLDER,15
Nicholas,PRECINCT 15,Auditor,,REP,ERIC L. HOUSEHOLDER,23
Nicholas,PRECINCT 16,Auditor,,REP,ERIC L. HOUSEHOLDER,14
Nicholas,PRECINCT 17,Auditor,,REP,ERIC L. HOUSEHOLDER,17
Nicholas,PRECINCT 18,Auditor,,REP,ERIC L. HOUSEHOLDER,52
Nicholas,PRECINCT 19,Auditor,,REP,ERIC L. HOUSEHOLDER,25
Nicholas,PRECINCT 20,Auditor,,REP,ERIC L. HOUSEHOLDER,41
Nicholas,PRECINCT 21A,Auditor,,REP,ERIC L. HOUSEHOLDER,31
Nicholas,PRECINCT 21B,Auditor,,REP,ERIC L. HOUSEHOLDER,19
Nicholas,PRECINCT 23,Auditor,,REP,ERIC L. HOUSEHOLDER,1
Nicholas,PRECINCT 25,Auditor,,REP,ERIC L. HOUSEHOLDER,3
Nicholas,PRECINCT 26,Auditor,,REP,ERIC L. HOUSEHOLDER,4
Nicholas,PRECINCT 27,Auditor,,REP,ERIC L. HOUSEHOLDER,8
Nicholas,PRECINCT 28,Auditor,,REP,ERIC L. HOUSEHOLDER,12
Nicholas,PRECINCT 29,Auditor,,REP,ERIC L. HOUSEHOLDER,54
Nicholas,PRECINCT 30,Auditor,,REP,ERIC L. HOUSEHOLDER,9
Nicholas,PRECINCT 31,Auditor,,REP,ERIC L. HOUSEHOLDER,8
Nicholas,PRECINCT 32,Auditor,,REP,ERIC L. HOUSEHOLDER,21
Nicholas,PRECINCT 33,Auditor,,REP,ERIC L. HOUSEHOLDER,49
Nicholas,PRECINCT 35,Auditor,,REP,ERIC L. HOUSEHOLDER,31
Nicholas,PRECINCT 36,Auditor,,REP,ERIC L. HOUSEHOLDER,6
Nicholas,PRECINCT 1A,Auditor,,REP,MARK HUNT,17
Nicholas,PRECINCT 1B,Auditor,,REP,MARK HUNT,10
Nicholas,PRECINCT 2,Auditor,,REP,MARK HUNT,31
Nicholas,PRECINCT 3,Auditor,,REP,MARK HUNT,9
Nicholas,PRECINCT 5,Auditor,,REP,MARK HUNT,20
Nicholas,PRECINCT 7,Auditor,,REP,MARK HUNT,12
Nicholas,PRECINCT 8,Auditor,,REP,MARK HUNT,12
Nicholas,PRECINCT 9,Auditor,,REP,MARK HUNT,2
Nicholas,PRECINCT 13,Auditor,,REP,MARK HUNT,32
Nicholas,PRECINCT 14,Auditor,,REP,MARK HUNT,44
Nicholas,PRECINCT 15,Auditor,,REP,MARK HUNT,60
Nicholas,PRECINCT 16,Auditor,,REP,MARK HUNT,32
Nicholas,PRECINCT 17,Auditor,,REP,MARK HUNT,39
Nicholas,PRECINCT 18,Auditor,,REP,MARK HUNT,100
Nicholas,PRECINCT 19,Auditor,,REP,MARK HUNT,46
Nicholas,PRECINCT 20,Auditor,,REP,MARK HUNT,66
Nicholas,PRECINCT 21A,Auditor,,REP,MARK HUNT,78
Nicholas,PRECINCT 21B,Auditor,,REP,MARK HUNT,38
Nicholas,PRECINCT 23,Auditor,,REP,MARK HUNT,16
Nicholas,PRECINCT 25,Auditor,,REP,MARK HUNT,41
Nicholas,PRECINCT 26,Auditor,,REP,MARK HUNT,18
Nicholas,PRECINCT 27,Auditor,,REP,MARK HUNT,36
Nicholas,PRECINCT 28,Auditor,,REP,MARK HUNT,35
Nicholas,PRECINCT 29,Auditor,,REP,MARK HUNT,76
Nicholas,PRECINCT 30,Auditor,,REP,MARK HUNT,10
Nicholas,PRECINCT 31,Auditor,,REP,MARK HUNT,32
Nicholas,PRECINCT 32,Auditor,,REP,MARK HUNT,47
Nicholas,PRECINCT 33,Auditor,,REP,MARK HUNT,92
Nicholas,PRECINCT 35,Auditor,,REP,MARK HUNT,86
Nicholas,PRECINCT 36,Auditor,,REP,MARK HUNT,11
Nicholas,PRECINCT 1A,Auditor,,DEM,MARY ANN ROEBUCK CLAYTOR,36
Nicholas,PRECINCT 1B,Auditor,,DEM,MARY ANN ROEBUCK CLAYTOR,15
Nicholas,PRECINCT 2,Auditor,,DEM,MARY ANN ROEBUCK CLAYTOR,35
Nicholas,PRECINCT 3,Auditor,,DEM,MARY ANN ROEBUCK CLAYTOR,28
Nicholas,PRECINCT 5,Auditor,,DEM,MARY ANN ROEBUCK CLAYTOR,49
Nicholas,PRECINCT 7,Auditor,,DEM,MARY ANN ROEBUCK CLAYTOR,34
Nicholas,PRECINCT 8,Auditor,,DEM,MARY ANN ROEBUCK CLAYTOR,25
Nicholas,PRECINCT 9,Auditor,,DEM,MARY ANN ROEBUCK CLAYTOR,20
Nicholas,PRECINCT 13,Auditor,,DEM,MARY ANN ROEBUCK CLAYTOR,15
Nicholas,PRECINCT 14,Auditor,,DEM,MARY ANN ROEBUCK CLAYTOR,45
Nicholas,PRECINCT 15,Auditor,,DEM,MARY ANN ROEBUCK CLAYTOR,33
Nicholas,PRECINCT 16,Auditor,,DEM,MARY ANN ROEBUCK CLAYTOR,25
Nicholas,PRECINCT 17,Auditor,,DEM,MARY ANN ROEBUCK CLAYTOR,51
Nicholas,PRECINCT 18,Auditor,,DEM,MARY ANN ROEBUCK CLAYTOR,91
Nicholas,PRECINCT 19,Auditor,,DEM,MARY ANN ROEBUCK CLAYTOR,33
Nicholas,PRECINCT 20,Auditor,,DEM,MARY ANN ROEBUCK CLAYTOR,71
Nicholas,PRECINCT 21A,Auditor,,DEM,MARY ANN ROEBUCK CLAYTOR,53
Nicholas,PRECINCT 21B,Auditor,,DEM,MARY ANN ROEBUCK CLAYTOR,30
Nicholas,PRECINCT 23,Auditor,,DEM,MARY ANN ROEBUCK CLAYTOR,7
Nicholas,PRECINCT 25,Auditor,,DEM,MARY ANN ROEBUCK CLAYTOR,16
Nicholas,PRECINCT 26,Auditor,,DEM,MARY ANN ROEBUCK CLAYTOR,34
Nicholas,PRECINCT 27,Auditor,,DEM,MARY ANN ROEBUCK CLAYTOR,14
Nicholas,PRECINCT 28,Auditor,,DEM,MARY ANN ROEBUCK CLAYTOR,27
Nicholas,PRECINCT 29,Auditor,,DEM,MARY ANN ROEBUCK CLAYTOR,49
Nicholas,PRECINCT 30,Auditor,,DEM,MARY ANN ROEBUCK CLAYTOR,18
Nicholas,PRECINCT 31,Auditor,,DEM,MARY ANN ROEBUCK CLAYTOR,12
Nicholas,PRECINCT 32,Auditor,,DEM,MARY ANN ROEBUCK CLAYTOR,36
Nicholas,PRECINCT 33,Auditor,,DEM,MARY ANN ROEBUCK CLAYTOR,50
Nicholas,PRECINCT 35,Auditor,,DEM,MARY ANN ROEBUCK CLAYTOR,43
Nicholas,PRECINCT 36,Auditor,,DEM,MARY ANN ROEBUCK CLAYTOR,14
Nicholas,PRECINCT 1A,Auditor,,MTN,NO CANDIDATE FILED,0
Nicholas,PRECINCT 1B,Auditor,,MTN,NO CANDIDATE FILED,0
Nicholas,PRECINCT 2,Auditor,,MTN,NO CANDIDATE FILED,0
Nicholas,PRECINCT 3,Auditor,,MTN,NO CANDIDATE FILED,0
Nicholas,PRECINCT 5,Auditor,,MTN,NO CANDIDATE FILED,0
Nicholas,PRECINCT 7,Auditor,,MTN,NO CANDIDATE FILED,0
Nicholas,PRECINCT 8,Auditor,,MTN,NO CANDIDATE FILED,0
Nicholas,PRECINCT 9,Auditor,,MTN,NO CANDIDATE FILED,0
Nicholas,PRECINCT 13,Auditor,,MTN,NO CANDIDATE FILED,0
Nicholas,PRECINCT 14,Auditor,,MTN,NO CANDIDATE FILED,0
Nicholas,PRECINCT 15,Auditor,,MTN,NO CANDIDATE FILED,0
Nicholas,PRECINCT 16,Auditor,,MTN,NO CANDIDATE FILED,0
Nicholas,PRECINCT 17,Auditor,,MTN,NO CANDIDATE FILED,0
Nicholas,PRECINCT 18,Auditor,,MTN,NO CANDIDATE FILED,0
Nicholas,PRECINCT 19,Auditor,,MTN,NO CANDIDATE FILED,0
Nicholas,PRECINCT 20,Auditor,,MTN,NO CANDIDATE FILED,0
Nicholas,PRECINCT 21A,Auditor,,MTN,NO CANDIDATE FILED,0
Nicholas,PRECINCT 21B,Auditor,,MTN,NO CANDIDATE FILED,0
Nicholas,PRECINCT 23,Auditor,,MTN,NO CANDIDATE FILED,0
Nicholas,PRECINCT 25,Auditor,,MTN,NO CANDIDATE FILED,0
Nicholas,PRECINCT 26,Auditor,,MTN,NO CANDIDATE FILED,0
Nicholas,PRECINCT 27,Auditor,,MTN,NO CANDIDATE FILED,0
Nicholas,PRECINCT 28,Auditor,,MTN,NO CANDIDATE FILED,0
Nicholas,PRECINCT 29,Auditor,,MTN,NO CANDIDATE FILED,0
Nicholas,PRECINCT 30,Auditor,,MTN,NO CANDIDATE FILED,0
Nicholas,PRECINCT 31,Auditor,,MTN,NO CANDIDATE FILED,0
Nicholas,PRECINCT 32,Auditor,,MTN,NO CANDIDATE FILED,0
Nicholas,PRECINCT 33,Auditor,,MTN,NO CANDIDATE FILED,0
Nicholas,PRECINCT 35,Auditor,,MTN,NO CANDIDATE FILED,0
Nicholas,PRECINCT 36,Auditor,,MTN,NO CANDIDATE FILED,0
Nicholas,PRECINCT 1A,State Treasurer,,REP,LARRY PACK,62
Nicholas,PRECINCT 1B,State Treasurer,,REP,LARRY PACK,58
Nicholas,PRECINCT 2,State Treasurer,,REP,LARRY PACK,123
Nicholas,PRECINCT 3,State Treasurer,,REP,LARRY PACK,80
Nicholas,PRECINCT 5,State Treasurer,,REP,LARRY PACK,72
Nicholas,PRECINCT 7,State Treasurer,,REP,LARRY PACK,62
Nicholas,PRECINCT 8,State Treasurer,,REP,LARRY PACK,42
Nicholas,PRECINCT 9,State Treasurer,,REP,LARRY PACK,20
Nicholas,PRECINCT 13,State Treasurer,,REP,LARRY PACK,72
Nicholas,PRECINCT 14,State Treasurer,,REP,LARRY PACK,93
Nicholas,PRECINCT 15,State Treasurer,,REP,LARRY PACK,117
Nicholas,PRECINCT 16,State Treasurer,,REP,LARRY PACK,133
Nicholas,PRECINCT 17,State Treasurer,,REP,LARRY PACK,139
Nicholas,PRECINCT 18,State Treasurer,,REP,LARRY PACK,220
Nicholas,PRECINCT 19,State Treasurer,,REP,LARRY PACK,101
Nicholas,PRECINCT 20,State Treasurer,,REP,LARRY PACK,159
Nicholas,PRECINCT 21A,State Treasurer,,REP,LARRY PACK,151
Nicholas,PRECINCT 21B,State Treasurer,,REP,LARRY PACK,97
Nicholas,PRECINCT 23,State Treasurer,,REP,LARRY PACK,23
Nicholas,PRECINCT 25,State Treasurer,,REP,LARRY PACK,49
Nicholas,PRECINCT 26,State Treasurer,,REP,LARRY PACK,62
Nicholas,PRECINCT 27,State Treasurer,,REP,LARRY PACK,56
Nicholas,PRECINCT 28,State Treasurer,,REP,LARRY PACK,105
Nicholas,PRECINCT 29,State Treasurer,,REP,LARRY PACK,187
Nicholas,PRECINCT 30,State Treasurer,,REP,LARRY PACK,42
Nicholas,PRECINCT 31,State Treasurer,,REP,LARRY PACK,55
Nicholas,PRECINCT 32,State Treasurer,,REP,LARRY PACK,83
Nicholas,PRECINCT 33,State Treasurer,,REP,LARRY PACK,190
Nicholas,PRECINCT 35,State Treasurer,,REP,LARRY PACK,161
Nicholas,PRECINCT 36,State Treasurer,,REP,LARRY PACK,31
Nicholas,PRECINCT 1A,State Treasurer,,DEM,NO CANDIDATE FILED,0
Nicholas,PRECINCT 1B,State Treasurer,,DEM,NO CANDIDATE FILED,0
Nicholas,PRECINCT 2,State Treasurer,,DEM,NO CANDIDATE FILED,0
Nicholas,PRECINCT 3,State Treasurer,,DEM,NO CANDIDATE FILED,0
Nicholas,PRECINCT 5,State Treasurer,,DEM,NO CANDIDATE FILED,0
Nicholas,PRECINCT 7,State Treasurer,,DEM,NO CANDIDATE FILED,0
Nicholas,PRECINCT 8,State Treasurer,,DEM,NO CANDIDATE FILED,0
Nicholas,PRECINCT 9,State Treasurer,,DEM,NO CANDIDATE FILED,0
Nicholas,PRECINCT 13,State Treasurer,,DEM,NO CANDIDATE FILED,0
Nicholas,PRECINCT 14,State Treasurer,,DEM,NO CANDIDATE FILED,0
Nicholas,PRECINCT 15,State Treasurer,,DEM,NO CANDIDATE FILED,0
Nicholas,PRECINCT 16,State Treasurer,,DEM,NO CANDIDATE FILED,0
Nicholas,PRECINCT 17,State Treasurer,,DEM,NO CANDIDATE FILED,0
Nicholas,PRECINCT 18,State Treasurer,,DEM,NO CANDIDATE FILED,0
Nicholas,PRECINCT 19,State Treasurer,,DEM,NO CANDIDATE FILED,0
Nicholas,PRECINCT 20,State Treasurer,,DEM,NO CANDIDATE FILED,0
Nicholas,PRECINCT 21A,State Treasurer,,DEM,NO CANDIDATE FILED,0
Nicholas,PRECINCT 21B,State Treasurer,,DEM,NO CANDIDATE FILED,0
Nicholas,PRECINCT 23,State Treasurer,,DEM,NO CANDIDATE FILED,0
Nicholas,PRECINCT 25,State Treasurer,,DEM,NO CANDIDATE FILED,0
Nicholas,PRECINCT 26,State Treasurer,,DEM,NO CANDIDATE FILED,0
Nicholas,PRECINCT 27,State Treasurer,,DEM,NO CANDIDATE FILED,0
Nicholas,PRECINCT 28,State Treasurer,,DEM,NO CANDIDATE FILED,0
Nicholas,PRECINCT 29,State Treasurer,,DEM,NO CANDIDATE FILED,0
Nicholas,PRECINCT 30,State Treasurer,,DEM,NO CANDIDATE FILED,0
Nicholas,PRECINCT 31,State Treasurer,,DEM,NO CANDIDATE FILED,0
Nicholas,PRECINCT 32,State Treasurer,,DEM,NO CANDIDATE FILED,0
Nicholas,PRECINCT 33,State Treasurer,,DEM,NO CANDIDATE FILED,0
Nicholas,PRECINCT 35,State Treasurer,,DEM,NO CANDIDATE FILED,0
Nicholas,PRECINCT 36,State Treasurer,,DEM,NO CANDIDATE FILED,0
Nicholas,PRECINCT 1A,State Treasurer,,MTN,NO CANDIDATE FILED,0
Nicholas,PRECINCT 1B,State Treasurer,,MTN,NO CANDIDATE FILED,0
Nicholas,PRECINCT 2,State Treasurer,,MTN,NO CANDIDATE FILED,0
Nicholas,PRECINCT 3,State Treasurer,,MTN,NO CANDIDATE FILED,0
Nicholas,PRECINCT 5,State Treasurer,,MTN,NO CANDIDATE FILED,0
Nicholas,PRECINCT 7,State Treasurer,,MTN,NO CANDIDATE FILED,0
Nicholas,PRECINCT 8,State Treasurer,,MTN,NO CANDIDATE FILED,0
Nicholas,PRECINCT 9,State Treasurer,,MTN,NO CANDIDATE FILED,0
Nicholas,PRECINCT 13,State Treasurer,,MTN,NO CANDIDATE FILED,0
Nicholas,PRECINCT 14,State Treasurer,,MTN,NO CANDIDATE FILED,0
Nicholas,PRECINCT 15,State Treasurer,,MTN,NO CANDIDATE FILED,0
Nicholas,PRECINCT 16,State Treasurer,,MTN,NO CANDIDATE FILED,0
Nicholas,PRECINCT 17,State Treasurer,,MTN,NO CANDIDATE FILED,0
Nicholas,PRECINCT 18,State Treasurer,,MTN,NO CANDIDATE FILED,0
Nicholas,PRECINCT 19,State Treasurer,,MTN,NO CANDIDATE FILED,0
Nicholas,PRECINCT 20,State Treasurer,,MTN,NO CANDIDATE FILED,0
Nicholas,PRECINCT 21A,State Treasurer,,MTN,NO CANDIDATE FILED,0
Nicholas,PRECINCT 21B,State Treasurer,,MTN,NO CANDIDATE FILED,0
Nicholas,PRECINCT 23,State Treasurer,,MTN,NO CANDIDATE FILED,0
Nicholas,PRECINCT 25,State Treasurer,,MTN,NO CANDIDATE FILED,0
Nicholas,PRECINCT 26,State Treasurer,,MTN,NO CANDIDATE FILED,0
Nicholas,PRECINCT 27,State Treasurer,,MTN,NO CANDIDATE FILED,0
Nicholas,PRECINCT 28,State Treasurer,,MTN,NO CANDIDATE FILED,0
Nicholas,PRECINCT 29,State Treasurer,,MTN,NO CANDIDATE FILED,0
Nicholas,PRECINCT 30,State Treasurer,,MTN,NO CANDIDATE FILED,0
Nicholas,PRECINCT 31,State Treasurer,,MTN,NO CANDIDATE FILED,0
Nicholas,PRECINCT 32,State Treasurer,,MTN,NO CANDIDATE FILED,0
Nicholas,PRECINCT 33,State Treasurer,,MTN,NO CANDIDATE FILED,0
Nicholas,PRECINCT 35,State Treasurer,,MTN,NO CANDIDATE FILED,0
Nicholas,PRECINCT 36,State Treasurer,,MTN,NO CANDIDATE FILED,0
Nicholas,PRECINCT 1A,Commissioner of Agriculture,,REP,ROY RAMEY,17
Nicholas,PRECINCT 1B,Commissioner of Agriculture,,REP,ROY RAMEY,19
Nicholas,PRECINCT 2,Commissioner of Agriculture,,REP,ROY RAMEY,38
Nicholas,PRECINCT 3,Commissioner of Agriculture,,REP,ROY RAMEY,12
Nicholas,PRECINCT 5,Commissioner of Agriculture,,REP,ROY RAMEY,22
Nicholas,PRECINCT 7,Commissioner of Agriculture,,REP,ROY RAMEY,15
Nicholas,PRECINCT 8,Commissioner of Agriculture,,REP,ROY RAMEY,16
Nicholas,PRECINCT 9,Commissioner of Agriculture,,REP,ROY RAMEY,9
Nicholas,PRECINCT 13,Commissioner of Agriculture,,REP,ROY RAMEY,16
Nicholas,PRECINCT 14,Commissioner of Agriculture,,REP,ROY RAMEY,26
Nicholas,PRECINCT 15,Commissioner of Agriculture,,REP,ROY RAMEY,32
Nicholas,PRECINCT 16,Commissioner of Agriculture,,REP,ROY RAMEY,36
Nicholas,PRECINCT 17,Commissioner of Agriculture,,REP,ROY RAMEY,43
Nicholas,PRECINCT 18,Commissioner of Agriculture,,REP,ROY RAMEY,42
Nicholas,PRECINCT 19,Commissioner of Agriculture,,REP,ROY RAMEY,20
Nicholas,PRECINCT 20,Commissioner of Agriculture,,REP,ROY RAMEY,28
Nicholas,PRECINCT 21A,Commissioner of Agriculture,,REP,ROY RAMEY,34
Nicholas,PRECINCT 21B,Commissioner of Agriculture,,REP,ROY RAMEY,26
Nicholas,PRECINCT 23,Commissioner of Agriculture,,REP,ROY RAMEY,7
Nicholas,PRECINCT 25,Commissioner of Agriculture,,REP,ROY RAMEY,8
Nicholas,PRECINCT 26,Commissioner of Agriculture,,REP,ROY RAMEY,13
Nicholas,PRECINCT 27,Commissioner of Agriculture,,REP,ROY RAMEY,14
Nicholas,PRECINCT 28,Commissioner of Agriculture,,REP,ROY RAMEY,24
Nicholas,PRECINCT 29,Commissioner of Agriculture,,REP,ROY RAMEY,38
Nicholas,PRECINCT 30,Commissioner of Agriculture,,REP,ROY RAMEY,7
Nicholas,PRECINCT 31,Commissioner of Agriculture,,REP,ROY RAMEY,11
Nicholas,PRECINCT 32,Commissioner of Agriculture,,REP,ROY RAMEY,19
Nicholas,PRECINCT 33,Commissioner of Agriculture,,REP,ROY RAMEY,62
Nicholas,PRECINCT 35,Commissioner of Agriculture,,REP,ROY RAMEY,42
Nicholas,PRECINCT 36,Commissioner of Agriculture,,REP,ROY RAMEY,10
Nicholas,PRECINCT 1A,Commissioner of Agriculture,,REP,KENT LEONHARDT,34
Nicholas,PRECINCT 1B,Commissioner of Agriculture,,REP,KENT LEONHARDT,36
Nicholas,PRECINCT 2,Commissioner of Agriculture,,REP,KENT LEONHARDT,69
Nicholas,PRECINCT 3,Commissioner of Agriculture,,REP,KENT LEONHARDT,58
Nicholas,PRECINCT 5,Commissioner of Agriculture,,REP,KENT LEONHARDT,40
Nicholas,PRECINCT 7,Commissioner of Agriculture,,REP,KENT LEONHARDT,35
Nicholas,PRECINCT 8,Commissioner of Agriculture,,REP,KENT LEONHARDT,22
Nicholas,PRECINCT 9,Commissioner of Agriculture,,REP,KENT LEONHARDT,11
Nicholas,PRECINCT 13,Commissioner of Agriculture,,REP,KENT LEONHARDT,50
Nicholas,PRECINCT 14,Commissioner of Agriculture,,REP,KENT LEONHARDT,53
Nicholas,PRECINCT 15,Commissioner of Agriculture,,REP,KENT LEONHARDT,85
Nicholas,PRECINCT 16,Commissioner of Agriculture,,REP,KENT LEONHARDT,88
Nicholas,PRECINCT 17,Commissioner of Agriculture,,REP,KENT LEONHARDT,89
Nicholas,PRECINCT 18,Commissioner of Agriculture,,REP,KENT LEONHARDT,150
Nicholas,PRECINCT 19,Commissioner of Agriculture,,REP,KENT LEONHARDT,61
Nicholas,PRECINCT 20,Commissioner of Agriculture,,REP,KENT LEONHARDT,105
Nicholas,PRECINCT 21A,Commissioner of Agriculture,,REP,KENT LEONHARDT,91
Nicholas,PRECINCT 21B,Commissioner of Agriculture,,REP,KENT LEONHARDT,69
Nicholas,PRECINCT 23,Commissioner of Agriculture,,REP,KENT LEONHARDT,8
Nicholas,PRECINCT 25,Commissioner of Agriculture,,REP,KENT LEONHARDT,18
Nicholas,PRECINCT 26,Commissioner of Agriculture,,REP,KENT LEONHARDT,44
Nicholas,PRECINCT 27,Commissioner of Agriculture,,REP,KENT LEONHARDT,35
Nicholas,PRECINCT 28,Commissioner of Agriculture,,REP,KENT LEONHARDT,68
Nicholas,PRECINCT 29,Commissioner of Agriculture,,REP,KENT LEONHARDT,142
Nicholas,PRECINCT 30,Commissioner of Agriculture,,REP,KENT LEONHARDT,28
Nicholas,PRECINCT 31,Commissioner of Agriculture,,REP,KENT LEONHARDT,39
Nicholas,PRECINCT 32,Commissioner of Agriculture,,REP,KENT LEONHARDT,47
Nicholas,PRECINCT 33,Commissioner of Agriculture,,REP,KENT LEONHARDT,122
Nicholas,PRECINCT 35,Commissioner of Agriculture,,REP,KENT LEONHARDT,128
Nicholas,PRECINCT 36,Commissioner of Agriculture,,REP,KENT LEONHARDT,16
Nicholas,PRECINCT 1A,Commissioner of Agriculture,,REP,JOSHUA KURT HIGGINBOTHAM,20
Nicholas,PRECINCT 1B,Commissioner of Agriculture,,REP,JOSHUA KURT HIGGINBOTHAM,17
Nicholas,PRECINCT 2,Commissioner of Agriculture,,REP,JOSHUA KURT HIGGINBOTHAM,34
Nicholas,PRECINCT 3,Commissioner of Agriculture,,REP,JOSHUA KURT HIGGINBOTHAM,21
Nicholas,PRECINCT 5,Commissioner of Agriculture,,REP,JOSHUA KURT HIGGINBOTHAM,19
Nicholas,PRECINCT 7,Commissioner of Agriculture,,REP,JOSHUA KURT HIGGINBOTHAM,21
Nicholas,PRECINCT 8,Commissioner of Agriculture,,REP,JOSHUA KURT HIGGINBOTHAM,15
Nicholas,PRECINCT 9,Commissioner of Agriculture,,REP,JOSHUA KURT HIGGINBOTHAM,3
Nicholas,PRECINCT 13,Commissioner of Agriculture,,REP,JOSHUA KURT HIGGINBOTHAM,26
Nicholas,PRECINCT 14,Commissioner of Agriculture,,REP,JOSHUA KURT HIGGINBOTHAM,36
Nicholas,PRECINCT 15,Commissioner of Agriculture,,REP,JOSHUA KURT HIGGINBOTHAM,32
Nicholas,PRECINCT 16,Commissioner of Agriculture,,REP,JOSHUA KURT HIGGINBOTHAM,35
Nicholas,PRECINCT 17,Commissioner of Agriculture,,REP,JOSHUA KURT HIGGINBOTHAM,30
Nicholas,PRECINCT 18,Commissioner of Agriculture,,REP,JOSHUA KURT HIGGINBOTHAM,63
Nicholas,PRECINCT 19,Commissioner of Agriculture,,REP,JOSHUA KURT HIGGINBOTHAM,41
Nicholas,PRECINCT 20,Commissioner of Agriculture,,REP,JOSHUA KURT HIGGINBOTHAM,44
Nicholas,PRECINCT 21A,Commissioner of Agriculture,,REP,JOSHUA KURT HIGGINBOTHAM,53
Nicholas,PRECINCT 21B,Commissioner of Agriculture,,REP,JOSHUA KURT HIGGINBOTHAM,30
Nicholas,PRECINCT 23,Commissioner of Agriculture,,REP,JOSHUA KURT HIGGINBOTHAM,8
Nicholas,PRECINCT 25,Commissioner of Agriculture,,REP,JOSHUA KURT HIGGINBOTHAM,21
Nicholas,PRECINCT 26,Commissioner of Agriculture,,REP,JOSHUA KURT HIGGINBOTHAM,12
Nicholas,PRECINCT 27,Commissioner of Agriculture,,REP,JOSHUA KURT HIGGINBOTHAM,19
Nicholas,PRECINCT 28,Commissioner of Agriculture,,REP,JOSHUA KURT HIGGINBOTHAM,30
Nicholas,PRECINCT 29,Commissioner of Agriculture,,REP,JOSHUA KURT HIGGINBOTHAM,45
Nicholas,PRECINCT 30,Commissioner of Agriculture,,REP,JOSHUA KURT HIGGINBOTHAM,14
Nicholas,PRECINCT 31,Commissioner of Agriculture,,REP,JOSHUA KURT HIGGINBOTHAM,12
Nicholas,PRECINCT 32,Commissioner of Agriculture,,REP,JOSHUA KURT HIGGINBOTHAM,32
Nicholas,PRECINCT 33,Commissioner of Agriculture,,REP,JOSHUA KURT HIGGINBOTHAM,48
Nicholas,PRECINCT 35,Commissioner of Agriculture,,REP,JOSHUA KURT HIGGINBOTHAM,49
Nicholas,PRECINCT 36,Commissioner of Agriculture,,REP,JOSHUA KURT HIGGINBOTHAM,10
Nicholas,PRECINCT 1A,Commissioner of Agriculture,,DEM,DEBORAH STILES,34
Nicholas,PRECINCT 1B,Commissioner of Agriculture,,DEM,DEBORAH STILES,15
Nicholas,PRECINCT 2,Commissioner of Agriculture,,DEM,DEBORAH STILES,34
Nicholas,PRECINCT 3,Commissioner of Agriculture,,DEM,DEBORAH STILES,30
Nicholas,PRECINCT 5,Commissioner of Agriculture,,DEM,DEBORAH STILES,47
Nicholas,PRECINCT 7,Commissioner of Agriculture,,DEM,DEBORAH STILES,35
Nicholas,PRECINCT 8,Commissioner of Agriculture,,DEM,DEBORAH STILES,29
Nicholas,PRECINCT 9,Commissioner of Agriculture,,DEM,DEBORAH STILES,21
Nicholas,PRECINCT 13,Commissioner of Agriculture,,DEM,DEBORAH STILES,15
Nicholas,PRECINCT 14,Commissioner of Agriculture,,DEM,DEBORAH STILES,52
Nicholas,PRECINCT 15,Commissioner of Agriculture,,DEM,DEBORAH STILES,30
Nicholas,PRECINCT 16,Commissioner of Agriculture,,DEM,DEBORAH STILES,28
Nicholas,PRECINCT 17,Commissioner of Agriculture,,DEM,DEBORAH STILES,52
Nicholas,PRECINCT 18,Commissioner of Agriculture,,DEM,DEBORAH STILES,99
Nicholas,PRECINCT 19,Commissioner of Agriculture,,DEM,DEBORAH STILES,29
Nicholas,PRECINCT 20,Commissioner of Agriculture,,DEM,DEBORAH STILES,82
Nicholas,PRECINCT 21A,Commissioner of Agriculture,,DEM,DEBORAH STILES,57
Nicholas,PRECINCT 21B,Commissioner of Agriculture,,DEM,DEBORAH STILES,29
Nicholas,PRECINCT 23,Commissioner of Agriculture,,DEM,DEBORAH STILES,6
Nicholas,PRECINCT 25,Commissioner of Agriculture,,DEM,DEBORAH STILES,14
Nicholas,PRECINCT 26,Commissioner of Agriculture,,DEM,DEBORAH STILES,32
Nicholas,PRECINCT 27,Commissioner of Agriculture,,DEM,DEBORAH STILES,12
Nicholas,PRECINCT 28,Commissioner of Agriculture,,DEM,DEBORAH STILES,28
Nicholas,PRECINCT 29,Commissioner of Agriculture,,DEM,DEBORAH STILES,52
Nicholas,PRECINCT 30,Commissioner of Agriculture,,DEM,DEBORAH STILES,20
Nicholas,PRECINCT 31,Commissioner of Agriculture,,DEM,DEBORAH STILES,12
Nicholas,PRECINCT 32,Commissioner of Agriculture,,DEM,DEBORAH STILES,34
Nicholas,PRECINCT 33,Commissioner of Agriculture,,DEM,DEBORAH STILES,59
Nicholas,PRECINCT 35,Commissioner of Agriculture,,DEM,DEBORAH STILES,42
Nicholas,PRECINCT 36,Commissioner of Agriculture,,DEM,DEBORAH STILES,14
Nicholas,PRECINCT 1A,Commissioner of Agriculture,,MTN,NO CANDIDATE FILED,0
Nicholas,PRECINCT 1B,Commissioner of Agriculture,,MTN,NO CANDIDATE FILED,0
Nicholas,PRECINCT 2,Commissioner of Agriculture,,MTN,NO CANDIDATE FILED,0
Nicholas,PRECINCT 3,Commissioner of Agriculture,,MTN,NO CANDIDATE FILED,0
Nicholas,PRECINCT 5,Commissioner of Agriculture,,MTN,NO CANDIDATE FILED,0
Nicholas,PRECINCT 7,Commissioner of Agriculture,,MTN,NO CANDIDATE FILED,0
Nicholas,PRECINCT 8,Commissioner of Agriculture,,MTN,NO CANDIDATE FILED,0
Nicholas,PRECINCT 9,Commissioner of Agriculture,,MTN,NO CANDIDATE FILED,0
Nicholas,PRECINCT 13,Commissioner of Agriculture,,MTN,NO CANDIDATE FILED,0
Nicholas,PRECINCT 14,Commissioner of Agriculture,,MTN,NO CANDIDATE FILED,0
Nicholas,PRECINCT 15,Commissioner of Agriculture,,MTN,NO CANDIDATE FILED,0
Nicholas,PRECINCT 16,Commissioner of Agriculture,,MTN,NO CANDIDATE FILED,0
Nicholas,PRECINCT 17,Commissioner of Agriculture,,MTN,NO CANDIDATE FILED,0
Nicholas,PRECINCT 18,Commissioner of Agriculture,,MTN,NO CANDIDATE FILED,0
Nicholas,PRECINCT 19,Commissioner of Agriculture,,MTN,NO CANDIDATE FILED,0
Nicholas,PRECINCT 20,Commissioner of Agriculture,,MTN,NO CANDIDATE FILED,0
Nicholas,PRECINCT 21A,Commissioner of Agriculture,,MTN,NO CANDIDATE FILED,0
Nicholas,PRECINCT 21B,Commissioner of Agriculture,,MTN,NO CANDIDATE FILED,0
Nicholas,PRECINCT 23,Commissioner of Agriculture,,MTN,NO CANDIDATE FILED,0
Nicholas,PRECINCT 25,Commissioner of Agriculture,,MTN,NO CANDIDATE FILED,0
Nicholas,PRECINCT 26,Commissioner of Agriculture,,MTN,NO CANDIDATE FILED,0
Nicholas,PRECINCT 27,Commissioner of Agriculture,,MTN,NO CANDIDATE FILED,0
Nicholas,PRECINCT 28,Commissioner of Agriculture,,MTN,NO CANDIDATE FILED,0
Nicholas,PRECINCT 29,Commissioner of Agriculture,,MTN,NO CANDIDATE FILED,0
Nicholas,PRECINCT 30,Commissioner of Agriculture,,MTN,NO CANDIDATE FILED,0
Nicholas,PRECINCT 31,Commissioner of Agriculture,,MTN,NO CANDIDATE FILED,0
Nicholas,PRECINCT 32,Commissioner of Agriculture,,MTN,NO CANDIDATE FILED,0
Nicholas,PRECINCT 33,Commissioner of Agriculture,,MTN,NO CANDIDATE FILED,0
Nicholas,PRECINCT 35,Commissioner of Agriculture,,MTN,NO CANDIDATE FILED,0
Nicholas,PRECINCT 36,Commissioner of Agriculture,,MTN,NO CANDIDATE FILED,0
Nicholas,PRECINCT 1A,Attorney General,,REP,JOHN 'JB' McCUSKEY,47
Nicholas,PRECINCT 1B,Attorney General,,REP,JOHN 'JB' McCUSKEY,43
Nicholas,PRECINCT 2,Attorney General,,REP,JOHN 'JB' McCUSKEY,75
Nicholas,PRECINCT 3,Attorney General,,REP,JOHN 'JB' McCUSKEY,56
Nicholas,PRECINCT 5,Attorney General,,REP,JOHN 'JB' McCUSKEY,43
Nicholas,PRECINCT 7,Attorney General,,REP,JOHN 'JB' McCUSKEY,39
Nicholas,PRECINCT 8,Attorney General,,REP,JOHN 'JB' McCUSKEY,36
Nicholas,PRECINCT 9,Attorney General,,REP,JOHN 'JB' McCUSKEY,13
Nicholas,PRECINCT 13,Attorney General,,REP,JOHN 'JB' McCUSKEY,49
Nicholas,PRECINCT 14,Attorney General,,REP,JOHN 'JB' McCUSKEY,53
Nicholas,PRECINCT 15,Attorney General,,REP,JOHN 'JB' McCUSKEY,98
Nicholas,PRECINCT 16,Attorney General,,REP,JOHN 'JB' McCUSKEY,89
Nicholas,PRECINCT 17,Attorney General,,REP,JOHN 'JB' McCUSKEY,97
Nicholas,PRECINCT 18,Attorney General,,REP,JOHN 'JB' McCUSKEY,150
Nicholas,PRECINCT 19,Attorney General,,REP,JOHN 'JB' McCUSKEY,77
Nicholas,PRECINCT 20,Attorney General,,REP,JOHN 'JB' McCUSKEY,112
Nicholas,PRECINCT 21A,Attorney General,,REP,JOHN 'JB' McCUSKEY,100
Nicholas,PRECINCT 21B,Attorney General,,REP,JOHN 'JB' McCUSKEY,84
Nicholas,PRECINCT 23,Attorney General,,REP,JOHN 'JB' McCUSKEY,16
Nicholas,PRECINCT 25,Attorney General,,REP,JOHN 'JB' McCUSKEY,31
Nicholas,PRECINCT 26,Attorney General,,REP,JOHN 'JB' McCUSKEY,43
Nicholas,PRECINCT 27,Attorney General,,REP,JOHN 'JB' McCUSKEY,35
Nicholas,PRECINCT 28,Attorney General,,REP,JOHN 'JB' McCUSKEY,75
Nicholas,PRECINCT 29,Attorney General,,REP,JOHN 'JB' McCUSKEY,134
Nicholas,PRECINCT 30,Attorney General,,REP,JOHN 'JB' McCUSKEY,36
Nicholas,PRECINCT 31,Attorney General,,REP,JOHN 'JB' McCUSKEY,37
Nicholas,PRECINCT 32,Attorney General,,REP,JOHN 'JB' McCUSKEY,56
Nicholas,PRECINCT 33,Attorney General,,REP,JOHN 'JB' McCUSKEY,138
Nicholas,PRECINCT 35,Attorney General,,REP,JOHN 'JB' McCUSKEY,132
Nicholas,PRECINCT 36,Attorney General,,REP,JOHN 'JB' McCUSKEY,21
Nicholas,PRECINCT 1A,Attorney General,,REP,MIKE STUART,30
Nicholas,PRECINCT 1B,Attorney General,,REP,MIKE STUART,25
Nicholas,PRECINCT 2,Attorney General,,REP,MIKE STUART,66
Nicholas,PRECINCT 3,Attorney General,,REP,MIKE STUART,32
Nicholas,PRECINCT 5,Attorney General,,REP,MIKE STUART,41
Nicholas,PRECINCT 7,Attorney General,,REP,MIKE STUART,31
Nicholas,PRECINCT 8,Attorney General,,REP,MIKE STUART,15
Nicholas,PRECINCT 9,Attorney General,,REP,MIKE STUART,15
Nicholas,PRECINCT 13,Attorney General,,REP,MIKE STUART,39
Nicholas,PRECINCT 14,Attorney General,,REP,MIKE STUART,62
Nicholas,PRECINCT 15,Attorney General,,REP,MIKE STUART,54
Nicholas,PRECINCT 16,Attorney General,,REP,MIKE STUART,67
Nicholas,PRECINCT 17,Attorney General,,REP,MIKE STUART,68
Nicholas,PRECINCT 18,Attorney General,,REP,MIKE STUART,110
Nicholas,PRECINCT 19,Attorney General,,REP,MIKE STUART,49
Nicholas,PRECINCT 20,Attorney General,,REP,MIKE STUART,80
Nicholas,PRECINCT 21A,Attorney General,,REP,MIKE STUART,74
Nicholas,PRECINCT 21B,Attorney General,,REP,MIKE STUART,39
Nicholas,PRECINCT 23,Attorney General,,REP,MIKE STUART,8
Nicholas,PRECINCT 25,Attorney General,,REP,MIKE STUART,21
Nicholas,PRECINCT 26,Attorney General,,REP,MIKE STUART,31
Nicholas,PRECINCT 27,Attorney General,,REP,MIKE STUART,32
Nicholas,PRECINCT 28,Attorney General,,REP,MIKE STUART,55
Nicholas,PRECINCT 29,Attorney General,,REP,MIKE STUART,95
Nicholas,PRECINCT 30,Attorney General,,REP,MIKE STUART,13
Nicholas,PRECINCT 31,Attorney General,,REP,MIKE STUART,22
Nicholas,PRECINCT 32,Attorney General,,REP,MIKE STUART,44
Nicholas,PRECINCT 33,Attorney General,,REP,MIKE STUART,95
Nicholas,PRECINCT 35,Attorney General,,REP,MIKE STUART,90
Nicholas,PRECINCT 36,Attorney General,,REP,MIKE STUART,16
Nicholas,PRECINCT 1A,Attorney General,,DEM,RICHIE ROBB,31
Nicholas,PRECINCT 1B,Attorney General,,DEM,RICHIE ROBB,7
Nicholas,PRECINCT 2,Attorney General,,DEM,RICHIE ROBB,25
Nicholas,PRECINCT 3,Attorney General,,DEM,RICHIE ROBB,16
Nicholas,PRECINCT 5,Attorney General,,DEM,RICHIE ROBB,34
Nicholas,PRECINCT 7,Attorney General,,DEM,RICHIE ROBB,27
Nicholas,PRECINCT 8,Attorney General,,DEM,RICHIE ROBB,26
Nicholas,PRECINCT 9,Attorney General,,DEM,RICHIE ROBB,16
Nicholas,PRECINCT 13,Attorney General,,DEM,RICHIE ROBB,15
Nicholas,PRECINCT 14,Attorney General,,DEM,RICHIE ROBB,34
Nicholas,PRECINCT 15,Attorney General,,DEM,RICHIE ROBB,28
Nicholas,PRECINCT 16,Attorney General,,DEM,RICHIE ROBB,22
Nicholas,PRECINCT 17,Attorney General,,DEM,RICHIE ROBB,39
Nicholas,PRECINCT 18,Attorney General,,DEM,RICHIE ROBB,79
Nicholas,PRECINCT 19,Attorney General,,DEM,RICHIE ROBB,23
Nicholas,PRECINCT 20,Attorney General,,DEM,RICHIE ROBB,57
Nicholas,PRECINCT 21A,Attorney General,,DEM,RICHIE ROBB,32
Nicholas,PRECINCT 21B,Attorney General,,DEM,RICHIE ROBB,20
Nicholas,PRECINCT 23,Attorney General,,DEM,RICHIE ROBB,2
Nicholas,PRECINCT 25,Attorney General,,DEM,RICHIE ROBB,17
Nicholas,PRECINCT 26,Attorney General,,DEM,RICHIE ROBB,26
Nicholas,PRECINCT 27,Attorney General,,DEM,RICHIE ROBB,11
Nicholas,PRECINCT 28,Attorney General,,DEM,RICHIE ROBB,18
Nicholas,PRECINCT 29,Attorney General,,DEM,RICHIE ROBB,36
Nicholas,PRECINCT 30,Attorney General,,DEM,RICHIE ROBB,15
Nicholas,PRECINCT 31,Attorney General,,DEM,RICHIE ROBB,12
Nicholas,PRECINCT 32,Attorney General,,DEM,RICHIE ROBB,24
Nicholas,PRECINCT 33,Attorney General,,DEM,RICHIE ROBB,33
Nicholas,PRECINCT 35,Attorney General,,DEM,RICHIE ROBB,25
Nicholas,PRECINCT 36,Attorney General,,DEM,RICHIE ROBB,10
Nicholas,PRECINCT 1A,Attorney General,,DEM,TERESA TORISEVA,9
Nicholas,PRECINCT 1B,Attorney General,,DEM,TERESA TORISEVA,11
Nicholas,PRECINCT 2,Attorney General,,DEM,TERESA TORISEVA,15
Nicholas,PRECINCT 3,Attorney General,,DEM,TERESA TORISEVA,14
Nicholas,PRECINCT 5,Attorney General,,DEM,TERESA TORISEVA,18
Nicholas,PRECINCT 7,Attorney General,,DEM,TERESA TORISEVA,12
Nicholas,PRECINCT 8,Attorney General,,DEM,TERESA TORISEVA,10
Nicholas,PRECINCT 9,Attorney General,,DEM,TERESA TORISEVA,6
Nicholas,PRECINCT 13,Attorney General,,DEM,TERESA TORISEVA,6
Nicholas,PRECINCT 14,Attorney General,,DEM,TERESA TORISEVA,24
Nicholas,PRECINCT 15,Attorney General,,DEM,TERESA TORISEVA,14
Nicholas,PRECINCT 16,Attorney General,,DEM,TERESA TORISEVA,15
Nicholas,PRECINCT 17,Attorney General,,DEM,TERESA TORISEVA,18
Nicholas,PRECINCT 18,Attorney General,,DEM,TERESA TORISEVA,36
Nicholas,PRECINCT 19,Attorney General,,DEM,TERESA TORISEVA,14
Nicholas,PRECINCT 20,Attorney General,,DEM,TERESA TORISEVA,29
Nicholas,PRECINCT 21A,Attorney General,,DEM,TERESA TORISEVA,29
Nicholas,PRECINCT 21B,Attorney General,,DEM,TERESA TORISEVA,15
Nicholas,PRECINCT 23,Attorney General,,DEM,TERESA TORISEVA,3
Nicholas,PRECINCT 25,Attorney General,,DEM,TERESA TORISEVA,4
Nicholas,PRECINCT 26,Attorney General,,DEM,TERESA TORISEVA,13
Nicholas,PRECINCT 27,Attorney General,,DEM,TERESA TORISEVA,2
Nicholas,PRECINCT 28,Attorney General,,DEM,TERESA TORISEVA,10
Nicholas,PRECINCT 29,Attorney General,,DEM,TERESA TORISEVA,25
Nicholas,PRECINCT 30,Attorney General,,DEM,TERESA TORISEVA,10
Nicholas,PRECINCT 31,Attorney General,,DEM,TERESA TORISEVA,2
Nicholas,PRECINCT 32,Attorney General,,DEM,TERESA TORISEVA,12
Nicholas,PRECINCT 33,Attorney General,,DEM,TERESA TORISEVA,30
Nicholas,PRECINCT 35,Attorney General,,DEM,TERESA TORISEVA,29
Nicholas,PRECINCT 36,Attorney General,,DEM,TERESA TORISEVA,5
Nicholas,PRECINCT 1A,Attorney General,,MTN,NO CANDIDATE FILED,0
Nicholas,PRECINCT 1B,Attorney General,,MTN,NO CANDIDATE FILED,0
Nicholas,PRECINCT 2,Attorney General,,MTN,NO CANDIDATE FILED,0
Nicholas,PRECINCT 3,Attorney General,,MTN,NO CANDIDATE FILED,0
Nicholas,PRECINCT 5,Attorney General,,MTN,NO CANDIDATE FILED,0
Nicholas,PRECINCT 7,Attorney General,,MTN,NO CANDIDATE FILED,0
Nicholas,PRECINCT 8,Attorney General,,MTN,NO CANDIDATE FILED,0
Nicholas,PRECINCT 9,Attorney General,,MTN,NO CANDIDATE FILED,0
Nicholas,PRECINCT 13,Attorney General,,MTN,NO CANDIDATE FILED,0
Nicholas,PRECINCT 14,Attorney General,,MTN,NO CANDIDATE FILED,0
Nicholas,PRECINCT 15,Attorney General,,MTN,NO CANDIDATE FILED,0
Nicholas,PRECINCT 16,Attorney General,,MTN,NO CANDIDATE FILED,0
Nicholas,PRECINCT 17,Attorney General,,MTN,NO CANDIDATE FILED,0
Nicholas,PRECINCT 18,Attorney General,,MTN,NO CANDIDATE FILED,0
Nicholas,PRECINCT 19,Attorney General,,MTN,NO CANDIDATE FILED,0
Nicholas,PRECINCT 20,Attorney General,,MTN,NO CANDIDATE FILED,0
Nicholas,PRECINCT 21A,Attorney General,,MTN,NO CANDIDATE FILED,0
Nicholas,PRECINCT 21B,Attorney General,,MTN,NO CANDIDATE FILED,0
Nicholas,PRECINCT 23,Attorney General,,MTN,NO CANDIDATE FILED,0
Nicholas,PRECINCT 25,Attorney General,,MTN,NO CANDIDATE FILED,0
Nicholas,PRECINCT 26,Attorney General,,MTN,NO CANDIDATE FILED,0
Nicholas,PRECINCT 27,Attorney General,,MTN,NO CANDIDATE FILED,0
Nicholas,PRECINCT 28,Attorney General,,MTN,NO CANDIDATE FILED,0
Nicholas,PRECINCT 29,Attorney General,,MTN,NO CANDIDATE FILED,0
Nicholas,PRECINCT 30,Attorney General,,MTN,NO CANDIDATE FILED,0
Nicholas,PRECINCT 31,Attorney General,,MTN,NO CANDIDATE FILED,0
Nicholas,PRECINCT 32,Attorney General,,MTN,NO CANDIDATE FILED,0
Nicholas,PRECINCT 33,Attorney General,,MTN,NO CANDIDATE FILED,0
Nicholas,PRECINCT 35,Attorney General,,MTN,NO CANDIDATE FILED,0
Nicholas,PRECINCT 36,Attorney General,,MTN,NO CANDIDATE FILED,0
Nicholas,PRECINCT 1A,State Senate,10,REP,JACK DAVID WOODRUM,65
Nicholas,PRECINCT 1B,State Senate,10,REP,JACK DAVID WOODRUM,61
Nicholas,PRECINCT 2,State Senate,10,REP,JACK DAVID WOODRUM,123
Nicholas,PRECINCT 3,State Senate,10,REP,JACK DAVID WOODRUM,82
Nicholas,PRECINCT 5,State Senate,10,REP,JACK DAVID WOODRUM,72
Nicholas,PRECINCT 7,State Senate,10,REP,JACK DAVID WOODRUM,67
Nicholas,PRECINCT 8,State Senate,10,REP,JACK DAVID WOODRUM,45
Nicholas,PRECINCT 9,State Senate,10,REP,JACK DAVID WOODRUM,23
Nicholas,PRECINCT 13,State Senate,10,REP,JACK DAVID WOODRUM,75
Nicholas,PRECINCT 14,State Senate,10,REP,JACK DAVID WOODRUM,100
Nicholas,PRECINCT 15,State Senate,10,REP,JACK DAVID WOODRUM,117
Nicholas,PRECINCT 16,State Senate,10,REP,JACK DAVID WOODRUM,140
Nicholas,PRECINCT 17,State Senate,10,REP,JACK DAVID WOODRUM,142
Nicholas,PRECINCT 18,State Senate,10,REP,JACK DAVID WOODRUM,213
Nicholas,PRECINCT 19,State Senate,10,REP,JACK DAVID WOODRUM,106
Nicholas,PRECINCT 20,State Senate,10,REP,JACK DAVID WOODRUM,158
Nicholas,PRECINCT 21A,State Senate,10,REP,JACK DAVID WOODRUM,142
Nicholas,PRECINCT 21B,State Senate,10,REP,JACK DAVID WOODRUM,100
Nicholas,PRECINCT 23,State Senate,10,REP,JACK DAVID WOODRUM,24
Nicholas,PRECINCT 25,State Senate,10,REP,JACK DAVID WOODRUM,46
Nicholas,PRECINCT 26,State Senate,10,REP,JACK DAVID WOODRUM,63
Nicholas,PRECINCT 27,State Senate,10,REP,JACK DAVID WOODRUM,60
Nicholas,PRECINCT 28,State Senate,10,REP,JACK DAVID WOODRUM,107
Nicholas,PRECINCT 29,State Senate,10,REP,JACK DAVID WOODRUM,188
Nicholas,PRECINCT 30,State Senate,10,REP,JACK DAVID WOODRUM,42
Nicholas,PRECINCT 31,State Senate,10,REP,JACK DAVID WOODRUM,53
Nicholas,PRECINCT 32,State Senate,10,REP,JACK DAVID WOODRUM,87
Nicholas,PRECINCT 33,State Senate,10,REP,JACK DAVID WOODRUM,200
Nicholas,PRECINCT 35,State Senate,10,REP,JACK DAVID WOODRUM,183
Nicholas,PRECINCT 36,State Senate,10,REP,JACK DAVID WOODRUM,29
Nicholas,PRECINCT 1A,State Senate,10,DEM,NO CANDIDATE FILED,0
Nicholas,PRECINCT 1B,State Senate,10,DEM,NO CANDIDATE FILED,0
Nicholas,PRECINCT 2,State Senate,10,DEM,NO CANDIDATE FILED,0
Nicholas,PRECINCT 3,State Senate,10,DEM,NO CANDIDATE FILED,0
Nicholas,PRECINCT 5,State Senate,10,DEM,NO CANDIDATE FILED,0
Nicholas,PRECINCT 7,State Senate,10,DEM,NO CANDIDATE FILED,0
Nicholas,PRECINCT 8,State Senate,10,DEM,NO CANDIDATE FILED,0
Nicholas,PRECINCT 9,State Senate,10,DEM,NO CANDIDATE FILED,0
Nicholas,PRECINCT 13,State Senate,10,DEM,NO CANDIDATE FILED,0
Nicholas,PRECINCT 14,State Senate,10,DEM,NO CANDIDATE FILED,0
Nicholas,PRECINCT 15,State Senate,10,DEM,NO CANDIDATE FILED,0
Nicholas,PRECINCT 16,State Senate,10,DEM,NO CANDIDATE FILED,0
Nicholas,PRECINCT 17,State Senate,10,DEM,NO CANDIDATE FILED,0
Nicholas,PRECINCT 18,State Senate,10,DEM,NO CANDIDATE FILED,0
Nicholas,PRECINCT 19,State Senate,10,DEM,NO CANDIDATE FILED,0
Nicholas,PRECINCT 20,State Senate,10,DEM,NO CANDIDATE FILED,0
Nicholas,PRECINCT 21A,State Senate,10,DEM,NO CANDIDATE FILED,0
Nicholas,PRECINCT 21B,State Senate,10,DEM,NO CANDIDATE FILED,0
Nicholas,PRECINCT 23,State Senate,10,DEM,NO CANDIDATE FILED,0
Nicholas,PRECINCT 25,State Senate,10,DEM,NO CANDIDATE FILED,0
Nicholas,PRECINCT 26,State Senate,10,DEM,NO CANDIDATE FILED,0
Nicholas,PRECINCT 27,State Senate,10,DEM,NO CANDIDATE FILED,0
Nicholas,PRECINCT 28,State Senate,10,DEM,NO CANDIDATE FILED,0
Nicholas,PRECINCT 29,State Senate,10,DEM,NO CANDIDATE FILED,0
Nicholas,PRECINCT 30,State Senate,10,DEM,NO CANDIDATE FILED,0
Nicholas,PRECINCT 31,State Senate,10,DEM,NO CANDIDATE FILED,0
Nicholas,PRECINCT 32,State Senate,10,DEM,NO CANDIDATE FILED,0
Nicholas,PRECINCT 33,State Senate,10,DEM,NO CANDIDATE FILED,0
Nicholas,PRECINCT 35,State Senate,10,DEM,NO CANDIDATE FILED,0
Nicholas,PRECINCT 36,State Senate,10,DEM,NO CANDIDATE FILED,0
Nicholas,PRECINCT 1A,State Senate,10,MTN,NO CANDIDATE FILED,0
Nicholas,PRECINCT 1B,State Senate,10,MTN,NO CANDIDATE FILED,0
Nicholas,PRECINCT 2,State Senate,10,MTN,NO CANDIDATE FILED,0
Nicholas,PRECINCT 3,State Senate,10,MTN,NO CANDIDATE FILED,0
Nicholas,PRECINCT 5,State Senate,10,MTN,NO CANDIDATE FILED,0
Nicholas,PRECINCT 7,State Senate,10,MTN,NO CANDIDATE FILED,0
Nicholas,PRECINCT 8,State Senate,10,MTN,NO CANDIDATE FILED,0
Nicholas,PRECINCT 9,State Senate,10,MTN,NO CANDIDATE FILED,0
Nicholas,PRECINCT 13,State Senate,10,MTN,NO CANDIDATE FILED,0
Nicholas,PRECINCT 14,State Senate,10,MTN,NO CANDIDATE FILED,0
Nicholas,PRECINCT 15,State Senate,10,MTN,NO CANDIDATE FILED,0
Nicholas,PRECINCT 16,State Senate,10,MTN,NO CANDIDATE FILED,0
Nicholas,PRECINCT 17,State Senate,10,MTN,NO CANDIDATE FILED,0
Nicholas,PRECINCT 18,State Senate,10,MTN,NO CANDIDATE FILED,0
Nicholas,PRECINCT 19,State Senate,10,MTN,NO CANDIDATE FILED,0
Nicholas,PRECINCT 20,State Senate,10,MTN,NO CANDIDATE FILED,0
Nicholas,PRECINCT 21A,State Senate,10,MTN,NO CANDIDATE FILED,0
Nicholas,PRECINCT 21B,State Senate,10,MTN,NO CANDIDATE FILED,0
Nicholas,PRECINCT 23,State Senate,10,MTN,NO CANDIDATE FILED,0
Nicholas,PRECINCT 25,State Senate,10,MTN,NO CANDIDATE FILED,0
Nicholas,PRECINCT 26,State Senate,10,MTN,NO CANDIDATE FILED,0
Nicholas,PRECINCT 27,State Senate,10,MTN,NO CANDIDATE FILED,0
Nicholas,PRECINCT 28,State Senate,10,MTN,NO CANDIDATE FILED,0
Nicholas,PRECINCT 29,State Senate,10,MTN,NO CANDIDATE FILED,0
Nicholas,PRECINCT 30,State Senate,10,MTN,NO CANDIDATE FILED,0
Nicholas,PRECINCT 31,State Senate,10,MTN,NO CANDIDATE FILED,0
Nicholas,PRECINCT 32,State Senate,10,MTN,NO CANDIDATE FILED,0
Nicholas,PRECINCT 33,State Senate,10,MTN,NO CANDIDATE FILED,0
Nicholas,PRECINCT 35,State Senate,10,MTN,NO CANDIDATE FILED,0
Nicholas,PRECINCT 36,State Senate,10,MTN,NO CANDIDATE FILED,0
Nicholas,PRECINCT 1A,State House,48,REP,THOMAS CLARK,69
Nicholas,PRECINCT 1B,State House,48,REP,THOMAS CLARK,62
Nicholas,PRECINCT 2,State House,48,REP,THOMAS CLARK,135
Nicholas,PRECINCT 3,State House,48,REP,THOMAS CLARK,92
Nicholas,PRECINCT 5,State House,48,REP,THOMAS CLARK,83
Nicholas,PRECINCT 7,State House,48,REP,THOMAS CLARK,68
Nicholas,PRECINCT 8,State House,48,REP,THOMAS CLARK,44
Nicholas,PRECINCT 9,State House,48,REP,THOMAS CLARK,24
Nicholas,PRECINCT 17,State House,48,REP,THOMAS CLARK,166
Nicholas,PRECINCT 26,State House,48,REP,THOMAS CLARK,67
Nicholas,PRECINCT 30,State House,48,REP,THOMAS CLARK,49
Nicholas,PRECINCT 1A,State House,48,DEM,DEVIN C. SPINKS,42
Nicholas,PRECINCT 1B,State House,48,DEM,DEVIN C. SPINKS,19
Nicholas,PRECINCT 2,State House,48,DEM,DEVIN C. SPINKS,43
Nicholas,PRECINCT 3,State House,48,DEM,DEVIN C. SPINKS,34
Nicholas,PRECINCT 5,State House,48,DEM,DEVIN C. SPINKS,55
Nicholas,PRECINCT 7,State House,48,DEM,DEVIN C. SPINKS,40
Nicholas,PRECINCT 8,State House,48,DEM,DEVIN C. SPINKS,35
Nicholas,PRECINCT 9,State House,48,DEM,DEVIN C. SPINKS,27
Nicholas,PRECINCT 17,State House,48,DEM,DEVIN C. SPINKS,60
Nicholas,PRECINCT 26,State House,48,DEM,DEVIN C. SPINKS,41
Nicholas,PRECINCT 30,State House,48,DEM,DEVIN C. SPINKS,30
Nicholas,PRECINCT 1A,State House,48,MTN,NO CANDIDATE FILED,0
Nicholas,PRECINCT 1B,State House,48,MTN,NO CANDIDATE FILED,0
Nicholas,PRECINCT 2,State House,48,MTN,NO CANDIDATE FILED,0
Nicholas,PRECINCT 3,State House,48,MTN,NO CANDIDATE FILED,0
Nicholas,PRECINCT 5,State House,48,MTN,NO CANDIDATE FILED,0
Nicholas,PRECINCT 7,State House,48,MTN,NO CANDIDATE FILED,0
Nicholas,PRECINCT 8,State House,48,MTN,NO CANDIDATE FILED,0
Nicholas,PRECINCT 9,State House,48,MTN,NO CANDIDATE FILED,0
Nicholas,PRECINCT 17,State House,48,MTN,NO CANDIDATE FILED,0
Nicholas,PRECINCT 26,State House,48,MTN,NO CANDIDATE FILED,0
Nicholas,PRECINCT 30,State House,48,MTN,NO CANDIDATE FILED,0
Nicholas,PRECINCT 13,State House,49,REP,HEATHER TULLY,51
Nicholas,PRECINCT 14,State House,49,REP,HEATHER TULLY,76
Nicholas,PRECINCT 15,State House,49,REP,HEATHER TULLY,75
Nicholas,PRECINCT 16,State House,49,REP,HEATHER TULLY,75
Nicholas,PRECINCT 18,State House,49,REP,HEATHER TULLY,139
Nicholas,PRECINCT 19,State House,49,REP,HEATHER TULLY,81
Nicholas,PRECINCT 20,State House,49,REP,HEATHER TULLY,94
Nicholas,PRECINCT 21A,State House,49,REP,HEATHER TULLY,88
Nicholas,PRECINCT 21B,State House,49,REP,HEATHER TULLY,56
Nicholas,PRECINCT 23,State House,49,REP,HEATHER TULLY,12
Nicholas,PRECINCT 25,State House,49,REP,HEATHER TULLY,28
Nicholas,PRECINCT 27,State House,49,REP,HEATHER TULLY,35
Nicholas,PRECINCT 28,State House,49,REP,HEATHER TULLY,66
Nicholas,PRECINCT 29,State House,49,REP,HEATHER TULLY,102
Nicholas,PRECINCT 31,State House,49,REP,HEATHER TULLY,33
Nicholas,PRECINCT 32,State House,49,REP,HEATHER TULLY,69
Nicholas,PRECINCT 33,State House,49,REP,HEATHER TULLY,126
Nicholas,PRECINCT 35,State House,49,REP,HEATHER TULLY,135
Nicholas,PRECINCT 36,State House,49,REP,HEATHER TULLY,18
Nicholas,PRECINCT 13,State House,49,REP,STANLEY S. ADKINS,47
Nicholas,PRECINCT 14,State House,49,REP,STANLEY S. ADKINS,62
Nicholas,PRECINCT 15,State House,49,REP,STANLEY S. ADKINS,97
Nicholas,PRECINCT 16,State House,49,REP,STANLEY S. ADKINS,112
Nicholas,PRECINCT 18,State House,49,REP,STANLEY S. ADKINS,171
Nicholas,PRECINCT 19,State House,49,REP,STANLEY S. ADKINS,67
Nicholas,PRECINCT 20,State House,49,REP,STANLEY S. ADKINS,126
Nicholas,PRECINCT 21A,State House,49,REP,STANLEY S. ADKINS,115
Nicholas,PRECINCT 21B,State House,49,REP,STANLEY S. ADKINS,86
Nicholas,PRECINCT 23,State House,49,REP,STANLEY S. ADKINS,13
Nicholas,PRECINCT 25,State House,49,REP,STANLEY S. ADKINS,26
Nicholas,PRECINCT 27,State House,49,REP,STANLEY S. ADKINS,39
Nicholas,PRECINCT 28,State House,49,REP,STANLEY S. ADKINS,81
Nicholas,PRECINCT 29,State House,49,REP,STANLEY S. ADKINS,158
Nicholas,PRECINCT 31,State House,49,REP,STANLEY S. ADKINS,40
Nicholas,PRECINCT 32,State House,49,REP,STANLEY S. ADKINS,46
Nicholas,PRECINCT 33,State House,49,REP,STANLEY S. ADKINS,137
Nicholas,PRECINCT 35,State House,49,REP,STANLEY S. ADKINS,123
Nicholas,PRECINCT 36,State House,49,REP,STANLEY S. ADKINS,23
Nicholas,PRECINCT 13,State House,49,DEM,JEAN NUTTER,23
Nicholas,PRECINCT 14,State House,49,DEM,JEAN NUTTER,63
Nicholas,PRECINCT 15,State House,49,DEM,JEAN NUTTER,43
Nicholas,PRECINCT 16,State House,49,DEM,JEAN NUTTER,37
Nicholas,PRECINCT 18,State House,49,DEM,JEAN NUTTER,117
Nicholas,PRECINCT 19,State House,49,DEM,JEAN NUTTER,31
Nicholas,PRECINCT 20,State House,49,DEM,JEAN NUTTER,92
Nicholas,PRECINCT 21A,State House,49,DEM,JEAN NUTTER,62
Nicholas,PRECINCT 21B,State House,49,DEM,JEAN NUTTER,37
Nicholas,PRECINCT 23,State House,49,DEM,JEAN NUTTER,7
Nicholas,PRECINCT 25,State House,49,DEM,JEAN NUTTER,17
Nicholas,PRECINCT 27,State House,49,DEM,JEAN NUTTER,16
Nicholas,PRECINCT 28,State House,49,DEM,JEAN NUTTER,31
Nicholas,PRECINCT 29,State House,49,DEM,JEAN NUTTER,58
Nicholas,PRECINCT 31,State House,49,DEM,JEAN NUTTER,17
Nicholas,PRECINCT 32,State House,49,DEM,JEAN NUTTER,40
Nicholas,PRECINCT 33,State House,49,DEM,JEAN NUTTER,69
Nicholas,PRECINCT 35,State House,49,DEM,JEAN NUTTER,58
Nicholas,PRECINCT 36,State House,49,DEM,JEAN NUTTER,14
Nicholas,PRECINCT 13,State House,49,MTN,NO CANDIDATE FILED,0
Nicholas,PRECINCT 14,State House,49,MTN,NO CANDIDATE FILED,0
Nicholas,PRECINCT 15,State House,49,MTN,NO CANDIDATE FILED,0
Nicholas,PRECINCT 16,State House,49,MTN,NO CANDIDATE FILED,0
Nicholas,PRECINCT 18,State House,49,MTN,NO CANDIDATE FILED,0
Nicholas,PRECINCT 19,State House,49,MTN,NO CANDIDATE FILED,0
Nicholas,PRECINCT 20,State House,49,MTN,NO CANDIDATE FILED,0
Nicholas,PRECINCT 21A,State House,49,MTN,NO CANDIDATE FILED,0
Nicholas,PRECINCT 21B,State House,49,MTN,NO CANDIDATE FILED,0
Nicholas,PRECINCT 23,State House,49,MTN,NO CANDIDATE FILED,0
Nicholas,PRECINCT 25,State House,49,MTN,NO CANDIDATE FILED,0
Nicholas,PRECINCT 27,State House,49,MTN,NO CANDIDATE FILED,0
Nicholas,PRECINCT 28,State House,49,MTN,NO CANDIDATE FILED,0
Nicholas,PRECINCT 29,State House,49,MTN,NO CANDIDATE FILED,0
Nicholas,PRECINCT 31,State House,49,MTN,NO CANDIDATE FILED,0
Nicholas,PRECINCT 32,State House,49,MTN,NO CANDIDATE FILED,0
Nicholas,PRECINCT 33,State House,49,MTN,NO CANDIDATE FILED,0
Nicholas,PRECINCT 35,State House,49,MTN,NO CANDIDATE FILED,0
Nicholas,PRECINCT 36,State House,49,MTN,NO CANDIDATE FILED,0
Nicholas,PRECINCT 1A,Supreme Court of Appeals,,,HALEY BUNN,99
Nicholas,PRECINCT 1B,Supreme Court of Appeals,,,HALEY BUNN,78
Nicholas,PRECINCT 2,Supreme Court of Appeals,,,HALEY BUNN,168
Nicholas,PRECINCT 3,Supreme Court of Appeals,,,HALEY BUNN,103
Nicholas,PRECINCT 5,Supreme Court of Appeals,,,HALEY BUNN,120
Nicholas,PRECINCT 7,Supreme Court of Appeals,,,HALEY BUNN,97
Nicholas,PRECINCT 8,Supreme Court of Appeals,,,HALEY BUNN,70
Nicholas,PRECINCT 9,Supreme Court of Appeals,,,HALEY BUNN,46
Nicholas,PRECINCT 13,Supreme Court of Appeals,,,HALEY BUNN,94
Nicholas,PRECINCT 14,Supreme Court of Appeals,,,HALEY BUNN,157
Nicholas,PRECINCT 15,Supreme Court of Appeals,,,HALEY BUNN,155
Nicholas,PRECINCT 16,Supreme Court of Appeals,,,HALEY BUNN,174
Nicholas,PRECINCT 17,Supreme Court of Appeals,,,HALEY BUNN,196
Nicholas,PRECINCT 18,Supreme Court of Appeals,,,HALEY BUNN,313
Nicholas,PRECINCT 19,Supreme Court of Appeals,,,HALEY BUNN,141
Nicholas,PRECINCT 20,Supreme Court of Appeals,,,HALEY BUNN,226
Nicholas,PRECINCT 21A,Supreme Court of Appeals,,,HALEY BUNN,193
Nicholas,PRECINCT 21B,Supreme Court of Appeals,,,HALEY BUNN,130
Nicholas,PRECINCT 23,Supreme Court of Appeals,,,HALEY BUNN,34
Nicholas,PRECINCT 25,Supreme Court of Appeals,,,HALEY BUNN,64
Nicholas,PRECINCT 26,Supreme Court of Appeals,,,HALEY BUNN,98
Nicholas,PRECINCT 27,Supreme Court of Appeals,,,HALEY BUNN,74
Nicholas,PRECINCT 28,Supreme Court of Appeals,,,HALEY BUNN,136
Nicholas,PRECINCT 29,Supreme Court of Appeals,,,HALEY BUNN,232
Nicholas,PRECINCT 30,Supreme Court of Appeals,,,HALEY BUNN,54
Nicholas,PRECINCT 31,Supreme Court of Appeals,,,HALEY BUNN,61
Nicholas,PRECINCT 32,Supreme Court of Appeals,,,HALEY BUNN,123
Nicholas,PRECINCT 33,Supreme Court of Appeals,,,HALEY BUNN,259
Nicholas,PRECINCT 35,Supreme Court of Appeals,,,HALEY BUNN,213
Nicholas,PRECINCT 36,Supreme Court of Appeals,,,HALEY BUNN,43
Nicholas,PRECINCT 1A,Supreme Court of Appeals,,,CHARLES S. TRUMP IV,95
Nicholas,PRECINCT 1B,Supreme Court of Appeals,,,CHARLES S. TRUMP IV,73
Nicholas,PRECINCT 2,Supreme Court of Appeals,,,CHARLES S. TRUMP IV,154
Nicholas,PRECINCT 3,Supreme Court of Appeals,,,CHARLES S. TRUMP IV,106
Nicholas,PRECINCT 5,Supreme Court of Appeals,,,CHARLES S. TRUMP IV,113
Nicholas,PRECINCT 7,Supreme Court of Appeals,,,CHARLES S. TRUMP IV,96
Nicholas,PRECINCT 8,Supreme Court of Appeals,,,CHARLES S. TRUMP IV,67
Nicholas,PRECINCT 9,Supreme Court of Appeals,,,CHARLES S. TRUMP IV,47
Nicholas,PRECINCT 13,Supreme Court of Appeals,,,CHARLES S. TRUMP IV,86
Nicholas,PRECINCT 14,Supreme Court of Appeals,,,CHARLES S. TRUMP IV,147
Nicholas,PRECINCT 15,Supreme Court of Appeals,,,CHARLES S. TRUMP IV,146
Nicholas,PRECINCT 16,Supreme Court of Appeals,,,CHARLES S. TRUMP IV,175
Nicholas,PRECINCT 17,Supreme Court of Appeals,,,CHARLES S. TRUMP IV,183
Nicholas,PRECINCT 18,Supreme Court of Appeals,,,CHARLES S. TRUMP IV,299
Nicholas,PRECINCT 19,Supreme Court of Appeals,,,CHARLES S. TRUMP IV,132
Nicholas,PRECINCT 20,Supreme Court of Appeals,,,CHARLES S. TRUMP IV,205
Nicholas,PRECINCT 21A,Supreme Court of Appeals,,,CHARLES S. TRUMP IV,189
Nicholas,PRECINCT 21B,Supreme Court of Appeals,,,CHARLES S. TRUMP IV,126
Nicholas,PRECINCT 23,Supreme Court of Appeals,,,CHARLES S. TRUMP IV,33
Nicholas,PRECINCT 25,Supreme Court of Appeals,,,CHARLES S. TRUMP IV,64
Nicholas,PRECINCT 26,Supreme Court of Appeals,,,CHARLES S. TRUMP IV,92
Nicholas,PRECINCT 27,Supreme Court of Appeals,,,CHARLES S. TRUMP IV,70
Nicholas,PRECINCT 28,Supreme Court of Appeals,,,CHARLES S. TRUMP IV,136
Nicholas,PRECINCT 29,Supreme Court of Appeals,,,CHARLES S. TRUMP IV,225
Nicholas,PRECINCT 30,Supreme Court of Appeals,,,CHARLES S. TRUMP IV,53
Nicholas,PRECINCT 31,Supreme Court of Appeals,,,CHARLES S. TRUMP IV,61
Nicholas,PRECINCT 32,Supreme Court of Appeals,,,CHARLES S. TRUMP IV,116
Nicholas,PRECINCT 33,Supreme Court of Appeals,,,CHARLES S. TRUMP IV,257
Nicholas,PRECINCT 35,Supreme Court of Appeals,,,CHARLES S. TRUMP IV,205
Nicholas,PRECINCT 36,Supreme Court of Appeals,,,CHARLES S. TRUMP IV,45
Nicholas,PRECINCT 1A,Supreme Court of Appeals,,,ELGINE HECETA McARDLE,11
Nicholas,PRECINCT 1B,Supreme Court of Appeals,,,ELGINE HECETA McARDLE,16
Nicholas,PRECINCT 2,Supreme Court of Appeals,,,ELGINE HECETA McARDLE,25
Nicholas,PRECINCT 3,Supreme Court of Appeals,,,ELGINE HECETA McARDLE,17
Nicholas,PRECINCT 5,Supreme Court of Appeals,,,ELGINE HECETA McARDLE,14
Nicholas,PRECINCT 7,Supreme Court of Appeals,,,ELGINE HECETA McARDLE,14
Nicholas,PRECINCT 8,Supreme Court of Appeals,,,ELGINE HECETA McARDLE,18
Nicholas,PRECINCT 9,Supreme Court of Appeals,,,ELGINE HECETA McARDLE,6
Nicholas,PRECINCT 13,Supreme Court of Appeals,,,ELGINE HECETA McARDLE,17
Nicholas,PRECINCT 14,Supreme Court of Appeals,,,ELGINE HECETA McARDLE,19
Nicholas,PRECINCT 15,Supreme Court of Appeals,,,ELGINE HECETA McARDLE,22
Nicholas,PRECINCT 16,Supreme Court of Appeals,,,ELGINE HECETA McARDLE,28
Nicholas,PRECINCT 17,Supreme Court of Appeals,,,ELGINE HECETA McARDLE,32
Nicholas,PRECINCT 18,Supreme Court of Appeals,,,ELGINE HECETA McARDLE,45
Nicholas,PRECINCT 19,Supreme Court of Appeals,,,ELGINE HECETA McARDLE,24
Nicholas,PRECINCT 20,Supreme Court of Appeals,,,ELGINE HECETA McARDLE,33
Nicholas,PRECINCT 21A,Supreme Court of Appeals,,,ELGINE HECETA McARDLE,30
Nicholas,PRECINCT 21B,Supreme Court of Appeals,,,ELGINE HECETA McARDLE,28
Nicholas,PRECINCT 23,Supreme Court of Appeals,,,ELGINE HECETA McARDLE,2
Nicholas,PRECINCT 25,Supreme Court of Appeals,,,ELGINE HECETA McARDLE,2
Nicholas,PRECINCT 26,Supreme Court of Appeals,,,ELGINE HECETA McARDLE,18
Nicholas,PRECINCT 27,Supreme Court of Appeals,,,ELGINE HECETA McARDLE,6
Nicholas,PRECINCT 28,Supreme Court of Appeals,,,ELGINE HECETA McARDLE,16
Nicholas,PRECINCT 29,Supreme Court of Appeals,,,ELGINE HECETA McARDLE,32
Nicholas,PRECINCT 30,Supreme Court of Appeals,,,ELGINE HECETA McARDLE,12
Nicholas,PRECINCT 31,Supreme Court of Appeals,,,ELGINE HECETA McARDLE,7
Nicholas,PRECINCT 32,Supreme Court of Appeals,,,ELGINE HECETA McARDLE,17
Nicholas,PRECINCT 33,Supreme Court of Appeals,,,ELGINE HECETA McARDLE,43
Nicholas,PRECINCT 35,Supreme Court of Appeals,,,ELGINE HECETA McARDLE,41
Nicholas,PRECINCT 36,Supreme Court of Appeals,,,ELGINE HECETA McARDLE,6
Nicholas,PRECINCT 1A,Supreme Court of Appeals,,,MYCHAL S. SCHULZ,26
Nicholas,PRECINCT 1B,Supreme Court of Appeals,,,MYCHAL S. SCHULZ,19
Nicholas,PRECINCT 2,Supreme Court of Appeals,,,MYCHAL S. SCHULZ,33
Nicholas,PRECINCT 3,Supreme Court of Appeals,,,MYCHAL S. SCHULZ,23
Nicholas,PRECINCT 5,Supreme Court of Appeals,,,MYCHAL S. SCHULZ,17
Nicholas,PRECINCT 7,Supreme Court of Appeals,,,MYCHAL S. SCHULZ,18
Nicholas,PRECINCT 8,Supreme Court of Appeals,,,MYCHAL S. SCHULZ,25
Nicholas,PRECINCT 9,Supreme Court of Appeals,,,MYCHAL S. SCHULZ,12
Nicholas,PRECINCT 13,Supreme Court of Appeals,,,MYCHAL S. SCHULZ,25
Nicholas,PRECINCT 14,Supreme Court of Appeals,,,MYCHAL S. SCHULZ,38
Nicholas,PRECINCT 15,Supreme Court of Appeals,,,MYCHAL S. SCHULZ,32
Nicholas,PRECINCT 16,Supreme Court of Appeals,,,MYCHAL S. SCHULZ,35
Nicholas,PRECINCT 17,Supreme Court of Appeals,,,MYCHAL S. SCHULZ,42
Nicholas,PRECINCT 18,Supreme Court of Appeals,,,MYCHAL S. SCHULZ,68
Nicholas,PRECINCT 19,Supreme Court of Appeals,,,MYCHAL S. SCHULZ,21
Nicholas,PRECINCT 20,Supreme Court of Appeals,,,MYCHAL S. SCHULZ,55
Nicholas,PRECINCT 21A,Supreme Court of Appeals,,,MYCHAL S. SCHULZ,33
Nicholas,PRECINCT 21B,Supreme Court of Appeals,,,MYCHAL S. SCHULZ,25
Nicholas,PRECINCT 23,Supreme Court of Appeals,,,MYCHAL S. SCHULZ,8
Nicholas,PRECINCT 25,Supreme Court of Appeals,,,MYCHAL S. SCHULZ,14
Nicholas,PRECINCT 26,Supreme Court of Appeals,,,MYCHAL S. SCHULZ,15
Nicholas,PRECINCT 27,Supreme Court of Appeals,,,MYCHAL S. SCHULZ,16
Nicholas,PRECINCT 28,Supreme Court of Appeals,,,MYCHAL S. SCHULZ,29
Nicholas,PRECINCT 29,Supreme Court of Appeals,,,MYCHAL S. SCHULZ,40
Nicholas,PRECINCT 30,Supreme Court of Appeals,,,MYCHAL S. SCHULZ,11
Nicholas,PRECINCT 31,Supreme Court of Appeals,,,MYCHAL S. SCHULZ,11
Nicholas,PRECINCT 32,Supreme Court of Appeals,,,MYCHAL S. SCHULZ,27
Nicholas,PRECINCT 33,Supreme Court of Appeals,,,MYCHAL S. SCHULZ,61
Nicholas,PRECINCT 35,Supreme Court of Appeals,,,MYCHAL S. SCHULZ,51
Nicholas,PRECINCT 36,Supreme Court of Appeals,,,MYCHAL S. SCHULZ,8
Nicholas,PRECINCT 1A,Supreme Court of Appeals,,,S. RYAN WHITE,65
Nicholas,PRECINCT 1B,Supreme Court of Appeals,,,S. RYAN WHITE,45
Nicholas,PRECINCT 2,Supreme Court of Appeals,,,S. RYAN WHITE,119
Nicholas,PRECINCT 3,Supreme Court of Appeals,,,S. RYAN WHITE,81
Nicholas,PRECINCT 5,Supreme Court of Appeals,,,S. RYAN WHITE,93
Nicholas,PRECINCT 7,Supreme Court of Appeals,,,S. RYAN WHITE,79
Nicholas,PRECINCT 8,Supreme Court of Appeals,,,S. RYAN WHITE,39
Nicholas,PRECINCT 9,Supreme Court of Appeals,,,S. RYAN WHITE,33
Nicholas,PRECINCT 13,Supreme Court of Appeals,,,S. RYAN WHITE,65
Nicholas,PRECINCT 14,Supreme Court of Appeals,,,S. RYAN WHITE,114
Nicholas,PRECINCT 15,Supreme Court of Appeals,,,S. RYAN WHITE,125
Nicholas,PRECINCT 16,Supreme Court of Appeals,,,S. RYAN WHITE,132
Nicholas,PRECINCT 17,Supreme Court of Appeals,,,S. RYAN WHITE,141
Nicholas,PRECINCT 18,Supreme Court of Appeals,,,S. RYAN WHITE,239
Nicholas,PRECINCT 19,Supreme Court of Appeals,,,S. RYAN WHITE,110
Nicholas,PRECINCT 20,Supreme Court of Appeals,,,S. RYAN WHITE,159
Nicholas,PRECINCT 21A,Supreme Court of Appeals,,,S. RYAN WHITE,158
Nicholas,PRECINCT 21B,Supreme Court of Appeals,,,S. RYAN WHITE,104
Nicholas,PRECINCT 23,Supreme Court of Appeals,,,S. RYAN WHITE,23
Nicholas,PRECINCT 25,Supreme Court of Appeals,,,S. RYAN WHITE,54
Nicholas,PRECINCT 26,Supreme Court of Appeals,,,S. RYAN WHITE,73
Nicholas,PRECINCT 27,Supreme Court of Appeals,,,S. RYAN WHITE,57
Nicholas,PRECINCT 28,Supreme Court of Appeals,,,S. RYAN WHITE,109
Nicholas,PRECINCT 29,Supreme Court of Appeals,,,S. RYAN WHITE,197
Nicholas,PRECINCT 30,Supreme Court of Appeals,,,S. RYAN WHITE,44
Nicholas,PRECINCT 31,Supreme Court of Appeals,,,S. RYAN WHITE,56
Nicholas,PRECINCT 32,Supreme Court of Appeals,,,S. RYAN WHITE,92
Nicholas,PRECINCT 33,Supreme Court of Appeals,,,S. RYAN WHITE,175
Nicholas,PRECINCT 35,Supreme Court of Appeals,,,S. RYAN WHITE,159
Nicholas,PRECINCT 36,Supreme Court of Appeals,,,S. RYAN WHITE,35
Nicholas,PRECINCT 1A,Supreme Court of Appeals,,,STEPHEN O. CALLAGHAN,105
Nicholas,PRECINCT 1B,Supreme Court of Appeals,,,STEPHEN O. CALLAGHAN,83
Nicholas,PRECINCT 2,Supreme Court of Appeals,,,STEPHEN O. CALLAGHAN,177
Nicholas,PRECINCT 3,Supreme Court of Appeals,,,STEPHEN O. CALLAGHAN,120
Nicholas,PRECINCT 5,Supreme Court of Appeals,,,STEPHEN O. CALLAGHAN,127
Nicholas,PRECINCT 7,Supreme Court of Appeals,,,STEPHEN O. CALLAGHAN,112
Nicholas,PRECINCT 8,Supreme Court of Appeals,,,STEPHEN O. CALLAGHAN,83
Nicholas,PRECINCT 9,Supreme Court of Appeals,,,STEPHEN O. CALLAGHAN,52
Nicholas,PRECINCT 13,Supreme Court of Appeals,,,STEPHEN O. CALLAGHAN,111
Nicholas,PRECINCT 14,Supreme Court of Appeals,,,STEPHEN O. CALLAGHAN,177
Nicholas,PRECINCT 15,Supreme Court of Appeals,,,STEPHEN O. CALLAGHAN,196
Nicholas,PRECINCT 16,Supreme Court of Appeals,,,STEPHEN O. CALLAGHAN,206
Nicholas,PRECINCT 17,Supreme Court of Appeals,,,STEPHEN O. CALLAGHAN,215
Nicholas,PRECINCT 18,Supreme Court of Appeals,,,STEPHEN O. CALLAGHAN,381
Nicholas,PRECINCT 19,Supreme Court of Appeals,,,STEPHEN O. CALLAGHAN,168
Nicholas,PRECINCT 20,Supreme Court of Appeals,,,STEPHEN O. CALLAGHAN,266
Nicholas,PRECINCT 21A,Supreme Court of Appeals,,,STEPHEN O. CALLAGHAN,219
Nicholas,PRECINCT 21B,Supreme Court of Appeals,,,STEPHEN O. CALLAGHAN,151
Nicholas,PRECINCT 23,Supreme Court of Appeals,,,STEPHEN O. CALLAGHAN,32
Nicholas,PRECINCT 25,Supreme Court of Appeals,,,STEPHEN O. CALLAGHAN,68
Nicholas,PRECINCT 26,Supreme Court of Appeals,,,STEPHEN O. CALLAGHAN,112
Nicholas,PRECINCT 27,Supreme Court of Appeals,,,STEPHEN O. CALLAGHAN,79
Nicholas,PRECINCT 28,Supreme Court of Appeals,,,STEPHEN O. CALLAGHAN,155
Nicholas,PRECINCT 29,Supreme Court of Appeals,,,STEPHEN O. CALLAGHAN,272
Nicholas,PRECINCT 30,Supreme Court of Appeals,,,STEPHEN O. CALLAGHAN,68
Nicholas,PRECINCT 31,Supreme Court of Appeals,,,STEPHEN O. CALLAGHAN,69
Nicholas,PRECINCT 32,Supreme Court of Appeals,,,STEPHEN O. CALLAGHAN,139
Nicholas,PRECINCT 33,Supreme Court of Appeals,,,STEPHEN O. CALLAGHAN,296
Nicholas,PRECINCT 35,Supreme Court of Appeals,,,STEPHEN O. CALLAGHAN,265
Nicholas,PRECINCT 36,Supreme Court of Appeals,,,STEPHEN O. CALLAGHAN,48
Nicholas,PRECINCT 1A,Supreme Court of Appeals,,,E. SCOTT STANTON,16
Nicholas,PRECINCT 1B,Supreme Court of Appeals,,,E. SCOTT STANTON,8
Nicholas,PRECINCT 2,Supreme Court of Appeals,,,E. SCOTT STANTON,17
Nicholas,PRECINCT 3,Supreme Court of Appeals,,,E. SCOTT STANTON,17
Nicholas,PRECINCT 5,Supreme Court of Appeals,,,E. SCOTT STANTON,12
Nicholas,PRECINCT 7,Supreme Court of Appeals,,,E. SCOTT STANTON,7
Nicholas,PRECINCT 8,Supreme Court of Appeals,,,E. SCOTT STANTON,3
Nicholas,PRECINCT 9,Supreme Court of Appeals,,,E. SCOTT STANTON,5
Nicholas,PRECINCT 13,Supreme Court of Appeals,,,E. SCOTT STANTON,26
Nicholas,PRECINCT 14,Supreme Court of Appeals,,,E. SCOTT STANTON,49
Nicholas,PRECINCT 15,Supreme Court of Appeals,,,E. SCOTT STANTON,42
Nicholas,PRECINCT 16,Supreme Court of Appeals,,,E. SCOTT STANTON,21
Nicholas,PRECINCT 17,Supreme Court of Appeals,,,E. SCOTT STANTON,21
Nicholas,PRECINCT 18,Supreme Court of Appeals,,,E. SCOTT STANTON,111
Nicholas,PRECINCT 19,Supreme Court of Appeals,,,E. SCOTT STANTON,41
Nicholas,PRECINCT 20,Supreme Court of Appeals,,,E. SCOTT STANTON,78
Nicholas,PRECINCT 21A,Supreme Court of Appeals,,,E. SCOTT STANTON,70
Nicholas,PRECINCT 21B,Supreme Court of Appeals,,,E. SCOTT STANTON,56
Nicholas,PRECINCT 23,Supreme Court of Appeals,,,E. SCOTT STANTON,7
Nicholas,PRECINCT 25,Supreme Court of Appeals,,,E. SCOTT STANTON,13
Nicholas,PRECINCT 26,Supreme Court of Appeals,,,E. SCOTT STANTON,22
Nicholas,PRECINCT 27,Supreme Court of Appeals,,,E. SCOTT STANTON,8
Nicholas,PRECINCT 28,Supreme Court of Appeals,,,E. SCOTT STANTON,46
Nicholas,PRECINCT 29,Supreme Court of Appeals,,,E. SCOTT STANTON,73
Nicholas,PRECINCT 30,Supreme Court of Appeals,,,E. SCOTT STANTON,14
Nicholas,PRECINCT 31,Supreme Court of Appeals,,,E. SCOTT STANTON,19
Nicholas,PRECINCT 32,Supreme Court of Appeals,,,E. SCOTT STANTON,32
Nicholas,PRECINCT 33,Supreme Court of Appeals,,,E. SCOTT STANTON,58
Nicholas,PRECINCT 35,Supreme Court of Appeals,,,E. SCOTT STANTON,54
Nicholas,PRECINCT 36,Supreme Court of Appeals,,,E. SCOTT STANTON,3
Nicholas,PRECINCT 1A,Supreme Court of Appeals,,,GREGORY A. TUCKER,57
Nicholas,PRECINCT 1B,Supreme Court of Appeals,,,GREGORY A. TUCKER,42
Nicholas,PRECINCT 2,Supreme Court of Appeals,,,GREGORY A. TUCKER,93
Nicholas,PRECINCT 3,Supreme Court of Appeals,,,GREGORY A. TUCKER,73
Nicholas,PRECINCT 5,Supreme Court of Appeals,,,GREGORY A. TUCKER,104
Nicholas,PRECINCT 7,Supreme Court of Appeals,,,GREGORY A. TUCKER,73
Nicholas,PRECINCT 8,Supreme Court of Appeals,,,GREGORY A. TUCKER,55
Nicholas,PRECINCT 9,Supreme Court of Appeals,,,GREGORY A. TUCKER,35
Nicholas,PRECINCT 13,Supreme Court of Appeals,,,GREGORY A. TUCKER,81
Nicholas,PRECINCT 14,Supreme Court of Appeals,,,GREGORY A. TUCKER,116
Nicholas,PRECINCT 15,Supreme Court of Appeals,,,GREGORY A. TUCKER,143
Nicholas,PRECINCT 16,Supreme Court of Appeals,,,GREGORY A. TUCKER,133
Nicholas,PRECINCT 17,Supreme Court of Appeals,,,GREGORY A. TUCKER,137
Nicholas,PRECINCT 18,Supreme Court of Appeals,,,GREGORY A. TUCKER,278
Nicholas,PRECINCT 19,Supreme Court of Appeals,,,GREGORY A. TUCKER,121
Nicholas,PRECINCT 20,Supreme Court of Appeals,,,GREGORY A. TUCKER,213
Nicholas,PRECINCT 21A,Supreme Court of Appeals,,,GREGORY A. TUCKER,168
Nicholas,PRECINCT 21B,Supreme Court of Appeals,,,GREGORY A. TUCKER,114
Nicholas,PRECINCT 23,Supreme Court of Appeals,,,GREGORY A. TUCKER,20
Nicholas,PRECINCT 25,Supreme Court of Appeals,,,GREGORY A. TUCKER,53
Nicholas,PRECINCT 26,Supreme Court of Appeals,,,GREGORY A. TUCKER,78
Nicholas,PRECINCT 27,Supreme Court of Appeals,,,GREGORY A. TUCKER,65
Nicholas,PRECINCT 28,Supreme Court of Appeals,,,GREGORY A. TUCKER,94
Nicholas,PRECINCT 29,Supreme Court of Appeals,,,GREGORY A. TUCKER,214
Nicholas,PRECINCT 30,Supreme Court of Appeals,,,GREGORY A. TUCKER,54
Nicholas,PRECINCT 31,Supreme Court of Appeals,,,GREGORY A. TUCKER,56
Nicholas,PRECINCT 32,Supreme Court of Appeals,,,GREGORY A. TUCKER,104
Nicholas,PRECINCT 33,Supreme Court of Appeals,,,GREGORY A. TUCKER,219
Nicholas,PRECINCT 35,Supreme Court of Appeals,,,GREGORY A. TUCKER,216
Nicholas,PRECINCT 36,Supreme Court of Appeals,,,GREGORY A. TUCKER,42
Nicholas,PRECINCT 1A,Supreme Court of Appeals,,,MICHAEL N. COX,59
Nicholas,PRECINCT 1B,Supreme Court of Appeals,,,MICHAEL N. COX,51
Nicholas,PRECINCT 2,Supreme Court of Appeals,,,MICHAEL N. COX,98
Nicholas,PRECINCT 3,Supreme Court of Appeals,,,MICHAEL N. COX,56
Nicholas,PRECINCT 5,Supreme Court of Appeals,,,MICHAEL N. COX,54
Nicholas,PRECINCT 7,Supreme Court of Appeals,,,MICHAEL N. COX,44
Nicholas,PRECINCT 8,Supreme Court of Appeals,,,MICHAEL N. COX,44
Nicholas,PRECINCT 9,Supreme Court of Appeals,,,MICHAEL N. COX,24
Nicholas,PRECINCT 13,Supreme Court of Appeals,,,MICHAEL N. COX,25
Nicholas,PRECINCT 14,Supreme Court of Appeals,,,MICHAEL N. COX,37
Nicholas,PRECINCT 15,Supreme Court of Appeals,,,MICHAEL N. COX,52
Nicholas,PRECINCT 16,Supreme Court of Appeals,,,MICHAEL N. COX,90
Nicholas,PRECINCT 17,Supreme Court of Appeals,,,MICHAEL N. COX,118
Nicholas,PRECINCT 18,Supreme Court of Appeals,,,MICHAEL N. COX,68
Nicholas,PRECINCT 19,Supreme Court of Appeals,,,MICHAEL N. COX,30
Nicholas,PRECINCT 20,Supreme Court of Appeals,,,MICHAEL N. COX,44
Nicholas,PRECINCT 21A,Supreme Court of Appeals,,,MICHAEL N. COX,33
Nicholas,PRECINCT 21B,Supreme Court of Appeals,,,MICHAEL N. COX,23
Nicholas,PRECINCT 23,Supreme Court of Appeals,,,MICHAEL N. COX,7
Nicholas,PRECINCT 25,Supreme Court of Appeals,,,MICHAEL N. COX,11
Nicholas,PRECINCT 26,Supreme Court of Appeals,,,MICHAEL N. COX,35
Nicholas,PRECINCT 27,Supreme Court of Appeals,,,MICHAEL N. COX,22
Nicholas,PRECINCT 28,Supreme Court of Appeals,,,MICHAEL N. COX,44
Nicholas,PRECINCT 29,Supreme Court of Appeals,,,MICHAEL N. COX,58
Nicholas,PRECINCT 30,Supreme Court of Appeals,,,MICHAEL N. COX,30
Nicholas,PRECINCT 31,Supreme Court of Appeals,,,MICHAEL N. COX,12
Nicholas,PRECINCT 32,Supreme Court of Appeals,,,MICHAEL N. COX,22
Nicholas,PRECINCT 33,Supreme Court of Appeals,,,MICHAEL N. COX,61
Nicholas,PRECINCT 35,Supreme Court of Appeals,,,MICHAEL N. COX,65
Nicholas,PRECINCT 36,Supreme Court of Appeals,,,MICHAEL N. COX,16
Nicholas,PRECINCT 1A,Supreme Court of Appeals,,,HARLEY E. STOLLINGS,106
Nicholas,PRECINCT 1B,Supreme Court of Appeals,,,HARLEY E. STOLLINGS,79
Nicholas,PRECINCT 2,Supreme Court of Appeals,,,HARLEY E. STOLLINGS,175
Nicholas,PRECINCT 3,Supreme Court of Appeals,,,HARLEY E. STOLLINGS,119
Nicholas,PRECINCT 5,Supreme Court of Appeals,,,HARLEY E. STOLLINGS,132
Nicholas,PRECINCT 7,Supreme Court of Appeals,,,HARLEY E. STOLLINGS,113
Nicholas,PRECINCT 8,Supreme Court of Appeals,,,HARLEY E. STOLLINGS,84
Nicholas,PRECINCT 9,Supreme Court of Appeals,,,HARLEY E. STOLLINGS,54
Nicholas,PRECINCT 13,Supreme Court of Appeals,,,HARLEY E. STOLLINGS,108
Nicholas,PRECINCT 14,Supreme Court of Appeals,,,HARLEY E. STOLLINGS,174
Nicholas,PRECINCT 15,Supreme Court of Appeals,,,HARLEY E. STOLLINGS,182
Nicholas,PRECINCT 16,Supreme Court of Appeals,,,HARLEY E. STOLLINGS,198
Nicholas,PRECINCT 17,Supreme Court of Appeals,,,HARLEY E. STOLLINGS,223
Nicholas,PRECINCT 18,Supreme Court of Appeals,,,HARLEY E. STOLLINGS,390
Nicholas,PRECINCT 19,Supreme Court of Appeals,,,HARLEY E. STOLLINGS,163
Nicholas,PRECINCT 20,Supreme Court of Appeals,,,HARLEY E. STOLLINGS,286
Nicholas,PRECINCT 21A,Supreme Court of Appeals,,,HARLEY E. STOLLINGS,237
Nicholas,PRECINCT 21B,Supreme Court of Appeals,,,HARLEY E. STOLLINGS,159
Nicholas,PRECINCT 23,Supreme Court of Appeals,,,HARLEY E. STOLLINGS,33
Nicholas,PRECINCT 25,Supreme Court of Appeals,,,HARLEY E. STOLLINGS,69
Nicholas,PRECINCT 26,Supreme Court of Appeals,,,HARLEY E. STOLLINGS,115
Nicholas,PRECINCT 27,Supreme Court of Appeals,,,HARLEY E. STOLLINGS,79
Nicholas,PRECINCT 28,Supreme Court of Appeals,,,HARLEY E. STOLLINGS,152
Nicholas,PRECINCT 29,Supreme Court of Appeals,,,HARLEY E. STOLLINGS,283
Nicholas,PRECINCT 30,Supreme Court of Appeals,,,HARLEY E. STOLLINGS,74
Nicholas,PRECINCT 31,Supreme Court of Appeals,,,HARLEY E. STOLLINGS,70
Nicholas,PRECINCT 32,Supreme Court of Appeals,,,HARLEY E. STOLLINGS,139
Nicholas,PRECINCT 33,Supreme Court of Appeals,,,HARLEY E. STOLLINGS,299
Nicholas,PRECINCT 35,Supreme Court of Appeals,,,HARLEY E. STOLLINGS,249
Nicholas,PRECINCT 36,Supreme Court of Appeals,,,HARLEY E. STOLLINGS,50
Nicholas,PRECINCT 1A,MAGISTRATE,,,BOBBY J. HOLDREN,107
Nicholas,PRECINCT 1B,MAGISTRATE,,,BOBBY J. HOLDREN,83
Nicholas,PRECINCT 2,MAGISTRATE,,,BOBBY J. HOLDREN,168
Nicholas,PRECINCT 3,MAGISTRATE,,,BOBBY J. HOLDREN,132
Nicholas,PRECINCT 5,MAGISTRATE,,,BOBBY J. HOLDREN,137
Nicholas,PRECINCT 7,MAGISTRATE,,,BOBBY J. HOLDREN,109
Nicholas,PRECINCT 8,MAGISTRATE,,,BOBBY J. HOLDREN,83
Nicholas,PRECINCT 9,MAGISTRATE,,,BOBBY J. HOLDREN,59
Nicholas,PRECINCT 13,MAGISTRATE,,,BOBBY J. HOLDREN,102
Nicholas,PRECINCT 14,MAGISTRATE,,,BOBBY J. HOLDREN,167
Nicholas,PRECINCT 15,MAGISTRATE,,,BOBBY J. HOLDREN,174
Nicholas,PRECINCT 16,MAGISTRATE,,,BOBBY J. HOLDREN,195
Nicholas,PRECINCT 17,MAGISTRATE,,,BOBBY J. HOLDREN,205
Nicholas,PRECINCT 18,MAGISTRATE,,,BOBBY J. HOLDREN,325
Nicholas,PRECINCT 19,MAGISTRATE,,,BOBBY J. HOLDREN,139
Nicholas,PRECINCT 20,MAGISTRATE,,,BOBBY J. HOLDREN,237
Nicholas,PRECINCT 21A,MAGISTRATE,,,BOBBY J. HOLDREN,205
Nicholas,PRECINCT 21B,MAGISTRATE,,,BOBBY J. HOLDREN,138
Nicholas,PRECINCT 23,MAGISTRATE,,,BOBBY J. HOLDREN,30
Nicholas,PRECINCT 25,MAGISTRATE,,,BOBBY J. HOLDREN,64
Nicholas,PRECINCT 26,MAGISTRATE,,,BOBBY J. HOLDREN,105
Nicholas,PRECINCT 27,MAGISTRATE,,,BOBBY J. HOLDREN,70
Nicholas,PRECINCT 28,MAGISTRATE,,,BOBBY J. HOLDREN,140
Nicholas,PRECINCT 29,MAGISTRATE,,,BOBBY J. HOLDREN,253
Nicholas,PRECINCT 30,MAGISTRATE,,,BOBBY J. HOLDREN,67
Nicholas,PRECINCT 31,MAGISTRATE,,,BOBBY J. HOLDREN,67
Nicholas,PRECINCT 32,MAGISTRATE,,,BOBBY J. HOLDREN,131
Nicholas,PRECINCT 33,MAGISTRATE,,,BOBBY J. HOLDREN,286
Nicholas,PRECINCT 35,MAGISTRATE,,,BOBBY J. HOLDREN,239
Nicholas,PRECINCT 36,MAGISTRATE,,,BOBBY J. HOLDREN,51
Nicholas,PRECINCT 1A,MAGISTRATE,,,W.A. 'BILLY' SPINKS,28
Nicholas,PRECINCT 1B,MAGISTRATE,,,W.A. 'BILLY' SPINKS,21
Nicholas,PRECINCT 2,MAGISTRATE,,,W.A. 'BILLY' SPINKS,57
Nicholas,PRECINCT 3,MAGISTRATE,,,W.A. 'BILLY' SPINKS,28
Nicholas,PRECINCT 5,MAGISTRATE,,,W.A. 'BILLY' SPINKS,35
Nicholas,PRECINCT 7,MAGISTRATE,,,W.A. 'BILLY' SPINKS,23
Nicholas,PRECINCT 8,MAGISTRATE,,,W.A. 'BILLY' SPINKS,28
Nicholas,PRECINCT 9,MAGISTRATE,,,W.A. 'BILLY' SPINKS,16
Nicholas,PRECINCT 13,MAGISTRATE,,,W.A. 'BILLY' SPINKS,39
Nicholas,PRECINCT 14,MAGISTRATE,,,W.A. 'BILLY' SPINKS,65
Nicholas,PRECINCT 15,MAGISTRATE,,,W.A. 'BILLY' SPINKS,52
Nicholas,PRECINCT 16,MAGISTRATE,,,W.A. 'BILLY' SPINKS,63
Nicholas,PRECINCT 17,MAGISTRATE,,,W.A. 'BILLY' SPINKS,72
Nicholas,PRECINCT 18,MAGISTRATE,,,W.A. 'BILLY' SPINKS,82
Nicholas,PRECINCT 19,MAGISTRATE,,,W.A. 'BILLY' SPINKS,31
Nicholas,PRECINCT 20,MAGISTRATE,,,W.A. 'BILLY' SPINKS,60
Nicholas,PRECINCT 21A,MAGISTRATE,,,W.A. 'BILLY' SPINKS,39
Nicholas,PRECINCT 21B,MAGISTRATE,,,W.A. 'BILLY' SPINKS,30
Nicholas,PRECINCT 23,MAGISTRATE,,,W.A. 'BILLY' SPINKS,10
Nicholas,PRECINCT 25,MAGISTRATE,,,W.A. 'BILLY' SPINKS,13
Nicholas,PRECINCT 26,MAGISTRATE,,,W.A. 'BILLY' SPINKS,40
Nicholas,PRECINCT 27,MAGISTRATE,,,W.A. 'BILLY' SPINKS,24
Nicholas,PRECINCT 28,MAGISTRATE,,,W.A. 'BILLY' SPINKS,40
Nicholas,PRECINCT 29,MAGISTRATE,,,W.A. 'BILLY' SPINKS,68
Nicholas,PRECINCT 30,MAGISTRATE,,,W.A. 'BILLY' SPINKS,26
Nicholas,PRECINCT 31,MAGISTRATE,,,W.A. 'BILLY' SPINKS,16
Nicholas,PRECINCT 32,MAGISTRATE,,,W.A. 'BILLY' SPINKS,36
Nicholas,PRECINCT 33,MAGISTRATE,,,W.A. 'BILLY' SPINKS,69
Nicholas,PRECINCT 35,MAGISTRATE,,,W.A. 'BILLY' SPINKS,43
Nicholas,PRECINCT 36,MAGISTRATE,,,W.A. 'BILLY' SPINKS,23
Nicholas,PRECINCT 1A,MAGISTRATE,,,JENNY GALE TAYLOR,84
Nicholas,PRECINCT 1B,MAGISTRATE,,,JENNY GALE TAYLOR,55
Nicholas,PRECINCT 2,MAGISTRATE,,,JENNY GALE TAYLOR,91
Nicholas,PRECINCT 3,MAGISTRATE,,,JENNY GALE TAYLOR,97
Nicholas,PRECINCT 5,MAGISTRATE,,,JENNY GALE TAYLOR,122
Nicholas,PRECINCT 7,MAGISTRATE,,,JENNY GALE TAYLOR,90
Nicholas,PRECINCT 8,MAGISTRATE,,,JENNY GALE TAYLOR,69
Nicholas,PRECINCT 9,MAGISTRATE,,,JENNY GALE TAYLOR,44
Nicholas,PRECINCT 13,MAGISTRATE,,,JENNY GALE TAYLOR,42
Nicholas,PRECINCT 14,MAGISTRATE,,,JENNY GALE TAYLOR,43
Nicholas,PRECINCT 15,MAGISTRATE,,,JENNY GALE TAYLOR,45
Nicholas,PRECINCT 16,MAGISTRATE,,,JENNY GALE TAYLOR,100
Nicholas,PRECINCT 17,MAGISTRATE,,,JENNY GALE TAYLOR,125
Nicholas,PRECINCT 18,MAGISTRATE,,,JENNY GALE TAYLOR,113
Nicholas,PRECINCT 19,MAGISTRATE,,,JENNY GALE TAYLOR,42
Nicholas,PRECINCT 20,MAGISTRATE,,,JENNY GALE TAYLOR,51
Nicholas,PRECINCT 21A,MAGISTRATE,,,JENNY GALE TAYLOR,47
Nicholas,PRECINCT 21B,MAGISTRATE,,,JENNY GALE TAYLOR,49
Nicholas,PRECINCT 23,MAGISTRATE,,,JENNY GALE TAYLOR,7
Nicholas,PRECINCT 25,MAGISTRATE,,,JENNY GALE TAYLOR,13
Nicholas,PRECINCT 26,MAGISTRATE,,,JENNY GALE TAYLOR,59
Nicholas,PRECINCT 27,MAGISTRATE,,,JENNY GALE TAYLOR,16
Nicholas,PRECINCT 28,MAGISTRATE,,,JENNY GALE TAYLOR,76
Nicholas,PRECINCT 29,MAGISTRATE,,,JENNY GALE TAYLOR,93
Nicholas,PRECINCT 30,MAGISTRATE,,,JENNY GALE TAYLOR,46
Nicholas,PRECINCT 31,MAGISTRATE,,,JENNY GALE TAYLOR,12
Nicholas,PRECINCT 32,MAGISTRATE,,,JENNY GALE TAYLOR,35
Nicholas,PRECINCT 33,MAGISTRATE,,,JENNY GALE TAYLOR,66
Nicholas,PRECINCT 35,MAGISTRATE,,,JENNY GALE TAYLOR,81
Nicholas,PRECINCT 36,MAGISTRATE,,,JENNY GALE TAYLOR,16
Nicholas,PRECINCT 1A,MAGISTRATE,,,BETH BOSO,20
Nicholas,PRECINCT 1B,MAGISTRATE,,,BETH BOSO,24
Nicholas,PRECINCT 2,MAGISTRATE,,,BETH BOSO,60
Nicholas,PRECINCT 3,MAGISTRATE,,,BETH BOSO,19
Nicholas,PRECINCT 5,MAGISTRATE,,,BETH BOSO,12
Nicholas,PRECINCT 7,MAGISTRATE,,,BETH BOSO,15
Nicholas,PRECINCT 8,MAGISTRATE,,,BETH BOSO,2
Nicholas,PRECINCT 9,MAGISTRATE,,,BETH BOSO,9
Nicholas,PRECINCT 13,MAGISTRATE,,,BETH BOSO,52
Nicholas,PRECINCT 14,MAGISTRATE,,,BETH BOSO,97
Nicholas,PRECINCT 15,MAGISTRATE,,,BETH BOSO,128
Nicholas,PRECINCT 16,MAGISTRATE,,,BETH BOSO,75
Nicholas,PRECINCT 17,MAGISTRATE,,,BETH BOSO,72
Nicholas,PRECINCT 18,MAGISTRATE,,,BETH BOSO,247
Nicholas,PRECINCT 19,MAGISTRATE,,,BETH BOSO,123
Nicholas,PRECINCT 20,MAGISTRATE,,,BETH BOSO,218
Nicholas,PRECINCT 21A,MAGISTRATE,,,BETH BOSO,178
Nicholas,PRECINCT 21B,MAGISTRATE,,,BETH BOSO,105
Nicholas,PRECINCT 23,MAGISTRATE,,,BETH BOSO,20
Nicholas,PRECINCT 25,MAGISTRATE,,,BETH BOSO,47
Nicholas,PRECINCT 26,MAGISTRATE,,,BETH BOSO,28
Nicholas,PRECINCT 27,MAGISTRATE,,,BETH BOSO,50
Nicholas,PRECINCT 28,MAGISTRATE,,,BETH BOSO,60
Nicholas,PRECINCT 29,MAGISTRATE,,,BETH BOSO,171
Nicholas,PRECINCT 30,MAGISTRATE,,,BETH BOSO,24
Nicholas,PRECINCT 31,MAGISTRATE,,,BETH BOSO,55
Nicholas,PRECINCT 32,MAGISTRATE,,,BETH BOSO,87
Nicholas,PRECINCT 33,MAGISTRATE,,,BETH BOSO,191
Nicholas,PRECINCT 35,MAGISTRATE,,,BETH BOSO,177
Nicholas,PRECINCT 36,MAGISTRATE,,,BETH BOSO,19
Nicholas,PRECINCT 1A,MAGISTRATE,,,MIKE HANKS,101
Nicholas,PRECINCT 1B,MAGISTRATE,,,MIKE HANKS,79
Nicholas,PRECINCT 2,MAGISTRATE,,,MIKE HANKS,171
Nicholas,PRECINCT 3,MAGISTRATE,,,MIKE HANKS,116
Nicholas,PRECINCT 5,MAGISTRATE,,,MIKE HANKS,117
Nicholas,PRECINCT 7,MAGISTRATE,,,MIKE HANKS,105
Nicholas,PRECINCT 8,MAGISTRATE,,,MIKE HANKS,78
Nicholas,PRECINCT 9,MAGISTRATE,,,MIKE HANKS,50
Nicholas,PRECINCT 13,MAGISTRATE,,,MIKE HANKS,113
Nicholas,PRECINCT 14,MAGISTRATE,,,MIKE HANKS,168
Nicholas,PRECINCT 15,MAGISTRATE,,,MIKE HANKS,190
Nicholas,PRECINCT 16,MAGISTRATE,,,MIKE HANKS,193
Nicholas,PRECINCT 17,MAGISTRATE,,,MIKE HANKS,208
Nicholas,PRECINCT 18,MAGISTRATE,,,MIKE HANKS,375
Nicholas,PRECINCT 19,MAGISTRATE,,,MIKE HANKS,165
Nicholas,PRECINCT 20,MAGISTRATE,,,MIKE HANKS,261
Nicholas,PRECINCT 21A,MAGISTRATE,,,MIKE HANKS,217
Nicholas,PRECINCT 21B,MAGISTRATE,,,MIKE HANKS,150
Nicholas,PRECINCT 23,MAGISTRATE,,,MIKE HANKS,32
Nicholas,PRECINCT 25,MAGISTRATE,,,MIKE HANKS,65
Nicholas,PRECINCT 26,MAGISTRATE,,,MIKE HANKS,99
Nicholas,PRECINCT 27,MAGISTRATE,,,MIKE HANKS,80
Nicholas,PRECINCT 28,MAGISTRATE,,,MIKE HANKS,146
Nicholas,PRECINCT 29,MAGISTRATE,,,MIKE HANKS,270
Nicholas,PRECINCT 30,MAGISTRATE,,,MIKE HANKS,64
Nicholas,PRECINCT 31,MAGISTRATE,,,MIKE HANKS,80
Nicholas,PRECINCT 32,MAGISTRATE,,,MIKE HANKS,140
Nicholas,PRECINCT 33,MAGISTRATE,,,MIKE HANKS,288
Nicholas,PRECINCT 35,MAGISTRATE,,,MIKE HANKS,246
Nicholas,PRECINCT 36,MAGISTRATE,,,MIKE HANKS,49
Nicholas,PRECINCT 1A,REP FOR COUNTY COMMISSIONER,,REP,GARRETT E. COLE,62
Nicholas,PRECINCT 1B,REP FOR COUNTY COMMISSIONER,,REP,GARRETT E. COLE,61
Nicholas,PRECINCT 2,REP FOR COUNTY COMMISSIONER,,REP,GARRETT E. COLE,131
Nicholas,PRECINCT 3,REP FOR COUNTY COMMISSIONER,,REP,GARRETT E. COLE,88
Nicholas,PRECINCT 5,REP FOR COUNTY COMMISSIONER,,REP,GARRETT E. COLE,79
Nicholas,PRECINCT 7,REP FOR COUNTY COMMISSIONER,,REP,GARRETT E. COLE,64
Nicholas,PRECINCT 8,REP FOR COUNTY COMMISSIONER,,REP,GARRETT E. COLE,45
Nicholas,PRECINCT 9,REP FOR COUNTY COMMISSIONER,,REP,GARRETT E. COLE,22
Nicholas,PRECINCT 13,REP FOR COUNTY COMMISSIONER,,REP,GARRETT E. COLE,76
Nicholas,PRECINCT 14,REP FOR COUNTY COMMISSIONER,,REP,GARRETT E. COLE,99
Nicholas,PRECINCT 15,REP FOR COUNTY COMMISSIONER,,REP,GARRETT E. COLE,140
Nicholas,PRECINCT 16,REP FOR COUNTY COMMISSIONER,,REP,GARRETT E. COLE,157
Nicholas,PRECINCT 17,REP FOR COUNTY COMMISSIONER,,REP,GARRETT E. COLE,147
Nicholas,PRECINCT 18,REP FOR COUNTY COMMISSIONER,,REP,GARRETT E. COLE,232
Nicholas,PRECINCT 19,REP FOR COUNTY COMMISSIONER,,REP,GARRETT E. COLE,109
Nicholas,PRECINCT 20,REP FOR COUNTY COMMISSIONER,,REP,GARRETT E. COLE,165
Nicholas,PRECINCT 21A,REP FOR COUNTY COMMISSIONER,,REP,GARRETT E. COLE,148
Nicholas,PRECINCT 21B,REP FOR COUNTY COMMISSIONER,,REP,GARRETT E. COLE,115
Nicholas,PRECINCT 23,REP FOR COUNTY COMMISSIONER,,REP,GARRETT E. COLE,20
Nicholas,PRECINCT 25,REP FOR COUNTY COMMISSIONER,,REP,GARRETT E. COLE,48
Nicholas,PRECINCT 26,REP FOR COUNTY COMMISSIONER,,REP,GARRETT E. COLE,67
Nicholas,PRECINCT 27,REP FOR COUNTY COMMISSIONER,,REP,GARRETT E. COLE,53
Nicholas,PRECINCT 28,REP FOR COUNTY COMMISSIONER,,REP,GARRETT E. COLE,114
Nicholas,PRECINCT 29,REP FOR COUNTY COMMISSIONER,,REP,GARRETT E. COLE,215
Nicholas,PRECINCT 30,REP FOR COUNTY COMMISSIONER,,REP,GARRETT E. COLE,45
Nicholas,PRECINCT 31,REP FOR COUNTY COMMISSIONER,,REP,GARRETT E. COLE,50
Nicholas,PRECINCT 32,REP FOR COUNTY COMMISSIONER,,REP,GARRETT E. COLE,92
Nicholas,PRECINCT 33,REP FOR COUNTY COMMISSIONER,,REP,GARRETT E. COLE,203
Nicholas,PRECINCT 35,REP FOR COUNTY COMMISSIONER,,REP,GARRETT E. COLE,193
Nicholas,PRECINCT 36,REP FOR COUNTY COMMISSIONER,,REP,GARRETT E. COLE,36
Nicholas,PRECINCT 1A,DEM FOR COUNTY COMMISSIONER,,DEM,NO CANDIDATE FILED,0
Nicholas,PRECINCT 1B,DEM FOR COUNTY COMMISSIONER,,DEM,NO CANDIDATE FILED,0
Nicholas,PRECINCT 2,DEM FOR COUNTY COMMISSIONER,,DEM,NO CANDIDATE FILED,0
Nicholas,PRECINCT 3,DEM FOR COUNTY COMMISSIONER,,DEM,NO CANDIDATE FILED,0
Nicholas,PRECINCT 5,DEM FOR COUNTY COMMISSIONER,,DEM,NO CANDIDATE FILED,0
Nicholas,PRECINCT 7,DEM FOR COUNTY COMMISSIONER,,DEM,NO CANDIDATE FILED,0
Nicholas,PRECINCT 8,DEM FOR COUNTY COMMISSIONER,,DEM,NO CANDIDATE FILED,0
Nicholas,PRECINCT 9,DEM FOR COUNTY COMMISSIONER,,DEM,NO CANDIDATE FILED,0
Nicholas,PRECINCT 13,DEM FOR COUNTY COMMISSIONER,,DEM,NO CANDIDATE FILED,0
Nicholas,PRECINCT 14,DEM FOR COUNTY COMMISSIONER,,DEM,NO CANDIDATE FILED,0
Nicholas,PRECINCT 15,DEM FOR COUNTY COMMISSIONER,,DEM,NO CANDIDATE FILED,0
Nicholas,PRECINCT 16,DEM FOR COUNTY COMMISSIONER,,DEM,NO CANDIDATE FILED,0
Nicholas,PRECINCT 17,DEM FOR COUNTY COMMISSIONER,,DEM,NO CANDIDATE FILED,0
Nicholas,PRECINCT 18,DEM FOR COUNTY COMMISSIONER,,DEM,NO CANDIDATE FILED,0
Nicholas,PRECINCT 19,DEM FOR COUNTY COMMISSIONER,,DEM,NO CANDIDATE FILED,0
Nicholas,PRECINCT 20,DEM FOR COUNTY COMMISSIONER,,DEM,NO CANDIDATE FILED,0
Nicholas,PRECINCT 21A,DEM FOR COUNTY COMMISSIONER,,DEM,NO CANDIDATE FILED,0
Nicholas,PRECINCT 21B,DEM FOR COUNTY COMMISSIONER,,DEM,NO CANDIDATE FILED,0
Nicholas,PRECINCT 23,DEM FOR COUNTY COMMISSIONER,,DEM,NO CANDIDATE FILED,0
Nicholas,PRECINCT 25,DEM FOR COUNTY COMMISSIONER,,DEM,NO CANDIDATE FILED,0
Nicholas,PRECINCT 26,DEM FOR COUNTY COMMISSIONER,,DEM,NO CANDIDATE FILED,0
Nicholas,PRECINCT 27,DEM FOR COUNTY COMMISSIONER,,DEM,NO CANDIDATE FILED,0
Nicholas,PRECINCT 28,DEM FOR COUNTY COMMISSIONER,,DEM,NO CANDIDATE FILED,0
Nicholas,PRECINCT 29,DEM FOR COUNTY COMMISSIONER,,DEM,NO CANDIDATE FILED,0
Nicholas,PRECINCT 30,DEM FOR COUNTY COMMISSIONER,,DEM,NO CANDIDATE FILED,0
Nicholas,PRECINCT 31,DEM FOR COUNTY COMMISSIONER,,DEM,NO CANDIDATE FILED,0
Nicholas,PRECINCT 32,DEM FOR COUNTY COMMISSIONER,,DEM,NO CANDIDATE FILED,0
Nicholas,PRECINCT 33,DEM FOR COUNTY COMMISSIONER,,DEM,NO CANDIDATE FILED,0
Nicholas,PRECINCT 35,DEM FOR COUNTY COMMISSIONER,,DEM,NO CANDIDATE FILED,0
Nicholas,PRECINCT 36,DEM FOR COUNTY COMMISSIONER,,DEM,NO CANDIDATE FILED,0
Nicholas,PRECINCT 1A,MTN FOR COUNTY COMMISSIONER,,MTN,NO CANDIDATE FILED,0
Nicholas,PRECINCT 1B,MTN FOR COUNTY COMMISSIONER,,MTN,NO CANDIDATE FILED,0
Nicholas,PRECINCT 2,MTN FOR COUNTY COMMISSIONER,,MTN,NO CANDIDATE FILED,0
Nicholas,PRECINCT 3,MTN FOR COUNTY COMMISSIONER,,MTN,NO CANDIDATE FILED,0
Nicholas,PRECINCT 5,MTN FOR COUNTY COMMISSIONER,,MTN,NO CANDIDATE FILED,0
Nicholas,PRECINCT 7,MTN FOR COUNTY COMMISSIONER,,MTN,NO CANDIDATE FILED,0
Nicholas,PRECINCT 8,MTN FOR COUNTY COMMISSIONER,,MTN,NO CANDIDATE FILED,0
Nicholas,PRECINCT 9,MTN FOR COUNTY COMMISSIONER,,MTN,NO CANDIDATE FILED,0
Nicholas,PRECINCT 13,MTN FOR COUNTY COMMISSIONER,,MTN,NO CANDIDATE FILED,0
Nicholas,PRECINCT 14,MTN FOR COUNTY COMMISSIONER,,MTN,NO CANDIDATE FILED,0
Nicholas,PRECINCT 15,MTN FOR COUNTY COMMISSIONER,,MTN,NO CANDIDATE FILED,0
Nicholas,PRECINCT 16,MTN FOR COUNTY COMMISSIONER,,MTN,NO CANDIDATE FILED,0
Nicholas,PRECINCT 17,MTN FOR COUNTY COMMISSIONER,,MTN,NO CANDIDATE FILED,0
Nicholas,PRECINCT 18,MTN FOR COUNTY COMMISSIONER,,MTN,NO CANDIDATE FILED,0
Nicholas,PRECINCT 19,MTN FOR COUNTY COMMISSIONER,,MTN,NO CANDIDATE FILED,0
Nicholas,PRECINCT 20,MTN FOR COUNTY COMMISSIONER,,MTN,NO CANDIDATE FILED,0
Nicholas,PRECINCT 21A,MTN FOR COUNTY COMMISSIONER,,MTN,NO CANDIDATE FILED,0
Nicholas,PRECINCT 21B,MTN FOR COUNTY COMMISSIONER,,MTN,NO CANDIDATE FILED,0
Nicholas,PRECINCT 23,MTN FOR COUNTY COMMISSIONER,,MTN,NO CANDIDATE FILED,0
Nicholas,PRECINCT 25,MTN FOR COUNTY COMMISSIONER,,MTN,NO CANDIDATE FILED,0
Nicholas,PRECINCT 26,MTN FOR COUNTY COMMISSIONER,,MTN,NO CANDIDATE FILED,0
Nicholas,PRECINCT 27,MTN FOR COUNTY COMMISSIONER,,MTN,NO CANDIDATE FILED,0
Nicholas,PRECINCT 28,MTN FOR COUNTY COMMISSIONER,,MTN,NO CANDIDATE FILED,0
Nicholas,PRECINCT 29,MTN FOR COUNTY COMMISSIONER,,MTN,NO CANDIDATE FILED,0
Nicholas,PRECINCT 30,MTN FOR COUNTY COMMISSIONER,,MTN,NO CANDIDATE FILED,0
Nicholas,PRECINCT 31,MTN FOR COUNTY COMMISSIONER,,MTN,NO CANDIDATE FILED,0
Nicholas,PRECINCT 32,MTN FOR COUNTY COMMISSIONER,,MTN,NO CANDIDATE FILED,0
Nicholas,PRECINCT 33,MTN FOR COUNTY COMMISSIONER,,MTN,NO CANDIDATE FILED,0
Nicholas,PRECINCT 35,MTN FOR COUNTY COMMISSIONER,,MTN,NO CANDIDATE FILED,0
Nicholas,PRECINCT 36,MTN FOR COUNTY COMMISSIONER,,MTN,NO CANDIDATE FILED,0
Nicholas,PRECINCT 1A,REP FOR PROSECUTING ATTORNEY,,REP,PAUL WILLIAMS,66
Nicholas,PRECINCT 1B,REP FOR PROSECUTING ATTORNEY,,REP,PAUL WILLIAMS,42
Nicholas,PRECINCT 2,REP FOR PROSECUTING ATTORNEY,,REP,PAUL WILLIAMS,103
Nicholas,PRECINCT 3,REP FOR PROSECUTING ATTORNEY,,REP,PAUL WILLIAMS,72
Nicholas,PRECINCT 5,REP FOR PROSECUTING ATTORNEY,,REP,PAUL WILLIAMS,55
Nicholas,PRECINCT 7,REP FOR PROSECUTING ATTORNEY,,REP,PAUL WILLIAMS,61
Nicholas,PRECINCT 8,REP FOR PROSECUTING ATTORNEY,,REP,PAUL WILLIAMS,36
Nicholas,PRECINCT 9,REP FOR PROSECUTING ATTORNEY,,REP,PAUL WILLIAMS,21
Nicholas,PRECINCT 13,REP FOR PROSECUTING ATTORNEY,,REP,PAUL WILLIAMS,76
Nicholas,PRECINCT 14,REP FOR PROSECUTING ATTORNEY,,REP,PAUL WILLIAMS,100
Nicholas,PRECINCT 15,REP FOR PROSECUTING ATTORNEY,,REP,PAUL WILLIAMS,132
Nicholas,PRECINCT 16,REP FOR PROSECUTING ATTORNEY,,REP,PAUL WILLIAMS,139
Nicholas,PRECINCT 17,REP FOR PROSECUTING ATTORNEY,,REP,PAUL WILLIAMS,129
Nicholas,PRECINCT 18,REP FOR PROSECUTING ATTORNEY,,REP,PAUL WILLIAMS,218
Nicholas,PRECINCT 19,REP FOR PROSECUTING ATTORNEY,,REP,PAUL WILLIAMS,106
Nicholas,PRECINCT 20,REP FOR PROSECUTING ATTORNEY,,REP,PAUL WILLIAMS,158
Nicholas,PRECINCT 21A,REP FOR PROSECUTING ATTORNEY,,REP,PAUL WILLIAMS,150
Nicholas,PRECINCT 21B,REP FOR PROSECUTING ATTORNEY,,REP,PAUL WILLIAMS,97
Nicholas,PRECINCT 23,REP FOR PROSECUTING ATTORNEY,,REP,PAUL WILLIAMS,20
Nicholas,PRECINCT 25,REP FOR PROSECUTING ATTORNEY,,REP,PAUL WILLIAMS,41
Nicholas,PRECINCT 26,REP FOR PROSECUTING ATTORNEY,,REP,PAUL WILLIAMS,59
Nicholas,PRECINCT 27,REP FOR PROSECUTING ATTORNEY,,REP,PAUL WILLIAMS,52
Nicholas,PRECINCT 28,REP FOR PROSECUTING ATTORNEY,,REP,PAUL WILLIAMS,103
Nicholas,PRECINCT 29,REP FOR PROSECUTING ATTORNEY,,REP,PAUL WILLIAMS,184
Nicholas,PRECINCT 30,REP FOR PROSECUTING ATTORNEY,,REP,PAUL WILLIAMS,36
Nicholas,PRECINCT 31,REP FOR PROSECUTING ATTORNEY,,REP,PAUL WILLIAMS,46
Nicholas,PRECINCT 32,REP FOR PROSECUTING ATTORNEY,,REP,PAUL WILLIAMS,85
Nicholas,PRECINCT 33,REP FOR PROSECUTING ATTORNEY,,REP,PAUL WILLIAMS,196
Nicholas,PRECINCT 35,REP FOR PROSECUTING ATTORNEY,,REP,PAUL WILLIAMS,166
Nicholas,PRECINCT 36,REP FOR PROSECUTING ATTORNEY,,REP,PAUL WILLIAMS,24
Nicholas,PRECINCT 1A,DEM FOR PROSECUTING ATTORNEY,,DEM,NO CANDIDATE FILED,0
Nicholas,PRECINCT 1B,DEM FOR PROSECUTING ATTORNEY,,DEM,NO CANDIDATE FILED,0
Nicholas,PRECINCT 2,DEM FOR PROSECUTING ATTORNEY,,DEM,NO CANDIDATE FILED,0
Nicholas,PRECINCT 3,DEM FOR PROSECUTING ATTORNEY,,DEM,NO CANDIDATE FILED,0
Nicholas,PRECINCT 5,DEM FOR PROSECUTING ATTORNEY,,DEM,NO CANDIDATE FILED,0
Nicholas,PRECINCT 7,DEM FOR PROSECUTING ATTORNEY,,DEM,NO CANDIDATE FILED,0
Nicholas,PRECINCT 8,DEM FOR PROSECUTING ATTORNEY,,DEM,NO CANDIDATE FILED,0
Nicholas,PRECINCT 9,DEM FOR PROSECUTING ATTORNEY,,DEM,NO CANDIDATE FILED,0
Nicholas,PRECINCT 13,DEM FOR PROSECUTING ATTORNEY,,DEM,NO CANDIDATE FILED,0
Nicholas,PRECINCT 14,DEM FOR PROSECUTING ATTORNEY,,DEM,NO CANDIDATE FILED,0
Nicholas,PRECINCT 15,DEM FOR PROSECUTING ATTORNEY,,DEM,NO CANDIDATE FILED,0
Nicholas,PRECINCT 16,DEM FOR PROSECUTING ATTORNEY,,DEM,NO CANDIDATE FILED,0
Nicholas,PRECINCT 17,DEM FOR PROSECUTING ATTORNEY,,DEM,NO CANDIDATE FILED,0
Nicholas,PRECINCT 18,DEM FOR PROSECUTING ATTORNEY,,DEM,NO CANDIDATE FILED,0
Nicholas,PRECINCT 19,DEM FOR PROSECUTING ATTORNEY,,DEM,NO CANDIDATE FILED,0
Nicholas,PRECINCT 20,DEM FOR PROSECUTING ATTORNEY,,DEM,NO CANDIDATE FILED,0
Nicholas,PRECINCT 21A,DEM FOR PROSECUTING ATTORNEY,,DEM,NO CANDIDATE FILED,0
Nicholas,PRECINCT 21B,DEM FOR PROSECUTING ATTORNEY,,DEM,NO CANDIDATE FILED,0
Nicholas,PRECINCT 23,DEM FOR PROSECUTING ATTORNEY,,DEM,NO CANDIDATE FILED,0
Nicholas,PRECINCT 25,DEM FOR PROSECUTING ATTORNEY,,DEM,NO CANDIDATE FILED,0
Nicholas,PRECINCT 26,DEM FOR PROSECUTING ATTORNEY,,DEM,NO CANDIDATE FILED,0
Nicholas,PRECINCT 27,DEM FOR PROSECUTING ATTORNEY,,DEM,NO CANDIDATE FILED,0
Nicholas,PRECINCT 28,DEM FOR PROSECUTING ATTORNEY,,DEM,NO CANDIDATE FILED,0
Nicholas,PRECINCT 29,DEM FOR PROSECUTING ATTORNEY,,DEM,NO CANDIDATE FILED,0
Nicholas,PRECINCT 30,DEM FOR PROSECUTING ATTORNEY,,DEM,NO CANDIDATE FILED,0
Nicholas,PRECINCT 31,DEM FOR PROSECUTING ATTORNEY,,DEM,NO CANDIDATE FILED,0
Nicholas,PRECINCT 32,DEM FOR PROSECUTING ATTORNEY,,DEM,NO CANDIDATE FILED,0
Nicholas,PRECINCT 33,DEM FOR PROSECUTING ATTORNEY,,DEM,NO CANDIDATE FILED,0
Nicholas,PRECINCT 35,DEM FOR PROSECUTING ATTORNEY,,DEM,NO CANDIDATE FILED,0
Nicholas,PRECINCT 36,DEM FOR PROSECUTING ATTORNEY,,DEM,NO CANDIDATE FILED,0
Nicholas,PRECINCT 1A,MTN FOR PROSECUTING ATTORNEY,,MTN,NO CANDIDATE FILED,0
Nicholas,PRECINCT 1B,MTN FOR PROSECUTING ATTORNEY,,MTN,NO CANDIDATE FILED,0
Nicholas,PRECINCT 2,MTN FOR PROSECUTING ATTORNEY,,MTN,NO CANDIDATE FILED,0
Nicholas,PRECINCT 3,MTN FOR PROSECUTING ATTORNEY,,MTN,NO CANDIDATE FILED,0
Nicholas,PRECINCT 5,MTN FOR PROSECUTING ATTORNEY,,MTN,NO CANDIDATE FILED,0
Nicholas,PRECINCT 7,MTN FOR PROSECUTING ATTORNEY,,MTN,NO CANDIDATE FILED,0
Nicholas,PRECINCT 8,MTN FOR PROSECUTING ATTORNEY,,MTN,NO CANDIDATE FILED,0
Nicholas,PRECINCT 9,MTN FOR PROSECUTING ATTORNEY,,MTN,NO CANDIDATE FILED,0
Nicholas,PRECINCT 13,MTN FOR PROSECUTING ATTORNEY,,MTN,NO CANDIDATE FILED,0
Nicholas,PRECINCT 14,MTN FOR PROSECUTING ATTORNEY,,MTN,NO CANDIDATE FILED,0
Nicholas,PRECINCT 15,MTN FOR PROSECUTING ATTORNEY,,MTN,NO CANDIDATE FILED,0
Nicholas,PRECINCT 16,MTN FOR PROSECUTING ATTORNEY,,MTN,NO CANDIDATE FILED,0
Nicholas,PRECINCT 17,MTN FOR PROSECUTING ATTORNEY,,MTN,NO CANDIDATE FILED,0
Nicholas,PRECINCT 18,MTN FOR PROSECUTING ATTORNEY,,MTN,NO CANDIDATE FILED,0
Nicholas,PRECINCT 19,MTN FOR PROSECUTING ATTORNEY,,MTN,NO CANDIDATE FILED,0
Nicholas,PRECINCT 20,MTN FOR PROSECUTING ATTORNEY,,MTN,NO CANDIDATE FILED,0
Nicholas,PRECINCT 21A,MTN FOR PROSECUTING ATTORNEY,,MTN,NO CANDIDATE FILED,0
Nicholas,PRECINCT 21B,MTN FOR PROSECUTING ATTORNEY,,MTN,NO CANDIDATE FILED,0
Nicholas,PRECINCT 23,MTN FOR PROSECUTING ATTORNEY,,MTN,NO CANDIDATE FILED,0
Nicholas,PRECINCT 25,MTN FOR PROSECUTING ATTORNEY,,MTN,NO CANDIDATE FILED,0
Nicholas,PRECINCT 26,MTN FOR PROSECUTING ATTORNEY,,MTN,NO CANDIDATE FILED,0
Nicholas,PRECINCT 27,MTN FOR PROSECUTING ATTORNEY,,MTN,NO CANDIDATE FILED,0
Nicholas,PRECINCT 28,MTN FOR PROSECUTING ATTORNEY,,MTN,NO CANDIDATE FILED,0
Nicholas,PRECINCT 29,MTN FOR PROSECUTING ATTORNEY,,MTN,NO CANDIDATE FILED,0
Nicholas,PRECINCT 30,MTN FOR PROSECUTING ATTORNEY,,MTN,NO CANDIDATE FILED,0
Nicholas,PRECINCT 31,MTN FOR PROSECUTING ATTORNEY,,MTN,NO CANDIDATE FILED,0
Nicholas,PRECINCT 32,MTN FOR PROSECUTING ATTORNEY,,MTN,NO CANDIDATE FILED,0
Nicholas,PRECINCT 33,MTN FOR PROSECUTING ATTORNEY,,MTN,NO CANDIDATE FILED,0
Nicholas,PRECINCT 35,MTN FOR PROSECUTING ATTORNEY,,MTN,NO CANDIDATE FILED,0
Nicholas,PRECINCT 36,MTN FOR PROSECUTING ATTORNEY,,MTN,NO CANDIDATE FILED,0
Nicholas,PRECINCT 1A,REP FOR SHERIFF,,REP,MICHAEL 'MIKE' UNDERWOOD,1
Nicholas,PRECINCT 1B,REP FOR SHERIFF,,REP,MICHAEL 'MIKE' UNDERWOOD,6
Nicholas,PRECINCT 2,REP FOR SHERIFF,,REP,MICHAEL 'MIKE' UNDERWOOD,20
Nicholas,PRECINCT 3,REP FOR SHERIFF,,REP,MICHAEL 'MIKE' UNDERWOOD,21
Nicholas,PRECINCT 5,REP FOR SHERIFF,,REP,MICHAEL 'MIKE' UNDERWOOD,19
Nicholas,PRECINCT 7,REP FOR SHERIFF,,REP,MICHAEL 'MIKE' UNDERWOOD,10
Nicholas,PRECINCT 8,REP FOR SHERIFF,,REP,MICHAEL 'MIKE' UNDERWOOD,7
Nicholas,PRECINCT 9,REP FOR SHERIFF,,REP,MICHAEL 'MIKE' UNDERWOOD,1
Nicholas,PRECINCT 13,REP FOR SHERIFF,,REP,MICHAEL 'MIKE' UNDERWOOD,22
Nicholas,PRECINCT 14,REP FOR SHERIFF,,REP,MICHAEL 'MIKE' UNDERWOOD,32
Nicholas,PRECINCT 15,REP FOR SHERIFF,,REP,MICHAEL 'MIKE' UNDERWOOD,38
Nicholas,PRECINCT 16,REP FOR SHERIFF,,REP,MICHAEL 'MIKE' UNDERWOOD,17
Nicholas,PRECINCT 17,REP FOR SHERIFF,,REP,MICHAEL 'MIKE' UNDERWOOD,19
Nicholas,PRECINCT 18,REP FOR SHERIFF,,REP,MICHAEL 'MIKE' UNDERWOOD,87
Nicholas,PRECINCT 19,REP FOR SHERIFF,,REP,MICHAEL 'MIKE' UNDERWOOD,26
Nicholas,PRECINCT 20,REP FOR SHERIFF,,REP,MICHAEL 'MIKE' UNDERWOOD,66
Nicholas,PRECINCT 21A,REP FOR SHERIFF,,REP,MICHAEL 'MIKE' UNDERWOOD,69
Nicholas,PRECINCT 21B,REP FOR SHERIFF,,REP,MICHAEL 'MIKE' UNDERWOOD,50
Nicholas,PRECINCT 23,REP FOR SHERIFF,,REP,MICHAEL 'MIKE' UNDERWOOD,7
Nicholas,PRECINCT 25,REP FOR SHERIFF,,REP,MICHAEL 'MIKE' UNDERWOOD,20
Nicholas,PRECINCT 26,REP FOR SHERIFF,,REP,MICHAEL 'MIKE' UNDERWOOD,13
Nicholas,PRECINCT 27,REP FOR SHERIFF,,REP,MICHAEL 'MIKE' UNDERWOOD,10
Nicholas,PRECINCT 28,REP FOR SHERIFF,,REP,MICHAEL 'MIKE' UNDERWOOD,19
Nicholas,PRECINCT 29,REP FOR SHERIFF,,REP,MICHAEL 'MIKE' UNDERWOOD,83
Nicholas,PRECINCT 30,REP FOR SHERIFF,,REP,MICHAEL 'MIKE' UNDERWOOD,11
Nicholas,PRECINCT 31,REP FOR SHERIFF,,REP,MICHAEL 'MIKE' UNDERWOOD,10
Nicholas,PRECINCT 32,REP FOR SHERIFF,,REP,MICHAEL 'MIKE' UNDERWOOD,24
Nicholas,PRECINCT 33,REP FOR SHERIFF,,REP,MICHAEL 'MIKE' UNDERWOOD,66
Nicholas,PRECINCT 35,REP FOR SHERIFF,,REP,MICHAEL 'MIKE' UNDERWOOD,37
Nicholas,PRECINCT 36,REP FOR SHERIFF,,REP,MICHAEL 'MIKE' UNDERWOOD,4
Nicholas,PRECINCT 1A,REP FOR SHERIFF,,REP,JOHN W. 'JOHNNY' EVANS JR.,28
Nicholas,PRECINCT 1B,REP FOR SHERIFF,,REP,JOHN W. 'JOHNNY' EVANS JR.,24
Nicholas,PRECINCT 2,REP FOR SHERIFF,,REP,JOHN W. 'JOHNNY' EVANS JR.,32
Nicholas,PRECINCT 3,REP FOR SHERIFF,,REP,JOHN W. 'JOHNNY' EVANS JR.,34
Nicholas,PRECINCT 5,REP FOR SHERIFF,,REP,JOHN W. 'JOHNNY' EVANS JR.,14
Nicholas,PRECINCT 7,REP FOR SHERIFF,,REP,JOHN W. 'JOHNNY' EVANS JR.,19
Nicholas,PRECINCT 8,REP FOR SHERIFF,,REP,JOHN W. 'JOHNNY' EVANS JR.,11
Nicholas,PRECINCT 9,REP FOR SHERIFF,,REP,JOHN W. 'JOHNNY' EVANS JR.,10
Nicholas,PRECINCT 13,REP FOR SHERIFF,,REP,JOHN W. 'JOHNNY' EVANS JR.,46
Nicholas,PRECINCT 14,REP FOR SHERIFF,,REP,JOHN W. 'JOHNNY' EVANS JR.,53
Nicholas,PRECINCT 15,REP FOR SHERIFF,,REP,JOHN W. 'JOHNNY' EVANS JR.,74
Nicholas,PRECINCT 16,REP FOR SHERIFF,,REP,JOHN W. 'JOHNNY' EVANS JR.,83
Nicholas,PRECINCT 17,REP FOR SHERIFF,,REP,JOHN W. 'JOHNNY' EVANS JR.,61
Nicholas,PRECINCT 18,REP FOR SHERIFF,,REP,JOHN W. 'JOHNNY' EVANS JR.,104
Nicholas,PRECINCT 19,REP FOR SHERIFF,,REP,JOHN W. 'JOHNNY' EVANS JR.,74
Nicholas,PRECINCT 20,REP FOR SHERIFF,,REP,JOHN W. 'JOHNNY' EVANS JR.,70
Nicholas,PRECINCT 21A,REP FOR SHERIFF,,REP,JOHN W. 'JOHNNY' EVANS JR.,65
Nicholas,PRECINCT 21B,REP FOR SHERIFF,,REP,JOHN W. 'JOHNNY' EVANS JR.,53
Nicholas,PRECINCT 23,REP FOR SHERIFF,,REP,JOHN W. 'JOHNNY' EVANS JR.,7
Nicholas,PRECINCT 25,REP FOR SHERIFF,,REP,JOHN W. 'JOHNNY' EVANS JR.,16
Nicholas,PRECINCT 26,REP FOR SHERIFF,,REP,JOHN W. 'JOHNNY' EVANS JR.,24
Nicholas,PRECINCT 27,REP FOR SHERIFF,,REP,JOHN W. 'JOHNNY' EVANS JR.,41
Nicholas,PRECINCT 28,REP FOR SHERIFF,,REP,JOHN W. 'JOHNNY' EVANS JR.,52
Nicholas,PRECINCT 29,REP FOR SHERIFF,,REP,JOHN W. 'JOHNNY' EVANS JR.,85
Nicholas,PRECINCT 30,REP FOR SHERIFF,,REP,JOHN W. 'JOHNNY' EVANS JR.,19
Nicholas,PRECINCT 31,REP FOR SHERIFF,,REP,JOHN W. 'JOHNNY' EVANS JR.,28
Nicholas,PRECINCT 32,REP FOR SHERIFF,,REP,JOHN W. 'JOHNNY' EVANS JR.,55
Nicholas,PRECINCT 33,REP FOR SHERIFF,,REP,JOHN W. 'JOHNNY' EVANS JR.,103
Nicholas,PRECINCT 35,REP FOR SHERIFF,,REP,JOHN W. 'JOHNNY' EVANS JR.,107
Nicholas,PRECINCT 36,REP FOR SHERIFF,,REP,JOHN W. 'JOHNNY' EVANS JR.,18
Nicholas,PRECINCT 1A,REP FOR SHERIFF,,REP,SHAWN W. BRAGG,57
Nicholas,PRECINCT 1B,REP FOR SHERIFF,,REP,SHAWN W. BRAGG,47
Nicholas,PRECINCT 2,REP FOR SHERIFF,,REP,SHAWN W. BRAGG,100
Nicholas,PRECINCT 3,REP FOR SHERIFF,,REP,SHAWN W. BRAGG,43
Nicholas,PRECINCT 5,REP FOR SHERIFF,,REP,SHAWN W. BRAGG,53
Nicholas,PRECINCT 7,REP FOR SHERIFF,,REP,SHAWN W. BRAGG,40
Nicholas,PRECINCT 8,REP FOR SHERIFF,,REP,SHAWN W. BRAGG,38
Nicholas,PRECINCT 9,REP FOR SHERIFF,,REP,SHAWN W. BRAGG,21
Nicholas,PRECINCT 13,REP FOR SHERIFF,,REP,SHAWN W. BRAGG,17
Nicholas,PRECINCT 14,REP FOR SHERIFF,,REP,SHAWN W. BRAGG,38
Nicholas,PRECINCT 15,REP FOR SHERIFF,,REP,SHAWN W. BRAGG,40
Nicholas,PRECINCT 16,REP FOR SHERIFF,,REP,SHAWN W. BRAGG,79
Nicholas,PRECINCT 17,REP FOR SHERIFF,,REP,SHAWN W. BRAGG,110
Nicholas,PRECINCT 18,REP FOR SHERIFF,,REP,SHAWN W. BRAGG,78
Nicholas,PRECINCT 19,REP FOR SHERIFF,,REP,SHAWN W. BRAGG,15
Nicholas,PRECINCT 20,REP FOR SHERIFF,,REP,SHAWN W. BRAGG,41
Nicholas,PRECINCT 21A,REP FOR SHERIFF,,REP,SHAWN W. BRAGG,26
Nicholas,PRECINCT 21B,REP FOR SHERIFF,,REP,SHAWN W. BRAGG,17
Nicholas,PRECINCT 23,REP FOR SHERIFF,,REP,SHAWN W. BRAGG,0
Nicholas,PRECINCT 25,REP FOR SHERIFF,,REP,SHAWN W. BRAGG,7
Nicholas,PRECINCT 26,REP FOR SHERIFF,,REP,SHAWN W. BRAGG,31
Nicholas,PRECINCT 27,REP FOR SHERIFF,,REP,SHAWN W. BRAGG,7
Nicholas,PRECINCT 28,REP FOR SHERIFF,,REP,SHAWN W. BRAGG,54
Nicholas,PRECINCT 29,REP FOR SHERIFF,,REP,SHAWN W. BRAGG,40
Nicholas,PRECINCT 30,REP FOR SHERIFF,,REP,SHAWN W. BRAGG,28
Nicholas,PRECINCT 31,REP FOR SHERIFF,,REP,SHAWN W. BRAGG,16
Nicholas,PRECINCT 32,REP FOR SHERIFF,,REP,SHAWN W. BRAGG,14
Nicholas,PRECINCT 33,REP FOR SHERIFF,,REP,SHAWN W. BRAGG,36
Nicholas,PRECINCT 35,REP FOR SHERIFF,,REP,SHAWN W. BRAGG,24
Nicholas,PRECINCT 36,REP FOR SHERIFF,,REP,SHAWN W. BRAGG,11
Nicholas,PRECINCT 1A,REP FOR SHERIFF,,REP,RODNEY 'LEFTY' TRUMAN,6
Nicholas,PRECINCT 1B,REP FOR SHERIFF,,REP,RODNEY 'LEFTY' TRUMAN,5
Nicholas,PRECINCT 2,REP FOR SHERIFF,,REP,RODNEY 'LEFTY' TRUMAN,10
Nicholas,PRECINCT 3,REP FOR SHERIFF,,REP,RODNEY 'LEFTY' TRUMAN,8
Nicholas,PRECINCT 5,REP FOR SHERIFF,,REP,RODNEY 'LEFTY' TRUMAN,16
Nicholas,PRECINCT 7,REP FOR SHERIFF,,REP,RODNEY 'LEFTY' TRUMAN,9
Nicholas,PRECINCT 8,REP FOR SHERIFF,,REP,RODNEY 'LEFTY' TRUMAN,4
Nicholas,PRECINCT 9,REP FOR SHERIFF,,REP,RODNEY 'LEFTY' TRUMAN,2
Nicholas,PRECINCT 13,REP FOR SHERIFF,,REP,RODNEY 'LEFTY' TRUMAN,17
Nicholas,PRECINCT 14,REP FOR SHERIFF,,REP,RODNEY 'LEFTY' TRUMAN,14
Nicholas,PRECINCT 15,REP FOR SHERIFF,,REP,RODNEY 'LEFTY' TRUMAN,26
Nicholas,PRECINCT 16,REP FOR SHERIFF,,REP,RODNEY 'LEFTY' TRUMAN,12
Nicholas,PRECINCT 17,REP FOR SHERIFF,,REP,RODNEY 'LEFTY' TRUMAN,11
Nicholas,PRECINCT 18,REP FOR SHERIFF,,REP,RODNEY 'LEFTY' TRUMAN,50
Nicholas,PRECINCT 19,REP FOR SHERIFF,,REP,RODNEY 'LEFTY' TRUMAN,35
Nicholas,PRECINCT 20,REP FOR SHERIFF,,REP,RODNEY 'LEFTY' TRUMAN,41
Nicholas,PRECINCT 21A,REP FOR SHERIFF,,REP,RODNEY 'LEFTY' TRUMAN,32
Nicholas,PRECINCT 21B,REP FOR SHERIFF,,REP,RODNEY 'LEFTY' TRUMAN,21
Nicholas,PRECINCT 23,REP FOR SHERIFF,,REP,RODNEY 'LEFTY' TRUMAN,12
Nicholas,PRECINCT 25,REP FOR SHERIFF,,REP,RODNEY 'LEFTY' TRUMAN,11
Nicholas,PRECINCT 26,REP FOR SHERIFF,,REP,RODNEY 'LEFTY' TRUMAN,17
Nicholas,PRECINCT 27,REP FOR SHERIFF,,REP,RODNEY 'LEFTY' TRUMAN,15
Nicholas,PRECINCT 28,REP FOR SHERIFF,,REP,RODNEY 'LEFTY' TRUMAN,23
Nicholas,PRECINCT 29,REP FOR SHERIFF,,REP,RODNEY 'LEFTY' TRUMAN,52
Nicholas,PRECINCT 30,REP FOR SHERIFF,,REP,RODNEY 'LEFTY' TRUMAN,6
Nicholas,PRECINCT 31,REP FOR SHERIFF,,REP,RODNEY 'LEFTY' TRUMAN,17
Nicholas,PRECINCT 32,REP FOR SHERIFF,,REP,RODNEY 'LEFTY' TRUMAN,22
Nicholas,PRECINCT 33,REP FOR SHERIFF,,REP,RODNEY 'LEFTY' TRUMAN,58
Nicholas,PRECINCT 35,REP FOR SHERIFF,,REP,RODNEY 'LEFTY' TRUMAN,95
Nicholas,PRECINCT 36,REP FOR SHERIFF,,REP,RODNEY 'LEFTY' TRUMAN,8
Nicholas,PRECINCT 1A,DEM FOR SHERIFF,,DEM,NO CANDIDATE FILED,0
Nicholas,PRECINCT 1B,DEM FOR SHERIFF,,DEM,NO CANDIDATE FILED,0
Nicholas,PRECINCT 2,DEM FOR SHERIFF,,DEM,NO CANDIDATE FILED,0
Nicholas,PRECINCT 3,DEM FOR SHERIFF,,DEM,NO CANDIDATE FILED,0
Nicholas,PRECINCT 5,DEM FOR SHERIFF,,DEM,NO CANDIDATE FILED,0
Nicholas,PRECINCT 7,DEM FOR SHERIFF,,DEM,NO CANDIDATE FILED,0
Nicholas,PRECINCT 8,DEM FOR SHERIFF,,DEM,NO CANDIDATE FILED,0
Nicholas,PRECINCT 9,DEM FOR SHERIFF,,DEM,NO CANDIDATE FILED,0
Nicholas,PRECINCT 13,DEM FOR SHERIFF,,DEM,NO CANDIDATE FILED,0
Nicholas,PRECINCT 14,DEM FOR SHERIFF,,DEM,NO CANDIDATE FILED,0
Nicholas,PRECINCT 15,DEM FOR SHERIFF,,DEM,NO CANDIDATE FILED,0
Nicholas,PRECINCT 16,DEM FOR SHERIFF,,DEM,NO CANDIDATE FILED,0
Nicholas,PRECINCT 17,DEM FOR SHERIFF,,DEM,NO CANDIDATE FILED,0
Nicholas,PRECINCT 18,DEM FOR SHERIFF,,DEM,NO CANDIDATE FILED,0
Nicholas,PRECINCT 19,DEM FOR SHERIFF,,DEM,NO CANDIDATE FILED,0
Nicholas,PRECINCT 20,DEM FOR SHERIFF,,DEM,NO CANDIDATE FILED,0
Nicholas,PRECINCT 21A,DEM FOR SHERIFF,,DEM,NO CANDIDATE FILED,0
Nicholas,PRECINCT 21B,DEM FOR SHERIFF,,DEM,NO CANDIDATE FILED,0
Nicholas,PRECINCT 23,DEM FOR SHERIFF,,DEM,NO CANDIDATE FILED,0
Nicholas,PRECINCT 25,DEM FOR SHERIFF,,DEM,NO CANDIDATE FILED,0
Nicholas,PRECINCT 26,DEM FOR SHERIFF,,DEM,NO CANDIDATE FILED,0
Nicholas,PRECINCT 27,DEM FOR SHERIFF,,DEM,NO CANDIDATE FILED,0
Nicholas,PRECINCT 28,DEM FOR SHERIFF,,DEM,NO CANDIDATE FILED,0
Nicholas,PRECINCT 29,DEM FOR SHERIFF,,DEM,NO CANDIDATE FILED,0
Nicholas,PRECINCT 30,DEM FOR SHERIFF,,DEM,NO CANDIDATE FILED,0
Nicholas,PRECINCT 31,DEM FOR SHERIFF,,DEM,NO CANDIDATE FILED,0
Nicholas,PRECINCT 32,DEM FOR SHERIFF,,DEM,NO CANDIDATE FILED,0
Nicholas,PRECINCT 33,DEM FOR SHERIFF,,DEM,NO CANDIDATE FILED,0
Nicholas,PRECINCT 35,DEM FOR SHERIFF,,DEM,NO CANDIDATE FILED,0
Nicholas,PRECINCT 36,DEM FOR SHERIFF,,DEM,NO CANDIDATE FILED,0
Nicholas,PRECINCT 1A,MTN FOR SHERIFF,,MTN,NO CANDIDATE FILED,0
Nicholas,PRECINCT 1B,MTN FOR SHERIFF,,MTN,NO CANDIDATE FILED,0
Nicholas,PRECINCT 2,MTN FOR SHERIFF,,MTN,NO CANDIDATE FILED,0
Nicholas,PRECINCT 3,MTN FOR SHERIFF,,MTN,NO CANDIDATE FILED,0
Nicholas,PRECINCT 5,MTN FOR SHERIFF,,MTN,NO CANDIDATE FILED,0
Nicholas,PRECINCT 7,MTN FOR SHERIFF,,MTN,NO CANDIDATE FILED,0
Nicholas,PRECINCT 8,MTN FOR SHERIFF,,MTN,NO CANDIDATE FILED,0
Nicholas,PRECINCT 9,MTN FOR SHERIFF,,MTN,NO CANDIDATE FILED,0
Nicholas,PRECINCT 13,MTN FOR SHERIFF,,MTN,NO CANDIDATE FILED,0
Nicholas,PRECINCT 14,MTN FOR SHERIFF,,MTN,NO CANDIDATE FILED,0
Nicholas,PRECINCT 15,MTN FOR SHERIFF,,MTN,NO CANDIDATE FILED,0
Nicholas,PRECINCT 16,MTN FOR SHERIFF,,MTN,NO CANDIDATE FILED,0
Nicholas,PRECINCT 17,MTN FOR SHERIFF,,MTN,NO CANDIDATE FILED,0
Nicholas,PRECINCT 18,MTN FOR SHERIFF,,MTN,NO CANDIDATE FILED,0
Nicholas,PRECINCT 19,MTN FOR SHERIFF,,MTN,NO CANDIDATE FILED,0
Nicholas,PRECINCT 20,MTN FOR SHERIFF,,MTN,NO CANDIDATE FILED,0
Nicholas,PRECINCT 21A,MTN FOR SHERIFF,,MTN,NO CANDIDATE FILED,0
Nicholas,PRECINCT 21B,MTN FOR SHERIFF,,MTN,NO CANDIDATE FILED,0
Nicholas,PRECINCT 23,MTN FOR SHERIFF,,MTN,NO CANDIDATE FILED,0
Nicholas,PRECINCT 25,MTN FOR SHERIFF,,MTN,NO CANDIDATE FILED,0
Nicholas,PRECINCT 26,MTN FOR SHERIFF,,MTN,NO CANDIDATE FILED,0
Nicholas,PRECINCT 27,MTN FOR SHERIFF,,MTN,NO CANDIDATE FILED,0
Nicholas,PRECINCT 28,MTN FOR SHERIFF,,MTN,NO CANDIDATE FILED,0
Nicholas,PRECINCT 29,MTN FOR SHERIFF,,MTN,NO CANDIDATE FILED,0
Nicholas,PRECINCT 30,MTN FOR SHERIFF,,MTN,NO CANDIDATE FILED,0
Nicholas,PRECINCT 31,MTN FOR SHERIFF,,MTN,NO CANDIDATE FILED,0
Nicholas,PRECINCT 32,MTN FOR SHERIFF,,MTN,NO CANDIDATE FILED,0
Nicholas,PRECINCT 33,MTN FOR SHERIFF,,MTN,NO CANDIDATE FILED,0
Nicholas,PRECINCT 35,MTN FOR SHERIFF,,MTN,NO CANDIDATE FILED,0
Nicholas,PRECINCT 36,MTN FOR SHERIFF,,MTN,NO CANDIDATE FILED,0
Nicholas,PRECINCT 1A,REP FOR ASSESSOR,,REP,NO CANDIDATE FILED,0
Nicholas,PRECINCT 1B,REP FOR ASSESSOR,,REP,NO CANDIDATE FILED,0
Nicholas,PRECINCT 2,REP FOR ASSESSOR,,REP,NO CANDIDATE FILED,0
Nicholas,PRECINCT 3,REP FOR ASSESSOR,,REP,NO CANDIDATE FILED,0
Nicholas,PRECINCT 5,REP FOR ASSESSOR,,REP,NO CANDIDATE FILED,0
Nicholas,PRECINCT 7,REP FOR ASSESSOR,,REP,NO CANDIDATE FILED,0
Nicholas,PRECINCT 8,REP FOR ASSESSOR,,REP,NO CANDIDATE FILED,0
Nicholas,PRECINCT 9,REP FOR ASSESSOR,,REP,NO CANDIDATE FILED,0
Nicholas,PRECINCT 13,REP FOR ASSESSOR,,REP,NO CANDIDATE FILED,0
Nicholas,PRECINCT 14,REP FOR ASSESSOR,,REP,NO CANDIDATE FILED,0
Nicholas,PRECINCT 15,REP FOR ASSESSOR,,REP,NO CANDIDATE FILED,0
Nicholas,PRECINCT 16,REP FOR ASSESSOR,,REP,NO CANDIDATE FILED,0
Nicholas,PRECINCT 17,REP FOR ASSESSOR,,REP,NO CANDIDATE FILED,0
Nicholas,PRECINCT 18,REP FOR ASSESSOR,,REP,NO CANDIDATE FILED,0
Nicholas,PRECINCT 19,REP FOR ASSESSOR,,REP,NO CANDIDATE FILED,0
Nicholas,PRECINCT 20,REP FOR ASSESSOR,,REP,NO CANDIDATE FILED,0
Nicholas,PRECINCT 21A,REP FOR ASSESSOR,,REP,NO CANDIDATE FILED,0
Nicholas,PRECINCT 21B,REP FOR ASSESSOR,,REP,NO CANDIDATE FILED,0
Nicholas,PRECINCT 23,REP FOR ASSESSOR,,REP,NO CANDIDATE FILED,0
Nicholas,PRECINCT 25,REP FOR ASSESSOR,,REP,NO CANDIDATE FILED,0
Nicholas,PRECINCT 26,REP FOR ASSESSOR,,REP,NO CANDIDATE FILED,0
Nicholas,PRECINCT 27,REP FOR ASSESSOR,,REP,NO CANDIDATE FILED,0
Nicholas,PRECINCT 28,REP FOR ASSESSOR,,REP,NO CANDIDATE FILED,0
Nicholas,PRECINCT 29,REP FOR ASSESSOR,,REP,NO CANDIDATE FILED,0
Nicholas,PRECINCT 30,REP FOR ASSESSOR,,REP,NO CANDIDATE FILED,0
Nicholas,PRECINCT 31,REP FOR ASSESSOR,,REP,NO CANDIDATE FILED,0
Nicholas,PRECINCT 32,REP FOR ASSESSOR,,REP,NO CANDIDATE FILED,0
Nicholas,PRECINCT 33,REP FOR ASSESSOR,,REP,NO CANDIDATE FILED,0
Nicholas,PRECINCT 35,REP FOR ASSESSOR,,REP,NO CANDIDATE FILED,0
Nicholas,PRECINCT 36,REP FOR ASSESSOR,,REP,NO CANDIDATE FILED,0
Nicholas,PRECINCT 1A,DEM FOR ASSESSOR,,DEM,BETTY GRIFFIN,28
Nicholas,PRECINCT 1B,DEM FOR ASSESSOR,,DEM,BETTY GRIFFIN,16
Nicholas,PRECINCT 2,DEM FOR ASSESSOR,,DEM,BETTY GRIFFIN,42
Nicholas,PRECINCT 3,DEM FOR ASSESSOR,,DEM,BETTY GRIFFIN,28
Nicholas,PRECINCT 5,DEM FOR ASSESSOR,,DEM,BETTY GRIFFIN,50
Nicholas,PRECINCT 7,DEM FOR ASSESSOR,,DEM,BETTY GRIFFIN,35
Nicholas,PRECINCT 8,DEM FOR ASSESSOR,,DEM,BETTY GRIFFIN,24
Nicholas,PRECINCT 9,DEM FOR ASSESSOR,,DEM,BETTY GRIFFIN,21
Nicholas,PRECINCT 13,DEM FOR ASSESSOR,,DEM,BETTY GRIFFIN,23
Nicholas,PRECINCT 14,DEM FOR ASSESSOR,,DEM,BETTY GRIFFIN,56
Nicholas,PRECINCT 15,DEM FOR ASSESSOR,,DEM,BETTY GRIFFIN,39
Nicholas,PRECINCT 16,DEM FOR ASSESSOR,,DEM,BETTY GRIFFIN,32
Nicholas,PRECINCT 17,DEM FOR ASSESSOR,,DEM,BETTY GRIFFIN,55
Nicholas,PRECINCT 18,DEM FOR ASSESSOR,,DEM,BETTY GRIFFIN,114
Nicholas,PRECINCT 19,DEM FOR ASSESSOR,,DEM,BETTY GRIFFIN,36
Nicholas,PRECINCT 20,DEM FOR ASSESSOR,,DEM,BETTY GRIFFIN,92
Nicholas,PRECINCT 21A,DEM FOR ASSESSOR,,DEM,BETTY GRIFFIN,56
Nicholas,PRECINCT 21B,DEM FOR ASSESSOR,,DEM,BETTY GRIFFIN,32
Nicholas,PRECINCT 23,DEM FOR ASSESSOR,,DEM,BETTY GRIFFIN,5
Nicholas,PRECINCT 25,DEM FOR ASSESSOR,,DEM,BETTY GRIFFIN,16
Nicholas,PRECINCT 26,DEM FOR ASSESSOR,,DEM,BETTY GRIFFIN,34
Nicholas,PRECINCT 27,DEM FOR ASSESSOR,,DEM,BETTY GRIFFIN,14
Nicholas,PRECINCT 28,DEM FOR ASSESSOR,,DEM,BETTY GRIFFIN,26
Nicholas,PRECINCT 29,DEM FOR ASSESSOR,,DEM,BETTY GRIFFIN,58
Nicholas,PRECINCT 30,DEM FOR ASSESSOR,,DEM,BETTY GRIFFIN,22
Nicholas,PRECINCT 31,DEM FOR ASSESSOR,,DEM,BETTY GRIFFIN,10
Nicholas,PRECINCT 32,DEM FOR ASSESSOR,,DEM,BETTY GRIFFIN,36
Nicholas,PRECINCT 33,DEM FOR ASSESSOR,,DEM,BETTY GRIFFIN,67
Nicholas,PRECINCT 35,DEM FOR ASSESSOR,,DEM,BETTY GRIFFIN,49
Nicholas,PRECINCT 36,DEM FOR ASSESSOR,,DEM,BETTY GRIFFIN,10
Nicholas,PRECINCT 1A,MTN FOR ASSESSOR,,MTN,NO CANDIDATE FILED,0
Nicholas,PRECINCT 1B,MTN FOR ASSESSOR,,MTN,NO CANDIDATE FILED,0
Nicholas,PRECINCT 2,MTN FOR ASSESSOR,,MTN,NO CANDIDATE FILED,0
Nicholas,PRECINCT 3,MTN FOR ASSESSOR,,MTN,NO CANDIDATE FILED,0
Nicholas,PRECINCT 5,MTN FOR ASSESSOR,,MTN,NO CANDIDATE FILED,0
Nicholas,PRECINCT 7,MTN FOR ASSESSOR,,MTN,NO CANDIDATE FILED,0
Nicholas,PRECINCT 8,MTN FOR ASSESSOR,,MTN,NO CANDIDATE FILED,0
Nicholas,PRECINCT 9,MTN FOR ASSESSOR,,MTN,NO CANDIDATE FILED,0
Nicholas,PRECINCT 13,MTN FOR ASSESSOR,,MTN,NO CANDIDATE FILED,0
Nicholas,PRECINCT 14,MTN FOR ASSESSOR,,MTN,NO CANDIDATE FILED,0
Nicholas,PRECINCT 15,MTN FOR ASSESSOR,,MTN,NO CANDIDATE FILED,0
Nicholas,PRECINCT 16,MTN FOR ASSESSOR,,MTN,NO CANDIDATE FILED,0
Nicholas,PRECINCT 17,MTN FOR ASSESSOR,,MTN,NO CANDIDATE FILED,0
Nicholas,PRECINCT 18,MTN FOR ASSESSOR,,MTN,NO CANDIDATE FILED,0
Nicholas,PRECINCT 19,MTN FOR ASSESSOR,,MTN,NO CANDIDATE FILED,0
Nicholas,PRECINCT 20,MTN FOR ASSESSOR,,MTN,NO CANDIDATE FILED,0
Nicholas,PRECINCT 21A,MTN FOR ASSESSOR,,MTN,NO CANDIDATE FILED,0
Nicholas,PRECINCT 21B,MTN FOR ASSESSOR,,MTN,NO CANDIDATE FILED,0
Nicholas,PRECINCT 23,MTN FOR ASSESSOR,,MTN,NO CANDIDATE FILED,0
Nicholas,PRECINCT 25,MTN FOR ASSESSOR,,MTN,NO CANDIDATE FILED,0
Nicholas,PRECINCT 26,MTN FOR ASSESSOR,,MTN,NO CANDIDATE FILED,0
Nicholas,PRECINCT 27,MTN FOR ASSESSOR,,MTN,NO CANDIDATE FILED,0
Nicholas,PRECINCT 28,MTN FOR ASSESSOR,,MTN,NO CANDIDATE FILED,0
Nicholas,PRECINCT 29,MTN FOR ASSESSOR,,MTN,NO CANDIDATE FILED,0
Nicholas,PRECINCT 30,MTN FOR ASSESSOR,,MTN,NO CANDIDATE FILED,0
Nicholas,PRECINCT 31,MTN FOR ASSESSOR,,MTN,NO CANDIDATE FILED,0
Nicholas,PRECINCT 32,MTN FOR ASSESSOR,,MTN,NO CANDIDATE FILED,0
Nicholas,PRECINCT 33,MTN FOR ASSESSOR,,MTN,NO CANDIDATE FILED,0
Nicholas,PRECINCT 35,MTN FOR ASSESSOR,,MTN,NO CANDIDATE FILED,0
Nicholas,PRECINCT 36,MTN FOR ASSESSOR,,MTN,NO CANDIDATE FILED,0
Nicholas,PRECINCT 1A,REP FOR SURVEYOR,,REP,NO CANDIDATE FILED,0
Nicholas,PRECINCT 1B,REP FOR SURVEYOR,,REP,NO CANDIDATE FILED,0
Nicholas,PRECINCT 2,REP FOR SURVEYOR,,REP,NO CANDIDATE FILED,0
Nicholas,PRECINCT 3,REP FOR SURVEYOR,,REP,NO CANDIDATE FILED,0
Nicholas,PRECINCT 5,REP FOR SURVEYOR,,REP,NO CANDIDATE FILED,0
Nicholas,PRECINCT 7,REP FOR SURVEYOR,,REP,NO CANDIDATE FILED,0
Nicholas,PRECINCT 8,REP FOR SURVEYOR,,REP,NO CANDIDATE FILED,0
Nicholas,PRECINCT 9,REP FOR SURVEYOR,,REP,NO CANDIDATE FILED,0
Nicholas,PRECINCT 13,REP FOR SURVEYOR,,REP,NO CANDIDATE FILED,0
Nicholas,PRECINCT 14,REP FOR SURVEYOR,,REP,NO CANDIDATE FILED,0
Nicholas,PRECINCT 15,REP FOR SURVEYOR,,REP,NO CANDIDATE FILED,0
Nicholas,PRECINCT 16,REP FOR SURVEYOR,,REP,NO CANDIDATE FILED,0
Nicholas,PRECINCT 17,REP FOR SURVEYOR,,REP,NO CANDIDATE FILED,0
Nicholas,PRECINCT 18,REP FOR SURVEYOR,,REP,NO CANDIDATE FILED,0
Nicholas,PRECINCT 19,REP FOR SURVEYOR,,REP,NO CANDIDATE FILED,0
Nicholas,PRECINCT 20,REP FOR SURVEYOR,,REP,NO CANDIDATE FILED,0
Nicholas,PRECINCT 21A,REP FOR SURVEYOR,,REP,NO CANDIDATE FILED,0
Nicholas,PRECINCT 21B,REP FOR SURVEYOR,,REP,NO CANDIDATE FILED,0
Nicholas,PRECINCT 23,REP FOR SURVEYOR,,REP,NO CANDIDATE FILED,0
Nicholas,PRECINCT 25,REP FOR SURVEYOR,,REP,NO CANDIDATE FILED,0
Nicholas,PRECINCT 26,REP FOR SURVEYOR,,REP,NO CANDIDATE FILED,0
Nicholas,PRECINCT 27,REP FOR SURVEYOR,,REP,NO CANDIDATE FILED,0
Nicholas,PRECINCT 28,REP FOR SURVEYOR,,REP,NO CANDIDATE FILED,0
Nicholas,PRECINCT 29,REP FOR SURVEYOR,,REP,NO CANDIDATE FILED,0
Nicholas,PRECINCT 30,REP FOR SURVEYOR,,REP,NO CANDIDATE FILED,0
Nicholas,PRECINCT 31,REP FOR SURVEYOR,,REP,NO CANDIDATE FILED,0
Nicholas,PRECINCT 32,REP FOR SURVEYOR,,REP,NO CANDIDATE FILED,0
Nicholas,PRECINCT 33,REP FOR SURVEYOR,,REP,NO CANDIDATE FILED,0
Nicholas,PRECINCT 35,REP FOR SURVEYOR,,REP,NO CANDIDATE FILED,0
Nicholas,PRECINCT 36,REP FOR SURVEYOR,,REP,NO CANDIDATE FILED,0
Nicholas,PRECINCT 1A,DEM FOR SURVEYOR,,DEM,NO CANDIDATE FILED,0
Nicholas,PRECINCT 1B,DEM FOR SURVEYOR,,DEM,NO CANDIDATE FILED,0
Nicholas,PRECINCT 2,DEM FOR SURVEYOR,,DEM,NO CANDIDATE FILED,0
Nicholas,PRECINCT 3,DEM FOR SURVEYOR,,DEM,NO CANDIDATE FILED,0
Nicholas,PRECINCT 5,DEM FOR SURVEYOR,,DEM,NO CANDIDATE FILED,0
Nicholas,PRECINCT 7,DEM FOR SURVEYOR,,DEM,NO CANDIDATE FILED,0
Nicholas,PRECINCT 8,DEM FOR SURVEYOR,,DEM,NO CANDIDATE FILED,0
Nicholas,PRECINCT 9,DEM FOR SURVEYOR,,DEM,NO CANDIDATE FILED,0
Nicholas,PRECINCT 13,DEM FOR SURVEYOR,,DEM,NO CANDIDATE FILED,0
Nicholas,PRECINCT 14,DEM FOR SURVEYOR,,DEM,NO CANDIDATE FILED,0
Nicholas,PRECINCT 15,DEM FOR SURVEYOR,,DEM,NO CANDIDATE FILED,0
Nicholas,PRECINCT 16,DEM FOR SURVEYOR,,DEM,NO CANDIDATE FILED,0
Nicholas,PRECINCT 17,DEM FOR SURVEYOR,,DEM,NO CANDIDATE FILED,0
Nicholas,PRECINCT 18,DEM FOR SURVEYOR,,DEM,NO CANDIDATE FILED,0
Nicholas,PRECINCT 19,DEM FOR SURVEYOR,,DEM,NO CANDIDATE FILED,0
Nicholas,PRECINCT 20,DEM FOR SURVEYOR,,DEM,NO CANDIDATE FILED,0
Nicholas,PRECINCT 21A,DEM FOR SURVEYOR,,DEM,NO CANDIDATE FILED,0
Nicholas,PRECINCT 21B,DEM FOR SURVEYOR,,DEM,NO CANDIDATE FILED,0
Nicholas,PRECINCT 23,DEM FOR SURVEYOR,,DEM,NO CANDIDATE FILED,0
Nicholas,PRECINCT 25,DEM FOR SURVEYOR,,DEM,NO CANDIDATE FILED,0
Nicholas,PRECINCT 26,DEM FOR SURVEYOR,,DEM,NO CANDIDATE FILED,0
Nicholas,PRECINCT 27,DEM FOR SURVEYOR,,DEM,NO CANDIDATE FILED,0
Nicholas,PRECINCT 28,DEM FOR SURVEYOR,,DEM,NO CANDIDATE FILED,0
Nicholas,PRECINCT 29,DEM FOR SURVEYOR,,DEM,NO CANDIDATE FILED,0
Nicholas,PRECINCT 30,DEM FOR SURVEYOR,,DEM,NO CANDIDATE FILED,0
Nicholas,PRECINCT 31,DEM FOR SURVEYOR,,DEM,NO CANDIDATE FILED,0
Nicholas,PRECINCT 32,DEM FOR SURVEYOR,,DEM,NO CANDIDATE FILED,0
Nicholas,PRECINCT 33,DEM FOR SURVEYOR,,DEM,NO CANDIDATE FILED,0
Nicholas,PRECINCT 35,DEM FOR SURVEYOR,,DEM,NO CANDIDATE FILED,0
Nicholas,PRECINCT 36,DEM FOR SURVEYOR,,DEM,NO CANDIDATE FILED,0
Nicholas,PRECINCT 1A,MTN FOR SURVEYOR,,MTN,NO CANDIDATE FILED,0
Nicholas,PRECINCT 1B,MTN FOR SURVEYOR,,MTN,NO CANDIDATE FILED,0
Nicholas,PRECINCT 2,MTN FOR SURVEYOR,,MTN,NO CANDIDATE FILED,0
Nicholas,PRECINCT 3,MTN FOR SURVEYOR,,MTN,NO CANDIDATE FILED,0
Nicholas,PRECINCT 5,MTN FOR SURVEYOR,,MTN,NO CANDIDATE FILED,0
Nicholas,PRECINCT 7,MTN FOR SURVEYOR,,MTN,NO CANDIDATE FILED,0
Nicholas,PRECINCT 8,MTN FOR SURVEYOR,,MTN,NO CANDIDATE FILED,0
Nicholas,PRECINCT 9,MTN FOR SURVEYOR,,MTN,NO CANDIDATE FILED,0
Nicholas,PRECINCT 13,MTN FOR SURVEYOR,,MTN,NO CANDIDATE FILED,0
Nicholas,PRECINCT 14,MTN FOR SURVEYOR,,MTN,NO CANDIDATE FILED,0
Nicholas,PRECINCT 15,MTN FOR SURVEYOR,,MTN,NO CANDIDATE FILED,0
Nicholas,PRECINCT 16,MTN FOR SURVEYOR,,MTN,NO CANDIDATE FILED,0
Nicholas,PRECINCT 17,MTN FOR SURVEYOR,,MTN,NO CANDIDATE FILED,0
Nicholas,PRECINCT 18,MTN FOR SURVEYOR,,MTN,NO CANDIDATE FILED,0
Nicholas,PRECINCT 19,MTN FOR SURVEYOR,,MTN,NO CANDIDATE FILED,0
Nicholas,PRECINCT 20,MTN FOR SURVEYOR,,MTN,NO CANDIDATE FILED,0
Nicholas,PRECINCT 21A,MTN FOR SURVEYOR,,MTN,NO CANDIDATE FILED,0
Nicholas,PRECINCT 21B,MTN FOR SURVEYOR,,MTN,NO CANDIDATE FILED,0
Nicholas,PRECINCT 23,MTN FOR SURVEYOR,,MTN,NO CANDIDATE FILED,0
Nicholas,PRECINCT 25,MTN FOR SURVEYOR,,MTN,NO CANDIDATE FILED,0
Nicholas,PRECINCT 26,MTN FOR SURVEYOR,,MTN,NO CANDIDATE FILED,0
Nicholas,PRECINCT 27,MTN FOR SURVEYOR,,MTN,NO CANDIDATE FILED,0
Nicholas,PRECINCT 28,MTN FOR SURVEYOR,,MTN,NO CANDIDATE FILED,0
Nicholas,PRECINCT 29,MTN FOR SURVEYOR,,MTN,NO CANDIDATE FILED,0
Nicholas,PRECINCT 30,MTN FOR SURVEYOR,,MTN,NO CANDIDATE FILED,0
Nicholas,PRECINCT 31,MTN FOR SURVEYOR,,MTN,NO CANDIDATE FILED,0
Nicholas,PRECINCT 32,MTN FOR SURVEYOR,,MTN,NO CANDIDATE FILED,0
Nicholas,PRECINCT 33,MTN FOR SURVEYOR,,MTN,NO CANDIDATE FILED,0
Nicholas,PRECINCT 35,MTN FOR SURVEYOR,,MTN,NO CANDIDATE FILED,0
Nicholas,PRECINCT 36,MTN FOR SURVEYOR,,MTN,NO CANDIDATE FILED,0
Nicholas,PRECINCT 1A,Supreme Court of Appeals,,,STEVE FERGUSON,55
Nicholas,PRECINCT 1B,Supreme Court of Appeals,,,STEVE FERGUSON,44
Nicholas,PRECINCT 2,Supreme Court of Appeals,,,STEVE FERGUSON,84
Nicholas,PRECINCT 3,Supreme Court of Appeals,,,STEVE FERGUSON,55
Nicholas,PRECINCT 5,Supreme Court of Appeals,,,STEVE FERGUSON,68
Nicholas,PRECINCT 7,Supreme Court of Appeals,,,STEVE FERGUSON,41
Nicholas,PRECINCT 8,Supreme Court of Appeals,,,STEVE FERGUSON,43
Nicholas,PRECINCT 9,Supreme Court of Appeals,,,STEVE FERGUSON,16
Nicholas,PRECINCT 13,Supreme Court of Appeals,,,STEVE FERGUSON,100
Nicholas,PRECINCT 14,Supreme Court of Appeals,,,STEVE FERGUSON,142
Nicholas,PRECINCT 15,Supreme Court of Appeals,,,STEVE FERGUSON,193
Nicholas,PRECINCT 16,Supreme Court of Appeals,,,STEVE FERGUSON,132
Nicholas,PRECINCT 17,Supreme Court of Appeals,,,STEVE FERGUSON,120
Nicholas,PRECINCT 18,Supreme Court of Appeals,,,STEVE FERGUSON,362
Nicholas,PRECINCT 19,Supreme Court of Appeals,,,STEVE FERGUSON,142
Nicholas,PRECINCT 20,Supreme Court of Appeals,,,STEVE FERGUSON,272
Nicholas,PRECINCT 21A,Supreme Court of Appeals,,,STEVE FERGUSON,198
Nicholas,PRECINCT 21B,Supreme Court of Appeals,,,STEVE FERGUSON,141
Nicholas,PRECINCT 23,Supreme Court of Appeals,,,STEVE FERGUSON,29
Nicholas,PRECINCT 25,Supreme Court of Appeals,,,STEVE FERGUSON,55
Nicholas,PRECINCT 26,Supreme Court of Appeals,,,STEVE FERGUSON,57
Nicholas,PRECINCT 27,Supreme Court of Appeals,,,STEVE FERGUSON,72
Nicholas,PRECINCT 28,Supreme Court of Appeals,,,STEVE FERGUSON,100
Nicholas,PRECINCT 29,Supreme Court of Appeals,,,STEVE FERGUSON,259
Nicholas,PRECINCT 30,Supreme Court of Appeals,,,STEVE FERGUSON,42
Nicholas,PRECINCT 31,Supreme Court of Appeals,,,STEVE FERGUSON,65
Nicholas,PRECINCT 32,Supreme Court of Appeals,,,STEVE FERGUSON,125
Nicholas,PRECINCT 33,Supreme Court of Appeals,,,STEVE FERGUSON,234
Nicholas,PRECINCT 35,Supreme Court of Appeals,,,STEVE FERGUSON,232
Nicholas,PRECINCT 36,Supreme Court of Appeals,,,STEVE FERGUSON,25
Nicholas,PRECINCT 1A,Supreme Court of Appeals,,,ROY MOOSE,111
Nicholas,PRECINCT 1B,Supreme Court of Appeals,,,ROY MOOSE,88
Nicholas,PRECINCT 2,Supreme Court of Appeals,,,ROY MOOSE,156
Nicholas,PRECINCT 3,Supreme Court of Appeals,,,ROY MOOSE,139
Nicholas,PRECINCT 5,Supreme Court of Appeals,,,ROY MOOSE,173
Nicholas,PRECINCT 7,Supreme Court of Appeals,,,ROY MOOSE,119
Nicholas,PRECINCT 8,Supreme Court of Appeals,,,ROY MOOSE,96
Nicholas,PRECINCT 9,Supreme Court of Appeals,,,ROY MOOSE,68
Nicholas,PRECINCT 13,Supreme Court of Appeals,,,ROY MOOSE,53
Nicholas,PRECINCT 14,Supreme Court of Appeals,,,ROY MOOSE,92
Nicholas,PRECINCT 15,Supreme Court of Appeals,,,ROY MOOSE,85
Nicholas,PRECINCT 16,Supreme Court of Appeals,,,ROY MOOSE,160
Nicholas,PRECINCT 17,Supreme Court of Appeals,,,ROY MOOSE,212
Nicholas,PRECINCT 18,Supreme Court of Appeals,,,ROY MOOSE,183
Nicholas,PRECINCT 19,Supreme Court of Appeals,,,ROY MOOSE,70
Nicholas,PRECINCT 20,Supreme Court of Appeals,,,ROY MOOSE,108
Nicholas,PRECINCT 21A,Supreme Court of Appeals,,,ROY MOOSE,106
Nicholas,PRECINCT 21B,Supreme Court of Appeals,,,ROY MOOSE,73
Nicholas,PRECINCT 23,Supreme Court of Appeals,,,ROY MOOSE,11
Nicholas,PRECINCT 25,Supreme Court of Appeals,,,ROY MOOSE,33
Nicholas,PRECINCT 26,Supreme Court of Appeals,,,ROY MOOSE,109
Nicholas,PRECINCT 27,Supreme Court of Appeals,,,ROY MOOSE,28
Nicholas,PRECINCT 28,Supreme Court of Appeals,,,ROY MOOSE,126
Nicholas,PRECINCT 29,Supreme Court of Appeals,,,ROY MOOSE,145
Nicholas,PRECINCT 30,Supreme Court of Appeals,,,ROY MOOSE,77
Nicholas,PRECINCT 31,Supreme Court of Appeals,,,ROY MOOSE,31
Nicholas,PRECINCT 32,Supreme Court of Appeals,,,ROY MOOSE,62
Nicholas,PRECINCT 33,Supreme Court of Appeals,,,ROY MOOSE,138
Nicholas,PRECINCT 35,Supreme Court of Appeals,,,ROY MOOSE,118
Nicholas,PRECINCT 36,Supreme Court of Appeals,,,ROY MOOSE,44
Nicholas,PRECINCT 1A,FOR CONSERVATION DISTRICT SUPERVISOR,,,LARRY GREYNOLDS,104
Nicholas,PRECINCT 1B,FOR CONSERVATION DISTRICT SUPERVISOR,,,LARRY GREYNOLDS,74
Nicholas,PRECINCT 2,FOR CONSERVATION DISTRICT SUPERVISOR,,,LARRY GREYNOLDS,169
Nicholas,PRECINCT 3,FOR CONSERVATION DISTRICT SUPERVISOR,,,LARRY GREYNOLDS,115
Nicholas,PRECINCT 5,FOR CONSERVATION DISTRICT SUPERVISOR,,,LARRY GREYNOLDS,109
Nicholas,PRECINCT 7,FOR CONSERVATION DISTRICT SUPERVISOR,,,LARRY GREYNOLDS,96
Nicholas,PRECINCT 8,FOR CONSERVATION DISTRICT SUPERVISOR,,,LARRY GREYNOLDS,75
Nicholas,PRECINCT 9,FOR CONSERVATION DISTRICT SUPERVISOR,,,LARRY GREYNOLDS,51
Nicholas,PRECINCT 13,FOR CONSERVATION DISTRICT SUPERVISOR,,,LARRY GREYNOLDS,111
Nicholas,PRECINCT 14,FOR CONSERVATION DISTRICT SUPERVISOR,,,LARRY GREYNOLDS,167
Nicholas,PRECINCT 15,FOR CONSERVATION DISTRICT SUPERVISOR,,,LARRY GREYNOLDS,182
Nicholas,PRECINCT 16,FOR CONSERVATION DISTRICT SUPERVISOR,,,LARRY GREYNOLDS,187
Nicholas,PRECINCT 17,FOR CONSERVATION DISTRICT SUPERVISOR,,,LARRY GREYNOLDS,204
Nicholas,PRECINCT 18,FOR CONSERVATION DISTRICT SUPERVISOR,,,LARRY GREYNOLDS,367
Nicholas,PRECINCT 19,FOR CONSERVATION DISTRICT SUPERVISOR,,,LARRY GREYNOLDS,148
Nicholas,PRECINCT 20,FOR CONSERVATION DISTRICT SUPERVISOR,,,LARRY GREYNOLDS,265
Nicholas,PRECINCT 21A,FOR CONSERVATION DISTRICT SUPERVISOR,,,LARRY GREYNOLDS,225
Nicholas,PRECINCT 21B,FOR CONSERVATION DISTRICT SUPERVISOR,,,LARRY GREYNOLDS,143
Nicholas,PRECINCT 23,FOR CONSERVATION DISTRICT SUPERVISOR,,,LARRY GREYNOLDS,29
Nicholas,PRECINCT 25,FOR CONSERVATION DISTRICT SUPERVISOR,,,LARRY GREYNOLDS,63
Nicholas,PRECINCT 26,FOR CONSERVATION DISTRICT SUPERVISOR,,,LARRY GREYNOLDS,99
Nicholas,PRECINCT 27,FOR CONSERVATION DISTRICT SUPERVISOR,,,LARRY GREYNOLDS,72
Nicholas,PRECINCT 28,FOR CONSERVATION DISTRICT SUPERVISOR,,,LARRY GREYNOLDS,143
Nicholas,PRECINCT 29,FOR CONSERVATION DISTRICT SUPERVISOR,,,LARRY GREYNOLDS,265
Nicholas,PRECINCT 30,FOR CONSERVATION DISTRICT SUPERVISOR,,,LARRY GREYNOLDS,63
Nicholas,PRECINCT 31,FOR CONSERVATION DISTRICT SUPERVISOR,,,LARRY GREYNOLDS,68
Nicholas,PRECINCT 32,FOR CONSERVATION DISTRICT SUPERVISOR,,,LARRY GREYNOLDS,131
Nicholas,PRECINCT 33,FOR CONSERVATION DISTRICT SUPERVISOR,,,LARRY GREYNOLDS,263
Nicholas,PRECINCT 35,FOR CONSERVATION DISTRICT SUPERVISOR,,,LARRY GREYNOLDS,243
Nicholas,PRECINCT 36,FOR CONSERVATION DISTRICT SUPERVISOR,,,LARRY GREYNOLDS,45
Nicholas,PRECINCT 1A,SCHOOL LEVY,,,For the Levies,72
Nicholas,PRECINCT 1B,SCHOOL LEVY,,,For the Levies,45
Nicholas,PRECINCT 2,SCHOOL LEVY,,,For the Levies,102
Nicholas,PRECINCT 3,SCHOOL LEVY,,,For the Levies,74
Nicholas,PRECINCT 5,SCHOOL LEVY,,,For the Levies,107
Nicholas,PRECINCT 7,SCHOOL LEVY,,,For the Levies,65
Nicholas,PRECINCT 8,SCHOOL LEVY,,,For the Levies,58
Nicholas,PRECINCT 9,SCHOOL LEVY,,,For the Levies,42
Nicholas,PRECINCT 13,SCHOOL LEVY,,,For the Levies,54
Nicholas,PRECINCT 14,SCHOOL LEVY,,,For the Levies,75
Nicholas,PRECINCT 15,SCHOOL LEVY,,,For the Levies,112
Nicholas,PRECINCT 16,SCHOOL LEVY,,,For the Levies,103
Nicholas,PRECINCT 17,SCHOOL LEVY,,,For the Levies,115
Nicholas,PRECINCT 18,SCHOOL LEVY,,,For the Levies,262
Nicholas,PRECINCT 19,SCHOOL LEVY,,,For the Levies,92
Nicholas,PRECINCT 20,SCHOOL LEVY,,,For the Levies,192
Nicholas,PRECINCT 21A,SCHOOL LEVY,,,For the Levies,139
Nicholas,PRECINCT 21B,SCHOOL LEVY,,,For the Levies,91
Nicholas,PRECINCT 23,SCHOOL LEVY,,,For the Levies,16
Nicholas,PRECINCT 25,SCHOOL LEVY,,,For the Levies,37
Nicholas,PRECINCT 26,SCHOOL LEVY,,,For the Levies,63
Nicholas,PRECINCT 27,SCHOOL LEVY,,,For the Levies,43
Nicholas,PRECINCT 28,SCHOOL LEVY,,,For the Levies,87
Nicholas,PRECINCT 29,SCHOOL LEVY,,,For the Levies,154
Nicholas,PRECINCT 30,SCHOOL LEVY,,,For the Levies,35
Nicholas,PRECINCT 31,SCHOOL LEVY,,,For the Levies,30
Nicholas,PRECINCT 32,SCHOOL LEVY,,,For the Levies,63
Nicholas,PRECINCT 33,SCHOOL LEVY,,,For the Levies,138
Nicholas,PRECINCT 35,SCHOOL LEVY,,,For the Levies,126
Nicholas,PRECINCT 36,SCHOOL LEVY,,,For the Levies,28
Nicholas,PRECINCT 1A,SCHOOL LEVY,,,Against the Levies,45
Nicholas,PRECINCT 1B,SCHOOL LEVY,,,Against the Levies,32
Nicholas,PRECINCT 2,SCHOOL LEVY,,,Against the Levies,83
Nicholas,PRECINCT 3,SCHOOL LEVY,,,Against the Levies,60
Nicholas,PRECINCT 5,SCHOOL LEVY,,,Against the Levies,33
Nicholas,PRECINCT 7,SCHOOL LEVY,,,Against the Levies,37
Nicholas,PRECINCT 8,SCHOOL LEVY,,,Against the Levies,21
Nicholas,PRECINCT 9,SCHOOL LEVY,,,Against the Levies,14
Nicholas,PRECINCT 13,SCHOOL LEVY,,,Against the Levies,62
Nicholas,PRECINCT 14,SCHOOL LEVY,,,Against the Levies,104
Nicholas,PRECINCT 15,SCHOOL LEVY,,,Against the Levies,74
Nicholas,PRECINCT 16,SCHOOL LEVY,,,Against the Levies,79
Nicholas,PRECINCT 17,SCHOOL LEVY,,,Against the Levies,109
Nicholas,PRECINCT 18,SCHOOL LEVY,,,Against the Levies,129
Nicholas,PRECINCT 19,SCHOOL LEVY,,,Against the Levies,70
Nicholas,PRECINCT 20,SCHOOL LEVY,,,Against the Levies,93
Nicholas,PRECINCT 21A,SCHOOL LEVY,,,Against the Levies,84
Nicholas,PRECINCT 21B,SCHOOL LEVY,,,Against the Levies,65
Nicholas,PRECINCT 23,SCHOOL LEVY,,,Against the Levies,10
Nicholas,PRECINCT 25,SCHOOL LEVY,,,Against the Levies,30
Nicholas,PRECINCT 26,SCHOOL LEVY,,,Against the Levies,42
Nicholas,PRECINCT 27,SCHOOL LEVY,,,Against the Levies,39
Nicholas,PRECINCT 28,SCHOOL LEVY,,,Against the Levies,74
Nicholas,PRECINCT 29,SCHOOL LEVY,,,Against the Levies,123
Nicholas,PRECINCT 30,SCHOOL LEVY,,,Against the Levies,45
Nicholas,PRECINCT 31,SCHOOL LEVY,,,Against the Levies,32
Nicholas,PRECINCT 32,SCHOOL LEVY,,,Against the Levies,64
Nicholas,PRECINCT 33,SCHOOL LEVY,,,Against the Levies,139
Nicholas,PRECINCT 35,SCHOOL LEVY,,,Against the Levies,132
Nicholas,PRECINCT 36,SCHOOL LEVY,,,Against the Levies,18
