county,precinct,office,district,party,candidate,votes
Hancock,PRECINCT 1,BALLOTS CAST,,REP,BALLOTS CAST - REPUBLICAN,129
Hancock,PRECINCT 2,BALLOTS CAST,,REP,BALLOTS CAST - REPUBLICAN,110
Hancock,PRECINCT 3,BALLOTS CAST,,REP,BALLOTS CAST - REPUBLICAN,146
Hancock,PRECINCT 5,BALLOTS CAST,,REP,BALLOTS CAST - REPUBLICAN,84
Hancock,PRECINCT 6,BALLOTS CAST,,REP,BALLOTS CAST - REPUBLICAN,254
Hancock,PRECINCT 7,BALLOTS CAST,,REP,BALLOTS CAST - REPUBLICAN,90
Hancock,PRECINCT 8,BALLOTS CAST,,REP,BALLOTS CAST - REPUBLICAN,239
Hancock,PRECINCT 9,BALLOTS CAST,,REP,BALLOTS CAST - REPUBLICAN,192
Hancock,PRECINCT 10,BALLOTS CAST,,REP,BALLOTS CAST - REPUBLICAN,111
Hancock,PRECINCT 11,BALLOTS CAST,,REP,BALLOTS CAST - REPUBLICAN,170
Hancock,PRECINCT 12,BALLOTS CAST,,REP,BALLOTS CAST - REPUBLICAN,228
Hancock,PRECINCT 13,BALLOTS CAST,,REP,BALLOTS CAST - REPUBLICAN,141
Hancock,PRECINCT 14,BALLOTS CAST,,REP,BALLOTS CAST - REPUBLICAN,89
Hancock,PRECINCT 16,BALLOTS CAST,,REP,BALLOTS CAST - REPUBLICAN,47
Hancock,PRECINCT 17,BALLOTS CAST,,REP,BALLOTS CAST - REPUBLICAN,184
Hancock,PRECINCT 19,BALLOTS CAST,,REP,BALLOTS CAST - REPUBLICAN,110
Hancock,PRECINCT 20,BALLOTS CAST,,REP,BALLOTS CAST - REPUBLICAN,190
Hancock,PRECINCT 21,BALLOTS CAST,,REP,BALLOTS CAST - REPUBLICAN,138
Hancock,PRECINCT 22,BALLOTS CAST,,REP,BALLOTS CAST - REPUBLICAN,102
Hancock,PRECINCT 23,BALLOTS CAST,,REP,BALLOTS CAST - REPUBLICAN,79
Hancock,PRECINCT 24,BALLOTS CAST,,REP,BALLOTS CAST - REPUBLICAN,134
Hancock,PRECINCT 25,BALLOTS CAST,,REP,BALLOTS CAST - REPUBLICAN,224
Hancock,PRECINCT 27,BALLOTS CAST,,REP,BALLOTS CAST - REPUBLICAN,179
Hancock,PRECINCT 28,BALLOTS CAST,,REP,BALLOTS CAST - REPUBLICAN,141
Hancock,PRECINCT 1,BALLOTS CAST,,DEM,BALLOTS CAST - DEMOCRATIC,70
Hancock,PRECINCT 2,BALLOTS CAST,,DEM,BALLOTS CAST - DEMOCRATIC,52
Hancock,PRECINCT 3,BALLOTS CAST,,DEM,BALLOTS CAST - DEMOCRATIC,76
Hancock,PRECINCT 5,BALLOTS CAST,,DEM,BALLOTS CAST - DEMOCRATIC,45
Hancock,PRECINCT 6,BALLOTS CAST,,DEM,BALLOTS CAST - DEMOCRATIC,71
Hancock,PRECINCT 7,BALLOTS CAST,,DEM,BALLOTS CAST - DEMOCRATIC,31
Hancock,PRECINCT 8,BALLOTS CAST,,DEM,BALLOTS CAST - DEMOCRATIC,83
Hancock,PRECINCT 9,BALLOTS CAST,,DEM,BALLOTS CAST - DEMOCRATIC,69
Hancock,PRECINCT 10,BALLOTS CAST,,DEM,BALLOTS CAST - DEMOCRATIC,73
Hancock,PRECINCT 11,BALLOTS CAST,,DEM,BALLOTS CAST - DEMOCRATIC,52
Hancock,PRECINCT 12,BALLOTS CAST,,DEM,BALLOTS CAST - DEMOCRATIC,97
Hancock,PRECINCT 13,BALLOTS CAST,,DEM,BALLOTS CAST - DEMOCRATIC,72
Hancock,PRECINCT 14,BALLOTS CAST,,DEM,BALLOTS CAST - DEMOCRATIC,60
Hancock,PRECINCT 16,BALLOTS CAST,,DEM,BALLOTS CAST - DEMOCRATIC,55
Hancock,PRECINCT 17,BALLOTS CAST,,DEM,BALLOTS CAST - DEMOCRATIC,124
Hancock,PRECINCT 19,BALLOTS CAST,,DEM,BALLOTS CAST - DEMOCRATIC,72
Hancock,PRECINCT 20,BALLOTS CAST,,DEM,BALLOTS CAST - DEMOCRATIC,124
Hancock,PRECINCT 21,BALLOTS CAST,,DEM,BALLOTS CAST - DEMOCRATIC,80
Hancock,PRECINCT 22,BALLOTS CAST,,DEM,BALLOTS CAST - DEMOCRATIC,75
Hancock,PRECINCT 23,BALLOTS CAST,,DEM,BALLOTS CAST - DEMOCRATIC,52
Hancock,PRECINCT 24,BALLOTS CAST,,DEM,BALLOTS CAST - DEMOCRATIC,95
Hancock,PRECINCT 25,BALLOTS CAST,,DEM,BALLOTS CAST - DEMOCRATIC,138
Hancock,PRECINCT 27,BALLOTS CAST,,DEM,BALLOTS CAST - DEMOCRATIC,88
Hancock,PRECINCT 28,BALLOTS CAST,,DEM,BALLOTS CAST - DEMOCRATIC,105
Hancock,PRECINCT 1,BALLOTS CAST,,MTN,BALLOTS CAST - MOUNTAIN,1
Hancock,PRECINCT 2,BALLOTS CAST,,MTN,BALLOTS CAST - MOUNTAIN,0
Hancock,PRECINCT 3,BALLOTS CAST,,MTN,BALLOTS CAST - MOUNTAIN,0
Hancock,PRECINCT 5,BALLOTS CAST,,MTN,BALLOTS CAST - MOUNTAIN,0
Hancock,PRECINCT 6,BALLOTS CAST,,MTN,BALLOTS CAST - MOUNTAIN,0
Hancock,PRECINCT 7,BALLOTS CAST,,MTN,BALLOTS CAST - MOUNTAIN,0
Hancock,PRECINCT 8,BALLOTS CAST,,MTN,BALLOTS CAST - MOUNTAIN,0
Hancock,PRECINCT 9,BALLOTS CAST,,MTN,BALLOTS CAST - MOUNTAIN,0
Hancock,PRECINCT 10,BALLOTS CAST,,MTN,BALLOTS CAST - MOUNTAIN,0
Hancock,PRECINCT 11,BALLOTS CAST,,MTN,BALLOTS CAST - MOUNTAIN,0
Hancock,PRECINCT 12,BALLOTS CAST,,MTN,BALLOTS CAST - MOUNTAIN,0
Hancock,PRECINCT 13,BALLOTS CAST,,MTN,BALLOTS CAST - MOUNTAIN,0
Hancock,PRECINCT 14,BALLOTS CAST,,MTN,BALLOTS CAST - MOUNTAIN,0
Hancock,PRECINCT 16,BALLOTS CAST,,MTN,BALLOTS CAST - MOUNTAIN,0
Hancock,PRECINCT 17,BALLOTS CAST,,MTN,BALLOTS CAST - MOUNTAIN,0
Hancock,PRECINCT 19,BALLOTS CAST,,MTN,BALLOTS CAST - MOUNTAIN,0
Hancock,PRECINCT 20,BALLOTS CAST,,MTN,BALLOTS CAST - MOUNTAIN,0
Hancock,PRECINCT 21,BALLOTS CAST,,MTN,BALLOTS CAST - MOUNTAIN,0
Hancock,PRECINCT 22,BALLOTS CAST,,MTN,BALLOTS CAST - MOUNTAIN,0
Hancock,PRECINCT 23,BALLOTS CAST,,MTN,BALLOTS CAST - MOUNTAIN,0
Hancock,PRECINCT 24,BALLOTS CAST,,MTN,BALLOTS CAST - MOUNTAIN,0
Hancock,PRECINCT 25,BALLOTS CAST,,MTN,BALLOTS CAST - MOUNTAIN,0
Hancock,PRECINCT 27,BALLOTS CAST,,MTN,BALLOTS CAST - MOUNTAIN,0
Hancock,PRECINCT 28,BALLOTS CAST,,MTN,BALLOTS CAST - MOUNTAIN,0
Hancock,PRECINCT 1,BALLOTS CAST,,,BALLOTS CAST - NONPARTISAN,4
Hancock,PRECINCT 2,BALLOTS CAST,,,BALLOTS CAST - NONPARTISAN,6
Hancock,PRECINCT 3,BALLOTS CAST,,,BALLOTS CAST - NONPARTISAN,1
Hancock,PRECINCT 5,BALLOTS CAST,,,BALLOTS CAST - NONPARTISAN,4
Hancock,PRECINCT 6,BALLOTS CAST,,,BALLOTS CAST - NONPARTISAN,1
Hancock,PRECINCT 7,BALLOTS CAST,,,BALLOTS CAST - NONPARTISAN,4
Hancock,PRECINCT 8,BALLOTS CAST,,,BALLOTS CAST - NONPARTISAN,5
Hancock,PRECINCT 9,BALLOTS CAST,,,BALLOTS CAST - NONPARTISAN,0
Hancock,PRECINCT 10,BALLOTS CAST,,,BALLOTS CAST - NONPARTISAN,5
Hancock,PRECINCT 11,BALLOTS CAST,,,BALLOTS CAST - NONPARTISAN,1
Hancock,PRECINCT 12,BALLOTS CAST,,,BALLOTS CAST - NONPARTISAN,10
Hancock,PRECINCT 13,BALLOTS CAST,,,BALLOTS CAST - NONPARTISAN,2
Hancock,PRECINCT 14,BALLOTS CAST,,,BALLOTS CAST - NONPARTISAN,6
Hancock,PRECINCT 16,BALLOTS CAST,,,BALLOTS CAST - NONPARTISAN,3
Hancock,PRECINCT 17,BALLOTS CAST,,,BALLOTS CAST - NONPARTISAN,6
Hancock,PRECINCT 19,BALLOTS CAST,,,BALLOTS CAST - NONPARTISAN,13
Hancock,PRECINCT 20,BALLOTS CAST,,,BALLOTS CAST - NONPARTISAN,6
Hancock,PRECINCT 21,BALLOTS CAST,,,BALLOTS CAST - NONPARTISAN,7
Hancock,PRECINCT 22,BALLOTS CAST,,,BALLOTS CAST - NONPARTISAN,3
Hancock,PRECINCT 23,BALLOTS CAST,,,BALLOTS CAST - NONPARTISAN,3
Hancock,PRECINCT 24,BALLOTS CAST,,,BALLOTS CAST - NONPARTISAN,6
Hancock,PRECINCT 25,BALLOTS CAST,,,BALLOTS CAST - NONPARTISAN,13
Hancock,PRECINCT 27,BALLOTS CAST,,,BALLOTS CAST - NONPARTISAN,14
Hancock,PRECINCT 28,BALLOTS CAST,,,BALLOTS CAST - NONPARTISAN,2
Hancock,PRECINCT 1,President,,REP,NIKKI R. HALEY,9
Hancock,PRECINCT 2,President,,REP,NIKKI R. HALEY,9
Hancock,PRECINCT 3,President,,REP,NIKKI R. HALEY,9
Hancock,PRECINCT 5,President,,REP,NIKKI R. HALEY,5
Hancock,PRECINCT 6,President,,REP,NIKKI R. HALEY,14
Hancock,PRECINCT 7,President,,REP,NIKKI R. HALEY,5
Hancock,PRECINCT 8,President,,REP,NIKKI R. HALEY,9
Hancock,PRECINCT 9,President,,REP,NIKKI R. HALEY,12
Hancock,PRECINCT 10,President,,REP,NIKKI R. HALEY,10
Hancock,PRECINCT 11,President,,REP,NIKKI R. HALEY,10
Hancock,PRECINCT 12,President,,REP,NIKKI R. HALEY,14
Hancock,PRECINCT 13,President,,REP,NIKKI R. HALEY,6
Hancock,PRECINCT 14,President,,REP,NIKKI R. HALEY,5
Hancock,PRECINCT 16,President,,REP,NIKKI R. HALEY,2
Hancock,PRECINCT 17,President,,REP,NIKKI R. HALEY,18
Hancock,PRECINCT 19,President,,REP,NIKKI R. HALEY,9
Hancock,PRECINCT 20,President,,REP,NIKKI R. HALEY,23
Hancock,PRECINCT 21,President,,REP,NIKKI R. HALEY,6
Hancock,PRECINCT 22,President,,REP,NIKKI R. HALEY,11
Hancock,PRECINCT 23,President,,REP,NIKKI R. HALEY,8
Hancock,PRECINCT 24,President,,REP,NIKKI R. HALEY,5
Hancock,PRECINCT 25,President,,REP,NIKKI R. HALEY,25
Hancock,PRECINCT 27,President,,REP,NIKKI R. HALEY,19
Hancock,PRECINCT 28,President,,REP,NIKKI R. HALEY,9
Hancock,PRECINCT 1,President,,REP,DONALD J. TRUMP,114
Hancock,PRECINCT 2,President,,REP,DONALD J. TRUMP,98
Hancock,PRECINCT 3,President,,REP,DONALD J. TRUMP,133
Hancock,PRECINCT 5,President,,REP,DONALD J. TRUMP,75
Hancock,PRECINCT 6,President,,REP,DONALD J. TRUMP,232
Hancock,PRECINCT 7,President,,REP,DONALD J. TRUMP,80
Hancock,PRECINCT 8,President,,REP,DONALD J. TRUMP,220
Hancock,PRECINCT 9,President,,REP,DONALD J. TRUMP,174
Hancock,PRECINCT 10,President,,REP,DONALD J. TRUMP,90
Hancock,PRECINCT 11,President,,REP,DONALD J. TRUMP,154
Hancock,PRECINCT 12,President,,REP,DONALD J. TRUMP,208
Hancock,PRECINCT 13,President,,REP,DONALD J. TRUMP,134
Hancock,PRECINCT 14,President,,REP,DONALD J. TRUMP,80
Hancock,PRECINCT 16,President,,REP,DONALD J. TRUMP,42
Hancock,PRECINCT 17,President,,REP,DONALD J. TRUMP,161
Hancock,PRECINCT 19,President,,REP,DONALD J. TRUMP,99
Hancock,PRECINCT 20,President,,REP,DONALD J. TRUMP,163
Hancock,PRECINCT 21,President,,REP,DONALD J. TRUMP,129
Hancock,PRECINCT 22,President,,REP,DONALD J. TRUMP,83
Hancock,PRECINCT 23,President,,REP,DONALD J. TRUMP,67
Hancock,PRECINCT 24,President,,REP,DONALD J. TRUMP,122
Hancock,PRECINCT 25,President,,REP,DONALD J. TRUMP,182
Hancock,PRECINCT 27,President,,REP,DONALD J. TRUMP,153
Hancock,PRECINCT 28,President,,REP,DONALD J. TRUMP,126
Hancock,PRECINCT 1,President,,REP,RACHEL HANNA MoHAWK SWIFT,0
Hancock,PRECINCT 2,President,,REP,RACHEL HANNA MoHAWK SWIFT,0
Hancock,PRECINCT 3,President,,REP,RACHEL HANNA MoHAWK SWIFT,1
Hancock,PRECINCT 5,President,,REP,RACHEL HANNA MoHAWK SWIFT,0
Hancock,PRECINCT 6,President,,REP,RACHEL HANNA MoHAWK SWIFT,4
Hancock,PRECINCT 7,President,,REP,RACHEL HANNA MoHAWK SWIFT,1
Hancock,PRECINCT 8,President,,REP,RACHEL HANNA MoHAWK SWIFT,0
Hancock,PRECINCT 9,President,,REP,RACHEL HANNA MoHAWK SWIFT,4
Hancock,PRECINCT 10,President,,REP,RACHEL HANNA MoHAWK SWIFT,3
Hancock,PRECINCT 11,President,,REP,RACHEL HANNA MoHAWK SWIFT,0
Hancock,PRECINCT 12,President,,REP,RACHEL HANNA MoHAWK SWIFT,0
Hancock,PRECINCT 13,President,,REP,RACHEL HANNA MoHAWK SWIFT,0
Hancock,PRECINCT 14,President,,REP,RACHEL HANNA MoHAWK SWIFT,2
Hancock,PRECINCT 16,President,,REP,RACHEL HANNA MoHAWK SWIFT,2
Hancock,PRECINCT 17,President,,REP,RACHEL HANNA MoHAWK SWIFT,1
Hancock,PRECINCT 19,President,,REP,RACHEL HANNA MoHAWK SWIFT,0
Hancock,PRECINCT 20,President,,REP,RACHEL HANNA MoHAWK SWIFT,0
Hancock,PRECINCT 21,President,,REP,RACHEL HANNA MoHAWK SWIFT,1
Hancock,PRECINCT 22,President,,REP,RACHEL HANNA MoHAWK SWIFT,3
Hancock,PRECINCT 23,President,,REP,RACHEL HANNA MoHAWK SWIFT,1
Hancock,PRECINCT 24,President,,REP,RACHEL HANNA MoHAWK SWIFT,1
Hancock,PRECINCT 25,President,,REP,RACHEL HANNA MoHAWK SWIFT,2
Hancock,PRECINCT 27,President,,REP,RACHEL HANNA MoHAWK SWIFT,0
Hancock,PRECINCT 28,President,,REP,RACHEL HANNA MoHAWK SWIFT,2
Hancock,PRECINCT 1,President,,REP,RYAN L. BINKLEY,1
Hancock,PRECINCT 2,President,,REP,RYAN L. BINKLEY,1
Hancock,PRECINCT 3,President,,REP,RYAN L. BINKLEY,2
Hancock,PRECINCT 5,President,,REP,RYAN L. BINKLEY,0
Hancock,PRECINCT 6,President,,REP,RYAN L. BINKLEY,1
Hancock,PRECINCT 7,President,,REP,RYAN L. BINKLEY,0
Hancock,PRECINCT 8,President,,REP,RYAN L. BINKLEY,0
Hancock,PRECINCT 9,President,,REP,RYAN L. BINKLEY,1
Hancock,PRECINCT 10,President,,REP,RYAN L. BINKLEY,1
Hancock,PRECINCT 11,President,,REP,RYAN L. BINKLEY,2
Hancock,PRECINCT 12,President,,REP,RYAN L. BINKLEY,0
Hancock,PRECINCT 13,President,,REP,RYAN L. BINKLEY,0
Hancock,PRECINCT 14,President,,REP,RYAN L. BINKLEY,0
Hancock,PRECINCT 16,President,,REP,RYAN L. BINKLEY,0
Hancock,PRECINCT 17,President,,REP,RYAN L. BINKLEY,0
Hancock,PRECINCT 19,President,,REP,RYAN L. BINKLEY,0
Hancock,PRECINCT 20,President,,REP,RYAN L. BINKLEY,0
Hancock,PRECINCT 21,President,,REP,RYAN L. BINKLEY,0
Hancock,PRECINCT 22,President,,REP,RYAN L. BINKLEY,0
Hancock,PRECINCT 23,President,,REP,RYAN L. BINKLEY,1
Hancock,PRECINCT 24,President,,REP,RYAN L. BINKLEY,2
Hancock,PRECINCT 25,President,,REP,RYAN L. BINKLEY,1
Hancock,PRECINCT 27,President,,REP,RYAN L. BINKLEY,1
Hancock,PRECINCT 28,President,,REP,RYAN L. BINKLEY,2
Hancock,PRECINCT 1,President,,REP,DAVID STUCKENBERG,1
Hancock,PRECINCT 2,President,,REP,DAVID STUCKENBERG,1
Hancock,PRECINCT 3,President,,REP,DAVID STUCKENBERG,0
Hancock,PRECINCT 5,President,,REP,DAVID STUCKENBERG,1
Hancock,PRECINCT 6,President,,REP,DAVID STUCKENBERG,0
Hancock,PRECINCT 7,President,,REP,DAVID STUCKENBERG,1
Hancock,PRECINCT 8,President,,REP,DAVID STUCKENBERG,0
Hancock,PRECINCT 9,President,,REP,DAVID STUCKENBERG,0
Hancock,PRECINCT 10,President,,REP,DAVID STUCKENBERG,2
Hancock,PRECINCT 11,President,,REP,DAVID STUCKENBERG,2
Hancock,PRECINCT 12,President,,REP,DAVID STUCKENBERG,1
Hancock,PRECINCT 13,President,,REP,DAVID STUCKENBERG,0
Hancock,PRECINCT 14,President,,REP,DAVID STUCKENBERG,0
Hancock,PRECINCT 16,President,,REP,DAVID STUCKENBERG,0
Hancock,PRECINCT 17,President,,REP,DAVID STUCKENBERG,1
Hancock,PRECINCT 19,President,,REP,DAVID STUCKENBERG,0
Hancock,PRECINCT 20,President,,REP,DAVID STUCKENBERG,0
Hancock,PRECINCT 21,President,,REP,DAVID STUCKENBERG,0
Hancock,PRECINCT 22,President,,REP,DAVID STUCKENBERG,1
Hancock,PRECINCT 23,President,,REP,DAVID STUCKENBERG,0
Hancock,PRECINCT 24,President,,REP,DAVID STUCKENBERG,1
Hancock,PRECINCT 25,President,,REP,DAVID STUCKENBERG,2
Hancock,PRECINCT 27,President,,REP,DAVID STUCKENBERG,0
Hancock,PRECINCT 28,President,,REP,DAVID STUCKENBERG,0
Hancock,PRECINCT 1,President,,DEM,STEPHEN P LYONS,7
Hancock,PRECINCT 2,President,,DEM,STEPHEN P LYONS,3
Hancock,PRECINCT 3,President,,DEM,STEPHEN P LYONS,7
Hancock,PRECINCT 5,President,,DEM,STEPHEN P LYONS,4
Hancock,PRECINCT 6,President,,DEM,STEPHEN P LYONS,5
Hancock,PRECINCT 7,President,,DEM,STEPHEN P LYONS,4
Hancock,PRECINCT 8,President,,DEM,STEPHEN P LYONS,8
Hancock,PRECINCT 9,President,,DEM,STEPHEN P LYONS,13
Hancock,PRECINCT 10,President,,DEM,STEPHEN P LYONS,8
Hancock,PRECINCT 11,President,,DEM,STEPHEN P LYONS,12
Hancock,PRECINCT 12,President,,DEM,STEPHEN P LYONS,9
Hancock,PRECINCT 13,President,,DEM,STEPHEN P LYONS,4
Hancock,PRECINCT 14,President,,DEM,STEPHEN P LYONS,3
Hancock,PRECINCT 16,President,,DEM,STEPHEN P LYONS,5
Hancock,PRECINCT 17,President,,DEM,STEPHEN P LYONS,4
Hancock,PRECINCT 19,President,,DEM,STEPHEN P LYONS,2
Hancock,PRECINCT 20,President,,DEM,STEPHEN P LYONS,3
Hancock,PRECINCT 21,President,,DEM,STEPHEN P LYONS,5
Hancock,PRECINCT 22,President,,DEM,STEPHEN P LYONS,8
Hancock,PRECINCT 23,President,,DEM,STEPHEN P LYONS,4
Hancock,PRECINCT 24,President,,DEM,STEPHEN P LYONS,10
Hancock,PRECINCT 25,President,,DEM,STEPHEN P LYONS,6
Hancock,PRECINCT 27,President,,DEM,STEPHEN P LYONS,6
Hancock,PRECINCT 28,President,,DEM,STEPHEN P LYONS,8
Hancock,PRECINCT 1,President,,DEM,ARMANDO 'MANDO' PEREZ-SERRATO,1
Hancock,PRECINCT 2,President,,DEM,ARMANDO 'MANDO' PEREZ-SERRATO,1
Hancock,PRECINCT 3,President,,DEM,ARMANDO 'MANDO' PEREZ-SERRATO,3
Hancock,PRECINCT 5,President,,DEM,ARMANDO 'MANDO' PEREZ-SERRATO,2
Hancock,PRECINCT 6,President,,DEM,ARMANDO 'MANDO' PEREZ-SERRATO,2
Hancock,PRECINCT 7,President,,DEM,ARMANDO 'MANDO' PEREZ-SERRATO,1
Hancock,PRECINCT 8,President,,DEM,ARMANDO 'MANDO' PEREZ-SERRATO,4
Hancock,PRECINCT 9,President,,DEM,ARMANDO 'MANDO' PEREZ-SERRATO,1
Hancock,PRECINCT 10,President,,DEM,ARMANDO 'MANDO' PEREZ-SERRATO,1
Hancock,PRECINCT 11,President,,DEM,ARMANDO 'MANDO' PEREZ-SERRATO,0
Hancock,PRECINCT 12,President,,DEM,ARMANDO 'MANDO' PEREZ-SERRATO,0
Hancock,PRECINCT 13,President,,DEM,ARMANDO 'MANDO' PEREZ-SERRATO,1
Hancock,PRECINCT 14,President,,DEM,ARMANDO 'MANDO' PEREZ-SERRATO,1
Hancock,PRECINCT 16,President,,DEM,ARMANDO 'MANDO' PEREZ-SERRATO,1
Hancock,PRECINCT 17,President,,DEM,ARMANDO 'MANDO' PEREZ-SERRATO,5
Hancock,PRECINCT 19,President,,DEM,ARMANDO 'MANDO' PEREZ-SERRATO,2
Hancock,PRECINCT 20,President,,DEM,ARMANDO 'MANDO' PEREZ-SERRATO,0
Hancock,PRECINCT 21,President,,DEM,ARMANDO 'MANDO' PEREZ-SERRATO,2
Hancock,PRECINCT 22,President,,DEM,ARMANDO 'MANDO' PEREZ-SERRATO,1
Hancock,PRECINCT 23,President,,DEM,ARMANDO 'MANDO' PEREZ-SERRATO,3
Hancock,PRECINCT 24,President,,DEM,ARMANDO 'MANDO' PEREZ-SERRATO,4
Hancock,PRECINCT 25,President,,DEM,ARMANDO 'MANDO' PEREZ-SERRATO,1
Hancock,PRECINCT 27,President,,DEM,ARMANDO 'MANDO' PEREZ-SERRATO,4
Hancock,PRECINCT 28,President,,DEM,ARMANDO 'MANDO' PEREZ-SERRATO,1
Hancock,PRECINCT 1,President,,DEM,JOSEPH R. BIDEN JR,35
Hancock,PRECINCT 2,President,,DEM,JOSEPH R. BIDEN JR,30
Hancock,PRECINCT 3,President,,DEM,JOSEPH R. BIDEN JR,27
Hancock,PRECINCT 5,President,,DEM,JOSEPH R. BIDEN JR,27
Hancock,PRECINCT 6,President,,DEM,JOSEPH R. BIDEN JR,33
Hancock,PRECINCT 7,President,,DEM,JOSEPH R. BIDEN JR,15
Hancock,PRECINCT 8,President,,DEM,JOSEPH R. BIDEN JR,33
Hancock,PRECINCT 9,President,,DEM,JOSEPH R. BIDEN JR,27
Hancock,PRECINCT 10,President,,DEM,JOSEPH R. BIDEN JR,23
Hancock,PRECINCT 11,President,,DEM,JOSEPH R. BIDEN JR,18
Hancock,PRECINCT 12,President,,DEM,JOSEPH R. BIDEN JR,41
Hancock,PRECINCT 13,President,,DEM,JOSEPH R. BIDEN JR,40
Hancock,PRECINCT 14,President,,DEM,JOSEPH R. BIDEN JR,42
Hancock,PRECINCT 16,President,,DEM,JOSEPH R. BIDEN JR,39
Hancock,PRECINCT 17,President,,DEM,JOSEPH R. BIDEN JR,81
Hancock,PRECINCT 19,President,,DEM,JOSEPH R. BIDEN JR,44
Hancock,PRECINCT 20,President,,DEM,JOSEPH R. BIDEN JR,79
Hancock,PRECINCT 21,President,,DEM,JOSEPH R. BIDEN JR,45
Hancock,PRECINCT 22,President,,DEM,JOSEPH R. BIDEN JR,47
Hancock,PRECINCT 23,President,,DEM,JOSEPH R. BIDEN JR,24
Hancock,PRECINCT 24,President,,DEM,JOSEPH R. BIDEN JR,39
Hancock,PRECINCT 25,President,,DEM,JOSEPH R. BIDEN JR,83
Hancock,PRECINCT 27,President,,DEM,JOSEPH R. BIDEN JR,52
Hancock,PRECINCT 28,President,,DEM,JOSEPH R. BIDEN JR,56
Hancock,PRECINCT 1,President,,DEM,JASON MICHAEL PALMER,4
Hancock,PRECINCT 2,President,,DEM,JASON MICHAEL PALMER,4
Hancock,PRECINCT 3,President,,DEM,JASON MICHAEL PALMER,10
Hancock,PRECINCT 5,President,,DEM,JASON MICHAEL PALMER,5
Hancock,PRECINCT 6,President,,DEM,JASON MICHAEL PALMER,8
Hancock,PRECINCT 7,President,,DEM,JASON MICHAEL PALMER,4
Hancock,PRECINCT 8,President,,DEM,JASON MICHAEL PALMER,7
Hancock,PRECINCT 9,President,,DEM,JASON MICHAEL PALMER,7
Hancock,PRECINCT 10,President,,DEM,JASON MICHAEL PALMER,11
Hancock,PRECINCT 11,President,,DEM,JASON MICHAEL PALMER,4
Hancock,PRECINCT 12,President,,DEM,JASON MICHAEL PALMER,9
Hancock,PRECINCT 13,President,,DEM,JASON MICHAEL PALMER,8
Hancock,PRECINCT 14,President,,DEM,JASON MICHAEL PALMER,5
Hancock,PRECINCT 16,President,,DEM,JASON MICHAEL PALMER,2
Hancock,PRECINCT 17,President,,DEM,JASON MICHAEL PALMER,10
Hancock,PRECINCT 19,President,,DEM,JASON MICHAEL PALMER,5
Hancock,PRECINCT 20,President,,DEM,JASON MICHAEL PALMER,12
Hancock,PRECINCT 21,President,,DEM,JASON MICHAEL PALMER,7
Hancock,PRECINCT 22,President,,DEM,JASON MICHAEL PALMER,6
Hancock,PRECINCT 23,President,,DEM,JASON MICHAEL PALMER,4
Hancock,PRECINCT 24,President,,DEM,JASON MICHAEL PALMER,13
Hancock,PRECINCT 25,President,,DEM,JASON MICHAEL PALMER,10
Hancock,PRECINCT 27,President,,DEM,JASON MICHAEL PALMER,5
Hancock,PRECINCT 28,President,,DEM,JASON MICHAEL PALMER,8
Hancock,PRECINCT 1,President,,DEM,DEAN PHILLIPS,10
Hancock,PRECINCT 2,President,,DEM,DEAN PHILLIPS,0
Hancock,PRECINCT 3,President,,DEM,DEAN PHILLIPS,8
Hancock,PRECINCT 5,President,,DEM,DEAN PHILLIPS,2
Hancock,PRECINCT 6,President,,DEM,DEAN PHILLIPS,7
Hancock,PRECINCT 7,President,,DEM,DEAN PHILLIPS,4
Hancock,PRECINCT 8,President,,DEM,DEAN PHILLIPS,11
Hancock,PRECINCT 9,President,,DEM,DEAN PHILLIPS,8
Hancock,PRECINCT 10,President,,DEM,DEAN PHILLIPS,8
Hancock,PRECINCT 11,President,,DEM,DEAN PHILLIPS,9
Hancock,PRECINCT 12,President,,DEM,DEAN PHILLIPS,9
Hancock,PRECINCT 13,President,,DEM,DEAN PHILLIPS,12
Hancock,PRECINCT 14,President,,DEM,DEAN PHILLIPS,2
Hancock,PRECINCT 16,President,,DEM,DEAN PHILLIPS,2
Hancock,PRECINCT 17,President,,DEM,DEAN PHILLIPS,12
Hancock,PRECINCT 19,President,,DEM,DEAN PHILLIPS,4
Hancock,PRECINCT 20,President,,DEM,DEAN PHILLIPS,4
Hancock,PRECINCT 21,President,,DEM,DEAN PHILLIPS,4
Hancock,PRECINCT 22,President,,DEM,DEAN PHILLIPS,4
Hancock,PRECINCT 23,President,,DEM,DEAN PHILLIPS,5
Hancock,PRECINCT 24,President,,DEM,DEAN PHILLIPS,9
Hancock,PRECINCT 25,President,,DEM,DEAN PHILLIPS,9
Hancock,PRECINCT 27,President,,DEM,DEAN PHILLIPS,9
Hancock,PRECINCT 28,President,,DEM,DEAN PHILLIPS,12
Hancock,PRECINCT 1,President,,MTN,JILL STEIN,0
Hancock,PRECINCT 2,President,,MTN,JILL STEIN,0
Hancock,PRECINCT 3,President,,MTN,JILL STEIN,0
Hancock,PRECINCT 5,President,,MTN,JILL STEIN,0
Hancock,PRECINCT 6,President,,MTN,JILL STEIN,0
Hancock,PRECINCT 7,President,,MTN,JILL STEIN,0
Hancock,PRECINCT 8,President,,MTN,JILL STEIN,0
Hancock,PRECINCT 9,President,,MTN,JILL STEIN,0
Hancock,PRECINCT 10,President,,MTN,JILL STEIN,0
Hancock,PRECINCT 11,President,,MTN,JILL STEIN,0
Hancock,PRECINCT 12,President,,MTN,JILL STEIN,0
Hancock,PRECINCT 13,President,,MTN,JILL STEIN,0
Hancock,PRECINCT 14,President,,MTN,JILL STEIN,0
Hancock,PRECINCT 16,President,,MTN,JILL STEIN,0
Hancock,PRECINCT 17,President,,MTN,JILL STEIN,0
Hancock,PRECINCT 19,President,,MTN,JILL STEIN,0
Hancock,PRECINCT 20,President,,MTN,JILL STEIN,0
Hancock,PRECINCT 21,President,,MTN,JILL STEIN,0
Hancock,PRECINCT 22,President,,MTN,JILL STEIN,0
Hancock,PRECINCT 23,President,,MTN,JILL STEIN,0
Hancock,PRECINCT 24,President,,MTN,JILL STEIN,0
Hancock,PRECINCT 25,President,,MTN,JILL STEIN,0
Hancock,PRECINCT 27,President,,MTN,JILL STEIN,0
Hancock,PRECINCT 28,President,,MTN,JILL STEIN,0
Hancock,PRECINCT 1,U.S. Senate,,REP,BRYAN BIRD,1
Hancock,PRECINCT 2,U.S. Senate,,REP,BRYAN BIRD,8
Hancock,PRECINCT 3,U.S. Senate,,REP,BRYAN BIRD,11
Hancock,PRECINCT 5,U.S. Senate,,REP,BRYAN BIRD,3
Hancock,PRECINCT 6,U.S. Senate,,REP,BRYAN BIRD,9
Hancock,PRECINCT 7,U.S. Senate,,REP,BRYAN BIRD,0
Hancock,PRECINCT 8,U.S. Senate,,REP,BRYAN BIRD,3
Hancock,PRECINCT 9,U.S. Senate,,REP,BRYAN BIRD,10
Hancock,PRECINCT 10,U.S. Senate,,REP,BRYAN BIRD,5
Hancock,PRECINCT 11,U.S. Senate,,REP,BRYAN BIRD,3
Hancock,PRECINCT 12,U.S. Senate,,REP,BRYAN BIRD,7
Hancock,PRECINCT 13,U.S. Senate,,REP,BRYAN BIRD,2
Hancock,PRECINCT 14,U.S. Senate,,REP,BRYAN BIRD,0
Hancock,PRECINCT 16,U.S. Senate,,REP,BRYAN BIRD,0
Hancock,PRECINCT 17,U.S. Senate,,REP,BRYAN BIRD,1
Hancock,PRECINCT 19,U.S. Senate,,REP,BRYAN BIRD,0
Hancock,PRECINCT 20,U.S. Senate,,REP,BRYAN BIRD,3
Hancock,PRECINCT 21,U.S. Senate,,REP,BRYAN BIRD,1
Hancock,PRECINCT 22,U.S. Senate,,REP,BRYAN BIRD,1
Hancock,PRECINCT 23,U.S. Senate,,REP,BRYAN BIRD,2
Hancock,PRECINCT 24,U.S. Senate,,REP,BRYAN BIRD,5
Hancock,PRECINCT 25,U.S. Senate,,REP,BRYAN BIRD,7
Hancock,PRECINCT 27,U.S. Senate,,REP,BRYAN BIRD,4
Hancock,PRECINCT 28,U.S. Senate,,REP,BRYAN BIRD,2
Hancock,PRECINCT 1,U.S. Senate,,REP,ZANE LAWHORN,1
Hancock,PRECINCT 2,U.S. Senate,,REP,ZANE LAWHORN,2
Hancock,PRECINCT 3,U.S. Senate,,REP,ZANE LAWHORN,0
Hancock,PRECINCT 5,U.S. Senate,,REP,ZANE LAWHORN,3
Hancock,PRECINCT 6,U.S. Senate,,REP,ZANE LAWHORN,1
Hancock,PRECINCT 7,U.S. Senate,,REP,ZANE LAWHORN,2
Hancock,PRECINCT 8,U.S. Senate,,REP,ZANE LAWHORN,4
Hancock,PRECINCT 9,U.S. Senate,,REP,ZANE LAWHORN,1
Hancock,PRECINCT 10,U.S. Senate,,REP,ZANE LAWHORN,2
Hancock,PRECINCT 11,U.S. Senate,,REP,ZANE LAWHORN,1
Hancock,PRECINCT 12,U.S. Senate,,REP,ZANE LAWHORN,2
Hancock,PRECINCT 13,U.S. Senate,,REP,ZANE LAWHORN,0
Hancock,PRECINCT 14,U.S. Senate,,REP,ZANE LAWHORN,1
Hancock,PRECINCT 16,U.S. Senate,,REP,ZANE LAWHORN,1
Hancock,PRECINCT 17,U.S. Senate,,REP,ZANE LAWHORN,1
Hancock,PRECINCT 19,U.S. Senate,,REP,ZANE LAWHORN,2
Hancock,PRECINCT 20,U.S. Senate,,REP,ZANE LAWHORN,2
Hancock,PRECINCT 21,U.S. Senate,,REP,ZANE LAWHORN,0
Hancock,PRECINCT 22,U.S. Senate,,REP,ZANE LAWHORN,1
Hancock,PRECINCT 23,U.S. Senate,,REP,ZANE LAWHORN,2
Hancock,PRECINCT 24,U.S. Senate,,REP,ZANE LAWHORN,1
Hancock,PRECINCT 25,U.S. Senate,,REP,ZANE LAWHORN,1
Hancock,PRECINCT 27,U.S. Senate,,REP,ZANE LAWHORN,1
Hancock,PRECINCT 28,U.S. Senate,,REP,ZANE LAWHORN,0
Hancock,PRECINCT 1,U.S. Senate,,REP,JIM JUSTICE,79
Hancock,PRECINCT 2,U.S. Senate,,REP,JIM JUSTICE,61
Hancock,PRECINCT 3,U.S. Senate,,REP,JIM JUSTICE,85
Hancock,PRECINCT 5,U.S. Senate,,REP,JIM JUSTICE,41
Hancock,PRECINCT 6,U.S. Senate,,REP,JIM JUSTICE,161
Hancock,PRECINCT 7,U.S. Senate,,REP,JIM JUSTICE,44
Hancock,PRECINCT 8,U.S. Senate,,REP,JIM JUSTICE,142
Hancock,PRECINCT 9,U.S. Senate,,REP,JIM JUSTICE,106
Hancock,PRECINCT 10,U.S. Senate,,REP,JIM JUSTICE,66
Hancock,PRECINCT 11,U.S. Senate,,REP,JIM JUSTICE,100
Hancock,PRECINCT 12,U.S. Senate,,REP,JIM JUSTICE,142
Hancock,PRECINCT 13,U.S. Senate,,REP,JIM JUSTICE,90
Hancock,PRECINCT 14,U.S. Senate,,REP,JIM JUSTICE,57
Hancock,PRECINCT 16,U.S. Senate,,REP,JIM JUSTICE,29
Hancock,PRECINCT 17,U.S. Senate,,REP,JIM JUSTICE,115
Hancock,PRECINCT 19,U.S. Senate,,REP,JIM JUSTICE,71
Hancock,PRECINCT 20,U.S. Senate,,REP,JIM JUSTICE,128
Hancock,PRECINCT 21,U.S. Senate,,REP,JIM JUSTICE,92
Hancock,PRECINCT 22,U.S. Senate,,REP,JIM JUSTICE,75
Hancock,PRECINCT 23,U.S. Senate,,REP,JIM JUSTICE,52
Hancock,PRECINCT 24,U.S. Senate,,REP,JIM JUSTICE,74
Hancock,PRECINCT 25,U.S. Senate,,REP,JIM JUSTICE,138
Hancock,PRECINCT 27,U.S. Senate,,REP,JIM JUSTICE,121
Hancock,PRECINCT 28,U.S. Senate,,REP,JIM JUSTICE,79
Hancock,PRECINCT 1,U.S. Senate,,REP,BRYAN McKINNEY,3
Hancock,PRECINCT 2,U.S. Senate,,REP,BRYAN McKINNEY,4
Hancock,PRECINCT 3,U.S. Senate,,REP,BRYAN McKINNEY,3
Hancock,PRECINCT 5,U.S. Senate,,REP,BRYAN McKINNEY,1
Hancock,PRECINCT 6,U.S. Senate,,REP,BRYAN McKINNEY,8
Hancock,PRECINCT 7,U.S. Senate,,REP,BRYAN McKINNEY,7
Hancock,PRECINCT 8,U.S. Senate,,REP,BRYAN McKINNEY,8
Hancock,PRECINCT 9,U.S. Senate,,REP,BRYAN McKINNEY,5
Hancock,PRECINCT 10,U.S. Senate,,REP,BRYAN McKINNEY,3
Hancock,PRECINCT 11,U.S. Senate,,REP,BRYAN McKINNEY,5
Hancock,PRECINCT 12,U.S. Senate,,REP,BRYAN McKINNEY,5
Hancock,PRECINCT 13,U.S. Senate,,REP,BRYAN McKINNEY,2
Hancock,PRECINCT 14,U.S. Senate,,REP,BRYAN McKINNEY,2
Hancock,PRECINCT 16,U.S. Senate,,REP,BRYAN McKINNEY,3
Hancock,PRECINCT 17,U.S. Senate,,REP,BRYAN McKINNEY,7
Hancock,PRECINCT 19,U.S. Senate,,REP,BRYAN McKINNEY,1
Hancock,PRECINCT 20,U.S. Senate,,REP,BRYAN McKINNEY,5
Hancock,PRECINCT 21,U.S. Senate,,REP,BRYAN McKINNEY,3
Hancock,PRECINCT 22,U.S. Senate,,REP,BRYAN McKINNEY,6
Hancock,PRECINCT 23,U.S. Senate,,REP,BRYAN McKINNEY,1
Hancock,PRECINCT 24,U.S. Senate,,REP,BRYAN McKINNEY,4
Hancock,PRECINCT 25,U.S. Senate,,REP,BRYAN McKINNEY,8
Hancock,PRECINCT 27,U.S. Senate,,REP,BRYAN McKINNEY,4
Hancock,PRECINCT 28,U.S. Senate,,REP,BRYAN McKINNEY,2
Hancock,PRECINCT 1,U.S. Senate,,REP,ALEXANDER X. MOONEY,41
Hancock,PRECINCT 2,U.S. Senate,,REP,ALEXANDER X. MOONEY,27
Hancock,PRECINCT 3,U.S. Senate,,REP,ALEXANDER X. MOONEY,40
Hancock,PRECINCT 5,U.S. Senate,,REP,ALEXANDER X. MOONEY,31
Hancock,PRECINCT 6,U.S. Senate,,REP,ALEXANDER X. MOONEY,64
Hancock,PRECINCT 7,U.S. Senate,,REP,ALEXANDER X. MOONEY,30
Hancock,PRECINCT 8,U.S. Senate,,REP,ALEXANDER X. MOONEY,63
Hancock,PRECINCT 9,U.S. Senate,,REP,ALEXANDER X. MOONEY,56
Hancock,PRECINCT 10,U.S. Senate,,REP,ALEXANDER X. MOONEY,27
Hancock,PRECINCT 11,U.S. Senate,,REP,ALEXANDER X. MOONEY,51
Hancock,PRECINCT 12,U.S. Senate,,REP,ALEXANDER X. MOONEY,65
Hancock,PRECINCT 13,U.S. Senate,,REP,ALEXANDER X. MOONEY,39
Hancock,PRECINCT 14,U.S. Senate,,REP,ALEXANDER X. MOONEY,26
Hancock,PRECINCT 16,U.S. Senate,,REP,ALEXANDER X. MOONEY,11
Hancock,PRECINCT 17,U.S. Senate,,REP,ALEXANDER X. MOONEY,52
Hancock,PRECINCT 19,U.S. Senate,,REP,ALEXANDER X. MOONEY,29
Hancock,PRECINCT 20,U.S. Senate,,REP,ALEXANDER X. MOONEY,40
Hancock,PRECINCT 21,U.S. Senate,,REP,ALEXANDER X. MOONEY,34
Hancock,PRECINCT 22,U.S. Senate,,REP,ALEXANDER X. MOONEY,11
Hancock,PRECINCT 23,U.S. Senate,,REP,ALEXANDER X. MOONEY,16
Hancock,PRECINCT 24,U.S. Senate,,REP,ALEXANDER X. MOONEY,41
Hancock,PRECINCT 25,U.S. Senate,,REP,ALEXANDER X. MOONEY,55
Hancock,PRECINCT 27,U.S. Senate,,REP,ALEXANDER X. MOONEY,39
Hancock,PRECINCT 28,U.S. Senate,,REP,ALEXANDER X. MOONEY,51
Hancock,PRECINCT 1,U.S. Senate,,REP,DON LINDSAY,0
Hancock,PRECINCT 2,U.S. Senate,,REP,DON LINDSAY,0
Hancock,PRECINCT 3,U.S. Senate,,REP,DON LINDSAY,0
Hancock,PRECINCT 5,U.S. Senate,,REP,DON LINDSAY,0
Hancock,PRECINCT 6,U.S. Senate,,REP,DON LINDSAY,1
Hancock,PRECINCT 7,U.S. Senate,,REP,DON LINDSAY,0
Hancock,PRECINCT 8,U.S. Senate,,REP,DON LINDSAY,2
Hancock,PRECINCT 9,U.S. Senate,,REP,DON LINDSAY,5
Hancock,PRECINCT 10,U.S. Senate,,REP,DON LINDSAY,1
Hancock,PRECINCT 11,U.S. Senate,,REP,DON LINDSAY,1
Hancock,PRECINCT 12,U.S. Senate,,REP,DON LINDSAY,0
Hancock,PRECINCT 13,U.S. Senate,,REP,DON LINDSAY,0
Hancock,PRECINCT 14,U.S. Senate,,REP,DON LINDSAY,1
Hancock,PRECINCT 16,U.S. Senate,,REP,DON LINDSAY,0
Hancock,PRECINCT 17,U.S. Senate,,REP,DON LINDSAY,0
Hancock,PRECINCT 19,U.S. Senate,,REP,DON LINDSAY,0
Hancock,PRECINCT 20,U.S. Senate,,REP,DON LINDSAY,0
Hancock,PRECINCT 21,U.S. Senate,,REP,DON LINDSAY,2
Hancock,PRECINCT 22,U.S. Senate,,REP,DON LINDSAY,3
Hancock,PRECINCT 23,U.S. Senate,,REP,DON LINDSAY,0
Hancock,PRECINCT 24,U.S. Senate,,REP,DON LINDSAY,0
Hancock,PRECINCT 25,U.S. Senate,,REP,DON LINDSAY,1
Hancock,PRECINCT 27,U.S. Senate,,REP,DON LINDSAY,0
Hancock,PRECINCT 28,U.S. Senate,,REP,DON LINDSAY,1
Hancock,PRECINCT 1,U.S. Senate,,REP,JANET McNULTY,3
Hancock,PRECINCT 2,U.S. Senate,,REP,JANET McNULTY,3
Hancock,PRECINCT 3,U.S. Senate,,REP,JANET McNULTY,7
Hancock,PRECINCT 5,U.S. Senate,,REP,JANET McNULTY,2
Hancock,PRECINCT 6,U.S. Senate,,REP,JANET McNULTY,5
Hancock,PRECINCT 7,U.S. Senate,,REP,JANET McNULTY,5
Hancock,PRECINCT 8,U.S. Senate,,REP,JANET McNULTY,7
Hancock,PRECINCT 9,U.S. Senate,,REP,JANET McNULTY,5
Hancock,PRECINCT 10,U.S. Senate,,REP,JANET McNULTY,1
Hancock,PRECINCT 11,U.S. Senate,,REP,JANET McNULTY,4
Hancock,PRECINCT 12,U.S. Senate,,REP,JANET McNULTY,1
Hancock,PRECINCT 13,U.S. Senate,,REP,JANET McNULTY,3
Hancock,PRECINCT 14,U.S. Senate,,REP,JANET McNULTY,1
Hancock,PRECINCT 16,U.S. Senate,,REP,JANET McNULTY,2
Hancock,PRECINCT 17,U.S. Senate,,REP,JANET McNULTY,5
Hancock,PRECINCT 19,U.S. Senate,,REP,JANET McNULTY,3
Hancock,PRECINCT 20,U.S. Senate,,REP,JANET McNULTY,7
Hancock,PRECINCT 21,U.S. Senate,,REP,JANET McNULTY,2
Hancock,PRECINCT 22,U.S. Senate,,REP,JANET McNULTY,2
Hancock,PRECINCT 23,U.S. Senate,,REP,JANET McNULTY,3
Hancock,PRECINCT 24,U.S. Senate,,REP,JANET McNULTY,6
Hancock,PRECINCT 25,U.S. Senate,,REP,JANET McNULTY,5
Hancock,PRECINCT 27,U.S. Senate,,REP,JANET McNULTY,6
Hancock,PRECINCT 28,U.S. Senate,,REP,JANET McNULTY,2
Hancock,PRECINCT 1,U.S. Senate,,DEM,GLENN ELLIOTT,38
Hancock,PRECINCT 2,U.S. Senate,,DEM,GLENN ELLIOTT,34
Hancock,PRECINCT 3,U.S. Senate,,DEM,GLENN ELLIOTT,48
Hancock,PRECINCT 5,U.S. Senate,,DEM,GLENN ELLIOTT,25
Hancock,PRECINCT 6,U.S. Senate,,DEM,GLENN ELLIOTT,39
Hancock,PRECINCT 7,U.S. Senate,,DEM,GLENN ELLIOTT,24
Hancock,PRECINCT 8,U.S. Senate,,DEM,GLENN ELLIOTT,53
Hancock,PRECINCT 9,U.S. Senate,,DEM,GLENN ELLIOTT,47
Hancock,PRECINCT 10,U.S. Senate,,DEM,GLENN ELLIOTT,42
Hancock,PRECINCT 11,U.S. Senate,,DEM,GLENN ELLIOTT,37
Hancock,PRECINCT 12,U.S. Senate,,DEM,GLENN ELLIOTT,61
Hancock,PRECINCT 13,U.S. Senate,,DEM,GLENN ELLIOTT,47
Hancock,PRECINCT 14,U.S. Senate,,DEM,GLENN ELLIOTT,41
Hancock,PRECINCT 16,U.S. Senate,,DEM,GLENN ELLIOTT,36
Hancock,PRECINCT 17,U.S. Senate,,DEM,GLENN ELLIOTT,85
Hancock,PRECINCT 19,U.S. Senate,,DEM,GLENN ELLIOTT,48
Hancock,PRECINCT 20,U.S. Senate,,DEM,GLENN ELLIOTT,90
Hancock,PRECINCT 21,U.S. Senate,,DEM,GLENN ELLIOTT,53
Hancock,PRECINCT 22,U.S. Senate,,DEM,GLENN ELLIOTT,54
Hancock,PRECINCT 23,U.S. Senate,,DEM,GLENN ELLIOTT,37
Hancock,PRECINCT 24,U.S. Senate,,DEM,GLENN ELLIOTT,64
Hancock,PRECINCT 25,U.S. Senate,,DEM,GLENN ELLIOTT,103
Hancock,PRECINCT 27,U.S. Senate,,DEM,GLENN ELLIOTT,65
Hancock,PRECINCT 28,U.S. Senate,,DEM,GLENN ELLIOTT,68
Hancock,PRECINCT 1,U.S. Senate,,DEM,DON BLANKENSHIP,14
Hancock,PRECINCT 2,U.S. Senate,,DEM,DON BLANKENSHIP,7
Hancock,PRECINCT 3,U.S. Senate,,DEM,DON BLANKENSHIP,14
Hancock,PRECINCT 5,U.S. Senate,,DEM,DON BLANKENSHIP,9
Hancock,PRECINCT 6,U.S. Senate,,DEM,DON BLANKENSHIP,16
Hancock,PRECINCT 7,U.S. Senate,,DEM,DON BLANKENSHIP,5
Hancock,PRECINCT 8,U.S. Senate,,DEM,DON BLANKENSHIP,15
Hancock,PRECINCT 9,U.S. Senate,,DEM,DON BLANKENSHIP,12
Hancock,PRECINCT 10,U.S. Senate,,DEM,DON BLANKENSHIP,9
Hancock,PRECINCT 11,U.S. Senate,,DEM,DON BLANKENSHIP,9
Hancock,PRECINCT 12,U.S. Senate,,DEM,DON BLANKENSHIP,12
Hancock,PRECINCT 13,U.S. Senate,,DEM,DON BLANKENSHIP,9
Hancock,PRECINCT 14,U.S. Senate,,DEM,DON BLANKENSHIP,7
Hancock,PRECINCT 16,U.S. Senate,,DEM,DON BLANKENSHIP,6
Hancock,PRECINCT 17,U.S. Senate,,DEM,DON BLANKENSHIP,7
Hancock,PRECINCT 19,U.S. Senate,,DEM,DON BLANKENSHIP,7
Hancock,PRECINCT 20,U.S. Senate,,DEM,DON BLANKENSHIP,7
Hancock,PRECINCT 21,U.S. Senate,,DEM,DON BLANKENSHIP,6
Hancock,PRECINCT 22,U.S. Senate,,DEM,DON BLANKENSHIP,10
Hancock,PRECINCT 23,U.S. Senate,,DEM,DON BLANKENSHIP,5
Hancock,PRECINCT 24,U.S. Senate,,DEM,DON BLANKENSHIP,8
Hancock,PRECINCT 25,U.S. Senate,,DEM,DON BLANKENSHIP,16
Hancock,PRECINCT 27,U.S. Senate,,DEM,DON BLANKENSHIP,5
Hancock,PRECINCT 28,U.S. Senate,,DEM,DON BLANKENSHIP,18
Hancock,PRECINCT 1,U.S. Senate,,DEM,ZACHARY SHREWSBURY,7
Hancock,PRECINCT 2,U.S. Senate,,DEM,ZACHARY SHREWSBURY,7
Hancock,PRECINCT 3,U.S. Senate,,DEM,ZACHARY SHREWSBURY,3
Hancock,PRECINCT 5,U.S. Senate,,DEM,ZACHARY SHREWSBURY,6
Hancock,PRECINCT 6,U.S. Senate,,DEM,ZACHARY SHREWSBURY,8
Hancock,PRECINCT 7,U.S. Senate,,DEM,ZACHARY SHREWSBURY,1
Hancock,PRECINCT 8,U.S. Senate,,DEM,ZACHARY SHREWSBURY,6
Hancock,PRECINCT 9,U.S. Senate,,DEM,ZACHARY SHREWSBURY,4
Hancock,PRECINCT 10,U.S. Senate,,DEM,ZACHARY SHREWSBURY,8
Hancock,PRECINCT 11,U.S. Senate,,DEM,ZACHARY SHREWSBURY,3
Hancock,PRECINCT 12,U.S. Senate,,DEM,ZACHARY SHREWSBURY,11
Hancock,PRECINCT 13,U.S. Senate,,DEM,ZACHARY SHREWSBURY,9
Hancock,PRECINCT 14,U.S. Senate,,DEM,ZACHARY SHREWSBURY,7
Hancock,PRECINCT 16,U.S. Senate,,DEM,ZACHARY SHREWSBURY,5
Hancock,PRECINCT 17,U.S. Senate,,DEM,ZACHARY SHREWSBURY,20
Hancock,PRECINCT 19,U.S. Senate,,DEM,ZACHARY SHREWSBURY,9
Hancock,PRECINCT 20,U.S. Senate,,DEM,ZACHARY SHREWSBURY,13
Hancock,PRECINCT 21,U.S. Senate,,DEM,ZACHARY SHREWSBURY,11
Hancock,PRECINCT 22,U.S. Senate,,DEM,ZACHARY SHREWSBURY,5
Hancock,PRECINCT 23,U.S. Senate,,DEM,ZACHARY SHREWSBURY,4
Hancock,PRECINCT 24,U.S. Senate,,DEM,ZACHARY SHREWSBURY,10
Hancock,PRECINCT 25,U.S. Senate,,DEM,ZACHARY SHREWSBURY,7
Hancock,PRECINCT 27,U.S. Senate,,DEM,ZACHARY SHREWSBURY,12
Hancock,PRECINCT 28,U.S. Senate,,DEM,ZACHARY SHREWSBURY,7
Hancock,PRECINCT 1,U.S. Senate,,MTN,NO CANDIDATE FILED,0
Hancock,PRECINCT 2,U.S. Senate,,MTN,NO CANDIDATE FILED,0
Hancock,PRECINCT 3,U.S. Senate,,MTN,NO CANDIDATE FILED,0
Hancock,PRECINCT 5,U.S. Senate,,MTN,NO CANDIDATE FILED,0
Hancock,PRECINCT 6,U.S. Senate,,MTN,NO CANDIDATE FILED,0
Hancock,PRECINCT 7,U.S. Senate,,MTN,NO CANDIDATE FILED,0
Hancock,PRECINCT 8,U.S. Senate,,MTN,NO CANDIDATE FILED,0
Hancock,PRECINCT 9,U.S. Senate,,MTN,NO CANDIDATE FILED,0
Hancock,PRECINCT 10,U.S. Senate,,MTN,NO CANDIDATE FILED,0
Hancock,PRECINCT 11,U.S. Senate,,MTN,NO CANDIDATE FILED,0
Hancock,PRECINCT 12,U.S. Senate,,MTN,NO CANDIDATE FILED,0
Hancock,PRECINCT 13,U.S. Senate,,MTN,NO CANDIDATE FILED,0
Hancock,PRECINCT 14,U.S. Senate,,MTN,NO CANDIDATE FILED,0
Hancock,PRECINCT 16,U.S. Senate,,MTN,NO CANDIDATE FILED,0
Hancock,PRECINCT 17,U.S. Senate,,MTN,NO CANDIDATE FILED,0
Hancock,PRECINCT 19,U.S. Senate,,MTN,NO CANDIDATE FILED,0
Hancock,PRECINCT 20,U.S. Senate,,MTN,NO CANDIDATE FILED,0
Hancock,PRECINCT 21,U.S. Senate,,MTN,NO CANDIDATE FILED,0
Hancock,PRECINCT 22,U.S. Senate,,MTN,NO CANDIDATE FILED,0
Hancock,PRECINCT 23,U.S. Senate,,MTN,NO CANDIDATE FILED,0
Hancock,PRECINCT 24,U.S. Senate,,MTN,NO CANDIDATE FILED,0
Hancock,PRECINCT 25,U.S. Senate,,MTN,NO CANDIDATE FILED,0
Hancock,PRECINCT 27,U.S. Senate,,MTN,NO CANDIDATE FILED,0
Hancock,PRECINCT 28,U.S. Senate,,MTN,NO CANDIDATE FILED,0
Hancock,PRECINCT 1,U.S. House,2,REP,RILEY MOORE,66
Hancock,PRECINCT 2,U.S. House,2,REP,RILEY MOORE,46
Hancock,PRECINCT 3,U.S. House,2,REP,RILEY MOORE,75
Hancock,PRECINCT 5,U.S. House,2,REP,RILEY MOORE,46
Hancock,PRECINCT 6,U.S. House,2,REP,RILEY MOORE,140
Hancock,PRECINCT 7,U.S. House,2,REP,RILEY MOORE,37
Hancock,PRECINCT 8,U.S. House,2,REP,RILEY MOORE,124
Hancock,PRECINCT 9,U.S. House,2,REP,RILEY MOORE,95
Hancock,PRECINCT 10,U.S. House,2,REP,RILEY MOORE,53
Hancock,PRECINCT 11,U.S. House,2,REP,RILEY MOORE,89
Hancock,PRECINCT 12,U.S. House,2,REP,RILEY MOORE,115
Hancock,PRECINCT 13,U.S. House,2,REP,RILEY MOORE,80
Hancock,PRECINCT 14,U.S. House,2,REP,RILEY MOORE,49
Hancock,PRECINCT 16,U.S. House,2,REP,RILEY MOORE,24
Hancock,PRECINCT 17,U.S. House,2,REP,RILEY MOORE,97
Hancock,PRECINCT 19,U.S. House,2,REP,RILEY MOORE,53
Hancock,PRECINCT 20,U.S. House,2,REP,RILEY MOORE,94
Hancock,PRECINCT 21,U.S. House,2,REP,RILEY MOORE,65
Hancock,PRECINCT 22,U.S. House,2,REP,RILEY MOORE,51
Hancock,PRECINCT 23,U.S. House,2,REP,RILEY MOORE,39
Hancock,PRECINCT 24,U.S. House,2,REP,RILEY MOORE,65
Hancock,PRECINCT 25,U.S. House,2,REP,RILEY MOORE,101
Hancock,PRECINCT 27,U.S. House,2,REP,RILEY MOORE,106
Hancock,PRECINCT 28,U.S. House,2,REP,RILEY MOORE,78
Hancock,PRECINCT 1,U.S. House,2,REP,ALEXANDER GAASERUD,5
Hancock,PRECINCT 2,U.S. House,2,REP,ALEXANDER GAASERUD,11
Hancock,PRECINCT 3,U.S. House,2,REP,ALEXANDER GAASERUD,8
Hancock,PRECINCT 5,U.S. House,2,REP,ALEXANDER GAASERUD,3
Hancock,PRECINCT 6,U.S. House,2,REP,ALEXANDER GAASERUD,14
Hancock,PRECINCT 7,U.S. House,2,REP,ALEXANDER GAASERUD,6
Hancock,PRECINCT 8,U.S. House,2,REP,ALEXANDER GAASERUD,9
Hancock,PRECINCT 9,U.S. House,2,REP,ALEXANDER GAASERUD,7
Hancock,PRECINCT 10,U.S. House,2,REP,ALEXANDER GAASERUD,5
Hancock,PRECINCT 11,U.S. House,2,REP,ALEXANDER GAASERUD,11
Hancock,PRECINCT 12,U.S. House,2,REP,ALEXANDER GAASERUD,9
Hancock,PRECINCT 13,U.S. House,2,REP,ALEXANDER GAASERUD,5
Hancock,PRECINCT 14,U.S. House,2,REP,ALEXANDER GAASERUD,2
Hancock,PRECINCT 16,U.S. House,2,REP,ALEXANDER GAASERUD,3
Hancock,PRECINCT 17,U.S. House,2,REP,ALEXANDER GAASERUD,10
Hancock,PRECINCT 19,U.S. House,2,REP,ALEXANDER GAASERUD,7
Hancock,PRECINCT 20,U.S. House,2,REP,ALEXANDER GAASERUD,16
Hancock,PRECINCT 21,U.S. House,2,REP,ALEXANDER GAASERUD,9
Hancock,PRECINCT 22,U.S. House,2,REP,ALEXANDER GAASERUD,6
Hancock,PRECINCT 23,U.S. House,2,REP,ALEXANDER GAASERUD,4
Hancock,PRECINCT 24,U.S. House,2,REP,ALEXANDER GAASERUD,6
Hancock,PRECINCT 25,U.S. House,2,REP,ALEXANDER GAASERUD,15
Hancock,PRECINCT 27,U.S. House,2,REP,ALEXANDER GAASERUD,6
Hancock,PRECINCT 28,U.S. House,2,REP,ALEXANDER GAASERUD,9
Hancock,PRECINCT 1,U.S. House,2,REP,CHRIS 'MOOKIE' WALKER,18
Hancock,PRECINCT 2,U.S. House,2,REP,CHRIS 'MOOKIE' WALKER,13
Hancock,PRECINCT 3,U.S. House,2,REP,CHRIS 'MOOKIE' WALKER,18
Hancock,PRECINCT 5,U.S. House,2,REP,CHRIS 'MOOKIE' WALKER,9
Hancock,PRECINCT 6,U.S. House,2,REP,CHRIS 'MOOKIE' WALKER,26
Hancock,PRECINCT 7,U.S. House,2,REP,CHRIS 'MOOKIE' WALKER,9
Hancock,PRECINCT 8,U.S. House,2,REP,CHRIS 'MOOKIE' WALKER,25
Hancock,PRECINCT 9,U.S. House,2,REP,CHRIS 'MOOKIE' WALKER,21
Hancock,PRECINCT 10,U.S. House,2,REP,CHRIS 'MOOKIE' WALKER,11
Hancock,PRECINCT 11,U.S. House,2,REP,CHRIS 'MOOKIE' WALKER,18
Hancock,PRECINCT 12,U.S. House,2,REP,CHRIS 'MOOKIE' WALKER,31
Hancock,PRECINCT 13,U.S. House,2,REP,CHRIS 'MOOKIE' WALKER,13
Hancock,PRECINCT 14,U.S. House,2,REP,CHRIS 'MOOKIE' WALKER,8
Hancock,PRECINCT 16,U.S. House,2,REP,CHRIS 'MOOKIE' WALKER,5
Hancock,PRECINCT 17,U.S. House,2,REP,CHRIS 'MOOKIE' WALKER,20
Hancock,PRECINCT 19,U.S. House,2,REP,CHRIS 'MOOKIE' WALKER,17
Hancock,PRECINCT 20,U.S. House,2,REP,CHRIS 'MOOKIE' WALKER,20
Hancock,PRECINCT 21,U.S. House,2,REP,CHRIS 'MOOKIE' WALKER,9
Hancock,PRECINCT 22,U.S. House,2,REP,CHRIS 'MOOKIE' WALKER,11
Hancock,PRECINCT 23,U.S. House,2,REP,CHRIS 'MOOKIE' WALKER,11
Hancock,PRECINCT 24,U.S. House,2,REP,CHRIS 'MOOKIE' WALKER,14
Hancock,PRECINCT 25,U.S. House,2,REP,CHRIS 'MOOKIE' WALKER,17
Hancock,PRECINCT 27,U.S. House,2,REP,CHRIS 'MOOKIE' WALKER,14
Hancock,PRECINCT 28,U.S. House,2,REP,CHRIS 'MOOKIE' WALKER,17
Hancock,PRECINCT 1,U.S. House,2,REP,DENNIS 'NATE' CAIN,8
Hancock,PRECINCT 2,U.S. House,2,REP,DENNIS 'NATE' CAIN,11
Hancock,PRECINCT 3,U.S. House,2,REP,DENNIS 'NATE' CAIN,15
Hancock,PRECINCT 5,U.S. House,2,REP,DENNIS 'NATE' CAIN,10
Hancock,PRECINCT 6,U.S. House,2,REP,DENNIS 'NATE' CAIN,18
Hancock,PRECINCT 7,U.S. House,2,REP,DENNIS 'NATE' CAIN,12
Hancock,PRECINCT 8,U.S. House,2,REP,DENNIS 'NATE' CAIN,27
Hancock,PRECINCT 9,U.S. House,2,REP,DENNIS 'NATE' CAIN,16
Hancock,PRECINCT 10,U.S. House,2,REP,DENNIS 'NATE' CAIN,5
Hancock,PRECINCT 11,U.S. House,2,REP,DENNIS 'NATE' CAIN,16
Hancock,PRECINCT 12,U.S. House,2,REP,DENNIS 'NATE' CAIN,24
Hancock,PRECINCT 13,U.S. House,2,REP,DENNIS 'NATE' CAIN,9
Hancock,PRECINCT 14,U.S. House,2,REP,DENNIS 'NATE' CAIN,7
Hancock,PRECINCT 16,U.S. House,2,REP,DENNIS 'NATE' CAIN,5
Hancock,PRECINCT 17,U.S. House,2,REP,DENNIS 'NATE' CAIN,18
Hancock,PRECINCT 19,U.S. House,2,REP,DENNIS 'NATE' CAIN,11
Hancock,PRECINCT 20,U.S. House,2,REP,DENNIS 'NATE' CAIN,18
Hancock,PRECINCT 21,U.S. House,2,REP,DENNIS 'NATE' CAIN,17
Hancock,PRECINCT 22,U.S. House,2,REP,DENNIS 'NATE' CAIN,9
Hancock,PRECINCT 23,U.S. House,2,REP,DENNIS 'NATE' CAIN,9
Hancock,PRECINCT 24,U.S. House,2,REP,DENNIS 'NATE' CAIN,22
Hancock,PRECINCT 25,U.S. House,2,REP,DENNIS 'NATE' CAIN,35
Hancock,PRECINCT 27,U.S. House,2,REP,DENNIS 'NATE' CAIN,21
Hancock,PRECINCT 28,U.S. House,2,REP,DENNIS 'NATE' CAIN,12
Hancock,PRECINCT 1,U.S. House,2,REP,JOSEPH (JOE) EARLEY,20
Hancock,PRECINCT 2,U.S. House,2,REP,JOSEPH (JOE) EARLEY,10
Hancock,PRECINCT 3,U.S. House,2,REP,JOSEPH (JOE) EARLEY,17
Hancock,PRECINCT 5,U.S. House,2,REP,JOSEPH (JOE) EARLEY,10
Hancock,PRECINCT 6,U.S. House,2,REP,JOSEPH (JOE) EARLEY,26
Hancock,PRECINCT 7,U.S. House,2,REP,JOSEPH (JOE) EARLEY,18
Hancock,PRECINCT 8,U.S. House,2,REP,JOSEPH (JOE) EARLEY,25
Hancock,PRECINCT 9,U.S. House,2,REP,JOSEPH (JOE) EARLEY,36
Hancock,PRECINCT 10,U.S. House,2,REP,JOSEPH (JOE) EARLEY,13
Hancock,PRECINCT 11,U.S. House,2,REP,JOSEPH (JOE) EARLEY,16
Hancock,PRECINCT 12,U.S. House,2,REP,JOSEPH (JOE) EARLEY,23
Hancock,PRECINCT 13,U.S. House,2,REP,JOSEPH (JOE) EARLEY,17
Hancock,PRECINCT 14,U.S. House,2,REP,JOSEPH (JOE) EARLEY,13
Hancock,PRECINCT 16,U.S. House,2,REP,JOSEPH (JOE) EARLEY,7
Hancock,PRECINCT 17,U.S. House,2,REP,JOSEPH (JOE) EARLEY,18
Hancock,PRECINCT 19,U.S. House,2,REP,JOSEPH (JOE) EARLEY,8
Hancock,PRECINCT 20,U.S. House,2,REP,JOSEPH (JOE) EARLEY,21
Hancock,PRECINCT 21,U.S. House,2,REP,JOSEPH (JOE) EARLEY,17
Hancock,PRECINCT 22,U.S. House,2,REP,JOSEPH (JOE) EARLEY,16
Hancock,PRECINCT 23,U.S. House,2,REP,JOSEPH (JOE) EARLEY,3
Hancock,PRECINCT 24,U.S. House,2,REP,JOSEPH (JOE) EARLEY,18
Hancock,PRECINCT 25,U.S. House,2,REP,JOSEPH (JOE) EARLEY,29
Hancock,PRECINCT 27,U.S. House,2,REP,JOSEPH (JOE) EARLEY,18
Hancock,PRECINCT 28,U.S. House,2,REP,JOSEPH (JOE) EARLEY,12
Hancock,PRECINCT 1,U.S. House,2,DEM,STEVEN WENDELIN,41
Hancock,PRECINCT 2,U.S. House,2,DEM,STEVEN WENDELIN,40
Hancock,PRECINCT 3,U.S. House,2,DEM,STEVEN WENDELIN,50
Hancock,PRECINCT 5,U.S. House,2,DEM,STEVEN WENDELIN,33
Hancock,PRECINCT 6,U.S. House,2,DEM,STEVEN WENDELIN,49
Hancock,PRECINCT 7,U.S. House,2,DEM,STEVEN WENDELIN,25
Hancock,PRECINCT 8,U.S. House,2,DEM,STEVEN WENDELIN,51
Hancock,PRECINCT 9,U.S. House,2,DEM,STEVEN WENDELIN,43
Hancock,PRECINCT 10,U.S. House,2,DEM,STEVEN WENDELIN,37
Hancock,PRECINCT 11,U.S. House,2,DEM,STEVEN WENDELIN,35
Hancock,PRECINCT 12,U.S. House,2,DEM,STEVEN WENDELIN,59
Hancock,PRECINCT 13,U.S. House,2,DEM,STEVEN WENDELIN,54
Hancock,PRECINCT 14,U.S. House,2,DEM,STEVEN WENDELIN,42
Hancock,PRECINCT 16,U.S. House,2,DEM,STEVEN WENDELIN,36
Hancock,PRECINCT 17,U.S. House,2,DEM,STEVEN WENDELIN,85
Hancock,PRECINCT 19,U.S. House,2,DEM,STEVEN WENDELIN,52
Hancock,PRECINCT 20,U.S. House,2,DEM,STEVEN WENDELIN,79
Hancock,PRECINCT 21,U.S. House,2,DEM,STEVEN WENDELIN,57
Hancock,PRECINCT 22,U.S. House,2,DEM,STEVEN WENDELIN,54
Hancock,PRECINCT 23,U.S. House,2,DEM,STEVEN WENDELIN,32
Hancock,PRECINCT 24,U.S. House,2,DEM,STEVEN WENDELIN,58
Hancock,PRECINCT 25,U.S. House,2,DEM,STEVEN WENDELIN,85
Hancock,PRECINCT 27,U.S. House,2,DEM,STEVEN WENDELIN,60
Hancock,PRECINCT 28,U.S. House,2,DEM,STEVEN WENDELIN,65
Hancock,PRECINCT 1,U.S. House,2,MTN,NO CANDIDATE FILED,0
Hancock,PRECINCT 2,U.S. House,2,MTN,NO CANDIDATE FILED,0
Hancock,PRECINCT 3,U.S. House,2,MTN,NO CANDIDATE FILED,0
Hancock,PRECINCT 5,U.S. House,2,MTN,NO CANDIDATE FILED,0
Hancock,PRECINCT 6,U.S. House,2,MTN,NO CANDIDATE FILED,0
Hancock,PRECINCT 7,U.S. House,2,MTN,NO CANDIDATE FILED,0
Hancock,PRECINCT 8,U.S. House,2,MTN,NO CANDIDATE FILED,0
Hancock,PRECINCT 9,U.S. House,2,MTN,NO CANDIDATE FILED,0
Hancock,PRECINCT 10,U.S. House,2,MTN,NO CANDIDATE FILED,0
Hancock,PRECINCT 11,U.S. House,2,MTN,NO CANDIDATE FILED,0
Hancock,PRECINCT 12,U.S. House,2,MTN,NO CANDIDATE FILED,0
Hancock,PRECINCT 13,U.S. House,2,MTN,NO CANDIDATE FILED,0
Hancock,PRECINCT 14,U.S. House,2,MTN,NO CANDIDATE FILED,0
Hancock,PRECINCT 16,U.S. House,2,MTN,NO CANDIDATE FILED,0
Hancock,PRECINCT 17,U.S. House,2,MTN,NO CANDIDATE FILED,0
Hancock,PRECINCT 19,U.S. House,2,MTN,NO CANDIDATE FILED,0
Hancock,PRECINCT 20,U.S. House,2,MTN,NO CANDIDATE FILED,0
Hancock,PRECINCT 21,U.S. House,2,MTN,NO CANDIDATE FILED,0
Hancock,PRECINCT 22,U.S. House,2,MTN,NO CANDIDATE FILED,0
Hancock,PRECINCT 23,U.S. House,2,MTN,NO CANDIDATE FILED,0
Hancock,PRECINCT 24,U.S. House,2,MTN,NO CANDIDATE FILED,0
Hancock,PRECINCT 25,U.S. House,2,MTN,NO CANDIDATE FILED,0
Hancock,PRECINCT 27,U.S. House,2,MTN,NO CANDIDATE FILED,0
Hancock,PRECINCT 28,U.S. House,2,MTN,NO CANDIDATE FILED,0
Hancock,PRECINCT 1,Governor,,REP,KEVIN 'KC' CHRISTIAN,3
Hancock,PRECINCT 2,Governor,,REP,KEVIN 'KC' CHRISTIAN,3
Hancock,PRECINCT 3,Governor,,REP,KEVIN 'KC' CHRISTIAN,2
Hancock,PRECINCT 5,Governor,,REP,KEVIN 'KC' CHRISTIAN,4
Hancock,PRECINCT 6,Governor,,REP,KEVIN 'KC' CHRISTIAN,10
Hancock,PRECINCT 7,Governor,,REP,KEVIN 'KC' CHRISTIAN,2
Hancock,PRECINCT 8,Governor,,REP,KEVIN 'KC' CHRISTIAN,2
Hancock,PRECINCT 9,Governor,,REP,KEVIN 'KC' CHRISTIAN,4
Hancock,PRECINCT 10,Governor,,REP,KEVIN 'KC' CHRISTIAN,4
Hancock,PRECINCT 11,Governor,,REP,KEVIN 'KC' CHRISTIAN,1
Hancock,PRECINCT 12,Governor,,REP,KEVIN 'KC' CHRISTIAN,0
Hancock,PRECINCT 13,Governor,,REP,KEVIN 'KC' CHRISTIAN,2
Hancock,PRECINCT 14,Governor,,REP,KEVIN 'KC' CHRISTIAN,1
Hancock,PRECINCT 16,Governor,,REP,KEVIN 'KC' CHRISTIAN,2
Hancock,PRECINCT 17,Governor,,REP,KEVIN 'KC' CHRISTIAN,2
Hancock,PRECINCT 19,Governor,,REP,KEVIN 'KC' CHRISTIAN,2
Hancock,PRECINCT 20,Governor,,REP,KEVIN 'KC' CHRISTIAN,6
Hancock,PRECINCT 21,Governor,,REP,KEVIN 'KC' CHRISTIAN,1
Hancock,PRECINCT 22,Governor,,REP,KEVIN 'KC' CHRISTIAN,6
Hancock,PRECINCT 23,Governor,,REP,KEVIN 'KC' CHRISTIAN,5
Hancock,PRECINCT 24,Governor,,REP,KEVIN 'KC' CHRISTIAN,5
Hancock,PRECINCT 25,Governor,,REP,KEVIN 'KC' CHRISTIAN,1
Hancock,PRECINCT 27,Governor,,REP,KEVIN 'KC' CHRISTIAN,2
Hancock,PRECINCT 28,Governor,,REP,KEVIN 'KC' CHRISTIAN,1
Hancock,PRECINCT 1,Governor,,REP,CHRIS MILLER,15
Hancock,PRECINCT 2,Governor,,REP,CHRIS MILLER,24
Hancock,PRECINCT 3,Governor,,REP,CHRIS MILLER,35
Hancock,PRECINCT 5,Governor,,REP,CHRIS MILLER,11
Hancock,PRECINCT 6,Governor,,REP,CHRIS MILLER,45
Hancock,PRECINCT 7,Governor,,REP,CHRIS MILLER,23
Hancock,PRECINCT 8,Governor,,REP,CHRIS MILLER,48
Hancock,PRECINCT 9,Governor,,REP,CHRIS MILLER,47
Hancock,PRECINCT 10,Governor,,REP,CHRIS MILLER,22
Hancock,PRECINCT 11,Governor,,REP,CHRIS MILLER,31
Hancock,PRECINCT 12,Governor,,REP,CHRIS MILLER,59
Hancock,PRECINCT 13,Governor,,REP,CHRIS MILLER,23
Hancock,PRECINCT 14,Governor,,REP,CHRIS MILLER,14
Hancock,PRECINCT 16,Governor,,REP,CHRIS MILLER,10
Hancock,PRECINCT 17,Governor,,REP,CHRIS MILLER,15
Hancock,PRECINCT 19,Governor,,REP,CHRIS MILLER,23
Hancock,PRECINCT 20,Governor,,REP,CHRIS MILLER,24
Hancock,PRECINCT 21,Governor,,REP,CHRIS MILLER,22
Hancock,PRECINCT 22,Governor,,REP,CHRIS MILLER,14
Hancock,PRECINCT 23,Governor,,REP,CHRIS MILLER,15
Hancock,PRECINCT 24,Governor,,REP,CHRIS MILLER,23
Hancock,PRECINCT 25,Governor,,REP,CHRIS MILLER,34
Hancock,PRECINCT 27,Governor,,REP,CHRIS MILLER,21
Hancock,PRECINCT 28,Governor,,REP,CHRIS MILLER,29
Hancock,PRECINCT 1,Governor,,REP,MOORE CAPITO,41
Hancock,PRECINCT 2,Governor,,REP,MOORE CAPITO,27
Hancock,PRECINCT 3,Governor,,REP,MOORE CAPITO,31
Hancock,PRECINCT 5,Governor,,REP,MOORE CAPITO,16
Hancock,PRECINCT 6,Governor,,REP,MOORE CAPITO,52
Hancock,PRECINCT 7,Governor,,REP,MOORE CAPITO,6
Hancock,PRECINCT 8,Governor,,REP,MOORE CAPITO,44
Hancock,PRECINCT 9,Governor,,REP,MOORE CAPITO,40
Hancock,PRECINCT 10,Governor,,REP,MOORE CAPITO,22
Hancock,PRECINCT 11,Governor,,REP,MOORE CAPITO,43
Hancock,PRECINCT 12,Governor,,REP,MOORE CAPITO,59
Hancock,PRECINCT 13,Governor,,REP,MOORE CAPITO,41
Hancock,PRECINCT 14,Governor,,REP,MOORE CAPITO,31
Hancock,PRECINCT 16,Governor,,REP,MOORE CAPITO,11
Hancock,PRECINCT 17,Governor,,REP,MOORE CAPITO,48
Hancock,PRECINCT 19,Governor,,REP,MOORE CAPITO,23
Hancock,PRECINCT 20,Governor,,REP,MOORE CAPITO,66
Hancock,PRECINCT 21,Governor,,REP,MOORE CAPITO,42
Hancock,PRECINCT 22,Governor,,REP,MOORE CAPITO,33
Hancock,PRECINCT 23,Governor,,REP,MOORE CAPITO,29
Hancock,PRECINCT 24,Governor,,REP,MOORE CAPITO,37
Hancock,PRECINCT 25,Governor,,REP,MOORE CAPITO,68
Hancock,PRECINCT 27,Governor,,REP,MOORE CAPITO,72
Hancock,PRECINCT 28,Governor,,REP,MOORE CAPITO,37
Hancock,PRECINCT 1,Governor,,REP,MAC WARNER,12
Hancock,PRECINCT 2,Governor,,REP,MAC WARNER,7
Hancock,PRECINCT 3,Governor,,REP,MAC WARNER,15
Hancock,PRECINCT 5,Governor,,REP,MAC WARNER,11
Hancock,PRECINCT 6,Governor,,REP,MAC WARNER,46
Hancock,PRECINCT 7,Governor,,REP,MAC WARNER,16
Hancock,PRECINCT 8,Governor,,REP,MAC WARNER,39
Hancock,PRECINCT 9,Governor,,REP,MAC WARNER,28
Hancock,PRECINCT 10,Governor,,REP,MAC WARNER,14
Hancock,PRECINCT 11,Governor,,REP,MAC WARNER,24
Hancock,PRECINCT 12,Governor,,REP,MAC WARNER,21
Hancock,PRECINCT 13,Governor,,REP,MAC WARNER,9
Hancock,PRECINCT 14,Governor,,REP,MAC WARNER,6
Hancock,PRECINCT 16,Governor,,REP,MAC WARNER,2
Hancock,PRECINCT 17,Governor,,REP,MAC WARNER,32
Hancock,PRECINCT 19,Governor,,REP,MAC WARNER,12
Hancock,PRECINCT 20,Governor,,REP,MAC WARNER,19
Hancock,PRECINCT 21,Governor,,REP,MAC WARNER,12
Hancock,PRECINCT 22,Governor,,REP,MAC WARNER,11
Hancock,PRECINCT 23,Governor,,REP,MAC WARNER,4
Hancock,PRECINCT 24,Governor,,REP,MAC WARNER,13
Hancock,PRECINCT 25,Governor,,REP,MAC WARNER,25
Hancock,PRECINCT 27,Governor,,REP,MAC WARNER,21
Hancock,PRECINCT 28,Governor,,REP,MAC WARNER,5
Hancock,PRECINCT 1,Governor,,REP,PATRICK MORRISEY,52
Hancock,PRECINCT 2,Governor,,REP,PATRICK MORRISEY,40
Hancock,PRECINCT 3,Governor,,REP,PATRICK MORRISEY,57
Hancock,PRECINCT 5,Governor,,REP,PATRICK MORRISEY,39
Hancock,PRECINCT 6,Governor,,REP,PATRICK MORRISEY,87
Hancock,PRECINCT 7,Governor,,REP,PATRICK MORRISEY,41
Hancock,PRECINCT 8,Governor,,REP,PATRICK MORRISEY,96
Hancock,PRECINCT 9,Governor,,REP,PATRICK MORRISEY,64
Hancock,PRECINCT 10,Governor,,REP,PATRICK MORRISEY,40
Hancock,PRECINCT 11,Governor,,REP,PATRICK MORRISEY,64
Hancock,PRECINCT 12,Governor,,REP,PATRICK MORRISEY,74
Hancock,PRECINCT 13,Governor,,REP,PATRICK MORRISEY,61
Hancock,PRECINCT 14,Governor,,REP,PATRICK MORRISEY,34
Hancock,PRECINCT 16,Governor,,REP,PATRICK MORRISEY,18
Hancock,PRECINCT 17,Governor,,REP,PATRICK MORRISEY,77
Hancock,PRECINCT 19,Governor,,REP,PATRICK MORRISEY,43
Hancock,PRECINCT 20,Governor,,REP,PATRICK MORRISEY,69
Hancock,PRECINCT 21,Governor,,REP,PATRICK MORRISEY,52
Hancock,PRECINCT 22,Governor,,REP,PATRICK MORRISEY,35
Hancock,PRECINCT 23,Governor,,REP,PATRICK MORRISEY,24
Hancock,PRECINCT 24,Governor,,REP,PATRICK MORRISEY,52
Hancock,PRECINCT 25,Governor,,REP,PATRICK MORRISEY,86
Hancock,PRECINCT 27,Governor,,REP,PATRICK MORRISEY,59
Hancock,PRECINCT 28,Governor,,REP,PATRICK MORRISEY,64
Hancock,PRECINCT 1,Governor,,REP,MITCH ROBERTS,0
Hancock,PRECINCT 2,Governor,,REP,MITCH ROBERTS,1
Hancock,PRECINCT 3,Governor,,REP,MITCH ROBERTS,5
Hancock,PRECINCT 5,Governor,,REP,MITCH ROBERTS,3
Hancock,PRECINCT 6,Governor,,REP,MITCH ROBERTS,4
Hancock,PRECINCT 7,Governor,,REP,MITCH ROBERTS,2
Hancock,PRECINCT 8,Governor,,REP,MITCH ROBERTS,2
Hancock,PRECINCT 9,Governor,,REP,MITCH ROBERTS,6
Hancock,PRECINCT 10,Governor,,REP,MITCH ROBERTS,4
Hancock,PRECINCT 11,Governor,,REP,MITCH ROBERTS,2
Hancock,PRECINCT 12,Governor,,REP,MITCH ROBERTS,6
Hancock,PRECINCT 13,Governor,,REP,MITCH ROBERTS,2
Hancock,PRECINCT 14,Governor,,REP,MITCH ROBERTS,1
Hancock,PRECINCT 16,Governor,,REP,MITCH ROBERTS,2
Hancock,PRECINCT 17,Governor,,REP,MITCH ROBERTS,7
Hancock,PRECINCT 19,Governor,,REP,MITCH ROBERTS,2
Hancock,PRECINCT 20,Governor,,REP,MITCH ROBERTS,3
Hancock,PRECINCT 21,Governor,,REP,MITCH ROBERTS,2
Hancock,PRECINCT 22,Governor,,REP,MITCH ROBERTS,2
Hancock,PRECINCT 23,Governor,,REP,MITCH ROBERTS,1
Hancock,PRECINCT 24,Governor,,REP,MITCH ROBERTS,2
Hancock,PRECINCT 25,Governor,,REP,MITCH ROBERTS,6
Hancock,PRECINCT 27,Governor,,REP,MITCH ROBERTS,2
Hancock,PRECINCT 28,Governor,,REP,MITCH ROBERTS,0
Hancock,PRECINCT 1,Governor,,DEM,STEVE WILLIAMS,52
Hancock,PRECINCT 2,Governor,,DEM,STEVE WILLIAMS,40
Hancock,PRECINCT 3,Governor,,DEM,STEVE WILLIAMS,51
Hancock,PRECINCT 5,Governor,,DEM,STEVE WILLIAMS,35
Hancock,PRECINCT 6,Governor,,DEM,STEVE WILLIAMS,48
Hancock,PRECINCT 7,Governor,,DEM,STEVE WILLIAMS,25
Hancock,PRECINCT 8,Governor,,DEM,STEVE WILLIAMS,57
Hancock,PRECINCT 9,Governor,,DEM,STEVE WILLIAMS,44
Hancock,PRECINCT 10,Governor,,DEM,STEVE WILLIAMS,42
Hancock,PRECINCT 11,Governor,,DEM,STEVE WILLIAMS,35
Hancock,PRECINCT 12,Governor,,DEM,STEVE WILLIAMS,63
Hancock,PRECINCT 13,Governor,,DEM,STEVE WILLIAMS,60
Hancock,PRECINCT 14,Governor,,DEM,STEVE WILLIAMS,45
Hancock,PRECINCT 16,Governor,,DEM,STEVE WILLIAMS,41
Hancock,PRECINCT 17,Governor,,DEM,STEVE WILLIAMS,95
Hancock,PRECINCT 19,Governor,,DEM,STEVE WILLIAMS,55
Hancock,PRECINCT 20,Governor,,DEM,STEVE WILLIAMS,89
Hancock,PRECINCT 21,Governor,,DEM,STEVE WILLIAMS,61
Hancock,PRECINCT 22,Governor,,DEM,STEVE WILLIAMS,56
Hancock,PRECINCT 23,Governor,,DEM,STEVE WILLIAMS,37
Hancock,PRECINCT 24,Governor,,DEM,STEVE WILLIAMS,65
Hancock,PRECINCT 25,Governor,,DEM,STEVE WILLIAMS,103
Hancock,PRECINCT 27,Governor,,DEM,STEVE WILLIAMS,69
Hancock,PRECINCT 28,Governor,,DEM,STEVE WILLIAMS,73
Hancock,PRECINCT 1,Governor,,MTN,CHASE LINKO-LOOPER,0
Hancock,PRECINCT 2,Governor,,MTN,CHASE LINKO-LOOPER,0
Hancock,PRECINCT 3,Governor,,MTN,CHASE LINKO-LOOPER,0
Hancock,PRECINCT 5,Governor,,MTN,CHASE LINKO-LOOPER,0
Hancock,PRECINCT 6,Governor,,MTN,CHASE LINKO-LOOPER,0
Hancock,PRECINCT 7,Governor,,MTN,CHASE LINKO-LOOPER,0
Hancock,PRECINCT 8,Governor,,MTN,CHASE LINKO-LOOPER,0
Hancock,PRECINCT 9,Governor,,MTN,CHASE LINKO-LOOPER,0
Hancock,PRECINCT 10,Governor,,MTN,CHASE LINKO-LOOPER,0
Hancock,PRECINCT 11,Governor,,MTN,CHASE LINKO-LOOPER,0
Hancock,PRECINCT 12,Governor,,MTN,CHASE LINKO-LOOPER,0
Hancock,PRECINCT 13,Governor,,MTN,CHASE LINKO-LOOPER,0
Hancock,PRECINCT 14,Governor,,MTN,CHASE LINKO-LOOPER,0
Hancock,PRECINCT 16,Governor,,MTN,CHASE LINKO-LOOPER,0
Hancock,PRECINCT 17,Governor,,MTN,CHASE LINKO-LOOPER,0
Hancock,PRECINCT 19,Governor,,MTN,CHASE LINKO-LOOPER,0
Hancock,PRECINCT 20,Governor,,MTN,CHASE LINKO-LOOPER,0
Hancock,PRECINCT 21,Governor,,MTN,CHASE LINKO-LOOPER,0
Hancock,PRECINCT 22,Governor,,MTN,CHASE LINKO-LOOPER,0
Hancock,PRECINCT 23,Governor,,MTN,CHASE LINKO-LOOPER,0
Hancock,PRECINCT 24,Governor,,MTN,CHASE LINKO-LOOPER,0
Hancock,PRECINCT 25,Governor,,MTN,CHASE LINKO-LOOPER,0
Hancock,PRECINCT 27,Governor,,MTN,CHASE LINKO-LOOPER,0
Hancock,PRECINCT 28,Governor,,MTN,CHASE LINKO-LOOPER,0
Hancock,PRECINCT 1,Secretary of State,,REP,DOUG SKAFF JR.,24
Hancock,PRECINCT 2,Secretary of State,,REP,DOUG SKAFF JR.,18
Hancock,PRECINCT 3,Secretary of State,,REP,DOUG SKAFF JR.,32
Hancock,PRECINCT 5,Secretary of State,,REP,DOUG SKAFF JR.,14
Hancock,PRECINCT 6,Secretary of State,,REP,DOUG SKAFF JR.,46
Hancock,PRECINCT 7,Secretary of State,,REP,DOUG SKAFF JR.,13
Hancock,PRECINCT 8,Secretary of State,,REP,DOUG SKAFF JR.,39
Hancock,PRECINCT 9,Secretary of State,,REP,DOUG SKAFF JR.,34
Hancock,PRECINCT 10,Secretary of State,,REP,DOUG SKAFF JR.,21
Hancock,PRECINCT 11,Secretary of State,,REP,DOUG SKAFF JR.,33
Hancock,PRECINCT 12,Secretary of State,,REP,DOUG SKAFF JR.,33
Hancock,PRECINCT 13,Secretary of State,,REP,DOUG SKAFF JR.,20
Hancock,PRECINCT 14,Secretary of State,,REP,DOUG SKAFF JR.,11
Hancock,PRECINCT 16,Secretary of State,,REP,DOUG SKAFF JR.,7
Hancock,PRECINCT 17,Secretary of State,,REP,DOUG SKAFF JR.,25
Hancock,PRECINCT 19,Secretary of State,,REP,DOUG SKAFF JR.,10
Hancock,PRECINCT 20,Secretary of State,,REP,DOUG SKAFF JR.,29
Hancock,PRECINCT 21,Secretary of State,,REP,DOUG SKAFF JR.,22
Hancock,PRECINCT 22,Secretary of State,,REP,DOUG SKAFF JR.,11
Hancock,PRECINCT 23,Secretary of State,,REP,DOUG SKAFF JR.,7
Hancock,PRECINCT 24,Secretary of State,,REP,DOUG SKAFF JR.,19
Hancock,PRECINCT 25,Secretary of State,,REP,DOUG SKAFF JR.,35
Hancock,PRECINCT 27,Secretary of State,,REP,DOUG SKAFF JR.,22
Hancock,PRECINCT 28,Secretary of State,,REP,DOUG SKAFF JR.,31
Hancock,PRECINCT 1,Secretary of State,,REP,KRIS WARNER,49
Hancock,PRECINCT 2,Secretary of State,,REP,KRIS WARNER,44
Hancock,PRECINCT 3,Secretary of State,,REP,KRIS WARNER,57
Hancock,PRECINCT 5,Secretary of State,,REP,KRIS WARNER,35
Hancock,PRECINCT 6,Secretary of State,,REP,KRIS WARNER,110
Hancock,PRECINCT 7,Secretary of State,,REP,KRIS WARNER,38
Hancock,PRECINCT 8,Secretary of State,,REP,KRIS WARNER,101
Hancock,PRECINCT 9,Secretary of State,,REP,KRIS WARNER,68
Hancock,PRECINCT 10,Secretary of State,,REP,KRIS WARNER,29
Hancock,PRECINCT 11,Secretary of State,,REP,KRIS WARNER,66
Hancock,PRECINCT 12,Secretary of State,,REP,KRIS WARNER,90
Hancock,PRECINCT 13,Secretary of State,,REP,KRIS WARNER,62
Hancock,PRECINCT 14,Secretary of State,,REP,KRIS WARNER,42
Hancock,PRECINCT 16,Secretary of State,,REP,KRIS WARNER,14
Hancock,PRECINCT 17,Secretary of State,,REP,KRIS WARNER,82
Hancock,PRECINCT 19,Secretary of State,,REP,KRIS WARNER,46
Hancock,PRECINCT 20,Secretary of State,,REP,KRIS WARNER,83
Hancock,PRECINCT 21,Secretary of State,,REP,KRIS WARNER,47
Hancock,PRECINCT 22,Secretary of State,,REP,KRIS WARNER,44
Hancock,PRECINCT 23,Secretary of State,,REP,KRIS WARNER,28
Hancock,PRECINCT 24,Secretary of State,,REP,KRIS WARNER,57
Hancock,PRECINCT 25,Secretary of State,,REP,KRIS WARNER,77
Hancock,PRECINCT 27,Secretary of State,,REP,KRIS WARNER,73
Hancock,PRECINCT 28,Secretary of State,,REP,KRIS WARNER,46
Hancock,PRECINCT 1,Secretary of State,,REP,KEN REED,22
Hancock,PRECINCT 2,Secretary of State,,REP,KEN REED,18
Hancock,PRECINCT 3,Secretary of State,,REP,KEN REED,21
Hancock,PRECINCT 5,Secretary of State,,REP,KEN REED,16
Hancock,PRECINCT 6,Secretary of State,,REP,KEN REED,44
Hancock,PRECINCT 7,Secretary of State,,REP,KEN REED,14
Hancock,PRECINCT 8,Secretary of State,,REP,KEN REED,39
Hancock,PRECINCT 9,Secretary of State,,REP,KEN REED,35
Hancock,PRECINCT 10,Secretary of State,,REP,KEN REED,26
Hancock,PRECINCT 11,Secretary of State,,REP,KEN REED,34
Hancock,PRECINCT 12,Secretary of State,,REP,KEN REED,56
Hancock,PRECINCT 13,Secretary of State,,REP,KEN REED,26
Hancock,PRECINCT 14,Secretary of State,,REP,KEN REED,19
Hancock,PRECINCT 16,Secretary of State,,REP,KEN REED,12
Hancock,PRECINCT 17,Secretary of State,,REP,KEN REED,33
Hancock,PRECINCT 19,Secretary of State,,REP,KEN REED,22
Hancock,PRECINCT 20,Secretary of State,,REP,KEN REED,38
Hancock,PRECINCT 21,Secretary of State,,REP,KEN REED,24
Hancock,PRECINCT 22,Secretary of State,,REP,KEN REED,21
Hancock,PRECINCT 23,Secretary of State,,REP,KEN REED,18
Hancock,PRECINCT 24,Secretary of State,,REP,KEN REED,34
Hancock,PRECINCT 25,Secretary of State,,REP,KEN REED,40
Hancock,PRECINCT 27,Secretary of State,,REP,KEN REED,48
Hancock,PRECINCT 28,Secretary of State,,REP,KEN REED,26
Hancock,PRECINCT 1,Secretary of State,,REP,BRIAN WOOD,17
Hancock,PRECINCT 2,Secretary of State,,REP,BRIAN WOOD,10
Hancock,PRECINCT 3,Secretary of State,,REP,BRIAN WOOD,24
Hancock,PRECINCT 5,Secretary of State,,REP,BRIAN WOOD,10
Hancock,PRECINCT 6,Secretary of State,,REP,BRIAN WOOD,21
Hancock,PRECINCT 7,Secretary of State,,REP,BRIAN WOOD,17
Hancock,PRECINCT 8,Secretary of State,,REP,BRIAN WOOD,27
Hancock,PRECINCT 9,Secretary of State,,REP,BRIAN WOOD,31
Hancock,PRECINCT 10,Secretary of State,,REP,BRIAN WOOD,11
Hancock,PRECINCT 11,Secretary of State,,REP,BRIAN WOOD,17
Hancock,PRECINCT 12,Secretary of State,,REP,BRIAN WOOD,25
Hancock,PRECINCT 13,Secretary of State,,REP,BRIAN WOOD,16
Hancock,PRECINCT 14,Secretary of State,,REP,BRIAN WOOD,9
Hancock,PRECINCT 16,Secretary of State,,REP,BRIAN WOOD,12
Hancock,PRECINCT 17,Secretary of State,,REP,BRIAN WOOD,22
Hancock,PRECINCT 19,Secretary of State,,REP,BRIAN WOOD,19
Hancock,PRECINCT 20,Secretary of State,,REP,BRIAN WOOD,14
Hancock,PRECINCT 21,Secretary of State,,REP,BRIAN WOOD,15
Hancock,PRECINCT 22,Secretary of State,,REP,BRIAN WOOD,15
Hancock,PRECINCT 23,Secretary of State,,REP,BRIAN WOOD,13
Hancock,PRECINCT 24,Secretary of State,,REP,BRIAN WOOD,14
Hancock,PRECINCT 25,Secretary of State,,REP,BRIAN WOOD,36
Hancock,PRECINCT 27,Secretary of State,,REP,BRIAN WOOD,15
Hancock,PRECINCT 28,Secretary of State,,REP,BRIAN WOOD,22
Hancock,PRECINCT 1,Secretary of State,,DEM,THORNTON COOPER,45
Hancock,PRECINCT 2,Secretary of State,,DEM,THORNTON COOPER,39
Hancock,PRECINCT 3,Secretary of State,,DEM,THORNTON COOPER,47
Hancock,PRECINCT 5,Secretary of State,,DEM,THORNTON COOPER,34
Hancock,PRECINCT 6,Secretary of State,,DEM,THORNTON COOPER,46
Hancock,PRECINCT 7,Secretary of State,,DEM,THORNTON COOPER,22
Hancock,PRECINCT 8,Secretary of State,,DEM,THORNTON COOPER,56
Hancock,PRECINCT 9,Secretary of State,,DEM,THORNTON COOPER,43
Hancock,PRECINCT 10,Secretary of State,,DEM,THORNTON COOPER,39
Hancock,PRECINCT 11,Secretary of State,,DEM,THORNTON COOPER,33
Hancock,PRECINCT 12,Secretary of State,,DEM,THORNTON COOPER,60
Hancock,PRECINCT 13,Secretary of State,,DEM,THORNTON COOPER,58
Hancock,PRECINCT 14,Secretary of State,,DEM,THORNTON COOPER,45
Hancock,PRECINCT 16,Secretary of State,,DEM,THORNTON COOPER,38
Hancock,PRECINCT 17,Secretary of State,,DEM,THORNTON COOPER,90
Hancock,PRECINCT 19,Secretary of State,,DEM,THORNTON COOPER,54
Hancock,PRECINCT 20,Secretary of State,,DEM,THORNTON COOPER,85
Hancock,PRECINCT 21,Secretary of State,,DEM,THORNTON COOPER,59
Hancock,PRECINCT 22,Secretary of State,,DEM,THORNTON COOPER,57
Hancock,PRECINCT 23,Secretary of State,,DEM,THORNTON COOPER,35
Hancock,PRECINCT 24,Secretary of State,,DEM,THORNTON COOPER,63
Hancock,PRECINCT 25,Secretary of State,,DEM,THORNTON COOPER,97
Hancock,PRECINCT 27,Secretary of State,,DEM,THORNTON COOPER,61
Hancock,PRECINCT 28,Secretary of State,,DEM,THORNTON COOPER,71
Hancock,PRECINCT 1,Secretary of State,,MTN,NO CANDIDATE FILED,0
Hancock,PRECINCT 2,Secretary of State,,MTN,NO CANDIDATE FILED,0
Hancock,PRECINCT 3,Secretary of State,,MTN,NO CANDIDATE FILED,0
Hancock,PRECINCT 5,Secretary of State,,MTN,NO CANDIDATE FILED,0
Hancock,PRECINCT 6,Secretary of State,,MTN,NO CANDIDATE FILED,0
Hancock,PRECINCT 7,Secretary of State,,MTN,NO CANDIDATE FILED,0
Hancock,PRECINCT 8,Secretary of State,,MTN,NO CANDIDATE FILED,0
Hancock,PRECINCT 9,Secretary of State,,MTN,NO CANDIDATE FILED,0
Hancock,PRECINCT 10,Secretary of State,,MTN,NO CANDIDATE FILED,0
Hancock,PRECINCT 11,Secretary of State,,MTN,NO CANDIDATE FILED,0
Hancock,PRECINCT 12,Secretary of State,,MTN,NO CANDIDATE FILED,0
Hancock,PRECINCT 13,Secretary of State,,MTN,NO CANDIDATE FILED,0
Hancock,PRECINCT 14,Secretary of State,,MTN,NO CANDIDATE FILED,0
Hancock,PRECINCT 16,Secretary of State,,MTN,NO CANDIDATE FILED,0
Hancock,PRECINCT 17,Secretary of State,,MTN,NO CANDIDATE FILED,0
Hancock,PRECINCT 19,Secretary of State,,MTN,NO CANDIDATE FILED,0
Hancock,PRECINCT 20,Secretary of State,,MTN,NO CANDIDATE FILED,0
Hancock,PRECINCT 21,Secretary of State,,MTN,NO CANDIDATE FILED,0
Hancock,PRECINCT 22,Secretary of State,,MTN,NO CANDIDATE FILED,0
Hancock,PRECINCT 23,Secretary of State,,MTN,NO CANDIDATE FILED,0
Hancock,PRECINCT 24,Secretary of State,,MTN,NO CANDIDATE FILED,0
Hancock,PRECINCT 25,Secretary of State,,MTN,NO CANDIDATE FILED,0
Hancock,PRECINCT 27,Secretary of State,,MTN,NO CANDIDATE FILED,0
Hancock,PRECINCT 28,Secretary of State,,MTN,NO CANDIDATE FILED,0
Hancock,PRECINCT 1,Auditor,,REP,ERIC L. HOUSEHOLDER,47
Hancock,PRECINCT 2,Auditor,,REP,ERIC L. HOUSEHOLDER,32
Hancock,PRECINCT 3,Auditor,,REP,ERIC L. HOUSEHOLDER,56
Hancock,PRECINCT 5,Auditor,,REP,ERIC L. HOUSEHOLDER,33
Hancock,PRECINCT 6,Auditor,,REP,ERIC L. HOUSEHOLDER,92
Hancock,PRECINCT 7,Auditor,,REP,ERIC L. HOUSEHOLDER,25
Hancock,PRECINCT 8,Auditor,,REP,ERIC L. HOUSEHOLDER,75
Hancock,PRECINCT 9,Auditor,,REP,ERIC L. HOUSEHOLDER,52
Hancock,PRECINCT 10,Auditor,,REP,ERIC L. HOUSEHOLDER,18
Hancock,PRECINCT 11,Auditor,,REP,ERIC L. HOUSEHOLDER,53
Hancock,PRECINCT 12,Auditor,,REP,ERIC L. HOUSEHOLDER,76
Hancock,PRECINCT 13,Auditor,,REP,ERIC L. HOUSEHOLDER,43
Hancock,PRECINCT 14,Auditor,,REP,ERIC L. HOUSEHOLDER,28
Hancock,PRECINCT 16,Auditor,,REP,ERIC L. HOUSEHOLDER,18
Hancock,PRECINCT 17,Auditor,,REP,ERIC L. HOUSEHOLDER,62
Hancock,PRECINCT 19,Auditor,,REP,ERIC L. HOUSEHOLDER,39
Hancock,PRECINCT 20,Auditor,,REP,ERIC L. HOUSEHOLDER,66
Hancock,PRECINCT 21,Auditor,,REP,ERIC L. HOUSEHOLDER,46
Hancock,PRECINCT 22,Auditor,,REP,ERIC L. HOUSEHOLDER,24
Hancock,PRECINCT 23,Auditor,,REP,ERIC L. HOUSEHOLDER,17
Hancock,PRECINCT 24,Auditor,,REP,ERIC L. HOUSEHOLDER,44
Hancock,PRECINCT 25,Auditor,,REP,ERIC L. HOUSEHOLDER,58
Hancock,PRECINCT 27,Auditor,,REP,ERIC L. HOUSEHOLDER,59
Hancock,PRECINCT 28,Auditor,,REP,ERIC L. HOUSEHOLDER,37
Hancock,PRECINCT 1,Auditor,,REP,TRICIA JACKSON,31
Hancock,PRECINCT 2,Auditor,,REP,TRICIA JACKSON,22
Hancock,PRECINCT 3,Auditor,,REP,TRICIA JACKSON,44
Hancock,PRECINCT 5,Auditor,,REP,TRICIA JACKSON,17
Hancock,PRECINCT 6,Auditor,,REP,TRICIA JACKSON,59
Hancock,PRECINCT 7,Auditor,,REP,TRICIA JACKSON,20
Hancock,PRECINCT 8,Auditor,,REP,TRICIA JACKSON,47
Hancock,PRECINCT 9,Auditor,,REP,TRICIA JACKSON,51
Hancock,PRECINCT 10,Auditor,,REP,TRICIA JACKSON,28
Hancock,PRECINCT 11,Auditor,,REP,TRICIA JACKSON,39
Hancock,PRECINCT 12,Auditor,,REP,TRICIA JACKSON,53
Hancock,PRECINCT 13,Auditor,,REP,TRICIA JACKSON,37
Hancock,PRECINCT 14,Auditor,,REP,TRICIA JACKSON,21
Hancock,PRECINCT 16,Auditor,,REP,TRICIA JACKSON,15
Hancock,PRECINCT 17,Auditor,,REP,TRICIA JACKSON,35
Hancock,PRECINCT 19,Auditor,,REP,TRICIA JACKSON,27
Hancock,PRECINCT 20,Auditor,,REP,TRICIA JACKSON,42
Hancock,PRECINCT 21,Auditor,,REP,TRICIA JACKSON,20
Hancock,PRECINCT 22,Auditor,,REP,TRICIA JACKSON,29
Hancock,PRECINCT 23,Auditor,,REP,TRICIA JACKSON,23
Hancock,PRECINCT 24,Auditor,,REP,TRICIA JACKSON,34
Hancock,PRECINCT 25,Auditor,,REP,TRICIA JACKSON,42
Hancock,PRECINCT 27,Auditor,,REP,TRICIA JACKSON,45
Hancock,PRECINCT 28,Auditor,,REP,TRICIA JACKSON,34
Hancock,PRECINCT 1,Auditor,,REP,CALEB L. HANNA,12
Hancock,PRECINCT 2,Auditor,,REP,CALEB L. HANNA,14
Hancock,PRECINCT 3,Auditor,,REP,CALEB L. HANNA,10
Hancock,PRECINCT 5,Auditor,,REP,CALEB L. HANNA,9
Hancock,PRECINCT 6,Auditor,,REP,CALEB L. HANNA,15
Hancock,PRECINCT 7,Auditor,,REP,CALEB L. HANNA,7
Hancock,PRECINCT 8,Auditor,,REP,CALEB L. HANNA,22
Hancock,PRECINCT 9,Auditor,,REP,CALEB L. HANNA,18
Hancock,PRECINCT 10,Auditor,,REP,CALEB L. HANNA,8
Hancock,PRECINCT 11,Auditor,,REP,CALEB L. HANNA,12
Hancock,PRECINCT 12,Auditor,,REP,CALEB L. HANNA,27
Hancock,PRECINCT 13,Auditor,,REP,CALEB L. HANNA,20
Hancock,PRECINCT 14,Auditor,,REP,CALEB L. HANNA,10
Hancock,PRECINCT 16,Auditor,,REP,CALEB L. HANNA,3
Hancock,PRECINCT 17,Auditor,,REP,CALEB L. HANNA,17
Hancock,PRECINCT 19,Auditor,,REP,CALEB L. HANNA,9
Hancock,PRECINCT 20,Auditor,,REP,CALEB L. HANNA,22
Hancock,PRECINCT 21,Auditor,,REP,CALEB L. HANNA,14
Hancock,PRECINCT 22,Auditor,,REP,CALEB L. HANNA,7
Hancock,PRECINCT 23,Auditor,,REP,CALEB L. HANNA,6
Hancock,PRECINCT 24,Auditor,,REP,CALEB L. HANNA,12
Hancock,PRECINCT 25,Auditor,,REP,CALEB L. HANNA,27
Hancock,PRECINCT 27,Auditor,,REP,CALEB L. HANNA,17
Hancock,PRECINCT 28,Auditor,,REP,CALEB L. HANNA,28
Hancock,PRECINCT 1,Auditor,,REP,MARK HUNT,17
Hancock,PRECINCT 2,Auditor,,REP,MARK HUNT,20
Hancock,PRECINCT 3,Auditor,,REP,MARK HUNT,17
Hancock,PRECINCT 5,Auditor,,REP,MARK HUNT,14
Hancock,PRECINCT 6,Auditor,,REP,MARK HUNT,42
Hancock,PRECINCT 7,Auditor,,REP,MARK HUNT,28
Hancock,PRECINCT 8,Auditor,,REP,MARK HUNT,49
Hancock,PRECINCT 9,Auditor,,REP,MARK HUNT,40
Hancock,PRECINCT 10,Auditor,,REP,MARK HUNT,26
Hancock,PRECINCT 11,Auditor,,REP,MARK HUNT,42
Hancock,PRECINCT 12,Auditor,,REP,MARK HUNT,39
Hancock,PRECINCT 13,Auditor,,REP,MARK HUNT,19
Hancock,PRECINCT 14,Auditor,,REP,MARK HUNT,21
Hancock,PRECINCT 16,Auditor,,REP,MARK HUNT,7
Hancock,PRECINCT 17,Auditor,,REP,MARK HUNT,39
Hancock,PRECINCT 19,Auditor,,REP,MARK HUNT,21
Hancock,PRECINCT 20,Auditor,,REP,MARK HUNT,30
Hancock,PRECINCT 21,Auditor,,REP,MARK HUNT,26
Hancock,PRECINCT 22,Auditor,,REP,MARK HUNT,26
Hancock,PRECINCT 23,Auditor,,REP,MARK HUNT,18
Hancock,PRECINCT 24,Auditor,,REP,MARK HUNT,28
Hancock,PRECINCT 25,Auditor,,REP,MARK HUNT,47
Hancock,PRECINCT 27,Auditor,,REP,MARK HUNT,26
Hancock,PRECINCT 28,Auditor,,REP,MARK HUNT,26
Hancock,PRECINCT 1,Auditor,,DEM,MARY ANN ROEBUCK CLAYTOR,48
Hancock,PRECINCT 2,Auditor,,DEM,MARY ANN ROEBUCK CLAYTOR,41
Hancock,PRECINCT 3,Auditor,,DEM,MARY ANN ROEBUCK CLAYTOR,52
Hancock,PRECINCT 5,Auditor,,DEM,MARY ANN ROEBUCK CLAYTOR,32
Hancock,PRECINCT 6,Auditor,,DEM,MARY ANN ROEBUCK CLAYTOR,49
Hancock,PRECINCT 7,Auditor,,DEM,MARY ANN ROEBUCK CLAYTOR,24
Hancock,PRECINCT 8,Auditor,,DEM,MARY ANN ROEBUCK CLAYTOR,58
Hancock,PRECINCT 9,Auditor,,DEM,MARY ANN ROEBUCK CLAYTOR,43
Hancock,PRECINCT 10,Auditor,,DEM,MARY ANN ROEBUCK CLAYTOR,38
Hancock,PRECINCT 11,Auditor,,DEM,MARY ANN ROEBUCK CLAYTOR,35
Hancock,PRECINCT 12,Auditor,,DEM,MARY ANN ROEBUCK CLAYTOR,62
Hancock,PRECINCT 13,Auditor,,DEM,MARY ANN ROEBUCK CLAYTOR,58
Hancock,PRECINCT 14,Auditor,,DEM,MARY ANN ROEBUCK CLAYTOR,46
Hancock,PRECINCT 16,Auditor,,DEM,MARY ANN ROEBUCK CLAYTOR,38
Hancock,PRECINCT 17,Auditor,,DEM,MARY ANN ROEBUCK CLAYTOR,90
Hancock,PRECINCT 19,Auditor,,DEM,MARY ANN ROEBUCK CLAYTOR,58
Hancock,PRECINCT 20,Auditor,,DEM,MARY ANN ROEBUCK CLAYTOR,81
Hancock,PRECINCT 21,Auditor,,DEM,MARY ANN ROEBUCK CLAYTOR,62
Hancock,PRECINCT 22,Auditor,,DEM,MARY ANN ROEBUCK CLAYTOR,61
Hancock,PRECINCT 23,Auditor,,DEM,MARY ANN ROEBUCK CLAYTOR,37
Hancock,PRECINCT 24,Auditor,,DEM,MARY ANN ROEBUCK CLAYTOR,63
Hancock,PRECINCT 25,Auditor,,DEM,MARY ANN ROEBUCK CLAYTOR,97
Hancock,PRECINCT 27,Auditor,,DEM,MARY ANN ROEBUCK CLAYTOR,66
Hancock,PRECINCT 28,Auditor,,DEM,MARY ANN ROEBUCK CLAYTOR,74
Hancock,PRECINCT 1,Auditor,,MTN,NO CANDIDATE FILED,0
Hancock,PRECINCT 2,Auditor,,MTN,NO CANDIDATE FILED,0
Hancock,PRECINCT 3,Auditor,,MTN,NO CANDIDATE FILED,0
Hancock,PRECINCT 5,Auditor,,MTN,NO CANDIDATE FILED,0
Hancock,PRECINCT 6,Auditor,,MTN,NO CANDIDATE FILED,0
Hancock,PRECINCT 7,Auditor,,MTN,NO CANDIDATE FILED,0
Hancock,PRECINCT 8,Auditor,,MTN,NO CANDIDATE FILED,0
Hancock,PRECINCT 9,Auditor,,MTN,NO CANDIDATE FILED,0
Hancock,PRECINCT 10,Auditor,,MTN,NO CANDIDATE FILED,0
Hancock,PRECINCT 11,Auditor,,MTN,NO CANDIDATE FILED,0
Hancock,PRECINCT 12,Auditor,,MTN,NO CANDIDATE FILED,0
Hancock,PRECINCT 13,Auditor,,MTN,NO CANDIDATE FILED,0
Hancock,PRECINCT 14,Auditor,,MTN,NO CANDIDATE FILED,0
Hancock,PRECINCT 16,Auditor,,MTN,NO CANDIDATE FILED,0
Hancock,PRECINCT 17,Auditor,,MTN,NO CANDIDATE FILED,0
Hancock,PRECINCT 19,Auditor,,MTN,NO CANDIDATE FILED,0
Hancock,PRECINCT 20,Auditor,,MTN,NO CANDIDATE FILED,0
Hancock,PRECINCT 21,Auditor,,MTN,NO CANDIDATE FILED,0
Hancock,PRECINCT 22,Auditor,,MTN,NO CANDIDATE FILED,0
Hancock,PRECINCT 23,Auditor,,MTN,NO CANDIDATE FILED,0
Hancock,PRECINCT 24,Auditor,,MTN,NO CANDIDATE FILED,0
Hancock,PRECINCT 25,Auditor,,MTN,NO CANDIDATE FILED,0
Hancock,PRECINCT 27,Auditor,,MTN,NO CANDIDATE FILED,0
Hancock,PRECINCT 28,Auditor,,MTN,NO CANDIDATE FILED,0
Hancock,PRECINCT 1,State Treasurer,,REP,LARRY PACK,92
Hancock,PRECINCT 2,State Treasurer,,REP,LARRY PACK,79
Hancock,PRECINCT 3,State Treasurer,,REP,LARRY PACK,114
Hancock,PRECINCT 5,State Treasurer,,REP,LARRY PACK,62
Hancock,PRECINCT 6,State Treasurer,,REP,LARRY PACK,195
Hancock,PRECINCT 7,State Treasurer,,REP,LARRY PACK,70
Hancock,PRECINCT 8,State Treasurer,,REP,LARRY PACK,168
Hancock,PRECINCT 9,State Treasurer,,REP,LARRY PACK,143
Hancock,PRECINCT 10,State Treasurer,,REP,LARRY PACK,69
Hancock,PRECINCT 11,State Treasurer,,REP,LARRY PACK,126
Hancock,PRECINCT 12,State Treasurer,,REP,LARRY PACK,172
Hancock,PRECINCT 13,State Treasurer,,REP,LARRY PACK,101
Hancock,PRECINCT 14,State Treasurer,,REP,LARRY PACK,67
Hancock,PRECINCT 16,State Treasurer,,REP,LARRY PACK,38
Hancock,PRECINCT 17,State Treasurer,,REP,LARRY PACK,133
Hancock,PRECINCT 19,State Treasurer,,REP,LARRY PACK,87
Hancock,PRECINCT 20,State Treasurer,,REP,LARRY PACK,144
Hancock,PRECINCT 21,State Treasurer,,REP,LARRY PACK,101
Hancock,PRECINCT 22,State Treasurer,,REP,LARRY PACK,72
Hancock,PRECINCT 23,State Treasurer,,REP,LARRY PACK,50
Hancock,PRECINCT 24,State Treasurer,,REP,LARRY PACK,104
Hancock,PRECINCT 25,State Treasurer,,REP,LARRY PACK,150
Hancock,PRECINCT 27,State Treasurer,,REP,LARRY PACK,129
Hancock,PRECINCT 28,State Treasurer,,REP,LARRY PACK,114
Hancock,PRECINCT 1,State Treasurer,,DEM,NO CANDIDATE FILED,0
Hancock,PRECINCT 2,State Treasurer,,DEM,NO CANDIDATE FILED,0
Hancock,PRECINCT 3,State Treasurer,,DEM,NO CANDIDATE FILED,0
Hancock,PRECINCT 5,State Treasurer,,DEM,NO CANDIDATE FILED,0
Hancock,PRECINCT 6,State Treasurer,,DEM,NO CANDIDATE FILED,0
Hancock,PRECINCT 7,State Treasurer,,DEM,NO CANDIDATE FILED,0
Hancock,PRECINCT 8,State Treasurer,,DEM,NO CANDIDATE FILED,0
Hancock,PRECINCT 9,State Treasurer,,DEM,NO CANDIDATE FILED,0
Hancock,PRECINCT 10,State Treasurer,,DEM,NO CANDIDATE FILED,0
Hancock,PRECINCT 11,State Treasurer,,DEM,NO CANDIDATE FILED,0
Hancock,PRECINCT 12,State Treasurer,,DEM,NO CANDIDATE FILED,0
Hancock,PRECINCT 13,State Treasurer,,DEM,NO CANDIDATE FILED,0
Hancock,PRECINCT 14,State Treasurer,,DEM,NO CANDIDATE FILED,0
Hancock,PRECINCT 16,State Treasurer,,DEM,NO CANDIDATE FILED,0
Hancock,PRECINCT 17,State Treasurer,,DEM,NO CANDIDATE FILED,0
Hancock,PRECINCT 19,State Treasurer,,DEM,NO CANDIDATE FILED,0
Hancock,PRECINCT 20,State Treasurer,,DEM,NO CANDIDATE FILED,0
Hancock,PRECINCT 21,State Treasurer,,DEM,NO CANDIDATE FILED,0
Hancock,PRECINCT 22,State Treasurer,,DEM,NO CANDIDATE FILED,0
Hancock,PRECINCT 23,State Treasurer,,DEM,NO CANDIDATE FILED,0
Hancock,PRECINCT 24,State Treasurer,,DEM,NO CANDIDATE FILED,0
Hancock,PRECINCT 25,State Treasurer,,DEM,NO CANDIDATE FILED,0
Hancock,PRECINCT 27,State Treasurer,,DEM,NO CANDIDATE FILED,0
Hancock,PRECINCT 28,State Treasurer,,DEM,NO CANDIDATE FILED,0
Hancock,PRECINCT 1,State Treasurer,,MTN,NO CANDIDATE FILED,0
Hancock,PRECINCT 2,State Treasurer,,MTN,NO CANDIDATE FILED,0
Hancock,PRECINCT 3,State Treasurer,,MTN,NO CANDIDATE FILED,0
Hancock,PRECINCT 5,State Treasurer,,MTN,NO CANDIDATE FILED,0
Hancock,PRECINCT 6,State Treasurer,,MTN,NO CANDIDATE FILED,0
Hancock,PRECINCT 7,State Treasurer,,MTN,NO CANDIDATE FILED,0
Hancock,PRECINCT 8,State Treasurer,,MTN,NO CANDIDATE FILED,0
Hancock,PRECINCT 9,State Treasurer,,MTN,NO CANDIDATE FILED,0
Hancock,PRECINCT 10,State Treasurer,,MTN,NO CANDIDATE FILED,0
Hancock,PRECINCT 11,State Treasurer,,MTN,NO CANDIDATE FILED,0
Hancock,PRECINCT 12,State Treasurer,,MTN,NO CANDIDATE FILED,0
Hancock,PRECINCT 13,State Treasurer,,MTN,NO CANDIDATE FILED,0
Hancock,PRECINCT 14,State Treasurer,,MTN,NO CANDIDATE FILED,0
Hancock,PRECINCT 16,State Treasurer,,MTN,NO CANDIDATE FILED,0
Hancock,PRECINCT 17,State Treasurer,,MTN,NO CANDIDATE FILED,0
Hancock,PRECINCT 19,State Treasurer,,MTN,NO CANDIDATE FILED,0
Hancock,PRECINCT 20,State Treasurer,,MTN,NO CANDIDATE FILED,0
Hancock,PRECINCT 21,State Treasurer,,MTN,NO CANDIDATE FILED,0
Hancock,PRECINCT 22,State Treasurer,,MTN,NO CANDIDATE FILED,0
Hancock,PRECINCT 23,State Treasurer,,MTN,NO CANDIDATE FILED,0
Hancock,PRECINCT 24,State Treasurer,,MTN,NO CANDIDATE FILED,0
Hancock,PRECINCT 25,State Treasurer,,MTN,NO CANDIDATE FILED,0
Hancock,PRECINCT 27,State Treasurer,,MTN,NO CANDIDATE FILED,0
Hancock,PRECINCT 28,State Treasurer,,MTN,NO CANDIDATE FILED,0
Hancock,PRECINCT 1,Commissioner of Agriculture,,REP,ROY RAMEY,14
Hancock,PRECINCT 2,Commissioner of Agriculture,,REP,ROY RAMEY,13
Hancock,PRECINCT 3,Commissioner of Agriculture,,REP,ROY RAMEY,30
Hancock,PRECINCT 5,Commissioner of Agriculture,,REP,ROY RAMEY,16
Hancock,PRECINCT 6,Commissioner of Agriculture,,REP,ROY RAMEY,47
Hancock,PRECINCT 7,Commissioner of Agriculture,,REP,ROY RAMEY,15
Hancock,PRECINCT 8,Commissioner of Agriculture,,REP,ROY RAMEY,30
Hancock,PRECINCT 9,Commissioner of Agriculture,,REP,ROY RAMEY,36
Hancock,PRECINCT 10,Commissioner of Agriculture,,REP,ROY RAMEY,19
Hancock,PRECINCT 11,Commissioner of Agriculture,,REP,ROY RAMEY,26
Hancock,PRECINCT 12,Commissioner of Agriculture,,REP,ROY RAMEY,31
Hancock,PRECINCT 13,Commissioner of Agriculture,,REP,ROY RAMEY,21
Hancock,PRECINCT 14,Commissioner of Agriculture,,REP,ROY RAMEY,16
Hancock,PRECINCT 16,Commissioner of Agriculture,,REP,ROY RAMEY,11
Hancock,PRECINCT 17,Commissioner of Agriculture,,REP,ROY RAMEY,33
Hancock,PRECINCT 19,Commissioner of Agriculture,,REP,ROY RAMEY,17
Hancock,PRECINCT 20,Commissioner of Agriculture,,REP,ROY RAMEY,28
Hancock,PRECINCT 21,Commissioner of Agriculture,,REP,ROY RAMEY,28
Hancock,PRECINCT 22,Commissioner of Agriculture,,REP,ROY RAMEY,16
Hancock,PRECINCT 23,Commissioner of Agriculture,,REP,ROY RAMEY,13
Hancock,PRECINCT 24,Commissioner of Agriculture,,REP,ROY RAMEY,23
Hancock,PRECINCT 25,Commissioner of Agriculture,,REP,ROY RAMEY,37
Hancock,PRECINCT 27,Commissioner of Agriculture,,REP,ROY RAMEY,25
Hancock,PRECINCT 28,Commissioner of Agriculture,,REP,ROY RAMEY,15
Hancock,PRECINCT 1,Commissioner of Agriculture,,REP,JOSHUA KURT HIGGINBOTHAM,46
Hancock,PRECINCT 2,Commissioner of Agriculture,,REP,JOSHUA KURT HIGGINBOTHAM,35
Hancock,PRECINCT 3,Commissioner of Agriculture,,REP,JOSHUA KURT HIGGINBOTHAM,52
Hancock,PRECINCT 5,Commissioner of Agriculture,,REP,JOSHUA KURT HIGGINBOTHAM,23
Hancock,PRECINCT 6,Commissioner of Agriculture,,REP,JOSHUA KURT HIGGINBOTHAM,54
Hancock,PRECINCT 7,Commissioner of Agriculture,,REP,JOSHUA KURT HIGGINBOTHAM,29
Hancock,PRECINCT 8,Commissioner of Agriculture,,REP,JOSHUA KURT HIGGINBOTHAM,63
Hancock,PRECINCT 9,Commissioner of Agriculture,,REP,JOSHUA KURT HIGGINBOTHAM,56
Hancock,PRECINCT 10,Commissioner of Agriculture,,REP,JOSHUA KURT HIGGINBOTHAM,27
Hancock,PRECINCT 11,Commissioner of Agriculture,,REP,JOSHUA KURT HIGGINBOTHAM,56
Hancock,PRECINCT 12,Commissioner of Agriculture,,REP,JOSHUA KURT HIGGINBOTHAM,75
Hancock,PRECINCT 13,Commissioner of Agriculture,,REP,JOSHUA KURT HIGGINBOTHAM,50
Hancock,PRECINCT 14,Commissioner of Agriculture,,REP,JOSHUA KURT HIGGINBOTHAM,32
Hancock,PRECINCT 16,Commissioner of Agriculture,,REP,JOSHUA KURT HIGGINBOTHAM,14
Hancock,PRECINCT 17,Commissioner of Agriculture,,REP,JOSHUA KURT HIGGINBOTHAM,53
Hancock,PRECINCT 19,Commissioner of Agriculture,,REP,JOSHUA KURT HIGGINBOTHAM,33
Hancock,PRECINCT 20,Commissioner of Agriculture,,REP,JOSHUA KURT HIGGINBOTHAM,60
Hancock,PRECINCT 21,Commissioner of Agriculture,,REP,JOSHUA KURT HIGGINBOTHAM,25
Hancock,PRECINCT 22,Commissioner of Agriculture,,REP,JOSHUA KURT HIGGINBOTHAM,38
Hancock,PRECINCT 23,Commissioner of Agriculture,,REP,JOSHUA KURT HIGGINBOTHAM,26
Hancock,PRECINCT 24,Commissioner of Agriculture,,REP,JOSHUA KURT HIGGINBOTHAM,46
Hancock,PRECINCT 25,Commissioner of Agriculture,,REP,JOSHUA KURT HIGGINBOTHAM,52
Hancock,PRECINCT 27,Commissioner of Agriculture,,REP,JOSHUA KURT HIGGINBOTHAM,53
Hancock,PRECINCT 28,Commissioner of Agriculture,,REP,JOSHUA KURT HIGGINBOTHAM,48
Hancock,PRECINCT 1,Commissioner of Agriculture,,REP,KENT LEONHARDT,44
Hancock,PRECINCT 2,Commissioner of Agriculture,,REP,KENT LEONHARDT,42
Hancock,PRECINCT 3,Commissioner of Agriculture,,REP,KENT LEONHARDT,47
Hancock,PRECINCT 5,Commissioner of Agriculture,,REP,KENT LEONHARDT,30
Hancock,PRECINCT 6,Commissioner of Agriculture,,REP,KENT LEONHARDT,113
Hancock,PRECINCT 7,Commissioner of Agriculture,,REP,KENT LEONHARDT,33
Hancock,PRECINCT 8,Commissioner of Agriculture,,REP,KENT LEONHARDT,108
Hancock,PRECINCT 9,Commissioner of Agriculture,,REP,KENT LEONHARDT,73
Hancock,PRECINCT 10,Commissioner of Agriculture,,REP,KENT LEONHARDT,36
Hancock,PRECINCT 11,Commissioner of Agriculture,,REP,KENT LEONHARDT,58
Hancock,PRECINCT 12,Commissioner of Agriculture,,REP,KENT LEONHARDT,86
Hancock,PRECINCT 13,Commissioner of Agriculture,,REP,KENT LEONHARDT,47
Hancock,PRECINCT 14,Commissioner of Agriculture,,REP,KENT LEONHARDT,31
Hancock,PRECINCT 16,Commissioner of Agriculture,,REP,KENT LEONHARDT,17
Hancock,PRECINCT 17,Commissioner of Agriculture,,REP,KENT LEONHARDT,64
Hancock,PRECINCT 19,Commissioner of Agriculture,,REP,KENT LEONHARDT,40
Hancock,PRECINCT 20,Commissioner of Agriculture,,REP,KENT LEONHARDT,67
Hancock,PRECINCT 21,Commissioner of Agriculture,,REP,KENT LEONHARDT,46
Hancock,PRECINCT 22,Commissioner of Agriculture,,REP,KENT LEONHARDT,33
Hancock,PRECINCT 23,Commissioner of Agriculture,,REP,KENT LEONHARDT,23
Hancock,PRECINCT 24,Commissioner of Agriculture,,REP,KENT LEONHARDT,47
Hancock,PRECINCT 25,Commissioner of Agriculture,,REP,KENT LEONHARDT,89
Hancock,PRECINCT 27,Commissioner of Agriculture,,REP,KENT LEONHARDT,70
Hancock,PRECINCT 28,Commissioner of Agriculture,,REP,KENT LEONHARDT,57
Hancock,PRECINCT 1,Commissioner of Agriculture,,DEM,DEBORAH STILES,49
Hancock,PRECINCT 2,Commissioner of Agriculture,,DEM,DEBORAH STILES,41
Hancock,PRECINCT 3,Commissioner of Agriculture,,DEM,DEBORAH STILES,54
Hancock,PRECINCT 5,Commissioner of Agriculture,,DEM,DEBORAH STILES,35
Hancock,PRECINCT 6,Commissioner of Agriculture,,DEM,DEBORAH STILES,49
Hancock,PRECINCT 7,Commissioner of Agriculture,,DEM,DEBORAH STILES,25
Hancock,PRECINCT 8,Commissioner of Agriculture,,DEM,DEBORAH STILES,60
Hancock,PRECINCT 9,Commissioner of Agriculture,,DEM,DEBORAH STILES,46
Hancock,PRECINCT 10,Commissioner of Agriculture,,DEM,DEBORAH STILES,39
Hancock,PRECINCT 11,Commissioner of Agriculture,,DEM,DEBORAH STILES,36
Hancock,PRECINCT 12,Commissioner of Agriculture,,DEM,DEBORAH STILES,62
Hancock,PRECINCT 13,Commissioner of Agriculture,,DEM,DEBORAH STILES,57
Hancock,PRECINCT 14,Commissioner of Agriculture,,DEM,DEBORAH STILES,48
Hancock,PRECINCT 16,Commissioner of Agriculture,,DEM,DEBORAH STILES,38
Hancock,PRECINCT 17,Commissioner of Agriculture,,DEM,DEBORAH STILES,90
Hancock,PRECINCT 19,Commissioner of Agriculture,,DEM,DEBORAH STILES,54
Hancock,PRECINCT 20,Commissioner of Agriculture,,DEM,DEBORAH STILES,83
Hancock,PRECINCT 21,Commissioner of Agriculture,,DEM,DEBORAH STILES,62
Hancock,PRECINCT 22,Commissioner of Agriculture,,DEM,DEBORAH STILES,58
Hancock,PRECINCT 23,Commissioner of Agriculture,,DEM,DEBORAH STILES,34
Hancock,PRECINCT 24,Commissioner of Agriculture,,DEM,DEBORAH STILES,65
Hancock,PRECINCT 25,Commissioner of Agriculture,,DEM,DEBORAH STILES,96
Hancock,PRECINCT 27,Commissioner of Agriculture,,DEM,DEBORAH STILES,66
Hancock,PRECINCT 28,Commissioner of Agriculture,,DEM,DEBORAH STILES,73
Hancock,PRECINCT 1,Commissioner of Agriculture,,MTN,NO CANDIDATE FILED,0
Hancock,PRECINCT 2,Commissioner of Agriculture,,MTN,NO CANDIDATE FILED,0
Hancock,PRECINCT 3,Commissioner of Agriculture,,MTN,NO CANDIDATE FILED,0
Hancock,PRECINCT 5,Commissioner of Agriculture,,MTN,NO CANDIDATE FILED,0
Hancock,PRECINCT 6,Commissioner of Agriculture,,MTN,NO CANDIDATE FILED,0
Hancock,PRECINCT 7,Commissioner of Agriculture,,MTN,NO CANDIDATE FILED,0
Hancock,PRECINCT 8,Commissioner of Agriculture,,MTN,NO CANDIDATE FILED,0
Hancock,PRECINCT 9,Commissioner of Agriculture,,MTN,NO CANDIDATE FILED,0
Hancock,PRECINCT 10,Commissioner of Agriculture,,MTN,NO CANDIDATE FILED,0
Hancock,PRECINCT 11,Commissioner of Agriculture,,MTN,NO CANDIDATE FILED,0
Hancock,PRECINCT 12,Commissioner of Agriculture,,MTN,NO CANDIDATE FILED,0
Hancock,PRECINCT 13,Commissioner of Agriculture,,MTN,NO CANDIDATE FILED,0
Hancock,PRECINCT 14,Commissioner of Agriculture,,MTN,NO CANDIDATE FILED,0
Hancock,PRECINCT 16,Commissioner of Agriculture,,MTN,NO CANDIDATE FILED,0
Hancock,PRECINCT 17,Commissioner of Agriculture,,MTN,NO CANDIDATE FILED,0
Hancock,PRECINCT 19,Commissioner of Agriculture,,MTN,NO CANDIDATE FILED,0
Hancock,PRECINCT 20,Commissioner of Agriculture,,MTN,NO CANDIDATE FILED,0
Hancock,PRECINCT 21,Commissioner of Agriculture,,MTN,NO CANDIDATE FILED,0
Hancock,PRECINCT 22,Commissioner of Agriculture,,MTN,NO CANDIDATE FILED,0
Hancock,PRECINCT 23,Commissioner of Agriculture,,MTN,NO CANDIDATE FILED,0
Hancock,PRECINCT 24,Commissioner of Agriculture,,MTN,NO CANDIDATE FILED,0
Hancock,PRECINCT 25,Commissioner of Agriculture,,MTN,NO CANDIDATE FILED,0
Hancock,PRECINCT 27,Commissioner of Agriculture,,MTN,NO CANDIDATE FILED,0
Hancock,PRECINCT 28,Commissioner of Agriculture,,MTN,NO CANDIDATE FILED,0
Hancock,PRECINCT 1,Attorney General,,REP,MIKE STUART,60
Hancock,PRECINCT 2,Attorney General,,REP,MIKE STUART,49
Hancock,PRECINCT 3,Attorney General,,REP,MIKE STUART,64
Hancock,PRECINCT 5,Attorney General,,REP,MIKE STUART,36
Hancock,PRECINCT 6,Attorney General,,REP,MIKE STUART,95
Hancock,PRECINCT 7,Attorney General,,REP,MIKE STUART,40
Hancock,PRECINCT 8,Attorney General,,REP,MIKE STUART,81
Hancock,PRECINCT 9,Attorney General,,REP,MIKE STUART,72
Hancock,PRECINCT 10,Attorney General,,REP,MIKE STUART,39
Hancock,PRECINCT 11,Attorney General,,REP,MIKE STUART,63
Hancock,PRECINCT 12,Attorney General,,REP,MIKE STUART,96
Hancock,PRECINCT 13,Attorney General,,REP,MIKE STUART,50
Hancock,PRECINCT 14,Attorney General,,REP,MIKE STUART,33
Hancock,PRECINCT 16,Attorney General,,REP,MIKE STUART,20
Hancock,PRECINCT 17,Attorney General,,REP,MIKE STUART,74
Hancock,PRECINCT 19,Attorney General,,REP,MIKE STUART,45
Hancock,PRECINCT 20,Attorney General,,REP,MIKE STUART,56
Hancock,PRECINCT 21,Attorney General,,REP,MIKE STUART,47
Hancock,PRECINCT 22,Attorney General,,REP,MIKE STUART,33
Hancock,PRECINCT 23,Attorney General,,REP,MIKE STUART,24
Hancock,PRECINCT 24,Attorney General,,REP,MIKE STUART,60
Hancock,PRECINCT 25,Attorney General,,REP,MIKE STUART,74
Hancock,PRECINCT 27,Attorney General,,REP,MIKE STUART,61
Hancock,PRECINCT 28,Attorney General,,REP,MIKE STUART,47
Hancock,PRECINCT 1,Attorney General,,REP,JOHN 'JB' McCUSKEY,48
Hancock,PRECINCT 2,Attorney General,,REP,JOHN 'JB' McCUSKEY,41
Hancock,PRECINCT 3,Attorney General,,REP,JOHN 'JB' McCUSKEY,61
Hancock,PRECINCT 5,Attorney General,,REP,JOHN 'JB' McCUSKEY,38
Hancock,PRECINCT 6,Attorney General,,REP,JOHN 'JB' McCUSKEY,114
Hancock,PRECINCT 7,Attorney General,,REP,JOHN 'JB' McCUSKEY,39
Hancock,PRECINCT 8,Attorney General,,REP,JOHN 'JB' McCUSKEY,108
Hancock,PRECINCT 9,Attorney General,,REP,JOHN 'JB' McCUSKEY,83
Hancock,PRECINCT 10,Attorney General,,REP,JOHN 'JB' McCUSKEY,43
Hancock,PRECINCT 11,Attorney General,,REP,JOHN 'JB' McCUSKEY,81
Hancock,PRECINCT 12,Attorney General,,REP,JOHN 'JB' McCUSKEY,103
Hancock,PRECINCT 13,Attorney General,,REP,JOHN 'JB' McCUSKEY,69
Hancock,PRECINCT 14,Attorney General,,REP,JOHN 'JB' McCUSKEY,47
Hancock,PRECINCT 16,Attorney General,,REP,JOHN 'JB' McCUSKEY,20
Hancock,PRECINCT 17,Attorney General,,REP,JOHN 'JB' McCUSKEY,87
Hancock,PRECINCT 19,Attorney General,,REP,JOHN 'JB' McCUSKEY,45
Hancock,PRECINCT 20,Attorney General,,REP,JOHN 'JB' McCUSKEY,102
Hancock,PRECINCT 21,Attorney General,,REP,JOHN 'JB' McCUSKEY,58
Hancock,PRECINCT 22,Attorney General,,REP,JOHN 'JB' McCUSKEY,52
Hancock,PRECINCT 23,Attorney General,,REP,JOHN 'JB' McCUSKEY,36
Hancock,PRECINCT 24,Attorney General,,REP,JOHN 'JB' McCUSKEY,58
Hancock,PRECINCT 25,Attorney General,,REP,JOHN 'JB' McCUSKEY,108
Hancock,PRECINCT 27,Attorney General,,REP,JOHN 'JB' McCUSKEY,87
Hancock,PRECINCT 28,Attorney General,,REP,JOHN 'JB' McCUSKEY,76
Hancock,PRECINCT 1,Attorney General,,DEM,RICHIE ROBB,12
Hancock,PRECINCT 2,Attorney General,,DEM,RICHIE ROBB,6
Hancock,PRECINCT 3,Attorney General,,DEM,RICHIE ROBB,10
Hancock,PRECINCT 5,Attorney General,,DEM,RICHIE ROBB,4
Hancock,PRECINCT 6,Attorney General,,DEM,RICHIE ROBB,5
Hancock,PRECINCT 7,Attorney General,,DEM,RICHIE ROBB,4
Hancock,PRECINCT 8,Attorney General,,DEM,RICHIE ROBB,8
Hancock,PRECINCT 9,Attorney General,,DEM,RICHIE ROBB,9
Hancock,PRECINCT 10,Attorney General,,DEM,RICHIE ROBB,7
Hancock,PRECINCT 11,Attorney General,,DEM,RICHIE ROBB,7
Hancock,PRECINCT 12,Attorney General,,DEM,RICHIE ROBB,20
Hancock,PRECINCT 13,Attorney General,,DEM,RICHIE ROBB,11
Hancock,PRECINCT 14,Attorney General,,DEM,RICHIE ROBB,6
Hancock,PRECINCT 16,Attorney General,,DEM,RICHIE ROBB,4
Hancock,PRECINCT 17,Attorney General,,DEM,RICHIE ROBB,15
Hancock,PRECINCT 19,Attorney General,,DEM,RICHIE ROBB,13
Hancock,PRECINCT 20,Attorney General,,DEM,RICHIE ROBB,18
Hancock,PRECINCT 21,Attorney General,,DEM,RICHIE ROBB,9
Hancock,PRECINCT 22,Attorney General,,DEM,RICHIE ROBB,12
Hancock,PRECINCT 23,Attorney General,,DEM,RICHIE ROBB,7
Hancock,PRECINCT 24,Attorney General,,DEM,RICHIE ROBB,14
Hancock,PRECINCT 25,Attorney General,,DEM,RICHIE ROBB,19
Hancock,PRECINCT 27,Attorney General,,DEM,RICHIE ROBB,14
Hancock,PRECINCT 28,Attorney General,,DEM,RICHIE ROBB,12
Hancock,PRECINCT 1,Attorney General,,DEM,TERESA TORISEVA,46
Hancock,PRECINCT 2,Attorney General,,DEM,TERESA TORISEVA,39
Hancock,PRECINCT 3,Attorney General,,DEM,TERESA TORISEVA,54
Hancock,PRECINCT 5,Attorney General,,DEM,TERESA TORISEVA,37
Hancock,PRECINCT 6,Attorney General,,DEM,TERESA TORISEVA,51
Hancock,PRECINCT 7,Attorney General,,DEM,TERESA TORISEVA,25
Hancock,PRECINCT 8,Attorney General,,DEM,TERESA TORISEVA,60
Hancock,PRECINCT 9,Attorney General,,DEM,TERESA TORISEVA,48
Hancock,PRECINCT 10,Attorney General,,DEM,TERESA TORISEVA,45
Hancock,PRECINCT 11,Attorney General,,DEM,TERESA TORISEVA,35
Hancock,PRECINCT 12,Attorney General,,DEM,TERESA TORISEVA,59
Hancock,PRECINCT 13,Attorney General,,DEM,TERESA TORISEVA,53
Hancock,PRECINCT 14,Attorney General,,DEM,TERESA TORISEVA,49
Hancock,PRECINCT 16,Attorney General,,DEM,TERESA TORISEVA,42
Hancock,PRECINCT 17,Attorney General,,DEM,TERESA TORISEVA,88
Hancock,PRECINCT 19,Attorney General,,DEM,TERESA TORISEVA,49
Hancock,PRECINCT 20,Attorney General,,DEM,TERESA TORISEVA,80
Hancock,PRECINCT 21,Attorney General,,DEM,TERESA TORISEVA,58
Hancock,PRECINCT 22,Attorney General,,DEM,TERESA TORISEVA,55
Hancock,PRECINCT 23,Attorney General,,DEM,TERESA TORISEVA,36
Hancock,PRECINCT 24,Attorney General,,DEM,TERESA TORISEVA,64
Hancock,PRECINCT 25,Attorney General,,DEM,TERESA TORISEVA,95
Hancock,PRECINCT 27,Attorney General,,DEM,TERESA TORISEVA,66
Hancock,PRECINCT 28,Attorney General,,DEM,TERESA TORISEVA,73
Hancock,PRECINCT 1,Attorney General,,MTN,NO CANDIDATE FILED,0
Hancock,PRECINCT 2,Attorney General,,MTN,NO CANDIDATE FILED,0
Hancock,PRECINCT 3,Attorney General,,MTN,NO CANDIDATE FILED,0
Hancock,PRECINCT 5,Attorney General,,MTN,NO CANDIDATE FILED,0
Hancock,PRECINCT 6,Attorney General,,MTN,NO CANDIDATE FILED,0
Hancock,PRECINCT 7,Attorney General,,MTN,NO CANDIDATE FILED,0
Hancock,PRECINCT 8,Attorney General,,MTN,NO CANDIDATE FILED,0
Hancock,PRECINCT 9,Attorney General,,MTN,NO CANDIDATE FILED,0
Hancock,PRECINCT 10,Attorney General,,MTN,NO CANDIDATE FILED,0
Hancock,PRECINCT 11,Attorney General,,MTN,NO CANDIDATE FILED,0
Hancock,PRECINCT 12,Attorney General,,MTN,NO CANDIDATE FILED,0
Hancock,PRECINCT 13,Attorney General,,MTN,NO CANDIDATE FILED,0
Hancock,PRECINCT 14,Attorney General,,MTN,NO CANDIDATE FILED,0
Hancock,PRECINCT 16,Attorney General,,MTN,NO CANDIDATE FILED,0
Hancock,PRECINCT 17,Attorney General,,MTN,NO CANDIDATE FILED,0
Hancock,PRECINCT 19,Attorney General,,MTN,NO CANDIDATE FILED,0
Hancock,PRECINCT 20,Attorney General,,MTN,NO CANDIDATE FILED,0
Hancock,PRECINCT 21,Attorney General,,MTN,NO CANDIDATE FILED,0
Hancock,PRECINCT 22,Attorney General,,MTN,NO CANDIDATE FILED,0
Hancock,PRECINCT 23,Attorney General,,MTN,NO CANDIDATE FILED,0
Hancock,PRECINCT 24,Attorney General,,MTN,NO CANDIDATE FILED,0
Hancock,PRECINCT 25,Attorney General,,MTN,NO CANDIDATE FILED,0
Hancock,PRECINCT 27,Attorney General,,MTN,NO CANDIDATE FILED,0
Hancock,PRECINCT 28,Attorney General,,MTN,NO CANDIDATE FILED,0
Hancock,PRECINCT 1,State Senate,1,REP,SCOTT ADAMS,54
Hancock,PRECINCT 2,State Senate,1,REP,SCOTT ADAMS,35
Hancock,PRECINCT 3,State Senate,1,REP,SCOTT ADAMS,45
Hancock,PRECINCT 5,State Senate,1,REP,SCOTT ADAMS,35
Hancock,PRECINCT 6,State Senate,1,REP,SCOTT ADAMS,99
Hancock,PRECINCT 7,State Senate,1,REP,SCOTT ADAMS,50
Hancock,PRECINCT 8,State Senate,1,REP,SCOTT ADAMS,80
Hancock,PRECINCT 9,State Senate,1,REP,SCOTT ADAMS,74
Hancock,PRECINCT 10,State Senate,1,REP,SCOTT ADAMS,39
Hancock,PRECINCT 11,State Senate,1,REP,SCOTT ADAMS,72
Hancock,PRECINCT 12,State Senate,1,REP,SCOTT ADAMS,82
Hancock,PRECINCT 13,State Senate,1,REP,SCOTT ADAMS,38
Hancock,PRECINCT 14,State Senate,1,REP,SCOTT ADAMS,32
Hancock,PRECINCT 16,State Senate,1,REP,SCOTT ADAMS,13
Hancock,PRECINCT 17,State Senate,1,REP,SCOTT ADAMS,53
Hancock,PRECINCT 19,State Senate,1,REP,SCOTT ADAMS,31
Hancock,PRECINCT 20,State Senate,1,REP,SCOTT ADAMS,65
Hancock,PRECINCT 21,State Senate,1,REP,SCOTT ADAMS,29
Hancock,PRECINCT 22,State Senate,1,REP,SCOTT ADAMS,28
Hancock,PRECINCT 23,State Senate,1,REP,SCOTT ADAMS,26
Hancock,PRECINCT 24,State Senate,1,REP,SCOTT ADAMS,56
Hancock,PRECINCT 25,State Senate,1,REP,SCOTT ADAMS,71
Hancock,PRECINCT 27,State Senate,1,REP,SCOTT ADAMS,43
Hancock,PRECINCT 28,State Senate,1,REP,SCOTT ADAMS,59
Hancock,PRECINCT 1,State Senate,1,REP,RYAN W. WELD,69
Hancock,PRECINCT 2,State Senate,1,REP,RYAN W. WELD,65
Hancock,PRECINCT 3,State Senate,1,REP,RYAN W. WELD,95
Hancock,PRECINCT 5,State Senate,1,REP,RYAN W. WELD,45
Hancock,PRECINCT 6,State Senate,1,REP,RYAN W. WELD,138
Hancock,PRECINCT 7,State Senate,1,REP,RYAN W. WELD,38
Hancock,PRECINCT 8,State Senate,1,REP,RYAN W. WELD,141
Hancock,PRECINCT 9,State Senate,1,REP,RYAN W. WELD,110
Hancock,PRECINCT 10,State Senate,1,REP,RYAN W. WELD,64
Hancock,PRECINCT 11,State Senate,1,REP,RYAN W. WELD,92
Hancock,PRECINCT 12,State Senate,1,REP,RYAN W. WELD,135
Hancock,PRECINCT 13,State Senate,1,REP,RYAN W. WELD,97
Hancock,PRECINCT 14,State Senate,1,REP,RYAN W. WELD,57
Hancock,PRECINCT 16,State Senate,1,REP,RYAN W. WELD,32
Hancock,PRECINCT 17,State Senate,1,REP,RYAN W. WELD,125
Hancock,PRECINCT 19,State Senate,1,REP,RYAN W. WELD,72
Hancock,PRECINCT 20,State Senate,1,REP,RYAN W. WELD,120
Hancock,PRECINCT 21,State Senate,1,REP,RYAN W. WELD,100
Hancock,PRECINCT 22,State Senate,1,REP,RYAN W. WELD,70
Hancock,PRECINCT 23,State Senate,1,REP,RYAN W. WELD,51
Hancock,PRECINCT 24,State Senate,1,REP,RYAN W. WELD,74
Hancock,PRECINCT 25,State Senate,1,REP,RYAN W. WELD,138
Hancock,PRECINCT 27,State Senate,1,REP,RYAN W. WELD,132
Hancock,PRECINCT 28,State Senate,1,REP,RYAN W. WELD,79
Hancock,PRECINCT 1,State Senate,1,DEM,NO CANDIDATE FILED,0
Hancock,PRECINCT 2,State Senate,1,DEM,NO CANDIDATE FILED,0
Hancock,PRECINCT 3,State Senate,1,DEM,NO CANDIDATE FILED,0
Hancock,PRECINCT 5,State Senate,1,DEM,NO CANDIDATE FILED,0
Hancock,PRECINCT 6,State Senate,1,DEM,NO CANDIDATE FILED,0
Hancock,PRECINCT 7,State Senate,1,DEM,NO CANDIDATE FILED,0
Hancock,PRECINCT 8,State Senate,1,DEM,NO CANDIDATE FILED,0
Hancock,PRECINCT 9,State Senate,1,DEM,NO CANDIDATE FILED,0
Hancock,PRECINCT 10,State Senate,1,DEM,NO CANDIDATE FILED,0
Hancock,PRECINCT 11,State Senate,1,DEM,NO CANDIDATE FILED,0
Hancock,PRECINCT 12,State Senate,1,DEM,NO CANDIDATE FILED,0
Hancock,PRECINCT 13,State Senate,1,DEM,NO CANDIDATE FILED,0
Hancock,PRECINCT 14,State Senate,1,DEM,NO CANDIDATE FILED,0
Hancock,PRECINCT 16,State Senate,1,DEM,NO CANDIDATE FILED,0
Hancock,PRECINCT 17,State Senate,1,DEM,NO CANDIDATE FILED,0
Hancock,PRECINCT 19,State Senate,1,DEM,NO CANDIDATE FILED,0
Hancock,PRECINCT 20,State Senate,1,DEM,NO CANDIDATE FILED,0
Hancock,PRECINCT 21,State Senate,1,DEM,NO CANDIDATE FILED,0
Hancock,PRECINCT 22,State Senate,1,DEM,NO CANDIDATE FILED,0
Hancock,PRECINCT 23,State Senate,1,DEM,NO CANDIDATE FILED,0
Hancock,PRECINCT 24,State Senate,1,DEM,NO CANDIDATE FILED,0
Hancock,PRECINCT 25,State Senate,1,DEM,NO CANDIDATE FILED,0
Hancock,PRECINCT 27,State Senate,1,DEM,NO CANDIDATE FILED,0
Hancock,PRECINCT 28,State Senate,1,DEM,NO CANDIDATE FILED,0
Hancock,PRECINCT 1,State Senate,1,MTN,NO CANDIDATE FILED,0
Hancock,PRECINCT 2,State Senate,1,MTN,NO CANDIDATE FILED,0
Hancock,PRECINCT 3,State Senate,1,MTN,NO CANDIDATE FILED,0
Hancock,PRECINCT 5,State Senate,1,MTN,NO CANDIDATE FILED,0
Hancock,PRECINCT 6,State Senate,1,MTN,NO CANDIDATE FILED,0
Hancock,PRECINCT 7,State Senate,1,MTN,NO CANDIDATE FILED,0
Hancock,PRECINCT 8,State Senate,1,MTN,NO CANDIDATE FILED,0
Hancock,PRECINCT 9,State Senate,1,MTN,NO CANDIDATE FILED,0
Hancock,PRECINCT 10,State Senate,1,MTN,NO CANDIDATE FILED,0
Hancock,PRECINCT 11,State Senate,1,MTN,NO CANDIDATE FILED,0
Hancock,PRECINCT 12,State Senate,1,MTN,NO CANDIDATE FILED,0
Hancock,PRECINCT 13,State Senate,1,MTN,NO CANDIDATE FILED,0
Hancock,PRECINCT 14,State Senate,1,MTN,NO CANDIDATE FILED,0
Hancock,PRECINCT 16,State Senate,1,MTN,NO CANDIDATE FILED,0
Hancock,PRECINCT 17,State Senate,1,MTN,NO CANDIDATE FILED,0
Hancock,PRECINCT 19,State Senate,1,MTN,NO CANDIDATE FILED,0
Hancock,PRECINCT 20,State Senate,1,MTN,NO CANDIDATE FILED,0
Hancock,PRECINCT 21,State Senate,1,MTN,NO CANDIDATE FILED,0
Hancock,PRECINCT 22,State Senate,1,MTN,NO CANDIDATE FILED,0
Hancock,PRECINCT 23,State Senate,1,MTN,NO CANDIDATE FILED,0
Hancock,PRECINCT 24,State Senate,1,MTN,NO CANDIDATE FILED,0
Hancock,PRECINCT 25,State Senate,1,MTN,NO CANDIDATE FILED,0
Hancock,PRECINCT 27,State Senate,1,MTN,NO CANDIDATE FILED,0
Hancock,PRECINCT 28,State Senate,1,MTN,NO CANDIDATE FILED,0
Hancock,PRECINCT 1,State House,1,REP,PAT McGEEHAN,117
Hancock,PRECINCT 2,State House,1,REP,PAT McGEEHAN,102
Hancock,PRECINCT 3,State House,1,REP,PAT McGEEHAN,132
Hancock,PRECINCT 5,State House,1,REP,PAT McGEEHAN,79
Hancock,PRECINCT 6,State House,1,REP,PAT McGEEHAN,224
Hancock,PRECINCT 7,State House,1,REP,PAT McGEEHAN,85
Hancock,PRECINCT 8,State House,1,REP,PAT McGEEHAN,198
Hancock,PRECINCT 9,State House,1,REP,PAT McGEEHAN,174
Hancock,PRECINCT 10,State House,1,REP,PAT McGEEHAN,89
Hancock,PRECINCT 11,State House,1,REP,PAT McGEEHAN,150
Hancock,PRECINCT 12,State House,1,REP,PAT McGEEHAN,194
Hancock,PRECINCT 13,State House,1,REP,PAT McGEEHAN,123
Hancock,PRECINCT 25,State House,1,REP,PAT McGEEHAN,180
Hancock,PRECINCT 27,State House,1,REP,PAT McGEEHAN,157
Hancock,PRECINCT 28,State House,1,REP,PAT McGEEHAN,125
Hancock,PRECINCT 1,State House,1,DEM,NO CANDIDATE FILED,0
Hancock,PRECINCT 2,State House,1,DEM,NO CANDIDATE FILED,0
Hancock,PRECINCT 3,State House,1,DEM,NO CANDIDATE FILED,0
Hancock,PRECINCT 5,State House,1,DEM,NO CANDIDATE FILED,0
Hancock,PRECINCT 6,State House,1,DEM,NO CANDIDATE FILED,0
Hancock,PRECINCT 7,State House,1,DEM,NO CANDIDATE FILED,0
Hancock,PRECINCT 8,State House,1,DEM,NO CANDIDATE FILED,0
Hancock,PRECINCT 9,State House,1,DEM,NO CANDIDATE FILED,0
Hancock,PRECINCT 10,State House,1,DEM,NO CANDIDATE FILED,0
Hancock,PRECINCT 11,State House,1,DEM,NO CANDIDATE FILED,0
Hancock,PRECINCT 12,State House,1,DEM,NO CANDIDATE FILED,0
Hancock,PRECINCT 13,State House,1,DEM,NO CANDIDATE FILED,0
Hancock,PRECINCT 25,State House,1,DEM,NO CANDIDATE FILED,0
Hancock,PRECINCT 27,State House,1,DEM,NO CANDIDATE FILED,0
Hancock,PRECINCT 28,State House,1,DEM,NO CANDIDATE FILED,0
Hancock,PRECINCT 1,State House,1,MTN,NO CANDIDATE FILED,0
Hancock,PRECINCT 2,State House,1,MTN,NO CANDIDATE FILED,0
Hancock,PRECINCT 3,State House,1,MTN,NO CANDIDATE FILED,0
Hancock,PRECINCT 5,State House,1,MTN,NO CANDIDATE FILED,0
Hancock,PRECINCT 6,State House,1,MTN,NO CANDIDATE FILED,0
Hancock,PRECINCT 7,State House,1,MTN,NO CANDIDATE FILED,0
Hancock,PRECINCT 8,State House,1,MTN,NO CANDIDATE FILED,0
Hancock,PRECINCT 9,State House,1,MTN,NO CANDIDATE FILED,0
Hancock,PRECINCT 10,State House,1,MTN,NO CANDIDATE FILED,0
Hancock,PRECINCT 11,State House,1,MTN,NO CANDIDATE FILED,0
Hancock,PRECINCT 12,State House,1,MTN,NO CANDIDATE FILED,0
Hancock,PRECINCT 13,State House,1,MTN,NO CANDIDATE FILED,0
Hancock,PRECINCT 25,State House,1,MTN,NO CANDIDATE FILED,0
Hancock,PRECINCT 27,State House,1,MTN,NO CANDIDATE FILED,0
Hancock,PRECINCT 28,State House,1,MTN,NO CANDIDATE FILED,0
Hancock,PRECINCT 14,State House,2,REP,MICHELE SLATES,26
Hancock,PRECINCT 16,State House,2,REP,MICHELE SLATES,13
Hancock,PRECINCT 17,State House,2,REP,MICHELE SLATES,43
Hancock,PRECINCT 19,State House,2,REP,MICHELE SLATES,45
Hancock,PRECINCT 20,State House,2,REP,MICHELE SLATES,70
Hancock,PRECINCT 21,State House,2,REP,MICHELE SLATES,60
Hancock,PRECINCT 22,State House,2,REP,MICHELE SLATES,39
Hancock,PRECINCT 23,State House,2,REP,MICHELE SLATES,31
Hancock,PRECINCT 24,State House,2,REP,MICHELE SLATES,67
Hancock,PRECINCT 14,State House,2,REP,MARK ZATEZALO,61
Hancock,PRECINCT 16,State House,2,REP,MARK ZATEZALO,31
Hancock,PRECINCT 17,State House,2,REP,MARK ZATEZALO,125
Hancock,PRECINCT 19,State House,2,REP,MARK ZATEZALO,62
Hancock,PRECINCT 20,State House,2,REP,MARK ZATEZALO,113
Hancock,PRECINCT 21,State House,2,REP,MARK ZATEZALO,74
Hancock,PRECINCT 22,State House,2,REP,MARK ZATEZALO,59
Hancock,PRECINCT 23,State House,2,REP,MARK ZATEZALO,43
Hancock,PRECINCT 24,State House,2,REP,MARK ZATEZALO,64
Hancock,PRECINCT 14,State House,2,DEM,OLIVIA DOWLER,50
Hancock,PRECINCT 16,State House,2,DEM,OLIVIA DOWLER,44
Hancock,PRECINCT 17,State House,2,DEM,OLIVIA DOWLER,100
Hancock,PRECINCT 19,State House,2,DEM,OLIVIA DOWLER,56
Hancock,PRECINCT 20,State House,2,DEM,OLIVIA DOWLER,95
Hancock,PRECINCT 21,State House,2,DEM,OLIVIA DOWLER,68
Hancock,PRECINCT 22,State House,2,DEM,OLIVIA DOWLER,60
Hancock,PRECINCT 23,State House,2,DEM,OLIVIA DOWLER,40
Hancock,PRECINCT 24,State House,2,DEM,OLIVIA DOWLER,71
Hancock,PRECINCT 14,State House,2,MTN,NO CANDIDATE FILED,0
Hancock,PRECINCT 16,State House,2,MTN,NO CANDIDATE FILED,0
Hancock,PRECINCT 17,State House,2,MTN,NO CANDIDATE FILED,0
Hancock,PRECINCT 19,State House,2,MTN,NO CANDIDATE FILED,0
Hancock,PRECINCT 20,State House,2,MTN,NO CANDIDATE FILED,0
Hancock,PRECINCT 21,State House,2,MTN,NO CANDIDATE FILED,0
Hancock,PRECINCT 22,State House,2,MTN,NO CANDIDATE FILED,0
Hancock,PRECINCT 23,State House,2,MTN,NO CANDIDATE FILED,0
Hancock,PRECINCT 24,State House,2,MTN,NO CANDIDATE FILED,0
Hancock,PRECINCT 1,Supreme Court of Appeals,,,HALEY BUNN,134
Hancock,PRECINCT 2,Supreme Court of Appeals,,,HALEY BUNN,124
Hancock,PRECINCT 3,Supreme Court of Appeals,,,HALEY BUNN,166
Hancock,PRECINCT 5,Supreme Court of Appeals,,,HALEY BUNN,105
Hancock,PRECINCT 6,Supreme Court of Appeals,,,HALEY BUNN,233
Hancock,PRECINCT 7,Supreme Court of Appeals,,,HALEY BUNN,99
Hancock,PRECINCT 8,Supreme Court of Appeals,,,HALEY BUNN,220
Hancock,PRECINCT 9,Supreme Court of Appeals,,,HALEY BUNN,181
Hancock,PRECINCT 10,Supreme Court of Appeals,,,HALEY BUNN,115
Hancock,PRECINCT 11,Supreme Court of Appeals,,,HALEY BUNN,138
Hancock,PRECINCT 12,Supreme Court of Appeals,,,HALEY BUNN,238
Hancock,PRECINCT 13,Supreme Court of Appeals,,,HALEY BUNN,163
Hancock,PRECINCT 14,Supreme Court of Appeals,,,HALEY BUNN,111
Hancock,PRECINCT 16,Supreme Court of Appeals,,,HALEY BUNN,71
Hancock,PRECINCT 17,Supreme Court of Appeals,,,HALEY BUNN,222
Hancock,PRECINCT 19,Supreme Court of Appeals,,,HALEY BUNN,139
Hancock,PRECINCT 20,Supreme Court of Appeals,,,HALEY BUNN,216
Hancock,PRECINCT 21,Supreme Court of Appeals,,,HALEY BUNN,149
Hancock,PRECINCT 22,Supreme Court of Appeals,,,HALEY BUNN,130
Hancock,PRECINCT 23,Supreme Court of Appeals,,,HALEY BUNN,85
Hancock,PRECINCT 24,Supreme Court of Appeals,,,HALEY BUNN,178
Hancock,PRECINCT 25,Supreme Court of Appeals,,,HALEY BUNN,230
Hancock,PRECINCT 27,Supreme Court of Appeals,,,HALEY BUNN,196
Hancock,PRECINCT 28,Supreme Court of Appeals,,,HALEY BUNN,177
Hancock,PRECINCT 1,Supreme Court of Appeals,,,CHARLES S TRUMP IV,126
Hancock,PRECINCT 2,Supreme Court of Appeals,,,CHARLES S TRUMP IV,112
Hancock,PRECINCT 3,Supreme Court of Appeals,,,CHARLES S TRUMP IV,158
Hancock,PRECINCT 5,Supreme Court of Appeals,,,CHARLES S TRUMP IV,95
Hancock,PRECINCT 6,Supreme Court of Appeals,,,CHARLES S TRUMP IV,229
Hancock,PRECINCT 7,Supreme Court of Appeals,,,CHARLES S TRUMP IV,88
Hancock,PRECINCT 8,Supreme Court of Appeals,,,CHARLES S TRUMP IV,213
Hancock,PRECINCT 9,Supreme Court of Appeals,,,CHARLES S TRUMP IV,181
Hancock,PRECINCT 10,Supreme Court of Appeals,,,CHARLES S TRUMP IV,104
Hancock,PRECINCT 11,Supreme Court of Appeals,,,CHARLES S TRUMP IV,139
Hancock,PRECINCT 12,Supreme Court of Appeals,,,CHARLES S TRUMP IV,233
Hancock,PRECINCT 13,Supreme Court of Appeals,,,CHARLES S TRUMP IV,154
Hancock,PRECINCT 14,Supreme Court of Appeals,,,CHARLES S TRUMP IV,102
Hancock,PRECINCT 16,Supreme Court of Appeals,,,CHARLES S TRUMP IV,62
Hancock,PRECINCT 17,Supreme Court of Appeals,,,CHARLES S TRUMP IV,205
Hancock,PRECINCT 19,Supreme Court of Appeals,,,CHARLES S TRUMP IV,125
Hancock,PRECINCT 20,Supreme Court of Appeals,,,CHARLES S TRUMP IV,193
Hancock,PRECINCT 21,Supreme Court of Appeals,,,CHARLES S TRUMP IV,138
Hancock,PRECINCT 22,Supreme Court of Appeals,,,CHARLES S TRUMP IV,116
Hancock,PRECINCT 23,Supreme Court of Appeals,,,CHARLES S TRUMP IV,81
Hancock,PRECINCT 24,Supreme Court of Appeals,,,CHARLES S TRUMP IV,165
Hancock,PRECINCT 25,Supreme Court of Appeals,,,CHARLES S TRUMP IV,206
Hancock,PRECINCT 27,Supreme Court of Appeals,,,CHARLES S TRUMP IV,182
Hancock,PRECINCT 28,Supreme Court of Appeals,,,CHARLES S TRUMP IV,163
Hancock,PRECINCT 1,Supreme Court of Appeals,,,S. RYAN WHITE,84
Hancock,PRECINCT 2,Supreme Court of Appeals,,,S. RYAN WHITE,55
Hancock,PRECINCT 3,Supreme Court of Appeals,,,S. RYAN WHITE,107
Hancock,PRECINCT 5,Supreme Court of Appeals,,,S. RYAN WHITE,56
Hancock,PRECINCT 6,Supreme Court of Appeals,,,S. RYAN WHITE,145
Hancock,PRECINCT 7,Supreme Court of Appeals,,,S. RYAN WHITE,48
Hancock,PRECINCT 8,Supreme Court of Appeals,,,S. RYAN WHITE,137
Hancock,PRECINCT 9,Supreme Court of Appeals,,,S. RYAN WHITE,108
Hancock,PRECINCT 10,Supreme Court of Appeals,,,S. RYAN WHITE,67
Hancock,PRECINCT 11,Supreme Court of Appeals,,,S. RYAN WHITE,105
Hancock,PRECINCT 12,Supreme Court of Appeals,,,S. RYAN WHITE,146
Hancock,PRECINCT 13,Supreme Court of Appeals,,,S. RYAN WHITE,89
Hancock,PRECINCT 14,Supreme Court of Appeals,,,S. RYAN WHITE,60
Hancock,PRECINCT 16,Supreme Court of Appeals,,,S. RYAN WHITE,35
Hancock,PRECINCT 17,Supreme Court of Appeals,,,S. RYAN WHITE,110
Hancock,PRECINCT 19,Supreme Court of Appeals,,,S. RYAN WHITE,56
Hancock,PRECINCT 20,Supreme Court of Appeals,,,S. RYAN WHITE,118
Hancock,PRECINCT 21,Supreme Court of Appeals,,,S. RYAN WHITE,71
Hancock,PRECINCT 22,Supreme Court of Appeals,,,S. RYAN WHITE,77
Hancock,PRECINCT 23,Supreme Court of Appeals,,,S. RYAN WHITE,49
Hancock,PRECINCT 24,Supreme Court of Appeals,,,S. RYAN WHITE,96
Hancock,PRECINCT 25,Supreme Court of Appeals,,,S. RYAN WHITE,133
Hancock,PRECINCT 27,Supreme Court of Appeals,,,S. RYAN WHITE,115
Hancock,PRECINCT 28,Supreme Court of Appeals,,,S. RYAN WHITE,90
Hancock,PRECINCT 1,Supreme Court of Appeals,,,MYCHAL S. SCHULZ,9
Hancock,PRECINCT 2,Supreme Court of Appeals,,,MYCHAL S. SCHULZ,12
Hancock,PRECINCT 3,Supreme Court of Appeals,,,MYCHAL S. SCHULZ,16
Hancock,PRECINCT 5,Supreme Court of Appeals,,,MYCHAL S. SCHULZ,12
Hancock,PRECINCT 6,Supreme Court of Appeals,,,MYCHAL S. SCHULZ,23
Hancock,PRECINCT 7,Supreme Court of Appeals,,,MYCHAL S. SCHULZ,11
Hancock,PRECINCT 8,Supreme Court of Appeals,,,MYCHAL S. SCHULZ,19
Hancock,PRECINCT 9,Supreme Court of Appeals,,,MYCHAL S. SCHULZ,21
Hancock,PRECINCT 10,Supreme Court of Appeals,,,MYCHAL S. SCHULZ,13
Hancock,PRECINCT 11,Supreme Court of Appeals,,,MYCHAL S. SCHULZ,17
Hancock,PRECINCT 12,Supreme Court of Appeals,,,MYCHAL S. SCHULZ,21
Hancock,PRECINCT 13,Supreme Court of Appeals,,,MYCHAL S. SCHULZ,21
Hancock,PRECINCT 14,Supreme Court of Appeals,,,MYCHAL S. SCHULZ,10
Hancock,PRECINCT 16,Supreme Court of Appeals,,,MYCHAL S. SCHULZ,12
Hancock,PRECINCT 17,Supreme Court of Appeals,,,MYCHAL S. SCHULZ,29
Hancock,PRECINCT 19,Supreme Court of Appeals,,,MYCHAL S. SCHULZ,19
Hancock,PRECINCT 20,Supreme Court of Appeals,,,MYCHAL S. SCHULZ,16
Hancock,PRECINCT 21,Supreme Court of Appeals,,,MYCHAL S. SCHULZ,16
Hancock,PRECINCT 22,Supreme Court of Appeals,,,MYCHAL S. SCHULZ,10
Hancock,PRECINCT 23,Supreme Court of Appeals,,,MYCHAL S. SCHULZ,9
Hancock,PRECINCT 24,Supreme Court of Appeals,,,MYCHAL S. SCHULZ,16
Hancock,PRECINCT 25,Supreme Court of Appeals,,,MYCHAL S. SCHULZ,27
Hancock,PRECINCT 27,Supreme Court of Appeals,,,MYCHAL S. SCHULZ,15
Hancock,PRECINCT 28,Supreme Court of Appeals,,,MYCHAL S. SCHULZ,18
Hancock,PRECINCT 1,Supreme Court of Appeals,,,ELGINE HECETA McARDLE,64
Hancock,PRECINCT 2,Supreme Court of Appeals,,,ELGINE HECETA McARDLE,68
Hancock,PRECINCT 3,Supreme Court of Appeals,,,ELGINE HECETA McARDLE,64
Hancock,PRECINCT 5,Supreme Court of Appeals,,,ELGINE HECETA McARDLE,44
Hancock,PRECINCT 6,Supreme Court of Appeals,,,ELGINE HECETA McARDLE,96
Hancock,PRECINCT 7,Supreme Court of Appeals,,,ELGINE HECETA McARDLE,45
Hancock,PRECINCT 8,Supreme Court of Appeals,,,ELGINE HECETA McARDLE,107
Hancock,PRECINCT 9,Supreme Court of Appeals,,,ELGINE HECETA McARDLE,92
Hancock,PRECINCT 10,Supreme Court of Appeals,,,ELGINE HECETA McARDLE,59
Hancock,PRECINCT 11,Supreme Court of Appeals,,,ELGINE HECETA McARDLE,55
Hancock,PRECINCT 12,Supreme Court of Appeals,,,ELGINE HECETA McARDLE,106
Hancock,PRECINCT 13,Supreme Court of Appeals,,,ELGINE HECETA McARDLE,68
Hancock,PRECINCT 14,Supreme Court of Appeals,,,ELGINE HECETA McARDLE,65
Hancock,PRECINCT 16,Supreme Court of Appeals,,,ELGINE HECETA McARDLE,38
Hancock,PRECINCT 17,Supreme Court of Appeals,,,ELGINE HECETA McARDLE,119
Hancock,PRECINCT 19,Supreme Court of Appeals,,,ELGINE HECETA McARDLE,81
Hancock,PRECINCT 20,Supreme Court of Appeals,,,ELGINE HECETA McARDLE,128
Hancock,PRECINCT 21,Supreme Court of Appeals,,,ELGINE HECETA McARDLE,90
Hancock,PRECINCT 22,Supreme Court of Appeals,,,ELGINE HECETA McARDLE,63
Hancock,PRECINCT 23,Supreme Court of Appeals,,,ELGINE HECETA McARDLE,46
Hancock,PRECINCT 24,Supreme Court of Appeals,,,ELGINE HECETA McARDLE,88
Hancock,PRECINCT 25,Supreme Court of Appeals,,,ELGINE HECETA McARDLE,129
Hancock,PRECINCT 27,Supreme Court of Appeals,,,ELGINE HECETA McARDLE,95
Hancock,PRECINCT 28,Supreme Court of Appeals,,,ELGINE HECETA McARDLE,94
Hancock,PRECINCT 1,Supreme Court of Appeals,,,JOSEPH BARKI,60
Hancock,PRECINCT 2,Supreme Court of Appeals,,,JOSEPH BARKI,41
Hancock,PRECINCT 3,Supreme Court of Appeals,,,JOSEPH BARKI,49
Hancock,PRECINCT 5,Supreme Court of Appeals,,,JOSEPH BARKI,31
Hancock,PRECINCT 6,Supreme Court of Appeals,,,JOSEPH BARKI,89
Hancock,PRECINCT 7,Supreme Court of Appeals,,,JOSEPH BARKI,35
Hancock,PRECINCT 8,Supreme Court of Appeals,,,JOSEPH BARKI,86
Hancock,PRECINCT 9,Supreme Court of Appeals,,,JOSEPH BARKI,86
Hancock,PRECINCT 10,Supreme Court of Appeals,,,JOSEPH BARKI,57
Hancock,PRECINCT 11,Supreme Court of Appeals,,,JOSEPH BARKI,62
Hancock,PRECINCT 12,Supreme Court of Appeals,,,JOSEPH BARKI,91
Hancock,PRECINCT 13,Supreme Court of Appeals,,,JOSEPH BARKI,48
Hancock,PRECINCT 14,Supreme Court of Appeals,,,JOSEPH BARKI,38
Hancock,PRECINCT 16,Supreme Court of Appeals,,,JOSEPH BARKI,21
Hancock,PRECINCT 17,Supreme Court of Appeals,,,JOSEPH BARKI,80
Hancock,PRECINCT 19,Supreme Court of Appeals,,,JOSEPH BARKI,39
Hancock,PRECINCT 20,Supreme Court of Appeals,,,JOSEPH BARKI,80
Hancock,PRECINCT 21,Supreme Court of Appeals,,,JOSEPH BARKI,62
Hancock,PRECINCT 22,Supreme Court of Appeals,,,JOSEPH BARKI,41
Hancock,PRECINCT 23,Supreme Court of Appeals,,,JOSEPH BARKI,31
Hancock,PRECINCT 24,Supreme Court of Appeals,,,JOSEPH BARKI,60
Hancock,PRECINCT 25,Supreme Court of Appeals,,,JOSEPH BARKI,97
Hancock,PRECINCT 27,Supreme Court of Appeals,,,JOSEPH BARKI,84
Hancock,PRECINCT 28,Supreme Court of Appeals,,,JOSEPH BARKI,62
Hancock,PRECINCT 1,Supreme Court of Appeals,,,RON WILSON,122
Hancock,PRECINCT 2,Supreme Court of Appeals,,,RON WILSON,105
Hancock,PRECINCT 3,Supreme Court of Appeals,,,RON WILSON,155
Hancock,PRECINCT 5,Supreme Court of Appeals,,,RON WILSON,91
Hancock,PRECINCT 6,Supreme Court of Appeals,,,RON WILSON,206
Hancock,PRECINCT 7,Supreme Court of Appeals,,,RON WILSON,75
Hancock,PRECINCT 8,Supreme Court of Appeals,,,RON WILSON,204
Hancock,PRECINCT 9,Supreme Court of Appeals,,,RON WILSON,160
Hancock,PRECINCT 10,Supreme Court of Appeals,,,RON WILSON,114
Hancock,PRECINCT 11,Supreme Court of Appeals,,,RON WILSON,134
Hancock,PRECINCT 12,Supreme Court of Appeals,,,RON WILSON,221
Hancock,PRECINCT 13,Supreme Court of Appeals,,,RON WILSON,148
Hancock,PRECINCT 14,Supreme Court of Appeals,,,RON WILSON,99
Hancock,PRECINCT 16,Supreme Court of Appeals,,,RON WILSON,70
Hancock,PRECINCT 17,Supreme Court of Appeals,,,RON WILSON,205
Hancock,PRECINCT 19,Supreme Court of Appeals,,,RON WILSON,138
Hancock,PRECINCT 20,Supreme Court of Appeals,,,RON WILSON,221
Hancock,PRECINCT 21,Supreme Court of Appeals,,,RON WILSON,144
Hancock,PRECINCT 22,Supreme Court of Appeals,,,RON WILSON,124
Hancock,PRECINCT 23,Supreme Court of Appeals,,,RON WILSON,94
Hancock,PRECINCT 24,Supreme Court of Appeals,,,RON WILSON,165
Hancock,PRECINCT 25,Supreme Court of Appeals,,,RON WILSON,247
Hancock,PRECINCT 27,Supreme Court of Appeals,,,RON WILSON,176
Hancock,PRECINCT 28,Supreme Court of Appeals,,,RON WILSON,161
Hancock,PRECINCT 1,Supreme Court of Appeals,,,DEAN ELLIOTT WILLIAMS,7
Hancock,PRECINCT 2,Supreme Court of Appeals,,,DEAN ELLIOTT WILLIAMS,3
Hancock,PRECINCT 3,Supreme Court of Appeals,,,DEAN ELLIOTT WILLIAMS,7
Hancock,PRECINCT 5,Supreme Court of Appeals,,,DEAN ELLIOTT WILLIAMS,4
Hancock,PRECINCT 6,Supreme Court of Appeals,,,DEAN ELLIOTT WILLIAMS,10
Hancock,PRECINCT 7,Supreme Court of Appeals,,,DEAN ELLIOTT WILLIAMS,7
Hancock,PRECINCT 8,Supreme Court of Appeals,,,DEAN ELLIOTT WILLIAMS,14
Hancock,PRECINCT 9,Supreme Court of Appeals,,,DEAN ELLIOTT WILLIAMS,5
Hancock,PRECINCT 10,Supreme Court of Appeals,,,DEAN ELLIOTT WILLIAMS,4
Hancock,PRECINCT 11,Supreme Court of Appeals,,,DEAN ELLIOTT WILLIAMS,12
Hancock,PRECINCT 12,Supreme Court of Appeals,,,DEAN ELLIOTT WILLIAMS,8
Hancock,PRECINCT 13,Supreme Court of Appeals,,,DEAN ELLIOTT WILLIAMS,3
Hancock,PRECINCT 14,Supreme Court of Appeals,,,DEAN ELLIOTT WILLIAMS,10
Hancock,PRECINCT 16,Supreme Court of Appeals,,,DEAN ELLIOTT WILLIAMS,6
Hancock,PRECINCT 17,Supreme Court of Appeals,,,DEAN ELLIOTT WILLIAMS,8
Hancock,PRECINCT 19,Supreme Court of Appeals,,,DEAN ELLIOTT WILLIAMS,6
Hancock,PRECINCT 20,Supreme Court of Appeals,,,DEAN ELLIOTT WILLIAMS,6
Hancock,PRECINCT 21,Supreme Court of Appeals,,,DEAN ELLIOTT WILLIAMS,7
Hancock,PRECINCT 22,Supreme Court of Appeals,,,DEAN ELLIOTT WILLIAMS,3
Hancock,PRECINCT 23,Supreme Court of Appeals,,,DEAN ELLIOTT WILLIAMS,3
Hancock,PRECINCT 24,Supreme Court of Appeals,,,DEAN ELLIOTT WILLIAMS,4
Hancock,PRECINCT 25,Supreme Court of Appeals,,,DEAN ELLIOTT WILLIAMS,7
Hancock,PRECINCT 27,Supreme Court of Appeals,,,DEAN ELLIOTT WILLIAMS,7
Hancock,PRECINCT 28,Supreme Court of Appeals,,,DEAN ELLIOTT WILLIAMS,8
Hancock,PRECINCT 1,Supreme Court of Appeals,,,DAVID J. SIMS,142
Hancock,PRECINCT 2,Supreme Court of Appeals,,,DAVID J. SIMS,120
Hancock,PRECINCT 3,Supreme Court of Appeals,,,DAVID J. SIMS,168
Hancock,PRECINCT 5,Supreme Court of Appeals,,,DAVID J. SIMS,109
Hancock,PRECINCT 6,Supreme Court of Appeals,,,DAVID J. SIMS,248
Hancock,PRECINCT 7,Supreme Court of Appeals,,,DAVID J. SIMS,101
Hancock,PRECINCT 8,Supreme Court of Appeals,,,DAVID J. SIMS,234
Hancock,PRECINCT 9,Supreme Court of Appeals,,,DAVID J. SIMS,185
Hancock,PRECINCT 10,Supreme Court of Appeals,,,DAVID J. SIMS,114
Hancock,PRECINCT 11,Supreme Court of Appeals,,,DAVID J. SIMS,150
Hancock,PRECINCT 12,Supreme Court of Appeals,,,DAVID J. SIMS,245
Hancock,PRECINCT 13,Supreme Court of Appeals,,,DAVID J. SIMS,161
Hancock,PRECINCT 14,Supreme Court of Appeals,,,DAVID J. SIMS,120
Hancock,PRECINCT 16,Supreme Court of Appeals,,,DAVID J. SIMS,75
Hancock,PRECINCT 17,Supreme Court of Appeals,,,DAVID J. SIMS,229
Hancock,PRECINCT 19,Supreme Court of Appeals,,,DAVID J. SIMS,143
Hancock,PRECINCT 20,Supreme Court of Appeals,,,DAVID J. SIMS,230
Hancock,PRECINCT 21,Supreme Court of Appeals,,,DAVID J. SIMS,162
Hancock,PRECINCT 22,Supreme Court of Appeals,,,DAVID J. SIMS,130
Hancock,PRECINCT 23,Supreme Court of Appeals,,,DAVID J. SIMS,90
Hancock,PRECINCT 24,Supreme Court of Appeals,,,DAVID J. SIMS,179
Hancock,PRECINCT 25,Supreme Court of Appeals,,,DAVID J. SIMS,236
Hancock,PRECINCT 27,Supreme Court of Appeals,,,DAVID J. SIMS,205
Hancock,PRECINCT 28,Supreme Court of Appeals,,,DAVID J. SIMS,181
Hancock,PRECINCT 1,Supreme Court of Appeals,,,JASON A. CUOMO,147
Hancock,PRECINCT 2,Supreme Court of Appeals,,,JASON A. CUOMO,123
Hancock,PRECINCT 3,Supreme Court of Appeals,,,JASON A. CUOMO,177
Hancock,PRECINCT 5,Supreme Court of Appeals,,,JASON A. CUOMO,102
Hancock,PRECINCT 6,Supreme Court of Appeals,,,JASON A. CUOMO,252
Hancock,PRECINCT 7,Supreme Court of Appeals,,,JASON A. CUOMO,97
Hancock,PRECINCT 8,Supreme Court of Appeals,,,JASON A. CUOMO,246
Hancock,PRECINCT 9,Supreme Court of Appeals,,,JASON A. CUOMO,196
Hancock,PRECINCT 10,Supreme Court of Appeals,,,JASON A. CUOMO,129
Hancock,PRECINCT 11,Supreme Court of Appeals,,,JASON A. CUOMO,162
Hancock,PRECINCT 12,Supreme Court of Appeals,,,JASON A. CUOMO,270
Hancock,PRECINCT 13,Supreme Court of Appeals,,,JASON A. CUOMO,178
Hancock,PRECINCT 14,Supreme Court of Appeals,,,JASON A. CUOMO,124
Hancock,PRECINCT 16,Supreme Court of Appeals,,,JASON A. CUOMO,81
Hancock,PRECINCT 17,Supreme Court of Appeals,,,JASON A. CUOMO,252
Hancock,PRECINCT 19,Supreme Court of Appeals,,,JASON A. CUOMO,152
Hancock,PRECINCT 20,Supreme Court of Appeals,,,JASON A. CUOMO,256
Hancock,PRECINCT 21,Supreme Court of Appeals,,,JASON A. CUOMO,180
Hancock,PRECINCT 22,Supreme Court of Appeals,,,JASON A. CUOMO,139
Hancock,PRECINCT 23,Supreme Court of Appeals,,,JASON A. CUOMO,105
Hancock,PRECINCT 24,Supreme Court of Appeals,,,JASON A. CUOMO,205
Hancock,PRECINCT 25,Supreme Court of Appeals,,,JASON A. CUOMO,274
Hancock,PRECINCT 27,Supreme Court of Appeals,,,JASON A. CUOMO,226
Hancock,PRECINCT 28,Supreme Court of Appeals,,,JASON A. CUOMO,202
Hancock,PRECINCT 1,Supreme Court of Appeals,,,MICHAEL J. OLEJASZ,134
Hancock,PRECINCT 2,Supreme Court of Appeals,,,MICHAEL J. OLEJASZ,120
Hancock,PRECINCT 3,Supreme Court of Appeals,,,MICHAEL J. OLEJASZ,164
Hancock,PRECINCT 5,Supreme Court of Appeals,,,MICHAEL J. OLEJASZ,101
Hancock,PRECINCT 6,Supreme Court of Appeals,,,MICHAEL J. OLEJASZ,243
Hancock,PRECINCT 7,Supreme Court of Appeals,,,MICHAEL J. OLEJASZ,96
Hancock,PRECINCT 8,Supreme Court of Appeals,,,MICHAEL J. OLEJASZ,229
Hancock,PRECINCT 9,Supreme Court of Appeals,,,MICHAEL J. OLEJASZ,185
Hancock,PRECINCT 10,Supreme Court of Appeals,,,MICHAEL J. OLEJASZ,108
Hancock,PRECINCT 11,Supreme Court of Appeals,,,MICHAEL J. OLEJASZ,144
Hancock,PRECINCT 12,Supreme Court of Appeals,,,MICHAEL J. OLEJASZ,244
Hancock,PRECINCT 13,Supreme Court of Appeals,,,MICHAEL J. OLEJASZ,155
Hancock,PRECINCT 14,Supreme Court of Appeals,,,MICHAEL J. OLEJASZ,116
Hancock,PRECINCT 16,Supreme Court of Appeals,,,MICHAEL J. OLEJASZ,78
Hancock,PRECINCT 17,Supreme Court of Appeals,,,MICHAEL J. OLEJASZ,225
Hancock,PRECINCT 19,Supreme Court of Appeals,,,MICHAEL J. OLEJASZ,141
Hancock,PRECINCT 20,Supreme Court of Appeals,,,MICHAEL J. OLEJASZ,228
Hancock,PRECINCT 21,Supreme Court of Appeals,,,MICHAEL J. OLEJASZ,158
Hancock,PRECINCT 22,Supreme Court of Appeals,,,MICHAEL J. OLEJASZ,129
Hancock,PRECINCT 23,Supreme Court of Appeals,,,MICHAEL J. OLEJASZ,91
Hancock,PRECINCT 24,Supreme Court of Appeals,,,MICHAEL J. OLEJASZ,179
Hancock,PRECINCT 25,Supreme Court of Appeals,,,MICHAEL J. OLEJASZ,240
Hancock,PRECINCT 27,Supreme Court of Appeals,,,MICHAEL J. OLEJASZ,207
Hancock,PRECINCT 28,Supreme Court of Appeals,,,MICHAEL J. OLEJASZ,178
Hancock,PRECINCT 1,Supreme Court of Appeals,,,JOYCE DUMBAUGH CHERNENKO,144
Hancock,PRECINCT 2,Supreme Court of Appeals,,,JOYCE DUMBAUGH CHERNENKO,124
Hancock,PRECINCT 3,Supreme Court of Appeals,,,JOYCE DUMBAUGH CHERNENKO,176
Hancock,PRECINCT 5,Supreme Court of Appeals,,,JOYCE DUMBAUGH CHERNENKO,105
Hancock,PRECINCT 6,Supreme Court of Appeals,,,JOYCE DUMBAUGH CHERNENKO,250
Hancock,PRECINCT 7,Supreme Court of Appeals,,,JOYCE DUMBAUGH CHERNENKO,102
Hancock,PRECINCT 8,Supreme Court of Appeals,,,JOYCE DUMBAUGH CHERNENKO,238
Hancock,PRECINCT 9,Supreme Court of Appeals,,,JOYCE DUMBAUGH CHERNENKO,193
Hancock,PRECINCT 10,Supreme Court of Appeals,,,JOYCE DUMBAUGH CHERNENKO,130
Hancock,PRECINCT 11,Supreme Court of Appeals,,,JOYCE DUMBAUGH CHERNENKO,147
Hancock,PRECINCT 12,Supreme Court of Appeals,,,JOYCE DUMBAUGH CHERNENKO,253
Hancock,PRECINCT 13,Supreme Court of Appeals,,,JOYCE DUMBAUGH CHERNENKO,166
Hancock,PRECINCT 14,Supreme Court of Appeals,,,JOYCE DUMBAUGH CHERNENKO,121
Hancock,PRECINCT 16,Supreme Court of Appeals,,,JOYCE DUMBAUGH CHERNENKO,76
Hancock,PRECINCT 17,Supreme Court of Appeals,,,JOYCE DUMBAUGH CHERNENKO,241
Hancock,PRECINCT 19,Supreme Court of Appeals,,,JOYCE DUMBAUGH CHERNENKO,150
Hancock,PRECINCT 20,Supreme Court of Appeals,,,JOYCE DUMBAUGH CHERNENKO,240
Hancock,PRECINCT 21,Supreme Court of Appeals,,,JOYCE DUMBAUGH CHERNENKO,167
Hancock,PRECINCT 22,Supreme Court of Appeals,,,JOYCE DUMBAUGH CHERNENKO,136
Hancock,PRECINCT 23,Supreme Court of Appeals,,,JOYCE DUMBAUGH CHERNENKO,101
Hancock,PRECINCT 24,Supreme Court of Appeals,,,JOYCE DUMBAUGH CHERNENKO,189
Hancock,PRECINCT 25,Supreme Court of Appeals,,,JOYCE DUMBAUGH CHERNENKO,267
Hancock,PRECINCT 27,Supreme Court of Appeals,,,JOYCE DUMBAUGH CHERNENKO,210
Hancock,PRECINCT 28,Supreme Court of Appeals,,,JOYCE DUMBAUGH CHERNENKO,180
Hancock,PRECINCT 1,Supreme Court of Appeals,,,HEATHER A. WOOD,139
Hancock,PRECINCT 2,Supreme Court of Appeals,,,HEATHER A. WOOD,129
Hancock,PRECINCT 3,Supreme Court of Appeals,,,HEATHER A. WOOD,182
Hancock,PRECINCT 5,Supreme Court of Appeals,,,HEATHER A. WOOD,104
Hancock,PRECINCT 6,Supreme Court of Appeals,,,HEATHER A. WOOD,250
Hancock,PRECINCT 7,Supreme Court of Appeals,,,HEATHER A. WOOD,102
Hancock,PRECINCT 8,Supreme Court of Appeals,,,HEATHER A. WOOD,245
Hancock,PRECINCT 9,Supreme Court of Appeals,,,HEATHER A. WOOD,202
Hancock,PRECINCT 10,Supreme Court of Appeals,,,HEATHER A. WOOD,129
Hancock,PRECINCT 11,Supreme Court of Appeals,,,HEATHER A. WOOD,161
Hancock,PRECINCT 12,Supreme Court of Appeals,,,HEATHER A. WOOD,270
Hancock,PRECINCT 13,Supreme Court of Appeals,,,HEATHER A. WOOD,175
Hancock,PRECINCT 14,Supreme Court of Appeals,,,HEATHER A. WOOD,124
Hancock,PRECINCT 16,Supreme Court of Appeals,,,HEATHER A. WOOD,82
Hancock,PRECINCT 17,Supreme Court of Appeals,,,HEATHER A. WOOD,238
Hancock,PRECINCT 19,Supreme Court of Appeals,,,HEATHER A. WOOD,160
Hancock,PRECINCT 20,Supreme Court of Appeals,,,HEATHER A. WOOD,243
Hancock,PRECINCT 21,Supreme Court of Appeals,,,HEATHER A. WOOD,180
Hancock,PRECINCT 22,Supreme Court of Appeals,,,HEATHER A. WOOD,136
Hancock,PRECINCT 23,Supreme Court of Appeals,,,HEATHER A. WOOD,100
Hancock,PRECINCT 24,Supreme Court of Appeals,,,HEATHER A. WOOD,195
Hancock,PRECINCT 25,Supreme Court of Appeals,,,HEATHER A. WOOD,273
Hancock,PRECINCT 27,Supreme Court of Appeals,,,HEATHER A. WOOD,224
Hancock,PRECINCT 28,Supreme Court of Appeals,,,HEATHER A. WOOD,199
Hancock,PRECINCT 1,MAGISTRATE,,,OMEKA PETTEWAY,133
Hancock,PRECINCT 2,MAGISTRATE,,,OMEKA PETTEWAY,127
Hancock,PRECINCT 3,MAGISTRATE,,,OMEKA PETTEWAY,172
Hancock,PRECINCT 5,MAGISTRATE,,,OMEKA PETTEWAY,104
Hancock,PRECINCT 6,MAGISTRATE,,,OMEKA PETTEWAY,256
Hancock,PRECINCT 7,MAGISTRATE,,,OMEKA PETTEWAY,97
Hancock,PRECINCT 8,MAGISTRATE,,,OMEKA PETTEWAY,244
Hancock,PRECINCT 9,MAGISTRATE,,,OMEKA PETTEWAY,197
Hancock,PRECINCT 10,MAGISTRATE,,,OMEKA PETTEWAY,132
Hancock,PRECINCT 11,MAGISTRATE,,,OMEKA PETTEWAY,152
Hancock,PRECINCT 12,MAGISTRATE,,,OMEKA PETTEWAY,265
Hancock,PRECINCT 13,MAGISTRATE,,,OMEKA PETTEWAY,168
Hancock,PRECINCT 14,MAGISTRATE,,,OMEKA PETTEWAY,128
Hancock,PRECINCT 16,MAGISTRATE,,,OMEKA PETTEWAY,92
Hancock,PRECINCT 17,MAGISTRATE,,,OMEKA PETTEWAY,231
Hancock,PRECINCT 19,MAGISTRATE,,,OMEKA PETTEWAY,155
Hancock,PRECINCT 20,MAGISTRATE,,,OMEKA PETTEWAY,239
Hancock,PRECINCT 21,MAGISTRATE,,,OMEKA PETTEWAY,176
Hancock,PRECINCT 22,MAGISTRATE,,,OMEKA PETTEWAY,133
Hancock,PRECINCT 23,MAGISTRATE,,,OMEKA PETTEWAY,94
Hancock,PRECINCT 24,MAGISTRATE,,,OMEKA PETTEWAY,189
Hancock,PRECINCT 25,MAGISTRATE,,,OMEKA PETTEWAY,262
Hancock,PRECINCT 27,MAGISTRATE,,,OMEKA PETTEWAY,222
Hancock,PRECINCT 28,MAGISTRATE,,,OMEKA PETTEWAY,193
Hancock,PRECINCT 1,MAGISTRATE,,,JON PHILLIPS,137
Hancock,PRECINCT 2,MAGISTRATE,,,JON PHILLIPS,118
Hancock,PRECINCT 3,MAGISTRATE,,,JON PHILLIPS,172
Hancock,PRECINCT 5,MAGISTRATE,,,JON PHILLIPS,102
Hancock,PRECINCT 6,MAGISTRATE,,,JON PHILLIPS,248
Hancock,PRECINCT 7,MAGISTRATE,,,JON PHILLIPS,95
Hancock,PRECINCT 8,MAGISTRATE,,,JON PHILLIPS,237
Hancock,PRECINCT 9,MAGISTRATE,,,JON PHILLIPS,190
Hancock,PRECINCT 10,MAGISTRATE,,,JON PHILLIPS,115
Hancock,PRECINCT 11,MAGISTRATE,,,JON PHILLIPS,149
Hancock,PRECINCT 12,MAGISTRATE,,,JON PHILLIPS,261
Hancock,PRECINCT 13,MAGISTRATE,,,JON PHILLIPS,168
Hancock,PRECINCT 14,MAGISTRATE,,,JON PHILLIPS,120
Hancock,PRECINCT 16,MAGISTRATE,,,JON PHILLIPS,78
Hancock,PRECINCT 17,MAGISTRATE,,,JON PHILLIPS,233
Hancock,PRECINCT 19,MAGISTRATE,,,JON PHILLIPS,143
Hancock,PRECINCT 20,MAGISTRATE,,,JON PHILLIPS,238
Hancock,PRECINCT 21,MAGISTRATE,,,JON PHILLIPS,163
Hancock,PRECINCT 22,MAGISTRATE,,,JON PHILLIPS,134
Hancock,PRECINCT 23,MAGISTRATE,,,JON PHILLIPS,94
Hancock,PRECINCT 24,MAGISTRATE,,,JON PHILLIPS,189
Hancock,PRECINCT 25,MAGISTRATE,,,JON PHILLIPS,267
Hancock,PRECINCT 27,MAGISTRATE,,,JON PHILLIPS,216
Hancock,PRECINCT 28,MAGISTRATE,,,JON PHILLIPS,185
Hancock,PRECINCT 1,MAGISTRATE,,,STEPHEN SVOKAS,92
Hancock,PRECINCT 2,MAGISTRATE,,,STEPHEN SVOKAS,59
Hancock,PRECINCT 3,MAGISTRATE,,,STEPHEN SVOKAS,91
Hancock,PRECINCT 5,MAGISTRATE,,,STEPHEN SVOKAS,63
Hancock,PRECINCT 6,MAGISTRATE,,,STEPHEN SVOKAS,165
Hancock,PRECINCT 7,MAGISTRATE,,,STEPHEN SVOKAS,51
Hancock,PRECINCT 8,MAGISTRATE,,,STEPHEN SVOKAS,146
Hancock,PRECINCT 9,MAGISTRATE,,,STEPHEN SVOKAS,115
Hancock,PRECINCT 10,MAGISTRATE,,,STEPHEN SVOKAS,76
Hancock,PRECINCT 11,MAGISTRATE,,,STEPHEN SVOKAS,115
Hancock,PRECINCT 12,MAGISTRATE,,,STEPHEN SVOKAS,209
Hancock,PRECINCT 13,MAGISTRATE,,,STEPHEN SVOKAS,147
Hancock,PRECINCT 14,MAGISTRATE,,,STEPHEN SVOKAS,92
Hancock,PRECINCT 16,MAGISTRATE,,,STEPHEN SVOKAS,57
Hancock,PRECINCT 17,MAGISTRATE,,,STEPHEN SVOKAS,166
Hancock,PRECINCT 19,MAGISTRATE,,,STEPHEN SVOKAS,115
Hancock,PRECINCT 20,MAGISTRATE,,,STEPHEN SVOKAS,230
Hancock,PRECINCT 21,MAGISTRATE,,,STEPHEN SVOKAS,154
Hancock,PRECINCT 22,MAGISTRATE,,,STEPHEN SVOKAS,122
Hancock,PRECINCT 23,MAGISTRATE,,,STEPHEN SVOKAS,93
Hancock,PRECINCT 24,MAGISTRATE,,,STEPHEN SVOKAS,164
Hancock,PRECINCT 25,MAGISTRATE,,,STEPHEN SVOKAS,270
Hancock,PRECINCT 27,MAGISTRATE,,,STEPHEN SVOKAS,191
Hancock,PRECINCT 28,MAGISTRATE,,,STEPHEN SVOKAS,163
Hancock,PRECINCT 1,MAGISTRATE,,,MIRANDA D. KEEDER,86
Hancock,PRECINCT 2,MAGISTRATE,,,MIRANDA D. KEEDER,85
Hancock,PRECINCT 3,MAGISTRATE,,,MIRANDA D. KEEDER,111
Hancock,PRECINCT 5,MAGISTRATE,,,MIRANDA D. KEEDER,51
Hancock,PRECINCT 6,MAGISTRATE,,,MIRANDA D. KEEDER,125
Hancock,PRECINCT 7,MAGISTRATE,,,MIRANDA D. KEEDER,59
Hancock,PRECINCT 8,MAGISTRATE,,,MIRANDA D. KEEDER,143
Hancock,PRECINCT 9,MAGISTRATE,,,MIRANDA D. KEEDER,125
Hancock,PRECINCT 10,MAGISTRATE,,,MIRANDA D. KEEDER,95
Hancock,PRECINCT 11,MAGISTRATE,,,MIRANDA D. KEEDER,92
Hancock,PRECINCT 12,MAGISTRATE,,,MIRANDA D. KEEDER,109
Hancock,PRECINCT 13,MAGISTRATE,,,MIRANDA D. KEEDER,49
Hancock,PRECINCT 14,MAGISTRATE,,,MIRANDA D. KEEDER,50
Hancock,PRECINCT 16,MAGISTRATE,,,MIRANDA D. KEEDER,32
Hancock,PRECINCT 17,MAGISTRATE,,,MIRANDA D. KEEDER,109
Hancock,PRECINCT 19,MAGISTRATE,,,MIRANDA D. KEEDER,62
Hancock,PRECINCT 20,MAGISTRATE,,,MIRANDA D. KEEDER,77
Hancock,PRECINCT 21,MAGISTRATE,,,MIRANDA D. KEEDER,54
Hancock,PRECINCT 22,MAGISTRATE,,,MIRANDA D. KEEDER,47
Hancock,PRECINCT 23,MAGISTRATE,,,MIRANDA D. KEEDER,32
Hancock,PRECINCT 24,MAGISTRATE,,,MIRANDA D. KEEDER,58
Hancock,PRECINCT 25,MAGISTRATE,,,MIRANDA D. KEEDER,79
Hancock,PRECINCT 27,MAGISTRATE,,,MIRANDA D. KEEDER,68
Hancock,PRECINCT 28,MAGISTRATE,,,MIRANDA D. KEEDER,68
Hancock,PRECINCT 1,REP FOR COUNTY COMMISSIONER,,REP,TONY LASCOLA,70
Hancock,PRECINCT 2,REP FOR COUNTY COMMISSIONER,,REP,TONY LASCOLA,55
Hancock,PRECINCT 3,REP FOR COUNTY COMMISSIONER,,REP,TONY LASCOLA,72
Hancock,PRECINCT 5,REP FOR COUNTY COMMISSIONER,,REP,TONY LASCOLA,49
Hancock,PRECINCT 6,REP FOR COUNTY COMMISSIONER,,REP,TONY LASCOLA,120
Hancock,PRECINCT 7,REP FOR COUNTY COMMISSIONER,,REP,TONY LASCOLA,39
Hancock,PRECINCT 8,REP FOR COUNTY COMMISSIONER,,REP,TONY LASCOLA,91
Hancock,PRECINCT 9,REP FOR COUNTY COMMISSIONER,,REP,TONY LASCOLA,63
Hancock,PRECINCT 10,REP FOR COUNTY COMMISSIONER,,REP,TONY LASCOLA,38
Hancock,PRECINCT 11,REP FOR COUNTY COMMISSIONER,,REP,TONY LASCOLA,64
Hancock,PRECINCT 12,REP FOR COUNTY COMMISSIONER,,REP,TONY LASCOLA,76
Hancock,PRECINCT 13,REP FOR COUNTY COMMISSIONER,,REP,TONY LASCOLA,54
Hancock,PRECINCT 14,REP FOR COUNTY COMMISSIONER,,REP,TONY LASCOLA,33
Hancock,PRECINCT 16,REP FOR COUNTY COMMISSIONER,,REP,TONY LASCOLA,20
Hancock,PRECINCT 17,REP FOR COUNTY COMMISSIONER,,REP,TONY LASCOLA,72
Hancock,PRECINCT 19,REP FOR COUNTY COMMISSIONER,,REP,TONY LASCOLA,38
Hancock,PRECINCT 20,REP FOR COUNTY COMMISSIONER,,REP,TONY LASCOLA,82
Hancock,PRECINCT 21,REP FOR COUNTY COMMISSIONER,,REP,TONY LASCOLA,50
Hancock,PRECINCT 22,REP FOR COUNTY COMMISSIONER,,REP,TONY LASCOLA,41
Hancock,PRECINCT 23,REP FOR COUNTY COMMISSIONER,,REP,TONY LASCOLA,25
Hancock,PRECINCT 24,REP FOR COUNTY COMMISSIONER,,REP,TONY LASCOLA,51
Hancock,PRECINCT 25,REP FOR COUNTY COMMISSIONER,,REP,TONY LASCOLA,78
Hancock,PRECINCT 27,REP FOR COUNTY COMMISSIONER,,REP,TONY LASCOLA,80
Hancock,PRECINCT 28,REP FOR COUNTY COMMISSIONER,,REP,TONY LASCOLA,64
Hancock,PRECINCT 1,REP FOR COUNTY COMMISSIONER,,REP,TOMMY OGDEN,55
Hancock,PRECINCT 2,REP FOR COUNTY COMMISSIONER,,REP,TOMMY OGDEN,48
Hancock,PRECINCT 3,REP FOR COUNTY COMMISSIONER,,REP,TOMMY OGDEN,70
Hancock,PRECINCT 5,REP FOR COUNTY COMMISSIONER,,REP,TOMMY OGDEN,32
Hancock,PRECINCT 6,REP FOR COUNTY COMMISSIONER,,REP,TOMMY OGDEN,129
Hancock,PRECINCT 7,REP FOR COUNTY COMMISSIONER,,REP,TOMMY OGDEN,45
Hancock,PRECINCT 8,REP FOR COUNTY COMMISSIONER,,REP,TOMMY OGDEN,130
Hancock,PRECINCT 9,REP FOR COUNTY COMMISSIONER,,REP,TOMMY OGDEN,115
Hancock,PRECINCT 10,REP FOR COUNTY COMMISSIONER,,REP,TOMMY OGDEN,65
Hancock,PRECINCT 11,REP FOR COUNTY COMMISSIONER,,REP,TOMMY OGDEN,89
Hancock,PRECINCT 12,REP FOR COUNTY COMMISSIONER,,REP,TOMMY OGDEN,128
Hancock,PRECINCT 13,REP FOR COUNTY COMMISSIONER,,REP,TOMMY OGDEN,72
Hancock,PRECINCT 14,REP FOR COUNTY COMMISSIONER,,REP,TOMMY OGDEN,45
Hancock,PRECINCT 16,REP FOR COUNTY COMMISSIONER,,REP,TOMMY OGDEN,24
Hancock,PRECINCT 17,REP FOR COUNTY COMMISSIONER,,REP,TOMMY OGDEN,85
Hancock,PRECINCT 19,REP FOR COUNTY COMMISSIONER,,REP,TOMMY OGDEN,57
Hancock,PRECINCT 20,REP FOR COUNTY COMMISSIONER,,REP,TOMMY OGDEN,89
Hancock,PRECINCT 21,REP FOR COUNTY COMMISSIONER,,REP,TOMMY OGDEN,68
Hancock,PRECINCT 22,REP FOR COUNTY COMMISSIONER,,REP,TOMMY OGDEN,50
Hancock,PRECINCT 23,REP FOR COUNTY COMMISSIONER,,REP,TOMMY OGDEN,38
Hancock,PRECINCT 24,REP FOR COUNTY COMMISSIONER,,REP,TOMMY OGDEN,67
Hancock,PRECINCT 25,REP FOR COUNTY COMMISSIONER,,REP,TOMMY OGDEN,105
Hancock,PRECINCT 27,REP FOR COUNTY COMMISSIONER,,REP,TOMMY OGDEN,76
Hancock,PRECINCT 28,REP FOR COUNTY COMMISSIONER,,REP,TOMMY OGDEN,57
Hancock,PRECINCT 1,DEM FOR COUNTY COMMISSIONER,,DEM,NO CANDIDATE FILED,0
Hancock,PRECINCT 2,DEM FOR COUNTY COMMISSIONER,,DEM,NO CANDIDATE FILED,0
Hancock,PRECINCT 3,DEM FOR COUNTY COMMISSIONER,,DEM,NO CANDIDATE FILED,0
Hancock,PRECINCT 5,DEM FOR COUNTY COMMISSIONER,,DEM,NO CANDIDATE FILED,0
Hancock,PRECINCT 6,DEM FOR COUNTY COMMISSIONER,,DEM,NO CANDIDATE FILED,0
Hancock,PRECINCT 7,DEM FOR COUNTY COMMISSIONER,,DEM,NO CANDIDATE FILED,0
Hancock,PRECINCT 8,DEM FOR COUNTY COMMISSIONER,,DEM,NO CANDIDATE FILED,0
Hancock,PRECINCT 9,DEM FOR COUNTY COMMISSIONER,,DEM,NO CANDIDATE FILED,0
Hancock,PRECINCT 10,DEM FOR COUNTY COMMISSIONER,,DEM,NO CANDIDATE FILED,0
Hancock,PRECINCT 11,DEM FOR COUNTY COMMISSIONER,,DEM,NO CANDIDATE FILED,0
Hancock,PRECINCT 12,DEM FOR COUNTY COMMISSIONER,,DEM,NO CANDIDATE FILED,0
Hancock,PRECINCT 13,DEM FOR COUNTY COMMISSIONER,,DEM,NO CANDIDATE FILED,0
Hancock,PRECINCT 14,DEM FOR COUNTY COMMISSIONER,,DEM,NO CANDIDATE FILED,0
Hancock,PRECINCT 16,DEM FOR COUNTY COMMISSIONER,,DEM,NO CANDIDATE FILED,0
Hancock,PRECINCT 17,DEM FOR COUNTY COMMISSIONER,,DEM,NO CANDIDATE FILED,0
Hancock,PRECINCT 19,DEM FOR COUNTY COMMISSIONER,,DEM,NO CANDIDATE FILED,0
Hancock,PRECINCT 20,DEM FOR COUNTY COMMISSIONER,,DEM,NO CANDIDATE FILED,0
Hancock,PRECINCT 21,DEM FOR COUNTY COMMISSIONER,,DEM,NO CANDIDATE FILED,0
Hancock,PRECINCT 22,DEM FOR COUNTY COMMISSIONER,,DEM,NO CANDIDATE FILED,0
Hancock,PRECINCT 23,DEM FOR COUNTY COMMISSIONER,,DEM,NO CANDIDATE FILED,0
Hancock,PRECINCT 24,DEM FOR COUNTY COMMISSIONER,,DEM,NO CANDIDATE FILED,0
Hancock,PRECINCT 25,DEM FOR COUNTY COMMISSIONER,,DEM,NO CANDIDATE FILED,0
Hancock,PRECINCT 27,DEM FOR COUNTY COMMISSIONER,,DEM,NO CANDIDATE FILED,0
Hancock,PRECINCT 28,DEM FOR COUNTY COMMISSIONER,,DEM,NO CANDIDATE FILED,0
Hancock,PRECINCT 1,MTN FOR COUNTY COMMISSIONER,,MTN,NO CANDIDATE FILED,0
Hancock,PRECINCT 2,MTN FOR COUNTY COMMISSIONER,,MTN,NO CANDIDATE FILED,0
Hancock,PRECINCT 3,MTN FOR COUNTY COMMISSIONER,,MTN,NO CANDIDATE FILED,0
Hancock,PRECINCT 5,MTN FOR COUNTY COMMISSIONER,,MTN,NO CANDIDATE FILED,0
Hancock,PRECINCT 6,MTN FOR COUNTY COMMISSIONER,,MTN,NO CANDIDATE FILED,0
Hancock,PRECINCT 7,MTN FOR COUNTY COMMISSIONER,,MTN,NO CANDIDATE FILED,0
Hancock,PRECINCT 8,MTN FOR COUNTY COMMISSIONER,,MTN,NO CANDIDATE FILED,0
Hancock,PRECINCT 9,MTN FOR COUNTY COMMISSIONER,,MTN,NO CANDIDATE FILED,0
Hancock,PRECINCT 10,MTN FOR COUNTY COMMISSIONER,,MTN,NO CANDIDATE FILED,0
Hancock,PRECINCT 11,MTN FOR COUNTY COMMISSIONER,,MTN,NO CANDIDATE FILED,0
Hancock,PRECINCT 12,MTN FOR COUNTY COMMISSIONER,,MTN,NO CANDIDATE FILED,0
Hancock,PRECINCT 13,MTN FOR COUNTY COMMISSIONER,,MTN,NO CANDIDATE FILED,0
Hancock,PRECINCT 14,MTN FOR COUNTY COMMISSIONER,,MTN,NO CANDIDATE FILED,0
Hancock,PRECINCT 16,MTN FOR COUNTY COMMISSIONER,,MTN,NO CANDIDATE FILED,0
Hancock,PRECINCT 17,MTN FOR COUNTY COMMISSIONER,,MTN,NO CANDIDATE FILED,0
Hancock,PRECINCT 19,MTN FOR COUNTY COMMISSIONER,,MTN,NO CANDIDATE FILED,0
Hancock,PRECINCT 20,MTN FOR COUNTY COMMISSIONER,,MTN,NO CANDIDATE FILED,0
Hancock,PRECINCT 21,MTN FOR COUNTY COMMISSIONER,,MTN,NO CANDIDATE FILED,0
Hancock,PRECINCT 22,MTN FOR COUNTY COMMISSIONER,,MTN,NO CANDIDATE FILED,0
Hancock,PRECINCT 23,MTN FOR COUNTY COMMISSIONER,,MTN,NO CANDIDATE FILED,0
Hancock,PRECINCT 24,MTN FOR COUNTY COMMISSIONER,,MTN,NO CANDIDATE FILED,0
Hancock,PRECINCT 25,MTN FOR COUNTY COMMISSIONER,,MTN,NO CANDIDATE FILED,0
Hancock,PRECINCT 27,MTN FOR COUNTY COMMISSIONER,,MTN,NO CANDIDATE FILED,0
Hancock,PRECINCT 28,MTN FOR COUNTY COMMISSIONER,,MTN,NO CANDIDATE FILED,0
Hancock,PRECINCT 1,REP FOR PROSECUTING ATTORNEY,,REP,STEVEN E. DRAGISICH,100
Hancock,PRECINCT 2,REP FOR PROSECUTING ATTORNEY,,REP,STEVEN E. DRAGISICH,83
Hancock,PRECINCT 3,REP FOR PROSECUTING ATTORNEY,,REP,STEVEN E. DRAGISICH,116
Hancock,PRECINCT 5,REP FOR PROSECUTING ATTORNEY,,REP,STEVEN E. DRAGISICH,69
Hancock,PRECINCT 6,REP FOR PROSECUTING ATTORNEY,,REP,STEVEN E. DRAGISICH,203
Hancock,PRECINCT 7,REP FOR PROSECUTING ATTORNEY,,REP,STEVEN E. DRAGISICH,77
Hancock,PRECINCT 8,REP FOR PROSECUTING ATTORNEY,,REP,STEVEN E. DRAGISICH,188
Hancock,PRECINCT 9,REP FOR PROSECUTING ATTORNEY,,REP,STEVEN E. DRAGISICH,162
Hancock,PRECINCT 10,REP FOR PROSECUTING ATTORNEY,,REP,STEVEN E. DRAGISICH,93
Hancock,PRECINCT 11,REP FOR PROSECUTING ATTORNEY,,REP,STEVEN E. DRAGISICH,135
Hancock,PRECINCT 12,REP FOR PROSECUTING ATTORNEY,,REP,STEVEN E. DRAGISICH,192
Hancock,PRECINCT 13,REP FOR PROSECUTING ATTORNEY,,REP,STEVEN E. DRAGISICH,120
Hancock,PRECINCT 14,REP FOR PROSECUTING ATTORNEY,,REP,STEVEN E. DRAGISICH,78
Hancock,PRECINCT 16,REP FOR PROSECUTING ATTORNEY,,REP,STEVEN E. DRAGISICH,42
Hancock,PRECINCT 17,REP FOR PROSECUTING ATTORNEY,,REP,STEVEN E. DRAGISICH,151
Hancock,PRECINCT 19,REP FOR PROSECUTING ATTORNEY,,REP,STEVEN E. DRAGISICH,94
Hancock,PRECINCT 20,REP FOR PROSECUTING ATTORNEY,,REP,STEVEN E. DRAGISICH,163
Hancock,PRECINCT 21,REP FOR PROSECUTING ATTORNEY,,REP,STEVEN E. DRAGISICH,121
Hancock,PRECINCT 22,REP FOR PROSECUTING ATTORNEY,,REP,STEVEN E. DRAGISICH,89
Hancock,PRECINCT 23,REP FOR PROSECUTING ATTORNEY,,REP,STEVEN E. DRAGISICH,62
Hancock,PRECINCT 24,REP FOR PROSECUTING ATTORNEY,,REP,STEVEN E. DRAGISICH,121
Hancock,PRECINCT 25,REP FOR PROSECUTING ATTORNEY,,REP,STEVEN E. DRAGISICH,190
Hancock,PRECINCT 27,REP FOR PROSECUTING ATTORNEY,,REP,STEVEN E. DRAGISICH,155
Hancock,PRECINCT 28,REP FOR PROSECUTING ATTORNEY,,REP,STEVEN E. DRAGISICH,120
Hancock,PRECINCT 1,DEM FOR PROSECUTING ATTORNEY,,DEM,NO CANDIDATE FILED,0
Hancock,PRECINCT 2,DEM FOR PROSECUTING ATTORNEY,,DEM,NO CANDIDATE FILED,0
Hancock,PRECINCT 3,DEM FOR PROSECUTING ATTORNEY,,DEM,NO CANDIDATE FILED,0
Hancock,PRECINCT 5,DEM FOR PROSECUTING ATTORNEY,,DEM,NO CANDIDATE FILED,0
Hancock,PRECINCT 6,DEM FOR PROSECUTING ATTORNEY,,DEM,NO CANDIDATE FILED,0
Hancock,PRECINCT 7,DEM FOR PROSECUTING ATTORNEY,,DEM,NO CANDIDATE FILED,0
Hancock,PRECINCT 8,DEM FOR PROSECUTING ATTORNEY,,DEM,NO CANDIDATE FILED,0
Hancock,PRECINCT 9,DEM FOR PROSECUTING ATTORNEY,,DEM,NO CANDIDATE FILED,0
Hancock,PRECINCT 10,DEM FOR PROSECUTING ATTORNEY,,DEM,NO CANDIDATE FILED,0
Hancock,PRECINCT 11,DEM FOR PROSECUTING ATTORNEY,,DEM,NO CANDIDATE FILED,0
Hancock,PRECINCT 12,DEM FOR PROSECUTING ATTORNEY,,DEM,NO CANDIDATE FILED,0
Hancock,PRECINCT 13,DEM FOR PROSECUTING ATTORNEY,,DEM,NO CANDIDATE FILED,0
Hancock,PRECINCT 14,DEM FOR PROSECUTING ATTORNEY,,DEM,NO CANDIDATE FILED,0
Hancock,PRECINCT 16,DEM FOR PROSECUTING ATTORNEY,,DEM,NO CANDIDATE FILED,0
Hancock,PRECINCT 17,DEM FOR PROSECUTING ATTORNEY,,DEM,NO CANDIDATE FILED,0
Hancock,PRECINCT 19,DEM FOR PROSECUTING ATTORNEY,,DEM,NO CANDIDATE FILED,0
Hancock,PRECINCT 20,DEM FOR PROSECUTING ATTORNEY,,DEM,NO CANDIDATE FILED,0
Hancock,PRECINCT 21,DEM FOR PROSECUTING ATTORNEY,,DEM,NO CANDIDATE FILED,0
Hancock,PRECINCT 22,DEM FOR PROSECUTING ATTORNEY,,DEM,NO CANDIDATE FILED,0
Hancock,PRECINCT 23,DEM FOR PROSECUTING ATTORNEY,,DEM,NO CANDIDATE FILED,0
Hancock,PRECINCT 24,DEM FOR PROSECUTING ATTORNEY,,DEM,NO CANDIDATE FILED,0
Hancock,PRECINCT 25,DEM FOR PROSECUTING ATTORNEY,,DEM,NO CANDIDATE FILED,0
Hancock,PRECINCT 27,DEM FOR PROSECUTING ATTORNEY,,DEM,NO CANDIDATE FILED,0
Hancock,PRECINCT 28,DEM FOR PROSECUTING ATTORNEY,,DEM,NO CANDIDATE FILED,0
Hancock,PRECINCT 1,MTN FOR PROSECUTING ATTORNEY,,MTN,NO CANDIDATE FILED,0
Hancock,PRECINCT 2,MTN FOR PROSECUTING ATTORNEY,,MTN,NO CANDIDATE FILED,0
Hancock,PRECINCT 3,MTN FOR PROSECUTING ATTORNEY,,MTN,NO CANDIDATE FILED,0
Hancock,PRECINCT 5,MTN FOR PROSECUTING ATTORNEY,,MTN,NO CANDIDATE FILED,0
Hancock,PRECINCT 6,MTN FOR PROSECUTING ATTORNEY,,MTN,NO CANDIDATE FILED,0
Hancock,PRECINCT 7,MTN FOR PROSECUTING ATTORNEY,,MTN,NO CANDIDATE FILED,0
Hancock,PRECINCT 8,MTN FOR PROSECUTING ATTORNEY,,MTN,NO CANDIDATE FILED,0
Hancock,PRECINCT 9,MTN FOR PROSECUTING ATTORNEY,,MTN,NO CANDIDATE FILED,0
Hancock,PRECINCT 10,MTN FOR PROSECUTING ATTORNEY,,MTN,NO CANDIDATE FILED,0
Hancock,PRECINCT 11,MTN FOR PROSECUTING ATTORNEY,,MTN,NO CANDIDATE FILED,0
Hancock,PRECINCT 12,MTN FOR PROSECUTING ATTORNEY,,MTN,NO CANDIDATE FILED,0
Hancock,PRECINCT 13,MTN FOR PROSECUTING ATTORNEY,,MTN,NO CANDIDATE FILED,0
Hancock,PRECINCT 14,MTN FOR PROSECUTING ATTORNEY,,MTN,NO CANDIDATE FILED,0
Hancock,PRECINCT 16,MTN FOR PROSECUTING ATTORNEY,,MTN,NO CANDIDATE FILED,0
Hancock,PRECINCT 17,MTN FOR PROSECUTING ATTORNEY,,MTN,NO CANDIDATE FILED,0
Hancock,PRECINCT 19,MTN FOR PROSECUTING ATTORNEY,,MTN,NO CANDIDATE FILED,0
Hancock,PRECINCT 20,MTN FOR PROSECUTING ATTORNEY,,MTN,NO CANDIDATE FILED,0
Hancock,PRECINCT 21,MTN FOR PROSECUTING ATTORNEY,,MTN,NO CANDIDATE FILED,0
Hancock,PRECINCT 22,MTN FOR PROSECUTING ATTORNEY,,MTN,NO CANDIDATE FILED,0
Hancock,PRECINCT 23,MTN FOR PROSECUTING ATTORNEY,,MTN,NO CANDIDATE FILED,0
Hancock,PRECINCT 24,MTN FOR PROSECUTING ATTORNEY,,MTN,NO CANDIDATE FILED,0
Hancock,PRECINCT 25,MTN FOR PROSECUTING ATTORNEY,,MTN,NO CANDIDATE FILED,0
Hancock,PRECINCT 27,MTN FOR PROSECUTING ATTORNEY,,MTN,NO CANDIDATE FILED,0
Hancock,PRECINCT 28,MTN FOR PROSECUTING ATTORNEY,,MTN,NO CANDIDATE FILED,0
Hancock,PRECINCT 1,REP FOR SHERIFF,,REP,J. SCOTT GITTINGS,110
Hancock,PRECINCT 2,REP FOR SHERIFF,,REP,J. SCOTT GITTINGS,94
Hancock,PRECINCT 3,REP FOR SHERIFF,,REP,J. SCOTT GITTINGS,120
Hancock,PRECINCT 5,REP FOR SHERIFF,,REP,J. SCOTT GITTINGS,76
Hancock,PRECINCT 6,REP FOR SHERIFF,,REP,J. SCOTT GITTINGS,217
Hancock,PRECINCT 7,REP FOR SHERIFF,,REP,J. SCOTT GITTINGS,75
Hancock,PRECINCT 8,REP FOR SHERIFF,,REP,J. SCOTT GITTINGS,194
Hancock,PRECINCT 9,REP FOR SHERIFF,,REP,J. SCOTT GITTINGS,168
Hancock,PRECINCT 10,REP FOR SHERIFF,,REP,J. SCOTT GITTINGS,93
Hancock,PRECINCT 11,REP FOR SHERIFF,,REP,J. SCOTT GITTINGS,148
Hancock,PRECINCT 12,REP FOR SHERIFF,,REP,J. SCOTT GITTINGS,184
Hancock,PRECINCT 13,REP FOR SHERIFF,,REP,J. SCOTT GITTINGS,111
Hancock,PRECINCT 14,REP FOR SHERIFF,,REP,J. SCOTT GITTINGS,72
Hancock,PRECINCT 16,REP FOR SHERIFF,,REP,J. SCOTT GITTINGS,40
Hancock,PRECINCT 17,REP FOR SHERIFF,,REP,J. SCOTT GITTINGS,145
Hancock,PRECINCT 19,REP FOR SHERIFF,,REP,J. SCOTT GITTINGS,94
Hancock,PRECINCT 20,REP FOR SHERIFF,,REP,J. SCOTT GITTINGS,148
Hancock,PRECINCT 21,REP FOR SHERIFF,,REP,J. SCOTT GITTINGS,106
Hancock,PRECINCT 22,REP FOR SHERIFF,,REP,J. SCOTT GITTINGS,80
Hancock,PRECINCT 23,REP FOR SHERIFF,,REP,J. SCOTT GITTINGS,56
Hancock,PRECINCT 24,REP FOR SHERIFF,,REP,J. SCOTT GITTINGS,119
Hancock,PRECINCT 25,REP FOR SHERIFF,,REP,J. SCOTT GITTINGS,156
Hancock,PRECINCT 27,REP FOR SHERIFF,,REP,J. SCOTT GITTINGS,143
Hancock,PRECINCT 28,REP FOR SHERIFF,,REP,J. SCOTT GITTINGS,114
Hancock,PRECINCT 1,DEM FOR SHERIFF,,DEM,DEZSO POLGAR,43
Hancock,PRECINCT 2,DEM FOR SHERIFF,,DEM,DEZSO POLGAR,35
Hancock,PRECINCT 3,DEM FOR SHERIFF,,DEM,DEZSO POLGAR,51
Hancock,PRECINCT 5,DEM FOR SHERIFF,,DEM,DEZSO POLGAR,35
Hancock,PRECINCT 6,DEM FOR SHERIFF,,DEM,DEZSO POLGAR,51
Hancock,PRECINCT 7,DEM FOR SHERIFF,,DEM,DEZSO POLGAR,30
Hancock,PRECINCT 8,DEM FOR SHERIFF,,DEM,DEZSO POLGAR,59
Hancock,PRECINCT 9,DEM FOR SHERIFF,,DEM,DEZSO POLGAR,47
Hancock,PRECINCT 10,DEM FOR SHERIFF,,DEM,DEZSO POLGAR,51
Hancock,PRECINCT 11,DEM FOR SHERIFF,,DEM,DEZSO POLGAR,37
Hancock,PRECINCT 12,DEM FOR SHERIFF,,DEM,DEZSO POLGAR,75
Hancock,PRECINCT 13,DEM FOR SHERIFF,,DEM,DEZSO POLGAR,55
Hancock,PRECINCT 14,DEM FOR SHERIFF,,DEM,DEZSO POLGAR,49
Hancock,PRECINCT 16,DEM FOR SHERIFF,,DEM,DEZSO POLGAR,36
Hancock,PRECINCT 17,DEM FOR SHERIFF,,DEM,DEZSO POLGAR,100
Hancock,PRECINCT 19,DEM FOR SHERIFF,,DEM,DEZSO POLGAR,62
Hancock,PRECINCT 20,DEM FOR SHERIFF,,DEM,DEZSO POLGAR,88
Hancock,PRECINCT 21,DEM FOR SHERIFF,,DEM,DEZSO POLGAR,68
Hancock,PRECINCT 22,DEM FOR SHERIFF,,DEM,DEZSO POLGAR,61
Hancock,PRECINCT 23,DEM FOR SHERIFF,,DEM,DEZSO POLGAR,38
Hancock,PRECINCT 24,DEM FOR SHERIFF,,DEM,DEZSO POLGAR,70
Hancock,PRECINCT 25,DEM FOR SHERIFF,,DEM,DEZSO POLGAR,106
Hancock,PRECINCT 27,DEM FOR SHERIFF,,DEM,DEZSO POLGAR,73
Hancock,PRECINCT 28,DEM FOR SHERIFF,,DEM,DEZSO POLGAR,77
Hancock,PRECINCT 1,MTN FOR SHERIFF,,MTN,NO CANDIDATE FILED,0
Hancock,PRECINCT 2,MTN FOR SHERIFF,,MTN,NO CANDIDATE FILED,0
Hancock,PRECINCT 3,MTN FOR SHERIFF,,MTN,NO CANDIDATE FILED,0
Hancock,PRECINCT 5,MTN FOR SHERIFF,,MTN,NO CANDIDATE FILED,0
Hancock,PRECINCT 6,MTN FOR SHERIFF,,MTN,NO CANDIDATE FILED,0
Hancock,PRECINCT 7,MTN FOR SHERIFF,,MTN,NO CANDIDATE FILED,0
Hancock,PRECINCT 8,MTN FOR SHERIFF,,MTN,NO CANDIDATE FILED,0
Hancock,PRECINCT 9,MTN FOR SHERIFF,,MTN,NO CANDIDATE FILED,0
Hancock,PRECINCT 10,MTN FOR SHERIFF,,MTN,NO CANDIDATE FILED,0
Hancock,PRECINCT 11,MTN FOR SHERIFF,,MTN,NO CANDIDATE FILED,0
Hancock,PRECINCT 12,MTN FOR SHERIFF,,MTN,NO CANDIDATE FILED,0
Hancock,PRECINCT 13,MTN FOR SHERIFF,,MTN,NO CANDIDATE FILED,0
Hancock,PRECINCT 14,MTN FOR SHERIFF,,MTN,NO CANDIDATE FILED,0
Hancock,PRECINCT 16,MTN FOR SHERIFF,,MTN,NO CANDIDATE FILED,0
Hancock,PRECINCT 17,MTN FOR SHERIFF,,MTN,NO CANDIDATE FILED,0
Hancock,PRECINCT 19,MTN FOR SHERIFF,,MTN,NO CANDIDATE FILED,0
Hancock,PRECINCT 20,MTN FOR SHERIFF,,MTN,NO CANDIDATE FILED,0
Hancock,PRECINCT 21,MTN FOR SHERIFF,,MTN,NO CANDIDATE FILED,0
Hancock,PRECINCT 22,MTN FOR SHERIFF,,MTN,NO CANDIDATE FILED,0
Hancock,PRECINCT 23,MTN FOR SHERIFF,,MTN,NO CANDIDATE FILED,0
Hancock,PRECINCT 24,MTN FOR SHERIFF,,MTN,NO CANDIDATE FILED,0
Hancock,PRECINCT 25,MTN FOR SHERIFF,,MTN,NO CANDIDATE FILED,0
Hancock,PRECINCT 27,MTN FOR SHERIFF,,MTN,NO CANDIDATE FILED,0
Hancock,PRECINCT 28,MTN FOR SHERIFF,,MTN,NO CANDIDATE FILED,0
Hancock,PRECINCT 1,REP FOR ASSESSOR,,REP,NO CANDIDATE FILED,0
Hancock,PRECINCT 2,REP FOR ASSESSOR,,REP,NO CANDIDATE FILED,0
Hancock,PRECINCT 3,REP FOR ASSESSOR,,REP,NO CANDIDATE FILED,0
Hancock,PRECINCT 5,REP FOR ASSESSOR,,REP,NO CANDIDATE FILED,0
Hancock,PRECINCT 6,REP FOR ASSESSOR,,REP,NO CANDIDATE FILED,0
Hancock,PRECINCT 7,REP FOR ASSESSOR,,REP,NO CANDIDATE FILED,0
Hancock,PRECINCT 8,REP FOR ASSESSOR,,REP,NO CANDIDATE FILED,0
Hancock,PRECINCT 9,REP FOR ASSESSOR,,REP,NO CANDIDATE FILED,0
Hancock,PRECINCT 10,REP FOR ASSESSOR,,REP,NO CANDIDATE FILED,0
Hancock,PRECINCT 11,REP FOR ASSESSOR,,REP,NO CANDIDATE FILED,0
Hancock,PRECINCT 12,REP FOR ASSESSOR,,REP,NO CANDIDATE FILED,0
Hancock,PRECINCT 13,REP FOR ASSESSOR,,REP,NO CANDIDATE FILED,0
Hancock,PRECINCT 14,REP FOR ASSESSOR,,REP,NO CANDIDATE FILED,0
Hancock,PRECINCT 16,REP FOR ASSESSOR,,REP,NO CANDIDATE FILED,0
Hancock,PRECINCT 17,REP FOR ASSESSOR,,REP,NO CANDIDATE FILED,0
Hancock,PRECINCT 19,REP FOR ASSESSOR,,REP,NO CANDIDATE FILED,0
Hancock,PRECINCT 20,REP FOR ASSESSOR,,REP,NO CANDIDATE FILED,0
Hancock,PRECINCT 21,REP FOR ASSESSOR,,REP,NO CANDIDATE FILED,0
Hancock,PRECINCT 22,REP FOR ASSESSOR,,REP,NO CANDIDATE FILED,0
Hancock,PRECINCT 23,REP FOR ASSESSOR,,REP,NO CANDIDATE FILED,0
Hancock,PRECINCT 24,REP FOR ASSESSOR,,REP,NO CANDIDATE FILED,0
Hancock,PRECINCT 25,REP FOR ASSESSOR,,REP,NO CANDIDATE FILED,0
Hancock,PRECINCT 27,REP FOR ASSESSOR,,REP,NO CANDIDATE FILED,0
Hancock,PRECINCT 28,REP FOR ASSESSOR,,REP,NO CANDIDATE FILED,0
Hancock,PRECINCT 1,DEM FOR ASSESSOR,,DEM,JOSEPH M. ALONGI,49
Hancock,PRECINCT 2,DEM FOR ASSESSOR,,DEM,JOSEPH M. ALONGI,40
Hancock,PRECINCT 3,DEM FOR ASSESSOR,,DEM,JOSEPH M. ALONGI,55
Hancock,PRECINCT 5,DEM FOR ASSESSOR,,DEM,JOSEPH M. ALONGI,36
Hancock,PRECINCT 6,DEM FOR ASSESSOR,,DEM,JOSEPH M. ALONGI,56
Hancock,PRECINCT 7,DEM FOR ASSESSOR,,DEM,JOSEPH M. ALONGI,28
Hancock,PRECINCT 8,DEM FOR ASSESSOR,,DEM,JOSEPH M. ALONGI,67
Hancock,PRECINCT 9,DEM FOR ASSESSOR,,DEM,JOSEPH M. ALONGI,49
Hancock,PRECINCT 10,DEM FOR ASSESSOR,,DEM,JOSEPH M. ALONGI,48
Hancock,PRECINCT 11,DEM FOR ASSESSOR,,DEM,JOSEPH M. ALONGI,36
Hancock,PRECINCT 12,DEM FOR ASSESSOR,,DEM,JOSEPH M. ALONGI,76
Hancock,PRECINCT 13,DEM FOR ASSESSOR,,DEM,JOSEPH M. ALONGI,62
Hancock,PRECINCT 14,DEM FOR ASSESSOR,,DEM,JOSEPH M. ALONGI,48
Hancock,PRECINCT 16,DEM FOR ASSESSOR,,DEM,JOSEPH M. ALONGI,42
Hancock,PRECINCT 17,DEM FOR ASSESSOR,,DEM,JOSEPH M. ALONGI,106
Hancock,PRECINCT 19,DEM FOR ASSESSOR,,DEM,JOSEPH M. ALONGI,63
Hancock,PRECINCT 20,DEM FOR ASSESSOR,,DEM,JOSEPH M. ALONGI,108
Hancock,PRECINCT 21,DEM FOR ASSESSOR,,DEM,JOSEPH M. ALONGI,71
Hancock,PRECINCT 22,DEM FOR ASSESSOR,,DEM,JOSEPH M. ALONGI,66
Hancock,PRECINCT 23,DEM FOR ASSESSOR,,DEM,JOSEPH M. ALONGI,47
Hancock,PRECINCT 24,DEM FOR ASSESSOR,,DEM,JOSEPH M. ALONGI,79
Hancock,PRECINCT 25,DEM FOR ASSESSOR,,DEM,JOSEPH M. ALONGI,122
Hancock,PRECINCT 27,DEM FOR ASSESSOR,,DEM,JOSEPH M. ALONGI,79
Hancock,PRECINCT 28,DEM FOR ASSESSOR,,DEM,JOSEPH M. ALONGI,88
Hancock,PRECINCT 1,MTN FOR ASSESSOR,,MTN,NO CANDIDATE FILED,0
Hancock,PRECINCT 2,MTN FOR ASSESSOR,,MTN,NO CANDIDATE FILED,0
Hancock,PRECINCT 3,MTN FOR ASSESSOR,,MTN,NO CANDIDATE FILED,0
Hancock,PRECINCT 5,MTN FOR ASSESSOR,,MTN,NO CANDIDATE FILED,0
Hancock,PRECINCT 6,MTN FOR ASSESSOR,,MTN,NO CANDIDATE FILED,0
Hancock,PRECINCT 7,MTN FOR ASSESSOR,,MTN,NO CANDIDATE FILED,0
Hancock,PRECINCT 8,MTN FOR ASSESSOR,,MTN,NO CANDIDATE FILED,0
Hancock,PRECINCT 9,MTN FOR ASSESSOR,,MTN,NO CANDIDATE FILED,0
Hancock,PRECINCT 10,MTN FOR ASSESSOR,,MTN,NO CANDIDATE FILED,0
Hancock,PRECINCT 11,MTN FOR ASSESSOR,,MTN,NO CANDIDATE FILED,0
Hancock,PRECINCT 12,MTN FOR ASSESSOR,,MTN,NO CANDIDATE FILED,0
Hancock,PRECINCT 13,MTN FOR ASSESSOR,,MTN,NO CANDIDATE FILED,0
Hancock,PRECINCT 14,MTN FOR ASSESSOR,,MTN,NO CANDIDATE FILED,0
Hancock,PRECINCT 16,MTN FOR ASSESSOR,,MTN,NO CANDIDATE FILED,0
Hancock,PRECINCT 17,MTN FOR ASSESSOR,,MTN,NO CANDIDATE FILED,0
Hancock,PRECINCT 19,MTN FOR ASSESSOR,,MTN,NO CANDIDATE FILED,0
Hancock,PRECINCT 20,MTN FOR ASSESSOR,,MTN,NO CANDIDATE FILED,0
Hancock,PRECINCT 21,MTN FOR ASSESSOR,,MTN,NO CANDIDATE FILED,0
Hancock,PRECINCT 22,MTN FOR ASSESSOR,,MTN,NO CANDIDATE FILED,0
Hancock,PRECINCT 23,MTN FOR ASSESSOR,,MTN,NO CANDIDATE FILED,0
Hancock,PRECINCT 24,MTN FOR ASSESSOR,,MTN,NO CANDIDATE FILED,0
Hancock,PRECINCT 25,MTN FOR ASSESSOR,,MTN,NO CANDIDATE FILED,0
Hancock,PRECINCT 27,MTN FOR ASSESSOR,,MTN,NO CANDIDATE FILED,0
Hancock,PRECINCT 28,MTN FOR ASSESSOR,,MTN,NO CANDIDATE FILED,0
Hancock,PRECINCT 1,REP FOR SURVEYOR,,REP,NO CANDIDATE FILED,0
Hancock,PRECINCT 2,REP FOR SURVEYOR,,REP,NO CANDIDATE FILED,0
Hancock,PRECINCT 3,REP FOR SURVEYOR,,REP,NO CANDIDATE FILED,0
Hancock,PRECINCT 5,REP FOR SURVEYOR,,REP,NO CANDIDATE FILED,0
Hancock,PRECINCT 6,REP FOR SURVEYOR,,REP,NO CANDIDATE FILED,0
Hancock,PRECINCT 7,REP FOR SURVEYOR,,REP,NO CANDIDATE FILED,0
Hancock,PRECINCT 8,REP FOR SURVEYOR,,REP,NO CANDIDATE FILED,0
Hancock,PRECINCT 9,REP FOR SURVEYOR,,REP,NO CANDIDATE FILED,0
Hancock,PRECINCT 10,REP FOR SURVEYOR,,REP,NO CANDIDATE FILED,0
Hancock,PRECINCT 11,REP FOR SURVEYOR,,REP,NO CANDIDATE FILED,0
Hancock,PRECINCT 12,REP FOR SURVEYOR,,REP,NO CANDIDATE FILED,0
Hancock,PRECINCT 13,REP FOR SURVEYOR,,REP,NO CANDIDATE FILED,0
Hancock,PRECINCT 14,REP FOR SURVEYOR,,REP,NO CANDIDATE FILED,0
Hancock,PRECINCT 16,REP FOR SURVEYOR,,REP,NO CANDIDATE FILED,0
Hancock,PRECINCT 17,REP FOR SURVEYOR,,REP,NO CANDIDATE FILED,0
Hancock,PRECINCT 19,REP FOR SURVEYOR,,REP,NO CANDIDATE FILED,0
Hancock,PRECINCT 20,REP FOR SURVEYOR,,REP,NO CANDIDATE FILED,0
Hancock,PRECINCT 21,REP FOR SURVEYOR,,REP,NO CANDIDATE FILED,0
Hancock,PRECINCT 22,REP FOR SURVEYOR,,REP,NO CANDIDATE FILED,0
Hancock,PRECINCT 23,REP FOR SURVEYOR,,REP,NO CANDIDATE FILED,0
Hancock,PRECINCT 24,REP FOR SURVEYOR,,REP,NO CANDIDATE FILED,0
Hancock,PRECINCT 25,REP FOR SURVEYOR,,REP,NO CANDIDATE FILED,0
Hancock,PRECINCT 27,REP FOR SURVEYOR,,REP,NO CANDIDATE FILED,0
Hancock,PRECINCT 28,REP FOR SURVEYOR,,REP,NO CANDIDATE FILED,0
Hancock,PRECINCT 1,DEM FOR SURVEYOR,,DEM,NO CANDIDATE FILED,0
Hancock,PRECINCT 2,DEM FOR SURVEYOR,,DEM,NO CANDIDATE FILED,0
Hancock,PRECINCT 3,DEM FOR SURVEYOR,,DEM,NO CANDIDATE FILED,0
Hancock,PRECINCT 5,DEM FOR SURVEYOR,,DEM,NO CANDIDATE FILED,0
Hancock,PRECINCT 6,DEM FOR SURVEYOR,,DEM,NO CANDIDATE FILED,0
Hancock,PRECINCT 7,DEM FOR SURVEYOR,,DEM,NO CANDIDATE FILED,0
Hancock,PRECINCT 8,DEM FOR SURVEYOR,,DEM,NO CANDIDATE FILED,0
Hancock,PRECINCT 9,DEM FOR SURVEYOR,,DEM,NO CANDIDATE FILED,0
Hancock,PRECINCT 10,DEM FOR SURVEYOR,,DEM,NO CANDIDATE FILED,0
Hancock,PRECINCT 11,DEM FOR SURVEYOR,,DEM,NO CANDIDATE FILED,0
Hancock,PRECINCT 12,DEM FOR SURVEYOR,,DEM,NO CANDIDATE FILED,0
Hancock,PRECINCT 13,DEM FOR SURVEYOR,,DEM,NO CANDIDATE FILED,0
Hancock,PRECINCT 14,DEM FOR SURVEYOR,,DEM,NO CANDIDATE FILED,0
Hancock,PRECINCT 16,DEM FOR SURVEYOR,,DEM,NO CANDIDATE FILED,0
Hancock,PRECINCT 17,DEM FOR SURVEYOR,,DEM,NO CANDIDATE FILED,0
Hancock,PRECINCT 19,DEM FOR SURVEYOR,,DEM,NO CANDIDATE FILED,0
Hancock,PRECINCT 20,DEM FOR SURVEYOR,,DEM,NO CANDIDATE FILED,0
Hancock,PRECINCT 21,DEM FOR SURVEYOR,,DEM,NO CANDIDATE FILED,0
Hancock,PRECINCT 22,DEM FOR SURVEYOR,,DEM,NO CANDIDATE FILED,0
Hancock,PRECINCT 23,DEM FOR SURVEYOR,,DEM,NO CANDIDATE FILED,0
Hancock,PRECINCT 24,DEM FOR SURVEYOR,,DEM,NO CANDIDATE FILED,0
Hancock,PRECINCT 25,DEM FOR SURVEYOR,,DEM,NO CANDIDATE FILED,0
Hancock,PRECINCT 27,DEM FOR SURVEYOR,,DEM,NO CANDIDATE FILED,0
Hancock,PRECINCT 28,DEM FOR SURVEYOR,,DEM,NO CANDIDATE FILED,0
Hancock,PRECINCT 1,MTN FOR SURVEYOR,,MTN,NO CANDIDATE FILED,0
Hancock,PRECINCT 2,MTN FOR SURVEYOR,,MTN,NO CANDIDATE FILED,0
Hancock,PRECINCT 3,MTN FOR SURVEYOR,,MTN,NO CANDIDATE FILED,0
Hancock,PRECINCT 5,MTN FOR SURVEYOR,,MTN,NO CANDIDATE FILED,0
Hancock,PRECINCT 6,MTN FOR SURVEYOR,,MTN,NO CANDIDATE FILED,0
Hancock,PRECINCT 7,MTN FOR SURVEYOR,,MTN,NO CANDIDATE FILED,0
Hancock,PRECINCT 8,MTN FOR SURVEYOR,,MTN,NO CANDIDATE FILED,0
Hancock,PRECINCT 9,MTN FOR SURVEYOR,,MTN,NO CANDIDATE FILED,0
Hancock,PRECINCT 10,MTN FOR SURVEYOR,,MTN,NO CANDIDATE FILED,0
Hancock,PRECINCT 11,MTN FOR SURVEYOR,,MTN,NO CANDIDATE FILED,0
Hancock,PRECINCT 12,MTN FOR SURVEYOR,,MTN,NO CANDIDATE FILED,0
Hancock,PRECINCT 13,MTN FOR SURVEYOR,,MTN,NO CANDIDATE FILED,0
Hancock,PRECINCT 14,MTN FOR SURVEYOR,,MTN,NO CANDIDATE FILED,0
Hancock,PRECINCT 16,MTN FOR SURVEYOR,,MTN,NO CANDIDATE FILED,0
Hancock,PRECINCT 17,MTN FOR SURVEYOR,,MTN,NO CANDIDATE FILED,0
Hancock,PRECINCT 19,MTN FOR SURVEYOR,,MTN,NO CANDIDATE FILED,0
Hancock,PRECINCT 20,MTN FOR SURVEYOR,,MTN,NO CANDIDATE FILED,0
Hancock,PRECINCT 21,MTN FOR SURVEYOR,,MTN,NO CANDIDATE FILED,0
Hancock,PRECINCT 22,MTN FOR SURVEYOR,,MTN,NO CANDIDATE FILED,0
Hancock,PRECINCT 23,MTN FOR SURVEYOR,,MTN,NO CANDIDATE FILED,0
Hancock,PRECINCT 24,MTN FOR SURVEYOR,,MTN,NO CANDIDATE FILED,0
Hancock,PRECINCT 25,MTN FOR SURVEYOR,,MTN,NO CANDIDATE FILED,0
Hancock,PRECINCT 27,MTN FOR SURVEYOR,,MTN,NO CANDIDATE FILED,0
Hancock,PRECINCT 28,MTN FOR SURVEYOR,,MTN,NO CANDIDATE FILED,0
Hancock,PRECINCT 1,Supreme Court of Appeals,,,RANDY SWARTZMILLER,169
Hancock,PRECINCT 2,Supreme Court of Appeals,,,RANDY SWARTZMILLER,133
Hancock,PRECINCT 3,Supreme Court of Appeals,,,RANDY SWARTZMILLER,185
Hancock,PRECINCT 5,Supreme Court of Appeals,,,RANDY SWARTZMILLER,104
Hancock,PRECINCT 6,Supreme Court of Appeals,,,RANDY SWARTZMILLER,256
Hancock,PRECINCT 7,Supreme Court of Appeals,,,RANDY SWARTZMILLER,90
Hancock,PRECINCT 8,Supreme Court of Appeals,,,RANDY SWARTZMILLER,221
Hancock,PRECINCT 9,Supreme Court of Appeals,,,RANDY SWARTZMILLER,191
Hancock,PRECINCT 10,Supreme Court of Appeals,,,RANDY SWARTZMILLER,146
Hancock,PRECINCT 11,Supreme Court of Appeals,,,RANDY SWARTZMILLER,141
Hancock,PRECINCT 12,Supreme Court of Appeals,,,RANDY SWARTZMILLER,203
Hancock,PRECINCT 13,Supreme Court of Appeals,,,RANDY SWARTZMILLER,123
Hancock,PRECINCT 14,Supreme Court of Appeals,,,RANDY SWARTZMILLER,94
Hancock,PRECINCT 16,Supreme Court of Appeals,,,RANDY SWARTZMILLER,72
Hancock,PRECINCT 17,Supreme Court of Appeals,,,RANDY SWARTZMILLER,200
Hancock,PRECINCT 19,Supreme Court of Appeals,,,RANDY SWARTZMILLER,136
Hancock,PRECINCT 20,Supreme Court of Appeals,,,RANDY SWARTZMILLER,217
Hancock,PRECINCT 21,Supreme Court of Appeals,,,RANDY SWARTZMILLER,139
Hancock,PRECINCT 22,Supreme Court of Appeals,,,RANDY SWARTZMILLER,121
Hancock,PRECINCT 23,Supreme Court of Appeals,,,RANDY SWARTZMILLER,85
Hancock,PRECINCT 24,Supreme Court of Appeals,,,RANDY SWARTZMILLER,154
Hancock,PRECINCT 25,Supreme Court of Appeals,,,RANDY SWARTZMILLER,220
Hancock,PRECINCT 27,Supreme Court of Appeals,,,RANDY SWARTZMILLER,164
Hancock,PRECINCT 28,Supreme Court of Appeals,,,RANDY SWARTZMILLER,162
Hancock,PRECINCT 1,Supreme Court of Appeals,,,CHRIS GILLETTE,58
Hancock,PRECINCT 2,Supreme Court of Appeals,,,CHRIS GILLETTE,57
Hancock,PRECINCT 3,Supreme Court of Appeals,,,CHRIS GILLETTE,69
Hancock,PRECINCT 5,Supreme Court of Appeals,,,CHRIS GILLETTE,50
Hancock,PRECINCT 6,Supreme Court of Appeals,,,CHRIS GILLETTE,110
Hancock,PRECINCT 7,Supreme Court of Appeals,,,CHRIS GILLETTE,53
Hancock,PRECINCT 8,Supreme Court of Appeals,,,CHRIS GILLETTE,132
Hancock,PRECINCT 9,Supreme Court of Appeals,,,CHRIS GILLETTE,115
Hancock,PRECINCT 10,Supreme Court of Appeals,,,CHRIS GILLETTE,71
Hancock,PRECINCT 11,Supreme Court of Appeals,,,CHRIS GILLETTE,97
Hancock,PRECINCT 12,Supreme Court of Appeals,,,CHRIS GILLETTE,183
Hancock,PRECINCT 13,Supreme Court of Appeals,,,CHRIS GILLETTE,119
Hancock,PRECINCT 14,Supreme Court of Appeals,,,CHRIS GILLETTE,73
Hancock,PRECINCT 16,Supreme Court of Appeals,,,CHRIS GILLETTE,42
Hancock,PRECINCT 17,Supreme Court of Appeals,,,CHRIS GILLETTE,175
Hancock,PRECINCT 19,Supreme Court of Appeals,,,CHRIS GILLETTE,107
Hancock,PRECINCT 20,Supreme Court of Appeals,,,CHRIS GILLETTE,176
Hancock,PRECINCT 21,Supreme Court of Appeals,,,CHRIS GILLETTE,102
Hancock,PRECINCT 22,Supreme Court of Appeals,,,CHRIS GILLETTE,104
Hancock,PRECINCT 23,Supreme Court of Appeals,,,CHRIS GILLETTE,65
Hancock,PRECINCT 24,Supreme Court of Appeals,,,CHRIS GILLETTE,132
Hancock,PRECINCT 25,Supreme Court of Appeals,,,CHRIS GILLETTE,205
Hancock,PRECINCT 27,Supreme Court of Appeals,,,CHRIS GILLETTE,174
Hancock,PRECINCT 28,Supreme Court of Appeals,,,CHRIS GILLETTE,122
Hancock,PRECINCT 1,FOR CONSERVATION DISTRICT SUPERVISOR,,,CHUCK GLENN,170
Hancock,PRECINCT 2,FOR CONSERVATION DISTRICT SUPERVISOR,,,CHUCK GLENN,138
Hancock,PRECINCT 3,FOR CONSERVATION DISTRICT SUPERVISOR,,,CHUCK GLENN,189
Hancock,PRECINCT 5,FOR CONSERVATION DISTRICT SUPERVISOR,,,CHUCK GLENN,124
Hancock,PRECINCT 6,FOR CONSERVATION DISTRICT SUPERVISOR,,,CHUCK GLENN,284
Hancock,PRECINCT 7,FOR CONSERVATION DISTRICT SUPERVISOR,,,CHUCK GLENN,107
Hancock,PRECINCT 8,FOR CONSERVATION DISTRICT SUPERVISOR,,,CHUCK GLENN,270
Hancock,PRECINCT 9,FOR CONSERVATION DISTRICT SUPERVISOR,,,CHUCK GLENN,213
Hancock,PRECINCT 10,FOR CONSERVATION DISTRICT SUPERVISOR,,,CHUCK GLENN,144
Hancock,PRECINCT 11,FOR CONSERVATION DISTRICT SUPERVISOR,,,CHUCK GLENN,173
Hancock,PRECINCT 12,FOR CONSERVATION DISTRICT SUPERVISOR,,,CHUCK GLENN,258
Hancock,PRECINCT 13,FOR CONSERVATION DISTRICT SUPERVISOR,,,CHUCK GLENN,158
Hancock,PRECINCT 14,FOR CONSERVATION DISTRICT SUPERVISOR,,,CHUCK GLENN,119
Hancock,PRECINCT 16,FOR CONSERVATION DISTRICT SUPERVISOR,,,CHUCK GLENN,73
Hancock,PRECINCT 17,FOR CONSERVATION DISTRICT SUPERVISOR,,,CHUCK GLENN,227
Hancock,PRECINCT 19,FOR CONSERVATION DISTRICT SUPERVISOR,,,CHUCK GLENN,149
Hancock,PRECINCT 20,FOR CONSERVATION DISTRICT SUPERVISOR,,,CHUCK GLENN,227
Hancock,PRECINCT 21,FOR CONSERVATION DISTRICT SUPERVISOR,,,CHUCK GLENN,158
Hancock,PRECINCT 22,FOR CONSERVATION DISTRICT SUPERVISOR,,,CHUCK GLENN,138
Hancock,PRECINCT 23,FOR CONSERVATION DISTRICT SUPERVISOR,,,CHUCK GLENN,93
Hancock,PRECINCT 24,FOR CONSERVATION DISTRICT SUPERVISOR,,,CHUCK GLENN,184
Hancock,PRECINCT 25,FOR CONSERVATION DISTRICT SUPERVISOR,,,CHUCK GLENN,255
Hancock,PRECINCT 27,FOR CONSERVATION DISTRICT SUPERVISOR,,,CHUCK GLENN,206
Hancock,PRECINCT 28,FOR CONSERVATION DISTRICT SUPERVISOR,,,CHUCK GLENN,182
