county,precinct,office,district,party,candidate,votes
Mason,PRECINCT 1,BALLOTS CAST,,REP,BALLOTS CAST - REPUBLICAN,37
Mason,PRECINCT 2,BALLOTS CAST,,REP,BALLOTS CAST - REPUBLICAN,26
Mason,PRECINCT 3,BALLOTS CAST,,REP,BALLOTS CAST - REPUBLICAN,48
Mason,PRECINCT 4,BALLOTS CAST,,REP,BALLOTS CAST - REPUBLICAN,93
Mason,PRECINCT 5,BALLOTS CAST,,REP,BALLOTS CAST - REPUBLICAN,67
Mason,PRECINCT 6,BALLOTS CAST,,REP,BALLOTS CAST - REPUBLICAN,87
Mason,PRECINCT 7,BALLOTS CAST,,REP,BALLOTS CAST - REPUBLICAN,101
Mason,PRECINCT 8,BALLOTS CAST,,REP,BALLOTS CAST - REPUBLICAN,121
Mason,PRECINCT 9,BALLOTS CAST,,REP,BALLOTS CAST - REPUBLICAN,148
Mason,PRECINCT 10,BALLOTS CAST,,REP,BALLOTS CAST - REPUBLICAN,155
Mason,PRECINCT 11,BALLOTS CAST,,REP,BALLOTS CAST - REPUBLICAN,11
Mason,PRECINCT 12,BALLOTS CAST,,REP,BALLOTS CAST - REPUBLICAN,95
Mason,PRECINCT 13,BALLOTS CAST,,REP,BALLOTS CAST - REPUBLICAN,193
Mason,PRECINCT 14,BALLOTS CAST,,REP,BALLOTS CAST - REPUBLICAN,127
Mason,PRECINCT 15,BALLOTS CAST,,REP,BALLOTS CAST - REPUBLICAN,96
Mason,PRECINCT 16,BALLOTS CAST,,REP,BALLOTS CAST - REPUBLICAN,194
Mason,PRECINCT 17,BALLOTS CAST,,REP,BALLOTS CAST - REPUBLICAN,140
Mason,PRECINCT 18,BALLOTS CAST,,REP,BALLOTS CAST - REPUBLICAN,97
Mason,PRECINCT 19,BALLOTS CAST,,REP,BALLOTS CAST - REPUBLICAN,156
Mason,PRECINCT 20,BALLOTS CAST,,REP,BALLOTS CAST - REPUBLICAN,95
Mason,PRECINCT 21,BALLOTS CAST,,REP,BALLOTS CAST - REPUBLICAN,136
Mason,PRECINCT 22,BALLOTS CAST,,REP,BALLOTS CAST - REPUBLICAN,171
Mason,PRECINCT 23,BALLOTS CAST,,REP,BALLOTS CAST - REPUBLICAN,126
Mason,PRECINCT 24,BALLOTS CAST,,REP,BALLOTS CAST - REPUBLICAN,141
Mason,PRECINCT 25,BALLOTS CAST,,REP,BALLOTS CAST - REPUBLICAN,213
Mason,PRECINCT 26,BALLOTS CAST,,REP,BALLOTS CAST - REPUBLICAN,46
Mason,PRECINCT 27,BALLOTS CAST,,REP,BALLOTS CAST - REPUBLICAN,109
Mason,PRECINCT 28,BALLOTS CAST,,REP,BALLOTS CAST - REPUBLICAN,146
Mason,PRECINCT 29,BALLOTS CAST,,REP,BALLOTS CAST - REPUBLICAN,135
Mason,PRECINCT 30,BALLOTS CAST,,REP,BALLOTS CAST - REPUBLICAN,308
Mason,PRECINCT 1,BALLOTS CAST,,DEM,BALLOTS CAST - DEMOCRATIC,10
Mason,PRECINCT 2,BALLOTS CAST,,DEM,BALLOTS CAST - DEMOCRATIC,16
Mason,PRECINCT 3,BALLOTS CAST,,DEM,BALLOTS CAST - DEMOCRATIC,38
Mason,PRECINCT 4,BALLOTS CAST,,DEM,BALLOTS CAST - DEMOCRATIC,52
Mason,PRECINCT 5,BALLOTS CAST,,DEM,BALLOTS CAST - DEMOCRATIC,40
Mason,PRECINCT 6,BALLOTS CAST,,DEM,BALLOTS CAST - DEMOCRATIC,36
Mason,PRECINCT 7,BALLOTS CAST,,DEM,BALLOTS CAST - DEMOCRATIC,49
Mason,PRECINCT 8,BALLOTS CAST,,DEM,BALLOTS CAST - DEMOCRATIC,64
Mason,PRECINCT 9,BALLOTS CAST,,DEM,BALLOTS CAST - DEMOCRATIC,59
Mason,PRECINCT 10,BALLOTS CAST,,DEM,BALLOTS CAST - DEMOCRATIC,61
Mason,PRECINCT 11,BALLOTS CAST,,DEM,BALLOTS CAST - DEMOCRATIC,8
Mason,PRECINCT 12,BALLOTS CAST,,DEM,BALLOTS CAST - DEMOCRATIC,29
Mason,PRECINCT 13,BALLOTS CAST,,DEM,BALLOTS CAST - DEMOCRATIC,57
Mason,PRECINCT 14,BALLOTS CAST,,DEM,BALLOTS CAST - DEMOCRATIC,50
Mason,PRECINCT 15,BALLOTS CAST,,DEM,BALLOTS CAST - DEMOCRATIC,40
Mason,PRECINCT 16,BALLOTS CAST,,DEM,BALLOTS CAST - DEMOCRATIC,50
Mason,PRECINCT 17,BALLOTS CAST,,DEM,BALLOTS CAST - DEMOCRATIC,45
Mason,PRECINCT 18,BALLOTS CAST,,DEM,BALLOTS CAST - DEMOCRATIC,49
Mason,PRECINCT 19,BALLOTS CAST,,DEM,BALLOTS CAST - DEMOCRATIC,46
Mason,PRECINCT 20,BALLOTS CAST,,DEM,BALLOTS CAST - DEMOCRATIC,39
Mason,PRECINCT 21,BALLOTS CAST,,DEM,BALLOTS CAST - DEMOCRATIC,37
Mason,PRECINCT 22,BALLOTS CAST,,DEM,BALLOTS CAST - DEMOCRATIC,52
Mason,PRECINCT 23,BALLOTS CAST,,DEM,BALLOTS CAST - DEMOCRATIC,48
Mason,PRECINCT 24,BALLOTS CAST,,DEM,BALLOTS CAST - DEMOCRATIC,74
Mason,PRECINCT 25,BALLOTS CAST,,DEM,BALLOTS CAST - DEMOCRATIC,123
Mason,PRECINCT 26,BALLOTS CAST,,DEM,BALLOTS CAST - DEMOCRATIC,32
Mason,PRECINCT 27,BALLOTS CAST,,DEM,BALLOTS CAST - DEMOCRATIC,44
Mason,PRECINCT 28,BALLOTS CAST,,DEM,BALLOTS CAST - DEMOCRATIC,55
Mason,PRECINCT 29,BALLOTS CAST,,DEM,BALLOTS CAST - DEMOCRATIC,54
Mason,PRECINCT 30,BALLOTS CAST,,DEM,BALLOTS CAST - DEMOCRATIC,126
Mason,PRECINCT 1,BALLOTS CAST,,MTN,BALLOTS CAST - MOUNTAIN,0
Mason,PRECINCT 2,BALLOTS CAST,,MTN,BALLOTS CAST - MOUNTAIN,0
Mason,PRECINCT 3,BALLOTS CAST,,MTN,BALLOTS CAST - MOUNTAIN,0
Mason,PRECINCT 4,BALLOTS CAST,,MTN,BALLOTS CAST - MOUNTAIN,0
Mason,PRECINCT 5,BALLOTS CAST,,MTN,BALLOTS CAST - MOUNTAIN,1
Mason,PRECINCT 6,BALLOTS CAST,,MTN,BALLOTS CAST - MOUNTAIN,0
Mason,PRECINCT 7,BALLOTS CAST,,MTN,BALLOTS CAST - MOUNTAIN,0
Mason,PRECINCT 8,BALLOTS CAST,,MTN,BALLOTS CAST - MOUNTAIN,0
Mason,PRECINCT 9,BALLOTS CAST,,MTN,BALLOTS CAST - MOUNTAIN,0
Mason,PRECINCT 10,BALLOTS CAST,,MTN,BALLOTS CAST - MOUNTAIN,0
Mason,PRECINCT 11,BALLOTS CAST,,MTN,BALLOTS CAST - MOUNTAIN,0
Mason,PRECINCT 12,BALLOTS CAST,,MTN,BALLOTS CAST - MOUNTAIN,0
Mason,PRECINCT 13,BALLOTS CAST,,MTN,BALLOTS CAST - MOUNTAIN,0
Mason,PRECINCT 14,BALLOTS CAST,,MTN,BALLOTS CAST - MOUNTAIN,0
Mason,PRECINCT 15,BALLOTS CAST,,MTN,BALLOTS CAST - MOUNTAIN,0
Mason,PRECINCT 16,BALLOTS CAST,,MTN,BALLOTS CAST - MOUNTAIN,1
Mason,PRECINCT 17,BALLOTS CAST,,MTN,BALLOTS CAST - MOUNTAIN,0
Mason,PRECINCT 18,BALLOTS CAST,,MTN,BALLOTS CAST - MOUNTAIN,0
Mason,PRECINCT 19,BALLOTS CAST,,MTN,BALLOTS CAST - MOUNTAIN,1
Mason,PRECINCT 20,BALLOTS CAST,,MTN,BALLOTS CAST - MOUNTAIN,0
Mason,PRECINCT 21,BALLOTS CAST,,MTN,BALLOTS CAST - MOUNTAIN,0
Mason,PRECINCT 22,BALLOTS CAST,,MTN,BALLOTS CAST - MOUNTAIN,0
Mason,PRECINCT 23,BALLOTS CAST,,MTN,BALLOTS CAST - MOUNTAIN,1
Mason,PRECINCT 24,BALLOTS CAST,,MTN,BALLOTS CAST - MOUNTAIN,0
Mason,PRECINCT 25,BALLOTS CAST,,MTN,BALLOTS CAST - MOUNTAIN,0
Mason,PRECINCT 26,BALLOTS CAST,,MTN,BALLOTS CAST - MOUNTAIN,0
Mason,PRECINCT 27,BALLOTS CAST,,MTN,BALLOTS CAST - MOUNTAIN,1
Mason,PRECINCT 28,BALLOTS CAST,,MTN,BALLOTS CAST - MOUNTAIN,0
Mason,PRECINCT 29,BALLOTS CAST,,MTN,BALLOTS CAST - MOUNTAIN,0
Mason,PRECINCT 30,BALLOTS CAST,,MTN,BALLOTS CAST - MOUNTAIN,0
Mason,PRECINCT 1,BALLOTS CAST,,,BALLOTS CAST - NONPARTISAN,2
Mason,PRECINCT 2,BALLOTS CAST,,,BALLOTS CAST - NONPARTISAN,3
Mason,PRECINCT 3,BALLOTS CAST,,,BALLOTS CAST - NONPARTISAN,1
Mason,PRECINCT 4,BALLOTS CAST,,,BALLOTS CAST - NONPARTISAN,0
Mason,PRECINCT 5,BALLOTS CAST,,,BALLOTS CAST - NONPARTISAN,5
Mason,PRECINCT 6,BALLOTS CAST,,,BALLOTS CAST - NONPARTISAN,4
Mason,PRECINCT 7,BALLOTS CAST,,,BALLOTS CAST - NONPARTISAN,3
Mason,PRECINCT 8,BALLOTS CAST,,,BALLOTS CAST - NONPARTISAN,10
Mason,PRECINCT 9,BALLOTS CAST,,,BALLOTS CAST - NONPARTISAN,2
Mason,PRECINCT 10,BALLOTS CAST,,,BALLOTS CAST - NONPARTISAN,5
Mason,PRECINCT 11,BALLOTS CAST,,,BALLOTS CAST - NONPARTISAN,0
Mason,PRECINCT 12,BALLOTS CAST,,,BALLOTS CAST - NONPARTISAN,5
Mason,PRECINCT 13,BALLOTS CAST,,,BALLOTS CAST - NONPARTISAN,8
Mason,PRECINCT 14,BALLOTS CAST,,,BALLOTS CAST - NONPARTISAN,2
Mason,PRECINCT 15,BALLOTS CAST,,,BALLOTS CAST - NONPARTISAN,7
Mason,PRECINCT 16,BALLOTS CAST,,,BALLOTS CAST - NONPARTISAN,4
Mason,PRECINCT 17,BALLOTS CAST,,,BALLOTS CAST - NONPARTISAN,2
Mason,PRECINCT 18,BALLOTS CAST,,,BALLOTS CAST - NONPARTISAN,1
Mason,PRECINCT 19,BALLOTS CAST,,,BALLOTS CAST - NONPARTISAN,3
Mason,PRECINCT 20,BALLOTS CAST,,,BALLOTS CAST - NONPARTISAN,2
Mason,PRECINCT 21,BALLOTS CAST,,,BALLOTS CAST - NONPARTISAN,5
Mason,PRECINCT 22,BALLOTS CAST,,,BALLOTS CAST - NONPARTISAN,5
Mason,PRECINCT 23,BALLOTS CAST,,,BALLOTS CAST - NONPARTISAN,5
Mason,PRECINCT 24,BALLOTS CAST,,,BALLOTS CAST - NONPARTISAN,13
Mason,PRECINCT 25,BALLOTS CAST,,,BALLOTS CAST - NONPARTISAN,22
Mason,PRECINCT 26,BALLOTS CAST,,,BALLOTS CAST - NONPARTISAN,4
Mason,PRECINCT 27,BALLOTS CAST,,,BALLOTS CAST - NONPARTISAN,0
Mason,PRECINCT 28,BALLOTS CAST,,,BALLOTS CAST - NONPARTISAN,7
Mason,PRECINCT 29,BALLOTS CAST,,,BALLOTS CAST - NONPARTISAN,3
Mason,PRECINCT 30,BALLOTS CAST,,,BALLOTS CAST - NONPARTISAN,13
Mason,PRECINCT 1,President,,REP,NIKKI R.  HALEY,0
Mason,PRECINCT 2,President,,REP,NIKKI R.  HALEY,5
Mason,PRECINCT 3,President,,REP,NIKKI R.  HALEY,8
Mason,PRECINCT 4,President,,REP,NIKKI R.  HALEY,14
Mason,PRECINCT 5,President,,REP,NIKKI R.  HALEY,4
Mason,PRECINCT 6,President,,REP,NIKKI R.  HALEY,8
Mason,PRECINCT 7,President,,REP,NIKKI R.  HALEY,15
Mason,PRECINCT 8,President,,REP,NIKKI R.  HALEY,11
Mason,PRECINCT 9,President,,REP,NIKKI R.  HALEY,11
Mason,PRECINCT 10,President,,REP,NIKKI R.  HALEY,17
Mason,PRECINCT 11,President,,REP,NIKKI R.  HALEY,0
Mason,PRECINCT 12,President,,REP,NIKKI R.  HALEY,10
Mason,PRECINCT 13,President,,REP,NIKKI R.  HALEY,8
Mason,PRECINCT 14,President,,REP,NIKKI R.  HALEY,3
Mason,PRECINCT 15,President,,REP,NIKKI R.  HALEY,8
Mason,PRECINCT 16,President,,REP,NIKKI R.  HALEY,14
Mason,PRECINCT 17,President,,REP,NIKKI R.  HALEY,17
Mason,PRECINCT 18,President,,REP,NIKKI R.  HALEY,9
Mason,PRECINCT 19,President,,REP,NIKKI R.  HALEY,7
Mason,PRECINCT 20,President,,REP,NIKKI R.  HALEY,8
Mason,PRECINCT 21,President,,REP,NIKKI R.  HALEY,9
Mason,PRECINCT 22,President,,REP,NIKKI R.  HALEY,8
Mason,PRECINCT 23,President,,REP,NIKKI R.  HALEY,4
Mason,PRECINCT 24,President,,REP,NIKKI R.  HALEY,6
Mason,PRECINCT 25,President,,REP,NIKKI R.  HALEY,13
Mason,PRECINCT 26,President,,REP,NIKKI R.  HALEY,4
Mason,PRECINCT 27,President,,REP,NIKKI R.  HALEY,5
Mason,PRECINCT 28,President,,REP,NIKKI R.  HALEY,6
Mason,PRECINCT 29,President,,REP,NIKKI R.  HALEY,8
Mason,PRECINCT 30,President,,REP,NIKKI R.  HALEY,24
Mason,PRECINCT 1,President,,REP,RYAN L.  BINKLEY,0
Mason,PRECINCT 2,President,,REP,RYAN L.  BINKLEY,0
Mason,PRECINCT 3,President,,REP,RYAN L.  BINKLEY,0
Mason,PRECINCT 4,President,,REP,RYAN L.  BINKLEY,1
Mason,PRECINCT 5,President,,REP,RYAN L.  BINKLEY,1
Mason,PRECINCT 6,President,,REP,RYAN L.  BINKLEY,0
Mason,PRECINCT 7,President,,REP,RYAN L.  BINKLEY,1
Mason,PRECINCT 8,President,,REP,RYAN L.  BINKLEY,0
Mason,PRECINCT 9,President,,REP,RYAN L.  BINKLEY,3
Mason,PRECINCT 10,President,,REP,RYAN L.  BINKLEY,0
Mason,PRECINCT 11,President,,REP,RYAN L.  BINKLEY,0
Mason,PRECINCT 12,President,,REP,RYAN L.  BINKLEY,0
Mason,PRECINCT 13,President,,REP,RYAN L.  BINKLEY,1
Mason,PRECINCT 14,President,,REP,RYAN L.  BINKLEY,0
Mason,PRECINCT 15,President,,REP,RYAN L.  BINKLEY,2
Mason,PRECINCT 16,President,,REP,RYAN L.  BINKLEY,1
Mason,PRECINCT 17,President,,REP,RYAN L.  BINKLEY,0
Mason,PRECINCT 18,President,,REP,RYAN L.  BINKLEY,0
Mason,PRECINCT 19,President,,REP,RYAN L.  BINKLEY,1
Mason,PRECINCT 20,President,,REP,RYAN L.  BINKLEY,3
Mason,PRECINCT 21,President,,REP,RYAN L.  BINKLEY,1
Mason,PRECINCT 22,President,,REP,RYAN L.  BINKLEY,1
Mason,PRECINCT 23,President,,REP,RYAN L.  BINKLEY,0
Mason,PRECINCT 24,President,,REP,RYAN L.  BINKLEY,1
Mason,PRECINCT 25,President,,REP,RYAN L.  BINKLEY,0
Mason,PRECINCT 26,President,,REP,RYAN L.  BINKLEY,0
Mason,PRECINCT 27,President,,REP,RYAN L.  BINKLEY,0
Mason,PRECINCT 28,President,,REP,RYAN L.  BINKLEY,1
Mason,PRECINCT 29,President,,REP,RYAN L.  BINKLEY,1
Mason,PRECINCT 30,President,,REP,RYAN L.  BINKLEY,1
Mason,PRECINCT 1,President,,REP,DAVID STUCKENBERG,0
Mason,PRECINCT 2,President,,REP,DAVID STUCKENBERG,0
Mason,PRECINCT 3,President,,REP,DAVID STUCKENBERG,0
Mason,PRECINCT 4,President,,REP,DAVID STUCKENBERG,0
Mason,PRECINCT 5,President,,REP,DAVID STUCKENBERG,1
Mason,PRECINCT 6,President,,REP,DAVID STUCKENBERG,0
Mason,PRECINCT 7,President,,REP,DAVID STUCKENBERG,1
Mason,PRECINCT 8,President,,REP,DAVID STUCKENBERG,1
Mason,PRECINCT 9,President,,REP,DAVID STUCKENBERG,0
Mason,PRECINCT 10,President,,REP,DAVID STUCKENBERG,1
Mason,PRECINCT 11,President,,REP,DAVID STUCKENBERG,0
Mason,PRECINCT 12,President,,REP,DAVID STUCKENBERG,0
Mason,PRECINCT 13,President,,REP,DAVID STUCKENBERG,0
Mason,PRECINCT 14,President,,REP,DAVID STUCKENBERG,0
Mason,PRECINCT 15,President,,REP,DAVID STUCKENBERG,2
Mason,PRECINCT 16,President,,REP,DAVID STUCKENBERG,1
Mason,PRECINCT 17,President,,REP,DAVID STUCKENBERG,0
Mason,PRECINCT 18,President,,REP,DAVID STUCKENBERG,0
Mason,PRECINCT 19,President,,REP,DAVID STUCKENBERG,2
Mason,PRECINCT 20,President,,REP,DAVID STUCKENBERG,0
Mason,PRECINCT 21,President,,REP,DAVID STUCKENBERG,0
Mason,PRECINCT 22,President,,REP,DAVID STUCKENBERG,1
Mason,PRECINCT 23,President,,REP,DAVID STUCKENBERG,1
Mason,PRECINCT 24,President,,REP,DAVID STUCKENBERG,0
Mason,PRECINCT 25,President,,REP,DAVID STUCKENBERG,1
Mason,PRECINCT 26,President,,REP,DAVID STUCKENBERG,0
Mason,PRECINCT 27,President,,REP,DAVID STUCKENBERG,0
Mason,PRECINCT 28,President,,REP,DAVID STUCKENBERG,2
Mason,PRECINCT 29,President,,REP,DAVID STUCKENBERG,0
Mason,PRECINCT 30,President,,REP,DAVID STUCKENBERG,3
Mason,PRECINCT 1,President,,REP,RACHEL HANNA MoHAWK SWIFT,0
Mason,PRECINCT 2,President,,REP,RACHEL HANNA MoHAWK SWIFT,1
Mason,PRECINCT 3,President,,REP,RACHEL HANNA MoHAWK SWIFT,1
Mason,PRECINCT 4,President,,REP,RACHEL HANNA MoHAWK SWIFT,1
Mason,PRECINCT 5,President,,REP,RACHEL HANNA MoHAWK SWIFT,2
Mason,PRECINCT 6,President,,REP,RACHEL HANNA MoHAWK SWIFT,0
Mason,PRECINCT 7,President,,REP,RACHEL HANNA MoHAWK SWIFT,0
Mason,PRECINCT 8,President,,REP,RACHEL HANNA MoHAWK SWIFT,4
Mason,PRECINCT 9,President,,REP,RACHEL HANNA MoHAWK SWIFT,1
Mason,PRECINCT 10,President,,REP,RACHEL HANNA MoHAWK SWIFT,3
Mason,PRECINCT 11,President,,REP,RACHEL HANNA MoHAWK SWIFT,0
Mason,PRECINCT 12,President,,REP,RACHEL HANNA MoHAWK SWIFT,1
Mason,PRECINCT 13,President,,REP,RACHEL HANNA MoHAWK SWIFT,1
Mason,PRECINCT 14,President,,REP,RACHEL HANNA MoHAWK SWIFT,0
Mason,PRECINCT 15,President,,REP,RACHEL HANNA MoHAWK SWIFT,1
Mason,PRECINCT 16,President,,REP,RACHEL HANNA MoHAWK SWIFT,1
Mason,PRECINCT 17,President,,REP,RACHEL HANNA MoHAWK SWIFT,1
Mason,PRECINCT 18,President,,REP,RACHEL HANNA MoHAWK SWIFT,1
Mason,PRECINCT 19,President,,REP,RACHEL HANNA MoHAWK SWIFT,1
Mason,PRECINCT 20,President,,REP,RACHEL HANNA MoHAWK SWIFT,0
Mason,PRECINCT 21,President,,REP,RACHEL HANNA MoHAWK SWIFT,0
Mason,PRECINCT 22,President,,REP,RACHEL HANNA MoHAWK SWIFT,0
Mason,PRECINCT 23,President,,REP,RACHEL HANNA MoHAWK SWIFT,1
Mason,PRECINCT 24,President,,REP,RACHEL HANNA MoHAWK SWIFT,1
Mason,PRECINCT 25,President,,REP,RACHEL HANNA MoHAWK SWIFT,1
Mason,PRECINCT 26,President,,REP,RACHEL HANNA MoHAWK SWIFT,1
Mason,PRECINCT 27,President,,REP,RACHEL HANNA MoHAWK SWIFT,1
Mason,PRECINCT 28,President,,REP,RACHEL HANNA MoHAWK SWIFT,0
Mason,PRECINCT 29,President,,REP,RACHEL HANNA MoHAWK SWIFT,0
Mason,PRECINCT 30,President,,REP,RACHEL HANNA MoHAWK SWIFT,2
Mason,PRECINCT 1,President,,REP,DONALD J. TRUMP,35
Mason,PRECINCT 2,President,,REP,DONALD J. TRUMP,19
Mason,PRECINCT 3,President,,REP,DONALD J. TRUMP,39
Mason,PRECINCT 4,President,,REP,DONALD J. TRUMP,73
Mason,PRECINCT 5,President,,REP,DONALD J. TRUMP,56
Mason,PRECINCT 6,President,,REP,DONALD J. TRUMP,77
Mason,PRECINCT 7,President,,REP,DONALD J. TRUMP,81
Mason,PRECINCT 8,President,,REP,DONALD J. TRUMP,99
Mason,PRECINCT 9,President,,REP,DONALD J. TRUMP,130
Mason,PRECINCT 10,President,,REP,DONALD J. TRUMP,130
Mason,PRECINCT 11,President,,REP,DONALD J. TRUMP,11
Mason,PRECINCT 12,President,,REP,DONALD J. TRUMP,84
Mason,PRECINCT 13,President,,REP,DONALD J. TRUMP,179
Mason,PRECINCT 14,President,,REP,DONALD J. TRUMP,120
Mason,PRECINCT 15,President,,REP,DONALD J. TRUMP,82
Mason,PRECINCT 16,President,,REP,DONALD J. TRUMP,173
Mason,PRECINCT 17,President,,REP,DONALD J. TRUMP,118
Mason,PRECINCT 18,President,,REP,DONALD J. TRUMP,81
Mason,PRECINCT 19,President,,REP,DONALD J. TRUMP,139
Mason,PRECINCT 20,President,,REP,DONALD J. TRUMP,81
Mason,PRECINCT 21,President,,REP,DONALD J. TRUMP,125
Mason,PRECINCT 22,President,,REP,DONALD J. TRUMP,159
Mason,PRECINCT 23,President,,REP,DONALD J. TRUMP,115
Mason,PRECINCT 24,President,,REP,DONALD J. TRUMP,127
Mason,PRECINCT 25,President,,REP,DONALD J. TRUMP,192
Mason,PRECINCT 26,President,,REP,DONALD J. TRUMP,41
Mason,PRECINCT 27,President,,REP,DONALD J. TRUMP,101
Mason,PRECINCT 28,President,,REP,DONALD J. TRUMP,131
Mason,PRECINCT 29,President,,REP,DONALD J. TRUMP,122
Mason,PRECINCT 30,President,,REP,DONALD J. TRUMP,271
Mason,PRECINCT 1,President,,DEM,JASON MICHAEL  PALMER,1
Mason,PRECINCT 2,President,,DEM,JASON MICHAEL  PALMER,3
Mason,PRECINCT 3,President,,DEM,JASON MICHAEL  PALMER,4
Mason,PRECINCT 4,President,,DEM,JASON MICHAEL  PALMER,2
Mason,PRECINCT 5,President,,DEM,JASON MICHAEL  PALMER,1
Mason,PRECINCT 6,President,,DEM,JASON MICHAEL  PALMER,5
Mason,PRECINCT 7,President,,DEM,JASON MICHAEL  PALMER,4
Mason,PRECINCT 8,President,,DEM,JASON MICHAEL  PALMER,5
Mason,PRECINCT 9,President,,DEM,JASON MICHAEL  PALMER,9
Mason,PRECINCT 10,President,,DEM,JASON MICHAEL  PALMER,13
Mason,PRECINCT 11,President,,DEM,JASON MICHAEL  PALMER,0
Mason,PRECINCT 12,President,,DEM,JASON MICHAEL  PALMER,6
Mason,PRECINCT 13,President,,DEM,JASON MICHAEL  PALMER,8
Mason,PRECINCT 14,President,,DEM,JASON MICHAEL  PALMER,8
Mason,PRECINCT 15,President,,DEM,JASON MICHAEL  PALMER,6
Mason,PRECINCT 16,President,,DEM,JASON MICHAEL  PALMER,6
Mason,PRECINCT 17,President,,DEM,JASON MICHAEL  PALMER,10
Mason,PRECINCT 18,President,,DEM,JASON MICHAEL  PALMER,6
Mason,PRECINCT 19,President,,DEM,JASON MICHAEL  PALMER,12
Mason,PRECINCT 20,President,,DEM,JASON MICHAEL  PALMER,8
Mason,PRECINCT 21,President,,DEM,JASON MICHAEL  PALMER,10
Mason,PRECINCT 22,President,,DEM,JASON MICHAEL  PALMER,14
Mason,PRECINCT 23,President,,DEM,JASON MICHAEL  PALMER,9
Mason,PRECINCT 24,President,,DEM,JASON MICHAEL  PALMER,9
Mason,PRECINCT 25,President,,DEM,JASON MICHAEL  PALMER,22
Mason,PRECINCT 26,President,,DEM,JASON MICHAEL  PALMER,7
Mason,PRECINCT 27,President,,DEM,JASON MICHAEL  PALMER,11
Mason,PRECINCT 28,President,,DEM,JASON MICHAEL  PALMER,15
Mason,PRECINCT 29,President,,DEM,JASON MICHAEL  PALMER,9
Mason,PRECINCT 30,President,,DEM,JASON MICHAEL  PALMER,21
Mason,PRECINCT 1,President,,DEM,STEPHEN P  LYONS,0
Mason,PRECINCT 2,President,,DEM,STEPHEN P  LYONS,0
Mason,PRECINCT 3,President,,DEM,STEPHEN P  LYONS,1
Mason,PRECINCT 4,President,,DEM,STEPHEN P  LYONS,2
Mason,PRECINCT 5,President,,DEM,STEPHEN P  LYONS,0
Mason,PRECINCT 6,President,,DEM,STEPHEN P  LYONS,1
Mason,PRECINCT 7,President,,DEM,STEPHEN P  LYONS,1
Mason,PRECINCT 8,President,,DEM,STEPHEN P  LYONS,1
Mason,PRECINCT 9,President,,DEM,STEPHEN P  LYONS,2
Mason,PRECINCT 10,President,,DEM,STEPHEN P  LYONS,7
Mason,PRECINCT 11,President,,DEM,STEPHEN P  LYONS,0
Mason,PRECINCT 12,President,,DEM,STEPHEN P  LYONS,5
Mason,PRECINCT 13,President,,DEM,STEPHEN P  LYONS,8
Mason,PRECINCT 14,President,,DEM,STEPHEN P  LYONS,3
Mason,PRECINCT 15,President,,DEM,STEPHEN P  LYONS,3
Mason,PRECINCT 16,President,,DEM,STEPHEN P  LYONS,5
Mason,PRECINCT 17,President,,DEM,STEPHEN P  LYONS,2
Mason,PRECINCT 18,President,,DEM,STEPHEN P  LYONS,8
Mason,PRECINCT 19,President,,DEM,STEPHEN P  LYONS,0
Mason,PRECINCT 20,President,,DEM,STEPHEN P  LYONS,4
Mason,PRECINCT 21,President,,DEM,STEPHEN P  LYONS,5
Mason,PRECINCT 22,President,,DEM,STEPHEN P  LYONS,4
Mason,PRECINCT 23,President,,DEM,STEPHEN P  LYONS,4
Mason,PRECINCT 24,President,,DEM,STEPHEN P  LYONS,3
Mason,PRECINCT 25,President,,DEM,STEPHEN P  LYONS,11
Mason,PRECINCT 26,President,,DEM,STEPHEN P  LYONS,1
Mason,PRECINCT 27,President,,DEM,STEPHEN P  LYONS,4
Mason,PRECINCT 28,President,,DEM,STEPHEN P  LYONS,3
Mason,PRECINCT 29,President,,DEM,STEPHEN P  LYONS,2
Mason,PRECINCT 30,President,,DEM,STEPHEN P  LYONS,8
Mason,PRECINCT 1,President,,DEM,DEAN PHILLIPS,0
Mason,PRECINCT 2,President,,DEM,DEAN PHILLIPS,0
Mason,PRECINCT 3,President,,DEM,DEAN PHILLIPS,1
Mason,PRECINCT 4,President,,DEM,DEAN PHILLIPS,4
Mason,PRECINCT 5,President,,DEM,DEAN PHILLIPS,3
Mason,PRECINCT 6,President,,DEM,DEAN PHILLIPS,2
Mason,PRECINCT 7,President,,DEM,DEAN PHILLIPS,3
Mason,PRECINCT 8,President,,DEM,DEAN PHILLIPS,2
Mason,PRECINCT 9,President,,DEM,DEAN PHILLIPS,5
Mason,PRECINCT 10,President,,DEM,DEAN PHILLIPS,3
Mason,PRECINCT 11,President,,DEM,DEAN PHILLIPS,1
Mason,PRECINCT 12,President,,DEM,DEAN PHILLIPS,3
Mason,PRECINCT 13,President,,DEM,DEAN PHILLIPS,2
Mason,PRECINCT 14,President,,DEM,DEAN PHILLIPS,2
Mason,PRECINCT 15,President,,DEM,DEAN PHILLIPS,2
Mason,PRECINCT 16,President,,DEM,DEAN PHILLIPS,2
Mason,PRECINCT 17,President,,DEM,DEAN PHILLIPS,4
Mason,PRECINCT 18,President,,DEM,DEAN PHILLIPS,2
Mason,PRECINCT 19,President,,DEM,DEAN PHILLIPS,3
Mason,PRECINCT 20,President,,DEM,DEAN PHILLIPS,2
Mason,PRECINCT 21,President,,DEM,DEAN PHILLIPS,3
Mason,PRECINCT 22,President,,DEM,DEAN PHILLIPS,3
Mason,PRECINCT 23,President,,DEM,DEAN PHILLIPS,7
Mason,PRECINCT 24,President,,DEM,DEAN PHILLIPS,5
Mason,PRECINCT 25,President,,DEM,DEAN PHILLIPS,4
Mason,PRECINCT 26,President,,DEM,DEAN PHILLIPS,3
Mason,PRECINCT 27,President,,DEM,DEAN PHILLIPS,2
Mason,PRECINCT 28,President,,DEM,DEAN PHILLIPS,1
Mason,PRECINCT 29,President,,DEM,DEAN PHILLIPS,10
Mason,PRECINCT 30,President,,DEM,DEAN PHILLIPS,11
Mason,PRECINCT 1,President,,DEM,JOSEPH R. BIDEN JR,8
Mason,PRECINCT 2,President,,DEM,JOSEPH R. BIDEN JR,13
Mason,PRECINCT 3,President,,DEM,JOSEPH R. BIDEN JR,26
Mason,PRECINCT 4,President,,DEM,JOSEPH R. BIDEN JR,31
Mason,PRECINCT 5,President,,DEM,JOSEPH R. BIDEN JR,30
Mason,PRECINCT 6,President,,DEM,JOSEPH R. BIDEN JR,19
Mason,PRECINCT 7,President,,DEM,JOSEPH R. BIDEN JR,33
Mason,PRECINCT 8,President,,DEM,JOSEPH R. BIDEN JR,38
Mason,PRECINCT 9,President,,DEM,JOSEPH R. BIDEN JR,32
Mason,PRECINCT 10,President,,DEM,JOSEPH R. BIDEN JR,30
Mason,PRECINCT 11,President,,DEM,JOSEPH R. BIDEN JR,5
Mason,PRECINCT 12,President,,DEM,JOSEPH R. BIDEN JR,10
Mason,PRECINCT 13,President,,DEM,JOSEPH R. BIDEN JR,24
Mason,PRECINCT 14,President,,DEM,JOSEPH R. BIDEN JR,15
Mason,PRECINCT 15,President,,DEM,JOSEPH R. BIDEN JR,22
Mason,PRECINCT 16,President,,DEM,JOSEPH R. BIDEN JR,24
Mason,PRECINCT 17,President,,DEM,JOSEPH R. BIDEN JR,20
Mason,PRECINCT 18,President,,DEM,JOSEPH R. BIDEN JR,21
Mason,PRECINCT 19,President,,DEM,JOSEPH R. BIDEN JR,23
Mason,PRECINCT 20,President,,DEM,JOSEPH R. BIDEN JR,16
Mason,PRECINCT 21,President,,DEM,JOSEPH R. BIDEN JR,13
Mason,PRECINCT 22,President,,DEM,JOSEPH R. BIDEN JR,25
Mason,PRECINCT 23,President,,DEM,JOSEPH R. BIDEN JR,18
Mason,PRECINCT 24,President,,DEM,JOSEPH R. BIDEN JR,35
Mason,PRECINCT 25,President,,DEM,JOSEPH R. BIDEN JR,59
Mason,PRECINCT 26,President,,DEM,JOSEPH R. BIDEN JR,9
Mason,PRECINCT 27,President,,DEM,JOSEPH R. BIDEN JR,15
Mason,PRECINCT 28,President,,DEM,JOSEPH R. BIDEN JR,21
Mason,PRECINCT 29,President,,DEM,JOSEPH R. BIDEN JR,26
Mason,PRECINCT 30,President,,DEM,JOSEPH R. BIDEN JR,53
Mason,PRECINCT 1,President,,DEM,ARMANDO 'MANDO'  PEREZ-SERRATO,0
Mason,PRECINCT 2,President,,DEM,ARMANDO 'MANDO'  PEREZ-SERRATO,0
Mason,PRECINCT 3,President,,DEM,ARMANDO 'MANDO'  PEREZ-SERRATO,1
Mason,PRECINCT 4,President,,DEM,ARMANDO 'MANDO'  PEREZ-SERRATO,6
Mason,PRECINCT 5,President,,DEM,ARMANDO 'MANDO'  PEREZ-SERRATO,1
Mason,PRECINCT 6,President,,DEM,ARMANDO 'MANDO'  PEREZ-SERRATO,1
Mason,PRECINCT 7,President,,DEM,ARMANDO 'MANDO'  PEREZ-SERRATO,0
Mason,PRECINCT 8,President,,DEM,ARMANDO 'MANDO'  PEREZ-SERRATO,2
Mason,PRECINCT 9,President,,DEM,ARMANDO 'MANDO'  PEREZ-SERRATO,1
Mason,PRECINCT 10,President,,DEM,ARMANDO 'MANDO'  PEREZ-SERRATO,1
Mason,PRECINCT 11,President,,DEM,ARMANDO 'MANDO'  PEREZ-SERRATO,1
Mason,PRECINCT 12,President,,DEM,ARMANDO 'MANDO'  PEREZ-SERRATO,2
Mason,PRECINCT 13,President,,DEM,ARMANDO 'MANDO'  PEREZ-SERRATO,1
Mason,PRECINCT 14,President,,DEM,ARMANDO 'MANDO'  PEREZ-SERRATO,2
Mason,PRECINCT 15,President,,DEM,ARMANDO 'MANDO'  PEREZ-SERRATO,0
Mason,PRECINCT 16,President,,DEM,ARMANDO 'MANDO'  PEREZ-SERRATO,2
Mason,PRECINCT 17,President,,DEM,ARMANDO 'MANDO'  PEREZ-SERRATO,0
Mason,PRECINCT 18,President,,DEM,ARMANDO 'MANDO'  PEREZ-SERRATO,3
Mason,PRECINCT 19,President,,DEM,ARMANDO 'MANDO'  PEREZ-SERRATO,1
Mason,PRECINCT 20,President,,DEM,ARMANDO 'MANDO'  PEREZ-SERRATO,0
Mason,PRECINCT 21,President,,DEM,ARMANDO 'MANDO'  PEREZ-SERRATO,0
Mason,PRECINCT 22,President,,DEM,ARMANDO 'MANDO'  PEREZ-SERRATO,2
Mason,PRECINCT 23,President,,DEM,ARMANDO 'MANDO'  PEREZ-SERRATO,2
Mason,PRECINCT 24,President,,DEM,ARMANDO 'MANDO'  PEREZ-SERRATO,2
Mason,PRECINCT 25,President,,DEM,ARMANDO 'MANDO'  PEREZ-SERRATO,2
Mason,PRECINCT 26,President,,DEM,ARMANDO 'MANDO'  PEREZ-SERRATO,3
Mason,PRECINCT 27,President,,DEM,ARMANDO 'MANDO'  PEREZ-SERRATO,2
Mason,PRECINCT 28,President,,DEM,ARMANDO 'MANDO'  PEREZ-SERRATO,0
Mason,PRECINCT 29,President,,DEM,ARMANDO 'MANDO'  PEREZ-SERRATO,0
Mason,PRECINCT 30,President,,DEM,ARMANDO 'MANDO'  PEREZ-SERRATO,5
Mason,PRECINCT 1,President,,MTN,JILL STEIN,0
Mason,PRECINCT 2,President,,MTN,JILL STEIN,0
Mason,PRECINCT 3,President,,MTN,JILL STEIN,0
Mason,PRECINCT 4,President,,MTN,JILL STEIN,0
Mason,PRECINCT 5,President,,MTN,JILL STEIN,1
Mason,PRECINCT 6,President,,MTN,JILL STEIN,0
Mason,PRECINCT 7,President,,MTN,JILL STEIN,0
Mason,PRECINCT 8,President,,MTN,JILL STEIN,0
Mason,PRECINCT 9,President,,MTN,JILL STEIN,0
Mason,PRECINCT 10,President,,MTN,JILL STEIN,0
Mason,PRECINCT 11,President,,MTN,JILL STEIN,0
Mason,PRECINCT 12,President,,MTN,JILL STEIN,0
Mason,PRECINCT 13,President,,MTN,JILL STEIN,0
Mason,PRECINCT 14,President,,MTN,JILL STEIN,0
Mason,PRECINCT 15,President,,MTN,JILL STEIN,0
Mason,PRECINCT 16,President,,MTN,JILL STEIN,1
Mason,PRECINCT 17,President,,MTN,JILL STEIN,0
Mason,PRECINCT 18,President,,MTN,JILL STEIN,0
Mason,PRECINCT 19,President,,MTN,JILL STEIN,1
Mason,PRECINCT 20,President,,MTN,JILL STEIN,0
Mason,PRECINCT 21,President,,MTN,JILL STEIN,0
Mason,PRECINCT 22,President,,MTN,JILL STEIN,0
Mason,PRECINCT 23,President,,MTN,JILL STEIN,1
Mason,PRECINCT 24,President,,MTN,JILL STEIN,0
Mason,PRECINCT 25,President,,MTN,JILL STEIN,0
Mason,PRECINCT 26,President,,MTN,JILL STEIN,0
Mason,PRECINCT 27,President,,MTN,JILL STEIN,0
Mason,PRECINCT 28,President,,MTN,JILL STEIN,0
Mason,PRECINCT 29,President,,MTN,JILL STEIN,0
Mason,PRECINCT 30,President,,MTN,JILL STEIN,0
Mason,PRECINCT 1,U.S. Senate,,REP,ZANE LAWHORN,1
Mason,PRECINCT 2,U.S. Senate,,REP,ZANE LAWHORN,0
Mason,PRECINCT 3,U.S. Senate,,REP,ZANE LAWHORN,0
Mason,PRECINCT 4,U.S. Senate,,REP,ZANE LAWHORN,1
Mason,PRECINCT 5,U.S. Senate,,REP,ZANE LAWHORN,0
Mason,PRECINCT 6,U.S. Senate,,REP,ZANE LAWHORN,5
Mason,PRECINCT 7,U.S. Senate,,REP,ZANE LAWHORN,1
Mason,PRECINCT 8,U.S. Senate,,REP,ZANE LAWHORN,0
Mason,PRECINCT 9,U.S. Senate,,REP,ZANE LAWHORN,4
Mason,PRECINCT 10,U.S. Senate,,REP,ZANE LAWHORN,6
Mason,PRECINCT 11,U.S. Senate,,REP,ZANE LAWHORN,0
Mason,PRECINCT 12,U.S. Senate,,REP,ZANE LAWHORN,3
Mason,PRECINCT 13,U.S. Senate,,REP,ZANE LAWHORN,6
Mason,PRECINCT 14,U.S. Senate,,REP,ZANE LAWHORN,2
Mason,PRECINCT 15,U.S. Senate,,REP,ZANE LAWHORN,2
Mason,PRECINCT 16,U.S. Senate,,REP,ZANE LAWHORN,4
Mason,PRECINCT 17,U.S. Senate,,REP,ZANE LAWHORN,4
Mason,PRECINCT 18,U.S. Senate,,REP,ZANE LAWHORN,1
Mason,PRECINCT 19,U.S. Senate,,REP,ZANE LAWHORN,2
Mason,PRECINCT 20,U.S. Senate,,REP,ZANE LAWHORN,1
Mason,PRECINCT 21,U.S. Senate,,REP,ZANE LAWHORN,2
Mason,PRECINCT 22,U.S. Senate,,REP,ZANE LAWHORN,1
Mason,PRECINCT 23,U.S. Senate,,REP,ZANE LAWHORN,3
Mason,PRECINCT 24,U.S. Senate,,REP,ZANE LAWHORN,1
Mason,PRECINCT 25,U.S. Senate,,REP,ZANE LAWHORN,5
Mason,PRECINCT 26,U.S. Senate,,REP,ZANE LAWHORN,1
Mason,PRECINCT 27,U.S. Senate,,REP,ZANE LAWHORN,2
Mason,PRECINCT 28,U.S. Senate,,REP,ZANE LAWHORN,3
Mason,PRECINCT 29,U.S. Senate,,REP,ZANE LAWHORN,5
Mason,PRECINCT 30,U.S. Senate,,REP,ZANE LAWHORN,2
Mason,PRECINCT 1,U.S. Senate,,REP,ALEXANDER X.  MOONEY,9
Mason,PRECINCT 2,U.S. Senate,,REP,ALEXANDER X.  MOONEY,3
Mason,PRECINCT 3,U.S. Senate,,REP,ALEXANDER X.  MOONEY,7
Mason,PRECINCT 4,U.S. Senate,,REP,ALEXANDER X.  MOONEY,14
Mason,PRECINCT 5,U.S. Senate,,REP,ALEXANDER X.  MOONEY,10
Mason,PRECINCT 6,U.S. Senate,,REP,ALEXANDER X.  MOONEY,12
Mason,PRECINCT 7,U.S. Senate,,REP,ALEXANDER X.  MOONEY,21
Mason,PRECINCT 8,U.S. Senate,,REP,ALEXANDER X.  MOONEY,25
Mason,PRECINCT 9,U.S. Senate,,REP,ALEXANDER X.  MOONEY,33
Mason,PRECINCT 10,U.S. Senate,,REP,ALEXANDER X.  MOONEY,24
Mason,PRECINCT 11,U.S. Senate,,REP,ALEXANDER X.  MOONEY,4
Mason,PRECINCT 12,U.S. Senate,,REP,ALEXANDER X.  MOONEY,30
Mason,PRECINCT 13,U.S. Senate,,REP,ALEXANDER X.  MOONEY,45
Mason,PRECINCT 14,U.S. Senate,,REP,ALEXANDER X.  MOONEY,35
Mason,PRECINCT 15,U.S. Senate,,REP,ALEXANDER X.  MOONEY,18
Mason,PRECINCT 16,U.S. Senate,,REP,ALEXANDER X.  MOONEY,46
Mason,PRECINCT 17,U.S. Senate,,REP,ALEXANDER X.  MOONEY,46
Mason,PRECINCT 18,U.S. Senate,,REP,ALEXANDER X.  MOONEY,19
Mason,PRECINCT 19,U.S. Senate,,REP,ALEXANDER X.  MOONEY,37
Mason,PRECINCT 20,U.S. Senate,,REP,ALEXANDER X.  MOONEY,23
Mason,PRECINCT 21,U.S. Senate,,REP,ALEXANDER X.  MOONEY,39
Mason,PRECINCT 22,U.S. Senate,,REP,ALEXANDER X.  MOONEY,31
Mason,PRECINCT 23,U.S. Senate,,REP,ALEXANDER X.  MOONEY,32
Mason,PRECINCT 24,U.S. Senate,,REP,ALEXANDER X.  MOONEY,42
Mason,PRECINCT 25,U.S. Senate,,REP,ALEXANDER X.  MOONEY,28
Mason,PRECINCT 26,U.S. Senate,,REP,ALEXANDER X.  MOONEY,13
Mason,PRECINCT 27,U.S. Senate,,REP,ALEXANDER X.  MOONEY,16
Mason,PRECINCT 28,U.S. Senate,,REP,ALEXANDER X.  MOONEY,27
Mason,PRECINCT 29,U.S. Senate,,REP,ALEXANDER X.  MOONEY,30
Mason,PRECINCT 30,U.S. Senate,,REP,ALEXANDER X.  MOONEY,53
Mason,PRECINCT 1,U.S. Senate,,REP,DON  LINDSAY,1
Mason,PRECINCT 2,U.S. Senate,,REP,DON  LINDSAY,0
Mason,PRECINCT 3,U.S. Senate,,REP,DON  LINDSAY,0
Mason,PRECINCT 4,U.S. Senate,,REP,DON  LINDSAY,2
Mason,PRECINCT 5,U.S. Senate,,REP,DON  LINDSAY,0
Mason,PRECINCT 6,U.S. Senate,,REP,DON  LINDSAY,1
Mason,PRECINCT 7,U.S. Senate,,REP,DON  LINDSAY,1
Mason,PRECINCT 8,U.S. Senate,,REP,DON  LINDSAY,1
Mason,PRECINCT 9,U.S. Senate,,REP,DON  LINDSAY,4
Mason,PRECINCT 10,U.S. Senate,,REP,DON  LINDSAY,5
Mason,PRECINCT 11,U.S. Senate,,REP,DON  LINDSAY,0
Mason,PRECINCT 12,U.S. Senate,,REP,DON  LINDSAY,1
Mason,PRECINCT 13,U.S. Senate,,REP,DON  LINDSAY,1
Mason,PRECINCT 14,U.S. Senate,,REP,DON  LINDSAY,0
Mason,PRECINCT 15,U.S. Senate,,REP,DON  LINDSAY,0
Mason,PRECINCT 16,U.S. Senate,,REP,DON  LINDSAY,1
Mason,PRECINCT 17,U.S. Senate,,REP,DON  LINDSAY,1
Mason,PRECINCT 18,U.S. Senate,,REP,DON  LINDSAY,1
Mason,PRECINCT 19,U.S. Senate,,REP,DON  LINDSAY,5
Mason,PRECINCT 20,U.S. Senate,,REP,DON  LINDSAY,1
Mason,PRECINCT 21,U.S. Senate,,REP,DON  LINDSAY,1
Mason,PRECINCT 22,U.S. Senate,,REP,DON  LINDSAY,1
Mason,PRECINCT 23,U.S. Senate,,REP,DON  LINDSAY,2
Mason,PRECINCT 24,U.S. Senate,,REP,DON  LINDSAY,1
Mason,PRECINCT 25,U.S. Senate,,REP,DON  LINDSAY,2
Mason,PRECINCT 26,U.S. Senate,,REP,DON  LINDSAY,0
Mason,PRECINCT 27,U.S. Senate,,REP,DON  LINDSAY,0
Mason,PRECINCT 28,U.S. Senate,,REP,DON  LINDSAY,1
Mason,PRECINCT 29,U.S. Senate,,REP,DON  LINDSAY,0
Mason,PRECINCT 30,U.S. Senate,,REP,DON  LINDSAY,2
Mason,PRECINCT 1,U.S. Senate,,REP,BRYAN McKINNEY,0
Mason,PRECINCT 2,U.S. Senate,,REP,BRYAN McKINNEY,1
Mason,PRECINCT 3,U.S. Senate,,REP,BRYAN McKINNEY,1
Mason,PRECINCT 4,U.S. Senate,,REP,BRYAN McKINNEY,3
Mason,PRECINCT 5,U.S. Senate,,REP,BRYAN McKINNEY,1
Mason,PRECINCT 6,U.S. Senate,,REP,BRYAN McKINNEY,2
Mason,PRECINCT 7,U.S. Senate,,REP,BRYAN McKINNEY,2
Mason,PRECINCT 8,U.S. Senate,,REP,BRYAN McKINNEY,2
Mason,PRECINCT 9,U.S. Senate,,REP,BRYAN McKINNEY,7
Mason,PRECINCT 10,U.S. Senate,,REP,BRYAN McKINNEY,3
Mason,PRECINCT 11,U.S. Senate,,REP,BRYAN McKINNEY,1
Mason,PRECINCT 12,U.S. Senate,,REP,BRYAN McKINNEY,5
Mason,PRECINCT 13,U.S. Senate,,REP,BRYAN McKINNEY,3
Mason,PRECINCT 14,U.S. Senate,,REP,BRYAN McKINNEY,2
Mason,PRECINCT 15,U.S. Senate,,REP,BRYAN McKINNEY,2
Mason,PRECINCT 16,U.S. Senate,,REP,BRYAN McKINNEY,3
Mason,PRECINCT 17,U.S. Senate,,REP,BRYAN McKINNEY,5
Mason,PRECINCT 18,U.S. Senate,,REP,BRYAN McKINNEY,1
Mason,PRECINCT 19,U.S. Senate,,REP,BRYAN McKINNEY,2
Mason,PRECINCT 20,U.S. Senate,,REP,BRYAN McKINNEY,3
Mason,PRECINCT 21,U.S. Senate,,REP,BRYAN McKINNEY,2
Mason,PRECINCT 22,U.S. Senate,,REP,BRYAN McKINNEY,2
Mason,PRECINCT 23,U.S. Senate,,REP,BRYAN McKINNEY,3
Mason,PRECINCT 24,U.S. Senate,,REP,BRYAN McKINNEY,4
Mason,PRECINCT 25,U.S. Senate,,REP,BRYAN McKINNEY,4
Mason,PRECINCT 26,U.S. Senate,,REP,BRYAN McKINNEY,0
Mason,PRECINCT 27,U.S. Senate,,REP,BRYAN McKINNEY,2
Mason,PRECINCT 28,U.S. Senate,,REP,BRYAN McKINNEY,1
Mason,PRECINCT 29,U.S. Senate,,REP,BRYAN McKINNEY,1
Mason,PRECINCT 30,U.S. Senate,,REP,BRYAN McKINNEY,6
Mason,PRECINCT 1,U.S. Senate,,REP,JANET McNULTY,1
Mason,PRECINCT 2,U.S. Senate,,REP,JANET McNULTY,2
Mason,PRECINCT 3,U.S. Senate,,REP,JANET McNULTY,1
Mason,PRECINCT 4,U.S. Senate,,REP,JANET McNULTY,0
Mason,PRECINCT 5,U.S. Senate,,REP,JANET McNULTY,0
Mason,PRECINCT 6,U.S. Senate,,REP,JANET McNULTY,2
Mason,PRECINCT 7,U.S. Senate,,REP,JANET McNULTY,1
Mason,PRECINCT 8,U.S. Senate,,REP,JANET McNULTY,3
Mason,PRECINCT 9,U.S. Senate,,REP,JANET McNULTY,3
Mason,PRECINCT 10,U.S. Senate,,REP,JANET McNULTY,4
Mason,PRECINCT 11,U.S. Senate,,REP,JANET McNULTY,0
Mason,PRECINCT 12,U.S. Senate,,REP,JANET McNULTY,2
Mason,PRECINCT 13,U.S. Senate,,REP,JANET McNULTY,3
Mason,PRECINCT 14,U.S. Senate,,REP,JANET McNULTY,0
Mason,PRECINCT 15,U.S. Senate,,REP,JANET McNULTY,1
Mason,PRECINCT 16,U.S. Senate,,REP,JANET McNULTY,3
Mason,PRECINCT 17,U.S. Senate,,REP,JANET McNULTY,2
Mason,PRECINCT 18,U.S. Senate,,REP,JANET McNULTY,2
Mason,PRECINCT 19,U.S. Senate,,REP,JANET McNULTY,2
Mason,PRECINCT 20,U.S. Senate,,REP,JANET McNULTY,0
Mason,PRECINCT 21,U.S. Senate,,REP,JANET McNULTY,1
Mason,PRECINCT 22,U.S. Senate,,REP,JANET McNULTY,2
Mason,PRECINCT 23,U.S. Senate,,REP,JANET McNULTY,0
Mason,PRECINCT 24,U.S. Senate,,REP,JANET McNULTY,1
Mason,PRECINCT 25,U.S. Senate,,REP,JANET McNULTY,1
Mason,PRECINCT 26,U.S. Senate,,REP,JANET McNULTY,1
Mason,PRECINCT 27,U.S. Senate,,REP,JANET McNULTY,1
Mason,PRECINCT 28,U.S. Senate,,REP,JANET McNULTY,0
Mason,PRECINCT 29,U.S. Senate,,REP,JANET McNULTY,0
Mason,PRECINCT 30,U.S. Senate,,REP,JANET McNULTY,7
Mason,PRECINCT 1,U.S. Senate,,REP,JIM JUSTICE,24
Mason,PRECINCT 2,U.S. Senate,,REP,JIM JUSTICE,19
Mason,PRECINCT 3,U.S. Senate,,REP,JIM JUSTICE,35
Mason,PRECINCT 4,U.S. Senate,,REP,JIM JUSTICE,66
Mason,PRECINCT 5,U.S. Senate,,REP,JIM JUSTICE,49
Mason,PRECINCT 6,U.S. Senate,,REP,JIM JUSTICE,62
Mason,PRECINCT 7,U.S. Senate,,REP,JIM JUSTICE,66
Mason,PRECINCT 8,U.S. Senate,,REP,JIM JUSTICE,85
Mason,PRECINCT 9,U.S. Senate,,REP,JIM JUSTICE,88
Mason,PRECINCT 10,U.S. Senate,,REP,JIM JUSTICE,98
Mason,PRECINCT 11,U.S. Senate,,REP,JIM JUSTICE,4
Mason,PRECINCT 12,U.S. Senate,,REP,JIM JUSTICE,50
Mason,PRECINCT 13,U.S. Senate,,REP,JIM JUSTICE,130
Mason,PRECINCT 14,U.S. Senate,,REP,JIM JUSTICE,83
Mason,PRECINCT 15,U.S. Senate,,REP,JIM JUSTICE,68
Mason,PRECINCT 16,U.S. Senate,,REP,JIM JUSTICE,121
Mason,PRECINCT 17,U.S. Senate,,REP,JIM JUSTICE,70
Mason,PRECINCT 18,U.S. Senate,,REP,JIM JUSTICE,70
Mason,PRECINCT 19,U.S. Senate,,REP,JIM JUSTICE,95
Mason,PRECINCT 20,U.S. Senate,,REP,JIM JUSTICE,62
Mason,PRECINCT 21,U.S. Senate,,REP,JIM JUSTICE,86
Mason,PRECINCT 22,U.S. Senate,,REP,JIM JUSTICE,120
Mason,PRECINCT 23,U.S. Senate,,REP,JIM JUSTICE,79
Mason,PRECINCT 24,U.S. Senate,,REP,JIM JUSTICE,82
Mason,PRECINCT 25,U.S. Senate,,REP,JIM JUSTICE,152
Mason,PRECINCT 26,U.S. Senate,,REP,JIM JUSTICE,30
Mason,PRECINCT 27,U.S. Senate,,REP,JIM JUSTICE,80
Mason,PRECINCT 28,U.S. Senate,,REP,JIM JUSTICE,105
Mason,PRECINCT 29,U.S. Senate,,REP,JIM JUSTICE,93
Mason,PRECINCT 30,U.S. Senate,,REP,JIM JUSTICE,217
Mason,PRECINCT 1,U.S. Senate,,REP,BRYAN BIRD,0
Mason,PRECINCT 2,U.S. Senate,,REP,BRYAN BIRD,0
Mason,PRECINCT 3,U.S. Senate,,REP,BRYAN BIRD,3
Mason,PRECINCT 4,U.S. Senate,,REP,BRYAN BIRD,6
Mason,PRECINCT 5,U.S. Senate,,REP,BRYAN BIRD,1
Mason,PRECINCT 6,U.S. Senate,,REP,BRYAN BIRD,2
Mason,PRECINCT 7,U.S. Senate,,REP,BRYAN BIRD,1
Mason,PRECINCT 8,U.S. Senate,,REP,BRYAN BIRD,2
Mason,PRECINCT 9,U.S. Senate,,REP,BRYAN BIRD,4
Mason,PRECINCT 10,U.S. Senate,,REP,BRYAN BIRD,5
Mason,PRECINCT 11,U.S. Senate,,REP,BRYAN BIRD,1
Mason,PRECINCT 12,U.S. Senate,,REP,BRYAN BIRD,1
Mason,PRECINCT 13,U.S. Senate,,REP,BRYAN BIRD,2
Mason,PRECINCT 14,U.S. Senate,,REP,BRYAN BIRD,2
Mason,PRECINCT 15,U.S. Senate,,REP,BRYAN BIRD,2
Mason,PRECINCT 16,U.S. Senate,,REP,BRYAN BIRD,8
Mason,PRECINCT 17,U.S. Senate,,REP,BRYAN BIRD,6
Mason,PRECINCT 18,U.S. Senate,,REP,BRYAN BIRD,1
Mason,PRECINCT 19,U.S. Senate,,REP,BRYAN BIRD,7
Mason,PRECINCT 20,U.S. Senate,,REP,BRYAN BIRD,3
Mason,PRECINCT 21,U.S. Senate,,REP,BRYAN BIRD,2
Mason,PRECINCT 22,U.S. Senate,,REP,BRYAN BIRD,9
Mason,PRECINCT 23,U.S. Senate,,REP,BRYAN BIRD,1
Mason,PRECINCT 24,U.S. Senate,,REP,BRYAN BIRD,2
Mason,PRECINCT 25,U.S. Senate,,REP,BRYAN BIRD,10
Mason,PRECINCT 26,U.S. Senate,,REP,BRYAN BIRD,1
Mason,PRECINCT 27,U.S. Senate,,REP,BRYAN BIRD,4
Mason,PRECINCT 28,U.S. Senate,,REP,BRYAN BIRD,2
Mason,PRECINCT 29,U.S. Senate,,REP,BRYAN BIRD,4
Mason,PRECINCT 30,U.S. Senate,,REP,BRYAN BIRD,11
Mason,PRECINCT 1,U.S. Senate,,DEM,GLENN ELLIOTT,2
Mason,PRECINCT 2,U.S. Senate,,DEM,GLENN ELLIOTT,9
Mason,PRECINCT 3,U.S. Senate,,DEM,GLENN ELLIOTT,14
Mason,PRECINCT 4,U.S. Senate,,DEM,GLENN ELLIOTT,17
Mason,PRECINCT 5,U.S. Senate,,DEM,GLENN ELLIOTT,15
Mason,PRECINCT 6,U.S. Senate,,DEM,GLENN ELLIOTT,12
Mason,PRECINCT 7,U.S. Senate,,DEM,GLENN ELLIOTT,21
Mason,PRECINCT 8,U.S. Senate,,DEM,GLENN ELLIOTT,26
Mason,PRECINCT 9,U.S. Senate,,DEM,GLENN ELLIOTT,27
Mason,PRECINCT 10,U.S. Senate,,DEM,GLENN ELLIOTT,26
Mason,PRECINCT 11,U.S. Senate,,DEM,GLENN ELLIOTT,6
Mason,PRECINCT 12,U.S. Senate,,DEM,GLENN ELLIOTT,11
Mason,PRECINCT 13,U.S. Senate,,DEM,GLENN ELLIOTT,26
Mason,PRECINCT 14,U.S. Senate,,DEM,GLENN ELLIOTT,22
Mason,PRECINCT 15,U.S. Senate,,DEM,GLENN ELLIOTT,11
Mason,PRECINCT 16,U.S. Senate,,DEM,GLENN ELLIOTT,17
Mason,PRECINCT 17,U.S. Senate,,DEM,GLENN ELLIOTT,23
Mason,PRECINCT 18,U.S. Senate,,DEM,GLENN ELLIOTT,17
Mason,PRECINCT 19,U.S. Senate,,DEM,GLENN ELLIOTT,15
Mason,PRECINCT 20,U.S. Senate,,DEM,GLENN ELLIOTT,19
Mason,PRECINCT 21,U.S. Senate,,DEM,GLENN ELLIOTT,16
Mason,PRECINCT 22,U.S. Senate,,DEM,GLENN ELLIOTT,24
Mason,PRECINCT 23,U.S. Senate,,DEM,GLENN ELLIOTT,16
Mason,PRECINCT 24,U.S. Senate,,DEM,GLENN ELLIOTT,28
Mason,PRECINCT 25,U.S. Senate,,DEM,GLENN ELLIOTT,56
Mason,PRECINCT 26,U.S. Senate,,DEM,GLENN ELLIOTT,11
Mason,PRECINCT 27,U.S. Senate,,DEM,GLENN ELLIOTT,20
Mason,PRECINCT 28,U.S. Senate,,DEM,GLENN ELLIOTT,20
Mason,PRECINCT 29,U.S. Senate,,DEM,GLENN ELLIOTT,23
Mason,PRECINCT 30,U.S. Senate,,DEM,GLENN ELLIOTT,51
Mason,PRECINCT 1,U.S. Senate,,DEM,ZACHARY  SHREWSBURY,1
Mason,PRECINCT 2,U.S. Senate,,DEM,ZACHARY  SHREWSBURY,6
Mason,PRECINCT 3,U.S. Senate,,DEM,ZACHARY  SHREWSBURY,11
Mason,PRECINCT 4,U.S. Senate,,DEM,ZACHARY  SHREWSBURY,19
Mason,PRECINCT 5,U.S. Senate,,DEM,ZACHARY  SHREWSBURY,16
Mason,PRECINCT 6,U.S. Senate,,DEM,ZACHARY  SHREWSBURY,16
Mason,PRECINCT 7,U.S. Senate,,DEM,ZACHARY  SHREWSBURY,15
Mason,PRECINCT 8,U.S. Senate,,DEM,ZACHARY  SHREWSBURY,18
Mason,PRECINCT 9,U.S. Senate,,DEM,ZACHARY  SHREWSBURY,17
Mason,PRECINCT 10,U.S. Senate,,DEM,ZACHARY  SHREWSBURY,20
Mason,PRECINCT 11,U.S. Senate,,DEM,ZACHARY  SHREWSBURY,2
Mason,PRECINCT 12,U.S. Senate,,DEM,ZACHARY  SHREWSBURY,8
Mason,PRECINCT 13,U.S. Senate,,DEM,ZACHARY  SHREWSBURY,15
Mason,PRECINCT 14,U.S. Senate,,DEM,ZACHARY  SHREWSBURY,10
Mason,PRECINCT 15,U.S. Senate,,DEM,ZACHARY  SHREWSBURY,14
Mason,PRECINCT 16,U.S. Senate,,DEM,ZACHARY  SHREWSBURY,17
Mason,PRECINCT 17,U.S. Senate,,DEM,ZACHARY  SHREWSBURY,11
Mason,PRECINCT 18,U.S. Senate,,DEM,ZACHARY  SHREWSBURY,10
Mason,PRECINCT 19,U.S. Senate,,DEM,ZACHARY  SHREWSBURY,17
Mason,PRECINCT 20,U.S. Senate,,DEM,ZACHARY  SHREWSBURY,11
Mason,PRECINCT 21,U.S. Senate,,DEM,ZACHARY  SHREWSBURY,16
Mason,PRECINCT 22,U.S. Senate,,DEM,ZACHARY  SHREWSBURY,15
Mason,PRECINCT 23,U.S. Senate,,DEM,ZACHARY  SHREWSBURY,12
Mason,PRECINCT 24,U.S. Senate,,DEM,ZACHARY  SHREWSBURY,15
Mason,PRECINCT 25,U.S. Senate,,DEM,ZACHARY  SHREWSBURY,21
Mason,PRECINCT 26,U.S. Senate,,DEM,ZACHARY  SHREWSBURY,9
Mason,PRECINCT 27,U.S. Senate,,DEM,ZACHARY  SHREWSBURY,8
Mason,PRECINCT 28,U.S. Senate,,DEM,ZACHARY  SHREWSBURY,11
Mason,PRECINCT 29,U.S. Senate,,DEM,ZACHARY  SHREWSBURY,16
Mason,PRECINCT 30,U.S. Senate,,DEM,ZACHARY  SHREWSBURY,35
Mason,PRECINCT 1,U.S. Senate,,DEM,DON BLANKENSHIP,6
Mason,PRECINCT 2,U.S. Senate,,DEM,DON BLANKENSHIP,0
Mason,PRECINCT 3,U.S. Senate,,DEM,DON BLANKENSHIP,7
Mason,PRECINCT 4,U.S. Senate,,DEM,DON BLANKENSHIP,10
Mason,PRECINCT 5,U.S. Senate,,DEM,DON BLANKENSHIP,2
Mason,PRECINCT 6,U.S. Senate,,DEM,DON BLANKENSHIP,4
Mason,PRECINCT 7,U.S. Senate,,DEM,DON BLANKENSHIP,5
Mason,PRECINCT 8,U.S. Senate,,DEM,DON BLANKENSHIP,12
Mason,PRECINCT 9,U.S. Senate,,DEM,DON BLANKENSHIP,10
Mason,PRECINCT 10,U.S. Senate,,DEM,DON BLANKENSHIP,9
Mason,PRECINCT 11,U.S. Senate,,DEM,DON BLANKENSHIP,0
Mason,PRECINCT 12,U.S. Senate,,DEM,DON BLANKENSHIP,6
Mason,PRECINCT 13,U.S. Senate,,DEM,DON BLANKENSHIP,7
Mason,PRECINCT 14,U.S. Senate,,DEM,DON BLANKENSHIP,11
Mason,PRECINCT 15,U.S. Senate,,DEM,DON BLANKENSHIP,9
Mason,PRECINCT 16,U.S. Senate,,DEM,DON BLANKENSHIP,9
Mason,PRECINCT 17,U.S. Senate,,DEM,DON BLANKENSHIP,6
Mason,PRECINCT 18,U.S. Senate,,DEM,DON BLANKENSHIP,15
Mason,PRECINCT 19,U.S. Senate,,DEM,DON BLANKENSHIP,9
Mason,PRECINCT 20,U.S. Senate,,DEM,DON BLANKENSHIP,6
Mason,PRECINCT 21,U.S. Senate,,DEM,DON BLANKENSHIP,2
Mason,PRECINCT 22,U.S. Senate,,DEM,DON BLANKENSHIP,8
Mason,PRECINCT 23,U.S. Senate,,DEM,DON BLANKENSHIP,10
Mason,PRECINCT 24,U.S. Senate,,DEM,DON BLANKENSHIP,17
Mason,PRECINCT 25,U.S. Senate,,DEM,DON BLANKENSHIP,18
Mason,PRECINCT 26,U.S. Senate,,DEM,DON BLANKENSHIP,6
Mason,PRECINCT 27,U.S. Senate,,DEM,DON BLANKENSHIP,10
Mason,PRECINCT 28,U.S. Senate,,DEM,DON BLANKENSHIP,13
Mason,PRECINCT 29,U.S. Senate,,DEM,DON BLANKENSHIP,10
Mason,PRECINCT 30,U.S. Senate,,DEM,DON BLANKENSHIP,24
Mason,PRECINCT 1,U.S. Senate,,MTN,NO CANDIDATE FILED,0
Mason,PRECINCT 2,U.S. Senate,,MTN,NO CANDIDATE FILED,0
Mason,PRECINCT 3,U.S. Senate,,MTN,NO CANDIDATE FILED,0
Mason,PRECINCT 4,U.S. Senate,,MTN,NO CANDIDATE FILED,0
Mason,PRECINCT 5,U.S. Senate,,MTN,NO CANDIDATE FILED,0
Mason,PRECINCT 6,U.S. Senate,,MTN,NO CANDIDATE FILED,0
Mason,PRECINCT 7,U.S. Senate,,MTN,NO CANDIDATE FILED,0
Mason,PRECINCT 8,U.S. Senate,,MTN,NO CANDIDATE FILED,0
Mason,PRECINCT 9,U.S. Senate,,MTN,NO CANDIDATE FILED,0
Mason,PRECINCT 10,U.S. Senate,,MTN,NO CANDIDATE FILED,0
Mason,PRECINCT 11,U.S. Senate,,MTN,NO CANDIDATE FILED,0
Mason,PRECINCT 12,U.S. Senate,,MTN,NO CANDIDATE FILED,0
Mason,PRECINCT 13,U.S. Senate,,MTN,NO CANDIDATE FILED,0
Mason,PRECINCT 14,U.S. Senate,,MTN,NO CANDIDATE FILED,0
Mason,PRECINCT 15,U.S. Senate,,MTN,NO CANDIDATE FILED,0
Mason,PRECINCT 16,U.S. Senate,,MTN,NO CANDIDATE FILED,0
Mason,PRECINCT 17,U.S. Senate,,MTN,NO CANDIDATE FILED,0
Mason,PRECINCT 18,U.S. Senate,,MTN,NO CANDIDATE FILED,0
Mason,PRECINCT 19,U.S. Senate,,MTN,NO CANDIDATE FILED,0
Mason,PRECINCT 20,U.S. Senate,,MTN,NO CANDIDATE FILED,0
Mason,PRECINCT 21,U.S. Senate,,MTN,NO CANDIDATE FILED,0
Mason,PRECINCT 22,U.S. Senate,,MTN,NO CANDIDATE FILED,0
Mason,PRECINCT 23,U.S. Senate,,MTN,NO CANDIDATE FILED,0
Mason,PRECINCT 24,U.S. Senate,,MTN,NO CANDIDATE FILED,0
Mason,PRECINCT 25,U.S. Senate,,MTN,NO CANDIDATE FILED,0
Mason,PRECINCT 26,U.S. Senate,,MTN,NO CANDIDATE FILED,0
Mason,PRECINCT 27,U.S. Senate,,MTN,NO CANDIDATE FILED,0
Mason,PRECINCT 28,U.S. Senate,,MTN,NO CANDIDATE FILED,0
Mason,PRECINCT 29,U.S. Senate,,MTN,NO CANDIDATE FILED,0
Mason,PRECINCT 30,U.S. Senate,,MTN,NO CANDIDATE FILED,0
Mason,PRECINCT 1,U.S. House,1,REP,CAROL MILLER,22
Mason,PRECINCT 2,U.S. House,1,REP,CAROL MILLER,13
Mason,PRECINCT 3,U.S. House,1,REP,CAROL MILLER,30
Mason,PRECINCT 4,U.S. House,1,REP,CAROL MILLER,61
Mason,PRECINCT 5,U.S. House,1,REP,CAROL MILLER,36
Mason,PRECINCT 6,U.S. House,1,REP,CAROL MILLER,53
Mason,PRECINCT 7,U.S. House,1,REP,CAROL MILLER,60
Mason,PRECINCT 8,U.S. House,1,REP,CAROL MILLER,77
Mason,PRECINCT 9,U.S. House,1,REP,CAROL MILLER,87
Mason,PRECINCT 10,U.S. House,1,REP,CAROL MILLER,95
Mason,PRECINCT 11,U.S. House,1,REP,CAROL MILLER,7
Mason,PRECINCT 12,U.S. House,1,REP,CAROL MILLER,61
Mason,PRECINCT 13,U.S. House,1,REP,CAROL MILLER,127
Mason,PRECINCT 14,U.S. House,1,REP,CAROL MILLER,90
Mason,PRECINCT 15,U.S. House,1,REP,CAROL MILLER,62
Mason,PRECINCT 16,U.S. House,1,REP,CAROL MILLER,129
Mason,PRECINCT 17,U.S. House,1,REP,CAROL MILLER,82
Mason,PRECINCT 18,U.S. House,1,REP,CAROL MILLER,66
Mason,PRECINCT 19,U.S. House,1,REP,CAROL MILLER,94
Mason,PRECINCT 20,U.S. House,1,REP,CAROL MILLER,66
Mason,PRECINCT 21,U.S. House,1,REP,CAROL MILLER,81
Mason,PRECINCT 22,U.S. House,1,REP,CAROL MILLER,91
Mason,PRECINCT 23,U.S. House,1,REP,CAROL MILLER,75
Mason,PRECINCT 24,U.S. House,1,REP,CAROL MILLER,76
Mason,PRECINCT 25,U.S. House,1,REP,CAROL MILLER,121
Mason,PRECINCT 26,U.S. House,1,REP,CAROL MILLER,29
Mason,PRECINCT 27,U.S. House,1,REP,CAROL MILLER,67
Mason,PRECINCT 28,U.S. House,1,REP,CAROL MILLER,83
Mason,PRECINCT 29,U.S. House,1,REP,CAROL MILLER,85
Mason,PRECINCT 30,U.S. House,1,REP,CAROL MILLER,186
Mason,PRECINCT 1,U.S. House,1,REP,DERRICK  EVANS,13
Mason,PRECINCT 2,U.S. House,1,REP,DERRICK  EVANS,11
Mason,PRECINCT 3,U.S. House,1,REP,DERRICK  EVANS,11
Mason,PRECINCT 4,U.S. House,1,REP,DERRICK  EVANS,25
Mason,PRECINCT 5,U.S. House,1,REP,DERRICK  EVANS,23
Mason,PRECINCT 6,U.S. House,1,REP,DERRICK  EVANS,32
Mason,PRECINCT 7,U.S. House,1,REP,DERRICK  EVANS,33
Mason,PRECINCT 8,U.S. House,1,REP,DERRICK  EVANS,33
Mason,PRECINCT 9,U.S. House,1,REP,DERRICK  EVANS,55
Mason,PRECINCT 10,U.S. House,1,REP,DERRICK  EVANS,42
Mason,PRECINCT 11,U.S. House,1,REP,DERRICK  EVANS,2
Mason,PRECINCT 12,U.S. House,1,REP,DERRICK  EVANS,30
Mason,PRECINCT 13,U.S. House,1,REP,DERRICK  EVANS,53
Mason,PRECINCT 14,U.S. House,1,REP,DERRICK  EVANS,29
Mason,PRECINCT 15,U.S. House,1,REP,DERRICK  EVANS,27
Mason,PRECINCT 16,U.S. House,1,REP,DERRICK  EVANS,50
Mason,PRECINCT 17,U.S. House,1,REP,DERRICK  EVANS,48
Mason,PRECINCT 18,U.S. House,1,REP,DERRICK  EVANS,21
Mason,PRECINCT 19,U.S. House,1,REP,DERRICK  EVANS,53
Mason,PRECINCT 20,U.S. House,1,REP,DERRICK  EVANS,20
Mason,PRECINCT 21,U.S. House,1,REP,DERRICK  EVANS,45
Mason,PRECINCT 22,U.S. House,1,REP,DERRICK  EVANS,67
Mason,PRECINCT 23,U.S. House,1,REP,DERRICK  EVANS,44
Mason,PRECINCT 24,U.S. House,1,REP,DERRICK  EVANS,50
Mason,PRECINCT 25,U.S. House,1,REP,DERRICK  EVANS,71
Mason,PRECINCT 26,U.S. House,1,REP,DERRICK  EVANS,14
Mason,PRECINCT 27,U.S. House,1,REP,DERRICK  EVANS,34
Mason,PRECINCT 28,U.S. House,1,REP,DERRICK  EVANS,41
Mason,PRECINCT 29,U.S. House,1,REP,DERRICK  EVANS,45
Mason,PRECINCT 30,U.S. House,1,REP,DERRICK  EVANS,102
Mason,PRECINCT 1,U.S. House,1,DEM,CHRIS BOB REED,8
Mason,PRECINCT 2,U.S. House,1,DEM,CHRIS BOB REED,12
Mason,PRECINCT 3,U.S. House,1,DEM,CHRIS BOB REED,22
Mason,PRECINCT 4,U.S. House,1,DEM,CHRIS BOB REED,28
Mason,PRECINCT 5,U.S. House,1,DEM,CHRIS BOB REED,16
Mason,PRECINCT 6,U.S. House,1,DEM,CHRIS BOB REED,20
Mason,PRECINCT 7,U.S. House,1,DEM,CHRIS BOB REED,24
Mason,PRECINCT 8,U.S. House,1,DEM,CHRIS BOB REED,36
Mason,PRECINCT 9,U.S. House,1,DEM,CHRIS BOB REED,32
Mason,PRECINCT 10,U.S. House,1,DEM,CHRIS BOB REED,37
Mason,PRECINCT 11,U.S. House,1,DEM,CHRIS BOB REED,5
Mason,PRECINCT 12,U.S. House,1,DEM,CHRIS BOB REED,12
Mason,PRECINCT 13,U.S. House,1,DEM,CHRIS BOB REED,32
Mason,PRECINCT 14,U.S. House,1,DEM,CHRIS BOB REED,28
Mason,PRECINCT 15,U.S. House,1,DEM,CHRIS BOB REED,29
Mason,PRECINCT 16,U.S. House,1,DEM,CHRIS BOB REED,26
Mason,PRECINCT 17,U.S. House,1,DEM,CHRIS BOB REED,27
Mason,PRECINCT 18,U.S. House,1,DEM,CHRIS BOB REED,28
Mason,PRECINCT 19,U.S. House,1,DEM,CHRIS BOB REED,27
Mason,PRECINCT 20,U.S. House,1,DEM,CHRIS BOB REED,24
Mason,PRECINCT 21,U.S. House,1,DEM,CHRIS BOB REED,19
Mason,PRECINCT 22,U.S. House,1,DEM,CHRIS BOB REED,31
Mason,PRECINCT 23,U.S. House,1,DEM,CHRIS BOB REED,24
Mason,PRECINCT 24,U.S. House,1,DEM,CHRIS BOB REED,44
Mason,PRECINCT 25,U.S. House,1,DEM,CHRIS BOB REED,59
Mason,PRECINCT 26,U.S. House,1,DEM,CHRIS BOB REED,14
Mason,PRECINCT 27,U.S. House,1,DEM,CHRIS BOB REED,23
Mason,PRECINCT 28,U.S. House,1,DEM,CHRIS BOB REED,27
Mason,PRECINCT 29,U.S. House,1,DEM,CHRIS BOB REED,38
Mason,PRECINCT 30,U.S. House,1,DEM,CHRIS BOB REED,69
Mason,PRECINCT 1,U.S. House,1,DEM,JIM UMBERGER,0
Mason,PRECINCT 2,U.S. House,1,DEM,JIM UMBERGER,3
Mason,PRECINCT 3,U.S. House,1,DEM,JIM UMBERGER,9
Mason,PRECINCT 4,U.S. House,1,DEM,JIM UMBERGER,17
Mason,PRECINCT 5,U.S. House,1,DEM,JIM UMBERGER,14
Mason,PRECINCT 6,U.S. House,1,DEM,JIM UMBERGER,12
Mason,PRECINCT 7,U.S. House,1,DEM,JIM UMBERGER,13
Mason,PRECINCT 8,U.S. House,1,DEM,JIM UMBERGER,17
Mason,PRECINCT 9,U.S. House,1,DEM,JIM UMBERGER,18
Mason,PRECINCT 10,U.S. House,1,DEM,JIM UMBERGER,19
Mason,PRECINCT 11,U.S. House,1,DEM,JIM UMBERGER,1
Mason,PRECINCT 12,U.S. House,1,DEM,JIM UMBERGER,14
Mason,PRECINCT 13,U.S. House,1,DEM,JIM UMBERGER,15
Mason,PRECINCT 14,U.S. House,1,DEM,JIM UMBERGER,10
Mason,PRECINCT 15,U.S. House,1,DEM,JIM UMBERGER,7
Mason,PRECINCT 16,U.S. House,1,DEM,JIM UMBERGER,12
Mason,PRECINCT 17,U.S. House,1,DEM,JIM UMBERGER,12
Mason,PRECINCT 18,U.S. House,1,DEM,JIM UMBERGER,12
Mason,PRECINCT 19,U.S. House,1,DEM,JIM UMBERGER,13
Mason,PRECINCT 20,U.S. House,1,DEM,JIM UMBERGER,12
Mason,PRECINCT 21,U.S. House,1,DEM,JIM UMBERGER,15
Mason,PRECINCT 22,U.S. House,1,DEM,JIM UMBERGER,15
Mason,PRECINCT 23,U.S. House,1,DEM,JIM UMBERGER,14
Mason,PRECINCT 24,U.S. House,1,DEM,JIM UMBERGER,18
Mason,PRECINCT 25,U.S. House,1,DEM,JIM UMBERGER,23
Mason,PRECINCT 26,U.S. House,1,DEM,JIM UMBERGER,7
Mason,PRECINCT 27,U.S. House,1,DEM,JIM UMBERGER,11
Mason,PRECINCT 28,U.S. House,1,DEM,JIM UMBERGER,17
Mason,PRECINCT 29,U.S. House,1,DEM,JIM UMBERGER,11
Mason,PRECINCT 30,U.S. House,1,DEM,JIM UMBERGER,41
Mason,PRECINCT 1,U.S. House,1,MTN,NO CANDIDATE FILED,0
Mason,PRECINCT 2,U.S. House,1,MTN,NO CANDIDATE FILED,0
Mason,PRECINCT 3,U.S. House,1,MTN,NO CANDIDATE FILED,0
Mason,PRECINCT 4,U.S. House,1,MTN,NO CANDIDATE FILED,0
Mason,PRECINCT 5,U.S. House,1,MTN,NO CANDIDATE FILED,0
Mason,PRECINCT 6,U.S. House,1,MTN,NO CANDIDATE FILED,0
Mason,PRECINCT 7,U.S. House,1,MTN,NO CANDIDATE FILED,0
Mason,PRECINCT 8,U.S. House,1,MTN,NO CANDIDATE FILED,0
Mason,PRECINCT 9,U.S. House,1,MTN,NO CANDIDATE FILED,0
Mason,PRECINCT 10,U.S. House,1,MTN,NO CANDIDATE FILED,0
Mason,PRECINCT 11,U.S. House,1,MTN,NO CANDIDATE FILED,0
Mason,PRECINCT 12,U.S. House,1,MTN,NO CANDIDATE FILED,0
Mason,PRECINCT 13,U.S. House,1,MTN,NO CANDIDATE FILED,0
Mason,PRECINCT 14,U.S. House,1,MTN,NO CANDIDATE FILED,0
Mason,PRECINCT 15,U.S. House,1,MTN,NO CANDIDATE FILED,0
Mason,PRECINCT 16,U.S. House,1,MTN,NO CANDIDATE FILED,0
Mason,PRECINCT 17,U.S. House,1,MTN,NO CANDIDATE FILED,0
Mason,PRECINCT 18,U.S. House,1,MTN,NO CANDIDATE FILED,0
Mason,PRECINCT 19,U.S. House,1,MTN,NO CANDIDATE FILED,0
Mason,PRECINCT 20,U.S. House,1,MTN,NO CANDIDATE FILED,0
Mason,PRECINCT 21,U.S. House,1,MTN,NO CANDIDATE FILED,0
Mason,PRECINCT 22,U.S. House,1,MTN,NO CANDIDATE FILED,0
Mason,PRECINCT 23,U.S. House,1,MTN,NO CANDIDATE FILED,0
Mason,PRECINCT 24,U.S. House,1,MTN,NO CANDIDATE FILED,0
Mason,PRECINCT 25,U.S. House,1,MTN,NO CANDIDATE FILED,0
Mason,PRECINCT 26,U.S. House,1,MTN,NO CANDIDATE FILED,0
Mason,PRECINCT 27,U.S. House,1,MTN,NO CANDIDATE FILED,0
Mason,PRECINCT 28,U.S. House,1,MTN,NO CANDIDATE FILED,0
Mason,PRECINCT 29,U.S. House,1,MTN,NO CANDIDATE FILED,0
Mason,PRECINCT 30,U.S. House,1,MTN,NO CANDIDATE FILED,0
Mason,PRECINCT 1,Governor,,REP,MAC WARNER,5
Mason,PRECINCT 2,Governor,,REP,MAC WARNER,4
Mason,PRECINCT 3,Governor,,REP,MAC WARNER,8
Mason,PRECINCT 4,Governor,,REP,MAC WARNER,20
Mason,PRECINCT 5,Governor,,REP,MAC WARNER,5
Mason,PRECINCT 6,Governor,,REP,MAC WARNER,12
Mason,PRECINCT 7,Governor,,REP,MAC WARNER,11
Mason,PRECINCT 8,Governor,,REP,MAC WARNER,18
Mason,PRECINCT 9,Governor,,REP,MAC WARNER,27
Mason,PRECINCT 10,Governor,,REP,MAC WARNER,27
Mason,PRECINCT 11,Governor,,REP,MAC WARNER,1
Mason,PRECINCT 12,Governor,,REP,MAC WARNER,12
Mason,PRECINCT 13,Governor,,REP,MAC WARNER,22
Mason,PRECINCT 14,Governor,,REP,MAC WARNER,24
Mason,PRECINCT 15,Governor,,REP,MAC WARNER,6
Mason,PRECINCT 16,Governor,,REP,MAC WARNER,28
Mason,PRECINCT 17,Governor,,REP,MAC WARNER,16
Mason,PRECINCT 18,Governor,,REP,MAC WARNER,15
Mason,PRECINCT 19,Governor,,REP,MAC WARNER,19
Mason,PRECINCT 20,Governor,,REP,MAC WARNER,15
Mason,PRECINCT 21,Governor,,REP,MAC WARNER,22
Mason,PRECINCT 22,Governor,,REP,MAC WARNER,26
Mason,PRECINCT 23,Governor,,REP,MAC WARNER,23
Mason,PRECINCT 24,Governor,,REP,MAC WARNER,39
Mason,PRECINCT 25,Governor,,REP,MAC WARNER,50
Mason,PRECINCT 26,Governor,,REP,MAC WARNER,12
Mason,PRECINCT 27,Governor,,REP,MAC WARNER,29
Mason,PRECINCT 28,Governor,,REP,MAC WARNER,43
Mason,PRECINCT 29,Governor,,REP,MAC WARNER,23
Mason,PRECINCT 30,Governor,,REP,MAC WARNER,60
Mason,PRECINCT 1,Governor,,REP,PATRICK MORRISEY,12
Mason,PRECINCT 2,Governor,,REP,PATRICK MORRISEY,8
Mason,PRECINCT 3,Governor,,REP,PATRICK MORRISEY,6
Mason,PRECINCT 4,Governor,,REP,PATRICK MORRISEY,17
Mason,PRECINCT 5,Governor,,REP,PATRICK MORRISEY,14
Mason,PRECINCT 6,Governor,,REP,PATRICK MORRISEY,16
Mason,PRECINCT 7,Governor,,REP,PATRICK MORRISEY,19
Mason,PRECINCT 8,Governor,,REP,PATRICK MORRISEY,25
Mason,PRECINCT 9,Governor,,REP,PATRICK MORRISEY,32
Mason,PRECINCT 10,Governor,,REP,PATRICK MORRISEY,33
Mason,PRECINCT 11,Governor,,REP,PATRICK MORRISEY,0
Mason,PRECINCT 12,Governor,,REP,PATRICK MORRISEY,20
Mason,PRECINCT 13,Governor,,REP,PATRICK MORRISEY,38
Mason,PRECINCT 14,Governor,,REP,PATRICK MORRISEY,29
Mason,PRECINCT 15,Governor,,REP,PATRICK MORRISEY,24
Mason,PRECINCT 16,Governor,,REP,PATRICK MORRISEY,42
Mason,PRECINCT 17,Governor,,REP,PATRICK MORRISEY,36
Mason,PRECINCT 18,Governor,,REP,PATRICK MORRISEY,17
Mason,PRECINCT 19,Governor,,REP,PATRICK MORRISEY,36
Mason,PRECINCT 20,Governor,,REP,PATRICK MORRISEY,15
Mason,PRECINCT 21,Governor,,REP,PATRICK MORRISEY,25
Mason,PRECINCT 22,Governor,,REP,PATRICK MORRISEY,35
Mason,PRECINCT 23,Governor,,REP,PATRICK MORRISEY,25
Mason,PRECINCT 24,Governor,,REP,PATRICK MORRISEY,29
Mason,PRECINCT 25,Governor,,REP,PATRICK MORRISEY,42
Mason,PRECINCT 26,Governor,,REP,PATRICK MORRISEY,9
Mason,PRECINCT 27,Governor,,REP,PATRICK MORRISEY,26
Mason,PRECINCT 28,Governor,,REP,PATRICK MORRISEY,37
Mason,PRECINCT 29,Governor,,REP,PATRICK MORRISEY,28
Mason,PRECINCT 30,Governor,,REP,PATRICK MORRISEY,61
Mason,PRECINCT 1,Governor,,REP,MITCH ROBERTS,1
Mason,PRECINCT 2,Governor,,REP,MITCH ROBERTS,0
Mason,PRECINCT 3,Governor,,REP,MITCH ROBERTS,0
Mason,PRECINCT 4,Governor,,REP,MITCH ROBERTS,0
Mason,PRECINCT 5,Governor,,REP,MITCH ROBERTS,2
Mason,PRECINCT 6,Governor,,REP,MITCH ROBERTS,1
Mason,PRECINCT 7,Governor,,REP,MITCH ROBERTS,0
Mason,PRECINCT 8,Governor,,REP,MITCH ROBERTS,1
Mason,PRECINCT 9,Governor,,REP,MITCH ROBERTS,4
Mason,PRECINCT 10,Governor,,REP,MITCH ROBERTS,4
Mason,PRECINCT 11,Governor,,REP,MITCH ROBERTS,0
Mason,PRECINCT 12,Governor,,REP,MITCH ROBERTS,0
Mason,PRECINCT 13,Governor,,REP,MITCH ROBERTS,2
Mason,PRECINCT 14,Governor,,REP,MITCH ROBERTS,2
Mason,PRECINCT 15,Governor,,REP,MITCH ROBERTS,3
Mason,PRECINCT 16,Governor,,REP,MITCH ROBERTS,1
Mason,PRECINCT 17,Governor,,REP,MITCH ROBERTS,7
Mason,PRECINCT 18,Governor,,REP,MITCH ROBERTS,3
Mason,PRECINCT 19,Governor,,REP,MITCH ROBERTS,5
Mason,PRECINCT 20,Governor,,REP,MITCH ROBERTS,0
Mason,PRECINCT 21,Governor,,REP,MITCH ROBERTS,2
Mason,PRECINCT 22,Governor,,REP,MITCH ROBERTS,0
Mason,PRECINCT 23,Governor,,REP,MITCH ROBERTS,0
Mason,PRECINCT 24,Governor,,REP,MITCH ROBERTS,1
Mason,PRECINCT 25,Governor,,REP,MITCH ROBERTS,2
Mason,PRECINCT 26,Governor,,REP,MITCH ROBERTS,0
Mason,PRECINCT 27,Governor,,REP,MITCH ROBERTS,0
Mason,PRECINCT 28,Governor,,REP,MITCH ROBERTS,3
Mason,PRECINCT 29,Governor,,REP,MITCH ROBERTS,0
Mason,PRECINCT 30,Governor,,REP,MITCH ROBERTS,4
Mason,PRECINCT 1,Governor,,REP,MOORE CAPITO,6
Mason,PRECINCT 2,Governor,,REP,MOORE CAPITO,9
Mason,PRECINCT 3,Governor,,REP,MOORE CAPITO,21
Mason,PRECINCT 4,Governor,,REP,MOORE CAPITO,27
Mason,PRECINCT 5,Governor,,REP,MOORE CAPITO,17
Mason,PRECINCT 6,Governor,,REP,MOORE CAPITO,39
Mason,PRECINCT 7,Governor,,REP,MOORE CAPITO,30
Mason,PRECINCT 8,Governor,,REP,MOORE CAPITO,40
Mason,PRECINCT 9,Governor,,REP,MOORE CAPITO,37
Mason,PRECINCT 10,Governor,,REP,MOORE CAPITO,36
Mason,PRECINCT 11,Governor,,REP,MOORE CAPITO,4
Mason,PRECINCT 12,Governor,,REP,MOORE CAPITO,21
Mason,PRECINCT 13,Governor,,REP,MOORE CAPITO,55
Mason,PRECINCT 14,Governor,,REP,MOORE CAPITO,27
Mason,PRECINCT 15,Governor,,REP,MOORE CAPITO,23
Mason,PRECINCT 16,Governor,,REP,MOORE CAPITO,29
Mason,PRECINCT 17,Governor,,REP,MOORE CAPITO,30
Mason,PRECINCT 18,Governor,,REP,MOORE CAPITO,21
Mason,PRECINCT 19,Governor,,REP,MOORE CAPITO,31
Mason,PRECINCT 20,Governor,,REP,MOORE CAPITO,13
Mason,PRECINCT 21,Governor,,REP,MOORE CAPITO,21
Mason,PRECINCT 22,Governor,,REP,MOORE CAPITO,38
Mason,PRECINCT 23,Governor,,REP,MOORE CAPITO,19
Mason,PRECINCT 24,Governor,,REP,MOORE CAPITO,26
Mason,PRECINCT 25,Governor,,REP,MOORE CAPITO,51
Mason,PRECINCT 26,Governor,,REP,MOORE CAPITO,8
Mason,PRECINCT 27,Governor,,REP,MOORE CAPITO,25
Mason,PRECINCT 28,Governor,,REP,MOORE CAPITO,22
Mason,PRECINCT 29,Governor,,REP,MOORE CAPITO,33
Mason,PRECINCT 30,Governor,,REP,MOORE CAPITO,78
Mason,PRECINCT 1,Governor,,REP,KEVIN 'KC' CHRISTIAN,0
Mason,PRECINCT 2,Governor,,REP,KEVIN 'KC' CHRISTIAN,0
Mason,PRECINCT 3,Governor,,REP,KEVIN 'KC' CHRISTIAN,0
Mason,PRECINCT 4,Governor,,REP,KEVIN 'KC' CHRISTIAN,0
Mason,PRECINCT 5,Governor,,REP,KEVIN 'KC' CHRISTIAN,0
Mason,PRECINCT 6,Governor,,REP,KEVIN 'KC' CHRISTIAN,1
Mason,PRECINCT 7,Governor,,REP,KEVIN 'KC' CHRISTIAN,1
Mason,PRECINCT 8,Governor,,REP,KEVIN 'KC' CHRISTIAN,0
Mason,PRECINCT 9,Governor,,REP,KEVIN 'KC' CHRISTIAN,4
Mason,PRECINCT 10,Governor,,REP,KEVIN 'KC' CHRISTIAN,1
Mason,PRECINCT 11,Governor,,REP,KEVIN 'KC' CHRISTIAN,1
Mason,PRECINCT 12,Governor,,REP,KEVIN 'KC' CHRISTIAN,0
Mason,PRECINCT 13,Governor,,REP,KEVIN 'KC' CHRISTIAN,0
Mason,PRECINCT 14,Governor,,REP,KEVIN 'KC' CHRISTIAN,0
Mason,PRECINCT 15,Governor,,REP,KEVIN 'KC' CHRISTIAN,2
Mason,PRECINCT 16,Governor,,REP,KEVIN 'KC' CHRISTIAN,2
Mason,PRECINCT 17,Governor,,REP,KEVIN 'KC' CHRISTIAN,1
Mason,PRECINCT 18,Governor,,REP,KEVIN 'KC' CHRISTIAN,0
Mason,PRECINCT 19,Governor,,REP,KEVIN 'KC' CHRISTIAN,2
Mason,PRECINCT 20,Governor,,REP,KEVIN 'KC' CHRISTIAN,0
Mason,PRECINCT 21,Governor,,REP,KEVIN 'KC' CHRISTIAN,0
Mason,PRECINCT 22,Governor,,REP,KEVIN 'KC' CHRISTIAN,5
Mason,PRECINCT 23,Governor,,REP,KEVIN 'KC' CHRISTIAN,2
Mason,PRECINCT 24,Governor,,REP,KEVIN 'KC' CHRISTIAN,0
Mason,PRECINCT 25,Governor,,REP,KEVIN 'KC' CHRISTIAN,3
Mason,PRECINCT 26,Governor,,REP,KEVIN 'KC' CHRISTIAN,1
Mason,PRECINCT 27,Governor,,REP,KEVIN 'KC' CHRISTIAN,0
Mason,PRECINCT 28,Governor,,REP,KEVIN 'KC' CHRISTIAN,2
Mason,PRECINCT 29,Governor,,REP,KEVIN 'KC' CHRISTIAN,1
Mason,PRECINCT 30,Governor,,REP,KEVIN 'KC' CHRISTIAN,3
Mason,PRECINCT 1,Governor,,REP,CHRIS MILLER,12
Mason,PRECINCT 2,Governor,,REP,CHRIS MILLER,3
Mason,PRECINCT 3,Governor,,REP,CHRIS MILLER,12
Mason,PRECINCT 4,Governor,,REP,CHRIS MILLER,27
Mason,PRECINCT 5,Governor,,REP,CHRIS MILLER,25
Mason,PRECINCT 6,Governor,,REP,CHRIS MILLER,17
Mason,PRECINCT 7,Governor,,REP,CHRIS MILLER,34
Mason,PRECINCT 8,Governor,,REP,CHRIS MILLER,35
Mason,PRECINCT 9,Governor,,REP,CHRIS MILLER,40
Mason,PRECINCT 10,Governor,,REP,CHRIS MILLER,49
Mason,PRECINCT 11,Governor,,REP,CHRIS MILLER,5
Mason,PRECINCT 12,Governor,,REP,CHRIS MILLER,40
Mason,PRECINCT 13,Governor,,REP,CHRIS MILLER,72
Mason,PRECINCT 14,Governor,,REP,CHRIS MILLER,43
Mason,PRECINCT 15,Governor,,REP,CHRIS MILLER,38
Mason,PRECINCT 16,Governor,,REP,CHRIS MILLER,89
Mason,PRECINCT 17,Governor,,REP,CHRIS MILLER,47
Mason,PRECINCT 18,Governor,,REP,CHRIS MILLER,39
Mason,PRECINCT 19,Governor,,REP,CHRIS MILLER,59
Mason,PRECINCT 20,Governor,,REP,CHRIS MILLER,50
Mason,PRECINCT 21,Governor,,REP,CHRIS MILLER,64
Mason,PRECINCT 22,Governor,,REP,CHRIS MILLER,65
Mason,PRECINCT 23,Governor,,REP,CHRIS MILLER,50
Mason,PRECINCT 24,Governor,,REP,CHRIS MILLER,41
Mason,PRECINCT 25,Governor,,REP,CHRIS MILLER,59
Mason,PRECINCT 26,Governor,,REP,CHRIS MILLER,12
Mason,PRECINCT 27,Governor,,REP,CHRIS MILLER,27
Mason,PRECINCT 28,Governor,,REP,CHRIS MILLER,37
Mason,PRECINCT 29,Governor,,REP,CHRIS MILLER,49
Mason,PRECINCT 30,Governor,,REP,CHRIS MILLER,94
Mason,PRECINCT 1,Governor,,DEM,STEVE WILLIAMS,10
Mason,PRECINCT 2,Governor,,DEM,STEVE WILLIAMS,14
Mason,PRECINCT 3,Governor,,DEM,STEVE WILLIAMS,31
Mason,PRECINCT 4,Governor,,DEM,STEVE WILLIAMS,46
Mason,PRECINCT 5,Governor,,DEM,STEVE WILLIAMS,34
Mason,PRECINCT 6,Governor,,DEM,STEVE WILLIAMS,33
Mason,PRECINCT 7,Governor,,DEM,STEVE WILLIAMS,40
Mason,PRECINCT 8,Governor,,DEM,STEVE WILLIAMS,54
Mason,PRECINCT 9,Governor,,DEM,STEVE WILLIAMS,49
Mason,PRECINCT 10,Governor,,DEM,STEVE WILLIAMS,53
Mason,PRECINCT 11,Governor,,DEM,STEVE WILLIAMS,5
Mason,PRECINCT 12,Governor,,DEM,STEVE WILLIAMS,19
Mason,PRECINCT 13,Governor,,DEM,STEVE WILLIAMS,45
Mason,PRECINCT 14,Governor,,DEM,STEVE WILLIAMS,39
Mason,PRECINCT 15,Governor,,DEM,STEVE WILLIAMS,28
Mason,PRECINCT 16,Governor,,DEM,STEVE WILLIAMS,37
Mason,PRECINCT 17,Governor,,DEM,STEVE WILLIAMS,37
Mason,PRECINCT 18,Governor,,DEM,STEVE WILLIAMS,41
Mason,PRECINCT 19,Governor,,DEM,STEVE WILLIAMS,38
Mason,PRECINCT 20,Governor,,DEM,STEVE WILLIAMS,35
Mason,PRECINCT 21,Governor,,DEM,STEVE WILLIAMS,31
Mason,PRECINCT 22,Governor,,DEM,STEVE WILLIAMS,46
Mason,PRECINCT 23,Governor,,DEM,STEVE WILLIAMS,39
Mason,PRECINCT 24,Governor,,DEM,STEVE WILLIAMS,59
Mason,PRECINCT 25,Governor,,DEM,STEVE WILLIAMS,92
Mason,PRECINCT 26,Governor,,DEM,STEVE WILLIAMS,27
Mason,PRECINCT 27,Governor,,DEM,STEVE WILLIAMS,32
Mason,PRECINCT 28,Governor,,DEM,STEVE WILLIAMS,47
Mason,PRECINCT 29,Governor,,DEM,STEVE WILLIAMS,46
Mason,PRECINCT 30,Governor,,DEM,STEVE WILLIAMS,113
Mason,PRECINCT 1,Governor,,MTN,CHASE LINKO-LOOPER,0
Mason,PRECINCT 2,Governor,,MTN,CHASE LINKO-LOOPER,0
Mason,PRECINCT 3,Governor,,MTN,CHASE LINKO-LOOPER,0
Mason,PRECINCT 4,Governor,,MTN,CHASE LINKO-LOOPER,0
Mason,PRECINCT 5,Governor,,MTN,CHASE LINKO-LOOPER,0
Mason,PRECINCT 6,Governor,,MTN,CHASE LINKO-LOOPER,0
Mason,PRECINCT 7,Governor,,MTN,CHASE LINKO-LOOPER,0
Mason,PRECINCT 8,Governor,,MTN,CHASE LINKO-LOOPER,0
Mason,PRECINCT 9,Governor,,MTN,CHASE LINKO-LOOPER,0
Mason,PRECINCT 10,Governor,,MTN,CHASE LINKO-LOOPER,0
Mason,PRECINCT 11,Governor,,MTN,CHASE LINKO-LOOPER,0
Mason,PRECINCT 12,Governor,,MTN,CHASE LINKO-LOOPER,0
Mason,PRECINCT 13,Governor,,MTN,CHASE LINKO-LOOPER,0
Mason,PRECINCT 14,Governor,,MTN,CHASE LINKO-LOOPER,0
Mason,PRECINCT 15,Governor,,MTN,CHASE LINKO-LOOPER,0
Mason,PRECINCT 16,Governor,,MTN,CHASE LINKO-LOOPER,0
Mason,PRECINCT 17,Governor,,MTN,CHASE LINKO-LOOPER,0
Mason,PRECINCT 18,Governor,,MTN,CHASE LINKO-LOOPER,0
Mason,PRECINCT 19,Governor,,MTN,CHASE LINKO-LOOPER,1
Mason,PRECINCT 20,Governor,,MTN,CHASE LINKO-LOOPER,0
Mason,PRECINCT 21,Governor,,MTN,CHASE LINKO-LOOPER,0
Mason,PRECINCT 22,Governor,,MTN,CHASE LINKO-LOOPER,0
Mason,PRECINCT 23,Governor,,MTN,CHASE LINKO-LOOPER,1
Mason,PRECINCT 24,Governor,,MTN,CHASE LINKO-LOOPER,0
Mason,PRECINCT 25,Governor,,MTN,CHASE LINKO-LOOPER,0
Mason,PRECINCT 26,Governor,,MTN,CHASE LINKO-LOOPER,0
Mason,PRECINCT 27,Governor,,MTN,CHASE LINKO-LOOPER,0
Mason,PRECINCT 28,Governor,,MTN,CHASE LINKO-LOOPER,0
Mason,PRECINCT 29,Governor,,MTN,CHASE LINKO-LOOPER,0
Mason,PRECINCT 30,Governor,,MTN,CHASE LINKO-LOOPER,0
Mason,PRECINCT 1,Secretary of State,,REP,KRIS WARNER,14
Mason,PRECINCT 2,Secretary of State,,REP,KRIS WARNER,14
Mason,PRECINCT 3,Secretary of State,,REP,KRIS WARNER,21
Mason,PRECINCT 4,Secretary of State,,REP,KRIS WARNER,29
Mason,PRECINCT 5,Secretary of State,,REP,KRIS WARNER,30
Mason,PRECINCT 6,Secretary of State,,REP,KRIS WARNER,39
Mason,PRECINCT 7,Secretary of State,,REP,KRIS WARNER,38
Mason,PRECINCT 8,Secretary of State,,REP,KRIS WARNER,45
Mason,PRECINCT 9,Secretary of State,,REP,KRIS WARNER,63
Mason,PRECINCT 10,Secretary of State,,REP,KRIS WARNER,51
Mason,PRECINCT 11,Secretary of State,,REP,KRIS WARNER,4
Mason,PRECINCT 12,Secretary of State,,REP,KRIS WARNER,37
Mason,PRECINCT 13,Secretary of State,,REP,KRIS WARNER,74
Mason,PRECINCT 14,Secretary of State,,REP,KRIS WARNER,57
Mason,PRECINCT 15,Secretary of State,,REP,KRIS WARNER,29
Mason,PRECINCT 16,Secretary of State,,REP,KRIS WARNER,62
Mason,PRECINCT 17,Secretary of State,,REP,KRIS WARNER,35
Mason,PRECINCT 18,Secretary of State,,REP,KRIS WARNER,43
Mason,PRECINCT 19,Secretary of State,,REP,KRIS WARNER,43
Mason,PRECINCT 20,Secretary of State,,REP,KRIS WARNER,37
Mason,PRECINCT 21,Secretary of State,,REP,KRIS WARNER,56
Mason,PRECINCT 22,Secretary of State,,REP,KRIS WARNER,67
Mason,PRECINCT 23,Secretary of State,,REP,KRIS WARNER,58
Mason,PRECINCT 24,Secretary of State,,REP,KRIS WARNER,65
Mason,PRECINCT 25,Secretary of State,,REP,KRIS WARNER,97
Mason,PRECINCT 26,Secretary of State,,REP,KRIS WARNER,20
Mason,PRECINCT 27,Secretary of State,,REP,KRIS WARNER,40
Mason,PRECINCT 28,Secretary of State,,REP,KRIS WARNER,60
Mason,PRECINCT 29,Secretary of State,,REP,KRIS WARNER,52
Mason,PRECINCT 30,Secretary of State,,REP,KRIS WARNER,130
Mason,PRECINCT 1,Secretary of State,,REP,KEN REED,2
Mason,PRECINCT 2,Secretary of State,,REP,KEN REED,0
Mason,PRECINCT 3,Secretary of State,,REP,KEN REED,2
Mason,PRECINCT 4,Secretary of State,,REP,KEN REED,3
Mason,PRECINCT 5,Secretary of State,,REP,KEN REED,1
Mason,PRECINCT 6,Secretary of State,,REP,KEN REED,4
Mason,PRECINCT 7,Secretary of State,,REP,KEN REED,5
Mason,PRECINCT 8,Secretary of State,,REP,KEN REED,3
Mason,PRECINCT 9,Secretary of State,,REP,KEN REED,6
Mason,PRECINCT 10,Secretary of State,,REP,KEN REED,11
Mason,PRECINCT 11,Secretary of State,,REP,KEN REED,1
Mason,PRECINCT 12,Secretary of State,,REP,KEN REED,2
Mason,PRECINCT 13,Secretary of State,,REP,KEN REED,8
Mason,PRECINCT 14,Secretary of State,,REP,KEN REED,3
Mason,PRECINCT 15,Secretary of State,,REP,KEN REED,4
Mason,PRECINCT 16,Secretary of State,,REP,KEN REED,6
Mason,PRECINCT 17,Secretary of State,,REP,KEN REED,7
Mason,PRECINCT 18,Secretary of State,,REP,KEN REED,3
Mason,PRECINCT 19,Secretary of State,,REP,KEN REED,3
Mason,PRECINCT 20,Secretary of State,,REP,KEN REED,2
Mason,PRECINCT 21,Secretary of State,,REP,KEN REED,4
Mason,PRECINCT 22,Secretary of State,,REP,KEN REED,13
Mason,PRECINCT 23,Secretary of State,,REP,KEN REED,10
Mason,PRECINCT 24,Secretary of State,,REP,KEN REED,5
Mason,PRECINCT 25,Secretary of State,,REP,KEN REED,8
Mason,PRECINCT 26,Secretary of State,,REP,KEN REED,3
Mason,PRECINCT 27,Secretary of State,,REP,KEN REED,1
Mason,PRECINCT 28,Secretary of State,,REP,KEN REED,7
Mason,PRECINCT 29,Secretary of State,,REP,KEN REED,4
Mason,PRECINCT 30,Secretary of State,,REP,KEN REED,6
Mason,PRECINCT 1,Secretary of State,,REP,BRIAN WOOD,15
Mason,PRECINCT 2,Secretary of State,,REP,BRIAN WOOD,9
Mason,PRECINCT 3,Secretary of State,,REP,BRIAN WOOD,16
Mason,PRECINCT 4,Secretary of State,,REP,BRIAN WOOD,39
Mason,PRECINCT 5,Secretary of State,,REP,BRIAN WOOD,25
Mason,PRECINCT 6,Secretary of State,,REP,BRIAN WOOD,31
Mason,PRECINCT 7,Secretary of State,,REP,BRIAN WOOD,33
Mason,PRECINCT 8,Secretary of State,,REP,BRIAN WOOD,44
Mason,PRECINCT 9,Secretary of State,,REP,BRIAN WOOD,61
Mason,PRECINCT 10,Secretary of State,,REP,BRIAN WOOD,52
Mason,PRECINCT 11,Secretary of State,,REP,BRIAN WOOD,2
Mason,PRECINCT 12,Secretary of State,,REP,BRIAN WOOD,39
Mason,PRECINCT 13,Secretary of State,,REP,BRIAN WOOD,68
Mason,PRECINCT 14,Secretary of State,,REP,BRIAN WOOD,32
Mason,PRECINCT 15,Secretary of State,,REP,BRIAN WOOD,42
Mason,PRECINCT 16,Secretary of State,,REP,BRIAN WOOD,76
Mason,PRECINCT 17,Secretary of State,,REP,BRIAN WOOD,75
Mason,PRECINCT 18,Secretary of State,,REP,BRIAN WOOD,31
Mason,PRECINCT 19,Secretary of State,,REP,BRIAN WOOD,69
Mason,PRECINCT 20,Secretary of State,,REP,BRIAN WOOD,37
Mason,PRECINCT 21,Secretary of State,,REP,BRIAN WOOD,48
Mason,PRECINCT 22,Secretary of State,,REP,BRIAN WOOD,55
Mason,PRECINCT 23,Secretary of State,,REP,BRIAN WOOD,37
Mason,PRECINCT 24,Secretary of State,,REP,BRIAN WOOD,29
Mason,PRECINCT 25,Secretary of State,,REP,BRIAN WOOD,59
Mason,PRECINCT 26,Secretary of State,,REP,BRIAN WOOD,7
Mason,PRECINCT 27,Secretary of State,,REP,BRIAN WOOD,38
Mason,PRECINCT 28,Secretary of State,,REP,BRIAN WOOD,32
Mason,PRECINCT 29,Secretary of State,,REP,BRIAN WOOD,53
Mason,PRECINCT 30,Secretary of State,,REP,BRIAN WOOD,115
Mason,PRECINCT 1,Secretary of State,,REP,DOUG  SKAFF JR.,4
Mason,PRECINCT 2,Secretary of State,,REP,DOUG  SKAFF JR.,1
Mason,PRECINCT 3,Secretary of State,,REP,DOUG  SKAFF JR.,3
Mason,PRECINCT 4,Secretary of State,,REP,DOUG  SKAFF JR.,10
Mason,PRECINCT 5,Secretary of State,,REP,DOUG  SKAFF JR.,5
Mason,PRECINCT 6,Secretary of State,,REP,DOUG  SKAFF JR.,9
Mason,PRECINCT 7,Secretary of State,,REP,DOUG  SKAFF JR.,9
Mason,PRECINCT 8,Secretary of State,,REP,DOUG  SKAFF JR.,11
Mason,PRECINCT 9,Secretary of State,,REP,DOUG  SKAFF JR.,11
Mason,PRECINCT 10,Secretary of State,,REP,DOUG  SKAFF JR.,15
Mason,PRECINCT 11,Secretary of State,,REP,DOUG  SKAFF JR.,3
Mason,PRECINCT 12,Secretary of State,,REP,DOUG  SKAFF JR.,9
Mason,PRECINCT 13,Secretary of State,,REP,DOUG  SKAFF JR.,17
Mason,PRECINCT 14,Secretary of State,,REP,DOUG  SKAFF JR.,15
Mason,PRECINCT 15,Secretary of State,,REP,DOUG  SKAFF JR.,9
Mason,PRECINCT 16,Secretary of State,,REP,DOUG  SKAFF JR.,31
Mason,PRECINCT 17,Secretary of State,,REP,DOUG  SKAFF JR.,17
Mason,PRECINCT 18,Secretary of State,,REP,DOUG  SKAFF JR.,9
Mason,PRECINCT 19,Secretary of State,,REP,DOUG  SKAFF JR.,26
Mason,PRECINCT 20,Secretary of State,,REP,DOUG  SKAFF JR.,11
Mason,PRECINCT 21,Secretary of State,,REP,DOUG  SKAFF JR.,16
Mason,PRECINCT 22,Secretary of State,,REP,DOUG  SKAFF JR.,18
Mason,PRECINCT 23,Secretary of State,,REP,DOUG  SKAFF JR.,9
Mason,PRECINCT 24,Secretary of State,,REP,DOUG  SKAFF JR.,13
Mason,PRECINCT 25,Secretary of State,,REP,DOUG  SKAFF JR.,16
Mason,PRECINCT 26,Secretary of State,,REP,DOUG  SKAFF JR.,7
Mason,PRECINCT 27,Secretary of State,,REP,DOUG  SKAFF JR.,11
Mason,PRECINCT 28,Secretary of State,,REP,DOUG  SKAFF JR.,16
Mason,PRECINCT 29,Secretary of State,,REP,DOUG  SKAFF JR.,6
Mason,PRECINCT 30,Secretary of State,,REP,DOUG  SKAFF JR.,27
Mason,PRECINCT 1,Secretary of State,,DEM,THORNTON COOPER,9
Mason,PRECINCT 2,Secretary of State,,DEM,THORNTON COOPER,13
Mason,PRECINCT 3,Secretary of State,,DEM,THORNTON COOPER,31
Mason,PRECINCT 4,Secretary of State,,DEM,THORNTON COOPER,41
Mason,PRECINCT 5,Secretary of State,,DEM,THORNTON COOPER,32
Mason,PRECINCT 6,Secretary of State,,DEM,THORNTON COOPER,30
Mason,PRECINCT 7,Secretary of State,,DEM,THORNTON COOPER,41
Mason,PRECINCT 8,Secretary of State,,DEM,THORNTON COOPER,49
Mason,PRECINCT 9,Secretary of State,,DEM,THORNTON COOPER,46
Mason,PRECINCT 10,Secretary of State,,DEM,THORNTON COOPER,48
Mason,PRECINCT 11,Secretary of State,,DEM,THORNTON COOPER,5
Mason,PRECINCT 12,Secretary of State,,DEM,THORNTON COOPER,20
Mason,PRECINCT 13,Secretary of State,,DEM,THORNTON COOPER,42
Mason,PRECINCT 14,Secretary of State,,DEM,THORNTON COOPER,33
Mason,PRECINCT 15,Secretary of State,,DEM,THORNTON COOPER,25
Mason,PRECINCT 16,Secretary of State,,DEM,THORNTON COOPER,30
Mason,PRECINCT 17,Secretary of State,,DEM,THORNTON COOPER,33
Mason,PRECINCT 18,Secretary of State,,DEM,THORNTON COOPER,34
Mason,PRECINCT 19,Secretary of State,,DEM,THORNTON COOPER,32
Mason,PRECINCT 20,Secretary of State,,DEM,THORNTON COOPER,31
Mason,PRECINCT 21,Secretary of State,,DEM,THORNTON COOPER,30
Mason,PRECINCT 22,Secretary of State,,DEM,THORNTON COOPER,41
Mason,PRECINCT 23,Secretary of State,,DEM,THORNTON COOPER,38
Mason,PRECINCT 24,Secretary of State,,DEM,THORNTON COOPER,51
Mason,PRECINCT 25,Secretary of State,,DEM,THORNTON COOPER,81
Mason,PRECINCT 26,Secretary of State,,DEM,THORNTON COOPER,20
Mason,PRECINCT 27,Secretary of State,,DEM,THORNTON COOPER,28
Mason,PRECINCT 28,Secretary of State,,DEM,THORNTON COOPER,42
Mason,PRECINCT 29,Secretary of State,,DEM,THORNTON COOPER,43
Mason,PRECINCT 30,Secretary of State,,DEM,THORNTON COOPER,102
Mason,PRECINCT 1,Secretary of State,,MTN,NO CANDIDATE FILED,0
Mason,PRECINCT 2,Secretary of State,,MTN,NO CANDIDATE FILED,0
Mason,PRECINCT 3,Secretary of State,,MTN,NO CANDIDATE FILED,0
Mason,PRECINCT 4,Secretary of State,,MTN,NO CANDIDATE FILED,0
Mason,PRECINCT 5,Secretary of State,,MTN,NO CANDIDATE FILED,0
Mason,PRECINCT 6,Secretary of State,,MTN,NO CANDIDATE FILED,0
Mason,PRECINCT 7,Secretary of State,,MTN,NO CANDIDATE FILED,0
Mason,PRECINCT 8,Secretary of State,,MTN,NO CANDIDATE FILED,0
Mason,PRECINCT 9,Secretary of State,,MTN,NO CANDIDATE FILED,0
Mason,PRECINCT 10,Secretary of State,,MTN,NO CANDIDATE FILED,0
Mason,PRECINCT 11,Secretary of State,,MTN,NO CANDIDATE FILED,0
Mason,PRECINCT 12,Secretary of State,,MTN,NO CANDIDATE FILED,0
Mason,PRECINCT 13,Secretary of State,,MTN,NO CANDIDATE FILED,0
Mason,PRECINCT 14,Secretary of State,,MTN,NO CANDIDATE FILED,0
Mason,PRECINCT 15,Secretary of State,,MTN,NO CANDIDATE FILED,0
Mason,PRECINCT 16,Secretary of State,,MTN,NO CANDIDATE FILED,0
Mason,PRECINCT 17,Secretary of State,,MTN,NO CANDIDATE FILED,0
Mason,PRECINCT 18,Secretary of State,,MTN,NO CANDIDATE FILED,0
Mason,PRECINCT 19,Secretary of State,,MTN,NO CANDIDATE FILED,0
Mason,PRECINCT 20,Secretary of State,,MTN,NO CANDIDATE FILED,0
Mason,PRECINCT 21,Secretary of State,,MTN,NO CANDIDATE FILED,0
Mason,PRECINCT 22,Secretary of State,,MTN,NO CANDIDATE FILED,0
Mason,PRECINCT 23,Secretary of State,,MTN,NO CANDIDATE FILED,0
Mason,PRECINCT 24,Secretary of State,,MTN,NO CANDIDATE FILED,0
Mason,PRECINCT 25,Secretary of State,,MTN,NO CANDIDATE FILED,0
Mason,PRECINCT 26,Secretary of State,,MTN,NO CANDIDATE FILED,0
Mason,PRECINCT 27,Secretary of State,,MTN,NO CANDIDATE FILED,0
Mason,PRECINCT 28,Secretary of State,,MTN,NO CANDIDATE FILED,0
Mason,PRECINCT 29,Secretary of State,,MTN,NO CANDIDATE FILED,0
Mason,PRECINCT 30,Secretary of State,,MTN,NO CANDIDATE FILED,0
Mason,PRECINCT 1,Auditor,,REP,CALEB L.  HANNA,6
Mason,PRECINCT 2,Auditor,,REP,CALEB L.  HANNA,3
Mason,PRECINCT 3,Auditor,,REP,CALEB L.  HANNA,7
Mason,PRECINCT 4,Auditor,,REP,CALEB L.  HANNA,15
Mason,PRECINCT 5,Auditor,,REP,CALEB L.  HANNA,13
Mason,PRECINCT 6,Auditor,,REP,CALEB L.  HANNA,12
Mason,PRECINCT 7,Auditor,,REP,CALEB L.  HANNA,23
Mason,PRECINCT 8,Auditor,,REP,CALEB L.  HANNA,18
Mason,PRECINCT 9,Auditor,,REP,CALEB L.  HANNA,30
Mason,PRECINCT 10,Auditor,,REP,CALEB L.  HANNA,19
Mason,PRECINCT 11,Auditor,,REP,CALEB L.  HANNA,1
Mason,PRECINCT 12,Auditor,,REP,CALEB L.  HANNA,15
Mason,PRECINCT 13,Auditor,,REP,CALEB L.  HANNA,40
Mason,PRECINCT 14,Auditor,,REP,CALEB L.  HANNA,19
Mason,PRECINCT 15,Auditor,,REP,CALEB L.  HANNA,14
Mason,PRECINCT 16,Auditor,,REP,CALEB L.  HANNA,28
Mason,PRECINCT 17,Auditor,,REP,CALEB L.  HANNA,24
Mason,PRECINCT 18,Auditor,,REP,CALEB L.  HANNA,20
Mason,PRECINCT 19,Auditor,,REP,CALEB L.  HANNA,19
Mason,PRECINCT 20,Auditor,,REP,CALEB L.  HANNA,18
Mason,PRECINCT 21,Auditor,,REP,CALEB L.  HANNA,14
Mason,PRECINCT 22,Auditor,,REP,CALEB L.  HANNA,29
Mason,PRECINCT 23,Auditor,,REP,CALEB L.  HANNA,18
Mason,PRECINCT 24,Auditor,,REP,CALEB L.  HANNA,13
Mason,PRECINCT 25,Auditor,,REP,CALEB L.  HANNA,27
Mason,PRECINCT 26,Auditor,,REP,CALEB L.  HANNA,6
Mason,PRECINCT 27,Auditor,,REP,CALEB L.  HANNA,9
Mason,PRECINCT 28,Auditor,,REP,CALEB L.  HANNA,16
Mason,PRECINCT 29,Auditor,,REP,CALEB L.  HANNA,12
Mason,PRECINCT 30,Auditor,,REP,CALEB L.  HANNA,57
Mason,PRECINCT 1,Auditor,,REP,TRICIA  JACKSON,5
Mason,PRECINCT 2,Auditor,,REP,TRICIA  JACKSON,7
Mason,PRECINCT 3,Auditor,,REP,TRICIA  JACKSON,7
Mason,PRECINCT 4,Auditor,,REP,TRICIA  JACKSON,15
Mason,PRECINCT 5,Auditor,,REP,TRICIA  JACKSON,6
Mason,PRECINCT 6,Auditor,,REP,TRICIA  JACKSON,11
Mason,PRECINCT 7,Auditor,,REP,TRICIA  JACKSON,11
Mason,PRECINCT 8,Auditor,,REP,TRICIA  JACKSON,18
Mason,PRECINCT 9,Auditor,,REP,TRICIA  JACKSON,19
Mason,PRECINCT 10,Auditor,,REP,TRICIA  JACKSON,14
Mason,PRECINCT 11,Auditor,,REP,TRICIA  JACKSON,0
Mason,PRECINCT 12,Auditor,,REP,TRICIA  JACKSON,15
Mason,PRECINCT 13,Auditor,,REP,TRICIA  JACKSON,21
Mason,PRECINCT 14,Auditor,,REP,TRICIA  JACKSON,9
Mason,PRECINCT 15,Auditor,,REP,TRICIA  JACKSON,11
Mason,PRECINCT 16,Auditor,,REP,TRICIA  JACKSON,27
Mason,PRECINCT 17,Auditor,,REP,TRICIA  JACKSON,14
Mason,PRECINCT 18,Auditor,,REP,TRICIA  JACKSON,7
Mason,PRECINCT 19,Auditor,,REP,TRICIA  JACKSON,16
Mason,PRECINCT 20,Auditor,,REP,TRICIA  JACKSON,12
Mason,PRECINCT 21,Auditor,,REP,TRICIA  JACKSON,16
Mason,PRECINCT 22,Auditor,,REP,TRICIA  JACKSON,12
Mason,PRECINCT 23,Auditor,,REP,TRICIA  JACKSON,16
Mason,PRECINCT 24,Auditor,,REP,TRICIA  JACKSON,14
Mason,PRECINCT 25,Auditor,,REP,TRICIA  JACKSON,28
Mason,PRECINCT 26,Auditor,,REP,TRICIA  JACKSON,7
Mason,PRECINCT 27,Auditor,,REP,TRICIA  JACKSON,19
Mason,PRECINCT 28,Auditor,,REP,TRICIA  JACKSON,18
Mason,PRECINCT 29,Auditor,,REP,TRICIA  JACKSON,20
Mason,PRECINCT 30,Auditor,,REP,TRICIA  JACKSON,42
Mason,PRECINCT 1,Auditor,,REP,MARK HUNT,24
Mason,PRECINCT 2,Auditor,,REP,MARK HUNT,12
Mason,PRECINCT 3,Auditor,,REP,MARK HUNT,23
Mason,PRECINCT 4,Auditor,,REP,MARK HUNT,46
Mason,PRECINCT 5,Auditor,,REP,MARK HUNT,39
Mason,PRECINCT 6,Auditor,,REP,MARK HUNT,53
Mason,PRECINCT 7,Auditor,,REP,MARK HUNT,38
Mason,PRECINCT 8,Auditor,,REP,MARK HUNT,54
Mason,PRECINCT 9,Auditor,,REP,MARK HUNT,65
Mason,PRECINCT 10,Auditor,,REP,MARK HUNT,88
Mason,PRECINCT 11,Auditor,,REP,MARK HUNT,8
Mason,PRECINCT 12,Auditor,,REP,MARK HUNT,49
Mason,PRECINCT 13,Auditor,,REP,MARK HUNT,81
Mason,PRECINCT 14,Auditor,,REP,MARK HUNT,69
Mason,PRECINCT 15,Auditor,,REP,MARK HUNT,55
Mason,PRECINCT 16,Auditor,,REP,MARK HUNT,97
Mason,PRECINCT 17,Auditor,,REP,MARK HUNT,73
Mason,PRECINCT 18,Auditor,,REP,MARK HUNT,46
Mason,PRECINCT 19,Auditor,,REP,MARK HUNT,85
Mason,PRECINCT 20,Auditor,,REP,MARK HUNT,38
Mason,PRECINCT 21,Auditor,,REP,MARK HUNT,79
Mason,PRECINCT 22,Auditor,,REP,MARK HUNT,92
Mason,PRECINCT 23,Auditor,,REP,MARK HUNT,62
Mason,PRECINCT 24,Auditor,,REP,MARK HUNT,58
Mason,PRECINCT 25,Auditor,,REP,MARK HUNT,99
Mason,PRECINCT 26,Auditor,,REP,MARK HUNT,18
Mason,PRECINCT 27,Auditor,,REP,MARK HUNT,49
Mason,PRECINCT 28,Auditor,,REP,MARK HUNT,56
Mason,PRECINCT 29,Auditor,,REP,MARK HUNT,65
Mason,PRECINCT 30,Auditor,,REP,MARK HUNT,131
Mason,PRECINCT 1,Auditor,,REP,ERIC L. HOUSEHOLDER,0
Mason,PRECINCT 2,Auditor,,REP,ERIC L. HOUSEHOLDER,2
Mason,PRECINCT 3,Auditor,,REP,ERIC L. HOUSEHOLDER,1
Mason,PRECINCT 4,Auditor,,REP,ERIC L. HOUSEHOLDER,5
Mason,PRECINCT 5,Auditor,,REP,ERIC L. HOUSEHOLDER,2
Mason,PRECINCT 6,Auditor,,REP,ERIC L. HOUSEHOLDER,5
Mason,PRECINCT 7,Auditor,,REP,ERIC L. HOUSEHOLDER,8
Mason,PRECINCT 8,Auditor,,REP,ERIC L. HOUSEHOLDER,10
Mason,PRECINCT 9,Auditor,,REP,ERIC L. HOUSEHOLDER,22
Mason,PRECINCT 10,Auditor,,REP,ERIC L. HOUSEHOLDER,6
Mason,PRECINCT 11,Auditor,,REP,ERIC L. HOUSEHOLDER,1
Mason,PRECINCT 12,Auditor,,REP,ERIC L. HOUSEHOLDER,6
Mason,PRECINCT 13,Auditor,,REP,ERIC L. HOUSEHOLDER,17
Mason,PRECINCT 14,Auditor,,REP,ERIC L. HOUSEHOLDER,8
Mason,PRECINCT 15,Auditor,,REP,ERIC L. HOUSEHOLDER,4
Mason,PRECINCT 16,Auditor,,REP,ERIC L. HOUSEHOLDER,15
Mason,PRECINCT 17,Auditor,,REP,ERIC L. HOUSEHOLDER,15
Mason,PRECINCT 18,Auditor,,REP,ERIC L. HOUSEHOLDER,6
Mason,PRECINCT 19,Auditor,,REP,ERIC L. HOUSEHOLDER,15
Mason,PRECINCT 20,Auditor,,REP,ERIC L. HOUSEHOLDER,15
Mason,PRECINCT 21,Auditor,,REP,ERIC L. HOUSEHOLDER,13
Mason,PRECINCT 22,Auditor,,REP,ERIC L. HOUSEHOLDER,12
Mason,PRECINCT 23,Auditor,,REP,ERIC L. HOUSEHOLDER,10
Mason,PRECINCT 24,Auditor,,REP,ERIC L. HOUSEHOLDER,20
Mason,PRECINCT 25,Auditor,,REP,ERIC L. HOUSEHOLDER,22
Mason,PRECINCT 26,Auditor,,REP,ERIC L. HOUSEHOLDER,5
Mason,PRECINCT 27,Auditor,,REP,ERIC L. HOUSEHOLDER,8
Mason,PRECINCT 28,Auditor,,REP,ERIC L. HOUSEHOLDER,17
Mason,PRECINCT 29,Auditor,,REP,ERIC L. HOUSEHOLDER,12
Mason,PRECINCT 30,Auditor,,REP,ERIC L. HOUSEHOLDER,31
Mason,PRECINCT 1,Auditor,,DEM,MARY ANN ROEBUCK CLAYTOR,10
Mason,PRECINCT 2,Auditor,,DEM,MARY ANN ROEBUCK CLAYTOR,14
Mason,PRECINCT 3,Auditor,,DEM,MARY ANN ROEBUCK CLAYTOR,33
Mason,PRECINCT 4,Auditor,,DEM,MARY ANN ROEBUCK CLAYTOR,44
Mason,PRECINCT 5,Auditor,,DEM,MARY ANN ROEBUCK CLAYTOR,35
Mason,PRECINCT 6,Auditor,,DEM,MARY ANN ROEBUCK CLAYTOR,29
Mason,PRECINCT 7,Auditor,,DEM,MARY ANN ROEBUCK CLAYTOR,42
Mason,PRECINCT 8,Auditor,,DEM,MARY ANN ROEBUCK CLAYTOR,53
Mason,PRECINCT 9,Auditor,,DEM,MARY ANN ROEBUCK CLAYTOR,49
Mason,PRECINCT 10,Auditor,,DEM,MARY ANN ROEBUCK CLAYTOR,51
Mason,PRECINCT 11,Auditor,,DEM,MARY ANN ROEBUCK CLAYTOR,5
Mason,PRECINCT 12,Auditor,,DEM,MARY ANN ROEBUCK CLAYTOR,22
Mason,PRECINCT 13,Auditor,,DEM,MARY ANN ROEBUCK CLAYTOR,42
Mason,PRECINCT 14,Auditor,,DEM,MARY ANN ROEBUCK CLAYTOR,35
Mason,PRECINCT 15,Auditor,,DEM,MARY ANN ROEBUCK CLAYTOR,29
Mason,PRECINCT 16,Auditor,,DEM,MARY ANN ROEBUCK CLAYTOR,33
Mason,PRECINCT 17,Auditor,,DEM,MARY ANN ROEBUCK CLAYTOR,34
Mason,PRECINCT 18,Auditor,,DEM,MARY ANN ROEBUCK CLAYTOR,36
Mason,PRECINCT 19,Auditor,,DEM,MARY ANN ROEBUCK CLAYTOR,35
Mason,PRECINCT 20,Auditor,,DEM,MARY ANN ROEBUCK CLAYTOR,32
Mason,PRECINCT 21,Auditor,,DEM,MARY ANN ROEBUCK CLAYTOR,31
Mason,PRECINCT 22,Auditor,,DEM,MARY ANN ROEBUCK CLAYTOR,42
Mason,PRECINCT 23,Auditor,,DEM,MARY ANN ROEBUCK CLAYTOR,37
Mason,PRECINCT 24,Auditor,,DEM,MARY ANN ROEBUCK CLAYTOR,53
Mason,PRECINCT 25,Auditor,,DEM,MARY ANN ROEBUCK CLAYTOR,83
Mason,PRECINCT 26,Auditor,,DEM,MARY ANN ROEBUCK CLAYTOR,21
Mason,PRECINCT 27,Auditor,,DEM,MARY ANN ROEBUCK CLAYTOR,25
Mason,PRECINCT 28,Auditor,,DEM,MARY ANN ROEBUCK CLAYTOR,44
Mason,PRECINCT 29,Auditor,,DEM,MARY ANN ROEBUCK CLAYTOR,46
Mason,PRECINCT 30,Auditor,,DEM,MARY ANN ROEBUCK CLAYTOR,104
Mason,PRECINCT 1,Auditor,,MTN,NO CANDIDATE FILED,0
Mason,PRECINCT 2,Auditor,,MTN,NO CANDIDATE FILED,0
Mason,PRECINCT 3,Auditor,,MTN,NO CANDIDATE FILED,0
Mason,PRECINCT 4,Auditor,,MTN,NO CANDIDATE FILED,0
Mason,PRECINCT 5,Auditor,,MTN,NO CANDIDATE FILED,0
Mason,PRECINCT 6,Auditor,,MTN,NO CANDIDATE FILED,0
Mason,PRECINCT 7,Auditor,,MTN,NO CANDIDATE FILED,0
Mason,PRECINCT 8,Auditor,,MTN,NO CANDIDATE FILED,0
Mason,PRECINCT 9,Auditor,,MTN,NO CANDIDATE FILED,0
Mason,PRECINCT 10,Auditor,,MTN,NO CANDIDATE FILED,0
Mason,PRECINCT 11,Auditor,,MTN,NO CANDIDATE FILED,0
Mason,PRECINCT 12,Auditor,,MTN,NO CANDIDATE FILED,0
Mason,PRECINCT 13,Auditor,,MTN,NO CANDIDATE FILED,0
Mason,PRECINCT 14,Auditor,,MTN,NO CANDIDATE FILED,0
Mason,PRECINCT 15,Auditor,,MTN,NO CANDIDATE FILED,0
Mason,PRECINCT 16,Auditor,,MTN,NO CANDIDATE FILED,0
Mason,PRECINCT 17,Auditor,,MTN,NO CANDIDATE FILED,0
Mason,PRECINCT 18,Auditor,,MTN,NO CANDIDATE FILED,0
Mason,PRECINCT 19,Auditor,,MTN,NO CANDIDATE FILED,0
Mason,PRECINCT 20,Auditor,,MTN,NO CANDIDATE FILED,0
Mason,PRECINCT 21,Auditor,,MTN,NO CANDIDATE FILED,0
Mason,PRECINCT 22,Auditor,,MTN,NO CANDIDATE FILED,0
Mason,PRECINCT 23,Auditor,,MTN,NO CANDIDATE FILED,0
Mason,PRECINCT 24,Auditor,,MTN,NO CANDIDATE FILED,0
Mason,PRECINCT 25,Auditor,,MTN,NO CANDIDATE FILED,0
Mason,PRECINCT 26,Auditor,,MTN,NO CANDIDATE FILED,0
Mason,PRECINCT 27,Auditor,,MTN,NO CANDIDATE FILED,0
Mason,PRECINCT 28,Auditor,,MTN,NO CANDIDATE FILED,0
Mason,PRECINCT 29,Auditor,,MTN,NO CANDIDATE FILED,0
Mason,PRECINCT 30,Auditor,,MTN,NO CANDIDATE FILED,0
Mason,PRECINCT 1,State Treasurer,,REP,LARRY PACK,33
Mason,PRECINCT 2,State Treasurer,,REP,LARRY PACK,22
Mason,PRECINCT 3,State Treasurer,,REP,LARRY PACK,36
Mason,PRECINCT 4,State Treasurer,,REP,LARRY PACK,75
Mason,PRECINCT 5,State Treasurer,,REP,LARRY PACK,49
Mason,PRECINCT 6,State Treasurer,,REP,LARRY PACK,75
Mason,PRECINCT 7,State Treasurer,,REP,LARRY PACK,81
Mason,PRECINCT 8,State Treasurer,,REP,LARRY PACK,90
Mason,PRECINCT 9,State Treasurer,,REP,LARRY PACK,124
Mason,PRECINCT 10,State Treasurer,,REP,LARRY PACK,109
Mason,PRECINCT 11,State Treasurer,,REP,LARRY PACK,11
Mason,PRECINCT 12,State Treasurer,,REP,LARRY PACK,78
Mason,PRECINCT 13,State Treasurer,,REP,LARRY PACK,147
Mason,PRECINCT 14,State Treasurer,,REP,LARRY PACK,102
Mason,PRECINCT 15,State Treasurer,,REP,LARRY PACK,73
Mason,PRECINCT 16,State Treasurer,,REP,LARRY PACK,134
Mason,PRECINCT 17,State Treasurer,,REP,LARRY PACK,114
Mason,PRECINCT 18,State Treasurer,,REP,LARRY PACK,66
Mason,PRECINCT 19,State Treasurer,,REP,LARRY PACK,123
Mason,PRECINCT 20,State Treasurer,,REP,LARRY PACK,70
Mason,PRECINCT 21,State Treasurer,,REP,LARRY PACK,111
Mason,PRECINCT 22,State Treasurer,,REP,LARRY PACK,122
Mason,PRECINCT 23,State Treasurer,,REP,LARRY PACK,96
Mason,PRECINCT 24,State Treasurer,,REP,LARRY PACK,102
Mason,PRECINCT 25,State Treasurer,,REP,LARRY PACK,161
Mason,PRECINCT 26,State Treasurer,,REP,LARRY PACK,32
Mason,PRECINCT 27,State Treasurer,,REP,LARRY PACK,73
Mason,PRECINCT 28,State Treasurer,,REP,LARRY PACK,96
Mason,PRECINCT 29,State Treasurer,,REP,LARRY PACK,102
Mason,PRECINCT 30,State Treasurer,,REP,LARRY PACK,238
Mason,PRECINCT 1,State Treasurer,,DEM,NO CANDIDATE FILED,0
Mason,PRECINCT 2,State Treasurer,,DEM,NO CANDIDATE FILED,0
Mason,PRECINCT 3,State Treasurer,,DEM,NO CANDIDATE FILED,0
Mason,PRECINCT 4,State Treasurer,,DEM,NO CANDIDATE FILED,0
Mason,PRECINCT 5,State Treasurer,,DEM,NO CANDIDATE FILED,0
Mason,PRECINCT 6,State Treasurer,,DEM,NO CANDIDATE FILED,0
Mason,PRECINCT 7,State Treasurer,,DEM,NO CANDIDATE FILED,0
Mason,PRECINCT 8,State Treasurer,,DEM,NO CANDIDATE FILED,0
Mason,PRECINCT 9,State Treasurer,,DEM,NO CANDIDATE FILED,0
Mason,PRECINCT 10,State Treasurer,,DEM,NO CANDIDATE FILED,0
Mason,PRECINCT 11,State Treasurer,,DEM,NO CANDIDATE FILED,0
Mason,PRECINCT 12,State Treasurer,,DEM,NO CANDIDATE FILED,0
Mason,PRECINCT 13,State Treasurer,,DEM,NO CANDIDATE FILED,0
Mason,PRECINCT 14,State Treasurer,,DEM,NO CANDIDATE FILED,0
Mason,PRECINCT 15,State Treasurer,,DEM,NO CANDIDATE FILED,0
Mason,PRECINCT 16,State Treasurer,,DEM,NO CANDIDATE FILED,0
Mason,PRECINCT 17,State Treasurer,,DEM,NO CANDIDATE FILED,0
Mason,PRECINCT 18,State Treasurer,,DEM,NO CANDIDATE FILED,0
Mason,PRECINCT 19,State Treasurer,,DEM,NO CANDIDATE FILED,0
Mason,PRECINCT 20,State Treasurer,,DEM,NO CANDIDATE FILED,0
Mason,PRECINCT 21,State Treasurer,,DEM,NO CANDIDATE FILED,0
Mason,PRECINCT 22,State Treasurer,,DEM,NO CANDIDATE FILED,0
Mason,PRECINCT 23,State Treasurer,,DEM,NO CANDIDATE FILED,0
Mason,PRECINCT 24,State Treasurer,,DEM,NO CANDIDATE FILED,0
Mason,PRECINCT 25,State Treasurer,,DEM,NO CANDIDATE FILED,0
Mason,PRECINCT 26,State Treasurer,,DEM,NO CANDIDATE FILED,0
Mason,PRECINCT 27,State Treasurer,,DEM,NO CANDIDATE FILED,0
Mason,PRECINCT 28,State Treasurer,,DEM,NO CANDIDATE FILED,0
Mason,PRECINCT 29,State Treasurer,,DEM,NO CANDIDATE FILED,0
Mason,PRECINCT 30,State Treasurer,,DEM,NO CANDIDATE FILED,0
Mason,PRECINCT 1,State Treasurer,,MTN,NO CANDIDATE FILED,0
Mason,PRECINCT 2,State Treasurer,,MTN,NO CANDIDATE FILED,0
Mason,PRECINCT 3,State Treasurer,,MTN,NO CANDIDATE FILED,0
Mason,PRECINCT 4,State Treasurer,,MTN,NO CANDIDATE FILED,0
Mason,PRECINCT 5,State Treasurer,,MTN,NO CANDIDATE FILED,0
Mason,PRECINCT 6,State Treasurer,,MTN,NO CANDIDATE FILED,0
Mason,PRECINCT 7,State Treasurer,,MTN,NO CANDIDATE FILED,0
Mason,PRECINCT 8,State Treasurer,,MTN,NO CANDIDATE FILED,0
Mason,PRECINCT 9,State Treasurer,,MTN,NO CANDIDATE FILED,0
Mason,PRECINCT 10,State Treasurer,,MTN,NO CANDIDATE FILED,0
Mason,PRECINCT 11,State Treasurer,,MTN,NO CANDIDATE FILED,0
Mason,PRECINCT 12,State Treasurer,,MTN,NO CANDIDATE FILED,0
Mason,PRECINCT 13,State Treasurer,,MTN,NO CANDIDATE FILED,0
Mason,PRECINCT 14,State Treasurer,,MTN,NO CANDIDATE FILED,0
Mason,PRECINCT 15,State Treasurer,,MTN,NO CANDIDATE FILED,0
Mason,PRECINCT 16,State Treasurer,,MTN,NO CANDIDATE FILED,0
Mason,PRECINCT 17,State Treasurer,,MTN,NO CANDIDATE FILED,0
Mason,PRECINCT 18,State Treasurer,,MTN,NO CANDIDATE FILED,0
Mason,PRECINCT 19,State Treasurer,,MTN,NO CANDIDATE FILED,0
Mason,PRECINCT 20,State Treasurer,,MTN,NO CANDIDATE FILED,0
Mason,PRECINCT 21,State Treasurer,,MTN,NO CANDIDATE FILED,0
Mason,PRECINCT 22,State Treasurer,,MTN,NO CANDIDATE FILED,0
Mason,PRECINCT 23,State Treasurer,,MTN,NO CANDIDATE FILED,0
Mason,PRECINCT 24,State Treasurer,,MTN,NO CANDIDATE FILED,0
Mason,PRECINCT 25,State Treasurer,,MTN,NO CANDIDATE FILED,0
Mason,PRECINCT 26,State Treasurer,,MTN,NO CANDIDATE FILED,0
Mason,PRECINCT 27,State Treasurer,,MTN,NO CANDIDATE FILED,0
Mason,PRECINCT 28,State Treasurer,,MTN,NO CANDIDATE FILED,0
Mason,PRECINCT 29,State Treasurer,,MTN,NO CANDIDATE FILED,0
Mason,PRECINCT 30,State Treasurer,,MTN,NO CANDIDATE FILED,0
Mason,PRECINCT 1,Commissioner of Agriculture,,REP,ROY RAMEY,14
Mason,PRECINCT 2,Commissioner of Agriculture,,REP,ROY RAMEY,10
Mason,PRECINCT 3,Commissioner of Agriculture,,REP,ROY RAMEY,19
Mason,PRECINCT 4,Commissioner of Agriculture,,REP,ROY RAMEY,35
Mason,PRECINCT 5,Commissioner of Agriculture,,REP,ROY RAMEY,29
Mason,PRECINCT 6,Commissioner of Agriculture,,REP,ROY RAMEY,32
Mason,PRECINCT 7,Commissioner of Agriculture,,REP,ROY RAMEY,43
Mason,PRECINCT 8,Commissioner of Agriculture,,REP,ROY RAMEY,45
Mason,PRECINCT 9,Commissioner of Agriculture,,REP,ROY RAMEY,75
Mason,PRECINCT 10,Commissioner of Agriculture,,REP,ROY RAMEY,46
Mason,PRECINCT 11,Commissioner of Agriculture,,REP,ROY RAMEY,3
Mason,PRECINCT 12,Commissioner of Agriculture,,REP,ROY RAMEY,32
Mason,PRECINCT 13,Commissioner of Agriculture,,REP,ROY RAMEY,83
Mason,PRECINCT 14,Commissioner of Agriculture,,REP,ROY RAMEY,64
Mason,PRECINCT 15,Commissioner of Agriculture,,REP,ROY RAMEY,49
Mason,PRECINCT 16,Commissioner of Agriculture,,REP,ROY RAMEY,101
Mason,PRECINCT 17,Commissioner of Agriculture,,REP,ROY RAMEY,78
Mason,PRECINCT 18,Commissioner of Agriculture,,REP,ROY RAMEY,29
Mason,PRECINCT 19,Commissioner of Agriculture,,REP,ROY RAMEY,38
Mason,PRECINCT 20,Commissioner of Agriculture,,REP,ROY RAMEY,22
Mason,PRECINCT 21,Commissioner of Agriculture,,REP,ROY RAMEY,37
Mason,PRECINCT 22,Commissioner of Agriculture,,REP,ROY RAMEY,54
Mason,PRECINCT 23,Commissioner of Agriculture,,REP,ROY RAMEY,36
Mason,PRECINCT 24,Commissioner of Agriculture,,REP,ROY RAMEY,30
Mason,PRECINCT 25,Commissioner of Agriculture,,REP,ROY RAMEY,78
Mason,PRECINCT 26,Commissioner of Agriculture,,REP,ROY RAMEY,16
Mason,PRECINCT 27,Commissioner of Agriculture,,REP,ROY RAMEY,41
Mason,PRECINCT 28,Commissioner of Agriculture,,REP,ROY RAMEY,43
Mason,PRECINCT 29,Commissioner of Agriculture,,REP,ROY RAMEY,45
Mason,PRECINCT 30,Commissioner of Agriculture,,REP,ROY RAMEY,112
Mason,PRECINCT 1,Commissioner of Agriculture,,REP,JOSHUA KURT HIGGINBOTHAM,13
Mason,PRECINCT 2,Commissioner of Agriculture,,REP,JOSHUA KURT HIGGINBOTHAM,6
Mason,PRECINCT 3,Commissioner of Agriculture,,REP,JOSHUA KURT HIGGINBOTHAM,14
Mason,PRECINCT 4,Commissioner of Agriculture,,REP,JOSHUA KURT HIGGINBOTHAM,29
Mason,PRECINCT 5,Commissioner of Agriculture,,REP,JOSHUA KURT HIGGINBOTHAM,15
Mason,PRECINCT 6,Commissioner of Agriculture,,REP,JOSHUA KURT HIGGINBOTHAM,25
Mason,PRECINCT 7,Commissioner of Agriculture,,REP,JOSHUA KURT HIGGINBOTHAM,26
Mason,PRECINCT 8,Commissioner of Agriculture,,REP,JOSHUA KURT HIGGINBOTHAM,27
Mason,PRECINCT 9,Commissioner of Agriculture,,REP,JOSHUA KURT HIGGINBOTHAM,30
Mason,PRECINCT 10,Commissioner of Agriculture,,REP,JOSHUA KURT HIGGINBOTHAM,50
Mason,PRECINCT 11,Commissioner of Agriculture,,REP,JOSHUA KURT HIGGINBOTHAM,2
Mason,PRECINCT 12,Commissioner of Agriculture,,REP,JOSHUA KURT HIGGINBOTHAM,31
Mason,PRECINCT 13,Commissioner of Agriculture,,REP,JOSHUA KURT HIGGINBOTHAM,41
Mason,PRECINCT 14,Commissioner of Agriculture,,REP,JOSHUA KURT HIGGINBOTHAM,22
Mason,PRECINCT 15,Commissioner of Agriculture,,REP,JOSHUA KURT HIGGINBOTHAM,12
Mason,PRECINCT 16,Commissioner of Agriculture,,REP,JOSHUA KURT HIGGINBOTHAM,25
Mason,PRECINCT 17,Commissioner of Agriculture,,REP,JOSHUA KURT HIGGINBOTHAM,26
Mason,PRECINCT 18,Commissioner of Agriculture,,REP,JOSHUA KURT HIGGINBOTHAM,33
Mason,PRECINCT 19,Commissioner of Agriculture,,REP,JOSHUA KURT HIGGINBOTHAM,55
Mason,PRECINCT 20,Commissioner of Agriculture,,REP,JOSHUA KURT HIGGINBOTHAM,21
Mason,PRECINCT 21,Commissioner of Agriculture,,REP,JOSHUA KURT HIGGINBOTHAM,41
Mason,PRECINCT 22,Commissioner of Agriculture,,REP,JOSHUA KURT HIGGINBOTHAM,55
Mason,PRECINCT 23,Commissioner of Agriculture,,REP,JOSHUA KURT HIGGINBOTHAM,44
Mason,PRECINCT 24,Commissioner of Agriculture,,REP,JOSHUA KURT HIGGINBOTHAM,26
Mason,PRECINCT 25,Commissioner of Agriculture,,REP,JOSHUA KURT HIGGINBOTHAM,66
Mason,PRECINCT 26,Commissioner of Agriculture,,REP,JOSHUA KURT HIGGINBOTHAM,11
Mason,PRECINCT 27,Commissioner of Agriculture,,REP,JOSHUA KURT HIGGINBOTHAM,31
Mason,PRECINCT 28,Commissioner of Agriculture,,REP,JOSHUA KURT HIGGINBOTHAM,29
Mason,PRECINCT 29,Commissioner of Agriculture,,REP,JOSHUA KURT HIGGINBOTHAM,44
Mason,PRECINCT 30,Commissioner of Agriculture,,REP,JOSHUA KURT HIGGINBOTHAM,97
Mason,PRECINCT 1,Commissioner of Agriculture,,REP,KENT LEONHARDT,4
Mason,PRECINCT 2,Commissioner of Agriculture,,REP,KENT LEONHARDT,7
Mason,PRECINCT 3,Commissioner of Agriculture,,REP,KENT LEONHARDT,6
Mason,PRECINCT 4,Commissioner of Agriculture,,REP,KENT LEONHARDT,18
Mason,PRECINCT 5,Commissioner of Agriculture,,REP,KENT LEONHARDT,16
Mason,PRECINCT 6,Commissioner of Agriculture,,REP,KENT LEONHARDT,22
Mason,PRECINCT 7,Commissioner of Agriculture,,REP,KENT LEONHARDT,13
Mason,PRECINCT 8,Commissioner of Agriculture,,REP,KENT LEONHARDT,26
Mason,PRECINCT 9,Commissioner of Agriculture,,REP,KENT LEONHARDT,36
Mason,PRECINCT 10,Commissioner of Agriculture,,REP,KENT LEONHARDT,36
Mason,PRECINCT 11,Commissioner of Agriculture,,REP,KENT LEONHARDT,5
Mason,PRECINCT 12,Commissioner of Agriculture,,REP,KENT LEONHARDT,25
Mason,PRECINCT 13,Commissioner of Agriculture,,REP,KENT LEONHARDT,43
Mason,PRECINCT 14,Commissioner of Agriculture,,REP,KENT LEONHARDT,24
Mason,PRECINCT 15,Commissioner of Agriculture,,REP,KENT LEONHARDT,24
Mason,PRECINCT 16,Commissioner of Agriculture,,REP,KENT LEONHARDT,44
Mason,PRECINCT 17,Commissioner of Agriculture,,REP,KENT LEONHARDT,26
Mason,PRECINCT 18,Commissioner of Agriculture,,REP,KENT LEONHARDT,22
Mason,PRECINCT 19,Commissioner of Agriculture,,REP,KENT LEONHARDT,51
Mason,PRECINCT 20,Commissioner of Agriculture,,REP,KENT LEONHARDT,43
Mason,PRECINCT 21,Commissioner of Agriculture,,REP,KENT LEONHARDT,47
Mason,PRECINCT 22,Commissioner of Agriculture,,REP,KENT LEONHARDT,41
Mason,PRECINCT 23,Commissioner of Agriculture,,REP,KENT LEONHARDT,32
Mason,PRECINCT 24,Commissioner of Agriculture,,REP,KENT LEONHARDT,71
Mason,PRECINCT 25,Commissioner of Agriculture,,REP,KENT LEONHARDT,30
Mason,PRECINCT 26,Commissioner of Agriculture,,REP,KENT LEONHARDT,14
Mason,PRECINCT 27,Commissioner of Agriculture,,REP,KENT LEONHARDT,23
Mason,PRECINCT 28,Commissioner of Agriculture,,REP,KENT LEONHARDT,41
Mason,PRECINCT 29,Commissioner of Agriculture,,REP,KENT LEONHARDT,30
Mason,PRECINCT 30,Commissioner of Agriculture,,REP,KENT LEONHARDT,65
Mason,PRECINCT 1,Commissioner of Agriculture,,DEM,DEBORAH STILES,9
Mason,PRECINCT 2,Commissioner of Agriculture,,DEM,DEBORAH STILES,13
Mason,PRECINCT 3,Commissioner of Agriculture,,DEM,DEBORAH STILES,33
Mason,PRECINCT 4,Commissioner of Agriculture,,DEM,DEBORAH STILES,43
Mason,PRECINCT 5,Commissioner of Agriculture,,DEM,DEBORAH STILES,33
Mason,PRECINCT 6,Commissioner of Agriculture,,DEM,DEBORAH STILES,32
Mason,PRECINCT 7,Commissioner of Agriculture,,DEM,DEBORAH STILES,41
Mason,PRECINCT 8,Commissioner of Agriculture,,DEM,DEBORAH STILES,49
Mason,PRECINCT 9,Commissioner of Agriculture,,DEM,DEBORAH STILES,46
Mason,PRECINCT 10,Commissioner of Agriculture,,DEM,DEBORAH STILES,48
Mason,PRECINCT 11,Commissioner of Agriculture,,DEM,DEBORAH STILES,5
Mason,PRECINCT 12,Commissioner of Agriculture,,DEM,DEBORAH STILES,24
Mason,PRECINCT 13,Commissioner of Agriculture,,DEM,DEBORAH STILES,43
Mason,PRECINCT 14,Commissioner of Agriculture,,DEM,DEBORAH STILES,35
Mason,PRECINCT 15,Commissioner of Agriculture,,DEM,DEBORAH STILES,30
Mason,PRECINCT 16,Commissioner of Agriculture,,DEM,DEBORAH STILES,34
Mason,PRECINCT 17,Commissioner of Agriculture,,DEM,DEBORAH STILES,37
Mason,PRECINCT 18,Commissioner of Agriculture,,DEM,DEBORAH STILES,39
Mason,PRECINCT 19,Commissioner of Agriculture,,DEM,DEBORAH STILES,35
Mason,PRECINCT 20,Commissioner of Agriculture,,DEM,DEBORAH STILES,31
Mason,PRECINCT 21,Commissioner of Agriculture,,DEM,DEBORAH STILES,32
Mason,PRECINCT 22,Commissioner of Agriculture,,DEM,DEBORAH STILES,43
Mason,PRECINCT 23,Commissioner of Agriculture,,DEM,DEBORAH STILES,38
Mason,PRECINCT 24,Commissioner of Agriculture,,DEM,DEBORAH STILES,54
Mason,PRECINCT 25,Commissioner of Agriculture,,DEM,DEBORAH STILES,81
Mason,PRECINCT 26,Commissioner of Agriculture,,DEM,DEBORAH STILES,23
Mason,PRECINCT 27,Commissioner of Agriculture,,DEM,DEBORAH STILES,31
Mason,PRECINCT 28,Commissioner of Agriculture,,DEM,DEBORAH STILES,42
Mason,PRECINCT 29,Commissioner of Agriculture,,DEM,DEBORAH STILES,44
Mason,PRECINCT 30,Commissioner of Agriculture,,DEM,DEBORAH STILES,105
Mason,PRECINCT 1,Commissioner of Agriculture,,MTN,NO CANDIDATE FILED,0
Mason,PRECINCT 2,Commissioner of Agriculture,,MTN,NO CANDIDATE FILED,0
Mason,PRECINCT 3,Commissioner of Agriculture,,MTN,NO CANDIDATE FILED,0
Mason,PRECINCT 4,Commissioner of Agriculture,,MTN,NO CANDIDATE FILED,0
Mason,PRECINCT 5,Commissioner of Agriculture,,MTN,NO CANDIDATE FILED,0
Mason,PRECINCT 6,Commissioner of Agriculture,,MTN,NO CANDIDATE FILED,0
Mason,PRECINCT 7,Commissioner of Agriculture,,MTN,NO CANDIDATE FILED,0
Mason,PRECINCT 8,Commissioner of Agriculture,,MTN,NO CANDIDATE FILED,0
Mason,PRECINCT 9,Commissioner of Agriculture,,MTN,NO CANDIDATE FILED,0
Mason,PRECINCT 10,Commissioner of Agriculture,,MTN,NO CANDIDATE FILED,0
Mason,PRECINCT 11,Commissioner of Agriculture,,MTN,NO CANDIDATE FILED,0
Mason,PRECINCT 12,Commissioner of Agriculture,,MTN,NO CANDIDATE FILED,0
Mason,PRECINCT 13,Commissioner of Agriculture,,MTN,NO CANDIDATE FILED,0
Mason,PRECINCT 14,Commissioner of Agriculture,,MTN,NO CANDIDATE FILED,0
Mason,PRECINCT 15,Commissioner of Agriculture,,MTN,NO CANDIDATE FILED,0
Mason,PRECINCT 16,Commissioner of Agriculture,,MTN,NO CANDIDATE FILED,0
Mason,PRECINCT 17,Commissioner of Agriculture,,MTN,NO CANDIDATE FILED,0
Mason,PRECINCT 18,Commissioner of Agriculture,,MTN,NO CANDIDATE FILED,0
Mason,PRECINCT 19,Commissioner of Agriculture,,MTN,NO CANDIDATE FILED,0
Mason,PRECINCT 20,Commissioner of Agriculture,,MTN,NO CANDIDATE FILED,0
Mason,PRECINCT 21,Commissioner of Agriculture,,MTN,NO CANDIDATE FILED,0
Mason,PRECINCT 22,Commissioner of Agriculture,,MTN,NO CANDIDATE FILED,0
Mason,PRECINCT 23,Commissioner of Agriculture,,MTN,NO CANDIDATE FILED,0
Mason,PRECINCT 24,Commissioner of Agriculture,,MTN,NO CANDIDATE FILED,0
Mason,PRECINCT 25,Commissioner of Agriculture,,MTN,NO CANDIDATE FILED,0
Mason,PRECINCT 26,Commissioner of Agriculture,,MTN,NO CANDIDATE FILED,0
Mason,PRECINCT 27,Commissioner of Agriculture,,MTN,NO CANDIDATE FILED,0
Mason,PRECINCT 28,Commissioner of Agriculture,,MTN,NO CANDIDATE FILED,0
Mason,PRECINCT 29,Commissioner of Agriculture,,MTN,NO CANDIDATE FILED,0
Mason,PRECINCT 30,Commissioner of Agriculture,,MTN,NO CANDIDATE FILED,0
Mason,PRECINCT 1,Attorney General,,REP,MIKE STUART,15
Mason,PRECINCT 2,Attorney General,,REP,MIKE STUART,10
Mason,PRECINCT 3,Attorney General,,REP,MIKE STUART,17
Mason,PRECINCT 4,Attorney General,,REP,MIKE STUART,31
Mason,PRECINCT 5,Attorney General,,REP,MIKE STUART,21
Mason,PRECINCT 6,Attorney General,,REP,MIKE STUART,27
Mason,PRECINCT 7,Attorney General,,REP,MIKE STUART,40
Mason,PRECINCT 8,Attorney General,,REP,MIKE STUART,36
Mason,PRECINCT 9,Attorney General,,REP,MIKE STUART,67
Mason,PRECINCT 10,Attorney General,,REP,MIKE STUART,50
Mason,PRECINCT 11,Attorney General,,REP,MIKE STUART,8
Mason,PRECINCT 12,Attorney General,,REP,MIKE STUART,32
Mason,PRECINCT 13,Attorney General,,REP,MIKE STUART,76
Mason,PRECINCT 14,Attorney General,,REP,MIKE STUART,44
Mason,PRECINCT 15,Attorney General,,REP,MIKE STUART,40
Mason,PRECINCT 16,Attorney General,,REP,MIKE STUART,66
Mason,PRECINCT 17,Attorney General,,REP,MIKE STUART,58
Mason,PRECINCT 18,Attorney General,,REP,MIKE STUART,34
Mason,PRECINCT 19,Attorney General,,REP,MIKE STUART,63
Mason,PRECINCT 20,Attorney General,,REP,MIKE STUART,34
Mason,PRECINCT 21,Attorney General,,REP,MIKE STUART,49
Mason,PRECINCT 22,Attorney General,,REP,MIKE STUART,67
Mason,PRECINCT 23,Attorney General,,REP,MIKE STUART,39
Mason,PRECINCT 24,Attorney General,,REP,MIKE STUART,44
Mason,PRECINCT 25,Attorney General,,REP,MIKE STUART,70
Mason,PRECINCT 26,Attorney General,,REP,MIKE STUART,15
Mason,PRECINCT 27,Attorney General,,REP,MIKE STUART,40
Mason,PRECINCT 28,Attorney General,,REP,MIKE STUART,51
Mason,PRECINCT 29,Attorney General,,REP,MIKE STUART,45
Mason,PRECINCT 30,Attorney General,,REP,MIKE STUART,111
Mason,PRECINCT 1,Attorney General,,REP,JOHN 'JB' McCUSKEY,19
Mason,PRECINCT 2,Attorney General,,REP,JOHN 'JB' McCUSKEY,14
Mason,PRECINCT 3,Attorney General,,REP,JOHN 'JB' McCUSKEY,24
Mason,PRECINCT 4,Attorney General,,REP,JOHN 'JB' McCUSKEY,49
Mason,PRECINCT 5,Attorney General,,REP,JOHN 'JB' McCUSKEY,36
Mason,PRECINCT 6,Attorney General,,REP,JOHN 'JB' McCUSKEY,51
Mason,PRECINCT 7,Attorney General,,REP,JOHN 'JB' McCUSKEY,46
Mason,PRECINCT 8,Attorney General,,REP,JOHN 'JB' McCUSKEY,62
Mason,PRECINCT 9,Attorney General,,REP,JOHN 'JB' McCUSKEY,70
Mason,PRECINCT 10,Attorney General,,REP,JOHN 'JB' McCUSKEY,71
Mason,PRECINCT 11,Attorney General,,REP,JOHN 'JB' McCUSKEY,2
Mason,PRECINCT 12,Attorney General,,REP,JOHN 'JB' McCUSKEY,54
Mason,PRECINCT 13,Attorney General,,REP,JOHN 'JB' McCUSKEY,86
Mason,PRECINCT 14,Attorney General,,REP,JOHN 'JB' McCUSKEY,60
Mason,PRECINCT 15,Attorney General,,REP,JOHN 'JB' McCUSKEY,44
Mason,PRECINCT 16,Attorney General,,REP,JOHN 'JB' McCUSKEY,100
Mason,PRECINCT 17,Attorney General,,REP,JOHN 'JB' McCUSKEY,69
Mason,PRECINCT 18,Attorney General,,REP,JOHN 'JB' McCUSKEY,45
Mason,PRECINCT 19,Attorney General,,REP,JOHN 'JB' McCUSKEY,72
Mason,PRECINCT 20,Attorney General,,REP,JOHN 'JB' McCUSKEY,48
Mason,PRECINCT 21,Attorney General,,REP,JOHN 'JB' McCUSKEY,73
Mason,PRECINCT 22,Attorney General,,REP,JOHN 'JB' McCUSKEY,79
Mason,PRECINCT 23,Attorney General,,REP,JOHN 'JB' McCUSKEY,70
Mason,PRECINCT 24,Attorney General,,REP,JOHN 'JB' McCUSKEY,65
Mason,PRECINCT 25,Attorney General,,REP,JOHN 'JB' McCUSKEY,109
Mason,PRECINCT 26,Attorney General,,REP,JOHN 'JB' McCUSKEY,24
Mason,PRECINCT 27,Attorney General,,REP,JOHN 'JB' McCUSKEY,49
Mason,PRECINCT 28,Attorney General,,REP,JOHN 'JB' McCUSKEY,59
Mason,PRECINCT 29,Attorney General,,REP,JOHN 'JB' McCUSKEY,70
Mason,PRECINCT 30,Attorney General,,REP,JOHN 'JB' McCUSKEY,155
Mason,PRECINCT 1,Attorney General,,DEM,RICHIE ROBB,3
Mason,PRECINCT 2,Attorney General,,DEM,RICHIE ROBB,10
Mason,PRECINCT 3,Attorney General,,DEM,RICHIE ROBB,21
Mason,PRECINCT 4,Attorney General,,DEM,RICHIE ROBB,28
Mason,PRECINCT 5,Attorney General,,DEM,RICHIE ROBB,18
Mason,PRECINCT 6,Attorney General,,DEM,RICHIE ROBB,24
Mason,PRECINCT 7,Attorney General,,DEM,RICHIE ROBB,22
Mason,PRECINCT 8,Attorney General,,DEM,RICHIE ROBB,34
Mason,PRECINCT 9,Attorney General,,DEM,RICHIE ROBB,32
Mason,PRECINCT 10,Attorney General,,DEM,RICHIE ROBB,33
Mason,PRECINCT 11,Attorney General,,DEM,RICHIE ROBB,4
Mason,PRECINCT 12,Attorney General,,DEM,RICHIE ROBB,15
Mason,PRECINCT 13,Attorney General,,DEM,RICHIE ROBB,36
Mason,PRECINCT 14,Attorney General,,DEM,RICHIE ROBB,31
Mason,PRECINCT 15,Attorney General,,DEM,RICHIE ROBB,28
Mason,PRECINCT 16,Attorney General,,DEM,RICHIE ROBB,23
Mason,PRECINCT 17,Attorney General,,DEM,RICHIE ROBB,26
Mason,PRECINCT 18,Attorney General,,DEM,RICHIE ROBB,30
Mason,PRECINCT 19,Attorney General,,DEM,RICHIE ROBB,32
Mason,PRECINCT 20,Attorney General,,DEM,RICHIE ROBB,25
Mason,PRECINCT 21,Attorney General,,DEM,RICHIE ROBB,24
Mason,PRECINCT 22,Attorney General,,DEM,RICHIE ROBB,31
Mason,PRECINCT 23,Attorney General,,DEM,RICHIE ROBB,23
Mason,PRECINCT 24,Attorney General,,DEM,RICHIE ROBB,45
Mason,PRECINCT 25,Attorney General,,DEM,RICHIE ROBB,54
Mason,PRECINCT 26,Attorney General,,DEM,RICHIE ROBB,16
Mason,PRECINCT 27,Attorney General,,DEM,RICHIE ROBB,23
Mason,PRECINCT 28,Attorney General,,DEM,RICHIE ROBB,30
Mason,PRECINCT 29,Attorney General,,DEM,RICHIE ROBB,34
Mason,PRECINCT 30,Attorney General,,DEM,RICHIE ROBB,69
Mason,PRECINCT 1,Attorney General,,DEM,TERESA TORISEVA,6
Mason,PRECINCT 2,Attorney General,,DEM,TERESA TORISEVA,5
Mason,PRECINCT 3,Attorney General,,DEM,TERESA TORISEVA,12
Mason,PRECINCT 4,Attorney General,,DEM,TERESA TORISEVA,19
Mason,PRECINCT 5,Attorney General,,DEM,TERESA TORISEVA,15
Mason,PRECINCT 6,Attorney General,,DEM,TERESA TORISEVA,8
Mason,PRECINCT 7,Attorney General,,DEM,TERESA TORISEVA,18
Mason,PRECINCT 8,Attorney General,,DEM,TERESA TORISEVA,22
Mason,PRECINCT 9,Attorney General,,DEM,TERESA TORISEVA,17
Mason,PRECINCT 10,Attorney General,,DEM,TERESA TORISEVA,21
Mason,PRECINCT 11,Attorney General,,DEM,TERESA TORISEVA,2
Mason,PRECINCT 12,Attorney General,,DEM,TERESA TORISEVA,11
Mason,PRECINCT 13,Attorney General,,DEM,TERESA TORISEVA,14
Mason,PRECINCT 14,Attorney General,,DEM,TERESA TORISEVA,9
Mason,PRECINCT 15,Attorney General,,DEM,TERESA TORISEVA,6
Mason,PRECINCT 16,Attorney General,,DEM,TERESA TORISEVA,17
Mason,PRECINCT 17,Attorney General,,DEM,TERESA TORISEVA,11
Mason,PRECINCT 18,Attorney General,,DEM,TERESA TORISEVA,11
Mason,PRECINCT 19,Attorney General,,DEM,TERESA TORISEVA,10
Mason,PRECINCT 20,Attorney General,,DEM,TERESA TORISEVA,10
Mason,PRECINCT 21,Attorney General,,DEM,TERESA TORISEVA,10
Mason,PRECINCT 22,Attorney General,,DEM,TERESA TORISEVA,17
Mason,PRECINCT 23,Attorney General,,DEM,TERESA TORISEVA,17
Mason,PRECINCT 24,Attorney General,,DEM,TERESA TORISEVA,15
Mason,PRECINCT 25,Attorney General,,DEM,TERESA TORISEVA,35
Mason,PRECINCT 26,Attorney General,,DEM,TERESA TORISEVA,9
Mason,PRECINCT 27,Attorney General,,DEM,TERESA TORISEVA,12
Mason,PRECINCT 28,Attorney General,,DEM,TERESA TORISEVA,14
Mason,PRECINCT 29,Attorney General,,DEM,TERESA TORISEVA,14
Mason,PRECINCT 30,Attorney General,,DEM,TERESA TORISEVA,45
Mason,PRECINCT 1,Attorney General,,MTN,NO CANDIDATE FILED,0
Mason,PRECINCT 2,Attorney General,,MTN,NO CANDIDATE FILED,0
Mason,PRECINCT 3,Attorney General,,MTN,NO CANDIDATE FILED,0
Mason,PRECINCT 4,Attorney General,,MTN,NO CANDIDATE FILED,0
Mason,PRECINCT 5,Attorney General,,MTN,NO CANDIDATE FILED,0
Mason,PRECINCT 6,Attorney General,,MTN,NO CANDIDATE FILED,0
Mason,PRECINCT 7,Attorney General,,MTN,NO CANDIDATE FILED,0
Mason,PRECINCT 8,Attorney General,,MTN,NO CANDIDATE FILED,0
Mason,PRECINCT 9,Attorney General,,MTN,NO CANDIDATE FILED,0
Mason,PRECINCT 10,Attorney General,,MTN,NO CANDIDATE FILED,0
Mason,PRECINCT 11,Attorney General,,MTN,NO CANDIDATE FILED,0
Mason,PRECINCT 12,Attorney General,,MTN,NO CANDIDATE FILED,0
Mason,PRECINCT 13,Attorney General,,MTN,NO CANDIDATE FILED,0
Mason,PRECINCT 14,Attorney General,,MTN,NO CANDIDATE FILED,0
Mason,PRECINCT 15,Attorney General,,MTN,NO CANDIDATE FILED,0
Mason,PRECINCT 16,Attorney General,,MTN,NO CANDIDATE FILED,0
Mason,PRECINCT 17,Attorney General,,MTN,NO CANDIDATE FILED,0
Mason,PRECINCT 18,Attorney General,,MTN,NO CANDIDATE FILED,0
Mason,PRECINCT 19,Attorney General,,MTN,NO CANDIDATE FILED,0
Mason,PRECINCT 20,Attorney General,,MTN,NO CANDIDATE FILED,0
Mason,PRECINCT 21,Attorney General,,MTN,NO CANDIDATE FILED,0
Mason,PRECINCT 22,Attorney General,,MTN,NO CANDIDATE FILED,0
Mason,PRECINCT 23,Attorney General,,MTN,NO CANDIDATE FILED,0
Mason,PRECINCT 24,Attorney General,,MTN,NO CANDIDATE FILED,0
Mason,PRECINCT 25,Attorney General,,MTN,NO CANDIDATE FILED,0
Mason,PRECINCT 26,Attorney General,,MTN,NO CANDIDATE FILED,0
Mason,PRECINCT 27,Attorney General,,MTN,NO CANDIDATE FILED,0
Mason,PRECINCT 28,Attorney General,,MTN,NO CANDIDATE FILED,0
Mason,PRECINCT 29,Attorney General,,MTN,NO CANDIDATE FILED,0
Mason,PRECINCT 30,Attorney General,,MTN,NO CANDIDATE FILED,0
Mason,PRECINCT 1,State Senate,4,REP,AMY NICHOLE GRADY,32
Mason,PRECINCT 2,State Senate,4,REP,AMY NICHOLE GRADY,22
Mason,PRECINCT 3,State Senate,4,REP,AMY NICHOLE GRADY,42
Mason,PRECINCT 4,State Senate,4,REP,AMY NICHOLE GRADY,79
Mason,PRECINCT 5,State Senate,4,REP,AMY NICHOLE GRADY,59
Mason,PRECINCT 6,State Senate,4,REP,AMY NICHOLE GRADY,80
Mason,PRECINCT 7,State Senate,4,REP,AMY NICHOLE GRADY,84
Mason,PRECINCT 8,State Senate,4,REP,AMY NICHOLE GRADY,104
Mason,PRECINCT 9,State Senate,4,REP,AMY NICHOLE GRADY,129
Mason,PRECINCT 10,State Senate,4,REP,AMY NICHOLE GRADY,123
Mason,PRECINCT 11,State Senate,4,REP,AMY NICHOLE GRADY,10
Mason,PRECINCT 12,State Senate,4,REP,AMY NICHOLE GRADY,82
Mason,PRECINCT 13,State Senate,4,REP,AMY NICHOLE GRADY,168
Mason,PRECINCT 14,State Senate,4,REP,AMY NICHOLE GRADY,108
Mason,PRECINCT 15,State Senate,4,REP,AMY NICHOLE GRADY,77
Mason,PRECINCT 16,State Senate,4,REP,AMY NICHOLE GRADY,160
Mason,PRECINCT 17,State Senate,4,REP,AMY NICHOLE GRADY,122
Mason,PRECINCT 18,State Senate,4,REP,AMY NICHOLE GRADY,78
Mason,PRECINCT 19,State Senate,4,REP,AMY NICHOLE GRADY,132
Mason,PRECINCT 20,State Senate,4,REP,AMY NICHOLE GRADY,84
Mason,PRECINCT 21,State Senate,4,REP,AMY NICHOLE GRADY,124
Mason,PRECINCT 22,State Senate,4,REP,AMY NICHOLE GRADY,146
Mason,PRECINCT 23,State Senate,4,REP,AMY NICHOLE GRADY,107
Mason,PRECINCT 24,State Senate,4,REP,AMY NICHOLE GRADY,110
Mason,PRECINCT 25,State Senate,4,REP,AMY NICHOLE GRADY,187
Mason,PRECINCT 26,State Senate,4,REP,AMY NICHOLE GRADY,36
Mason,PRECINCT 27,State Senate,4,REP,AMY NICHOLE GRADY,87
Mason,PRECINCT 28,State Senate,4,REP,AMY NICHOLE GRADY,110
Mason,PRECINCT 29,State Senate,4,REP,AMY NICHOLE GRADY,120
Mason,PRECINCT 30,State Senate,4,REP,AMY NICHOLE GRADY,264
Mason,PRECINCT 1,State Senate,4,DEM,DWAYNE RUSSELL,9
Mason,PRECINCT 2,State Senate,4,DEM,DWAYNE RUSSELL,14
Mason,PRECINCT 3,State Senate,4,DEM,DWAYNE RUSSELL,28
Mason,PRECINCT 4,State Senate,4,DEM,DWAYNE RUSSELL,40
Mason,PRECINCT 5,State Senate,4,DEM,DWAYNE RUSSELL,32
Mason,PRECINCT 6,State Senate,4,DEM,DWAYNE RUSSELL,34
Mason,PRECINCT 7,State Senate,4,DEM,DWAYNE RUSSELL,40
Mason,PRECINCT 8,State Senate,4,DEM,DWAYNE RUSSELL,49
Mason,PRECINCT 9,State Senate,4,DEM,DWAYNE RUSSELL,50
Mason,PRECINCT 10,State Senate,4,DEM,DWAYNE RUSSELL,50
Mason,PRECINCT 11,State Senate,4,DEM,DWAYNE RUSSELL,7
Mason,PRECINCT 12,State Senate,4,DEM,DWAYNE RUSSELL,23
Mason,PRECINCT 13,State Senate,4,DEM,DWAYNE RUSSELL,45
Mason,PRECINCT 14,State Senate,4,DEM,DWAYNE RUSSELL,34
Mason,PRECINCT 15,State Senate,4,DEM,DWAYNE RUSSELL,29
Mason,PRECINCT 16,State Senate,4,DEM,DWAYNE RUSSELL,31
Mason,PRECINCT 17,State Senate,4,DEM,DWAYNE RUSSELL,34
Mason,PRECINCT 18,State Senate,4,DEM,DWAYNE RUSSELL,39
Mason,PRECINCT 19,State Senate,4,DEM,DWAYNE RUSSELL,40
Mason,PRECINCT 20,State Senate,4,DEM,DWAYNE RUSSELL,34
Mason,PRECINCT 21,State Senate,4,DEM,DWAYNE RUSSELL,33
Mason,PRECINCT 22,State Senate,4,DEM,DWAYNE RUSSELL,45
Mason,PRECINCT 23,State Senate,4,DEM,DWAYNE RUSSELL,39
Mason,PRECINCT 24,State Senate,4,DEM,DWAYNE RUSSELL,60
Mason,PRECINCT 25,State Senate,4,DEM,DWAYNE RUSSELL,96
Mason,PRECINCT 26,State Senate,4,DEM,DWAYNE RUSSELL,26
Mason,PRECINCT 27,State Senate,4,DEM,DWAYNE RUSSELL,32
Mason,PRECINCT 28,State Senate,4,DEM,DWAYNE RUSSELL,42
Mason,PRECINCT 29,State Senate,4,DEM,DWAYNE RUSSELL,47
Mason,PRECINCT 30,State Senate,4,DEM,DWAYNE RUSSELL,101
Mason,PRECINCT 1,State Senate,4,MTN,NO CANDIDATE FILED,0
Mason,PRECINCT 2,State Senate,4,MTN,NO CANDIDATE FILED,0
Mason,PRECINCT 3,State Senate,4,MTN,NO CANDIDATE FILED,0
Mason,PRECINCT 4,State Senate,4,MTN,NO CANDIDATE FILED,0
Mason,PRECINCT 5,State Senate,4,MTN,NO CANDIDATE FILED,0
Mason,PRECINCT 6,State Senate,4,MTN,NO CANDIDATE FILED,0
Mason,PRECINCT 7,State Senate,4,MTN,NO CANDIDATE FILED,0
Mason,PRECINCT 8,State Senate,4,MTN,NO CANDIDATE FILED,0
Mason,PRECINCT 9,State Senate,4,MTN,NO CANDIDATE FILED,0
Mason,PRECINCT 10,State Senate,4,MTN,NO CANDIDATE FILED,0
Mason,PRECINCT 11,State Senate,4,MTN,NO CANDIDATE FILED,0
Mason,PRECINCT 12,State Senate,4,MTN,NO CANDIDATE FILED,0
Mason,PRECINCT 13,State Senate,4,MTN,NO CANDIDATE FILED,0
Mason,PRECINCT 14,State Senate,4,MTN,NO CANDIDATE FILED,0
Mason,PRECINCT 15,State Senate,4,MTN,NO CANDIDATE FILED,0
Mason,PRECINCT 16,State Senate,4,MTN,NO CANDIDATE FILED,0
Mason,PRECINCT 17,State Senate,4,MTN,NO CANDIDATE FILED,0
Mason,PRECINCT 18,State Senate,4,MTN,NO CANDIDATE FILED,0
Mason,PRECINCT 19,State Senate,4,MTN,NO CANDIDATE FILED,0
Mason,PRECINCT 20,State Senate,4,MTN,NO CANDIDATE FILED,0
Mason,PRECINCT 21,State Senate,4,MTN,NO CANDIDATE FILED,0
Mason,PRECINCT 22,State Senate,4,MTN,NO CANDIDATE FILED,0
Mason,PRECINCT 23,State Senate,4,MTN,NO CANDIDATE FILED,0
Mason,PRECINCT 24,State Senate,4,MTN,NO CANDIDATE FILED,0
Mason,PRECINCT 25,State Senate,4,MTN,NO CANDIDATE FILED,0
Mason,PRECINCT 26,State Senate,4,MTN,NO CANDIDATE FILED,0
Mason,PRECINCT 27,State Senate,4,MTN,NO CANDIDATE FILED,0
Mason,PRECINCT 28,State Senate,4,MTN,NO CANDIDATE FILED,0
Mason,PRECINCT 29,State Senate,4,MTN,NO CANDIDATE FILED,0
Mason,PRECINCT 30,State Senate,4,MTN,NO CANDIDATE FILED,0
Mason,PRECINCT 20,State House,17,REP,JONATHAN ADAM PINSON,77
Mason,PRECINCT 21,State House,17,REP,JONATHAN ADAM PINSON,112
Mason,PRECINCT 22,State House,17,REP,JONATHAN ADAM PINSON,134
Mason,PRECINCT 23,State House,17,REP,JONATHAN ADAM PINSON,86
Mason,PRECINCT 24,State House,17,REP,JONATHAN ADAM PINSON,91
Mason,PRECINCT 25,State House,17,REP,JONATHAN ADAM PINSON,143
Mason,PRECINCT 26,State House,17,REP,JONATHAN ADAM PINSON,19
Mason,PRECINCT 27,State House,17,REP,JONATHAN ADAM PINSON,63
Mason,PRECINCT 28,State House,17,REP,JONATHAN ADAM PINSON,89
Mason,PRECINCT 29,State House,17,REP,JONATHAN ADAM PINSON,102
Mason,PRECINCT 20,State House,17,REP,ADAM ROUSH,14
Mason,PRECINCT 21,State House,17,REP,ADAM ROUSH,19
Mason,PRECINCT 22,State House,17,REP,ADAM ROUSH,27
Mason,PRECINCT 23,State House,17,REP,ADAM ROUSH,33
Mason,PRECINCT 24,State House,17,REP,ADAM ROUSH,47
Mason,PRECINCT 25,State House,17,REP,ADAM ROUSH,61
Mason,PRECINCT 26,State House,17,REP,ADAM ROUSH,26
Mason,PRECINCT 27,State House,17,REP,ADAM ROUSH,41
Mason,PRECINCT 28,State House,17,REP,ADAM ROUSH,46
Mason,PRECINCT 29,State House,17,REP,ADAM ROUSH,25
Mason,PRECINCT 20,State House,17,DEM,NO CANDIDATE FILED,0
Mason,PRECINCT 21,State House,17,DEM,NO CANDIDATE FILED,0
Mason,PRECINCT 22,State House,17,DEM,NO CANDIDATE FILED,0
Mason,PRECINCT 23,State House,17,DEM,NO CANDIDATE FILED,0
Mason,PRECINCT 24,State House,17,DEM,NO CANDIDATE FILED,0
Mason,PRECINCT 25,State House,17,DEM,NO CANDIDATE FILED,0
Mason,PRECINCT 26,State House,17,DEM,NO CANDIDATE FILED,0
Mason,PRECINCT 27,State House,17,DEM,NO CANDIDATE FILED,0
Mason,PRECINCT 28,State House,17,DEM,NO CANDIDATE FILED,0
Mason,PRECINCT 29,State House,17,DEM,NO CANDIDATE FILED,0
Mason,PRECINCT 20,State House,17,MTN,NO CANDIDATE FILED,0
Mason,PRECINCT 21,State House,17,MTN,NO CANDIDATE FILED,0
Mason,PRECINCT 22,State House,17,MTN,NO CANDIDATE FILED,0
Mason,PRECINCT 23,State House,17,MTN,NO CANDIDATE FILED,0
Mason,PRECINCT 24,State House,17,MTN,NO CANDIDATE FILED,0
Mason,PRECINCT 25,State House,17,MTN,NO CANDIDATE FILED,0
Mason,PRECINCT 26,State House,17,MTN,NO CANDIDATE FILED,0
Mason,PRECINCT 27,State House,17,MTN,NO CANDIDATE FILED,0
Mason,PRECINCT 28,State House,17,MTN,NO CANDIDATE FILED,0
Mason,PRECINCT 29,State House,17,MTN,NO CANDIDATE FILED,0
Mason,PRECINCT 1,State House,18,REP,JIM BUTLER,35
Mason,PRECINCT 2,State House,18,REP,JIM BUTLER,22
Mason,PRECINCT 3,State House,18,REP,JIM BUTLER,41
Mason,PRECINCT 4,State House,18,REP,JIM BUTLER,75
Mason,PRECINCT 5,State House,18,REP,JIM BUTLER,51
Mason,PRECINCT 6,State House,18,REP,JIM BUTLER,68
Mason,PRECINCT 7,State House,18,REP,JIM BUTLER,85
Mason,PRECINCT 8,State House,18,REP,JIM BUTLER,99
Mason,PRECINCT 9,State House,18,REP,JIM BUTLER,123
Mason,PRECINCT 10,State House,18,REP,JIM BUTLER,124
Mason,PRECINCT 11,State House,18,REP,JIM BUTLER,8
Mason,PRECINCT 12,State House,18,REP,JIM BUTLER,82
Mason,PRECINCT 13,State House,18,REP,JIM BUTLER,159
Mason,PRECINCT 14,State House,18,REP,JIM BUTLER,109
Mason,PRECINCT 15,State House,18,REP,JIM BUTLER,76
Mason,PRECINCT 16,State House,18,REP,JIM BUTLER,155
Mason,PRECINCT 17,State House,18,REP,JIM BUTLER,112
Mason,PRECINCT 18,State House,18,REP,JIM BUTLER,69
Mason,PRECINCT 19,State House,18,REP,JIM BUTLER,136
Mason,PRECINCT 30,State House,18,REP,JIM BUTLER,248
Mason,PRECINCT 1,State House,18,DEM,ANDREA  MEADOWS,8
Mason,PRECINCT 2,State House,18,DEM,ANDREA  MEADOWS,12
Mason,PRECINCT 3,State House,18,DEM,ANDREA  MEADOWS,33
Mason,PRECINCT 4,State House,18,DEM,ANDREA  MEADOWS,40
Mason,PRECINCT 5,State House,18,DEM,ANDREA  MEADOWS,28
Mason,PRECINCT 6,State House,18,DEM,ANDREA  MEADOWS,30
Mason,PRECINCT 7,State House,18,DEM,ANDREA  MEADOWS,39
Mason,PRECINCT 8,State House,18,DEM,ANDREA  MEADOWS,52
Mason,PRECINCT 9,State House,18,DEM,ANDREA  MEADOWS,46
Mason,PRECINCT 10,State House,18,DEM,ANDREA  MEADOWS,46
Mason,PRECINCT 11,State House,18,DEM,ANDREA  MEADOWS,5
Mason,PRECINCT 12,State House,18,DEM,ANDREA  MEADOWS,23
Mason,PRECINCT 13,State House,18,DEM,ANDREA  MEADOWS,47
Mason,PRECINCT 14,State House,18,DEM,ANDREA  MEADOWS,37
Mason,PRECINCT 15,State House,18,DEM,ANDREA  MEADOWS,31
Mason,PRECINCT 16,State House,18,DEM,ANDREA  MEADOWS,34
Mason,PRECINCT 17,State House,18,DEM,ANDREA  MEADOWS,36
Mason,PRECINCT 18,State House,18,DEM,ANDREA  MEADOWS,40
Mason,PRECINCT 19,State House,18,DEM,ANDREA  MEADOWS,37
Mason,PRECINCT 30,State House,18,DEM,ANDREA  MEADOWS,104
Mason,PRECINCT 1,State House,18,MTN,NO CANDIDATE FILED,0
Mason,PRECINCT 2,State House,18,MTN,NO CANDIDATE FILED,0
Mason,PRECINCT 3,State House,18,MTN,NO CANDIDATE FILED,0
Mason,PRECINCT 4,State House,18,MTN,NO CANDIDATE FILED,0
Mason,PRECINCT 5,State House,18,MTN,NO CANDIDATE FILED,0
Mason,PRECINCT 6,State House,18,MTN,NO CANDIDATE FILED,0
Mason,PRECINCT 7,State House,18,MTN,NO CANDIDATE FILED,0
Mason,PRECINCT 8,State House,18,MTN,NO CANDIDATE FILED,0
Mason,PRECINCT 9,State House,18,MTN,NO CANDIDATE FILED,0
Mason,PRECINCT 10,State House,18,MTN,NO CANDIDATE FILED,0
Mason,PRECINCT 11,State House,18,MTN,NO CANDIDATE FILED,0
Mason,PRECINCT 12,State House,18,MTN,NO CANDIDATE FILED,0
Mason,PRECINCT 13,State House,18,MTN,NO CANDIDATE FILED,0
Mason,PRECINCT 14,State House,18,MTN,NO CANDIDATE FILED,0
Mason,PRECINCT 15,State House,18,MTN,NO CANDIDATE FILED,0
Mason,PRECINCT 16,State House,18,MTN,NO CANDIDATE FILED,0
Mason,PRECINCT 17,State House,18,MTN,NO CANDIDATE FILED,0
Mason,PRECINCT 18,State House,18,MTN,NO CANDIDATE FILED,0
Mason,PRECINCT 19,State House,18,MTN,NO CANDIDATE FILED,0
Mason,PRECINCT 30,State House,18,MTN,NO CANDIDATE FILED,0
Mason,PRECINCT 1,Supreme Court of Appeals,,,HALEY BUNN,41
Mason,PRECINCT 2,Supreme Court of Appeals,,,HALEY BUNN,35
Mason,PRECINCT 3,Supreme Court of Appeals,,,HALEY BUNN,65
Mason,PRECINCT 4,Supreme Court of Appeals,,,HALEY BUNN,117
Mason,PRECINCT 5,Supreme Court of Appeals,,,HALEY BUNN,72
Mason,PRECINCT 6,Supreme Court of Appeals,,,HALEY BUNN,103
Mason,PRECINCT 7,Supreme Court of Appeals,,,HALEY BUNN,111
Mason,PRECINCT 8,Supreme Court of Appeals,,,HALEY BUNN,143
Mason,PRECINCT 9,Supreme Court of Appeals,,,HALEY BUNN,163
Mason,PRECINCT 10,Supreme Court of Appeals,,,HALEY BUNN,155
Mason,PRECINCT 11,Supreme Court of Appeals,,,HALEY BUNN,14
Mason,PRECINCT 12,Supreme Court of Appeals,,,HALEY BUNN,104
Mason,PRECINCT 13,Supreme Court of Appeals,,,HALEY BUNN,193
Mason,PRECINCT 14,Supreme Court of Appeals,,,HALEY BUNN,124
Mason,PRECINCT 15,Supreme Court of Appeals,,,HALEY BUNN,100
Mason,PRECINCT 16,Supreme Court of Appeals,,,HALEY BUNN,173
Mason,PRECINCT 17,Supreme Court of Appeals,,,HALEY BUNN,145
Mason,PRECINCT 18,Supreme Court of Appeals,,,HALEY BUNN,97
Mason,PRECINCT 19,Supreme Court of Appeals,,,HALEY BUNN,159
Mason,PRECINCT 20,Supreme Court of Appeals,,,HALEY BUNN,98
Mason,PRECINCT 21,Supreme Court of Appeals,,,HALEY BUNN,140
Mason,PRECINCT 22,Supreme Court of Appeals,,,HALEY BUNN,174
Mason,PRECINCT 23,Supreme Court of Appeals,,,HALEY BUNN,143
Mason,PRECINCT 24,Supreme Court of Appeals,,,HALEY BUNN,154
Mason,PRECINCT 25,Supreme Court of Appeals,,,HALEY BUNN,245
Mason,PRECINCT 26,Supreme Court of Appeals,,,HALEY BUNN,61
Mason,PRECINCT 27,Supreme Court of Appeals,,,HALEY BUNN,102
Mason,PRECINCT 28,Supreme Court of Appeals,,,HALEY BUNN,143
Mason,PRECINCT 29,Supreme Court of Appeals,,,HALEY BUNN,151
Mason,PRECINCT 30,Supreme Court of Appeals,,,HALEY BUNN,330
Mason,PRECINCT 1,Supreme Court of Appeals,,,CHARLES S TRUMP IV,37
Mason,PRECINCT 2,Supreme Court of Appeals,,,CHARLES S TRUMP IV,33
Mason,PRECINCT 3,Supreme Court of Appeals,,,CHARLES S TRUMP IV,58
Mason,PRECINCT 4,Supreme Court of Appeals,,,CHARLES S TRUMP IV,102
Mason,PRECINCT 5,Supreme Court of Appeals,,,CHARLES S TRUMP IV,72
Mason,PRECINCT 6,Supreme Court of Appeals,,,CHARLES S TRUMP IV,97
Mason,PRECINCT 7,Supreme Court of Appeals,,,CHARLES S TRUMP IV,91
Mason,PRECINCT 8,Supreme Court of Appeals,,,CHARLES S TRUMP IV,129
Mason,PRECINCT 9,Supreme Court of Appeals,,,CHARLES S TRUMP IV,163
Mason,PRECINCT 10,Supreme Court of Appeals,,,CHARLES S TRUMP IV,141
Mason,PRECINCT 11,Supreme Court of Appeals,,,CHARLES S TRUMP IV,12
Mason,PRECINCT 12,Supreme Court of Appeals,,,CHARLES S TRUMP IV,99
Mason,PRECINCT 13,Supreme Court of Appeals,,,CHARLES S TRUMP IV,181
Mason,PRECINCT 14,Supreme Court of Appeals,,,CHARLES S TRUMP IV,127
Mason,PRECINCT 15,Supreme Court of Appeals,,,CHARLES S TRUMP IV,88
Mason,PRECINCT 16,Supreme Court of Appeals,,,CHARLES S TRUMP IV,163
Mason,PRECINCT 17,Supreme Court of Appeals,,,CHARLES S TRUMP IV,140
Mason,PRECINCT 18,Supreme Court of Appeals,,,CHARLES S TRUMP IV,98
Mason,PRECINCT 19,Supreme Court of Appeals,,,CHARLES S TRUMP IV,155
Mason,PRECINCT 20,Supreme Court of Appeals,,,CHARLES S TRUMP IV,96
Mason,PRECINCT 21,Supreme Court of Appeals,,,CHARLES S TRUMP IV,138
Mason,PRECINCT 22,Supreme Court of Appeals,,,CHARLES S TRUMP IV,158
Mason,PRECINCT 23,Supreme Court of Appeals,,,CHARLES S TRUMP IV,136
Mason,PRECINCT 24,Supreme Court of Appeals,,,CHARLES S TRUMP IV,150
Mason,PRECINCT 25,Supreme Court of Appeals,,,CHARLES S TRUMP IV,228
Mason,PRECINCT 26,Supreme Court of Appeals,,,CHARLES S TRUMP IV,58
Mason,PRECINCT 27,Supreme Court of Appeals,,,CHARLES S TRUMP IV,96
Mason,PRECINCT 28,Supreme Court of Appeals,,,CHARLES S TRUMP IV,135
Mason,PRECINCT 29,Supreme Court of Appeals,,,CHARLES S TRUMP IV,145
Mason,PRECINCT 30,Supreme Court of Appeals,,,CHARLES S TRUMP IV,309
Mason,PRECINCT 1,Supreme Court of Appeals,,,S. RYAN  WHITE,25
Mason,PRECINCT 2,Supreme Court of Appeals,,,S. RYAN  WHITE,21
Mason,PRECINCT 3,Supreme Court of Appeals,,,S. RYAN  WHITE,51
Mason,PRECINCT 4,Supreme Court of Appeals,,,S. RYAN  WHITE,72
Mason,PRECINCT 5,Supreme Court of Appeals,,,S. RYAN  WHITE,60
Mason,PRECINCT 6,Supreme Court of Appeals,,,S. RYAN  WHITE,73
Mason,PRECINCT 7,Supreme Court of Appeals,,,S. RYAN  WHITE,84
Mason,PRECINCT 8,Supreme Court of Appeals,,,S. RYAN  WHITE,102
Mason,PRECINCT 9,Supreme Court of Appeals,,,S. RYAN  WHITE,117
Mason,PRECINCT 10,Supreme Court of Appeals,,,S. RYAN  WHITE,116
Mason,PRECINCT 11,Supreme Court of Appeals,,,S. RYAN  WHITE,11
Mason,PRECINCT 12,Supreme Court of Appeals,,,S. RYAN  WHITE,79
Mason,PRECINCT 13,Supreme Court of Appeals,,,S. RYAN  WHITE,139
Mason,PRECINCT 14,Supreme Court of Appeals,,,S. RYAN  WHITE,89
Mason,PRECINCT 15,Supreme Court of Appeals,,,S. RYAN  WHITE,75
Mason,PRECINCT 16,Supreme Court of Appeals,,,S. RYAN  WHITE,123
Mason,PRECINCT 17,Supreme Court of Appeals,,,S. RYAN  WHITE,102
Mason,PRECINCT 18,Supreme Court of Appeals,,,S. RYAN  WHITE,70
Mason,PRECINCT 19,Supreme Court of Appeals,,,S. RYAN  WHITE,116
Mason,PRECINCT 20,Supreme Court of Appeals,,,S. RYAN  WHITE,64
Mason,PRECINCT 21,Supreme Court of Appeals,,,S. RYAN  WHITE,101
Mason,PRECINCT 22,Supreme Court of Appeals,,,S. RYAN  WHITE,117
Mason,PRECINCT 23,Supreme Court of Appeals,,,S. RYAN  WHITE,98
Mason,PRECINCT 24,Supreme Court of Appeals,,,S. RYAN  WHITE,100
Mason,PRECINCT 25,Supreme Court of Appeals,,,S. RYAN  WHITE,181
Mason,PRECINCT 26,Supreme Court of Appeals,,,S. RYAN  WHITE,44
Mason,PRECINCT 27,Supreme Court of Appeals,,,S. RYAN  WHITE,78
Mason,PRECINCT 28,Supreme Court of Appeals,,,S. RYAN  WHITE,102
Mason,PRECINCT 29,Supreme Court of Appeals,,,S. RYAN  WHITE,101
Mason,PRECINCT 30,Supreme Court of Appeals,,,S. RYAN  WHITE,242
Mason,PRECINCT 1,Supreme Court of Appeals,,,MYCHAL S. SCHULZ,14
Mason,PRECINCT 2,Supreme Court of Appeals,,,MYCHAL S. SCHULZ,8
Mason,PRECINCT 3,Supreme Court of Appeals,,,MYCHAL S. SCHULZ,12
Mason,PRECINCT 4,Supreme Court of Appeals,,,MYCHAL S. SCHULZ,33
Mason,PRECINCT 5,Supreme Court of Appeals,,,MYCHAL S. SCHULZ,17
Mason,PRECINCT 6,Supreme Court of Appeals,,,MYCHAL S. SCHULZ,29
Mason,PRECINCT 7,Supreme Court of Appeals,,,MYCHAL S. SCHULZ,20
Mason,PRECINCT 8,Supreme Court of Appeals,,,MYCHAL S. SCHULZ,37
Mason,PRECINCT 9,Supreme Court of Appeals,,,MYCHAL S. SCHULZ,45
Mason,PRECINCT 10,Supreme Court of Appeals,,,MYCHAL S. SCHULZ,36
Mason,PRECINCT 11,Supreme Court of Appeals,,,MYCHAL S. SCHULZ,3
Mason,PRECINCT 12,Supreme Court of Appeals,,,MYCHAL S. SCHULZ,21
Mason,PRECINCT 13,Supreme Court of Appeals,,,MYCHAL S. SCHULZ,46
Mason,PRECINCT 14,Supreme Court of Appeals,,,MYCHAL S. SCHULZ,28
Mason,PRECINCT 15,Supreme Court of Appeals,,,MYCHAL S. SCHULZ,19
Mason,PRECINCT 16,Supreme Court of Appeals,,,MYCHAL S. SCHULZ,38
Mason,PRECINCT 17,Supreme Court of Appeals,,,MYCHAL S. SCHULZ,34
Mason,PRECINCT 18,Supreme Court of Appeals,,,MYCHAL S. SCHULZ,28
Mason,PRECINCT 19,Supreme Court of Appeals,,,MYCHAL S. SCHULZ,39
Mason,PRECINCT 20,Supreme Court of Appeals,,,MYCHAL S. SCHULZ,30
Mason,PRECINCT 21,Supreme Court of Appeals,,,MYCHAL S. SCHULZ,28
Mason,PRECINCT 22,Supreme Court of Appeals,,,MYCHAL S. SCHULZ,37
Mason,PRECINCT 23,Supreme Court of Appeals,,,MYCHAL S. SCHULZ,27
Mason,PRECINCT 24,Supreme Court of Appeals,,,MYCHAL S. SCHULZ,31
Mason,PRECINCT 25,Supreme Court of Appeals,,,MYCHAL S. SCHULZ,43
Mason,PRECINCT 26,Supreme Court of Appeals,,,MYCHAL S. SCHULZ,8
Mason,PRECINCT 27,Supreme Court of Appeals,,,MYCHAL S. SCHULZ,24
Mason,PRECINCT 28,Supreme Court of Appeals,,,MYCHAL S. SCHULZ,26
Mason,PRECINCT 29,Supreme Court of Appeals,,,MYCHAL S. SCHULZ,32
Mason,PRECINCT 30,Supreme Court of Appeals,,,MYCHAL S. SCHULZ,72
Mason,PRECINCT 1,Supreme Court of Appeals,,,ELGINE HECETA McARDLE,5
Mason,PRECINCT 2,Supreme Court of Appeals,,,ELGINE HECETA McARDLE,7
Mason,PRECINCT 3,Supreme Court of Appeals,,,ELGINE HECETA McARDLE,5
Mason,PRECINCT 4,Supreme Court of Appeals,,,ELGINE HECETA McARDLE,15
Mason,PRECINCT 5,Supreme Court of Appeals,,,ELGINE HECETA McARDLE,9
Mason,PRECINCT 6,Supreme Court of Appeals,,,ELGINE HECETA McARDLE,8
Mason,PRECINCT 7,Supreme Court of Appeals,,,ELGINE HECETA McARDLE,14
Mason,PRECINCT 8,Supreme Court of Appeals,,,ELGINE HECETA McARDLE,14
Mason,PRECINCT 9,Supreme Court of Appeals,,,ELGINE HECETA McARDLE,15
Mason,PRECINCT 10,Supreme Court of Appeals,,,ELGINE HECETA McARDLE,15
Mason,PRECINCT 11,Supreme Court of Appeals,,,ELGINE HECETA McARDLE,2
Mason,PRECINCT 12,Supreme Court of Appeals,,,ELGINE HECETA McARDLE,8
Mason,PRECINCT 13,Supreme Court of Appeals,,,ELGINE HECETA McARDLE,20
Mason,PRECINCT 14,Supreme Court of Appeals,,,ELGINE HECETA McARDLE,13
Mason,PRECINCT 15,Supreme Court of Appeals,,,ELGINE HECETA McARDLE,14
Mason,PRECINCT 16,Supreme Court of Appeals,,,ELGINE HECETA McARDLE,22
Mason,PRECINCT 17,Supreme Court of Appeals,,,ELGINE HECETA McARDLE,21
Mason,PRECINCT 18,Supreme Court of Appeals,,,ELGINE HECETA McARDLE,8
Mason,PRECINCT 19,Supreme Court of Appeals,,,ELGINE HECETA McARDLE,19
Mason,PRECINCT 20,Supreme Court of Appeals,,,ELGINE HECETA McARDLE,14
Mason,PRECINCT 21,Supreme Court of Appeals,,,ELGINE HECETA McARDLE,14
Mason,PRECINCT 22,Supreme Court of Appeals,,,ELGINE HECETA McARDLE,27
Mason,PRECINCT 23,Supreme Court of Appeals,,,ELGINE HECETA McARDLE,21
Mason,PRECINCT 24,Supreme Court of Appeals,,,ELGINE HECETA McARDLE,26
Mason,PRECINCT 25,Supreme Court of Appeals,,,ELGINE HECETA McARDLE,29
Mason,PRECINCT 26,Supreme Court of Appeals,,,ELGINE HECETA McARDLE,10
Mason,PRECINCT 27,Supreme Court of Appeals,,,ELGINE HECETA McARDLE,12
Mason,PRECINCT 28,Supreme Court of Appeals,,,ELGINE HECETA McARDLE,21
Mason,PRECINCT 29,Supreme Court of Appeals,,,ELGINE HECETA McARDLE,20
Mason,PRECINCT 30,Supreme Court of Appeals,,,ELGINE HECETA McARDLE,35
Mason,PRECINCT 1,Supreme Court of Appeals,,,LORA DYER,42
Mason,PRECINCT 2,Supreme Court of Appeals,,,LORA DYER,34
Mason,PRECINCT 3,Supreme Court of Appeals,,,LORA DYER,68
Mason,PRECINCT 4,Supreme Court of Appeals,,,LORA DYER,120
Mason,PRECINCT 5,Supreme Court of Appeals,,,LORA DYER,83
Mason,PRECINCT 6,Supreme Court of Appeals,,,LORA DYER,111
Mason,PRECINCT 7,Supreme Court of Appeals,,,LORA DYER,114
Mason,PRECINCT 8,Supreme Court of Appeals,,,LORA DYER,152
Mason,PRECINCT 9,Supreme Court of Appeals,,,LORA DYER,177
Mason,PRECINCT 10,Supreme Court of Appeals,,,LORA DYER,163
Mason,PRECINCT 11,Supreme Court of Appeals,,,LORA DYER,15
Mason,PRECINCT 12,Supreme Court of Appeals,,,LORA DYER,106
Mason,PRECINCT 13,Supreme Court of Appeals,,,LORA DYER,196
Mason,PRECINCT 14,Supreme Court of Appeals,,,LORA DYER,124
Mason,PRECINCT 15,Supreme Court of Appeals,,,LORA DYER,96
Mason,PRECINCT 16,Supreme Court of Appeals,,,LORA DYER,169
Mason,PRECINCT 17,Supreme Court of Appeals,,,LORA DYER,149
Mason,PRECINCT 18,Supreme Court of Appeals,,,LORA DYER,99
Mason,PRECINCT 19,Supreme Court of Appeals,,,LORA DYER,161
Mason,PRECINCT 20,Supreme Court of Appeals,,,LORA DYER,105
Mason,PRECINCT 21,Supreme Court of Appeals,,,LORA DYER,150
Mason,PRECINCT 22,Supreme Court of Appeals,,,LORA DYER,172
Mason,PRECINCT 23,Supreme Court of Appeals,,,LORA DYER,149
Mason,PRECINCT 24,Supreme Court of Appeals,,,LORA DYER,159
Mason,PRECINCT 25,Supreme Court of Appeals,,,LORA DYER,252
Mason,PRECINCT 26,Supreme Court of Appeals,,,LORA DYER,62
Mason,PRECINCT 27,Supreme Court of Appeals,,,LORA DYER,104
Mason,PRECINCT 28,Supreme Court of Appeals,,,LORA DYER,144
Mason,PRECINCT 29,Supreme Court of Appeals,,,LORA DYER,156
Mason,PRECINCT 30,Supreme Court of Appeals,,,LORA DYER,340
Mason,PRECINCT 1,Supreme Court of Appeals,,,RICHARD CRAIG TATTERSON,45
Mason,PRECINCT 2,Supreme Court of Appeals,,,RICHARD CRAIG TATTERSON,40
Mason,PRECINCT 3,Supreme Court of Appeals,,,RICHARD CRAIG TATTERSON,80
Mason,PRECINCT 4,Supreme Court of Appeals,,,RICHARD CRAIG TATTERSON,136
Mason,PRECINCT 5,Supreme Court of Appeals,,,RICHARD CRAIG TATTERSON,101
Mason,PRECINCT 6,Supreme Court of Appeals,,,RICHARD CRAIG TATTERSON,121
Mason,PRECINCT 7,Supreme Court of Appeals,,,RICHARD CRAIG TATTERSON,133
Mason,PRECINCT 8,Supreme Court of Appeals,,,RICHARD CRAIG TATTERSON,177
Mason,PRECINCT 9,Supreme Court of Appeals,,,RICHARD CRAIG TATTERSON,191
Mason,PRECINCT 10,Supreme Court of Appeals,,,RICHARD CRAIG TATTERSON,186
Mason,PRECINCT 11,Supreme Court of Appeals,,,RICHARD CRAIG TATTERSON,16
Mason,PRECINCT 12,Supreme Court of Appeals,,,RICHARD CRAIG TATTERSON,119
Mason,PRECINCT 13,Supreme Court of Appeals,,,RICHARD CRAIG TATTERSON,230
Mason,PRECINCT 14,Supreme Court of Appeals,,,RICHARD CRAIG TATTERSON,149
Mason,PRECINCT 15,Supreme Court of Appeals,,,RICHARD CRAIG TATTERSON,120
Mason,PRECINCT 16,Supreme Court of Appeals,,,RICHARD CRAIG TATTERSON,194
Mason,PRECINCT 17,Supreme Court of Appeals,,,RICHARD CRAIG TATTERSON,159
Mason,PRECINCT 18,Supreme Court of Appeals,,,RICHARD CRAIG TATTERSON,123
Mason,PRECINCT 19,Supreme Court of Appeals,,,RICHARD CRAIG TATTERSON,167
Mason,PRECINCT 20,Supreme Court of Appeals,,,RICHARD CRAIG TATTERSON,114
Mason,PRECINCT 21,Supreme Court of Appeals,,,RICHARD CRAIG TATTERSON,153
Mason,PRECINCT 22,Supreme Court of Appeals,,,RICHARD CRAIG TATTERSON,205
Mason,PRECINCT 23,Supreme Court of Appeals,,,RICHARD CRAIG TATTERSON,154
Mason,PRECINCT 24,Supreme Court of Appeals,,,RICHARD CRAIG TATTERSON,190
Mason,PRECINCT 25,Supreme Court of Appeals,,,RICHARD CRAIG TATTERSON,296
Mason,PRECINCT 26,Supreme Court of Appeals,,,RICHARD CRAIG TATTERSON,68
Mason,PRECINCT 27,Supreme Court of Appeals,,,RICHARD CRAIG TATTERSON,126
Mason,PRECINCT 28,Supreme Court of Appeals,,,RICHARD CRAIG TATTERSON,156
Mason,PRECINCT 29,Supreme Court of Appeals,,,RICHARD CRAIG TATTERSON,170
Mason,PRECINCT 30,Supreme Court of Appeals,,,RICHARD CRAIG TATTERSON,397
Mason,PRECINCT 1,Supreme Court of Appeals,,,JOSHUA W. DOWNEY,20
Mason,PRECINCT 2,Supreme Court of Appeals,,,JOSHUA W. DOWNEY,14
Mason,PRECINCT 3,Supreme Court of Appeals,,,JOSHUA W. DOWNEY,23
Mason,PRECINCT 4,Supreme Court of Appeals,,,JOSHUA W. DOWNEY,53
Mason,PRECINCT 5,Supreme Court of Appeals,,,JOSHUA W. DOWNEY,38
Mason,PRECINCT 6,Supreme Court of Appeals,,,JOSHUA W. DOWNEY,43
Mason,PRECINCT 7,Supreme Court of Appeals,,,JOSHUA W. DOWNEY,47
Mason,PRECINCT 8,Supreme Court of Appeals,,,JOSHUA W. DOWNEY,76
Mason,PRECINCT 9,Supreme Court of Appeals,,,JOSHUA W. DOWNEY,91
Mason,PRECINCT 10,Supreme Court of Appeals,,,JOSHUA W. DOWNEY,100
Mason,PRECINCT 11,Supreme Court of Appeals,,,JOSHUA W. DOWNEY,6
Mason,PRECINCT 12,Supreme Court of Appeals,,,JOSHUA W. DOWNEY,61
Mason,PRECINCT 13,Supreme Court of Appeals,,,JOSHUA W. DOWNEY,109
Mason,PRECINCT 14,Supreme Court of Appeals,,,JOSHUA W. DOWNEY,51
Mason,PRECINCT 15,Supreme Court of Appeals,,,JOSHUA W. DOWNEY,49
Mason,PRECINCT 16,Supreme Court of Appeals,,,JOSHUA W. DOWNEY,87
Mason,PRECINCT 17,Supreme Court of Appeals,,,JOSHUA W. DOWNEY,65
Mason,PRECINCT 18,Supreme Court of Appeals,,,JOSHUA W. DOWNEY,60
Mason,PRECINCT 19,Supreme Court of Appeals,,,JOSHUA W. DOWNEY,97
Mason,PRECINCT 20,Supreme Court of Appeals,,,JOSHUA W. DOWNEY,58
Mason,PRECINCT 21,Supreme Court of Appeals,,,JOSHUA W. DOWNEY,65
Mason,PRECINCT 22,Supreme Court of Appeals,,,JOSHUA W. DOWNEY,88
Mason,PRECINCT 23,Supreme Court of Appeals,,,JOSHUA W. DOWNEY,75
Mason,PRECINCT 24,Supreme Court of Appeals,,,JOSHUA W. DOWNEY,79
Mason,PRECINCT 25,Supreme Court of Appeals,,,JOSHUA W. DOWNEY,135
Mason,PRECINCT 26,Supreme Court of Appeals,,,JOSHUA W. DOWNEY,24
Mason,PRECINCT 27,Supreme Court of Appeals,,,JOSHUA W. DOWNEY,56
Mason,PRECINCT 28,Supreme Court of Appeals,,,JOSHUA W. DOWNEY,79
Mason,PRECINCT 29,Supreme Court of Appeals,,,JOSHUA W. DOWNEY,75
Mason,PRECINCT 30,Supreme Court of Appeals,,,JOSHUA W. DOWNEY,176
Mason,PRECINCT 1,Supreme Court of Appeals,,,ANITA HAROLD ASHLEY,21
Mason,PRECINCT 2,Supreme Court of Appeals,,,ANITA HAROLD ASHLEY,23
Mason,PRECINCT 3,Supreme Court of Appeals,,,ANITA HAROLD ASHLEY,46
Mason,PRECINCT 4,Supreme Court of Appeals,,,ANITA HAROLD ASHLEY,69
Mason,PRECINCT 5,Supreme Court of Appeals,,,ANITA HAROLD ASHLEY,43
Mason,PRECINCT 6,Supreme Court of Appeals,,,ANITA HAROLD ASHLEY,66
Mason,PRECINCT 7,Supreme Court of Appeals,,,ANITA HAROLD ASHLEY,74
Mason,PRECINCT 8,Supreme Court of Appeals,,,ANITA HAROLD ASHLEY,77
Mason,PRECINCT 9,Supreme Court of Appeals,,,ANITA HAROLD ASHLEY,91
Mason,PRECINCT 10,Supreme Court of Appeals,,,ANITA HAROLD ASHLEY,63
Mason,PRECINCT 11,Supreme Court of Appeals,,,ANITA HAROLD ASHLEY,11
Mason,PRECINCT 12,Supreme Court of Appeals,,,ANITA HAROLD ASHLEY,49
Mason,PRECINCT 13,Supreme Court of Appeals,,,ANITA HAROLD ASHLEY,90
Mason,PRECINCT 14,Supreme Court of Appeals,,,ANITA HAROLD ASHLEY,78
Mason,PRECINCT 15,Supreme Court of Appeals,,,ANITA HAROLD ASHLEY,53
Mason,PRECINCT 16,Supreme Court of Appeals,,,ANITA HAROLD ASHLEY,93
Mason,PRECINCT 17,Supreme Court of Appeals,,,ANITA HAROLD ASHLEY,85
Mason,PRECINCT 18,Supreme Court of Appeals,,,ANITA HAROLD ASHLEY,47
Mason,PRECINCT 19,Supreme Court of Appeals,,,ANITA HAROLD ASHLEY,71
Mason,PRECINCT 20,Supreme Court of Appeals,,,ANITA HAROLD ASHLEY,55
Mason,PRECINCT 21,Supreme Court of Appeals,,,ANITA HAROLD ASHLEY,80
Mason,PRECINCT 22,Supreme Court of Appeals,,,ANITA HAROLD ASHLEY,89
Mason,PRECINCT 23,Supreme Court of Appeals,,,ANITA HAROLD ASHLEY,73
Mason,PRECINCT 24,Supreme Court of Appeals,,,ANITA HAROLD ASHLEY,86
Mason,PRECINCT 25,Supreme Court of Appeals,,,ANITA HAROLD ASHLEY,119
Mason,PRECINCT 26,Supreme Court of Appeals,,,ANITA HAROLD ASHLEY,38
Mason,PRECINCT 27,Supreme Court of Appeals,,,ANITA HAROLD ASHLEY,53
Mason,PRECINCT 28,Supreme Court of Appeals,,,ANITA HAROLD ASHLEY,68
Mason,PRECINCT 29,Supreme Court of Appeals,,,ANITA HAROLD ASHLEY,78
Mason,PRECINCT 30,Supreme Court of Appeals,,,ANITA HAROLD ASHLEY,179
Mason,PRECINCT 1,Supreme Court of Appeals,,,CONNIE FISHER THOMAS,44
Mason,PRECINCT 2,Supreme Court of Appeals,,,CONNIE FISHER THOMAS,37
Mason,PRECINCT 3,Supreme Court of Appeals,,,CONNIE FISHER THOMAS,71
Mason,PRECINCT 4,Supreme Court of Appeals,,,CONNIE FISHER THOMAS,129
Mason,PRECINCT 5,Supreme Court of Appeals,,,CONNIE FISHER THOMAS,96
Mason,PRECINCT 6,Supreme Court of Appeals,,,CONNIE FISHER THOMAS,122
Mason,PRECINCT 7,Supreme Court of Appeals,,,CONNIE FISHER THOMAS,125
Mason,PRECINCT 8,Supreme Court of Appeals,,,CONNIE FISHER THOMAS,166
Mason,PRECINCT 9,Supreme Court of Appeals,,,CONNIE FISHER THOMAS,189
Mason,PRECINCT 10,Supreme Court of Appeals,,,CONNIE FISHER THOMAS,172
Mason,PRECINCT 11,Supreme Court of Appeals,,,CONNIE FISHER THOMAS,16
Mason,PRECINCT 12,Supreme Court of Appeals,,,CONNIE FISHER THOMAS,108
Mason,PRECINCT 13,Supreme Court of Appeals,,,CONNIE FISHER THOMAS,211
Mason,PRECINCT 14,Supreme Court of Appeals,,,CONNIE FISHER THOMAS,137
Mason,PRECINCT 15,Supreme Court of Appeals,,,CONNIE FISHER THOMAS,107
Mason,PRECINCT 16,Supreme Court of Appeals,,,CONNIE FISHER THOMAS,186
Mason,PRECINCT 17,Supreme Court of Appeals,,,CONNIE FISHER THOMAS,161
Mason,PRECINCT 18,Supreme Court of Appeals,,,CONNIE FISHER THOMAS,111
Mason,PRECINCT 19,Supreme Court of Appeals,,,CONNIE FISHER THOMAS,162
Mason,PRECINCT 20,Supreme Court of Appeals,,,CONNIE FISHER THOMAS,111
Mason,PRECINCT 21,Supreme Court of Appeals,,,CONNIE FISHER THOMAS,152
Mason,PRECINCT 22,Supreme Court of Appeals,,,CONNIE FISHER THOMAS,187
Mason,PRECINCT 23,Supreme Court of Appeals,,,CONNIE FISHER THOMAS,151
Mason,PRECINCT 24,Supreme Court of Appeals,,,CONNIE FISHER THOMAS,193
Mason,PRECINCT 25,Supreme Court of Appeals,,,CONNIE FISHER THOMAS,309
Mason,PRECINCT 26,Supreme Court of Appeals,,,CONNIE FISHER THOMAS,67
Mason,PRECINCT 27,Supreme Court of Appeals,,,CONNIE FISHER THOMAS,131
Mason,PRECINCT 28,Supreme Court of Appeals,,,CONNIE FISHER THOMAS,162
Mason,PRECINCT 29,Supreme Court of Appeals,,,CONNIE FISHER THOMAS,166
Mason,PRECINCT 30,Supreme Court of Appeals,,,CONNIE FISHER THOMAS,365
Mason,PRECINCT 1,Supreme Court of Appeals,,,BRYAN CROMLEY,44
Mason,PRECINCT 2,Supreme Court of Appeals,,,BRYAN CROMLEY,43
Mason,PRECINCT 3,Supreme Court of Appeals,,,BRYAN CROMLEY,74
Mason,PRECINCT 4,Supreme Court of Appeals,,,BRYAN CROMLEY,132
Mason,PRECINCT 5,Supreme Court of Appeals,,,BRYAN CROMLEY,92
Mason,PRECINCT 6,Supreme Court of Appeals,,,BRYAN CROMLEY,119
Mason,PRECINCT 7,Supreme Court of Appeals,,,BRYAN CROMLEY,126
Mason,PRECINCT 8,Supreme Court of Appeals,,,BRYAN CROMLEY,171
Mason,PRECINCT 9,Supreme Court of Appeals,,,BRYAN CROMLEY,175
Mason,PRECINCT 10,Supreme Court of Appeals,,,BRYAN CROMLEY,173
Mason,PRECINCT 11,Supreme Court of Appeals,,,BRYAN CROMLEY,16
Mason,PRECINCT 12,Supreme Court of Appeals,,,BRYAN CROMLEY,109
Mason,PRECINCT 13,Supreme Court of Appeals,,,BRYAN CROMLEY,212
Mason,PRECINCT 14,Supreme Court of Appeals,,,BRYAN CROMLEY,141
Mason,PRECINCT 15,Supreme Court of Appeals,,,BRYAN CROMLEY,113
Mason,PRECINCT 16,Supreme Court of Appeals,,,BRYAN CROMLEY,198
Mason,PRECINCT 17,Supreme Court of Appeals,,,BRYAN CROMLEY,160
Mason,PRECINCT 18,Supreme Court of Appeals,,,BRYAN CROMLEY,108
Mason,PRECINCT 19,Supreme Court of Appeals,,,BRYAN CROMLEY,170
Mason,PRECINCT 20,Supreme Court of Appeals,,,BRYAN CROMLEY,114
Mason,PRECINCT 21,Supreme Court of Appeals,,,BRYAN CROMLEY,152
Mason,PRECINCT 22,Supreme Court of Appeals,,,BRYAN CROMLEY,187
Mason,PRECINCT 23,Supreme Court of Appeals,,,BRYAN CROMLEY,152
Mason,PRECINCT 24,Supreme Court of Appeals,,,BRYAN CROMLEY,183
Mason,PRECINCT 25,Supreme Court of Appeals,,,BRYAN CROMLEY,282
Mason,PRECINCT 26,Supreme Court of Appeals,,,BRYAN CROMLEY,61
Mason,PRECINCT 27,Supreme Court of Appeals,,,BRYAN CROMLEY,127
Mason,PRECINCT 28,Supreme Court of Appeals,,,BRYAN CROMLEY,169
Mason,PRECINCT 29,Supreme Court of Appeals,,,BRYAN CROMLEY,159
Mason,PRECINCT 30,Supreme Court of Appeals,,,BRYAN CROMLEY,364
Mason,PRECINCT 1,MAGISTRATE,,,GAIL L. ROUSH,16
Mason,PRECINCT 2,MAGISTRATE,,,GAIL L. ROUSH,20
Mason,PRECINCT 3,MAGISTRATE,,,GAIL L. ROUSH,37
Mason,PRECINCT 4,MAGISTRATE,,,GAIL L. ROUSH,57
Mason,PRECINCT 5,MAGISTRATE,,,GAIL L. ROUSH,30
Mason,PRECINCT 6,MAGISTRATE,,,GAIL L. ROUSH,50
Mason,PRECINCT 7,MAGISTRATE,,,GAIL L. ROUSH,61
Mason,PRECINCT 8,MAGISTRATE,,,GAIL L. ROUSH,73
Mason,PRECINCT 9,MAGISTRATE,,,GAIL L. ROUSH,108
Mason,PRECINCT 10,MAGISTRATE,,,GAIL L. ROUSH,105
Mason,PRECINCT 11,MAGISTRATE,,,GAIL L. ROUSH,12
Mason,PRECINCT 12,MAGISTRATE,,,GAIL L. ROUSH,57
Mason,PRECINCT 13,MAGISTRATE,,,GAIL L. ROUSH,126
Mason,PRECINCT 14,MAGISTRATE,,,GAIL L. ROUSH,89
Mason,PRECINCT 15,MAGISTRATE,,,GAIL L. ROUSH,73
Mason,PRECINCT 16,MAGISTRATE,,,GAIL L. ROUSH,112
Mason,PRECINCT 17,MAGISTRATE,,,GAIL L. ROUSH,106
Mason,PRECINCT 18,MAGISTRATE,,,GAIL L. ROUSH,55
Mason,PRECINCT 19,MAGISTRATE,,,GAIL L. ROUSH,93
Mason,PRECINCT 20,MAGISTRATE,,,GAIL L. ROUSH,64
Mason,PRECINCT 21,MAGISTRATE,,,GAIL L. ROUSH,100
Mason,PRECINCT 22,MAGISTRATE,,,GAIL L. ROUSH,144
Mason,PRECINCT 23,MAGISTRATE,,,GAIL L. ROUSH,127
Mason,PRECINCT 24,MAGISTRATE,,,GAIL L. ROUSH,165
Mason,PRECINCT 25,MAGISTRATE,,,GAIL L. ROUSH,246
Mason,PRECINCT 26,MAGISTRATE,,,GAIL L. ROUSH,62
Mason,PRECINCT 27,MAGISTRATE,,,GAIL L. ROUSH,102
Mason,PRECINCT 28,MAGISTRATE,,,GAIL L. ROUSH,147
Mason,PRECINCT 29,MAGISTRATE,,,GAIL L. ROUSH,121
Mason,PRECINCT 30,MAGISTRATE,,,GAIL L. ROUSH,202
Mason,PRECINCT 1,MAGISTRATE,,,STEVE TARBETT,29
Mason,PRECINCT 2,MAGISTRATE,,,STEVE TARBETT,24
Mason,PRECINCT 3,MAGISTRATE,,,STEVE TARBETT,46
Mason,PRECINCT 4,MAGISTRATE,,,STEVE TARBETT,78
Mason,PRECINCT 5,MAGISTRATE,,,STEVE TARBETT,77
Mason,PRECINCT 6,MAGISTRATE,,,STEVE TARBETT,73
Mason,PRECINCT 7,MAGISTRATE,,,STEVE TARBETT,83
Mason,PRECINCT 8,MAGISTRATE,,,STEVE TARBETT,117
Mason,PRECINCT 9,MAGISTRATE,,,STEVE TARBETT,96
Mason,PRECINCT 10,MAGISTRATE,,,STEVE TARBETT,104
Mason,PRECINCT 11,MAGISTRATE,,,STEVE TARBETT,6
Mason,PRECINCT 12,MAGISTRATE,,,STEVE TARBETT,70
Mason,PRECINCT 13,MAGISTRATE,,,STEVE TARBETT,114
Mason,PRECINCT 14,MAGISTRATE,,,STEVE TARBETT,74
Mason,PRECINCT 15,MAGISTRATE,,,STEVE TARBETT,50
Mason,PRECINCT 16,MAGISTRATE,,,STEVE TARBETT,92
Mason,PRECINCT 17,MAGISTRATE,,,STEVE TARBETT,70
Mason,PRECINCT 18,MAGISTRATE,,,STEVE TARBETT,76
Mason,PRECINCT 19,MAGISTRATE,,,STEVE TARBETT,89
Mason,PRECINCT 20,MAGISTRATE,,,STEVE TARBETT,54
Mason,PRECINCT 21,MAGISTRATE,,,STEVE TARBETT,64
Mason,PRECINCT 22,MAGISTRATE,,,STEVE TARBETT,65
Mason,PRECINCT 23,MAGISTRATE,,,STEVE TARBETT,42
Mason,PRECINCT 24,MAGISTRATE,,,STEVE TARBETT,51
Mason,PRECINCT 25,MAGISTRATE,,,STEVE TARBETT,76
Mason,PRECINCT 26,MAGISTRATE,,,STEVE TARBETT,13
Mason,PRECINCT 27,MAGISTRATE,,,STEVE TARBETT,43
Mason,PRECINCT 28,MAGISTRATE,,,STEVE TARBETT,38
Mason,PRECINCT 29,MAGISTRATE,,,STEVE TARBETT,62
Mason,PRECINCT 30,MAGISTRATE,,,STEVE TARBETT,220
Mason,PRECINCT 1,MAGISTRATE,,,MELANIE L. SANG,42
Mason,PRECINCT 2,MAGISTRATE,,,MELANIE L. SANG,41
Mason,PRECINCT 3,MAGISTRATE,,,MELANIE L. SANG,77
Mason,PRECINCT 4,MAGISTRATE,,,MELANIE L. SANG,129
Mason,PRECINCT 5,MAGISTRATE,,,MELANIE L. SANG,94
Mason,PRECINCT 6,MAGISTRATE,,,MELANIE L. SANG,120
Mason,PRECINCT 7,MAGISTRATE,,,MELANIE L. SANG,121
Mason,PRECINCT 8,MAGISTRATE,,,MELANIE L. SANG,162
Mason,PRECINCT 9,MAGISTRATE,,,MELANIE L. SANG,181
Mason,PRECINCT 10,MAGISTRATE,,,MELANIE L. SANG,170
Mason,PRECINCT 11,MAGISTRATE,,,MELANIE L. SANG,14
Mason,PRECINCT 12,MAGISTRATE,,,MELANIE L. SANG,111
Mason,PRECINCT 13,MAGISTRATE,,,MELANIE L. SANG,218
Mason,PRECINCT 14,MAGISTRATE,,,MELANIE L. SANG,131
Mason,PRECINCT 15,MAGISTRATE,,,MELANIE L. SANG,104
Mason,PRECINCT 16,MAGISTRATE,,,MELANIE L. SANG,184
Mason,PRECINCT 17,MAGISTRATE,,,MELANIE L. SANG,157
Mason,PRECINCT 18,MAGISTRATE,,,MELANIE L. SANG,106
Mason,PRECINCT 19,MAGISTRATE,,,MELANIE L. SANG,163
Mason,PRECINCT 20,MAGISTRATE,,,MELANIE L. SANG,106
Mason,PRECINCT 21,MAGISTRATE,,,MELANIE L. SANG,148
Mason,PRECINCT 22,MAGISTRATE,,,MELANIE L. SANG,187
Mason,PRECINCT 23,MAGISTRATE,,,MELANIE L. SANG,147
Mason,PRECINCT 24,MAGISTRATE,,,MELANIE L. SANG,167
Mason,PRECINCT 25,MAGISTRATE,,,MELANIE L. SANG,259
Mason,PRECINCT 26,MAGISTRATE,,,MELANIE L. SANG,63
Mason,PRECINCT 27,MAGISTRATE,,,MELANIE L. SANG,122
Mason,PRECINCT 28,MAGISTRATE,,,MELANIE L. SANG,152
Mason,PRECINCT 29,MAGISTRATE,,,MELANIE L. SANG,173
Mason,PRECINCT 30,MAGISTRATE,,,MELANIE L. SANG,374
Mason,PRECINCT 1,REP FOR COUNTY COMMISSIONER,,REP,CHRISTOPHER 'CHRIS' JOHNSON,10
Mason,PRECINCT 2,REP FOR COUNTY COMMISSIONER,,REP,CHRISTOPHER 'CHRIS' JOHNSON,7
Mason,PRECINCT 3,REP FOR COUNTY COMMISSIONER,,REP,CHRISTOPHER 'CHRIS' JOHNSON,15
Mason,PRECINCT 4,REP FOR COUNTY COMMISSIONER,,REP,CHRISTOPHER 'CHRIS' JOHNSON,24
Mason,PRECINCT 5,REP FOR COUNTY COMMISSIONER,,REP,CHRISTOPHER 'CHRIS' JOHNSON,13
Mason,PRECINCT 6,REP FOR COUNTY COMMISSIONER,,REP,CHRISTOPHER 'CHRIS' JOHNSON,30
Mason,PRECINCT 7,REP FOR COUNTY COMMISSIONER,,REP,CHRISTOPHER 'CHRIS' JOHNSON,18
Mason,PRECINCT 8,REP FOR COUNTY COMMISSIONER,,REP,CHRISTOPHER 'CHRIS' JOHNSON,34
Mason,PRECINCT 9,REP FOR COUNTY COMMISSIONER,,REP,CHRISTOPHER 'CHRIS' JOHNSON,40
Mason,PRECINCT 10,REP FOR COUNTY COMMISSIONER,,REP,CHRISTOPHER 'CHRIS' JOHNSON,39
Mason,PRECINCT 11,REP FOR COUNTY COMMISSIONER,,REP,CHRISTOPHER 'CHRIS' JOHNSON,2
Mason,PRECINCT 12,REP FOR COUNTY COMMISSIONER,,REP,CHRISTOPHER 'CHRIS' JOHNSON,39
Mason,PRECINCT 13,REP FOR COUNTY COMMISSIONER,,REP,CHRISTOPHER 'CHRIS' JOHNSON,58
Mason,PRECINCT 14,REP FOR COUNTY COMMISSIONER,,REP,CHRISTOPHER 'CHRIS' JOHNSON,31
Mason,PRECINCT 15,REP FOR COUNTY COMMISSIONER,,REP,CHRISTOPHER 'CHRIS' JOHNSON,21
Mason,PRECINCT 16,REP FOR COUNTY COMMISSIONER,,REP,CHRISTOPHER 'CHRIS' JOHNSON,48
Mason,PRECINCT 17,REP FOR COUNTY COMMISSIONER,,REP,CHRISTOPHER 'CHRIS' JOHNSON,35
Mason,PRECINCT 18,REP FOR COUNTY COMMISSIONER,,REP,CHRISTOPHER 'CHRIS' JOHNSON,21
Mason,PRECINCT 19,REP FOR COUNTY COMMISSIONER,,REP,CHRISTOPHER 'CHRIS' JOHNSON,46
Mason,PRECINCT 20,REP FOR COUNTY COMMISSIONER,,REP,CHRISTOPHER 'CHRIS' JOHNSON,25
Mason,PRECINCT 21,REP FOR COUNTY COMMISSIONER,,REP,CHRISTOPHER 'CHRIS' JOHNSON,46
Mason,PRECINCT 22,REP FOR COUNTY COMMISSIONER,,REP,CHRISTOPHER 'CHRIS' JOHNSON,65
Mason,PRECINCT 23,REP FOR COUNTY COMMISSIONER,,REP,CHRISTOPHER 'CHRIS' JOHNSON,60
Mason,PRECINCT 24,REP FOR COUNTY COMMISSIONER,,REP,CHRISTOPHER 'CHRIS' JOHNSON,90
Mason,PRECINCT 25,REP FOR COUNTY COMMISSIONER,,REP,CHRISTOPHER 'CHRIS' JOHNSON,134
Mason,PRECINCT 26,REP FOR COUNTY COMMISSIONER,,REP,CHRISTOPHER 'CHRIS' JOHNSON,29
Mason,PRECINCT 27,REP FOR COUNTY COMMISSIONER,,REP,CHRISTOPHER 'CHRIS' JOHNSON,55
Mason,PRECINCT 28,REP FOR COUNTY COMMISSIONER,,REP,CHRISTOPHER 'CHRIS' JOHNSON,85
Mason,PRECINCT 29,REP FOR COUNTY COMMISSIONER,,REP,CHRISTOPHER 'CHRIS' JOHNSON,59
Mason,PRECINCT 30,REP FOR COUNTY COMMISSIONER,,REP,CHRISTOPHER 'CHRIS' JOHNSON,103
Mason,PRECINCT 1,REP FOR COUNTY COMMISSIONER,,REP,TRACY STURGEON DOOLITTLE,18
Mason,PRECINCT 2,REP FOR COUNTY COMMISSIONER,,REP,TRACY STURGEON DOOLITTLE,9
Mason,PRECINCT 3,REP FOR COUNTY COMMISSIONER,,REP,TRACY STURGEON DOOLITTLE,20
Mason,PRECINCT 4,REP FOR COUNTY COMMISSIONER,,REP,TRACY STURGEON DOOLITTLE,37
Mason,PRECINCT 5,REP FOR COUNTY COMMISSIONER,,REP,TRACY STURGEON DOOLITTLE,17
Mason,PRECINCT 6,REP FOR COUNTY COMMISSIONER,,REP,TRACY STURGEON DOOLITTLE,26
Mason,PRECINCT 7,REP FOR COUNTY COMMISSIONER,,REP,TRACY STURGEON DOOLITTLE,46
Mason,PRECINCT 8,REP FOR COUNTY COMMISSIONER,,REP,TRACY STURGEON DOOLITTLE,38
Mason,PRECINCT 9,REP FOR COUNTY COMMISSIONER,,REP,TRACY STURGEON DOOLITTLE,37
Mason,PRECINCT 10,REP FOR COUNTY COMMISSIONER,,REP,TRACY STURGEON DOOLITTLE,58
Mason,PRECINCT 11,REP FOR COUNTY COMMISSIONER,,REP,TRACY STURGEON DOOLITTLE,4
Mason,PRECINCT 12,REP FOR COUNTY COMMISSIONER,,REP,TRACY STURGEON DOOLITTLE,25
Mason,PRECINCT 13,REP FOR COUNTY COMMISSIONER,,REP,TRACY STURGEON DOOLITTLE,69
Mason,PRECINCT 14,REP FOR COUNTY COMMISSIONER,,REP,TRACY STURGEON DOOLITTLE,46
Mason,PRECINCT 15,REP FOR COUNTY COMMISSIONER,,REP,TRACY STURGEON DOOLITTLE,45
Mason,PRECINCT 16,REP FOR COUNTY COMMISSIONER,,REP,TRACY STURGEON DOOLITTLE,68
Mason,PRECINCT 17,REP FOR COUNTY COMMISSIONER,,REP,TRACY STURGEON DOOLITTLE,59
Mason,PRECINCT 18,REP FOR COUNTY COMMISSIONER,,REP,TRACY STURGEON DOOLITTLE,24
Mason,PRECINCT 19,REP FOR COUNTY COMMISSIONER,,REP,TRACY STURGEON DOOLITTLE,48
Mason,PRECINCT 20,REP FOR COUNTY COMMISSIONER,,REP,TRACY STURGEON DOOLITTLE,32
Mason,PRECINCT 21,REP FOR COUNTY COMMISSIONER,,REP,TRACY STURGEON DOOLITTLE,52
Mason,PRECINCT 22,REP FOR COUNTY COMMISSIONER,,REP,TRACY STURGEON DOOLITTLE,45
Mason,PRECINCT 23,REP FOR COUNTY COMMISSIONER,,REP,TRACY STURGEON DOOLITTLE,31
Mason,PRECINCT 24,REP FOR COUNTY COMMISSIONER,,REP,TRACY STURGEON DOOLITTLE,26
Mason,PRECINCT 25,REP FOR COUNTY COMMISSIONER,,REP,TRACY STURGEON DOOLITTLE,45
Mason,PRECINCT 26,REP FOR COUNTY COMMISSIONER,,REP,TRACY STURGEON DOOLITTLE,6
Mason,PRECINCT 27,REP FOR COUNTY COMMISSIONER,,REP,TRACY STURGEON DOOLITTLE,36
Mason,PRECINCT 28,REP FOR COUNTY COMMISSIONER,,REP,TRACY STURGEON DOOLITTLE,27
Mason,PRECINCT 29,REP FOR COUNTY COMMISSIONER,,REP,TRACY STURGEON DOOLITTLE,36
Mason,PRECINCT 30,REP FOR COUNTY COMMISSIONER,,REP,TRACY STURGEON DOOLITTLE,80
Mason,PRECINCT 1,REP FOR COUNTY COMMISSIONER,,REP,STORMY SEE,8
Mason,PRECINCT 2,REP FOR COUNTY COMMISSIONER,,REP,STORMY SEE,9
Mason,PRECINCT 3,REP FOR COUNTY COMMISSIONER,,REP,STORMY SEE,12
Mason,PRECINCT 4,REP FOR COUNTY COMMISSIONER,,REP,STORMY SEE,28
Mason,PRECINCT 5,REP FOR COUNTY COMMISSIONER,,REP,STORMY SEE,34
Mason,PRECINCT 6,REP FOR COUNTY COMMISSIONER,,REP,STORMY SEE,30
Mason,PRECINCT 7,REP FOR COUNTY COMMISSIONER,,REP,STORMY SEE,32
Mason,PRECINCT 8,REP FOR COUNTY COMMISSIONER,,REP,STORMY SEE,48
Mason,PRECINCT 9,REP FOR COUNTY COMMISSIONER,,REP,STORMY SEE,67
Mason,PRECINCT 10,REP FOR COUNTY COMMISSIONER,,REP,STORMY SEE,55
Mason,PRECINCT 11,REP FOR COUNTY COMMISSIONER,,REP,STORMY SEE,5
Mason,PRECINCT 12,REP FOR COUNTY COMMISSIONER,,REP,STORMY SEE,30
Mason,PRECINCT 13,REP FOR COUNTY COMMISSIONER,,REP,STORMY SEE,58
Mason,PRECINCT 14,REP FOR COUNTY COMMISSIONER,,REP,STORMY SEE,39
Mason,PRECINCT 15,REP FOR COUNTY COMMISSIONER,,REP,STORMY SEE,26
Mason,PRECINCT 16,REP FOR COUNTY COMMISSIONER,,REP,STORMY SEE,56
Mason,PRECINCT 17,REP FOR COUNTY COMMISSIONER,,REP,STORMY SEE,37
Mason,PRECINCT 18,REP FOR COUNTY COMMISSIONER,,REP,STORMY SEE,40
Mason,PRECINCT 19,REP FOR COUNTY COMMISSIONER,,REP,STORMY SEE,51
Mason,PRECINCT 20,REP FOR COUNTY COMMISSIONER,,REP,STORMY SEE,34
Mason,PRECINCT 21,REP FOR COUNTY COMMISSIONER,,REP,STORMY SEE,29
Mason,PRECINCT 22,REP FOR COUNTY COMMISSIONER,,REP,STORMY SEE,54
Mason,PRECINCT 23,REP FOR COUNTY COMMISSIONER,,REP,STORMY SEE,29
Mason,PRECINCT 24,REP FOR COUNTY COMMISSIONER,,REP,STORMY SEE,21
Mason,PRECINCT 25,REP FOR COUNTY COMMISSIONER,,REP,STORMY SEE,25
Mason,PRECINCT 26,REP FOR COUNTY COMMISSIONER,,REP,STORMY SEE,8
Mason,PRECINCT 27,REP FOR COUNTY COMMISSIONER,,REP,STORMY SEE,15
Mason,PRECINCT 28,REP FOR COUNTY COMMISSIONER,,REP,STORMY SEE,23
Mason,PRECINCT 29,REP FOR COUNTY COMMISSIONER,,REP,STORMY SEE,36
Mason,PRECINCT 30,REP FOR COUNTY COMMISSIONER,,REP,STORMY SEE,114
Mason,PRECINCT 1,DEM FOR COUNTY COMMISSIONER,,DEM,JASON SCHULTZ,10
Mason,PRECINCT 2,DEM FOR COUNTY COMMISSIONER,,DEM,JASON SCHULTZ,14
Mason,PRECINCT 3,DEM FOR COUNTY COMMISSIONER,,DEM,JASON SCHULTZ,31
Mason,PRECINCT 4,DEM FOR COUNTY COMMISSIONER,,DEM,JASON SCHULTZ,44
Mason,PRECINCT 5,DEM FOR COUNTY COMMISSIONER,,DEM,JASON SCHULTZ,29
Mason,PRECINCT 6,DEM FOR COUNTY COMMISSIONER,,DEM,JASON SCHULTZ,31
Mason,PRECINCT 7,DEM FOR COUNTY COMMISSIONER,,DEM,JASON SCHULTZ,40
Mason,PRECINCT 8,DEM FOR COUNTY COMMISSIONER,,DEM,JASON SCHULTZ,54
Mason,PRECINCT 9,DEM FOR COUNTY COMMISSIONER,,DEM,JASON SCHULTZ,52
Mason,PRECINCT 10,DEM FOR COUNTY COMMISSIONER,,DEM,JASON SCHULTZ,51
Mason,PRECINCT 11,DEM FOR COUNTY COMMISSIONER,,DEM,JASON SCHULTZ,6
Mason,PRECINCT 12,DEM FOR COUNTY COMMISSIONER,,DEM,JASON SCHULTZ,23
Mason,PRECINCT 13,DEM FOR COUNTY COMMISSIONER,,DEM,JASON SCHULTZ,43
Mason,PRECINCT 14,DEM FOR COUNTY COMMISSIONER,,DEM,JASON SCHULTZ,33
Mason,PRECINCT 15,DEM FOR COUNTY COMMISSIONER,,DEM,JASON SCHULTZ,32
Mason,PRECINCT 16,DEM FOR COUNTY COMMISSIONER,,DEM,JASON SCHULTZ,40
Mason,PRECINCT 17,DEM FOR COUNTY COMMISSIONER,,DEM,JASON SCHULTZ,37
Mason,PRECINCT 18,DEM FOR COUNTY COMMISSIONER,,DEM,JASON SCHULTZ,39
Mason,PRECINCT 19,DEM FOR COUNTY COMMISSIONER,,DEM,JASON SCHULTZ,37
Mason,PRECINCT 20,DEM FOR COUNTY COMMISSIONER,,DEM,JASON SCHULTZ,32
Mason,PRECINCT 21,DEM FOR COUNTY COMMISSIONER,,DEM,JASON SCHULTZ,25
Mason,PRECINCT 22,DEM FOR COUNTY COMMISSIONER,,DEM,JASON SCHULTZ,41
Mason,PRECINCT 23,DEM FOR COUNTY COMMISSIONER,,DEM,JASON SCHULTZ,38
Mason,PRECINCT 24,DEM FOR COUNTY COMMISSIONER,,DEM,JASON SCHULTZ,53
Mason,PRECINCT 25,DEM FOR COUNTY COMMISSIONER,,DEM,JASON SCHULTZ,75
Mason,PRECINCT 26,DEM FOR COUNTY COMMISSIONER,,DEM,JASON SCHULTZ,25
Mason,PRECINCT 27,DEM FOR COUNTY COMMISSIONER,,DEM,JASON SCHULTZ,32
Mason,PRECINCT 28,DEM FOR COUNTY COMMISSIONER,,DEM,JASON SCHULTZ,42
Mason,PRECINCT 29,DEM FOR COUNTY COMMISSIONER,,DEM,JASON SCHULTZ,45
Mason,PRECINCT 30,DEM FOR COUNTY COMMISSIONER,,DEM,JASON SCHULTZ,98
Mason,PRECINCT 1,MTN FOR COUNTY COMMISSIONER,,MTN,NO CANDIDATE FILED,0
Mason,PRECINCT 2,MTN FOR COUNTY COMMISSIONER,,MTN,NO CANDIDATE FILED,0
Mason,PRECINCT 3,MTN FOR COUNTY COMMISSIONER,,MTN,NO CANDIDATE FILED,0
Mason,PRECINCT 4,MTN FOR COUNTY COMMISSIONER,,MTN,NO CANDIDATE FILED,0
Mason,PRECINCT 5,MTN FOR COUNTY COMMISSIONER,,MTN,NO CANDIDATE FILED,0
Mason,PRECINCT 6,MTN FOR COUNTY COMMISSIONER,,MTN,NO CANDIDATE FILED,0
Mason,PRECINCT 7,MTN FOR COUNTY COMMISSIONER,,MTN,NO CANDIDATE FILED,0
Mason,PRECINCT 8,MTN FOR COUNTY COMMISSIONER,,MTN,NO CANDIDATE FILED,0
Mason,PRECINCT 9,MTN FOR COUNTY COMMISSIONER,,MTN,NO CANDIDATE FILED,0
Mason,PRECINCT 10,MTN FOR COUNTY COMMISSIONER,,MTN,NO CANDIDATE FILED,0
Mason,PRECINCT 11,MTN FOR COUNTY COMMISSIONER,,MTN,NO CANDIDATE FILED,0
Mason,PRECINCT 12,MTN FOR COUNTY COMMISSIONER,,MTN,NO CANDIDATE FILED,0
Mason,PRECINCT 13,MTN FOR COUNTY COMMISSIONER,,MTN,NO CANDIDATE FILED,0
Mason,PRECINCT 14,MTN FOR COUNTY COMMISSIONER,,MTN,NO CANDIDATE FILED,0
Mason,PRECINCT 15,MTN FOR COUNTY COMMISSIONER,,MTN,NO CANDIDATE FILED,0
Mason,PRECINCT 16,MTN FOR COUNTY COMMISSIONER,,MTN,NO CANDIDATE FILED,0
Mason,PRECINCT 17,MTN FOR COUNTY COMMISSIONER,,MTN,NO CANDIDATE FILED,0
Mason,PRECINCT 18,MTN FOR COUNTY COMMISSIONER,,MTN,NO CANDIDATE FILED,0
Mason,PRECINCT 19,MTN FOR COUNTY COMMISSIONER,,MTN,NO CANDIDATE FILED,0
Mason,PRECINCT 20,MTN FOR COUNTY COMMISSIONER,,MTN,NO CANDIDATE FILED,0
Mason,PRECINCT 21,MTN FOR COUNTY COMMISSIONER,,MTN,NO CANDIDATE FILED,0
Mason,PRECINCT 22,MTN FOR COUNTY COMMISSIONER,,MTN,NO CANDIDATE FILED,0
Mason,PRECINCT 23,MTN FOR COUNTY COMMISSIONER,,MTN,NO CANDIDATE FILED,0
Mason,PRECINCT 24,MTN FOR COUNTY COMMISSIONER,,MTN,NO CANDIDATE FILED,0
Mason,PRECINCT 25,MTN FOR COUNTY COMMISSIONER,,MTN,NO CANDIDATE FILED,0
Mason,PRECINCT 26,MTN FOR COUNTY COMMISSIONER,,MTN,NO CANDIDATE FILED,0
Mason,PRECINCT 27,MTN FOR COUNTY COMMISSIONER,,MTN,NO CANDIDATE FILED,0
Mason,PRECINCT 28,MTN FOR COUNTY COMMISSIONER,,MTN,NO CANDIDATE FILED,0
Mason,PRECINCT 29,MTN FOR COUNTY COMMISSIONER,,MTN,NO CANDIDATE FILED,0
Mason,PRECINCT 30,MTN FOR COUNTY COMMISSIONER,,MTN,NO CANDIDATE FILED,0
Mason,PRECINCT 1,REP FOR PROSECUTING ATTORNEY,,REP,SETH GASKINS,31
Mason,PRECINCT 2,REP FOR PROSECUTING ATTORNEY,,REP,SETH GASKINS,21
Mason,PRECINCT 3,REP FOR PROSECUTING ATTORNEY,,REP,SETH GASKINS,42
Mason,PRECINCT 4,REP FOR PROSECUTING ATTORNEY,,REP,SETH GASKINS,81
Mason,PRECINCT 5,REP FOR PROSECUTING ATTORNEY,,REP,SETH GASKINS,51
Mason,PRECINCT 6,REP FOR PROSECUTING ATTORNEY,,REP,SETH GASKINS,73
Mason,PRECINCT 7,REP FOR PROSECUTING ATTORNEY,,REP,SETH GASKINS,82
Mason,PRECINCT 8,REP FOR PROSECUTING ATTORNEY,,REP,SETH GASKINS,96
Mason,PRECINCT 9,REP FOR PROSECUTING ATTORNEY,,REP,SETH GASKINS,129
Mason,PRECINCT 10,REP FOR PROSECUTING ATTORNEY,,REP,SETH GASKINS,114
Mason,PRECINCT 11,REP FOR PROSECUTING ATTORNEY,,REP,SETH GASKINS,10
Mason,PRECINCT 12,REP FOR PROSECUTING ATTORNEY,,REP,SETH GASKINS,78
Mason,PRECINCT 13,REP FOR PROSECUTING ATTORNEY,,REP,SETH GASKINS,148
Mason,PRECINCT 14,REP FOR PROSECUTING ATTORNEY,,REP,SETH GASKINS,100
Mason,PRECINCT 15,REP FOR PROSECUTING ATTORNEY,,REP,SETH GASKINS,69
Mason,PRECINCT 16,REP FOR PROSECUTING ATTORNEY,,REP,SETH GASKINS,145
Mason,PRECINCT 17,REP FOR PROSECUTING ATTORNEY,,REP,SETH GASKINS,111
Mason,PRECINCT 18,REP FOR PROSECUTING ATTORNEY,,REP,SETH GASKINS,64
Mason,PRECINCT 19,REP FOR PROSECUTING ATTORNEY,,REP,SETH GASKINS,124
Mason,PRECINCT 20,REP FOR PROSECUTING ATTORNEY,,REP,SETH GASKINS,71
Mason,PRECINCT 21,REP FOR PROSECUTING ATTORNEY,,REP,SETH GASKINS,115
Mason,PRECINCT 22,REP FOR PROSECUTING ATTORNEY,,REP,SETH GASKINS,136
Mason,PRECINCT 23,REP FOR PROSECUTING ATTORNEY,,REP,SETH GASKINS,104
Mason,PRECINCT 24,REP FOR PROSECUTING ATTORNEY,,REP,SETH GASKINS,112
Mason,PRECINCT 25,REP FOR PROSECUTING ATTORNEY,,REP,SETH GASKINS,162
Mason,PRECINCT 26,REP FOR PROSECUTING ATTORNEY,,REP,SETH GASKINS,32
Mason,PRECINCT 27,REP FOR PROSECUTING ATTORNEY,,REP,SETH GASKINS,89
Mason,PRECINCT 28,REP FOR PROSECUTING ATTORNEY,,REP,SETH GASKINS,104
Mason,PRECINCT 29,REP FOR PROSECUTING ATTORNEY,,REP,SETH GASKINS,113
Mason,PRECINCT 30,REP FOR PROSECUTING ATTORNEY,,REP,SETH GASKINS,260
Mason,PRECINCT 1,DEM FOR PROSECUTING ATTORNEY,,DEM,NO CANDIDATE FILED,0
Mason,PRECINCT 2,DEM FOR PROSECUTING ATTORNEY,,DEM,NO CANDIDATE FILED,0
Mason,PRECINCT 3,DEM FOR PROSECUTING ATTORNEY,,DEM,NO CANDIDATE FILED,0
Mason,PRECINCT 4,DEM FOR PROSECUTING ATTORNEY,,DEM,NO CANDIDATE FILED,0
Mason,PRECINCT 5,DEM FOR PROSECUTING ATTORNEY,,DEM,NO CANDIDATE FILED,0
Mason,PRECINCT 6,DEM FOR PROSECUTING ATTORNEY,,DEM,NO CANDIDATE FILED,0
Mason,PRECINCT 7,DEM FOR PROSECUTING ATTORNEY,,DEM,NO CANDIDATE FILED,0
Mason,PRECINCT 8,DEM FOR PROSECUTING ATTORNEY,,DEM,NO CANDIDATE FILED,0
Mason,PRECINCT 9,DEM FOR PROSECUTING ATTORNEY,,DEM,NO CANDIDATE FILED,0
Mason,PRECINCT 10,DEM FOR PROSECUTING ATTORNEY,,DEM,NO CANDIDATE FILED,0
Mason,PRECINCT 11,DEM FOR PROSECUTING ATTORNEY,,DEM,NO CANDIDATE FILED,0
Mason,PRECINCT 12,DEM FOR PROSECUTING ATTORNEY,,DEM,NO CANDIDATE FILED,0
Mason,PRECINCT 13,DEM FOR PROSECUTING ATTORNEY,,DEM,NO CANDIDATE FILED,0
Mason,PRECINCT 14,DEM FOR PROSECUTING ATTORNEY,,DEM,NO CANDIDATE FILED,0
Mason,PRECINCT 15,DEM FOR PROSECUTING ATTORNEY,,DEM,NO CANDIDATE FILED,0
Mason,PRECINCT 16,DEM FOR PROSECUTING ATTORNEY,,DEM,NO CANDIDATE FILED,0
Mason,PRECINCT 17,DEM FOR PROSECUTING ATTORNEY,,DEM,NO CANDIDATE FILED,0
Mason,PRECINCT 18,DEM FOR PROSECUTING ATTORNEY,,DEM,NO CANDIDATE FILED,0
Mason,PRECINCT 19,DEM FOR PROSECUTING ATTORNEY,,DEM,NO CANDIDATE FILED,0
Mason,PRECINCT 20,DEM FOR PROSECUTING ATTORNEY,,DEM,NO CANDIDATE FILED,0
Mason,PRECINCT 21,DEM FOR PROSECUTING ATTORNEY,,DEM,NO CANDIDATE FILED,0
Mason,PRECINCT 22,DEM FOR PROSECUTING ATTORNEY,,DEM,NO CANDIDATE FILED,0
Mason,PRECINCT 23,DEM FOR PROSECUTING ATTORNEY,,DEM,NO CANDIDATE FILED,0
Mason,PRECINCT 24,DEM FOR PROSECUTING ATTORNEY,,DEM,NO CANDIDATE FILED,0
Mason,PRECINCT 25,DEM FOR PROSECUTING ATTORNEY,,DEM,NO CANDIDATE FILED,0
Mason,PRECINCT 26,DEM FOR PROSECUTING ATTORNEY,,DEM,NO CANDIDATE FILED,0
Mason,PRECINCT 27,DEM FOR PROSECUTING ATTORNEY,,DEM,NO CANDIDATE FILED,0
Mason,PRECINCT 28,DEM FOR PROSECUTING ATTORNEY,,DEM,NO CANDIDATE FILED,0
Mason,PRECINCT 29,DEM FOR PROSECUTING ATTORNEY,,DEM,NO CANDIDATE FILED,0
Mason,PRECINCT 30,DEM FOR PROSECUTING ATTORNEY,,DEM,NO CANDIDATE FILED,0
Mason,PRECINCT 1,MTN FOR PROSECUTING ATTORNEY,,MTN,NO CANDIDATE FILED,0
Mason,PRECINCT 2,MTN FOR PROSECUTING ATTORNEY,,MTN,NO CANDIDATE FILED,0
Mason,PRECINCT 3,MTN FOR PROSECUTING ATTORNEY,,MTN,NO CANDIDATE FILED,0
Mason,PRECINCT 4,MTN FOR PROSECUTING ATTORNEY,,MTN,NO CANDIDATE FILED,0
Mason,PRECINCT 5,MTN FOR PROSECUTING ATTORNEY,,MTN,NO CANDIDATE FILED,0
Mason,PRECINCT 6,MTN FOR PROSECUTING ATTORNEY,,MTN,NO CANDIDATE FILED,0
Mason,PRECINCT 7,MTN FOR PROSECUTING ATTORNEY,,MTN,NO CANDIDATE FILED,0
Mason,PRECINCT 8,MTN FOR PROSECUTING ATTORNEY,,MTN,NO CANDIDATE FILED,0
Mason,PRECINCT 9,MTN FOR PROSECUTING ATTORNEY,,MTN,NO CANDIDATE FILED,0
Mason,PRECINCT 10,MTN FOR PROSECUTING ATTORNEY,,MTN,NO CANDIDATE FILED,0
Mason,PRECINCT 11,MTN FOR PROSECUTING ATTORNEY,,MTN,NO CANDIDATE FILED,0
Mason,PRECINCT 12,MTN FOR PROSECUTING ATTORNEY,,MTN,NO CANDIDATE FILED,0
Mason,PRECINCT 13,MTN FOR PROSECUTING ATTORNEY,,MTN,NO CANDIDATE FILED,0
Mason,PRECINCT 14,MTN FOR PROSECUTING ATTORNEY,,MTN,NO CANDIDATE FILED,0
Mason,PRECINCT 15,MTN FOR PROSECUTING ATTORNEY,,MTN,NO CANDIDATE FILED,0
Mason,PRECINCT 16,MTN FOR PROSECUTING ATTORNEY,,MTN,NO CANDIDATE FILED,0
Mason,PRECINCT 17,MTN FOR PROSECUTING ATTORNEY,,MTN,NO CANDIDATE FILED,0
Mason,PRECINCT 18,MTN FOR PROSECUTING ATTORNEY,,MTN,NO CANDIDATE FILED,0
Mason,PRECINCT 19,MTN FOR PROSECUTING ATTORNEY,,MTN,NO CANDIDATE FILED,0
Mason,PRECINCT 20,MTN FOR PROSECUTING ATTORNEY,,MTN,NO CANDIDATE FILED,0
Mason,PRECINCT 21,MTN FOR PROSECUTING ATTORNEY,,MTN,NO CANDIDATE FILED,0
Mason,PRECINCT 22,MTN FOR PROSECUTING ATTORNEY,,MTN,NO CANDIDATE FILED,0
Mason,PRECINCT 23,MTN FOR PROSECUTING ATTORNEY,,MTN,NO CANDIDATE FILED,0
Mason,PRECINCT 24,MTN FOR PROSECUTING ATTORNEY,,MTN,NO CANDIDATE FILED,0
Mason,PRECINCT 25,MTN FOR PROSECUTING ATTORNEY,,MTN,NO CANDIDATE FILED,0
Mason,PRECINCT 26,MTN FOR PROSECUTING ATTORNEY,,MTN,NO CANDIDATE FILED,0
Mason,PRECINCT 27,MTN FOR PROSECUTING ATTORNEY,,MTN,NO CANDIDATE FILED,0
Mason,PRECINCT 28,MTN FOR PROSECUTING ATTORNEY,,MTN,NO CANDIDATE FILED,0
Mason,PRECINCT 29,MTN FOR PROSECUTING ATTORNEY,,MTN,NO CANDIDATE FILED,0
Mason,PRECINCT 30,MTN FOR PROSECUTING ATTORNEY,,MTN,NO CANDIDATE FILED,0
Mason,PRECINCT 1,REP FOR SHERIFF,,REP,COREY J. MILLER,32
Mason,PRECINCT 2,REP FOR SHERIFF,,REP,COREY J. MILLER,24
Mason,PRECINCT 3,REP FOR SHERIFF,,REP,COREY J. MILLER,43
Mason,PRECINCT 4,REP FOR SHERIFF,,REP,COREY J. MILLER,85
Mason,PRECINCT 5,REP FOR SHERIFF,,REP,COREY J. MILLER,58
Mason,PRECINCT 6,REP FOR SHERIFF,,REP,COREY J. MILLER,77
Mason,PRECINCT 7,REP FOR SHERIFF,,REP,COREY J. MILLER,88
Mason,PRECINCT 8,REP FOR SHERIFF,,REP,COREY J. MILLER,108
Mason,PRECINCT 9,REP FOR SHERIFF,,REP,COREY J. MILLER,135
Mason,PRECINCT 10,REP FOR SHERIFF,,REP,COREY J. MILLER,124
Mason,PRECINCT 11,REP FOR SHERIFF,,REP,COREY J. MILLER,10
Mason,PRECINCT 12,REP FOR SHERIFF,,REP,COREY J. MILLER,83
Mason,PRECINCT 13,REP FOR SHERIFF,,REP,COREY J. MILLER,167
Mason,PRECINCT 14,REP FOR SHERIFF,,REP,COREY J. MILLER,107
Mason,PRECINCT 15,REP FOR SHERIFF,,REP,COREY J. MILLER,79
Mason,PRECINCT 16,REP FOR SHERIFF,,REP,COREY J. MILLER,152
Mason,PRECINCT 17,REP FOR SHERIFF,,REP,COREY J. MILLER,119
Mason,PRECINCT 18,REP FOR SHERIFF,,REP,COREY J. MILLER,76
Mason,PRECINCT 19,REP FOR SHERIFF,,REP,COREY J. MILLER,138
Mason,PRECINCT 20,REP FOR SHERIFF,,REP,COREY J. MILLER,77
Mason,PRECINCT 21,REP FOR SHERIFF,,REP,COREY J. MILLER,123
Mason,PRECINCT 22,REP FOR SHERIFF,,REP,COREY J. MILLER,142
Mason,PRECINCT 23,REP FOR SHERIFF,,REP,COREY J. MILLER,115
Mason,PRECINCT 24,REP FOR SHERIFF,,REP,COREY J. MILLER,124
Mason,PRECINCT 25,REP FOR SHERIFF,,REP,COREY J. MILLER,183
Mason,PRECINCT 26,REP FOR SHERIFF,,REP,COREY J. MILLER,35
Mason,PRECINCT 27,REP FOR SHERIFF,,REP,COREY J. MILLER,94
Mason,PRECINCT 28,REP FOR SHERIFF,,REP,COREY J. MILLER,119
Mason,PRECINCT 29,REP FOR SHERIFF,,REP,COREY J. MILLER,124
Mason,PRECINCT 30,REP FOR SHERIFF,,REP,COREY J. MILLER,275
Mason,PRECINCT 1,DEM FOR SHERIFF,,DEM,NO CANDIDATE FILED,0
Mason,PRECINCT 2,DEM FOR SHERIFF,,DEM,NO CANDIDATE FILED,0
Mason,PRECINCT 3,DEM FOR SHERIFF,,DEM,NO CANDIDATE FILED,0
Mason,PRECINCT 4,DEM FOR SHERIFF,,DEM,NO CANDIDATE FILED,0
Mason,PRECINCT 5,DEM FOR SHERIFF,,DEM,NO CANDIDATE FILED,0
Mason,PRECINCT 6,DEM FOR SHERIFF,,DEM,NO CANDIDATE FILED,0
Mason,PRECINCT 7,DEM FOR SHERIFF,,DEM,NO CANDIDATE FILED,0
Mason,PRECINCT 8,DEM FOR SHERIFF,,DEM,NO CANDIDATE FILED,0
Mason,PRECINCT 9,DEM FOR SHERIFF,,DEM,NO CANDIDATE FILED,0
Mason,PRECINCT 10,DEM FOR SHERIFF,,DEM,NO CANDIDATE FILED,0
Mason,PRECINCT 11,DEM FOR SHERIFF,,DEM,NO CANDIDATE FILED,0
Mason,PRECINCT 12,DEM FOR SHERIFF,,DEM,NO CANDIDATE FILED,0
Mason,PRECINCT 13,DEM FOR SHERIFF,,DEM,NO CANDIDATE FILED,0
Mason,PRECINCT 14,DEM FOR SHERIFF,,DEM,NO CANDIDATE FILED,0
Mason,PRECINCT 15,DEM FOR SHERIFF,,DEM,NO CANDIDATE FILED,0
Mason,PRECINCT 16,DEM FOR SHERIFF,,DEM,NO CANDIDATE FILED,0
Mason,PRECINCT 17,DEM FOR SHERIFF,,DEM,NO CANDIDATE FILED,0
Mason,PRECINCT 18,DEM FOR SHERIFF,,DEM,NO CANDIDATE FILED,0
Mason,PRECINCT 19,DEM FOR SHERIFF,,DEM,NO CANDIDATE FILED,0
Mason,PRECINCT 20,DEM FOR SHERIFF,,DEM,NO CANDIDATE FILED,0
Mason,PRECINCT 21,DEM FOR SHERIFF,,DEM,NO CANDIDATE FILED,0
Mason,PRECINCT 22,DEM FOR SHERIFF,,DEM,NO CANDIDATE FILED,0
Mason,PRECINCT 23,DEM FOR SHERIFF,,DEM,NO CANDIDATE FILED,0
Mason,PRECINCT 24,DEM FOR SHERIFF,,DEM,NO CANDIDATE FILED,0
Mason,PRECINCT 25,DEM FOR SHERIFF,,DEM,NO CANDIDATE FILED,0
Mason,PRECINCT 26,DEM FOR SHERIFF,,DEM,NO CANDIDATE FILED,0
Mason,PRECINCT 27,DEM FOR SHERIFF,,DEM,NO CANDIDATE FILED,0
Mason,PRECINCT 28,DEM FOR SHERIFF,,DEM,NO CANDIDATE FILED,0
Mason,PRECINCT 29,DEM FOR SHERIFF,,DEM,NO CANDIDATE FILED,0
Mason,PRECINCT 30,DEM FOR SHERIFF,,DEM,NO CANDIDATE FILED,0
Mason,PRECINCT 1,MTN FOR SHERIFF,,MTN,NO CANDIDATE FILED,0
Mason,PRECINCT 2,MTN FOR SHERIFF,,MTN,NO CANDIDATE FILED,0
Mason,PRECINCT 3,MTN FOR SHERIFF,,MTN,NO CANDIDATE FILED,0
Mason,PRECINCT 4,MTN FOR SHERIFF,,MTN,NO CANDIDATE FILED,0
Mason,PRECINCT 5,MTN FOR SHERIFF,,MTN,NO CANDIDATE FILED,0
Mason,PRECINCT 6,MTN FOR SHERIFF,,MTN,NO CANDIDATE FILED,0
Mason,PRECINCT 7,MTN FOR SHERIFF,,MTN,NO CANDIDATE FILED,0
Mason,PRECINCT 8,MTN FOR SHERIFF,,MTN,NO CANDIDATE FILED,0
Mason,PRECINCT 9,MTN FOR SHERIFF,,MTN,NO CANDIDATE FILED,0
Mason,PRECINCT 10,MTN FOR SHERIFF,,MTN,NO CANDIDATE FILED,0
Mason,PRECINCT 11,MTN FOR SHERIFF,,MTN,NO CANDIDATE FILED,0
Mason,PRECINCT 12,MTN FOR SHERIFF,,MTN,NO CANDIDATE FILED,0
Mason,PRECINCT 13,MTN FOR SHERIFF,,MTN,NO CANDIDATE FILED,0
Mason,PRECINCT 14,MTN FOR SHERIFF,,MTN,NO CANDIDATE FILED,0
Mason,PRECINCT 15,MTN FOR SHERIFF,,MTN,NO CANDIDATE FILED,0
Mason,PRECINCT 16,MTN FOR SHERIFF,,MTN,NO CANDIDATE FILED,0
Mason,PRECINCT 17,MTN FOR SHERIFF,,MTN,NO CANDIDATE FILED,0
Mason,PRECINCT 18,MTN FOR SHERIFF,,MTN,NO CANDIDATE FILED,0
Mason,PRECINCT 19,MTN FOR SHERIFF,,MTN,NO CANDIDATE FILED,0
Mason,PRECINCT 20,MTN FOR SHERIFF,,MTN,NO CANDIDATE FILED,0
Mason,PRECINCT 21,MTN FOR SHERIFF,,MTN,NO CANDIDATE FILED,0
Mason,PRECINCT 22,MTN FOR SHERIFF,,MTN,NO CANDIDATE FILED,0
Mason,PRECINCT 23,MTN FOR SHERIFF,,MTN,NO CANDIDATE FILED,0
Mason,PRECINCT 24,MTN FOR SHERIFF,,MTN,NO CANDIDATE FILED,0
Mason,PRECINCT 25,MTN FOR SHERIFF,,MTN,NO CANDIDATE FILED,0
Mason,PRECINCT 26,MTN FOR SHERIFF,,MTN,NO CANDIDATE FILED,0
Mason,PRECINCT 27,MTN FOR SHERIFF,,MTN,NO CANDIDATE FILED,0
Mason,PRECINCT 28,MTN FOR SHERIFF,,MTN,NO CANDIDATE FILED,0
Mason,PRECINCT 29,MTN FOR SHERIFF,,MTN,NO CANDIDATE FILED,0
Mason,PRECINCT 30,MTN FOR SHERIFF,,MTN,NO CANDIDATE FILED,0
Mason,PRECINCT 1,REP FOR ASSESSOR,,REP,AIMEE J DUNCAN,32
Mason,PRECINCT 2,REP FOR ASSESSOR,,REP,AIMEE J DUNCAN,23
Mason,PRECINCT 3,REP FOR ASSESSOR,,REP,AIMEE J DUNCAN,40
Mason,PRECINCT 4,REP FOR ASSESSOR,,REP,AIMEE J DUNCAN,83
Mason,PRECINCT 5,REP FOR ASSESSOR,,REP,AIMEE J DUNCAN,55
Mason,PRECINCT 6,REP FOR ASSESSOR,,REP,AIMEE J DUNCAN,79
Mason,PRECINCT 7,REP FOR ASSESSOR,,REP,AIMEE J DUNCAN,85
Mason,PRECINCT 8,REP FOR ASSESSOR,,REP,AIMEE J DUNCAN,97
Mason,PRECINCT 9,REP FOR ASSESSOR,,REP,AIMEE J DUNCAN,131
Mason,PRECINCT 10,REP FOR ASSESSOR,,REP,AIMEE J DUNCAN,120
Mason,PRECINCT 11,REP FOR ASSESSOR,,REP,AIMEE J DUNCAN,11
Mason,PRECINCT 12,REP FOR ASSESSOR,,REP,AIMEE J DUNCAN,84
Mason,PRECINCT 13,REP FOR ASSESSOR,,REP,AIMEE J DUNCAN,172
Mason,PRECINCT 14,REP FOR ASSESSOR,,REP,AIMEE J DUNCAN,109
Mason,PRECINCT 15,REP FOR ASSESSOR,,REP,AIMEE J DUNCAN,73
Mason,PRECINCT 16,REP FOR ASSESSOR,,REP,AIMEE J DUNCAN,155
Mason,PRECINCT 17,REP FOR ASSESSOR,,REP,AIMEE J DUNCAN,123
Mason,PRECINCT 18,REP FOR ASSESSOR,,REP,AIMEE J DUNCAN,78
Mason,PRECINCT 19,REP FOR ASSESSOR,,REP,AIMEE J DUNCAN,131
Mason,PRECINCT 20,REP FOR ASSESSOR,,REP,AIMEE J DUNCAN,77
Mason,PRECINCT 21,REP FOR ASSESSOR,,REP,AIMEE J DUNCAN,119
Mason,PRECINCT 22,REP FOR ASSESSOR,,REP,AIMEE J DUNCAN,144
Mason,PRECINCT 23,REP FOR ASSESSOR,,REP,AIMEE J DUNCAN,111
Mason,PRECINCT 24,REP FOR ASSESSOR,,REP,AIMEE J DUNCAN,115
Mason,PRECINCT 25,REP FOR ASSESSOR,,REP,AIMEE J DUNCAN,176
Mason,PRECINCT 26,REP FOR ASSESSOR,,REP,AIMEE J DUNCAN,33
Mason,PRECINCT 27,REP FOR ASSESSOR,,REP,AIMEE J DUNCAN,85
Mason,PRECINCT 28,REP FOR ASSESSOR,,REP,AIMEE J DUNCAN,104
Mason,PRECINCT 29,REP FOR ASSESSOR,,REP,AIMEE J DUNCAN,121
Mason,PRECINCT 30,REP FOR ASSESSOR,,REP,AIMEE J DUNCAN,262
Mason,PRECINCT 1,DEM FOR ASSESSOR,,DEM,SEAN M. CULLEN,8
Mason,PRECINCT 2,DEM FOR ASSESSOR,,DEM,SEAN M. CULLEN,13
Mason,PRECINCT 3,DEM FOR ASSESSOR,,DEM,SEAN M. CULLEN,29
Mason,PRECINCT 4,DEM FOR ASSESSOR,,DEM,SEAN M. CULLEN,43
Mason,PRECINCT 5,DEM FOR ASSESSOR,,DEM,SEAN M. CULLEN,27
Mason,PRECINCT 6,DEM FOR ASSESSOR,,DEM,SEAN M. CULLEN,31
Mason,PRECINCT 7,DEM FOR ASSESSOR,,DEM,SEAN M. CULLEN,39
Mason,PRECINCT 8,DEM FOR ASSESSOR,,DEM,SEAN M. CULLEN,49
Mason,PRECINCT 9,DEM FOR ASSESSOR,,DEM,SEAN M. CULLEN,49
Mason,PRECINCT 10,DEM FOR ASSESSOR,,DEM,SEAN M. CULLEN,50
Mason,PRECINCT 11,DEM FOR ASSESSOR,,DEM,SEAN M. CULLEN,5
Mason,PRECINCT 12,DEM FOR ASSESSOR,,DEM,SEAN M. CULLEN,24
Mason,PRECINCT 13,DEM FOR ASSESSOR,,DEM,SEAN M. CULLEN,43
Mason,PRECINCT 14,DEM FOR ASSESSOR,,DEM,SEAN M. CULLEN,29
Mason,PRECINCT 15,DEM FOR ASSESSOR,,DEM,SEAN M. CULLEN,29
Mason,PRECINCT 16,DEM FOR ASSESSOR,,DEM,SEAN M. CULLEN,33
Mason,PRECINCT 17,DEM FOR ASSESSOR,,DEM,SEAN M. CULLEN,37
Mason,PRECINCT 18,DEM FOR ASSESSOR,,DEM,SEAN M. CULLEN,38
Mason,PRECINCT 19,DEM FOR ASSESSOR,,DEM,SEAN M. CULLEN,35
Mason,PRECINCT 20,DEM FOR ASSESSOR,,DEM,SEAN M. CULLEN,33
Mason,PRECINCT 21,DEM FOR ASSESSOR,,DEM,SEAN M. CULLEN,30
Mason,PRECINCT 22,DEM FOR ASSESSOR,,DEM,SEAN M. CULLEN,46
Mason,PRECINCT 23,DEM FOR ASSESSOR,,DEM,SEAN M. CULLEN,40
Mason,PRECINCT 24,DEM FOR ASSESSOR,,DEM,SEAN M. CULLEN,51
Mason,PRECINCT 25,DEM FOR ASSESSOR,,DEM,SEAN M. CULLEN,79
Mason,PRECINCT 26,DEM FOR ASSESSOR,,DEM,SEAN M. CULLEN,25
Mason,PRECINCT 27,DEM FOR ASSESSOR,,DEM,SEAN M. CULLEN,31
Mason,PRECINCT 28,DEM FOR ASSESSOR,,DEM,SEAN M. CULLEN,43
Mason,PRECINCT 29,DEM FOR ASSESSOR,,DEM,SEAN M. CULLEN,43
Mason,PRECINCT 30,DEM FOR ASSESSOR,,DEM,SEAN M. CULLEN,98
Mason,PRECINCT 1,MTN FOR ASSESSOR,,MTN,NO CANDIDATE FILED,0
Mason,PRECINCT 2,MTN FOR ASSESSOR,,MTN,NO CANDIDATE FILED,0
Mason,PRECINCT 3,MTN FOR ASSESSOR,,MTN,NO CANDIDATE FILED,0
Mason,PRECINCT 4,MTN FOR ASSESSOR,,MTN,NO CANDIDATE FILED,0
Mason,PRECINCT 5,MTN FOR ASSESSOR,,MTN,NO CANDIDATE FILED,0
Mason,PRECINCT 6,MTN FOR ASSESSOR,,MTN,NO CANDIDATE FILED,0
Mason,PRECINCT 7,MTN FOR ASSESSOR,,MTN,NO CANDIDATE FILED,0
Mason,PRECINCT 8,MTN FOR ASSESSOR,,MTN,NO CANDIDATE FILED,0
Mason,PRECINCT 9,MTN FOR ASSESSOR,,MTN,NO CANDIDATE FILED,0
Mason,PRECINCT 10,MTN FOR ASSESSOR,,MTN,NO CANDIDATE FILED,0
Mason,PRECINCT 11,MTN FOR ASSESSOR,,MTN,NO CANDIDATE FILED,0
Mason,PRECINCT 12,MTN FOR ASSESSOR,,MTN,NO CANDIDATE FILED,0
Mason,PRECINCT 13,MTN FOR ASSESSOR,,MTN,NO CANDIDATE FILED,0
Mason,PRECINCT 14,MTN FOR ASSESSOR,,MTN,NO CANDIDATE FILED,0
Mason,PRECINCT 15,MTN FOR ASSESSOR,,MTN,NO CANDIDATE FILED,0
Mason,PRECINCT 16,MTN FOR ASSESSOR,,MTN,NO CANDIDATE FILED,0
Mason,PRECINCT 17,MTN FOR ASSESSOR,,MTN,NO CANDIDATE FILED,0
Mason,PRECINCT 18,MTN FOR ASSESSOR,,MTN,NO CANDIDATE FILED,0
Mason,PRECINCT 19,MTN FOR ASSESSOR,,MTN,NO CANDIDATE FILED,0
Mason,PRECINCT 20,MTN FOR ASSESSOR,,MTN,NO CANDIDATE FILED,0
Mason,PRECINCT 21,MTN FOR ASSESSOR,,MTN,NO CANDIDATE FILED,0
Mason,PRECINCT 22,MTN FOR ASSESSOR,,MTN,NO CANDIDATE FILED,0
Mason,PRECINCT 23,MTN FOR ASSESSOR,,MTN,NO CANDIDATE FILED,0
Mason,PRECINCT 24,MTN FOR ASSESSOR,,MTN,NO CANDIDATE FILED,0
Mason,PRECINCT 25,MTN FOR ASSESSOR,,MTN,NO CANDIDATE FILED,0
Mason,PRECINCT 26,MTN FOR ASSESSOR,,MTN,NO CANDIDATE FILED,0
Mason,PRECINCT 27,MTN FOR ASSESSOR,,MTN,NO CANDIDATE FILED,0
Mason,PRECINCT 28,MTN FOR ASSESSOR,,MTN,NO CANDIDATE FILED,0
Mason,PRECINCT 29,MTN FOR ASSESSOR,,MTN,NO CANDIDATE FILED,0
Mason,PRECINCT 30,MTN FOR ASSESSOR,,MTN,NO CANDIDATE FILED,0
Mason,PRECINCT 1,REP FOR SURVEYOR,,REP,NO CANDIDATE FILED,0
Mason,PRECINCT 2,REP FOR SURVEYOR,,REP,NO CANDIDATE FILED,0
Mason,PRECINCT 3,REP FOR SURVEYOR,,REP,NO CANDIDATE FILED,0
Mason,PRECINCT 4,REP FOR SURVEYOR,,REP,NO CANDIDATE FILED,0
Mason,PRECINCT 5,REP FOR SURVEYOR,,REP,NO CANDIDATE FILED,0
Mason,PRECINCT 6,REP FOR SURVEYOR,,REP,NO CANDIDATE FILED,0
Mason,PRECINCT 7,REP FOR SURVEYOR,,REP,NO CANDIDATE FILED,0
Mason,PRECINCT 8,REP FOR SURVEYOR,,REP,NO CANDIDATE FILED,0
Mason,PRECINCT 9,REP FOR SURVEYOR,,REP,NO CANDIDATE FILED,0
Mason,PRECINCT 10,REP FOR SURVEYOR,,REP,NO CANDIDATE FILED,0
Mason,PRECINCT 11,REP FOR SURVEYOR,,REP,NO CANDIDATE FILED,0
Mason,PRECINCT 12,REP FOR SURVEYOR,,REP,NO CANDIDATE FILED,0
Mason,PRECINCT 13,REP FOR SURVEYOR,,REP,NO CANDIDATE FILED,0
Mason,PRECINCT 14,REP FOR SURVEYOR,,REP,NO CANDIDATE FILED,0
Mason,PRECINCT 15,REP FOR SURVEYOR,,REP,NO CANDIDATE FILED,0
Mason,PRECINCT 16,REP FOR SURVEYOR,,REP,NO CANDIDATE FILED,0
Mason,PRECINCT 17,REP FOR SURVEYOR,,REP,NO CANDIDATE FILED,0
Mason,PRECINCT 18,REP FOR SURVEYOR,,REP,NO CANDIDATE FILED,0
Mason,PRECINCT 19,REP FOR SURVEYOR,,REP,NO CANDIDATE FILED,0
Mason,PRECINCT 20,REP FOR SURVEYOR,,REP,NO CANDIDATE FILED,0
Mason,PRECINCT 21,REP FOR SURVEYOR,,REP,NO CANDIDATE FILED,0
Mason,PRECINCT 22,REP FOR SURVEYOR,,REP,NO CANDIDATE FILED,0
Mason,PRECINCT 23,REP FOR SURVEYOR,,REP,NO CANDIDATE FILED,0
Mason,PRECINCT 24,REP FOR SURVEYOR,,REP,NO CANDIDATE FILED,0
Mason,PRECINCT 25,REP FOR SURVEYOR,,REP,NO CANDIDATE FILED,0
Mason,PRECINCT 26,REP FOR SURVEYOR,,REP,NO CANDIDATE FILED,0
Mason,PRECINCT 27,REP FOR SURVEYOR,,REP,NO CANDIDATE FILED,0
Mason,PRECINCT 28,REP FOR SURVEYOR,,REP,NO CANDIDATE FILED,0
Mason,PRECINCT 29,REP FOR SURVEYOR,,REP,NO CANDIDATE FILED,0
Mason,PRECINCT 30,REP FOR SURVEYOR,,REP,NO CANDIDATE FILED,0
Mason,PRECINCT 1,DEM FOR SURVEYOR,,DEM,NO CANDIDATE FILED,0
Mason,PRECINCT 2,DEM FOR SURVEYOR,,DEM,NO CANDIDATE FILED,0
Mason,PRECINCT 3,DEM FOR SURVEYOR,,DEM,NO CANDIDATE FILED,0
Mason,PRECINCT 4,DEM FOR SURVEYOR,,DEM,NO CANDIDATE FILED,0
Mason,PRECINCT 5,DEM FOR SURVEYOR,,DEM,NO CANDIDATE FILED,0
Mason,PRECINCT 6,DEM FOR SURVEYOR,,DEM,NO CANDIDATE FILED,0
Mason,PRECINCT 7,DEM FOR SURVEYOR,,DEM,NO CANDIDATE FILED,0
Mason,PRECINCT 8,DEM FOR SURVEYOR,,DEM,NO CANDIDATE FILED,0
Mason,PRECINCT 9,DEM FOR SURVEYOR,,DEM,NO CANDIDATE FILED,0
Mason,PRECINCT 10,DEM FOR SURVEYOR,,DEM,NO CANDIDATE FILED,0
Mason,PRECINCT 11,DEM FOR SURVEYOR,,DEM,NO CANDIDATE FILED,0
Mason,PRECINCT 12,DEM FOR SURVEYOR,,DEM,NO CANDIDATE FILED,0
Mason,PRECINCT 13,DEM FOR SURVEYOR,,DEM,NO CANDIDATE FILED,0
Mason,PRECINCT 14,DEM FOR SURVEYOR,,DEM,NO CANDIDATE FILED,0
Mason,PRECINCT 15,DEM FOR SURVEYOR,,DEM,NO CANDIDATE FILED,0
Mason,PRECINCT 16,DEM FOR SURVEYOR,,DEM,NO CANDIDATE FILED,0
Mason,PRECINCT 17,DEM FOR SURVEYOR,,DEM,NO CANDIDATE FILED,0
Mason,PRECINCT 18,DEM FOR SURVEYOR,,DEM,NO CANDIDATE FILED,0
Mason,PRECINCT 19,DEM FOR SURVEYOR,,DEM,NO CANDIDATE FILED,0
Mason,PRECINCT 20,DEM FOR SURVEYOR,,DEM,NO CANDIDATE FILED,0
Mason,PRECINCT 21,DEM FOR SURVEYOR,,DEM,NO CANDIDATE FILED,0
Mason,PRECINCT 22,DEM FOR SURVEYOR,,DEM,NO CANDIDATE FILED,0
Mason,PRECINCT 23,DEM FOR SURVEYOR,,DEM,NO CANDIDATE FILED,0
Mason,PRECINCT 24,DEM FOR SURVEYOR,,DEM,NO CANDIDATE FILED,0
Mason,PRECINCT 25,DEM FOR SURVEYOR,,DEM,NO CANDIDATE FILED,0
Mason,PRECINCT 26,DEM FOR SURVEYOR,,DEM,NO CANDIDATE FILED,0
Mason,PRECINCT 27,DEM FOR SURVEYOR,,DEM,NO CANDIDATE FILED,0
Mason,PRECINCT 28,DEM FOR SURVEYOR,,DEM,NO CANDIDATE FILED,0
Mason,PRECINCT 29,DEM FOR SURVEYOR,,DEM,NO CANDIDATE FILED,0
Mason,PRECINCT 30,DEM FOR SURVEYOR,,DEM,NO CANDIDATE FILED,0
Mason,PRECINCT 1,MTN FOR SURVEYOR,,MTN,NO CANDIDATE FILED,0
Mason,PRECINCT 2,MTN FOR SURVEYOR,,MTN,NO CANDIDATE FILED,0
Mason,PRECINCT 3,MTN FOR SURVEYOR,,MTN,NO CANDIDATE FILED,0
Mason,PRECINCT 4,MTN FOR SURVEYOR,,MTN,NO CANDIDATE FILED,0
Mason,PRECINCT 5,MTN FOR SURVEYOR,,MTN,NO CANDIDATE FILED,0
Mason,PRECINCT 6,MTN FOR SURVEYOR,,MTN,NO CANDIDATE FILED,0
Mason,PRECINCT 7,MTN FOR SURVEYOR,,MTN,NO CANDIDATE FILED,0
Mason,PRECINCT 8,MTN FOR SURVEYOR,,MTN,NO CANDIDATE FILED,0
Mason,PRECINCT 9,MTN FOR SURVEYOR,,MTN,NO CANDIDATE FILED,0
Mason,PRECINCT 10,MTN FOR SURVEYOR,,MTN,NO CANDIDATE FILED,0
Mason,PRECINCT 11,MTN FOR SURVEYOR,,MTN,NO CANDIDATE FILED,0
Mason,PRECINCT 12,MTN FOR SURVEYOR,,MTN,NO CANDIDATE FILED,0
Mason,PRECINCT 13,MTN FOR SURVEYOR,,MTN,NO CANDIDATE FILED,0
Mason,PRECINCT 14,MTN FOR SURVEYOR,,MTN,NO CANDIDATE FILED,0
Mason,PRECINCT 15,MTN FOR SURVEYOR,,MTN,NO CANDIDATE FILED,0
Mason,PRECINCT 16,MTN FOR SURVEYOR,,MTN,NO CANDIDATE FILED,0
Mason,PRECINCT 17,MTN FOR SURVEYOR,,MTN,NO CANDIDATE FILED,0
Mason,PRECINCT 18,MTN FOR SURVEYOR,,MTN,NO CANDIDATE FILED,0
Mason,PRECINCT 19,MTN FOR SURVEYOR,,MTN,NO CANDIDATE FILED,0
Mason,PRECINCT 20,MTN FOR SURVEYOR,,MTN,NO CANDIDATE FILED,0
Mason,PRECINCT 21,MTN FOR SURVEYOR,,MTN,NO CANDIDATE FILED,0
Mason,PRECINCT 22,MTN FOR SURVEYOR,,MTN,NO CANDIDATE FILED,0
Mason,PRECINCT 23,MTN FOR SURVEYOR,,MTN,NO CANDIDATE FILED,0
Mason,PRECINCT 24,MTN FOR SURVEYOR,,MTN,NO CANDIDATE FILED,0
Mason,PRECINCT 25,MTN FOR SURVEYOR,,MTN,NO CANDIDATE FILED,0
Mason,PRECINCT 26,MTN FOR SURVEYOR,,MTN,NO CANDIDATE FILED,0
Mason,PRECINCT 27,MTN FOR SURVEYOR,,MTN,NO CANDIDATE FILED,0
Mason,PRECINCT 28,MTN FOR SURVEYOR,,MTN,NO CANDIDATE FILED,0
Mason,PRECINCT 29,MTN FOR SURVEYOR,,MTN,NO CANDIDATE FILED,0
Mason,PRECINCT 30,MTN FOR SURVEYOR,,MTN,NO CANDIDATE FILED,0
Mason,PRECINCT 1,Supreme Court of Appeals,,,MEAGAN BONECUTTER,25
Mason,PRECINCT 2,Supreme Court of Appeals,,,MEAGAN BONECUTTER,23
Mason,PRECINCT 3,Supreme Court of Appeals,,,MEAGAN BONECUTTER,43
Mason,PRECINCT 4,Supreme Court of Appeals,,,MEAGAN BONECUTTER,78
Mason,PRECINCT 5,Supreme Court of Appeals,,,MEAGAN BONECUTTER,61
Mason,PRECINCT 6,Supreme Court of Appeals,,,MEAGAN BONECUTTER,85
Mason,PRECINCT 7,Supreme Court of Appeals,,,MEAGAN BONECUTTER,81
Mason,PRECINCT 8,Supreme Court of Appeals,,,MEAGAN BONECUTTER,98
Mason,PRECINCT 9,Supreme Court of Appeals,,,MEAGAN BONECUTTER,98
Mason,PRECINCT 10,Supreme Court of Appeals,,,MEAGAN BONECUTTER,114
Mason,PRECINCT 11,Supreme Court of Appeals,,,MEAGAN BONECUTTER,11
Mason,PRECINCT 12,Supreme Court of Appeals,,,MEAGAN BONECUTTER,70
Mason,PRECINCT 13,Supreme Court of Appeals,,,MEAGAN BONECUTTER,153
Mason,PRECINCT 14,Supreme Court of Appeals,,,MEAGAN BONECUTTER,82
Mason,PRECINCT 15,Supreme Court of Appeals,,,MEAGAN BONECUTTER,53
Mason,PRECINCT 16,Supreme Court of Appeals,,,MEAGAN BONECUTTER,106
Mason,PRECINCT 17,Supreme Court of Appeals,,,MEAGAN BONECUTTER,98
Mason,PRECINCT 18,Supreme Court of Appeals,,,MEAGAN BONECUTTER,78
Mason,PRECINCT 19,Supreme Court of Appeals,,,MEAGAN BONECUTTER,119
Mason,PRECINCT 20,Supreme Court of Appeals,,,MEAGAN BONECUTTER,78
Mason,PRECINCT 21,Supreme Court of Appeals,,,MEAGAN BONECUTTER,83
Mason,PRECINCT 22,Supreme Court of Appeals,,,MEAGAN BONECUTTER,105
Mason,PRECINCT 23,Supreme Court of Appeals,,,MEAGAN BONECUTTER,76
Mason,PRECINCT 24,Supreme Court of Appeals,,,MEAGAN BONECUTTER,85
Mason,PRECINCT 25,Supreme Court of Appeals,,,MEAGAN BONECUTTER,116
Mason,PRECINCT 26,Supreme Court of Appeals,,,MEAGAN BONECUTTER,17
Mason,PRECINCT 27,Supreme Court of Appeals,,,MEAGAN BONECUTTER,49
Mason,PRECINCT 28,Supreme Court of Appeals,,,MEAGAN BONECUTTER,57
Mason,PRECINCT 29,Supreme Court of Appeals,,,MEAGAN BONECUTTER,92
Mason,PRECINCT 30,Supreme Court of Appeals,,,MEAGAN BONECUTTER,251
Mason,PRECINCT 1,Supreme Court of Appeals,,,RHONDA TENNANT,10
Mason,PRECINCT 2,Supreme Court of Appeals,,,RHONDA TENNANT,13
Mason,PRECINCT 3,Supreme Court of Appeals,,,RHONDA TENNANT,29
Mason,PRECINCT 4,Supreme Court of Appeals,,,RHONDA TENNANT,41
Mason,PRECINCT 5,Supreme Court of Appeals,,,RHONDA TENNANT,41
Mason,PRECINCT 6,Supreme Court of Appeals,,,RHONDA TENNANT,40
Mason,PRECINCT 7,Supreme Court of Appeals,,,RHONDA TENNANT,47
Mason,PRECINCT 8,Supreme Court of Appeals,,,RHONDA TENNANT,60
Mason,PRECINCT 9,Supreme Court of Appeals,,,RHONDA TENNANT,58
Mason,PRECINCT 10,Supreme Court of Appeals,,,RHONDA TENNANT,60
Mason,PRECINCT 11,Supreme Court of Appeals,,,RHONDA TENNANT,6
Mason,PRECINCT 12,Supreme Court of Appeals,,,RHONDA TENNANT,23
Mason,PRECINCT 13,Supreme Court of Appeals,,,RHONDA TENNANT,55
Mason,PRECINCT 14,Supreme Court of Appeals,,,RHONDA TENNANT,30
Mason,PRECINCT 15,Supreme Court of Appeals,,,RHONDA TENNANT,28
Mason,PRECINCT 16,Supreme Court of Appeals,,,RHONDA TENNANT,67
Mason,PRECINCT 17,Supreme Court of Appeals,,,RHONDA TENNANT,38
Mason,PRECINCT 18,Supreme Court of Appeals,,,RHONDA TENNANT,23
Mason,PRECINCT 19,Supreme Court of Appeals,,,RHONDA TENNANT,43
Mason,PRECINCT 20,Supreme Court of Appeals,,,RHONDA TENNANT,37
Mason,PRECINCT 21,Supreme Court of Appeals,,,RHONDA TENNANT,58
Mason,PRECINCT 22,Supreme Court of Appeals,,,RHONDA TENNANT,64
Mason,PRECINCT 23,Supreme Court of Appeals,,,RHONDA TENNANT,88
Mason,PRECINCT 24,Supreme Court of Appeals,,,RHONDA TENNANT,151
Mason,PRECINCT 25,Supreme Court of Appeals,,,RHONDA TENNANT,224
Mason,PRECINCT 26,Supreme Court of Appeals,,,RHONDA TENNANT,56
Mason,PRECINCT 27,Supreme Court of Appeals,,,RHONDA TENNANT,98
Mason,PRECINCT 28,Supreme Court of Appeals,,,RHONDA TENNANT,126
Mason,PRECINCT 29,Supreme Court of Appeals,,,RHONDA TENNANT,74
Mason,PRECINCT 30,Supreme Court of Appeals,,,RHONDA TENNANT,134
Mason,PRECINCT 1,Supreme Court of Appeals,,,TREY BYUS,15
Mason,PRECINCT 2,Supreme Court of Appeals,,,TREY BYUS,11
Mason,PRECINCT 3,Supreme Court of Appeals,,,TREY BYUS,25
Mason,PRECINCT 4,Supreme Court of Appeals,,,TREY BYUS,41
Mason,PRECINCT 5,Supreme Court of Appeals,,,TREY BYUS,25
Mason,PRECINCT 6,Supreme Court of Appeals,,,TREY BYUS,30
Mason,PRECINCT 7,Supreme Court of Appeals,,,TREY BYUS,44
Mason,PRECINCT 8,Supreme Court of Appeals,,,TREY BYUS,65
Mason,PRECINCT 9,Supreme Court of Appeals,,,TREY BYUS,53
Mason,PRECINCT 10,Supreme Court of Appeals,,,TREY BYUS,49
Mason,PRECINCT 11,Supreme Court of Appeals,,,TREY BYUS,0
Mason,PRECINCT 12,Supreme Court of Appeals,,,TREY BYUS,26
Mason,PRECINCT 13,Supreme Court of Appeals,,,TREY BYUS,46
Mason,PRECINCT 14,Supreme Court of Appeals,,,TREY BYUS,30
Mason,PRECINCT 15,Supreme Court of Appeals,,,TREY BYUS,18
Mason,PRECINCT 16,Supreme Court of Appeals,,,TREY BYUS,31
Mason,PRECINCT 17,Supreme Court of Appeals,,,TREY BYUS,28
Mason,PRECINCT 18,Supreme Court of Appeals,,,TREY BYUS,32
Mason,PRECINCT 19,Supreme Court of Appeals,,,TREY BYUS,34
Mason,PRECINCT 20,Supreme Court of Appeals,,,TREY BYUS,21
Mason,PRECINCT 21,Supreme Court of Appeals,,,TREY BYUS,28
Mason,PRECINCT 22,Supreme Court of Appeals,,,TREY BYUS,55
Mason,PRECINCT 23,Supreme Court of Appeals,,,TREY BYUS,39
Mason,PRECINCT 24,Supreme Court of Appeals,,,TREY BYUS,35
Mason,PRECINCT 25,Supreme Court of Appeals,,,TREY BYUS,42
Mason,PRECINCT 26,Supreme Court of Appeals,,,TREY BYUS,12
Mason,PRECINCT 27,Supreme Court of Appeals,,,TREY BYUS,21
Mason,PRECINCT 28,Supreme Court of Appeals,,,TREY BYUS,32
Mason,PRECINCT 29,Supreme Court of Appeals,,,TREY BYUS,36
Mason,PRECINCT 30,Supreme Court of Appeals,,,TREY BYUS,117
Mason,PRECINCT 1,Supreme Court of Appeals,,,CHARLOTTE OSHEL,13
Mason,PRECINCT 2,Supreme Court of Appeals,,,CHARLOTTE OSHEL,17
Mason,PRECINCT 3,Supreme Court of Appeals,,,CHARLOTTE OSHEL,26
Mason,PRECINCT 4,Supreme Court of Appeals,,,CHARLOTTE OSHEL,42
Mason,PRECINCT 5,Supreme Court of Appeals,,,CHARLOTTE OSHEL,35
Mason,PRECINCT 6,Supreme Court of Appeals,,,CHARLOTTE OSHEL,35
Mason,PRECINCT 7,Supreme Court of Appeals,,,CHARLOTTE OSHEL,48
Mason,PRECINCT 8,Supreme Court of Appeals,,,CHARLOTTE OSHEL,44
Mason,PRECINCT 9,Supreme Court of Appeals,,,CHARLOTTE OSHEL,76
Mason,PRECINCT 10,Supreme Court of Appeals,,,CHARLOTTE OSHEL,70
Mason,PRECINCT 11,Supreme Court of Appeals,,,CHARLOTTE OSHEL,9
Mason,PRECINCT 12,Supreme Court of Appeals,,,CHARLOTTE OSHEL,29
Mason,PRECINCT 13,Supreme Court of Appeals,,,CHARLOTTE OSHEL,39
Mason,PRECINCT 14,Supreme Court of Appeals,,,CHARLOTTE OSHEL,36
Mason,PRECINCT 15,Supreme Court of Appeals,,,CHARLOTTE OSHEL,44
Mason,PRECINCT 16,Supreme Court of Appeals,,,CHARLOTTE OSHEL,55
Mason,PRECINCT 17,Supreme Court of Appeals,,,CHARLOTTE OSHEL,54
Mason,PRECINCT 18,Supreme Court of Appeals,,,CHARLOTTE OSHEL,25
Mason,PRECINCT 19,Supreme Court of Appeals,,,CHARLOTTE OSHEL,53
Mason,PRECINCT 20,Supreme Court of Appeals,,,CHARLOTTE OSHEL,35
Mason,PRECINCT 21,Supreme Court of Appeals,,,CHARLOTTE OSHEL,51
Mason,PRECINCT 22,Supreme Court of Appeals,,,CHARLOTTE OSHEL,80
Mason,PRECINCT 23,Supreme Court of Appeals,,,CHARLOTTE OSHEL,44
Mason,PRECINCT 24,Supreme Court of Appeals,,,CHARLOTTE OSHEL,73
Mason,PRECINCT 25,Supreme Court of Appeals,,,CHARLOTTE OSHEL,85
Mason,PRECINCT 26,Supreme Court of Appeals,,,CHARLOTTE OSHEL,23
Mason,PRECINCT 27,Supreme Court of Appeals,,,CHARLOTTE OSHEL,41
Mason,PRECINCT 28,Supreme Court of Appeals,,,CHARLOTTE OSHEL,54
Mason,PRECINCT 29,Supreme Court of Appeals,,,CHARLOTTE OSHEL,48
Mason,PRECINCT 30,Supreme Court of Appeals,,,CHARLOTTE OSHEL,116
Mason,PRECINCT 1,Supreme Court of Appeals,,,BO BURGESS,15
Mason,PRECINCT 2,Supreme Court of Appeals,,,BO BURGESS,10
Mason,PRECINCT 3,Supreme Court of Appeals,,,BO BURGESS,20
Mason,PRECINCT 4,Supreme Court of Appeals,,,BO BURGESS,52
Mason,PRECINCT 5,Supreme Court of Appeals,,,BO BURGESS,27
Mason,PRECINCT 6,Supreme Court of Appeals,,,BO BURGESS,29
Mason,PRECINCT 7,Supreme Court of Appeals,,,BO BURGESS,42
Mason,PRECINCT 8,Supreme Court of Appeals,,,BO BURGESS,53
Mason,PRECINCT 9,Supreme Court of Appeals,,,BO BURGESS,73
Mason,PRECINCT 10,Supreme Court of Appeals,,,BO BURGESS,76
Mason,PRECINCT 11,Supreme Court of Appeals,,,BO BURGESS,4
Mason,PRECINCT 12,Supreme Court of Appeals,,,BO BURGESS,66
Mason,PRECINCT 13,Supreme Court of Appeals,,,BO BURGESS,149
Mason,PRECINCT 14,Supreme Court of Appeals,,,BO BURGESS,93
Mason,PRECINCT 15,Supreme Court of Appeals,,,BO BURGESS,72
Mason,PRECINCT 16,Supreme Court of Appeals,,,BO BURGESS,95
Mason,PRECINCT 17,Supreme Court of Appeals,,,BO BURGESS,79
Mason,PRECINCT 18,Supreme Court of Appeals,,,BO BURGESS,46
Mason,PRECINCT 19,Supreme Court of Appeals,,,BO BURGESS,69
Mason,PRECINCT 20,Supreme Court of Appeals,,,BO BURGESS,57
Mason,PRECINCT 21,Supreme Court of Appeals,,,BO BURGESS,53
Mason,PRECINCT 22,Supreme Court of Appeals,,,BO BURGESS,74
Mason,PRECINCT 23,Supreme Court of Appeals,,,BO BURGESS,55
Mason,PRECINCT 24,Supreme Court of Appeals,,,BO BURGESS,55
Mason,PRECINCT 25,Supreme Court of Appeals,,,BO BURGESS,106
Mason,PRECINCT 26,Supreme Court of Appeals,,,BO BURGESS,23
Mason,PRECINCT 27,Supreme Court of Appeals,,,BO BURGESS,55
Mason,PRECINCT 28,Supreme Court of Appeals,,,BO BURGESS,72
Mason,PRECINCT 29,Supreme Court of Appeals,,,BO BURGESS,66
Mason,PRECINCT 30,Supreme Court of Appeals,,,BO BURGESS,142
Mason,PRECINCT 1,FOR CONSERVATION DISTRICT SUPERVISOR,,,JEREMY GRANT,41
Mason,PRECINCT 2,FOR CONSERVATION DISTRICT SUPERVISOR,,,JEREMY GRANT,37
Mason,PRECINCT 3,FOR CONSERVATION DISTRICT SUPERVISOR,,,JEREMY GRANT,69
Mason,PRECINCT 4,FOR CONSERVATION DISTRICT SUPERVISOR,,,JEREMY GRANT,120
Mason,PRECINCT 5,FOR CONSERVATION DISTRICT SUPERVISOR,,,JEREMY GRANT,90
Mason,PRECINCT 6,FOR CONSERVATION DISTRICT SUPERVISOR,,,JEREMY GRANT,116
Mason,PRECINCT 7,FOR CONSERVATION DISTRICT SUPERVISOR,,,JEREMY GRANT,116
Mason,PRECINCT 8,FOR CONSERVATION DISTRICT SUPERVISOR,,,JEREMY GRANT,153
Mason,PRECINCT 9,FOR CONSERVATION DISTRICT SUPERVISOR,,,JEREMY GRANT,174
Mason,PRECINCT 10,FOR CONSERVATION DISTRICT SUPERVISOR,,,JEREMY GRANT,168
Mason,PRECINCT 11,FOR CONSERVATION DISTRICT SUPERVISOR,,,JEREMY GRANT,16
Mason,PRECINCT 12,FOR CONSERVATION DISTRICT SUPERVISOR,,,JEREMY GRANT,119
Mason,PRECINCT 13,FOR CONSERVATION DISTRICT SUPERVISOR,,,JEREMY GRANT,197
Mason,PRECINCT 14,FOR CONSERVATION DISTRICT SUPERVISOR,,,JEREMY GRANT,133
Mason,PRECINCT 15,FOR CONSERVATION DISTRICT SUPERVISOR,,,JEREMY GRANT,102
Mason,PRECINCT 16,FOR CONSERVATION DISTRICT SUPERVISOR,,,JEREMY GRANT,182
Mason,PRECINCT 17,FOR CONSERVATION DISTRICT SUPERVISOR,,,JEREMY GRANT,163
Mason,PRECINCT 18,FOR CONSERVATION DISTRICT SUPERVISOR,,,JEREMY GRANT,117
Mason,PRECINCT 19,FOR CONSERVATION DISTRICT SUPERVISOR,,,JEREMY GRANT,169
Mason,PRECINCT 20,FOR CONSERVATION DISTRICT SUPERVISOR,,,JEREMY GRANT,109
Mason,PRECINCT 21,FOR CONSERVATION DISTRICT SUPERVISOR,,,JEREMY GRANT,149
Mason,PRECINCT 22,FOR CONSERVATION DISTRICT SUPERVISOR,,,JEREMY GRANT,172
Mason,PRECINCT 23,FOR CONSERVATION DISTRICT SUPERVISOR,,,JEREMY GRANT,137
Mason,PRECINCT 24,FOR CONSERVATION DISTRICT SUPERVISOR,,,JEREMY GRANT,167
Mason,PRECINCT 25,FOR CONSERVATION DISTRICT SUPERVISOR,,,JEREMY GRANT,258
Mason,PRECINCT 26,FOR CONSERVATION DISTRICT SUPERVISOR,,,JEREMY GRANT,62
Mason,PRECINCT 27,FOR CONSERVATION DISTRICT SUPERVISOR,,,JEREMY GRANT,104
Mason,PRECINCT 28,FOR CONSERVATION DISTRICT SUPERVISOR,,,JEREMY GRANT,154
Mason,PRECINCT 29,FOR CONSERVATION DISTRICT SUPERVISOR,,,JEREMY GRANT,160
Mason,PRECINCT 30,FOR CONSERVATION DISTRICT SUPERVISOR,,,JEREMY GRANT,352
Mason,PRECINCT 1,FOR MAYOR CITY OF POINT PLEASANT,,,AMBER TATTERSON - REP,39
Mason,PRECINCT 2,FOR MAYOR CITY OF POINT PLEASANT,,,AMBER TATTERSON - REP,39
Mason,PRECINCT 3,FOR MAYOR CITY OF POINT PLEASANT,,,AMBER TATTERSON - REP,78
Mason,PRECINCT 4,FOR MAYOR CITY OF POINT PLEASANT,,,AMBER TATTERSON - REP,131
Mason,PRECINCT 5,FOR MAYOR CITY OF POINT PLEASANT,,,AMBER TATTERSON - REP,93
Mason,PRECINCT 6,FOR MAYOR CITY OF POINT PLEASANT,,,AMBER TATTERSON - REP,119
Mason,PRECINCT 7,FOR MAYOR CITY OF POINT PLEASANT,,,AMBER TATTERSON - REP,132
Mason,PRECINCT 8,FOR MAYOR CITY OF POINT PLEASANT,,,AMBER TATTERSON - REP,169
Mason,PRECINCT 1,FOR MAYOR CITY OF POINT PLEASANT,,,NO CANDIDATE FILED,0
Mason,PRECINCT 2,FOR MAYOR CITY OF POINT PLEASANT,,,NO CANDIDATE FILED,0
Mason,PRECINCT 3,FOR MAYOR CITY OF POINT PLEASANT,,,NO CANDIDATE FILED,0
Mason,PRECINCT 4,FOR MAYOR CITY OF POINT PLEASANT,,,NO CANDIDATE FILED,0
Mason,PRECINCT 5,FOR MAYOR CITY OF POINT PLEASANT,,,NO CANDIDATE FILED,0
Mason,PRECINCT 6,FOR MAYOR CITY OF POINT PLEASANT,,,NO CANDIDATE FILED,0
Mason,PRECINCT 7,FOR MAYOR CITY OF POINT PLEASANT,,,NO CANDIDATE FILED,0
Mason,PRECINCT 8,FOR MAYOR CITY OF POINT PLEASANT,,,NO CANDIDATE FILED,0
Mason,PRECINCT 1,FOR CITY CLERK CITY OF POINT PLEASANT,,,SHANNON PEARSON - REP,41
Mason,PRECINCT 2,FOR CITY CLERK CITY OF POINT PLEASANT,,,SHANNON PEARSON - REP,38
Mason,PRECINCT 3,FOR CITY CLERK CITY OF POINT PLEASANT,,,SHANNON PEARSON - REP,71
Mason,PRECINCT 4,FOR CITY CLERK CITY OF POINT PLEASANT,,,SHANNON PEARSON - REP,120
Mason,PRECINCT 5,FOR CITY CLERK CITY OF POINT PLEASANT,,,SHANNON PEARSON - REP,90
Mason,PRECINCT 6,FOR CITY CLERK CITY OF POINT PLEASANT,,,SHANNON PEARSON - REP,110
Mason,PRECINCT 7,FOR CITY CLERK CITY OF POINT PLEASANT,,,SHANNON PEARSON - REP,114
Mason,PRECINCT 8,FOR CITY CLERK CITY OF POINT PLEASANT,,,SHANNON PEARSON - REP,154
Mason,PRECINCT 1,FOR CITY CLERK CITY OF POINT PLEASANT,,,NO CANDIDATE FILED,0
Mason,PRECINCT 2,FOR CITY CLERK CITY OF POINT PLEASANT,,,NO CANDIDATE FILED,0
Mason,PRECINCT 3,FOR CITY CLERK CITY OF POINT PLEASANT,,,NO CANDIDATE FILED,0
Mason,PRECINCT 4,FOR CITY CLERK CITY OF POINT PLEASANT,,,NO CANDIDATE FILED,0
Mason,PRECINCT 5,FOR CITY CLERK CITY OF POINT PLEASANT,,,NO CANDIDATE FILED,0
Mason,PRECINCT 6,FOR CITY CLERK CITY OF POINT PLEASANT,,,NO CANDIDATE FILED,0
Mason,PRECINCT 7,FOR CITY CLERK CITY OF POINT PLEASANT,,,NO CANDIDATE FILED,0
Mason,PRECINCT 8,FOR CITY CLERK CITY OF POINT PLEASANT,,,NO CANDIDATE FILED,0
Mason,PRECINCT 1,FOR CITY COUNCIL AT LARGE CITY OF POINT PLEASANT,,,BOB McMILLAN - REP,33
Mason,PRECINCT 2,FOR CITY COUNCIL AT LARGE CITY OF POINT PLEASANT,,,BOB McMILLAN - REP,28
Mason,PRECINCT 3,FOR CITY COUNCIL AT LARGE CITY OF POINT PLEASANT,,,BOB McMILLAN - REP,55
Mason,PRECINCT 4,FOR CITY COUNCIL AT LARGE CITY OF POINT PLEASANT,,,BOB McMILLAN - REP,93
Mason,PRECINCT 5,FOR CITY COUNCIL AT LARGE CITY OF POINT PLEASANT,,,BOB McMILLAN - REP,63
Mason,PRECINCT 6,FOR CITY COUNCIL AT LARGE CITY OF POINT PLEASANT,,,BOB McMILLAN - REP,92
Mason,PRECINCT 7,FOR CITY COUNCIL AT LARGE CITY OF POINT PLEASANT,,,BOB McMILLAN - REP,83
Mason,PRECINCT 8,FOR CITY COUNCIL AT LARGE CITY OF POINT PLEASANT,,,BOB McMILLAN - REP,113
Mason,PRECINCT 1,FOR CITY COUNCIL AT LARGE CITY OF POINT PLEASANT,,,GABE ROUSH - DEM,24
Mason,PRECINCT 2,FOR CITY COUNCIL AT LARGE CITY OF POINT PLEASANT,,,GABE ROUSH - DEM,31
Mason,PRECINCT 3,FOR CITY COUNCIL AT LARGE CITY OF POINT PLEASANT,,,GABE ROUSH - DEM,64
Mason,PRECINCT 4,FOR CITY COUNCIL AT LARGE CITY OF POINT PLEASANT,,,GABE ROUSH - DEM,96
Mason,PRECINCT 5,FOR CITY COUNCIL AT LARGE CITY OF POINT PLEASANT,,,GABE ROUSH - DEM,67
Mason,PRECINCT 6,FOR CITY COUNCIL AT LARGE CITY OF POINT PLEASANT,,,GABE ROUSH - DEM,82
Mason,PRECINCT 7,FOR CITY COUNCIL AT LARGE CITY OF POINT PLEASANT,,,GABE ROUSH - DEM,103
Mason,PRECINCT 8,FOR CITY COUNCIL AT LARGE CITY OF POINT PLEASANT,,,GABE ROUSH - DEM,133
Mason,PRECINCT 1,FOR CITY COUNCIL AT LARGE CITY OF POINT PLEASANT,,,NO CANDIDATE FILED,0
Mason,PRECINCT 2,FOR CITY COUNCIL AT LARGE CITY OF POINT PLEASANT,,,NO CANDIDATE FILED,0
Mason,PRECINCT 3,FOR CITY COUNCIL AT LARGE CITY OF POINT PLEASANT,,,NO CANDIDATE FILED,0
Mason,PRECINCT 4,FOR CITY COUNCIL AT LARGE CITY OF POINT PLEASANT,,,NO CANDIDATE FILED,0
Mason,PRECINCT 5,FOR CITY COUNCIL AT LARGE CITY OF POINT PLEASANT,,,NO CANDIDATE FILED,0
Mason,PRECINCT 6,FOR CITY COUNCIL AT LARGE CITY OF POINT PLEASANT,,,NO CANDIDATE FILED,0
Mason,PRECINCT 7,FOR CITY COUNCIL AT LARGE CITY OF POINT PLEASANT,,,NO CANDIDATE FILED,0
Mason,PRECINCT 8,FOR CITY COUNCIL AT LARGE CITY OF POINT PLEASANT,,,NO CANDIDATE FILED,0
Mason,PRECINCT 1,FOR CITY COUNCIL WARD 1 CITY OF POINT PLEASANT WARD 1,,,CORRIE LYNN FETTY - REP,31
Mason,PRECINCT 1,FOR CITY COUNCIL WARD 1 CITY OF POINT PLEASANT WARD 1,,,ETHAN BARTLETT - DEM,11
Mason,PRECINCT 2,FOR CITY COUNCIL WARD 2 CITY OF POINT PLEASANT WARD 2,,,PAUL A. KNISLEY - REP,30
Mason,PRECINCT 2,FOR CITY COUNCIL WARD 2 CITY OF POINT PLEASANT WARD 2,,,NO CANDIDATE FILED,0
Mason,PRECINCT 3,FOR CITY COUNCIL WARD 3 CITY OF POINT PLEASANT WARD 3,,,BILLY PLANTS - REP,24
Mason,PRECINCT 3,FOR CITY COUNCIL WARD 3 CITY OF POINT PLEASANT WARD 3,,,CODY GREATHOUSE - DEM,61
Mason,PRECINCT 4,FOR CITY COUNCIL WARD 4 CITY OF POINT PLEASANT WARD 4,,,JAY PARRACK - REP,129
Mason,PRECINCT 4,FOR CITY COUNCIL WARD 4 CITY OF POINT PLEASANT WARD 4,,,NO CANDIDATE FILED,0
Mason,PRECINCT 5,FOR CITY COUNCIL WARD 5 CITY OF POINT PLEASANT WARD 5,,,NATHAN WEDGE - REP,86
Mason,PRECINCT 5,FOR CITY COUNCIL WARD 5 CITY OF POINT PLEASANT WARD 5,,,NO CANDIDATE FILED,0
Mason,PRECINCT 6,FOR CITY COUNCIL WARD 6 CITY OF POINT PLEASANT WARD 6,,,JUDY HOLLAND - REP,108
Mason,PRECINCT 6,FOR CITY COUNCIL WARD 6 CITY OF POINT PLEASANT WARD 6,,,NO CANDIDATE FILED,0
Mason,PRECINCT 7,FOR CITY COUNCIL WARD 7 CITY OF POINT PLEASANT WARD 7,,,JOSH BILLINGS - REP,125
Mason,PRECINCT 7,FOR CITY COUNCIL WARD 7 CITY OF POINT PLEASANT WARD 7,,,NO CANDIDATE FILED,0
Mason,PRECINCT 8,FOR CITY COUNCIL WARD 8 CITY OF POINT PLEASANT WARD 8,,,CINDY YODER - REP,41
Mason,PRECINCT 8,FOR CITY COUNCIL WARD 8 CITY OF POINT PLEASANT WARD 8,,,ASHLEY WOOD - DEM,36
Mason,PRECINCT 8,FOR CITY COUNCIL WARD 8 CITY OF POINT PLEASANT WARD 8,,,DYLAN HANDLEY - IND,55
Mason,PRECINCT 8,FOR CITY COUNCIL WARD 8 CITY OF POINT PLEASANT WARD 8,,,ZACH SAYRE - IND,56
Mason,PRECINCT 25,FOR MAYOR TOWN OF NEW HAVEN,,,PHILIP A. SEREVICZ,241
Mason,PRECINCT 25,FOR MAYOR TOWN OF NEW HAVEN,,,JESSICA N. RICKARD,102
Mason,PRECINCT 25,FOR TOWN RECORDER TOWN OF NEW HAVEN,,,REBECCA 'BECKY' BENSON,292
Mason,PRECINCT 25,FOR TOWN COUNCIL TOWN OF NEW HAVEN,,,JENN RUSSELL,169
Mason,PRECINCT 25,FOR TOWN COUNCIL TOWN OF NEW HAVEN,,,MONICA MITCHELL,185
Mason,PRECINCT 25,FOR TOWN COUNCIL TOWN OF NEW HAVEN,,,STEVE CARPENTER,239
Mason,PRECINCT 25,FOR TOWN COUNCIL TOWN OF NEW HAVEN,,,STEPHEN OHLINGER JR.,232
Mason,PRECINCT 25,FOR TOWN COUNCIL TOWN OF NEW HAVEN,,,BRUCE ADAMS,186
Mason,PRECINCT 1,Levy Question 1,,,For the Levies,26
Mason,PRECINCT 2,Levy Question 1,,,For the Levies,33
Mason,PRECINCT 3,Levy Question 1,,,For the Levies,64
Mason,PRECINCT 4,Levy Question 1,,,For the Levies,94
Mason,PRECINCT 5,Levy Question 1,,,For the Levies,74
Mason,PRECINCT 6,Levy Question 1,,,For the Levies,82
Mason,PRECINCT 7,Levy Question 1,,,For the Levies,105
Mason,PRECINCT 8,Levy Question 1,,,For the Levies,124
Mason,PRECINCT 9,Levy Question 1,,,For the Levies,120
Mason,PRECINCT 10,Levy Question 1,,,For the Levies,134
Mason,PRECINCT 11,Levy Question 1,,,For the Levies,8
Mason,PRECINCT 12,Levy Question 1,,,For the Levies,59
Mason,PRECINCT 13,Levy Question 1,,,For the Levies,149
Mason,PRECINCT 14,Levy Question 1,,,For the Levies,77
Mason,PRECINCT 15,Levy Question 1,,,For the Levies,92
Mason,PRECINCT 16,Levy Question 1,,,For the Levies,136
Mason,PRECINCT 17,Levy Question 1,,,For the Levies,105
Mason,PRECINCT 18,Levy Question 1,,,For the Levies,67
Mason,PRECINCT 19,Levy Question 1,,,For the Levies,111
Mason,PRECINCT 20,Levy Question 1,,,For the Levies,94
Mason,PRECINCT 21,Levy Question 1,,,For the Levies,81
Mason,PRECINCT 22,Levy Question 1,,,For the Levies,95
Mason,PRECINCT 23,Levy Question 1,,,For the Levies,95
Mason,PRECINCT 24,Levy Question 1,,,For the Levies,141
Mason,PRECINCT 25,Levy Question 1,,,For the Levies,233
Mason,PRECINCT 26,Levy Question 1,,,For the Levies,47
Mason,PRECINCT 27,Levy Question 1,,,For the Levies,93
Mason,PRECINCT 28,Levy Question 1,,,For the Levies,114
Mason,PRECINCT 29,Levy Question 1,,,For the Levies,100
Mason,PRECINCT 30,Levy Question 1,,,For the Levies,258
Mason,PRECINCT 1,Levy Question 1,,,Against the Levies,20
Mason,PRECINCT 2,Levy Question 1,,,Against the Levies,9
Mason,PRECINCT 3,Levy Question 1,,,Against the Levies,22
Mason,PRECINCT 4,Levy Question 1,,,Against the Levies,46
Mason,PRECINCT 5,Levy Question 1,,,Against the Levies,32
Mason,PRECINCT 6,Levy Question 1,,,Against the Levies,42
Mason,PRECINCT 7,Levy Question 1,,,Against the Levies,39
Mason,PRECINCT 8,Levy Question 1,,,Against the Levies,61
Mason,PRECINCT 9,Levy Question 1,,,Against the Levies,86
Mason,PRECINCT 10,Levy Question 1,,,Against the Levies,78
Mason,PRECINCT 11,Levy Question 1,,,Against the Levies,11
Mason,PRECINCT 12,Levy Question 1,,,Against the Levies,66
Mason,PRECINCT 13,Levy Question 1,,,Against the Levies,88
Mason,PRECINCT 14,Levy Question 1,,,Against the Levies,94
Mason,PRECINCT 15,Levy Question 1,,,Against the Levies,41
Mason,PRECINCT 16,Levy Question 1,,,Against the Levies,98
Mason,PRECINCT 17,Levy Question 1,,,Against the Levies,70
Mason,PRECINCT 18,Levy Question 1,,,Against the Levies,70
Mason,PRECINCT 19,Levy Question 1,,,Against the Levies,90
Mason,PRECINCT 20,Levy Question 1,,,Against the Levies,36
Mason,PRECINCT 21,Levy Question 1,,,Against the Levies,93
Mason,PRECINCT 22,Levy Question 1,,,Against the Levies,124
Mason,PRECINCT 23,Levy Question 1,,,Against the Levies,77
Mason,PRECINCT 24,Levy Question 1,,,Against the Levies,75
Mason,PRECINCT 25,Levy Question 1,,,Against the Levies,108
Mason,PRECINCT 26,Levy Question 1,,,Against the Levies,33
Mason,PRECINCT 27,Levy Question 1,,,Against the Levies,52
Mason,PRECINCT 28,Levy Question 1,,,Against the Levies,77
Mason,PRECINCT 29,Levy Question 1,,,Against the Levies,82
Mason,PRECINCT 30,Levy Question 1,,,Against the Levies,175
