county,precinct,office,district,party,candidate,votes
Wayne,PRECINCT 1,BALLOTS CAST,,REP,BALLOTS CAST - REPUBLICAN,83
Wayne,PRECINCT 2,BALLOTS CAST,,REP,BALLOTS CAST - REPUBLICAN,13
Wayne,PRECINCT 3,BALLOTS CAST,,REP,BALLOTS CAST - REPUBLICAN,15
Wayne,PRECINCT 5,BALLOTS CAST,,REP,BALLOTS CAST - REPUBLICAN,79
Wayne,PRECINCT 6,BALLOTS CAST,,REP,BALLOTS CAST - REPUBLICAN,35
Wayne,PRECINCT 12,BALLOTS CAST,,REP,BALLOTS CAST - REPUBLICAN,86
Wayne,PRECINCT 13,BALLOTS CAST,,REP,BALLOTS CAST - REPUBLICAN,55
Wayne,PRECINCT 14,BALLOTS CAST,,REP,BALLOTS CAST - REPUBLICAN,162
Wayne,PRECINCT 16,BALLOTS CAST,,REP,BALLOTS CAST - REPUBLICAN,45
Wayne,PRECINCT 17,BALLOTS CAST,,REP,BALLOTS CAST - REPUBLICAN,140
Wayne,PRECINCT 18,BALLOTS CAST,,REP,BALLOTS CAST - REPUBLICAN,47
Wayne,PRECINCT 19,BALLOTS CAST,,REP,BALLOTS CAST - REPUBLICAN,113
Wayne,PRECINCT 20,BALLOTS CAST,,REP,BALLOTS CAST - REPUBLICAN,46
Wayne,PRECINCT 21,BALLOTS CAST,,REP,BALLOTS CAST - REPUBLICAN,50
Wayne,PRECINCT 22,BALLOTS CAST,,REP,BALLOTS CAST - REPUBLICAN,100
Wayne,PRECINCT 30,BALLOTS CAST,,REP,BALLOTS CAST - REPUBLICAN,95
Wayne,PRECINCT 31,BALLOTS CAST,,REP,BALLOTS CAST - REPUBLICAN,65
Wayne,PRECINCT 34,BALLOTS CAST,,REP,BALLOTS CAST - REPUBLICAN,45
Wayne,PRECINCT 36,BALLOTS CAST,,REP,BALLOTS CAST - REPUBLICAN,36
Wayne,PRECINCT 37,BALLOTS CAST,,REP,BALLOTS CAST - REPUBLICAN,91
Wayne,PRECINCT 38,BALLOTS CAST,,REP,BALLOTS CAST - REPUBLICAN,47
Wayne,PRECINCT 41,BALLOTS CAST,,REP,BALLOTS CAST - REPUBLICAN,65
Wayne,PRECINCT 42,BALLOTS CAST,,REP,BALLOTS CAST - REPUBLICAN,15
Wayne,PRECINCT 45,BALLOTS CAST,,REP,BALLOTS CAST - REPUBLICAN,46
Wayne,PRECINCT 48,BALLOTS CAST,,REP,BALLOTS CAST - REPUBLICAN,65
Wayne,PRECINCT 49,BALLOTS CAST,,REP,BALLOTS CAST - REPUBLICAN,102
Wayne,PRECINCT 50,BALLOTS CAST,,REP,BALLOTS CAST - REPUBLICAN,80
Wayne,PRECINCT 51,BALLOTS CAST,,REP,BALLOTS CAST - REPUBLICAN,215
Wayne,PRECINCT 52,BALLOTS CAST,,REP,BALLOTS CAST - REPUBLICAN,22
Wayne,PRECINCT 53,BALLOTS CAST,,REP,BALLOTS CAST - REPUBLICAN,95
Wayne,PRECINCT 54,BALLOTS CAST,,REP,BALLOTS CAST - REPUBLICAN,91
Wayne,PRECINCT 56,BALLOTS CAST,,REP,BALLOTS CAST - REPUBLICAN,95
Wayne,PRECINCT 57,BALLOTS CAST,,REP,BALLOTS CAST - REPUBLICAN,142
Wayne,PRECINCT 59,BALLOTS CAST,,REP,BALLOTS CAST - REPUBLICAN,71
Wayne,PRECINCT 60,BALLOTS CAST,,REP,BALLOTS CAST - REPUBLICAN,63
Wayne,PRECINCT 61,BALLOTS CAST,,REP,BALLOTS CAST - REPUBLICAN,45
Wayne,PRECINCT 62,BALLOTS CAST,,REP,BALLOTS CAST - REPUBLICAN,51
Wayne,PRECINCT 63,BALLOTS CAST,,REP,BALLOTS CAST - REPUBLICAN,25
Wayne,PRECINCT 1,BALLOTS CAST,,DEM,BALLOTS CAST - DEMOCRATIC,57
Wayne,PRECINCT 2,BALLOTS CAST,,DEM,BALLOTS CAST - DEMOCRATIC,13
Wayne,PRECINCT 3,BALLOTS CAST,,DEM,BALLOTS CAST - DEMOCRATIC,20
Wayne,PRECINCT 5,BALLOTS CAST,,DEM,BALLOTS CAST - DEMOCRATIC,37
Wayne,PRECINCT 6,BALLOTS CAST,,DEM,BALLOTS CAST - DEMOCRATIC,32
Wayne,PRECINCT 12,BALLOTS CAST,,DEM,BALLOTS CAST - DEMOCRATIC,89
Wayne,PRECINCT 13,BALLOTS CAST,,DEM,BALLOTS CAST - DEMOCRATIC,75
Wayne,PRECINCT 14,BALLOTS CAST,,DEM,BALLOTS CAST - DEMOCRATIC,106
Wayne,PRECINCT 16,BALLOTS CAST,,DEM,BALLOTS CAST - DEMOCRATIC,32
Wayne,PRECINCT 17,BALLOTS CAST,,DEM,BALLOTS CAST - DEMOCRATIC,112
Wayne,PRECINCT 18,BALLOTS CAST,,DEM,BALLOTS CAST - DEMOCRATIC,51
Wayne,PRECINCT 19,BALLOTS CAST,,DEM,BALLOTS CAST - DEMOCRATIC,56
Wayne,PRECINCT 20,BALLOTS CAST,,DEM,BALLOTS CAST - DEMOCRATIC,70
Wayne,PRECINCT 21,BALLOTS CAST,,DEM,BALLOTS CAST - DEMOCRATIC,57
Wayne,PRECINCT 22,BALLOTS CAST,,DEM,BALLOTS CAST - DEMOCRATIC,72
Wayne,PRECINCT 30,BALLOTS CAST,,DEM,BALLOTS CAST - DEMOCRATIC,63
Wayne,PRECINCT 31,BALLOTS CAST,,DEM,BALLOTS CAST - DEMOCRATIC,63
Wayne,PRECINCT 34,BALLOTS CAST,,DEM,BALLOTS CAST - DEMOCRATIC,48
Wayne,PRECINCT 36,BALLOTS CAST,,DEM,BALLOTS CAST - DEMOCRATIC,42
Wayne,PRECINCT 37,BALLOTS CAST,,DEM,BALLOTS CAST - DEMOCRATIC,56
Wayne,PRECINCT 38,BALLOTS CAST,,DEM,BALLOTS CAST - DEMOCRATIC,55
Wayne,PRECINCT 41,BALLOTS CAST,,DEM,BALLOTS CAST - DEMOCRATIC,79
Wayne,PRECINCT 42,BALLOTS CAST,,DEM,BALLOTS CAST - DEMOCRATIC,41
Wayne,PRECINCT 45,BALLOTS CAST,,DEM,BALLOTS CAST - DEMOCRATIC,58
Wayne,PRECINCT 48,BALLOTS CAST,,DEM,BALLOTS CAST - DEMOCRATIC,91
Wayne,PRECINCT 49,BALLOTS CAST,,DEM,BALLOTS CAST - DEMOCRATIC,94
Wayne,PRECINCT 50,BALLOTS CAST,,DEM,BALLOTS CAST - DEMOCRATIC,109
Wayne,PRECINCT 51,BALLOTS CAST,,DEM,BALLOTS CAST - DEMOCRATIC,307
Wayne,PRECINCT 52,BALLOTS CAST,,DEM,BALLOTS CAST - DEMOCRATIC,22
Wayne,PRECINCT 53,BALLOTS CAST,,DEM,BALLOTS CAST - DEMOCRATIC,77
Wayne,PRECINCT 54,BALLOTS CAST,,DEM,BALLOTS CAST - DEMOCRATIC,88
Wayne,PRECINCT 56,BALLOTS CAST,,DEM,BALLOTS CAST - DEMOCRATIC,93
Wayne,PRECINCT 57,BALLOTS CAST,,DEM,BALLOTS CAST - DEMOCRATIC,84
Wayne,PRECINCT 59,BALLOTS CAST,,DEM,BALLOTS CAST - DEMOCRATIC,62
Wayne,PRECINCT 60,BALLOTS CAST,,DEM,BALLOTS CAST - DEMOCRATIC,92
Wayne,PRECINCT 61,BALLOTS CAST,,DEM,BALLOTS CAST - DEMOCRATIC,76
Wayne,PRECINCT 62,BALLOTS CAST,,DEM,BALLOTS CAST - DEMOCRATIC,49
Wayne,PRECINCT 63,BALLOTS CAST,,DEM,BALLOTS CAST - DEMOCRATIC,33
Wayne,PRECINCT 1,BALLOTS CAST,,,BALLOTS CAST - NONPARTISAN,3
Wayne,PRECINCT 2,BALLOTS CAST,,,BALLOTS CAST - NONPARTISAN,0
Wayne,PRECINCT 3,BALLOTS CAST,,,BALLOTS CAST - NONPARTISAN,0
Wayne,PRECINCT 5,BALLOTS CAST,,,BALLOTS CAST - NONPARTISAN,1
Wayne,PRECINCT 6,BALLOTS CAST,,,BALLOTS CAST - NONPARTISAN,0
Wayne,PRECINCT 12,BALLOTS CAST,,,BALLOTS CAST - NONPARTISAN,0
Wayne,PRECINCT 13,BALLOTS CAST,,,BALLOTS CAST - NONPARTISAN,2
Wayne,PRECINCT 14,BALLOTS CAST,,,BALLOTS CAST - NONPARTISAN,8
Wayne,PRECINCT 16,BALLOTS CAST,,,BALLOTS CAST - NONPARTISAN,1
Wayne,PRECINCT 17,BALLOTS CAST,,,BALLOTS CAST - NONPARTISAN,5
Wayne,PRECINCT 18,BALLOTS CAST,,,BALLOTS CAST - NONPARTISAN,0
Wayne,PRECINCT 19,BALLOTS CAST,,,BALLOTS CAST - NONPARTISAN,4
Wayne,PRECINCT 20,BALLOTS CAST,,,BALLOTS CAST - NONPARTISAN,0
Wayne,PRECINCT 21,BALLOTS CAST,,,BALLOTS CAST - NONPARTISAN,2
Wayne,PRECINCT 22,BALLOTS CAST,,,BALLOTS CAST - NONPARTISAN,5
Wayne,PRECINCT 30,BALLOTS CAST,,,BALLOTS CAST - NONPARTISAN,0
Wayne,PRECINCT 31,BALLOTS CAST,,,BALLOTS CAST - NONPARTISAN,1
Wayne,PRECINCT 34,BALLOTS CAST,,,BALLOTS CAST - NONPARTISAN,0
Wayne,PRECINCT 36,BALLOTS CAST,,,BALLOTS CAST - NONPARTISAN,0
Wayne,PRECINCT 37,BALLOTS CAST,,,BALLOTS CAST - NONPARTISAN,2
Wayne,PRECINCT 38,BALLOTS CAST,,,BALLOTS CAST - NONPARTISAN,1
Wayne,PRECINCT 41,BALLOTS CAST,,,BALLOTS CAST - NONPARTISAN,0
Wayne,PRECINCT 42,BALLOTS CAST,,,BALLOTS CAST - NONPARTISAN,0
Wayne,PRECINCT 45,BALLOTS CAST,,,BALLOTS CAST - NONPARTISAN,2
Wayne,PRECINCT 48,BALLOTS CAST,,,BALLOTS CAST - NONPARTISAN,1
Wayne,PRECINCT 49,BALLOTS CAST,,,BALLOTS CAST - NONPARTISAN,7
Wayne,PRECINCT 50,BALLOTS CAST,,,BALLOTS CAST - NONPARTISAN,3
Wayne,PRECINCT 51,BALLOTS CAST,,,BALLOTS CAST - NONPARTISAN,21
Wayne,PRECINCT 52,BALLOTS CAST,,,BALLOTS CAST - NONPARTISAN,2
Wayne,PRECINCT 53,BALLOTS CAST,,,BALLOTS CAST - NONPARTISAN,3
Wayne,PRECINCT 54,BALLOTS CAST,,,BALLOTS CAST - NONPARTISAN,1
Wayne,PRECINCT 56,BALLOTS CAST,,,BALLOTS CAST - NONPARTISAN,2
Wayne,PRECINCT 57,BALLOTS CAST,,,BALLOTS CAST - NONPARTISAN,1
Wayne,PRECINCT 59,BALLOTS CAST,,,BALLOTS CAST - NONPARTISAN,0
Wayne,PRECINCT 60,BALLOTS CAST,,,BALLOTS CAST - NONPARTISAN,0
Wayne,PRECINCT 61,BALLOTS CAST,,,BALLOTS CAST - NONPARTISAN,1
Wayne,PRECINCT 62,BALLOTS CAST,,,BALLOTS CAST - NONPARTISAN,1
Wayne,PRECINCT 63,BALLOTS CAST,,,BALLOTS CAST - NONPARTISAN,1
Wayne,PRECINCT 1,U.S. House,1,REP,CAROL MILLER,46
Wayne,PRECINCT 2,U.S. House,1,REP,CAROL MILLER,6
Wayne,PRECINCT 3,U.S. House,1,REP,CAROL MILLER,7
Wayne,PRECINCT 5,U.S. House,1,REP,CAROL MILLER,46
Wayne,PRECINCT 6,U.S. House,1,REP,CAROL MILLER,25
Wayne,PRECINCT 12,U.S. House,1,REP,CAROL MILLER,41
Wayne,PRECINCT 13,U.S. House,1,REP,CAROL MILLER,27
Wayne,PRECINCT 14,U.S. House,1,REP,CAROL MILLER,87
Wayne,PRECINCT 16,U.S. House,1,REP,CAROL MILLER,25
Wayne,PRECINCT 17,U.S. House,1,REP,CAROL MILLER,70
Wayne,PRECINCT 18,U.S. House,1,REP,CAROL MILLER,28
Wayne,PRECINCT 19,U.S. House,1,REP,CAROL MILLER,61
Wayne,PRECINCT 20,U.S. House,1,REP,CAROL MILLER,29
Wayne,PRECINCT 21,U.S. House,1,REP,CAROL MILLER,27
Wayne,PRECINCT 22,U.S. House,1,REP,CAROL MILLER,55
Wayne,PRECINCT 30,U.S. House,1,REP,CAROL MILLER,53
Wayne,PRECINCT 31,U.S. House,1,REP,CAROL MILLER,46
Wayne,PRECINCT 34,U.S. House,1,REP,CAROL MILLER,16
Wayne,PRECINCT 36,U.S. House,1,REP,CAROL MILLER,23
Wayne,PRECINCT 37,U.S. House,1,REP,CAROL MILLER,44
Wayne,PRECINCT 38,U.S. House,1,REP,CAROL MILLER,21
Wayne,PRECINCT 41,U.S. House,1,REP,CAROL MILLER,43
Wayne,PRECINCT 42,U.S. House,1,REP,CAROL MILLER,8
Wayne,PRECINCT 45,U.S. House,1,REP,CAROL MILLER,21
Wayne,PRECINCT 48,U.S. House,1,REP,CAROL MILLER,34
Wayne,PRECINCT 49,U.S. House,1,REP,CAROL MILLER,48
Wayne,PRECINCT 50,U.S. House,1,REP,CAROL MILLER,52
Wayne,PRECINCT 51,U.S. House,1,REP,CAROL MILLER,89
Wayne,PRECINCT 52,U.S. House,1,REP,CAROL MILLER,12
Wayne,PRECINCT 53,U.S. House,1,REP,CAROL MILLER,57
Wayne,PRECINCT 54,U.S. House,1,REP,CAROL MILLER,58
Wayne,PRECINCT 56,U.S. House,1,REP,CAROL MILLER,37
Wayne,PRECINCT 57,U.S. House,1,REP,CAROL MILLER,81
Wayne,PRECINCT 59,U.S. House,1,REP,CAROL MILLER,27
Wayne,PRECINCT 60,U.S. House,1,REP,CAROL MILLER,30
Wayne,PRECINCT 61,U.S. House,1,REP,CAROL MILLER,26
Wayne,PRECINCT 62,U.S. House,1,REP,CAROL MILLER,16
Wayne,PRECINCT 63,U.S. House,1,REP,CAROL MILLER,11
Wayne,PRECINCT 1,U.S. House,1,REP,JAMES EDWIN HOUSER,0
Wayne,PRECINCT 2,U.S. House,1,REP,JAMES EDWIN HOUSER,0
Wayne,PRECINCT 3,U.S. House,1,REP,JAMES EDWIN HOUSER,0
Wayne,PRECINCT 5,U.S. House,1,REP,JAMES EDWIN HOUSER,0
Wayne,PRECINCT 6,U.S. House,1,REP,JAMES EDWIN HOUSER,0
Wayne,PRECINCT 12,U.S. House,1,REP,JAMES EDWIN HOUSER,1
Wayne,PRECINCT 13,U.S. House,1,REP,JAMES EDWIN HOUSER,0
Wayne,PRECINCT 14,U.S. House,1,REP,JAMES EDWIN HOUSER,2
Wayne,PRECINCT 16,U.S. House,1,REP,JAMES EDWIN HOUSER,0
Wayne,PRECINCT 17,U.S. House,1,REP,JAMES EDWIN HOUSER,0
Wayne,PRECINCT 18,U.S. House,1,REP,JAMES EDWIN HOUSER,0
Wayne,PRECINCT 19,U.S. House,1,REP,JAMES EDWIN HOUSER,1
Wayne,PRECINCT 20,U.S. House,1,REP,JAMES EDWIN HOUSER,0
Wayne,PRECINCT 21,U.S. House,1,REP,JAMES EDWIN HOUSER,0
Wayne,PRECINCT 22,U.S. House,1,REP,JAMES EDWIN HOUSER,0
Wayne,PRECINCT 30,U.S. House,1,REP,JAMES EDWIN HOUSER,0
Wayne,PRECINCT 31,U.S. House,1,REP,JAMES EDWIN HOUSER,2
Wayne,PRECINCT 34,U.S. House,1,REP,JAMES EDWIN HOUSER,0
Wayne,PRECINCT 36,U.S. House,1,REP,JAMES EDWIN HOUSER,0
Wayne,PRECINCT 37,U.S. House,1,REP,JAMES EDWIN HOUSER,0
Wayne,PRECINCT 38,U.S. House,1,REP,JAMES EDWIN HOUSER,0
Wayne,PRECINCT 41,U.S. House,1,REP,JAMES EDWIN HOUSER,2
Wayne,PRECINCT 42,U.S. House,1,REP,JAMES EDWIN HOUSER,0
Wayne,PRECINCT 45,U.S. House,1,REP,JAMES EDWIN HOUSER,0
Wayne,PRECINCT 48,U.S. House,1,REP,JAMES EDWIN HOUSER,1
Wayne,PRECINCT 49,U.S. House,1,REP,JAMES EDWIN HOUSER,1
Wayne,PRECINCT 50,U.S. House,1,REP,JAMES EDWIN HOUSER,0
Wayne,PRECINCT 51,U.S. House,1,REP,JAMES EDWIN HOUSER,0
Wayne,PRECINCT 52,U.S. House,1,REP,JAMES EDWIN HOUSER,0
Wayne,PRECINCT 53,U.S. House,1,REP,JAMES EDWIN HOUSER,2
Wayne,PRECINCT 54,U.S. House,1,REP,JAMES EDWIN HOUSER,0
Wayne,PRECINCT 56,U.S. House,1,REP,JAMES EDWIN HOUSER,0
Wayne,PRECINCT 57,U.S. House,1,REP,JAMES EDWIN HOUSER,2
Wayne,PRECINCT 59,U.S. House,1,REP,JAMES EDWIN HOUSER,0
Wayne,PRECINCT 60,U.S. House,1,REP,JAMES EDWIN HOUSER,1
Wayne,PRECINCT 61,U.S. House,1,REP,JAMES EDWIN HOUSER,0
Wayne,PRECINCT 62,U.S. House,1,REP,JAMES EDWIN HOUSER,1
Wayne,PRECINCT 63,U.S. House,1,REP,JAMES EDWIN HOUSER,0
Wayne,PRECINCT 1,U.S. House,1,REP,ZANE LAWHORN,1
Wayne,PRECINCT 2,U.S. House,1,REP,ZANE LAWHORN,0
Wayne,PRECINCT 3,U.S. House,1,REP,ZANE LAWHORN,1
Wayne,PRECINCT 5,U.S. House,1,REP,ZANE LAWHORN,0
Wayne,PRECINCT 6,U.S. House,1,REP,ZANE LAWHORN,0
Wayne,PRECINCT 12,U.S. House,1,REP,ZANE LAWHORN,0
Wayne,PRECINCT 13,U.S. House,1,REP,ZANE LAWHORN,0
Wayne,PRECINCT 14,U.S. House,1,REP,ZANE LAWHORN,0
Wayne,PRECINCT 16,U.S. House,1,REP,ZANE LAWHORN,0
Wayne,PRECINCT 17,U.S. House,1,REP,ZANE LAWHORN,1
Wayne,PRECINCT 18,U.S. House,1,REP,ZANE LAWHORN,0
Wayne,PRECINCT 19,U.S. House,1,REP,ZANE LAWHORN,4
Wayne,PRECINCT 20,U.S. House,1,REP,ZANE LAWHORN,0
Wayne,PRECINCT 21,U.S. House,1,REP,ZANE LAWHORN,1
Wayne,PRECINCT 22,U.S. House,1,REP,ZANE LAWHORN,4
Wayne,PRECINCT 30,U.S. House,1,REP,ZANE LAWHORN,2
Wayne,PRECINCT 31,U.S. House,1,REP,ZANE LAWHORN,1
Wayne,PRECINCT 34,U.S. House,1,REP,ZANE LAWHORN,2
Wayne,PRECINCT 36,U.S. House,1,REP,ZANE LAWHORN,1
Wayne,PRECINCT 37,U.S. House,1,REP,ZANE LAWHORN,0
Wayne,PRECINCT 38,U.S. House,1,REP,ZANE LAWHORN,0
Wayne,PRECINCT 41,U.S. House,1,REP,ZANE LAWHORN,2
Wayne,PRECINCT 42,U.S. House,1,REP,ZANE LAWHORN,0
Wayne,PRECINCT 45,U.S. House,1,REP,ZANE LAWHORN,1
Wayne,PRECINCT 48,U.S. House,1,REP,ZANE LAWHORN,1
Wayne,PRECINCT 49,U.S. House,1,REP,ZANE LAWHORN,1
Wayne,PRECINCT 50,U.S. House,1,REP,ZANE LAWHORN,0
Wayne,PRECINCT 51,U.S. House,1,REP,ZANE LAWHORN,0
Wayne,PRECINCT 52,U.S. House,1,REP,ZANE LAWHORN,0
Wayne,PRECINCT 53,U.S. House,1,REP,ZANE LAWHORN,0
Wayne,PRECINCT 54,U.S. House,1,REP,ZANE LAWHORN,2
Wayne,PRECINCT 56,U.S. House,1,REP,ZANE LAWHORN,2
Wayne,PRECINCT 57,U.S. House,1,REP,ZANE LAWHORN,1
Wayne,PRECINCT 59,U.S. House,1,REP,ZANE LAWHORN,1
Wayne,PRECINCT 60,U.S. House,1,REP,ZANE LAWHORN,1
Wayne,PRECINCT 61,U.S. House,1,REP,ZANE LAWHORN,0
Wayne,PRECINCT 62,U.S. House,1,REP,ZANE LAWHORN,1
Wayne,PRECINCT 63,U.S. House,1,REP,ZANE LAWHORN,1
Wayne,PRECINCT 1,U.S. House,1,REP,KENT STEVENS,3
Wayne,PRECINCT 2,U.S. House,1,REP,KENT STEVENS,0
Wayne,PRECINCT 3,U.S. House,1,REP,KENT STEVENS,0
Wayne,PRECINCT 5,U.S. House,1,REP,KENT STEVENS,3
Wayne,PRECINCT 6,U.S. House,1,REP,KENT STEVENS,0
Wayne,PRECINCT 12,U.S. House,1,REP,KENT STEVENS,1
Wayne,PRECINCT 13,U.S. House,1,REP,KENT STEVENS,0
Wayne,PRECINCT 14,U.S. House,1,REP,KENT STEVENS,0
Wayne,PRECINCT 16,U.S. House,1,REP,KENT STEVENS,1
Wayne,PRECINCT 17,U.S. House,1,REP,KENT STEVENS,0
Wayne,PRECINCT 18,U.S. House,1,REP,KENT STEVENS,1
Wayne,PRECINCT 19,U.S. House,1,REP,KENT STEVENS,0
Wayne,PRECINCT 20,U.S. House,1,REP,KENT STEVENS,0
Wayne,PRECINCT 21,U.S. House,1,REP,KENT STEVENS,1
Wayne,PRECINCT 22,U.S. House,1,REP,KENT STEVENS,0
Wayne,PRECINCT 30,U.S. House,1,REP,KENT STEVENS,1
Wayne,PRECINCT 31,U.S. House,1,REP,KENT STEVENS,2
Wayne,PRECINCT 34,U.S. House,1,REP,KENT STEVENS,0
Wayne,PRECINCT 36,U.S. House,1,REP,KENT STEVENS,0
Wayne,PRECINCT 37,U.S. House,1,REP,KENT STEVENS,1
Wayne,PRECINCT 38,U.S. House,1,REP,KENT STEVENS,0
Wayne,PRECINCT 41,U.S. House,1,REP,KENT STEVENS,1
Wayne,PRECINCT 42,U.S. House,1,REP,KENT STEVENS,2
Wayne,PRECINCT 45,U.S. House,1,REP,KENT STEVENS,4
Wayne,PRECINCT 48,U.S. House,1,REP,KENT STEVENS,2
Wayne,PRECINCT 49,U.S. House,1,REP,KENT STEVENS,2
Wayne,PRECINCT 50,U.S. House,1,REP,KENT STEVENS,3
Wayne,PRECINCT 51,U.S. House,1,REP,KENT STEVENS,2
Wayne,PRECINCT 52,U.S. House,1,REP,KENT STEVENS,1
Wayne,PRECINCT 53,U.S. House,1,REP,KENT STEVENS,2
Wayne,PRECINCT 54,U.S. House,1,REP,KENT STEVENS,0
Wayne,PRECINCT 56,U.S. House,1,REP,KENT STEVENS,2
Wayne,PRECINCT 57,U.S. House,1,REP,KENT STEVENS,3
Wayne,PRECINCT 59,U.S. House,1,REP,KENT STEVENS,1
Wayne,PRECINCT 60,U.S. House,1,REP,KENT STEVENS,1
Wayne,PRECINCT 61,U.S. House,1,REP,KENT STEVENS,0
Wayne,PRECINCT 62,U.S. House,1,REP,KENT STEVENS,0
Wayne,PRECINCT 63,U.S. House,1,REP,KENT STEVENS,0
Wayne,PRECINCT 1,U.S. House,1,REP,SCOTT FULLER,29
Wayne,PRECINCT 2,U.S. House,1,REP,SCOTT FULLER,3
Wayne,PRECINCT 3,U.S. House,1,REP,SCOTT FULLER,6
Wayne,PRECINCT 5,U.S. House,1,REP,SCOTT FULLER,24
Wayne,PRECINCT 6,U.S. House,1,REP,SCOTT FULLER,9
Wayne,PRECINCT 12,U.S. House,1,REP,SCOTT FULLER,41
Wayne,PRECINCT 13,U.S. House,1,REP,SCOTT FULLER,26
Wayne,PRECINCT 14,U.S. House,1,REP,SCOTT FULLER,69
Wayne,PRECINCT 16,U.S. House,1,REP,SCOTT FULLER,18
Wayne,PRECINCT 17,U.S. House,1,REP,SCOTT FULLER,67
Wayne,PRECINCT 18,U.S. House,1,REP,SCOTT FULLER,18
Wayne,PRECINCT 19,U.S. House,1,REP,SCOTT FULLER,43
Wayne,PRECINCT 20,U.S. House,1,REP,SCOTT FULLER,17
Wayne,PRECINCT 21,U.S. House,1,REP,SCOTT FULLER,21
Wayne,PRECINCT 22,U.S. House,1,REP,SCOTT FULLER,41
Wayne,PRECINCT 30,U.S. House,1,REP,SCOTT FULLER,31
Wayne,PRECINCT 31,U.S. House,1,REP,SCOTT FULLER,13
Wayne,PRECINCT 34,U.S. House,1,REP,SCOTT FULLER,24
Wayne,PRECINCT 36,U.S. House,1,REP,SCOTT FULLER,8
Wayne,PRECINCT 37,U.S. House,1,REP,SCOTT FULLER,35
Wayne,PRECINCT 38,U.S. House,1,REP,SCOTT FULLER,21
Wayne,PRECINCT 41,U.S. House,1,REP,SCOTT FULLER,13
Wayne,PRECINCT 42,U.S. House,1,REP,SCOTT FULLER,4
Wayne,PRECINCT 45,U.S. House,1,REP,SCOTT FULLER,16
Wayne,PRECINCT 48,U.S. House,1,REP,SCOTT FULLER,25
Wayne,PRECINCT 49,U.S. House,1,REP,SCOTT FULLER,49
Wayne,PRECINCT 50,U.S. House,1,REP,SCOTT FULLER,23
Wayne,PRECINCT 51,U.S. House,1,REP,SCOTT FULLER,79
Wayne,PRECINCT 52,U.S. House,1,REP,SCOTT FULLER,8
Wayne,PRECINCT 53,U.S. House,1,REP,SCOTT FULLER,32
Wayne,PRECINCT 54,U.S. House,1,REP,SCOTT FULLER,28
Wayne,PRECINCT 56,U.S. House,1,REP,SCOTT FULLER,52
Wayne,PRECINCT 57,U.S. House,1,REP,SCOTT FULLER,51
Wayne,PRECINCT 59,U.S. House,1,REP,SCOTT FULLER,42
Wayne,PRECINCT 60,U.S. House,1,REP,SCOTT FULLER,30
Wayne,PRECINCT 61,U.S. House,1,REP,SCOTT FULLER,19
Wayne,PRECINCT 62,U.S. House,1,REP,SCOTT FULLER,33
Wayne,PRECINCT 63,U.S. House,1,REP,SCOTT FULLER,13
Wayne,PRECINCT 1,U.S. House,1,DEM,MR. LACY WATSON,24
Wayne,PRECINCT 2,U.S. House,1,DEM,MR. LACY WATSON,9
Wayne,PRECINCT 3,U.S. House,1,DEM,MR. LACY WATSON,14
Wayne,PRECINCT 5,U.S. House,1,DEM,MR. LACY WATSON,16
Wayne,PRECINCT 6,U.S. House,1,DEM,MR. LACY WATSON,11
Wayne,PRECINCT 12,U.S. House,1,DEM,MR. LACY WATSON,50
Wayne,PRECINCT 13,U.S. House,1,DEM,MR. LACY WATSON,35
Wayne,PRECINCT 14,U.S. House,1,DEM,MR. LACY WATSON,47
Wayne,PRECINCT 16,U.S. House,1,DEM,MR. LACY WATSON,13
Wayne,PRECINCT 17,U.S. House,1,DEM,MR. LACY WATSON,48
Wayne,PRECINCT 18,U.S. House,1,DEM,MR. LACY WATSON,26
Wayne,PRECINCT 19,U.S. House,1,DEM,MR. LACY WATSON,30
Wayne,PRECINCT 20,U.S. House,1,DEM,MR. LACY WATSON,32
Wayne,PRECINCT 21,U.S. House,1,DEM,MR. LACY WATSON,29
Wayne,PRECINCT 22,U.S. House,1,DEM,MR. LACY WATSON,38
Wayne,PRECINCT 30,U.S. House,1,DEM,MR. LACY WATSON,16
Wayne,PRECINCT 31,U.S. House,1,DEM,MR. LACY WATSON,22
Wayne,PRECINCT 34,U.S. House,1,DEM,MR. LACY WATSON,18
Wayne,PRECINCT 36,U.S. House,1,DEM,MR. LACY WATSON,17
Wayne,PRECINCT 37,U.S. House,1,DEM,MR. LACY WATSON,24
Wayne,PRECINCT 38,U.S. House,1,DEM,MR. LACY WATSON,15
Wayne,PRECINCT 41,U.S. House,1,DEM,MR. LACY WATSON,26
Wayne,PRECINCT 42,U.S. House,1,DEM,MR. LACY WATSON,19
Wayne,PRECINCT 45,U.S. House,1,DEM,MR. LACY WATSON,23
Wayne,PRECINCT 48,U.S. House,1,DEM,MR. LACY WATSON,38
Wayne,PRECINCT 49,U.S. House,1,DEM,MR. LACY WATSON,42
Wayne,PRECINCT 50,U.S. House,1,DEM,MR. LACY WATSON,44
Wayne,PRECINCT 51,U.S. House,1,DEM,MR. LACY WATSON,93
Wayne,PRECINCT 52,U.S. House,1,DEM,MR. LACY WATSON,9
Wayne,PRECINCT 53,U.S. House,1,DEM,MR. LACY WATSON,23
Wayne,PRECINCT 54,U.S. House,1,DEM,MR. LACY WATSON,30
Wayne,PRECINCT 56,U.S. House,1,DEM,MR. LACY WATSON,48
Wayne,PRECINCT 57,U.S. House,1,DEM,MR. LACY WATSON,39
Wayne,PRECINCT 59,U.S. House,1,DEM,MR. LACY WATSON,42
Wayne,PRECINCT 60,U.S. House,1,DEM,MR. LACY WATSON,54
Wayne,PRECINCT 61,U.S. House,1,DEM,MR. LACY WATSON,39
Wayne,PRECINCT 62,U.S. House,1,DEM,MR. LACY WATSON,26
Wayne,PRECINCT 63,U.S. House,1,DEM,MR. LACY WATSON,26
Wayne,PRECINCT 2,State Senate,5,REP,MELISSA CLARK,7
Wayne,PRECINCT 5,State Senate,5,REP,MELISSA CLARK,49
Wayne,PRECINCT 12,State Senate,5,REP,MELISSA CLARK,41
Wayne,PRECINCT 13,State Senate,5,REP,MELISSA CLARK,31
Wayne,PRECINCT 14,State Senate,5,REP,MELISSA CLARK,91
Wayne,PRECINCT 16,State Senate,5,REP,MELISSA CLARK,27
Wayne,PRECINCT 17,State Senate,5,REP,MELISSA CLARK,81
Wayne,PRECINCT 18,State Senate,5,REP,MELISSA CLARK,34
Wayne,PRECINCT 19,State Senate,5,REP,MELISSA CLARK,53
Wayne,PRECINCT 20,State Senate,5,REP,MELISSA CLARK,22
Wayne,PRECINCT 21,State Senate,5,REP,MELISSA CLARK,28
Wayne,PRECINCT 22,State Senate,5,REP,MELISSA CLARK,62
Wayne,PRECINCT 36,State Senate,5,REP,MELISSA CLARK,15
Wayne,PRECINCT 41,State Senate,5,REP,MELISSA CLARK,42
Wayne,PRECINCT 42,State Senate,5,REP,MELISSA CLARK,4
Wayne,PRECINCT 48,State Senate,5,REP,MELISSA CLARK,42
Wayne,PRECINCT 49,State Senate,5,REP,MELISSA CLARK,70
Wayne,PRECINCT 50,State Senate,5,REP,MELISSA CLARK,42
Wayne,PRECINCT 51,State Senate,5,REP,MELISSA CLARK,93
Wayne,PRECINCT 52,State Senate,5,REP,MELISSA CLARK,15
Wayne,PRECINCT 53,State Senate,5,REP,MELISSA CLARK,46
Wayne,PRECINCT 54,State Senate,5,REP,MELISSA CLARK,52
Wayne,PRECINCT 56,State Senate,5,REP,MELISSA CLARK,48
Wayne,PRECINCT 57,State Senate,5,REP,MELISSA CLARK,86
Wayne,PRECINCT 59,State Senate,5,REP,MELISSA CLARK,50
Wayne,PRECINCT 60,State Senate,5,REP,MELISSA CLARK,33
Wayne,PRECINCT 61,State Senate,5,REP,MELISSA CLARK,25
Wayne,PRECINCT 62,State Senate,5,REP,MELISSA CLARK,25
Wayne,PRECINCT 63,State Senate,5,REP,MELISSA CLARK,14
Wayne,PRECINCT 2,State Senate,5,DEM,MIKE WOELFEL,9
Wayne,PRECINCT 5,State Senate,5,DEM,MIKE WOELFEL,27
Wayne,PRECINCT 12,State Senate,5,DEM,MIKE WOELFEL,62
Wayne,PRECINCT 13,State Senate,5,DEM,MIKE WOELFEL,55
Wayne,PRECINCT 14,State Senate,5,DEM,MIKE WOELFEL,91
Wayne,PRECINCT 16,State Senate,5,DEM,MIKE WOELFEL,25
Wayne,PRECINCT 17,State Senate,5,DEM,MIKE WOELFEL,85
Wayne,PRECINCT 18,State Senate,5,DEM,MIKE WOELFEL,44
Wayne,PRECINCT 19,State Senate,5,DEM,MIKE WOELFEL,50
Wayne,PRECINCT 20,State Senate,5,DEM,MIKE WOELFEL,46
Wayne,PRECINCT 21,State Senate,5,DEM,MIKE WOELFEL,42
Wayne,PRECINCT 22,State Senate,5,DEM,MIKE WOELFEL,58
Wayne,PRECINCT 36,State Senate,5,DEM,MIKE WOELFEL,18
Wayne,PRECINCT 41,State Senate,5,DEM,MIKE WOELFEL,38
Wayne,PRECINCT 42,State Senate,5,DEM,MIKE WOELFEL,20
Wayne,PRECINCT 48,State Senate,5,DEM,MIKE WOELFEL,71
Wayne,PRECINCT 49,State Senate,5,DEM,MIKE WOELFEL,71
Wayne,PRECINCT 50,State Senate,5,DEM,MIKE WOELFEL,72
Wayne,PRECINCT 51,State Senate,5,DEM,MIKE WOELFEL,162
Wayne,PRECINCT 52,State Senate,5,DEM,MIKE WOELFEL,8
Wayne,PRECINCT 53,State Senate,5,DEM,MIKE WOELFEL,53
Wayne,PRECINCT 54,State Senate,5,DEM,MIKE WOELFEL,59
Wayne,PRECINCT 56,State Senate,5,DEM,MIKE WOELFEL,70
Wayne,PRECINCT 57,State Senate,5,DEM,MIKE WOELFEL,70
Wayne,PRECINCT 59,State Senate,5,DEM,MIKE WOELFEL,55
Wayne,PRECINCT 60,State Senate,5,DEM,MIKE WOELFEL,74
Wayne,PRECINCT 61,State Senate,5,DEM,MIKE WOELFEL,65
Wayne,PRECINCT 62,State Senate,5,DEM,MIKE WOELFEL,40
Wayne,PRECINCT 63,State Senate,5,DEM,MIKE WOELFEL,29
Wayne,PRECINCT 1,State Senate,6,REP,WESLEY BLANKENSHIP,7
Wayne,PRECINCT 3,State Senate,6,REP,WESLEY BLANKENSHIP,1
Wayne,PRECINCT 6,State Senate,6,REP,WESLEY BLANKENSHIP,1
Wayne,PRECINCT 30,State Senate,6,REP,WESLEY BLANKENSHIP,12
Wayne,PRECINCT 31,State Senate,6,REP,WESLEY BLANKENSHIP,5
Wayne,PRECINCT 34,State Senate,6,REP,WESLEY BLANKENSHIP,3
Wayne,PRECINCT 37,State Senate,6,REP,WESLEY BLANKENSHIP,2
Wayne,PRECINCT 38,State Senate,6,REP,WESLEY BLANKENSHIP,3
Wayne,PRECINCT 45,State Senate,6,REP,WESLEY BLANKENSHIP,8
Wayne,PRECINCT 1,State Senate,6,REP,SABRINA GRACE,7
Wayne,PRECINCT 3,State Senate,6,REP,SABRINA GRACE,1
Wayne,PRECINCT 6,State Senate,6,REP,SABRINA GRACE,3
Wayne,PRECINCT 30,State Senate,6,REP,SABRINA GRACE,13
Wayne,PRECINCT 31,State Senate,6,REP,SABRINA GRACE,7
Wayne,PRECINCT 34,State Senate,6,REP,SABRINA GRACE,7
Wayne,PRECINCT 37,State Senate,6,REP,SABRINA GRACE,10
Wayne,PRECINCT 38,State Senate,6,REP,SABRINA GRACE,5
Wayne,PRECINCT 45,State Senate,6,REP,SABRINA GRACE,6
Wayne,PRECINCT 1,State Senate,6,REP,MARK R. MAYNARD,62
Wayne,PRECINCT 3,State Senate,6,REP,MARK R. MAYNARD,11
Wayne,PRECINCT 6,State Senate,6,REP,MARK R. MAYNARD,25
Wayne,PRECINCT 30,State Senate,6,REP,MARK R. MAYNARD,63
Wayne,PRECINCT 31,State Senate,6,REP,MARK R. MAYNARD,48
Wayne,PRECINCT 34,State Senate,6,REP,MARK R. MAYNARD,30
Wayne,PRECINCT 37,State Senate,6,REP,MARK R. MAYNARD,69
Wayne,PRECINCT 38,State Senate,6,REP,MARK R. MAYNARD,36
Wayne,PRECINCT 45,State Senate,6,REP,MARK R. MAYNARD,27
Wayne,PRECINCT 1,State Senate,6,DEM,TIFFANY CLEMINS,24
Wayne,PRECINCT 3,State Senate,6,DEM,TIFFANY CLEMINS,13
Wayne,PRECINCT 6,State Senate,6,DEM,TIFFANY CLEMINS,7
Wayne,PRECINCT 30,State Senate,6,DEM,TIFFANY CLEMINS,13
Wayne,PRECINCT 31,State Senate,6,DEM,TIFFANY CLEMINS,17
Wayne,PRECINCT 34,State Senate,6,DEM,TIFFANY CLEMINS,16
Wayne,PRECINCT 37,State Senate,6,DEM,TIFFANY CLEMINS,23
Wayne,PRECINCT 38,State Senate,6,DEM,TIFFANY CLEMINS,14
Wayne,PRECINCT 45,State Senate,6,DEM,TIFFANY CLEMINS,19
Wayne,PRECINCT 12,State House,27,REP,JEFF MAYNARD,61
Wayne,PRECINCT 13,State House,27,REP,JEFF MAYNARD,46
Wayne,PRECINCT 20,State House,27,REP,JEFF MAYNARD,34
Wayne,PRECINCT 21,State House,27,REP,JEFF MAYNARD,39
Wayne,PRECINCT 56,State House,27,REP,JEFF MAYNARD,82
Wayne,PRECINCT 59,State House,27,REP,JEFF MAYNARD,62
Wayne,PRECINCT 60,State House,27,REP,JEFF MAYNARD,54
Wayne,PRECINCT 61,State House,27,REP,JEFF MAYNARD,36
Wayne,PRECINCT 62,State House,27,REP,JEFF MAYNARD,37
Wayne,PRECINCT 63,State House,27,REP,JEFF MAYNARD,21
Wayne,PRECINCT 12,State House,27,DEM,RIC GRIFFITH,77
Wayne,PRECINCT 13,State House,27,DEM,RIC GRIFFITH,61
Wayne,PRECINCT 20,State House,27,DEM,RIC GRIFFITH,47
Wayne,PRECINCT 21,State House,27,DEM,RIC GRIFFITH,37
Wayne,PRECINCT 56,State House,27,DEM,RIC GRIFFITH,55
Wayne,PRECINCT 59,State House,27,DEM,RIC GRIFFITH,33
Wayne,PRECINCT 60,State House,27,DEM,RIC GRIFFITH,36
Wayne,PRECINCT 61,State House,27,DEM,RIC GRIFFITH,44
Wayne,PRECINCT 62,State House,27,DEM,RIC GRIFFITH,33
Wayne,PRECINCT 63,State House,27,DEM,RIC GRIFFITH,20
Wayne,PRECINCT 12,State House,27,DEM,CHAD LOVEJOY,10
Wayne,PRECINCT 13,State House,27,DEM,CHAD LOVEJOY,14
Wayne,PRECINCT 20,State House,27,DEM,CHAD LOVEJOY,21
Wayne,PRECINCT 21,State House,27,DEM,CHAD LOVEJOY,19
Wayne,PRECINCT 56,State House,27,DEM,CHAD LOVEJOY,37
Wayne,PRECINCT 59,State House,27,DEM,CHAD LOVEJOY,29
Wayne,PRECINCT 60,State House,27,DEM,CHAD LOVEJOY,53
Wayne,PRECINCT 61,State House,27,DEM,CHAD LOVEJOY,28
Wayne,PRECINCT 62,State House,27,DEM,CHAD LOVEJOY,14
Wayne,PRECINCT 63,State House,27,DEM,CHAD LOVEJOY,13
Wayne,PRECINCT 3,State House,28,REP,JOSH BOOTH,3
Wayne,PRECINCT 5,State House,28,REP,JOSH BOOTH,24
Wayne,PRECINCT 14,State House,28,REP,JOSH BOOTH,103
Wayne,PRECINCT 16,State House,28,REP,JOSH BOOTH,29
Wayne,PRECINCT 17,State House,28,REP,JOSH BOOTH,88
Wayne,PRECINCT 18,State House,28,REP,JOSH BOOTH,22
Wayne,PRECINCT 19,State House,28,REP,JOSH BOOTH,65
Wayne,PRECINCT 22,State House,28,REP,JOSH BOOTH,59
Wayne,PRECINCT 48,State House,28,REP,JOSH BOOTH,32
Wayne,PRECINCT 49,State House,28,REP,JOSH BOOTH,39
Wayne,PRECINCT 50,State House,28,REP,JOSH BOOTH,27
Wayne,PRECINCT 51,State House,28,REP,JOSH BOOTH,72
Wayne,PRECINCT 53,State House,28,REP,JOSH BOOTH,17
Wayne,PRECINCT 54,State House,28,REP,JOSH BOOTH,23
Wayne,PRECINCT 57,State House,28,REP,JOSH BOOTH,89
Wayne,PRECINCT 3,State House,28,REP,MARK A. ROSS,11
Wayne,PRECINCT 5,State House,28,REP,MARK A. ROSS,52
Wayne,PRECINCT 14,State House,28,REP,MARK A. ROSS,57
Wayne,PRECINCT 16,State House,28,REP,MARK A. ROSS,14
Wayne,PRECINCT 17,State House,28,REP,MARK A. ROSS,47
Wayne,PRECINCT 18,State House,28,REP,MARK A. ROSS,25
Wayne,PRECINCT 19,State House,28,REP,MARK A. ROSS,43
Wayne,PRECINCT 22,State House,28,REP,MARK A. ROSS,40
Wayne,PRECINCT 48,State House,28,REP,MARK A. ROSS,30
Wayne,PRECINCT 49,State House,28,REP,MARK A. ROSS,59
Wayne,PRECINCT 50,State House,28,REP,MARK A. ROSS,48
Wayne,PRECINCT 51,State House,28,REP,MARK A. ROSS,99
Wayne,PRECINCT 53,State House,28,REP,MARK A. ROSS,68
Wayne,PRECINCT 54,State House,28,REP,MARK A. ROSS,63
Wayne,PRECINCT 57,State House,28,REP,MARK A. ROSS,45
Wayne,PRECINCT 3,State House,28,DEM,NO CANDIDATE FILED,0
Wayne,PRECINCT 5,State House,28,DEM,NO CANDIDATE FILED,0
Wayne,PRECINCT 14,State House,28,DEM,NO CANDIDATE FILED,0
Wayne,PRECINCT 16,State House,28,DEM,NO CANDIDATE FILED,0
Wayne,PRECINCT 17,State House,28,DEM,NO CANDIDATE FILED,0
Wayne,PRECINCT 18,State House,28,DEM,NO CANDIDATE FILED,0
Wayne,PRECINCT 19,State House,28,DEM,NO CANDIDATE FILED,0
Wayne,PRECINCT 22,State House,28,DEM,NO CANDIDATE FILED,0
Wayne,PRECINCT 48,State House,28,DEM,NO CANDIDATE FILED,0
Wayne,PRECINCT 49,State House,28,DEM,NO CANDIDATE FILED,0
Wayne,PRECINCT 50,State House,28,DEM,NO CANDIDATE FILED,0
Wayne,PRECINCT 51,State House,28,DEM,NO CANDIDATE FILED,0
Wayne,PRECINCT 53,State House,28,DEM,NO CANDIDATE FILED,0
Wayne,PRECINCT 54,State House,28,DEM,NO CANDIDATE FILED,0
Wayne,PRECINCT 57,State House,28,DEM,NO CANDIDATE FILED,0
Wayne,PRECINCT 1,State House,29,REP,HENRY CORBETT DILLON,63
Wayne,PRECINCT 2,State House,29,REP,HENRY CORBETT DILLON,5
Wayne,PRECINCT 6,State House,29,REP,HENRY CORBETT DILLON,22
Wayne,PRECINCT 30,State House,29,REP,HENRY CORBETT DILLON,66
Wayne,PRECINCT 31,State House,29,REP,HENRY CORBETT DILLON,52
Wayne,PRECINCT 34,State House,29,REP,HENRY CORBETT DILLON,35
Wayne,PRECINCT 36,State House,29,REP,HENRY CORBETT DILLON,23
Wayne,PRECINCT 37,State House,29,REP,HENRY CORBETT DILLON,59
Wayne,PRECINCT 38,State House,29,REP,HENRY CORBETT DILLON,33
Wayne,PRECINCT 41,State House,29,REP,HENRY CORBETT DILLON,27
Wayne,PRECINCT 42,State House,29,REP,HENRY CORBETT DILLON,4
Wayne,PRECINCT 45,State House,29,REP,HENRY CORBETT DILLON,14
Wayne,PRECINCT 52,State House,29,REP,HENRY CORBETT DILLON,6
Wayne,PRECINCT 1,State House,29,REP,MATTHEW DESKINS,4
Wayne,PRECINCT 2,State House,29,REP,MATTHEW DESKINS,1
Wayne,PRECINCT 6,State House,29,REP,MATTHEW DESKINS,3
Wayne,PRECINCT 30,State House,29,REP,MATTHEW DESKINS,3
Wayne,PRECINCT 31,State House,29,REP,MATTHEW DESKINS,0
Wayne,PRECINCT 34,State House,29,REP,MATTHEW DESKINS,1
Wayne,PRECINCT 36,State House,29,REP,MATTHEW DESKINS,7
Wayne,PRECINCT 37,State House,29,REP,MATTHEW DESKINS,11
Wayne,PRECINCT 38,State House,29,REP,MATTHEW DESKINS,2
Wayne,PRECINCT 41,State House,29,REP,MATTHEW DESKINS,4
Wayne,PRECINCT 42,State House,29,REP,MATTHEW DESKINS,0
Wayne,PRECINCT 45,State House,29,REP,MATTHEW DESKINS,2
Wayne,PRECINCT 52,State House,29,REP,MATTHEW DESKINS,2
Wayne,PRECINCT 1,State House,29,REP,NATE RANDOLPH,11
Wayne,PRECINCT 2,State House,29,REP,NATE RANDOLPH,3
Wayne,PRECINCT 6,State House,29,REP,NATE RANDOLPH,9
Wayne,PRECINCT 30,State House,29,REP,NATE RANDOLPH,17
Wayne,PRECINCT 31,State House,29,REP,NATE RANDOLPH,11
Wayne,PRECINCT 34,State House,29,REP,NATE RANDOLPH,3
Wayne,PRECINCT 36,State House,29,REP,NATE RANDOLPH,4
Wayne,PRECINCT 37,State House,29,REP,NATE RANDOLPH,7
Wayne,PRECINCT 38,State House,29,REP,NATE RANDOLPH,8
Wayne,PRECINCT 41,State House,29,REP,NATE RANDOLPH,31
Wayne,PRECINCT 42,State House,29,REP,NATE RANDOLPH,10
Wayne,PRECINCT 45,State House,29,REP,NATE RANDOLPH,24
Wayne,PRECINCT 52,State House,29,REP,NATE RANDOLPH,13
Wayne,PRECINCT 1,State House,29,DEM,DAVID THOMPSON,43
Wayne,PRECINCT 2,State House,29,DEM,DAVID THOMPSON,12
Wayne,PRECINCT 6,State House,29,DEM,DAVID THOMPSON,25
Wayne,PRECINCT 30,State House,29,DEM,DAVID THOMPSON,41
Wayne,PRECINCT 31,State House,29,DEM,DAVID THOMPSON,50
Wayne,PRECINCT 34,State House,29,DEM,DAVID THOMPSON,37
Wayne,PRECINCT 36,State House,29,DEM,DAVID THOMPSON,40
Wayne,PRECINCT 37,State House,29,DEM,DAVID THOMPSON,45
Wayne,PRECINCT 38,State House,29,DEM,DAVID THOMPSON,42
Wayne,PRECINCT 41,State House,29,DEM,DAVID THOMPSON,51
Wayne,PRECINCT 42,State House,29,DEM,DAVID THOMPSON,29
Wayne,PRECINCT 45,State House,29,DEM,DAVID THOMPSON,44
Wayne,PRECINCT 52,State House,29,DEM,DAVID THOMPSON,14
Wayne,PRECINCT 2,STATE EXECUTIVE COMMITTEE,5,REP,ANNE BROCKUS DANDELET,7
Wayne,PRECINCT 5,STATE EXECUTIVE COMMITTEE,5,REP,ANNE BROCKUS DANDELET,40
Wayne,PRECINCT 12,STATE EXECUTIVE COMMITTEE,5,REP,ANNE BROCKUS DANDELET,46
Wayne,PRECINCT 13,STATE EXECUTIVE COMMITTEE,5,REP,ANNE BROCKUS DANDELET,33
Wayne,PRECINCT 14,STATE EXECUTIVE COMMITTEE,5,REP,ANNE BROCKUS DANDELET,90
Wayne,PRECINCT 16,STATE EXECUTIVE COMMITTEE,5,REP,ANNE BROCKUS DANDELET,24
Wayne,PRECINCT 17,STATE EXECUTIVE COMMITTEE,5,REP,ANNE BROCKUS DANDELET,71
Wayne,PRECINCT 18,STATE EXECUTIVE COMMITTEE,5,REP,ANNE BROCKUS DANDELET,31
Wayne,PRECINCT 19,STATE EXECUTIVE COMMITTEE,5,REP,ANNE BROCKUS DANDELET,52
Wayne,PRECINCT 20,STATE EXECUTIVE COMMITTEE,5,REP,ANNE BROCKUS DANDELET,26
Wayne,PRECINCT 21,STATE EXECUTIVE COMMITTEE,5,REP,ANNE BROCKUS DANDELET,28
Wayne,PRECINCT 22,STATE EXECUTIVE COMMITTEE,5,REP,ANNE BROCKUS DANDELET,56
Wayne,PRECINCT 36,STATE EXECUTIVE COMMITTEE,5,REP,ANNE BROCKUS DANDELET,19
Wayne,PRECINCT 41,STATE EXECUTIVE COMMITTEE,5,REP,ANNE BROCKUS DANDELET,38
Wayne,PRECINCT 42,STATE EXECUTIVE COMMITTEE,5,REP,ANNE BROCKUS DANDELET,4
Wayne,PRECINCT 48,STATE EXECUTIVE COMMITTEE,5,REP,ANNE BROCKUS DANDELET,39
Wayne,PRECINCT 49,STATE EXECUTIVE COMMITTEE,5,REP,ANNE BROCKUS DANDELET,58
Wayne,PRECINCT 50,STATE EXECUTIVE COMMITTEE,5,REP,ANNE BROCKUS DANDELET,37
Wayne,PRECINCT 51,STATE EXECUTIVE COMMITTEE,5,REP,ANNE BROCKUS DANDELET,85
Wayne,PRECINCT 52,STATE EXECUTIVE COMMITTEE,5,REP,ANNE BROCKUS DANDELET,8
Wayne,PRECINCT 53,STATE EXECUTIVE COMMITTEE,5,REP,ANNE BROCKUS DANDELET,46
Wayne,PRECINCT 54,STATE EXECUTIVE COMMITTEE,5,REP,ANNE BROCKUS DANDELET,43
Wayne,PRECINCT 56,STATE EXECUTIVE COMMITTEE,5,REP,ANNE BROCKUS DANDELET,59
Wayne,PRECINCT 57,STATE EXECUTIVE COMMITTEE,5,REP,ANNE BROCKUS DANDELET,86
Wayne,PRECINCT 59,STATE EXECUTIVE COMMITTEE,5,REP,ANNE BROCKUS DANDELET,46
Wayne,PRECINCT 60,STATE EXECUTIVE COMMITTEE,5,REP,ANNE BROCKUS DANDELET,38
Wayne,PRECINCT 61,STATE EXECUTIVE COMMITTEE,5,REP,ANNE BROCKUS DANDELET,28
Wayne,PRECINCT 62,STATE EXECUTIVE COMMITTEE,5,REP,ANNE BROCKUS DANDELET,30
Wayne,PRECINCT 63,STATE EXECUTIVE COMMITTEE,5,REP,ANNE BROCKUS DANDELET,18
Wayne,PRECINCT 2,STATE EXECUTIVE COMMITTEE,5,REP,T-ANNE SEE,1
Wayne,PRECINCT 5,STATE EXECUTIVE COMMITTEE,5,REP,T-ANNE SEE,29
Wayne,PRECINCT 12,STATE EXECUTIVE COMMITTEE,5,REP,T-ANNE SEE,29
Wayne,PRECINCT 13,STATE EXECUTIVE COMMITTEE,5,REP,T-ANNE SEE,29
Wayne,PRECINCT 14,STATE EXECUTIVE COMMITTEE,5,REP,T-ANNE SEE,56
Wayne,PRECINCT 16,STATE EXECUTIVE COMMITTEE,5,REP,T-ANNE SEE,16
Wayne,PRECINCT 17,STATE EXECUTIVE COMMITTEE,5,REP,T-ANNE SEE,64
Wayne,PRECINCT 18,STATE EXECUTIVE COMMITTEE,5,REP,T-ANNE SEE,27
Wayne,PRECINCT 19,STATE EXECUTIVE COMMITTEE,5,REP,T-ANNE SEE,41
Wayne,PRECINCT 20,STATE EXECUTIVE COMMITTEE,5,REP,T-ANNE SEE,24
Wayne,PRECINCT 21,STATE EXECUTIVE COMMITTEE,5,REP,T-ANNE SEE,20
Wayne,PRECINCT 22,STATE EXECUTIVE COMMITTEE,5,REP,T-ANNE SEE,47
Wayne,PRECINCT 36,STATE EXECUTIVE COMMITTEE,5,REP,T-ANNE SEE,8
Wayne,PRECINCT 41,STATE EXECUTIVE COMMITTEE,5,REP,T-ANNE SEE,29
Wayne,PRECINCT 42,STATE EXECUTIVE COMMITTEE,5,REP,T-ANNE SEE,6
Wayne,PRECINCT 48,STATE EXECUTIVE COMMITTEE,5,REP,T-ANNE SEE,25
Wayne,PRECINCT 49,STATE EXECUTIVE COMMITTEE,5,REP,T-ANNE SEE,59
Wayne,PRECINCT 50,STATE EXECUTIVE COMMITTEE,5,REP,T-ANNE SEE,31
Wayne,PRECINCT 51,STATE EXECUTIVE COMMITTEE,5,REP,T-ANNE SEE,52
Wayne,PRECINCT 52,STATE EXECUTIVE COMMITTEE,5,REP,T-ANNE SEE,13
Wayne,PRECINCT 53,STATE EXECUTIVE COMMITTEE,5,REP,T-ANNE SEE,31
Wayne,PRECINCT 54,STATE EXECUTIVE COMMITTEE,5,REP,T-ANNE SEE,28
Wayne,PRECINCT 56,STATE EXECUTIVE COMMITTEE,5,REP,T-ANNE SEE,46
Wayne,PRECINCT 57,STATE EXECUTIVE COMMITTEE,5,REP,T-ANNE SEE,58
Wayne,PRECINCT 59,STATE EXECUTIVE COMMITTEE,5,REP,T-ANNE SEE,30
Wayne,PRECINCT 60,STATE EXECUTIVE COMMITTEE,5,REP,T-ANNE SEE,32
Wayne,PRECINCT 61,STATE EXECUTIVE COMMITTEE,5,REP,T-ANNE SEE,15
Wayne,PRECINCT 62,STATE EXECUTIVE COMMITTEE,5,REP,T-ANNE SEE,22
Wayne,PRECINCT 63,STATE EXECUTIVE COMMITTEE,5,REP,T-ANNE SEE,14
Wayne,PRECINCT 2,STATE EXECUTIVE COMMITTEE,5,DEM,LACEY CONNELLY,1
Wayne,PRECINCT 5,STATE EXECUTIVE COMMITTEE,5,DEM,LACEY CONNELLY,6
Wayne,PRECINCT 12,STATE EXECUTIVE COMMITTEE,5,DEM,LACEY CONNELLY,4
Wayne,PRECINCT 13,STATE EXECUTIVE COMMITTEE,5,DEM,LACEY CONNELLY,2
Wayne,PRECINCT 14,STATE EXECUTIVE COMMITTEE,5,DEM,LACEY CONNELLY,11
Wayne,PRECINCT 16,STATE EXECUTIVE COMMITTEE,5,DEM,LACEY CONNELLY,1
Wayne,PRECINCT 17,STATE EXECUTIVE COMMITTEE,5,DEM,LACEY CONNELLY,7
Wayne,PRECINCT 18,STATE EXECUTIVE COMMITTEE,5,DEM,LACEY CONNELLY,6
Wayne,PRECINCT 19,STATE EXECUTIVE COMMITTEE,5,DEM,LACEY CONNELLY,4
Wayne,PRECINCT 20,STATE EXECUTIVE COMMITTEE,5,DEM,LACEY CONNELLY,5
Wayne,PRECINCT 21,STATE EXECUTIVE COMMITTEE,5,DEM,LACEY CONNELLY,5
Wayne,PRECINCT 22,STATE EXECUTIVE COMMITTEE,5,DEM,LACEY CONNELLY,8
Wayne,PRECINCT 36,STATE EXECUTIVE COMMITTEE,5,DEM,LACEY CONNELLY,7
Wayne,PRECINCT 41,STATE EXECUTIVE COMMITTEE,5,DEM,LACEY CONNELLY,2
Wayne,PRECINCT 42,STATE EXECUTIVE COMMITTEE,5,DEM,LACEY CONNELLY,5
Wayne,PRECINCT 48,STATE EXECUTIVE COMMITTEE,5,DEM,LACEY CONNELLY,17
Wayne,PRECINCT 49,STATE EXECUTIVE COMMITTEE,5,DEM,LACEY CONNELLY,5
Wayne,PRECINCT 50,STATE EXECUTIVE COMMITTEE,5,DEM,LACEY CONNELLY,12
Wayne,PRECINCT 51,STATE EXECUTIVE COMMITTEE,5,DEM,LACEY CONNELLY,38
Wayne,PRECINCT 52,STATE EXECUTIVE COMMITTEE,5,DEM,LACEY CONNELLY,3
Wayne,PRECINCT 53,STATE EXECUTIVE COMMITTEE,5,DEM,LACEY CONNELLY,6
Wayne,PRECINCT 54,STATE EXECUTIVE COMMITTEE,5,DEM,LACEY CONNELLY,9
Wayne,PRECINCT 56,STATE EXECUTIVE COMMITTEE,5,DEM,LACEY CONNELLY,12
Wayne,PRECINCT 57,STATE EXECUTIVE COMMITTEE,5,DEM,LACEY CONNELLY,9
Wayne,PRECINCT 59,STATE EXECUTIVE COMMITTEE,5,DEM,LACEY CONNELLY,13
Wayne,PRECINCT 60,STATE EXECUTIVE COMMITTEE,5,DEM,LACEY CONNELLY,16
Wayne,PRECINCT 61,STATE EXECUTIVE COMMITTEE,5,DEM,LACEY CONNELLY,4
Wayne,PRECINCT 62,STATE EXECUTIVE COMMITTEE,5,DEM,LACEY CONNELLY,8
Wayne,PRECINCT 63,STATE EXECUTIVE COMMITTEE,5,DEM,LACEY CONNELLY,4
Wayne,PRECINCT 2,STATE EXECUTIVE COMMITTEE,5,DEM,STEPHANIE HECK,0
Wayne,PRECINCT 5,STATE EXECUTIVE COMMITTEE,5,DEM,STEPHANIE HECK,5
Wayne,PRECINCT 12,STATE EXECUTIVE COMMITTEE,5,DEM,STEPHANIE HECK,16
Wayne,PRECINCT 13,STATE EXECUTIVE COMMITTEE,5,DEM,STEPHANIE HECK,16
Wayne,PRECINCT 14,STATE EXECUTIVE COMMITTEE,5,DEM,STEPHANIE HECK,19
Wayne,PRECINCT 16,STATE EXECUTIVE COMMITTEE,5,DEM,STEPHANIE HECK,8
Wayne,PRECINCT 17,STATE EXECUTIVE COMMITTEE,5,DEM,STEPHANIE HECK,15
Wayne,PRECINCT 18,STATE EXECUTIVE COMMITTEE,5,DEM,STEPHANIE HECK,10
Wayne,PRECINCT 19,STATE EXECUTIVE COMMITTEE,5,DEM,STEPHANIE HECK,10
Wayne,PRECINCT 20,STATE EXECUTIVE COMMITTEE,5,DEM,STEPHANIE HECK,14
Wayne,PRECINCT 21,STATE EXECUTIVE COMMITTEE,5,DEM,STEPHANIE HECK,7
Wayne,PRECINCT 22,STATE EXECUTIVE COMMITTEE,5,DEM,STEPHANIE HECK,9
Wayne,PRECINCT 36,STATE EXECUTIVE COMMITTEE,5,DEM,STEPHANIE HECK,5
Wayne,PRECINCT 41,STATE EXECUTIVE COMMITTEE,5,DEM,STEPHANIE HECK,12
Wayne,PRECINCT 42,STATE EXECUTIVE COMMITTEE,5,DEM,STEPHANIE HECK,2
Wayne,PRECINCT 48,STATE EXECUTIVE COMMITTEE,5,DEM,STEPHANIE HECK,17
Wayne,PRECINCT 49,STATE EXECUTIVE COMMITTEE,5,DEM,STEPHANIE HECK,14
Wayne,PRECINCT 50,STATE EXECUTIVE COMMITTEE,5,DEM,STEPHANIE HECK,16
Wayne,PRECINCT 51,STATE EXECUTIVE COMMITTEE,5,DEM,STEPHANIE HECK,26
Wayne,PRECINCT 52,STATE EXECUTIVE COMMITTEE,5,DEM,STEPHANIE HECK,0
Wayne,PRECINCT 53,STATE EXECUTIVE COMMITTEE,5,DEM,STEPHANIE HECK,10
Wayne,PRECINCT 54,STATE EXECUTIVE COMMITTEE,5,DEM,STEPHANIE HECK,11
Wayne,PRECINCT 56,STATE EXECUTIVE COMMITTEE,5,DEM,STEPHANIE HECK,18
Wayne,PRECINCT 57,STATE EXECUTIVE COMMITTEE,5,DEM,STEPHANIE HECK,15
Wayne,PRECINCT 59,STATE EXECUTIVE COMMITTEE,5,DEM,STEPHANIE HECK,18
Wayne,PRECINCT 60,STATE EXECUTIVE COMMITTEE,5,DEM,STEPHANIE HECK,21
Wayne,PRECINCT 61,STATE EXECUTIVE COMMITTEE,5,DEM,STEPHANIE HECK,13
Wayne,PRECINCT 62,STATE EXECUTIVE COMMITTEE,5,DEM,STEPHANIE HECK,13
Wayne,PRECINCT 63,STATE EXECUTIVE COMMITTEE,5,DEM,STEPHANIE HECK,8
Wayne,PRECINCT 2,STATE EXECUTIVE COMMITTEE,5,DEM,EMILY CLIFFORD,7
Wayne,PRECINCT 5,STATE EXECUTIVE COMMITTEE,5,DEM,EMILY CLIFFORD,9
Wayne,PRECINCT 12,STATE EXECUTIVE COMMITTEE,5,DEM,EMILY CLIFFORD,24
Wayne,PRECINCT 13,STATE EXECUTIVE COMMITTEE,5,DEM,EMILY CLIFFORD,24
Wayne,PRECINCT 14,STATE EXECUTIVE COMMITTEE,5,DEM,EMILY CLIFFORD,50
Wayne,PRECINCT 16,STATE EXECUTIVE COMMITTEE,5,DEM,EMILY CLIFFORD,10
Wayne,PRECINCT 17,STATE EXECUTIVE COMMITTEE,5,DEM,EMILY CLIFFORD,36
Wayne,PRECINCT 18,STATE EXECUTIVE COMMITTEE,5,DEM,EMILY CLIFFORD,19
Wayne,PRECINCT 19,STATE EXECUTIVE COMMITTEE,5,DEM,EMILY CLIFFORD,28
Wayne,PRECINCT 20,STATE EXECUTIVE COMMITTEE,5,DEM,EMILY CLIFFORD,23
Wayne,PRECINCT 21,STATE EXECUTIVE COMMITTEE,5,DEM,EMILY CLIFFORD,20
Wayne,PRECINCT 22,STATE EXECUTIVE COMMITTEE,5,DEM,EMILY CLIFFORD,26
Wayne,PRECINCT 36,STATE EXECUTIVE COMMITTEE,5,DEM,EMILY CLIFFORD,4
Wayne,PRECINCT 41,STATE EXECUTIVE COMMITTEE,5,DEM,EMILY CLIFFORD,24
Wayne,PRECINCT 42,STATE EXECUTIVE COMMITTEE,5,DEM,EMILY CLIFFORD,15
Wayne,PRECINCT 48,STATE EXECUTIVE COMMITTEE,5,DEM,EMILY CLIFFORD,26
Wayne,PRECINCT 49,STATE EXECUTIVE COMMITTEE,5,DEM,EMILY CLIFFORD,30
Wayne,PRECINCT 50,STATE EXECUTIVE COMMITTEE,5,DEM,EMILY CLIFFORD,30
Wayne,PRECINCT 51,STATE EXECUTIVE COMMITTEE,5,DEM,EMILY CLIFFORD,51
Wayne,PRECINCT 52,STATE EXECUTIVE COMMITTEE,5,DEM,EMILY CLIFFORD,7
Wayne,PRECINCT 53,STATE EXECUTIVE COMMITTEE,5,DEM,EMILY CLIFFORD,19
Wayne,PRECINCT 54,STATE EXECUTIVE COMMITTEE,5,DEM,EMILY CLIFFORD,29
Wayne,PRECINCT 56,STATE EXECUTIVE COMMITTEE,5,DEM,EMILY CLIFFORD,25
Wayne,PRECINCT 57,STATE EXECUTIVE COMMITTEE,5,DEM,EMILY CLIFFORD,30
Wayne,PRECINCT 59,STATE EXECUTIVE COMMITTEE,5,DEM,EMILY CLIFFORD,20
Wayne,PRECINCT 60,STATE EXECUTIVE COMMITTEE,5,DEM,EMILY CLIFFORD,31
Wayne,PRECINCT 61,STATE EXECUTIVE COMMITTEE,5,DEM,EMILY CLIFFORD,29
Wayne,PRECINCT 62,STATE EXECUTIVE COMMITTEE,5,DEM,EMILY CLIFFORD,15
Wayne,PRECINCT 63,STATE EXECUTIVE COMMITTEE,5,DEM,EMILY CLIFFORD,7
Wayne,PRECINCT 2,STATE EXECUTIVE COMMITTEE,5,DEM,TAMMY PRITT,10
Wayne,PRECINCT 5,STATE EXECUTIVE COMMITTEE,5,DEM,TAMMY PRITT,20
Wayne,PRECINCT 12,STATE EXECUTIVE COMMITTEE,5,DEM,TAMMY PRITT,60
Wayne,PRECINCT 13,STATE EXECUTIVE COMMITTEE,5,DEM,TAMMY PRITT,43
Wayne,PRECINCT 14,STATE EXECUTIVE COMMITTEE,5,DEM,TAMMY PRITT,72
Wayne,PRECINCT 16,STATE EXECUTIVE COMMITTEE,5,DEM,TAMMY PRITT,21
Wayne,PRECINCT 17,STATE EXECUTIVE COMMITTEE,5,DEM,TAMMY PRITT,72
Wayne,PRECINCT 18,STATE EXECUTIVE COMMITTEE,5,DEM,TAMMY PRITT,35
Wayne,PRECINCT 19,STATE EXECUTIVE COMMITTEE,5,DEM,TAMMY PRITT,26
Wayne,PRECINCT 20,STATE EXECUTIVE COMMITTEE,5,DEM,TAMMY PRITT,36
Wayne,PRECINCT 21,STATE EXECUTIVE COMMITTEE,5,DEM,TAMMY PRITT,38
Wayne,PRECINCT 22,STATE EXECUTIVE COMMITTEE,5,DEM,TAMMY PRITT,32
Wayne,PRECINCT 36,STATE EXECUTIVE COMMITTEE,5,DEM,TAMMY PRITT,20
Wayne,PRECINCT 41,STATE EXECUTIVE COMMITTEE,5,DEM,TAMMY PRITT,39
Wayne,PRECINCT 42,STATE EXECUTIVE COMMITTEE,5,DEM,TAMMY PRITT,20
Wayne,PRECINCT 48,STATE EXECUTIVE COMMITTEE,5,DEM,TAMMY PRITT,47
Wayne,PRECINCT 49,STATE EXECUTIVE COMMITTEE,5,DEM,TAMMY PRITT,39
Wayne,PRECINCT 50,STATE EXECUTIVE COMMITTEE,5,DEM,TAMMY PRITT,51
Wayne,PRECINCT 51,STATE EXECUTIVE COMMITTEE,5,DEM,TAMMY PRITT,102
Wayne,PRECINCT 52,STATE EXECUTIVE COMMITTEE,5,DEM,TAMMY PRITT,12
Wayne,PRECINCT 53,STATE EXECUTIVE COMMITTEE,5,DEM,TAMMY PRITT,37
Wayne,PRECINCT 54,STATE EXECUTIVE COMMITTEE,5,DEM,TAMMY PRITT,36
Wayne,PRECINCT 56,STATE EXECUTIVE COMMITTEE,5,DEM,TAMMY PRITT,42
Wayne,PRECINCT 57,STATE EXECUTIVE COMMITTEE,5,DEM,TAMMY PRITT,45
Wayne,PRECINCT 59,STATE EXECUTIVE COMMITTEE,5,DEM,TAMMY PRITT,27
Wayne,PRECINCT 60,STATE EXECUTIVE COMMITTEE,5,DEM,TAMMY PRITT,30
Wayne,PRECINCT 61,STATE EXECUTIVE COMMITTEE,5,DEM,TAMMY PRITT,36
Wayne,PRECINCT 62,STATE EXECUTIVE COMMITTEE,5,DEM,TAMMY PRITT,19
Wayne,PRECINCT 63,STATE EXECUTIVE COMMITTEE,5,DEM,TAMMY PRITT,21
Wayne,PRECINCT 2,STATE EXECUTIVE COMMITTEE,5,DEM,OPAL SANDERS,0
Wayne,PRECINCT 5,STATE EXECUTIVE COMMITTEE,5,DEM,OPAL SANDERS,1
Wayne,PRECINCT 12,STATE EXECUTIVE COMMITTEE,5,DEM,OPAL SANDERS,9
Wayne,PRECINCT 13,STATE EXECUTIVE COMMITTEE,5,DEM,OPAL SANDERS,5
Wayne,PRECINCT 14,STATE EXECUTIVE COMMITTEE,5,DEM,OPAL SANDERS,8
Wayne,PRECINCT 16,STATE EXECUTIVE COMMITTEE,5,DEM,OPAL SANDERS,4
Wayne,PRECINCT 17,STATE EXECUTIVE COMMITTEE,5,DEM,OPAL SANDERS,6
Wayne,PRECINCT 18,STATE EXECUTIVE COMMITTEE,5,DEM,OPAL SANDERS,4
Wayne,PRECINCT 19,STATE EXECUTIVE COMMITTEE,5,DEM,OPAL SANDERS,3
Wayne,PRECINCT 20,STATE EXECUTIVE COMMITTEE,5,DEM,OPAL SANDERS,4
Wayne,PRECINCT 21,STATE EXECUTIVE COMMITTEE,5,DEM,OPAL SANDERS,5
Wayne,PRECINCT 22,STATE EXECUTIVE COMMITTEE,5,DEM,OPAL SANDERS,4
Wayne,PRECINCT 36,STATE EXECUTIVE COMMITTEE,5,DEM,OPAL SANDERS,1
Wayne,PRECINCT 41,STATE EXECUTIVE COMMITTEE,5,DEM,OPAL SANDERS,9
Wayne,PRECINCT 42,STATE EXECUTIVE COMMITTEE,5,DEM,OPAL SANDERS,3
Wayne,PRECINCT 48,STATE EXECUTIVE COMMITTEE,5,DEM,OPAL SANDERS,12
Wayne,PRECINCT 49,STATE EXECUTIVE COMMITTEE,5,DEM,OPAL SANDERS,9
Wayne,PRECINCT 50,STATE EXECUTIVE COMMITTEE,5,DEM,OPAL SANDERS,14
Wayne,PRECINCT 51,STATE EXECUTIVE COMMITTEE,5,DEM,OPAL SANDERS,25
Wayne,PRECINCT 52,STATE EXECUTIVE COMMITTEE,5,DEM,OPAL SANDERS,5
Wayne,PRECINCT 53,STATE EXECUTIVE COMMITTEE,5,DEM,OPAL SANDERS,9
Wayne,PRECINCT 54,STATE EXECUTIVE COMMITTEE,5,DEM,OPAL SANDERS,8
Wayne,PRECINCT 56,STATE EXECUTIVE COMMITTEE,5,DEM,OPAL SANDERS,7
Wayne,PRECINCT 57,STATE EXECUTIVE COMMITTEE,5,DEM,OPAL SANDERS,13
Wayne,PRECINCT 59,STATE EXECUTIVE COMMITTEE,5,DEM,OPAL SANDERS,8
Wayne,PRECINCT 60,STATE EXECUTIVE COMMITTEE,5,DEM,OPAL SANDERS,20
Wayne,PRECINCT 61,STATE EXECUTIVE COMMITTEE,5,DEM,OPAL SANDERS,17
Wayne,PRECINCT 62,STATE EXECUTIVE COMMITTEE,5,DEM,OPAL SANDERS,3
Wayne,PRECINCT 63,STATE EXECUTIVE COMMITTEE,5,DEM,OPAL SANDERS,9
Wayne,PRECINCT 2,STATE EXECUTIVE COMMITTEE,5,DEM,HILARY TURNER,1
Wayne,PRECINCT 5,STATE EXECUTIVE COMMITTEE,5,DEM,HILARY TURNER,6
Wayne,PRECINCT 12,STATE EXECUTIVE COMMITTEE,5,DEM,HILARY TURNER,9
Wayne,PRECINCT 13,STATE EXECUTIVE COMMITTEE,5,DEM,HILARY TURNER,7
Wayne,PRECINCT 14,STATE EXECUTIVE COMMITTEE,5,DEM,HILARY TURNER,9
Wayne,PRECINCT 16,STATE EXECUTIVE COMMITTEE,5,DEM,HILARY TURNER,3
Wayne,PRECINCT 17,STATE EXECUTIVE COMMITTEE,5,DEM,HILARY TURNER,7
Wayne,PRECINCT 18,STATE EXECUTIVE COMMITTEE,5,DEM,HILARY TURNER,3
Wayne,PRECINCT 19,STATE EXECUTIVE COMMITTEE,5,DEM,HILARY TURNER,4
Wayne,PRECINCT 20,STATE EXECUTIVE COMMITTEE,5,DEM,HILARY TURNER,5
Wayne,PRECINCT 21,STATE EXECUTIVE COMMITTEE,5,DEM,HILARY TURNER,4
Wayne,PRECINCT 22,STATE EXECUTIVE COMMITTEE,5,DEM,HILARY TURNER,9
Wayne,PRECINCT 36,STATE EXECUTIVE COMMITTEE,5,DEM,HILARY TURNER,2
Wayne,PRECINCT 41,STATE EXECUTIVE COMMITTEE,5,DEM,HILARY TURNER,2
Wayne,PRECINCT 42,STATE EXECUTIVE COMMITTEE,5,DEM,HILARY TURNER,1
Wayne,PRECINCT 48,STATE EXECUTIVE COMMITTEE,5,DEM,HILARY TURNER,4
Wayne,PRECINCT 49,STATE EXECUTIVE COMMITTEE,5,DEM,HILARY TURNER,9
Wayne,PRECINCT 50,STATE EXECUTIVE COMMITTEE,5,DEM,HILARY TURNER,11
Wayne,PRECINCT 51,STATE EXECUTIVE COMMITTEE,5,DEM,HILARY TURNER,20
Wayne,PRECINCT 52,STATE EXECUTIVE COMMITTEE,5,DEM,HILARY TURNER,2
Wayne,PRECINCT 53,STATE EXECUTIVE COMMITTEE,5,DEM,HILARY TURNER,0
Wayne,PRECINCT 54,STATE EXECUTIVE COMMITTEE,5,DEM,HILARY TURNER,4
Wayne,PRECINCT 56,STATE EXECUTIVE COMMITTEE,5,DEM,HILARY TURNER,16
Wayne,PRECINCT 57,STATE EXECUTIVE COMMITTEE,5,DEM,HILARY TURNER,11
Wayne,PRECINCT 59,STATE EXECUTIVE COMMITTEE,5,DEM,HILARY TURNER,8
Wayne,PRECINCT 60,STATE EXECUTIVE COMMITTEE,5,DEM,HILARY TURNER,17
Wayne,PRECINCT 61,STATE EXECUTIVE COMMITTEE,5,DEM,HILARY TURNER,10
Wayne,PRECINCT 62,STATE EXECUTIVE COMMITTEE,5,DEM,HILARY TURNER,9
Wayne,PRECINCT 63,STATE EXECUTIVE COMMITTEE,5,DEM,HILARY TURNER,5
Wayne,PRECINCT 2,STATE EXECUTIVE COMMITTEE,5,REP,MATTHEW PINSON,2
Wayne,PRECINCT 5,STATE EXECUTIVE COMMITTEE,5,REP,MATTHEW PINSON,18
Wayne,PRECINCT 12,STATE EXECUTIVE COMMITTEE,5,REP,MATTHEW PINSON,17
Wayne,PRECINCT 13,STATE EXECUTIVE COMMITTEE,5,REP,MATTHEW PINSON,14
Wayne,PRECINCT 14,STATE EXECUTIVE COMMITTEE,5,REP,MATTHEW PINSON,20
Wayne,PRECINCT 16,STATE EXECUTIVE COMMITTEE,5,REP,MATTHEW PINSON,8
Wayne,PRECINCT 17,STATE EXECUTIVE COMMITTEE,5,REP,MATTHEW PINSON,23
Wayne,PRECINCT 18,STATE EXECUTIVE COMMITTEE,5,REP,MATTHEW PINSON,9
Wayne,PRECINCT 19,STATE EXECUTIVE COMMITTEE,5,REP,MATTHEW PINSON,20
Wayne,PRECINCT 20,STATE EXECUTIVE COMMITTEE,5,REP,MATTHEW PINSON,12
Wayne,PRECINCT 21,STATE EXECUTIVE COMMITTEE,5,REP,MATTHEW PINSON,11
Wayne,PRECINCT 22,STATE EXECUTIVE COMMITTEE,5,REP,MATTHEW PINSON,19
Wayne,PRECINCT 36,STATE EXECUTIVE COMMITTEE,5,REP,MATTHEW PINSON,7
Wayne,PRECINCT 41,STATE EXECUTIVE COMMITTEE,5,REP,MATTHEW PINSON,11
Wayne,PRECINCT 42,STATE EXECUTIVE COMMITTEE,5,REP,MATTHEW PINSON,1
Wayne,PRECINCT 48,STATE EXECUTIVE COMMITTEE,5,REP,MATTHEW PINSON,11
Wayne,PRECINCT 49,STATE EXECUTIVE COMMITTEE,5,REP,MATTHEW PINSON,20
Wayne,PRECINCT 50,STATE EXECUTIVE COMMITTEE,5,REP,MATTHEW PINSON,16
Wayne,PRECINCT 51,STATE EXECUTIVE COMMITTEE,5,REP,MATTHEW PINSON,34
Wayne,PRECINCT 52,STATE EXECUTIVE COMMITTEE,5,REP,MATTHEW PINSON,4
Wayne,PRECINCT 53,STATE EXECUTIVE COMMITTEE,5,REP,MATTHEW PINSON,16
Wayne,PRECINCT 54,STATE EXECUTIVE COMMITTEE,5,REP,MATTHEW PINSON,11
Wayne,PRECINCT 56,STATE EXECUTIVE COMMITTEE,5,REP,MATTHEW PINSON,18
Wayne,PRECINCT 57,STATE EXECUTIVE COMMITTEE,5,REP,MATTHEW PINSON,33
Wayne,PRECINCT 59,STATE EXECUTIVE COMMITTEE,5,REP,MATTHEW PINSON,11
Wayne,PRECINCT 60,STATE EXECUTIVE COMMITTEE,5,REP,MATTHEW PINSON,5
Wayne,PRECINCT 61,STATE EXECUTIVE COMMITTEE,5,REP,MATTHEW PINSON,7
Wayne,PRECINCT 62,STATE EXECUTIVE COMMITTEE,5,REP,MATTHEW PINSON,9
Wayne,PRECINCT 63,STATE EXECUTIVE COMMITTEE,5,REP,MATTHEW PINSON,3
Wayne,PRECINCT 2,STATE EXECUTIVE COMMITTEE,5,REP,MATTHEW ROHRBACH,1
Wayne,PRECINCT 5,STATE EXECUTIVE COMMITTEE,5,REP,MATTHEW ROHRBACH,16
Wayne,PRECINCT 12,STATE EXECUTIVE COMMITTEE,5,REP,MATTHEW ROHRBACH,30
Wayne,PRECINCT 13,STATE EXECUTIVE COMMITTEE,5,REP,MATTHEW ROHRBACH,16
Wayne,PRECINCT 14,STATE EXECUTIVE COMMITTEE,5,REP,MATTHEW ROHRBACH,52
Wayne,PRECINCT 16,STATE EXECUTIVE COMMITTEE,5,REP,MATTHEW ROHRBACH,15
Wayne,PRECINCT 17,STATE EXECUTIVE COMMITTEE,5,REP,MATTHEW ROHRBACH,50
Wayne,PRECINCT 18,STATE EXECUTIVE COMMITTEE,5,REP,MATTHEW ROHRBACH,11
Wayne,PRECINCT 19,STATE EXECUTIVE COMMITTEE,5,REP,MATTHEW ROHRBACH,38
Wayne,PRECINCT 20,STATE EXECUTIVE COMMITTEE,5,REP,MATTHEW ROHRBACH,15
Wayne,PRECINCT 21,STATE EXECUTIVE COMMITTEE,5,REP,MATTHEW ROHRBACH,15
Wayne,PRECINCT 22,STATE EXECUTIVE COMMITTEE,5,REP,MATTHEW ROHRBACH,33
Wayne,PRECINCT 36,STATE EXECUTIVE COMMITTEE,5,REP,MATTHEW ROHRBACH,7
Wayne,PRECINCT 41,STATE EXECUTIVE COMMITTEE,5,REP,MATTHEW ROHRBACH,12
Wayne,PRECINCT 42,STATE EXECUTIVE COMMITTEE,5,REP,MATTHEW ROHRBACH,5
Wayne,PRECINCT 48,STATE EXECUTIVE COMMITTEE,5,REP,MATTHEW ROHRBACH,26
Wayne,PRECINCT 49,STATE EXECUTIVE COMMITTEE,5,REP,MATTHEW ROHRBACH,24
Wayne,PRECINCT 50,STATE EXECUTIVE COMMITTEE,5,REP,MATTHEW ROHRBACH,18
Wayne,PRECINCT 51,STATE EXECUTIVE COMMITTEE,5,REP,MATTHEW ROHRBACH,24
Wayne,PRECINCT 52,STATE EXECUTIVE COMMITTEE,5,REP,MATTHEW ROHRBACH,4
Wayne,PRECINCT 53,STATE EXECUTIVE COMMITTEE,5,REP,MATTHEW ROHRBACH,23
Wayne,PRECINCT 54,STATE EXECUTIVE COMMITTEE,5,REP,MATTHEW ROHRBACH,18
Wayne,PRECINCT 56,STATE EXECUTIVE COMMITTEE,5,REP,MATTHEW ROHRBACH,59
Wayne,PRECINCT 57,STATE EXECUTIVE COMMITTEE,5,REP,MATTHEW ROHRBACH,57
Wayne,PRECINCT 59,STATE EXECUTIVE COMMITTEE,5,REP,MATTHEW ROHRBACH,32
Wayne,PRECINCT 60,STATE EXECUTIVE COMMITTEE,5,REP,MATTHEW ROHRBACH,42
Wayne,PRECINCT 61,STATE EXECUTIVE COMMITTEE,5,REP,MATTHEW ROHRBACH,27
Wayne,PRECINCT 62,STATE EXECUTIVE COMMITTEE,5,REP,MATTHEW ROHRBACH,21
Wayne,PRECINCT 63,STATE EXECUTIVE COMMITTEE,5,REP,MATTHEW ROHRBACH,18
Wayne,PRECINCT 2,STATE EXECUTIVE COMMITTEE,5,REP,DALLAS K. THACKER,5
Wayne,PRECINCT 5,STATE EXECUTIVE COMMITTEE,5,REP,DALLAS K. THACKER,31
Wayne,PRECINCT 12,STATE EXECUTIVE COMMITTEE,5,REP,DALLAS K. THACKER,36
Wayne,PRECINCT 13,STATE EXECUTIVE COMMITTEE,5,REP,DALLAS K. THACKER,20
Wayne,PRECINCT 14,STATE EXECUTIVE COMMITTEE,5,REP,DALLAS K. THACKER,62
Wayne,PRECINCT 16,STATE EXECUTIVE COMMITTEE,5,REP,DALLAS K. THACKER,10
Wayne,PRECINCT 17,STATE EXECUTIVE COMMITTEE,5,REP,DALLAS K. THACKER,56
Wayne,PRECINCT 18,STATE EXECUTIVE COMMITTEE,5,REP,DALLAS K. THACKER,21
Wayne,PRECINCT 19,STATE EXECUTIVE COMMITTEE,5,REP,DALLAS K. THACKER,47
Wayne,PRECINCT 20,STATE EXECUTIVE COMMITTEE,5,REP,DALLAS K. THACKER,21
Wayne,PRECINCT 21,STATE EXECUTIVE COMMITTEE,5,REP,DALLAS K. THACKER,17
Wayne,PRECINCT 22,STATE EXECUTIVE COMMITTEE,5,REP,DALLAS K. THACKER,44
Wayne,PRECINCT 36,STATE EXECUTIVE COMMITTEE,5,REP,DALLAS K. THACKER,10
Wayne,PRECINCT 41,STATE EXECUTIVE COMMITTEE,5,REP,DALLAS K. THACKER,27
Wayne,PRECINCT 42,STATE EXECUTIVE COMMITTEE,5,REP,DALLAS K. THACKER,5
Wayne,PRECINCT 48,STATE EXECUTIVE COMMITTEE,5,REP,DALLAS K. THACKER,29
Wayne,PRECINCT 49,STATE EXECUTIVE COMMITTEE,5,REP,DALLAS K. THACKER,50
Wayne,PRECINCT 50,STATE EXECUTIVE COMMITTEE,5,REP,DALLAS K. THACKER,31
Wayne,PRECINCT 51,STATE EXECUTIVE COMMITTEE,5,REP,DALLAS K. THACKER,60
Wayne,PRECINCT 52,STATE EXECUTIVE COMMITTEE,5,REP,DALLAS K. THACKER,11
Wayne,PRECINCT 53,STATE EXECUTIVE COMMITTEE,5,REP,DALLAS K. THACKER,32
Wayne,PRECINCT 54,STATE EXECUTIVE COMMITTEE,5,REP,DALLAS K. THACKER,31
Wayne,PRECINCT 56,STATE EXECUTIVE COMMITTEE,5,REP,DALLAS K. THACKER,26
Wayne,PRECINCT 57,STATE EXECUTIVE COMMITTEE,5,REP,DALLAS K. THACKER,65
Wayne,PRECINCT 59,STATE EXECUTIVE COMMITTEE,5,REP,DALLAS K. THACKER,32
Wayne,PRECINCT 60,STATE EXECUTIVE COMMITTEE,5,REP,DALLAS K. THACKER,25
Wayne,PRECINCT 61,STATE EXECUTIVE COMMITTEE,5,REP,DALLAS K. THACKER,14
Wayne,PRECINCT 62,STATE EXECUTIVE COMMITTEE,5,REP,DALLAS K. THACKER,20
Wayne,PRECINCT 63,STATE EXECUTIVE COMMITTEE,5,REP,DALLAS K. THACKER,9
Wayne,PRECINCT 2,STATE EXECUTIVE COMMITTEE,5,REP,JEFFERSON DAVIS,2
Wayne,PRECINCT 5,STATE EXECUTIVE COMMITTEE,5,REP,JEFFERSON DAVIS,26
Wayne,PRECINCT 12,STATE EXECUTIVE COMMITTEE,5,REP,JEFFERSON DAVIS,29
Wayne,PRECINCT 13,STATE EXECUTIVE COMMITTEE,5,REP,JEFFERSON DAVIS,25
Wayne,PRECINCT 14,STATE EXECUTIVE COMMITTEE,5,REP,JEFFERSON DAVIS,68
Wayne,PRECINCT 16,STATE EXECUTIVE COMMITTEE,5,REP,JEFFERSON DAVIS,18
Wayne,PRECINCT 17,STATE EXECUTIVE COMMITTEE,5,REP,JEFFERSON DAVIS,55
Wayne,PRECINCT 18,STATE EXECUTIVE COMMITTEE,5,REP,JEFFERSON DAVIS,26
Wayne,PRECINCT 19,STATE EXECUTIVE COMMITTEE,5,REP,JEFFERSON DAVIS,37
Wayne,PRECINCT 20,STATE EXECUTIVE COMMITTEE,5,REP,JEFFERSON DAVIS,21
Wayne,PRECINCT 21,STATE EXECUTIVE COMMITTEE,5,REP,JEFFERSON DAVIS,19
Wayne,PRECINCT 22,STATE EXECUTIVE COMMITTEE,5,REP,JEFFERSON DAVIS,33
Wayne,PRECINCT 36,STATE EXECUTIVE COMMITTEE,5,REP,JEFFERSON DAVIS,12
Wayne,PRECINCT 41,STATE EXECUTIVE COMMITTEE,5,REP,JEFFERSON DAVIS,31
Wayne,PRECINCT 42,STATE EXECUTIVE COMMITTEE,5,REP,JEFFERSON DAVIS,6
Wayne,PRECINCT 48,STATE EXECUTIVE COMMITTEE,5,REP,JEFFERSON DAVIS,22
Wayne,PRECINCT 49,STATE EXECUTIVE COMMITTEE,5,REP,JEFFERSON DAVIS,41
Wayne,PRECINCT 50,STATE EXECUTIVE COMMITTEE,5,REP,JEFFERSON DAVIS,20
Wayne,PRECINCT 51,STATE EXECUTIVE COMMITTEE,5,REP,JEFFERSON DAVIS,59
Wayne,PRECINCT 52,STATE EXECUTIVE COMMITTEE,5,REP,JEFFERSON DAVIS,8
Wayne,PRECINCT 53,STATE EXECUTIVE COMMITTEE,5,REP,JEFFERSON DAVIS,40
Wayne,PRECINCT 54,STATE EXECUTIVE COMMITTEE,5,REP,JEFFERSON DAVIS,29
Wayne,PRECINCT 56,STATE EXECUTIVE COMMITTEE,5,REP,JEFFERSON DAVIS,35
Wayne,PRECINCT 57,STATE EXECUTIVE COMMITTEE,5,REP,JEFFERSON DAVIS,41
Wayne,PRECINCT 59,STATE EXECUTIVE COMMITTEE,5,REP,JEFFERSON DAVIS,33
Wayne,PRECINCT 60,STATE EXECUTIVE COMMITTEE,5,REP,JEFFERSON DAVIS,24
Wayne,PRECINCT 61,STATE EXECUTIVE COMMITTEE,5,REP,JEFFERSON DAVIS,12
Wayne,PRECINCT 62,STATE EXECUTIVE COMMITTEE,5,REP,JEFFERSON DAVIS,20
Wayne,PRECINCT 63,STATE EXECUTIVE COMMITTEE,5,REP,JEFFERSON DAVIS,8
Wayne,PRECINCT 2,STATE EXECUTIVE COMMITTEE,5,DEM,BILLY CHAFFIN,3
Wayne,PRECINCT 5,STATE EXECUTIVE COMMITTEE,5,DEM,BILLY CHAFFIN,6
Wayne,PRECINCT 12,STATE EXECUTIVE COMMITTEE,5,DEM,BILLY CHAFFIN,11
Wayne,PRECINCT 13,STATE EXECUTIVE COMMITTEE,5,DEM,BILLY CHAFFIN,7
Wayne,PRECINCT 14,STATE EXECUTIVE COMMITTEE,5,DEM,BILLY CHAFFIN,16
Wayne,PRECINCT 16,STATE EXECUTIVE COMMITTEE,5,DEM,BILLY CHAFFIN,0
Wayne,PRECINCT 17,STATE EXECUTIVE COMMITTEE,5,DEM,BILLY CHAFFIN,15
Wayne,PRECINCT 18,STATE EXECUTIVE COMMITTEE,5,DEM,BILLY CHAFFIN,7
Wayne,PRECINCT 19,STATE EXECUTIVE COMMITTEE,5,DEM,BILLY CHAFFIN,10
Wayne,PRECINCT 20,STATE EXECUTIVE COMMITTEE,5,DEM,BILLY CHAFFIN,4
Wayne,PRECINCT 21,STATE EXECUTIVE COMMITTEE,5,DEM,BILLY CHAFFIN,6
Wayne,PRECINCT 22,STATE EXECUTIVE COMMITTEE,5,DEM,BILLY CHAFFIN,9
Wayne,PRECINCT 36,STATE EXECUTIVE COMMITTEE,5,DEM,BILLY CHAFFIN,9
Wayne,PRECINCT 41,STATE EXECUTIVE COMMITTEE,5,DEM,BILLY CHAFFIN,11
Wayne,PRECINCT 42,STATE EXECUTIVE COMMITTEE,5,DEM,BILLY CHAFFIN,6
Wayne,PRECINCT 48,STATE EXECUTIVE COMMITTEE,5,DEM,BILLY CHAFFIN,11
Wayne,PRECINCT 49,STATE EXECUTIVE COMMITTEE,5,DEM,BILLY CHAFFIN,15
Wayne,PRECINCT 50,STATE EXECUTIVE COMMITTEE,5,DEM,BILLY CHAFFIN,21
Wayne,PRECINCT 51,STATE EXECUTIVE COMMITTEE,5,DEM,BILLY CHAFFIN,37
Wayne,PRECINCT 52,STATE EXECUTIVE COMMITTEE,5,DEM,BILLY CHAFFIN,6
Wayne,PRECINCT 53,STATE EXECUTIVE COMMITTEE,5,DEM,BILLY CHAFFIN,10
Wayne,PRECINCT 54,STATE EXECUTIVE COMMITTEE,5,DEM,BILLY CHAFFIN,12
Wayne,PRECINCT 56,STATE EXECUTIVE COMMITTEE,5,DEM,BILLY CHAFFIN,12
Wayne,PRECINCT 57,STATE EXECUTIVE COMMITTEE,5,DEM,BILLY CHAFFIN,9
Wayne,PRECINCT 59,STATE EXECUTIVE COMMITTEE,5,DEM,BILLY CHAFFIN,21
Wayne,PRECINCT 60,STATE EXECUTIVE COMMITTEE,5,DEM,BILLY CHAFFIN,12
Wayne,PRECINCT 61,STATE EXECUTIVE COMMITTEE,5,DEM,BILLY CHAFFIN,9
Wayne,PRECINCT 62,STATE EXECUTIVE COMMITTEE,5,DEM,BILLY CHAFFIN,3
Wayne,PRECINCT 63,STATE EXECUTIVE COMMITTEE,5,DEM,BILLY CHAFFIN,3
Wayne,PRECINCT 2,STATE EXECUTIVE COMMITTEE,5,DEM,LEONARD (LENNY) SUNDAHL,0
Wayne,PRECINCT 5,STATE EXECUTIVE COMMITTEE,5,DEM,LEONARD (LENNY) SUNDAHL,2
Wayne,PRECINCT 12,STATE EXECUTIVE COMMITTEE,5,DEM,LEONARD (LENNY) SUNDAHL,3
Wayne,PRECINCT 13,STATE EXECUTIVE COMMITTEE,5,DEM,LEONARD (LENNY) SUNDAHL,4
Wayne,PRECINCT 14,STATE EXECUTIVE COMMITTEE,5,DEM,LEONARD (LENNY) SUNDAHL,6
Wayne,PRECINCT 16,STATE EXECUTIVE COMMITTEE,5,DEM,LEONARD (LENNY) SUNDAHL,3
Wayne,PRECINCT 17,STATE EXECUTIVE COMMITTEE,5,DEM,LEONARD (LENNY) SUNDAHL,1
Wayne,PRECINCT 18,STATE EXECUTIVE COMMITTEE,5,DEM,LEONARD (LENNY) SUNDAHL,2
Wayne,PRECINCT 19,STATE EXECUTIVE COMMITTEE,5,DEM,LEONARD (LENNY) SUNDAHL,2
Wayne,PRECINCT 20,STATE EXECUTIVE COMMITTEE,5,DEM,LEONARD (LENNY) SUNDAHL,2
Wayne,PRECINCT 21,STATE EXECUTIVE COMMITTEE,5,DEM,LEONARD (LENNY) SUNDAHL,5
Wayne,PRECINCT 22,STATE EXECUTIVE COMMITTEE,5,DEM,LEONARD (LENNY) SUNDAHL,5
Wayne,PRECINCT 36,STATE EXECUTIVE COMMITTEE,5,DEM,LEONARD (LENNY) SUNDAHL,2
Wayne,PRECINCT 41,STATE EXECUTIVE COMMITTEE,5,DEM,LEONARD (LENNY) SUNDAHL,6
Wayne,PRECINCT 42,STATE EXECUTIVE COMMITTEE,5,DEM,LEONARD (LENNY) SUNDAHL,4
Wayne,PRECINCT 48,STATE EXECUTIVE COMMITTEE,5,DEM,LEONARD (LENNY) SUNDAHL,7
Wayne,PRECINCT 49,STATE EXECUTIVE COMMITTEE,5,DEM,LEONARD (LENNY) SUNDAHL,7
Wayne,PRECINCT 50,STATE EXECUTIVE COMMITTEE,5,DEM,LEONARD (LENNY) SUNDAHL,8
Wayne,PRECINCT 51,STATE EXECUTIVE COMMITTEE,5,DEM,LEONARD (LENNY) SUNDAHL,9
Wayne,PRECINCT 52,STATE EXECUTIVE COMMITTEE,5,DEM,LEONARD (LENNY) SUNDAHL,0
Wayne,PRECINCT 53,STATE EXECUTIVE COMMITTEE,5,DEM,LEONARD (LENNY) SUNDAHL,1
Wayne,PRECINCT 54,STATE EXECUTIVE COMMITTEE,5,DEM,LEONARD (LENNY) SUNDAHL,2
Wayne,PRECINCT 56,STATE EXECUTIVE COMMITTEE,5,DEM,LEONARD (LENNY) SUNDAHL,11
Wayne,PRECINCT 57,STATE EXECUTIVE COMMITTEE,5,DEM,LEONARD (LENNY) SUNDAHL,9
Wayne,PRECINCT 59,STATE EXECUTIVE COMMITTEE,5,DEM,LEONARD (LENNY) SUNDAHL,9
Wayne,PRECINCT 60,STATE EXECUTIVE COMMITTEE,5,DEM,LEONARD (LENNY) SUNDAHL,15
Wayne,PRECINCT 61,STATE EXECUTIVE COMMITTEE,5,DEM,LEONARD (LENNY) SUNDAHL,6
Wayne,PRECINCT 62,STATE EXECUTIVE COMMITTEE,5,DEM,LEONARD (LENNY) SUNDAHL,2
Wayne,PRECINCT 63,STATE EXECUTIVE COMMITTEE,5,DEM,LEONARD (LENNY) SUNDAHL,5
Wayne,PRECINCT 2,STATE EXECUTIVE COMMITTEE,5,DEM,MATT SPURLOCK,4
Wayne,PRECINCT 5,STATE EXECUTIVE COMMITTEE,5,DEM,MATT SPURLOCK,9
Wayne,PRECINCT 12,STATE EXECUTIVE COMMITTEE,5,DEM,MATT SPURLOCK,17
Wayne,PRECINCT 13,STATE EXECUTIVE COMMITTEE,5,DEM,MATT SPURLOCK,15
Wayne,PRECINCT 14,STATE EXECUTIVE COMMITTEE,5,DEM,MATT SPURLOCK,27
Wayne,PRECINCT 16,STATE EXECUTIVE COMMITTEE,5,DEM,MATT SPURLOCK,7
Wayne,PRECINCT 17,STATE EXECUTIVE COMMITTEE,5,DEM,MATT SPURLOCK,23
Wayne,PRECINCT 18,STATE EXECUTIVE COMMITTEE,5,DEM,MATT SPURLOCK,14
Wayne,PRECINCT 19,STATE EXECUTIVE COMMITTEE,5,DEM,MATT SPURLOCK,16
Wayne,PRECINCT 20,STATE EXECUTIVE COMMITTEE,5,DEM,MATT SPURLOCK,14
Wayne,PRECINCT 21,STATE EXECUTIVE COMMITTEE,5,DEM,MATT SPURLOCK,8
Wayne,PRECINCT 22,STATE EXECUTIVE COMMITTEE,5,DEM,MATT SPURLOCK,29
Wayne,PRECINCT 36,STATE EXECUTIVE COMMITTEE,5,DEM,MATT SPURLOCK,10
Wayne,PRECINCT 41,STATE EXECUTIVE COMMITTEE,5,DEM,MATT SPURLOCK,15
Wayne,PRECINCT 42,STATE EXECUTIVE COMMITTEE,5,DEM,MATT SPURLOCK,11
Wayne,PRECINCT 48,STATE EXECUTIVE COMMITTEE,5,DEM,MATT SPURLOCK,36
Wayne,PRECINCT 49,STATE EXECUTIVE COMMITTEE,5,DEM,MATT SPURLOCK,24
Wayne,PRECINCT 50,STATE EXECUTIVE COMMITTEE,5,DEM,MATT SPURLOCK,28
Wayne,PRECINCT 51,STATE EXECUTIVE COMMITTEE,5,DEM,MATT SPURLOCK,58
Wayne,PRECINCT 52,STATE EXECUTIVE COMMITTEE,5,DEM,MATT SPURLOCK,6
Wayne,PRECINCT 53,STATE EXECUTIVE COMMITTEE,5,DEM,MATT SPURLOCK,17
Wayne,PRECINCT 54,STATE EXECUTIVE COMMITTEE,5,DEM,MATT SPURLOCK,36
Wayne,PRECINCT 56,STATE EXECUTIVE COMMITTEE,5,DEM,MATT SPURLOCK,28
Wayne,PRECINCT 57,STATE EXECUTIVE COMMITTEE,5,DEM,MATT SPURLOCK,31
Wayne,PRECINCT 59,STATE EXECUTIVE COMMITTEE,5,DEM,MATT SPURLOCK,24
Wayne,PRECINCT 60,STATE EXECUTIVE COMMITTEE,5,DEM,MATT SPURLOCK,49
Wayne,PRECINCT 61,STATE EXECUTIVE COMMITTEE,5,DEM,MATT SPURLOCK,39
Wayne,PRECINCT 62,STATE EXECUTIVE COMMITTEE,5,DEM,MATT SPURLOCK,15
Wayne,PRECINCT 63,STATE EXECUTIVE COMMITTEE,5,DEM,MATT SPURLOCK,19
Wayne,PRECINCT 2,STATE EXECUTIVE COMMITTEE,5,DEM,TIMOTHY DON BIAS,11
Wayne,PRECINCT 5,STATE EXECUTIVE COMMITTEE,5,DEM,TIMOTHY DON BIAS,25
Wayne,PRECINCT 12,STATE EXECUTIVE COMMITTEE,5,DEM,TIMOTHY DON BIAS,77
Wayne,PRECINCT 13,STATE EXECUTIVE COMMITTEE,5,DEM,TIMOTHY DON BIAS,64
Wayne,PRECINCT 14,STATE EXECUTIVE COMMITTEE,5,DEM,TIMOTHY DON BIAS,84
Wayne,PRECINCT 16,STATE EXECUTIVE COMMITTEE,5,DEM,TIMOTHY DON BIAS,31
Wayne,PRECINCT 17,STATE EXECUTIVE COMMITTEE,5,DEM,TIMOTHY DON BIAS,93
Wayne,PRECINCT 18,STATE EXECUTIVE COMMITTEE,5,DEM,TIMOTHY DON BIAS,46
Wayne,PRECINCT 19,STATE EXECUTIVE COMMITTEE,5,DEM,TIMOTHY DON BIAS,45
Wayne,PRECINCT 20,STATE EXECUTIVE COMMITTEE,5,DEM,TIMOTHY DON BIAS,63
Wayne,PRECINCT 21,STATE EXECUTIVE COMMITTEE,5,DEM,TIMOTHY DON BIAS,50
Wayne,PRECINCT 22,STATE EXECUTIVE COMMITTEE,5,DEM,TIMOTHY DON BIAS,47
Wayne,PRECINCT 36,STATE EXECUTIVE COMMITTEE,5,DEM,TIMOTHY DON BIAS,23
Wayne,PRECINCT 41,STATE EXECUTIVE COMMITTEE,5,DEM,TIMOTHY DON BIAS,45
Wayne,PRECINCT 42,STATE EXECUTIVE COMMITTEE,5,DEM,TIMOTHY DON BIAS,21
Wayne,PRECINCT 48,STATE EXECUTIVE COMMITTEE,5,DEM,TIMOTHY DON BIAS,47
Wayne,PRECINCT 49,STATE EXECUTIVE COMMITTEE,5,DEM,TIMOTHY DON BIAS,53
Wayne,PRECINCT 50,STATE EXECUTIVE COMMITTEE,5,DEM,TIMOTHY DON BIAS,57
Wayne,PRECINCT 51,STATE EXECUTIVE COMMITTEE,5,DEM,TIMOTHY DON BIAS,120
Wayne,PRECINCT 52,STATE EXECUTIVE COMMITTEE,5,DEM,TIMOTHY DON BIAS,14
Wayne,PRECINCT 53,STATE EXECUTIVE COMMITTEE,5,DEM,TIMOTHY DON BIAS,44
Wayne,PRECINCT 54,STATE EXECUTIVE COMMITTEE,5,DEM,TIMOTHY DON BIAS,54
Wayne,PRECINCT 56,STATE EXECUTIVE COMMITTEE,5,DEM,TIMOTHY DON BIAS,60
Wayne,PRECINCT 57,STATE EXECUTIVE COMMITTEE,5,DEM,TIMOTHY DON BIAS,50
Wayne,PRECINCT 59,STATE EXECUTIVE COMMITTEE,5,DEM,TIMOTHY DON BIAS,34
Wayne,PRECINCT 60,STATE EXECUTIVE COMMITTEE,5,DEM,TIMOTHY DON BIAS,48
Wayne,PRECINCT 61,STATE EXECUTIVE COMMITTEE,5,DEM,TIMOTHY DON BIAS,42
Wayne,PRECINCT 62,STATE EXECUTIVE COMMITTEE,5,DEM,TIMOTHY DON BIAS,35
Wayne,PRECINCT 63,STATE EXECUTIVE COMMITTEE,5,DEM,TIMOTHY DON BIAS,21
Wayne,PRECINCT 1,STATE EXECUTIVE COMMITTEE,6,REP,NO CANDIDATE FILED,0
Wayne,PRECINCT 3,STATE EXECUTIVE COMMITTEE,6,REP,NO CANDIDATE FILED,0
Wayne,PRECINCT 6,STATE EXECUTIVE COMMITTEE,6,REP,NO CANDIDATE FILED,0
Wayne,PRECINCT 30,STATE EXECUTIVE COMMITTEE,6,REP,NO CANDIDATE FILED,0
Wayne,PRECINCT 31,STATE EXECUTIVE COMMITTEE,6,REP,NO CANDIDATE FILED,0
Wayne,PRECINCT 34,STATE EXECUTIVE COMMITTEE,6,REP,NO CANDIDATE FILED,0
Wayne,PRECINCT 37,STATE EXECUTIVE COMMITTEE,6,REP,NO CANDIDATE FILED,0
Wayne,PRECINCT 38,STATE EXECUTIVE COMMITTEE,6,REP,NO CANDIDATE FILED,0
Wayne,PRECINCT 45,STATE EXECUTIVE COMMITTEE,6,REP,NO CANDIDATE FILED,0
Wayne,PRECINCT 1,STATE EXECUTIVE COMMITTEE,6,DEM,DEB MCCARTHY,12
Wayne,PRECINCT 3,STATE EXECUTIVE COMMITTEE,6,DEM,DEB MCCARTHY,3
Wayne,PRECINCT 6,STATE EXECUTIVE COMMITTEE,6,DEM,DEB MCCARTHY,4
Wayne,PRECINCT 30,STATE EXECUTIVE COMMITTEE,6,DEM,DEB MCCARTHY,9
Wayne,PRECINCT 31,STATE EXECUTIVE COMMITTEE,6,DEM,DEB MCCARTHY,7
Wayne,PRECINCT 34,STATE EXECUTIVE COMMITTEE,6,DEM,DEB MCCARTHY,4
Wayne,PRECINCT 37,STATE EXECUTIVE COMMITTEE,6,DEM,DEB MCCARTHY,3
Wayne,PRECINCT 38,STATE EXECUTIVE COMMITTEE,6,DEM,DEB MCCARTHY,8
Wayne,PRECINCT 45,STATE EXECUTIVE COMMITTEE,6,DEM,DEB MCCARTHY,12
Wayne,PRECINCT 1,STATE EXECUTIVE COMMITTEE,6,DEM,ANITA SKEENS CALDWELL,8
Wayne,PRECINCT 3,STATE EXECUTIVE COMMITTEE,6,DEM,ANITA SKEENS CALDWELL,4
Wayne,PRECINCT 6,STATE EXECUTIVE COMMITTEE,6,DEM,ANITA SKEENS CALDWELL,2
Wayne,PRECINCT 30,STATE EXECUTIVE COMMITTEE,6,DEM,ANITA SKEENS CALDWELL,6
Wayne,PRECINCT 31,STATE EXECUTIVE COMMITTEE,6,DEM,ANITA SKEENS CALDWELL,3
Wayne,PRECINCT 34,STATE EXECUTIVE COMMITTEE,6,DEM,ANITA SKEENS CALDWELL,2
Wayne,PRECINCT 37,STATE EXECUTIVE COMMITTEE,6,DEM,ANITA SKEENS CALDWELL,3
Wayne,PRECINCT 38,STATE EXECUTIVE COMMITTEE,6,DEM,ANITA SKEENS CALDWELL,1
Wayne,PRECINCT 45,STATE EXECUTIVE COMMITTEE,6,DEM,ANITA SKEENS CALDWELL,13
Wayne,PRECINCT 1,STATE EXECUTIVE COMMITTEE,6,DEM,MADISON RAMELLA,27
Wayne,PRECINCT 3,STATE EXECUTIVE COMMITTEE,6,DEM,MADISON RAMELLA,8
Wayne,PRECINCT 6,STATE EXECUTIVE COMMITTEE,6,DEM,MADISON RAMELLA,9
Wayne,PRECINCT 30,STATE EXECUTIVE COMMITTEE,6,DEM,MADISON RAMELLA,19
Wayne,PRECINCT 31,STATE EXECUTIVE COMMITTEE,6,DEM,MADISON RAMELLA,28
Wayne,PRECINCT 34,STATE EXECUTIVE COMMITTEE,6,DEM,MADISON RAMELLA,16
Wayne,PRECINCT 37,STATE EXECUTIVE COMMITTEE,6,DEM,MADISON RAMELLA,27
Wayne,PRECINCT 38,STATE EXECUTIVE COMMITTEE,6,DEM,MADISON RAMELLA,20
Wayne,PRECINCT 45,STATE EXECUTIVE COMMITTEE,6,DEM,MADISON RAMELLA,15
Wayne,PRECINCT 1,STATE EXECUTIVE COMMITTEE,6,DEM,PHYLLIS WHITE,18
Wayne,PRECINCT 3,STATE EXECUTIVE COMMITTEE,6,DEM,PHYLLIS WHITE,10
Wayne,PRECINCT 6,STATE EXECUTIVE COMMITTEE,6,DEM,PHYLLIS WHITE,10
Wayne,PRECINCT 30,STATE EXECUTIVE COMMITTEE,6,DEM,PHYLLIS WHITE,20
Wayne,PRECINCT 31,STATE EXECUTIVE COMMITTEE,6,DEM,PHYLLIS WHITE,21
Wayne,PRECINCT 34,STATE EXECUTIVE COMMITTEE,6,DEM,PHYLLIS WHITE,22
Wayne,PRECINCT 37,STATE EXECUTIVE COMMITTEE,6,DEM,PHYLLIS WHITE,29
Wayne,PRECINCT 38,STATE EXECUTIVE COMMITTEE,6,DEM,PHYLLIS WHITE,17
Wayne,PRECINCT 45,STATE EXECUTIVE COMMITTEE,6,DEM,PHYLLIS WHITE,24
Wayne,PRECINCT 1,STATE EXECUTIVE COMMITTEE,6,REP,MARTY GEARHEART,7
Wayne,PRECINCT 3,STATE EXECUTIVE COMMITTEE,6,REP,MARTY GEARHEART,1
Wayne,PRECINCT 6,STATE EXECUTIVE COMMITTEE,6,REP,MARTY GEARHEART,3
Wayne,PRECINCT 30,STATE EXECUTIVE COMMITTEE,6,REP,MARTY GEARHEART,19
Wayne,PRECINCT 31,STATE EXECUTIVE COMMITTEE,6,REP,MARTY GEARHEART,12
Wayne,PRECINCT 34,STATE EXECUTIVE COMMITTEE,6,REP,MARTY GEARHEART,3
Wayne,PRECINCT 37,STATE EXECUTIVE COMMITTEE,6,REP,MARTY GEARHEART,3
Wayne,PRECINCT 38,STATE EXECUTIVE COMMITTEE,6,REP,MARTY GEARHEART,6
Wayne,PRECINCT 45,STATE EXECUTIVE COMMITTEE,6,REP,MARTY GEARHEART,10
Wayne,PRECINCT 1,STATE EXECUTIVE COMMITTEE,6,REP,JOHN WILLIAM PREECE,21
Wayne,PRECINCT 3,STATE EXECUTIVE COMMITTEE,6,REP,JOHN WILLIAM PREECE,2
Wayne,PRECINCT 6,STATE EXECUTIVE COMMITTEE,6,REP,JOHN WILLIAM PREECE,6
Wayne,PRECINCT 30,STATE EXECUTIVE COMMITTEE,6,REP,JOHN WILLIAM PREECE,20
Wayne,PRECINCT 31,STATE EXECUTIVE COMMITTEE,6,REP,JOHN WILLIAM PREECE,22
Wayne,PRECINCT 34,STATE EXECUTIVE COMMITTEE,6,REP,JOHN WILLIAM PREECE,9
Wayne,PRECINCT 37,STATE EXECUTIVE COMMITTEE,6,REP,JOHN WILLIAM PREECE,14
Wayne,PRECINCT 38,STATE EXECUTIVE COMMITTEE,6,REP,JOHN WILLIAM PREECE,12
Wayne,PRECINCT 45,STATE EXECUTIVE COMMITTEE,6,REP,JOHN WILLIAM PREECE,10
Wayne,PRECINCT 1,STATE EXECUTIVE COMMITTEE,6,REP,MARK R. MAYNARD,59
Wayne,PRECINCT 3,STATE EXECUTIVE COMMITTEE,6,REP,MARK R. MAYNARD,11
Wayne,PRECINCT 6,STATE EXECUTIVE COMMITTEE,6,REP,MARK R. MAYNARD,24
Wayne,PRECINCT 30,STATE EXECUTIVE COMMITTEE,6,REP,MARK R. MAYNARD,63
Wayne,PRECINCT 31,STATE EXECUTIVE COMMITTEE,6,REP,MARK R. MAYNARD,45
Wayne,PRECINCT 34,STATE EXECUTIVE COMMITTEE,6,REP,MARK R. MAYNARD,31
Wayne,PRECINCT 37,STATE EXECUTIVE COMMITTEE,6,REP,MARK R. MAYNARD,67
Wayne,PRECINCT 38,STATE EXECUTIVE COMMITTEE,6,REP,MARK R. MAYNARD,34
Wayne,PRECINCT 45,STATE EXECUTIVE COMMITTEE,6,REP,MARK R. MAYNARD,31
Wayne,PRECINCT 1,STATE EXECUTIVE COMMITTEE,6,DEM,ROBERT OFSA,20
Wayne,PRECINCT 3,STATE EXECUTIVE COMMITTEE,6,DEM,ROBERT OFSA,11
Wayne,PRECINCT 6,STATE EXECUTIVE COMMITTEE,6,DEM,ROBERT OFSA,10
Wayne,PRECINCT 30,STATE EXECUTIVE COMMITTEE,6,DEM,ROBERT OFSA,19
Wayne,PRECINCT 31,STATE EXECUTIVE COMMITTEE,6,DEM,ROBERT OFSA,26
Wayne,PRECINCT 34,STATE EXECUTIVE COMMITTEE,6,DEM,ROBERT OFSA,14
Wayne,PRECINCT 37,STATE EXECUTIVE COMMITTEE,6,DEM,ROBERT OFSA,20
Wayne,PRECINCT 38,STATE EXECUTIVE COMMITTEE,6,DEM,ROBERT OFSA,16
Wayne,PRECINCT 45,STATE EXECUTIVE COMMITTEE,6,DEM,ROBERT OFSA,26
Wayne,PRECINCT 1,STATE EXECUTIVE COMMITTEE,6,DEM,MARCUS WILKES,23
Wayne,PRECINCT 3,STATE EXECUTIVE COMMITTEE,6,DEM,MARCUS WILKES,10
Wayne,PRECINCT 6,STATE EXECUTIVE COMMITTEE,6,DEM,MARCUS WILKES,7
Wayne,PRECINCT 30,STATE EXECUTIVE COMMITTEE,6,DEM,MARCUS WILKES,20
Wayne,PRECINCT 31,STATE EXECUTIVE COMMITTEE,6,DEM,MARCUS WILKES,21
Wayne,PRECINCT 34,STATE EXECUTIVE COMMITTEE,6,DEM,MARCUS WILKES,13
Wayne,PRECINCT 37,STATE EXECUTIVE COMMITTEE,6,DEM,MARCUS WILKES,19
Wayne,PRECINCT 38,STATE EXECUTIVE COMMITTEE,6,DEM,MARCUS WILKES,13
Wayne,PRECINCT 45,STATE EXECUTIVE COMMITTEE,6,DEM,MARCUS WILKES,27
Wayne,PRECINCT 1,REP FOR CIRCUIT CLERK,,REP,NO CANDIDATE FILED,0
Wayne,PRECINCT 2,REP FOR CIRCUIT CLERK,,REP,NO CANDIDATE FILED,0
Wayne,PRECINCT 3,REP FOR CIRCUIT CLERK,,REP,NO CANDIDATE FILED,0
Wayne,PRECINCT 5,REP FOR CIRCUIT CLERK,,REP,NO CANDIDATE FILED,0
Wayne,PRECINCT 6,REP FOR CIRCUIT CLERK,,REP,NO CANDIDATE FILED,0
Wayne,PRECINCT 12,REP FOR CIRCUIT CLERK,,REP,NO CANDIDATE FILED,0
Wayne,PRECINCT 13,REP FOR CIRCUIT CLERK,,REP,NO CANDIDATE FILED,0
Wayne,PRECINCT 14,REP FOR CIRCUIT CLERK,,REP,NO CANDIDATE FILED,0
Wayne,PRECINCT 16,REP FOR CIRCUIT CLERK,,REP,NO CANDIDATE FILED,0
Wayne,PRECINCT 17,REP FOR CIRCUIT CLERK,,REP,NO CANDIDATE FILED,0
Wayne,PRECINCT 18,REP FOR CIRCUIT CLERK,,REP,NO CANDIDATE FILED,0
Wayne,PRECINCT 19,REP FOR CIRCUIT CLERK,,REP,NO CANDIDATE FILED,0
Wayne,PRECINCT 20,REP FOR CIRCUIT CLERK,,REP,NO CANDIDATE FILED,0
Wayne,PRECINCT 21,REP FOR CIRCUIT CLERK,,REP,NO CANDIDATE FILED,0
Wayne,PRECINCT 22,REP FOR CIRCUIT CLERK,,REP,NO CANDIDATE FILED,0
Wayne,PRECINCT 30,REP FOR CIRCUIT CLERK,,REP,NO CANDIDATE FILED,0
Wayne,PRECINCT 31,REP FOR CIRCUIT CLERK,,REP,NO CANDIDATE FILED,0
Wayne,PRECINCT 34,REP FOR CIRCUIT CLERK,,REP,NO CANDIDATE FILED,0
Wayne,PRECINCT 36,REP FOR CIRCUIT CLERK,,REP,NO CANDIDATE FILED,0
Wayne,PRECINCT 37,REP FOR CIRCUIT CLERK,,REP,NO CANDIDATE FILED,0
Wayne,PRECINCT 38,REP FOR CIRCUIT CLERK,,REP,NO CANDIDATE FILED,0
Wayne,PRECINCT 41,REP FOR CIRCUIT CLERK,,REP,NO CANDIDATE FILED,0
Wayne,PRECINCT 42,REP FOR CIRCUIT CLERK,,REP,NO CANDIDATE FILED,0
Wayne,PRECINCT 45,REP FOR CIRCUIT CLERK,,REP,NO CANDIDATE FILED,0
Wayne,PRECINCT 48,REP FOR CIRCUIT CLERK,,REP,NO CANDIDATE FILED,0
Wayne,PRECINCT 49,REP FOR CIRCUIT CLERK,,REP,NO CANDIDATE FILED,0
Wayne,PRECINCT 50,REP FOR CIRCUIT CLERK,,REP,NO CANDIDATE FILED,0
Wayne,PRECINCT 51,REP FOR CIRCUIT CLERK,,REP,NO CANDIDATE FILED,0
Wayne,PRECINCT 52,REP FOR CIRCUIT CLERK,,REP,NO CANDIDATE FILED,0
Wayne,PRECINCT 53,REP FOR CIRCUIT CLERK,,REP,NO CANDIDATE FILED,0
Wayne,PRECINCT 54,REP FOR CIRCUIT CLERK,,REP,NO CANDIDATE FILED,0
Wayne,PRECINCT 56,REP FOR CIRCUIT CLERK,,REP,NO CANDIDATE FILED,0
Wayne,PRECINCT 57,REP FOR CIRCUIT CLERK,,REP,NO CANDIDATE FILED,0
Wayne,PRECINCT 59,REP FOR CIRCUIT CLERK,,REP,NO CANDIDATE FILED,0
Wayne,PRECINCT 60,REP FOR CIRCUIT CLERK,,REP,NO CANDIDATE FILED,0
Wayne,PRECINCT 61,REP FOR CIRCUIT CLERK,,REP,NO CANDIDATE FILED,0
Wayne,PRECINCT 62,REP FOR CIRCUIT CLERK,,REP,NO CANDIDATE FILED,0
Wayne,PRECINCT 63,REP FOR CIRCUIT CLERK,,REP,NO CANDIDATE FILED,0
Wayne,PRECINCT 1,DEM FOR CIRCUIT CLERK,,DEM,"REGINA ""REGGIE"" THOMPSON",52
Wayne,PRECINCT 2,DEM FOR CIRCUIT CLERK,,DEM,"REGINA ""REGGIE"" THOMPSON",13
Wayne,PRECINCT 3,DEM FOR CIRCUIT CLERK,,DEM,"REGINA ""REGGIE"" THOMPSON",17
Wayne,PRECINCT 5,DEM FOR CIRCUIT CLERK,,DEM,"REGINA ""REGGIE"" THOMPSON",25
Wayne,PRECINCT 6,DEM FOR CIRCUIT CLERK,,DEM,"REGINA ""REGGIE"" THOMPSON",25
Wayne,PRECINCT 12,DEM FOR CIRCUIT CLERK,,DEM,"REGINA ""REGGIE"" THOMPSON",64
Wayne,PRECINCT 13,DEM FOR CIRCUIT CLERK,,DEM,"REGINA ""REGGIE"" THOMPSON",54
Wayne,PRECINCT 14,DEM FOR CIRCUIT CLERK,,DEM,"REGINA ""REGGIE"" THOMPSON",87
Wayne,PRECINCT 16,DEM FOR CIRCUIT CLERK,,DEM,"REGINA ""REGGIE"" THOMPSON",30
Wayne,PRECINCT 17,DEM FOR CIRCUIT CLERK,,DEM,"REGINA ""REGGIE"" THOMPSON",84
Wayne,PRECINCT 18,DEM FOR CIRCUIT CLERK,,DEM,"REGINA ""REGGIE"" THOMPSON",40
Wayne,PRECINCT 19,DEM FOR CIRCUIT CLERK,,DEM,"REGINA ""REGGIE"" THOMPSON",49
Wayne,PRECINCT 20,DEM FOR CIRCUIT CLERK,,DEM,"REGINA ""REGGIE"" THOMPSON",49
Wayne,PRECINCT 21,DEM FOR CIRCUIT CLERK,,DEM,"REGINA ""REGGIE"" THOMPSON",40
Wayne,PRECINCT 22,DEM FOR CIRCUIT CLERK,,DEM,"REGINA ""REGGIE"" THOMPSON",56
Wayne,PRECINCT 30,DEM FOR CIRCUIT CLERK,,DEM,"REGINA ""REGGIE"" THOMPSON",43
Wayne,PRECINCT 31,DEM FOR CIRCUIT CLERK,,DEM,"REGINA ""REGGIE"" THOMPSON",55
Wayne,PRECINCT 34,DEM FOR CIRCUIT CLERK,,DEM,"REGINA ""REGGIE"" THOMPSON",33
Wayne,PRECINCT 36,DEM FOR CIRCUIT CLERK,,DEM,"REGINA ""REGGIE"" THOMPSON",32
Wayne,PRECINCT 37,DEM FOR CIRCUIT CLERK,,DEM,"REGINA ""REGGIE"" THOMPSON",32
Wayne,PRECINCT 38,DEM FOR CIRCUIT CLERK,,DEM,"REGINA ""REGGIE"" THOMPSON",39
Wayne,PRECINCT 41,DEM FOR CIRCUIT CLERK,,DEM,"REGINA ""REGGIE"" THOMPSON",58
Wayne,PRECINCT 42,DEM FOR CIRCUIT CLERK,,DEM,"REGINA ""REGGIE"" THOMPSON",27
Wayne,PRECINCT 45,DEM FOR CIRCUIT CLERK,,DEM,"REGINA ""REGGIE"" THOMPSON",48
Wayne,PRECINCT 48,DEM FOR CIRCUIT CLERK,,DEM,"REGINA ""REGGIE"" THOMPSON",67
Wayne,PRECINCT 49,DEM FOR CIRCUIT CLERK,,DEM,"REGINA ""REGGIE"" THOMPSON",72
Wayne,PRECINCT 50,DEM FOR CIRCUIT CLERK,,DEM,"REGINA ""REGGIE"" THOMPSON",76
Wayne,PRECINCT 51,DEM FOR CIRCUIT CLERK,,DEM,"REGINA ""REGGIE"" THOMPSON",158
Wayne,PRECINCT 52,DEM FOR CIRCUIT CLERK,,DEM,"REGINA ""REGGIE"" THOMPSON",17
Wayne,PRECINCT 53,DEM FOR CIRCUIT CLERK,,DEM,"REGINA ""REGGIE"" THOMPSON",52
Wayne,PRECINCT 54,DEM FOR CIRCUIT CLERK,,DEM,"REGINA ""REGGIE"" THOMPSON",67
Wayne,PRECINCT 56,DEM FOR CIRCUIT CLERK,,DEM,"REGINA ""REGGIE"" THOMPSON",68
Wayne,PRECINCT 57,DEM FOR CIRCUIT CLERK,,DEM,"REGINA ""REGGIE"" THOMPSON",72
Wayne,PRECINCT 59,DEM FOR CIRCUIT CLERK,,DEM,"REGINA ""REGGIE"" THOMPSON",49
Wayne,PRECINCT 60,DEM FOR CIRCUIT CLERK,,DEM,"REGINA ""REGGIE"" THOMPSON",70
Wayne,PRECINCT 61,DEM FOR CIRCUIT CLERK,,DEM,"REGINA ""REGGIE"" THOMPSON",61
Wayne,PRECINCT 62,DEM FOR CIRCUIT CLERK,,DEM,"REGINA ""REGGIE"" THOMPSON",36
Wayne,PRECINCT 63,DEM FOR CIRCUIT CLERK,,DEM,"REGINA ""REGGIE"" THOMPSON",27
Wayne,PRECINCT 1,REP FOR COUNTY COMMISSIONER,,REP,DOUG REYNOLDS,12
Wayne,PRECINCT 2,REP FOR COUNTY COMMISSIONER,,REP,DOUG REYNOLDS,2
Wayne,PRECINCT 3,REP FOR COUNTY COMMISSIONER,,REP,DOUG REYNOLDS,2
Wayne,PRECINCT 5,REP FOR COUNTY COMMISSIONER,,REP,DOUG REYNOLDS,12
Wayne,PRECINCT 6,REP FOR COUNTY COMMISSIONER,,REP,DOUG REYNOLDS,10
Wayne,PRECINCT 12,REP FOR COUNTY COMMISSIONER,,REP,DOUG REYNOLDS,29
Wayne,PRECINCT 13,REP FOR COUNTY COMMISSIONER,,REP,DOUG REYNOLDS,21
Wayne,PRECINCT 14,REP FOR COUNTY COMMISSIONER,,REP,DOUG REYNOLDS,41
Wayne,PRECINCT 16,REP FOR COUNTY COMMISSIONER,,REP,DOUG REYNOLDS,14
Wayne,PRECINCT 17,REP FOR COUNTY COMMISSIONER,,REP,DOUG REYNOLDS,39
Wayne,PRECINCT 18,REP FOR COUNTY COMMISSIONER,,REP,DOUG REYNOLDS,9
Wayne,PRECINCT 19,REP FOR COUNTY COMMISSIONER,,REP,DOUG REYNOLDS,41
Wayne,PRECINCT 20,REP FOR COUNTY COMMISSIONER,,REP,DOUG REYNOLDS,20
Wayne,PRECINCT 21,REP FOR COUNTY COMMISSIONER,,REP,DOUG REYNOLDS,20
Wayne,PRECINCT 22,REP FOR COUNTY COMMISSIONER,,REP,DOUG REYNOLDS,30
Wayne,PRECINCT 30,REP FOR COUNTY COMMISSIONER,,REP,DOUG REYNOLDS,21
Wayne,PRECINCT 31,REP FOR COUNTY COMMISSIONER,,REP,DOUG REYNOLDS,8
Wayne,PRECINCT 34,REP FOR COUNTY COMMISSIONER,,REP,DOUG REYNOLDS,8
Wayne,PRECINCT 36,REP FOR COUNTY COMMISSIONER,,REP,DOUG REYNOLDS,8
Wayne,PRECINCT 37,REP FOR COUNTY COMMISSIONER,,REP,DOUG REYNOLDS,8
Wayne,PRECINCT 38,REP FOR COUNTY COMMISSIONER,,REP,DOUG REYNOLDS,5
Wayne,PRECINCT 41,REP FOR COUNTY COMMISSIONER,,REP,DOUG REYNOLDS,9
Wayne,PRECINCT 42,REP FOR COUNTY COMMISSIONER,,REP,DOUG REYNOLDS,4
Wayne,PRECINCT 45,REP FOR COUNTY COMMISSIONER,,REP,DOUG REYNOLDS,8
Wayne,PRECINCT 48,REP FOR COUNTY COMMISSIONER,,REP,DOUG REYNOLDS,22
Wayne,PRECINCT 49,REP FOR COUNTY COMMISSIONER,,REP,DOUG REYNOLDS,20
Wayne,PRECINCT 50,REP FOR COUNTY COMMISSIONER,,REP,DOUG REYNOLDS,13
Wayne,PRECINCT 51,REP FOR COUNTY COMMISSIONER,,REP,DOUG REYNOLDS,42
Wayne,PRECINCT 52,REP FOR COUNTY COMMISSIONER,,REP,DOUG REYNOLDS,7
Wayne,PRECINCT 53,REP FOR COUNTY COMMISSIONER,,REP,DOUG REYNOLDS,11
Wayne,PRECINCT 54,REP FOR COUNTY COMMISSIONER,,REP,DOUG REYNOLDS,15
Wayne,PRECINCT 56,REP FOR COUNTY COMMISSIONER,,REP,DOUG REYNOLDS,42
Wayne,PRECINCT 57,REP FOR COUNTY COMMISSIONER,,REP,DOUG REYNOLDS,56
Wayne,PRECINCT 59,REP FOR COUNTY COMMISSIONER,,REP,DOUG REYNOLDS,39
Wayne,PRECINCT 60,REP FOR COUNTY COMMISSIONER,,REP,DOUG REYNOLDS,33
Wayne,PRECINCT 61,REP FOR COUNTY COMMISSIONER,,REP,DOUG REYNOLDS,27
Wayne,PRECINCT 62,REP FOR COUNTY COMMISSIONER,,REP,DOUG REYNOLDS,33
Wayne,PRECINCT 63,REP FOR COUNTY COMMISSIONER,,REP,DOUG REYNOLDS,9
Wayne,PRECINCT 1,REP FOR COUNTY COMMISSIONER,,REP,TRAVIS THOMPSON,70
Wayne,PRECINCT 2,REP FOR COUNTY COMMISSIONER,,REP,TRAVIS THOMPSON,9
Wayne,PRECINCT 3,REP FOR COUNTY COMMISSIONER,,REP,TRAVIS THOMPSON,13
Wayne,PRECINCT 5,REP FOR COUNTY COMMISSIONER,,REP,TRAVIS THOMPSON,65
Wayne,PRECINCT 6,REP FOR COUNTY COMMISSIONER,,REP,TRAVIS THOMPSON,23
Wayne,PRECINCT 12,REP FOR COUNTY COMMISSIONER,,REP,TRAVIS THOMPSON,52
Wayne,PRECINCT 13,REP FOR COUNTY COMMISSIONER,,REP,TRAVIS THOMPSON,33
Wayne,PRECINCT 14,REP FOR COUNTY COMMISSIONER,,REP,TRAVIS THOMPSON,111
Wayne,PRECINCT 16,REP FOR COUNTY COMMISSIONER,,REP,TRAVIS THOMPSON,27
Wayne,PRECINCT 17,REP FOR COUNTY COMMISSIONER,,REP,TRAVIS THOMPSON,92
Wayne,PRECINCT 18,REP FOR COUNTY COMMISSIONER,,REP,TRAVIS THOMPSON,38
Wayne,PRECINCT 19,REP FOR COUNTY COMMISSIONER,,REP,TRAVIS THOMPSON,71
Wayne,PRECINCT 20,REP FOR COUNTY COMMISSIONER,,REP,TRAVIS THOMPSON,25
Wayne,PRECINCT 21,REP FOR COUNTY COMMISSIONER,,REP,TRAVIS THOMPSON,27
Wayne,PRECINCT 22,REP FOR COUNTY COMMISSIONER,,REP,TRAVIS THOMPSON,68
Wayne,PRECINCT 30,REP FOR COUNTY COMMISSIONER,,REP,TRAVIS THOMPSON,70
Wayne,PRECINCT 31,REP FOR COUNTY COMMISSIONER,,REP,TRAVIS THOMPSON,52
Wayne,PRECINCT 34,REP FOR COUNTY COMMISSIONER,,REP,TRAVIS THOMPSON,35
Wayne,PRECINCT 36,REP FOR COUNTY COMMISSIONER,,REP,TRAVIS THOMPSON,26
Wayne,PRECINCT 37,REP FOR COUNTY COMMISSIONER,,REP,TRAVIS THOMPSON,70
Wayne,PRECINCT 38,REP FOR COUNTY COMMISSIONER,,REP,TRAVIS THOMPSON,34
Wayne,PRECINCT 41,REP FOR COUNTY COMMISSIONER,,REP,TRAVIS THOMPSON,52
Wayne,PRECINCT 42,REP FOR COUNTY COMMISSIONER,,REP,TRAVIS THOMPSON,10
Wayne,PRECINCT 45,REP FOR COUNTY COMMISSIONER,,REP,TRAVIS THOMPSON,35
Wayne,PRECINCT 48,REP FOR COUNTY COMMISSIONER,,REP,TRAVIS THOMPSON,39
Wayne,PRECINCT 49,REP FOR COUNTY COMMISSIONER,,REP,TRAVIS THOMPSON,80
Wayne,PRECINCT 50,REP FOR COUNTY COMMISSIONER,,REP,TRAVIS THOMPSON,62
Wayne,PRECINCT 51,REP FOR COUNTY COMMISSIONER,,REP,TRAVIS THOMPSON,136
Wayne,PRECINCT 52,REP FOR COUNTY COMMISSIONER,,REP,TRAVIS THOMPSON,13
Wayne,PRECINCT 53,REP FOR COUNTY COMMISSIONER,,REP,TRAVIS THOMPSON,77
Wayne,PRECINCT 54,REP FOR COUNTY COMMISSIONER,,REP,TRAVIS THOMPSON,72
Wayne,PRECINCT 56,REP FOR COUNTY COMMISSIONER,,REP,TRAVIS THOMPSON,51
Wayne,PRECINCT 57,REP FOR COUNTY COMMISSIONER,,REP,TRAVIS THOMPSON,83
Wayne,PRECINCT 59,REP FOR COUNTY COMMISSIONER,,REP,TRAVIS THOMPSON,28
Wayne,PRECINCT 60,REP FOR COUNTY COMMISSIONER,,REP,TRAVIS THOMPSON,29
Wayne,PRECINCT 61,REP FOR COUNTY COMMISSIONER,,REP,TRAVIS THOMPSON,16
Wayne,PRECINCT 62,REP FOR COUNTY COMMISSIONER,,REP,TRAVIS THOMPSON,15
Wayne,PRECINCT 63,REP FOR COUNTY COMMISSIONER,,REP,TRAVIS THOMPSON,15
Wayne,PRECINCT 1,DEM FOR COUNTY COMMISSIONER,,DEM,MATT STANLEY,37
Wayne,PRECINCT 2,DEM FOR COUNTY COMMISSIONER,,DEM,MATT STANLEY,13
Wayne,PRECINCT 3,DEM FOR COUNTY COMMISSIONER,,DEM,MATT STANLEY,14
Wayne,PRECINCT 5,DEM FOR COUNTY COMMISSIONER,,DEM,MATT STANLEY,25
Wayne,PRECINCT 6,DEM FOR COUNTY COMMISSIONER,,DEM,MATT STANLEY,25
Wayne,PRECINCT 12,DEM FOR COUNTY COMMISSIONER,,DEM,MATT STANLEY,51
Wayne,PRECINCT 13,DEM FOR COUNTY COMMISSIONER,,DEM,MATT STANLEY,49
Wayne,PRECINCT 14,DEM FOR COUNTY COMMISSIONER,,DEM,MATT STANLEY,64
Wayne,PRECINCT 16,DEM FOR COUNTY COMMISSIONER,,DEM,MATT STANLEY,22
Wayne,PRECINCT 17,DEM FOR COUNTY COMMISSIONER,,DEM,MATT STANLEY,70
Wayne,PRECINCT 18,DEM FOR COUNTY COMMISSIONER,,DEM,MATT STANLEY,32
Wayne,PRECINCT 19,DEM FOR COUNTY COMMISSIONER,,DEM,MATT STANLEY,38
Wayne,PRECINCT 20,DEM FOR COUNTY COMMISSIONER,,DEM,MATT STANLEY,38
Wayne,PRECINCT 21,DEM FOR COUNTY COMMISSIONER,,DEM,MATT STANLEY,38
Wayne,PRECINCT 22,DEM FOR COUNTY COMMISSIONER,,DEM,MATT STANLEY,42
Wayne,PRECINCT 30,DEM FOR COUNTY COMMISSIONER,,DEM,MATT STANLEY,26
Wayne,PRECINCT 31,DEM FOR COUNTY COMMISSIONER,,DEM,MATT STANLEY,53
Wayne,PRECINCT 34,DEM FOR COUNTY COMMISSIONER,,DEM,MATT STANLEY,36
Wayne,PRECINCT 36,DEM FOR COUNTY COMMISSIONER,,DEM,MATT STANLEY,37
Wayne,PRECINCT 37,DEM FOR COUNTY COMMISSIONER,,DEM,MATT STANLEY,48
Wayne,PRECINCT 38,DEM FOR COUNTY COMMISSIONER,,DEM,MATT STANLEY,37
Wayne,PRECINCT 41,DEM FOR COUNTY COMMISSIONER,,DEM,MATT STANLEY,35
Wayne,PRECINCT 42,DEM FOR COUNTY COMMISSIONER,,DEM,MATT STANLEY,24
Wayne,PRECINCT 45,DEM FOR COUNTY COMMISSIONER,,DEM,MATT STANLEY,36
Wayne,PRECINCT 48,DEM FOR COUNTY COMMISSIONER,,DEM,MATT STANLEY,51
Wayne,PRECINCT 49,DEM FOR COUNTY COMMISSIONER,,DEM,MATT STANLEY,54
Wayne,PRECINCT 50,DEM FOR COUNTY COMMISSIONER,,DEM,MATT STANLEY,44
Wayne,PRECINCT 51,DEM FOR COUNTY COMMISSIONER,,DEM,MATT STANLEY,130
Wayne,PRECINCT 52,DEM FOR COUNTY COMMISSIONER,,DEM,MATT STANLEY,14
Wayne,PRECINCT 53,DEM FOR COUNTY COMMISSIONER,,DEM,MATT STANLEY,44
Wayne,PRECINCT 54,DEM FOR COUNTY COMMISSIONER,,DEM,MATT STANLEY,52
Wayne,PRECINCT 56,DEM FOR COUNTY COMMISSIONER,,DEM,MATT STANLEY,55
Wayne,PRECINCT 57,DEM FOR COUNTY COMMISSIONER,,DEM,MATT STANLEY,53
Wayne,PRECINCT 59,DEM FOR COUNTY COMMISSIONER,,DEM,MATT STANLEY,47
Wayne,PRECINCT 60,DEM FOR COUNTY COMMISSIONER,,DEM,MATT STANLEY,59
Wayne,PRECINCT 61,DEM FOR COUNTY COMMISSIONER,,DEM,MATT STANLEY,53
Wayne,PRECINCT 62,DEM FOR COUNTY COMMISSIONER,,DEM,MATT STANLEY,27
Wayne,PRECINCT 63,DEM FOR COUNTY COMMISSIONER,,DEM,MATT STANLEY,27
Wayne,PRECINCT 1,REP FOR COUNTY CLERK,,REP,CRAIG EVANS,52
Wayne,PRECINCT 2,REP FOR COUNTY CLERK,,REP,CRAIG EVANS,7
Wayne,PRECINCT 3,REP FOR COUNTY CLERK,,REP,CRAIG EVANS,8
Wayne,PRECINCT 5,REP FOR COUNTY CLERK,,REP,CRAIG EVANS,54
Wayne,PRECINCT 6,REP FOR COUNTY CLERK,,REP,CRAIG EVANS,22
Wayne,PRECINCT 12,REP FOR COUNTY CLERK,,REP,CRAIG EVANS,61
Wayne,PRECINCT 13,REP FOR COUNTY CLERK,,REP,CRAIG EVANS,40
Wayne,PRECINCT 14,REP FOR COUNTY CLERK,,REP,CRAIG EVANS,98
Wayne,PRECINCT 16,REP FOR COUNTY CLERK,,REP,CRAIG EVANS,28
Wayne,PRECINCT 17,REP FOR COUNTY CLERK,,REP,CRAIG EVANS,89
Wayne,PRECINCT 18,REP FOR COUNTY CLERK,,REP,CRAIG EVANS,33
Wayne,PRECINCT 19,REP FOR COUNTY CLERK,,REP,CRAIG EVANS,72
Wayne,PRECINCT 20,REP FOR COUNTY CLERK,,REP,CRAIG EVANS,32
Wayne,PRECINCT 21,REP FOR COUNTY CLERK,,REP,CRAIG EVANS,29
Wayne,PRECINCT 22,REP FOR COUNTY CLERK,,REP,CRAIG EVANS,72
Wayne,PRECINCT 30,REP FOR COUNTY CLERK,,REP,CRAIG EVANS,64
Wayne,PRECINCT 31,REP FOR COUNTY CLERK,,REP,CRAIG EVANS,51
Wayne,PRECINCT 34,REP FOR COUNTY CLERK,,REP,CRAIG EVANS,31
Wayne,PRECINCT 36,REP FOR COUNTY CLERK,,REP,CRAIG EVANS,21
Wayne,PRECINCT 37,REP FOR COUNTY CLERK,,REP,CRAIG EVANS,46
Wayne,PRECINCT 38,REP FOR COUNTY CLERK,,REP,CRAIG EVANS,36
Wayne,PRECINCT 41,REP FOR COUNTY CLERK,,REP,CRAIG EVANS,44
Wayne,PRECINCT 42,REP FOR COUNTY CLERK,,REP,CRAIG EVANS,6
Wayne,PRECINCT 45,REP FOR COUNTY CLERK,,REP,CRAIG EVANS,33
Wayne,PRECINCT 48,REP FOR COUNTY CLERK,,REP,CRAIG EVANS,43
Wayne,PRECINCT 49,REP FOR COUNTY CLERK,,REP,CRAIG EVANS,70
Wayne,PRECINCT 50,REP FOR COUNTY CLERK,,REP,CRAIG EVANS,43
Wayne,PRECINCT 51,REP FOR COUNTY CLERK,,REP,CRAIG EVANS,125
Wayne,PRECINCT 52,REP FOR COUNTY CLERK,,REP,CRAIG EVANS,16
Wayne,PRECINCT 53,REP FOR COUNTY CLERK,,REP,CRAIG EVANS,56
Wayne,PRECINCT 54,REP FOR COUNTY CLERK,,REP,CRAIG EVANS,54
Wayne,PRECINCT 56,REP FOR COUNTY CLERK,,REP,CRAIG EVANS,58
Wayne,PRECINCT 57,REP FOR COUNTY CLERK,,REP,CRAIG EVANS,97
Wayne,PRECINCT 59,REP FOR COUNTY CLERK,,REP,CRAIG EVANS,49
Wayne,PRECINCT 60,REP FOR COUNTY CLERK,,REP,CRAIG EVANS,47
Wayne,PRECINCT 61,REP FOR COUNTY CLERK,,REP,CRAIG EVANS,35
Wayne,PRECINCT 62,REP FOR COUNTY CLERK,,REP,CRAIG EVANS,32
Wayne,PRECINCT 63,REP FOR COUNTY CLERK,,REP,CRAIG EVANS,20
Wayne,PRECINCT 1,DEM FOR COUNTY CLERK,,DEM,JIMMY SCOTT,32
Wayne,PRECINCT 2,DEM FOR COUNTY CLERK,,DEM,JIMMY SCOTT,12
Wayne,PRECINCT 3,DEM FOR COUNTY CLERK,,DEM,JIMMY SCOTT,17
Wayne,PRECINCT 5,DEM FOR COUNTY CLERK,,DEM,JIMMY SCOTT,25
Wayne,PRECINCT 6,DEM FOR COUNTY CLERK,,DEM,JIMMY SCOTT,13
Wayne,PRECINCT 12,DEM FOR COUNTY CLERK,,DEM,JIMMY SCOTT,55
Wayne,PRECINCT 13,DEM FOR COUNTY CLERK,,DEM,JIMMY SCOTT,46
Wayne,PRECINCT 14,DEM FOR COUNTY CLERK,,DEM,JIMMY SCOTT,79
Wayne,PRECINCT 16,DEM FOR COUNTY CLERK,,DEM,JIMMY SCOTT,22
Wayne,PRECINCT 17,DEM FOR COUNTY CLERK,,DEM,JIMMY SCOTT,72
Wayne,PRECINCT 18,DEM FOR COUNTY CLERK,,DEM,JIMMY SCOTT,28
Wayne,PRECINCT 19,DEM FOR COUNTY CLERK,,DEM,JIMMY SCOTT,44
Wayne,PRECINCT 20,DEM FOR COUNTY CLERK,,DEM,JIMMY SCOTT,43
Wayne,PRECINCT 21,DEM FOR COUNTY CLERK,,DEM,JIMMY SCOTT,32
Wayne,PRECINCT 22,DEM FOR COUNTY CLERK,,DEM,JIMMY SCOTT,52
Wayne,PRECINCT 30,DEM FOR COUNTY CLERK,,DEM,JIMMY SCOTT,46
Wayne,PRECINCT 31,DEM FOR COUNTY CLERK,,DEM,JIMMY SCOTT,31
Wayne,PRECINCT 34,DEM FOR COUNTY CLERK,,DEM,JIMMY SCOTT,21
Wayne,PRECINCT 36,DEM FOR COUNTY CLERK,,DEM,JIMMY SCOTT,20
Wayne,PRECINCT 37,DEM FOR COUNTY CLERK,,DEM,JIMMY SCOTT,32
Wayne,PRECINCT 38,DEM FOR COUNTY CLERK,,DEM,JIMMY SCOTT,30
Wayne,PRECINCT 41,DEM FOR COUNTY CLERK,,DEM,JIMMY SCOTT,53
Wayne,PRECINCT 42,DEM FOR COUNTY CLERK,,DEM,JIMMY SCOTT,25
Wayne,PRECINCT 45,DEM FOR COUNTY CLERK,,DEM,JIMMY SCOTT,48
Wayne,PRECINCT 48,DEM FOR COUNTY CLERK,,DEM,JIMMY SCOTT,68
Wayne,PRECINCT 49,DEM FOR COUNTY CLERK,,DEM,JIMMY SCOTT,73
Wayne,PRECINCT 50,DEM FOR COUNTY CLERK,,DEM,JIMMY SCOTT,78
Wayne,PRECINCT 51,DEM FOR COUNTY CLERK,,DEM,JIMMY SCOTT,185
Wayne,PRECINCT 52,DEM FOR COUNTY CLERK,,DEM,JIMMY SCOTT,20
Wayne,PRECINCT 53,DEM FOR COUNTY CLERK,,DEM,JIMMY SCOTT,53
Wayne,PRECINCT 54,DEM FOR COUNTY CLERK,,DEM,JIMMY SCOTT,67
Wayne,PRECINCT 56,DEM FOR COUNTY CLERK,,DEM,JIMMY SCOTT,54
Wayne,PRECINCT 57,DEM FOR COUNTY CLERK,,DEM,JIMMY SCOTT,59
Wayne,PRECINCT 59,DEM FOR COUNTY CLERK,,DEM,JIMMY SCOTT,45
Wayne,PRECINCT 60,DEM FOR COUNTY CLERK,,DEM,JIMMY SCOTT,65
Wayne,PRECINCT 61,DEM FOR COUNTY CLERK,,DEM,JIMMY SCOTT,57
Wayne,PRECINCT 62,DEM FOR COUNTY CLERK,,DEM,JIMMY SCOTT,32
Wayne,PRECINCT 63,DEM FOR COUNTY CLERK,,DEM,JIMMY SCOTT,27
Wayne,PRECINCT 1,REP FOR CONGRESSIONAL DISTRICT EXECUTIVE COMMITTEE DIST,,REP,NO CANDIDATE FILED,0
Wayne,PRECINCT 2,REP FOR CONGRESSIONAL DISTRICT EXECUTIVE COMMITTEE DIST,,REP,NO CANDIDATE FILED,0
Wayne,PRECINCT 3,REP FOR CONGRESSIONAL DISTRICT EXECUTIVE COMMITTEE DIST,,REP,NO CANDIDATE FILED,0
Wayne,PRECINCT 5,REP FOR CONGRESSIONAL DISTRICT EXECUTIVE COMMITTEE DIST,,REP,NO CANDIDATE FILED,0
Wayne,PRECINCT 6,REP FOR CONGRESSIONAL DISTRICT EXECUTIVE COMMITTEE DIST,,REP,NO CANDIDATE FILED,0
Wayne,PRECINCT 12,REP FOR CONGRESSIONAL DISTRICT EXECUTIVE COMMITTEE DIST,,REP,NO CANDIDATE FILED,0
Wayne,PRECINCT 13,REP FOR CONGRESSIONAL DISTRICT EXECUTIVE COMMITTEE DIST,,REP,NO CANDIDATE FILED,0
Wayne,PRECINCT 14,REP FOR CONGRESSIONAL DISTRICT EXECUTIVE COMMITTEE DIST,,REP,NO CANDIDATE FILED,0
Wayne,PRECINCT 16,REP FOR CONGRESSIONAL DISTRICT EXECUTIVE COMMITTEE DIST,,REP,NO CANDIDATE FILED,0
Wayne,PRECINCT 17,REP FOR CONGRESSIONAL DISTRICT EXECUTIVE COMMITTEE DIST,,REP,NO CANDIDATE FILED,0
Wayne,PRECINCT 18,REP FOR CONGRESSIONAL DISTRICT EXECUTIVE COMMITTEE DIST,,REP,NO CANDIDATE FILED,0
Wayne,PRECINCT 19,REP FOR CONGRESSIONAL DISTRICT EXECUTIVE COMMITTEE DIST,,REP,NO CANDIDATE FILED,0
Wayne,PRECINCT 20,REP FOR CONGRESSIONAL DISTRICT EXECUTIVE COMMITTEE DIST,,REP,NO CANDIDATE FILED,0
Wayne,PRECINCT 21,REP FOR CONGRESSIONAL DISTRICT EXECUTIVE COMMITTEE DIST,,REP,NO CANDIDATE FILED,0
Wayne,PRECINCT 22,REP FOR CONGRESSIONAL DISTRICT EXECUTIVE COMMITTEE DIST,,REP,NO CANDIDATE FILED,0
Wayne,PRECINCT 30,REP FOR CONGRESSIONAL DISTRICT EXECUTIVE COMMITTEE DIST,,REP,NO CANDIDATE FILED,0
Wayne,PRECINCT 31,REP FOR CONGRESSIONAL DISTRICT EXECUTIVE COMMITTEE DIST,,REP,NO CANDIDATE FILED,0
Wayne,PRECINCT 34,REP FOR CONGRESSIONAL DISTRICT EXECUTIVE COMMITTEE DIST,,REP,NO CANDIDATE FILED,0
Wayne,PRECINCT 36,REP FOR CONGRESSIONAL DISTRICT EXECUTIVE COMMITTEE DIST,,REP,NO CANDIDATE FILED,0
Wayne,PRECINCT 37,REP FOR CONGRESSIONAL DISTRICT EXECUTIVE COMMITTEE DIST,,REP,NO CANDIDATE FILED,0
Wayne,PRECINCT 38,REP FOR CONGRESSIONAL DISTRICT EXECUTIVE COMMITTEE DIST,,REP,NO CANDIDATE FILED,0
Wayne,PRECINCT 41,REP FOR CONGRESSIONAL DISTRICT EXECUTIVE COMMITTEE DIST,,REP,NO CANDIDATE FILED,0
Wayne,PRECINCT 42,REP FOR CONGRESSIONAL DISTRICT EXECUTIVE COMMITTEE DIST,,REP,NO CANDIDATE FILED,0
Wayne,PRECINCT 45,REP FOR CONGRESSIONAL DISTRICT EXECUTIVE COMMITTEE DIST,,REP,NO CANDIDATE FILED,0
Wayne,PRECINCT 48,REP FOR CONGRESSIONAL DISTRICT EXECUTIVE COMMITTEE DIST,,REP,NO CANDIDATE FILED,0
Wayne,PRECINCT 49,REP FOR CONGRESSIONAL DISTRICT EXECUTIVE COMMITTEE DIST,,REP,NO CANDIDATE FILED,0
Wayne,PRECINCT 50,REP FOR CONGRESSIONAL DISTRICT EXECUTIVE COMMITTEE DIST,,REP,NO CANDIDATE FILED,0
Wayne,PRECINCT 51,REP FOR CONGRESSIONAL DISTRICT EXECUTIVE COMMITTEE DIST,,REP,NO CANDIDATE FILED,0
Wayne,PRECINCT 52,REP FOR CONGRESSIONAL DISTRICT EXECUTIVE COMMITTEE DIST,,REP,NO CANDIDATE FILED,0
Wayne,PRECINCT 53,REP FOR CONGRESSIONAL DISTRICT EXECUTIVE COMMITTEE DIST,,REP,NO CANDIDATE FILED,0
Wayne,PRECINCT 54,REP FOR CONGRESSIONAL DISTRICT EXECUTIVE COMMITTEE DIST,,REP,NO CANDIDATE FILED,0
Wayne,PRECINCT 56,REP FOR CONGRESSIONAL DISTRICT EXECUTIVE COMMITTEE DIST,,REP,NO CANDIDATE FILED,0
Wayne,PRECINCT 57,REP FOR CONGRESSIONAL DISTRICT EXECUTIVE COMMITTEE DIST,,REP,NO CANDIDATE FILED,0
Wayne,PRECINCT 59,REP FOR CONGRESSIONAL DISTRICT EXECUTIVE COMMITTEE DIST,,REP,NO CANDIDATE FILED,0
Wayne,PRECINCT 60,REP FOR CONGRESSIONAL DISTRICT EXECUTIVE COMMITTEE DIST,,REP,NO CANDIDATE FILED,0
Wayne,PRECINCT 61,REP FOR CONGRESSIONAL DISTRICT EXECUTIVE COMMITTEE DIST,,REP,NO CANDIDATE FILED,0
Wayne,PRECINCT 62,REP FOR CONGRESSIONAL DISTRICT EXECUTIVE COMMITTEE DIST,,REP,NO CANDIDATE FILED,0
Wayne,PRECINCT 63,REP FOR CONGRESSIONAL DISTRICT EXECUTIVE COMMITTEE DIST,,REP,NO CANDIDATE FILED,0
Wayne,PRECINCT 1,DEM FOR CONGRESSIONAL DISTRICT EXECUTIVE COMMITTEE DIST,,DEM,NO CANDIDATE FILED,0
Wayne,PRECINCT 2,DEM FOR CONGRESSIONAL DISTRICT EXECUTIVE COMMITTEE DIST,,DEM,NO CANDIDATE FILED,0
Wayne,PRECINCT 3,DEM FOR CONGRESSIONAL DISTRICT EXECUTIVE COMMITTEE DIST,,DEM,NO CANDIDATE FILED,0
Wayne,PRECINCT 5,DEM FOR CONGRESSIONAL DISTRICT EXECUTIVE COMMITTEE DIST,,DEM,NO CANDIDATE FILED,0
Wayne,PRECINCT 6,DEM FOR CONGRESSIONAL DISTRICT EXECUTIVE COMMITTEE DIST,,DEM,NO CANDIDATE FILED,0
Wayne,PRECINCT 12,DEM FOR CONGRESSIONAL DISTRICT EXECUTIVE COMMITTEE DIST,,DEM,NO CANDIDATE FILED,0
Wayne,PRECINCT 13,DEM FOR CONGRESSIONAL DISTRICT EXECUTIVE COMMITTEE DIST,,DEM,NO CANDIDATE FILED,0
Wayne,PRECINCT 14,DEM FOR CONGRESSIONAL DISTRICT EXECUTIVE COMMITTEE DIST,,DEM,NO CANDIDATE FILED,0
Wayne,PRECINCT 16,DEM FOR CONGRESSIONAL DISTRICT EXECUTIVE COMMITTEE DIST,,DEM,NO CANDIDATE FILED,0
Wayne,PRECINCT 17,DEM FOR CONGRESSIONAL DISTRICT EXECUTIVE COMMITTEE DIST,,DEM,NO CANDIDATE FILED,0
Wayne,PRECINCT 18,DEM FOR CONGRESSIONAL DISTRICT EXECUTIVE COMMITTEE DIST,,DEM,NO CANDIDATE FILED,0
Wayne,PRECINCT 19,DEM FOR CONGRESSIONAL DISTRICT EXECUTIVE COMMITTEE DIST,,DEM,NO CANDIDATE FILED,0
Wayne,PRECINCT 20,DEM FOR CONGRESSIONAL DISTRICT EXECUTIVE COMMITTEE DIST,,DEM,NO CANDIDATE FILED,0
Wayne,PRECINCT 21,DEM FOR CONGRESSIONAL DISTRICT EXECUTIVE COMMITTEE DIST,,DEM,NO CANDIDATE FILED,0
Wayne,PRECINCT 22,DEM FOR CONGRESSIONAL DISTRICT EXECUTIVE COMMITTEE DIST,,DEM,NO CANDIDATE FILED,0
Wayne,PRECINCT 30,DEM FOR CONGRESSIONAL DISTRICT EXECUTIVE COMMITTEE DIST,,DEM,NO CANDIDATE FILED,0
Wayne,PRECINCT 31,DEM FOR CONGRESSIONAL DISTRICT EXECUTIVE COMMITTEE DIST,,DEM,NO CANDIDATE FILED,0
Wayne,PRECINCT 34,DEM FOR CONGRESSIONAL DISTRICT EXECUTIVE COMMITTEE DIST,,DEM,NO CANDIDATE FILED,0
Wayne,PRECINCT 36,DEM FOR CONGRESSIONAL DISTRICT EXECUTIVE COMMITTEE DIST,,DEM,NO CANDIDATE FILED,0
Wayne,PRECINCT 37,DEM FOR CONGRESSIONAL DISTRICT EXECUTIVE COMMITTEE DIST,,DEM,NO CANDIDATE FILED,0
Wayne,PRECINCT 38,DEM FOR CONGRESSIONAL DISTRICT EXECUTIVE COMMITTEE DIST,,DEM,NO CANDIDATE FILED,0
Wayne,PRECINCT 41,DEM FOR CONGRESSIONAL DISTRICT EXECUTIVE COMMITTEE DIST,,DEM,NO CANDIDATE FILED,0
Wayne,PRECINCT 42,DEM FOR CONGRESSIONAL DISTRICT EXECUTIVE COMMITTEE DIST,,DEM,NO CANDIDATE FILED,0
Wayne,PRECINCT 45,DEM FOR CONGRESSIONAL DISTRICT EXECUTIVE COMMITTEE DIST,,DEM,NO CANDIDATE FILED,0
Wayne,PRECINCT 48,DEM FOR CONGRESSIONAL DISTRICT EXECUTIVE COMMITTEE DIST,,DEM,NO CANDIDATE FILED,0
Wayne,PRECINCT 49,DEM FOR CONGRESSIONAL DISTRICT EXECUTIVE COMMITTEE DIST,,DEM,NO CANDIDATE FILED,0
Wayne,PRECINCT 50,DEM FOR CONGRESSIONAL DISTRICT EXECUTIVE COMMITTEE DIST,,DEM,NO CANDIDATE FILED,0
Wayne,PRECINCT 51,DEM FOR CONGRESSIONAL DISTRICT EXECUTIVE COMMITTEE DIST,,DEM,NO CANDIDATE FILED,0
Wayne,PRECINCT 52,DEM FOR CONGRESSIONAL DISTRICT EXECUTIVE COMMITTEE DIST,,DEM,NO CANDIDATE FILED,0
Wayne,PRECINCT 53,DEM FOR CONGRESSIONAL DISTRICT EXECUTIVE COMMITTEE DIST,,DEM,NO CANDIDATE FILED,0
Wayne,PRECINCT 54,DEM FOR CONGRESSIONAL DISTRICT EXECUTIVE COMMITTEE DIST,,DEM,NO CANDIDATE FILED,0
Wayne,PRECINCT 56,DEM FOR CONGRESSIONAL DISTRICT EXECUTIVE COMMITTEE DIST,,DEM,NO CANDIDATE FILED,0
Wayne,PRECINCT 57,DEM FOR CONGRESSIONAL DISTRICT EXECUTIVE COMMITTEE DIST,,DEM,NO CANDIDATE FILED,0
Wayne,PRECINCT 59,DEM FOR CONGRESSIONAL DISTRICT EXECUTIVE COMMITTEE DIST,,DEM,NO CANDIDATE FILED,0
Wayne,PRECINCT 60,DEM FOR CONGRESSIONAL DISTRICT EXECUTIVE COMMITTEE DIST,,DEM,NO CANDIDATE FILED,0
Wayne,PRECINCT 61,DEM FOR CONGRESSIONAL DISTRICT EXECUTIVE COMMITTEE DIST,,DEM,NO CANDIDATE FILED,0
Wayne,PRECINCT 62,DEM FOR CONGRESSIONAL DISTRICT EXECUTIVE COMMITTEE DIST,,DEM,NO CANDIDATE FILED,0
Wayne,PRECINCT 63,DEM FOR CONGRESSIONAL DISTRICT EXECUTIVE COMMITTEE DIST,,DEM,NO CANDIDATE FILED,0
Wayne,PRECINCT 1,REP FOR CONGRESSIONAL DISTRICT EXECUTIVE COMMITTEE DIST,,REP,JEFF MAYNARD,58
Wayne,PRECINCT 2,REP FOR CONGRESSIONAL DISTRICT EXECUTIVE COMMITTEE DIST,,REP,JEFF MAYNARD,7
Wayne,PRECINCT 3,REP FOR CONGRESSIONAL DISTRICT EXECUTIVE COMMITTEE DIST,,REP,JEFF MAYNARD,9
Wayne,PRECINCT 5,REP FOR CONGRESSIONAL DISTRICT EXECUTIVE COMMITTEE DIST,,REP,JEFF MAYNARD,52
Wayne,PRECINCT 6,REP FOR CONGRESSIONAL DISTRICT EXECUTIVE COMMITTEE DIST,,REP,JEFF MAYNARD,22
Wayne,PRECINCT 12,REP FOR CONGRESSIONAL DISTRICT EXECUTIVE COMMITTEE DIST,,REP,JEFF MAYNARD,59
Wayne,PRECINCT 13,REP FOR CONGRESSIONAL DISTRICT EXECUTIVE COMMITTEE DIST,,REP,JEFF MAYNARD,45
Wayne,PRECINCT 14,REP FOR CONGRESSIONAL DISTRICT EXECUTIVE COMMITTEE DIST,,REP,JEFF MAYNARD,105
Wayne,PRECINCT 16,REP FOR CONGRESSIONAL DISTRICT EXECUTIVE COMMITTEE DIST,,REP,JEFF MAYNARD,31
Wayne,PRECINCT 17,REP FOR CONGRESSIONAL DISTRICT EXECUTIVE COMMITTEE DIST,,REP,JEFF MAYNARD,97
Wayne,PRECINCT 18,REP FOR CONGRESSIONAL DISTRICT EXECUTIVE COMMITTEE DIST,,REP,JEFF MAYNARD,36
Wayne,PRECINCT 19,REP FOR CONGRESSIONAL DISTRICT EXECUTIVE COMMITTEE DIST,,REP,JEFF MAYNARD,74
Wayne,PRECINCT 20,REP FOR CONGRESSIONAL DISTRICT EXECUTIVE COMMITTEE DIST,,REP,JEFF MAYNARD,35
Wayne,PRECINCT 21,REP FOR CONGRESSIONAL DISTRICT EXECUTIVE COMMITTEE DIST,,REP,JEFF MAYNARD,34
Wayne,PRECINCT 22,REP FOR CONGRESSIONAL DISTRICT EXECUTIVE COMMITTEE DIST,,REP,JEFF MAYNARD,76
Wayne,PRECINCT 30,REP FOR CONGRESSIONAL DISTRICT EXECUTIVE COMMITTEE DIST,,REP,JEFF MAYNARD,67
Wayne,PRECINCT 31,REP FOR CONGRESSIONAL DISTRICT EXECUTIVE COMMITTEE DIST,,REP,JEFF MAYNARD,49
Wayne,PRECINCT 34,REP FOR CONGRESSIONAL DISTRICT EXECUTIVE COMMITTEE DIST,,REP,JEFF MAYNARD,28
Wayne,PRECINCT 36,REP FOR CONGRESSIONAL DISTRICT EXECUTIVE COMMITTEE DIST,,REP,JEFF MAYNARD,25
Wayne,PRECINCT 37,REP FOR CONGRESSIONAL DISTRICT EXECUTIVE COMMITTEE DIST,,REP,JEFF MAYNARD,47
Wayne,PRECINCT 38,REP FOR CONGRESSIONAL DISTRICT EXECUTIVE COMMITTEE DIST,,REP,JEFF MAYNARD,28
Wayne,PRECINCT 41,REP FOR CONGRESSIONAL DISTRICT EXECUTIVE COMMITTEE DIST,,REP,JEFF MAYNARD,47
Wayne,PRECINCT 42,REP FOR CONGRESSIONAL DISTRICT EXECUTIVE COMMITTEE DIST,,REP,JEFF MAYNARD,9
Wayne,PRECINCT 45,REP FOR CONGRESSIONAL DISTRICT EXECUTIVE COMMITTEE DIST,,REP,JEFF MAYNARD,29
Wayne,PRECINCT 48,REP FOR CONGRESSIONAL DISTRICT EXECUTIVE COMMITTEE DIST,,REP,JEFF MAYNARD,44
Wayne,PRECINCT 49,REP FOR CONGRESSIONAL DISTRICT EXECUTIVE COMMITTEE DIST,,REP,JEFF MAYNARD,67
Wayne,PRECINCT 50,REP FOR CONGRESSIONAL DISTRICT EXECUTIVE COMMITTEE DIST,,REP,JEFF MAYNARD,43
Wayne,PRECINCT 51,REP FOR CONGRESSIONAL DISTRICT EXECUTIVE COMMITTEE DIST,,REP,JEFF MAYNARD,113
Wayne,PRECINCT 52,REP FOR CONGRESSIONAL DISTRICT EXECUTIVE COMMITTEE DIST,,REP,JEFF MAYNARD,16
Wayne,PRECINCT 53,REP FOR CONGRESSIONAL DISTRICT EXECUTIVE COMMITTEE DIST,,REP,JEFF MAYNARD,62
Wayne,PRECINCT 54,REP FOR CONGRESSIONAL DISTRICT EXECUTIVE COMMITTEE DIST,,REP,JEFF MAYNARD,63
Wayne,PRECINCT 56,REP FOR CONGRESSIONAL DISTRICT EXECUTIVE COMMITTEE DIST,,REP,JEFF MAYNARD,76
Wayne,PRECINCT 57,REP FOR CONGRESSIONAL DISTRICT EXECUTIVE COMMITTEE DIST,,REP,JEFF MAYNARD,105
Wayne,PRECINCT 59,REP FOR CONGRESSIONAL DISTRICT EXECUTIVE COMMITTEE DIST,,REP,JEFF MAYNARD,59
Wayne,PRECINCT 60,REP FOR CONGRESSIONAL DISTRICT EXECUTIVE COMMITTEE DIST,,REP,JEFF MAYNARD,52
Wayne,PRECINCT 61,REP FOR CONGRESSIONAL DISTRICT EXECUTIVE COMMITTEE DIST,,REP,JEFF MAYNARD,33
Wayne,PRECINCT 62,REP FOR CONGRESSIONAL DISTRICT EXECUTIVE COMMITTEE DIST,,REP,JEFF MAYNARD,37
Wayne,PRECINCT 63,REP FOR CONGRESSIONAL DISTRICT EXECUTIVE COMMITTEE DIST,,REP,JEFF MAYNARD,22
Wayne,PRECINCT 2,REP REP FOR SENATORIAL  EXECUTIVE COMMITTEE FEMALE 5TH S,,REP,NO CANDIDATE FILED,0
Wayne,PRECINCT 5,REP REP FOR SENATORIAL  EXECUTIVE COMMITTEE FEMALE 5TH S,,REP,NO CANDIDATE FILED,0
Wayne,PRECINCT 12,REP REP FOR SENATORIAL  EXECUTIVE COMMITTEE FEMALE 5TH S,,REP,NO CANDIDATE FILED,0
Wayne,PRECINCT 13,REP REP FOR SENATORIAL  EXECUTIVE COMMITTEE FEMALE 5TH S,,REP,NO CANDIDATE FILED,0
Wayne,PRECINCT 14,REP REP FOR SENATORIAL  EXECUTIVE COMMITTEE FEMALE 5TH S,,REP,NO CANDIDATE FILED,0
Wayne,PRECINCT 16,REP REP FOR SENATORIAL  EXECUTIVE COMMITTEE FEMALE 5TH S,,REP,NO CANDIDATE FILED,0
Wayne,PRECINCT 17,REP REP FOR SENATORIAL  EXECUTIVE COMMITTEE FEMALE 5TH S,,REP,NO CANDIDATE FILED,0
Wayne,PRECINCT 18,REP REP FOR SENATORIAL  EXECUTIVE COMMITTEE FEMALE 5TH S,,REP,NO CANDIDATE FILED,0
Wayne,PRECINCT 19,REP REP FOR SENATORIAL  EXECUTIVE COMMITTEE FEMALE 5TH S,,REP,NO CANDIDATE FILED,0
Wayne,PRECINCT 20,REP REP FOR SENATORIAL  EXECUTIVE COMMITTEE FEMALE 5TH S,,REP,NO CANDIDATE FILED,0
Wayne,PRECINCT 21,REP REP FOR SENATORIAL  EXECUTIVE COMMITTEE FEMALE 5TH S,,REP,NO CANDIDATE FILED,0
Wayne,PRECINCT 22,REP REP FOR SENATORIAL  EXECUTIVE COMMITTEE FEMALE 5TH S,,REP,NO CANDIDATE FILED,0
Wayne,PRECINCT 36,REP REP FOR SENATORIAL  EXECUTIVE COMMITTEE FEMALE 5TH S,,REP,NO CANDIDATE FILED,0
Wayne,PRECINCT 41,REP REP FOR SENATORIAL  EXECUTIVE COMMITTEE FEMALE 5TH S,,REP,NO CANDIDATE FILED,0
Wayne,PRECINCT 42,REP REP FOR SENATORIAL  EXECUTIVE COMMITTEE FEMALE 5TH S,,REP,NO CANDIDATE FILED,0
Wayne,PRECINCT 48,REP REP FOR SENATORIAL  EXECUTIVE COMMITTEE FEMALE 5TH S,,REP,NO CANDIDATE FILED,0
Wayne,PRECINCT 49,REP REP FOR SENATORIAL  EXECUTIVE COMMITTEE FEMALE 5TH S,,REP,NO CANDIDATE FILED,0
Wayne,PRECINCT 50,REP REP FOR SENATORIAL  EXECUTIVE COMMITTEE FEMALE 5TH S,,REP,NO CANDIDATE FILED,0
Wayne,PRECINCT 51,REP REP FOR SENATORIAL  EXECUTIVE COMMITTEE FEMALE 5TH S,,REP,NO CANDIDATE FILED,0
Wayne,PRECINCT 52,REP REP FOR SENATORIAL  EXECUTIVE COMMITTEE FEMALE 5TH S,,REP,NO CANDIDATE FILED,0
Wayne,PRECINCT 53,REP REP FOR SENATORIAL  EXECUTIVE COMMITTEE FEMALE 5TH S,,REP,NO CANDIDATE FILED,0
Wayne,PRECINCT 54,REP REP FOR SENATORIAL  EXECUTIVE COMMITTEE FEMALE 5TH S,,REP,NO CANDIDATE FILED,0
Wayne,PRECINCT 56,REP REP FOR SENATORIAL  EXECUTIVE COMMITTEE FEMALE 5TH S,,REP,NO CANDIDATE FILED,0
Wayne,PRECINCT 57,REP REP FOR SENATORIAL  EXECUTIVE COMMITTEE FEMALE 5TH S,,REP,NO CANDIDATE FILED,0
Wayne,PRECINCT 59,REP REP FOR SENATORIAL  EXECUTIVE COMMITTEE FEMALE 5TH S,,REP,NO CANDIDATE FILED,0
Wayne,PRECINCT 60,REP REP FOR SENATORIAL  EXECUTIVE COMMITTEE FEMALE 5TH S,,REP,NO CANDIDATE FILED,0
Wayne,PRECINCT 61,REP REP FOR SENATORIAL  EXECUTIVE COMMITTEE FEMALE 5TH S,,REP,NO CANDIDATE FILED,0
Wayne,PRECINCT 62,REP REP FOR SENATORIAL  EXECUTIVE COMMITTEE FEMALE 5TH S,,REP,NO CANDIDATE FILED,0
Wayne,PRECINCT 63,REP REP FOR SENATORIAL  EXECUTIVE COMMITTEE FEMALE 5TH S,,REP,NO CANDIDATE FILED,0
Wayne,PRECINCT 2,DEM DEM FOR SENATORIAL  EXECUTIVE COMMITTEE FEMALE 5TH S,,DEM,NO CANDIDATE FILED,0
Wayne,PRECINCT 5,DEM DEM FOR SENATORIAL  EXECUTIVE COMMITTEE FEMALE 5TH S,,DEM,NO CANDIDATE FILED,0
Wayne,PRECINCT 12,DEM DEM FOR SENATORIAL  EXECUTIVE COMMITTEE FEMALE 5TH S,,DEM,NO CANDIDATE FILED,0
Wayne,PRECINCT 13,DEM DEM FOR SENATORIAL  EXECUTIVE COMMITTEE FEMALE 5TH S,,DEM,NO CANDIDATE FILED,0
Wayne,PRECINCT 14,DEM DEM FOR SENATORIAL  EXECUTIVE COMMITTEE FEMALE 5TH S,,DEM,NO CANDIDATE FILED,0
Wayne,PRECINCT 16,DEM DEM FOR SENATORIAL  EXECUTIVE COMMITTEE FEMALE 5TH S,,DEM,NO CANDIDATE FILED,0
Wayne,PRECINCT 17,DEM DEM FOR SENATORIAL  EXECUTIVE COMMITTEE FEMALE 5TH S,,DEM,NO CANDIDATE FILED,0
Wayne,PRECINCT 18,DEM DEM FOR SENATORIAL  EXECUTIVE COMMITTEE FEMALE 5TH S,,DEM,NO CANDIDATE FILED,0
Wayne,PRECINCT 19,DEM DEM FOR SENATORIAL  EXECUTIVE COMMITTEE FEMALE 5TH S,,DEM,NO CANDIDATE FILED,0
Wayne,PRECINCT 20,DEM DEM FOR SENATORIAL  EXECUTIVE COMMITTEE FEMALE 5TH S,,DEM,NO CANDIDATE FILED,0
Wayne,PRECINCT 21,DEM DEM FOR SENATORIAL  EXECUTIVE COMMITTEE FEMALE 5TH S,,DEM,NO CANDIDATE FILED,0
Wayne,PRECINCT 22,DEM DEM FOR SENATORIAL  EXECUTIVE COMMITTEE FEMALE 5TH S,,DEM,NO CANDIDATE FILED,0
Wayne,PRECINCT 36,DEM DEM FOR SENATORIAL  EXECUTIVE COMMITTEE FEMALE 5TH S,,DEM,NO CANDIDATE FILED,0
Wayne,PRECINCT 41,DEM DEM FOR SENATORIAL  EXECUTIVE COMMITTEE FEMALE 5TH S,,DEM,NO CANDIDATE FILED,0
Wayne,PRECINCT 42,DEM DEM FOR SENATORIAL  EXECUTIVE COMMITTEE FEMALE 5TH S,,DEM,NO CANDIDATE FILED,0
Wayne,PRECINCT 48,DEM DEM FOR SENATORIAL  EXECUTIVE COMMITTEE FEMALE 5TH S,,DEM,NO CANDIDATE FILED,0
Wayne,PRECINCT 49,DEM DEM FOR SENATORIAL  EXECUTIVE COMMITTEE FEMALE 5TH S,,DEM,NO CANDIDATE FILED,0
Wayne,PRECINCT 50,DEM DEM FOR SENATORIAL  EXECUTIVE COMMITTEE FEMALE 5TH S,,DEM,NO CANDIDATE FILED,0
Wayne,PRECINCT 51,DEM DEM FOR SENATORIAL  EXECUTIVE COMMITTEE FEMALE 5TH S,,DEM,NO CANDIDATE FILED,0
Wayne,PRECINCT 52,DEM DEM FOR SENATORIAL  EXECUTIVE COMMITTEE FEMALE 5TH S,,DEM,NO CANDIDATE FILED,0
Wayne,PRECINCT 53,DEM DEM FOR SENATORIAL  EXECUTIVE COMMITTEE FEMALE 5TH S,,DEM,NO CANDIDATE FILED,0
Wayne,PRECINCT 54,DEM DEM FOR SENATORIAL  EXECUTIVE COMMITTEE FEMALE 5TH S,,DEM,NO CANDIDATE FILED,0
Wayne,PRECINCT 56,DEM DEM FOR SENATORIAL  EXECUTIVE COMMITTEE FEMALE 5TH S,,DEM,NO CANDIDATE FILED,0
Wayne,PRECINCT 57,DEM DEM FOR SENATORIAL  EXECUTIVE COMMITTEE FEMALE 5TH S,,DEM,NO CANDIDATE FILED,0
Wayne,PRECINCT 59,DEM DEM FOR SENATORIAL  EXECUTIVE COMMITTEE FEMALE 5TH S,,DEM,NO CANDIDATE FILED,0
Wayne,PRECINCT 60,DEM DEM FOR SENATORIAL  EXECUTIVE COMMITTEE FEMALE 5TH S,,DEM,NO CANDIDATE FILED,0
Wayne,PRECINCT 61,DEM DEM FOR SENATORIAL  EXECUTIVE COMMITTEE FEMALE 5TH S,,DEM,NO CANDIDATE FILED,0
Wayne,PRECINCT 62,DEM DEM FOR SENATORIAL  EXECUTIVE COMMITTEE FEMALE 5TH S,,DEM,NO CANDIDATE FILED,0
Wayne,PRECINCT 63,DEM DEM FOR SENATORIAL  EXECUTIVE COMMITTEE FEMALE 5TH S,,DEM,NO CANDIDATE FILED,0
Wayne,PRECINCT 2,REP REP FOR SENATORIAL  EXECUTIVE COMMITTEE MALE 5TH SEN,,REP,JEFF MAYNARD,6
Wayne,PRECINCT 5,REP REP FOR SENATORIAL  EXECUTIVE COMMITTEE MALE 5TH SEN,,REP,JEFF MAYNARD,53
Wayne,PRECINCT 12,REP REP FOR SENATORIAL  EXECUTIVE COMMITTEE MALE 5TH SEN,,REP,JEFF MAYNARD,57
Wayne,PRECINCT 13,REP REP FOR SENATORIAL  EXECUTIVE COMMITTEE MALE 5TH SEN,,REP,JEFF MAYNARD,42
Wayne,PRECINCT 14,REP REP FOR SENATORIAL  EXECUTIVE COMMITTEE MALE 5TH SEN,,REP,JEFF MAYNARD,103
Wayne,PRECINCT 16,REP REP FOR SENATORIAL  EXECUTIVE COMMITTEE MALE 5TH SEN,,REP,JEFF MAYNARD,32
Wayne,PRECINCT 17,REP REP FOR SENATORIAL  EXECUTIVE COMMITTEE MALE 5TH SEN,,REP,JEFF MAYNARD,91
Wayne,PRECINCT 18,REP REP FOR SENATORIAL  EXECUTIVE COMMITTEE MALE 5TH SEN,,REP,JEFF MAYNARD,35
Wayne,PRECINCT 19,REP REP FOR SENATORIAL  EXECUTIVE COMMITTEE MALE 5TH SEN,,REP,JEFF MAYNARD,70
Wayne,PRECINCT 20,REP REP FOR SENATORIAL  EXECUTIVE COMMITTEE MALE 5TH SEN,,REP,JEFF MAYNARD,33
Wayne,PRECINCT 21,REP REP FOR SENATORIAL  EXECUTIVE COMMITTEE MALE 5TH SEN,,REP,JEFF MAYNARD,33
Wayne,PRECINCT 22,REP REP FOR SENATORIAL  EXECUTIVE COMMITTEE MALE 5TH SEN,,REP,JEFF MAYNARD,75
Wayne,PRECINCT 36,REP REP FOR SENATORIAL  EXECUTIVE COMMITTEE MALE 5TH SEN,,REP,JEFF MAYNARD,22
Wayne,PRECINCT 41,REP REP FOR SENATORIAL  EXECUTIVE COMMITTEE MALE 5TH SEN,,REP,JEFF MAYNARD,39
Wayne,PRECINCT 42,REP REP FOR SENATORIAL  EXECUTIVE COMMITTEE MALE 5TH SEN,,REP,JEFF MAYNARD,9
Wayne,PRECINCT 48,REP REP FOR SENATORIAL  EXECUTIVE COMMITTEE MALE 5TH SEN,,REP,JEFF MAYNARD,44
Wayne,PRECINCT 49,REP REP FOR SENATORIAL  EXECUTIVE COMMITTEE MALE 5TH SEN,,REP,JEFF MAYNARD,68
Wayne,PRECINCT 50,REP REP FOR SENATORIAL  EXECUTIVE COMMITTEE MALE 5TH SEN,,REP,JEFF MAYNARD,41
Wayne,PRECINCT 51,REP REP FOR SENATORIAL  EXECUTIVE COMMITTEE MALE 5TH SEN,,REP,JEFF MAYNARD,112
Wayne,PRECINCT 52,REP REP FOR SENATORIAL  EXECUTIVE COMMITTEE MALE 5TH SEN,,REP,JEFF MAYNARD,16
Wayne,PRECINCT 53,REP REP FOR SENATORIAL  EXECUTIVE COMMITTEE MALE 5TH SEN,,REP,JEFF MAYNARD,58
Wayne,PRECINCT 54,REP REP FOR SENATORIAL  EXECUTIVE COMMITTEE MALE 5TH SEN,,REP,JEFF MAYNARD,60
Wayne,PRECINCT 56,REP REP FOR SENATORIAL  EXECUTIVE COMMITTEE MALE 5TH SEN,,REP,JEFF MAYNARD,67
Wayne,PRECINCT 57,REP REP FOR SENATORIAL  EXECUTIVE COMMITTEE MALE 5TH SEN,,REP,JEFF MAYNARD,97
Wayne,PRECINCT 59,REP REP FOR SENATORIAL  EXECUTIVE COMMITTEE MALE 5TH SEN,,REP,JEFF MAYNARD,55
Wayne,PRECINCT 60,REP REP FOR SENATORIAL  EXECUTIVE COMMITTEE MALE 5TH SEN,,REP,JEFF MAYNARD,47
Wayne,PRECINCT 61,REP REP FOR SENATORIAL  EXECUTIVE COMMITTEE MALE 5TH SEN,,REP,JEFF MAYNARD,30
Wayne,PRECINCT 62,REP REP FOR SENATORIAL  EXECUTIVE COMMITTEE MALE 5TH SEN,,REP,JEFF MAYNARD,35
Wayne,PRECINCT 63,REP REP FOR SENATORIAL  EXECUTIVE COMMITTEE MALE 5TH SEN,,REP,JEFF MAYNARD,21
Wayne,PRECINCT 2,DEM DEM FOR SENATORIAL  EXECUTIVE COMMITTEE MALE 5TH SEN,,DEM,NO CANDIDATE FILED,0
Wayne,PRECINCT 5,DEM DEM FOR SENATORIAL  EXECUTIVE COMMITTEE MALE 5TH SEN,,DEM,NO CANDIDATE FILED,0
Wayne,PRECINCT 12,DEM DEM FOR SENATORIAL  EXECUTIVE COMMITTEE MALE 5TH SEN,,DEM,NO CANDIDATE FILED,0
Wayne,PRECINCT 13,DEM DEM FOR SENATORIAL  EXECUTIVE COMMITTEE MALE 5TH SEN,,DEM,NO CANDIDATE FILED,0
Wayne,PRECINCT 14,DEM DEM FOR SENATORIAL  EXECUTIVE COMMITTEE MALE 5TH SEN,,DEM,NO CANDIDATE FILED,0
Wayne,PRECINCT 16,DEM DEM FOR SENATORIAL  EXECUTIVE COMMITTEE MALE 5TH SEN,,DEM,NO CANDIDATE FILED,0
Wayne,PRECINCT 17,DEM DEM FOR SENATORIAL  EXECUTIVE COMMITTEE MALE 5TH SEN,,DEM,NO CANDIDATE FILED,0
Wayne,PRECINCT 18,DEM DEM FOR SENATORIAL  EXECUTIVE COMMITTEE MALE 5TH SEN,,DEM,NO CANDIDATE FILED,0
Wayne,PRECINCT 19,DEM DEM FOR SENATORIAL  EXECUTIVE COMMITTEE MALE 5TH SEN,,DEM,NO CANDIDATE FILED,0
Wayne,PRECINCT 20,DEM DEM FOR SENATORIAL  EXECUTIVE COMMITTEE MALE 5TH SEN,,DEM,NO CANDIDATE FILED,0
Wayne,PRECINCT 21,DEM DEM FOR SENATORIAL  EXECUTIVE COMMITTEE MALE 5TH SEN,,DEM,NO CANDIDATE FILED,0
Wayne,PRECINCT 22,DEM DEM FOR SENATORIAL  EXECUTIVE COMMITTEE MALE 5TH SEN,,DEM,NO CANDIDATE FILED,0
Wayne,PRECINCT 36,DEM DEM FOR SENATORIAL  EXECUTIVE COMMITTEE MALE 5TH SEN,,DEM,NO CANDIDATE FILED,0
Wayne,PRECINCT 41,DEM DEM FOR SENATORIAL  EXECUTIVE COMMITTEE MALE 5TH SEN,,DEM,NO CANDIDATE FILED,0
Wayne,PRECINCT 42,DEM DEM FOR SENATORIAL  EXECUTIVE COMMITTEE MALE 5TH SEN,,DEM,NO CANDIDATE FILED,0
Wayne,PRECINCT 48,DEM DEM FOR SENATORIAL  EXECUTIVE COMMITTEE MALE 5TH SEN,,DEM,NO CANDIDATE FILED,0
Wayne,PRECINCT 49,DEM DEM FOR SENATORIAL  EXECUTIVE COMMITTEE MALE 5TH SEN,,DEM,NO CANDIDATE FILED,0
Wayne,PRECINCT 50,DEM DEM FOR SENATORIAL  EXECUTIVE COMMITTEE MALE 5TH SEN,,DEM,NO CANDIDATE FILED,0
Wayne,PRECINCT 51,DEM DEM FOR SENATORIAL  EXECUTIVE COMMITTEE MALE 5TH SEN,,DEM,NO CANDIDATE FILED,0
Wayne,PRECINCT 52,DEM DEM FOR SENATORIAL  EXECUTIVE COMMITTEE MALE 5TH SEN,,DEM,NO CANDIDATE FILED,0
Wayne,PRECINCT 53,DEM DEM FOR SENATORIAL  EXECUTIVE COMMITTEE MALE 5TH SEN,,DEM,NO CANDIDATE FILED,0
Wayne,PRECINCT 54,DEM DEM FOR SENATORIAL  EXECUTIVE COMMITTEE MALE 5TH SEN,,DEM,NO CANDIDATE FILED,0
Wayne,PRECINCT 56,DEM DEM FOR SENATORIAL  EXECUTIVE COMMITTEE MALE 5TH SEN,,DEM,NO CANDIDATE FILED,0
Wayne,PRECINCT 57,DEM DEM FOR SENATORIAL  EXECUTIVE COMMITTEE MALE 5TH SEN,,DEM,NO CANDIDATE FILED,0
Wayne,PRECINCT 59,DEM DEM FOR SENATORIAL  EXECUTIVE COMMITTEE MALE 5TH SEN,,DEM,NO CANDIDATE FILED,0
Wayne,PRECINCT 60,DEM DEM FOR SENATORIAL  EXECUTIVE COMMITTEE MALE 5TH SEN,,DEM,NO CANDIDATE FILED,0
Wayne,PRECINCT 61,DEM DEM FOR SENATORIAL  EXECUTIVE COMMITTEE MALE 5TH SEN,,DEM,NO CANDIDATE FILED,0
Wayne,PRECINCT 62,DEM DEM FOR SENATORIAL  EXECUTIVE COMMITTEE MALE 5TH SEN,,DEM,NO CANDIDATE FILED,0
Wayne,PRECINCT 63,DEM DEM FOR SENATORIAL  EXECUTIVE COMMITTEE MALE 5TH SEN,,DEM,NO CANDIDATE FILED,0
Wayne,PRECINCT 1,REP REP FOR SENATORIAL  EXECUTIVE COMMITTEE FEMALE 6TH S,,REP,NO CANDIDATE FILED,0
Wayne,PRECINCT 3,REP REP FOR SENATORIAL  EXECUTIVE COMMITTEE FEMALE 6TH S,,REP,NO CANDIDATE FILED,0
Wayne,PRECINCT 6,REP REP FOR SENATORIAL  EXECUTIVE COMMITTEE FEMALE 6TH S,,REP,NO CANDIDATE FILED,0
Wayne,PRECINCT 30,REP REP FOR SENATORIAL  EXECUTIVE COMMITTEE FEMALE 6TH S,,REP,NO CANDIDATE FILED,0
Wayne,PRECINCT 31,REP REP FOR SENATORIAL  EXECUTIVE COMMITTEE FEMALE 6TH S,,REP,NO CANDIDATE FILED,0
Wayne,PRECINCT 34,REP REP FOR SENATORIAL  EXECUTIVE COMMITTEE FEMALE 6TH S,,REP,NO CANDIDATE FILED,0
Wayne,PRECINCT 37,REP REP FOR SENATORIAL  EXECUTIVE COMMITTEE FEMALE 6TH S,,REP,NO CANDIDATE FILED,0
Wayne,PRECINCT 38,REP REP FOR SENATORIAL  EXECUTIVE COMMITTEE FEMALE 6TH S,,REP,NO CANDIDATE FILED,0
Wayne,PRECINCT 45,REP REP FOR SENATORIAL  EXECUTIVE COMMITTEE FEMALE 6TH S,,REP,NO CANDIDATE FILED,0
Wayne,PRECINCT 1,DEM DEM FOR SENATORIAL  EXECUTIVE COMMITTEE FEMALE 6TH S,,DEM,NO CANDIDATE FILED,0
Wayne,PRECINCT 3,DEM DEM FOR SENATORIAL  EXECUTIVE COMMITTEE FEMALE 6TH S,,DEM,NO CANDIDATE FILED,0
Wayne,PRECINCT 6,DEM DEM FOR SENATORIAL  EXECUTIVE COMMITTEE FEMALE 6TH S,,DEM,NO CANDIDATE FILED,0
Wayne,PRECINCT 30,DEM DEM FOR SENATORIAL  EXECUTIVE COMMITTEE FEMALE 6TH S,,DEM,NO CANDIDATE FILED,0
Wayne,PRECINCT 31,DEM DEM FOR SENATORIAL  EXECUTIVE COMMITTEE FEMALE 6TH S,,DEM,NO CANDIDATE FILED,0
Wayne,PRECINCT 34,DEM DEM FOR SENATORIAL  EXECUTIVE COMMITTEE FEMALE 6TH S,,DEM,NO CANDIDATE FILED,0
Wayne,PRECINCT 37,DEM DEM FOR SENATORIAL  EXECUTIVE COMMITTEE FEMALE 6TH S,,DEM,NO CANDIDATE FILED,0
Wayne,PRECINCT 38,DEM DEM FOR SENATORIAL  EXECUTIVE COMMITTEE FEMALE 6TH S,,DEM,NO CANDIDATE FILED,0
Wayne,PRECINCT 45,DEM DEM FOR SENATORIAL  EXECUTIVE COMMITTEE FEMALE 6TH S,,DEM,NO CANDIDATE FILED,0
Wayne,PRECINCT 1,REP REP FOR SENATORIAL  EXECUTIVE COMMITTEE MALE 6TH SEN,,REP,NO CANDIDATE FILED,0
Wayne,PRECINCT 3,REP REP FOR SENATORIAL  EXECUTIVE COMMITTEE MALE 6TH SEN,,REP,NO CANDIDATE FILED,0
Wayne,PRECINCT 6,REP REP FOR SENATORIAL  EXECUTIVE COMMITTEE MALE 6TH SEN,,REP,NO CANDIDATE FILED,0
Wayne,PRECINCT 30,REP REP FOR SENATORIAL  EXECUTIVE COMMITTEE MALE 6TH SEN,,REP,NO CANDIDATE FILED,0
Wayne,PRECINCT 31,REP REP FOR SENATORIAL  EXECUTIVE COMMITTEE MALE 6TH SEN,,REP,NO CANDIDATE FILED,0
Wayne,PRECINCT 34,REP REP FOR SENATORIAL  EXECUTIVE COMMITTEE MALE 6TH SEN,,REP,NO CANDIDATE FILED,0
Wayne,PRECINCT 37,REP REP FOR SENATORIAL  EXECUTIVE COMMITTEE MALE 6TH SEN,,REP,NO CANDIDATE FILED,0
Wayne,PRECINCT 38,REP REP FOR SENATORIAL  EXECUTIVE COMMITTEE MALE 6TH SEN,,REP,NO CANDIDATE FILED,0
Wayne,PRECINCT 45,REP REP FOR SENATORIAL  EXECUTIVE COMMITTEE MALE 6TH SEN,,REP,NO CANDIDATE FILED,0
Wayne,PRECINCT 1,DEM DEM FOR SENATORIAL  EXECUTIVE COMMITTEE MALE 6TH SEN,,DEM,NO CANDIDATE FILED,0
Wayne,PRECINCT 3,DEM DEM FOR SENATORIAL  EXECUTIVE COMMITTEE MALE 6TH SEN,,DEM,NO CANDIDATE FILED,0
Wayne,PRECINCT 6,DEM DEM FOR SENATORIAL  EXECUTIVE COMMITTEE MALE 6TH SEN,,DEM,NO CANDIDATE FILED,0
Wayne,PRECINCT 30,DEM DEM FOR SENATORIAL  EXECUTIVE COMMITTEE MALE 6TH SEN,,DEM,NO CANDIDATE FILED,0
Wayne,PRECINCT 31,DEM DEM FOR SENATORIAL  EXECUTIVE COMMITTEE MALE 6TH SEN,,DEM,NO CANDIDATE FILED,0
Wayne,PRECINCT 34,DEM DEM FOR SENATORIAL  EXECUTIVE COMMITTEE MALE 6TH SEN,,DEM,NO CANDIDATE FILED,0
Wayne,PRECINCT 37,DEM DEM FOR SENATORIAL  EXECUTIVE COMMITTEE MALE 6TH SEN,,DEM,NO CANDIDATE FILED,0
Wayne,PRECINCT 38,DEM DEM FOR SENATORIAL  EXECUTIVE COMMITTEE MALE 6TH SEN,,DEM,NO CANDIDATE FILED,0
Wayne,PRECINCT 45,DEM DEM FOR SENATORIAL  EXECUTIVE COMMITTEE MALE 6TH SEN,,DEM,NO CANDIDATE FILED,0
Wayne,PRECINCT 12,REP FOR DELEGATE DISTRICT EXECUTIVE COMMITTEE FEMALE 27T,,REP,NO CANDIDATE FILED,0
Wayne,PRECINCT 13,REP FOR DELEGATE DISTRICT EXECUTIVE COMMITTEE FEMALE 27T,,REP,NO CANDIDATE FILED,0
Wayne,PRECINCT 20,REP FOR DELEGATE DISTRICT EXECUTIVE COMMITTEE FEMALE 27T,,REP,NO CANDIDATE FILED,0
Wayne,PRECINCT 21,REP FOR DELEGATE DISTRICT EXECUTIVE COMMITTEE FEMALE 27T,,REP,NO CANDIDATE FILED,0
Wayne,PRECINCT 56,REP FOR DELEGATE DISTRICT EXECUTIVE COMMITTEE FEMALE 27T,,REP,NO CANDIDATE FILED,0
Wayne,PRECINCT 59,REP FOR DELEGATE DISTRICT EXECUTIVE COMMITTEE FEMALE 27T,,REP,NO CANDIDATE FILED,0
Wayne,PRECINCT 60,REP FOR DELEGATE DISTRICT EXECUTIVE COMMITTEE FEMALE 27T,,REP,NO CANDIDATE FILED,0
Wayne,PRECINCT 61,REP FOR DELEGATE DISTRICT EXECUTIVE COMMITTEE FEMALE 27T,,REP,NO CANDIDATE FILED,0
Wayne,PRECINCT 62,REP FOR DELEGATE DISTRICT EXECUTIVE COMMITTEE FEMALE 27T,,REP,NO CANDIDATE FILED,0
Wayne,PRECINCT 63,REP FOR DELEGATE DISTRICT EXECUTIVE COMMITTEE FEMALE 27T,,REP,NO CANDIDATE FILED,0
Wayne,PRECINCT 12,DEM FOR DELEGATE DISTRICT EXECUTIVE COMMITTEE FEMALE 27T,,DEM,NO CANDIDATE FILED,0
Wayne,PRECINCT 13,DEM FOR DELEGATE DISTRICT EXECUTIVE COMMITTEE FEMALE 27T,,DEM,NO CANDIDATE FILED,0
Wayne,PRECINCT 20,DEM FOR DELEGATE DISTRICT EXECUTIVE COMMITTEE FEMALE 27T,,DEM,NO CANDIDATE FILED,0
Wayne,PRECINCT 21,DEM FOR DELEGATE DISTRICT EXECUTIVE COMMITTEE FEMALE 27T,,DEM,NO CANDIDATE FILED,0
Wayne,PRECINCT 56,DEM FOR DELEGATE DISTRICT EXECUTIVE COMMITTEE FEMALE 27T,,DEM,NO CANDIDATE FILED,0
Wayne,PRECINCT 59,DEM FOR DELEGATE DISTRICT EXECUTIVE COMMITTEE FEMALE 27T,,DEM,NO CANDIDATE FILED,0
Wayne,PRECINCT 60,DEM FOR DELEGATE DISTRICT EXECUTIVE COMMITTEE FEMALE 27T,,DEM,NO CANDIDATE FILED,0
Wayne,PRECINCT 61,DEM FOR DELEGATE DISTRICT EXECUTIVE COMMITTEE FEMALE 27T,,DEM,NO CANDIDATE FILED,0
Wayne,PRECINCT 62,DEM FOR DELEGATE DISTRICT EXECUTIVE COMMITTEE FEMALE 27T,,DEM,NO CANDIDATE FILED,0
Wayne,PRECINCT 63,DEM FOR DELEGATE DISTRICT EXECUTIVE COMMITTEE FEMALE 27T,,DEM,NO CANDIDATE FILED,0
Wayne,PRECINCT 12,REP FOR DELEGATE DISTRICT EXECUTIVE COMMITTEE MALE 27TH,,REP,JEFF MAYNARD,55
Wayne,PRECINCT 13,REP FOR DELEGATE DISTRICT EXECUTIVE COMMITTEE MALE 27TH,,REP,JEFF MAYNARD,42
Wayne,PRECINCT 20,REP FOR DELEGATE DISTRICT EXECUTIVE COMMITTEE MALE 27TH,,REP,JEFF MAYNARD,32
Wayne,PRECINCT 21,REP FOR DELEGATE DISTRICT EXECUTIVE COMMITTEE MALE 27TH,,REP,JEFF MAYNARD,34
Wayne,PRECINCT 56,REP FOR DELEGATE DISTRICT EXECUTIVE COMMITTEE MALE 27TH,,REP,JEFF MAYNARD,66
Wayne,PRECINCT 59,REP FOR DELEGATE DISTRICT EXECUTIVE COMMITTEE MALE 27TH,,REP,JEFF MAYNARD,52
Wayne,PRECINCT 60,REP FOR DELEGATE DISTRICT EXECUTIVE COMMITTEE MALE 27TH,,REP,JEFF MAYNARD,47
Wayne,PRECINCT 61,REP FOR DELEGATE DISTRICT EXECUTIVE COMMITTEE MALE 27TH,,REP,JEFF MAYNARD,30
Wayne,PRECINCT 62,REP FOR DELEGATE DISTRICT EXECUTIVE COMMITTEE MALE 27TH,,REP,JEFF MAYNARD,37
Wayne,PRECINCT 63,REP FOR DELEGATE DISTRICT EXECUTIVE COMMITTEE MALE 27TH,,REP,JEFF MAYNARD,20
Wayne,PRECINCT 12,DEM FOR DELEGATE DISTRICT EXECUTIVE COMMITTEE MALE 27TH,,DEM,NO CANDIDATE FILED,0
Wayne,PRECINCT 13,DEM FOR DELEGATE DISTRICT EXECUTIVE COMMITTEE MALE 27TH,,DEM,NO CANDIDATE FILED,0
Wayne,PRECINCT 20,DEM FOR DELEGATE DISTRICT EXECUTIVE COMMITTEE MALE 27TH,,DEM,NO CANDIDATE FILED,0
Wayne,PRECINCT 21,DEM FOR DELEGATE DISTRICT EXECUTIVE COMMITTEE MALE 27TH,,DEM,NO CANDIDATE FILED,0
Wayne,PRECINCT 56,DEM FOR DELEGATE DISTRICT EXECUTIVE COMMITTEE MALE 27TH,,DEM,NO CANDIDATE FILED,0
Wayne,PRECINCT 59,DEM FOR DELEGATE DISTRICT EXECUTIVE COMMITTEE MALE 27TH,,DEM,NO CANDIDATE FILED,0
Wayne,PRECINCT 60,DEM FOR DELEGATE DISTRICT EXECUTIVE COMMITTEE MALE 27TH,,DEM,NO CANDIDATE FILED,0
Wayne,PRECINCT 61,DEM FOR DELEGATE DISTRICT EXECUTIVE COMMITTEE MALE 27TH,,DEM,NO CANDIDATE FILED,0
Wayne,PRECINCT 62,DEM FOR DELEGATE DISTRICT EXECUTIVE COMMITTEE MALE 27TH,,DEM,NO CANDIDATE FILED,0
Wayne,PRECINCT 63,DEM FOR DELEGATE DISTRICT EXECUTIVE COMMITTEE MALE 27TH,,DEM,NO CANDIDATE FILED,0
Wayne,PRECINCT 1,REP FOR DELEGATE DISTRICT EXECUTIVE COMMITTEE FEMALE 29T,,REP,NO CANDIDATE FILED,0
Wayne,PRECINCT 2,REP FOR DELEGATE DISTRICT EXECUTIVE COMMITTEE FEMALE 29T,,REP,NO CANDIDATE FILED,0
Wayne,PRECINCT 6,REP FOR DELEGATE DISTRICT EXECUTIVE COMMITTEE FEMALE 29T,,REP,NO CANDIDATE FILED,0
Wayne,PRECINCT 30,REP FOR DELEGATE DISTRICT EXECUTIVE COMMITTEE FEMALE 29T,,REP,NO CANDIDATE FILED,0
Wayne,PRECINCT 31,REP FOR DELEGATE DISTRICT EXECUTIVE COMMITTEE FEMALE 29T,,REP,NO CANDIDATE FILED,0
Wayne,PRECINCT 34,REP FOR DELEGATE DISTRICT EXECUTIVE COMMITTEE FEMALE 29T,,REP,NO CANDIDATE FILED,0
Wayne,PRECINCT 36,REP FOR DELEGATE DISTRICT EXECUTIVE COMMITTEE FEMALE 29T,,REP,NO CANDIDATE FILED,0
Wayne,PRECINCT 37,REP FOR DELEGATE DISTRICT EXECUTIVE COMMITTEE FEMALE 29T,,REP,NO CANDIDATE FILED,0
Wayne,PRECINCT 38,REP FOR DELEGATE DISTRICT EXECUTIVE COMMITTEE FEMALE 29T,,REP,NO CANDIDATE FILED,0
Wayne,PRECINCT 41,REP FOR DELEGATE DISTRICT EXECUTIVE COMMITTEE FEMALE 29T,,REP,NO CANDIDATE FILED,0
Wayne,PRECINCT 42,REP FOR DELEGATE DISTRICT EXECUTIVE COMMITTEE FEMALE 29T,,REP,NO CANDIDATE FILED,0
Wayne,PRECINCT 45,REP FOR DELEGATE DISTRICT EXECUTIVE COMMITTEE FEMALE 29T,,REP,NO CANDIDATE FILED,0
Wayne,PRECINCT 52,REP FOR DELEGATE DISTRICT EXECUTIVE COMMITTEE FEMALE 29T,,REP,NO CANDIDATE FILED,0
Wayne,PRECINCT 1,DEM FOR DELEGATE DISTRICT EXECUTIVE COMMITTEE FEMALE 29T,,DEM,NO CANDIDATE FILED,0
Wayne,PRECINCT 2,DEM FOR DELEGATE DISTRICT EXECUTIVE COMMITTEE FEMALE 29T,,DEM,NO CANDIDATE FILED,0
Wayne,PRECINCT 6,DEM FOR DELEGATE DISTRICT EXECUTIVE COMMITTEE FEMALE 29T,,DEM,NO CANDIDATE FILED,0
Wayne,PRECINCT 30,DEM FOR DELEGATE DISTRICT EXECUTIVE COMMITTEE FEMALE 29T,,DEM,NO CANDIDATE FILED,0
Wayne,PRECINCT 31,DEM FOR DELEGATE DISTRICT EXECUTIVE COMMITTEE FEMALE 29T,,DEM,NO CANDIDATE FILED,0
Wayne,PRECINCT 34,DEM FOR DELEGATE DISTRICT EXECUTIVE COMMITTEE FEMALE 29T,,DEM,NO CANDIDATE FILED,0
Wayne,PRECINCT 36,DEM FOR DELEGATE DISTRICT EXECUTIVE COMMITTEE FEMALE 29T,,DEM,NO CANDIDATE FILED,0
Wayne,PRECINCT 37,DEM FOR DELEGATE DISTRICT EXECUTIVE COMMITTEE FEMALE 29T,,DEM,NO CANDIDATE FILED,0
Wayne,PRECINCT 38,DEM FOR DELEGATE DISTRICT EXECUTIVE COMMITTEE FEMALE 29T,,DEM,NO CANDIDATE FILED,0
Wayne,PRECINCT 41,DEM FOR DELEGATE DISTRICT EXECUTIVE COMMITTEE FEMALE 29T,,DEM,NO CANDIDATE FILED,0
Wayne,PRECINCT 42,DEM FOR DELEGATE DISTRICT EXECUTIVE COMMITTEE FEMALE 29T,,DEM,NO CANDIDATE FILED,0
Wayne,PRECINCT 45,DEM FOR DELEGATE DISTRICT EXECUTIVE COMMITTEE FEMALE 29T,,DEM,NO CANDIDATE FILED,0
Wayne,PRECINCT 52,DEM FOR DELEGATE DISTRICT EXECUTIVE COMMITTEE FEMALE 29T,,DEM,NO CANDIDATE FILED,0
Wayne,PRECINCT 1,REP FOR DELEGATE DISTRICT EXECUTIVE COMMITTEE MALE 29TH,,REP,NO CANDIDATE FILED,0
Wayne,PRECINCT 2,REP FOR DELEGATE DISTRICT EXECUTIVE COMMITTEE MALE 29TH,,REP,NO CANDIDATE FILED,0
Wayne,PRECINCT 6,REP FOR DELEGATE DISTRICT EXECUTIVE COMMITTEE MALE 29TH,,REP,NO CANDIDATE FILED,0
Wayne,PRECINCT 30,REP FOR DELEGATE DISTRICT EXECUTIVE COMMITTEE MALE 29TH,,REP,NO CANDIDATE FILED,0
Wayne,PRECINCT 31,REP FOR DELEGATE DISTRICT EXECUTIVE COMMITTEE MALE 29TH,,REP,NO CANDIDATE FILED,0
Wayne,PRECINCT 34,REP FOR DELEGATE DISTRICT EXECUTIVE COMMITTEE MALE 29TH,,REP,NO CANDIDATE FILED,0
Wayne,PRECINCT 36,REP FOR DELEGATE DISTRICT EXECUTIVE COMMITTEE MALE 29TH,,REP,NO CANDIDATE FILED,0
Wayne,PRECINCT 37,REP FOR DELEGATE DISTRICT EXECUTIVE COMMITTEE MALE 29TH,,REP,NO CANDIDATE FILED,0
Wayne,PRECINCT 38,REP FOR DELEGATE DISTRICT EXECUTIVE COMMITTEE MALE 29TH,,REP,NO CANDIDATE FILED,0
Wayne,PRECINCT 41,REP FOR DELEGATE DISTRICT EXECUTIVE COMMITTEE MALE 29TH,,REP,NO CANDIDATE FILED,0
Wayne,PRECINCT 42,REP FOR DELEGATE DISTRICT EXECUTIVE COMMITTEE MALE 29TH,,REP,NO CANDIDATE FILED,0
Wayne,PRECINCT 45,REP FOR DELEGATE DISTRICT EXECUTIVE COMMITTEE MALE 29TH,,REP,NO CANDIDATE FILED,0
Wayne,PRECINCT 52,REP FOR DELEGATE DISTRICT EXECUTIVE COMMITTEE MALE 29TH,,REP,NO CANDIDATE FILED,0
Wayne,PRECINCT 1,DEM FOR DELEGATE DISTRICT EXECUTIVE COMMITTEE MALE 29TH,,DEM,NO CANDIDATE FILED,0
Wayne,PRECINCT 2,DEM FOR DELEGATE DISTRICT EXECUTIVE COMMITTEE MALE 29TH,,DEM,NO CANDIDATE FILED,0
Wayne,PRECINCT 6,DEM FOR DELEGATE DISTRICT EXECUTIVE COMMITTEE MALE 29TH,,DEM,NO CANDIDATE FILED,0
Wayne,PRECINCT 30,DEM FOR DELEGATE DISTRICT EXECUTIVE COMMITTEE MALE 29TH,,DEM,NO CANDIDATE FILED,0
Wayne,PRECINCT 31,DEM FOR DELEGATE DISTRICT EXECUTIVE COMMITTEE MALE 29TH,,DEM,NO CANDIDATE FILED,0
Wayne,PRECINCT 34,DEM FOR DELEGATE DISTRICT EXECUTIVE COMMITTEE MALE 29TH,,DEM,NO CANDIDATE FILED,0
Wayne,PRECINCT 36,DEM FOR DELEGATE DISTRICT EXECUTIVE COMMITTEE MALE 29TH,,DEM,NO CANDIDATE FILED,0
Wayne,PRECINCT 37,DEM FOR DELEGATE DISTRICT EXECUTIVE COMMITTEE MALE 29TH,,DEM,NO CANDIDATE FILED,0
Wayne,PRECINCT 38,DEM FOR DELEGATE DISTRICT EXECUTIVE COMMITTEE MALE 29TH,,DEM,NO CANDIDATE FILED,0
Wayne,PRECINCT 41,DEM FOR DELEGATE DISTRICT EXECUTIVE COMMITTEE MALE 29TH,,DEM,NO CANDIDATE FILED,0
Wayne,PRECINCT 42,DEM FOR DELEGATE DISTRICT EXECUTIVE COMMITTEE MALE 29TH,,DEM,NO CANDIDATE FILED,0
Wayne,PRECINCT 45,DEM FOR DELEGATE DISTRICT EXECUTIVE COMMITTEE MALE 29TH,,DEM,NO CANDIDATE FILED,0
Wayne,PRECINCT 52,DEM FOR DELEGATE DISTRICT EXECUTIVE COMMITTEE MALE 29TH,,DEM,NO CANDIDATE FILED,0
Wayne,PRECINCT 56,GREATER HUNTINGTON PARK AND RECREATION DISTRICT,,,NOEL JORDAN,47
Wayne,PRECINCT 57,GREATER HUNTINGTON PARK AND RECREATION DISTRICT,,,NOEL JORDAN,57
Wayne,PRECINCT 59,GREATER HUNTINGTON PARK AND RECREATION DISTRICT,,,NOEL JORDAN,51
Wayne,PRECINCT 60,GREATER HUNTINGTON PARK AND RECREATION DISTRICT,,,NOEL JORDAN,42
Wayne,PRECINCT 61,GREATER HUNTINGTON PARK AND RECREATION DISTRICT,,,NOEL JORDAN,39
Wayne,PRECINCT 62,GREATER HUNTINGTON PARK AND RECREATION DISTRICT,,,NOEL JORDAN,21
Wayne,PRECINCT 63,GREATER HUNTINGTON PARK AND RECREATION DISTRICT,,,NOEL JORDAN,23
Wayne,PRECINCT 56,GREATER HUNTINGTON PARK AND RECREATION DISTRICT,,,BILLY CHAFFIN,94
Wayne,PRECINCT 57,GREATER HUNTINGTON PARK AND RECREATION DISTRICT,,,BILLY CHAFFIN,124
Wayne,PRECINCT 59,GREATER HUNTINGTON PARK AND RECREATION DISTRICT,,,BILLY CHAFFIN,77
Wayne,PRECINCT 60,GREATER HUNTINGTON PARK AND RECREATION DISTRICT,,,BILLY CHAFFIN,86
Wayne,PRECINCT 61,GREATER HUNTINGTON PARK AND RECREATION DISTRICT,,,BILLY CHAFFIN,67
Wayne,PRECINCT 62,GREATER HUNTINGTON PARK AND RECREATION DISTRICT,,,BILLY CHAFFIN,41
Wayne,PRECINCT 63,GREATER HUNTINGTON PARK AND RECREATION DISTRICT,,,BILLY CHAFFIN,31
Wayne,PRECINCT 56,GREATER HUNTINGTON PARK AND RECREATION DISTRICT,,,DON MCCROSKEY,48
Wayne,PRECINCT 57,GREATER HUNTINGTON PARK AND RECREATION DISTRICT,,,DON MCCROSKEY,59
Wayne,PRECINCT 59,GREATER HUNTINGTON PARK AND RECREATION DISTRICT,,,DON MCCROSKEY,48
Wayne,PRECINCT 60,GREATER HUNTINGTON PARK AND RECREATION DISTRICT,,,DON MCCROSKEY,54
Wayne,PRECINCT 61,GREATER HUNTINGTON PARK AND RECREATION DISTRICT,,,DON MCCROSKEY,38
Wayne,PRECINCT 62,GREATER HUNTINGTON PARK AND RECREATION DISTRICT,,,DON MCCROSKEY,25
Wayne,PRECINCT 63,GREATER HUNTINGTON PARK AND RECREATION DISTRICT,,,DON MCCROSKEY,21
Wayne,PRECINCT 56,GREATER HUNTINGTON PARK AND RECREATION DISTRICT,,,BILLY W. SANDERS,103
Wayne,PRECINCT 57,GREATER HUNTINGTON PARK AND RECREATION DISTRICT,,,BILLY W. SANDERS,131
Wayne,PRECINCT 59,GREATER HUNTINGTON PARK AND RECREATION DISTRICT,,,BILLY W. SANDERS,84
Wayne,PRECINCT 60,GREATER HUNTINGTON PARK AND RECREATION DISTRICT,,,BILLY W. SANDERS,87
Wayne,PRECINCT 61,GREATER HUNTINGTON PARK AND RECREATION DISTRICT,,,BILLY W. SANDERS,71
Wayne,PRECINCT 62,GREATER HUNTINGTON PARK AND RECREATION DISTRICT,,,BILLY W. SANDERS,50
Wayne,PRECINCT 63,GREATER HUNTINGTON PARK AND RECREATION DISTRICT,,,BILLY W. SANDERS,36
Wayne,PRECINCT 1,Supreme Court of Appeals,,,MISSY PERRY HALL,86
Wayne,PRECINCT 2,Supreme Court of Appeals,,,MISSY PERRY HALL,16
Wayne,PRECINCT 3,Supreme Court of Appeals,,,MISSY PERRY HALL,22
Wayne,PRECINCT 5,Supreme Court of Appeals,,,MISSY PERRY HALL,92
Wayne,PRECINCT 6,Supreme Court of Appeals,,,MISSY PERRY HALL,43
Wayne,PRECINCT 12,Supreme Court of Appeals,,,MISSY PERRY HALL,109
Wayne,PRECINCT 13,Supreme Court of Appeals,,,MISSY PERRY HALL,77
Wayne,PRECINCT 14,Supreme Court of Appeals,,,MISSY PERRY HALL,201
Wayne,PRECINCT 16,Supreme Court of Appeals,,,MISSY PERRY HALL,47
Wayne,PRECINCT 17,Supreme Court of Appeals,,,MISSY PERRY HALL,191
Wayne,PRECINCT 18,Supreme Court of Appeals,,,MISSY PERRY HALL,79
Wayne,PRECINCT 19,Supreme Court of Appeals,,,MISSY PERRY HALL,133
Wayne,PRECINCT 20,Supreme Court of Appeals,,,MISSY PERRY HALL,71
Wayne,PRECINCT 21,Supreme Court of Appeals,,,MISSY PERRY HALL,65
Wayne,PRECINCT 22,Supreme Court of Appeals,,,MISSY PERRY HALL,113
Wayne,PRECINCT 30,Supreme Court of Appeals,,,MISSY PERRY HALL,82
Wayne,PRECINCT 31,Supreme Court of Appeals,,,MISSY PERRY HALL,60
Wayne,PRECINCT 34,Supreme Court of Appeals,,,MISSY PERRY HALL,38
Wayne,PRECINCT 36,Supreme Court of Appeals,,,MISSY PERRY HALL,24
Wayne,PRECINCT 37,Supreme Court of Appeals,,,MISSY PERRY HALL,52
Wayne,PRECINCT 38,Supreme Court of Appeals,,,MISSY PERRY HALL,31
Wayne,PRECINCT 41,Supreme Court of Appeals,,,MISSY PERRY HALL,66
Wayne,PRECINCT 42,Supreme Court of Appeals,,,MISSY PERRY HALL,26
Wayne,PRECINCT 45,Supreme Court of Appeals,,,MISSY PERRY HALL,47
Wayne,PRECINCT 48,Supreme Court of Appeals,,,MISSY PERRY HALL,83
Wayne,PRECINCT 49,Supreme Court of Appeals,,,MISSY PERRY HALL,105
Wayne,PRECINCT 50,Supreme Court of Appeals,,,MISSY PERRY HALL,85
Wayne,PRECINCT 51,Supreme Court of Appeals,,,MISSY PERRY HALL,225
Wayne,PRECINCT 52,Supreme Court of Appeals,,,MISSY PERRY HALL,18
Wayne,PRECINCT 53,Supreme Court of Appeals,,,MISSY PERRY HALL,93
Wayne,PRECINCT 54,Supreme Court of Appeals,,,MISSY PERRY HALL,89
Wayne,PRECINCT 56,Supreme Court of Appeals,,,MISSY PERRY HALL,104
Wayne,PRECINCT 57,Supreme Court of Appeals,,,MISSY PERRY HALL,128
Wayne,PRECINCT 59,Supreme Court of Appeals,,,MISSY PERRY HALL,72
Wayne,PRECINCT 60,Supreme Court of Appeals,,,MISSY PERRY HALL,84
Wayne,PRECINCT 61,Supreme Court of Appeals,,,MISSY PERRY HALL,63
Wayne,PRECINCT 62,Supreme Court of Appeals,,,MISSY PERRY HALL,55
Wayne,PRECINCT 63,Supreme Court of Appeals,,,MISSY PERRY HALL,30
Wayne,PRECINCT 1,Supreme Court of Appeals,,,DENNIS C. ASHWORTH,34
Wayne,PRECINCT 2,Supreme Court of Appeals,,,DENNIS C. ASHWORTH,5
Wayne,PRECINCT 3,Supreme Court of Appeals,,,DENNIS C. ASHWORTH,13
Wayne,PRECINCT 5,Supreme Court of Appeals,,,DENNIS C. ASHWORTH,39
Wayne,PRECINCT 6,Supreme Court of Appeals,,,DENNIS C. ASHWORTH,19
Wayne,PRECINCT 12,Supreme Court of Appeals,,,DENNIS C. ASHWORTH,111
Wayne,PRECINCT 13,Supreme Court of Appeals,,,DENNIS C. ASHWORTH,94
Wayne,PRECINCT 14,Supreme Court of Appeals,,,DENNIS C. ASHWORTH,162
Wayne,PRECINCT 16,Supreme Court of Appeals,,,DENNIS C. ASHWORTH,52
Wayne,PRECINCT 17,Supreme Court of Appeals,,,DENNIS C. ASHWORTH,140
Wayne,PRECINCT 18,Supreme Court of Appeals,,,DENNIS C. ASHWORTH,41
Wayne,PRECINCT 19,Supreme Court of Appeals,,,DENNIS C. ASHWORTH,86
Wayne,PRECINCT 20,Supreme Court of Appeals,,,DENNIS C. ASHWORTH,71
Wayne,PRECINCT 21,Supreme Court of Appeals,,,DENNIS C. ASHWORTH,73
Wayne,PRECINCT 22,Supreme Court of Appeals,,,DENNIS C. ASHWORTH,73
Wayne,PRECINCT 30,Supreme Court of Appeals,,,DENNIS C. ASHWORTH,22
Wayne,PRECINCT 31,Supreme Court of Appeals,,,DENNIS C. ASHWORTH,24
Wayne,PRECINCT 34,Supreme Court of Appeals,,,DENNIS C. ASHWORTH,18
Wayne,PRECINCT 36,Supreme Court of Appeals,,,DENNIS C. ASHWORTH,13
Wayne,PRECINCT 37,Supreme Court of Appeals,,,DENNIS C. ASHWORTH,22
Wayne,PRECINCT 38,Supreme Court of Appeals,,,DENNIS C. ASHWORTH,24
Wayne,PRECINCT 41,Supreme Court of Appeals,,,DENNIS C. ASHWORTH,50
Wayne,PRECINCT 42,Supreme Court of Appeals,,,DENNIS C. ASHWORTH,14
Wayne,PRECINCT 45,Supreme Court of Appeals,,,DENNIS C. ASHWORTH,23
Wayne,PRECINCT 48,Supreme Court of Appeals,,,DENNIS C. ASHWORTH,77
Wayne,PRECINCT 49,Supreme Court of Appeals,,,DENNIS C. ASHWORTH,71
Wayne,PRECINCT 50,Supreme Court of Appeals,,,DENNIS C. ASHWORTH,48
Wayne,PRECINCT 51,Supreme Court of Appeals,,,DENNIS C. ASHWORTH,101
Wayne,PRECINCT 52,Supreme Court of Appeals,,,DENNIS C. ASHWORTH,11
Wayne,PRECINCT 53,Supreme Court of Appeals,,,DENNIS C. ASHWORTH,48
Wayne,PRECINCT 54,Supreme Court of Appeals,,,DENNIS C. ASHWORTH,44
Wayne,PRECINCT 56,Supreme Court of Appeals,,,DENNIS C. ASHWORTH,103
Wayne,PRECINCT 57,Supreme Court of Appeals,,,DENNIS C. ASHWORTH,111
Wayne,PRECINCT 59,Supreme Court of Appeals,,,DENNIS C. ASHWORTH,81
Wayne,PRECINCT 60,Supreme Court of Appeals,,,DENNIS C. ASHWORTH,93
Wayne,PRECINCT 61,Supreme Court of Appeals,,,DENNIS C. ASHWORTH,71
Wayne,PRECINCT 62,Supreme Court of Appeals,,,DENNIS C. ASHWORTH,56
Wayne,PRECINCT 63,Supreme Court of Appeals,,,DENNIS C. ASHWORTH,35
Wayne,PRECINCT 1,Supreme Court of Appeals,,,JOHNITA JACKSON,64
Wayne,PRECINCT 2,Supreme Court of Appeals,,,JOHNITA JACKSON,9
Wayne,PRECINCT 3,Supreme Court of Appeals,,,JOHNITA JACKSON,17
Wayne,PRECINCT 5,Supreme Court of Appeals,,,JOHNITA JACKSON,45
Wayne,PRECINCT 6,Supreme Court of Appeals,,,JOHNITA JACKSON,29
Wayne,PRECINCT 12,Supreme Court of Appeals,,,JOHNITA JACKSON,76
Wayne,PRECINCT 13,Supreme Court of Appeals,,,JOHNITA JACKSON,55
Wayne,PRECINCT 14,Supreme Court of Appeals,,,JOHNITA JACKSON,128
Wayne,PRECINCT 16,Supreme Court of Appeals,,,JOHNITA JACKSON,28
Wayne,PRECINCT 17,Supreme Court of Appeals,,,JOHNITA JACKSON,121
Wayne,PRECINCT 18,Supreme Court of Appeals,,,JOHNITA JACKSON,46
Wayne,PRECINCT 19,Supreme Court of Appeals,,,JOHNITA JACKSON,73
Wayne,PRECINCT 20,Supreme Court of Appeals,,,JOHNITA JACKSON,47
Wayne,PRECINCT 21,Supreme Court of Appeals,,,JOHNITA JACKSON,44
Wayne,PRECINCT 22,Supreme Court of Appeals,,,JOHNITA JACKSON,102
Wayne,PRECINCT 30,Supreme Court of Appeals,,,JOHNITA JACKSON,63
Wayne,PRECINCT 31,Supreme Court of Appeals,,,JOHNITA JACKSON,56
Wayne,PRECINCT 34,Supreme Court of Appeals,,,JOHNITA JACKSON,39
Wayne,PRECINCT 36,Supreme Court of Appeals,,,JOHNITA JACKSON,24
Wayne,PRECINCT 37,Supreme Court of Appeals,,,JOHNITA JACKSON,40
Wayne,PRECINCT 38,Supreme Court of Appeals,,,JOHNITA JACKSON,36
Wayne,PRECINCT 41,Supreme Court of Appeals,,,JOHNITA JACKSON,93
Wayne,PRECINCT 42,Supreme Court of Appeals,,,JOHNITA JACKSON,25
Wayne,PRECINCT 45,Supreme Court of Appeals,,,JOHNITA JACKSON,69
Wayne,PRECINCT 48,Supreme Court of Appeals,,,JOHNITA JACKSON,90
Wayne,PRECINCT 49,Supreme Court of Appeals,,,JOHNITA JACKSON,118
Wayne,PRECINCT 50,Supreme Court of Appeals,,,JOHNITA JACKSON,121
Wayne,PRECINCT 51,Supreme Court of Appeals,,,JOHNITA JACKSON,244
Wayne,PRECINCT 52,Supreme Court of Appeals,,,JOHNITA JACKSON,32
Wayne,PRECINCT 53,Supreme Court of Appeals,,,JOHNITA JACKSON,95
Wayne,PRECINCT 54,Supreme Court of Appeals,,,JOHNITA JACKSON,90
Wayne,PRECINCT 56,Supreme Court of Appeals,,,JOHNITA JACKSON,87
Wayne,PRECINCT 57,Supreme Court of Appeals,,,JOHNITA JACKSON,123
Wayne,PRECINCT 59,Supreme Court of Appeals,,,JOHNITA JACKSON,62
Wayne,PRECINCT 60,Supreme Court of Appeals,,,JOHNITA JACKSON,77
Wayne,PRECINCT 61,Supreme Court of Appeals,,,JOHNITA JACKSON,49
Wayne,PRECINCT 62,Supreme Court of Appeals,,,JOHNITA JACKSON,43
Wayne,PRECINCT 63,Supreme Court of Appeals,,,JOHNITA JACKSON,33
Wayne,PRECINCT 1,Supreme Court of Appeals,,,HOWARD MEDDINGS,51
Wayne,PRECINCT 2,Supreme Court of Appeals,,,HOWARD MEDDINGS,7
Wayne,PRECINCT 3,Supreme Court of Appeals,,,HOWARD MEDDINGS,12
Wayne,PRECINCT 5,Supreme Court of Appeals,,,HOWARD MEDDINGS,34
Wayne,PRECINCT 6,Supreme Court of Appeals,,,HOWARD MEDDINGS,34
Wayne,PRECINCT 12,Supreme Court of Appeals,,,HOWARD MEDDINGS,19
Wayne,PRECINCT 13,Supreme Court of Appeals,,,HOWARD MEDDINGS,17
Wayne,PRECINCT 14,Supreme Court of Appeals,,,HOWARD MEDDINGS,42
Wayne,PRECINCT 16,Supreme Court of Appeals,,,HOWARD MEDDINGS,15
Wayne,PRECINCT 17,Supreme Court of Appeals,,,HOWARD MEDDINGS,42
Wayne,PRECINCT 18,Supreme Court of Appeals,,,HOWARD MEDDINGS,21
Wayne,PRECINCT 19,Supreme Court of Appeals,,,HOWARD MEDDINGS,34
Wayne,PRECINCT 20,Supreme Court of Appeals,,,HOWARD MEDDINGS,14
Wayne,PRECINCT 21,Supreme Court of Appeals,,,HOWARD MEDDINGS,20
Wayne,PRECINCT 22,Supreme Court of Appeals,,,HOWARD MEDDINGS,33
Wayne,PRECINCT 30,Supreme Court of Appeals,,,HOWARD MEDDINGS,53
Wayne,PRECINCT 31,Supreme Court of Appeals,,,HOWARD MEDDINGS,75
Wayne,PRECINCT 34,Supreme Court of Appeals,,,HOWARD MEDDINGS,51
Wayne,PRECINCT 36,Supreme Court of Appeals,,,HOWARD MEDDINGS,56
Wayne,PRECINCT 37,Supreme Court of Appeals,,,HOWARD MEDDINGS,75
Wayne,PRECINCT 38,Supreme Court of Appeals,,,HOWARD MEDDINGS,65
Wayne,PRECINCT 41,Supreme Court of Appeals,,,HOWARD MEDDINGS,46
Wayne,PRECINCT 42,Supreme Court of Appeals,,,HOWARD MEDDINGS,22
Wayne,PRECINCT 45,Supreme Court of Appeals,,,HOWARD MEDDINGS,35
Wayne,PRECINCT 48,Supreme Court of Appeals,,,HOWARD MEDDINGS,23
Wayne,PRECINCT 49,Supreme Court of Appeals,,,HOWARD MEDDINGS,31
Wayne,PRECINCT 50,Supreme Court of Appeals,,,HOWARD MEDDINGS,42
Wayne,PRECINCT 51,Supreme Court of Appeals,,,HOWARD MEDDINGS,128
Wayne,PRECINCT 52,Supreme Court of Appeals,,,HOWARD MEDDINGS,11
Wayne,PRECINCT 53,Supreme Court of Appeals,,,HOWARD MEDDINGS,50
Wayne,PRECINCT 54,Supreme Court of Appeals,,,HOWARD MEDDINGS,48
Wayne,PRECINCT 56,Supreme Court of Appeals,,,HOWARD MEDDINGS,21
Wayne,PRECINCT 57,Supreme Court of Appeals,,,HOWARD MEDDINGS,29
Wayne,PRECINCT 59,Supreme Court of Appeals,,,HOWARD MEDDINGS,25
Wayne,PRECINCT 60,Supreme Court of Appeals,,,HOWARD MEDDINGS,20
Wayne,PRECINCT 61,Supreme Court of Appeals,,,HOWARD MEDDINGS,14
Wayne,PRECINCT 62,Supreme Court of Appeals,,,HOWARD MEDDINGS,13
Wayne,PRECINCT 63,Supreme Court of Appeals,,,HOWARD MEDDINGS,6
Wayne,PRECINCT 1,Supreme Court of Appeals,,,BRYAN E. THOMPSON,51
Wayne,PRECINCT 2,Supreme Court of Appeals,,,BRYAN E. THOMPSON,7
Wayne,PRECINCT 3,Supreme Court of Appeals,,,BRYAN E. THOMPSON,19
Wayne,PRECINCT 5,Supreme Court of Appeals,,,BRYAN E. THOMPSON,33
Wayne,PRECINCT 6,Supreme Court of Appeals,,,BRYAN E. THOMPSON,20
Wayne,PRECINCT 12,Supreme Court of Appeals,,,BRYAN E. THOMPSON,34
Wayne,PRECINCT 13,Supreme Court of Appeals,,,BRYAN E. THOMPSON,29
Wayne,PRECINCT 14,Supreme Court of Appeals,,,BRYAN E. THOMPSON,76
Wayne,PRECINCT 16,Supreme Court of Appeals,,,BRYAN E. THOMPSON,14
Wayne,PRECINCT 17,Supreme Court of Appeals,,,BRYAN E. THOMPSON,63
Wayne,PRECINCT 18,Supreme Court of Appeals,,,BRYAN E. THOMPSON,33
Wayne,PRECINCT 19,Supreme Court of Appeals,,,BRYAN E. THOMPSON,50
Wayne,PRECINCT 20,Supreme Court of Appeals,,,BRYAN E. THOMPSON,27
Wayne,PRECINCT 21,Supreme Court of Appeals,,,BRYAN E. THOMPSON,22
Wayne,PRECINCT 22,Supreme Court of Appeals,,,BRYAN E. THOMPSON,55
Wayne,PRECINCT 30,Supreme Court of Appeals,,,BRYAN E. THOMPSON,80
Wayne,PRECINCT 31,Supreme Court of Appeals,,,BRYAN E. THOMPSON,42
Wayne,PRECINCT 34,Supreme Court of Appeals,,,BRYAN E. THOMPSON,20
Wayne,PRECINCT 36,Supreme Court of Appeals,,,BRYAN E. THOMPSON,33
Wayne,PRECINCT 37,Supreme Court of Appeals,,,BRYAN E. THOMPSON,36
Wayne,PRECINCT 38,Supreme Court of Appeals,,,BRYAN E. THOMPSON,28
Wayne,PRECINCT 41,Supreme Court of Appeals,,,BRYAN E. THOMPSON,53
Wayne,PRECINCT 42,Supreme Court of Appeals,,,BRYAN E. THOMPSON,24
Wayne,PRECINCT 45,Supreme Court of Appeals,,,BRYAN E. THOMPSON,51
Wayne,PRECINCT 48,Supreme Court of Appeals,,,BRYAN E. THOMPSON,52
Wayne,PRECINCT 49,Supreme Court of Appeals,,,BRYAN E. THOMPSON,103
Wayne,PRECINCT 50,Supreme Court of Appeals,,,BRYAN E. THOMPSON,96
Wayne,PRECINCT 51,Supreme Court of Appeals,,,BRYAN E. THOMPSON,172
Wayne,PRECINCT 52,Supreme Court of Appeals,,,BRYAN E. THOMPSON,25
Wayne,PRECINCT 53,Supreme Court of Appeals,,,BRYAN E. THOMPSON,68
Wayne,PRECINCT 54,Supreme Court of Appeals,,,BRYAN E. THOMPSON,85
Wayne,PRECINCT 56,Supreme Court of Appeals,,,BRYAN E. THOMPSON,50
Wayne,PRECINCT 57,Supreme Court of Appeals,,,BRYAN E. THOMPSON,60
Wayne,PRECINCT 59,Supreme Court of Appeals,,,BRYAN E. THOMPSON,30
Wayne,PRECINCT 60,Supreme Court of Appeals,,,BRYAN E. THOMPSON,37
Wayne,PRECINCT 61,Supreme Court of Appeals,,,BRYAN E. THOMPSON,29
Wayne,PRECINCT 62,Supreme Court of Appeals,,,BRYAN E. THOMPSON,22
Wayne,PRECINCT 63,Supreme Court of Appeals,,,BRYAN E. THOMPSON,13
Wayne,PRECINCT 1,FOR CONSERVATION DISTRICT SUPERVISOR,,,JASON EKERS,87
Wayne,PRECINCT 2,FOR CONSERVATION DISTRICT SUPERVISOR,,,JASON EKERS,21
Wayne,PRECINCT 3,FOR CONSERVATION DISTRICT SUPERVISOR,,,JASON EKERS,29
Wayne,PRECINCT 5,FOR CONSERVATION DISTRICT SUPERVISOR,,,JASON EKERS,91
Wayne,PRECINCT 6,FOR CONSERVATION DISTRICT SUPERVISOR,,,JASON EKERS,41
Wayne,PRECINCT 12,FOR CONSERVATION DISTRICT SUPERVISOR,,,JASON EKERS,116
Wayne,PRECINCT 13,FOR CONSERVATION DISTRICT SUPERVISOR,,,JASON EKERS,94
Wayne,PRECINCT 14,FOR CONSERVATION DISTRICT SUPERVISOR,,,JASON EKERS,207
Wayne,PRECINCT 16,FOR CONSERVATION DISTRICT SUPERVISOR,,,JASON EKERS,60
Wayne,PRECINCT 17,FOR CONSERVATION DISTRICT SUPERVISOR,,,JASON EKERS,193
Wayne,PRECINCT 18,FOR CONSERVATION DISTRICT SUPERVISOR,,,JASON EKERS,79
Wayne,PRECINCT 19,FOR CONSERVATION DISTRICT SUPERVISOR,,,JASON EKERS,137
Wayne,PRECINCT 20,FOR CONSERVATION DISTRICT SUPERVISOR,,,JASON EKERS,66
Wayne,PRECINCT 21,FOR CONSERVATION DISTRICT SUPERVISOR,,,JASON EKERS,70
Wayne,PRECINCT 22,FOR CONSERVATION DISTRICT SUPERVISOR,,,JASON EKERS,120
Wayne,PRECINCT 30,FOR CONSERVATION DISTRICT SUPERVISOR,,,JASON EKERS,95
Wayne,PRECINCT 31,FOR CONSERVATION DISTRICT SUPERVISOR,,,JASON EKERS,85
Wayne,PRECINCT 34,FOR CONSERVATION DISTRICT SUPERVISOR,,,JASON EKERS,53
Wayne,PRECINCT 36,FOR CONSERVATION DISTRICT SUPERVISOR,,,JASON EKERS,47
Wayne,PRECINCT 37,FOR CONSERVATION DISTRICT SUPERVISOR,,,JASON EKERS,61
Wayne,PRECINCT 38,FOR CONSERVATION DISTRICT SUPERVISOR,,,JASON EKERS,61
Wayne,PRECINCT 41,FOR CONSERVATION DISTRICT SUPERVISOR,,,JASON EKERS,83
Wayne,PRECINCT 42,FOR CONSERVATION DISTRICT SUPERVISOR,,,JASON EKERS,25
Wayne,PRECINCT 45,FOR CONSERVATION DISTRICT SUPERVISOR,,,JASON EKERS,56
Wayne,PRECINCT 48,FOR CONSERVATION DISTRICT SUPERVISOR,,,JASON EKERS,106
Wayne,PRECINCT 49,FOR CONSERVATION DISTRICT SUPERVISOR,,,JASON EKERS,138
Wayne,PRECINCT 50,FOR CONSERVATION DISTRICT SUPERVISOR,,,JASON EKERS,116
Wayne,PRECINCT 51,FOR CONSERVATION DISTRICT SUPERVISOR,,,JASON EKERS,247
Wayne,PRECINCT 52,FOR CONSERVATION DISTRICT SUPERVISOR,,,JASON EKERS,26
Wayne,PRECINCT 53,FOR CONSERVATION DISTRICT SUPERVISOR,,,JASON EKERS,117
Wayne,PRECINCT 54,FOR CONSERVATION DISTRICT SUPERVISOR,,,JASON EKERS,131
Wayne,PRECINCT 56,FOR CONSERVATION DISTRICT SUPERVISOR,,,JASON EKERS,129
Wayne,PRECINCT 57,FOR CONSERVATION DISTRICT SUPERVISOR,,,JASON EKERS,149
Wayne,PRECINCT 59,FOR CONSERVATION DISTRICT SUPERVISOR,,,JASON EKERS,84
Wayne,PRECINCT 60,FOR CONSERVATION DISTRICT SUPERVISOR,,,JASON EKERS,102
Wayne,PRECINCT 61,FOR CONSERVATION DISTRICT SUPERVISOR,,,JASON EKERS,76
Wayne,PRECINCT 62,FOR CONSERVATION DISTRICT SUPERVISOR,,,JASON EKERS,61
Wayne,PRECINCT 63,FOR CONSERVATION DISTRICT SUPERVISOR,,,JASON EKERS,41
Wayne,PRECINCT 12,REP FOR COUNTY EXECUTIVE COMMITTEE DISTRICT,,REP,ANGELA MAYNARD,54
Wayne,PRECINCT 13,REP FOR COUNTY EXECUTIVE COMMITTEE DISTRICT,,REP,ANGELA MAYNARD,39
Wayne,PRECINCT 20,REP FOR COUNTY EXECUTIVE COMMITTEE DISTRICT,,REP,ANGELA MAYNARD,32
Wayne,PRECINCT 21,REP FOR COUNTY EXECUTIVE COMMITTEE DISTRICT,,REP,ANGELA MAYNARD,32
Wayne,PRECINCT 56,REP FOR COUNTY EXECUTIVE COMMITTEE DISTRICT,,REP,ANGELA MAYNARD,64
Wayne,PRECINCT 59,REP FOR COUNTY EXECUTIVE COMMITTEE DISTRICT,,REP,ANGELA MAYNARD,54
Wayne,PRECINCT 60,REP FOR COUNTY EXECUTIVE COMMITTEE DISTRICT,,REP,ANGELA MAYNARD,50
Wayne,PRECINCT 61,REP FOR COUNTY EXECUTIVE COMMITTEE DISTRICT,,REP,ANGELA MAYNARD,30
Wayne,PRECINCT 63,REP FOR COUNTY EXECUTIVE COMMITTEE DISTRICT,,REP,ANGELA MAYNARD,19
Wayne,PRECINCT 12,DEM FOR COUNTY EXECUTIVE COMMITTEE DISTRICT,,DEM,TAMMY PRITT,58
Wayne,PRECINCT 13,DEM FOR COUNTY EXECUTIVE COMMITTEE DISTRICT,,DEM,TAMMY PRITT,10
Wayne,PRECINCT 20,DEM FOR COUNTY EXECUTIVE COMMITTEE DISTRICT,,DEM,TAMMY PRITT,11
Wayne,PRECINCT 21,DEM FOR COUNTY EXECUTIVE COMMITTEE DISTRICT,,DEM,TAMMY PRITT,14
Wayne,PRECINCT 56,DEM FOR COUNTY EXECUTIVE COMMITTEE DISTRICT,,DEM,TAMMY PRITT,44
Wayne,PRECINCT 59,DEM FOR COUNTY EXECUTIVE COMMITTEE DISTRICT,,DEM,TAMMY PRITT,35
Wayne,PRECINCT 60,DEM FOR COUNTY EXECUTIVE COMMITTEE DISTRICT,,DEM,TAMMY PRITT,38
Wayne,PRECINCT 61,DEM FOR COUNTY EXECUTIVE COMMITTEE DISTRICT,,DEM,TAMMY PRITT,35
Wayne,PRECINCT 63,DEM FOR COUNTY EXECUTIVE COMMITTEE DISTRICT,,DEM,TAMMY PRITT,20
Wayne,PRECINCT 12,DEM FOR COUNTY EXECUTIVE COMMITTEE DISTRICT,,DEM,TAMMY SMITH,18
Wayne,PRECINCT 13,DEM FOR COUNTY EXECUTIVE COMMITTEE DISTRICT,,DEM,TAMMY SMITH,48
Wayne,PRECINCT 20,DEM FOR COUNTY EXECUTIVE COMMITTEE DISTRICT,,DEM,TAMMY SMITH,40
Wayne,PRECINCT 21,DEM FOR COUNTY EXECUTIVE COMMITTEE DISTRICT,,DEM,TAMMY SMITH,32
Wayne,PRECINCT 56,DEM FOR COUNTY EXECUTIVE COMMITTEE DISTRICT,,DEM,TAMMY SMITH,26
Wayne,PRECINCT 59,DEM FOR COUNTY EXECUTIVE COMMITTEE DISTRICT,,DEM,TAMMY SMITH,13
Wayne,PRECINCT 60,DEM FOR COUNTY EXECUTIVE COMMITTEE DISTRICT,,DEM,TAMMY SMITH,31
Wayne,PRECINCT 61,DEM FOR COUNTY EXECUTIVE COMMITTEE DISTRICT,,DEM,TAMMY SMITH,24
Wayne,PRECINCT 63,DEM FOR COUNTY EXECUTIVE COMMITTEE DISTRICT,,DEM,TAMMY SMITH,7
Wayne,PRECINCT 12,REP FOR COUNTY EXECUTIVE COMMITTEE DISTRICT,,REP,JEFF MAYNARD,58
Wayne,PRECINCT 13,REP FOR COUNTY EXECUTIVE COMMITTEE DISTRICT,,REP,JEFF MAYNARD,42
Wayne,PRECINCT 20,REP FOR COUNTY EXECUTIVE COMMITTEE DISTRICT,,REP,JEFF MAYNARD,31
Wayne,PRECINCT 21,REP FOR COUNTY EXECUTIVE COMMITTEE DISTRICT,,REP,JEFF MAYNARD,33
Wayne,PRECINCT 56,REP FOR COUNTY EXECUTIVE COMMITTEE DISTRICT,,REP,JEFF MAYNARD,69
Wayne,PRECINCT 59,REP FOR COUNTY EXECUTIVE COMMITTEE DISTRICT,,REP,JEFF MAYNARD,56
Wayne,PRECINCT 60,REP FOR COUNTY EXECUTIVE COMMITTEE DISTRICT,,REP,JEFF MAYNARD,49
Wayne,PRECINCT 61,REP FOR COUNTY EXECUTIVE COMMITTEE DISTRICT,,REP,JEFF MAYNARD,33
Wayne,PRECINCT 63,REP FOR COUNTY EXECUTIVE COMMITTEE DISTRICT,,REP,JEFF MAYNARD,20
Wayne,PRECINCT 12,DEM FOR COUNTY EXECUTIVE COMMITTEE DISTRICT,,DEM,TIMOTHY DON BIAS,74
Wayne,PRECINCT 13,DEM FOR COUNTY EXECUTIVE COMMITTEE DISTRICT,,DEM,TIMOTHY DON BIAS,68
Wayne,PRECINCT 20,DEM FOR COUNTY EXECUTIVE COMMITTEE DISTRICT,,DEM,TIMOTHY DON BIAS,55
Wayne,PRECINCT 21,DEM FOR COUNTY EXECUTIVE COMMITTEE DISTRICT,,DEM,TIMOTHY DON BIAS,50
Wayne,PRECINCT 56,DEM FOR COUNTY EXECUTIVE COMMITTEE DISTRICT,,DEM,TIMOTHY DON BIAS,62
Wayne,PRECINCT 59,DEM FOR COUNTY EXECUTIVE COMMITTEE DISTRICT,,DEM,TIMOTHY DON BIAS,44
Wayne,PRECINCT 60,DEM FOR COUNTY EXECUTIVE COMMITTEE DISTRICT,,DEM,TIMOTHY DON BIAS,63
Wayne,PRECINCT 61,DEM FOR COUNTY EXECUTIVE COMMITTEE DISTRICT,,DEM,TIMOTHY DON BIAS,50
Wayne,PRECINCT 63,DEM FOR COUNTY EXECUTIVE COMMITTEE DISTRICT,,DEM,TIMOTHY DON BIAS,26
Wayne,PRECINCT 14,REP FOR COUNTY EXECUTIVE COMMITTEE DISTRICT,,REP,NO CANDIDATE FILED,0
Wayne,PRECINCT 16,REP FOR COUNTY EXECUTIVE COMMITTEE DISTRICT,,REP,NO CANDIDATE FILED,0
Wayne,PRECINCT 17,REP FOR COUNTY EXECUTIVE COMMITTEE DISTRICT,,REP,NO CANDIDATE FILED,0
Wayne,PRECINCT 19,REP FOR COUNTY EXECUTIVE COMMITTEE DISTRICT,,REP,NO CANDIDATE FILED,0
Wayne,PRECINCT 22,REP FOR COUNTY EXECUTIVE COMMITTEE DISTRICT,,REP,NO CANDIDATE FILED,0
Wayne,PRECINCT 57,REP FOR COUNTY EXECUTIVE COMMITTEE DISTRICT,,REP,NO CANDIDATE FILED,0
Wayne,PRECINCT 62,REP FOR COUNTY EXECUTIVE COMMITTEE DISTRICT,,REP,NO CANDIDATE FILED,0
Wayne,PRECINCT 14,DEM FOR COUNTY EXECUTIVE COMMITTEE DISTRICT,,DEM,NO CANDIDATE FILED,0
Wayne,PRECINCT 16,DEM FOR COUNTY EXECUTIVE COMMITTEE DISTRICT,,DEM,NO CANDIDATE FILED,0
Wayne,PRECINCT 17,DEM FOR COUNTY EXECUTIVE COMMITTEE DISTRICT,,DEM,NO CANDIDATE FILED,0
Wayne,PRECINCT 19,DEM FOR COUNTY EXECUTIVE COMMITTEE DISTRICT,,DEM,NO CANDIDATE FILED,0
Wayne,PRECINCT 22,DEM FOR COUNTY EXECUTIVE COMMITTEE DISTRICT,,DEM,NO CANDIDATE FILED,0
Wayne,PRECINCT 57,DEM FOR COUNTY EXECUTIVE COMMITTEE DISTRICT,,DEM,NO CANDIDATE FILED,0
Wayne,PRECINCT 62,DEM FOR COUNTY EXECUTIVE COMMITTEE DISTRICT,,DEM,NO CANDIDATE FILED,0
Wayne,PRECINCT 14,REP FOR COUNTY EXECUTIVE COMMITTEE DISTRICT,,REP,JOSH BOOTH,114
Wayne,PRECINCT 16,REP FOR COUNTY EXECUTIVE COMMITTEE DISTRICT,,REP,JOSH BOOTH,37
Wayne,PRECINCT 17,REP FOR COUNTY EXECUTIVE COMMITTEE DISTRICT,,REP,JOSH BOOTH,104
Wayne,PRECINCT 19,REP FOR COUNTY EXECUTIVE COMMITTEE DISTRICT,,REP,JOSH BOOTH,83
Wayne,PRECINCT 22,REP FOR COUNTY EXECUTIVE COMMITTEE DISTRICT,,REP,JOSH BOOTH,72
Wayne,PRECINCT 57,REP FOR COUNTY EXECUTIVE COMMITTEE DISTRICT,,REP,JOSH BOOTH,110
Wayne,PRECINCT 62,REP FOR COUNTY EXECUTIVE COMMITTEE DISTRICT,,REP,JOSH BOOTH,39
Wayne,PRECINCT 1,REP FOR COUNTY EXECUTIVE COMMITTEE DISTRICT,,REP,JOETTA HATFIELD,68
Wayne,PRECINCT 2,REP FOR COUNTY EXECUTIVE COMMITTEE DISTRICT,,REP,JOETTA HATFIELD,12
Wayne,PRECINCT 3,REP FOR COUNTY EXECUTIVE COMMITTEE DISTRICT,,REP,JOETTA HATFIELD,10
Wayne,PRECINCT 5,REP FOR COUNTY EXECUTIVE COMMITTEE DISTRICT,,REP,JOETTA HATFIELD,64
Wayne,PRECINCT 6,REP FOR COUNTY EXECUTIVE COMMITTEE DISTRICT,,REP,JOETTA HATFIELD,34
Wayne,PRECINCT 18,REP FOR COUNTY EXECUTIVE COMMITTEE DISTRICT,,REP,JOETTA HATFIELD,35
Wayne,PRECINCT 30,REP FOR COUNTY EXECUTIVE COMMITTEE DISTRICT,,REP,JOETTA HATFIELD,64
Wayne,PRECINCT 31,REP FOR COUNTY EXECUTIVE COMMITTEE DISTRICT,,REP,JOETTA HATFIELD,57
Wayne,PRECINCT 34,REP FOR COUNTY EXECUTIVE COMMITTEE DISTRICT,,REP,JOETTA HATFIELD,35
Wayne,PRECINCT 37,REP FOR COUNTY EXECUTIVE COMMITTEE DISTRICT,,REP,JOETTA HATFIELD,54
Wayne,PRECINCT 38,REP FOR COUNTY EXECUTIVE COMMITTEE DISTRICT,,REP,JOETTA HATFIELD,32
Wayne,PRECINCT 45,REP FOR COUNTY EXECUTIVE COMMITTEE DISTRICT,,REP,JOETTA HATFIELD,22
Wayne,PRECINCT 1,DEM FOR COUNTY EXECUTIVE COMMITTEE DISTRICT,,DEM,MARY ANN MARCUM,34
Wayne,PRECINCT 2,DEM FOR COUNTY EXECUTIVE COMMITTEE DISTRICT,,DEM,MARY ANN MARCUM,12
Wayne,PRECINCT 3,DEM FOR COUNTY EXECUTIVE COMMITTEE DISTRICT,,DEM,MARY ANN MARCUM,12
Wayne,PRECINCT 5,DEM FOR COUNTY EXECUTIVE COMMITTEE DISTRICT,,DEM,MARY ANN MARCUM,24
Wayne,PRECINCT 6,DEM FOR COUNTY EXECUTIVE COMMITTEE DISTRICT,,DEM,MARY ANN MARCUM,15
Wayne,PRECINCT 18,DEM FOR COUNTY EXECUTIVE COMMITTEE DISTRICT,,DEM,MARY ANN MARCUM,32
Wayne,PRECINCT 30,DEM FOR COUNTY EXECUTIVE COMMITTEE DISTRICT,,DEM,MARY ANN MARCUM,32
Wayne,PRECINCT 31,DEM FOR COUNTY EXECUTIVE COMMITTEE DISTRICT,,DEM,MARY ANN MARCUM,35
Wayne,PRECINCT 34,DEM FOR COUNTY EXECUTIVE COMMITTEE DISTRICT,,DEM,MARY ANN MARCUM,36
Wayne,PRECINCT 37,DEM FOR COUNTY EXECUTIVE COMMITTEE DISTRICT,,DEM,MARY ANN MARCUM,42
Wayne,PRECINCT 38,DEM FOR COUNTY EXECUTIVE COMMITTEE DISTRICT,,DEM,MARY ANN MARCUM,36
Wayne,PRECINCT 45,DEM FOR COUNTY EXECUTIVE COMMITTEE DISTRICT,,DEM,MARY ANN MARCUM,32
Wayne,PRECINCT 1,REP FOR COUNTY EXECUTIVE COMMITTEE DISTRICT,,REP,MARK A. ROSS,67
Wayne,PRECINCT 2,REP FOR COUNTY EXECUTIVE COMMITTEE DISTRICT,,REP,MARK A. ROSS,11
Wayne,PRECINCT 3,REP FOR COUNTY EXECUTIVE COMMITTEE DISTRICT,,REP,MARK A. ROSS,12
Wayne,PRECINCT 5,REP FOR COUNTY EXECUTIVE COMMITTEE DISTRICT,,REP,MARK A. ROSS,67
Wayne,PRECINCT 6,REP FOR COUNTY EXECUTIVE COMMITTEE DISTRICT,,REP,MARK A. ROSS,24
Wayne,PRECINCT 18,REP FOR COUNTY EXECUTIVE COMMITTEE DISTRICT,,REP,MARK A. ROSS,44
Wayne,PRECINCT 30,REP FOR COUNTY EXECUTIVE COMMITTEE DISTRICT,,REP,MARK A. ROSS,70
Wayne,PRECINCT 31,REP FOR COUNTY EXECUTIVE COMMITTEE DISTRICT,,REP,MARK A. ROSS,51
Wayne,PRECINCT 34,REP FOR COUNTY EXECUTIVE COMMITTEE DISTRICT,,REP,MARK A. ROSS,29
Wayne,PRECINCT 37,REP FOR COUNTY EXECUTIVE COMMITTEE DISTRICT,,REP,MARK A. ROSS,44
Wayne,PRECINCT 38,REP FOR COUNTY EXECUTIVE COMMITTEE DISTRICT,,REP,MARK A. ROSS,30
Wayne,PRECINCT 45,REP FOR COUNTY EXECUTIVE COMMITTEE DISTRICT,,REP,MARK A. ROSS,32
Wayne,PRECINCT 1,DEM FOR COUNTY EXECUTIVE COMMITTEE DISTRICT,,DEM,JAMES C. FRAZIER,35
Wayne,PRECINCT 2,DEM FOR COUNTY EXECUTIVE COMMITTEE DISTRICT,,DEM,JAMES C. FRAZIER,12
Wayne,PRECINCT 3,DEM FOR COUNTY EXECUTIVE COMMITTEE DISTRICT,,DEM,JAMES C. FRAZIER,14
Wayne,PRECINCT 5,DEM FOR COUNTY EXECUTIVE COMMITTEE DISTRICT,,DEM,JAMES C. FRAZIER,26
Wayne,PRECINCT 6,DEM FOR COUNTY EXECUTIVE COMMITTEE DISTRICT,,DEM,JAMES C. FRAZIER,16
Wayne,PRECINCT 18,DEM FOR COUNTY EXECUTIVE COMMITTEE DISTRICT,,DEM,JAMES C. FRAZIER,37
Wayne,PRECINCT 30,DEM FOR COUNTY EXECUTIVE COMMITTEE DISTRICT,,DEM,JAMES C. FRAZIER,27
Wayne,PRECINCT 31,DEM FOR COUNTY EXECUTIVE COMMITTEE DISTRICT,,DEM,JAMES C. FRAZIER,36
Wayne,PRECINCT 34,DEM FOR COUNTY EXECUTIVE COMMITTEE DISTRICT,,DEM,JAMES C. FRAZIER,20
Wayne,PRECINCT 37,DEM FOR COUNTY EXECUTIVE COMMITTEE DISTRICT,,DEM,JAMES C. FRAZIER,29
Wayne,PRECINCT 38,DEM FOR COUNTY EXECUTIVE COMMITTEE DISTRICT,,DEM,JAMES C. FRAZIER,30
Wayne,PRECINCT 45,DEM FOR COUNTY EXECUTIVE COMMITTEE DISTRICT,,DEM,JAMES C. FRAZIER,33
Wayne,PRECINCT 36,REP FOR COUNTY EXECUTIVE COMMITTEE DISTRICT,,REP,REBECCA LYCANS,22
Wayne,PRECINCT 41,REP FOR COUNTY EXECUTIVE COMMITTEE DISTRICT,,REP,REBECCA LYCANS,42
Wayne,PRECINCT 42,REP FOR COUNTY EXECUTIVE COMMITTEE DISTRICT,,REP,REBECCA LYCANS,7
Wayne,PRECINCT 48,REP FOR COUNTY EXECUTIVE COMMITTEE DISTRICT,,REP,REBECCA LYCANS,52
Wayne,PRECINCT 49,REP FOR COUNTY EXECUTIVE COMMITTEE DISTRICT,,REP,REBECCA LYCANS,77
Wayne,PRECINCT 50,REP FOR COUNTY EXECUTIVE COMMITTEE DISTRICT,,REP,REBECCA LYCANS,50
Wayne,PRECINCT 51,REP FOR COUNTY EXECUTIVE COMMITTEE DISTRICT,,REP,REBECCA LYCANS,113
Wayne,PRECINCT 52,REP FOR COUNTY EXECUTIVE COMMITTEE DISTRICT,,REP,REBECCA LYCANS,14
Wayne,PRECINCT 53,REP FOR COUNTY EXECUTIVE COMMITTEE DISTRICT,,REP,REBECCA LYCANS,63
Wayne,PRECINCT 54,REP FOR COUNTY EXECUTIVE COMMITTEE DISTRICT,,REP,REBECCA LYCANS,66
Wayne,PRECINCT 36,DEM FOR COUNTY EXECUTIVE COMMITTEE DISTRICT,,DEM,BROOKE SMITH,20
Wayne,PRECINCT 41,DEM FOR COUNTY EXECUTIVE COMMITTEE DISTRICT,,DEM,BROOKE SMITH,41
Wayne,PRECINCT 42,DEM FOR COUNTY EXECUTIVE COMMITTEE DISTRICT,,DEM,BROOKE SMITH,22
Wayne,PRECINCT 48,DEM FOR COUNTY EXECUTIVE COMMITTEE DISTRICT,,DEM,BROOKE SMITH,57
Wayne,PRECINCT 49,DEM FOR COUNTY EXECUTIVE COMMITTEE DISTRICT,,DEM,BROOKE SMITH,53
Wayne,PRECINCT 50,DEM FOR COUNTY EXECUTIVE COMMITTEE DISTRICT,,DEM,BROOKE SMITH,50
Wayne,PRECINCT 51,DEM FOR COUNTY EXECUTIVE COMMITTEE DISTRICT,,DEM,BROOKE SMITH,125
Wayne,PRECINCT 52,DEM FOR COUNTY EXECUTIVE COMMITTEE DISTRICT,,DEM,BROOKE SMITH,12
Wayne,PRECINCT 53,DEM FOR COUNTY EXECUTIVE COMMITTEE DISTRICT,,DEM,BROOKE SMITH,34
Wayne,PRECINCT 54,DEM FOR COUNTY EXECUTIVE COMMITTEE DISTRICT,,DEM,BROOKE SMITH,43
Wayne,PRECINCT 36,REP FOR COUNTY EXECUTIVE COMMITTEE DISTRICT,,REP,DANA LYCANS,23
Wayne,PRECINCT 41,REP FOR COUNTY EXECUTIVE COMMITTEE DISTRICT,,REP,DANA LYCANS,42
Wayne,PRECINCT 42,REP FOR COUNTY EXECUTIVE COMMITTEE DISTRICT,,REP,DANA LYCANS,5
Wayne,PRECINCT 48,REP FOR COUNTY EXECUTIVE COMMITTEE DISTRICT,,REP,DANA LYCANS,52
Wayne,PRECINCT 49,REP FOR COUNTY EXECUTIVE COMMITTEE DISTRICT,,REP,DANA LYCANS,79
Wayne,PRECINCT 50,REP FOR COUNTY EXECUTIVE COMMITTEE DISTRICT,,REP,DANA LYCANS,52
Wayne,PRECINCT 51,REP FOR COUNTY EXECUTIVE COMMITTEE DISTRICT,,REP,DANA LYCANS,119
Wayne,PRECINCT 52,REP FOR COUNTY EXECUTIVE COMMITTEE DISTRICT,,REP,DANA LYCANS,14
Wayne,PRECINCT 53,REP FOR COUNTY EXECUTIVE COMMITTEE DISTRICT,,REP,DANA LYCANS,64
Wayne,PRECINCT 54,REP FOR COUNTY EXECUTIVE COMMITTEE DISTRICT,,REP,DANA LYCANS,70
Wayne,PRECINCT 36,DEM FOR COUNTY EXECUTIVE COMMITTEE DISTRICT,,DEM,PAUL STEPHENS,27
Wayne,PRECINCT 41,DEM FOR COUNTY EXECUTIVE COMMITTEE DISTRICT,,DEM,PAUL STEPHENS,45
Wayne,PRECINCT 42,DEM FOR COUNTY EXECUTIVE COMMITTEE DISTRICT,,DEM,PAUL STEPHENS,20
Wayne,PRECINCT 48,DEM FOR COUNTY EXECUTIVE COMMITTEE DISTRICT,,DEM,PAUL STEPHENS,51
Wayne,PRECINCT 49,DEM FOR COUNTY EXECUTIVE COMMITTEE DISTRICT,,DEM,PAUL STEPHENS,53
Wayne,PRECINCT 50,DEM FOR COUNTY EXECUTIVE COMMITTEE DISTRICT,,DEM,PAUL STEPHENS,46
Wayne,PRECINCT 51,DEM FOR COUNTY EXECUTIVE COMMITTEE DISTRICT,,DEM,PAUL STEPHENS,121
Wayne,PRECINCT 52,DEM FOR COUNTY EXECUTIVE COMMITTEE DISTRICT,,DEM,PAUL STEPHENS,8
Wayne,PRECINCT 53,DEM FOR COUNTY EXECUTIVE COMMITTEE DISTRICT,,DEM,PAUL STEPHENS,36
Wayne,PRECINCT 54,DEM FOR COUNTY EXECUTIVE COMMITTEE DISTRICT,,DEM,PAUL STEPHENS,39
Wayne,PRECINCT 51,FOR CITY COUNCIL WAYNE,,,JON REED,252
Wayne,PRECINCT 51,FOR CITY COUNCIL WAYNE,,,JASON SLONE,136
Wayne,PRECINCT 51,FOR CITY COUNCIL WAYNE,,,BARBARA QUEEN,194
Wayne,PRECINCT 51,FOR CITY COUNCIL WAYNE,,,GARY AKERS,222
Wayne,PRECINCT 51,FOR CITY COUNCIL WAYNE,,,PATTY TOOLEY,192
Wayne,PRECINCT 51,FOR CITY COUNCIL WAYNE,,,FRENCH NAPIER,232
Wayne,PRECINCT 51,FOR CITY COUNCIL WAYNE,,,ROSIE WHIPKEY,202
Wayne,PRECINCT 51,FOR CITY COUNCIL WAYNE,,,KASEY MCCOMAS,144
Wayne,PRECINCT 51,FOR MUNICIPAL JUDGE WAYNE,,,DWAYNE WALLACE,356
Wayne,PRECINCT 51,FOR MAYOR WAYNE,,,DANNY GRACE,303
Wayne,PRECINCT 51,FOR MAYOR WAYNE,,,JAMES RAMEY III,224
Wayne,PRECINCT 51,FOR CITY CLERK/RECORDER WAYNE,,,MILLARD BRADSHAW,270
Wayne,PRECINCT 51,FOR CITY CLERK/RECORDER WAYNE,,,TONEY ATKINS,235
