county,precinct,office,district,party,candidate,votes
Hancock,PRECINCT 1,BALLOTS CAST,,REP,BALLOTS CAST - REPUBLICAN,98
Hancock,PRECINCT 2,BALLOTS CAST,,REP,BALLOTS CAST - REPUBLICAN,101
Hancock,PRECINCT 3,BALLOTS CAST,,REP,BALLOTS CAST - REPUBLICAN,138
Hancock,PRECINCT 5,BALLOTS CAST,,REP,BALLOTS CAST - REPUBLICAN,86
Hancock,PRECINCT 6,BALLOTS CAST,,REP,BALLOTS CAST - REPUBLICAN,236
Hancock,PRECINCT 7,BALLOTS CAST,,REP,BALLOTS CAST - REPUBLICAN,79
Hancock,PRECINCT 8,BALLOTS CAST,,REP,BALLOTS CAST - REPUBLICAN,250
Hancock,PRECINCT 9,BALLOTS CAST,,REP,BALLOTS CAST - REPUBLICAN,181
Hancock,PRECINCT 10,BALLOTS CAST,,REP,BALLOTS CAST - REPUBLICAN,91
Hancock,PRECINCT 11,BALLOTS CAST,,REP,BALLOTS CAST - REPUBLICAN,198
Hancock,PRECINCT 12,BALLOTS CAST,,REP,BALLOTS CAST - REPUBLICAN,156
Hancock,PRECINCT 13,BALLOTS CAST,,REP,BALLOTS CAST - REPUBLICAN,104
Hancock,PRECINCT 14,BALLOTS CAST,,REP,BALLOTS CAST - REPUBLICAN,94
Hancock,PRECINCT 16,BALLOTS CAST,,REP,BALLOTS CAST - REPUBLICAN,38
Hancock,PRECINCT 17,BALLOTS CAST,,REP,BALLOTS CAST - REPUBLICAN,160
Hancock,PRECINCT 19,BALLOTS CAST,,REP,BALLOTS CAST - REPUBLICAN,101
Hancock,PRECINCT 20,BALLOTS CAST,,REP,BALLOTS CAST - REPUBLICAN,157
Hancock,PRECINCT 21,BALLOTS CAST,,REP,BALLOTS CAST - REPUBLICAN,98
Hancock,PRECINCT 22,BALLOTS CAST,,REP,BALLOTS CAST - REPUBLICAN,75
Hancock,PRECINCT 23,BALLOTS CAST,,REP,BALLOTS CAST - REPUBLICAN,72
Hancock,PRECINCT 24,BALLOTS CAST,,REP,BALLOTS CAST - REPUBLICAN,111
Hancock,PRECINCT 25,BALLOTS CAST,,REP,BALLOTS CAST - REPUBLICAN,198
Hancock,PRECINCT 27,BALLOTS CAST,,REP,BALLOTS CAST - REPUBLICAN,155
Hancock,PRECINCT 28,BALLOTS CAST,,REP,BALLOTS CAST - REPUBLICAN,116
Hancock,PRECINCT 1,BALLOTS CAST,,DEM,BALLOTS CAST - DEMOCRATIC,69
Hancock,PRECINCT 2,BALLOTS CAST,,DEM,BALLOTS CAST - DEMOCRATIC,69
Hancock,PRECINCT 3,BALLOTS CAST,,DEM,BALLOTS CAST - DEMOCRATIC,85
Hancock,PRECINCT 5,BALLOTS CAST,,DEM,BALLOTS CAST - DEMOCRATIC,40
Hancock,PRECINCT 6,BALLOTS CAST,,DEM,BALLOTS CAST - DEMOCRATIC,98
Hancock,PRECINCT 7,BALLOTS CAST,,DEM,BALLOTS CAST - DEMOCRATIC,40
Hancock,PRECINCT 8,BALLOTS CAST,,DEM,BALLOTS CAST - DEMOCRATIC,92
Hancock,PRECINCT 9,BALLOTS CAST,,DEM,BALLOTS CAST - DEMOCRATIC,75
Hancock,PRECINCT 10,BALLOTS CAST,,DEM,BALLOTS CAST - DEMOCRATIC,98
Hancock,PRECINCT 11,BALLOTS CAST,,DEM,BALLOTS CAST - DEMOCRATIC,58
Hancock,PRECINCT 12,BALLOTS CAST,,DEM,BALLOTS CAST - DEMOCRATIC,112
Hancock,PRECINCT 13,BALLOTS CAST,,DEM,BALLOTS CAST - DEMOCRATIC,67
Hancock,PRECINCT 14,BALLOTS CAST,,DEM,BALLOTS CAST - DEMOCRATIC,57
Hancock,PRECINCT 16,BALLOTS CAST,,DEM,BALLOTS CAST - DEMOCRATIC,53
Hancock,PRECINCT 17,BALLOTS CAST,,DEM,BALLOTS CAST - DEMOCRATIC,94
Hancock,PRECINCT 19,BALLOTS CAST,,DEM,BALLOTS CAST - DEMOCRATIC,70
Hancock,PRECINCT 20,BALLOTS CAST,,DEM,BALLOTS CAST - DEMOCRATIC,114
Hancock,PRECINCT 21,BALLOTS CAST,,DEM,BALLOTS CAST - DEMOCRATIC,87
Hancock,PRECINCT 22,BALLOTS CAST,,DEM,BALLOTS CAST - DEMOCRATIC,80
Hancock,PRECINCT 23,BALLOTS CAST,,DEM,BALLOTS CAST - DEMOCRATIC,57
Hancock,PRECINCT 24,BALLOTS CAST,,DEM,BALLOTS CAST - DEMOCRATIC,79
Hancock,PRECINCT 25,BALLOTS CAST,,DEM,BALLOTS CAST - DEMOCRATIC,159
Hancock,PRECINCT 27,BALLOTS CAST,,DEM,BALLOTS CAST - DEMOCRATIC,97
Hancock,PRECINCT 28,BALLOTS CAST,,DEM,BALLOTS CAST - DEMOCRATIC,80
Hancock,PRECINCT 1,BALLOTS CAST,,,BALLOTS CAST - NONPARTISAN,9
Hancock,PRECINCT 2,BALLOTS CAST,,,BALLOTS CAST - NONPARTISAN,0
Hancock,PRECINCT 3,BALLOTS CAST,,,BALLOTS CAST - NONPARTISAN,0
Hancock,PRECINCT 5,BALLOTS CAST,,,BALLOTS CAST - NONPARTISAN,1
Hancock,PRECINCT 6,BALLOTS CAST,,,BALLOTS CAST - NONPARTISAN,0
Hancock,PRECINCT 7,BALLOTS CAST,,,BALLOTS CAST - NONPARTISAN,0
Hancock,PRECINCT 8,BALLOTS CAST,,,BALLOTS CAST - NONPARTISAN,2
Hancock,PRECINCT 9,BALLOTS CAST,,,BALLOTS CAST - NONPARTISAN,9
Hancock,PRECINCT 10,BALLOTS CAST,,,BALLOTS CAST - NONPARTISAN,1
Hancock,PRECINCT 11,BALLOTS CAST,,,BALLOTS CAST - NONPARTISAN,0
Hancock,PRECINCT 12,BALLOTS CAST,,,BALLOTS CAST - NONPARTISAN,3
Hancock,PRECINCT 13,BALLOTS CAST,,,BALLOTS CAST - NONPARTISAN,2
Hancock,PRECINCT 14,BALLOTS CAST,,,BALLOTS CAST - NONPARTISAN,0
Hancock,PRECINCT 16,BALLOTS CAST,,,BALLOTS CAST - NONPARTISAN,0
Hancock,PRECINCT 17,BALLOTS CAST,,,BALLOTS CAST - NONPARTISAN,13
Hancock,PRECINCT 19,BALLOTS CAST,,,BALLOTS CAST - NONPARTISAN,4
Hancock,PRECINCT 20,BALLOTS CAST,,,BALLOTS CAST - NONPARTISAN,2
Hancock,PRECINCT 21,BALLOTS CAST,,,BALLOTS CAST - NONPARTISAN,3
Hancock,PRECINCT 22,BALLOTS CAST,,,BALLOTS CAST - NONPARTISAN,0
Hancock,PRECINCT 23,BALLOTS CAST,,,BALLOTS CAST - NONPARTISAN,1
Hancock,PRECINCT 24,BALLOTS CAST,,,BALLOTS CAST - NONPARTISAN,0
Hancock,PRECINCT 25,BALLOTS CAST,,,BALLOTS CAST - NONPARTISAN,3
Hancock,PRECINCT 27,BALLOTS CAST,,,BALLOTS CAST - NONPARTISAN,2
Hancock,PRECINCT 28,BALLOTS CAST,,,BALLOTS CAST - NONPARTISAN,1
Hancock,PRECINCT 1,U.S. House,2,REP,RHONDA A. HERCULES,9
Hancock,PRECINCT 2,U.S. House,2,REP,RHONDA A. HERCULES,11
Hancock,PRECINCT 3,U.S. House,2,REP,RHONDA A. HERCULES,21
Hancock,PRECINCT 5,U.S. House,2,REP,RHONDA A. HERCULES,8
Hancock,PRECINCT 6,U.S. House,2,REP,RHONDA A. HERCULES,31
Hancock,PRECINCT 7,U.S. House,2,REP,RHONDA A. HERCULES,3
Hancock,PRECINCT 8,U.S. House,2,REP,RHONDA A. HERCULES,14
Hancock,PRECINCT 9,U.S. House,2,REP,RHONDA A. HERCULES,15
Hancock,PRECINCT 10,U.S. House,2,REP,RHONDA A. HERCULES,7
Hancock,PRECINCT 11,U.S. House,2,REP,RHONDA A. HERCULES,19
Hancock,PRECINCT 12,U.S. House,2,REP,RHONDA A. HERCULES,9
Hancock,PRECINCT 13,U.S. House,2,REP,RHONDA A. HERCULES,7
Hancock,PRECINCT 14,U.S. House,2,REP,RHONDA A. HERCULES,6
Hancock,PRECINCT 16,U.S. House,2,REP,RHONDA A. HERCULES,5
Hancock,PRECINCT 17,U.S. House,2,REP,RHONDA A. HERCULES,9
Hancock,PRECINCT 19,U.S. House,2,REP,RHONDA A. HERCULES,12
Hancock,PRECINCT 20,U.S. House,2,REP,RHONDA A. HERCULES,9
Hancock,PRECINCT 21,U.S. House,2,REP,RHONDA A. HERCULES,9
Hancock,PRECINCT 22,U.S. House,2,REP,RHONDA A. HERCULES,7
Hancock,PRECINCT 23,U.S. House,2,REP,RHONDA A. HERCULES,2
Hancock,PRECINCT 24,U.S. House,2,REP,RHONDA A. HERCULES,6
Hancock,PRECINCT 25,U.S. House,2,REP,RHONDA A. HERCULES,14
Hancock,PRECINCT 27,U.S. House,2,REP,RHONDA A. HERCULES,16
Hancock,PRECINCT 28,U.S. House,2,REP,RHONDA A. HERCULES,10
Hancock,PRECINCT 1,U.S. House,2,REP,ALEXANDER X. MOONEY,42
Hancock,PRECINCT 2,U.S. House,2,REP,ALEXANDER X. MOONEY,43
Hancock,PRECINCT 3,U.S. House,2,REP,ALEXANDER X. MOONEY,62
Hancock,PRECINCT 5,U.S. House,2,REP,ALEXANDER X. MOONEY,45
Hancock,PRECINCT 6,U.S. House,2,REP,ALEXANDER X. MOONEY,108
Hancock,PRECINCT 7,U.S. House,2,REP,ALEXANDER X. MOONEY,41
Hancock,PRECINCT 8,U.S. House,2,REP,ALEXANDER X. MOONEY,138
Hancock,PRECINCT 9,U.S. House,2,REP,ALEXANDER X. MOONEY,80
Hancock,PRECINCT 10,U.S. House,2,REP,ALEXANDER X. MOONEY,41
Hancock,PRECINCT 11,U.S. House,2,REP,ALEXANDER X. MOONEY,88
Hancock,PRECINCT 12,U.S. House,2,REP,ALEXANDER X. MOONEY,73
Hancock,PRECINCT 13,U.S. House,2,REP,ALEXANDER X. MOONEY,51
Hancock,PRECINCT 14,U.S. House,2,REP,ALEXANDER X. MOONEY,50
Hancock,PRECINCT 16,U.S. House,2,REP,ALEXANDER X. MOONEY,17
Hancock,PRECINCT 17,U.S. House,2,REP,ALEXANDER X. MOONEY,66
Hancock,PRECINCT 19,U.S. House,2,REP,ALEXANDER X. MOONEY,55
Hancock,PRECINCT 20,U.S. House,2,REP,ALEXANDER X. MOONEY,73
Hancock,PRECINCT 21,U.S. House,2,REP,ALEXANDER X. MOONEY,51
Hancock,PRECINCT 22,U.S. House,2,REP,ALEXANDER X. MOONEY,36
Hancock,PRECINCT 23,U.S. House,2,REP,ALEXANDER X. MOONEY,25
Hancock,PRECINCT 24,U.S. House,2,REP,ALEXANDER X. MOONEY,56
Hancock,PRECINCT 25,U.S. House,2,REP,ALEXANDER X. MOONEY,91
Hancock,PRECINCT 27,U.S. House,2,REP,ALEXANDER X. MOONEY,90
Hancock,PRECINCT 28,U.S. House,2,REP,ALEXANDER X. MOONEY,64
Hancock,PRECINCT 1,U.S. House,2,REP,SUSAN BUCHSER-LOCHOCKI,2
Hancock,PRECINCT 2,U.S. House,2,REP,SUSAN BUCHSER-LOCHOCKI,3
Hancock,PRECINCT 3,U.S. House,2,REP,SUSAN BUCHSER-LOCHOCKI,5
Hancock,PRECINCT 5,U.S. House,2,REP,SUSAN BUCHSER-LOCHOCKI,1
Hancock,PRECINCT 6,U.S. House,2,REP,SUSAN BUCHSER-LOCHOCKI,1
Hancock,PRECINCT 7,U.S. House,2,REP,SUSAN BUCHSER-LOCHOCKI,1
Hancock,PRECINCT 8,U.S. House,2,REP,SUSAN BUCHSER-LOCHOCKI,3
Hancock,PRECINCT 9,U.S. House,2,REP,SUSAN BUCHSER-LOCHOCKI,6
Hancock,PRECINCT 10,U.S. House,2,REP,SUSAN BUCHSER-LOCHOCKI,1
Hancock,PRECINCT 11,U.S. House,2,REP,SUSAN BUCHSER-LOCHOCKI,3
Hancock,PRECINCT 12,U.S. House,2,REP,SUSAN BUCHSER-LOCHOCKI,3
Hancock,PRECINCT 13,U.S. House,2,REP,SUSAN BUCHSER-LOCHOCKI,1
Hancock,PRECINCT 14,U.S. House,2,REP,SUSAN BUCHSER-LOCHOCKI,1
Hancock,PRECINCT 16,U.S. House,2,REP,SUSAN BUCHSER-LOCHOCKI,2
Hancock,PRECINCT 17,U.S. House,2,REP,SUSAN BUCHSER-LOCHOCKI,1
Hancock,PRECINCT 19,U.S. House,2,REP,SUSAN BUCHSER-LOCHOCKI,0
Hancock,PRECINCT 20,U.S. House,2,REP,SUSAN BUCHSER-LOCHOCKI,3
Hancock,PRECINCT 21,U.S. House,2,REP,SUSAN BUCHSER-LOCHOCKI,2
Hancock,PRECINCT 22,U.S. House,2,REP,SUSAN BUCHSER-LOCHOCKI,2
Hancock,PRECINCT 23,U.S. House,2,REP,SUSAN BUCHSER-LOCHOCKI,1
Hancock,PRECINCT 24,U.S. House,2,REP,SUSAN BUCHSER-LOCHOCKI,4
Hancock,PRECINCT 25,U.S. House,2,REP,SUSAN BUCHSER-LOCHOCKI,2
Hancock,PRECINCT 27,U.S. House,2,REP,SUSAN BUCHSER-LOCHOCKI,2
Hancock,PRECINCT 28,U.S. House,2,REP,SUSAN BUCHSER-LOCHOCKI,1
Hancock,PRECINCT 1,U.S. House,2,REP,DAVID B. MCKINLEY,44
Hancock,PRECINCT 2,U.S. House,2,REP,DAVID B. MCKINLEY,39
Hancock,PRECINCT 3,U.S. House,2,REP,DAVID B. MCKINLEY,45
Hancock,PRECINCT 5,U.S. House,2,REP,DAVID B. MCKINLEY,28
Hancock,PRECINCT 6,U.S. House,2,REP,DAVID B. MCKINLEY,81
Hancock,PRECINCT 7,U.S. House,2,REP,DAVID B. MCKINLEY,31
Hancock,PRECINCT 8,U.S. House,2,REP,DAVID B. MCKINLEY,85
Hancock,PRECINCT 9,U.S. House,2,REP,DAVID B. MCKINLEY,69
Hancock,PRECINCT 10,U.S. House,2,REP,DAVID B. MCKINLEY,36
Hancock,PRECINCT 11,U.S. House,2,REP,DAVID B. MCKINLEY,75
Hancock,PRECINCT 12,U.S. House,2,REP,DAVID B. MCKINLEY,66
Hancock,PRECINCT 13,U.S. House,2,REP,DAVID B. MCKINLEY,40
Hancock,PRECINCT 14,U.S. House,2,REP,DAVID B. MCKINLEY,34
Hancock,PRECINCT 16,U.S. House,2,REP,DAVID B. MCKINLEY,12
Hancock,PRECINCT 17,U.S. House,2,REP,DAVID B. MCKINLEY,76
Hancock,PRECINCT 19,U.S. House,2,REP,DAVID B. MCKINLEY,33
Hancock,PRECINCT 20,U.S. House,2,REP,DAVID B. MCKINLEY,66
Hancock,PRECINCT 21,U.S. House,2,REP,DAVID B. MCKINLEY,31
Hancock,PRECINCT 22,U.S. House,2,REP,DAVID B. MCKINLEY,28
Hancock,PRECINCT 23,U.S. House,2,REP,DAVID B. MCKINLEY,40
Hancock,PRECINCT 24,U.S. House,2,REP,DAVID B. MCKINLEY,39
Hancock,PRECINCT 25,U.S. House,2,REP,DAVID B. MCKINLEY,85
Hancock,PRECINCT 27,U.S. House,2,REP,DAVID B. MCKINLEY,44
Hancock,PRECINCT 28,U.S. House,2,REP,DAVID B. MCKINLEY,36
Hancock,PRECINCT 1,U.S. House,2,REP,MIKE SECKMAN,0
Hancock,PRECINCT 2,U.S. House,2,REP,MIKE SECKMAN,0
Hancock,PRECINCT 3,U.S. House,2,REP,MIKE SECKMAN,3
Hancock,PRECINCT 5,U.S. House,2,REP,MIKE SECKMAN,2
Hancock,PRECINCT 6,U.S. House,2,REP,MIKE SECKMAN,2
Hancock,PRECINCT 7,U.S. House,2,REP,MIKE SECKMAN,1
Hancock,PRECINCT 8,U.S. House,2,REP,MIKE SECKMAN,1
Hancock,PRECINCT 9,U.S. House,2,REP,MIKE SECKMAN,7
Hancock,PRECINCT 10,U.S. House,2,REP,MIKE SECKMAN,0
Hancock,PRECINCT 11,U.S. House,2,REP,MIKE SECKMAN,5
Hancock,PRECINCT 12,U.S. House,2,REP,MIKE SECKMAN,3
Hancock,PRECINCT 13,U.S. House,2,REP,MIKE SECKMAN,1
Hancock,PRECINCT 14,U.S. House,2,REP,MIKE SECKMAN,2
Hancock,PRECINCT 16,U.S. House,2,REP,MIKE SECKMAN,0
Hancock,PRECINCT 17,U.S. House,2,REP,MIKE SECKMAN,1
Hancock,PRECINCT 19,U.S. House,2,REP,MIKE SECKMAN,0
Hancock,PRECINCT 20,U.S. House,2,REP,MIKE SECKMAN,2
Hancock,PRECINCT 21,U.S. House,2,REP,MIKE SECKMAN,3
Hancock,PRECINCT 22,U.S. House,2,REP,MIKE SECKMAN,1
Hancock,PRECINCT 23,U.S. House,2,REP,MIKE SECKMAN,1
Hancock,PRECINCT 24,U.S. House,2,REP,MIKE SECKMAN,2
Hancock,PRECINCT 25,U.S. House,2,REP,MIKE SECKMAN,1
Hancock,PRECINCT 27,U.S. House,2,REP,MIKE SECKMAN,1
Hancock,PRECINCT 28,U.S. House,2,REP,MIKE SECKMAN,1
Hancock,PRECINCT 1,U.S. House,2,DEM,ANGELA J. DWYER,24
Hancock,PRECINCT 2,U.S. House,2,DEM,ANGELA J. DWYER,28
Hancock,PRECINCT 3,U.S. House,2,DEM,ANGELA J. DWYER,26
Hancock,PRECINCT 5,U.S. House,2,DEM,ANGELA J. DWYER,15
Hancock,PRECINCT 6,U.S. House,2,DEM,ANGELA J. DWYER,38
Hancock,PRECINCT 7,U.S. House,2,DEM,ANGELA J. DWYER,15
Hancock,PRECINCT 8,U.S. House,2,DEM,ANGELA J. DWYER,31
Hancock,PRECINCT 9,U.S. House,2,DEM,ANGELA J. DWYER,19
Hancock,PRECINCT 10,U.S. House,2,DEM,ANGELA J. DWYER,19
Hancock,PRECINCT 11,U.S. House,2,DEM,ANGELA J. DWYER,15
Hancock,PRECINCT 12,U.S. House,2,DEM,ANGELA J. DWYER,42
Hancock,PRECINCT 13,U.S. House,2,DEM,ANGELA J. DWYER,21
Hancock,PRECINCT 14,U.S. House,2,DEM,ANGELA J. DWYER,18
Hancock,PRECINCT 16,U.S. House,2,DEM,ANGELA J. DWYER,15
Hancock,PRECINCT 17,U.S. House,2,DEM,ANGELA J. DWYER,27
Hancock,PRECINCT 19,U.S. House,2,DEM,ANGELA J. DWYER,17
Hancock,PRECINCT 20,U.S. House,2,DEM,ANGELA J. DWYER,32
Hancock,PRECINCT 21,U.S. House,2,DEM,ANGELA J. DWYER,24
Hancock,PRECINCT 22,U.S. House,2,DEM,ANGELA J. DWYER,27
Hancock,PRECINCT 23,U.S. House,2,DEM,ANGELA J. DWYER,15
Hancock,PRECINCT 24,U.S. House,2,DEM,ANGELA J. DWYER,25
Hancock,PRECINCT 25,U.S. House,2,DEM,ANGELA J. DWYER,49
Hancock,PRECINCT 27,U.S. House,2,DEM,ANGELA J. DWYER,33
Hancock,PRECINCT 28,U.S. House,2,DEM,ANGELA J. DWYER,30
Hancock,PRECINCT 1,U.S. House,2,DEM,BARRY LEE WENDELL,32
Hancock,PRECINCT 2,U.S. House,2,DEM,BARRY LEE WENDELL,30
Hancock,PRECINCT 3,U.S. House,2,DEM,BARRY LEE WENDELL,43
Hancock,PRECINCT 5,U.S. House,2,DEM,BARRY LEE WENDELL,15
Hancock,PRECINCT 6,U.S. House,2,DEM,BARRY LEE WENDELL,43
Hancock,PRECINCT 7,U.S. House,2,DEM,BARRY LEE WENDELL,21
Hancock,PRECINCT 8,U.S. House,2,DEM,BARRY LEE WENDELL,39
Hancock,PRECINCT 9,U.S. House,2,DEM,BARRY LEE WENDELL,44
Hancock,PRECINCT 10,U.S. House,2,DEM,BARRY LEE WENDELL,46
Hancock,PRECINCT 11,U.S. House,2,DEM,BARRY LEE WENDELL,29
Hancock,PRECINCT 12,U.S. House,2,DEM,BARRY LEE WENDELL,58
Hancock,PRECINCT 13,U.S. House,2,DEM,BARRY LEE WENDELL,37
Hancock,PRECINCT 14,U.S. House,2,DEM,BARRY LEE WENDELL,24
Hancock,PRECINCT 16,U.S. House,2,DEM,BARRY LEE WENDELL,25
Hancock,PRECINCT 17,U.S. House,2,DEM,BARRY LEE WENDELL,42
Hancock,PRECINCT 19,U.S. House,2,DEM,BARRY LEE WENDELL,34
Hancock,PRECINCT 20,U.S. House,2,DEM,BARRY LEE WENDELL,56
Hancock,PRECINCT 21,U.S. House,2,DEM,BARRY LEE WENDELL,46
Hancock,PRECINCT 22,U.S. House,2,DEM,BARRY LEE WENDELL,39
Hancock,PRECINCT 23,U.S. House,2,DEM,BARRY LEE WENDELL,34
Hancock,PRECINCT 24,U.S. House,2,DEM,BARRY LEE WENDELL,43
Hancock,PRECINCT 25,U.S. House,2,DEM,BARRY LEE WENDELL,88
Hancock,PRECINCT 27,U.S. House,2,DEM,BARRY LEE WENDELL,45
Hancock,PRECINCT 28,U.S. House,2,DEM,BARRY LEE WENDELL,36
Hancock,PRECINCT 1,State Senate,1,REP,LAURA WAKIM CHAPMAN,62
Hancock,PRECINCT 2,State Senate,1,REP,LAURA WAKIM CHAPMAN,54
Hancock,PRECINCT 3,State Senate,1,REP,LAURA WAKIM CHAPMAN,94
Hancock,PRECINCT 5,State Senate,1,REP,LAURA WAKIM CHAPMAN,49
Hancock,PRECINCT 6,State Senate,1,REP,LAURA WAKIM CHAPMAN,122
Hancock,PRECINCT 7,State Senate,1,REP,LAURA WAKIM CHAPMAN,53
Hancock,PRECINCT 8,State Senate,1,REP,LAURA WAKIM CHAPMAN,152
Hancock,PRECINCT 9,State Senate,1,REP,LAURA WAKIM CHAPMAN,103
Hancock,PRECINCT 10,State Senate,1,REP,LAURA WAKIM CHAPMAN,46
Hancock,PRECINCT 11,State Senate,1,REP,LAURA WAKIM CHAPMAN,127
Hancock,PRECINCT 12,State Senate,1,REP,LAURA WAKIM CHAPMAN,102
Hancock,PRECINCT 13,State Senate,1,REP,LAURA WAKIM CHAPMAN,63
Hancock,PRECINCT 14,State Senate,1,REP,LAURA WAKIM CHAPMAN,54
Hancock,PRECINCT 16,State Senate,1,REP,LAURA WAKIM CHAPMAN,27
Hancock,PRECINCT 17,State Senate,1,REP,LAURA WAKIM CHAPMAN,95
Hancock,PRECINCT 19,State Senate,1,REP,LAURA WAKIM CHAPMAN,61
Hancock,PRECINCT 20,State Senate,1,REP,LAURA WAKIM CHAPMAN,91
Hancock,PRECINCT 21,State Senate,1,REP,LAURA WAKIM CHAPMAN,49
Hancock,PRECINCT 22,State Senate,1,REP,LAURA WAKIM CHAPMAN,45
Hancock,PRECINCT 23,State Senate,1,REP,LAURA WAKIM CHAPMAN,37
Hancock,PRECINCT 24,State Senate,1,REP,LAURA WAKIM CHAPMAN,72
Hancock,PRECINCT 25,State Senate,1,REP,LAURA WAKIM CHAPMAN,119
Hancock,PRECINCT 27,State Senate,1,REP,LAURA WAKIM CHAPMAN,95
Hancock,PRECINCT 28,State Senate,1,REP,LAURA WAKIM CHAPMAN,64
Hancock,PRECINCT 1,State Senate,1,REP,JUDI VARNER MEYER,19
Hancock,PRECINCT 2,State Senate,1,REP,JUDI VARNER MEYER,30
Hancock,PRECINCT 3,State Senate,1,REP,JUDI VARNER MEYER,24
Hancock,PRECINCT 5,State Senate,1,REP,JUDI VARNER MEYER,26
Hancock,PRECINCT 6,State Senate,1,REP,JUDI VARNER MEYER,64
Hancock,PRECINCT 7,State Senate,1,REP,JUDI VARNER MEYER,16
Hancock,PRECINCT 8,State Senate,1,REP,JUDI VARNER MEYER,51
Hancock,PRECINCT 9,State Senate,1,REP,JUDI VARNER MEYER,38
Hancock,PRECINCT 10,State Senate,1,REP,JUDI VARNER MEYER,26
Hancock,PRECINCT 11,State Senate,1,REP,JUDI VARNER MEYER,34
Hancock,PRECINCT 12,State Senate,1,REP,JUDI VARNER MEYER,41
Hancock,PRECINCT 13,State Senate,1,REP,JUDI VARNER MEYER,28
Hancock,PRECINCT 14,State Senate,1,REP,JUDI VARNER MEYER,21
Hancock,PRECINCT 16,State Senate,1,REP,JUDI VARNER MEYER,7
Hancock,PRECINCT 17,State Senate,1,REP,JUDI VARNER MEYER,36
Hancock,PRECINCT 19,State Senate,1,REP,JUDI VARNER MEYER,27
Hancock,PRECINCT 20,State Senate,1,REP,JUDI VARNER MEYER,35
Hancock,PRECINCT 21,State Senate,1,REP,JUDI VARNER MEYER,29
Hancock,PRECINCT 22,State Senate,1,REP,JUDI VARNER MEYER,18
Hancock,PRECINCT 23,State Senate,1,REP,JUDI VARNER MEYER,18
Hancock,PRECINCT 24,State Senate,1,REP,JUDI VARNER MEYER,24
Hancock,PRECINCT 25,State Senate,1,REP,JUDI VARNER MEYER,43
Hancock,PRECINCT 27,State Senate,1,REP,JUDI VARNER MEYER,43
Hancock,PRECINCT 28,State Senate,1,REP,JUDI VARNER MEYER,38
Hancock,PRECINCT 1,State Senate,1,DEM,OWENS BROWN,10
Hancock,PRECINCT 2,State Senate,1,DEM,OWENS BROWN,12
Hancock,PRECINCT 3,State Senate,1,DEM,OWENS BROWN,14
Hancock,PRECINCT 5,State Senate,1,DEM,OWENS BROWN,7
Hancock,PRECINCT 6,State Senate,1,DEM,OWENS BROWN,11
Hancock,PRECINCT 7,State Senate,1,DEM,OWENS BROWN,5
Hancock,PRECINCT 8,State Senate,1,DEM,OWENS BROWN,20
Hancock,PRECINCT 9,State Senate,1,DEM,OWENS BROWN,8
Hancock,PRECINCT 10,State Senate,1,DEM,OWENS BROWN,10
Hancock,PRECINCT 11,State Senate,1,DEM,OWENS BROWN,12
Hancock,PRECINCT 12,State Senate,1,DEM,OWENS BROWN,28
Hancock,PRECINCT 13,State Senate,1,DEM,OWENS BROWN,16
Hancock,PRECINCT 14,State Senate,1,DEM,OWENS BROWN,19
Hancock,PRECINCT 16,State Senate,1,DEM,OWENS BROWN,28
Hancock,PRECINCT 17,State Senate,1,DEM,OWENS BROWN,27
Hancock,PRECINCT 19,State Senate,1,DEM,OWENS BROWN,16
Hancock,PRECINCT 20,State Senate,1,DEM,OWENS BROWN,27
Hancock,PRECINCT 21,State Senate,1,DEM,OWENS BROWN,26
Hancock,PRECINCT 22,State Senate,1,DEM,OWENS BROWN,12
Hancock,PRECINCT 23,State Senate,1,DEM,OWENS BROWN,7
Hancock,PRECINCT 24,State Senate,1,DEM,OWENS BROWN,17
Hancock,PRECINCT 25,State Senate,1,DEM,OWENS BROWN,39
Hancock,PRECINCT 27,State Senate,1,DEM,OWENS BROWN,18
Hancock,PRECINCT 28,State Senate,1,DEM,OWENS BROWN,13
Hancock,PRECINCT 1,State Senate,1,DEM,RANDY SWARTZMILLER,58
Hancock,PRECINCT 2,State Senate,1,DEM,RANDY SWARTZMILLER,56
Hancock,PRECINCT 3,State Senate,1,DEM,RANDY SWARTZMILLER,70
Hancock,PRECINCT 5,State Senate,1,DEM,RANDY SWARTZMILLER,31
Hancock,PRECINCT 6,State Senate,1,DEM,RANDY SWARTZMILLER,85
Hancock,PRECINCT 7,State Senate,1,DEM,RANDY SWARTZMILLER,35
Hancock,PRECINCT 8,State Senate,1,DEM,RANDY SWARTZMILLER,71
Hancock,PRECINCT 9,State Senate,1,DEM,RANDY SWARTZMILLER,66
Hancock,PRECINCT 10,State Senate,1,DEM,RANDY SWARTZMILLER,84
Hancock,PRECINCT 11,State Senate,1,DEM,RANDY SWARTZMILLER,45
Hancock,PRECINCT 12,State Senate,1,DEM,RANDY SWARTZMILLER,82
Hancock,PRECINCT 13,State Senate,1,DEM,RANDY SWARTZMILLER,48
Hancock,PRECINCT 14,State Senate,1,DEM,RANDY SWARTZMILLER,35
Hancock,PRECINCT 16,State Senate,1,DEM,RANDY SWARTZMILLER,23
Hancock,PRECINCT 17,State Senate,1,DEM,RANDY SWARTZMILLER,62
Hancock,PRECINCT 19,State Senate,1,DEM,RANDY SWARTZMILLER,50
Hancock,PRECINCT 20,State Senate,1,DEM,RANDY SWARTZMILLER,83
Hancock,PRECINCT 21,State Senate,1,DEM,RANDY SWARTZMILLER,59
Hancock,PRECINCT 22,State Senate,1,DEM,RANDY SWARTZMILLER,65
Hancock,PRECINCT 23,State Senate,1,DEM,RANDY SWARTZMILLER,49
Hancock,PRECINCT 24,State Senate,1,DEM,RANDY SWARTZMILLER,58
Hancock,PRECINCT 25,State Senate,1,DEM,RANDY SWARTZMILLER,115
Hancock,PRECINCT 27,State Senate,1,DEM,RANDY SWARTZMILLER,76
Hancock,PRECINCT 28,State Senate,1,DEM,RANDY SWARTZMILLER,64
Hancock,PRECINCT 1,State House,1,REP,PAT MCGEEHAN,92
Hancock,PRECINCT 2,State House,1,REP,PAT MCGEEHAN,86
Hancock,PRECINCT 3,State House,1,REP,PAT MCGEEHAN,124
Hancock,PRECINCT 5,State House,1,REP,PAT MCGEEHAN,77
Hancock,PRECINCT 6,State House,1,REP,PAT MCGEEHAN,216
Hancock,PRECINCT 7,State House,1,REP,PAT MCGEEHAN,73
Hancock,PRECINCT 8,State House,1,REP,PAT MCGEEHAN,221
Hancock,PRECINCT 9,State House,1,REP,PAT MCGEEHAN,160
Hancock,PRECINCT 10,State House,1,REP,PAT MCGEEHAN,75
Hancock,PRECINCT 11,State House,1,REP,PAT MCGEEHAN,167
Hancock,PRECINCT 12,State House,1,REP,PAT MCGEEHAN,140
Hancock,PRECINCT 13,State House,1,REP,PAT MCGEEHAN,87
Hancock,PRECINCT 25,State House,1,REP,PAT MCGEEHAN,161
Hancock,PRECINCT 27,State House,1,REP,PAT MCGEEHAN,137
Hancock,PRECINCT 28,State House,1,REP,PAT MCGEEHAN,99
Hancock,PRECINCT 1,State House,1,DEM,JACK WOOD,52
Hancock,PRECINCT 2,State House,1,DEM,JACK WOOD,57
Hancock,PRECINCT 3,State House,1,DEM,JACK WOOD,70
Hancock,PRECINCT 5,State House,1,DEM,JACK WOOD,33
Hancock,PRECINCT 6,State House,1,DEM,JACK WOOD,80
Hancock,PRECINCT 7,State House,1,DEM,JACK WOOD,36
Hancock,PRECINCT 8,State House,1,DEM,JACK WOOD,73
Hancock,PRECINCT 9,State House,1,DEM,JACK WOOD,58
Hancock,PRECINCT 10,State House,1,DEM,JACK WOOD,64
Hancock,PRECINCT 11,State House,1,DEM,JACK WOOD,45
Hancock,PRECINCT 12,State House,1,DEM,JACK WOOD,101
Hancock,PRECINCT 13,State House,1,DEM,JACK WOOD,52
Hancock,PRECINCT 25,State House,1,DEM,JACK WOOD,138
Hancock,PRECINCT 27,State House,1,DEM,JACK WOOD,80
Hancock,PRECINCT 28,State House,1,DEM,JACK WOOD,69
Hancock,PRECINCT 14,State House,2,REP,MARK ZATEZALO,83
Hancock,PRECINCT 16,State House,2,REP,MARK ZATEZALO,34
Hancock,PRECINCT 17,State House,2,REP,MARK ZATEZALO,139
Hancock,PRECINCT 19,State House,2,REP,MARK ZATEZALO,91
Hancock,PRECINCT 20,State House,2,REP,MARK ZATEZALO,131
Hancock,PRECINCT 21,State House,2,REP,MARK ZATEZALO,85
Hancock,PRECINCT 22,State House,2,REP,MARK ZATEZALO,65
Hancock,PRECINCT 23,State House,2,REP,MARK ZATEZALO,60
Hancock,PRECINCT 24,State House,2,REP,MARK ZATEZALO,97
Hancock,PRECINCT 14,State House,2,DEM,RONNIE D. JONES,42
Hancock,PRECINCT 16,State House,2,DEM,RONNIE D. JONES,40
Hancock,PRECINCT 17,State House,2,DEM,RONNIE D. JONES,65
Hancock,PRECINCT 19,State House,2,DEM,RONNIE D. JONES,48
Hancock,PRECINCT 20,State House,2,DEM,RONNIE D. JONES,87
Hancock,PRECINCT 21,State House,2,DEM,RONNIE D. JONES,63
Hancock,PRECINCT 22,State House,2,DEM,RONNIE D. JONES,63
Hancock,PRECINCT 23,State House,2,DEM,RONNIE D. JONES,49
Hancock,PRECINCT 24,State House,2,DEM,RONNIE D. JONES,65
Hancock,PRECINCT 1,STATE EXECUTIVE COMMITTEE,1,REP,ELGINE HECETA MCARDLE,1
Hancock,PRECINCT 2,STATE EXECUTIVE COMMITTEE,1,REP,ELGINE HECETA MCARDLE,3
Hancock,PRECINCT 3,STATE EXECUTIVE COMMITTEE,1,REP,ELGINE HECETA MCARDLE,13
Hancock,PRECINCT 5,STATE EXECUTIVE COMMITTEE,1,REP,ELGINE HECETA MCARDLE,6
Hancock,PRECINCT 6,STATE EXECUTIVE COMMITTEE,1,REP,ELGINE HECETA MCARDLE,16
Hancock,PRECINCT 7,STATE EXECUTIVE COMMITTEE,1,REP,ELGINE HECETA MCARDLE,7
Hancock,PRECINCT 8,STATE EXECUTIVE COMMITTEE,1,REP,ELGINE HECETA MCARDLE,12
Hancock,PRECINCT 9,STATE EXECUTIVE COMMITTEE,1,REP,ELGINE HECETA MCARDLE,11
Hancock,PRECINCT 10,STATE EXECUTIVE COMMITTEE,1,REP,ELGINE HECETA MCARDLE,3
Hancock,PRECINCT 11,STATE EXECUTIVE COMMITTEE,1,REP,ELGINE HECETA MCARDLE,13
Hancock,PRECINCT 12,STATE EXECUTIVE COMMITTEE,1,REP,ELGINE HECETA MCARDLE,10
Hancock,PRECINCT 13,STATE EXECUTIVE COMMITTEE,1,REP,ELGINE HECETA MCARDLE,13
Hancock,PRECINCT 14,STATE EXECUTIVE COMMITTEE,1,REP,ELGINE HECETA MCARDLE,8
Hancock,PRECINCT 16,STATE EXECUTIVE COMMITTEE,1,REP,ELGINE HECETA MCARDLE,6
Hancock,PRECINCT 17,STATE EXECUTIVE COMMITTEE,1,REP,ELGINE HECETA MCARDLE,6
Hancock,PRECINCT 19,STATE EXECUTIVE COMMITTEE,1,REP,ELGINE HECETA MCARDLE,10
Hancock,PRECINCT 20,STATE EXECUTIVE COMMITTEE,1,REP,ELGINE HECETA MCARDLE,9
Hancock,PRECINCT 21,STATE EXECUTIVE COMMITTEE,1,REP,ELGINE HECETA MCARDLE,8
Hancock,PRECINCT 22,STATE EXECUTIVE COMMITTEE,1,REP,ELGINE HECETA MCARDLE,5
Hancock,PRECINCT 23,STATE EXECUTIVE COMMITTEE,1,REP,ELGINE HECETA MCARDLE,10
Hancock,PRECINCT 24,STATE EXECUTIVE COMMITTEE,1,REP,ELGINE HECETA MCARDLE,3
Hancock,PRECINCT 25,STATE EXECUTIVE COMMITTEE,1,REP,ELGINE HECETA MCARDLE,13
Hancock,PRECINCT 27,STATE EXECUTIVE COMMITTEE,1,REP,ELGINE HECETA MCARDLE,12
Hancock,PRECINCT 28,STATE EXECUTIVE COMMITTEE,1,REP,ELGINE HECETA MCARDLE,9
Hancock,PRECINCT 1,STATE EXECUTIVE COMMITTEE,1,REP,LIZABETH GREGG-BALDT,69
Hancock,PRECINCT 2,STATE EXECUTIVE COMMITTEE,1,REP,LIZABETH GREGG-BALDT,74
Hancock,PRECINCT 3,STATE EXECUTIVE COMMITTEE,1,REP,LIZABETH GREGG-BALDT,107
Hancock,PRECINCT 5,STATE EXECUTIVE COMMITTEE,1,REP,LIZABETH GREGG-BALDT,51
Hancock,PRECINCT 6,STATE EXECUTIVE COMMITTEE,1,REP,LIZABETH GREGG-BALDT,178
Hancock,PRECINCT 7,STATE EXECUTIVE COMMITTEE,1,REP,LIZABETH GREGG-BALDT,56
Hancock,PRECINCT 8,STATE EXECUTIVE COMMITTEE,1,REP,LIZABETH GREGG-BALDT,170
Hancock,PRECINCT 9,STATE EXECUTIVE COMMITTEE,1,REP,LIZABETH GREGG-BALDT,126
Hancock,PRECINCT 10,STATE EXECUTIVE COMMITTEE,1,REP,LIZABETH GREGG-BALDT,63
Hancock,PRECINCT 11,STATE EXECUTIVE COMMITTEE,1,REP,LIZABETH GREGG-BALDT,129
Hancock,PRECINCT 12,STATE EXECUTIVE COMMITTEE,1,REP,LIZABETH GREGG-BALDT,119
Hancock,PRECINCT 13,STATE EXECUTIVE COMMITTEE,1,REP,LIZABETH GREGG-BALDT,74
Hancock,PRECINCT 14,STATE EXECUTIVE COMMITTEE,1,REP,LIZABETH GREGG-BALDT,65
Hancock,PRECINCT 16,STATE EXECUTIVE COMMITTEE,1,REP,LIZABETH GREGG-BALDT,30
Hancock,PRECINCT 17,STATE EXECUTIVE COMMITTEE,1,REP,LIZABETH GREGG-BALDT,112
Hancock,PRECINCT 19,STATE EXECUTIVE COMMITTEE,1,REP,LIZABETH GREGG-BALDT,78
Hancock,PRECINCT 20,STATE EXECUTIVE COMMITTEE,1,REP,LIZABETH GREGG-BALDT,115
Hancock,PRECINCT 21,STATE EXECUTIVE COMMITTEE,1,REP,LIZABETH GREGG-BALDT,72
Hancock,PRECINCT 22,STATE EXECUTIVE COMMITTEE,1,REP,LIZABETH GREGG-BALDT,53
Hancock,PRECINCT 23,STATE EXECUTIVE COMMITTEE,1,REP,LIZABETH GREGG-BALDT,55
Hancock,PRECINCT 24,STATE EXECUTIVE COMMITTEE,1,REP,LIZABETH GREGG-BALDT,79
Hancock,PRECINCT 25,STATE EXECUTIVE COMMITTEE,1,REP,LIZABETH GREGG-BALDT,144
Hancock,PRECINCT 27,STATE EXECUTIVE COMMITTEE,1,REP,LIZABETH GREGG-BALDT,118
Hancock,PRECINCT 28,STATE EXECUTIVE COMMITTEE,1,REP,LIZABETH GREGG-BALDT,75
Hancock,PRECINCT 1,STATE EXECUTIVE COMMITTEE,1,REP,DEBI SMITH,8
Hancock,PRECINCT 2,STATE EXECUTIVE COMMITTEE,1,REP,DEBI SMITH,11
Hancock,PRECINCT 3,STATE EXECUTIVE COMMITTEE,1,REP,DEBI SMITH,12
Hancock,PRECINCT 5,STATE EXECUTIVE COMMITTEE,1,REP,DEBI SMITH,11
Hancock,PRECINCT 6,STATE EXECUTIVE COMMITTEE,1,REP,DEBI SMITH,16
Hancock,PRECINCT 7,STATE EXECUTIVE COMMITTEE,1,REP,DEBI SMITH,7
Hancock,PRECINCT 8,STATE EXECUTIVE COMMITTEE,1,REP,DEBI SMITH,20
Hancock,PRECINCT 9,STATE EXECUTIVE COMMITTEE,1,REP,DEBI SMITH,16
Hancock,PRECINCT 10,STATE EXECUTIVE COMMITTEE,1,REP,DEBI SMITH,6
Hancock,PRECINCT 11,STATE EXECUTIVE COMMITTEE,1,REP,DEBI SMITH,17
Hancock,PRECINCT 12,STATE EXECUTIVE COMMITTEE,1,REP,DEBI SMITH,14
Hancock,PRECINCT 13,STATE EXECUTIVE COMMITTEE,1,REP,DEBI SMITH,7
Hancock,PRECINCT 14,STATE EXECUTIVE COMMITTEE,1,REP,DEBI SMITH,6
Hancock,PRECINCT 16,STATE EXECUTIVE COMMITTEE,1,REP,DEBI SMITH,4
Hancock,PRECINCT 17,STATE EXECUTIVE COMMITTEE,1,REP,DEBI SMITH,5
Hancock,PRECINCT 19,STATE EXECUTIVE COMMITTEE,1,REP,DEBI SMITH,5
Hancock,PRECINCT 20,STATE EXECUTIVE COMMITTEE,1,REP,DEBI SMITH,8
Hancock,PRECINCT 21,STATE EXECUTIVE COMMITTEE,1,REP,DEBI SMITH,5
Hancock,PRECINCT 22,STATE EXECUTIVE COMMITTEE,1,REP,DEBI SMITH,7
Hancock,PRECINCT 23,STATE EXECUTIVE COMMITTEE,1,REP,DEBI SMITH,3
Hancock,PRECINCT 24,STATE EXECUTIVE COMMITTEE,1,REP,DEBI SMITH,11
Hancock,PRECINCT 25,STATE EXECUTIVE COMMITTEE,1,REP,DEBI SMITH,10
Hancock,PRECINCT 27,STATE EXECUTIVE COMMITTEE,1,REP,DEBI SMITH,15
Hancock,PRECINCT 28,STATE EXECUTIVE COMMITTEE,1,REP,DEBI SMITH,9
Hancock,PRECINCT 1,STATE EXECUTIVE COMMITTEE,1,REP,CARLEE J. DITTMAR,7
Hancock,PRECINCT 2,STATE EXECUTIVE COMMITTEE,1,REP,CARLEE J. DITTMAR,8
Hancock,PRECINCT 3,STATE EXECUTIVE COMMITTEE,1,REP,CARLEE J. DITTMAR,8
Hancock,PRECINCT 5,STATE EXECUTIVE COMMITTEE,1,REP,CARLEE J. DITTMAR,9
Hancock,PRECINCT 6,STATE EXECUTIVE COMMITTEE,1,REP,CARLEE J. DITTMAR,4
Hancock,PRECINCT 7,STATE EXECUTIVE COMMITTEE,1,REP,CARLEE J. DITTMAR,2
Hancock,PRECINCT 8,STATE EXECUTIVE COMMITTEE,1,REP,CARLEE J. DITTMAR,9
Hancock,PRECINCT 9,STATE EXECUTIVE COMMITTEE,1,REP,CARLEE J. DITTMAR,13
Hancock,PRECINCT 10,STATE EXECUTIVE COMMITTEE,1,REP,CARLEE J. DITTMAR,5
Hancock,PRECINCT 11,STATE EXECUTIVE COMMITTEE,1,REP,CARLEE J. DITTMAR,9
Hancock,PRECINCT 12,STATE EXECUTIVE COMMITTEE,1,REP,CARLEE J. DITTMAR,9
Hancock,PRECINCT 13,STATE EXECUTIVE COMMITTEE,1,REP,CARLEE J. DITTMAR,1
Hancock,PRECINCT 14,STATE EXECUTIVE COMMITTEE,1,REP,CARLEE J. DITTMAR,4
Hancock,PRECINCT 16,STATE EXECUTIVE COMMITTEE,1,REP,CARLEE J. DITTMAR,1
Hancock,PRECINCT 17,STATE EXECUTIVE COMMITTEE,1,REP,CARLEE J. DITTMAR,12
Hancock,PRECINCT 19,STATE EXECUTIVE COMMITTEE,1,REP,CARLEE J. DITTMAR,5
Hancock,PRECINCT 20,STATE EXECUTIVE COMMITTEE,1,REP,CARLEE J. DITTMAR,11
Hancock,PRECINCT 21,STATE EXECUTIVE COMMITTEE,1,REP,CARLEE J. DITTMAR,6
Hancock,PRECINCT 22,STATE EXECUTIVE COMMITTEE,1,REP,CARLEE J. DITTMAR,0
Hancock,PRECINCT 23,STATE EXECUTIVE COMMITTEE,1,REP,CARLEE J. DITTMAR,2
Hancock,PRECINCT 24,STATE EXECUTIVE COMMITTEE,1,REP,CARLEE J. DITTMAR,5
Hancock,PRECINCT 25,STATE EXECUTIVE COMMITTEE,1,REP,CARLEE J. DITTMAR,11
Hancock,PRECINCT 27,STATE EXECUTIVE COMMITTEE,1,REP,CARLEE J. DITTMAR,7
Hancock,PRECINCT 28,STATE EXECUTIVE COMMITTEE,1,REP,CARLEE J. DITTMAR,8
Hancock,PRECINCT 1,STATE EXECUTIVE COMMITTEE,1,REP,DEANA PARRY,35
Hancock,PRECINCT 2,STATE EXECUTIVE COMMITTEE,1,REP,DEANA PARRY,35
Hancock,PRECINCT 3,STATE EXECUTIVE COMMITTEE,1,REP,DEANA PARRY,39
Hancock,PRECINCT 5,STATE EXECUTIVE COMMITTEE,1,REP,DEANA PARRY,27
Hancock,PRECINCT 6,STATE EXECUTIVE COMMITTEE,1,REP,DEANA PARRY,80
Hancock,PRECINCT 7,STATE EXECUTIVE COMMITTEE,1,REP,DEANA PARRY,26
Hancock,PRECINCT 8,STATE EXECUTIVE COMMITTEE,1,REP,DEANA PARRY,84
Hancock,PRECINCT 9,STATE EXECUTIVE COMMITTEE,1,REP,DEANA PARRY,61
Hancock,PRECINCT 10,STATE EXECUTIVE COMMITTEE,1,REP,DEANA PARRY,40
Hancock,PRECINCT 11,STATE EXECUTIVE COMMITTEE,1,REP,DEANA PARRY,50
Hancock,PRECINCT 12,STATE EXECUTIVE COMMITTEE,1,REP,DEANA PARRY,55
Hancock,PRECINCT 13,STATE EXECUTIVE COMMITTEE,1,REP,DEANA PARRY,42
Hancock,PRECINCT 14,STATE EXECUTIVE COMMITTEE,1,REP,DEANA PARRY,33
Hancock,PRECINCT 16,STATE EXECUTIVE COMMITTEE,1,REP,DEANA PARRY,10
Hancock,PRECINCT 17,STATE EXECUTIVE COMMITTEE,1,REP,DEANA PARRY,46
Hancock,PRECINCT 19,STATE EXECUTIVE COMMITTEE,1,REP,DEANA PARRY,40
Hancock,PRECINCT 20,STATE EXECUTIVE COMMITTEE,1,REP,DEANA PARRY,49
Hancock,PRECINCT 21,STATE EXECUTIVE COMMITTEE,1,REP,DEANA PARRY,29
Hancock,PRECINCT 22,STATE EXECUTIVE COMMITTEE,1,REP,DEANA PARRY,19
Hancock,PRECINCT 23,STATE EXECUTIVE COMMITTEE,1,REP,DEANA PARRY,20
Hancock,PRECINCT 24,STATE EXECUTIVE COMMITTEE,1,REP,DEANA PARRY,36
Hancock,PRECINCT 25,STATE EXECUTIVE COMMITTEE,1,REP,DEANA PARRY,58
Hancock,PRECINCT 27,STATE EXECUTIVE COMMITTEE,1,REP,DEANA PARRY,48
Hancock,PRECINCT 28,STATE EXECUTIVE COMMITTEE,1,REP,DEANA PARRY,48
Hancock,PRECINCT 1,STATE EXECUTIVE COMMITTEE,1,REP,ERIKKA STORCH,16
Hancock,PRECINCT 2,STATE EXECUTIVE COMMITTEE,1,REP,ERIKKA STORCH,9
Hancock,PRECINCT 3,STATE EXECUTIVE COMMITTEE,1,REP,ERIKKA STORCH,13
Hancock,PRECINCT 5,STATE EXECUTIVE COMMITTEE,1,REP,ERIKKA STORCH,9
Hancock,PRECINCT 6,STATE EXECUTIVE COMMITTEE,1,REP,ERIKKA STORCH,29
Hancock,PRECINCT 7,STATE EXECUTIVE COMMITTEE,1,REP,ERIKKA STORCH,12
Hancock,PRECINCT 8,STATE EXECUTIVE COMMITTEE,1,REP,ERIKKA STORCH,42
Hancock,PRECINCT 9,STATE EXECUTIVE COMMITTEE,1,REP,ERIKKA STORCH,17
Hancock,PRECINCT 10,STATE EXECUTIVE COMMITTEE,1,REP,ERIKKA STORCH,8
Hancock,PRECINCT 11,STATE EXECUTIVE COMMITTEE,1,REP,ERIKKA STORCH,19
Hancock,PRECINCT 12,STATE EXECUTIVE COMMITTEE,1,REP,ERIKKA STORCH,20
Hancock,PRECINCT 13,STATE EXECUTIVE COMMITTEE,1,REP,ERIKKA STORCH,14
Hancock,PRECINCT 14,STATE EXECUTIVE COMMITTEE,1,REP,ERIKKA STORCH,13
Hancock,PRECINCT 16,STATE EXECUTIVE COMMITTEE,1,REP,ERIKKA STORCH,8
Hancock,PRECINCT 17,STATE EXECUTIVE COMMITTEE,1,REP,ERIKKA STORCH,32
Hancock,PRECINCT 19,STATE EXECUTIVE COMMITTEE,1,REP,ERIKKA STORCH,18
Hancock,PRECINCT 20,STATE EXECUTIVE COMMITTEE,1,REP,ERIKKA STORCH,22
Hancock,PRECINCT 21,STATE EXECUTIVE COMMITTEE,1,REP,ERIKKA STORCH,13
Hancock,PRECINCT 22,STATE EXECUTIVE COMMITTEE,1,REP,ERIKKA STORCH,10
Hancock,PRECINCT 23,STATE EXECUTIVE COMMITTEE,1,REP,ERIKKA STORCH,14
Hancock,PRECINCT 24,STATE EXECUTIVE COMMITTEE,1,REP,ERIKKA STORCH,19
Hancock,PRECINCT 25,STATE EXECUTIVE COMMITTEE,1,REP,ERIKKA STORCH,19
Hancock,PRECINCT 27,STATE EXECUTIVE COMMITTEE,1,REP,ERIKKA STORCH,24
Hancock,PRECINCT 28,STATE EXECUTIVE COMMITTEE,1,REP,ERIKKA STORCH,15
Hancock,PRECINCT 1,STATE EXECUTIVE COMMITTEE,1,DEM,TEDDIE GROGAN,2
Hancock,PRECINCT 2,STATE EXECUTIVE COMMITTEE,1,DEM,TEDDIE GROGAN,14
Hancock,PRECINCT 3,STATE EXECUTIVE COMMITTEE,1,DEM,TEDDIE GROGAN,10
Hancock,PRECINCT 5,STATE EXECUTIVE COMMITTEE,1,DEM,TEDDIE GROGAN,7
Hancock,PRECINCT 6,STATE EXECUTIVE COMMITTEE,1,DEM,TEDDIE GROGAN,20
Hancock,PRECINCT 7,STATE EXECUTIVE COMMITTEE,1,DEM,TEDDIE GROGAN,2
Hancock,PRECINCT 8,STATE EXECUTIVE COMMITTEE,1,DEM,TEDDIE GROGAN,6
Hancock,PRECINCT 9,STATE EXECUTIVE COMMITTEE,1,DEM,TEDDIE GROGAN,11
Hancock,PRECINCT 10,STATE EXECUTIVE COMMITTEE,1,DEM,TEDDIE GROGAN,10
Hancock,PRECINCT 11,STATE EXECUTIVE COMMITTEE,1,DEM,TEDDIE GROGAN,9
Hancock,PRECINCT 12,STATE EXECUTIVE COMMITTEE,1,DEM,TEDDIE GROGAN,21
Hancock,PRECINCT 13,STATE EXECUTIVE COMMITTEE,1,DEM,TEDDIE GROGAN,11
Hancock,PRECINCT 14,STATE EXECUTIVE COMMITTEE,1,DEM,TEDDIE GROGAN,6
Hancock,PRECINCT 16,STATE EXECUTIVE COMMITTEE,1,DEM,TEDDIE GROGAN,7
Hancock,PRECINCT 17,STATE EXECUTIVE COMMITTEE,1,DEM,TEDDIE GROGAN,12
Hancock,PRECINCT 19,STATE EXECUTIVE COMMITTEE,1,DEM,TEDDIE GROGAN,4
Hancock,PRECINCT 20,STATE EXECUTIVE COMMITTEE,1,DEM,TEDDIE GROGAN,15
Hancock,PRECINCT 21,STATE EXECUTIVE COMMITTEE,1,DEM,TEDDIE GROGAN,12
Hancock,PRECINCT 22,STATE EXECUTIVE COMMITTEE,1,DEM,TEDDIE GROGAN,13
Hancock,PRECINCT 23,STATE EXECUTIVE COMMITTEE,1,DEM,TEDDIE GROGAN,12
Hancock,PRECINCT 24,STATE EXECUTIVE COMMITTEE,1,DEM,TEDDIE GROGAN,8
Hancock,PRECINCT 25,STATE EXECUTIVE COMMITTEE,1,DEM,TEDDIE GROGAN,19
Hancock,PRECINCT 27,STATE EXECUTIVE COMMITTEE,1,DEM,TEDDIE GROGAN,13
Hancock,PRECINCT 28,STATE EXECUTIVE COMMITTEE,1,DEM,TEDDIE GROGAN,14
Hancock,PRECINCT 1,STATE EXECUTIVE COMMITTEE,1,DEM,NATALIE CLINE,19
Hancock,PRECINCT 2,STATE EXECUTIVE COMMITTEE,1,DEM,NATALIE CLINE,27
Hancock,PRECINCT 3,STATE EXECUTIVE COMMITTEE,1,DEM,NATALIE CLINE,39
Hancock,PRECINCT 5,STATE EXECUTIVE COMMITTEE,1,DEM,NATALIE CLINE,15
Hancock,PRECINCT 6,STATE EXECUTIVE COMMITTEE,1,DEM,NATALIE CLINE,42
Hancock,PRECINCT 7,STATE EXECUTIVE COMMITTEE,1,DEM,NATALIE CLINE,16
Hancock,PRECINCT 8,STATE EXECUTIVE COMMITTEE,1,DEM,NATALIE CLINE,37
Hancock,PRECINCT 9,STATE EXECUTIVE COMMITTEE,1,DEM,NATALIE CLINE,26
Hancock,PRECINCT 10,STATE EXECUTIVE COMMITTEE,1,DEM,NATALIE CLINE,32
Hancock,PRECINCT 11,STATE EXECUTIVE COMMITTEE,1,DEM,NATALIE CLINE,28
Hancock,PRECINCT 12,STATE EXECUTIVE COMMITTEE,1,DEM,NATALIE CLINE,46
Hancock,PRECINCT 13,STATE EXECUTIVE COMMITTEE,1,DEM,NATALIE CLINE,25
Hancock,PRECINCT 14,STATE EXECUTIVE COMMITTEE,1,DEM,NATALIE CLINE,24
Hancock,PRECINCT 16,STATE EXECUTIVE COMMITTEE,1,DEM,NATALIE CLINE,15
Hancock,PRECINCT 17,STATE EXECUTIVE COMMITTEE,1,DEM,NATALIE CLINE,33
Hancock,PRECINCT 19,STATE EXECUTIVE COMMITTEE,1,DEM,NATALIE CLINE,30
Hancock,PRECINCT 20,STATE EXECUTIVE COMMITTEE,1,DEM,NATALIE CLINE,43
Hancock,PRECINCT 21,STATE EXECUTIVE COMMITTEE,1,DEM,NATALIE CLINE,39
Hancock,PRECINCT 22,STATE EXECUTIVE COMMITTEE,1,DEM,NATALIE CLINE,31
Hancock,PRECINCT 23,STATE EXECUTIVE COMMITTEE,1,DEM,NATALIE CLINE,28
Hancock,PRECINCT 24,STATE EXECUTIVE COMMITTEE,1,DEM,NATALIE CLINE,29
Hancock,PRECINCT 25,STATE EXECUTIVE COMMITTEE,1,DEM,NATALIE CLINE,69
Hancock,PRECINCT 27,STATE EXECUTIVE COMMITTEE,1,DEM,NATALIE CLINE,41
Hancock,PRECINCT 28,STATE EXECUTIVE COMMITTEE,1,DEM,NATALIE CLINE,45
Hancock,PRECINCT 1,STATE EXECUTIVE COMMITTEE,1,DEM,KATHY LINK,52
Hancock,PRECINCT 2,STATE EXECUTIVE COMMITTEE,1,DEM,KATHY LINK,46
Hancock,PRECINCT 3,STATE EXECUTIVE COMMITTEE,1,DEM,KATHY LINK,67
Hancock,PRECINCT 5,STATE EXECUTIVE COMMITTEE,1,DEM,KATHY LINK,26
Hancock,PRECINCT 6,STATE EXECUTIVE COMMITTEE,1,DEM,KATHY LINK,72
Hancock,PRECINCT 7,STATE EXECUTIVE COMMITTEE,1,DEM,KATHY LINK,32
Hancock,PRECINCT 8,STATE EXECUTIVE COMMITTEE,1,DEM,KATHY LINK,73
Hancock,PRECINCT 9,STATE EXECUTIVE COMMITTEE,1,DEM,KATHY LINK,57
Hancock,PRECINCT 10,STATE EXECUTIVE COMMITTEE,1,DEM,KATHY LINK,69
Hancock,PRECINCT 11,STATE EXECUTIVE COMMITTEE,1,DEM,KATHY LINK,39
Hancock,PRECINCT 12,STATE EXECUTIVE COMMITTEE,1,DEM,KATHY LINK,91
Hancock,PRECINCT 13,STATE EXECUTIVE COMMITTEE,1,DEM,KATHY LINK,58
Hancock,PRECINCT 14,STATE EXECUTIVE COMMITTEE,1,DEM,KATHY LINK,46
Hancock,PRECINCT 16,STATE EXECUTIVE COMMITTEE,1,DEM,KATHY LINK,45
Hancock,PRECINCT 17,STATE EXECUTIVE COMMITTEE,1,DEM,KATHY LINK,78
Hancock,PRECINCT 19,STATE EXECUTIVE COMMITTEE,1,DEM,KATHY LINK,50
Hancock,PRECINCT 20,STATE EXECUTIVE COMMITTEE,1,DEM,KATHY LINK,90
Hancock,PRECINCT 21,STATE EXECUTIVE COMMITTEE,1,DEM,KATHY LINK,67
Hancock,PRECINCT 22,STATE EXECUTIVE COMMITTEE,1,DEM,KATHY LINK,63
Hancock,PRECINCT 23,STATE EXECUTIVE COMMITTEE,1,DEM,KATHY LINK,43
Hancock,PRECINCT 24,STATE EXECUTIVE COMMITTEE,1,DEM,KATHY LINK,58
Hancock,PRECINCT 25,STATE EXECUTIVE COMMITTEE,1,DEM,KATHY LINK,132
Hancock,PRECINCT 27,STATE EXECUTIVE COMMITTEE,1,DEM,KATHY LINK,78
Hancock,PRECINCT 28,STATE EXECUTIVE COMMITTEE,1,DEM,KATHY LINK,63
Hancock,PRECINCT 1,STATE EXECUTIVE COMMITTEE,1,REP,GREGORY WILLIAM SMITH,23
Hancock,PRECINCT 2,STATE EXECUTIVE COMMITTEE,1,REP,GREGORY WILLIAM SMITH,13
Hancock,PRECINCT 3,STATE EXECUTIVE COMMITTEE,1,REP,GREGORY WILLIAM SMITH,21
Hancock,PRECINCT 5,STATE EXECUTIVE COMMITTEE,1,REP,GREGORY WILLIAM SMITH,11
Hancock,PRECINCT 6,STATE EXECUTIVE COMMITTEE,1,REP,GREGORY WILLIAM SMITH,38
Hancock,PRECINCT 7,STATE EXECUTIVE COMMITTEE,1,REP,GREGORY WILLIAM SMITH,13
Hancock,PRECINCT 8,STATE EXECUTIVE COMMITTEE,1,REP,GREGORY WILLIAM SMITH,39
Hancock,PRECINCT 9,STATE EXECUTIVE COMMITTEE,1,REP,GREGORY WILLIAM SMITH,24
Hancock,PRECINCT 10,STATE EXECUTIVE COMMITTEE,1,REP,GREGORY WILLIAM SMITH,11
Hancock,PRECINCT 11,STATE EXECUTIVE COMMITTEE,1,REP,GREGORY WILLIAM SMITH,28
Hancock,PRECINCT 12,STATE EXECUTIVE COMMITTEE,1,REP,GREGORY WILLIAM SMITH,19
Hancock,PRECINCT 13,STATE EXECUTIVE COMMITTEE,1,REP,GREGORY WILLIAM SMITH,16
Hancock,PRECINCT 14,STATE EXECUTIVE COMMITTEE,1,REP,GREGORY WILLIAM SMITH,12
Hancock,PRECINCT 16,STATE EXECUTIVE COMMITTEE,1,REP,GREGORY WILLIAM SMITH,4
Hancock,PRECINCT 17,STATE EXECUTIVE COMMITTEE,1,REP,GREGORY WILLIAM SMITH,19
Hancock,PRECINCT 19,STATE EXECUTIVE COMMITTEE,1,REP,GREGORY WILLIAM SMITH,11
Hancock,PRECINCT 20,STATE EXECUTIVE COMMITTEE,1,REP,GREGORY WILLIAM SMITH,19
Hancock,PRECINCT 21,STATE EXECUTIVE COMMITTEE,1,REP,GREGORY WILLIAM SMITH,15
Hancock,PRECINCT 22,STATE EXECUTIVE COMMITTEE,1,REP,GREGORY WILLIAM SMITH,8
Hancock,PRECINCT 23,STATE EXECUTIVE COMMITTEE,1,REP,GREGORY WILLIAM SMITH,12
Hancock,PRECINCT 24,STATE EXECUTIVE COMMITTEE,1,REP,GREGORY WILLIAM SMITH,11
Hancock,PRECINCT 25,STATE EXECUTIVE COMMITTEE,1,REP,GREGORY WILLIAM SMITH,22
Hancock,PRECINCT 27,STATE EXECUTIVE COMMITTEE,1,REP,GREGORY WILLIAM SMITH,9
Hancock,PRECINCT 28,STATE EXECUTIVE COMMITTEE,1,REP,GREGORY WILLIAM SMITH,9
Hancock,PRECINCT 1,STATE EXECUTIVE COMMITTEE,1,REP,TOMMY OGDEN,72
Hancock,PRECINCT 2,STATE EXECUTIVE COMMITTEE,1,REP,TOMMY OGDEN,76
Hancock,PRECINCT 3,STATE EXECUTIVE COMMITTEE,1,REP,TOMMY OGDEN,112
Hancock,PRECINCT 5,STATE EXECUTIVE COMMITTEE,1,REP,TOMMY OGDEN,65
Hancock,PRECINCT 6,STATE EXECUTIVE COMMITTEE,1,REP,TOMMY OGDEN,178
Hancock,PRECINCT 7,STATE EXECUTIVE COMMITTEE,1,REP,TOMMY OGDEN,66
Hancock,PRECINCT 8,STATE EXECUTIVE COMMITTEE,1,REP,TOMMY OGDEN,197
Hancock,PRECINCT 9,STATE EXECUTIVE COMMITTEE,1,REP,TOMMY OGDEN,154
Hancock,PRECINCT 10,STATE EXECUTIVE COMMITTEE,1,REP,TOMMY OGDEN,71
Hancock,PRECINCT 11,STATE EXECUTIVE COMMITTEE,1,REP,TOMMY OGDEN,136
Hancock,PRECINCT 12,STATE EXECUTIVE COMMITTEE,1,REP,TOMMY OGDEN,130
Hancock,PRECINCT 13,STATE EXECUTIVE COMMITTEE,1,REP,TOMMY OGDEN,82
Hancock,PRECINCT 14,STATE EXECUTIVE COMMITTEE,1,REP,TOMMY OGDEN,69
Hancock,PRECINCT 16,STATE EXECUTIVE COMMITTEE,1,REP,TOMMY OGDEN,28
Hancock,PRECINCT 17,STATE EXECUTIVE COMMITTEE,1,REP,TOMMY OGDEN,117
Hancock,PRECINCT 19,STATE EXECUTIVE COMMITTEE,1,REP,TOMMY OGDEN,83
Hancock,PRECINCT 20,STATE EXECUTIVE COMMITTEE,1,REP,TOMMY OGDEN,117
Hancock,PRECINCT 21,STATE EXECUTIVE COMMITTEE,1,REP,TOMMY OGDEN,69
Hancock,PRECINCT 22,STATE EXECUTIVE COMMITTEE,1,REP,TOMMY OGDEN,55
Hancock,PRECINCT 23,STATE EXECUTIVE COMMITTEE,1,REP,TOMMY OGDEN,51
Hancock,PRECINCT 24,STATE EXECUTIVE COMMITTEE,1,REP,TOMMY OGDEN,80
Hancock,PRECINCT 25,STATE EXECUTIVE COMMITTEE,1,REP,TOMMY OGDEN,137
Hancock,PRECINCT 27,STATE EXECUTIVE COMMITTEE,1,REP,TOMMY OGDEN,120
Hancock,PRECINCT 28,STATE EXECUTIVE COMMITTEE,1,REP,TOMMY OGDEN,78
Hancock,PRECINCT 1,STATE EXECUTIVE COMMITTEE,1,REP,DOLPH SANTORINE,3
Hancock,PRECINCT 2,STATE EXECUTIVE COMMITTEE,1,REP,DOLPH SANTORINE,5
Hancock,PRECINCT 3,STATE EXECUTIVE COMMITTEE,1,REP,DOLPH SANTORINE,7
Hancock,PRECINCT 5,STATE EXECUTIVE COMMITTEE,1,REP,DOLPH SANTORINE,3
Hancock,PRECINCT 6,STATE EXECUTIVE COMMITTEE,1,REP,DOLPH SANTORINE,8
Hancock,PRECINCT 7,STATE EXECUTIVE COMMITTEE,1,REP,DOLPH SANTORINE,6
Hancock,PRECINCT 8,STATE EXECUTIVE COMMITTEE,1,REP,DOLPH SANTORINE,19
Hancock,PRECINCT 9,STATE EXECUTIVE COMMITTEE,1,REP,DOLPH SANTORINE,9
Hancock,PRECINCT 10,STATE EXECUTIVE COMMITTEE,1,REP,DOLPH SANTORINE,5
Hancock,PRECINCT 11,STATE EXECUTIVE COMMITTEE,1,REP,DOLPH SANTORINE,18
Hancock,PRECINCT 12,STATE EXECUTIVE COMMITTEE,1,REP,DOLPH SANTORINE,17
Hancock,PRECINCT 13,STATE EXECUTIVE COMMITTEE,1,REP,DOLPH SANTORINE,10
Hancock,PRECINCT 14,STATE EXECUTIVE COMMITTEE,1,REP,DOLPH SANTORINE,8
Hancock,PRECINCT 16,STATE EXECUTIVE COMMITTEE,1,REP,DOLPH SANTORINE,5
Hancock,PRECINCT 17,STATE EXECUTIVE COMMITTEE,1,REP,DOLPH SANTORINE,10
Hancock,PRECINCT 19,STATE EXECUTIVE COMMITTEE,1,REP,DOLPH SANTORINE,10
Hancock,PRECINCT 20,STATE EXECUTIVE COMMITTEE,1,REP,DOLPH SANTORINE,11
Hancock,PRECINCT 21,STATE EXECUTIVE COMMITTEE,1,REP,DOLPH SANTORINE,13
Hancock,PRECINCT 22,STATE EXECUTIVE COMMITTEE,1,REP,DOLPH SANTORINE,10
Hancock,PRECINCT 23,STATE EXECUTIVE COMMITTEE,1,REP,DOLPH SANTORINE,6
Hancock,PRECINCT 24,STATE EXECUTIVE COMMITTEE,1,REP,DOLPH SANTORINE,13
Hancock,PRECINCT 25,STATE EXECUTIVE COMMITTEE,1,REP,DOLPH SANTORINE,21
Hancock,PRECINCT 27,STATE EXECUTIVE COMMITTEE,1,REP,DOLPH SANTORINE,15
Hancock,PRECINCT 28,STATE EXECUTIVE COMMITTEE,1,REP,DOLPH SANTORINE,14
Hancock,PRECINCT 1,STATE EXECUTIVE COMMITTEE,1,REP,DAVID M. QUINLIN,11
Hancock,PRECINCT 2,STATE EXECUTIVE COMMITTEE,1,REP,DAVID M. QUINLIN,19
Hancock,PRECINCT 3,STATE EXECUTIVE COMMITTEE,1,REP,DAVID M. QUINLIN,22
Hancock,PRECINCT 5,STATE EXECUTIVE COMMITTEE,1,REP,DAVID M. QUINLIN,14
Hancock,PRECINCT 6,STATE EXECUTIVE COMMITTEE,1,REP,DAVID M. QUINLIN,34
Hancock,PRECINCT 7,STATE EXECUTIVE COMMITTEE,1,REP,DAVID M. QUINLIN,8
Hancock,PRECINCT 8,STATE EXECUTIVE COMMITTEE,1,REP,DAVID M. QUINLIN,27
Hancock,PRECINCT 9,STATE EXECUTIVE COMMITTEE,1,REP,DAVID M. QUINLIN,20
Hancock,PRECINCT 10,STATE EXECUTIVE COMMITTEE,1,REP,DAVID M. QUINLIN,10
Hancock,PRECINCT 11,STATE EXECUTIVE COMMITTEE,1,REP,DAVID M. QUINLIN,18
Hancock,PRECINCT 12,STATE EXECUTIVE COMMITTEE,1,REP,DAVID M. QUINLIN,21
Hancock,PRECINCT 13,STATE EXECUTIVE COMMITTEE,1,REP,DAVID M. QUINLIN,13
Hancock,PRECINCT 14,STATE EXECUTIVE COMMITTEE,1,REP,DAVID M. QUINLIN,8
Hancock,PRECINCT 16,STATE EXECUTIVE COMMITTEE,1,REP,DAVID M. QUINLIN,6
Hancock,PRECINCT 17,STATE EXECUTIVE COMMITTEE,1,REP,DAVID M. QUINLIN,15
Hancock,PRECINCT 19,STATE EXECUTIVE COMMITTEE,1,REP,DAVID M. QUINLIN,18
Hancock,PRECINCT 20,STATE EXECUTIVE COMMITTEE,1,REP,DAVID M. QUINLIN,24
Hancock,PRECINCT 21,STATE EXECUTIVE COMMITTEE,1,REP,DAVID M. QUINLIN,12
Hancock,PRECINCT 22,STATE EXECUTIVE COMMITTEE,1,REP,DAVID M. QUINLIN,10
Hancock,PRECINCT 23,STATE EXECUTIVE COMMITTEE,1,REP,DAVID M. QUINLIN,5
Hancock,PRECINCT 24,STATE EXECUTIVE COMMITTEE,1,REP,DAVID M. QUINLIN,16
Hancock,PRECINCT 25,STATE EXECUTIVE COMMITTEE,1,REP,DAVID M. QUINLIN,19
Hancock,PRECINCT 27,STATE EXECUTIVE COMMITTEE,1,REP,DAVID M. QUINLIN,21
Hancock,PRECINCT 28,STATE EXECUTIVE COMMITTEE,1,REP,DAVID M. QUINLIN,10
Hancock,PRECINCT 1,STATE EXECUTIVE COMMITTEE,1,REP,MARK A. KEPPLE,12
Hancock,PRECINCT 2,STATE EXECUTIVE COMMITTEE,1,REP,MARK A. KEPPLE,10
Hancock,PRECINCT 3,STATE EXECUTIVE COMMITTEE,1,REP,MARK A. KEPPLE,16
Hancock,PRECINCT 5,STATE EXECUTIVE COMMITTEE,1,REP,MARK A. KEPPLE,11
Hancock,PRECINCT 6,STATE EXECUTIVE COMMITTEE,1,REP,MARK A. KEPPLE,24
Hancock,PRECINCT 7,STATE EXECUTIVE COMMITTEE,1,REP,MARK A. KEPPLE,6
Hancock,PRECINCT 8,STATE EXECUTIVE COMMITTEE,1,REP,MARK A. KEPPLE,20
Hancock,PRECINCT 9,STATE EXECUTIVE COMMITTEE,1,REP,MARK A. KEPPLE,16
Hancock,PRECINCT 10,STATE EXECUTIVE COMMITTEE,1,REP,MARK A. KEPPLE,10
Hancock,PRECINCT 11,STATE EXECUTIVE COMMITTEE,1,REP,MARK A. KEPPLE,12
Hancock,PRECINCT 12,STATE EXECUTIVE COMMITTEE,1,REP,MARK A. KEPPLE,19
Hancock,PRECINCT 13,STATE EXECUTIVE COMMITTEE,1,REP,MARK A. KEPPLE,6
Hancock,PRECINCT 14,STATE EXECUTIVE COMMITTEE,1,REP,MARK A. KEPPLE,10
Hancock,PRECINCT 16,STATE EXECUTIVE COMMITTEE,1,REP,MARK A. KEPPLE,5
Hancock,PRECINCT 17,STATE EXECUTIVE COMMITTEE,1,REP,MARK A. KEPPLE,11
Hancock,PRECINCT 19,STATE EXECUTIVE COMMITTEE,1,REP,MARK A. KEPPLE,16
Hancock,PRECINCT 20,STATE EXECUTIVE COMMITTEE,1,REP,MARK A. KEPPLE,11
Hancock,PRECINCT 21,STATE EXECUTIVE COMMITTEE,1,REP,MARK A. KEPPLE,7
Hancock,PRECINCT 22,STATE EXECUTIVE COMMITTEE,1,REP,MARK A. KEPPLE,6
Hancock,PRECINCT 23,STATE EXECUTIVE COMMITTEE,1,REP,MARK A. KEPPLE,9
Hancock,PRECINCT 24,STATE EXECUTIVE COMMITTEE,1,REP,MARK A. KEPPLE,10
Hancock,PRECINCT 25,STATE EXECUTIVE COMMITTEE,1,REP,MARK A. KEPPLE,10
Hancock,PRECINCT 27,STATE EXECUTIVE COMMITTEE,1,REP,MARK A. KEPPLE,13
Hancock,PRECINCT 28,STATE EXECUTIVE COMMITTEE,1,REP,MARK A. KEPPLE,16
Hancock,PRECINCT 1,STATE EXECUTIVE COMMITTEE,1,REP,ROBERT LUCHETTI,5
Hancock,PRECINCT 2,STATE EXECUTIVE COMMITTEE,1,REP,ROBERT LUCHETTI,9
Hancock,PRECINCT 3,STATE EXECUTIVE COMMITTEE,1,REP,ROBERT LUCHETTI,13
Hancock,PRECINCT 5,STATE EXECUTIVE COMMITTEE,1,REP,ROBERT LUCHETTI,8
Hancock,PRECINCT 6,STATE EXECUTIVE COMMITTEE,1,REP,ROBERT LUCHETTI,17
Hancock,PRECINCT 7,STATE EXECUTIVE COMMITTEE,1,REP,ROBERT LUCHETTI,12
Hancock,PRECINCT 8,STATE EXECUTIVE COMMITTEE,1,REP,ROBERT LUCHETTI,21
Hancock,PRECINCT 9,STATE EXECUTIVE COMMITTEE,1,REP,ROBERT LUCHETTI,11
Hancock,PRECINCT 10,STATE EXECUTIVE COMMITTEE,1,REP,ROBERT LUCHETTI,9
Hancock,PRECINCT 11,STATE EXECUTIVE COMMITTEE,1,REP,ROBERT LUCHETTI,17
Hancock,PRECINCT 12,STATE EXECUTIVE COMMITTEE,1,REP,ROBERT LUCHETTI,8
Hancock,PRECINCT 13,STATE EXECUTIVE COMMITTEE,1,REP,ROBERT LUCHETTI,11
Hancock,PRECINCT 14,STATE EXECUTIVE COMMITTEE,1,REP,ROBERT LUCHETTI,7
Hancock,PRECINCT 16,STATE EXECUTIVE COMMITTEE,1,REP,ROBERT LUCHETTI,2
Hancock,PRECINCT 17,STATE EXECUTIVE COMMITTEE,1,REP,ROBERT LUCHETTI,11
Hancock,PRECINCT 19,STATE EXECUTIVE COMMITTEE,1,REP,ROBERT LUCHETTI,11
Hancock,PRECINCT 20,STATE EXECUTIVE COMMITTEE,1,REP,ROBERT LUCHETTI,10
Hancock,PRECINCT 21,STATE EXECUTIVE COMMITTEE,1,REP,ROBERT LUCHETTI,5
Hancock,PRECINCT 22,STATE EXECUTIVE COMMITTEE,1,REP,ROBERT LUCHETTI,7
Hancock,PRECINCT 23,STATE EXECUTIVE COMMITTEE,1,REP,ROBERT LUCHETTI,9
Hancock,PRECINCT 24,STATE EXECUTIVE COMMITTEE,1,REP,ROBERT LUCHETTI,5
Hancock,PRECINCT 25,STATE EXECUTIVE COMMITTEE,1,REP,ROBERT LUCHETTI,15
Hancock,PRECINCT 27,STATE EXECUTIVE COMMITTEE,1,REP,ROBERT LUCHETTI,23
Hancock,PRECINCT 28,STATE EXECUTIVE COMMITTEE,1,REP,ROBERT LUCHETTI,14
Hancock,PRECINCT 1,STATE EXECUTIVE COMMITTEE,1,DEM,CHARLES IHLENFELD,17
Hancock,PRECINCT 2,STATE EXECUTIVE COMMITTEE,1,DEM,CHARLES IHLENFELD,29
Hancock,PRECINCT 3,STATE EXECUTIVE COMMITTEE,1,DEM,CHARLES IHLENFELD,28
Hancock,PRECINCT 5,STATE EXECUTIVE COMMITTEE,1,DEM,CHARLES IHLENFELD,13
Hancock,PRECINCT 6,STATE EXECUTIVE COMMITTEE,1,DEM,CHARLES IHLENFELD,43
Hancock,PRECINCT 7,STATE EXECUTIVE COMMITTEE,1,DEM,CHARLES IHLENFELD,13
Hancock,PRECINCT 8,STATE EXECUTIVE COMMITTEE,1,DEM,CHARLES IHLENFELD,37
Hancock,PRECINCT 9,STATE EXECUTIVE COMMITTEE,1,DEM,CHARLES IHLENFELD,29
Hancock,PRECINCT 10,STATE EXECUTIVE COMMITTEE,1,DEM,CHARLES IHLENFELD,36
Hancock,PRECINCT 11,STATE EXECUTIVE COMMITTEE,1,DEM,CHARLES IHLENFELD,31
Hancock,PRECINCT 12,STATE EXECUTIVE COMMITTEE,1,DEM,CHARLES IHLENFELD,63
Hancock,PRECINCT 13,STATE EXECUTIVE COMMITTEE,1,DEM,CHARLES IHLENFELD,26
Hancock,PRECINCT 14,STATE EXECUTIVE COMMITTEE,1,DEM,CHARLES IHLENFELD,24
Hancock,PRECINCT 16,STATE EXECUTIVE COMMITTEE,1,DEM,CHARLES IHLENFELD,18
Hancock,PRECINCT 17,STATE EXECUTIVE COMMITTEE,1,DEM,CHARLES IHLENFELD,41
Hancock,PRECINCT 19,STATE EXECUTIVE COMMITTEE,1,DEM,CHARLES IHLENFELD,32
Hancock,PRECINCT 20,STATE EXECUTIVE COMMITTEE,1,DEM,CHARLES IHLENFELD,65
Hancock,PRECINCT 21,STATE EXECUTIVE COMMITTEE,1,DEM,CHARLES IHLENFELD,41
Hancock,PRECINCT 22,STATE EXECUTIVE COMMITTEE,1,DEM,CHARLES IHLENFELD,40
Hancock,PRECINCT 23,STATE EXECUTIVE COMMITTEE,1,DEM,CHARLES IHLENFELD,23
Hancock,PRECINCT 24,STATE EXECUTIVE COMMITTEE,1,DEM,CHARLES IHLENFELD,33
Hancock,PRECINCT 25,STATE EXECUTIVE COMMITTEE,1,DEM,CHARLES IHLENFELD,71
Hancock,PRECINCT 27,STATE EXECUTIVE COMMITTEE,1,DEM,CHARLES IHLENFELD,43
Hancock,PRECINCT 28,STATE EXECUTIVE COMMITTEE,1,DEM,CHARLES IHLENFELD,38
Hancock,PRECINCT 1,STATE EXECUTIVE COMMITTEE,1,DEM,THOMAS H HOFFMAN JR.,12
Hancock,PRECINCT 2,STATE EXECUTIVE COMMITTEE,1,DEM,THOMAS H HOFFMAN JR.,11
Hancock,PRECINCT 3,STATE EXECUTIVE COMMITTEE,1,DEM,THOMAS H HOFFMAN JR.,14
Hancock,PRECINCT 5,STATE EXECUTIVE COMMITTEE,1,DEM,THOMAS H HOFFMAN JR.,10
Hancock,PRECINCT 6,STATE EXECUTIVE COMMITTEE,1,DEM,THOMAS H HOFFMAN JR.,13
Hancock,PRECINCT 7,STATE EXECUTIVE COMMITTEE,1,DEM,THOMAS H HOFFMAN JR.,3
Hancock,PRECINCT 8,STATE EXECUTIVE COMMITTEE,1,DEM,THOMAS H HOFFMAN JR.,12
Hancock,PRECINCT 9,STATE EXECUTIVE COMMITTEE,1,DEM,THOMAS H HOFFMAN JR.,11
Hancock,PRECINCT 10,STATE EXECUTIVE COMMITTEE,1,DEM,THOMAS H HOFFMAN JR.,13
Hancock,PRECINCT 11,STATE EXECUTIVE COMMITTEE,1,DEM,THOMAS H HOFFMAN JR.,5
Hancock,PRECINCT 12,STATE EXECUTIVE COMMITTEE,1,DEM,THOMAS H HOFFMAN JR.,9
Hancock,PRECINCT 13,STATE EXECUTIVE COMMITTEE,1,DEM,THOMAS H HOFFMAN JR.,10
Hancock,PRECINCT 14,STATE EXECUTIVE COMMITTEE,1,DEM,THOMAS H HOFFMAN JR.,7
Hancock,PRECINCT 16,STATE EXECUTIVE COMMITTEE,1,DEM,THOMAS H HOFFMAN JR.,4
Hancock,PRECINCT 17,STATE EXECUTIVE COMMITTEE,1,DEM,THOMAS H HOFFMAN JR.,4
Hancock,PRECINCT 19,STATE EXECUTIVE COMMITTEE,1,DEM,THOMAS H HOFFMAN JR.,6
Hancock,PRECINCT 20,STATE EXECUTIVE COMMITTEE,1,DEM,THOMAS H HOFFMAN JR.,15
Hancock,PRECINCT 21,STATE EXECUTIVE COMMITTEE,1,DEM,THOMAS H HOFFMAN JR.,15
Hancock,PRECINCT 22,STATE EXECUTIVE COMMITTEE,1,DEM,THOMAS H HOFFMAN JR.,0
Hancock,PRECINCT 23,STATE EXECUTIVE COMMITTEE,1,DEM,THOMAS H HOFFMAN JR.,8
Hancock,PRECINCT 24,STATE EXECUTIVE COMMITTEE,1,DEM,THOMAS H HOFFMAN JR.,4
Hancock,PRECINCT 25,STATE EXECUTIVE COMMITTEE,1,DEM,THOMAS H HOFFMAN JR.,15
Hancock,PRECINCT 27,STATE EXECUTIVE COMMITTEE,1,DEM,THOMAS H HOFFMAN JR.,7
Hancock,PRECINCT 28,STATE EXECUTIVE COMMITTEE,1,DEM,THOMAS H HOFFMAN JR.,7
Hancock,PRECINCT 1,STATE EXECUTIVE COMMITTEE,1,DEM,MICHAEL TRAUBERT,40
Hancock,PRECINCT 2,STATE EXECUTIVE COMMITTEE,1,DEM,MICHAEL TRAUBERT,34
Hancock,PRECINCT 3,STATE EXECUTIVE COMMITTEE,1,DEM,MICHAEL TRAUBERT,43
Hancock,PRECINCT 5,STATE EXECUTIVE COMMITTEE,1,DEM,MICHAEL TRAUBERT,14
Hancock,PRECINCT 6,STATE EXECUTIVE COMMITTEE,1,DEM,MICHAEL TRAUBERT,48
Hancock,PRECINCT 7,STATE EXECUTIVE COMMITTEE,1,DEM,MICHAEL TRAUBERT,24
Hancock,PRECINCT 8,STATE EXECUTIVE COMMITTEE,1,DEM,MICHAEL TRAUBERT,47
Hancock,PRECINCT 9,STATE EXECUTIVE COMMITTEE,1,DEM,MICHAEL TRAUBERT,43
Hancock,PRECINCT 10,STATE EXECUTIVE COMMITTEE,1,DEM,MICHAEL TRAUBERT,50
Hancock,PRECINCT 11,STATE EXECUTIVE COMMITTEE,1,DEM,MICHAEL TRAUBERT,26
Hancock,PRECINCT 12,STATE EXECUTIVE COMMITTEE,1,DEM,MICHAEL TRAUBERT,73
Hancock,PRECINCT 13,STATE EXECUTIVE COMMITTEE,1,DEM,MICHAEL TRAUBERT,45
Hancock,PRECINCT 14,STATE EXECUTIVE COMMITTEE,1,DEM,MICHAEL TRAUBERT,30
Hancock,PRECINCT 16,STATE EXECUTIVE COMMITTEE,1,DEM,MICHAEL TRAUBERT,32
Hancock,PRECINCT 17,STATE EXECUTIVE COMMITTEE,1,DEM,MICHAEL TRAUBERT,63
Hancock,PRECINCT 19,STATE EXECUTIVE COMMITTEE,1,DEM,MICHAEL TRAUBERT,43
Hancock,PRECINCT 20,STATE EXECUTIVE COMMITTEE,1,DEM,MICHAEL TRAUBERT,70
Hancock,PRECINCT 21,STATE EXECUTIVE COMMITTEE,1,DEM,MICHAEL TRAUBERT,50
Hancock,PRECINCT 22,STATE EXECUTIVE COMMITTEE,1,DEM,MICHAEL TRAUBERT,49
Hancock,PRECINCT 23,STATE EXECUTIVE COMMITTEE,1,DEM,MICHAEL TRAUBERT,39
Hancock,PRECINCT 24,STATE EXECUTIVE COMMITTEE,1,DEM,MICHAEL TRAUBERT,52
Hancock,PRECINCT 25,STATE EXECUTIVE COMMITTEE,1,DEM,MICHAEL TRAUBERT,99
Hancock,PRECINCT 27,STATE EXECUTIVE COMMITTEE,1,DEM,MICHAEL TRAUBERT,67
Hancock,PRECINCT 28,STATE EXECUTIVE COMMITTEE,1,DEM,MICHAEL TRAUBERT,60
Hancock,PRECINCT 1,STATE EXECUTIVE COMMITTEE,1,DEM,JASON MONROE,10
Hancock,PRECINCT 2,STATE EXECUTIVE COMMITTEE,1,DEM,JASON MONROE,13
Hancock,PRECINCT 3,STATE EXECUTIVE COMMITTEE,1,DEM,JASON MONROE,26
Hancock,PRECINCT 5,STATE EXECUTIVE COMMITTEE,1,DEM,JASON MONROE,6
Hancock,PRECINCT 6,STATE EXECUTIVE COMMITTEE,1,DEM,JASON MONROE,23
Hancock,PRECINCT 7,STATE EXECUTIVE COMMITTEE,1,DEM,JASON MONROE,13
Hancock,PRECINCT 8,STATE EXECUTIVE COMMITTEE,1,DEM,JASON MONROE,22
Hancock,PRECINCT 9,STATE EXECUTIVE COMMITTEE,1,DEM,JASON MONROE,12
Hancock,PRECINCT 10,STATE EXECUTIVE COMMITTEE,1,DEM,JASON MONROE,11
Hancock,PRECINCT 11,STATE EXECUTIVE COMMITTEE,1,DEM,JASON MONROE,8
Hancock,PRECINCT 12,STATE EXECUTIVE COMMITTEE,1,DEM,JASON MONROE,14
Hancock,PRECINCT 13,STATE EXECUTIVE COMMITTEE,1,DEM,JASON MONROE,11
Hancock,PRECINCT 14,STATE EXECUTIVE COMMITTEE,1,DEM,JASON MONROE,9
Hancock,PRECINCT 16,STATE EXECUTIVE COMMITTEE,1,DEM,JASON MONROE,11
Hancock,PRECINCT 17,STATE EXECUTIVE COMMITTEE,1,DEM,JASON MONROE,11
Hancock,PRECINCT 19,STATE EXECUTIVE COMMITTEE,1,DEM,JASON MONROE,10
Hancock,PRECINCT 20,STATE EXECUTIVE COMMITTEE,1,DEM,JASON MONROE,8
Hancock,PRECINCT 21,STATE EXECUTIVE COMMITTEE,1,DEM,JASON MONROE,17
Hancock,PRECINCT 22,STATE EXECUTIVE COMMITTEE,1,DEM,JASON MONROE,13
Hancock,PRECINCT 23,STATE EXECUTIVE COMMITTEE,1,DEM,JASON MONROE,11
Hancock,PRECINCT 24,STATE EXECUTIVE COMMITTEE,1,DEM,JASON MONROE,13
Hancock,PRECINCT 25,STATE EXECUTIVE COMMITTEE,1,DEM,JASON MONROE,20
Hancock,PRECINCT 27,STATE EXECUTIVE COMMITTEE,1,DEM,JASON MONROE,13
Hancock,PRECINCT 28,STATE EXECUTIVE COMMITTEE,1,DEM,JASON MONROE,12
Hancock,PRECINCT 1,REP FOR CIRCUIT CLERK,,REP,FREDERICK JOHN MARELLO JR.,5
Hancock,PRECINCT 2,REP FOR CIRCUIT CLERK,,REP,FREDERICK JOHN MARELLO JR.,11
Hancock,PRECINCT 3,REP FOR CIRCUIT CLERK,,REP,FREDERICK JOHN MARELLO JR.,17
Hancock,PRECINCT 5,REP FOR CIRCUIT CLERK,,REP,FREDERICK JOHN MARELLO JR.,6
Hancock,PRECINCT 6,REP FOR CIRCUIT CLERK,,REP,FREDERICK JOHN MARELLO JR.,16
Hancock,PRECINCT 7,REP FOR CIRCUIT CLERK,,REP,FREDERICK JOHN MARELLO JR.,10
Hancock,PRECINCT 8,REP FOR CIRCUIT CLERK,,REP,FREDERICK JOHN MARELLO JR.,18
Hancock,PRECINCT 9,REP FOR CIRCUIT CLERK,,REP,FREDERICK JOHN MARELLO JR.,24
Hancock,PRECINCT 10,REP FOR CIRCUIT CLERK,,REP,FREDERICK JOHN MARELLO JR.,11
Hancock,PRECINCT 11,REP FOR CIRCUIT CLERK,,REP,FREDERICK JOHN MARELLO JR.,24
Hancock,PRECINCT 12,REP FOR CIRCUIT CLERK,,REP,FREDERICK JOHN MARELLO JR.,51
Hancock,PRECINCT 13,REP FOR CIRCUIT CLERK,,REP,FREDERICK JOHN MARELLO JR.,44
Hancock,PRECINCT 14,REP FOR CIRCUIT CLERK,,REP,FREDERICK JOHN MARELLO JR.,51
Hancock,PRECINCT 16,REP FOR CIRCUIT CLERK,,REP,FREDERICK JOHN MARELLO JR.,16
Hancock,PRECINCT 17,REP FOR CIRCUIT CLERK,,REP,FREDERICK JOHN MARELLO JR.,71
Hancock,PRECINCT 19,REP FOR CIRCUIT CLERK,,REP,FREDERICK JOHN MARELLO JR.,46
Hancock,PRECINCT 20,REP FOR CIRCUIT CLERK,,REP,FREDERICK JOHN MARELLO JR.,60
Hancock,PRECINCT 21,REP FOR CIRCUIT CLERK,,REP,FREDERICK JOHN MARELLO JR.,41
Hancock,PRECINCT 22,REP FOR CIRCUIT CLERK,,REP,FREDERICK JOHN MARELLO JR.,31
Hancock,PRECINCT 23,REP FOR CIRCUIT CLERK,,REP,FREDERICK JOHN MARELLO JR.,28
Hancock,PRECINCT 24,REP FOR CIRCUIT CLERK,,REP,FREDERICK JOHN MARELLO JR.,55
Hancock,PRECINCT 25,REP FOR CIRCUIT CLERK,,REP,FREDERICK JOHN MARELLO JR.,96
Hancock,PRECINCT 27,REP FOR CIRCUIT CLERK,,REP,FREDERICK JOHN MARELLO JR.,74
Hancock,PRECINCT 28,REP FOR CIRCUIT CLERK,,REP,FREDERICK JOHN MARELLO JR.,54
Hancock,PRECINCT 1,REP FOR CIRCUIT CLERK,,REP,SANDY CASTO,84
Hancock,PRECINCT 2,REP FOR CIRCUIT CLERK,,REP,SANDY CASTO,82
Hancock,PRECINCT 3,REP FOR CIRCUIT CLERK,,REP,SANDY CASTO,112
Hancock,PRECINCT 5,REP FOR CIRCUIT CLERK,,REP,SANDY CASTO,70
Hancock,PRECINCT 6,REP FOR CIRCUIT CLERK,,REP,SANDY CASTO,198
Hancock,PRECINCT 7,REP FOR CIRCUIT CLERK,,REP,SANDY CASTO,63
Hancock,PRECINCT 8,REP FOR CIRCUIT CLERK,,REP,SANDY CASTO,213
Hancock,PRECINCT 9,REP FOR CIRCUIT CLERK,,REP,SANDY CASTO,141
Hancock,PRECINCT 10,REP FOR CIRCUIT CLERK,,REP,SANDY CASTO,73
Hancock,PRECINCT 11,REP FOR CIRCUIT CLERK,,REP,SANDY CASTO,153
Hancock,PRECINCT 12,REP FOR CIRCUIT CLERK,,REP,SANDY CASTO,99
Hancock,PRECINCT 13,REP FOR CIRCUIT CLERK,,REP,SANDY CASTO,54
Hancock,PRECINCT 14,REP FOR CIRCUIT CLERK,,REP,SANDY CASTO,32
Hancock,PRECINCT 16,REP FOR CIRCUIT CLERK,,REP,SANDY CASTO,16
Hancock,PRECINCT 17,REP FOR CIRCUIT CLERK,,REP,SANDY CASTO,69
Hancock,PRECINCT 19,REP FOR CIRCUIT CLERK,,REP,SANDY CASTO,48
Hancock,PRECINCT 20,REP FOR CIRCUIT CLERK,,REP,SANDY CASTO,88
Hancock,PRECINCT 21,REP FOR CIRCUIT CLERK,,REP,SANDY CASTO,45
Hancock,PRECINCT 22,REP FOR CIRCUIT CLERK,,REP,SANDY CASTO,35
Hancock,PRECINCT 23,REP FOR CIRCUIT CLERK,,REP,SANDY CASTO,33
Hancock,PRECINCT 24,REP FOR CIRCUIT CLERK,,REP,SANDY CASTO,47
Hancock,PRECINCT 25,REP FOR CIRCUIT CLERK,,REP,SANDY CASTO,83
Hancock,PRECINCT 27,REP FOR CIRCUIT CLERK,,REP,SANDY CASTO,67
Hancock,PRECINCT 28,REP FOR CIRCUIT CLERK,,REP,SANDY CASTO,51
Hancock,PRECINCT 1,DEM FOR CIRCUIT CLERK,,DEM,NO CANDIDATE FILED,0
Hancock,PRECINCT 2,DEM FOR CIRCUIT CLERK,,DEM,NO CANDIDATE FILED,0
Hancock,PRECINCT 3,DEM FOR CIRCUIT CLERK,,DEM,NO CANDIDATE FILED,0
Hancock,PRECINCT 5,DEM FOR CIRCUIT CLERK,,DEM,NO CANDIDATE FILED,0
Hancock,PRECINCT 6,DEM FOR CIRCUIT CLERK,,DEM,NO CANDIDATE FILED,0
Hancock,PRECINCT 7,DEM FOR CIRCUIT CLERK,,DEM,NO CANDIDATE FILED,0
Hancock,PRECINCT 8,DEM FOR CIRCUIT CLERK,,DEM,NO CANDIDATE FILED,0
Hancock,PRECINCT 9,DEM FOR CIRCUIT CLERK,,DEM,NO CANDIDATE FILED,0
Hancock,PRECINCT 10,DEM FOR CIRCUIT CLERK,,DEM,NO CANDIDATE FILED,0
Hancock,PRECINCT 11,DEM FOR CIRCUIT CLERK,,DEM,NO CANDIDATE FILED,0
Hancock,PRECINCT 12,DEM FOR CIRCUIT CLERK,,DEM,NO CANDIDATE FILED,0
Hancock,PRECINCT 13,DEM FOR CIRCUIT CLERK,,DEM,NO CANDIDATE FILED,0
Hancock,PRECINCT 14,DEM FOR CIRCUIT CLERK,,DEM,NO CANDIDATE FILED,0
Hancock,PRECINCT 16,DEM FOR CIRCUIT CLERK,,DEM,NO CANDIDATE FILED,0
Hancock,PRECINCT 17,DEM FOR CIRCUIT CLERK,,DEM,NO CANDIDATE FILED,0
Hancock,PRECINCT 19,DEM FOR CIRCUIT CLERK,,DEM,NO CANDIDATE FILED,0
Hancock,PRECINCT 20,DEM FOR CIRCUIT CLERK,,DEM,NO CANDIDATE FILED,0
Hancock,PRECINCT 21,DEM FOR CIRCUIT CLERK,,DEM,NO CANDIDATE FILED,0
Hancock,PRECINCT 22,DEM FOR CIRCUIT CLERK,,DEM,NO CANDIDATE FILED,0
Hancock,PRECINCT 23,DEM FOR CIRCUIT CLERK,,DEM,NO CANDIDATE FILED,0
Hancock,PRECINCT 24,DEM FOR CIRCUIT CLERK,,DEM,NO CANDIDATE FILED,0
Hancock,PRECINCT 25,DEM FOR CIRCUIT CLERK,,DEM,NO CANDIDATE FILED,0
Hancock,PRECINCT 27,DEM FOR CIRCUIT CLERK,,DEM,NO CANDIDATE FILED,0
Hancock,PRECINCT 28,DEM FOR CIRCUIT CLERK,,DEM,NO CANDIDATE FILED,0
Hancock,PRECINCT 1,REP FOR COUNTY COMMISSIONER,,REP,PAUL REX COWEY III,33
Hancock,PRECINCT 2,REP FOR COUNTY COMMISSIONER,,REP,PAUL REX COWEY III,32
Hancock,PRECINCT 3,REP FOR COUNTY COMMISSIONER,,REP,PAUL REX COWEY III,32
Hancock,PRECINCT 5,REP FOR COUNTY COMMISSIONER,,REP,PAUL REX COWEY III,16
Hancock,PRECINCT 6,REP FOR COUNTY COMMISSIONER,,REP,PAUL REX COWEY III,64
Hancock,PRECINCT 7,REP FOR COUNTY COMMISSIONER,,REP,PAUL REX COWEY III,18
Hancock,PRECINCT 8,REP FOR COUNTY COMMISSIONER,,REP,PAUL REX COWEY III,54
Hancock,PRECINCT 9,REP FOR COUNTY COMMISSIONER,,REP,PAUL REX COWEY III,34
Hancock,PRECINCT 10,REP FOR COUNTY COMMISSIONER,,REP,PAUL REX COWEY III,20
Hancock,PRECINCT 11,REP FOR COUNTY COMMISSIONER,,REP,PAUL REX COWEY III,36
Hancock,PRECINCT 12,REP FOR COUNTY COMMISSIONER,,REP,PAUL REX COWEY III,53
Hancock,PRECINCT 13,REP FOR COUNTY COMMISSIONER,,REP,PAUL REX COWEY III,52
Hancock,PRECINCT 14,REP FOR COUNTY COMMISSIONER,,REP,PAUL REX COWEY III,34
Hancock,PRECINCT 16,REP FOR COUNTY COMMISSIONER,,REP,PAUL REX COWEY III,21
Hancock,PRECINCT 17,REP FOR COUNTY COMMISSIONER,,REP,PAUL REX COWEY III,65
Hancock,PRECINCT 19,REP FOR COUNTY COMMISSIONER,,REP,PAUL REX COWEY III,40
Hancock,PRECINCT 20,REP FOR COUNTY COMMISSIONER,,REP,PAUL REX COWEY III,76
Hancock,PRECINCT 21,REP FOR COUNTY COMMISSIONER,,REP,PAUL REX COWEY III,46
Hancock,PRECINCT 22,REP FOR COUNTY COMMISSIONER,,REP,PAUL REX COWEY III,37
Hancock,PRECINCT 23,REP FOR COUNTY COMMISSIONER,,REP,PAUL REX COWEY III,37
Hancock,PRECINCT 24,REP FOR COUNTY COMMISSIONER,,REP,PAUL REX COWEY III,53
Hancock,PRECINCT 25,REP FOR COUNTY COMMISSIONER,,REP,PAUL REX COWEY III,100
Hancock,PRECINCT 27,REP FOR COUNTY COMMISSIONER,,REP,PAUL REX COWEY III,77
Hancock,PRECINCT 28,REP FOR COUNTY COMMISSIONER,,REP,PAUL REX COWEY III,48
Hancock,PRECINCT 1,REP FOR COUNTY COMMISSIONER,,REP,TED ARNEAULT JR.,31
Hancock,PRECINCT 2,REP FOR COUNTY COMMISSIONER,,REP,TED ARNEAULT JR.,34
Hancock,PRECINCT 3,REP FOR COUNTY COMMISSIONER,,REP,TED ARNEAULT JR.,57
Hancock,PRECINCT 5,REP FOR COUNTY COMMISSIONER,,REP,TED ARNEAULT JR.,40
Hancock,PRECINCT 6,REP FOR COUNTY COMMISSIONER,,REP,TED ARNEAULT JR.,65
Hancock,PRECINCT 7,REP FOR COUNTY COMMISSIONER,,REP,TED ARNEAULT JR.,33
Hancock,PRECINCT 8,REP FOR COUNTY COMMISSIONER,,REP,TED ARNEAULT JR.,73
Hancock,PRECINCT 9,REP FOR COUNTY COMMISSIONER,,REP,TED ARNEAULT JR.,48
Hancock,PRECINCT 10,REP FOR COUNTY COMMISSIONER,,REP,TED ARNEAULT JR.,30
Hancock,PRECINCT 11,REP FOR COUNTY COMMISSIONER,,REP,TED ARNEAULT JR.,43
Hancock,PRECINCT 12,REP FOR COUNTY COMMISSIONER,,REP,TED ARNEAULT JR.,50
Hancock,PRECINCT 13,REP FOR COUNTY COMMISSIONER,,REP,TED ARNEAULT JR.,19
Hancock,PRECINCT 14,REP FOR COUNTY COMMISSIONER,,REP,TED ARNEAULT JR.,25
Hancock,PRECINCT 16,REP FOR COUNTY COMMISSIONER,,REP,TED ARNEAULT JR.,9
Hancock,PRECINCT 17,REP FOR COUNTY COMMISSIONER,,REP,TED ARNEAULT JR.,60
Hancock,PRECINCT 19,REP FOR COUNTY COMMISSIONER,,REP,TED ARNEAULT JR.,36
Hancock,PRECINCT 20,REP FOR COUNTY COMMISSIONER,,REP,TED ARNEAULT JR.,42
Hancock,PRECINCT 21,REP FOR COUNTY COMMISSIONER,,REP,TED ARNEAULT JR.,31
Hancock,PRECINCT 22,REP FOR COUNTY COMMISSIONER,,REP,TED ARNEAULT JR.,20
Hancock,PRECINCT 23,REP FOR COUNTY COMMISSIONER,,REP,TED ARNEAULT JR.,16
Hancock,PRECINCT 24,REP FOR COUNTY COMMISSIONER,,REP,TED ARNEAULT JR.,27
Hancock,PRECINCT 25,REP FOR COUNTY COMMISSIONER,,REP,TED ARNEAULT JR.,56
Hancock,PRECINCT 27,REP FOR COUNTY COMMISSIONER,,REP,TED ARNEAULT JR.,46
Hancock,PRECINCT 28,REP FOR COUNTY COMMISSIONER,,REP,TED ARNEAULT JR.,36
Hancock,PRECINCT 1,REP FOR COUNTY COMMISSIONER,,REP,BRETT LEMLEY,32
Hancock,PRECINCT 2,REP FOR COUNTY COMMISSIONER,,REP,BRETT LEMLEY,33
Hancock,PRECINCT 3,REP FOR COUNTY COMMISSIONER,,REP,BRETT LEMLEY,46
Hancock,PRECINCT 5,REP FOR COUNTY COMMISSIONER,,REP,BRETT LEMLEY,27
Hancock,PRECINCT 6,REP FOR COUNTY COMMISSIONER,,REP,BRETT LEMLEY,104
Hancock,PRECINCT 7,REP FOR COUNTY COMMISSIONER,,REP,BRETT LEMLEY,25
Hancock,PRECINCT 8,REP FOR COUNTY COMMISSIONER,,REP,BRETT LEMLEY,121
Hancock,PRECINCT 9,REP FOR COUNTY COMMISSIONER,,REP,BRETT LEMLEY,96
Hancock,PRECINCT 10,REP FOR COUNTY COMMISSIONER,,REP,BRETT LEMLEY,39
Hancock,PRECINCT 11,REP FOR COUNTY COMMISSIONER,,REP,BRETT LEMLEY,115
Hancock,PRECINCT 12,REP FOR COUNTY COMMISSIONER,,REP,BRETT LEMLEY,53
Hancock,PRECINCT 13,REP FOR COUNTY COMMISSIONER,,REP,BRETT LEMLEY,29
Hancock,PRECINCT 14,REP FOR COUNTY COMMISSIONER,,REP,BRETT LEMLEY,25
Hancock,PRECINCT 16,REP FOR COUNTY COMMISSIONER,,REP,BRETT LEMLEY,5
Hancock,PRECINCT 17,REP FOR COUNTY COMMISSIONER,,REP,BRETT LEMLEY,32
Hancock,PRECINCT 19,REP FOR COUNTY COMMISSIONER,,REP,BRETT LEMLEY,22
Hancock,PRECINCT 20,REP FOR COUNTY COMMISSIONER,,REP,BRETT LEMLEY,35
Hancock,PRECINCT 21,REP FOR COUNTY COMMISSIONER,,REP,BRETT LEMLEY,13
Hancock,PRECINCT 22,REP FOR COUNTY COMMISSIONER,,REP,BRETT LEMLEY,15
Hancock,PRECINCT 23,REP FOR COUNTY COMMISSIONER,,REP,BRETT LEMLEY,12
Hancock,PRECINCT 24,REP FOR COUNTY COMMISSIONER,,REP,BRETT LEMLEY,23
Hancock,PRECINCT 25,REP FOR COUNTY COMMISSIONER,,REP,BRETT LEMLEY,33
Hancock,PRECINCT 27,REP FOR COUNTY COMMISSIONER,,REP,BRETT LEMLEY,23
Hancock,PRECINCT 28,REP FOR COUNTY COMMISSIONER,,REP,BRETT LEMLEY,24
Hancock,PRECINCT 1,DEM FOR COUNTY COMMISSIONER,,DEM,NO CANDIDATE FILED,0
Hancock,PRECINCT 2,DEM FOR COUNTY COMMISSIONER,,DEM,NO CANDIDATE FILED,0
Hancock,PRECINCT 3,DEM FOR COUNTY COMMISSIONER,,DEM,NO CANDIDATE FILED,0
Hancock,PRECINCT 5,DEM FOR COUNTY COMMISSIONER,,DEM,NO CANDIDATE FILED,0
Hancock,PRECINCT 6,DEM FOR COUNTY COMMISSIONER,,DEM,NO CANDIDATE FILED,0
Hancock,PRECINCT 7,DEM FOR COUNTY COMMISSIONER,,DEM,NO CANDIDATE FILED,0
Hancock,PRECINCT 8,DEM FOR COUNTY COMMISSIONER,,DEM,NO CANDIDATE FILED,0
Hancock,PRECINCT 9,DEM FOR COUNTY COMMISSIONER,,DEM,NO CANDIDATE FILED,0
Hancock,PRECINCT 10,DEM FOR COUNTY COMMISSIONER,,DEM,NO CANDIDATE FILED,0
Hancock,PRECINCT 11,DEM FOR COUNTY COMMISSIONER,,DEM,NO CANDIDATE FILED,0
Hancock,PRECINCT 12,DEM FOR COUNTY COMMISSIONER,,DEM,NO CANDIDATE FILED,0
Hancock,PRECINCT 13,DEM FOR COUNTY COMMISSIONER,,DEM,NO CANDIDATE FILED,0
Hancock,PRECINCT 14,DEM FOR COUNTY COMMISSIONER,,DEM,NO CANDIDATE FILED,0
Hancock,PRECINCT 16,DEM FOR COUNTY COMMISSIONER,,DEM,NO CANDIDATE FILED,0
Hancock,PRECINCT 17,DEM FOR COUNTY COMMISSIONER,,DEM,NO CANDIDATE FILED,0
Hancock,PRECINCT 19,DEM FOR COUNTY COMMISSIONER,,DEM,NO CANDIDATE FILED,0
Hancock,PRECINCT 20,DEM FOR COUNTY COMMISSIONER,,DEM,NO CANDIDATE FILED,0
Hancock,PRECINCT 21,DEM FOR COUNTY COMMISSIONER,,DEM,NO CANDIDATE FILED,0
Hancock,PRECINCT 22,DEM FOR COUNTY COMMISSIONER,,DEM,NO CANDIDATE FILED,0
Hancock,PRECINCT 23,DEM FOR COUNTY COMMISSIONER,,DEM,NO CANDIDATE FILED,0
Hancock,PRECINCT 24,DEM FOR COUNTY COMMISSIONER,,DEM,NO CANDIDATE FILED,0
Hancock,PRECINCT 25,DEM FOR COUNTY COMMISSIONER,,DEM,NO CANDIDATE FILED,0
Hancock,PRECINCT 27,DEM FOR COUNTY COMMISSIONER,,DEM,NO CANDIDATE FILED,0
Hancock,PRECINCT 28,DEM FOR COUNTY COMMISSIONER,,DEM,NO CANDIDATE FILED,0
Hancock,PRECINCT 1,REP FOR COUNTY CLERK,,REP,KARAN (BAIER) VALENTI,45
Hancock,PRECINCT 2,REP FOR COUNTY CLERK,,REP,KARAN (BAIER) VALENTI,40
Hancock,PRECINCT 3,REP FOR COUNTY CLERK,,REP,KARAN (BAIER) VALENTI,60
Hancock,PRECINCT 5,REP FOR COUNTY CLERK,,REP,KARAN (BAIER) VALENTI,38
Hancock,PRECINCT 6,REP FOR COUNTY CLERK,,REP,KARAN (BAIER) VALENTI,108
Hancock,PRECINCT 7,REP FOR COUNTY CLERK,,REP,KARAN (BAIER) VALENTI,39
Hancock,PRECINCT 8,REP FOR COUNTY CLERK,,REP,KARAN (BAIER) VALENTI,135
Hancock,PRECINCT 9,REP FOR COUNTY CLERK,,REP,KARAN (BAIER) VALENTI,89
Hancock,PRECINCT 10,REP FOR COUNTY CLERK,,REP,KARAN (BAIER) VALENTI,43
Hancock,PRECINCT 11,REP FOR COUNTY CLERK,,REP,KARAN (BAIER) VALENTI,110
Hancock,PRECINCT 12,REP FOR COUNTY CLERK,,REP,KARAN (BAIER) VALENTI,83
Hancock,PRECINCT 13,REP FOR COUNTY CLERK,,REP,KARAN (BAIER) VALENTI,46
Hancock,PRECINCT 14,REP FOR COUNTY CLERK,,REP,KARAN (BAIER) VALENTI,48
Hancock,PRECINCT 16,REP FOR COUNTY CLERK,,REP,KARAN (BAIER) VALENTI,12
Hancock,PRECINCT 17,REP FOR COUNTY CLERK,,REP,KARAN (BAIER) VALENTI,72
Hancock,PRECINCT 19,REP FOR COUNTY CLERK,,REP,KARAN (BAIER) VALENTI,38
Hancock,PRECINCT 20,REP FOR COUNTY CLERK,,REP,KARAN (BAIER) VALENTI,74
Hancock,PRECINCT 21,REP FOR COUNTY CLERK,,REP,KARAN (BAIER) VALENTI,26
Hancock,PRECINCT 22,REP FOR COUNTY CLERK,,REP,KARAN (BAIER) VALENTI,34
Hancock,PRECINCT 23,REP FOR COUNTY CLERK,,REP,KARAN (BAIER) VALENTI,25
Hancock,PRECINCT 24,REP FOR COUNTY CLERK,,REP,KARAN (BAIER) VALENTI,42
Hancock,PRECINCT 25,REP FOR COUNTY CLERK,,REP,KARAN (BAIER) VALENTI,102
Hancock,PRECINCT 27,REP FOR COUNTY CLERK,,REP,KARAN (BAIER) VALENTI,89
Hancock,PRECINCT 28,REP FOR COUNTY CLERK,,REP,KARAN (BAIER) VALENTI,42
Hancock,PRECINCT 1,REP FOR COUNTY CLERK,,REP,VALERIE TRUAX,43
Hancock,PRECINCT 2,REP FOR COUNTY CLERK,,REP,VALERIE TRUAX,47
Hancock,PRECINCT 3,REP FOR COUNTY CLERK,,REP,VALERIE TRUAX,66
Hancock,PRECINCT 5,REP FOR COUNTY CLERK,,REP,VALERIE TRUAX,36
Hancock,PRECINCT 6,REP FOR COUNTY CLERK,,REP,VALERIE TRUAX,104
Hancock,PRECINCT 7,REP FOR COUNTY CLERK,,REP,VALERIE TRUAX,30
Hancock,PRECINCT 8,REP FOR COUNTY CLERK,,REP,VALERIE TRUAX,91
Hancock,PRECINCT 9,REP FOR COUNTY CLERK,,REP,VALERIE TRUAX,73
Hancock,PRECINCT 10,REP FOR COUNTY CLERK,,REP,VALERIE TRUAX,35
Hancock,PRECINCT 11,REP FOR COUNTY CLERK,,REP,VALERIE TRUAX,71
Hancock,PRECINCT 12,REP FOR COUNTY CLERK,,REP,VALERIE TRUAX,65
Hancock,PRECINCT 13,REP FOR COUNTY CLERK,,REP,VALERIE TRUAX,50
Hancock,PRECINCT 14,REP FOR COUNTY CLERK,,REP,VALERIE TRUAX,37
Hancock,PRECINCT 16,REP FOR COUNTY CLERK,,REP,VALERIE TRUAX,22
Hancock,PRECINCT 17,REP FOR COUNTY CLERK,,REP,VALERIE TRUAX,72
Hancock,PRECINCT 19,REP FOR COUNTY CLERK,,REP,VALERIE TRUAX,56
Hancock,PRECINCT 20,REP FOR COUNTY CLERK,,REP,VALERIE TRUAX,73
Hancock,PRECINCT 21,REP FOR COUNTY CLERK,,REP,VALERIE TRUAX,62
Hancock,PRECINCT 22,REP FOR COUNTY CLERK,,REP,VALERIE TRUAX,38
Hancock,PRECINCT 23,REP FOR COUNTY CLERK,,REP,VALERIE TRUAX,38
Hancock,PRECINCT 24,REP FOR COUNTY CLERK,,REP,VALERIE TRUAX,63
Hancock,PRECINCT 25,REP FOR COUNTY CLERK,,REP,VALERIE TRUAX,70
Hancock,PRECINCT 27,REP FOR COUNTY CLERK,,REP,VALERIE TRUAX,52
Hancock,PRECINCT 28,REP FOR COUNTY CLERK,,REP,VALERIE TRUAX,60
Hancock,PRECINCT 1,DEM FOR COUNTY CLERK,,DEM,NO CANDIDATE FILED,0
Hancock,PRECINCT 2,DEM FOR COUNTY CLERK,,DEM,NO CANDIDATE FILED,0
Hancock,PRECINCT 3,DEM FOR COUNTY CLERK,,DEM,NO CANDIDATE FILED,0
Hancock,PRECINCT 5,DEM FOR COUNTY CLERK,,DEM,NO CANDIDATE FILED,0
Hancock,PRECINCT 6,DEM FOR COUNTY CLERK,,DEM,NO CANDIDATE FILED,0
Hancock,PRECINCT 7,DEM FOR COUNTY CLERK,,DEM,NO CANDIDATE FILED,0
Hancock,PRECINCT 8,DEM FOR COUNTY CLERK,,DEM,NO CANDIDATE FILED,0
Hancock,PRECINCT 9,DEM FOR COUNTY CLERK,,DEM,NO CANDIDATE FILED,0
Hancock,PRECINCT 10,DEM FOR COUNTY CLERK,,DEM,NO CANDIDATE FILED,0
Hancock,PRECINCT 11,DEM FOR COUNTY CLERK,,DEM,NO CANDIDATE FILED,0
Hancock,PRECINCT 12,DEM FOR COUNTY CLERK,,DEM,NO CANDIDATE FILED,0
Hancock,PRECINCT 13,DEM FOR COUNTY CLERK,,DEM,NO CANDIDATE FILED,0
Hancock,PRECINCT 14,DEM FOR COUNTY CLERK,,DEM,NO CANDIDATE FILED,0
Hancock,PRECINCT 16,DEM FOR COUNTY CLERK,,DEM,NO CANDIDATE FILED,0
Hancock,PRECINCT 17,DEM FOR COUNTY CLERK,,DEM,NO CANDIDATE FILED,0
Hancock,PRECINCT 19,DEM FOR COUNTY CLERK,,DEM,NO CANDIDATE FILED,0
Hancock,PRECINCT 20,DEM FOR COUNTY CLERK,,DEM,NO CANDIDATE FILED,0
Hancock,PRECINCT 21,DEM FOR COUNTY CLERK,,DEM,NO CANDIDATE FILED,0
Hancock,PRECINCT 22,DEM FOR COUNTY CLERK,,DEM,NO CANDIDATE FILED,0
Hancock,PRECINCT 23,DEM FOR COUNTY CLERK,,DEM,NO CANDIDATE FILED,0
Hancock,PRECINCT 24,DEM FOR COUNTY CLERK,,DEM,NO CANDIDATE FILED,0
Hancock,PRECINCT 25,DEM FOR COUNTY CLERK,,DEM,NO CANDIDATE FILED,0
Hancock,PRECINCT 27,DEM FOR COUNTY CLERK,,DEM,NO CANDIDATE FILED,0
Hancock,PRECINCT 28,DEM FOR COUNTY CLERK,,DEM,NO CANDIDATE FILED,0
Hancock,PRECINCT 1,REP FOR CONGRESSIONAL DISTRICT EXECUTIVE COMMITTEE DIST,,REP,NO CANDIDATE FILED,0
Hancock,PRECINCT 2,REP FOR CONGRESSIONAL DISTRICT EXECUTIVE COMMITTEE DIST,,REP,NO CANDIDATE FILED,0
Hancock,PRECINCT 3,REP FOR CONGRESSIONAL DISTRICT EXECUTIVE COMMITTEE DIST,,REP,NO CANDIDATE FILED,0
Hancock,PRECINCT 5,REP FOR CONGRESSIONAL DISTRICT EXECUTIVE COMMITTEE DIST,,REP,NO CANDIDATE FILED,0
Hancock,PRECINCT 6,REP FOR CONGRESSIONAL DISTRICT EXECUTIVE COMMITTEE DIST,,REP,NO CANDIDATE FILED,0
Hancock,PRECINCT 7,REP FOR CONGRESSIONAL DISTRICT EXECUTIVE COMMITTEE DIST,,REP,NO CANDIDATE FILED,0
Hancock,PRECINCT 8,REP FOR CONGRESSIONAL DISTRICT EXECUTIVE COMMITTEE DIST,,REP,NO CANDIDATE FILED,0
Hancock,PRECINCT 9,REP FOR CONGRESSIONAL DISTRICT EXECUTIVE COMMITTEE DIST,,REP,NO CANDIDATE FILED,0
Hancock,PRECINCT 10,REP FOR CONGRESSIONAL DISTRICT EXECUTIVE COMMITTEE DIST,,REP,NO CANDIDATE FILED,0
Hancock,PRECINCT 11,REP FOR CONGRESSIONAL DISTRICT EXECUTIVE COMMITTEE DIST,,REP,NO CANDIDATE FILED,0
Hancock,PRECINCT 12,REP FOR CONGRESSIONAL DISTRICT EXECUTIVE COMMITTEE DIST,,REP,NO CANDIDATE FILED,0
Hancock,PRECINCT 13,REP FOR CONGRESSIONAL DISTRICT EXECUTIVE COMMITTEE DIST,,REP,NO CANDIDATE FILED,0
Hancock,PRECINCT 14,REP FOR CONGRESSIONAL DISTRICT EXECUTIVE COMMITTEE DIST,,REP,NO CANDIDATE FILED,0
Hancock,PRECINCT 16,REP FOR CONGRESSIONAL DISTRICT EXECUTIVE COMMITTEE DIST,,REP,NO CANDIDATE FILED,0
Hancock,PRECINCT 17,REP FOR CONGRESSIONAL DISTRICT EXECUTIVE COMMITTEE DIST,,REP,NO CANDIDATE FILED,0
Hancock,PRECINCT 19,REP FOR CONGRESSIONAL DISTRICT EXECUTIVE COMMITTEE DIST,,REP,NO CANDIDATE FILED,0
Hancock,PRECINCT 20,REP FOR CONGRESSIONAL DISTRICT EXECUTIVE COMMITTEE DIST,,REP,NO CANDIDATE FILED,0
Hancock,PRECINCT 21,REP FOR CONGRESSIONAL DISTRICT EXECUTIVE COMMITTEE DIST,,REP,NO CANDIDATE FILED,0
Hancock,PRECINCT 22,REP FOR CONGRESSIONAL DISTRICT EXECUTIVE COMMITTEE DIST,,REP,NO CANDIDATE FILED,0
Hancock,PRECINCT 23,REP FOR CONGRESSIONAL DISTRICT EXECUTIVE COMMITTEE DIST,,REP,NO CANDIDATE FILED,0
Hancock,PRECINCT 24,REP FOR CONGRESSIONAL DISTRICT EXECUTIVE COMMITTEE DIST,,REP,NO CANDIDATE FILED,0
Hancock,PRECINCT 25,REP FOR CONGRESSIONAL DISTRICT EXECUTIVE COMMITTEE DIST,,REP,NO CANDIDATE FILED,0
Hancock,PRECINCT 27,REP FOR CONGRESSIONAL DISTRICT EXECUTIVE COMMITTEE DIST,,REP,NO CANDIDATE FILED,0
Hancock,PRECINCT 28,REP FOR CONGRESSIONAL DISTRICT EXECUTIVE COMMITTEE DIST,,REP,NO CANDIDATE FILED,0
Hancock,PRECINCT 1,DEM FOR CONGRESSIONAL DISTRICT EXECUTIVE COMMITTEE DIST,,DEM,NO CANDIDATE FILED,0
Hancock,PRECINCT 2,DEM FOR CONGRESSIONAL DISTRICT EXECUTIVE COMMITTEE DIST,,DEM,NO CANDIDATE FILED,0
Hancock,PRECINCT 3,DEM FOR CONGRESSIONAL DISTRICT EXECUTIVE COMMITTEE DIST,,DEM,NO CANDIDATE FILED,0
Hancock,PRECINCT 5,DEM FOR CONGRESSIONAL DISTRICT EXECUTIVE COMMITTEE DIST,,DEM,NO CANDIDATE FILED,0
Hancock,PRECINCT 6,DEM FOR CONGRESSIONAL DISTRICT EXECUTIVE COMMITTEE DIST,,DEM,NO CANDIDATE FILED,0
Hancock,PRECINCT 7,DEM FOR CONGRESSIONAL DISTRICT EXECUTIVE COMMITTEE DIST,,DEM,NO CANDIDATE FILED,0
Hancock,PRECINCT 8,DEM FOR CONGRESSIONAL DISTRICT EXECUTIVE COMMITTEE DIST,,DEM,NO CANDIDATE FILED,0
Hancock,PRECINCT 9,DEM FOR CONGRESSIONAL DISTRICT EXECUTIVE COMMITTEE DIST,,DEM,NO CANDIDATE FILED,0
Hancock,PRECINCT 10,DEM FOR CONGRESSIONAL DISTRICT EXECUTIVE COMMITTEE DIST,,DEM,NO CANDIDATE FILED,0
Hancock,PRECINCT 11,DEM FOR CONGRESSIONAL DISTRICT EXECUTIVE COMMITTEE DIST,,DEM,NO CANDIDATE FILED,0
Hancock,PRECINCT 12,DEM FOR CONGRESSIONAL DISTRICT EXECUTIVE COMMITTEE DIST,,DEM,NO CANDIDATE FILED,0
Hancock,PRECINCT 13,DEM FOR CONGRESSIONAL DISTRICT EXECUTIVE COMMITTEE DIST,,DEM,NO CANDIDATE FILED,0
Hancock,PRECINCT 14,DEM FOR CONGRESSIONAL DISTRICT EXECUTIVE COMMITTEE DIST,,DEM,NO CANDIDATE FILED,0
Hancock,PRECINCT 16,DEM FOR CONGRESSIONAL DISTRICT EXECUTIVE COMMITTEE DIST,,DEM,NO CANDIDATE FILED,0
Hancock,PRECINCT 17,DEM FOR CONGRESSIONAL DISTRICT EXECUTIVE COMMITTEE DIST,,DEM,NO CANDIDATE FILED,0
Hancock,PRECINCT 19,DEM FOR CONGRESSIONAL DISTRICT EXECUTIVE COMMITTEE DIST,,DEM,NO CANDIDATE FILED,0
Hancock,PRECINCT 20,DEM FOR CONGRESSIONAL DISTRICT EXECUTIVE COMMITTEE DIST,,DEM,NO CANDIDATE FILED,0
Hancock,PRECINCT 21,DEM FOR CONGRESSIONAL DISTRICT EXECUTIVE COMMITTEE DIST,,DEM,NO CANDIDATE FILED,0
Hancock,PRECINCT 22,DEM FOR CONGRESSIONAL DISTRICT EXECUTIVE COMMITTEE DIST,,DEM,NO CANDIDATE FILED,0
Hancock,PRECINCT 23,DEM FOR CONGRESSIONAL DISTRICT EXECUTIVE COMMITTEE DIST,,DEM,NO CANDIDATE FILED,0
Hancock,PRECINCT 24,DEM FOR CONGRESSIONAL DISTRICT EXECUTIVE COMMITTEE DIST,,DEM,NO CANDIDATE FILED,0
Hancock,PRECINCT 25,DEM FOR CONGRESSIONAL DISTRICT EXECUTIVE COMMITTEE DIST,,DEM,NO CANDIDATE FILED,0
Hancock,PRECINCT 27,DEM FOR CONGRESSIONAL DISTRICT EXECUTIVE COMMITTEE DIST,,DEM,NO CANDIDATE FILED,0
Hancock,PRECINCT 28,DEM FOR CONGRESSIONAL DISTRICT EXECUTIVE COMMITTEE DIST,,DEM,NO CANDIDATE FILED,0
Hancock,PRECINCT 1,REP FOR SENATORIAL  EXECUTIVE COMMITTEE D1,,REP,NO CANDIDATE FILED,0
Hancock,PRECINCT 2,REP FOR SENATORIAL  EXECUTIVE COMMITTEE D1,,REP,NO CANDIDATE FILED,0
Hancock,PRECINCT 3,REP FOR SENATORIAL  EXECUTIVE COMMITTEE D1,,REP,NO CANDIDATE FILED,0
Hancock,PRECINCT 5,REP FOR SENATORIAL  EXECUTIVE COMMITTEE D1,,REP,NO CANDIDATE FILED,0
Hancock,PRECINCT 6,REP FOR SENATORIAL  EXECUTIVE COMMITTEE D1,,REP,NO CANDIDATE FILED,0
Hancock,PRECINCT 7,REP FOR SENATORIAL  EXECUTIVE COMMITTEE D1,,REP,NO CANDIDATE FILED,0
Hancock,PRECINCT 8,REP FOR SENATORIAL  EXECUTIVE COMMITTEE D1,,REP,NO CANDIDATE FILED,0
Hancock,PRECINCT 9,REP FOR SENATORIAL  EXECUTIVE COMMITTEE D1,,REP,NO CANDIDATE FILED,0
Hancock,PRECINCT 10,REP FOR SENATORIAL  EXECUTIVE COMMITTEE D1,,REP,NO CANDIDATE FILED,0
Hancock,PRECINCT 11,REP FOR SENATORIAL  EXECUTIVE COMMITTEE D1,,REP,NO CANDIDATE FILED,0
Hancock,PRECINCT 12,REP FOR SENATORIAL  EXECUTIVE COMMITTEE D1,,REP,NO CANDIDATE FILED,0
Hancock,PRECINCT 13,REP FOR SENATORIAL  EXECUTIVE COMMITTEE D1,,REP,NO CANDIDATE FILED,0
Hancock,PRECINCT 14,REP FOR SENATORIAL  EXECUTIVE COMMITTEE D1,,REP,NO CANDIDATE FILED,0
Hancock,PRECINCT 16,REP FOR SENATORIAL  EXECUTIVE COMMITTEE D1,,REP,NO CANDIDATE FILED,0
Hancock,PRECINCT 17,REP FOR SENATORIAL  EXECUTIVE COMMITTEE D1,,REP,NO CANDIDATE FILED,0
Hancock,PRECINCT 19,REP FOR SENATORIAL  EXECUTIVE COMMITTEE D1,,REP,NO CANDIDATE FILED,0
Hancock,PRECINCT 20,REP FOR SENATORIAL  EXECUTIVE COMMITTEE D1,,REP,NO CANDIDATE FILED,0
Hancock,PRECINCT 21,REP FOR SENATORIAL  EXECUTIVE COMMITTEE D1,,REP,NO CANDIDATE FILED,0
Hancock,PRECINCT 22,REP FOR SENATORIAL  EXECUTIVE COMMITTEE D1,,REP,NO CANDIDATE FILED,0
Hancock,PRECINCT 23,REP FOR SENATORIAL  EXECUTIVE COMMITTEE D1,,REP,NO CANDIDATE FILED,0
Hancock,PRECINCT 24,REP FOR SENATORIAL  EXECUTIVE COMMITTEE D1,,REP,NO CANDIDATE FILED,0
Hancock,PRECINCT 25,REP FOR SENATORIAL  EXECUTIVE COMMITTEE D1,,REP,NO CANDIDATE FILED,0
Hancock,PRECINCT 27,REP FOR SENATORIAL  EXECUTIVE COMMITTEE D1,,REP,NO CANDIDATE FILED,0
Hancock,PRECINCT 28,REP FOR SENATORIAL  EXECUTIVE COMMITTEE D1,,REP,NO CANDIDATE FILED,0
Hancock,PRECINCT 1,DEM FOR SENATORIAL  EXECUTIVE COMMITTEE D1,,DEM,NO CANDIDATE FILED,0
Hancock,PRECINCT 2,DEM FOR SENATORIAL  EXECUTIVE COMMITTEE D1,,DEM,NO CANDIDATE FILED,0
Hancock,PRECINCT 3,DEM FOR SENATORIAL  EXECUTIVE COMMITTEE D1,,DEM,NO CANDIDATE FILED,0
Hancock,PRECINCT 5,DEM FOR SENATORIAL  EXECUTIVE COMMITTEE D1,,DEM,NO CANDIDATE FILED,0
Hancock,PRECINCT 6,DEM FOR SENATORIAL  EXECUTIVE COMMITTEE D1,,DEM,NO CANDIDATE FILED,0
Hancock,PRECINCT 7,DEM FOR SENATORIAL  EXECUTIVE COMMITTEE D1,,DEM,NO CANDIDATE FILED,0
Hancock,PRECINCT 8,DEM FOR SENATORIAL  EXECUTIVE COMMITTEE D1,,DEM,NO CANDIDATE FILED,0
Hancock,PRECINCT 9,DEM FOR SENATORIAL  EXECUTIVE COMMITTEE D1,,DEM,NO CANDIDATE FILED,0
Hancock,PRECINCT 10,DEM FOR SENATORIAL  EXECUTIVE COMMITTEE D1,,DEM,NO CANDIDATE FILED,0
Hancock,PRECINCT 11,DEM FOR SENATORIAL  EXECUTIVE COMMITTEE D1,,DEM,NO CANDIDATE FILED,0
Hancock,PRECINCT 12,DEM FOR SENATORIAL  EXECUTIVE COMMITTEE D1,,DEM,NO CANDIDATE FILED,0
Hancock,PRECINCT 13,DEM FOR SENATORIAL  EXECUTIVE COMMITTEE D1,,DEM,NO CANDIDATE FILED,0
Hancock,PRECINCT 14,DEM FOR SENATORIAL  EXECUTIVE COMMITTEE D1,,DEM,NO CANDIDATE FILED,0
Hancock,PRECINCT 16,DEM FOR SENATORIAL  EXECUTIVE COMMITTEE D1,,DEM,NO CANDIDATE FILED,0
Hancock,PRECINCT 17,DEM FOR SENATORIAL  EXECUTIVE COMMITTEE D1,,DEM,NO CANDIDATE FILED,0
Hancock,PRECINCT 19,DEM FOR SENATORIAL  EXECUTIVE COMMITTEE D1,,DEM,NO CANDIDATE FILED,0
Hancock,PRECINCT 20,DEM FOR SENATORIAL  EXECUTIVE COMMITTEE D1,,DEM,NO CANDIDATE FILED,0
Hancock,PRECINCT 21,DEM FOR SENATORIAL  EXECUTIVE COMMITTEE D1,,DEM,NO CANDIDATE FILED,0
Hancock,PRECINCT 22,DEM FOR SENATORIAL  EXECUTIVE COMMITTEE D1,,DEM,NO CANDIDATE FILED,0
Hancock,PRECINCT 23,DEM FOR SENATORIAL  EXECUTIVE COMMITTEE D1,,DEM,NO CANDIDATE FILED,0
Hancock,PRECINCT 24,DEM FOR SENATORIAL  EXECUTIVE COMMITTEE D1,,DEM,NO CANDIDATE FILED,0
Hancock,PRECINCT 25,DEM FOR SENATORIAL  EXECUTIVE COMMITTEE D1,,DEM,NO CANDIDATE FILED,0
Hancock,PRECINCT 27,DEM FOR SENATORIAL  EXECUTIVE COMMITTEE D1,,DEM,NO CANDIDATE FILED,0
Hancock,PRECINCT 28,DEM FOR SENATORIAL  EXECUTIVE COMMITTEE D1,,DEM,NO CANDIDATE FILED,0
Hancock,PRECINCT 1,REP FOR DELEGATE DISTRICT EXECUTIVE COMMITTEE FEMALE 1ST,,REP,NO CANDIDATE FILED,0
Hancock,PRECINCT 2,REP FOR DELEGATE DISTRICT EXECUTIVE COMMITTEE FEMALE 1ST,,REP,NO CANDIDATE FILED,0
Hancock,PRECINCT 3,REP FOR DELEGATE DISTRICT EXECUTIVE COMMITTEE FEMALE 1ST,,REP,NO CANDIDATE FILED,0
Hancock,PRECINCT 5,REP FOR DELEGATE DISTRICT EXECUTIVE COMMITTEE FEMALE 1ST,,REP,NO CANDIDATE FILED,0
Hancock,PRECINCT 6,REP FOR DELEGATE DISTRICT EXECUTIVE COMMITTEE FEMALE 1ST,,REP,NO CANDIDATE FILED,0
Hancock,PRECINCT 7,REP FOR DELEGATE DISTRICT EXECUTIVE COMMITTEE FEMALE 1ST,,REP,NO CANDIDATE FILED,0
Hancock,PRECINCT 8,REP FOR DELEGATE DISTRICT EXECUTIVE COMMITTEE FEMALE 1ST,,REP,NO CANDIDATE FILED,0
Hancock,PRECINCT 9,REP FOR DELEGATE DISTRICT EXECUTIVE COMMITTEE FEMALE 1ST,,REP,NO CANDIDATE FILED,0
Hancock,PRECINCT 10,REP FOR DELEGATE DISTRICT EXECUTIVE COMMITTEE FEMALE 1ST,,REP,NO CANDIDATE FILED,0
Hancock,PRECINCT 11,REP FOR DELEGATE DISTRICT EXECUTIVE COMMITTEE FEMALE 1ST,,REP,NO CANDIDATE FILED,0
Hancock,PRECINCT 12,REP FOR DELEGATE DISTRICT EXECUTIVE COMMITTEE FEMALE 1ST,,REP,NO CANDIDATE FILED,0
Hancock,PRECINCT 13,REP FOR DELEGATE DISTRICT EXECUTIVE COMMITTEE FEMALE 1ST,,REP,NO CANDIDATE FILED,0
Hancock,PRECINCT 25,REP FOR DELEGATE DISTRICT EXECUTIVE COMMITTEE FEMALE 1ST,,REP,NO CANDIDATE FILED,0
Hancock,PRECINCT 27,REP FOR DELEGATE DISTRICT EXECUTIVE COMMITTEE FEMALE 1ST,,REP,NO CANDIDATE FILED,0
Hancock,PRECINCT 28,REP FOR DELEGATE DISTRICT EXECUTIVE COMMITTEE FEMALE 1ST,,REP,NO CANDIDATE FILED,0
Hancock,PRECINCT 1,DEM FOR DELEGATE DISTRICT EXECUTIVE COMMITTEE FEMALE 1ST,,DEM,NO CANDIDATE FILED,0
Hancock,PRECINCT 2,DEM FOR DELEGATE DISTRICT EXECUTIVE COMMITTEE FEMALE 1ST,,DEM,NO CANDIDATE FILED,0
Hancock,PRECINCT 3,DEM FOR DELEGATE DISTRICT EXECUTIVE COMMITTEE FEMALE 1ST,,DEM,NO CANDIDATE FILED,0
Hancock,PRECINCT 5,DEM FOR DELEGATE DISTRICT EXECUTIVE COMMITTEE FEMALE 1ST,,DEM,NO CANDIDATE FILED,0
Hancock,PRECINCT 6,DEM FOR DELEGATE DISTRICT EXECUTIVE COMMITTEE FEMALE 1ST,,DEM,NO CANDIDATE FILED,0
Hancock,PRECINCT 7,DEM FOR DELEGATE DISTRICT EXECUTIVE COMMITTEE FEMALE 1ST,,DEM,NO CANDIDATE FILED,0
Hancock,PRECINCT 8,DEM FOR DELEGATE DISTRICT EXECUTIVE COMMITTEE FEMALE 1ST,,DEM,NO CANDIDATE FILED,0
Hancock,PRECINCT 9,DEM FOR DELEGATE DISTRICT EXECUTIVE COMMITTEE FEMALE 1ST,,DEM,NO CANDIDATE FILED,0
Hancock,PRECINCT 10,DEM FOR DELEGATE DISTRICT EXECUTIVE COMMITTEE FEMALE 1ST,,DEM,NO CANDIDATE FILED,0
Hancock,PRECINCT 11,DEM FOR DELEGATE DISTRICT EXECUTIVE COMMITTEE FEMALE 1ST,,DEM,NO CANDIDATE FILED,0
Hancock,PRECINCT 12,DEM FOR DELEGATE DISTRICT EXECUTIVE COMMITTEE FEMALE 1ST,,DEM,NO CANDIDATE FILED,0
Hancock,PRECINCT 13,DEM FOR DELEGATE DISTRICT EXECUTIVE COMMITTEE FEMALE 1ST,,DEM,NO CANDIDATE FILED,0
Hancock,PRECINCT 25,DEM FOR DELEGATE DISTRICT EXECUTIVE COMMITTEE FEMALE 1ST,,DEM,NO CANDIDATE FILED,0
Hancock,PRECINCT 27,DEM FOR DELEGATE DISTRICT EXECUTIVE COMMITTEE FEMALE 1ST,,DEM,NO CANDIDATE FILED,0
Hancock,PRECINCT 28,DEM FOR DELEGATE DISTRICT EXECUTIVE COMMITTEE FEMALE 1ST,,DEM,NO CANDIDATE FILED,0
Hancock,PRECINCT 1,REP FOR DELEGATE DISTRICT EXECUTIVE COMMITTEE MALE 1ST D,,REP,NO CANDIDATE FILED,0
Hancock,PRECINCT 2,REP FOR DELEGATE DISTRICT EXECUTIVE COMMITTEE MALE 1ST D,,REP,NO CANDIDATE FILED,0
Hancock,PRECINCT 3,REP FOR DELEGATE DISTRICT EXECUTIVE COMMITTEE MALE 1ST D,,REP,NO CANDIDATE FILED,0
Hancock,PRECINCT 5,REP FOR DELEGATE DISTRICT EXECUTIVE COMMITTEE MALE 1ST D,,REP,NO CANDIDATE FILED,0
Hancock,PRECINCT 6,REP FOR DELEGATE DISTRICT EXECUTIVE COMMITTEE MALE 1ST D,,REP,NO CANDIDATE FILED,0
Hancock,PRECINCT 7,REP FOR DELEGATE DISTRICT EXECUTIVE COMMITTEE MALE 1ST D,,REP,NO CANDIDATE FILED,0
Hancock,PRECINCT 8,REP FOR DELEGATE DISTRICT EXECUTIVE COMMITTEE MALE 1ST D,,REP,NO CANDIDATE FILED,0
Hancock,PRECINCT 9,REP FOR DELEGATE DISTRICT EXECUTIVE COMMITTEE MALE 1ST D,,REP,NO CANDIDATE FILED,0
Hancock,PRECINCT 10,REP FOR DELEGATE DISTRICT EXECUTIVE COMMITTEE MALE 1ST D,,REP,NO CANDIDATE FILED,0
Hancock,PRECINCT 11,REP FOR DELEGATE DISTRICT EXECUTIVE COMMITTEE MALE 1ST D,,REP,NO CANDIDATE FILED,0
Hancock,PRECINCT 12,REP FOR DELEGATE DISTRICT EXECUTIVE COMMITTEE MALE 1ST D,,REP,NO CANDIDATE FILED,0
Hancock,PRECINCT 13,REP FOR DELEGATE DISTRICT EXECUTIVE COMMITTEE MALE 1ST D,,REP,NO CANDIDATE FILED,0
Hancock,PRECINCT 25,REP FOR DELEGATE DISTRICT EXECUTIVE COMMITTEE MALE 1ST D,,REP,NO CANDIDATE FILED,0
Hancock,PRECINCT 27,REP FOR DELEGATE DISTRICT EXECUTIVE COMMITTEE MALE 1ST D,,REP,NO CANDIDATE FILED,0
Hancock,PRECINCT 28,REP FOR DELEGATE DISTRICT EXECUTIVE COMMITTEE MALE 1ST D,,REP,NO CANDIDATE FILED,0
Hancock,PRECINCT 1,DEM FOR DELEGATE DISTRICT EXECUTIVE COMMITTEE MALE 1ST D,,DEM,NO CANDIDATE FILED,0
Hancock,PRECINCT 2,DEM FOR DELEGATE DISTRICT EXECUTIVE COMMITTEE MALE 1ST D,,DEM,NO CANDIDATE FILED,0
Hancock,PRECINCT 3,DEM FOR DELEGATE DISTRICT EXECUTIVE COMMITTEE MALE 1ST D,,DEM,NO CANDIDATE FILED,0
Hancock,PRECINCT 5,DEM FOR DELEGATE DISTRICT EXECUTIVE COMMITTEE MALE 1ST D,,DEM,NO CANDIDATE FILED,0
Hancock,PRECINCT 6,DEM FOR DELEGATE DISTRICT EXECUTIVE COMMITTEE MALE 1ST D,,DEM,NO CANDIDATE FILED,0
Hancock,PRECINCT 7,DEM FOR DELEGATE DISTRICT EXECUTIVE COMMITTEE MALE 1ST D,,DEM,NO CANDIDATE FILED,0
Hancock,PRECINCT 8,DEM FOR DELEGATE DISTRICT EXECUTIVE COMMITTEE MALE 1ST D,,DEM,NO CANDIDATE FILED,0
Hancock,PRECINCT 9,DEM FOR DELEGATE DISTRICT EXECUTIVE COMMITTEE MALE 1ST D,,DEM,NO CANDIDATE FILED,0
Hancock,PRECINCT 10,DEM FOR DELEGATE DISTRICT EXECUTIVE COMMITTEE MALE 1ST D,,DEM,NO CANDIDATE FILED,0
Hancock,PRECINCT 11,DEM FOR DELEGATE DISTRICT EXECUTIVE COMMITTEE MALE 1ST D,,DEM,NO CANDIDATE FILED,0
Hancock,PRECINCT 12,DEM FOR DELEGATE DISTRICT EXECUTIVE COMMITTEE MALE 1ST D,,DEM,NO CANDIDATE FILED,0
Hancock,PRECINCT 13,DEM FOR DELEGATE DISTRICT EXECUTIVE COMMITTEE MALE 1ST D,,DEM,NO CANDIDATE FILED,0
Hancock,PRECINCT 25,DEM FOR DELEGATE DISTRICT EXECUTIVE COMMITTEE MALE 1ST D,,DEM,NO CANDIDATE FILED,0
Hancock,PRECINCT 27,DEM FOR DELEGATE DISTRICT EXECUTIVE COMMITTEE MALE 1ST D,,DEM,NO CANDIDATE FILED,0
Hancock,PRECINCT 28,DEM FOR DELEGATE DISTRICT EXECUTIVE COMMITTEE MALE 1ST D,,DEM,NO CANDIDATE FILED,0
Hancock,PRECINCT 14,REP FOR DELEGATE DISTRICT EXECUTIVE COMMITTEE FEMALE 2ND,,REP,NO CANDIDATE FILED,0
Hancock,PRECINCT 16,REP FOR DELEGATE DISTRICT EXECUTIVE COMMITTEE FEMALE 2ND,,REP,NO CANDIDATE FILED,0
Hancock,PRECINCT 17,REP FOR DELEGATE DISTRICT EXECUTIVE COMMITTEE FEMALE 2ND,,REP,NO CANDIDATE FILED,0
Hancock,PRECINCT 19,REP FOR DELEGATE DISTRICT EXECUTIVE COMMITTEE FEMALE 2ND,,REP,NO CANDIDATE FILED,0
Hancock,PRECINCT 20,REP FOR DELEGATE DISTRICT EXECUTIVE COMMITTEE FEMALE 2ND,,REP,NO CANDIDATE FILED,0
Hancock,PRECINCT 21,REP FOR DELEGATE DISTRICT EXECUTIVE COMMITTEE FEMALE 2ND,,REP,NO CANDIDATE FILED,0
Hancock,PRECINCT 22,REP FOR DELEGATE DISTRICT EXECUTIVE COMMITTEE FEMALE 2ND,,REP,NO CANDIDATE FILED,0
Hancock,PRECINCT 23,REP FOR DELEGATE DISTRICT EXECUTIVE COMMITTEE FEMALE 2ND,,REP,NO CANDIDATE FILED,0
Hancock,PRECINCT 24,REP FOR DELEGATE DISTRICT EXECUTIVE COMMITTEE FEMALE 2ND,,REP,NO CANDIDATE FILED,0
Hancock,PRECINCT 14,DEM FOR DELEGATE DISTRICT EXECUTIVE COMMITTEE FEMALE 2ND,,DEM,NO CANDIDATE FILED,0
Hancock,PRECINCT 16,DEM FOR DELEGATE DISTRICT EXECUTIVE COMMITTEE FEMALE 2ND,,DEM,NO CANDIDATE FILED,0
Hancock,PRECINCT 17,DEM FOR DELEGATE DISTRICT EXECUTIVE COMMITTEE FEMALE 2ND,,DEM,NO CANDIDATE FILED,0
Hancock,PRECINCT 19,DEM FOR DELEGATE DISTRICT EXECUTIVE COMMITTEE FEMALE 2ND,,DEM,NO CANDIDATE FILED,0
Hancock,PRECINCT 20,DEM FOR DELEGATE DISTRICT EXECUTIVE COMMITTEE FEMALE 2ND,,DEM,NO CANDIDATE FILED,0
Hancock,PRECINCT 21,DEM FOR DELEGATE DISTRICT EXECUTIVE COMMITTEE FEMALE 2ND,,DEM,NO CANDIDATE FILED,0
Hancock,PRECINCT 22,DEM FOR DELEGATE DISTRICT EXECUTIVE COMMITTEE FEMALE 2ND,,DEM,NO CANDIDATE FILED,0
Hancock,PRECINCT 23,DEM FOR DELEGATE DISTRICT EXECUTIVE COMMITTEE FEMALE 2ND,,DEM,NO CANDIDATE FILED,0
Hancock,PRECINCT 24,DEM FOR DELEGATE DISTRICT EXECUTIVE COMMITTEE FEMALE 2ND,,DEM,NO CANDIDATE FILED,0
Hancock,PRECINCT 14,REP FOR DELEGATE DISTRICT EXECUTIVE COMMITTEE MALE 2ND D,,REP,NO CANDIDATE FILED,0
Hancock,PRECINCT 16,REP FOR DELEGATE DISTRICT EXECUTIVE COMMITTEE MALE 2ND D,,REP,NO CANDIDATE FILED,0
Hancock,PRECINCT 17,REP FOR DELEGATE DISTRICT EXECUTIVE COMMITTEE MALE 2ND D,,REP,NO CANDIDATE FILED,0
Hancock,PRECINCT 19,REP FOR DELEGATE DISTRICT EXECUTIVE COMMITTEE MALE 2ND D,,REP,NO CANDIDATE FILED,0
Hancock,PRECINCT 20,REP FOR DELEGATE DISTRICT EXECUTIVE COMMITTEE MALE 2ND D,,REP,NO CANDIDATE FILED,0
Hancock,PRECINCT 21,REP FOR DELEGATE DISTRICT EXECUTIVE COMMITTEE MALE 2ND D,,REP,NO CANDIDATE FILED,0
Hancock,PRECINCT 22,REP FOR DELEGATE DISTRICT EXECUTIVE COMMITTEE MALE 2ND D,,REP,NO CANDIDATE FILED,0
Hancock,PRECINCT 23,REP FOR DELEGATE DISTRICT EXECUTIVE COMMITTEE MALE 2ND D,,REP,NO CANDIDATE FILED,0
Hancock,PRECINCT 24,REP FOR DELEGATE DISTRICT EXECUTIVE COMMITTEE MALE 2ND D,,REP,NO CANDIDATE FILED,0
Hancock,PRECINCT 14,DEM FOR DELEGATE DISTRICT EXECUTIVE COMMITTEE MALE 2ND D,,DEM,NO CANDIDATE FILED,0
Hancock,PRECINCT 16,DEM FOR DELEGATE DISTRICT EXECUTIVE COMMITTEE MALE 2ND D,,DEM,NO CANDIDATE FILED,0
Hancock,PRECINCT 17,DEM FOR DELEGATE DISTRICT EXECUTIVE COMMITTEE MALE 2ND D,,DEM,NO CANDIDATE FILED,0
Hancock,PRECINCT 19,DEM FOR DELEGATE DISTRICT EXECUTIVE COMMITTEE MALE 2ND D,,DEM,NO CANDIDATE FILED,0
Hancock,PRECINCT 20,DEM FOR DELEGATE DISTRICT EXECUTIVE COMMITTEE MALE 2ND D,,DEM,NO CANDIDATE FILED,0
Hancock,PRECINCT 21,DEM FOR DELEGATE DISTRICT EXECUTIVE COMMITTEE MALE 2ND D,,DEM,NO CANDIDATE FILED,0
Hancock,PRECINCT 22,DEM FOR DELEGATE DISTRICT EXECUTIVE COMMITTEE MALE 2ND D,,DEM,NO CANDIDATE FILED,0
Hancock,PRECINCT 23,DEM FOR DELEGATE DISTRICT EXECUTIVE COMMITTEE MALE 2ND D,,DEM,NO CANDIDATE FILED,0
Hancock,PRECINCT 24,DEM FOR DELEGATE DISTRICT EXECUTIVE COMMITTEE MALE 2ND D,,DEM,NO CANDIDATE FILED,0
Hancock,PRECINCT 1,Supreme Court of Appeals,,,JIM HORSTMAN,11
Hancock,PRECINCT 2,Supreme Court of Appeals,,,JIM HORSTMAN,7
Hancock,PRECINCT 3,Supreme Court of Appeals,,,JIM HORSTMAN,15
Hancock,PRECINCT 5,Supreme Court of Appeals,,,JIM HORSTMAN,9
Hancock,PRECINCT 6,Supreme Court of Appeals,,,JIM HORSTMAN,36
Hancock,PRECINCT 7,Supreme Court of Appeals,,,JIM HORSTMAN,21
Hancock,PRECINCT 8,Supreme Court of Appeals,,,JIM HORSTMAN,47
Hancock,PRECINCT 9,Supreme Court of Appeals,,,JIM HORSTMAN,28
Hancock,PRECINCT 10,Supreme Court of Appeals,,,JIM HORSTMAN,26
Hancock,PRECINCT 11,Supreme Court of Appeals,,,JIM HORSTMAN,49
Hancock,PRECINCT 12,Supreme Court of Appeals,,,JIM HORSTMAN,112
Hancock,PRECINCT 13,Supreme Court of Appeals,,,JIM HORSTMAN,70
Hancock,PRECINCT 14,Supreme Court of Appeals,,,JIM HORSTMAN,61
Hancock,PRECINCT 16,Supreme Court of Appeals,,,JIM HORSTMAN,30
Hancock,PRECINCT 17,Supreme Court of Appeals,,,JIM HORSTMAN,160
Hancock,PRECINCT 19,Supreme Court of Appeals,,,JIM HORSTMAN,85
Hancock,PRECINCT 20,Supreme Court of Appeals,,,JIM HORSTMAN,122
Hancock,PRECINCT 21,Supreme Court of Appeals,,,JIM HORSTMAN,85
Hancock,PRECINCT 22,Supreme Court of Appeals,,,JIM HORSTMAN,70
Hancock,PRECINCT 23,Supreme Court of Appeals,,,JIM HORSTMAN,65
Hancock,PRECINCT 24,Supreme Court of Appeals,,,JIM HORSTMAN,83
Hancock,PRECINCT 25,Supreme Court of Appeals,,,JIM HORSTMAN,193
Hancock,PRECINCT 27,Supreme Court of Appeals,,,JIM HORSTMAN,143
Hancock,PRECINCT 28,Supreme Court of Appeals,,,JIM HORSTMAN,99
Hancock,PRECINCT 1,Supreme Court of Appeals,,,GERARD SPENCER,20
Hancock,PRECINCT 2,Supreme Court of Appeals,,,GERARD SPENCER,28
Hancock,PRECINCT 3,Supreme Court of Appeals,,,GERARD SPENCER,25
Hancock,PRECINCT 5,Supreme Court of Appeals,,,GERARD SPENCER,22
Hancock,PRECINCT 6,Supreme Court of Appeals,,,GERARD SPENCER,55
Hancock,PRECINCT 7,Supreme Court of Appeals,,,GERARD SPENCER,32
Hancock,PRECINCT 8,Supreme Court of Appeals,,,GERARD SPENCER,82
Hancock,PRECINCT 9,Supreme Court of Appeals,,,GERARD SPENCER,65
Hancock,PRECINCT 10,Supreme Court of Appeals,,,GERARD SPENCER,60
Hancock,PRECINCT 11,Supreme Court of Appeals,,,GERARD SPENCER,91
Hancock,PRECINCT 12,Supreme Court of Appeals,,,GERARD SPENCER,123
Hancock,PRECINCT 13,Supreme Court of Appeals,,,GERARD SPENCER,62
Hancock,PRECINCT 14,Supreme Court of Appeals,,,GERARD SPENCER,74
Hancock,PRECINCT 16,Supreme Court of Appeals,,,GERARD SPENCER,56
Hancock,PRECINCT 17,Supreme Court of Appeals,,,GERARD SPENCER,135
Hancock,PRECINCT 19,Supreme Court of Appeals,,,GERARD SPENCER,87
Hancock,PRECINCT 20,Supreme Court of Appeals,,,GERARD SPENCER,158
Hancock,PRECINCT 21,Supreme Court of Appeals,,,GERARD SPENCER,103
Hancock,PRECINCT 22,Supreme Court of Appeals,,,GERARD SPENCER,75
Hancock,PRECINCT 23,Supreme Court of Appeals,,,GERARD SPENCER,62
Hancock,PRECINCT 24,Supreme Court of Appeals,,,GERARD SPENCER,87
Hancock,PRECINCT 25,Supreme Court of Appeals,,,GERARD SPENCER,180
Hancock,PRECINCT 27,Supreme Court of Appeals,,,GERARD SPENCER,130
Hancock,PRECINCT 28,Supreme Court of Appeals,,,GERARD SPENCER,90
Hancock,PRECINCT 1,Supreme Court of Appeals,,,ED FIELDS,107
Hancock,PRECINCT 2,Supreme Court of Appeals,,,ED FIELDS,102
Hancock,PRECINCT 3,Supreme Court of Appeals,,,ED FIELDS,128
Hancock,PRECINCT 5,Supreme Court of Appeals,,,ED FIELDS,64
Hancock,PRECINCT 6,Supreme Court of Appeals,,,ED FIELDS,207
Hancock,PRECINCT 7,Supreme Court of Appeals,,,ED FIELDS,60
Hancock,PRECINCT 8,Supreme Court of Appeals,,,ED FIELDS,214
Hancock,PRECINCT 9,Supreme Court of Appeals,,,ED FIELDS,172
Hancock,PRECINCT 10,Supreme Court of Appeals,,,ED FIELDS,131
Hancock,PRECINCT 11,Supreme Court of Appeals,,,ED FIELDS,150
Hancock,PRECINCT 12,Supreme Court of Appeals,,,ED FIELDS,89
Hancock,PRECINCT 13,Supreme Court of Appeals,,,ED FIELDS,50
Hancock,PRECINCT 14,Supreme Court of Appeals,,,ED FIELDS,30
Hancock,PRECINCT 16,Supreme Court of Appeals,,,ED FIELDS,14
Hancock,PRECINCT 17,Supreme Court of Appeals,,,ED FIELDS,55
Hancock,PRECINCT 19,Supreme Court of Appeals,,,ED FIELDS,37
Hancock,PRECINCT 20,Supreme Court of Appeals,,,ED FIELDS,66
Hancock,PRECINCT 21,Supreme Court of Appeals,,,ED FIELDS,35
Hancock,PRECINCT 22,Supreme Court of Appeals,,,ED FIELDS,28
Hancock,PRECINCT 23,Supreme Court of Appeals,,,ED FIELDS,17
Hancock,PRECINCT 24,Supreme Court of Appeals,,,ED FIELDS,49
Hancock,PRECINCT 25,Supreme Court of Appeals,,,ED FIELDS,62
Hancock,PRECINCT 27,Supreme Court of Appeals,,,ED FIELDS,46
Hancock,PRECINCT 28,Supreme Court of Appeals,,,ED FIELDS,37
Hancock,PRECINCT 1,Supreme Court of Appeals,,,PHILIP RUJAK,35
Hancock,PRECINCT 2,Supreme Court of Appeals,,,PHILIP RUJAK,30
Hancock,PRECINCT 3,Supreme Court of Appeals,,,PHILIP RUJAK,26
Hancock,PRECINCT 5,Supreme Court of Appeals,,,PHILIP RUJAK,17
Hancock,PRECINCT 6,Supreme Court of Appeals,,,PHILIP RUJAK,70
Hancock,PRECINCT 7,Supreme Court of Appeals,,,PHILIP RUJAK,23
Hancock,PRECINCT 8,Supreme Court of Appeals,,,PHILIP RUJAK,71
Hancock,PRECINCT 9,Supreme Court of Appeals,,,PHILIP RUJAK,60
Hancock,PRECINCT 10,Supreme Court of Appeals,,,PHILIP RUJAK,42
Hancock,PRECINCT 11,Supreme Court of Appeals,,,PHILIP RUJAK,61
Hancock,PRECINCT 12,Supreme Court of Appeals,,,PHILIP RUJAK,53
Hancock,PRECINCT 13,Supreme Court of Appeals,,,PHILIP RUJAK,47
Hancock,PRECINCT 14,Supreme Court of Appeals,,,PHILIP RUJAK,46
Hancock,PRECINCT 16,Supreme Court of Appeals,,,PHILIP RUJAK,22
Hancock,PRECINCT 17,Supreme Court of Appeals,,,PHILIP RUJAK,100
Hancock,PRECINCT 19,Supreme Court of Appeals,,,PHILIP RUJAK,50
Hancock,PRECINCT 20,Supreme Court of Appeals,,,PHILIP RUJAK,66
Hancock,PRECINCT 21,Supreme Court of Appeals,,,PHILIP RUJAK,54
Hancock,PRECINCT 22,Supreme Court of Appeals,,,PHILIP RUJAK,48
Hancock,PRECINCT 23,Supreme Court of Appeals,,,PHILIP RUJAK,52
Hancock,PRECINCT 24,Supreme Court of Appeals,,,PHILIP RUJAK,59
Hancock,PRECINCT 25,Supreme Court of Appeals,,,PHILIP RUJAK,130
Hancock,PRECINCT 27,Supreme Court of Appeals,,,PHILIP RUJAK,113
Hancock,PRECINCT 28,Supreme Court of Appeals,,,PHILIP RUJAK,67
Hancock,PRECINCT 1,Supreme Court of Appeals,,,DANNY KASER,95
Hancock,PRECINCT 2,Supreme Court of Appeals,,,DANNY KASER,90
Hancock,PRECINCT 3,Supreme Court of Appeals,,,DANNY KASER,130
Hancock,PRECINCT 5,Supreme Court of Appeals,,,DANNY KASER,67
Hancock,PRECINCT 6,Supreme Court of Appeals,,,DANNY KASER,154
Hancock,PRECINCT 7,Supreme Court of Appeals,,,DANNY KASER,68
Hancock,PRECINCT 8,Supreme Court of Appeals,,,DANNY KASER,168
Hancock,PRECINCT 9,Supreme Court of Appeals,,,DANNY KASER,118
Hancock,PRECINCT 10,Supreme Court of Appeals,,,DANNY KASER,62
Hancock,PRECINCT 11,Supreme Court of Appeals,,,DANNY KASER,92
Hancock,PRECINCT 12,Supreme Court of Appeals,,,DANNY KASER,78
Hancock,PRECINCT 13,Supreme Court of Appeals,,,DANNY KASER,35
Hancock,PRECINCT 14,Supreme Court of Appeals,,,DANNY KASER,31
Hancock,PRECINCT 16,Supreme Court of Appeals,,,DANNY KASER,11
Hancock,PRECINCT 17,Supreme Court of Appeals,,,DANNY KASER,31
Hancock,PRECINCT 19,Supreme Court of Appeals,,,DANNY KASER,29
Hancock,PRECINCT 20,Supreme Court of Appeals,,,DANNY KASER,47
Hancock,PRECINCT 21,Supreme Court of Appeals,,,DANNY KASER,43
Hancock,PRECINCT 22,Supreme Court of Appeals,,,DANNY KASER,32
Hancock,PRECINCT 23,Supreme Court of Appeals,,,DANNY KASER,27
Hancock,PRECINCT 24,Supreme Court of Appeals,,,DANNY KASER,38
Hancock,PRECINCT 25,Supreme Court of Appeals,,,DANNY KASER,59
Hancock,PRECINCT 27,Supreme Court of Appeals,,,DANNY KASER,43
Hancock,PRECINCT 28,Supreme Court of Appeals,,,DANNY KASER,27
Hancock,PRECINCT 1,Supreme Court of Appeals,,,DR. GREGORY ALBERT BALDT,16
Hancock,PRECINCT 2,Supreme Court of Appeals,,,DR. GREGORY ALBERT BALDT,15
Hancock,PRECINCT 3,Supreme Court of Appeals,,,DR. GREGORY ALBERT BALDT,21
Hancock,PRECINCT 5,Supreme Court of Appeals,,,DR. GREGORY ALBERT BALDT,16
Hancock,PRECINCT 6,Supreme Court of Appeals,,,DR. GREGORY ALBERT BALDT,41
Hancock,PRECINCT 7,Supreme Court of Appeals,,,DR. GREGORY ALBERT BALDT,22
Hancock,PRECINCT 8,Supreme Court of Appeals,,,DR. GREGORY ALBERT BALDT,35
Hancock,PRECINCT 9,Supreme Court of Appeals,,,DR. GREGORY ALBERT BALDT,22
Hancock,PRECINCT 10,Supreme Court of Appeals,,,DR. GREGORY ALBERT BALDT,11
Hancock,PRECINCT 11,Supreme Court of Appeals,,,DR. GREGORY ALBERT BALDT,25
Hancock,PRECINCT 12,Supreme Court of Appeals,,,DR. GREGORY ALBERT BALDT,48
Hancock,PRECINCT 13,Supreme Court of Appeals,,,DR. GREGORY ALBERT BALDT,42
Hancock,PRECINCT 14,Supreme Court of Appeals,,,DR. GREGORY ALBERT BALDT,25
Hancock,PRECINCT 16,Supreme Court of Appeals,,,DR. GREGORY ALBERT BALDT,15
Hancock,PRECINCT 17,Supreme Court of Appeals,,,DR. GREGORY ALBERT BALDT,34
Hancock,PRECINCT 19,Supreme Court of Appeals,,,DR. GREGORY ALBERT BALDT,44
Hancock,PRECINCT 20,Supreme Court of Appeals,,,DR. GREGORY ALBERT BALDT,58
Hancock,PRECINCT 21,Supreme Court of Appeals,,,DR. GREGORY ALBERT BALDT,35
Hancock,PRECINCT 22,Supreme Court of Appeals,,,DR. GREGORY ALBERT BALDT,26
Hancock,PRECINCT 23,Supreme Court of Appeals,,,DR. GREGORY ALBERT BALDT,33
Hancock,PRECINCT 24,Supreme Court of Appeals,,,DR. GREGORY ALBERT BALDT,40
Hancock,PRECINCT 25,Supreme Court of Appeals,,,DR. GREGORY ALBERT BALDT,76
Hancock,PRECINCT 27,Supreme Court of Appeals,,,DR. GREGORY ALBERT BALDT,41
Hancock,PRECINCT 28,Supreme Court of Appeals,,,DR. GREGORY ALBERT BALDT,43
Hancock,PRECINCT 1,Supreme Court of Appeals,,,SETH A CHEUVRONT,66
Hancock,PRECINCT 2,Supreme Court of Appeals,,,SETH A CHEUVRONT,84
Hancock,PRECINCT 3,Supreme Court of Appeals,,,SETH A CHEUVRONT,129
Hancock,PRECINCT 5,Supreme Court of Appeals,,,SETH A CHEUVRONT,62
Hancock,PRECINCT 6,Supreme Court of Appeals,,,SETH A CHEUVRONT,131
Hancock,PRECINCT 7,Supreme Court of Appeals,,,SETH A CHEUVRONT,50
Hancock,PRECINCT 8,Supreme Court of Appeals,,,SETH A CHEUVRONT,109
Hancock,PRECINCT 9,Supreme Court of Appeals,,,SETH A CHEUVRONT,98
Hancock,PRECINCT 10,Supreme Court of Appeals,,,SETH A CHEUVRONT,57
Hancock,PRECINCT 11,Supreme Court of Appeals,,,SETH A CHEUVRONT,60
Hancock,PRECINCT 12,Supreme Court of Appeals,,,SETH A CHEUVRONT,33
Hancock,PRECINCT 13,Supreme Court of Appeals,,,SETH A CHEUVRONT,24
Hancock,PRECINCT 14,Supreme Court of Appeals,,,SETH A CHEUVRONT,15
Hancock,PRECINCT 16,Supreme Court of Appeals,,,SETH A CHEUVRONT,10
Hancock,PRECINCT 17,Supreme Court of Appeals,,,SETH A CHEUVRONT,16
Hancock,PRECINCT 19,Supreme Court of Appeals,,,SETH A CHEUVRONT,15
Hancock,PRECINCT 20,Supreme Court of Appeals,,,SETH A CHEUVRONT,15
Hancock,PRECINCT 21,Supreme Court of Appeals,,,SETH A CHEUVRONT,12
Hancock,PRECINCT 22,Supreme Court of Appeals,,,SETH A CHEUVRONT,12
Hancock,PRECINCT 23,Supreme Court of Appeals,,,SETH A CHEUVRONT,12
Hancock,PRECINCT 24,Supreme Court of Appeals,,,SETH A CHEUVRONT,17
Hancock,PRECINCT 25,Supreme Court of Appeals,,,SETH A CHEUVRONT,18
Hancock,PRECINCT 27,Supreme Court of Appeals,,,SETH A CHEUVRONT,11
Hancock,PRECINCT 28,Supreme Court of Appeals,,,SETH A CHEUVRONT,17
Hancock,PRECINCT 1,Supreme Court of Appeals,,,CHRISTINA LEE FAIR,23
Hancock,PRECINCT 2,Supreme Court of Appeals,,,CHRISTINA LEE FAIR,19
Hancock,PRECINCT 3,Supreme Court of Appeals,,,CHRISTINA LEE FAIR,33
Hancock,PRECINCT 5,Supreme Court of Appeals,,,CHRISTINA LEE FAIR,15
Hancock,PRECINCT 6,Supreme Court of Appeals,,,CHRISTINA LEE FAIR,44
Hancock,PRECINCT 7,Supreme Court of Appeals,,,CHRISTINA LEE FAIR,11
Hancock,PRECINCT 8,Supreme Court of Appeals,,,CHRISTINA LEE FAIR,48
Hancock,PRECINCT 9,Supreme Court of Appeals,,,CHRISTINA LEE FAIR,31
Hancock,PRECINCT 10,Supreme Court of Appeals,,,CHRISTINA LEE FAIR,30
Hancock,PRECINCT 11,Supreme Court of Appeals,,,CHRISTINA LEE FAIR,36
Hancock,PRECINCT 12,Supreme Court of Appeals,,,CHRISTINA LEE FAIR,92
Hancock,PRECINCT 13,Supreme Court of Appeals,,,CHRISTINA LEE FAIR,47
Hancock,PRECINCT 14,Supreme Court of Appeals,,,CHRISTINA LEE FAIR,59
Hancock,PRECINCT 16,Supreme Court of Appeals,,,CHRISTINA LEE FAIR,29
Hancock,PRECINCT 17,Supreme Court of Appeals,,,CHRISTINA LEE FAIR,61
Hancock,PRECINCT 19,Supreme Court of Appeals,,,CHRISTINA LEE FAIR,55
Hancock,PRECINCT 20,Supreme Court of Appeals,,,CHRISTINA LEE FAIR,77
Hancock,PRECINCT 21,Supreme Court of Appeals,,,CHRISTINA LEE FAIR,50
Hancock,PRECINCT 22,Supreme Court of Appeals,,,CHRISTINA LEE FAIR,40
Hancock,PRECINCT 23,Supreme Court of Appeals,,,CHRISTINA LEE FAIR,45
Hancock,PRECINCT 24,Supreme Court of Appeals,,,CHRISTINA LEE FAIR,61
Hancock,PRECINCT 25,Supreme Court of Appeals,,,CHRISTINA LEE FAIR,107
Hancock,PRECINCT 27,Supreme Court of Appeals,,,CHRISTINA LEE FAIR,65
Hancock,PRECINCT 28,Supreme Court of Appeals,,,CHRISTINA LEE FAIR,49
Hancock,PRECINCT 1,FOR CONSERVATION DISTRICT SUPERVISOR,,,JIM ANDERSON,133
Hancock,PRECINCT 2,FOR CONSERVATION DISTRICT SUPERVISOR,,,JIM ANDERSON,128
Hancock,PRECINCT 3,FOR CONSERVATION DISTRICT SUPERVISOR,,,JIM ANDERSON,187
Hancock,PRECINCT 5,FOR CONSERVATION DISTRICT SUPERVISOR,,,JIM ANDERSON,101
Hancock,PRECINCT 6,FOR CONSERVATION DISTRICT SUPERVISOR,,,JIM ANDERSON,274
Hancock,PRECINCT 7,FOR CONSERVATION DISTRICT SUPERVISOR,,,JIM ANDERSON,96
Hancock,PRECINCT 8,FOR CONSERVATION DISTRICT SUPERVISOR,,,JIM ANDERSON,279
Hancock,PRECINCT 9,FOR CONSERVATION DISTRICT SUPERVISOR,,,JIM ANDERSON,212
Hancock,PRECINCT 10,FOR CONSERVATION DISTRICT SUPERVISOR,,,JIM ANDERSON,142
Hancock,PRECINCT 11,FOR CONSERVATION DISTRICT SUPERVISOR,,,JIM ANDERSON,197
Hancock,PRECINCT 12,FOR CONSERVATION DISTRICT SUPERVISOR,,,JIM ANDERSON,221
Hancock,PRECINCT 13,FOR CONSERVATION DISTRICT SUPERVISOR,,,JIM ANDERSON,135
Hancock,PRECINCT 14,FOR CONSERVATION DISTRICT SUPERVISOR,,,JIM ANDERSON,112
Hancock,PRECINCT 16,FOR CONSERVATION DISTRICT SUPERVISOR,,,JIM ANDERSON,61
Hancock,PRECINCT 17,FOR CONSERVATION DISTRICT SUPERVISOR,,,JIM ANDERSON,185
Hancock,PRECINCT 19,FOR CONSERVATION DISTRICT SUPERVISOR,,,JIM ANDERSON,128
Hancock,PRECINCT 20,FOR CONSERVATION DISTRICT SUPERVISOR,,,JIM ANDERSON,190
Hancock,PRECINCT 21,FOR CONSERVATION DISTRICT SUPERVISOR,,,JIM ANDERSON,146
Hancock,PRECINCT 22,FOR CONSERVATION DISTRICT SUPERVISOR,,,JIM ANDERSON,118
Hancock,PRECINCT 23,FOR CONSERVATION DISTRICT SUPERVISOR,,,JIM ANDERSON,92
Hancock,PRECINCT 24,FOR CONSERVATION DISTRICT SUPERVISOR,,,JIM ANDERSON,140
Hancock,PRECINCT 25,FOR CONSERVATION DISTRICT SUPERVISOR,,,JIM ANDERSON,256
Hancock,PRECINCT 27,FOR CONSERVATION DISTRICT SUPERVISOR,,,JIM ANDERSON,195
Hancock,PRECINCT 28,FOR CONSERVATION DISTRICT SUPERVISOR,,,JIM ANDERSON,144
Hancock,PRECINCT 20,REP FOR COUNTY EXECUTIVE COMMITTEE,,REP,BARBARA MAJORIS,111
Hancock,PRECINCT 22,REP FOR COUNTY EXECUTIVE COMMITTEE,,REP,BARBARA MAJORIS,60
Hancock,PRECINCT 24,REP FOR COUNTY EXECUTIVE COMMITTEE,,REP,BARBARA MAJORIS,89
Hancock,PRECINCT 20,DEM FOR COUNTY EXECUTIVE COMMITTEE,,DEM,NO CANDIDATE FILED,0
Hancock,PRECINCT 22,DEM FOR COUNTY EXECUTIVE COMMITTEE,,DEM,NO CANDIDATE FILED,0
Hancock,PRECINCT 24,DEM FOR COUNTY EXECUTIVE COMMITTEE,,DEM,NO CANDIDATE FILED,0
Hancock,PRECINCT 20,REP FOR COUNTY EXECUTIVE COMMITTEE,,REP,GEORGE ROMAGE,107
Hancock,PRECINCT 22,REP FOR COUNTY EXECUTIVE COMMITTEE,,REP,GEORGE ROMAGE,59
Hancock,PRECINCT 24,REP FOR COUNTY EXECUTIVE COMMITTEE,,REP,GEORGE ROMAGE,86
Hancock,PRECINCT 21,REP FOR COUNTY EXECUTIVE COMMITTEE,,REP,CHRISTINE B. PIERCE,75
Hancock,PRECINCT 23,REP FOR COUNTY EXECUTIVE COMMITTEE,,REP,CHRISTINE B. PIERCE,49
Hancock,PRECINCT 25,REP FOR COUNTY EXECUTIVE COMMITTEE,,REP,CHRISTINE B. PIERCE,138
Hancock,PRECINCT 21,DEM FOR COUNTY EXECUTIVE COMMITTEE,,DEM,KATHY LINK,68
Hancock,PRECINCT 23,DEM FOR COUNTY EXECUTIVE COMMITTEE,,DEM,KATHY LINK,46
Hancock,PRECINCT 25,DEM FOR COUNTY EXECUTIVE COMMITTEE,,DEM,KATHY LINK,127
Hancock,PRECINCT 21,REP FOR COUNTY EXECUTIVE COMMITTEE,,REP,MARK ZATEZALO,81
Hancock,PRECINCT 23,REP FOR COUNTY EXECUTIVE COMMITTEE,,REP,MARK ZATEZALO,54
Hancock,PRECINCT 25,REP FOR COUNTY EXECUTIVE COMMITTEE,,REP,MARK ZATEZALO,156
Hancock,PRECINCT 21,DEM FOR COUNTY EXECUTIVE COMMITTEE,,DEM,NO CANDIDATE FILED,0
Hancock,PRECINCT 23,DEM FOR COUNTY EXECUTIVE COMMITTEE,,DEM,NO CANDIDATE FILED,0
Hancock,PRECINCT 25,DEM FOR COUNTY EXECUTIVE COMMITTEE,,DEM,NO CANDIDATE FILED,0
Hancock,PRECINCT 27,REP FOR COUNTY EXECUTIVE COMMITTEE,,REP,ROSE ARNOLD,124
Hancock,PRECINCT 28,REP FOR COUNTY EXECUTIVE COMMITTEE,,REP,ROSE ARNOLD,88
Hancock,PRECINCT 27,DEM FOR COUNTY EXECUTIVE COMMITTEE,,DEM,NO CANDIDATE FILED,0
Hancock,PRECINCT 28,DEM FOR COUNTY EXECUTIVE COMMITTEE,,DEM,NO CANDIDATE FILED,0
Hancock,PRECINCT 27,REP FOR COUNTY EXECUTIVE COMMITTEE,,REP,JOHN MIHALYO,131
Hancock,PRECINCT 28,REP FOR COUNTY EXECUTIVE COMMITTEE,,REP,JOHN MIHALYO,89
Hancock,PRECINCT 10,REP FOR COUNTY EXECUTIVE COMMITTEE,,REP,LIZABETH GREGG-BALDT,60
Hancock,PRECINCT 11,REP FOR COUNTY EXECUTIVE COMMITTEE,,REP,LIZABETH GREGG-BALDT,135
Hancock,PRECINCT 12,REP FOR COUNTY EXECUTIVE COMMITTEE,,REP,LIZABETH GREGG-BALDT,128
Hancock,PRECINCT 10,DEM FOR COUNTY EXECUTIVE COMMITTEE,,DEM,NO CANDIDATE FILED,0
Hancock,PRECINCT 11,DEM FOR COUNTY EXECUTIVE COMMITTEE,,DEM,NO CANDIDATE FILED,0
Hancock,PRECINCT 12,DEM FOR COUNTY EXECUTIVE COMMITTEE,,DEM,NO CANDIDATE FILED,0
Hancock,PRECINCT 10,REP FOR COUNTY EXECUTIVE COMMITTEE,,REP,GREGORY BALDT,56
Hancock,PRECINCT 11,REP FOR COUNTY EXECUTIVE COMMITTEE,,REP,GREGORY BALDT,130
Hancock,PRECINCT 12,REP FOR COUNTY EXECUTIVE COMMITTEE,,REP,GREGORY BALDT,125
Hancock,PRECINCT 13,REP FOR COUNTY EXECUTIVE COMMITTEE,,REP,MICHELE LOUISE SLATES,80
Hancock,PRECINCT 14,REP FOR COUNTY EXECUTIVE COMMITTEE,,REP,MICHELE LOUISE SLATES,69
Hancock,PRECINCT 19,REP FOR COUNTY EXECUTIVE COMMITTEE,,REP,MICHELE LOUISE SLATES,82
Hancock,PRECINCT 13,DEM FOR COUNTY EXECUTIVE COMMITTEE,,DEM,NO CANDIDATE FILED,0
Hancock,PRECINCT 14,DEM FOR COUNTY EXECUTIVE COMMITTEE,,DEM,NO CANDIDATE FILED,0
Hancock,PRECINCT 19,DEM FOR COUNTY EXECUTIVE COMMITTEE,,DEM,NO CANDIDATE FILED,0
Hancock,PRECINCT 13,REP FOR COUNTY EXECUTIVE COMMITTEE,,REP,GEORGE VILLAGE,77
Hancock,PRECINCT 14,REP FOR COUNTY EXECUTIVE COMMITTEE,,REP,GEORGE VILLAGE,71
Hancock,PRECINCT 19,REP FOR COUNTY EXECUTIVE COMMITTEE,,REP,GEORGE VILLAGE,76
Hancock,PRECINCT 16,REP FOR COUNTY EXECUTIVE COMMITTEE,,REP,PEGGY A BALDT,33
Hancock,PRECINCT 17,REP FOR COUNTY EXECUTIVE COMMITTEE,,REP,PEGGY A BALDT,113
Hancock,PRECINCT 16,DEM FOR COUNTY EXECUTIVE COMMITTEE,,DEM,NO CANDIDATE FILED,0
Hancock,PRECINCT 17,DEM FOR COUNTY EXECUTIVE COMMITTEE,,DEM,NO CANDIDATE FILED,0
Hancock,PRECINCT 16,REP FOR COUNTY EXECUTIVE COMMITTEE,,REP,RICKEY E BALDT,32
Hancock,PRECINCT 17,REP FOR COUNTY EXECUTIVE COMMITTEE,,REP,RICKEY E BALDT,108
Hancock,PRECINCT 16,DEM FOR COUNTY EXECUTIVE COMMITTEE,,DEM,GEORGE ASH,34
Hancock,PRECINCT 17,DEM FOR COUNTY EXECUTIVE COMMITTEE,,DEM,GEORGE ASH,59
Hancock,PRECINCT 1,REP FOR COUNTY EXECUTIVE COMMITTEE,,REP,LORI OGDEN,81
Hancock,PRECINCT 2,REP FOR COUNTY EXECUTIVE COMMITTEE,,REP,LORI OGDEN,81
Hancock,PRECINCT 5,REP FOR COUNTY EXECUTIVE COMMITTEE,,REP,LORI OGDEN,66
Hancock,PRECINCT 1,DEM FOR COUNTY EXECUTIVE COMMITTEE,,DEM,PAM ALLISON,52
Hancock,PRECINCT 2,DEM FOR COUNTY EXECUTIVE COMMITTEE,,DEM,PAM ALLISON,59
Hancock,PRECINCT 5,DEM FOR COUNTY EXECUTIVE COMMITTEE,,DEM,PAM ALLISON,34
Hancock,PRECINCT 1,REP FOR COUNTY EXECUTIVE COMMITTEE,,REP,TOMMY OGDEN,80
Hancock,PRECINCT 2,REP FOR COUNTY EXECUTIVE COMMITTEE,,REP,TOMMY OGDEN,77
Hancock,PRECINCT 5,REP FOR COUNTY EXECUTIVE COMMITTEE,,REP,TOMMY OGDEN,64
Hancock,PRECINCT 1,DEM FOR COUNTY EXECUTIVE COMMITTEE,,DEM,NO CANDIDATE FILED,0
Hancock,PRECINCT 2,DEM FOR COUNTY EXECUTIVE COMMITTEE,,DEM,NO CANDIDATE FILED,0
Hancock,PRECINCT 5,DEM FOR COUNTY EXECUTIVE COMMITTEE,,DEM,NO CANDIDATE FILED,0
Hancock,PRECINCT 3,REP FOR COUNTY EXECUTIVE COMMITTEE,,REP,MELANIE K. TRELAINE,120
Hancock,PRECINCT 6,REP FOR COUNTY EXECUTIVE COMMITTEE,,REP,MELANIE K. TRELAINE,174
Hancock,PRECINCT 3,DEM FOR COUNTY EXECUTIVE COMMITTEE,,DEM,NO CANDIDATE FILED,0
Hancock,PRECINCT 6,DEM FOR COUNTY EXECUTIVE COMMITTEE,,DEM,NO CANDIDATE FILED,0
Hancock,PRECINCT 3,REP FOR COUNTY EXECUTIVE COMMITTEE,,REP,MARCUS TRELAINE,115
Hancock,PRECINCT 6,REP FOR COUNTY EXECUTIVE COMMITTEE,,REP,MARCUS TRELAINE,175
Hancock,PRECINCT 7,REP FOR COUNTY EXECUTIVE COMMITTEE,,REP,DONNA ZOOK,65
Hancock,PRECINCT 8,REP FOR COUNTY EXECUTIVE COMMITTEE,,REP,DONNA ZOOK,191
Hancock,PRECINCT 9,REP FOR COUNTY EXECUTIVE COMMITTEE,,REP,DONNA ZOOK,133
Hancock,PRECINCT 7,DEM FOR COUNTY EXECUTIVE COMMITTEE,,DEM,NO CANDIDATE FILED,0
Hancock,PRECINCT 8,DEM FOR COUNTY EXECUTIVE COMMITTEE,,DEM,NO CANDIDATE FILED,0
Hancock,PRECINCT 9,DEM FOR COUNTY EXECUTIVE COMMITTEE,,DEM,NO CANDIDATE FILED,0
Hancock,PRECINCT 7,REP FOR COUNTY EXECUTIVE COMMITTEE,,REP,MARK TETRAULT,65
Hancock,PRECINCT 8,REP FOR COUNTY EXECUTIVE COMMITTEE,,REP,MARK TETRAULT,199
Hancock,PRECINCT 9,REP FOR COUNTY EXECUTIVE COMMITTEE,,REP,MARK TETRAULT,141
