county,precinct,office,district,party,candidate,votes
Jackson,PRECINCT 1,BALLOTS CAST,,REP,BALLOTS CAST - REPUBLICAN,47
Jackson,PRECINCT 2,BALLOTS CAST,,REP,BALLOTS CAST - REPUBLICAN,64
Jackson,PRECINCT 3,BALLOTS CAST,,REP,BALLOTS CAST - REPUBLICAN,125
Jackson,PRECINCT 4,BALLOTS CAST,,REP,BALLOTS CAST - REPUBLICAN,44
Jackson,PRECINCT 5,BALLOTS CAST,,REP,BALLOTS CAST - REPUBLICAN,66
Jackson,PRECINCT 6,BALLOTS CAST,,REP,BALLOTS CAST - REPUBLICAN,92
Jackson,PRECINCT 7,BALLOTS CAST,,REP,BALLOTS CAST - REPUBLICAN,115
Jackson,PRECINCT 8,BALLOTS CAST,,REP,BALLOTS CAST - REPUBLICAN,70
Jackson,PRECINCT 9,BALLOTS CAST,,REP,BALLOTS CAST - REPUBLICAN,70
Jackson,PRECINCT 10,BALLOTS CAST,,REP,BALLOTS CAST - REPUBLICAN,94
Jackson,PRECINCT 11,BALLOTS CAST,,REP,BALLOTS CAST - REPUBLICAN,93
Jackson,PRECINCT 12,BALLOTS CAST,,REP,BALLOTS CAST - REPUBLICAN,164
Jackson,PRECINCT 13,BALLOTS CAST,,REP,BALLOTS CAST - REPUBLICAN,95
Jackson,PRECINCT 14,BALLOTS CAST,,REP,BALLOTS CAST - REPUBLICAN,187
Jackson,PRECINCT 15,BALLOTS CAST,,REP,BALLOTS CAST - REPUBLICAN,99
Jackson,PRECINCT 16,BALLOTS CAST,,REP,BALLOTS CAST - REPUBLICAN,241
Jackson,PRECINCT 17,BALLOTS CAST,,REP,BALLOTS CAST - REPUBLICAN,223
Jackson,PRECINCT 18,BALLOTS CAST,,REP,BALLOTS CAST - REPUBLICAN,257
Jackson,PRECINCT 19,BALLOTS CAST,,REP,BALLOTS CAST - REPUBLICAN,125
Jackson,PRECINCT 20,BALLOTS CAST,,REP,BALLOTS CAST - REPUBLICAN,66
Jackson,PRECINCT 21,BALLOTS CAST,,REP,BALLOTS CAST - REPUBLICAN,62
Jackson,PRECINCT 22,BALLOTS CAST,,REP,BALLOTS CAST - REPUBLICAN,180
Jackson,PRECINCT 23,BALLOTS CAST,,REP,BALLOTS CAST - REPUBLICAN,77
Jackson,PRECINCT 24,BALLOTS CAST,,REP,BALLOTS CAST - REPUBLICAN,40
Jackson,PRECINCT 25,BALLOTS CAST,,REP,BALLOTS CAST - REPUBLICAN,68
Jackson,PRECINCT 26,BALLOTS CAST,,REP,BALLOTS CAST - REPUBLICAN,53
Jackson,PRECINCT 27,BALLOTS CAST,,REP,BALLOTS CAST - REPUBLICAN,61
Jackson,PRECINCT 28,BALLOTS CAST,,REP,BALLOTS CAST - REPUBLICAN,222
Jackson,PRECINCT 29,BALLOTS CAST,,REP,BALLOTS CAST - REPUBLICAN,75
Jackson,PRECINCT 30,BALLOTS CAST,,REP,BALLOTS CAST - REPUBLICAN,105
Jackson,PRECINCT 1,BALLOTS CAST,,DEM,BALLOTS CAST - DEMOCRATIC,26
Jackson,PRECINCT 2,BALLOTS CAST,,DEM,BALLOTS CAST - DEMOCRATIC,41
Jackson,PRECINCT 3,BALLOTS CAST,,DEM,BALLOTS CAST - DEMOCRATIC,44
Jackson,PRECINCT 4,BALLOTS CAST,,DEM,BALLOTS CAST - DEMOCRATIC,18
Jackson,PRECINCT 5,BALLOTS CAST,,DEM,BALLOTS CAST - DEMOCRATIC,51
Jackson,PRECINCT 6,BALLOTS CAST,,DEM,BALLOTS CAST - DEMOCRATIC,61
Jackson,PRECINCT 7,BALLOTS CAST,,DEM,BALLOTS CAST - DEMOCRATIC,104
Jackson,PRECINCT 8,BALLOTS CAST,,DEM,BALLOTS CAST - DEMOCRATIC,57
Jackson,PRECINCT 9,BALLOTS CAST,,DEM,BALLOTS CAST - DEMOCRATIC,39
Jackson,PRECINCT 10,BALLOTS CAST,,DEM,BALLOTS CAST - DEMOCRATIC,30
Jackson,PRECINCT 11,BALLOTS CAST,,DEM,BALLOTS CAST - DEMOCRATIC,37
Jackson,PRECINCT 12,BALLOTS CAST,,DEM,BALLOTS CAST - DEMOCRATIC,56
Jackson,PRECINCT 13,BALLOTS CAST,,DEM,BALLOTS CAST - DEMOCRATIC,27
Jackson,PRECINCT 14,BALLOTS CAST,,DEM,BALLOTS CAST - DEMOCRATIC,83
Jackson,PRECINCT 15,BALLOTS CAST,,DEM,BALLOTS CAST - DEMOCRATIC,38
Jackson,PRECINCT 16,BALLOTS CAST,,DEM,BALLOTS CAST - DEMOCRATIC,97
Jackson,PRECINCT 17,BALLOTS CAST,,DEM,BALLOTS CAST - DEMOCRATIC,96
Jackson,PRECINCT 18,BALLOTS CAST,,DEM,BALLOTS CAST - DEMOCRATIC,70
Jackson,PRECINCT 19,BALLOTS CAST,,DEM,BALLOTS CAST - DEMOCRATIC,50
Jackson,PRECINCT 20,BALLOTS CAST,,DEM,BALLOTS CAST - DEMOCRATIC,47
Jackson,PRECINCT 21,BALLOTS CAST,,DEM,BALLOTS CAST - DEMOCRATIC,9
Jackson,PRECINCT 22,BALLOTS CAST,,DEM,BALLOTS CAST - DEMOCRATIC,89
Jackson,PRECINCT 23,BALLOTS CAST,,DEM,BALLOTS CAST - DEMOCRATIC,42
Jackson,PRECINCT 24,BALLOTS CAST,,DEM,BALLOTS CAST - DEMOCRATIC,18
Jackson,PRECINCT 25,BALLOTS CAST,,DEM,BALLOTS CAST - DEMOCRATIC,25
Jackson,PRECINCT 26,BALLOTS CAST,,DEM,BALLOTS CAST - DEMOCRATIC,18
Jackson,PRECINCT 27,BALLOTS CAST,,DEM,BALLOTS CAST - DEMOCRATIC,10
Jackson,PRECINCT 28,BALLOTS CAST,,DEM,BALLOTS CAST - DEMOCRATIC,55
Jackson,PRECINCT 29,BALLOTS CAST,,DEM,BALLOTS CAST - DEMOCRATIC,12
Jackson,PRECINCT 30,BALLOTS CAST,,DEM,BALLOTS CAST - DEMOCRATIC,26
Jackson,PRECINCT 1,BALLOTS CAST,,,BALLOTS CAST - NONPARTISAN,2
Jackson,PRECINCT 2,BALLOTS CAST,,,BALLOTS CAST - NONPARTISAN,0
Jackson,PRECINCT 3,BALLOTS CAST,,,BALLOTS CAST - NONPARTISAN,0
Jackson,PRECINCT 4,BALLOTS CAST,,,BALLOTS CAST - NONPARTISAN,0
Jackson,PRECINCT 5,BALLOTS CAST,,,BALLOTS CAST - NONPARTISAN,3
Jackson,PRECINCT 6,BALLOTS CAST,,,BALLOTS CAST - NONPARTISAN,9
Jackson,PRECINCT 7,BALLOTS CAST,,,BALLOTS CAST - NONPARTISAN,3
Jackson,PRECINCT 8,BALLOTS CAST,,,BALLOTS CAST - NONPARTISAN,7
Jackson,PRECINCT 9,BALLOTS CAST,,,BALLOTS CAST - NONPARTISAN,1
Jackson,PRECINCT 10,BALLOTS CAST,,,BALLOTS CAST - NONPARTISAN,2
Jackson,PRECINCT 11,BALLOTS CAST,,,BALLOTS CAST - NONPARTISAN,14
Jackson,PRECINCT 12,BALLOTS CAST,,,BALLOTS CAST - NONPARTISAN,3
Jackson,PRECINCT 13,BALLOTS CAST,,,BALLOTS CAST - NONPARTISAN,3
Jackson,PRECINCT 14,BALLOTS CAST,,,BALLOTS CAST - NONPARTISAN,3
Jackson,PRECINCT 15,BALLOTS CAST,,,BALLOTS CAST - NONPARTISAN,1
Jackson,PRECINCT 16,BALLOTS CAST,,,BALLOTS CAST - NONPARTISAN,0
Jackson,PRECINCT 17,BALLOTS CAST,,,BALLOTS CAST - NONPARTISAN,7
Jackson,PRECINCT 18,BALLOTS CAST,,,BALLOTS CAST - NONPARTISAN,3
Jackson,PRECINCT 19,BALLOTS CAST,,,BALLOTS CAST - NONPARTISAN,3
Jackson,PRECINCT 20,BALLOTS CAST,,,BALLOTS CAST - NONPARTISAN,2
Jackson,PRECINCT 21,BALLOTS CAST,,,BALLOTS CAST - NONPARTISAN,5
Jackson,PRECINCT 22,BALLOTS CAST,,,BALLOTS CAST - NONPARTISAN,11
Jackson,PRECINCT 23,BALLOTS CAST,,,BALLOTS CAST - NONPARTISAN,3
Jackson,PRECINCT 24,BALLOTS CAST,,,BALLOTS CAST - NONPARTISAN,0
Jackson,PRECINCT 25,BALLOTS CAST,,,BALLOTS CAST - NONPARTISAN,0
Jackson,PRECINCT 26,BALLOTS CAST,,,BALLOTS CAST - NONPARTISAN,1
Jackson,PRECINCT 27,BALLOTS CAST,,,BALLOTS CAST - NONPARTISAN,3
Jackson,PRECINCT 28,BALLOTS CAST,,,BALLOTS CAST - NONPARTISAN,2
Jackson,PRECINCT 29,BALLOTS CAST,,,BALLOTS CAST - NONPARTISAN,0
Jackson,PRECINCT 30,BALLOTS CAST,,,BALLOTS CAST - NONPARTISAN,3
Jackson,PRECINCT 1,U.S. House,1,REP,CAROL MILLER,25
Jackson,PRECINCT 2,U.S. House,1,REP,CAROL MILLER,51
Jackson,PRECINCT 3,U.S. House,1,REP,CAROL MILLER,87
Jackson,PRECINCT 4,U.S. House,1,REP,CAROL MILLER,34
Jackson,PRECINCT 5,U.S. House,1,REP,CAROL MILLER,44
Jackson,PRECINCT 6,U.S. House,1,REP,CAROL MILLER,59
Jackson,PRECINCT 7,U.S. House,1,REP,CAROL MILLER,72
Jackson,PRECINCT 8,U.S. House,1,REP,CAROL MILLER,34
Jackson,PRECINCT 9,U.S. House,1,REP,CAROL MILLER,45
Jackson,PRECINCT 10,U.S. House,1,REP,CAROL MILLER,60
Jackson,PRECINCT 11,U.S. House,1,REP,CAROL MILLER,59
Jackson,PRECINCT 12,U.S. House,1,REP,CAROL MILLER,112
Jackson,PRECINCT 13,U.S. House,1,REP,CAROL MILLER,56
Jackson,PRECINCT 14,U.S. House,1,REP,CAROL MILLER,117
Jackson,PRECINCT 15,U.S. House,1,REP,CAROL MILLER,72
Jackson,PRECINCT 16,U.S. House,1,REP,CAROL MILLER,157
Jackson,PRECINCT 17,U.S. House,1,REP,CAROL MILLER,133
Jackson,PRECINCT 18,U.S. House,1,REP,CAROL MILLER,157
Jackson,PRECINCT 19,U.S. House,1,REP,CAROL MILLER,84
Jackson,PRECINCT 20,U.S. House,1,REP,CAROL MILLER,32
Jackson,PRECINCT 21,U.S. House,1,REP,CAROL MILLER,36
Jackson,PRECINCT 22,U.S. House,1,REP,CAROL MILLER,110
Jackson,PRECINCT 23,U.S. House,1,REP,CAROL MILLER,50
Jackson,PRECINCT 24,U.S. House,1,REP,CAROL MILLER,25
Jackson,PRECINCT 25,U.S. House,1,REP,CAROL MILLER,46
Jackson,PRECINCT 26,U.S. House,1,REP,CAROL MILLER,35
Jackson,PRECINCT 27,U.S. House,1,REP,CAROL MILLER,39
Jackson,PRECINCT 28,U.S. House,1,REP,CAROL MILLER,144
Jackson,PRECINCT 29,U.S. House,1,REP,CAROL MILLER,49
Jackson,PRECINCT 30,U.S. House,1,REP,CAROL MILLER,69
Jackson,PRECINCT 1,U.S. House,1,REP,JAMES EDWIN HOUSER,4
Jackson,PRECINCT 2,U.S. House,1,REP,JAMES EDWIN HOUSER,1
Jackson,PRECINCT 3,U.S. House,1,REP,JAMES EDWIN HOUSER,13
Jackson,PRECINCT 4,U.S. House,1,REP,JAMES EDWIN HOUSER,3
Jackson,PRECINCT 5,U.S. House,1,REP,JAMES EDWIN HOUSER,5
Jackson,PRECINCT 6,U.S. House,1,REP,JAMES EDWIN HOUSER,5
Jackson,PRECINCT 7,U.S. House,1,REP,JAMES EDWIN HOUSER,5
Jackson,PRECINCT 8,U.S. House,1,REP,JAMES EDWIN HOUSER,7
Jackson,PRECINCT 9,U.S. House,1,REP,JAMES EDWIN HOUSER,5
Jackson,PRECINCT 10,U.S. House,1,REP,JAMES EDWIN HOUSER,5
Jackson,PRECINCT 11,U.S. House,1,REP,JAMES EDWIN HOUSER,7
Jackson,PRECINCT 12,U.S. House,1,REP,JAMES EDWIN HOUSER,11
Jackson,PRECINCT 13,U.S. House,1,REP,JAMES EDWIN HOUSER,7
Jackson,PRECINCT 14,U.S. House,1,REP,JAMES EDWIN HOUSER,8
Jackson,PRECINCT 15,U.S. House,1,REP,JAMES EDWIN HOUSER,2
Jackson,PRECINCT 16,U.S. House,1,REP,JAMES EDWIN HOUSER,11
Jackson,PRECINCT 17,U.S. House,1,REP,JAMES EDWIN HOUSER,13
Jackson,PRECINCT 18,U.S. House,1,REP,JAMES EDWIN HOUSER,17
Jackson,PRECINCT 19,U.S. House,1,REP,JAMES EDWIN HOUSER,6
Jackson,PRECINCT 20,U.S. House,1,REP,JAMES EDWIN HOUSER,4
Jackson,PRECINCT 21,U.S. House,1,REP,JAMES EDWIN HOUSER,0
Jackson,PRECINCT 22,U.S. House,1,REP,JAMES EDWIN HOUSER,6
Jackson,PRECINCT 23,U.S. House,1,REP,JAMES EDWIN HOUSER,2
Jackson,PRECINCT 24,U.S. House,1,REP,JAMES EDWIN HOUSER,1
Jackson,PRECINCT 25,U.S. House,1,REP,JAMES EDWIN HOUSER,3
Jackson,PRECINCT 26,U.S. House,1,REP,JAMES EDWIN HOUSER,5
Jackson,PRECINCT 27,U.S. House,1,REP,JAMES EDWIN HOUSER,5
Jackson,PRECINCT 28,U.S. House,1,REP,JAMES EDWIN HOUSER,8
Jackson,PRECINCT 29,U.S. House,1,REP,JAMES EDWIN HOUSER,5
Jackson,PRECINCT 30,U.S. House,1,REP,JAMES EDWIN HOUSER,5
Jackson,PRECINCT 1,U.S. House,1,REP,ZANE LAWHORN,2
Jackson,PRECINCT 2,U.S. House,1,REP,ZANE LAWHORN,1
Jackson,PRECINCT 3,U.S. House,1,REP,ZANE LAWHORN,5
Jackson,PRECINCT 4,U.S. House,1,REP,ZANE LAWHORN,1
Jackson,PRECINCT 5,U.S. House,1,REP,ZANE LAWHORN,3
Jackson,PRECINCT 6,U.S. House,1,REP,ZANE LAWHORN,2
Jackson,PRECINCT 7,U.S. House,1,REP,ZANE LAWHORN,2
Jackson,PRECINCT 8,U.S. House,1,REP,ZANE LAWHORN,7
Jackson,PRECINCT 9,U.S. House,1,REP,ZANE LAWHORN,1
Jackson,PRECINCT 10,U.S. House,1,REP,ZANE LAWHORN,6
Jackson,PRECINCT 11,U.S. House,1,REP,ZANE LAWHORN,2
Jackson,PRECINCT 12,U.S. House,1,REP,ZANE LAWHORN,5
Jackson,PRECINCT 13,U.S. House,1,REP,ZANE LAWHORN,4
Jackson,PRECINCT 14,U.S. House,1,REP,ZANE LAWHORN,3
Jackson,PRECINCT 15,U.S. House,1,REP,ZANE LAWHORN,3
Jackson,PRECINCT 16,U.S. House,1,REP,ZANE LAWHORN,9
Jackson,PRECINCT 17,U.S. House,1,REP,ZANE LAWHORN,5
Jackson,PRECINCT 18,U.S. House,1,REP,ZANE LAWHORN,6
Jackson,PRECINCT 19,U.S. House,1,REP,ZANE LAWHORN,5
Jackson,PRECINCT 20,U.S. House,1,REP,ZANE LAWHORN,4
Jackson,PRECINCT 21,U.S. House,1,REP,ZANE LAWHORN,2
Jackson,PRECINCT 22,U.S. House,1,REP,ZANE LAWHORN,10
Jackson,PRECINCT 23,U.S. House,1,REP,ZANE LAWHORN,3
Jackson,PRECINCT 24,U.S. House,1,REP,ZANE LAWHORN,0
Jackson,PRECINCT 25,U.S. House,1,REP,ZANE LAWHORN,1
Jackson,PRECINCT 26,U.S. House,1,REP,ZANE LAWHORN,2
Jackson,PRECINCT 27,U.S. House,1,REP,ZANE LAWHORN,2
Jackson,PRECINCT 28,U.S. House,1,REP,ZANE LAWHORN,9
Jackson,PRECINCT 29,U.S. House,1,REP,ZANE LAWHORN,5
Jackson,PRECINCT 30,U.S. House,1,REP,ZANE LAWHORN,2
Jackson,PRECINCT 1,U.S. House,1,REP,KENT STEVENS,3
Jackson,PRECINCT 2,U.S. House,1,REP,KENT STEVENS,4
Jackson,PRECINCT 3,U.S. House,1,REP,KENT STEVENS,7
Jackson,PRECINCT 4,U.S. House,1,REP,KENT STEVENS,4
Jackson,PRECINCT 5,U.S. House,1,REP,KENT STEVENS,7
Jackson,PRECINCT 6,U.S. House,1,REP,KENT STEVENS,6
Jackson,PRECINCT 7,U.S. House,1,REP,KENT STEVENS,10
Jackson,PRECINCT 8,U.S. House,1,REP,KENT STEVENS,7
Jackson,PRECINCT 9,U.S. House,1,REP,KENT STEVENS,6
Jackson,PRECINCT 10,U.S. House,1,REP,KENT STEVENS,10
Jackson,PRECINCT 11,U.S. House,1,REP,KENT STEVENS,4
Jackson,PRECINCT 12,U.S. House,1,REP,KENT STEVENS,9
Jackson,PRECINCT 13,U.S. House,1,REP,KENT STEVENS,6
Jackson,PRECINCT 14,U.S. House,1,REP,KENT STEVENS,19
Jackson,PRECINCT 15,U.S. House,1,REP,KENT STEVENS,10
Jackson,PRECINCT 16,U.S. House,1,REP,KENT STEVENS,23
Jackson,PRECINCT 17,U.S. House,1,REP,KENT STEVENS,27
Jackson,PRECINCT 18,U.S. House,1,REP,KENT STEVENS,27
Jackson,PRECINCT 19,U.S. House,1,REP,KENT STEVENS,12
Jackson,PRECINCT 20,U.S. House,1,REP,KENT STEVENS,12
Jackson,PRECINCT 21,U.S. House,1,REP,KENT STEVENS,8
Jackson,PRECINCT 22,U.S. House,1,REP,KENT STEVENS,18
Jackson,PRECINCT 23,U.S. House,1,REP,KENT STEVENS,5
Jackson,PRECINCT 24,U.S. House,1,REP,KENT STEVENS,6
Jackson,PRECINCT 25,U.S. House,1,REP,KENT STEVENS,6
Jackson,PRECINCT 26,U.S. House,1,REP,KENT STEVENS,3
Jackson,PRECINCT 27,U.S. House,1,REP,KENT STEVENS,7
Jackson,PRECINCT 28,U.S. House,1,REP,KENT STEVENS,17
Jackson,PRECINCT 29,U.S. House,1,REP,KENT STEVENS,8
Jackson,PRECINCT 30,U.S. House,1,REP,KENT STEVENS,13
Jackson,PRECINCT 1,U.S. House,1,REP,SCOTT FULLER,4
Jackson,PRECINCT 2,U.S. House,1,REP,SCOTT FULLER,4
Jackson,PRECINCT 3,U.S. House,1,REP,SCOTT FULLER,9
Jackson,PRECINCT 4,U.S. House,1,REP,SCOTT FULLER,1
Jackson,PRECINCT 5,U.S. House,1,REP,SCOTT FULLER,3
Jackson,PRECINCT 6,U.S. House,1,REP,SCOTT FULLER,12
Jackson,PRECINCT 7,U.S. House,1,REP,SCOTT FULLER,13
Jackson,PRECINCT 8,U.S. House,1,REP,SCOTT FULLER,11
Jackson,PRECINCT 9,U.S. House,1,REP,SCOTT FULLER,5
Jackson,PRECINCT 10,U.S. House,1,REP,SCOTT FULLER,7
Jackson,PRECINCT 11,U.S. House,1,REP,SCOTT FULLER,11
Jackson,PRECINCT 12,U.S. House,1,REP,SCOTT FULLER,12
Jackson,PRECINCT 13,U.S. House,1,REP,SCOTT FULLER,15
Jackson,PRECINCT 14,U.S. House,1,REP,SCOTT FULLER,21
Jackson,PRECINCT 15,U.S. House,1,REP,SCOTT FULLER,4
Jackson,PRECINCT 16,U.S. House,1,REP,SCOTT FULLER,18
Jackson,PRECINCT 17,U.S. House,1,REP,SCOTT FULLER,19
Jackson,PRECINCT 18,U.S. House,1,REP,SCOTT FULLER,24
Jackson,PRECINCT 19,U.S. House,1,REP,SCOTT FULLER,7
Jackson,PRECINCT 20,U.S. House,1,REP,SCOTT FULLER,7
Jackson,PRECINCT 21,U.S. House,1,REP,SCOTT FULLER,9
Jackson,PRECINCT 22,U.S. House,1,REP,SCOTT FULLER,14
Jackson,PRECINCT 23,U.S. House,1,REP,SCOTT FULLER,8
Jackson,PRECINCT 24,U.S. House,1,REP,SCOTT FULLER,2
Jackson,PRECINCT 25,U.S. House,1,REP,SCOTT FULLER,4
Jackson,PRECINCT 26,U.S. House,1,REP,SCOTT FULLER,3
Jackson,PRECINCT 27,U.S. House,1,REP,SCOTT FULLER,1
Jackson,PRECINCT 28,U.S. House,1,REP,SCOTT FULLER,26
Jackson,PRECINCT 29,U.S. House,1,REP,SCOTT FULLER,4
Jackson,PRECINCT 30,U.S. House,1,REP,SCOTT FULLER,7
Jackson,PRECINCT 1,U.S. House,1,DEM,MR. LACY WATSON,18
Jackson,PRECINCT 2,U.S. House,1,DEM,MR. LACY WATSON,30
Jackson,PRECINCT 3,U.S. House,1,DEM,MR. LACY WATSON,31
Jackson,PRECINCT 4,U.S. House,1,DEM,MR. LACY WATSON,11
Jackson,PRECINCT 5,U.S. House,1,DEM,MR. LACY WATSON,41
Jackson,PRECINCT 6,U.S. House,1,DEM,MR. LACY WATSON,50
Jackson,PRECINCT 7,U.S. House,1,DEM,MR. LACY WATSON,73
Jackson,PRECINCT 8,U.S. House,1,DEM,MR. LACY WATSON,36
Jackson,PRECINCT 9,U.S. House,1,DEM,MR. LACY WATSON,27
Jackson,PRECINCT 10,U.S. House,1,DEM,MR. LACY WATSON,22
Jackson,PRECINCT 11,U.S. House,1,DEM,MR. LACY WATSON,28
Jackson,PRECINCT 12,U.S. House,1,DEM,MR. LACY WATSON,45
Jackson,PRECINCT 13,U.S. House,1,DEM,MR. LACY WATSON,19
Jackson,PRECINCT 14,U.S. House,1,DEM,MR. LACY WATSON,65
Jackson,PRECINCT 15,U.S. House,1,DEM,MR. LACY WATSON,29
Jackson,PRECINCT 16,U.S. House,1,DEM,MR. LACY WATSON,68
Jackson,PRECINCT 17,U.S. House,1,DEM,MR. LACY WATSON,67
Jackson,PRECINCT 18,U.S. House,1,DEM,MR. LACY WATSON,50
Jackson,PRECINCT 19,U.S. House,1,DEM,MR. LACY WATSON,34
Jackson,PRECINCT 20,U.S. House,1,DEM,MR. LACY WATSON,30
Jackson,PRECINCT 21,U.S. House,1,DEM,MR. LACY WATSON,4
Jackson,PRECINCT 22,U.S. House,1,DEM,MR. LACY WATSON,53
Jackson,PRECINCT 23,U.S. House,1,DEM,MR. LACY WATSON,23
Jackson,PRECINCT 24,U.S. House,1,DEM,MR. LACY WATSON,7
Jackson,PRECINCT 25,U.S. House,1,DEM,MR. LACY WATSON,19
Jackson,PRECINCT 26,U.S. House,1,DEM,MR. LACY WATSON,14
Jackson,PRECINCT 27,U.S. House,1,DEM,MR. LACY WATSON,9
Jackson,PRECINCT 28,U.S. House,1,DEM,MR. LACY WATSON,36
Jackson,PRECINCT 29,U.S. House,1,DEM,MR. LACY WATSON,8
Jackson,PRECINCT 30,U.S. House,1,DEM,MR. LACY WATSON,17
Jackson,PRECINCT 1,State Senate,4,REP,ERIC J. TARR,35
Jackson,PRECINCT 2,State Senate,4,REP,ERIC J. TARR,51
Jackson,PRECINCT 3,State Senate,4,REP,ERIC J. TARR,81
Jackson,PRECINCT 5,State Senate,4,REP,ERIC J. TARR,46
Jackson,PRECINCT 6,State Senate,4,REP,ERIC J. TARR,69
Jackson,PRECINCT 7,State Senate,4,REP,ERIC J. TARR,86
Jackson,PRECINCT 8,State Senate,4,REP,ERIC J. TARR,54
Jackson,PRECINCT 9,State Senate,4,REP,ERIC J. TARR,56
Jackson,PRECINCT 10,State Senate,4,REP,ERIC J. TARR,52
Jackson,PRECINCT 11,State Senate,4,REP,ERIC J. TARR,61
Jackson,PRECINCT 12,State Senate,4,REP,ERIC J. TARR,123
Jackson,PRECINCT 13,State Senate,4,REP,ERIC J. TARR,68
Jackson,PRECINCT 14,State Senate,4,REP,ERIC J. TARR,137
Jackson,PRECINCT 15,State Senate,4,REP,ERIC J. TARR,69
Jackson,PRECINCT 16,State Senate,4,REP,ERIC J. TARR,161
Jackson,PRECINCT 17,State Senate,4,REP,ERIC J. TARR,148
Jackson,PRECINCT 20,State Senate,4,REP,ERIC J. TARR,42
Jackson,PRECINCT 21,State Senate,4,REP,ERIC J. TARR,38
Jackson,PRECINCT 22,State Senate,4,REP,ERIC J. TARR,111
Jackson,PRECINCT 23,State Senate,4,REP,ERIC J. TARR,37
Jackson,PRECINCT 24,State Senate,4,REP,ERIC J. TARR,21
Jackson,PRECINCT 1,State Senate,4,DEM,NO CANDIDATE FILED,0
Jackson,PRECINCT 2,State Senate,4,DEM,NO CANDIDATE FILED,0
Jackson,PRECINCT 3,State Senate,4,DEM,NO CANDIDATE FILED,0
Jackson,PRECINCT 5,State Senate,4,DEM,NO CANDIDATE FILED,0
Jackson,PRECINCT 6,State Senate,4,DEM,NO CANDIDATE FILED,0
Jackson,PRECINCT 7,State Senate,4,DEM,NO CANDIDATE FILED,0
Jackson,PRECINCT 8,State Senate,4,DEM,NO CANDIDATE FILED,0
Jackson,PRECINCT 9,State Senate,4,DEM,NO CANDIDATE FILED,0
Jackson,PRECINCT 10,State Senate,4,DEM,NO CANDIDATE FILED,0
Jackson,PRECINCT 11,State Senate,4,DEM,NO CANDIDATE FILED,0
Jackson,PRECINCT 12,State Senate,4,DEM,NO CANDIDATE FILED,0
Jackson,PRECINCT 13,State Senate,4,DEM,NO CANDIDATE FILED,0
Jackson,PRECINCT 14,State Senate,4,DEM,NO CANDIDATE FILED,0
Jackson,PRECINCT 15,State Senate,4,DEM,NO CANDIDATE FILED,0
Jackson,PRECINCT 16,State Senate,4,DEM,NO CANDIDATE FILED,0
Jackson,PRECINCT 17,State Senate,4,DEM,NO CANDIDATE FILED,0
Jackson,PRECINCT 20,State Senate,4,DEM,NO CANDIDATE FILED,0
Jackson,PRECINCT 21,State Senate,4,DEM,NO CANDIDATE FILED,0
Jackson,PRECINCT 22,State Senate,4,DEM,NO CANDIDATE FILED,0
Jackson,PRECINCT 23,State Senate,4,DEM,NO CANDIDATE FILED,0
Jackson,PRECINCT 24,State Senate,4,DEM,NO CANDIDATE FILED,0
Jackson,PRECINCT 4,State Senate,8,REP,MARK MITCHEM,4
Jackson,PRECINCT 18,State Senate,8,REP,MARK MITCHEM,39
Jackson,PRECINCT 19,State Senate,8,REP,MARK MITCHEM,17
Jackson,PRECINCT 25,State Senate,8,REP,MARK MITCHEM,14
Jackson,PRECINCT 26,State Senate,8,REP,MARK MITCHEM,4
Jackson,PRECINCT 27,State Senate,8,REP,MARK MITCHEM,8
Jackson,PRECINCT 28,State Senate,8,REP,MARK MITCHEM,25
Jackson,PRECINCT 29,State Senate,8,REP,MARK MITCHEM,11
Jackson,PRECINCT 30,State Senate,8,REP,MARK MITCHEM,10
Jackson,PRECINCT 4,State Senate,8,REP,MARK HUNT,6
Jackson,PRECINCT 18,State Senate,8,REP,MARK HUNT,66
Jackson,PRECINCT 19,State Senate,8,REP,MARK HUNT,36
Jackson,PRECINCT 25,State Senate,8,REP,MARK HUNT,20
Jackson,PRECINCT 26,State Senate,8,REP,MARK HUNT,20
Jackson,PRECINCT 27,State Senate,8,REP,MARK HUNT,16
Jackson,PRECINCT 28,State Senate,8,REP,MARK HUNT,52
Jackson,PRECINCT 29,State Senate,8,REP,MARK HUNT,33
Jackson,PRECINCT 30,State Senate,8,REP,MARK HUNT,21
Jackson,PRECINCT 4,State Senate,8,REP,JOSHUA KURT HIGGINBOTHAM,5
Jackson,PRECINCT 18,State Senate,8,REP,JOSHUA KURT HIGGINBOTHAM,40
Jackson,PRECINCT 19,State Senate,8,REP,JOSHUA KURT HIGGINBOTHAM,26
Jackson,PRECINCT 25,State Senate,8,REP,JOSHUA KURT HIGGINBOTHAM,13
Jackson,PRECINCT 26,State Senate,8,REP,JOSHUA KURT HIGGINBOTHAM,7
Jackson,PRECINCT 27,State Senate,8,REP,JOSHUA KURT HIGGINBOTHAM,10
Jackson,PRECINCT 28,State Senate,8,REP,JOSHUA KURT HIGGINBOTHAM,48
Jackson,PRECINCT 29,State Senate,8,REP,JOSHUA KURT HIGGINBOTHAM,16
Jackson,PRECINCT 30,State Senate,8,REP,JOSHUA KURT HIGGINBOTHAM,26
Jackson,PRECINCT 4,State Senate,8,DEM,RICHARD LINDSAY,12
Jackson,PRECINCT 18,State Senate,8,DEM,RICHARD LINDSAY,51
Jackson,PRECINCT 19,State Senate,8,DEM,RICHARD LINDSAY,40
Jackson,PRECINCT 25,State Senate,8,DEM,RICHARD LINDSAY,20
Jackson,PRECINCT 26,State Senate,8,DEM,RICHARD LINDSAY,15
Jackson,PRECINCT 27,State Senate,8,DEM,RICHARD LINDSAY,9
Jackson,PRECINCT 28,State Senate,8,DEM,RICHARD LINDSAY,46
Jackson,PRECINCT 29,State Senate,8,DEM,RICHARD LINDSAY,9
Jackson,PRECINCT 30,State Senate,8,DEM,RICHARD LINDSAY,22
Jackson,PRECINCT 3,State House,16,REP,STEVE WESTFALL,115
Jackson,PRECINCT 4,State House,16,REP,STEVE WESTFALL,37
Jackson,PRECINCT 10,State House,16,REP,STEVE WESTFALL,81
Jackson,PRECINCT 11,State House,16,REP,STEVE WESTFALL,75
Jackson,PRECINCT 15,State House,16,REP,STEVE WESTFALL,90
Jackson,PRECINCT 16,State House,16,REP,STEVE WESTFALL,211
Jackson,PRECINCT 17,State House,16,REP,STEVE WESTFALL,197
Jackson,PRECINCT 18,State House,16,REP,STEVE WESTFALL,207
Jackson,PRECINCT 19,State House,16,REP,STEVE WESTFALL,108
Jackson,PRECINCT 20,State House,16,REP,STEVE WESTFALL,58
Jackson,PRECINCT 21,State House,16,REP,STEVE WESTFALL,54
Jackson,PRECINCT 22,State House,16,REP,STEVE WESTFALL,151
Jackson,PRECINCT 23,State House,16,REP,STEVE WESTFALL,68
Jackson,PRECINCT 24,State House,16,REP,STEVE WESTFALL,33
Jackson,PRECINCT 25,State House,16,REP,STEVE WESTFALL,52
Jackson,PRECINCT 26,State House,16,REP,STEVE WESTFALL,45
Jackson,PRECINCT 27,State House,16,REP,STEVE WESTFALL,40
Jackson,PRECINCT 28,State House,16,REP,STEVE WESTFALL,184
Jackson,PRECINCT 29,State House,16,REP,STEVE WESTFALL,56
Jackson,PRECINCT 30,State House,16,REP,STEVE WESTFALL,88
Jackson,PRECINCT 3,State House,16,DEM,NO CANDIDATE FILED,0
Jackson,PRECINCT 4,State House,16,DEM,NO CANDIDATE FILED,0
Jackson,PRECINCT 10,State House,16,DEM,NO CANDIDATE FILED,0
Jackson,PRECINCT 11,State House,16,DEM,NO CANDIDATE FILED,0
Jackson,PRECINCT 15,State House,16,DEM,NO CANDIDATE FILED,0
Jackson,PRECINCT 16,State House,16,DEM,NO CANDIDATE FILED,0
Jackson,PRECINCT 17,State House,16,DEM,NO CANDIDATE FILED,0
Jackson,PRECINCT 18,State House,16,DEM,NO CANDIDATE FILED,0
Jackson,PRECINCT 19,State House,16,DEM,NO CANDIDATE FILED,0
Jackson,PRECINCT 20,State House,16,DEM,NO CANDIDATE FILED,0
Jackson,PRECINCT 21,State House,16,DEM,NO CANDIDATE FILED,0
Jackson,PRECINCT 22,State House,16,DEM,NO CANDIDATE FILED,0
Jackson,PRECINCT 23,State House,16,DEM,NO CANDIDATE FILED,0
Jackson,PRECINCT 24,State House,16,DEM,NO CANDIDATE FILED,0
Jackson,PRECINCT 25,State House,16,DEM,NO CANDIDATE FILED,0
Jackson,PRECINCT 26,State House,16,DEM,NO CANDIDATE FILED,0
Jackson,PRECINCT 27,State House,16,DEM,NO CANDIDATE FILED,0
Jackson,PRECINCT 28,State House,16,DEM,NO CANDIDATE FILED,0
Jackson,PRECINCT 29,State House,16,DEM,NO CANDIDATE FILED,0
Jackson,PRECINCT 30,State House,16,DEM,NO CANDIDATE FILED,0
Jackson,PRECINCT 1,State House,17,REP,MORGAN HURLOW,5
Jackson,PRECINCT 2,State House,17,REP,MORGAN HURLOW,5
Jackson,PRECINCT 5,State House,17,REP,MORGAN HURLOW,5
Jackson,PRECINCT 6,State House,17,REP,MORGAN HURLOW,11
Jackson,PRECINCT 7,State House,17,REP,MORGAN HURLOW,7
Jackson,PRECINCT 8,State House,17,REP,MORGAN HURLOW,11
Jackson,PRECINCT 9,State House,17,REP,MORGAN HURLOW,7
Jackson,PRECINCT 12,State House,17,REP,MORGAN HURLOW,17
Jackson,PRECINCT 13,State House,17,REP,MORGAN HURLOW,9
Jackson,PRECINCT 14,State House,17,REP,MORGAN HURLOW,15
Jackson,PRECINCT 1,State House,17,REP,ROBERT A MARCHAL,5
Jackson,PRECINCT 2,State House,17,REP,ROBERT A MARCHAL,2
Jackson,PRECINCT 5,State House,17,REP,ROBERT A MARCHAL,5
Jackson,PRECINCT 6,State House,17,REP,ROBERT A MARCHAL,7
Jackson,PRECINCT 7,State House,17,REP,ROBERT A MARCHAL,7
Jackson,PRECINCT 8,State House,17,REP,ROBERT A MARCHAL,8
Jackson,PRECINCT 9,State House,17,REP,ROBERT A MARCHAL,3
Jackson,PRECINCT 12,State House,17,REP,ROBERT A MARCHAL,15
Jackson,PRECINCT 13,State House,17,REP,ROBERT A MARCHAL,13
Jackson,PRECINCT 14,State House,17,REP,ROBERT A MARCHAL,17
Jackson,PRECINCT 1,State House,17,REP,JONATHAN ADAM PINSON,33
Jackson,PRECINCT 2,State House,17,REP,JONATHAN ADAM PINSON,54
Jackson,PRECINCT 5,State House,17,REP,JONATHAN ADAM PINSON,51
Jackson,PRECINCT 6,State House,17,REP,JONATHAN ADAM PINSON,69
Jackson,PRECINCT 7,State House,17,REP,JONATHAN ADAM PINSON,93
Jackson,PRECINCT 8,State House,17,REP,JONATHAN ADAM PINSON,46
Jackson,PRECINCT 9,State House,17,REP,JONATHAN ADAM PINSON,57
Jackson,PRECINCT 12,State House,17,REP,JONATHAN ADAM PINSON,125
Jackson,PRECINCT 13,State House,17,REP,JONATHAN ADAM PINSON,70
Jackson,PRECINCT 14,State House,17,REP,JONATHAN ADAM PINSON,145
Jackson,PRECINCT 1,State House,17,DEM,NO CANDIDATE FILED,0
Jackson,PRECINCT 2,State House,17,DEM,NO CANDIDATE FILED,0
Jackson,PRECINCT 5,State House,17,DEM,NO CANDIDATE FILED,0
Jackson,PRECINCT 6,State House,17,DEM,NO CANDIDATE FILED,0
Jackson,PRECINCT 7,State House,17,DEM,NO CANDIDATE FILED,0
Jackson,PRECINCT 8,State House,17,DEM,NO CANDIDATE FILED,0
Jackson,PRECINCT 9,State House,17,DEM,NO CANDIDATE FILED,0
Jackson,PRECINCT 12,State House,17,DEM,NO CANDIDATE FILED,0
Jackson,PRECINCT 13,State House,17,DEM,NO CANDIDATE FILED,0
Jackson,PRECINCT 14,State House,17,DEM,NO CANDIDATE FILED,0
Jackson,PRECINCT 1,STATE EXECUTIVE COMMITTEE,4,REP,LINDA HARTLING,2
Jackson,PRECINCT 2,STATE EXECUTIVE COMMITTEE,4,REP,LINDA HARTLING,8
Jackson,PRECINCT 3,STATE EXECUTIVE COMMITTEE,4,REP,LINDA HARTLING,7
Jackson,PRECINCT 5,STATE EXECUTIVE COMMITTEE,4,REP,LINDA HARTLING,8
Jackson,PRECINCT 6,STATE EXECUTIVE COMMITTEE,4,REP,LINDA HARTLING,10
Jackson,PRECINCT 7,STATE EXECUTIVE COMMITTEE,4,REP,LINDA HARTLING,13
Jackson,PRECINCT 8,STATE EXECUTIVE COMMITTEE,4,REP,LINDA HARTLING,8
Jackson,PRECINCT 9,STATE EXECUTIVE COMMITTEE,4,REP,LINDA HARTLING,4
Jackson,PRECINCT 10,STATE EXECUTIVE COMMITTEE,4,REP,LINDA HARTLING,5
Jackson,PRECINCT 11,STATE EXECUTIVE COMMITTEE,4,REP,LINDA HARTLING,9
Jackson,PRECINCT 12,STATE EXECUTIVE COMMITTEE,4,REP,LINDA HARTLING,21
Jackson,PRECINCT 13,STATE EXECUTIVE COMMITTEE,4,REP,LINDA HARTLING,5
Jackson,PRECINCT 14,STATE EXECUTIVE COMMITTEE,4,REP,LINDA HARTLING,17
Jackson,PRECINCT 15,STATE EXECUTIVE COMMITTEE,4,REP,LINDA HARTLING,8
Jackson,PRECINCT 16,STATE EXECUTIVE COMMITTEE,4,REP,LINDA HARTLING,14
Jackson,PRECINCT 17,STATE EXECUTIVE COMMITTEE,4,REP,LINDA HARTLING,17
Jackson,PRECINCT 20,STATE EXECUTIVE COMMITTEE,4,REP,LINDA HARTLING,3
Jackson,PRECINCT 21,STATE EXECUTIVE COMMITTEE,4,REP,LINDA HARTLING,4
Jackson,PRECINCT 22,STATE EXECUTIVE COMMITTEE,4,REP,LINDA HARTLING,19
Jackson,PRECINCT 23,STATE EXECUTIVE COMMITTEE,4,REP,LINDA HARTLING,7
Jackson,PRECINCT 24,STATE EXECUTIVE COMMITTEE,4,REP,LINDA HARTLING,4
Jackson,PRECINCT 1,STATE EXECUTIVE COMMITTEE,4,REP,NATASHA J. LEMLEY,34
Jackson,PRECINCT 2,STATE EXECUTIVE COMMITTEE,4,REP,NATASHA J. LEMLEY,47
Jackson,PRECINCT 3,STATE EXECUTIVE COMMITTEE,4,REP,NATASHA J. LEMLEY,99
Jackson,PRECINCT 5,STATE EXECUTIVE COMMITTEE,4,REP,NATASHA J. LEMLEY,52
Jackson,PRECINCT 6,STATE EXECUTIVE COMMITTEE,4,REP,NATASHA J. LEMLEY,70
Jackson,PRECINCT 7,STATE EXECUTIVE COMMITTEE,4,REP,NATASHA J. LEMLEY,85
Jackson,PRECINCT 8,STATE EXECUTIVE COMMITTEE,4,REP,NATASHA J. LEMLEY,54
Jackson,PRECINCT 9,STATE EXECUTIVE COMMITTEE,4,REP,NATASHA J. LEMLEY,58
Jackson,PRECINCT 10,STATE EXECUTIVE COMMITTEE,4,REP,NATASHA J. LEMLEY,65
Jackson,PRECINCT 11,STATE EXECUTIVE COMMITTEE,4,REP,NATASHA J. LEMLEY,72
Jackson,PRECINCT 12,STATE EXECUTIVE COMMITTEE,4,REP,NATASHA J. LEMLEY,134
Jackson,PRECINCT 13,STATE EXECUTIVE COMMITTEE,4,REP,NATASHA J. LEMLEY,74
Jackson,PRECINCT 14,STATE EXECUTIVE COMMITTEE,4,REP,NATASHA J. LEMLEY,143
Jackson,PRECINCT 15,STATE EXECUTIVE COMMITTEE,4,REP,NATASHA J. LEMLEY,78
Jackson,PRECINCT 16,STATE EXECUTIVE COMMITTEE,4,REP,NATASHA J. LEMLEY,174
Jackson,PRECINCT 17,STATE EXECUTIVE COMMITTEE,4,REP,NATASHA J. LEMLEY,155
Jackson,PRECINCT 20,STATE EXECUTIVE COMMITTEE,4,REP,NATASHA J. LEMLEY,43
Jackson,PRECINCT 21,STATE EXECUTIVE COMMITTEE,4,REP,NATASHA J. LEMLEY,48
Jackson,PRECINCT 22,STATE EXECUTIVE COMMITTEE,4,REP,NATASHA J. LEMLEY,117
Jackson,PRECINCT 23,STATE EXECUTIVE COMMITTEE,4,REP,NATASHA J. LEMLEY,54
Jackson,PRECINCT 24,STATE EXECUTIVE COMMITTEE,4,REP,NATASHA J. LEMLEY,30
Jackson,PRECINCT 1,STATE EXECUTIVE COMMITTEE,4,REP,JENNIFER MILLER-KAVE,3
Jackson,PRECINCT 2,STATE EXECUTIVE COMMITTEE,4,REP,JENNIFER MILLER-KAVE,4
Jackson,PRECINCT 3,STATE EXECUTIVE COMMITTEE,4,REP,JENNIFER MILLER-KAVE,6
Jackson,PRECINCT 5,STATE EXECUTIVE COMMITTEE,4,REP,JENNIFER MILLER-KAVE,3
Jackson,PRECINCT 6,STATE EXECUTIVE COMMITTEE,4,REP,JENNIFER MILLER-KAVE,11
Jackson,PRECINCT 7,STATE EXECUTIVE COMMITTEE,4,REP,JENNIFER MILLER-KAVE,11
Jackson,PRECINCT 8,STATE EXECUTIVE COMMITTEE,4,REP,JENNIFER MILLER-KAVE,5
Jackson,PRECINCT 9,STATE EXECUTIVE COMMITTEE,4,REP,JENNIFER MILLER-KAVE,5
Jackson,PRECINCT 10,STATE EXECUTIVE COMMITTEE,4,REP,JENNIFER MILLER-KAVE,5
Jackson,PRECINCT 11,STATE EXECUTIVE COMMITTEE,4,REP,JENNIFER MILLER-KAVE,6
Jackson,PRECINCT 12,STATE EXECUTIVE COMMITTEE,4,REP,JENNIFER MILLER-KAVE,11
Jackson,PRECINCT 13,STATE EXECUTIVE COMMITTEE,4,REP,JENNIFER MILLER-KAVE,4
Jackson,PRECINCT 14,STATE EXECUTIVE COMMITTEE,4,REP,JENNIFER MILLER-KAVE,6
Jackson,PRECINCT 15,STATE EXECUTIVE COMMITTEE,4,REP,JENNIFER MILLER-KAVE,3
Jackson,PRECINCT 16,STATE EXECUTIVE COMMITTEE,4,REP,JENNIFER MILLER-KAVE,13
Jackson,PRECINCT 17,STATE EXECUTIVE COMMITTEE,4,REP,JENNIFER MILLER-KAVE,13
Jackson,PRECINCT 20,STATE EXECUTIVE COMMITTEE,4,REP,JENNIFER MILLER-KAVE,4
Jackson,PRECINCT 21,STATE EXECUTIVE COMMITTEE,4,REP,JENNIFER MILLER-KAVE,2
Jackson,PRECINCT 22,STATE EXECUTIVE COMMITTEE,4,REP,JENNIFER MILLER-KAVE,12
Jackson,PRECINCT 23,STATE EXECUTIVE COMMITTEE,4,REP,JENNIFER MILLER-KAVE,3
Jackson,PRECINCT 24,STATE EXECUTIVE COMMITTEE,4,REP,JENNIFER MILLER-KAVE,4
Jackson,PRECINCT 1,STATE EXECUTIVE COMMITTEE,4,REP,CINDY FARLEY,3
Jackson,PRECINCT 2,STATE EXECUTIVE COMMITTEE,4,REP,CINDY FARLEY,5
Jackson,PRECINCT 3,STATE EXECUTIVE COMMITTEE,4,REP,CINDY FARLEY,13
Jackson,PRECINCT 5,STATE EXECUTIVE COMMITTEE,4,REP,CINDY FARLEY,3
Jackson,PRECINCT 6,STATE EXECUTIVE COMMITTEE,4,REP,CINDY FARLEY,4
Jackson,PRECINCT 7,STATE EXECUTIVE COMMITTEE,4,REP,CINDY FARLEY,8
Jackson,PRECINCT 8,STATE EXECUTIVE COMMITTEE,4,REP,CINDY FARLEY,7
Jackson,PRECINCT 9,STATE EXECUTIVE COMMITTEE,4,REP,CINDY FARLEY,2
Jackson,PRECINCT 10,STATE EXECUTIVE COMMITTEE,4,REP,CINDY FARLEY,7
Jackson,PRECINCT 11,STATE EXECUTIVE COMMITTEE,4,REP,CINDY FARLEY,4
Jackson,PRECINCT 12,STATE EXECUTIVE COMMITTEE,4,REP,CINDY FARLEY,8
Jackson,PRECINCT 13,STATE EXECUTIVE COMMITTEE,4,REP,CINDY FARLEY,5
Jackson,PRECINCT 14,STATE EXECUTIVE COMMITTEE,4,REP,CINDY FARLEY,17
Jackson,PRECINCT 15,STATE EXECUTIVE COMMITTEE,4,REP,CINDY FARLEY,8
Jackson,PRECINCT 16,STATE EXECUTIVE COMMITTEE,4,REP,CINDY FARLEY,24
Jackson,PRECINCT 17,STATE EXECUTIVE COMMITTEE,4,REP,CINDY FARLEY,14
Jackson,PRECINCT 20,STATE EXECUTIVE COMMITTEE,4,REP,CINDY FARLEY,4
Jackson,PRECINCT 21,STATE EXECUTIVE COMMITTEE,4,REP,CINDY FARLEY,7
Jackson,PRECINCT 22,STATE EXECUTIVE COMMITTEE,4,REP,CINDY FARLEY,11
Jackson,PRECINCT 23,STATE EXECUTIVE COMMITTEE,4,REP,CINDY FARLEY,7
Jackson,PRECINCT 24,STATE EXECUTIVE COMMITTEE,4,REP,CINDY FARLEY,1
Jackson,PRECINCT 1,STATE EXECUTIVE COMMITTEE,4,REP,ANNA MARIA BUTLER,12
Jackson,PRECINCT 2,STATE EXECUTIVE COMMITTEE,4,REP,ANNA MARIA BUTLER,20
Jackson,PRECINCT 3,STATE EXECUTIVE COMMITTEE,4,REP,ANNA MARIA BUTLER,35
Jackson,PRECINCT 5,STATE EXECUTIVE COMMITTEE,4,REP,ANNA MARIA BUTLER,14
Jackson,PRECINCT 6,STATE EXECUTIVE COMMITTEE,4,REP,ANNA MARIA BUTLER,21
Jackson,PRECINCT 7,STATE EXECUTIVE COMMITTEE,4,REP,ANNA MARIA BUTLER,31
Jackson,PRECINCT 8,STATE EXECUTIVE COMMITTEE,4,REP,ANNA MARIA BUTLER,15
Jackson,PRECINCT 9,STATE EXECUTIVE COMMITTEE,4,REP,ANNA MARIA BUTLER,20
Jackson,PRECINCT 10,STATE EXECUTIVE COMMITTEE,4,REP,ANNA MARIA BUTLER,28
Jackson,PRECINCT 11,STATE EXECUTIVE COMMITTEE,4,REP,ANNA MARIA BUTLER,25
Jackson,PRECINCT 12,STATE EXECUTIVE COMMITTEE,4,REP,ANNA MARIA BUTLER,51
Jackson,PRECINCT 13,STATE EXECUTIVE COMMITTEE,4,REP,ANNA MARIA BUTLER,37
Jackson,PRECINCT 14,STATE EXECUTIVE COMMITTEE,4,REP,ANNA MARIA BUTLER,55
Jackson,PRECINCT 15,STATE EXECUTIVE COMMITTEE,4,REP,ANNA MARIA BUTLER,30
Jackson,PRECINCT 16,STATE EXECUTIVE COMMITTEE,4,REP,ANNA MARIA BUTLER,72
Jackson,PRECINCT 17,STATE EXECUTIVE COMMITTEE,4,REP,ANNA MARIA BUTLER,61
Jackson,PRECINCT 20,STATE EXECUTIVE COMMITTEE,4,REP,ANNA MARIA BUTLER,11
Jackson,PRECINCT 21,STATE EXECUTIVE COMMITTEE,4,REP,ANNA MARIA BUTLER,16
Jackson,PRECINCT 22,STATE EXECUTIVE COMMITTEE,4,REP,ANNA MARIA BUTLER,41
Jackson,PRECINCT 23,STATE EXECUTIVE COMMITTEE,4,REP,ANNA MARIA BUTLER,12
Jackson,PRECINCT 24,STATE EXECUTIVE COMMITTEE,4,REP,ANNA MARIA BUTLER,11
Jackson,PRECINCT 1,STATE EXECUTIVE COMMITTEE,4,REP,SHIRLEY SEARLS,2
Jackson,PRECINCT 2,STATE EXECUTIVE COMMITTEE,4,REP,SHIRLEY SEARLS,1
Jackson,PRECINCT 3,STATE EXECUTIVE COMMITTEE,4,REP,SHIRLEY SEARLS,14
Jackson,PRECINCT 5,STATE EXECUTIVE COMMITTEE,4,REP,SHIRLEY SEARLS,6
Jackson,PRECINCT 6,STATE EXECUTIVE COMMITTEE,4,REP,SHIRLEY SEARLS,8
Jackson,PRECINCT 7,STATE EXECUTIVE COMMITTEE,4,REP,SHIRLEY SEARLS,10
Jackson,PRECINCT 8,STATE EXECUTIVE COMMITTEE,4,REP,SHIRLEY SEARLS,7
Jackson,PRECINCT 9,STATE EXECUTIVE COMMITTEE,4,REP,SHIRLEY SEARLS,5
Jackson,PRECINCT 10,STATE EXECUTIVE COMMITTEE,4,REP,SHIRLEY SEARLS,5
Jackson,PRECINCT 11,STATE EXECUTIVE COMMITTEE,4,REP,SHIRLEY SEARLS,5
Jackson,PRECINCT 12,STATE EXECUTIVE COMMITTEE,4,REP,SHIRLEY SEARLS,13
Jackson,PRECINCT 13,STATE EXECUTIVE COMMITTEE,4,REP,SHIRLEY SEARLS,4
Jackson,PRECINCT 14,STATE EXECUTIVE COMMITTEE,4,REP,SHIRLEY SEARLS,17
Jackson,PRECINCT 15,STATE EXECUTIVE COMMITTEE,4,REP,SHIRLEY SEARLS,2
Jackson,PRECINCT 16,STATE EXECUTIVE COMMITTEE,4,REP,SHIRLEY SEARLS,21
Jackson,PRECINCT 17,STATE EXECUTIVE COMMITTEE,4,REP,SHIRLEY SEARLS,11
Jackson,PRECINCT 20,STATE EXECUTIVE COMMITTEE,4,REP,SHIRLEY SEARLS,6
Jackson,PRECINCT 21,STATE EXECUTIVE COMMITTEE,4,REP,SHIRLEY SEARLS,7
Jackson,PRECINCT 22,STATE EXECUTIVE COMMITTEE,4,REP,SHIRLEY SEARLS,20
Jackson,PRECINCT 23,STATE EXECUTIVE COMMITTEE,4,REP,SHIRLEY SEARLS,3
Jackson,PRECINCT 24,STATE EXECUTIVE COMMITTEE,4,REP,SHIRLEY SEARLS,3
Jackson,PRECINCT 1,STATE EXECUTIVE COMMITTEE,4,REP,B. JILL TURNER,5
Jackson,PRECINCT 2,STATE EXECUTIVE COMMITTEE,4,REP,B. JILL TURNER,4
Jackson,PRECINCT 3,STATE EXECUTIVE COMMITTEE,4,REP,B. JILL TURNER,13
Jackson,PRECINCT 5,STATE EXECUTIVE COMMITTEE,4,REP,B. JILL TURNER,5
Jackson,PRECINCT 6,STATE EXECUTIVE COMMITTEE,4,REP,B. JILL TURNER,6
Jackson,PRECINCT 7,STATE EXECUTIVE COMMITTEE,4,REP,B. JILL TURNER,11
Jackson,PRECINCT 8,STATE EXECUTIVE COMMITTEE,4,REP,B. JILL TURNER,10
Jackson,PRECINCT 9,STATE EXECUTIVE COMMITTEE,4,REP,B. JILL TURNER,9
Jackson,PRECINCT 10,STATE EXECUTIVE COMMITTEE,4,REP,B. JILL TURNER,8
Jackson,PRECINCT 11,STATE EXECUTIVE COMMITTEE,4,REP,B. JILL TURNER,7
Jackson,PRECINCT 12,STATE EXECUTIVE COMMITTEE,4,REP,B. JILL TURNER,15
Jackson,PRECINCT 13,STATE EXECUTIVE COMMITTEE,4,REP,B. JILL TURNER,7
Jackson,PRECINCT 14,STATE EXECUTIVE COMMITTEE,4,REP,B. JILL TURNER,19
Jackson,PRECINCT 15,STATE EXECUTIVE COMMITTEE,4,REP,B. JILL TURNER,6
Jackson,PRECINCT 16,STATE EXECUTIVE COMMITTEE,4,REP,B. JILL TURNER,15
Jackson,PRECINCT 17,STATE EXECUTIVE COMMITTEE,4,REP,B. JILL TURNER,23
Jackson,PRECINCT 20,STATE EXECUTIVE COMMITTEE,4,REP,B. JILL TURNER,7
Jackson,PRECINCT 21,STATE EXECUTIVE COMMITTEE,4,REP,B. JILL TURNER,4
Jackson,PRECINCT 22,STATE EXECUTIVE COMMITTEE,4,REP,B. JILL TURNER,11
Jackson,PRECINCT 23,STATE EXECUTIVE COMMITTEE,4,REP,B. JILL TURNER,5
Jackson,PRECINCT 24,STATE EXECUTIVE COMMITTEE,4,REP,B. JILL TURNER,2
Jackson,PRECINCT 1,STATE EXECUTIVE COMMITTEE,4,DEM,KAREN CORIA,1
Jackson,PRECINCT 2,STATE EXECUTIVE COMMITTEE,4,DEM,KAREN CORIA,8
Jackson,PRECINCT 3,STATE EXECUTIVE COMMITTEE,4,DEM,KAREN CORIA,4
Jackson,PRECINCT 5,STATE EXECUTIVE COMMITTEE,4,DEM,KAREN CORIA,9
Jackson,PRECINCT 6,STATE EXECUTIVE COMMITTEE,4,DEM,KAREN CORIA,8
Jackson,PRECINCT 7,STATE EXECUTIVE COMMITTEE,4,DEM,KAREN CORIA,8
Jackson,PRECINCT 8,STATE EXECUTIVE COMMITTEE,4,DEM,KAREN CORIA,4
Jackson,PRECINCT 9,STATE EXECUTIVE COMMITTEE,4,DEM,KAREN CORIA,2
Jackson,PRECINCT 10,STATE EXECUTIVE COMMITTEE,4,DEM,KAREN CORIA,1
Jackson,PRECINCT 11,STATE EXECUTIVE COMMITTEE,4,DEM,KAREN CORIA,0
Jackson,PRECINCT 12,STATE EXECUTIVE COMMITTEE,4,DEM,KAREN CORIA,9
Jackson,PRECINCT 13,STATE EXECUTIVE COMMITTEE,4,DEM,KAREN CORIA,0
Jackson,PRECINCT 14,STATE EXECUTIVE COMMITTEE,4,DEM,KAREN CORIA,14
Jackson,PRECINCT 15,STATE EXECUTIVE COMMITTEE,4,DEM,KAREN CORIA,2
Jackson,PRECINCT 16,STATE EXECUTIVE COMMITTEE,4,DEM,KAREN CORIA,9
Jackson,PRECINCT 17,STATE EXECUTIVE COMMITTEE,4,DEM,KAREN CORIA,5
Jackson,PRECINCT 20,STATE EXECUTIVE COMMITTEE,4,DEM,KAREN CORIA,6
Jackson,PRECINCT 21,STATE EXECUTIVE COMMITTEE,4,DEM,KAREN CORIA,1
Jackson,PRECINCT 22,STATE EXECUTIVE COMMITTEE,4,DEM,KAREN CORIA,6
Jackson,PRECINCT 23,STATE EXECUTIVE COMMITTEE,4,DEM,KAREN CORIA,3
Jackson,PRECINCT 24,STATE EXECUTIVE COMMITTEE,4,DEM,KAREN CORIA,1
Jackson,PRECINCT 1,STATE EXECUTIVE COMMITTEE,4,DEM,SHARON PICKENS,24
Jackson,PRECINCT 2,STATE EXECUTIVE COMMITTEE,4,DEM,SHARON PICKENS,38
Jackson,PRECINCT 3,STATE EXECUTIVE COMMITTEE,4,DEM,SHARON PICKENS,36
Jackson,PRECINCT 5,STATE EXECUTIVE COMMITTEE,4,DEM,SHARON PICKENS,44
Jackson,PRECINCT 6,STATE EXECUTIVE COMMITTEE,4,DEM,SHARON PICKENS,57
Jackson,PRECINCT 7,STATE EXECUTIVE COMMITTEE,4,DEM,SHARON PICKENS,88
Jackson,PRECINCT 8,STATE EXECUTIVE COMMITTEE,4,DEM,SHARON PICKENS,51
Jackson,PRECINCT 9,STATE EXECUTIVE COMMITTEE,4,DEM,SHARON PICKENS,37
Jackson,PRECINCT 10,STATE EXECUTIVE COMMITTEE,4,DEM,SHARON PICKENS,26
Jackson,PRECINCT 11,STATE EXECUTIVE COMMITTEE,4,DEM,SHARON PICKENS,33
Jackson,PRECINCT 12,STATE EXECUTIVE COMMITTEE,4,DEM,SHARON PICKENS,46
Jackson,PRECINCT 13,STATE EXECUTIVE COMMITTEE,4,DEM,SHARON PICKENS,22
Jackson,PRECINCT 14,STATE EXECUTIVE COMMITTEE,4,DEM,SHARON PICKENS,66
Jackson,PRECINCT 15,STATE EXECUTIVE COMMITTEE,4,DEM,SHARON PICKENS,30
Jackson,PRECINCT 16,STATE EXECUTIVE COMMITTEE,4,DEM,SHARON PICKENS,76
Jackson,PRECINCT 17,STATE EXECUTIVE COMMITTEE,4,DEM,SHARON PICKENS,72
Jackson,PRECINCT 20,STATE EXECUTIVE COMMITTEE,4,DEM,SHARON PICKENS,35
Jackson,PRECINCT 21,STATE EXECUTIVE COMMITTEE,4,DEM,SHARON PICKENS,7
Jackson,PRECINCT 22,STATE EXECUTIVE COMMITTEE,4,DEM,SHARON PICKENS,57
Jackson,PRECINCT 23,STATE EXECUTIVE COMMITTEE,4,DEM,SHARON PICKENS,31
Jackson,PRECINCT 24,STATE EXECUTIVE COMMITTEE,4,DEM,SHARON PICKENS,10
Jackson,PRECINCT 1,STATE EXECUTIVE COMMITTEE,4,DEM,BONNIE J FRUTH,9
Jackson,PRECINCT 2,STATE EXECUTIVE COMMITTEE,4,DEM,BONNIE J FRUTH,10
Jackson,PRECINCT 3,STATE EXECUTIVE COMMITTEE,4,DEM,BONNIE J FRUTH,11
Jackson,PRECINCT 5,STATE EXECUTIVE COMMITTEE,4,DEM,BONNIE J FRUTH,6
Jackson,PRECINCT 6,STATE EXECUTIVE COMMITTEE,4,DEM,BONNIE J FRUTH,18
Jackson,PRECINCT 7,STATE EXECUTIVE COMMITTEE,4,DEM,BONNIE J FRUTH,31
Jackson,PRECINCT 8,STATE EXECUTIVE COMMITTEE,4,DEM,BONNIE J FRUTH,16
Jackson,PRECINCT 9,STATE EXECUTIVE COMMITTEE,4,DEM,BONNIE J FRUTH,7
Jackson,PRECINCT 10,STATE EXECUTIVE COMMITTEE,4,DEM,BONNIE J FRUTH,7
Jackson,PRECINCT 11,STATE EXECUTIVE COMMITTEE,4,DEM,BONNIE J FRUTH,6
Jackson,PRECINCT 12,STATE EXECUTIVE COMMITTEE,4,DEM,BONNIE J FRUTH,15
Jackson,PRECINCT 13,STATE EXECUTIVE COMMITTEE,4,DEM,BONNIE J FRUTH,7
Jackson,PRECINCT 14,STATE EXECUTIVE COMMITTEE,4,DEM,BONNIE J FRUTH,22
Jackson,PRECINCT 15,STATE EXECUTIVE COMMITTEE,4,DEM,BONNIE J FRUTH,12
Jackson,PRECINCT 16,STATE EXECUTIVE COMMITTEE,4,DEM,BONNIE J FRUTH,36
Jackson,PRECINCT 17,STATE EXECUTIVE COMMITTEE,4,DEM,BONNIE J FRUTH,19
Jackson,PRECINCT 20,STATE EXECUTIVE COMMITTEE,4,DEM,BONNIE J FRUTH,8
Jackson,PRECINCT 21,STATE EXECUTIVE COMMITTEE,4,DEM,BONNIE J FRUTH,1
Jackson,PRECINCT 22,STATE EXECUTIVE COMMITTEE,4,DEM,BONNIE J FRUTH,26
Jackson,PRECINCT 23,STATE EXECUTIVE COMMITTEE,4,DEM,BONNIE J FRUTH,6
Jackson,PRECINCT 24,STATE EXECUTIVE COMMITTEE,4,DEM,BONNIE J FRUTH,2
Jackson,PRECINCT 1,STATE EXECUTIVE COMMITTEE,4,DEM,"LINDA ""SUZANNE"" HORNSBY",11
Jackson,PRECINCT 2,STATE EXECUTIVE COMMITTEE,4,DEM,"LINDA ""SUZANNE"" HORNSBY",16
Jackson,PRECINCT 3,STATE EXECUTIVE COMMITTEE,4,DEM,"LINDA ""SUZANNE"" HORNSBY",26
Jackson,PRECINCT 5,STATE EXECUTIVE COMMITTEE,4,DEM,"LINDA ""SUZANNE"" HORNSBY",14
Jackson,PRECINCT 6,STATE EXECUTIVE COMMITTEE,4,DEM,"LINDA ""SUZANNE"" HORNSBY",21
Jackson,PRECINCT 7,STATE EXECUTIVE COMMITTEE,4,DEM,"LINDA ""SUZANNE"" HORNSBY",45
Jackson,PRECINCT 8,STATE EXECUTIVE COMMITTEE,4,DEM,"LINDA ""SUZANNE"" HORNSBY",20
Jackson,PRECINCT 9,STATE EXECUTIVE COMMITTEE,4,DEM,"LINDA ""SUZANNE"" HORNSBY",16
Jackson,PRECINCT 10,STATE EXECUTIVE COMMITTEE,4,DEM,"LINDA ""SUZANNE"" HORNSBY",16
Jackson,PRECINCT 11,STATE EXECUTIVE COMMITTEE,4,DEM,"LINDA ""SUZANNE"" HORNSBY",19
Jackson,PRECINCT 12,STATE EXECUTIVE COMMITTEE,4,DEM,"LINDA ""SUZANNE"" HORNSBY",24
Jackson,PRECINCT 13,STATE EXECUTIVE COMMITTEE,4,DEM,"LINDA ""SUZANNE"" HORNSBY",13
Jackson,PRECINCT 14,STATE EXECUTIVE COMMITTEE,4,DEM,"LINDA ""SUZANNE"" HORNSBY",38
Jackson,PRECINCT 15,STATE EXECUTIVE COMMITTEE,4,DEM,"LINDA ""SUZANNE"" HORNSBY",14
Jackson,PRECINCT 16,STATE EXECUTIVE COMMITTEE,4,DEM,"LINDA ""SUZANNE"" HORNSBY",46
Jackson,PRECINCT 17,STATE EXECUTIVE COMMITTEE,4,DEM,"LINDA ""SUZANNE"" HORNSBY",54
Jackson,PRECINCT 20,STATE EXECUTIVE COMMITTEE,4,DEM,"LINDA ""SUZANNE"" HORNSBY",12
Jackson,PRECINCT 21,STATE EXECUTIVE COMMITTEE,4,DEM,"LINDA ""SUZANNE"" HORNSBY",5
Jackson,PRECINCT 22,STATE EXECUTIVE COMMITTEE,4,DEM,"LINDA ""SUZANNE"" HORNSBY",30
Jackson,PRECINCT 23,STATE EXECUTIVE COMMITTEE,4,DEM,"LINDA ""SUZANNE"" HORNSBY",16
Jackson,PRECINCT 24,STATE EXECUTIVE COMMITTEE,4,DEM,"LINDA ""SUZANNE"" HORNSBY",6
Jackson,PRECINCT 1,STATE EXECUTIVE COMMITTEE,4,DEM,"THERESA ""TESS"" JACKSON",1
Jackson,PRECINCT 2,STATE EXECUTIVE COMMITTEE,4,DEM,"THERESA ""TESS"" JACKSON",4
Jackson,PRECINCT 3,STATE EXECUTIVE COMMITTEE,4,DEM,"THERESA ""TESS"" JACKSON",1
Jackson,PRECINCT 5,STATE EXECUTIVE COMMITTEE,4,DEM,"THERESA ""TESS"" JACKSON",2
Jackson,PRECINCT 6,STATE EXECUTIVE COMMITTEE,4,DEM,"THERESA ""TESS"" JACKSON",2
Jackson,PRECINCT 7,STATE EXECUTIVE COMMITTEE,4,DEM,"THERESA ""TESS"" JACKSON",6
Jackson,PRECINCT 8,STATE EXECUTIVE COMMITTEE,4,DEM,"THERESA ""TESS"" JACKSON",2
Jackson,PRECINCT 9,STATE EXECUTIVE COMMITTEE,4,DEM,"THERESA ""TESS"" JACKSON",1
Jackson,PRECINCT 10,STATE EXECUTIVE COMMITTEE,4,DEM,"THERESA ""TESS"" JACKSON",2
Jackson,PRECINCT 11,STATE EXECUTIVE COMMITTEE,4,DEM,"THERESA ""TESS"" JACKSON",3
Jackson,PRECINCT 12,STATE EXECUTIVE COMMITTEE,4,DEM,"THERESA ""TESS"" JACKSON",3
Jackson,PRECINCT 13,STATE EXECUTIVE COMMITTEE,4,DEM,"THERESA ""TESS"" JACKSON",2
Jackson,PRECINCT 14,STATE EXECUTIVE COMMITTEE,4,DEM,"THERESA ""TESS"" JACKSON",5
Jackson,PRECINCT 15,STATE EXECUTIVE COMMITTEE,4,DEM,"THERESA ""TESS"" JACKSON",3
Jackson,PRECINCT 16,STATE EXECUTIVE COMMITTEE,4,DEM,"THERESA ""TESS"" JACKSON",7
Jackson,PRECINCT 17,STATE EXECUTIVE COMMITTEE,4,DEM,"THERESA ""TESS"" JACKSON",5
Jackson,PRECINCT 20,STATE EXECUTIVE COMMITTEE,4,DEM,"THERESA ""TESS"" JACKSON",6
Jackson,PRECINCT 21,STATE EXECUTIVE COMMITTEE,4,DEM,"THERESA ""TESS"" JACKSON",2
Jackson,PRECINCT 22,STATE EXECUTIVE COMMITTEE,4,DEM,"THERESA ""TESS"" JACKSON",8
Jackson,PRECINCT 23,STATE EXECUTIVE COMMITTEE,4,DEM,"THERESA ""TESS"" JACKSON",5
Jackson,PRECINCT 24,STATE EXECUTIVE COMMITTEE,4,DEM,"THERESA ""TESS"" JACKSON",1
Jackson,PRECINCT 1,STATE EXECUTIVE COMMITTEE,4,REP,PAUL HARTLING,3
Jackson,PRECINCT 2,STATE EXECUTIVE COMMITTEE,4,REP,PAUL HARTLING,3
Jackson,PRECINCT 3,STATE EXECUTIVE COMMITTEE,4,REP,PAUL HARTLING,5
Jackson,PRECINCT 5,STATE EXECUTIVE COMMITTEE,4,REP,PAUL HARTLING,4
Jackson,PRECINCT 6,STATE EXECUTIVE COMMITTEE,4,REP,PAUL HARTLING,4
Jackson,PRECINCT 7,STATE EXECUTIVE COMMITTEE,4,REP,PAUL HARTLING,9
Jackson,PRECINCT 8,STATE EXECUTIVE COMMITTEE,4,REP,PAUL HARTLING,4
Jackson,PRECINCT 9,STATE EXECUTIVE COMMITTEE,4,REP,PAUL HARTLING,5
Jackson,PRECINCT 10,STATE EXECUTIVE COMMITTEE,4,REP,PAUL HARTLING,6
Jackson,PRECINCT 11,STATE EXECUTIVE COMMITTEE,4,REP,PAUL HARTLING,10
Jackson,PRECINCT 12,STATE EXECUTIVE COMMITTEE,4,REP,PAUL HARTLING,17
Jackson,PRECINCT 13,STATE EXECUTIVE COMMITTEE,4,REP,PAUL HARTLING,7
Jackson,PRECINCT 14,STATE EXECUTIVE COMMITTEE,4,REP,PAUL HARTLING,9
Jackson,PRECINCT 15,STATE EXECUTIVE COMMITTEE,4,REP,PAUL HARTLING,5
Jackson,PRECINCT 16,STATE EXECUTIVE COMMITTEE,4,REP,PAUL HARTLING,13
Jackson,PRECINCT 17,STATE EXECUTIVE COMMITTEE,4,REP,PAUL HARTLING,16
Jackson,PRECINCT 20,STATE EXECUTIVE COMMITTEE,4,REP,PAUL HARTLING,6
Jackson,PRECINCT 21,STATE EXECUTIVE COMMITTEE,4,REP,PAUL HARTLING,6
Jackson,PRECINCT 22,STATE EXECUTIVE COMMITTEE,4,REP,PAUL HARTLING,16
Jackson,PRECINCT 23,STATE EXECUTIVE COMMITTEE,4,REP,PAUL HARTLING,5
Jackson,PRECINCT 24,STATE EXECUTIVE COMMITTEE,4,REP,PAUL HARTLING,2
Jackson,PRECINCT 1,STATE EXECUTIVE COMMITTEE,4,REP,JOHNNIE WAMSLEY II,17
Jackson,PRECINCT 2,STATE EXECUTIVE COMMITTEE,4,REP,JOHNNIE WAMSLEY II,23
Jackson,PRECINCT 3,STATE EXECUTIVE COMMITTEE,4,REP,JOHNNIE WAMSLEY II,35
Jackson,PRECINCT 5,STATE EXECUTIVE COMMITTEE,4,REP,JOHNNIE WAMSLEY II,20
Jackson,PRECINCT 6,STATE EXECUTIVE COMMITTEE,4,REP,JOHNNIE WAMSLEY II,21
Jackson,PRECINCT 7,STATE EXECUTIVE COMMITTEE,4,REP,JOHNNIE WAMSLEY II,33
Jackson,PRECINCT 8,STATE EXECUTIVE COMMITTEE,4,REP,JOHNNIE WAMSLEY II,23
Jackson,PRECINCT 9,STATE EXECUTIVE COMMITTEE,4,REP,JOHNNIE WAMSLEY II,23
Jackson,PRECINCT 10,STATE EXECUTIVE COMMITTEE,4,REP,JOHNNIE WAMSLEY II,28
Jackson,PRECINCT 11,STATE EXECUTIVE COMMITTEE,4,REP,JOHNNIE WAMSLEY II,32
Jackson,PRECINCT 12,STATE EXECUTIVE COMMITTEE,4,REP,JOHNNIE WAMSLEY II,58
Jackson,PRECINCT 13,STATE EXECUTIVE COMMITTEE,4,REP,JOHNNIE WAMSLEY II,27
Jackson,PRECINCT 14,STATE EXECUTIVE COMMITTEE,4,REP,JOHNNIE WAMSLEY II,87
Jackson,PRECINCT 15,STATE EXECUTIVE COMMITTEE,4,REP,JOHNNIE WAMSLEY II,39
Jackson,PRECINCT 16,STATE EXECUTIVE COMMITTEE,4,REP,JOHNNIE WAMSLEY II,73
Jackson,PRECINCT 17,STATE EXECUTIVE COMMITTEE,4,REP,JOHNNIE WAMSLEY II,59
Jackson,PRECINCT 20,STATE EXECUTIVE COMMITTEE,4,REP,JOHNNIE WAMSLEY II,17
Jackson,PRECINCT 21,STATE EXECUTIVE COMMITTEE,4,REP,JOHNNIE WAMSLEY II,16
Jackson,PRECINCT 22,STATE EXECUTIVE COMMITTEE,4,REP,JOHNNIE WAMSLEY II,40
Jackson,PRECINCT 23,STATE EXECUTIVE COMMITTEE,4,REP,JOHNNIE WAMSLEY II,18
Jackson,PRECINCT 24,STATE EXECUTIVE COMMITTEE,4,REP,JOHNNIE WAMSLEY II,10
Jackson,PRECINCT 1,STATE EXECUTIVE COMMITTEE,4,REP,RONALD STONE,3
Jackson,PRECINCT 2,STATE EXECUTIVE COMMITTEE,4,REP,RONALD STONE,3
Jackson,PRECINCT 3,STATE EXECUTIVE COMMITTEE,4,REP,RONALD STONE,16
Jackson,PRECINCT 5,STATE EXECUTIVE COMMITTEE,4,REP,RONALD STONE,3
Jackson,PRECINCT 6,STATE EXECUTIVE COMMITTEE,4,REP,RONALD STONE,6
Jackson,PRECINCT 7,STATE EXECUTIVE COMMITTEE,4,REP,RONALD STONE,6
Jackson,PRECINCT 8,STATE EXECUTIVE COMMITTEE,4,REP,RONALD STONE,5
Jackson,PRECINCT 9,STATE EXECUTIVE COMMITTEE,4,REP,RONALD STONE,3
Jackson,PRECINCT 10,STATE EXECUTIVE COMMITTEE,4,REP,RONALD STONE,8
Jackson,PRECINCT 11,STATE EXECUTIVE COMMITTEE,4,REP,RONALD STONE,7
Jackson,PRECINCT 12,STATE EXECUTIVE COMMITTEE,4,REP,RONALD STONE,17
Jackson,PRECINCT 13,STATE EXECUTIVE COMMITTEE,4,REP,RONALD STONE,2
Jackson,PRECINCT 14,STATE EXECUTIVE COMMITTEE,4,REP,RONALD STONE,9
Jackson,PRECINCT 15,STATE EXECUTIVE COMMITTEE,4,REP,RONALD STONE,5
Jackson,PRECINCT 16,STATE EXECUTIVE COMMITTEE,4,REP,RONALD STONE,11
Jackson,PRECINCT 17,STATE EXECUTIVE COMMITTEE,4,REP,RONALD STONE,13
Jackson,PRECINCT 20,STATE EXECUTIVE COMMITTEE,4,REP,RONALD STONE,3
Jackson,PRECINCT 21,STATE EXECUTIVE COMMITTEE,4,REP,RONALD STONE,6
Jackson,PRECINCT 22,STATE EXECUTIVE COMMITTEE,4,REP,RONALD STONE,7
Jackson,PRECINCT 23,STATE EXECUTIVE COMMITTEE,4,REP,RONALD STONE,5
Jackson,PRECINCT 24,STATE EXECUTIVE COMMITTEE,4,REP,RONALD STONE,0
Jackson,PRECINCT 1,STATE EXECUTIVE COMMITTEE,4,REP,CALEB A. TURNER,3
Jackson,PRECINCT 2,STATE EXECUTIVE COMMITTEE,4,REP,CALEB A. TURNER,2
Jackson,PRECINCT 3,STATE EXECUTIVE COMMITTEE,4,REP,CALEB A. TURNER,5
Jackson,PRECINCT 5,STATE EXECUTIVE COMMITTEE,4,REP,CALEB A. TURNER,3
Jackson,PRECINCT 6,STATE EXECUTIVE COMMITTEE,4,REP,CALEB A. TURNER,4
Jackson,PRECINCT 7,STATE EXECUTIVE COMMITTEE,4,REP,CALEB A. TURNER,4
Jackson,PRECINCT 8,STATE EXECUTIVE COMMITTEE,4,REP,CALEB A. TURNER,6
Jackson,PRECINCT 9,STATE EXECUTIVE COMMITTEE,4,REP,CALEB A. TURNER,5
Jackson,PRECINCT 10,STATE EXECUTIVE COMMITTEE,4,REP,CALEB A. TURNER,7
Jackson,PRECINCT 11,STATE EXECUTIVE COMMITTEE,4,REP,CALEB A. TURNER,1
Jackson,PRECINCT 12,STATE EXECUTIVE COMMITTEE,4,REP,CALEB A. TURNER,8
Jackson,PRECINCT 13,STATE EXECUTIVE COMMITTEE,4,REP,CALEB A. TURNER,5
Jackson,PRECINCT 14,STATE EXECUTIVE COMMITTEE,4,REP,CALEB A. TURNER,5
Jackson,PRECINCT 15,STATE EXECUTIVE COMMITTEE,4,REP,CALEB A. TURNER,7
Jackson,PRECINCT 16,STATE EXECUTIVE COMMITTEE,4,REP,CALEB A. TURNER,14
Jackson,PRECINCT 17,STATE EXECUTIVE COMMITTEE,4,REP,CALEB A. TURNER,12
Jackson,PRECINCT 20,STATE EXECUTIVE COMMITTEE,4,REP,CALEB A. TURNER,2
Jackson,PRECINCT 21,STATE EXECUTIVE COMMITTEE,4,REP,CALEB A. TURNER,2
Jackson,PRECINCT 22,STATE EXECUTIVE COMMITTEE,4,REP,CALEB A. TURNER,7
Jackson,PRECINCT 23,STATE EXECUTIVE COMMITTEE,4,REP,CALEB A. TURNER,6
Jackson,PRECINCT 24,STATE EXECUTIVE COMMITTEE,4,REP,CALEB A. TURNER,2
Jackson,PRECINCT 1,STATE EXECUTIVE COMMITTEE,4,REP,STEVE CONNOLLY,1
Jackson,PRECINCT 2,STATE EXECUTIVE COMMITTEE,4,REP,STEVE CONNOLLY,2
Jackson,PRECINCT 3,STATE EXECUTIVE COMMITTEE,4,REP,STEVE CONNOLLY,12
Jackson,PRECINCT 5,STATE EXECUTIVE COMMITTEE,4,REP,STEVE CONNOLLY,6
Jackson,PRECINCT 6,STATE EXECUTIVE COMMITTEE,4,REP,STEVE CONNOLLY,10
Jackson,PRECINCT 7,STATE EXECUTIVE COMMITTEE,4,REP,STEVE CONNOLLY,8
Jackson,PRECINCT 8,STATE EXECUTIVE COMMITTEE,4,REP,STEVE CONNOLLY,5
Jackson,PRECINCT 9,STATE EXECUTIVE COMMITTEE,4,REP,STEVE CONNOLLY,5
Jackson,PRECINCT 10,STATE EXECUTIVE COMMITTEE,4,REP,STEVE CONNOLLY,8
Jackson,PRECINCT 11,STATE EXECUTIVE COMMITTEE,4,REP,STEVE CONNOLLY,12
Jackson,PRECINCT 12,STATE EXECUTIVE COMMITTEE,4,REP,STEVE CONNOLLY,13
Jackson,PRECINCT 13,STATE EXECUTIVE COMMITTEE,4,REP,STEVE CONNOLLY,4
Jackson,PRECINCT 14,STATE EXECUTIVE COMMITTEE,4,REP,STEVE CONNOLLY,8
Jackson,PRECINCT 15,STATE EXECUTIVE COMMITTEE,4,REP,STEVE CONNOLLY,9
Jackson,PRECINCT 16,STATE EXECUTIVE COMMITTEE,4,REP,STEVE CONNOLLY,19
Jackson,PRECINCT 17,STATE EXECUTIVE COMMITTEE,4,REP,STEVE CONNOLLY,18
Jackson,PRECINCT 20,STATE EXECUTIVE COMMITTEE,4,REP,STEVE CONNOLLY,5
Jackson,PRECINCT 21,STATE EXECUTIVE COMMITTEE,4,REP,STEVE CONNOLLY,8
Jackson,PRECINCT 22,STATE EXECUTIVE COMMITTEE,4,REP,STEVE CONNOLLY,16
Jackson,PRECINCT 23,STATE EXECUTIVE COMMITTEE,4,REP,STEVE CONNOLLY,6
Jackson,PRECINCT 24,STATE EXECUTIVE COMMITTEE,4,REP,STEVE CONNOLLY,3
Jackson,PRECINCT 1,STATE EXECUTIVE COMMITTEE,4,REP,JIM BUTLER,10
Jackson,PRECINCT 2,STATE EXECUTIVE COMMITTEE,4,REP,JIM BUTLER,21
Jackson,PRECINCT 3,STATE EXECUTIVE COMMITTEE,4,REP,JIM BUTLER,29
Jackson,PRECINCT 5,STATE EXECUTIVE COMMITTEE,4,REP,JIM BUTLER,12
Jackson,PRECINCT 6,STATE EXECUTIVE COMMITTEE,4,REP,JIM BUTLER,23
Jackson,PRECINCT 7,STATE EXECUTIVE COMMITTEE,4,REP,JIM BUTLER,24
Jackson,PRECINCT 8,STATE EXECUTIVE COMMITTEE,4,REP,JIM BUTLER,23
Jackson,PRECINCT 9,STATE EXECUTIVE COMMITTEE,4,REP,JIM BUTLER,18
Jackson,PRECINCT 10,STATE EXECUTIVE COMMITTEE,4,REP,JIM BUTLER,23
Jackson,PRECINCT 11,STATE EXECUTIVE COMMITTEE,4,REP,JIM BUTLER,24
Jackson,PRECINCT 12,STATE EXECUTIVE COMMITTEE,4,REP,JIM BUTLER,41
Jackson,PRECINCT 13,STATE EXECUTIVE COMMITTEE,4,REP,JIM BUTLER,27
Jackson,PRECINCT 14,STATE EXECUTIVE COMMITTEE,4,REP,JIM BUTLER,55
Jackson,PRECINCT 15,STATE EXECUTIVE COMMITTEE,4,REP,JIM BUTLER,17
Jackson,PRECINCT 16,STATE EXECUTIVE COMMITTEE,4,REP,JIM BUTLER,59
Jackson,PRECINCT 17,STATE EXECUTIVE COMMITTEE,4,REP,JIM BUTLER,53
Jackson,PRECINCT 20,STATE EXECUTIVE COMMITTEE,4,REP,JIM BUTLER,16
Jackson,PRECINCT 21,STATE EXECUTIVE COMMITTEE,4,REP,JIM BUTLER,10
Jackson,PRECINCT 22,STATE EXECUTIVE COMMITTEE,4,REP,JIM BUTLER,33
Jackson,PRECINCT 23,STATE EXECUTIVE COMMITTEE,4,REP,JIM BUTLER,18
Jackson,PRECINCT 24,STATE EXECUTIVE COMMITTEE,4,REP,JIM BUTLER,7
Jackson,PRECINCT 1,STATE EXECUTIVE COMMITTEE,4,REP,ASHBY KAVE,1
Jackson,PRECINCT 2,STATE EXECUTIVE COMMITTEE,4,REP,ASHBY KAVE,3
Jackson,PRECINCT 3,STATE EXECUTIVE COMMITTEE,4,REP,ASHBY KAVE,8
Jackson,PRECINCT 5,STATE EXECUTIVE COMMITTEE,4,REP,ASHBY KAVE,6
Jackson,PRECINCT 6,STATE EXECUTIVE COMMITTEE,4,REP,ASHBY KAVE,1
Jackson,PRECINCT 7,STATE EXECUTIVE COMMITTEE,4,REP,ASHBY KAVE,4
Jackson,PRECINCT 8,STATE EXECUTIVE COMMITTEE,4,REP,ASHBY KAVE,3
Jackson,PRECINCT 9,STATE EXECUTIVE COMMITTEE,4,REP,ASHBY KAVE,0
Jackson,PRECINCT 10,STATE EXECUTIVE COMMITTEE,4,REP,ASHBY KAVE,4
Jackson,PRECINCT 11,STATE EXECUTIVE COMMITTEE,4,REP,ASHBY KAVE,3
Jackson,PRECINCT 12,STATE EXECUTIVE COMMITTEE,4,REP,ASHBY KAVE,3
Jackson,PRECINCT 13,STATE EXECUTIVE COMMITTEE,4,REP,ASHBY KAVE,7
Jackson,PRECINCT 14,STATE EXECUTIVE COMMITTEE,4,REP,ASHBY KAVE,2
Jackson,PRECINCT 15,STATE EXECUTIVE COMMITTEE,4,REP,ASHBY KAVE,2
Jackson,PRECINCT 16,STATE EXECUTIVE COMMITTEE,4,REP,ASHBY KAVE,4
Jackson,PRECINCT 17,STATE EXECUTIVE COMMITTEE,4,REP,ASHBY KAVE,4
Jackson,PRECINCT 20,STATE EXECUTIVE COMMITTEE,4,REP,ASHBY KAVE,2
Jackson,PRECINCT 21,STATE EXECUTIVE COMMITTEE,4,REP,ASHBY KAVE,2
Jackson,PRECINCT 22,STATE EXECUTIVE COMMITTEE,4,REP,ASHBY KAVE,9
Jackson,PRECINCT 23,STATE EXECUTIVE COMMITTEE,4,REP,ASHBY KAVE,1
Jackson,PRECINCT 24,STATE EXECUTIVE COMMITTEE,4,REP,ASHBY KAVE,2
Jackson,PRECINCT 1,STATE EXECUTIVE COMMITTEE,4,REP,JACOB G. HILL,4
Jackson,PRECINCT 2,STATE EXECUTIVE COMMITTEE,4,REP,JACOB G. HILL,22
Jackson,PRECINCT 3,STATE EXECUTIVE COMMITTEE,4,REP,JACOB G. HILL,33
Jackson,PRECINCT 5,STATE EXECUTIVE COMMITTEE,4,REP,JACOB G. HILL,19
Jackson,PRECINCT 6,STATE EXECUTIVE COMMITTEE,4,REP,JACOB G. HILL,20
Jackson,PRECINCT 7,STATE EXECUTIVE COMMITTEE,4,REP,JACOB G. HILL,35
Jackson,PRECINCT 8,STATE EXECUTIVE COMMITTEE,4,REP,JACOB G. HILL,23
Jackson,PRECINCT 9,STATE EXECUTIVE COMMITTEE,4,REP,JACOB G. HILL,24
Jackson,PRECINCT 10,STATE EXECUTIVE COMMITTEE,4,REP,JACOB G. HILL,23
Jackson,PRECINCT 11,STATE EXECUTIVE COMMITTEE,4,REP,JACOB G. HILL,22
Jackson,PRECINCT 12,STATE EXECUTIVE COMMITTEE,4,REP,JACOB G. HILL,61
Jackson,PRECINCT 13,STATE EXECUTIVE COMMITTEE,4,REP,JACOB G. HILL,30
Jackson,PRECINCT 14,STATE EXECUTIVE COMMITTEE,4,REP,JACOB G. HILL,58
Jackson,PRECINCT 15,STATE EXECUTIVE COMMITTEE,4,REP,JACOB G. HILL,22
Jackson,PRECINCT 16,STATE EXECUTIVE COMMITTEE,4,REP,JACOB G. HILL,56
Jackson,PRECINCT 17,STATE EXECUTIVE COMMITTEE,4,REP,JACOB G. HILL,50
Jackson,PRECINCT 20,STATE EXECUTIVE COMMITTEE,4,REP,JACOB G. HILL,10
Jackson,PRECINCT 21,STATE EXECUTIVE COMMITTEE,4,REP,JACOB G. HILL,12
Jackson,PRECINCT 22,STATE EXECUTIVE COMMITTEE,4,REP,JACOB G. HILL,34
Jackson,PRECINCT 23,STATE EXECUTIVE COMMITTEE,4,REP,JACOB G. HILL,7
Jackson,PRECINCT 24,STATE EXECUTIVE COMMITTEE,4,REP,JACOB G. HILL,8
Jackson,PRECINCT 1,STATE EXECUTIVE COMMITTEE,4,REP,ERIC J. TARR,14
Jackson,PRECINCT 2,STATE EXECUTIVE COMMITTEE,4,REP,ERIC J. TARR,17
Jackson,PRECINCT 3,STATE EXECUTIVE COMMITTEE,4,REP,ERIC J. TARR,26
Jackson,PRECINCT 5,STATE EXECUTIVE COMMITTEE,4,REP,ERIC J. TARR,14
Jackson,PRECINCT 6,STATE EXECUTIVE COMMITTEE,4,REP,ERIC J. TARR,23
Jackson,PRECINCT 7,STATE EXECUTIVE COMMITTEE,4,REP,ERIC J. TARR,26
Jackson,PRECINCT 8,STATE EXECUTIVE COMMITTEE,4,REP,ERIC J. TARR,12
Jackson,PRECINCT 9,STATE EXECUTIVE COMMITTEE,4,REP,ERIC J. TARR,12
Jackson,PRECINCT 10,STATE EXECUTIVE COMMITTEE,4,REP,ERIC J. TARR,17
Jackson,PRECINCT 11,STATE EXECUTIVE COMMITTEE,4,REP,ERIC J. TARR,15
Jackson,PRECINCT 12,STATE EXECUTIVE COMMITTEE,4,REP,ERIC J. TARR,27
Jackson,PRECINCT 13,STATE EXECUTIVE COMMITTEE,4,REP,ERIC J. TARR,23
Jackson,PRECINCT 14,STATE EXECUTIVE COMMITTEE,4,REP,ERIC J. TARR,28
Jackson,PRECINCT 15,STATE EXECUTIVE COMMITTEE,4,REP,ERIC J. TARR,19
Jackson,PRECINCT 16,STATE EXECUTIVE COMMITTEE,4,REP,ERIC J. TARR,60
Jackson,PRECINCT 17,STATE EXECUTIVE COMMITTEE,4,REP,ERIC J. TARR,51
Jackson,PRECINCT 20,STATE EXECUTIVE COMMITTEE,4,REP,ERIC J. TARR,16
Jackson,PRECINCT 21,STATE EXECUTIVE COMMITTEE,4,REP,ERIC J. TARR,11
Jackson,PRECINCT 22,STATE EXECUTIVE COMMITTEE,4,REP,ERIC J. TARR,47
Jackson,PRECINCT 23,STATE EXECUTIVE COMMITTEE,4,REP,ERIC J. TARR,18
Jackson,PRECINCT 24,STATE EXECUTIVE COMMITTEE,4,REP,ERIC J. TARR,12
Jackson,PRECINCT 1,STATE EXECUTIVE COMMITTEE,4,REP,JARRED CANNON,2
Jackson,PRECINCT 2,STATE EXECUTIVE COMMITTEE,4,REP,JARRED CANNON,2
Jackson,PRECINCT 3,STATE EXECUTIVE COMMITTEE,4,REP,JARRED CANNON,5
Jackson,PRECINCT 5,STATE EXECUTIVE COMMITTEE,4,REP,JARRED CANNON,1
Jackson,PRECINCT 6,STATE EXECUTIVE COMMITTEE,4,REP,JARRED CANNON,3
Jackson,PRECINCT 7,STATE EXECUTIVE COMMITTEE,4,REP,JARRED CANNON,4
Jackson,PRECINCT 8,STATE EXECUTIVE COMMITTEE,4,REP,JARRED CANNON,1
Jackson,PRECINCT 9,STATE EXECUTIVE COMMITTEE,4,REP,JARRED CANNON,4
Jackson,PRECINCT 10,STATE EXECUTIVE COMMITTEE,4,REP,JARRED CANNON,1
Jackson,PRECINCT 11,STATE EXECUTIVE COMMITTEE,4,REP,JARRED CANNON,3
Jackson,PRECINCT 12,STATE EXECUTIVE COMMITTEE,4,REP,JARRED CANNON,7
Jackson,PRECINCT 13,STATE EXECUTIVE COMMITTEE,4,REP,JARRED CANNON,2
Jackson,PRECINCT 14,STATE EXECUTIVE COMMITTEE,4,REP,JARRED CANNON,8
Jackson,PRECINCT 15,STATE EXECUTIVE COMMITTEE,4,REP,JARRED CANNON,2
Jackson,PRECINCT 16,STATE EXECUTIVE COMMITTEE,4,REP,JARRED CANNON,7
Jackson,PRECINCT 17,STATE EXECUTIVE COMMITTEE,4,REP,JARRED CANNON,6
Jackson,PRECINCT 20,STATE EXECUTIVE COMMITTEE,4,REP,JARRED CANNON,2
Jackson,PRECINCT 21,STATE EXECUTIVE COMMITTEE,4,REP,JARRED CANNON,1
Jackson,PRECINCT 22,STATE EXECUTIVE COMMITTEE,4,REP,JARRED CANNON,4
Jackson,PRECINCT 23,STATE EXECUTIVE COMMITTEE,4,REP,JARRED CANNON,0
Jackson,PRECINCT 24,STATE EXECUTIVE COMMITTEE,4,REP,JARRED CANNON,0
Jackson,PRECINCT 1,STATE EXECUTIVE COMMITTEE,4,REP,DANIEL LINVILLE,2
Jackson,PRECINCT 2,STATE EXECUTIVE COMMITTEE,4,REP,DANIEL LINVILLE,0
Jackson,PRECINCT 3,STATE EXECUTIVE COMMITTEE,4,REP,DANIEL LINVILLE,5
Jackson,PRECINCT 5,STATE EXECUTIVE COMMITTEE,4,REP,DANIEL LINVILLE,3
Jackson,PRECINCT 6,STATE EXECUTIVE COMMITTEE,4,REP,DANIEL LINVILLE,4
Jackson,PRECINCT 7,STATE EXECUTIVE COMMITTEE,4,REP,DANIEL LINVILLE,13
Jackson,PRECINCT 8,STATE EXECUTIVE COMMITTEE,4,REP,DANIEL LINVILLE,6
Jackson,PRECINCT 9,STATE EXECUTIVE COMMITTEE,4,REP,DANIEL LINVILLE,3
Jackson,PRECINCT 10,STATE EXECUTIVE COMMITTEE,4,REP,DANIEL LINVILLE,4
Jackson,PRECINCT 11,STATE EXECUTIVE COMMITTEE,4,REP,DANIEL LINVILLE,2
Jackson,PRECINCT 12,STATE EXECUTIVE COMMITTEE,4,REP,DANIEL LINVILLE,8
Jackson,PRECINCT 13,STATE EXECUTIVE COMMITTEE,4,REP,DANIEL LINVILLE,2
Jackson,PRECINCT 14,STATE EXECUTIVE COMMITTEE,4,REP,DANIEL LINVILLE,5
Jackson,PRECINCT 15,STATE EXECUTIVE COMMITTEE,4,REP,DANIEL LINVILLE,3
Jackson,PRECINCT 16,STATE EXECUTIVE COMMITTEE,4,REP,DANIEL LINVILLE,6
Jackson,PRECINCT 17,STATE EXECUTIVE COMMITTEE,4,REP,DANIEL LINVILLE,11
Jackson,PRECINCT 20,STATE EXECUTIVE COMMITTEE,4,REP,DANIEL LINVILLE,3
Jackson,PRECINCT 21,STATE EXECUTIVE COMMITTEE,4,REP,DANIEL LINVILLE,5
Jackson,PRECINCT 22,STATE EXECUTIVE COMMITTEE,4,REP,DANIEL LINVILLE,5
Jackson,PRECINCT 23,STATE EXECUTIVE COMMITTEE,4,REP,DANIEL LINVILLE,4
Jackson,PRECINCT 24,STATE EXECUTIVE COMMITTEE,4,REP,DANIEL LINVILLE,3
Jackson,PRECINCT 1,STATE EXECUTIVE COMMITTEE,4,DEM,BILLY WAYNE BAILEY,6
Jackson,PRECINCT 2,STATE EXECUTIVE COMMITTEE,4,DEM,BILLY WAYNE BAILEY,4
Jackson,PRECINCT 3,STATE EXECUTIVE COMMITTEE,4,DEM,BILLY WAYNE BAILEY,9
Jackson,PRECINCT 5,STATE EXECUTIVE COMMITTEE,4,DEM,BILLY WAYNE BAILEY,6
Jackson,PRECINCT 6,STATE EXECUTIVE COMMITTEE,4,DEM,BILLY WAYNE BAILEY,13
Jackson,PRECINCT 7,STATE EXECUTIVE COMMITTEE,4,DEM,BILLY WAYNE BAILEY,9
Jackson,PRECINCT 8,STATE EXECUTIVE COMMITTEE,4,DEM,BILLY WAYNE BAILEY,11
Jackson,PRECINCT 9,STATE EXECUTIVE COMMITTEE,4,DEM,BILLY WAYNE BAILEY,5
Jackson,PRECINCT 10,STATE EXECUTIVE COMMITTEE,4,DEM,BILLY WAYNE BAILEY,4
Jackson,PRECINCT 11,STATE EXECUTIVE COMMITTEE,4,DEM,BILLY WAYNE BAILEY,1
Jackson,PRECINCT 12,STATE EXECUTIVE COMMITTEE,4,DEM,BILLY WAYNE BAILEY,10
Jackson,PRECINCT 13,STATE EXECUTIVE COMMITTEE,4,DEM,BILLY WAYNE BAILEY,3
Jackson,PRECINCT 14,STATE EXECUTIVE COMMITTEE,4,DEM,BILLY WAYNE BAILEY,15
Jackson,PRECINCT 15,STATE EXECUTIVE COMMITTEE,4,DEM,BILLY WAYNE BAILEY,4
Jackson,PRECINCT 16,STATE EXECUTIVE COMMITTEE,4,DEM,BILLY WAYNE BAILEY,13
Jackson,PRECINCT 17,STATE EXECUTIVE COMMITTEE,4,DEM,BILLY WAYNE BAILEY,10
Jackson,PRECINCT 20,STATE EXECUTIVE COMMITTEE,4,DEM,BILLY WAYNE BAILEY,8
Jackson,PRECINCT 21,STATE EXECUTIVE COMMITTEE,4,DEM,BILLY WAYNE BAILEY,2
Jackson,PRECINCT 22,STATE EXECUTIVE COMMITTEE,4,DEM,BILLY WAYNE BAILEY,6
Jackson,PRECINCT 23,STATE EXECUTIVE COMMITTEE,4,DEM,BILLY WAYNE BAILEY,1
Jackson,PRECINCT 24,STATE EXECUTIVE COMMITTEE,4,DEM,BILLY WAYNE BAILEY,1
Jackson,PRECINCT 1,STATE EXECUTIVE COMMITTEE,4,DEM,"JASON ""BIGLIFT"" BARR",20
Jackson,PRECINCT 2,STATE EXECUTIVE COMMITTEE,4,DEM,"JASON ""BIGLIFT"" BARR",29
Jackson,PRECINCT 3,STATE EXECUTIVE COMMITTEE,4,DEM,"JASON ""BIGLIFT"" BARR",33
Jackson,PRECINCT 5,STATE EXECUTIVE COMMITTEE,4,DEM,"JASON ""BIGLIFT"" BARR",35
Jackson,PRECINCT 6,STATE EXECUTIVE COMMITTEE,4,DEM,"JASON ""BIGLIFT"" BARR",42
Jackson,PRECINCT 7,STATE EXECUTIVE COMMITTEE,4,DEM,"JASON ""BIGLIFT"" BARR",85
Jackson,PRECINCT 8,STATE EXECUTIVE COMMITTEE,4,DEM,"JASON ""BIGLIFT"" BARR",39
Jackson,PRECINCT 9,STATE EXECUTIVE COMMITTEE,4,DEM,"JASON ""BIGLIFT"" BARR",32
Jackson,PRECINCT 10,STATE EXECUTIVE COMMITTEE,4,DEM,"JASON ""BIGLIFT"" BARR",25
Jackson,PRECINCT 11,STATE EXECUTIVE COMMITTEE,4,DEM,"JASON ""BIGLIFT"" BARR",29
Jackson,PRECINCT 12,STATE EXECUTIVE COMMITTEE,4,DEM,"JASON ""BIGLIFT"" BARR",43
Jackson,PRECINCT 13,STATE EXECUTIVE COMMITTEE,4,DEM,"JASON ""BIGLIFT"" BARR",20
Jackson,PRECINCT 14,STATE EXECUTIVE COMMITTEE,4,DEM,"JASON ""BIGLIFT"" BARR",55
Jackson,PRECINCT 15,STATE EXECUTIVE COMMITTEE,4,DEM,"JASON ""BIGLIFT"" BARR",29
Jackson,PRECINCT 16,STATE EXECUTIVE COMMITTEE,4,DEM,"JASON ""BIGLIFT"" BARR",72
Jackson,PRECINCT 17,STATE EXECUTIVE COMMITTEE,4,DEM,"JASON ""BIGLIFT"" BARR",61
Jackson,PRECINCT 20,STATE EXECUTIVE COMMITTEE,4,DEM,"JASON ""BIGLIFT"" BARR",33
Jackson,PRECINCT 21,STATE EXECUTIVE COMMITTEE,4,DEM,"JASON ""BIGLIFT"" BARR",6
Jackson,PRECINCT 22,STATE EXECUTIVE COMMITTEE,4,DEM,"JASON ""BIGLIFT"" BARR",49
Jackson,PRECINCT 23,STATE EXECUTIVE COMMITTEE,4,DEM,"JASON ""BIGLIFT"" BARR",28
Jackson,PRECINCT 24,STATE EXECUTIVE COMMITTEE,4,DEM,"JASON ""BIGLIFT"" BARR",10
Jackson,PRECINCT 1,STATE EXECUTIVE COMMITTEE,4,DEM,FLOYD R. SAYRE,9
Jackson,PRECINCT 2,STATE EXECUTIVE COMMITTEE,4,DEM,FLOYD R. SAYRE,23
Jackson,PRECINCT 3,STATE EXECUTIVE COMMITTEE,4,DEM,FLOYD R. SAYRE,21
Jackson,PRECINCT 5,STATE EXECUTIVE COMMITTEE,4,DEM,FLOYD R. SAYRE,20
Jackson,PRECINCT 6,STATE EXECUTIVE COMMITTEE,4,DEM,FLOYD R. SAYRE,29
Jackson,PRECINCT 7,STATE EXECUTIVE COMMITTEE,4,DEM,FLOYD R. SAYRE,41
Jackson,PRECINCT 8,STATE EXECUTIVE COMMITTEE,4,DEM,FLOYD R. SAYRE,34
Jackson,PRECINCT 9,STATE EXECUTIVE COMMITTEE,4,DEM,FLOYD R. SAYRE,21
Jackson,PRECINCT 10,STATE EXECUTIVE COMMITTEE,4,DEM,FLOYD R. SAYRE,15
Jackson,PRECINCT 11,STATE EXECUTIVE COMMITTEE,4,DEM,FLOYD R. SAYRE,16
Jackson,PRECINCT 12,STATE EXECUTIVE COMMITTEE,4,DEM,FLOYD R. SAYRE,30
Jackson,PRECINCT 13,STATE EXECUTIVE COMMITTEE,4,DEM,FLOYD R. SAYRE,12
Jackson,PRECINCT 14,STATE EXECUTIVE COMMITTEE,4,DEM,FLOYD R. SAYRE,49
Jackson,PRECINCT 15,STATE EXECUTIVE COMMITTEE,4,DEM,FLOYD R. SAYRE,19
Jackson,PRECINCT 16,STATE EXECUTIVE COMMITTEE,4,DEM,FLOYD R. SAYRE,52
Jackson,PRECINCT 17,STATE EXECUTIVE COMMITTEE,4,DEM,FLOYD R. SAYRE,43
Jackson,PRECINCT 20,STATE EXECUTIVE COMMITTEE,4,DEM,FLOYD R. SAYRE,17
Jackson,PRECINCT 21,STATE EXECUTIVE COMMITTEE,4,DEM,FLOYD R. SAYRE,2
Jackson,PRECINCT 22,STATE EXECUTIVE COMMITTEE,4,DEM,FLOYD R. SAYRE,29
Jackson,PRECINCT 23,STATE EXECUTIVE COMMITTEE,4,DEM,FLOYD R. SAYRE,13
Jackson,PRECINCT 24,STATE EXECUTIVE COMMITTEE,4,DEM,FLOYD R. SAYRE,8
Jackson,PRECINCT 1,STATE EXECUTIVE COMMITTEE,4,DEM,BEN BARKEY,3
Jackson,PRECINCT 2,STATE EXECUTIVE COMMITTEE,4,DEM,BEN BARKEY,4
Jackson,PRECINCT 3,STATE EXECUTIVE COMMITTEE,4,DEM,BEN BARKEY,5
Jackson,PRECINCT 5,STATE EXECUTIVE COMMITTEE,4,DEM,BEN BARKEY,6
Jackson,PRECINCT 6,STATE EXECUTIVE COMMITTEE,4,DEM,BEN BARKEY,9
Jackson,PRECINCT 7,STATE EXECUTIVE COMMITTEE,4,DEM,BEN BARKEY,11
Jackson,PRECINCT 8,STATE EXECUTIVE COMMITTEE,4,DEM,BEN BARKEY,3
Jackson,PRECINCT 9,STATE EXECUTIVE COMMITTEE,4,DEM,BEN BARKEY,3
Jackson,PRECINCT 10,STATE EXECUTIVE COMMITTEE,4,DEM,BEN BARKEY,2
Jackson,PRECINCT 11,STATE EXECUTIVE COMMITTEE,4,DEM,BEN BARKEY,5
Jackson,PRECINCT 12,STATE EXECUTIVE COMMITTEE,4,DEM,BEN BARKEY,5
Jackson,PRECINCT 13,STATE EXECUTIVE COMMITTEE,4,DEM,BEN BARKEY,0
Jackson,PRECINCT 14,STATE EXECUTIVE COMMITTEE,4,DEM,BEN BARKEY,11
Jackson,PRECINCT 15,STATE EXECUTIVE COMMITTEE,4,DEM,BEN BARKEY,2
Jackson,PRECINCT 16,STATE EXECUTIVE COMMITTEE,4,DEM,BEN BARKEY,10
Jackson,PRECINCT 17,STATE EXECUTIVE COMMITTEE,4,DEM,BEN BARKEY,11
Jackson,PRECINCT 20,STATE EXECUTIVE COMMITTEE,4,DEM,BEN BARKEY,7
Jackson,PRECINCT 21,STATE EXECUTIVE COMMITTEE,4,DEM,BEN BARKEY,2
Jackson,PRECINCT 22,STATE EXECUTIVE COMMITTEE,4,DEM,BEN BARKEY,13
Jackson,PRECINCT 23,STATE EXECUTIVE COMMITTEE,4,DEM,BEN BARKEY,6
Jackson,PRECINCT 24,STATE EXECUTIVE COMMITTEE,4,DEM,BEN BARKEY,2
Jackson,PRECINCT 4,STATE EXECUTIVE COMMITTEE,8,REP,DIANNA GRAVES,20
Jackson,PRECINCT 18,STATE EXECUTIVE COMMITTEE,8,REP,DIANNA GRAVES,140
Jackson,PRECINCT 19,STATE EXECUTIVE COMMITTEE,8,REP,DIANNA GRAVES,81
Jackson,PRECINCT 25,STATE EXECUTIVE COMMITTEE,8,REP,DIANNA GRAVES,45
Jackson,PRECINCT 26,STATE EXECUTIVE COMMITTEE,8,REP,DIANNA GRAVES,32
Jackson,PRECINCT 27,STATE EXECUTIVE COMMITTEE,8,REP,DIANNA GRAVES,32
Jackson,PRECINCT 28,STATE EXECUTIVE COMMITTEE,8,REP,DIANNA GRAVES,124
Jackson,PRECINCT 29,STATE EXECUTIVE COMMITTEE,8,REP,DIANNA GRAVES,40
Jackson,PRECINCT 30,STATE EXECUTIVE COMMITTEE,8,REP,DIANNA GRAVES,50
Jackson,PRECINCT 4,STATE EXECUTIVE COMMITTEE,8,REP,"KRISTINA ""KRIS"" RAYNES",23
Jackson,PRECINCT 18,STATE EXECUTIVE COMMITTEE,8,REP,"KRISTINA ""KRIS"" RAYNES",144
Jackson,PRECINCT 19,STATE EXECUTIVE COMMITTEE,8,REP,"KRISTINA ""KRIS"" RAYNES",68
Jackson,PRECINCT 25,STATE EXECUTIVE COMMITTEE,8,REP,"KRISTINA ""KRIS"" RAYNES",38
Jackson,PRECINCT 26,STATE EXECUTIVE COMMITTEE,8,REP,"KRISTINA ""KRIS"" RAYNES",29
Jackson,PRECINCT 27,STATE EXECUTIVE COMMITTEE,8,REP,"KRISTINA ""KRIS"" RAYNES",33
Jackson,PRECINCT 28,STATE EXECUTIVE COMMITTEE,8,REP,"KRISTINA ""KRIS"" RAYNES",132
Jackson,PRECINCT 29,STATE EXECUTIVE COMMITTEE,8,REP,"KRISTINA ""KRIS"" RAYNES",34
Jackson,PRECINCT 30,STATE EXECUTIVE COMMITTEE,8,REP,"KRISTINA ""KRIS"" RAYNES",49
Jackson,PRECINCT 4,STATE EXECUTIVE COMMITTEE,8,DEM,AMANDA M. SHELTON,5
Jackson,PRECINCT 18,STATE EXECUTIVE COMMITTEE,8,DEM,AMANDA M. SHELTON,26
Jackson,PRECINCT 19,STATE EXECUTIVE COMMITTEE,8,DEM,AMANDA M. SHELTON,23
Jackson,PRECINCT 25,STATE EXECUTIVE COMMITTEE,8,DEM,AMANDA M. SHELTON,10
Jackson,PRECINCT 26,STATE EXECUTIVE COMMITTEE,8,DEM,AMANDA M. SHELTON,7
Jackson,PRECINCT 27,STATE EXECUTIVE COMMITTEE,8,DEM,AMANDA M. SHELTON,4
Jackson,PRECINCT 28,STATE EXECUTIVE COMMITTEE,8,DEM,AMANDA M. SHELTON,20
Jackson,PRECINCT 29,STATE EXECUTIVE COMMITTEE,8,DEM,AMANDA M. SHELTON,4
Jackson,PRECINCT 30,STATE EXECUTIVE COMMITTEE,8,DEM,AMANDA M. SHELTON,10
Jackson,PRECINCT 4,STATE EXECUTIVE COMMITTEE,8,DEM,"VIRGINIA ""GINNY"" MOLES",10
Jackson,PRECINCT 18,STATE EXECUTIVE COMMITTEE,8,DEM,"VIRGINIA ""GINNY"" MOLES",33
Jackson,PRECINCT 19,STATE EXECUTIVE COMMITTEE,8,DEM,"VIRGINIA ""GINNY"" MOLES",23
Jackson,PRECINCT 25,STATE EXECUTIVE COMMITTEE,8,DEM,"VIRGINIA ""GINNY"" MOLES",10
Jackson,PRECINCT 26,STATE EXECUTIVE COMMITTEE,8,DEM,"VIRGINIA ""GINNY"" MOLES",12
Jackson,PRECINCT 27,STATE EXECUTIVE COMMITTEE,8,DEM,"VIRGINIA ""GINNY"" MOLES",6
Jackson,PRECINCT 28,STATE EXECUTIVE COMMITTEE,8,DEM,"VIRGINIA ""GINNY"" MOLES",22
Jackson,PRECINCT 29,STATE EXECUTIVE COMMITTEE,8,DEM,"VIRGINIA ""GINNY"" MOLES",4
Jackson,PRECINCT 30,STATE EXECUTIVE COMMITTEE,8,DEM,"VIRGINIA ""GINNY"" MOLES",8
Jackson,PRECINCT 4,STATE EXECUTIVE COMMITTEE,8,DEM,AMANDA ESTEP-BURTON,8
Jackson,PRECINCT 18,STATE EXECUTIVE COMMITTEE,8,DEM,AMANDA ESTEP-BURTON,32
Jackson,PRECINCT 19,STATE EXECUTIVE COMMITTEE,8,DEM,AMANDA ESTEP-BURTON,29
Jackson,PRECINCT 25,STATE EXECUTIVE COMMITTEE,8,DEM,AMANDA ESTEP-BURTON,15
Jackson,PRECINCT 26,STATE EXECUTIVE COMMITTEE,8,DEM,AMANDA ESTEP-BURTON,9
Jackson,PRECINCT 27,STATE EXECUTIVE COMMITTEE,8,DEM,AMANDA ESTEP-BURTON,6
Jackson,PRECINCT 28,STATE EXECUTIVE COMMITTEE,8,DEM,AMANDA ESTEP-BURTON,30
Jackson,PRECINCT 29,STATE EXECUTIVE COMMITTEE,8,DEM,AMANDA ESTEP-BURTON,6
Jackson,PRECINCT 30,STATE EXECUTIVE COMMITTEE,8,DEM,AMANDA ESTEP-BURTON,14
Jackson,PRECINCT 4,STATE EXECUTIVE COMMITTEE,8,REP,JESSE LOVEJOY,9
Jackson,PRECINCT 18,STATE EXECUTIVE COMMITTEE,8,REP,JESSE LOVEJOY,91
Jackson,PRECINCT 19,STATE EXECUTIVE COMMITTEE,8,REP,JESSE LOVEJOY,32
Jackson,PRECINCT 25,STATE EXECUTIVE COMMITTEE,8,REP,JESSE LOVEJOY,18
Jackson,PRECINCT 26,STATE EXECUTIVE COMMITTEE,8,REP,JESSE LOVEJOY,18
Jackson,PRECINCT 27,STATE EXECUTIVE COMMITTEE,8,REP,JESSE LOVEJOY,15
Jackson,PRECINCT 28,STATE EXECUTIVE COMMITTEE,8,REP,JESSE LOVEJOY,84
Jackson,PRECINCT 29,STATE EXECUTIVE COMMITTEE,8,REP,JESSE LOVEJOY,16
Jackson,PRECINCT 30,STATE EXECUTIVE COMMITTEE,8,REP,JESSE LOVEJOY,28
Jackson,PRECINCT 4,STATE EXECUTIVE COMMITTEE,8,REP,JON H. CASTO,6
Jackson,PRECINCT 18,STATE EXECUTIVE COMMITTEE,8,REP,JON H. CASTO,44
Jackson,PRECINCT 19,STATE EXECUTIVE COMMITTEE,8,REP,JON H. CASTO,18
Jackson,PRECINCT 25,STATE EXECUTIVE COMMITTEE,8,REP,JON H. CASTO,5
Jackson,PRECINCT 26,STATE EXECUTIVE COMMITTEE,8,REP,JON H. CASTO,8
Jackson,PRECINCT 27,STATE EXECUTIVE COMMITTEE,8,REP,JON H. CASTO,12
Jackson,PRECINCT 28,STATE EXECUTIVE COMMITTEE,8,REP,JON H. CASTO,30
Jackson,PRECINCT 29,STATE EXECUTIVE COMMITTEE,8,REP,JON H. CASTO,14
Jackson,PRECINCT 30,STATE EXECUTIVE COMMITTEE,8,REP,JON H. CASTO,7
Jackson,PRECINCT 4,STATE EXECUTIVE COMMITTEE,8,REP,JOSHUA KURT HIGGINBOTHAM,7
Jackson,PRECINCT 18,STATE EXECUTIVE COMMITTEE,8,REP,JOSHUA KURT HIGGINBOTHAM,44
Jackson,PRECINCT 19,STATE EXECUTIVE COMMITTEE,8,REP,JOSHUA KURT HIGGINBOTHAM,35
Jackson,PRECINCT 25,STATE EXECUTIVE COMMITTEE,8,REP,JOSHUA KURT HIGGINBOTHAM,15
Jackson,PRECINCT 26,STATE EXECUTIVE COMMITTEE,8,REP,JOSHUA KURT HIGGINBOTHAM,7
Jackson,PRECINCT 27,STATE EXECUTIVE COMMITTEE,8,REP,JOSHUA KURT HIGGINBOTHAM,13
Jackson,PRECINCT 28,STATE EXECUTIVE COMMITTEE,8,REP,JOSHUA KURT HIGGINBOTHAM,59
Jackson,PRECINCT 29,STATE EXECUTIVE COMMITTEE,8,REP,JOSHUA KURT HIGGINBOTHAM,22
Jackson,PRECINCT 30,STATE EXECUTIVE COMMITTEE,8,REP,JOSHUA KURT HIGGINBOTHAM,29
Jackson,PRECINCT 4,STATE EXECUTIVE COMMITTEE,8,REP,ANDY SHAMBLIN,5
Jackson,PRECINCT 18,STATE EXECUTIVE COMMITTEE,8,REP,ANDY SHAMBLIN,23
Jackson,PRECINCT 19,STATE EXECUTIVE COMMITTEE,8,REP,ANDY SHAMBLIN,19
Jackson,PRECINCT 25,STATE EXECUTIVE COMMITTEE,8,REP,ANDY SHAMBLIN,10
Jackson,PRECINCT 26,STATE EXECUTIVE COMMITTEE,8,REP,ANDY SHAMBLIN,2
Jackson,PRECINCT 27,STATE EXECUTIVE COMMITTEE,8,REP,ANDY SHAMBLIN,4
Jackson,PRECINCT 28,STATE EXECUTIVE COMMITTEE,8,REP,ANDY SHAMBLIN,9
Jackson,PRECINCT 29,STATE EXECUTIVE COMMITTEE,8,REP,ANDY SHAMBLIN,10
Jackson,PRECINCT 30,STATE EXECUTIVE COMMITTEE,8,REP,ANDY SHAMBLIN,14
Jackson,PRECINCT 4,STATE EXECUTIVE COMMITTEE,8,REP,RYAN LEMMON,3
Jackson,PRECINCT 18,STATE EXECUTIVE COMMITTEE,8,REP,RYAN LEMMON,13
Jackson,PRECINCT 19,STATE EXECUTIVE COMMITTEE,8,REP,RYAN LEMMON,5
Jackson,PRECINCT 25,STATE EXECUTIVE COMMITTEE,8,REP,RYAN LEMMON,3
Jackson,PRECINCT 26,STATE EXECUTIVE COMMITTEE,8,REP,RYAN LEMMON,1
Jackson,PRECINCT 27,STATE EXECUTIVE COMMITTEE,8,REP,RYAN LEMMON,3
Jackson,PRECINCT 28,STATE EXECUTIVE COMMITTEE,8,REP,RYAN LEMMON,9
Jackson,PRECINCT 29,STATE EXECUTIVE COMMITTEE,8,REP,RYAN LEMMON,1
Jackson,PRECINCT 30,STATE EXECUTIVE COMMITTEE,8,REP,RYAN LEMMON,4
Jackson,PRECINCT 4,STATE EXECUTIVE COMMITTEE,8,REP,RILEY KEATON,25
Jackson,PRECINCT 18,STATE EXECUTIVE COMMITTEE,8,REP,RILEY KEATON,135
Jackson,PRECINCT 19,STATE EXECUTIVE COMMITTEE,8,REP,RILEY KEATON,70
Jackson,PRECINCT 25,STATE EXECUTIVE COMMITTEE,8,REP,RILEY KEATON,51
Jackson,PRECINCT 26,STATE EXECUTIVE COMMITTEE,8,REP,RILEY KEATON,33
Jackson,PRECINCT 27,STATE EXECUTIVE COMMITTEE,8,REP,RILEY KEATON,33
Jackson,PRECINCT 28,STATE EXECUTIVE COMMITTEE,8,REP,RILEY KEATON,129
Jackson,PRECINCT 29,STATE EXECUTIVE COMMITTEE,8,REP,RILEY KEATON,42
Jackson,PRECINCT 30,STATE EXECUTIVE COMMITTEE,8,REP,RILEY KEATON,56
Jackson,PRECINCT 4,STATE EXECUTIVE COMMITTEE,8,DEM,G. RUSSELL ROLLYSON JR.,8
Jackson,PRECINCT 18,STATE EXECUTIVE COMMITTEE,8,DEM,G. RUSSELL ROLLYSON JR.,28
Jackson,PRECINCT 19,STATE EXECUTIVE COMMITTEE,8,DEM,G. RUSSELL ROLLYSON JR.,24
Jackson,PRECINCT 25,STATE EXECUTIVE COMMITTEE,8,DEM,G. RUSSELL ROLLYSON JR.,10
Jackson,PRECINCT 26,STATE EXECUTIVE COMMITTEE,8,DEM,G. RUSSELL ROLLYSON JR.,8
Jackson,PRECINCT 27,STATE EXECUTIVE COMMITTEE,8,DEM,G. RUSSELL ROLLYSON JR.,2
Jackson,PRECINCT 28,STATE EXECUTIVE COMMITTEE,8,DEM,G. RUSSELL ROLLYSON JR.,21
Jackson,PRECINCT 29,STATE EXECUTIVE COMMITTEE,8,DEM,G. RUSSELL ROLLYSON JR.,4
Jackson,PRECINCT 30,STATE EXECUTIVE COMMITTEE,8,DEM,G. RUSSELL ROLLYSON JR.,9
Jackson,PRECINCT 4,STATE EXECUTIVE COMMITTEE,8,DEM,MIKE PUSHKIN,13
Jackson,PRECINCT 18,STATE EXECUTIVE COMMITTEE,8,DEM,MIKE PUSHKIN,38
Jackson,PRECINCT 19,STATE EXECUTIVE COMMITTEE,8,DEM,MIKE PUSHKIN,27
Jackson,PRECINCT 25,STATE EXECUTIVE COMMITTEE,8,DEM,MIKE PUSHKIN,9
Jackson,PRECINCT 26,STATE EXECUTIVE COMMITTEE,8,DEM,MIKE PUSHKIN,14
Jackson,PRECINCT 27,STATE EXECUTIVE COMMITTEE,8,DEM,MIKE PUSHKIN,6
Jackson,PRECINCT 28,STATE EXECUTIVE COMMITTEE,8,DEM,MIKE PUSHKIN,30
Jackson,PRECINCT 29,STATE EXECUTIVE COMMITTEE,8,DEM,MIKE PUSHKIN,8
Jackson,PRECINCT 30,STATE EXECUTIVE COMMITTEE,8,DEM,MIKE PUSHKIN,17
Jackson,PRECINCT 4,STATE EXECUTIVE COMMITTEE,8,DEM,KEITH LAHTI,1
Jackson,PRECINCT 18,STATE EXECUTIVE COMMITTEE,8,DEM,KEITH LAHTI,16
Jackson,PRECINCT 19,STATE EXECUTIVE COMMITTEE,8,DEM,KEITH LAHTI,15
Jackson,PRECINCT 25,STATE EXECUTIVE COMMITTEE,8,DEM,KEITH LAHTI,12
Jackson,PRECINCT 26,STATE EXECUTIVE COMMITTEE,8,DEM,KEITH LAHTI,3
Jackson,PRECINCT 27,STATE EXECUTIVE COMMITTEE,8,DEM,KEITH LAHTI,5
Jackson,PRECINCT 28,STATE EXECUTIVE COMMITTEE,8,DEM,KEITH LAHTI,17
Jackson,PRECINCT 29,STATE EXECUTIVE COMMITTEE,8,DEM,KEITH LAHTI,2
Jackson,PRECINCT 30,STATE EXECUTIVE COMMITTEE,8,DEM,KEITH LAHTI,6
Jackson,PRECINCT 1,REP FOR CIRCUIT CLERK,,REP,BRUCE W. DEWEES,36
Jackson,PRECINCT 2,REP FOR CIRCUIT CLERK,,REP,BRUCE W. DEWEES,57
Jackson,PRECINCT 3,REP FOR CIRCUIT CLERK,,REP,BRUCE W. DEWEES,112
Jackson,PRECINCT 4,REP FOR CIRCUIT CLERK,,REP,BRUCE W. DEWEES,36
Jackson,PRECINCT 5,REP FOR CIRCUIT CLERK,,REP,BRUCE W. DEWEES,53
Jackson,PRECINCT 6,REP FOR CIRCUIT CLERK,,REP,BRUCE W. DEWEES,73
Jackson,PRECINCT 7,REP FOR CIRCUIT CLERK,,REP,BRUCE W. DEWEES,94
Jackson,PRECINCT 8,REP FOR CIRCUIT CLERK,,REP,BRUCE W. DEWEES,54
Jackson,PRECINCT 9,REP FOR CIRCUIT CLERK,,REP,BRUCE W. DEWEES,59
Jackson,PRECINCT 10,REP FOR CIRCUIT CLERK,,REP,BRUCE W. DEWEES,76
Jackson,PRECINCT 11,REP FOR CIRCUIT CLERK,,REP,BRUCE W. DEWEES,81
Jackson,PRECINCT 12,REP FOR CIRCUIT CLERK,,REP,BRUCE W. DEWEES,143
Jackson,PRECINCT 13,REP FOR CIRCUIT CLERK,,REP,BRUCE W. DEWEES,84
Jackson,PRECINCT 14,REP FOR CIRCUIT CLERK,,REP,BRUCE W. DEWEES,156
Jackson,PRECINCT 15,REP FOR CIRCUIT CLERK,,REP,BRUCE W. DEWEES,84
Jackson,PRECINCT 16,REP FOR CIRCUIT CLERK,,REP,BRUCE W. DEWEES,203
Jackson,PRECINCT 17,REP FOR CIRCUIT CLERK,,REP,BRUCE W. DEWEES,181
Jackson,PRECINCT 18,REP FOR CIRCUIT CLERK,,REP,BRUCE W. DEWEES,219
Jackson,PRECINCT 19,REP FOR CIRCUIT CLERK,,REP,BRUCE W. DEWEES,106
Jackson,PRECINCT 20,REP FOR CIRCUIT CLERK,,REP,BRUCE W. DEWEES,60
Jackson,PRECINCT 21,REP FOR CIRCUIT CLERK,,REP,BRUCE W. DEWEES,55
Jackson,PRECINCT 22,REP FOR CIRCUIT CLERK,,REP,BRUCE W. DEWEES,147
Jackson,PRECINCT 23,REP FOR CIRCUIT CLERK,,REP,BRUCE W. DEWEES,56
Jackson,PRECINCT 24,REP FOR CIRCUIT CLERK,,REP,BRUCE W. DEWEES,30
Jackson,PRECINCT 25,REP FOR CIRCUIT CLERK,,REP,BRUCE W. DEWEES,60
Jackson,PRECINCT 26,REP FOR CIRCUIT CLERK,,REP,BRUCE W. DEWEES,51
Jackson,PRECINCT 27,REP FOR CIRCUIT CLERK,,REP,BRUCE W. DEWEES,55
Jackson,PRECINCT 28,REP FOR CIRCUIT CLERK,,REP,BRUCE W. DEWEES,196
Jackson,PRECINCT 29,REP FOR CIRCUIT CLERK,,REP,BRUCE W. DEWEES,59
Jackson,PRECINCT 30,REP FOR CIRCUIT CLERK,,REP,BRUCE W. DEWEES,87
Jackson,PRECINCT 1,DEM FOR CIRCUIT CLERK,,DEM,NO CANDIDATE FILED,0
Jackson,PRECINCT 2,DEM FOR CIRCUIT CLERK,,DEM,NO CANDIDATE FILED,0
Jackson,PRECINCT 3,DEM FOR CIRCUIT CLERK,,DEM,NO CANDIDATE FILED,0
Jackson,PRECINCT 4,DEM FOR CIRCUIT CLERK,,DEM,NO CANDIDATE FILED,0
Jackson,PRECINCT 5,DEM FOR CIRCUIT CLERK,,DEM,NO CANDIDATE FILED,0
Jackson,PRECINCT 6,DEM FOR CIRCUIT CLERK,,DEM,NO CANDIDATE FILED,0
Jackson,PRECINCT 7,DEM FOR CIRCUIT CLERK,,DEM,NO CANDIDATE FILED,0
Jackson,PRECINCT 8,DEM FOR CIRCUIT CLERK,,DEM,NO CANDIDATE FILED,0
Jackson,PRECINCT 9,DEM FOR CIRCUIT CLERK,,DEM,NO CANDIDATE FILED,0
Jackson,PRECINCT 10,DEM FOR CIRCUIT CLERK,,DEM,NO CANDIDATE FILED,0
Jackson,PRECINCT 11,DEM FOR CIRCUIT CLERK,,DEM,NO CANDIDATE FILED,0
Jackson,PRECINCT 12,DEM FOR CIRCUIT CLERK,,DEM,NO CANDIDATE FILED,0
Jackson,PRECINCT 13,DEM FOR CIRCUIT CLERK,,DEM,NO CANDIDATE FILED,0
Jackson,PRECINCT 14,DEM FOR CIRCUIT CLERK,,DEM,NO CANDIDATE FILED,0
Jackson,PRECINCT 15,DEM FOR CIRCUIT CLERK,,DEM,NO CANDIDATE FILED,0
Jackson,PRECINCT 16,DEM FOR CIRCUIT CLERK,,DEM,NO CANDIDATE FILED,0
Jackson,PRECINCT 17,DEM FOR CIRCUIT CLERK,,DEM,NO CANDIDATE FILED,0
Jackson,PRECINCT 18,DEM FOR CIRCUIT CLERK,,DEM,NO CANDIDATE FILED,0
Jackson,PRECINCT 19,DEM FOR CIRCUIT CLERK,,DEM,NO CANDIDATE FILED,0
Jackson,PRECINCT 20,DEM FOR CIRCUIT CLERK,,DEM,NO CANDIDATE FILED,0
Jackson,PRECINCT 21,DEM FOR CIRCUIT CLERK,,DEM,NO CANDIDATE FILED,0
Jackson,PRECINCT 22,DEM FOR CIRCUIT CLERK,,DEM,NO CANDIDATE FILED,0
Jackson,PRECINCT 23,DEM FOR CIRCUIT CLERK,,DEM,NO CANDIDATE FILED,0
Jackson,PRECINCT 24,DEM FOR CIRCUIT CLERK,,DEM,NO CANDIDATE FILED,0
Jackson,PRECINCT 25,DEM FOR CIRCUIT CLERK,,DEM,NO CANDIDATE FILED,0
Jackson,PRECINCT 26,DEM FOR CIRCUIT CLERK,,DEM,NO CANDIDATE FILED,0
Jackson,PRECINCT 27,DEM FOR CIRCUIT CLERK,,DEM,NO CANDIDATE FILED,0
Jackson,PRECINCT 28,DEM FOR CIRCUIT CLERK,,DEM,NO CANDIDATE FILED,0
Jackson,PRECINCT 29,DEM FOR CIRCUIT CLERK,,DEM,NO CANDIDATE FILED,0
Jackson,PRECINCT 30,DEM FOR CIRCUIT CLERK,,DEM,NO CANDIDATE FILED,0
Jackson,PRECINCT 1,REP FOR COUNTY COMMISSIONER,,REP,TIM QUESENBERRY,4
Jackson,PRECINCT 2,REP FOR COUNTY COMMISSIONER,,REP,TIM QUESENBERRY,7
Jackson,PRECINCT 3,REP FOR COUNTY COMMISSIONER,,REP,TIM QUESENBERRY,48
Jackson,PRECINCT 4,REP FOR COUNTY COMMISSIONER,,REP,TIM QUESENBERRY,23
Jackson,PRECINCT 5,REP FOR COUNTY COMMISSIONER,,REP,TIM QUESENBERRY,17
Jackson,PRECINCT 6,REP FOR COUNTY COMMISSIONER,,REP,TIM QUESENBERRY,17
Jackson,PRECINCT 7,REP FOR COUNTY COMMISSIONER,,REP,TIM QUESENBERRY,17
Jackson,PRECINCT 8,REP FOR COUNTY COMMISSIONER,,REP,TIM QUESENBERRY,12
Jackson,PRECINCT 9,REP FOR COUNTY COMMISSIONER,,REP,TIM QUESENBERRY,9
Jackson,PRECINCT 10,REP FOR COUNTY COMMISSIONER,,REP,TIM QUESENBERRY,40
Jackson,PRECINCT 11,REP FOR COUNTY COMMISSIONER,,REP,TIM QUESENBERRY,41
Jackson,PRECINCT 12,REP FOR COUNTY COMMISSIONER,,REP,TIM QUESENBERRY,26
Jackson,PRECINCT 13,REP FOR COUNTY COMMISSIONER,,REP,TIM QUESENBERRY,26
Jackson,PRECINCT 14,REP FOR COUNTY COMMISSIONER,,REP,TIM QUESENBERRY,47
Jackson,PRECINCT 15,REP FOR COUNTY COMMISSIONER,,REP,TIM QUESENBERRY,34
Jackson,PRECINCT 16,REP FOR COUNTY COMMISSIONER,,REP,TIM QUESENBERRY,110
Jackson,PRECINCT 17,REP FOR COUNTY COMMISSIONER,,REP,TIM QUESENBERRY,98
Jackson,PRECINCT 18,REP FOR COUNTY COMMISSIONER,,REP,TIM QUESENBERRY,144
Jackson,PRECINCT 19,REP FOR COUNTY COMMISSIONER,,REP,TIM QUESENBERRY,58
Jackson,PRECINCT 20,REP FOR COUNTY COMMISSIONER,,REP,TIM QUESENBERRY,31
Jackson,PRECINCT 21,REP FOR COUNTY COMMISSIONER,,REP,TIM QUESENBERRY,26
Jackson,PRECINCT 22,REP FOR COUNTY COMMISSIONER,,REP,TIM QUESENBERRY,75
Jackson,PRECINCT 23,REP FOR COUNTY COMMISSIONER,,REP,TIM QUESENBERRY,29
Jackson,PRECINCT 24,REP FOR COUNTY COMMISSIONER,,REP,TIM QUESENBERRY,20
Jackson,PRECINCT 25,REP FOR COUNTY COMMISSIONER,,REP,TIM QUESENBERRY,24
Jackson,PRECINCT 26,REP FOR COUNTY COMMISSIONER,,REP,TIM QUESENBERRY,21
Jackson,PRECINCT 27,REP FOR COUNTY COMMISSIONER,,REP,TIM QUESENBERRY,26
Jackson,PRECINCT 28,REP FOR COUNTY COMMISSIONER,,REP,TIM QUESENBERRY,101
Jackson,PRECINCT 29,REP FOR COUNTY COMMISSIONER,,REP,TIM QUESENBERRY,39
Jackson,PRECINCT 30,REP FOR COUNTY COMMISSIONER,,REP,TIM QUESENBERRY,65
Jackson,PRECINCT 1,REP FOR COUNTY COMMISSIONER,,REP,DICK WAYBRIGHT,25
Jackson,PRECINCT 2,REP FOR COUNTY COMMISSIONER,,REP,DICK WAYBRIGHT,37
Jackson,PRECINCT 3,REP FOR COUNTY COMMISSIONER,,REP,DICK WAYBRIGHT,55
Jackson,PRECINCT 4,REP FOR COUNTY COMMISSIONER,,REP,DICK WAYBRIGHT,14
Jackson,PRECINCT 5,REP FOR COUNTY COMMISSIONER,,REP,DICK WAYBRIGHT,34
Jackson,PRECINCT 6,REP FOR COUNTY COMMISSIONER,,REP,DICK WAYBRIGHT,45
Jackson,PRECINCT 7,REP FOR COUNTY COMMISSIONER,,REP,DICK WAYBRIGHT,79
Jackson,PRECINCT 8,REP FOR COUNTY COMMISSIONER,,REP,DICK WAYBRIGHT,41
Jackson,PRECINCT 9,REP FOR COUNTY COMMISSIONER,,REP,DICK WAYBRIGHT,42
Jackson,PRECINCT 10,REP FOR COUNTY COMMISSIONER,,REP,DICK WAYBRIGHT,38
Jackson,PRECINCT 11,REP FOR COUNTY COMMISSIONER,,REP,DICK WAYBRIGHT,38
Jackson,PRECINCT 12,REP FOR COUNTY COMMISSIONER,,REP,DICK WAYBRIGHT,81
Jackson,PRECINCT 13,REP FOR COUNTY COMMISSIONER,,REP,DICK WAYBRIGHT,31
Jackson,PRECINCT 14,REP FOR COUNTY COMMISSIONER,,REP,DICK WAYBRIGHT,60
Jackson,PRECINCT 15,REP FOR COUNTY COMMISSIONER,,REP,DICK WAYBRIGHT,25
Jackson,PRECINCT 16,REP FOR COUNTY COMMISSIONER,,REP,DICK WAYBRIGHT,79
Jackson,PRECINCT 17,REP FOR COUNTY COMMISSIONER,,REP,DICK WAYBRIGHT,83
Jackson,PRECINCT 18,REP FOR COUNTY COMMISSIONER,,REP,DICK WAYBRIGHT,69
Jackson,PRECINCT 19,REP FOR COUNTY COMMISSIONER,,REP,DICK WAYBRIGHT,50
Jackson,PRECINCT 20,REP FOR COUNTY COMMISSIONER,,REP,DICK WAYBRIGHT,24
Jackson,PRECINCT 21,REP FOR COUNTY COMMISSIONER,,REP,DICK WAYBRIGHT,17
Jackson,PRECINCT 22,REP FOR COUNTY COMMISSIONER,,REP,DICK WAYBRIGHT,70
Jackson,PRECINCT 23,REP FOR COUNTY COMMISSIONER,,REP,DICK WAYBRIGHT,32
Jackson,PRECINCT 24,REP FOR COUNTY COMMISSIONER,,REP,DICK WAYBRIGHT,10
Jackson,PRECINCT 25,REP FOR COUNTY COMMISSIONER,,REP,DICK WAYBRIGHT,31
Jackson,PRECINCT 26,REP FOR COUNTY COMMISSIONER,,REP,DICK WAYBRIGHT,24
Jackson,PRECINCT 27,REP FOR COUNTY COMMISSIONER,,REP,DICK WAYBRIGHT,25
Jackson,PRECINCT 28,REP FOR COUNTY COMMISSIONER,,REP,DICK WAYBRIGHT,76
Jackson,PRECINCT 29,REP FOR COUNTY COMMISSIONER,,REP,DICK WAYBRIGHT,20
Jackson,PRECINCT 30,REP FOR COUNTY COMMISSIONER,,REP,DICK WAYBRIGHT,23
Jackson,PRECINCT 1,REP FOR COUNTY COMMISSIONER,,REP,STEPHEN MCCLURE,14
Jackson,PRECINCT 2,REP FOR COUNTY COMMISSIONER,,REP,STEPHEN MCCLURE,18
Jackson,PRECINCT 3,REP FOR COUNTY COMMISSIONER,,REP,STEPHEN MCCLURE,19
Jackson,PRECINCT 4,REP FOR COUNTY COMMISSIONER,,REP,STEPHEN MCCLURE,6
Jackson,PRECINCT 5,REP FOR COUNTY COMMISSIONER,,REP,STEPHEN MCCLURE,12
Jackson,PRECINCT 6,REP FOR COUNTY COMMISSIONER,,REP,STEPHEN MCCLURE,27
Jackson,PRECINCT 7,REP FOR COUNTY COMMISSIONER,,REP,STEPHEN MCCLURE,17
Jackson,PRECINCT 8,REP FOR COUNTY COMMISSIONER,,REP,STEPHEN MCCLURE,12
Jackson,PRECINCT 9,REP FOR COUNTY COMMISSIONER,,REP,STEPHEN MCCLURE,17
Jackson,PRECINCT 10,REP FOR COUNTY COMMISSIONER,,REP,STEPHEN MCCLURE,15
Jackson,PRECINCT 11,REP FOR COUNTY COMMISSIONER,,REP,STEPHEN MCCLURE,12
Jackson,PRECINCT 12,REP FOR COUNTY COMMISSIONER,,REP,STEPHEN MCCLURE,55
Jackson,PRECINCT 13,REP FOR COUNTY COMMISSIONER,,REP,STEPHEN MCCLURE,36
Jackson,PRECINCT 14,REP FOR COUNTY COMMISSIONER,,REP,STEPHEN MCCLURE,72
Jackson,PRECINCT 15,REP FOR COUNTY COMMISSIONER,,REP,STEPHEN MCCLURE,40
Jackson,PRECINCT 16,REP FOR COUNTY COMMISSIONER,,REP,STEPHEN MCCLURE,45
Jackson,PRECINCT 17,REP FOR COUNTY COMMISSIONER,,REP,STEPHEN MCCLURE,27
Jackson,PRECINCT 18,REP FOR COUNTY COMMISSIONER,,REP,STEPHEN MCCLURE,37
Jackson,PRECINCT 19,REP FOR COUNTY COMMISSIONER,,REP,STEPHEN MCCLURE,16
Jackson,PRECINCT 20,REP FOR COUNTY COMMISSIONER,,REP,STEPHEN MCCLURE,10
Jackson,PRECINCT 21,REP FOR COUNTY COMMISSIONER,,REP,STEPHEN MCCLURE,18
Jackson,PRECINCT 22,REP FOR COUNTY COMMISSIONER,,REP,STEPHEN MCCLURE,32
Jackson,PRECINCT 23,REP FOR COUNTY COMMISSIONER,,REP,STEPHEN MCCLURE,11
Jackson,PRECINCT 24,REP FOR COUNTY COMMISSIONER,,REP,STEPHEN MCCLURE,9
Jackson,PRECINCT 25,REP FOR COUNTY COMMISSIONER,,REP,STEPHEN MCCLURE,7
Jackson,PRECINCT 26,REP FOR COUNTY COMMISSIONER,,REP,STEPHEN MCCLURE,7
Jackson,PRECINCT 27,REP FOR COUNTY COMMISSIONER,,REP,STEPHEN MCCLURE,6
Jackson,PRECINCT 28,REP FOR COUNTY COMMISSIONER,,REP,STEPHEN MCCLURE,38
Jackson,PRECINCT 29,REP FOR COUNTY COMMISSIONER,,REP,STEPHEN MCCLURE,14
Jackson,PRECINCT 30,REP FOR COUNTY COMMISSIONER,,REP,STEPHEN MCCLURE,10
Jackson,PRECINCT 1,DEM FOR COUNTY COMMISSIONER,,DEM,NO CANDIDATE FILED,0
Jackson,PRECINCT 2,DEM FOR COUNTY COMMISSIONER,,DEM,NO CANDIDATE FILED,0
Jackson,PRECINCT 3,DEM FOR COUNTY COMMISSIONER,,DEM,NO CANDIDATE FILED,0
Jackson,PRECINCT 4,DEM FOR COUNTY COMMISSIONER,,DEM,NO CANDIDATE FILED,0
Jackson,PRECINCT 5,DEM FOR COUNTY COMMISSIONER,,DEM,NO CANDIDATE FILED,0
Jackson,PRECINCT 6,DEM FOR COUNTY COMMISSIONER,,DEM,NO CANDIDATE FILED,0
Jackson,PRECINCT 7,DEM FOR COUNTY COMMISSIONER,,DEM,NO CANDIDATE FILED,0
Jackson,PRECINCT 8,DEM FOR COUNTY COMMISSIONER,,DEM,NO CANDIDATE FILED,0
Jackson,PRECINCT 9,DEM FOR COUNTY COMMISSIONER,,DEM,NO CANDIDATE FILED,0
Jackson,PRECINCT 10,DEM FOR COUNTY COMMISSIONER,,DEM,NO CANDIDATE FILED,0
Jackson,PRECINCT 11,DEM FOR COUNTY COMMISSIONER,,DEM,NO CANDIDATE FILED,0
Jackson,PRECINCT 12,DEM FOR COUNTY COMMISSIONER,,DEM,NO CANDIDATE FILED,0
Jackson,PRECINCT 13,DEM FOR COUNTY COMMISSIONER,,DEM,NO CANDIDATE FILED,0
Jackson,PRECINCT 14,DEM FOR COUNTY COMMISSIONER,,DEM,NO CANDIDATE FILED,0
Jackson,PRECINCT 15,DEM FOR COUNTY COMMISSIONER,,DEM,NO CANDIDATE FILED,0
Jackson,PRECINCT 16,DEM FOR COUNTY COMMISSIONER,,DEM,NO CANDIDATE FILED,0
Jackson,PRECINCT 17,DEM FOR COUNTY COMMISSIONER,,DEM,NO CANDIDATE FILED,0
Jackson,PRECINCT 18,DEM FOR COUNTY COMMISSIONER,,DEM,NO CANDIDATE FILED,0
Jackson,PRECINCT 19,DEM FOR COUNTY COMMISSIONER,,DEM,NO CANDIDATE FILED,0
Jackson,PRECINCT 20,DEM FOR COUNTY COMMISSIONER,,DEM,NO CANDIDATE FILED,0
Jackson,PRECINCT 21,DEM FOR COUNTY COMMISSIONER,,DEM,NO CANDIDATE FILED,0
Jackson,PRECINCT 22,DEM FOR COUNTY COMMISSIONER,,DEM,NO CANDIDATE FILED,0
Jackson,PRECINCT 23,DEM FOR COUNTY COMMISSIONER,,DEM,NO CANDIDATE FILED,0
Jackson,PRECINCT 24,DEM FOR COUNTY COMMISSIONER,,DEM,NO CANDIDATE FILED,0
Jackson,PRECINCT 25,DEM FOR COUNTY COMMISSIONER,,DEM,NO CANDIDATE FILED,0
Jackson,PRECINCT 26,DEM FOR COUNTY COMMISSIONER,,DEM,NO CANDIDATE FILED,0
Jackson,PRECINCT 27,DEM FOR COUNTY COMMISSIONER,,DEM,NO CANDIDATE FILED,0
Jackson,PRECINCT 28,DEM FOR COUNTY COMMISSIONER,,DEM,NO CANDIDATE FILED,0
Jackson,PRECINCT 29,DEM FOR COUNTY COMMISSIONER,,DEM,NO CANDIDATE FILED,0
Jackson,PRECINCT 30,DEM FOR COUNTY COMMISSIONER,,DEM,NO CANDIDATE FILED,0
Jackson,PRECINCT 1,REP FOR COUNTY CLERK,,REP,CHRISTINA GOSSETT,33
Jackson,PRECINCT 2,REP FOR COUNTY CLERK,,REP,CHRISTINA GOSSETT,53
Jackson,PRECINCT 3,REP FOR COUNTY CLERK,,REP,CHRISTINA GOSSETT,111
Jackson,PRECINCT 4,REP FOR COUNTY CLERK,,REP,CHRISTINA GOSSETT,37
Jackson,PRECINCT 5,REP FOR COUNTY CLERK,,REP,CHRISTINA GOSSETT,54
Jackson,PRECINCT 6,REP FOR COUNTY CLERK,,REP,CHRISTINA GOSSETT,73
Jackson,PRECINCT 7,REP FOR COUNTY CLERK,,REP,CHRISTINA GOSSETT,92
Jackson,PRECINCT 8,REP FOR COUNTY CLERK,,REP,CHRISTINA GOSSETT,57
Jackson,PRECINCT 9,REP FOR COUNTY CLERK,,REP,CHRISTINA GOSSETT,59
Jackson,PRECINCT 10,REP FOR COUNTY CLERK,,REP,CHRISTINA GOSSETT,73
Jackson,PRECINCT 11,REP FOR COUNTY CLERK,,REP,CHRISTINA GOSSETT,82
Jackson,PRECINCT 12,REP FOR COUNTY CLERK,,REP,CHRISTINA GOSSETT,137
Jackson,PRECINCT 13,REP FOR COUNTY CLERK,,REP,CHRISTINA GOSSETT,82
Jackson,PRECINCT 14,REP FOR COUNTY CLERK,,REP,CHRISTINA GOSSETT,153
Jackson,PRECINCT 15,REP FOR COUNTY CLERK,,REP,CHRISTINA GOSSETT,85
Jackson,PRECINCT 16,REP FOR COUNTY CLERK,,REP,CHRISTINA GOSSETT,199
Jackson,PRECINCT 17,REP FOR COUNTY CLERK,,REP,CHRISTINA GOSSETT,190
Jackson,PRECINCT 18,REP FOR COUNTY CLERK,,REP,CHRISTINA GOSSETT,208
Jackson,PRECINCT 19,REP FOR COUNTY CLERK,,REP,CHRISTINA GOSSETT,107
Jackson,PRECINCT 20,REP FOR COUNTY CLERK,,REP,CHRISTINA GOSSETT,58
Jackson,PRECINCT 21,REP FOR COUNTY CLERK,,REP,CHRISTINA GOSSETT,55
Jackson,PRECINCT 22,REP FOR COUNTY CLERK,,REP,CHRISTINA GOSSETT,145
Jackson,PRECINCT 23,REP FOR COUNTY CLERK,,REP,CHRISTINA GOSSETT,59
Jackson,PRECINCT 24,REP FOR COUNTY CLERK,,REP,CHRISTINA GOSSETT,34
Jackson,PRECINCT 25,REP FOR COUNTY CLERK,,REP,CHRISTINA GOSSETT,55
Jackson,PRECINCT 26,REP FOR COUNTY CLERK,,REP,CHRISTINA GOSSETT,48
Jackson,PRECINCT 27,REP FOR COUNTY CLERK,,REP,CHRISTINA GOSSETT,46
Jackson,PRECINCT 28,REP FOR COUNTY CLERK,,REP,CHRISTINA GOSSETT,193
Jackson,PRECINCT 29,REP FOR COUNTY CLERK,,REP,CHRISTINA GOSSETT,56
Jackson,PRECINCT 30,REP FOR COUNTY CLERK,,REP,CHRISTINA GOSSETT,87
Jackson,PRECINCT 1,DEM FOR COUNTY CLERK,,DEM,NO CANDIDATE FILED,0
Jackson,PRECINCT 2,DEM FOR COUNTY CLERK,,DEM,NO CANDIDATE FILED,0
Jackson,PRECINCT 3,DEM FOR COUNTY CLERK,,DEM,NO CANDIDATE FILED,0
Jackson,PRECINCT 4,DEM FOR COUNTY CLERK,,DEM,NO CANDIDATE FILED,0
Jackson,PRECINCT 5,DEM FOR COUNTY CLERK,,DEM,NO CANDIDATE FILED,0
Jackson,PRECINCT 6,DEM FOR COUNTY CLERK,,DEM,NO CANDIDATE FILED,0
Jackson,PRECINCT 7,DEM FOR COUNTY CLERK,,DEM,NO CANDIDATE FILED,0
Jackson,PRECINCT 8,DEM FOR COUNTY CLERK,,DEM,NO CANDIDATE FILED,0
Jackson,PRECINCT 9,DEM FOR COUNTY CLERK,,DEM,NO CANDIDATE FILED,0
Jackson,PRECINCT 10,DEM FOR COUNTY CLERK,,DEM,NO CANDIDATE FILED,0
Jackson,PRECINCT 11,DEM FOR COUNTY CLERK,,DEM,NO CANDIDATE FILED,0
Jackson,PRECINCT 12,DEM FOR COUNTY CLERK,,DEM,NO CANDIDATE FILED,0
Jackson,PRECINCT 13,DEM FOR COUNTY CLERK,,DEM,NO CANDIDATE FILED,0
Jackson,PRECINCT 14,DEM FOR COUNTY CLERK,,DEM,NO CANDIDATE FILED,0
Jackson,PRECINCT 15,DEM FOR COUNTY CLERK,,DEM,NO CANDIDATE FILED,0
Jackson,PRECINCT 16,DEM FOR COUNTY CLERK,,DEM,NO CANDIDATE FILED,0
Jackson,PRECINCT 17,DEM FOR COUNTY CLERK,,DEM,NO CANDIDATE FILED,0
Jackson,PRECINCT 18,DEM FOR COUNTY CLERK,,DEM,NO CANDIDATE FILED,0
Jackson,PRECINCT 19,DEM FOR COUNTY CLERK,,DEM,NO CANDIDATE FILED,0
Jackson,PRECINCT 20,DEM FOR COUNTY CLERK,,DEM,NO CANDIDATE FILED,0
Jackson,PRECINCT 21,DEM FOR COUNTY CLERK,,DEM,NO CANDIDATE FILED,0
Jackson,PRECINCT 22,DEM FOR COUNTY CLERK,,DEM,NO CANDIDATE FILED,0
Jackson,PRECINCT 23,DEM FOR COUNTY CLERK,,DEM,NO CANDIDATE FILED,0
Jackson,PRECINCT 24,DEM FOR COUNTY CLERK,,DEM,NO CANDIDATE FILED,0
Jackson,PRECINCT 25,DEM FOR COUNTY CLERK,,DEM,NO CANDIDATE FILED,0
Jackson,PRECINCT 26,DEM FOR COUNTY CLERK,,DEM,NO CANDIDATE FILED,0
Jackson,PRECINCT 27,DEM FOR COUNTY CLERK,,DEM,NO CANDIDATE FILED,0
Jackson,PRECINCT 28,DEM FOR COUNTY CLERK,,DEM,NO CANDIDATE FILED,0
Jackson,PRECINCT 29,DEM FOR COUNTY CLERK,,DEM,NO CANDIDATE FILED,0
Jackson,PRECINCT 30,DEM FOR COUNTY CLERK,,DEM,NO CANDIDATE FILED,0
Jackson,PRECINCT 1,REP FOR CONGRESSIONAL DISTRICT EXECUTIVE COMMITTEE DIST,,REP,VERONICA LEWIS,31
Jackson,PRECINCT 2,REP FOR CONGRESSIONAL DISTRICT EXECUTIVE COMMITTEE DIST,,REP,VERONICA LEWIS,52
Jackson,PRECINCT 3,REP FOR CONGRESSIONAL DISTRICT EXECUTIVE COMMITTEE DIST,,REP,VERONICA LEWIS,99
Jackson,PRECINCT 4,REP FOR CONGRESSIONAL DISTRICT EXECUTIVE COMMITTEE DIST,,REP,VERONICA LEWIS,34
Jackson,PRECINCT 5,REP FOR CONGRESSIONAL DISTRICT EXECUTIVE COMMITTEE DIST,,REP,VERONICA LEWIS,48
Jackson,PRECINCT 6,REP FOR CONGRESSIONAL DISTRICT EXECUTIVE COMMITTEE DIST,,REP,VERONICA LEWIS,62
Jackson,PRECINCT 7,REP FOR CONGRESSIONAL DISTRICT EXECUTIVE COMMITTEE DIST,,REP,VERONICA LEWIS,87
Jackson,PRECINCT 8,REP FOR CONGRESSIONAL DISTRICT EXECUTIVE COMMITTEE DIST,,REP,VERONICA LEWIS,51
Jackson,PRECINCT 9,REP FOR CONGRESSIONAL DISTRICT EXECUTIVE COMMITTEE DIST,,REP,VERONICA LEWIS,55
Jackson,PRECINCT 10,REP FOR CONGRESSIONAL DISTRICT EXECUTIVE COMMITTEE DIST,,REP,VERONICA LEWIS,63
Jackson,PRECINCT 11,REP FOR CONGRESSIONAL DISTRICT EXECUTIVE COMMITTEE DIST,,REP,VERONICA LEWIS,68
Jackson,PRECINCT 12,REP FOR CONGRESSIONAL DISTRICT EXECUTIVE COMMITTEE DIST,,REP,VERONICA LEWIS,136
Jackson,PRECINCT 13,REP FOR CONGRESSIONAL DISTRICT EXECUTIVE COMMITTEE DIST,,REP,VERONICA LEWIS,69
Jackson,PRECINCT 14,REP FOR CONGRESSIONAL DISTRICT EXECUTIVE COMMITTEE DIST,,REP,VERONICA LEWIS,145
Jackson,PRECINCT 15,REP FOR CONGRESSIONAL DISTRICT EXECUTIVE COMMITTEE DIST,,REP,VERONICA LEWIS,75
Jackson,PRECINCT 16,REP FOR CONGRESSIONAL DISTRICT EXECUTIVE COMMITTEE DIST,,REP,VERONICA LEWIS,190
Jackson,PRECINCT 17,REP FOR CONGRESSIONAL DISTRICT EXECUTIVE COMMITTEE DIST,,REP,VERONICA LEWIS,161
Jackson,PRECINCT 18,REP FOR CONGRESSIONAL DISTRICT EXECUTIVE COMMITTEE DIST,,REP,VERONICA LEWIS,197
Jackson,PRECINCT 19,REP FOR CONGRESSIONAL DISTRICT EXECUTIVE COMMITTEE DIST,,REP,VERONICA LEWIS,97
Jackson,PRECINCT 20,REP FOR CONGRESSIONAL DISTRICT EXECUTIVE COMMITTEE DIST,,REP,VERONICA LEWIS,43
Jackson,PRECINCT 21,REP FOR CONGRESSIONAL DISTRICT EXECUTIVE COMMITTEE DIST,,REP,VERONICA LEWIS,45
Jackson,PRECINCT 22,REP FOR CONGRESSIONAL DISTRICT EXECUTIVE COMMITTEE DIST,,REP,VERONICA LEWIS,128
Jackson,PRECINCT 23,REP FOR CONGRESSIONAL DISTRICT EXECUTIVE COMMITTEE DIST,,REP,VERONICA LEWIS,49
Jackson,PRECINCT 24,REP FOR CONGRESSIONAL DISTRICT EXECUTIVE COMMITTEE DIST,,REP,VERONICA LEWIS,27
Jackson,PRECINCT 25,REP FOR CONGRESSIONAL DISTRICT EXECUTIVE COMMITTEE DIST,,REP,VERONICA LEWIS,52
Jackson,PRECINCT 26,REP FOR CONGRESSIONAL DISTRICT EXECUTIVE COMMITTEE DIST,,REP,VERONICA LEWIS,40
Jackson,PRECINCT 27,REP FOR CONGRESSIONAL DISTRICT EXECUTIVE COMMITTEE DIST,,REP,VERONICA LEWIS,41
Jackson,PRECINCT 28,REP FOR CONGRESSIONAL DISTRICT EXECUTIVE COMMITTEE DIST,,REP,VERONICA LEWIS,180
Jackson,PRECINCT 29,REP FOR CONGRESSIONAL DISTRICT EXECUTIVE COMMITTEE DIST,,REP,VERONICA LEWIS,59
Jackson,PRECINCT 30,REP FOR CONGRESSIONAL DISTRICT EXECUTIVE COMMITTEE DIST,,REP,VERONICA LEWIS,78
Jackson,PRECINCT 1,DEM FOR CONGRESSIONAL DISTRICT EXECUTIVE COMMITTEE DIST,,DEM,NO CANDIDATE FILED,0
Jackson,PRECINCT 2,DEM FOR CONGRESSIONAL DISTRICT EXECUTIVE COMMITTEE DIST,,DEM,NO CANDIDATE FILED,0
Jackson,PRECINCT 3,DEM FOR CONGRESSIONAL DISTRICT EXECUTIVE COMMITTEE DIST,,DEM,NO CANDIDATE FILED,0
Jackson,PRECINCT 4,DEM FOR CONGRESSIONAL DISTRICT EXECUTIVE COMMITTEE DIST,,DEM,NO CANDIDATE FILED,0
Jackson,PRECINCT 5,DEM FOR CONGRESSIONAL DISTRICT EXECUTIVE COMMITTEE DIST,,DEM,NO CANDIDATE FILED,0
Jackson,PRECINCT 6,DEM FOR CONGRESSIONAL DISTRICT EXECUTIVE COMMITTEE DIST,,DEM,NO CANDIDATE FILED,0
Jackson,PRECINCT 7,DEM FOR CONGRESSIONAL DISTRICT EXECUTIVE COMMITTEE DIST,,DEM,NO CANDIDATE FILED,0
Jackson,PRECINCT 8,DEM FOR CONGRESSIONAL DISTRICT EXECUTIVE COMMITTEE DIST,,DEM,NO CANDIDATE FILED,0
Jackson,PRECINCT 9,DEM FOR CONGRESSIONAL DISTRICT EXECUTIVE COMMITTEE DIST,,DEM,NO CANDIDATE FILED,0
Jackson,PRECINCT 10,DEM FOR CONGRESSIONAL DISTRICT EXECUTIVE COMMITTEE DIST,,DEM,NO CANDIDATE FILED,0
Jackson,PRECINCT 11,DEM FOR CONGRESSIONAL DISTRICT EXECUTIVE COMMITTEE DIST,,DEM,NO CANDIDATE FILED,0
Jackson,PRECINCT 12,DEM FOR CONGRESSIONAL DISTRICT EXECUTIVE COMMITTEE DIST,,DEM,NO CANDIDATE FILED,0
Jackson,PRECINCT 13,DEM FOR CONGRESSIONAL DISTRICT EXECUTIVE COMMITTEE DIST,,DEM,NO CANDIDATE FILED,0
Jackson,PRECINCT 14,DEM FOR CONGRESSIONAL DISTRICT EXECUTIVE COMMITTEE DIST,,DEM,NO CANDIDATE FILED,0
Jackson,PRECINCT 15,DEM FOR CONGRESSIONAL DISTRICT EXECUTIVE COMMITTEE DIST,,DEM,NO CANDIDATE FILED,0
Jackson,PRECINCT 16,DEM FOR CONGRESSIONAL DISTRICT EXECUTIVE COMMITTEE DIST,,DEM,NO CANDIDATE FILED,0
Jackson,PRECINCT 17,DEM FOR CONGRESSIONAL DISTRICT EXECUTIVE COMMITTEE DIST,,DEM,NO CANDIDATE FILED,0
Jackson,PRECINCT 18,DEM FOR CONGRESSIONAL DISTRICT EXECUTIVE COMMITTEE DIST,,DEM,NO CANDIDATE FILED,0
Jackson,PRECINCT 19,DEM FOR CONGRESSIONAL DISTRICT EXECUTIVE COMMITTEE DIST,,DEM,NO CANDIDATE FILED,0
Jackson,PRECINCT 20,DEM FOR CONGRESSIONAL DISTRICT EXECUTIVE COMMITTEE DIST,,DEM,NO CANDIDATE FILED,0
Jackson,PRECINCT 21,DEM FOR CONGRESSIONAL DISTRICT EXECUTIVE COMMITTEE DIST,,DEM,NO CANDIDATE FILED,0
Jackson,PRECINCT 22,DEM FOR CONGRESSIONAL DISTRICT EXECUTIVE COMMITTEE DIST,,DEM,NO CANDIDATE FILED,0
Jackson,PRECINCT 23,DEM FOR CONGRESSIONAL DISTRICT EXECUTIVE COMMITTEE DIST,,DEM,NO CANDIDATE FILED,0
Jackson,PRECINCT 24,DEM FOR CONGRESSIONAL DISTRICT EXECUTIVE COMMITTEE DIST,,DEM,NO CANDIDATE FILED,0
Jackson,PRECINCT 25,DEM FOR CONGRESSIONAL DISTRICT EXECUTIVE COMMITTEE DIST,,DEM,NO CANDIDATE FILED,0
Jackson,PRECINCT 26,DEM FOR CONGRESSIONAL DISTRICT EXECUTIVE COMMITTEE DIST,,DEM,NO CANDIDATE FILED,0
Jackson,PRECINCT 27,DEM FOR CONGRESSIONAL DISTRICT EXECUTIVE COMMITTEE DIST,,DEM,NO CANDIDATE FILED,0
Jackson,PRECINCT 28,DEM FOR CONGRESSIONAL DISTRICT EXECUTIVE COMMITTEE DIST,,DEM,NO CANDIDATE FILED,0
Jackson,PRECINCT 29,DEM FOR CONGRESSIONAL DISTRICT EXECUTIVE COMMITTEE DIST,,DEM,NO CANDIDATE FILED,0
Jackson,PRECINCT 30,DEM FOR CONGRESSIONAL DISTRICT EXECUTIVE COMMITTEE DIST,,DEM,NO CANDIDATE FILED,0
Jackson,PRECINCT 1,REP FOR CONGRESSIONAL DISTRICT EXECUTIVE COMMITTEE DIST,,REP,MICHAEL IHLE,33
Jackson,PRECINCT 2,REP FOR CONGRESSIONAL DISTRICT EXECUTIVE COMMITTEE DIST,,REP,MICHAEL IHLE,54
Jackson,PRECINCT 3,REP FOR CONGRESSIONAL DISTRICT EXECUTIVE COMMITTEE DIST,,REP,MICHAEL IHLE,91
Jackson,PRECINCT 4,REP FOR CONGRESSIONAL DISTRICT EXECUTIVE COMMITTEE DIST,,REP,MICHAEL IHLE,33
Jackson,PRECINCT 5,REP FOR CONGRESSIONAL DISTRICT EXECUTIVE COMMITTEE DIST,,REP,MICHAEL IHLE,37
Jackson,PRECINCT 6,REP FOR CONGRESSIONAL DISTRICT EXECUTIVE COMMITTEE DIST,,REP,MICHAEL IHLE,62
Jackson,PRECINCT 7,REP FOR CONGRESSIONAL DISTRICT EXECUTIVE COMMITTEE DIST,,REP,MICHAEL IHLE,75
Jackson,PRECINCT 8,REP FOR CONGRESSIONAL DISTRICT EXECUTIVE COMMITTEE DIST,,REP,MICHAEL IHLE,49
Jackson,PRECINCT 9,REP FOR CONGRESSIONAL DISTRICT EXECUTIVE COMMITTEE DIST,,REP,MICHAEL IHLE,45
Jackson,PRECINCT 10,REP FOR CONGRESSIONAL DISTRICT EXECUTIVE COMMITTEE DIST,,REP,MICHAEL IHLE,61
Jackson,PRECINCT 11,REP FOR CONGRESSIONAL DISTRICT EXECUTIVE COMMITTEE DIST,,REP,MICHAEL IHLE,55
Jackson,PRECINCT 12,REP FOR CONGRESSIONAL DISTRICT EXECUTIVE COMMITTEE DIST,,REP,MICHAEL IHLE,124
Jackson,PRECINCT 13,REP FOR CONGRESSIONAL DISTRICT EXECUTIVE COMMITTEE DIST,,REP,MICHAEL IHLE,65
Jackson,PRECINCT 14,REP FOR CONGRESSIONAL DISTRICT EXECUTIVE COMMITTEE DIST,,REP,MICHAEL IHLE,132
Jackson,PRECINCT 15,REP FOR CONGRESSIONAL DISTRICT EXECUTIVE COMMITTEE DIST,,REP,MICHAEL IHLE,70
Jackson,PRECINCT 16,REP FOR CONGRESSIONAL DISTRICT EXECUTIVE COMMITTEE DIST,,REP,MICHAEL IHLE,161
Jackson,PRECINCT 17,REP FOR CONGRESSIONAL DISTRICT EXECUTIVE COMMITTEE DIST,,REP,MICHAEL IHLE,145
Jackson,PRECINCT 18,REP FOR CONGRESSIONAL DISTRICT EXECUTIVE COMMITTEE DIST,,REP,MICHAEL IHLE,181
Jackson,PRECINCT 19,REP FOR CONGRESSIONAL DISTRICT EXECUTIVE COMMITTEE DIST,,REP,MICHAEL IHLE,85
Jackson,PRECINCT 20,REP FOR CONGRESSIONAL DISTRICT EXECUTIVE COMMITTEE DIST,,REP,MICHAEL IHLE,44
Jackson,PRECINCT 21,REP FOR CONGRESSIONAL DISTRICT EXECUTIVE COMMITTEE DIST,,REP,MICHAEL IHLE,42
Jackson,PRECINCT 22,REP FOR CONGRESSIONAL DISTRICT EXECUTIVE COMMITTEE DIST,,REP,MICHAEL IHLE,100
Jackson,PRECINCT 23,REP FOR CONGRESSIONAL DISTRICT EXECUTIVE COMMITTEE DIST,,REP,MICHAEL IHLE,42
Jackson,PRECINCT 24,REP FOR CONGRESSIONAL DISTRICT EXECUTIVE COMMITTEE DIST,,REP,MICHAEL IHLE,24
Jackson,PRECINCT 25,REP FOR CONGRESSIONAL DISTRICT EXECUTIVE COMMITTEE DIST,,REP,MICHAEL IHLE,54
Jackson,PRECINCT 26,REP FOR CONGRESSIONAL DISTRICT EXECUTIVE COMMITTEE DIST,,REP,MICHAEL IHLE,38
Jackson,PRECINCT 27,REP FOR CONGRESSIONAL DISTRICT EXECUTIVE COMMITTEE DIST,,REP,MICHAEL IHLE,48
Jackson,PRECINCT 28,REP FOR CONGRESSIONAL DISTRICT EXECUTIVE COMMITTEE DIST,,REP,MICHAEL IHLE,173
Jackson,PRECINCT 29,REP FOR CONGRESSIONAL DISTRICT EXECUTIVE COMMITTEE DIST,,REP,MICHAEL IHLE,57
Jackson,PRECINCT 30,REP FOR CONGRESSIONAL DISTRICT EXECUTIVE COMMITTEE DIST,,REP,MICHAEL IHLE,78
Jackson,PRECINCT 1,REP REP FOR SENATORIAL  EXECUTIVE COMMITTEE,,REP,VERONICA LEWIS,31
Jackson,PRECINCT 2,REP REP FOR SENATORIAL  EXECUTIVE COMMITTEE,,REP,VERONICA LEWIS,51
Jackson,PRECINCT 3,REP REP FOR SENATORIAL  EXECUTIVE COMMITTEE,,REP,VERONICA LEWIS,97
Jackson,PRECINCT 5,REP REP FOR SENATORIAL  EXECUTIVE COMMITTEE,,REP,VERONICA LEWIS,47
Jackson,PRECINCT 6,REP REP FOR SENATORIAL  EXECUTIVE COMMITTEE,,REP,VERONICA LEWIS,64
Jackson,PRECINCT 7,REP REP FOR SENATORIAL  EXECUTIVE COMMITTEE,,REP,VERONICA LEWIS,85
Jackson,PRECINCT 8,REP REP FOR SENATORIAL  EXECUTIVE COMMITTEE,,REP,VERONICA LEWIS,54
Jackson,PRECINCT 9,REP REP FOR SENATORIAL  EXECUTIVE COMMITTEE,,REP,VERONICA LEWIS,55
Jackson,PRECINCT 10,REP REP FOR SENATORIAL  EXECUTIVE COMMITTEE,,REP,VERONICA LEWIS,63
Jackson,PRECINCT 11,REP REP FOR SENATORIAL  EXECUTIVE COMMITTEE,,REP,VERONICA LEWIS,66
Jackson,PRECINCT 12,REP REP FOR SENATORIAL  EXECUTIVE COMMITTEE,,REP,VERONICA LEWIS,131
Jackson,PRECINCT 13,REP REP FOR SENATORIAL  EXECUTIVE COMMITTEE,,REP,VERONICA LEWIS,74
Jackson,PRECINCT 14,REP REP FOR SENATORIAL  EXECUTIVE COMMITTEE,,REP,VERONICA LEWIS,150
Jackson,PRECINCT 15,REP REP FOR SENATORIAL  EXECUTIVE COMMITTEE,,REP,VERONICA LEWIS,74
Jackson,PRECINCT 16,REP REP FOR SENATORIAL  EXECUTIVE COMMITTEE,,REP,VERONICA LEWIS,187
Jackson,PRECINCT 17,REP REP FOR SENATORIAL  EXECUTIVE COMMITTEE,,REP,VERONICA LEWIS,166
Jackson,PRECINCT 20,REP REP FOR SENATORIAL  EXECUTIVE COMMITTEE,,REP,VERONICA LEWIS,44
Jackson,PRECINCT 21,REP REP FOR SENATORIAL  EXECUTIVE COMMITTEE,,REP,VERONICA LEWIS,44
Jackson,PRECINCT 22,REP REP FOR SENATORIAL  EXECUTIVE COMMITTEE,,REP,VERONICA LEWIS,129
Jackson,PRECINCT 23,REP REP FOR SENATORIAL  EXECUTIVE COMMITTEE,,REP,VERONICA LEWIS,53
Jackson,PRECINCT 24,REP REP FOR SENATORIAL  EXECUTIVE COMMITTEE,,REP,VERONICA LEWIS,26
Jackson,PRECINCT 1,DEM REP FOR SENATORIAL  EXECUTIVE COMMITTEE,,DEM,LADONNA A. PATTERSON,22
Jackson,PRECINCT 2,DEM REP FOR SENATORIAL  EXECUTIVE COMMITTEE,,DEM,LADONNA A. PATTERSON,38
Jackson,PRECINCT 3,DEM REP FOR SENATORIAL  EXECUTIVE COMMITTEE,,DEM,LADONNA A. PATTERSON,35
Jackson,PRECINCT 5,DEM REP FOR SENATORIAL  EXECUTIVE COMMITTEE,,DEM,LADONNA A. PATTERSON,41
Jackson,PRECINCT 6,DEM REP FOR SENATORIAL  EXECUTIVE COMMITTEE,,DEM,LADONNA A. PATTERSON,49
Jackson,PRECINCT 7,DEM REP FOR SENATORIAL  EXECUTIVE COMMITTEE,,DEM,LADONNA A. PATTERSON,88
Jackson,PRECINCT 8,DEM REP FOR SENATORIAL  EXECUTIVE COMMITTEE,,DEM,LADONNA A. PATTERSON,52
Jackson,PRECINCT 9,DEM REP FOR SENATORIAL  EXECUTIVE COMMITTEE,,DEM,LADONNA A. PATTERSON,32
Jackson,PRECINCT 10,DEM REP FOR SENATORIAL  EXECUTIVE COMMITTEE,,DEM,LADONNA A. PATTERSON,25
Jackson,PRECINCT 11,DEM REP FOR SENATORIAL  EXECUTIVE COMMITTEE,,DEM,LADONNA A. PATTERSON,30
Jackson,PRECINCT 12,DEM REP FOR SENATORIAL  EXECUTIVE COMMITTEE,,DEM,LADONNA A. PATTERSON,47
Jackson,PRECINCT 13,DEM REP FOR SENATORIAL  EXECUTIVE COMMITTEE,,DEM,LADONNA A. PATTERSON,21
Jackson,PRECINCT 14,DEM REP FOR SENATORIAL  EXECUTIVE COMMITTEE,,DEM,LADONNA A. PATTERSON,75
Jackson,PRECINCT 15,DEM REP FOR SENATORIAL  EXECUTIVE COMMITTEE,,DEM,LADONNA A. PATTERSON,30
Jackson,PRECINCT 16,DEM REP FOR SENATORIAL  EXECUTIVE COMMITTEE,,DEM,LADONNA A. PATTERSON,75
Jackson,PRECINCT 17,DEM REP FOR SENATORIAL  EXECUTIVE COMMITTEE,,DEM,LADONNA A. PATTERSON,76
Jackson,PRECINCT 20,DEM REP FOR SENATORIAL  EXECUTIVE COMMITTEE,,DEM,LADONNA A. PATTERSON,34
Jackson,PRECINCT 21,DEM REP FOR SENATORIAL  EXECUTIVE COMMITTEE,,DEM,LADONNA A. PATTERSON,7
Jackson,PRECINCT 22,DEM REP FOR SENATORIAL  EXECUTIVE COMMITTEE,,DEM,LADONNA A. PATTERSON,61
Jackson,PRECINCT 23,DEM REP FOR SENATORIAL  EXECUTIVE COMMITTEE,,DEM,LADONNA A. PATTERSON,33
Jackson,PRECINCT 24,DEM REP FOR SENATORIAL  EXECUTIVE COMMITTEE,,DEM,LADONNA A. PATTERSON,10
Jackson,PRECINCT 1,REP REP FOR SENATORIAL  EXECUTIVE COMMITTEE,,REP,MICHAEL IHLE,31
Jackson,PRECINCT 2,REP REP FOR SENATORIAL  EXECUTIVE COMMITTEE,,REP,MICHAEL IHLE,56
Jackson,PRECINCT 3,REP REP FOR SENATORIAL  EXECUTIVE COMMITTEE,,REP,MICHAEL IHLE,91
Jackson,PRECINCT 5,REP REP FOR SENATORIAL  EXECUTIVE COMMITTEE,,REP,MICHAEL IHLE,38
Jackson,PRECINCT 6,REP REP FOR SENATORIAL  EXECUTIVE COMMITTEE,,REP,MICHAEL IHLE,63
Jackson,PRECINCT 7,REP REP FOR SENATORIAL  EXECUTIVE COMMITTEE,,REP,MICHAEL IHLE,73
Jackson,PRECINCT 8,REP REP FOR SENATORIAL  EXECUTIVE COMMITTEE,,REP,MICHAEL IHLE,50
Jackson,PRECINCT 9,REP REP FOR SENATORIAL  EXECUTIVE COMMITTEE,,REP,MICHAEL IHLE,46
Jackson,PRECINCT 10,REP REP FOR SENATORIAL  EXECUTIVE COMMITTEE,,REP,MICHAEL IHLE,61
Jackson,PRECINCT 11,REP REP FOR SENATORIAL  EXECUTIVE COMMITTEE,,REP,MICHAEL IHLE,54
Jackson,PRECINCT 12,REP REP FOR SENATORIAL  EXECUTIVE COMMITTEE,,REP,MICHAEL IHLE,118
Jackson,PRECINCT 13,REP REP FOR SENATORIAL  EXECUTIVE COMMITTEE,,REP,MICHAEL IHLE,68
Jackson,PRECINCT 14,REP REP FOR SENATORIAL  EXECUTIVE COMMITTEE,,REP,MICHAEL IHLE,135
Jackson,PRECINCT 15,REP REP FOR SENATORIAL  EXECUTIVE COMMITTEE,,REP,MICHAEL IHLE,68
Jackson,PRECINCT 16,REP REP FOR SENATORIAL  EXECUTIVE COMMITTEE,,REP,MICHAEL IHLE,162
Jackson,PRECINCT 17,REP REP FOR SENATORIAL  EXECUTIVE COMMITTEE,,REP,MICHAEL IHLE,145
Jackson,PRECINCT 20,REP REP FOR SENATORIAL  EXECUTIVE COMMITTEE,,REP,MICHAEL IHLE,44
Jackson,PRECINCT 21,REP REP FOR SENATORIAL  EXECUTIVE COMMITTEE,,REP,MICHAEL IHLE,39
Jackson,PRECINCT 22,REP REP FOR SENATORIAL  EXECUTIVE COMMITTEE,,REP,MICHAEL IHLE,100
Jackson,PRECINCT 23,REP REP FOR SENATORIAL  EXECUTIVE COMMITTEE,,REP,MICHAEL IHLE,41
Jackson,PRECINCT 24,REP REP FOR SENATORIAL  EXECUTIVE COMMITTEE,,REP,MICHAEL IHLE,22
Jackson,PRECINCT 1,DEM REP FOR SENATORIAL  EXECUTIVE COMMITTEE,,DEM,NO CANDIDATE FILED,0
Jackson,PRECINCT 2,DEM REP FOR SENATORIAL  EXECUTIVE COMMITTEE,,DEM,NO CANDIDATE FILED,0
Jackson,PRECINCT 3,DEM REP FOR SENATORIAL  EXECUTIVE COMMITTEE,,DEM,NO CANDIDATE FILED,0
Jackson,PRECINCT 5,DEM REP FOR SENATORIAL  EXECUTIVE COMMITTEE,,DEM,NO CANDIDATE FILED,0
Jackson,PRECINCT 6,DEM REP FOR SENATORIAL  EXECUTIVE COMMITTEE,,DEM,NO CANDIDATE FILED,0
Jackson,PRECINCT 7,DEM REP FOR SENATORIAL  EXECUTIVE COMMITTEE,,DEM,NO CANDIDATE FILED,0
Jackson,PRECINCT 8,DEM REP FOR SENATORIAL  EXECUTIVE COMMITTEE,,DEM,NO CANDIDATE FILED,0
Jackson,PRECINCT 9,DEM REP FOR SENATORIAL  EXECUTIVE COMMITTEE,,DEM,NO CANDIDATE FILED,0
Jackson,PRECINCT 10,DEM REP FOR SENATORIAL  EXECUTIVE COMMITTEE,,DEM,NO CANDIDATE FILED,0
Jackson,PRECINCT 11,DEM REP FOR SENATORIAL  EXECUTIVE COMMITTEE,,DEM,NO CANDIDATE FILED,0
Jackson,PRECINCT 12,DEM REP FOR SENATORIAL  EXECUTIVE COMMITTEE,,DEM,NO CANDIDATE FILED,0
Jackson,PRECINCT 13,DEM REP FOR SENATORIAL  EXECUTIVE COMMITTEE,,DEM,NO CANDIDATE FILED,0
Jackson,PRECINCT 14,DEM REP FOR SENATORIAL  EXECUTIVE COMMITTEE,,DEM,NO CANDIDATE FILED,0
Jackson,PRECINCT 15,DEM REP FOR SENATORIAL  EXECUTIVE COMMITTEE,,DEM,NO CANDIDATE FILED,0
Jackson,PRECINCT 16,DEM REP FOR SENATORIAL  EXECUTIVE COMMITTEE,,DEM,NO CANDIDATE FILED,0
Jackson,PRECINCT 17,DEM REP FOR SENATORIAL  EXECUTIVE COMMITTEE,,DEM,NO CANDIDATE FILED,0
Jackson,PRECINCT 20,DEM REP FOR SENATORIAL  EXECUTIVE COMMITTEE,,DEM,NO CANDIDATE FILED,0
Jackson,PRECINCT 21,DEM REP FOR SENATORIAL  EXECUTIVE COMMITTEE,,DEM,NO CANDIDATE FILED,0
Jackson,PRECINCT 22,DEM REP FOR SENATORIAL  EXECUTIVE COMMITTEE,,DEM,NO CANDIDATE FILED,0
Jackson,PRECINCT 23,DEM REP FOR SENATORIAL  EXECUTIVE COMMITTEE,,DEM,NO CANDIDATE FILED,0
Jackson,PRECINCT 24,DEM REP FOR SENATORIAL  EXECUTIVE COMMITTEE,,DEM,NO CANDIDATE FILED,0
Jackson,PRECINCT 4,REP REP FOR SENATORIAL  EXECUTIVE COMMITTEE,,REP,NO CANDIDATE FILED,0
Jackson,PRECINCT 18,REP REP FOR SENATORIAL  EXECUTIVE COMMITTEE,,REP,NO CANDIDATE FILED,0
Jackson,PRECINCT 19,REP REP FOR SENATORIAL  EXECUTIVE COMMITTEE,,REP,NO CANDIDATE FILED,0
Jackson,PRECINCT 25,REP REP FOR SENATORIAL  EXECUTIVE COMMITTEE,,REP,NO CANDIDATE FILED,0
Jackson,PRECINCT 26,REP REP FOR SENATORIAL  EXECUTIVE COMMITTEE,,REP,NO CANDIDATE FILED,0
Jackson,PRECINCT 27,REP REP FOR SENATORIAL  EXECUTIVE COMMITTEE,,REP,NO CANDIDATE FILED,0
Jackson,PRECINCT 28,REP REP FOR SENATORIAL  EXECUTIVE COMMITTEE,,REP,NO CANDIDATE FILED,0
Jackson,PRECINCT 29,REP REP FOR SENATORIAL  EXECUTIVE COMMITTEE,,REP,NO CANDIDATE FILED,0
Jackson,PRECINCT 30,REP REP FOR SENATORIAL  EXECUTIVE COMMITTEE,,REP,NO CANDIDATE FILED,0
Jackson,PRECINCT 4,DEM REP FOR SENATORIAL  EXECUTIVE COMMITTEE,,DEM,NO CANDIDATE FILED,0
Jackson,PRECINCT 18,DEM REP FOR SENATORIAL  EXECUTIVE COMMITTEE,,DEM,NO CANDIDATE FILED,0
Jackson,PRECINCT 19,DEM REP FOR SENATORIAL  EXECUTIVE COMMITTEE,,DEM,NO CANDIDATE FILED,0
Jackson,PRECINCT 25,DEM REP FOR SENATORIAL  EXECUTIVE COMMITTEE,,DEM,NO CANDIDATE FILED,0
Jackson,PRECINCT 26,DEM REP FOR SENATORIAL  EXECUTIVE COMMITTEE,,DEM,NO CANDIDATE FILED,0
Jackson,PRECINCT 27,DEM REP FOR SENATORIAL  EXECUTIVE COMMITTEE,,DEM,NO CANDIDATE FILED,0
Jackson,PRECINCT 28,DEM REP FOR SENATORIAL  EXECUTIVE COMMITTEE,,DEM,NO CANDIDATE FILED,0
Jackson,PRECINCT 29,DEM REP FOR SENATORIAL  EXECUTIVE COMMITTEE,,DEM,NO CANDIDATE FILED,0
Jackson,PRECINCT 30,DEM REP FOR SENATORIAL  EXECUTIVE COMMITTEE,,DEM,NO CANDIDATE FILED,0
Jackson,PRECINCT 4,DEM REP FOR SENATORIAL  EXECUTIVE COMMITTEE,,DEM,JERRY L PAYNE,15
Jackson,PRECINCT 18,DEM REP FOR SENATORIAL  EXECUTIVE COMMITTEE,,DEM,JERRY L PAYNE,47
Jackson,PRECINCT 19,DEM REP FOR SENATORIAL  EXECUTIVE COMMITTEE,,DEM,JERRY L PAYNE,42
Jackson,PRECINCT 25,DEM REP FOR SENATORIAL  EXECUTIVE COMMITTEE,,DEM,JERRY L PAYNE,23
Jackson,PRECINCT 26,DEM REP FOR SENATORIAL  EXECUTIVE COMMITTEE,,DEM,JERRY L PAYNE,17
Jackson,PRECINCT 27,DEM REP FOR SENATORIAL  EXECUTIVE COMMITTEE,,DEM,JERRY L PAYNE,7
Jackson,PRECINCT 28,DEM REP FOR SENATORIAL  EXECUTIVE COMMITTEE,,DEM,JERRY L PAYNE,46
Jackson,PRECINCT 29,DEM REP FOR SENATORIAL  EXECUTIVE COMMITTEE,,DEM,JERRY L PAYNE,8
Jackson,PRECINCT 30,DEM REP FOR SENATORIAL  EXECUTIVE COMMITTEE,,DEM,JERRY L PAYNE,21
Jackson,PRECINCT 1,REP FOR DELEGATE DISTRICT EXECUTIVE COMMITTEE FEMALE 17T,,REP,CINDY QUILLEN MORRISON,29
Jackson,PRECINCT 2,REP FOR DELEGATE DISTRICT EXECUTIVE COMMITTEE FEMALE 17T,,REP,CINDY QUILLEN MORRISON,48
Jackson,PRECINCT 5,REP FOR DELEGATE DISTRICT EXECUTIVE COMMITTEE FEMALE 17T,,REP,CINDY QUILLEN MORRISON,49
Jackson,PRECINCT 6,REP FOR DELEGATE DISTRICT EXECUTIVE COMMITTEE FEMALE 17T,,REP,CINDY QUILLEN MORRISON,66
Jackson,PRECINCT 7,REP FOR DELEGATE DISTRICT EXECUTIVE COMMITTEE FEMALE 17T,,REP,CINDY QUILLEN MORRISON,87
Jackson,PRECINCT 8,REP FOR DELEGATE DISTRICT EXECUTIVE COMMITTEE FEMALE 17T,,REP,CINDY QUILLEN MORRISON,52
Jackson,PRECINCT 9,REP FOR DELEGATE DISTRICT EXECUTIVE COMMITTEE FEMALE 17T,,REP,CINDY QUILLEN MORRISON,56
Jackson,PRECINCT 12,REP FOR DELEGATE DISTRICT EXECUTIVE COMMITTEE FEMALE 17T,,REP,CINDY QUILLEN MORRISON,129
Jackson,PRECINCT 13,REP FOR DELEGATE DISTRICT EXECUTIVE COMMITTEE FEMALE 17T,,REP,CINDY QUILLEN MORRISON,73
Jackson,PRECINCT 14,REP FOR DELEGATE DISTRICT EXECUTIVE COMMITTEE FEMALE 17T,,REP,CINDY QUILLEN MORRISON,151
Jackson,PRECINCT 1,DEM FOR DELEGATE DISTRICT EXECUTIVE COMMITTEE FEMALE 17T,,DEM,NO CANDIDATE FILED,0
Jackson,PRECINCT 2,DEM FOR DELEGATE DISTRICT EXECUTIVE COMMITTEE FEMALE 17T,,DEM,NO CANDIDATE FILED,0
Jackson,PRECINCT 5,DEM FOR DELEGATE DISTRICT EXECUTIVE COMMITTEE FEMALE 17T,,DEM,NO CANDIDATE FILED,0
Jackson,PRECINCT 6,DEM FOR DELEGATE DISTRICT EXECUTIVE COMMITTEE FEMALE 17T,,DEM,NO CANDIDATE FILED,0
Jackson,PRECINCT 7,DEM FOR DELEGATE DISTRICT EXECUTIVE COMMITTEE FEMALE 17T,,DEM,NO CANDIDATE FILED,0
Jackson,PRECINCT 8,DEM FOR DELEGATE DISTRICT EXECUTIVE COMMITTEE FEMALE 17T,,DEM,NO CANDIDATE FILED,0
Jackson,PRECINCT 9,DEM FOR DELEGATE DISTRICT EXECUTIVE COMMITTEE FEMALE 17T,,DEM,NO CANDIDATE FILED,0
Jackson,PRECINCT 12,DEM FOR DELEGATE DISTRICT EXECUTIVE COMMITTEE FEMALE 17T,,DEM,NO CANDIDATE FILED,0
Jackson,PRECINCT 13,DEM FOR DELEGATE DISTRICT EXECUTIVE COMMITTEE FEMALE 17T,,DEM,NO CANDIDATE FILED,0
Jackson,PRECINCT 14,DEM FOR DELEGATE DISTRICT EXECUTIVE COMMITTEE FEMALE 17T,,DEM,NO CANDIDATE FILED,0
Jackson,PRECINCT 1,REP FOR DELEGATE DISTRICT EXECUTIVE COMMITTEE MALE 17TH,,REP,MICHAEL IHLE,29
Jackson,PRECINCT 2,REP FOR DELEGATE DISTRICT EXECUTIVE COMMITTEE MALE 17TH,,REP,MICHAEL IHLE,54
Jackson,PRECINCT 5,REP FOR DELEGATE DISTRICT EXECUTIVE COMMITTEE MALE 17TH,,REP,MICHAEL IHLE,37
Jackson,PRECINCT 6,REP FOR DELEGATE DISTRICT EXECUTIVE COMMITTEE MALE 17TH,,REP,MICHAEL IHLE,61
Jackson,PRECINCT 7,REP FOR DELEGATE DISTRICT EXECUTIVE COMMITTEE MALE 17TH,,REP,MICHAEL IHLE,73
Jackson,PRECINCT 8,REP FOR DELEGATE DISTRICT EXECUTIVE COMMITTEE MALE 17TH,,REP,MICHAEL IHLE,45
Jackson,PRECINCT 9,REP FOR DELEGATE DISTRICT EXECUTIVE COMMITTEE MALE 17TH,,REP,MICHAEL IHLE,46
Jackson,PRECINCT 12,REP FOR DELEGATE DISTRICT EXECUTIVE COMMITTEE MALE 17TH,,REP,MICHAEL IHLE,111
Jackson,PRECINCT 13,REP FOR DELEGATE DISTRICT EXECUTIVE COMMITTEE MALE 17TH,,REP,MICHAEL IHLE,66
Jackson,PRECINCT 14,REP FOR DELEGATE DISTRICT EXECUTIVE COMMITTEE MALE 17TH,,REP,MICHAEL IHLE,133
Jackson,PRECINCT 1,DEM FOR DELEGATE DISTRICT EXECUTIVE COMMITTEE MALE 17TH,,DEM,NO CANDIDATE FILED,0
Jackson,PRECINCT 2,DEM FOR DELEGATE DISTRICT EXECUTIVE COMMITTEE MALE 17TH,,DEM,NO CANDIDATE FILED,0
Jackson,PRECINCT 5,DEM FOR DELEGATE DISTRICT EXECUTIVE COMMITTEE MALE 17TH,,DEM,NO CANDIDATE FILED,0
Jackson,PRECINCT 6,DEM FOR DELEGATE DISTRICT EXECUTIVE COMMITTEE MALE 17TH,,DEM,NO CANDIDATE FILED,0
Jackson,PRECINCT 7,DEM FOR DELEGATE DISTRICT EXECUTIVE COMMITTEE MALE 17TH,,DEM,NO CANDIDATE FILED,0
Jackson,PRECINCT 8,DEM FOR DELEGATE DISTRICT EXECUTIVE COMMITTEE MALE 17TH,,DEM,NO CANDIDATE FILED,0
Jackson,PRECINCT 9,DEM FOR DELEGATE DISTRICT EXECUTIVE COMMITTEE MALE 17TH,,DEM,NO CANDIDATE FILED,0
Jackson,PRECINCT 12,DEM FOR DELEGATE DISTRICT EXECUTIVE COMMITTEE MALE 17TH,,DEM,NO CANDIDATE FILED,0
Jackson,PRECINCT 13,DEM FOR DELEGATE DISTRICT EXECUTIVE COMMITTEE MALE 17TH,,DEM,NO CANDIDATE FILED,0
Jackson,PRECINCT 14,DEM FOR DELEGATE DISTRICT EXECUTIVE COMMITTEE MALE 17TH,,DEM,NO CANDIDATE FILED,0
Jackson,PRECINCT 1,Supreme Court of Appeals,,,J. BEN MIZE,60
Jackson,PRECINCT 2,Supreme Court of Appeals,,,J. BEN MIZE,92
Jackson,PRECINCT 3,Supreme Court of Appeals,,,J. BEN MIZE,119
Jackson,PRECINCT 4,Supreme Court of Appeals,,,J. BEN MIZE,30
Jackson,PRECINCT 5,Supreme Court of Appeals,,,J. BEN MIZE,99
Jackson,PRECINCT 6,Supreme Court of Appeals,,,J. BEN MIZE,131
Jackson,PRECINCT 7,Supreme Court of Appeals,,,J. BEN MIZE,190
Jackson,PRECINCT 8,Supreme Court of Appeals,,,J. BEN MIZE,117
Jackson,PRECINCT 9,Supreme Court of Appeals,,,J. BEN MIZE,91
Jackson,PRECINCT 10,Supreme Court of Appeals,,,J. BEN MIZE,93
Jackson,PRECINCT 11,Supreme Court of Appeals,,,J. BEN MIZE,102
Jackson,PRECINCT 12,Supreme Court of Appeals,,,J. BEN MIZE,183
Jackson,PRECINCT 13,Supreme Court of Appeals,,,J. BEN MIZE,82
Jackson,PRECINCT 14,Supreme Court of Appeals,,,J. BEN MIZE,186
Jackson,PRECINCT 15,Supreme Court of Appeals,,,J. BEN MIZE,66
Jackson,PRECINCT 16,Supreme Court of Appeals,,,J. BEN MIZE,198
Jackson,PRECINCT 17,Supreme Court of Appeals,,,J. BEN MIZE,181
Jackson,PRECINCT 18,Supreme Court of Appeals,,,J. BEN MIZE,160
Jackson,PRECINCT 19,Supreme Court of Appeals,,,J. BEN MIZE,98
Jackson,PRECINCT 20,Supreme Court of Appeals,,,J. BEN MIZE,58
Jackson,PRECINCT 21,Supreme Court of Appeals,,,J. BEN MIZE,40
Jackson,PRECINCT 22,Supreme Court of Appeals,,,J. BEN MIZE,146
Jackson,PRECINCT 23,Supreme Court of Appeals,,,J. BEN MIZE,63
Jackson,PRECINCT 24,Supreme Court of Appeals,,,J. BEN MIZE,27
Jackson,PRECINCT 25,Supreme Court of Appeals,,,J. BEN MIZE,54
Jackson,PRECINCT 26,Supreme Court of Appeals,,,J. BEN MIZE,35
Jackson,PRECINCT 27,Supreme Court of Appeals,,,J. BEN MIZE,25
Jackson,PRECINCT 28,Supreme Court of Appeals,,,J. BEN MIZE,120
Jackson,PRECINCT 29,Supreme Court of Appeals,,,J. BEN MIZE,41
Jackson,PRECINCT 30,Supreme Court of Appeals,,,J. BEN MIZE,57
Jackson,PRECINCT 1,Supreme Court of Appeals,,,BEA ISNER,29
Jackson,PRECINCT 2,Supreme Court of Appeals,,,BEA ISNER,54
Jackson,PRECINCT 3,Supreme Court of Appeals,,,BEA ISNER,97
Jackson,PRECINCT 4,Supreme Court of Appeals,,,BEA ISNER,34
Jackson,PRECINCT 5,Supreme Court of Appeals,,,BEA ISNER,49
Jackson,PRECINCT 6,Supreme Court of Appeals,,,BEA ISNER,74
Jackson,PRECINCT 7,Supreme Court of Appeals,,,BEA ISNER,112
Jackson,PRECINCT 8,Supreme Court of Appeals,,,BEA ISNER,71
Jackson,PRECINCT 9,Supreme Court of Appeals,,,BEA ISNER,48
Jackson,PRECINCT 10,Supreme Court of Appeals,,,BEA ISNER,67
Jackson,PRECINCT 11,Supreme Court of Appeals,,,BEA ISNER,91
Jackson,PRECINCT 12,Supreme Court of Appeals,,,BEA ISNER,110
Jackson,PRECINCT 13,Supreme Court of Appeals,,,BEA ISNER,65
Jackson,PRECINCT 14,Supreme Court of Appeals,,,BEA ISNER,161
Jackson,PRECINCT 15,Supreme Court of Appeals,,,BEA ISNER,90
Jackson,PRECINCT 16,Supreme Court of Appeals,,,BEA ISNER,229
Jackson,PRECINCT 17,Supreme Court of Appeals,,,BEA ISNER,251
Jackson,PRECINCT 18,Supreme Court of Appeals,,,BEA ISNER,221
Jackson,PRECINCT 19,Supreme Court of Appeals,,,BEA ISNER,120
Jackson,PRECINCT 20,Supreme Court of Appeals,,,BEA ISNER,73
Jackson,PRECINCT 21,Supreme Court of Appeals,,,BEA ISNER,40
Jackson,PRECINCT 22,Supreme Court of Appeals,,,BEA ISNER,215
Jackson,PRECINCT 23,Supreme Court of Appeals,,,BEA ISNER,91
Jackson,PRECINCT 24,Supreme Court of Appeals,,,BEA ISNER,41
Jackson,PRECINCT 25,Supreme Court of Appeals,,,BEA ISNER,64
Jackson,PRECINCT 26,Supreme Court of Appeals,,,BEA ISNER,47
Jackson,PRECINCT 27,Supreme Court of Appeals,,,BEA ISNER,45
Jackson,PRECINCT 28,Supreme Court of Appeals,,,BEA ISNER,182
Jackson,PRECINCT 29,Supreme Court of Appeals,,,BEA ISNER,46
Jackson,PRECINCT 30,Supreme Court of Appeals,,,BEA ISNER,82
Jackson,PRECINCT 1,Supreme Court of Appeals,,,DANIEL BARNETTE,35
Jackson,PRECINCT 2,Supreme Court of Appeals,,,DANIEL BARNETTE,59
Jackson,PRECINCT 3,Supreme Court of Appeals,,,DANIEL BARNETTE,87
Jackson,PRECINCT 4,Supreme Court of Appeals,,,DANIEL BARNETTE,29
Jackson,PRECINCT 5,Supreme Court of Appeals,,,DANIEL BARNETTE,58
Jackson,PRECINCT 6,Supreme Court of Appeals,,,DANIEL BARNETTE,77
Jackson,PRECINCT 7,Supreme Court of Appeals,,,DANIEL BARNETTE,111
Jackson,PRECINCT 8,Supreme Court of Appeals,,,DANIEL BARNETTE,67
Jackson,PRECINCT 9,Supreme Court of Appeals,,,DANIEL BARNETTE,52
Jackson,PRECINCT 10,Supreme Court of Appeals,,,DANIEL BARNETTE,68
Jackson,PRECINCT 11,Supreme Court of Appeals,,,DANIEL BARNETTE,84
Jackson,PRECINCT 12,Supreme Court of Appeals,,,DANIEL BARNETTE,108
Jackson,PRECINCT 13,Supreme Court of Appeals,,,DANIEL BARNETTE,60
Jackson,PRECINCT 14,Supreme Court of Appeals,,,DANIEL BARNETTE,155
Jackson,PRECINCT 15,Supreme Court of Appeals,,,DANIEL BARNETTE,77
Jackson,PRECINCT 16,Supreme Court of Appeals,,,DANIEL BARNETTE,228
Jackson,PRECINCT 17,Supreme Court of Appeals,,,DANIEL BARNETTE,222
Jackson,PRECINCT 18,Supreme Court of Appeals,,,DANIEL BARNETTE,232
Jackson,PRECINCT 19,Supreme Court of Appeals,,,DANIEL BARNETTE,120
Jackson,PRECINCT 20,Supreme Court of Appeals,,,DANIEL BARNETTE,67
Jackson,PRECINCT 21,Supreme Court of Appeals,,,DANIEL BARNETTE,50
Jackson,PRECINCT 22,Supreme Court of Appeals,,,DANIEL BARNETTE,181
Jackson,PRECINCT 23,Supreme Court of Appeals,,,DANIEL BARNETTE,62
Jackson,PRECINCT 24,Supreme Court of Appeals,,,DANIEL BARNETTE,37
Jackson,PRECINCT 25,Supreme Court of Appeals,,,DANIEL BARNETTE,57
Jackson,PRECINCT 26,Supreme Court of Appeals,,,DANIEL BARNETTE,41
Jackson,PRECINCT 27,Supreme Court of Appeals,,,DANIEL BARNETTE,35
Jackson,PRECINCT 28,Supreme Court of Appeals,,,DANIEL BARNETTE,182
Jackson,PRECINCT 29,Supreme Court of Appeals,,,DANIEL BARNETTE,52
Jackson,PRECINCT 30,Supreme Court of Appeals,,,DANIEL BARNETTE,77
Jackson,PRECINCT 1,Supreme Court of Appeals,,,JIM FRAZIER,47
Jackson,PRECINCT 2,Supreme Court of Appeals,,,JIM FRAZIER,75
Jackson,PRECINCT 3,Supreme Court of Appeals,,,JIM FRAZIER,119
Jackson,PRECINCT 4,Supreme Court of Appeals,,,JIM FRAZIER,39
Jackson,PRECINCT 5,Supreme Court of Appeals,,,JIM FRAZIER,99
Jackson,PRECINCT 6,Supreme Court of Appeals,,,JIM FRAZIER,119
Jackson,PRECINCT 7,Supreme Court of Appeals,,,JIM FRAZIER,175
Jackson,PRECINCT 8,Supreme Court of Appeals,,,JIM FRAZIER,96
Jackson,PRECINCT 9,Supreme Court of Appeals,,,JIM FRAZIER,86
Jackson,PRECINCT 10,Supreme Court of Appeals,,,JIM FRAZIER,74
Jackson,PRECINCT 11,Supreme Court of Appeals,,,JIM FRAZIER,96
Jackson,PRECINCT 12,Supreme Court of Appeals,,,JIM FRAZIER,181
Jackson,PRECINCT 13,Supreme Court of Appeals,,,JIM FRAZIER,83
Jackson,PRECINCT 14,Supreme Court of Appeals,,,JIM FRAZIER,207
Jackson,PRECINCT 15,Supreme Court of Appeals,,,JIM FRAZIER,87
Jackson,PRECINCT 16,Supreme Court of Appeals,,,JIM FRAZIER,231
Jackson,PRECINCT 17,Supreme Court of Appeals,,,JIM FRAZIER,227
Jackson,PRECINCT 18,Supreme Court of Appeals,,,JIM FRAZIER,187
Jackson,PRECINCT 19,Supreme Court of Appeals,,,JIM FRAZIER,117
Jackson,PRECINCT 20,Supreme Court of Appeals,,,JIM FRAZIER,77
Jackson,PRECINCT 21,Supreme Court of Appeals,,,JIM FRAZIER,50
Jackson,PRECINCT 22,Supreme Court of Appeals,,,JIM FRAZIER,193
Jackson,PRECINCT 23,Supreme Court of Appeals,,,JIM FRAZIER,74
Jackson,PRECINCT 24,Supreme Court of Appeals,,,JIM FRAZIER,32
Jackson,PRECINCT 25,Supreme Court of Appeals,,,JIM FRAZIER,56
Jackson,PRECINCT 26,Supreme Court of Appeals,,,JIM FRAZIER,55
Jackson,PRECINCT 27,Supreme Court of Appeals,,,JIM FRAZIER,43
Jackson,PRECINCT 28,Supreme Court of Appeals,,,JIM FRAZIER,159
Jackson,PRECINCT 29,Supreme Court of Appeals,,,JIM FRAZIER,47
Jackson,PRECINCT 30,Supreme Court of Appeals,,,JIM FRAZIER,71
Jackson,PRECINCT 1,FOR CONSERVATION DISTRICT SUPERVISOR,,,JOE W. CASTO,47
Jackson,PRECINCT 2,FOR CONSERVATION DISTRICT SUPERVISOR,,,JOE W. CASTO,89
Jackson,PRECINCT 3,FOR CONSERVATION DISTRICT SUPERVISOR,,,JOE W. CASTO,139
Jackson,PRECINCT 4,FOR CONSERVATION DISTRICT SUPERVISOR,,,JOE W. CASTO,50
Jackson,PRECINCT 5,FOR CONSERVATION DISTRICT SUPERVISOR,,,JOE W. CASTO,91
Jackson,PRECINCT 6,FOR CONSERVATION DISTRICT SUPERVISOR,,,JOE W. CASTO,125
Jackson,PRECINCT 7,FOR CONSERVATION DISTRICT SUPERVISOR,,,JOE W. CASTO,173
Jackson,PRECINCT 8,FOR CONSERVATION DISTRICT SUPERVISOR,,,JOE W. CASTO,109
Jackson,PRECINCT 9,FOR CONSERVATION DISTRICT SUPERVISOR,,,JOE W. CASTO,88
Jackson,PRECINCT 10,FOR CONSERVATION DISTRICT SUPERVISOR,,,JOE W. CASTO,97
Jackson,PRECINCT 11,FOR CONSERVATION DISTRICT SUPERVISOR,,,JOE W. CASTO,117
Jackson,PRECINCT 12,FOR CONSERVATION DISTRICT SUPERVISOR,,,JOE W. CASTO,179
Jackson,PRECINCT 13,FOR CONSERVATION DISTRICT SUPERVISOR,,,JOE W. CASTO,101
Jackson,PRECINCT 14,FOR CONSERVATION DISTRICT SUPERVISOR,,,JOE W. CASTO,221
Jackson,PRECINCT 15,FOR CONSERVATION DISTRICT SUPERVISOR,,,JOE W. CASTO,115
Jackson,PRECINCT 16,FOR CONSERVATION DISTRICT SUPERVISOR,,,JOE W. CASTO,252
Jackson,PRECINCT 17,FOR CONSERVATION DISTRICT SUPERVISOR,,,JOE W. CASTO,264
Jackson,PRECINCT 18,FOR CONSERVATION DISTRICT SUPERVISOR,,,JOE W. CASTO,275
Jackson,PRECINCT 19,FOR CONSERVATION DISTRICT SUPERVISOR,,,JOE W. CASTO,147
Jackson,PRECINCT 20,FOR CONSERVATION DISTRICT SUPERVISOR,,,JOE W. CASTO,85
Jackson,PRECINCT 21,FOR CONSERVATION DISTRICT SUPERVISOR,,,JOE W. CASTO,59
Jackson,PRECINCT 22,FOR CONSERVATION DISTRICT SUPERVISOR,,,JOE W. CASTO,224
Jackson,PRECINCT 23,FOR CONSERVATION DISTRICT SUPERVISOR,,,JOE W. CASTO,93
Jackson,PRECINCT 24,FOR CONSERVATION DISTRICT SUPERVISOR,,,JOE W. CASTO,45
Jackson,PRECINCT 25,FOR CONSERVATION DISTRICT SUPERVISOR,,,JOE W. CASTO,77
Jackson,PRECINCT 26,FOR CONSERVATION DISTRICT SUPERVISOR,,,JOE W. CASTO,65
Jackson,PRECINCT 27,FOR CONSERVATION DISTRICT SUPERVISOR,,,JOE W. CASTO,52
Jackson,PRECINCT 28,FOR CONSERVATION DISTRICT SUPERVISOR,,,JOE W. CASTO,242
Jackson,PRECINCT 29,FOR CONSERVATION DISTRICT SUPERVISOR,,,JOE W. CASTO,72
Jackson,PRECINCT 30,FOR CONSERVATION DISTRICT SUPERVISOR,,,JOE W. CASTO,111
Jackson,PRECINCT 1,BOE LEVY,,,FOR THE LEVY,45
Jackson,PRECINCT 2,BOE LEVY,,,FOR THE LEVY,52
Jackson,PRECINCT 3,BOE LEVY,,,FOR THE LEVY,105
Jackson,PRECINCT 4,BOE LEVY,,,FOR THE LEVY,28
Jackson,PRECINCT 5,BOE LEVY,,,FOR THE LEVY,83
Jackson,PRECINCT 6,BOE LEVY,,,FOR THE LEVY,114
Jackson,PRECINCT 7,BOE LEVY,,,FOR THE LEVY,164
Jackson,PRECINCT 8,BOE LEVY,,,FOR THE LEVY,92
Jackson,PRECINCT 9,BOE LEVY,,,FOR THE LEVY,74
Jackson,PRECINCT 10,BOE LEVY,,,FOR THE LEVY,61
Jackson,PRECINCT 11,BOE LEVY,,,FOR THE LEVY,81
Jackson,PRECINCT 12,BOE LEVY,,,FOR THE LEVY,145
Jackson,PRECINCT 13,BOE LEVY,,,FOR THE LEVY,72
Jackson,PRECINCT 14,BOE LEVY,,,FOR THE LEVY,174
Jackson,PRECINCT 15,BOE LEVY,,,FOR THE LEVY,86
Jackson,PRECINCT 16,BOE LEVY,,,FOR THE LEVY,228
Jackson,PRECINCT 17,BOE LEVY,,,FOR THE LEVY,227
Jackson,PRECINCT 18,BOE LEVY,,,FOR THE LEVY,205
Jackson,PRECINCT 19,BOE LEVY,,,FOR THE LEVY,108
Jackson,PRECINCT 20,BOE LEVY,,,FOR THE LEVY,85
Jackson,PRECINCT 21,BOE LEVY,,,FOR THE LEVY,50
Jackson,PRECINCT 22,BOE LEVY,,,FOR THE LEVY,201
Jackson,PRECINCT 23,BOE LEVY,,,FOR THE LEVY,89
Jackson,PRECINCT 24,BOE LEVY,,,FOR THE LEVY,38
Jackson,PRECINCT 25,BOE LEVY,,,FOR THE LEVY,58
Jackson,PRECINCT 26,BOE LEVY,,,FOR THE LEVY,41
Jackson,PRECINCT 27,BOE LEVY,,,FOR THE LEVY,37
Jackson,PRECINCT 28,BOE LEVY,,,FOR THE LEVY,167
Jackson,PRECINCT 29,BOE LEVY,,,FOR THE LEVY,37
Jackson,PRECINCT 30,BOE LEVY,,,FOR THE LEVY,76
Jackson,PRECINCT 1,BOE LEVY,,,AGAINST THE LEVY,25
Jackson,PRECINCT 2,BOE LEVY,,,AGAINST THE LEVY,46
Jackson,PRECINCT 3,BOE LEVY,,,AGAINST THE LEVY,51
Jackson,PRECINCT 4,BOE LEVY,,,AGAINST THE LEVY,30
Jackson,PRECINCT 5,BOE LEVY,,,AGAINST THE LEVY,29
Jackson,PRECINCT 6,BOE LEVY,,,AGAINST THE LEVY,37
Jackson,PRECINCT 7,BOE LEVY,,,AGAINST THE LEVY,42
Jackson,PRECINCT 8,BOE LEVY,,,AGAINST THE LEVY,24
Jackson,PRECINCT 9,BOE LEVY,,,AGAINST THE LEVY,23
Jackson,PRECINCT 10,BOE LEVY,,,AGAINST THE LEVY,58
Jackson,PRECINCT 11,BOE LEVY,,,AGAINST THE LEVY,54
Jackson,PRECINCT 12,BOE LEVY,,,AGAINST THE LEVY,65
Jackson,PRECINCT 13,BOE LEVY,,,AGAINST THE LEVY,44
Jackson,PRECINCT 14,BOE LEVY,,,AGAINST THE LEVY,80
Jackson,PRECINCT 15,BOE LEVY,,,AGAINST THE LEVY,47
Jackson,PRECINCT 16,BOE LEVY,,,AGAINST THE LEVY,88
Jackson,PRECINCT 17,BOE LEVY,,,AGAINST THE LEVY,78
Jackson,PRECINCT 18,BOE LEVY,,,AGAINST THE LEVY,101
Jackson,PRECINCT 19,BOE LEVY,,,AGAINST THE LEVY,59
Jackson,PRECINCT 20,BOE LEVY,,,AGAINST THE LEVY,21
Jackson,PRECINCT 21,BOE LEVY,,,AGAINST THE LEVY,21
Jackson,PRECINCT 22,BOE LEVY,,,AGAINST THE LEVY,47
Jackson,PRECINCT 23,BOE LEVY,,,AGAINST THE LEVY,24
Jackson,PRECINCT 24,BOE LEVY,,,AGAINST THE LEVY,19
Jackson,PRECINCT 25,BOE LEVY,,,AGAINST THE LEVY,31
Jackson,PRECINCT 26,BOE LEVY,,,AGAINST THE LEVY,27
Jackson,PRECINCT 27,BOE LEVY,,,AGAINST THE LEVY,29
Jackson,PRECINCT 28,BOE LEVY,,,AGAINST THE LEVY,100
Jackson,PRECINCT 29,BOE LEVY,,,AGAINST THE LEVY,43
Jackson,PRECINCT 30,BOE LEVY,,,AGAINST THE LEVY,44
Jackson,PRECINCT 19,REP FOR COUNTY EXECUTIVE COMMITTEE,,REP,DONNA M. SPENCER,64
Jackson,PRECINCT 20,REP FOR COUNTY EXECUTIVE COMMITTEE,,REP,DONNA M. SPENCER,28
Jackson,PRECINCT 21,REP FOR COUNTY EXECUTIVE COMMITTEE,,REP,DONNA M. SPENCER,29
Jackson,PRECINCT 22,REP FOR COUNTY EXECUTIVE COMMITTEE,,REP,DONNA M. SPENCER,67
Jackson,PRECINCT 23,REP FOR COUNTY EXECUTIVE COMMITTEE,,REP,DONNA M. SPENCER,26
Jackson,PRECINCT 24,REP FOR COUNTY EXECUTIVE COMMITTEE,,REP,DONNA M. SPENCER,16
Jackson,PRECINCT 25,REP FOR COUNTY EXECUTIVE COMMITTEE,,REP,DONNA M. SPENCER,38
Jackson,PRECINCT 26,REP FOR COUNTY EXECUTIVE COMMITTEE,,REP,DONNA M. SPENCER,20
Jackson,PRECINCT 27,REP FOR COUNTY EXECUTIVE COMMITTEE,,REP,DONNA M. SPENCER,32
Jackson,PRECINCT 28,REP FOR COUNTY EXECUTIVE COMMITTEE,,REP,DONNA M. SPENCER,166
Jackson,PRECINCT 29,REP FOR COUNTY EXECUTIVE COMMITTEE,,REP,DONNA M. SPENCER,57
Jackson,PRECINCT 30,REP FOR COUNTY EXECUTIVE COMMITTEE,,REP,DONNA M. SPENCER,88
Jackson,PRECINCT 19,REP FOR COUNTY EXECUTIVE COMMITTEE,,REP,CHRISTINA GOSSETT,83
Jackson,PRECINCT 20,REP FOR COUNTY EXECUTIVE COMMITTEE,,REP,CHRISTINA GOSSETT,55
Jackson,PRECINCT 21,REP FOR COUNTY EXECUTIVE COMMITTEE,,REP,CHRISTINA GOSSETT,52
Jackson,PRECINCT 22,REP FOR COUNTY EXECUTIVE COMMITTEE,,REP,CHRISTINA GOSSETT,148
Jackson,PRECINCT 23,REP FOR COUNTY EXECUTIVE COMMITTEE,,REP,CHRISTINA GOSSETT,54
Jackson,PRECINCT 24,REP FOR COUNTY EXECUTIVE COMMITTEE,,REP,CHRISTINA GOSSETT,33
Jackson,PRECINCT 25,REP FOR COUNTY EXECUTIVE COMMITTEE,,REP,CHRISTINA GOSSETT,57
Jackson,PRECINCT 26,REP FOR COUNTY EXECUTIVE COMMITTEE,,REP,CHRISTINA GOSSETT,37
Jackson,PRECINCT 27,REP FOR COUNTY EXECUTIVE COMMITTEE,,REP,CHRISTINA GOSSETT,38
Jackson,PRECINCT 28,REP FOR COUNTY EXECUTIVE COMMITTEE,,REP,CHRISTINA GOSSETT,125
Jackson,PRECINCT 29,REP FOR COUNTY EXECUTIVE COMMITTEE,,REP,CHRISTINA GOSSETT,38
Jackson,PRECINCT 30,REP FOR COUNTY EXECUTIVE COMMITTEE,,REP,CHRISTINA GOSSETT,42
Jackson,PRECINCT 19,DEM FOR COUNTY EXECUTIVE COMMITTEE,,DEM,NO CANDIDATE FILED,0
Jackson,PRECINCT 20,DEM FOR COUNTY EXECUTIVE COMMITTEE,,DEM,NO CANDIDATE FILED,0
Jackson,PRECINCT 21,DEM FOR COUNTY EXECUTIVE COMMITTEE,,DEM,NO CANDIDATE FILED,0
Jackson,PRECINCT 22,DEM FOR COUNTY EXECUTIVE COMMITTEE,,DEM,NO CANDIDATE FILED,0
Jackson,PRECINCT 23,DEM FOR COUNTY EXECUTIVE COMMITTEE,,DEM,NO CANDIDATE FILED,0
Jackson,PRECINCT 24,DEM FOR COUNTY EXECUTIVE COMMITTEE,,DEM,NO CANDIDATE FILED,0
Jackson,PRECINCT 25,DEM FOR COUNTY EXECUTIVE COMMITTEE,,DEM,NO CANDIDATE FILED,0
Jackson,PRECINCT 26,DEM FOR COUNTY EXECUTIVE COMMITTEE,,DEM,NO CANDIDATE FILED,0
Jackson,PRECINCT 27,DEM FOR COUNTY EXECUTIVE COMMITTEE,,DEM,NO CANDIDATE FILED,0
Jackson,PRECINCT 28,DEM FOR COUNTY EXECUTIVE COMMITTEE,,DEM,NO CANDIDATE FILED,0
Jackson,PRECINCT 29,DEM FOR COUNTY EXECUTIVE COMMITTEE,,DEM,NO CANDIDATE FILED,0
Jackson,PRECINCT 30,DEM FOR COUNTY EXECUTIVE COMMITTEE,,DEM,NO CANDIDATE FILED,0
Jackson,PRECINCT 19,REP FOR COUNTY EXECUTIVE COMMITTEE,,REP,NO CANDIDATE FILED,0
Jackson,PRECINCT 20,REP FOR COUNTY EXECUTIVE COMMITTEE,,REP,NO CANDIDATE FILED,0
Jackson,PRECINCT 21,REP FOR COUNTY EXECUTIVE COMMITTEE,,REP,NO CANDIDATE FILED,0
Jackson,PRECINCT 22,REP FOR COUNTY EXECUTIVE COMMITTEE,,REP,NO CANDIDATE FILED,0
Jackson,PRECINCT 23,REP FOR COUNTY EXECUTIVE COMMITTEE,,REP,NO CANDIDATE FILED,0
Jackson,PRECINCT 24,REP FOR COUNTY EXECUTIVE COMMITTEE,,REP,NO CANDIDATE FILED,0
Jackson,PRECINCT 25,REP FOR COUNTY EXECUTIVE COMMITTEE,,REP,NO CANDIDATE FILED,0
Jackson,PRECINCT 26,REP FOR COUNTY EXECUTIVE COMMITTEE,,REP,NO CANDIDATE FILED,0
Jackson,PRECINCT 27,REP FOR COUNTY EXECUTIVE COMMITTEE,,REP,NO CANDIDATE FILED,0
Jackson,PRECINCT 28,REP FOR COUNTY EXECUTIVE COMMITTEE,,REP,NO CANDIDATE FILED,0
Jackson,PRECINCT 29,REP FOR COUNTY EXECUTIVE COMMITTEE,,REP,NO CANDIDATE FILED,0
Jackson,PRECINCT 30,REP FOR COUNTY EXECUTIVE COMMITTEE,,REP,NO CANDIDATE FILED,0
Jackson,PRECINCT 19,DEM FOR COUNTY EXECUTIVE COMMITTEE,,DEM,DAVID MULLINS,45
Jackson,PRECINCT 20,DEM FOR COUNTY EXECUTIVE COMMITTEE,,DEM,DAVID MULLINS,33
Jackson,PRECINCT 21,DEM FOR COUNTY EXECUTIVE COMMITTEE,,DEM,DAVID MULLINS,6
Jackson,PRECINCT 22,DEM FOR COUNTY EXECUTIVE COMMITTEE,,DEM,DAVID MULLINS,63
Jackson,PRECINCT 23,DEM FOR COUNTY EXECUTIVE COMMITTEE,,DEM,DAVID MULLINS,33
Jackson,PRECINCT 24,DEM FOR COUNTY EXECUTIVE COMMITTEE,,DEM,DAVID MULLINS,11
Jackson,PRECINCT 25,DEM FOR COUNTY EXECUTIVE COMMITTEE,,DEM,DAVID MULLINS,24
Jackson,PRECINCT 26,DEM FOR COUNTY EXECUTIVE COMMITTEE,,DEM,DAVID MULLINS,17
Jackson,PRECINCT 27,DEM FOR COUNTY EXECUTIVE COMMITTEE,,DEM,DAVID MULLINS,9
Jackson,PRECINCT 28,DEM FOR COUNTY EXECUTIVE COMMITTEE,,DEM,DAVID MULLINS,45
Jackson,PRECINCT 29,DEM FOR COUNTY EXECUTIVE COMMITTEE,,DEM,DAVID MULLINS,9
Jackson,PRECINCT 30,DEM FOR COUNTY EXECUTIVE COMMITTEE,,DEM,DAVID MULLINS,19
Jackson,PRECINCT 1,REP FOR COUNTY EXECUTIVE COMMITTEE,,REP,NATASHA J. LEMLEY,36
Jackson,PRECINCT 2,REP FOR COUNTY EXECUTIVE COMMITTEE,,REP,NATASHA J. LEMLEY,50
Jackson,PRECINCT 3,REP FOR COUNTY EXECUTIVE COMMITTEE,,REP,NATASHA J. LEMLEY,101
Jackson,PRECINCT 4,REP FOR COUNTY EXECUTIVE COMMITTEE,,REP,NATASHA J. LEMLEY,32
Jackson,PRECINCT 5,REP FOR COUNTY EXECUTIVE COMMITTEE,,REP,NATASHA J. LEMLEY,49
Jackson,PRECINCT 6,REP FOR COUNTY EXECUTIVE COMMITTEE,,REP,NATASHA J. LEMLEY,70
Jackson,PRECINCT 7,REP FOR COUNTY EXECUTIVE COMMITTEE,,REP,NATASHA J. LEMLEY,91
Jackson,PRECINCT 8,REP FOR COUNTY EXECUTIVE COMMITTEE,,REP,NATASHA J. LEMLEY,57
Jackson,PRECINCT 9,REP FOR COUNTY EXECUTIVE COMMITTEE,,REP,NATASHA J. LEMLEY,61
Jackson,PRECINCT 11,REP FOR COUNTY EXECUTIVE COMMITTEE,,REP,NATASHA J. LEMLEY,73
Jackson,PRECINCT 12,REP FOR COUNTY EXECUTIVE COMMITTEE,,REP,NATASHA J. LEMLEY,137
Jackson,PRECINCT 1,DEM FOR COUNTY EXECUTIVE COMMITTEE,,DEM,KAREN RHODES,23
Jackson,PRECINCT 2,DEM FOR COUNTY EXECUTIVE COMMITTEE,,DEM,KAREN RHODES,37
Jackson,PRECINCT 3,DEM FOR COUNTY EXECUTIVE COMMITTEE,,DEM,KAREN RHODES,36
Jackson,PRECINCT 4,DEM FOR COUNTY EXECUTIVE COMMITTEE,,DEM,KAREN RHODES,15
Jackson,PRECINCT 5,DEM FOR COUNTY EXECUTIVE COMMITTEE,,DEM,KAREN RHODES,42
Jackson,PRECINCT 6,DEM FOR COUNTY EXECUTIVE COMMITTEE,,DEM,KAREN RHODES,58
Jackson,PRECINCT 7,DEM FOR COUNTY EXECUTIVE COMMITTEE,,DEM,KAREN RHODES,91
Jackson,PRECINCT 8,DEM FOR COUNTY EXECUTIVE COMMITTEE,,DEM,KAREN RHODES,49
Jackson,PRECINCT 9,DEM FOR COUNTY EXECUTIVE COMMITTEE,,DEM,KAREN RHODES,34
Jackson,PRECINCT 11,DEM FOR COUNTY EXECUTIVE COMMITTEE,,DEM,KAREN RHODES,30
Jackson,PRECINCT 12,DEM FOR COUNTY EXECUTIVE COMMITTEE,,DEM,KAREN RHODES,47
Jackson,PRECINCT 1,REP FOR COUNTY EXECUTIVE COMMITTEE,,REP,DAVID SULLIVAN,23
Jackson,PRECINCT 2,REP FOR COUNTY EXECUTIVE COMMITTEE,,REP,DAVID SULLIVAN,38
Jackson,PRECINCT 3,REP FOR COUNTY EXECUTIVE COMMITTEE,,REP,DAVID SULLIVAN,102
Jackson,PRECINCT 4,REP FOR COUNTY EXECUTIVE COMMITTEE,,REP,DAVID SULLIVAN,35
Jackson,PRECINCT 5,REP FOR COUNTY EXECUTIVE COMMITTEE,,REP,DAVID SULLIVAN,44
Jackson,PRECINCT 6,REP FOR COUNTY EXECUTIVE COMMITTEE,,REP,DAVID SULLIVAN,55
Jackson,PRECINCT 7,REP FOR COUNTY EXECUTIVE COMMITTEE,,REP,DAVID SULLIVAN,73
Jackson,PRECINCT 8,REP FOR COUNTY EXECUTIVE COMMITTEE,,REP,DAVID SULLIVAN,43
Jackson,PRECINCT 9,REP FOR COUNTY EXECUTIVE COMMITTEE,,REP,DAVID SULLIVAN,48
Jackson,PRECINCT 11,REP FOR COUNTY EXECUTIVE COMMITTEE,,REP,DAVID SULLIVAN,72
Jackson,PRECINCT 12,REP FOR COUNTY EXECUTIVE COMMITTEE,,REP,DAVID SULLIVAN,91
Jackson,PRECINCT 1,REP FOR COUNTY EXECUTIVE COMMITTEE,,REP,MICHAEL IHLE,24
Jackson,PRECINCT 2,REP FOR COUNTY EXECUTIVE COMMITTEE,,REP,MICHAEL IHLE,43
Jackson,PRECINCT 3,REP FOR COUNTY EXECUTIVE COMMITTEE,,REP,MICHAEL IHLE,54
Jackson,PRECINCT 4,REP FOR COUNTY EXECUTIVE COMMITTEE,,REP,MICHAEL IHLE,12
Jackson,PRECINCT 5,REP FOR COUNTY EXECUTIVE COMMITTEE,,REP,MICHAEL IHLE,33
Jackson,PRECINCT 6,REP FOR COUNTY EXECUTIVE COMMITTEE,,REP,MICHAEL IHLE,44
Jackson,PRECINCT 7,REP FOR COUNTY EXECUTIVE COMMITTEE,,REP,MICHAEL IHLE,64
Jackson,PRECINCT 8,REP FOR COUNTY EXECUTIVE COMMITTEE,,REP,MICHAEL IHLE,38
Jackson,PRECINCT 9,REP FOR COUNTY EXECUTIVE COMMITTEE,,REP,MICHAEL IHLE,34
Jackson,PRECINCT 11,REP FOR COUNTY EXECUTIVE COMMITTEE,,REP,MICHAEL IHLE,35
Jackson,PRECINCT 12,REP FOR COUNTY EXECUTIVE COMMITTEE,,REP,MICHAEL IHLE,100
Jackson,PRECINCT 1,DEM FOR COUNTY EXECUTIVE COMMITTEE,,DEM,GARY LAWSON,16
Jackson,PRECINCT 2,DEM FOR COUNTY EXECUTIVE COMMITTEE,,DEM,GARY LAWSON,33
Jackson,PRECINCT 3,DEM FOR COUNTY EXECUTIVE COMMITTEE,,DEM,GARY LAWSON,34
Jackson,PRECINCT 4,DEM FOR COUNTY EXECUTIVE COMMITTEE,,DEM,GARY LAWSON,11
Jackson,PRECINCT 5,DEM FOR COUNTY EXECUTIVE COMMITTEE,,DEM,GARY LAWSON,43
Jackson,PRECINCT 6,DEM FOR COUNTY EXECUTIVE COMMITTEE,,DEM,GARY LAWSON,55
Jackson,PRECINCT 7,DEM FOR COUNTY EXECUTIVE COMMITTEE,,DEM,GARY LAWSON,89
Jackson,PRECINCT 8,DEM FOR COUNTY EXECUTIVE COMMITTEE,,DEM,GARY LAWSON,47
Jackson,PRECINCT 9,DEM FOR COUNTY EXECUTIVE COMMITTEE,,DEM,GARY LAWSON,29
Jackson,PRECINCT 11,DEM FOR COUNTY EXECUTIVE COMMITTEE,,DEM,GARY LAWSON,28
Jackson,PRECINCT 12,DEM FOR COUNTY EXECUTIVE COMMITTEE,,DEM,GARY LAWSON,48
Jackson,PRECINCT 1,DEM FOR COUNTY EXECUTIVE COMMITTEE,,DEM,DANNY F. MITCHELL,16
Jackson,PRECINCT 2,DEM FOR COUNTY EXECUTIVE COMMITTEE,,DEM,DANNY F. MITCHELL,31
Jackson,PRECINCT 3,DEM FOR COUNTY EXECUTIVE COMMITTEE,,DEM,DANNY F. MITCHELL,29
Jackson,PRECINCT 4,DEM FOR COUNTY EXECUTIVE COMMITTEE,,DEM,DANNY F. MITCHELL,8
Jackson,PRECINCT 5,DEM FOR COUNTY EXECUTIVE COMMITTEE,,DEM,DANNY F. MITCHELL,30
Jackson,PRECINCT 6,DEM FOR COUNTY EXECUTIVE COMMITTEE,,DEM,DANNY F. MITCHELL,43
Jackson,PRECINCT 7,DEM FOR COUNTY EXECUTIVE COMMITTEE,,DEM,DANNY F. MITCHELL,76
Jackson,PRECINCT 8,DEM FOR COUNTY EXECUTIVE COMMITTEE,,DEM,DANNY F. MITCHELL,41
Jackson,PRECINCT 9,DEM FOR COUNTY EXECUTIVE COMMITTEE,,DEM,DANNY F. MITCHELL,29
Jackson,PRECINCT 11,DEM FOR COUNTY EXECUTIVE COMMITTEE,,DEM,DANNY F. MITCHELL,23
Jackson,PRECINCT 12,DEM FOR COUNTY EXECUTIVE COMMITTEE,,DEM,DANNY F. MITCHELL,26
Jackson,PRECINCT 10,REP FOR COUNTY EXECUTIVE COMMITTEE,,REP,CINDY QUILLEN MORRISON,40
Jackson,PRECINCT 13,REP FOR COUNTY EXECUTIVE COMMITTEE,,REP,CINDY QUILLEN MORRISON,56
Jackson,PRECINCT 14,REP FOR COUNTY EXECUTIVE COMMITTEE,,REP,CINDY QUILLEN MORRISON,125
Jackson,PRECINCT 15,REP FOR COUNTY EXECUTIVE COMMITTEE,,REP,CINDY QUILLEN MORRISON,48
Jackson,PRECINCT 16,REP FOR COUNTY EXECUTIVE COMMITTEE,,REP,CINDY QUILLEN MORRISON,58
Jackson,PRECINCT 17,REP FOR COUNTY EXECUTIVE COMMITTEE,,REP,CINDY QUILLEN MORRISON,96
Jackson,PRECINCT 18,REP FOR COUNTY EXECUTIVE COMMITTEE,,REP,CINDY QUILLEN MORRISON,121
Jackson,PRECINCT 10,REP FOR COUNTY EXECUTIVE COMMITTEE,,REP,VERONICA LEWIS,37
Jackson,PRECINCT 13,REP FOR COUNTY EXECUTIVE COMMITTEE,,REP,VERONICA LEWIS,36
Jackson,PRECINCT 14,REP FOR COUNTY EXECUTIVE COMMITTEE,,REP,VERONICA LEWIS,71
Jackson,PRECINCT 15,REP FOR COUNTY EXECUTIVE COMMITTEE,,REP,VERONICA LEWIS,42
Jackson,PRECINCT 16,REP FOR COUNTY EXECUTIVE COMMITTEE,,REP,VERONICA LEWIS,140
Jackson,PRECINCT 17,REP FOR COUNTY EXECUTIVE COMMITTEE,,REP,VERONICA LEWIS,95
Jackson,PRECINCT 18,REP FOR COUNTY EXECUTIVE COMMITTEE,,REP,VERONICA LEWIS,107
Jackson,PRECINCT 10,REP FOR COUNTY EXECUTIVE COMMITTEE,,REP,LINDA L. QUILLEN,28
Jackson,PRECINCT 13,REP FOR COUNTY EXECUTIVE COMMITTEE,,REP,LINDA L. QUILLEN,28
Jackson,PRECINCT 14,REP FOR COUNTY EXECUTIVE COMMITTEE,,REP,LINDA L. QUILLEN,57
Jackson,PRECINCT 15,REP FOR COUNTY EXECUTIVE COMMITTEE,,REP,LINDA L. QUILLEN,46
Jackson,PRECINCT 16,REP FOR COUNTY EXECUTIVE COMMITTEE,,REP,LINDA L. QUILLEN,112
Jackson,PRECINCT 17,REP FOR COUNTY EXECUTIVE COMMITTEE,,REP,LINDA L. QUILLEN,76
Jackson,PRECINCT 18,REP FOR COUNTY EXECUTIVE COMMITTEE,,REP,LINDA L. QUILLEN,75
Jackson,PRECINCT 10,DEM FOR COUNTY EXECUTIVE COMMITTEE,,DEM,LADONNA A. PATTERSON,27
Jackson,PRECINCT 13,DEM FOR COUNTY EXECUTIVE COMMITTEE,,DEM,LADONNA A. PATTERSON,21
Jackson,PRECINCT 14,DEM FOR COUNTY EXECUTIVE COMMITTEE,,DEM,LADONNA A. PATTERSON,77
Jackson,PRECINCT 15,DEM FOR COUNTY EXECUTIVE COMMITTEE,,DEM,LADONNA A. PATTERSON,32
Jackson,PRECINCT 16,DEM FOR COUNTY EXECUTIVE COMMITTEE,,DEM,LADONNA A. PATTERSON,82
Jackson,PRECINCT 17,DEM FOR COUNTY EXECUTIVE COMMITTEE,,DEM,LADONNA A. PATTERSON,75
Jackson,PRECINCT 18,DEM FOR COUNTY EXECUTIVE COMMITTEE,,DEM,LADONNA A. PATTERSON,49
Jackson,PRECINCT 10,REP FOR COUNTY EXECUTIVE COMMITTEE,,REP,DICK WAYBRIGHT,64
Jackson,PRECINCT 13,REP FOR COUNTY EXECUTIVE COMMITTEE,,REP,DICK WAYBRIGHT,62
Jackson,PRECINCT 14,REP FOR COUNTY EXECUTIVE COMMITTEE,,REP,DICK WAYBRIGHT,131
Jackson,PRECINCT 15,REP FOR COUNTY EXECUTIVE COMMITTEE,,REP,DICK WAYBRIGHT,64
Jackson,PRECINCT 16,REP FOR COUNTY EXECUTIVE COMMITTEE,,REP,DICK WAYBRIGHT,157
Jackson,PRECINCT 17,REP FOR COUNTY EXECUTIVE COMMITTEE,,REP,DICK WAYBRIGHT,153
Jackson,PRECINCT 18,REP FOR COUNTY EXECUTIVE COMMITTEE,,REP,DICK WAYBRIGHT,154
Jackson,PRECINCT 10,REP FOR COUNTY EXECUTIVE COMMITTEE,,REP,JIM TEMPLIN,48
Jackson,PRECINCT 13,REP FOR COUNTY EXECUTIVE COMMITTEE,,REP,JIM TEMPLIN,46
Jackson,PRECINCT 14,REP FOR COUNTY EXECUTIVE COMMITTEE,,REP,JIM TEMPLIN,103
Jackson,PRECINCT 15,REP FOR COUNTY EXECUTIVE COMMITTEE,,REP,JIM TEMPLIN,55
Jackson,PRECINCT 16,REP FOR COUNTY EXECUTIVE COMMITTEE,,REP,JIM TEMPLIN,138
Jackson,PRECINCT 17,REP FOR COUNTY EXECUTIVE COMMITTEE,,REP,JIM TEMPLIN,128
Jackson,PRECINCT 18,REP FOR COUNTY EXECUTIVE COMMITTEE,,REP,JIM TEMPLIN,162
Jackson,PRECINCT 10,DEM FOR COUNTY EXECUTIVE COMMITTEE,,DEM,JERRY L. PAYNE,27
Jackson,PRECINCT 13,DEM FOR COUNTY EXECUTIVE COMMITTEE,,DEM,JERRY L. PAYNE,17
Jackson,PRECINCT 14,DEM FOR COUNTY EXECUTIVE COMMITTEE,,DEM,JERRY L. PAYNE,69
Jackson,PRECINCT 15,DEM FOR COUNTY EXECUTIVE COMMITTEE,,DEM,JERRY L. PAYNE,31
Jackson,PRECINCT 16,DEM FOR COUNTY EXECUTIVE COMMITTEE,,DEM,JERRY L. PAYNE,82
Jackson,PRECINCT 17,DEM FOR COUNTY EXECUTIVE COMMITTEE,,DEM,JERRY L. PAYNE,73
Jackson,PRECINCT 18,DEM FOR COUNTY EXECUTIVE COMMITTEE,,DEM,JERRY L. PAYNE,50
Jackson,PRECINCT 20,FOR MAYOR RIPLEY,,,RAYMOND L. FRIDLEY (JIM),26
Jackson,PRECINCT 21,FOR MAYOR RIPLEY,,,RAYMOND L. FRIDLEY (JIM),16
Jackson,PRECINCT 22,FOR MAYOR RIPLEY,,,RAYMOND L. FRIDLEY (JIM),49
Jackson,PRECINCT 23,FOR MAYOR RIPLEY,,,RAYMOND L. FRIDLEY (JIM),14
Jackson,PRECINCT 20,FOR MAYOR RIPLEY,,,CAROLYN RADER,82
Jackson,PRECINCT 21,FOR MAYOR RIPLEY,,,CAROLYN RADER,59
Jackson,PRECINCT 22,FOR MAYOR RIPLEY,,,CAROLYN RADER,227
Jackson,PRECINCT 23,FOR MAYOR RIPLEY,,,CAROLYN RADER,106
Jackson,PRECINCT 20,FOR CITY RECORDER RIPLEY,,,DAVID CASTO,86
Jackson,PRECINCT 21,FOR CITY RECORDER RIPLEY,,,DAVID CASTO,59
Jackson,PRECINCT 22,FOR CITY RECORDER RIPLEY,,,DAVID CASTO,212
Jackson,PRECINCT 23,FOR CITY RECORDER RIPLEY,,,DAVID CASTO,88
Jackson,PRECINCT 20,FOR CITY COUNCIL RIPLEY,,,DANNY MARTIN,63
Jackson,PRECINCT 21,FOR CITY COUNCIL RIPLEY,,,DANNY MARTIN,45
Jackson,PRECINCT 22,FOR CITY COUNCIL RIPLEY,,,DANNY MARTIN,163
Jackson,PRECINCT 23,FOR CITY COUNCIL RIPLEY,,,DANNY MARTIN,75
Jackson,PRECINCT 20,FOR CITY COUNCIL RIPLEY,,,RON NUCKLES,43
Jackson,PRECINCT 21,FOR CITY COUNCIL RIPLEY,,,RON NUCKLES,35
Jackson,PRECINCT 22,FOR CITY COUNCIL RIPLEY,,,RON NUCKLES,105
Jackson,PRECINCT 23,FOR CITY COUNCIL RIPLEY,,,RON NUCKLES,31
Jackson,PRECINCT 20,FOR CITY COUNCIL RIPLEY,,,RICHARD H. GOBBLE II,56
Jackson,PRECINCT 21,FOR CITY COUNCIL RIPLEY,,,RICHARD H. GOBBLE II,36
Jackson,PRECINCT 22,FOR CITY COUNCIL RIPLEY,,,RICHARD H. GOBBLE II,138
Jackson,PRECINCT 23,FOR CITY COUNCIL RIPLEY,,,RICHARD H. GOBBLE II,59
Jackson,PRECINCT 20,FOR CITY COUNCIL RIPLEY,,,JOHN MCGINLEY,59
Jackson,PRECINCT 21,FOR CITY COUNCIL RIPLEY,,,JOHN MCGINLEY,46
Jackson,PRECINCT 22,FOR CITY COUNCIL RIPLEY,,,JOHN MCGINLEY,148
Jackson,PRECINCT 23,FOR CITY COUNCIL RIPLEY,,,JOHN MCGINLEY,65
Jackson,PRECINCT 20,FOR CITY COUNCIL RIPLEY,,,CAROLYN WAYBRIGHT,74
Jackson,PRECINCT 21,FOR CITY COUNCIL RIPLEY,,,CAROLYN WAYBRIGHT,52
Jackson,PRECINCT 22,FOR CITY COUNCIL RIPLEY,,,CAROLYN WAYBRIGHT,189
Jackson,PRECINCT 23,FOR CITY COUNCIL RIPLEY,,,CAROLYN WAYBRIGHT,80
Jackson,PRECINCT 20,FOR CITY COUNCIL RIPLEY,,,VINCENT RIFFE,41
Jackson,PRECINCT 21,FOR CITY COUNCIL RIPLEY,,,VINCENT RIFFE,29
Jackson,PRECINCT 22,FOR CITY COUNCIL RIPLEY,,,VINCENT RIFFE,101
Jackson,PRECINCT 23,FOR CITY COUNCIL RIPLEY,,,VINCENT RIFFE,43
Jackson,PRECINCT 20,FOR CITY COUNCIL RIPLEY,,,RICK BUCKLEY,31
Jackson,PRECINCT 21,FOR CITY COUNCIL RIPLEY,,,RICK BUCKLEY,24
Jackson,PRECINCT 22,FOR CITY COUNCIL RIPLEY,,,RICK BUCKLEY,86
Jackson,PRECINCT 23,FOR CITY COUNCIL RIPLEY,,,RICK BUCKLEY,51
