county,precinct,office,district,party,candidate,votes
Mason,PRECINCT 1,BALLOTS CAST,,REP,BALLOTS CAST - REPUBLICAN,25
Mason,PRECINCT 2,BALLOTS CAST,,REP,BALLOTS CAST - REPUBLICAN,27
Mason,PRECINCT 3,BALLOTS CAST,,REP,BALLOTS CAST - REPUBLICAN,34
Mason,PRECINCT 4,BALLOTS CAST,,REP,BALLOTS CAST - REPUBLICAN,71
Mason,PRECINCT 5,BALLOTS CAST,,REP,BALLOTS CAST - REPUBLICAN,39
Mason,PRECINCT 6,BALLOTS CAST,,REP,BALLOTS CAST - REPUBLICAN,58
Mason,PRECINCT 7,BALLOTS CAST,,REP,BALLOTS CAST - REPUBLICAN,88
Mason,PRECINCT 8,BALLOTS CAST,,REP,BALLOTS CAST - REPUBLICAN,80
Mason,PRECINCT 9,BALLOTS CAST,,REP,BALLOTS CAST - REPUBLICAN,98
Mason,PRECINCT 10,BALLOTS CAST,,REP,BALLOTS CAST - REPUBLICAN,110
Mason,PRECINCT 11,BALLOTS CAST,,REP,BALLOTS CAST - REPUBLICAN,15
Mason,PRECINCT 12,BALLOTS CAST,,REP,BALLOTS CAST - REPUBLICAN,58
Mason,PRECINCT 13,BALLOTS CAST,,REP,BALLOTS CAST - REPUBLICAN,148
Mason,PRECINCT 14,BALLOTS CAST,,REP,BALLOTS CAST - REPUBLICAN,88
Mason,PRECINCT 15,BALLOTS CAST,,REP,BALLOTS CAST - REPUBLICAN,73
Mason,PRECINCT 16,BALLOTS CAST,,REP,BALLOTS CAST - REPUBLICAN,107
Mason,PRECINCT 17,BALLOTS CAST,,REP,BALLOTS CAST - REPUBLICAN,77
Mason,PRECINCT 18,BALLOTS CAST,,REP,BALLOTS CAST - REPUBLICAN,61
Mason,PRECINCT 19,BALLOTS CAST,,REP,BALLOTS CAST - REPUBLICAN,106
Mason,PRECINCT 19LE,BALLOTS CAST,,REP,BALLOTS CAST - REPUBLICAN,10
Mason,PRECINCT 20,BALLOTS CAST,,REP,BALLOTS CAST - REPUBLICAN,59
Mason,PRECINCT 21,BALLOTS CAST,,REP,BALLOTS CAST - REPUBLICAN,81
Mason,PRECINCT 22,BALLOTS CAST,,REP,BALLOTS CAST - REPUBLICAN,127
Mason,PRECINCT 23,BALLOTS CAST,,REP,BALLOTS CAST - REPUBLICAN,80
Mason,PRECINCT 24,BALLOTS CAST,,REP,BALLOTS CAST - REPUBLICAN,95
Mason,PRECINCT 25,BALLOTS CAST,,REP,BALLOTS CAST - REPUBLICAN,130
Mason,PRECINCT 26,BALLOTS CAST,,REP,BALLOTS CAST - REPUBLICAN,25
Mason,PRECINCT 27,BALLOTS CAST,,REP,BALLOTS CAST - REPUBLICAN,81
Mason,PRECINCT 28,BALLOTS CAST,,REP,BALLOTS CAST - REPUBLICAN,96
Mason,PRECINCT 29,BALLOTS CAST,,REP,BALLOTS CAST - REPUBLICAN,79
Mason,PRECINCT 30,BALLOTS CAST,,REP,BALLOTS CAST - REPUBLICAN,241
Mason,PRECINCT 1,BALLOTS CAST,,DEM,BALLOTS CAST - DEMOCRATIC,15
Mason,PRECINCT 2,BALLOTS CAST,,DEM,BALLOTS CAST - DEMOCRATIC,19
Mason,PRECINCT 3,BALLOTS CAST,,DEM,BALLOTS CAST - DEMOCRATIC,38
Mason,PRECINCT 4,BALLOTS CAST,,DEM,BALLOTS CAST - DEMOCRATIC,34
Mason,PRECINCT 5,BALLOTS CAST,,DEM,BALLOTS CAST - DEMOCRATIC,38
Mason,PRECINCT 6,BALLOTS CAST,,DEM,BALLOTS CAST - DEMOCRATIC,31
Mason,PRECINCT 7,BALLOTS CAST,,DEM,BALLOTS CAST - DEMOCRATIC,39
Mason,PRECINCT 8,BALLOTS CAST,,DEM,BALLOTS CAST - DEMOCRATIC,69
Mason,PRECINCT 9,BALLOTS CAST,,DEM,BALLOTS CAST - DEMOCRATIC,46
Mason,PRECINCT 10,BALLOTS CAST,,DEM,BALLOTS CAST - DEMOCRATIC,53
Mason,PRECINCT 11,BALLOTS CAST,,DEM,BALLOTS CAST - DEMOCRATIC,3
Mason,PRECINCT 12,BALLOTS CAST,,DEM,BALLOTS CAST - DEMOCRATIC,19
Mason,PRECINCT 13,BALLOTS CAST,,DEM,BALLOTS CAST - DEMOCRATIC,39
Mason,PRECINCT 14,BALLOTS CAST,,DEM,BALLOTS CAST - DEMOCRATIC,38
Mason,PRECINCT 15,BALLOTS CAST,,DEM,BALLOTS CAST - DEMOCRATIC,52
Mason,PRECINCT 16,BALLOTS CAST,,DEM,BALLOTS CAST - DEMOCRATIC,34
Mason,PRECINCT 17,BALLOTS CAST,,DEM,BALLOTS CAST - DEMOCRATIC,33
Mason,PRECINCT 18,BALLOTS CAST,,DEM,BALLOTS CAST - DEMOCRATIC,42
Mason,PRECINCT 19,BALLOTS CAST,,DEM,BALLOTS CAST - DEMOCRATIC,50
Mason,PRECINCT 19LE,BALLOTS CAST,,DEM,BALLOTS CAST - DEMOCRATIC,7
Mason,PRECINCT 20,BALLOTS CAST,,DEM,BALLOTS CAST - DEMOCRATIC,23
Mason,PRECINCT 21,BALLOTS CAST,,DEM,BALLOTS CAST - DEMOCRATIC,31
Mason,PRECINCT 22,BALLOTS CAST,,DEM,BALLOTS CAST - DEMOCRATIC,41
Mason,PRECINCT 23,BALLOTS CAST,,DEM,BALLOTS CAST - DEMOCRATIC,36
Mason,PRECINCT 24,BALLOTS CAST,,DEM,BALLOTS CAST - DEMOCRATIC,76
Mason,PRECINCT 25,BALLOTS CAST,,DEM,BALLOTS CAST - DEMOCRATIC,78
Mason,PRECINCT 26,BALLOTS CAST,,DEM,BALLOTS CAST - DEMOCRATIC,19
Mason,PRECINCT 27,BALLOTS CAST,,DEM,BALLOTS CAST - DEMOCRATIC,54
Mason,PRECINCT 28,BALLOTS CAST,,DEM,BALLOTS CAST - DEMOCRATIC,50
Mason,PRECINCT 29,BALLOTS CAST,,DEM,BALLOTS CAST - DEMOCRATIC,45
Mason,PRECINCT 30,BALLOTS CAST,,DEM,BALLOTS CAST - DEMOCRATIC,127
Mason,PRECINCT 1,BALLOTS CAST,,,BALLOTS CAST - NONPARTISAN,1
Mason,PRECINCT 2,BALLOTS CAST,,,BALLOTS CAST - NONPARTISAN,4
Mason,PRECINCT 3,BALLOTS CAST,,,BALLOTS CAST - NONPARTISAN,6
Mason,PRECINCT 4,BALLOTS CAST,,,BALLOTS CAST - NONPARTISAN,3
Mason,PRECINCT 5,BALLOTS CAST,,,BALLOTS CAST - NONPARTISAN,0
Mason,PRECINCT 6,BALLOTS CAST,,,BALLOTS CAST - NONPARTISAN,2
Mason,PRECINCT 7,BALLOTS CAST,,,BALLOTS CAST - NONPARTISAN,4
Mason,PRECINCT 8,BALLOTS CAST,,,BALLOTS CAST - NONPARTISAN,2
Mason,PRECINCT 9,BALLOTS CAST,,,BALLOTS CAST - NONPARTISAN,3
Mason,PRECINCT 10,BALLOTS CAST,,,BALLOTS CAST - NONPARTISAN,8
Mason,PRECINCT 11,BALLOTS CAST,,,BALLOTS CAST - NONPARTISAN,0
Mason,PRECINCT 12,BALLOTS CAST,,,BALLOTS CAST - NONPARTISAN,1
Mason,PRECINCT 13,BALLOTS CAST,,,BALLOTS CAST - NONPARTISAN,4
Mason,PRECINCT 14,BALLOTS CAST,,,BALLOTS CAST - NONPARTISAN,2
Mason,PRECINCT 15,BALLOTS CAST,,,BALLOTS CAST - NONPARTISAN,4
Mason,PRECINCT 16,BALLOTS CAST,,,BALLOTS CAST - NONPARTISAN,5
Mason,PRECINCT 17,BALLOTS CAST,,,BALLOTS CAST - NONPARTISAN,1
Mason,PRECINCT 18,BALLOTS CAST,,,BALLOTS CAST - NONPARTISAN,0
Mason,PRECINCT 19,BALLOTS CAST,,,BALLOTS CAST - NONPARTISAN,3
Mason,PRECINCT 19LE,BALLOTS CAST,,,BALLOTS CAST - NONPARTISAN,0
Mason,PRECINCT 20,BALLOTS CAST,,,BALLOTS CAST - NONPARTISAN,3
Mason,PRECINCT 21,BALLOTS CAST,,,BALLOTS CAST - NONPARTISAN,2
Mason,PRECINCT 22,BALLOTS CAST,,,BALLOTS CAST - NONPARTISAN,3
Mason,PRECINCT 23,BALLOTS CAST,,,BALLOTS CAST - NONPARTISAN,7
Mason,PRECINCT 24,BALLOTS CAST,,,BALLOTS CAST - NONPARTISAN,0
Mason,PRECINCT 25,BALLOTS CAST,,,BALLOTS CAST - NONPARTISAN,3
Mason,PRECINCT 26,BALLOTS CAST,,,BALLOTS CAST - NONPARTISAN,3
Mason,PRECINCT 27,BALLOTS CAST,,,BALLOTS CAST - NONPARTISAN,2
Mason,PRECINCT 28,BALLOTS CAST,,,BALLOTS CAST - NONPARTISAN,2
Mason,PRECINCT 29,BALLOTS CAST,,,BALLOTS CAST - NONPARTISAN,4
Mason,PRECINCT 30,BALLOTS CAST,,,BALLOTS CAST - NONPARTISAN,7
Mason,PRECINCT 1,U.S. House,1,REP,CAROL MILLER,19
Mason,PRECINCT 2,U.S. House,1,REP,CAROL MILLER,18
Mason,PRECINCT 3,U.S. House,1,REP,CAROL MILLER,26
Mason,PRECINCT 4,U.S. House,1,REP,CAROL MILLER,40
Mason,PRECINCT 5,U.S. House,1,REP,CAROL MILLER,27
Mason,PRECINCT 6,U.S. House,1,REP,CAROL MILLER,45
Mason,PRECINCT 7,U.S. House,1,REP,CAROL MILLER,63
Mason,PRECINCT 8,U.S. House,1,REP,CAROL MILLER,51
Mason,PRECINCT 9,U.S. House,1,REP,CAROL MILLER,77
Mason,PRECINCT 10,U.S. House,1,REP,CAROL MILLER,79
Mason,PRECINCT 11,U.S. House,1,REP,CAROL MILLER,8
Mason,PRECINCT 12,U.S. House,1,REP,CAROL MILLER,41
Mason,PRECINCT 13,U.S. House,1,REP,CAROL MILLER,109
Mason,PRECINCT 14,U.S. House,1,REP,CAROL MILLER,64
Mason,PRECINCT 15,U.S. House,1,REP,CAROL MILLER,47
Mason,PRECINCT 16,U.S. House,1,REP,CAROL MILLER,73
Mason,PRECINCT 17,U.S. House,1,REP,CAROL MILLER,50
Mason,PRECINCT 18,U.S. House,1,REP,CAROL MILLER,36
Mason,PRECINCT 19,U.S. House,1,REP,CAROL MILLER,70
Mason,PRECINCT 19LE,U.S. House,1,REP,CAROL MILLER,8
Mason,PRECINCT 20,U.S. House,1,REP,CAROL MILLER,40
Mason,PRECINCT 21,U.S. House,1,REP,CAROL MILLER,55
Mason,PRECINCT 22,U.S. House,1,REP,CAROL MILLER,82
Mason,PRECINCT 23,U.S. House,1,REP,CAROL MILLER,62
Mason,PRECINCT 24,U.S. House,1,REP,CAROL MILLER,62
Mason,PRECINCT 25,U.S. House,1,REP,CAROL MILLER,97
Mason,PRECINCT 26,U.S. House,1,REP,CAROL MILLER,13
Mason,PRECINCT 27,U.S. House,1,REP,CAROL MILLER,55
Mason,PRECINCT 28,U.S. House,1,REP,CAROL MILLER,65
Mason,PRECINCT 29,U.S. House,1,REP,CAROL MILLER,57
Mason,PRECINCT 30,U.S. House,1,REP,CAROL MILLER,179
Mason,PRECINCT 1,U.S. House,1,REP,KENT STEVENS,1
Mason,PRECINCT 2,U.S. House,1,REP,KENT STEVENS,4
Mason,PRECINCT 3,U.S. House,1,REP,KENT STEVENS,4
Mason,PRECINCT 4,U.S. House,1,REP,KENT STEVENS,9
Mason,PRECINCT 5,U.S. House,1,REP,KENT STEVENS,4
Mason,PRECINCT 6,U.S. House,1,REP,KENT STEVENS,6
Mason,PRECINCT 7,U.S. House,1,REP,KENT STEVENS,8
Mason,PRECINCT 8,U.S. House,1,REP,KENT STEVENS,8
Mason,PRECINCT 9,U.S. House,1,REP,KENT STEVENS,8
Mason,PRECINCT 10,U.S. House,1,REP,KENT STEVENS,14
Mason,PRECINCT 11,U.S. House,1,REP,KENT STEVENS,2
Mason,PRECINCT 12,U.S. House,1,REP,KENT STEVENS,8
Mason,PRECINCT 13,U.S. House,1,REP,KENT STEVENS,12
Mason,PRECINCT 14,U.S. House,1,REP,KENT STEVENS,14
Mason,PRECINCT 15,U.S. House,1,REP,KENT STEVENS,14
Mason,PRECINCT 16,U.S. House,1,REP,KENT STEVENS,17
Mason,PRECINCT 17,U.S. House,1,REP,KENT STEVENS,15
Mason,PRECINCT 18,U.S. House,1,REP,KENT STEVENS,14
Mason,PRECINCT 19,U.S. House,1,REP,KENT STEVENS,13
Mason,PRECINCT 19LE,U.S. House,1,REP,KENT STEVENS,1
Mason,PRECINCT 20,U.S. House,1,REP,KENT STEVENS,7
Mason,PRECINCT 21,U.S. House,1,REP,KENT STEVENS,8
Mason,PRECINCT 22,U.S. House,1,REP,KENT STEVENS,16
Mason,PRECINCT 23,U.S. House,1,REP,KENT STEVENS,6
Mason,PRECINCT 24,U.S. House,1,REP,KENT STEVENS,12
Mason,PRECINCT 25,U.S. House,1,REP,KENT STEVENS,7
Mason,PRECINCT 26,U.S. House,1,REP,KENT STEVENS,3
Mason,PRECINCT 27,U.S. House,1,REP,KENT STEVENS,5
Mason,PRECINCT 28,U.S. House,1,REP,KENT STEVENS,5
Mason,PRECINCT 29,U.S. House,1,REP,KENT STEVENS,6
Mason,PRECINCT 30,U.S. House,1,REP,KENT STEVENS,18
Mason,PRECINCT 1,U.S. House,1,REP,SCOTT FULLER,4
Mason,PRECINCT 2,U.S. House,1,REP,SCOTT FULLER,3
Mason,PRECINCT 3,U.S. House,1,REP,SCOTT FULLER,3
Mason,PRECINCT 4,U.S. House,1,REP,SCOTT FULLER,12
Mason,PRECINCT 5,U.S. House,1,REP,SCOTT FULLER,3
Mason,PRECINCT 6,U.S. House,1,REP,SCOTT FULLER,4
Mason,PRECINCT 7,U.S. House,1,REP,SCOTT FULLER,5
Mason,PRECINCT 8,U.S. House,1,REP,SCOTT FULLER,12
Mason,PRECINCT 9,U.S. House,1,REP,SCOTT FULLER,9
Mason,PRECINCT 10,U.S. House,1,REP,SCOTT FULLER,9
Mason,PRECINCT 11,U.S. House,1,REP,SCOTT FULLER,2
Mason,PRECINCT 12,U.S. House,1,REP,SCOTT FULLER,3
Mason,PRECINCT 13,U.S. House,1,REP,SCOTT FULLER,13
Mason,PRECINCT 14,U.S. House,1,REP,SCOTT FULLER,6
Mason,PRECINCT 15,U.S. House,1,REP,SCOTT FULLER,4
Mason,PRECINCT 16,U.S. House,1,REP,SCOTT FULLER,12
Mason,PRECINCT 17,U.S. House,1,REP,SCOTT FULLER,8
Mason,PRECINCT 18,U.S. House,1,REP,SCOTT FULLER,8
Mason,PRECINCT 19,U.S. House,1,REP,SCOTT FULLER,10
Mason,PRECINCT 19LE,U.S. House,1,REP,SCOTT FULLER,1
Mason,PRECINCT 20,U.S. House,1,REP,SCOTT FULLER,9
Mason,PRECINCT 21,U.S. House,1,REP,SCOTT FULLER,12
Mason,PRECINCT 22,U.S. House,1,REP,SCOTT FULLER,16
Mason,PRECINCT 23,U.S. House,1,REP,SCOTT FULLER,6
Mason,PRECINCT 24,U.S. House,1,REP,SCOTT FULLER,7
Mason,PRECINCT 25,U.S. House,1,REP,SCOTT FULLER,11
Mason,PRECINCT 26,U.S. House,1,REP,SCOTT FULLER,4
Mason,PRECINCT 27,U.S. House,1,REP,SCOTT FULLER,10
Mason,PRECINCT 28,U.S. House,1,REP,SCOTT FULLER,8
Mason,PRECINCT 29,U.S. House,1,REP,SCOTT FULLER,4
Mason,PRECINCT 30,U.S. House,1,REP,SCOTT FULLER,20
Mason,PRECINCT 1,U.S. House,1,REP,ZANE LAWHORN,0
Mason,PRECINCT 2,U.S. House,1,REP,ZANE LAWHORN,0
Mason,PRECINCT 3,U.S. House,1,REP,ZANE LAWHORN,0
Mason,PRECINCT 4,U.S. House,1,REP,ZANE LAWHORN,4
Mason,PRECINCT 5,U.S. House,1,REP,ZANE LAWHORN,2
Mason,PRECINCT 6,U.S. House,1,REP,ZANE LAWHORN,1
Mason,PRECINCT 7,U.S. House,1,REP,ZANE LAWHORN,1
Mason,PRECINCT 8,U.S. House,1,REP,ZANE LAWHORN,0
Mason,PRECINCT 9,U.S. House,1,REP,ZANE LAWHORN,1
Mason,PRECINCT 10,U.S. House,1,REP,ZANE LAWHORN,1
Mason,PRECINCT 11,U.S. House,1,REP,ZANE LAWHORN,1
Mason,PRECINCT 12,U.S. House,1,REP,ZANE LAWHORN,2
Mason,PRECINCT 13,U.S. House,1,REP,ZANE LAWHORN,5
Mason,PRECINCT 14,U.S. House,1,REP,ZANE LAWHORN,1
Mason,PRECINCT 15,U.S. House,1,REP,ZANE LAWHORN,2
Mason,PRECINCT 16,U.S. House,1,REP,ZANE LAWHORN,1
Mason,PRECINCT 17,U.S. House,1,REP,ZANE LAWHORN,0
Mason,PRECINCT 18,U.S. House,1,REP,ZANE LAWHORN,0
Mason,PRECINCT 19,U.S. House,1,REP,ZANE LAWHORN,4
Mason,PRECINCT 19LE,U.S. House,1,REP,ZANE LAWHORN,0
Mason,PRECINCT 20,U.S. House,1,REP,ZANE LAWHORN,0
Mason,PRECINCT 21,U.S. House,1,REP,ZANE LAWHORN,1
Mason,PRECINCT 22,U.S. House,1,REP,ZANE LAWHORN,4
Mason,PRECINCT 23,U.S. House,1,REP,ZANE LAWHORN,1
Mason,PRECINCT 24,U.S. House,1,REP,ZANE LAWHORN,1
Mason,PRECINCT 25,U.S. House,1,REP,ZANE LAWHORN,1
Mason,PRECINCT 26,U.S. House,1,REP,ZANE LAWHORN,2
Mason,PRECINCT 27,U.S. House,1,REP,ZANE LAWHORN,1
Mason,PRECINCT 28,U.S. House,1,REP,ZANE LAWHORN,1
Mason,PRECINCT 29,U.S. House,1,REP,ZANE LAWHORN,5
Mason,PRECINCT 30,U.S. House,1,REP,ZANE LAWHORN,7
Mason,PRECINCT 1,U.S. House,1,REP,JAMES EDWIN HOUSER,0
Mason,PRECINCT 2,U.S. House,1,REP,JAMES EDWIN HOUSER,1
Mason,PRECINCT 3,U.S. House,1,REP,JAMES EDWIN HOUSER,0
Mason,PRECINCT 4,U.S. House,1,REP,JAMES EDWIN HOUSER,0
Mason,PRECINCT 5,U.S. House,1,REP,JAMES EDWIN HOUSER,1
Mason,PRECINCT 6,U.S. House,1,REP,JAMES EDWIN HOUSER,0
Mason,PRECINCT 7,U.S. House,1,REP,JAMES EDWIN HOUSER,1
Mason,PRECINCT 8,U.S. House,1,REP,JAMES EDWIN HOUSER,1
Mason,PRECINCT 9,U.S. House,1,REP,JAMES EDWIN HOUSER,0
Mason,PRECINCT 10,U.S. House,1,REP,JAMES EDWIN HOUSER,0
Mason,PRECINCT 11,U.S. House,1,REP,JAMES EDWIN HOUSER,0
Mason,PRECINCT 12,U.S. House,1,REP,JAMES EDWIN HOUSER,0
Mason,PRECINCT 13,U.S. House,1,REP,JAMES EDWIN HOUSER,0
Mason,PRECINCT 14,U.S. House,1,REP,JAMES EDWIN HOUSER,0
Mason,PRECINCT 15,U.S. House,1,REP,JAMES EDWIN HOUSER,0
Mason,PRECINCT 16,U.S. House,1,REP,JAMES EDWIN HOUSER,0
Mason,PRECINCT 17,U.S. House,1,REP,JAMES EDWIN HOUSER,0
Mason,PRECINCT 18,U.S. House,1,REP,JAMES EDWIN HOUSER,0
Mason,PRECINCT 19,U.S. House,1,REP,JAMES EDWIN HOUSER,4
Mason,PRECINCT 19LE,U.S. House,1,REP,JAMES EDWIN HOUSER,0
Mason,PRECINCT 20,U.S. House,1,REP,JAMES EDWIN HOUSER,1
Mason,PRECINCT 21,U.S. House,1,REP,JAMES EDWIN HOUSER,4
Mason,PRECINCT 22,U.S. House,1,REP,JAMES EDWIN HOUSER,2
Mason,PRECINCT 23,U.S. House,1,REP,JAMES EDWIN HOUSER,2
Mason,PRECINCT 24,U.S. House,1,REP,JAMES EDWIN HOUSER,3
Mason,PRECINCT 25,U.S. House,1,REP,JAMES EDWIN HOUSER,4
Mason,PRECINCT 26,U.S. House,1,REP,JAMES EDWIN HOUSER,0
Mason,PRECINCT 27,U.S. House,1,REP,JAMES EDWIN HOUSER,4
Mason,PRECINCT 28,U.S. House,1,REP,JAMES EDWIN HOUSER,1
Mason,PRECINCT 29,U.S. House,1,REP,JAMES EDWIN HOUSER,3
Mason,PRECINCT 30,U.S. House,1,REP,JAMES EDWIN HOUSER,3
Mason,PRECINCT 1,U.S. House,1,DEM,MR. LACY WATSON,8
Mason,PRECINCT 2,U.S. House,1,DEM,MR. LACY WATSON,16
Mason,PRECINCT 3,U.S. House,1,DEM,MR. LACY WATSON,29
Mason,PRECINCT 4,U.S. House,1,DEM,MR. LACY WATSON,25
Mason,PRECINCT 5,U.S. House,1,DEM,MR. LACY WATSON,32
Mason,PRECINCT 6,U.S. House,1,DEM,MR. LACY WATSON,25
Mason,PRECINCT 7,U.S. House,1,DEM,MR. LACY WATSON,31
Mason,PRECINCT 8,U.S. House,1,DEM,MR. LACY WATSON,54
Mason,PRECINCT 9,U.S. House,1,DEM,MR. LACY WATSON,36
Mason,PRECINCT 10,U.S. House,1,DEM,MR. LACY WATSON,43
Mason,PRECINCT 11,U.S. House,1,DEM,MR. LACY WATSON,2
Mason,PRECINCT 12,U.S. House,1,DEM,MR. LACY WATSON,15
Mason,PRECINCT 13,U.S. House,1,DEM,MR. LACY WATSON,29
Mason,PRECINCT 14,U.S. House,1,DEM,MR. LACY WATSON,24
Mason,PRECINCT 15,U.S. House,1,DEM,MR. LACY WATSON,29
Mason,PRECINCT 16,U.S. House,1,DEM,MR. LACY WATSON,30
Mason,PRECINCT 17,U.S. House,1,DEM,MR. LACY WATSON,23
Mason,PRECINCT 18,U.S. House,1,DEM,MR. LACY WATSON,31
Mason,PRECINCT 19,U.S. House,1,DEM,MR. LACY WATSON,39
Mason,PRECINCT 19LE,U.S. House,1,DEM,MR. LACY WATSON,6
Mason,PRECINCT 20,U.S. House,1,DEM,MR. LACY WATSON,17
Mason,PRECINCT 21,U.S. House,1,DEM,MR. LACY WATSON,23
Mason,PRECINCT 22,U.S. House,1,DEM,MR. LACY WATSON,29
Mason,PRECINCT 23,U.S. House,1,DEM,MR. LACY WATSON,29
Mason,PRECINCT 24,U.S. House,1,DEM,MR. LACY WATSON,48
Mason,PRECINCT 25,U.S. House,1,DEM,MR. LACY WATSON,51
Mason,PRECINCT 26,U.S. House,1,DEM,MR. LACY WATSON,13
Mason,PRECINCT 27,U.S. House,1,DEM,MR. LACY WATSON,30
Mason,PRECINCT 28,U.S. House,1,DEM,MR. LACY WATSON,35
Mason,PRECINCT 29,U.S. House,1,DEM,MR. LACY WATSON,35
Mason,PRECINCT 30,U.S. House,1,DEM,MR. LACY WATSON,95
Mason,PRECINCT 1,State Senate,4,REP,ERIC J. TARR,19
Mason,PRECINCT 2,State Senate,4,REP,ERIC J. TARR,24
Mason,PRECINCT 3,State Senate,4,REP,ERIC J. TARR,28
Mason,PRECINCT 4,State Senate,4,REP,ERIC J. TARR,52
Mason,PRECINCT 5,State Senate,4,REP,ERIC J. TARR,27
Mason,PRECINCT 6,State Senate,4,REP,ERIC J. TARR,40
Mason,PRECINCT 7,State Senate,4,REP,ERIC J. TARR,60
Mason,PRECINCT 8,State Senate,4,REP,ERIC J. TARR,58
Mason,PRECINCT 9,State Senate,4,REP,ERIC J. TARR,69
Mason,PRECINCT 10,State Senate,4,REP,ERIC J. TARR,74
Mason,PRECINCT 11,State Senate,4,REP,ERIC J. TARR,12
Mason,PRECINCT 12,State Senate,4,REP,ERIC J. TARR,46
Mason,PRECINCT 13,State Senate,4,REP,ERIC J. TARR,105
Mason,PRECINCT 14,State Senate,4,REP,ERIC J. TARR,63
Mason,PRECINCT 15,State Senate,4,REP,ERIC J. TARR,49
Mason,PRECINCT 16,State Senate,4,REP,ERIC J. TARR,66
Mason,PRECINCT 17,State Senate,4,REP,ERIC J. TARR,54
Mason,PRECINCT 18,State Senate,4,REP,ERIC J. TARR,40
Mason,PRECINCT 19,State Senate,4,REP,ERIC J. TARR,72
Mason,PRECINCT 19LE,State Senate,4,REP,ERIC J. TARR,7
Mason,PRECINCT 20,State Senate,4,REP,ERIC J. TARR,42
Mason,PRECINCT 21,State Senate,4,REP,ERIC J. TARR,61
Mason,PRECINCT 22,State Senate,4,REP,ERIC J. TARR,91
Mason,PRECINCT 23,State Senate,4,REP,ERIC J. TARR,56
Mason,PRECINCT 24,State Senate,4,REP,ERIC J. TARR,65
Mason,PRECINCT 25,State Senate,4,REP,ERIC J. TARR,94
Mason,PRECINCT 26,State Senate,4,REP,ERIC J. TARR,14
Mason,PRECINCT 27,State Senate,4,REP,ERIC J. TARR,56
Mason,PRECINCT 28,State Senate,4,REP,ERIC J. TARR,62
Mason,PRECINCT 29,State Senate,4,REP,ERIC J. TARR,61
Mason,PRECINCT 30,State Senate,4,REP,ERIC J. TARR,188
Mason,PRECINCT 1,State Senate,4,DEM,NO CANDIDATE FILED,0
Mason,PRECINCT 2,State Senate,4,DEM,NO CANDIDATE FILED,0
Mason,PRECINCT 3,State Senate,4,DEM,NO CANDIDATE FILED,0
Mason,PRECINCT 4,State Senate,4,DEM,NO CANDIDATE FILED,0
Mason,PRECINCT 5,State Senate,4,DEM,NO CANDIDATE FILED,0
Mason,PRECINCT 6,State Senate,4,DEM,NO CANDIDATE FILED,0
Mason,PRECINCT 7,State Senate,4,DEM,NO CANDIDATE FILED,0
Mason,PRECINCT 8,State Senate,4,DEM,NO CANDIDATE FILED,0
Mason,PRECINCT 9,State Senate,4,DEM,NO CANDIDATE FILED,0
Mason,PRECINCT 10,State Senate,4,DEM,NO CANDIDATE FILED,0
Mason,PRECINCT 11,State Senate,4,DEM,NO CANDIDATE FILED,0
Mason,PRECINCT 12,State Senate,4,DEM,NO CANDIDATE FILED,0
Mason,PRECINCT 13,State Senate,4,DEM,NO CANDIDATE FILED,0
Mason,PRECINCT 14,State Senate,4,DEM,NO CANDIDATE FILED,0
Mason,PRECINCT 15,State Senate,4,DEM,NO CANDIDATE FILED,0
Mason,PRECINCT 16,State Senate,4,DEM,NO CANDIDATE FILED,0
Mason,PRECINCT 17,State Senate,4,DEM,NO CANDIDATE FILED,0
Mason,PRECINCT 18,State Senate,4,DEM,NO CANDIDATE FILED,0
Mason,PRECINCT 19,State Senate,4,DEM,NO CANDIDATE FILED,0
Mason,PRECINCT 19LE,State Senate,4,DEM,NO CANDIDATE FILED,0
Mason,PRECINCT 20,State Senate,4,DEM,NO CANDIDATE FILED,0
Mason,PRECINCT 21,State Senate,4,DEM,NO CANDIDATE FILED,0
Mason,PRECINCT 22,State Senate,4,DEM,NO CANDIDATE FILED,0
Mason,PRECINCT 23,State Senate,4,DEM,NO CANDIDATE FILED,0
Mason,PRECINCT 24,State Senate,4,DEM,NO CANDIDATE FILED,0
Mason,PRECINCT 25,State Senate,4,DEM,NO CANDIDATE FILED,0
Mason,PRECINCT 26,State Senate,4,DEM,NO CANDIDATE FILED,0
Mason,PRECINCT 27,State Senate,4,DEM,NO CANDIDATE FILED,0
Mason,PRECINCT 28,State Senate,4,DEM,NO CANDIDATE FILED,0
Mason,PRECINCT 29,State Senate,4,DEM,NO CANDIDATE FILED,0
Mason,PRECINCT 30,State Senate,4,DEM,NO CANDIDATE FILED,0
Mason,PRECINCT 20,State House,17,REP,JONATHAN ADAM PINSON,50
Mason,PRECINCT 21,State House,17,REP,JONATHAN ADAM PINSON,63
Mason,PRECINCT 22,State House,17,REP,JONATHAN ADAM PINSON,101
Mason,PRECINCT 23,State House,17,REP,JONATHAN ADAM PINSON,58
Mason,PRECINCT 24,State House,17,REP,JONATHAN ADAM PINSON,81
Mason,PRECINCT 25,State House,17,REP,JONATHAN ADAM PINSON,92
Mason,PRECINCT 26,State House,17,REP,JONATHAN ADAM PINSON,19
Mason,PRECINCT 27,State House,17,REP,JONATHAN ADAM PINSON,56
Mason,PRECINCT 28,State House,17,REP,JONATHAN ADAM PINSON,69
Mason,PRECINCT 29,State House,17,REP,JONATHAN ADAM PINSON,59
Mason,PRECINCT 20,State House,17,REP,MORGAN HURLOW,5
Mason,PRECINCT 21,State House,17,REP,MORGAN HURLOW,10
Mason,PRECINCT 22,State House,17,REP,MORGAN HURLOW,12
Mason,PRECINCT 23,State House,17,REP,MORGAN HURLOW,7
Mason,PRECINCT 24,State House,17,REP,MORGAN HURLOW,9
Mason,PRECINCT 25,State House,17,REP,MORGAN HURLOW,25
Mason,PRECINCT 26,State House,17,REP,MORGAN HURLOW,3
Mason,PRECINCT 27,State House,17,REP,MORGAN HURLOW,19
Mason,PRECINCT 28,State House,17,REP,MORGAN HURLOW,21
Mason,PRECINCT 29,State House,17,REP,MORGAN HURLOW,9
Mason,PRECINCT 20,State House,17,REP,ROBERT A MARCHAL,4
Mason,PRECINCT 21,State House,17,REP,ROBERT A MARCHAL,6
Mason,PRECINCT 22,State House,17,REP,ROBERT A MARCHAL,10
Mason,PRECINCT 23,State House,17,REP,ROBERT A MARCHAL,15
Mason,PRECINCT 24,State House,17,REP,ROBERT A MARCHAL,4
Mason,PRECINCT 25,State House,17,REP,ROBERT A MARCHAL,6
Mason,PRECINCT 26,State House,17,REP,ROBERT A MARCHAL,2
Mason,PRECINCT 27,State House,17,REP,ROBERT A MARCHAL,4
Mason,PRECINCT 28,State House,17,REP,ROBERT A MARCHAL,0
Mason,PRECINCT 29,State House,17,REP,ROBERT A MARCHAL,7
Mason,PRECINCT 20,State House,17,DEM,NO CANDIDATE FILED,0
Mason,PRECINCT 21,State House,17,DEM,NO CANDIDATE FILED,0
Mason,PRECINCT 22,State House,17,DEM,NO CANDIDATE FILED,0
Mason,PRECINCT 23,State House,17,DEM,NO CANDIDATE FILED,0
Mason,PRECINCT 24,State House,17,DEM,NO CANDIDATE FILED,0
Mason,PRECINCT 25,State House,17,DEM,NO CANDIDATE FILED,0
Mason,PRECINCT 26,State House,17,DEM,NO CANDIDATE FILED,0
Mason,PRECINCT 27,State House,17,DEM,NO CANDIDATE FILED,0
Mason,PRECINCT 28,State House,17,DEM,NO CANDIDATE FILED,0
Mason,PRECINCT 29,State House,17,DEM,NO CANDIDATE FILED,0
Mason,PRECINCT 1,State House,18,REP,JIM BUTLER,19
Mason,PRECINCT 2,State House,18,REP,JIM BUTLER,18
Mason,PRECINCT 3,State House,18,REP,JIM BUTLER,18
Mason,PRECINCT 4,State House,18,REP,JIM BUTLER,30
Mason,PRECINCT 5,State House,18,REP,JIM BUTLER,23
Mason,PRECINCT 6,State House,18,REP,JIM BUTLER,33
Mason,PRECINCT 7,State House,18,REP,JIM BUTLER,43
Mason,PRECINCT 8,State House,18,REP,JIM BUTLER,38
Mason,PRECINCT 9,State House,18,REP,JIM BUTLER,60
Mason,PRECINCT 10,State House,18,REP,JIM BUTLER,48
Mason,PRECINCT 11,State House,18,REP,JIM BUTLER,11
Mason,PRECINCT 12,State House,18,REP,JIM BUTLER,34
Mason,PRECINCT 13,State House,18,REP,JIM BUTLER,90
Mason,PRECINCT 14,State House,18,REP,JIM BUTLER,56
Mason,PRECINCT 15,State House,18,REP,JIM BUTLER,31
Mason,PRECINCT 16,State House,18,REP,JIM BUTLER,60
Mason,PRECINCT 17,State House,18,REP,JIM BUTLER,34
Mason,PRECINCT 18,State House,18,REP,JIM BUTLER,35
Mason,PRECINCT 19,State House,18,REP,JIM BUTLER,57
Mason,PRECINCT 19LE,State House,18,REP,JIM BUTLER,9
Mason,PRECINCT 30,State House,18,REP,JIM BUTLER,130
Mason,PRECINCT 1,State House,18,REP,JOHNNIE WAMSLEY,5
Mason,PRECINCT 2,State House,18,REP,JOHNNIE WAMSLEY,9
Mason,PRECINCT 3,State House,18,REP,JOHNNIE WAMSLEY,14
Mason,PRECINCT 4,State House,18,REP,JOHNNIE WAMSLEY,41
Mason,PRECINCT 5,State House,18,REP,JOHNNIE WAMSLEY,15
Mason,PRECINCT 6,State House,18,REP,JOHNNIE WAMSLEY,23
Mason,PRECINCT 7,State House,18,REP,JOHNNIE WAMSLEY,41
Mason,PRECINCT 8,State House,18,REP,JOHNNIE WAMSLEY,39
Mason,PRECINCT 9,State House,18,REP,JOHNNIE WAMSLEY,36
Mason,PRECINCT 10,State House,18,REP,JOHNNIE WAMSLEY,59
Mason,PRECINCT 11,State House,18,REP,JOHNNIE WAMSLEY,3
Mason,PRECINCT 12,State House,18,REP,JOHNNIE WAMSLEY,23
Mason,PRECINCT 13,State House,18,REP,JOHNNIE WAMSLEY,54
Mason,PRECINCT 14,State House,18,REP,JOHNNIE WAMSLEY,30
Mason,PRECINCT 15,State House,18,REP,JOHNNIE WAMSLEY,40
Mason,PRECINCT 16,State House,18,REP,JOHNNIE WAMSLEY,40
Mason,PRECINCT 17,State House,18,REP,JOHNNIE WAMSLEY,40
Mason,PRECINCT 18,State House,18,REP,JOHNNIE WAMSLEY,22
Mason,PRECINCT 19,State House,18,REP,JOHNNIE WAMSLEY,46
Mason,PRECINCT 19LE,State House,18,REP,JOHNNIE WAMSLEY,1
Mason,PRECINCT 30,State House,18,REP,JOHNNIE WAMSLEY,106
Mason,PRECINCT 1,State House,18,DEM,NO CANDIDATE FILED,0
Mason,PRECINCT 2,State House,18,DEM,NO CANDIDATE FILED,0
Mason,PRECINCT 3,State House,18,DEM,NO CANDIDATE FILED,0
Mason,PRECINCT 4,State House,18,DEM,NO CANDIDATE FILED,0
Mason,PRECINCT 5,State House,18,DEM,NO CANDIDATE FILED,0
Mason,PRECINCT 6,State House,18,DEM,NO CANDIDATE FILED,0
Mason,PRECINCT 7,State House,18,DEM,NO CANDIDATE FILED,0
Mason,PRECINCT 8,State House,18,DEM,NO CANDIDATE FILED,0
Mason,PRECINCT 9,State House,18,DEM,NO CANDIDATE FILED,0
Mason,PRECINCT 10,State House,18,DEM,NO CANDIDATE FILED,0
Mason,PRECINCT 11,State House,18,DEM,NO CANDIDATE FILED,0
Mason,PRECINCT 12,State House,18,DEM,NO CANDIDATE FILED,0
Mason,PRECINCT 13,State House,18,DEM,NO CANDIDATE FILED,0
Mason,PRECINCT 14,State House,18,DEM,NO CANDIDATE FILED,0
Mason,PRECINCT 15,State House,18,DEM,NO CANDIDATE FILED,0
Mason,PRECINCT 16,State House,18,DEM,NO CANDIDATE FILED,0
Mason,PRECINCT 17,State House,18,DEM,NO CANDIDATE FILED,0
Mason,PRECINCT 18,State House,18,DEM,NO CANDIDATE FILED,0
Mason,PRECINCT 19,State House,18,DEM,NO CANDIDATE FILED,0
Mason,PRECINCT 19LE,State House,18,DEM,NO CANDIDATE FILED,0
Mason,PRECINCT 30,State House,18,DEM,NO CANDIDATE FILED,0
Mason,PRECINCT 1,STATE EXECUTIVE COMMITTEE,4,REP,ANNA MARIA BUTLER,22
Mason,PRECINCT 2,STATE EXECUTIVE COMMITTEE,4,REP,ANNA MARIA BUTLER,19
Mason,PRECINCT 3,STATE EXECUTIVE COMMITTEE,4,REP,ANNA MARIA BUTLER,24
Mason,PRECINCT 4,STATE EXECUTIVE COMMITTEE,4,REP,ANNA MARIA BUTLER,46
Mason,PRECINCT 5,STATE EXECUTIVE COMMITTEE,4,REP,ANNA MARIA BUTLER,31
Mason,PRECINCT 6,STATE EXECUTIVE COMMITTEE,4,REP,ANNA MARIA BUTLER,42
Mason,PRECINCT 7,STATE EXECUTIVE COMMITTEE,4,REP,ANNA MARIA BUTLER,64
Mason,PRECINCT 8,STATE EXECUTIVE COMMITTEE,4,REP,ANNA MARIA BUTLER,50
Mason,PRECINCT 9,STATE EXECUTIVE COMMITTEE,4,REP,ANNA MARIA BUTLER,77
Mason,PRECINCT 10,STATE EXECUTIVE COMMITTEE,4,REP,ANNA MARIA BUTLER,61
Mason,PRECINCT 11,STATE EXECUTIVE COMMITTEE,4,REP,ANNA MARIA BUTLER,11
Mason,PRECINCT 12,STATE EXECUTIVE COMMITTEE,4,REP,ANNA MARIA BUTLER,40
Mason,PRECINCT 13,STATE EXECUTIVE COMMITTEE,4,REP,ANNA MARIA BUTLER,108
Mason,PRECINCT 14,STATE EXECUTIVE COMMITTEE,4,REP,ANNA MARIA BUTLER,68
Mason,PRECINCT 15,STATE EXECUTIVE COMMITTEE,4,REP,ANNA MARIA BUTLER,49
Mason,PRECINCT 16,STATE EXECUTIVE COMMITTEE,4,REP,ANNA MARIA BUTLER,60
Mason,PRECINCT 17,STATE EXECUTIVE COMMITTEE,4,REP,ANNA MARIA BUTLER,54
Mason,PRECINCT 18,STATE EXECUTIVE COMMITTEE,4,REP,ANNA MARIA BUTLER,40
Mason,PRECINCT 19,STATE EXECUTIVE COMMITTEE,4,REP,ANNA MARIA BUTLER,67
Mason,PRECINCT 19LE,STATE EXECUTIVE COMMITTEE,4,REP,ANNA MARIA BUTLER,9
Mason,PRECINCT 20,STATE EXECUTIVE COMMITTEE,4,REP,ANNA MARIA BUTLER,39
Mason,PRECINCT 21,STATE EXECUTIVE COMMITTEE,4,REP,ANNA MARIA BUTLER,53
Mason,PRECINCT 22,STATE EXECUTIVE COMMITTEE,4,REP,ANNA MARIA BUTLER,100
Mason,PRECINCT 23,STATE EXECUTIVE COMMITTEE,4,REP,ANNA MARIA BUTLER,51
Mason,PRECINCT 24,STATE EXECUTIVE COMMITTEE,4,REP,ANNA MARIA BUTLER,62
Mason,PRECINCT 25,STATE EXECUTIVE COMMITTEE,4,REP,ANNA MARIA BUTLER,101
Mason,PRECINCT 26,STATE EXECUTIVE COMMITTEE,4,REP,ANNA MARIA BUTLER,16
Mason,PRECINCT 27,STATE EXECUTIVE COMMITTEE,4,REP,ANNA MARIA BUTLER,58
Mason,PRECINCT 28,STATE EXECUTIVE COMMITTEE,4,REP,ANNA MARIA BUTLER,78
Mason,PRECINCT 29,STATE EXECUTIVE COMMITTEE,4,REP,ANNA MARIA BUTLER,58
Mason,PRECINCT 30,STATE EXECUTIVE COMMITTEE,4,REP,ANNA MARIA BUTLER,174
Mason,PRECINCT 1,STATE EXECUTIVE COMMITTEE,4,REP,NATASHA J. LEMLEY,6
Mason,PRECINCT 2,STATE EXECUTIVE COMMITTEE,4,REP,NATASHA J. LEMLEY,9
Mason,PRECINCT 3,STATE EXECUTIVE COMMITTEE,4,REP,NATASHA J. LEMLEY,13
Mason,PRECINCT 4,STATE EXECUTIVE COMMITTEE,4,REP,NATASHA J. LEMLEY,17
Mason,PRECINCT 5,STATE EXECUTIVE COMMITTEE,4,REP,NATASHA J. LEMLEY,11
Mason,PRECINCT 6,STATE EXECUTIVE COMMITTEE,4,REP,NATASHA J. LEMLEY,17
Mason,PRECINCT 7,STATE EXECUTIVE COMMITTEE,4,REP,NATASHA J. LEMLEY,21
Mason,PRECINCT 8,STATE EXECUTIVE COMMITTEE,4,REP,NATASHA J. LEMLEY,20
Mason,PRECINCT 9,STATE EXECUTIVE COMMITTEE,4,REP,NATASHA J. LEMLEY,33
Mason,PRECINCT 10,STATE EXECUTIVE COMMITTEE,4,REP,NATASHA J. LEMLEY,33
Mason,PRECINCT 11,STATE EXECUTIVE COMMITTEE,4,REP,NATASHA J. LEMLEY,1
Mason,PRECINCT 12,STATE EXECUTIVE COMMITTEE,4,REP,NATASHA J. LEMLEY,13
Mason,PRECINCT 13,STATE EXECUTIVE COMMITTEE,4,REP,NATASHA J. LEMLEY,24
Mason,PRECINCT 14,STATE EXECUTIVE COMMITTEE,4,REP,NATASHA J. LEMLEY,11
Mason,PRECINCT 15,STATE EXECUTIVE COMMITTEE,4,REP,NATASHA J. LEMLEY,7
Mason,PRECINCT 16,STATE EXECUTIVE COMMITTEE,4,REP,NATASHA J. LEMLEY,9
Mason,PRECINCT 17,STATE EXECUTIVE COMMITTEE,4,REP,NATASHA J. LEMLEY,9
Mason,PRECINCT 18,STATE EXECUTIVE COMMITTEE,4,REP,NATASHA J. LEMLEY,13
Mason,PRECINCT 19,STATE EXECUTIVE COMMITTEE,4,REP,NATASHA J. LEMLEY,34
Mason,PRECINCT 19LE,STATE EXECUTIVE COMMITTEE,4,REP,NATASHA J. LEMLEY,1
Mason,PRECINCT 20,STATE EXECUTIVE COMMITTEE,4,REP,NATASHA J. LEMLEY,24
Mason,PRECINCT 21,STATE EXECUTIVE COMMITTEE,4,REP,NATASHA J. LEMLEY,48
Mason,PRECINCT 22,STATE EXECUTIVE COMMITTEE,4,REP,NATASHA J. LEMLEY,34
Mason,PRECINCT 23,STATE EXECUTIVE COMMITTEE,4,REP,NATASHA J. LEMLEY,35
Mason,PRECINCT 24,STATE EXECUTIVE COMMITTEE,4,REP,NATASHA J. LEMLEY,27
Mason,PRECINCT 25,STATE EXECUTIVE COMMITTEE,4,REP,NATASHA J. LEMLEY,58
Mason,PRECINCT 26,STATE EXECUTIVE COMMITTEE,4,REP,NATASHA J. LEMLEY,9
Mason,PRECINCT 27,STATE EXECUTIVE COMMITTEE,4,REP,NATASHA J. LEMLEY,21
Mason,PRECINCT 28,STATE EXECUTIVE COMMITTEE,4,REP,NATASHA J. LEMLEY,25
Mason,PRECINCT 29,STATE EXECUTIVE COMMITTEE,4,REP,NATASHA J. LEMLEY,20
Mason,PRECINCT 30,STATE EXECUTIVE COMMITTEE,4,REP,NATASHA J. LEMLEY,53
Mason,PRECINCT 1,STATE EXECUTIVE COMMITTEE,4,REP,SHIRLEY SEARLS,3
Mason,PRECINCT 2,STATE EXECUTIVE COMMITTEE,4,REP,SHIRLEY SEARLS,5
Mason,PRECINCT 3,STATE EXECUTIVE COMMITTEE,4,REP,SHIRLEY SEARLS,6
Mason,PRECINCT 4,STATE EXECUTIVE COMMITTEE,4,REP,SHIRLEY SEARLS,12
Mason,PRECINCT 5,STATE EXECUTIVE COMMITTEE,4,REP,SHIRLEY SEARLS,3
Mason,PRECINCT 6,STATE EXECUTIVE COMMITTEE,4,REP,SHIRLEY SEARLS,9
Mason,PRECINCT 7,STATE EXECUTIVE COMMITTEE,4,REP,SHIRLEY SEARLS,15
Mason,PRECINCT 8,STATE EXECUTIVE COMMITTEE,4,REP,SHIRLEY SEARLS,16
Mason,PRECINCT 9,STATE EXECUTIVE COMMITTEE,4,REP,SHIRLEY SEARLS,18
Mason,PRECINCT 10,STATE EXECUTIVE COMMITTEE,4,REP,SHIRLEY SEARLS,20
Mason,PRECINCT 11,STATE EXECUTIVE COMMITTEE,4,REP,SHIRLEY SEARLS,5
Mason,PRECINCT 12,STATE EXECUTIVE COMMITTEE,4,REP,SHIRLEY SEARLS,16
Mason,PRECINCT 13,STATE EXECUTIVE COMMITTEE,4,REP,SHIRLEY SEARLS,26
Mason,PRECINCT 14,STATE EXECUTIVE COMMITTEE,4,REP,SHIRLEY SEARLS,17
Mason,PRECINCT 15,STATE EXECUTIVE COMMITTEE,4,REP,SHIRLEY SEARLS,12
Mason,PRECINCT 16,STATE EXECUTIVE COMMITTEE,4,REP,SHIRLEY SEARLS,20
Mason,PRECINCT 17,STATE EXECUTIVE COMMITTEE,4,REP,SHIRLEY SEARLS,17
Mason,PRECINCT 18,STATE EXECUTIVE COMMITTEE,4,REP,SHIRLEY SEARLS,21
Mason,PRECINCT 19,STATE EXECUTIVE COMMITTEE,4,REP,SHIRLEY SEARLS,27
Mason,PRECINCT 19LE,STATE EXECUTIVE COMMITTEE,4,REP,SHIRLEY SEARLS,3
Mason,PRECINCT 20,STATE EXECUTIVE COMMITTEE,4,REP,SHIRLEY SEARLS,9
Mason,PRECINCT 21,STATE EXECUTIVE COMMITTEE,4,REP,SHIRLEY SEARLS,12
Mason,PRECINCT 22,STATE EXECUTIVE COMMITTEE,4,REP,SHIRLEY SEARLS,18
Mason,PRECINCT 23,STATE EXECUTIVE COMMITTEE,4,REP,SHIRLEY SEARLS,7
Mason,PRECINCT 24,STATE EXECUTIVE COMMITTEE,4,REP,SHIRLEY SEARLS,10
Mason,PRECINCT 25,STATE EXECUTIVE COMMITTEE,4,REP,SHIRLEY SEARLS,9
Mason,PRECINCT 26,STATE EXECUTIVE COMMITTEE,4,REP,SHIRLEY SEARLS,3
Mason,PRECINCT 27,STATE EXECUTIVE COMMITTEE,4,REP,SHIRLEY SEARLS,8
Mason,PRECINCT 28,STATE EXECUTIVE COMMITTEE,4,REP,SHIRLEY SEARLS,2
Mason,PRECINCT 29,STATE EXECUTIVE COMMITTEE,4,REP,SHIRLEY SEARLS,6
Mason,PRECINCT 30,STATE EXECUTIVE COMMITTEE,4,REP,SHIRLEY SEARLS,38
Mason,PRECINCT 1,STATE EXECUTIVE COMMITTEE,4,REP,JENNIFER MILLER-KAVE,4
Mason,PRECINCT 2,STATE EXECUTIVE COMMITTEE,4,REP,JENNIFER MILLER-KAVE,3
Mason,PRECINCT 3,STATE EXECUTIVE COMMITTEE,4,REP,JENNIFER MILLER-KAVE,5
Mason,PRECINCT 4,STATE EXECUTIVE COMMITTEE,4,REP,JENNIFER MILLER-KAVE,10
Mason,PRECINCT 5,STATE EXECUTIVE COMMITTEE,4,REP,JENNIFER MILLER-KAVE,3
Mason,PRECINCT 6,STATE EXECUTIVE COMMITTEE,4,REP,JENNIFER MILLER-KAVE,5
Mason,PRECINCT 7,STATE EXECUTIVE COMMITTEE,4,REP,JENNIFER MILLER-KAVE,11
Mason,PRECINCT 8,STATE EXECUTIVE COMMITTEE,4,REP,JENNIFER MILLER-KAVE,7
Mason,PRECINCT 9,STATE EXECUTIVE COMMITTEE,4,REP,JENNIFER MILLER-KAVE,7
Mason,PRECINCT 10,STATE EXECUTIVE COMMITTEE,4,REP,JENNIFER MILLER-KAVE,7
Mason,PRECINCT 11,STATE EXECUTIVE COMMITTEE,4,REP,JENNIFER MILLER-KAVE,0
Mason,PRECINCT 12,STATE EXECUTIVE COMMITTEE,4,REP,JENNIFER MILLER-KAVE,9
Mason,PRECINCT 13,STATE EXECUTIVE COMMITTEE,4,REP,JENNIFER MILLER-KAVE,16
Mason,PRECINCT 14,STATE EXECUTIVE COMMITTEE,4,REP,JENNIFER MILLER-KAVE,14
Mason,PRECINCT 15,STATE EXECUTIVE COMMITTEE,4,REP,JENNIFER MILLER-KAVE,22
Mason,PRECINCT 16,STATE EXECUTIVE COMMITTEE,4,REP,JENNIFER MILLER-KAVE,37
Mason,PRECINCT 17,STATE EXECUTIVE COMMITTEE,4,REP,JENNIFER MILLER-KAVE,10
Mason,PRECINCT 18,STATE EXECUTIVE COMMITTEE,4,REP,JENNIFER MILLER-KAVE,6
Mason,PRECINCT 19,STATE EXECUTIVE COMMITTEE,4,REP,JENNIFER MILLER-KAVE,3
Mason,PRECINCT 19LE,STATE EXECUTIVE COMMITTEE,4,REP,JENNIFER MILLER-KAVE,1
Mason,PRECINCT 20,STATE EXECUTIVE COMMITTEE,4,REP,JENNIFER MILLER-KAVE,7
Mason,PRECINCT 21,STATE EXECUTIVE COMMITTEE,4,REP,JENNIFER MILLER-KAVE,4
Mason,PRECINCT 22,STATE EXECUTIVE COMMITTEE,4,REP,JENNIFER MILLER-KAVE,9
Mason,PRECINCT 23,STATE EXECUTIVE COMMITTEE,4,REP,JENNIFER MILLER-KAVE,8
Mason,PRECINCT 24,STATE EXECUTIVE COMMITTEE,4,REP,JENNIFER MILLER-KAVE,12
Mason,PRECINCT 25,STATE EXECUTIVE COMMITTEE,4,REP,JENNIFER MILLER-KAVE,13
Mason,PRECINCT 26,STATE EXECUTIVE COMMITTEE,4,REP,JENNIFER MILLER-KAVE,2
Mason,PRECINCT 27,STATE EXECUTIVE COMMITTEE,4,REP,JENNIFER MILLER-KAVE,4
Mason,PRECINCT 28,STATE EXECUTIVE COMMITTEE,4,REP,JENNIFER MILLER-KAVE,8
Mason,PRECINCT 29,STATE EXECUTIVE COMMITTEE,4,REP,JENNIFER MILLER-KAVE,10
Mason,PRECINCT 30,STATE EXECUTIVE COMMITTEE,4,REP,JENNIFER MILLER-KAVE,31
Mason,PRECINCT 1,STATE EXECUTIVE COMMITTEE,4,REP,CINDY FARLEY,0
Mason,PRECINCT 2,STATE EXECUTIVE COMMITTEE,4,REP,CINDY FARLEY,3
Mason,PRECINCT 3,STATE EXECUTIVE COMMITTEE,4,REP,CINDY FARLEY,4
Mason,PRECINCT 4,STATE EXECUTIVE COMMITTEE,4,REP,CINDY FARLEY,7
Mason,PRECINCT 5,STATE EXECUTIVE COMMITTEE,4,REP,CINDY FARLEY,4
Mason,PRECINCT 6,STATE EXECUTIVE COMMITTEE,4,REP,CINDY FARLEY,8
Mason,PRECINCT 7,STATE EXECUTIVE COMMITTEE,4,REP,CINDY FARLEY,5
Mason,PRECINCT 8,STATE EXECUTIVE COMMITTEE,4,REP,CINDY FARLEY,9
Mason,PRECINCT 9,STATE EXECUTIVE COMMITTEE,4,REP,CINDY FARLEY,11
Mason,PRECINCT 10,STATE EXECUTIVE COMMITTEE,4,REP,CINDY FARLEY,7
Mason,PRECINCT 11,STATE EXECUTIVE COMMITTEE,4,REP,CINDY FARLEY,1
Mason,PRECINCT 12,STATE EXECUTIVE COMMITTEE,4,REP,CINDY FARLEY,3
Mason,PRECINCT 13,STATE EXECUTIVE COMMITTEE,4,REP,CINDY FARLEY,11
Mason,PRECINCT 14,STATE EXECUTIVE COMMITTEE,4,REP,CINDY FARLEY,3
Mason,PRECINCT 15,STATE EXECUTIVE COMMITTEE,4,REP,CINDY FARLEY,3
Mason,PRECINCT 16,STATE EXECUTIVE COMMITTEE,4,REP,CINDY FARLEY,11
Mason,PRECINCT 17,STATE EXECUTIVE COMMITTEE,4,REP,CINDY FARLEY,10
Mason,PRECINCT 18,STATE EXECUTIVE COMMITTEE,4,REP,CINDY FARLEY,8
Mason,PRECINCT 19,STATE EXECUTIVE COMMITTEE,4,REP,CINDY FARLEY,13
Mason,PRECINCT 19LE,STATE EXECUTIVE COMMITTEE,4,REP,CINDY FARLEY,1
Mason,PRECINCT 20,STATE EXECUTIVE COMMITTEE,4,REP,CINDY FARLEY,4
Mason,PRECINCT 21,STATE EXECUTIVE COMMITTEE,4,REP,CINDY FARLEY,5
Mason,PRECINCT 22,STATE EXECUTIVE COMMITTEE,4,REP,CINDY FARLEY,8
Mason,PRECINCT 23,STATE EXECUTIVE COMMITTEE,4,REP,CINDY FARLEY,4
Mason,PRECINCT 24,STATE EXECUTIVE COMMITTEE,4,REP,CINDY FARLEY,6
Mason,PRECINCT 25,STATE EXECUTIVE COMMITTEE,4,REP,CINDY FARLEY,4
Mason,PRECINCT 26,STATE EXECUTIVE COMMITTEE,4,REP,CINDY FARLEY,1
Mason,PRECINCT 27,STATE EXECUTIVE COMMITTEE,4,REP,CINDY FARLEY,7
Mason,PRECINCT 28,STATE EXECUTIVE COMMITTEE,4,REP,CINDY FARLEY,5
Mason,PRECINCT 29,STATE EXECUTIVE COMMITTEE,4,REP,CINDY FARLEY,3
Mason,PRECINCT 30,STATE EXECUTIVE COMMITTEE,4,REP,CINDY FARLEY,25
Mason,PRECINCT 1,STATE EXECUTIVE COMMITTEE,4,REP,B. JILL TURNER,2
Mason,PRECINCT 2,STATE EXECUTIVE COMMITTEE,4,REP,B. JILL TURNER,3
Mason,PRECINCT 3,STATE EXECUTIVE COMMITTEE,4,REP,B. JILL TURNER,1
Mason,PRECINCT 4,STATE EXECUTIVE COMMITTEE,4,REP,B. JILL TURNER,5
Mason,PRECINCT 5,STATE EXECUTIVE COMMITTEE,4,REP,B. JILL TURNER,2
Mason,PRECINCT 6,STATE EXECUTIVE COMMITTEE,4,REP,B. JILL TURNER,2
Mason,PRECINCT 7,STATE EXECUTIVE COMMITTEE,4,REP,B. JILL TURNER,2
Mason,PRECINCT 8,STATE EXECUTIVE COMMITTEE,4,REP,B. JILL TURNER,7
Mason,PRECINCT 9,STATE EXECUTIVE COMMITTEE,4,REP,B. JILL TURNER,4
Mason,PRECINCT 10,STATE EXECUTIVE COMMITTEE,4,REP,B. JILL TURNER,10
Mason,PRECINCT 11,STATE EXECUTIVE COMMITTEE,4,REP,B. JILL TURNER,2
Mason,PRECINCT 12,STATE EXECUTIVE COMMITTEE,4,REP,B. JILL TURNER,5
Mason,PRECINCT 13,STATE EXECUTIVE COMMITTEE,4,REP,B. JILL TURNER,10
Mason,PRECINCT 14,STATE EXECUTIVE COMMITTEE,4,REP,B. JILL TURNER,4
Mason,PRECINCT 15,STATE EXECUTIVE COMMITTEE,4,REP,B. JILL TURNER,2
Mason,PRECINCT 16,STATE EXECUTIVE COMMITTEE,4,REP,B. JILL TURNER,6
Mason,PRECINCT 17,STATE EXECUTIVE COMMITTEE,4,REP,B. JILL TURNER,13
Mason,PRECINCT 18,STATE EXECUTIVE COMMITTEE,4,REP,B. JILL TURNER,7
Mason,PRECINCT 19,STATE EXECUTIVE COMMITTEE,4,REP,B. JILL TURNER,10
Mason,PRECINCT 19LE,STATE EXECUTIVE COMMITTEE,4,REP,B. JILL TURNER,0
Mason,PRECINCT 20,STATE EXECUTIVE COMMITTEE,4,REP,B. JILL TURNER,3
Mason,PRECINCT 21,STATE EXECUTIVE COMMITTEE,4,REP,B. JILL TURNER,4
Mason,PRECINCT 22,STATE EXECUTIVE COMMITTEE,4,REP,B. JILL TURNER,11
Mason,PRECINCT 23,STATE EXECUTIVE COMMITTEE,4,REP,B. JILL TURNER,6
Mason,PRECINCT 24,STATE EXECUTIVE COMMITTEE,4,REP,B. JILL TURNER,3
Mason,PRECINCT 25,STATE EXECUTIVE COMMITTEE,4,REP,B. JILL TURNER,6
Mason,PRECINCT 26,STATE EXECUTIVE COMMITTEE,4,REP,B. JILL TURNER,1
Mason,PRECINCT 27,STATE EXECUTIVE COMMITTEE,4,REP,B. JILL TURNER,8
Mason,PRECINCT 28,STATE EXECUTIVE COMMITTEE,4,REP,B. JILL TURNER,1
Mason,PRECINCT 29,STATE EXECUTIVE COMMITTEE,4,REP,B. JILL TURNER,6
Mason,PRECINCT 30,STATE EXECUTIVE COMMITTEE,4,REP,B. JILL TURNER,22
Mason,PRECINCT 1,STATE EXECUTIVE COMMITTEE,4,REP,LINDA HARTLING,1
Mason,PRECINCT 2,STATE EXECUTIVE COMMITTEE,4,REP,LINDA HARTLING,2
Mason,PRECINCT 3,STATE EXECUTIVE COMMITTEE,4,REP,LINDA HARTLING,1
Mason,PRECINCT 4,STATE EXECUTIVE COMMITTEE,4,REP,LINDA HARTLING,4
Mason,PRECINCT 5,STATE EXECUTIVE COMMITTEE,4,REP,LINDA HARTLING,1
Mason,PRECINCT 6,STATE EXECUTIVE COMMITTEE,4,REP,LINDA HARTLING,3
Mason,PRECINCT 7,STATE EXECUTIVE COMMITTEE,4,REP,LINDA HARTLING,1
Mason,PRECINCT 8,STATE EXECUTIVE COMMITTEE,4,REP,LINDA HARTLING,5
Mason,PRECINCT 9,STATE EXECUTIVE COMMITTEE,4,REP,LINDA HARTLING,4
Mason,PRECINCT 10,STATE EXECUTIVE COMMITTEE,4,REP,LINDA HARTLING,8
Mason,PRECINCT 11,STATE EXECUTIVE COMMITTEE,4,REP,LINDA HARTLING,3
Mason,PRECINCT 12,STATE EXECUTIVE COMMITTEE,4,REP,LINDA HARTLING,1
Mason,PRECINCT 13,STATE EXECUTIVE COMMITTEE,4,REP,LINDA HARTLING,8
Mason,PRECINCT 14,STATE EXECUTIVE COMMITTEE,4,REP,LINDA HARTLING,3
Mason,PRECINCT 15,STATE EXECUTIVE COMMITTEE,4,REP,LINDA HARTLING,4
Mason,PRECINCT 16,STATE EXECUTIVE COMMITTEE,4,REP,LINDA HARTLING,5
Mason,PRECINCT 17,STATE EXECUTIVE COMMITTEE,4,REP,LINDA HARTLING,7
Mason,PRECINCT 18,STATE EXECUTIVE COMMITTEE,4,REP,LINDA HARTLING,1
Mason,PRECINCT 19,STATE EXECUTIVE COMMITTEE,4,REP,LINDA HARTLING,7
Mason,PRECINCT 19LE,STATE EXECUTIVE COMMITTEE,4,REP,LINDA HARTLING,0
Mason,PRECINCT 20,STATE EXECUTIVE COMMITTEE,4,REP,LINDA HARTLING,0
Mason,PRECINCT 21,STATE EXECUTIVE COMMITTEE,4,REP,LINDA HARTLING,2
Mason,PRECINCT 22,STATE EXECUTIVE COMMITTEE,4,REP,LINDA HARTLING,7
Mason,PRECINCT 23,STATE EXECUTIVE COMMITTEE,4,REP,LINDA HARTLING,3
Mason,PRECINCT 24,STATE EXECUTIVE COMMITTEE,4,REP,LINDA HARTLING,4
Mason,PRECINCT 25,STATE EXECUTIVE COMMITTEE,4,REP,LINDA HARTLING,2
Mason,PRECINCT 26,STATE EXECUTIVE COMMITTEE,4,REP,LINDA HARTLING,0
Mason,PRECINCT 27,STATE EXECUTIVE COMMITTEE,4,REP,LINDA HARTLING,3
Mason,PRECINCT 28,STATE EXECUTIVE COMMITTEE,4,REP,LINDA HARTLING,4
Mason,PRECINCT 29,STATE EXECUTIVE COMMITTEE,4,REP,LINDA HARTLING,3
Mason,PRECINCT 30,STATE EXECUTIVE COMMITTEE,4,REP,LINDA HARTLING,22
Mason,PRECINCT 1,STATE EXECUTIVE COMMITTEE,4,DEM,BONNIE J FRUTH,11
Mason,PRECINCT 2,STATE EXECUTIVE COMMITTEE,4,DEM,BONNIE J FRUTH,15
Mason,PRECINCT 3,STATE EXECUTIVE COMMITTEE,4,DEM,BONNIE J FRUTH,23
Mason,PRECINCT 4,STATE EXECUTIVE COMMITTEE,4,DEM,BONNIE J FRUTH,27
Mason,PRECINCT 5,STATE EXECUTIVE COMMITTEE,4,DEM,BONNIE J FRUTH,29
Mason,PRECINCT 6,STATE EXECUTIVE COMMITTEE,4,DEM,BONNIE J FRUTH,23
Mason,PRECINCT 7,STATE EXECUTIVE COMMITTEE,4,DEM,BONNIE J FRUTH,25
Mason,PRECINCT 8,STATE EXECUTIVE COMMITTEE,4,DEM,BONNIE J FRUTH,52
Mason,PRECINCT 9,STATE EXECUTIVE COMMITTEE,4,DEM,BONNIE J FRUTH,35
Mason,PRECINCT 10,STATE EXECUTIVE COMMITTEE,4,DEM,BONNIE J FRUTH,40
Mason,PRECINCT 11,STATE EXECUTIVE COMMITTEE,4,DEM,BONNIE J FRUTH,3
Mason,PRECINCT 12,STATE EXECUTIVE COMMITTEE,4,DEM,BONNIE J FRUTH,13
Mason,PRECINCT 13,STATE EXECUTIVE COMMITTEE,4,DEM,BONNIE J FRUTH,28
Mason,PRECINCT 14,STATE EXECUTIVE COMMITTEE,4,DEM,BONNIE J FRUTH,28
Mason,PRECINCT 15,STATE EXECUTIVE COMMITTEE,4,DEM,BONNIE J FRUTH,38
Mason,PRECINCT 16,STATE EXECUTIVE COMMITTEE,4,DEM,BONNIE J FRUTH,29
Mason,PRECINCT 17,STATE EXECUTIVE COMMITTEE,4,DEM,BONNIE J FRUTH,28
Mason,PRECINCT 18,STATE EXECUTIVE COMMITTEE,4,DEM,BONNIE J FRUTH,35
Mason,PRECINCT 19,STATE EXECUTIVE COMMITTEE,4,DEM,BONNIE J FRUTH,41
Mason,PRECINCT 19LE,STATE EXECUTIVE COMMITTEE,4,DEM,BONNIE J FRUTH,6
Mason,PRECINCT 20,STATE EXECUTIVE COMMITTEE,4,DEM,BONNIE J FRUTH,18
Mason,PRECINCT 21,STATE EXECUTIVE COMMITTEE,4,DEM,BONNIE J FRUTH,23
Mason,PRECINCT 22,STATE EXECUTIVE COMMITTEE,4,DEM,BONNIE J FRUTH,32
Mason,PRECINCT 23,STATE EXECUTIVE COMMITTEE,4,DEM,BONNIE J FRUTH,27
Mason,PRECINCT 24,STATE EXECUTIVE COMMITTEE,4,DEM,BONNIE J FRUTH,61
Mason,PRECINCT 25,STATE EXECUTIVE COMMITTEE,4,DEM,BONNIE J FRUTH,54
Mason,PRECINCT 26,STATE EXECUTIVE COMMITTEE,4,DEM,BONNIE J FRUTH,15
Mason,PRECINCT 27,STATE EXECUTIVE COMMITTEE,4,DEM,BONNIE J FRUTH,41
Mason,PRECINCT 28,STATE EXECUTIVE COMMITTEE,4,DEM,BONNIE J FRUTH,40
Mason,PRECINCT 29,STATE EXECUTIVE COMMITTEE,4,DEM,BONNIE J FRUTH,36
Mason,PRECINCT 30,STATE EXECUTIVE COMMITTEE,4,DEM,BONNIE J FRUTH,103
Mason,PRECINCT 1,STATE EXECUTIVE COMMITTEE,4,DEM,SHARON PICKENS,5
Mason,PRECINCT 2,STATE EXECUTIVE COMMITTEE,4,DEM,SHARON PICKENS,5
Mason,PRECINCT 3,STATE EXECUTIVE COMMITTEE,4,DEM,SHARON PICKENS,15
Mason,PRECINCT 4,STATE EXECUTIVE COMMITTEE,4,DEM,SHARON PICKENS,6
Mason,PRECINCT 5,STATE EXECUTIVE COMMITTEE,4,DEM,SHARON PICKENS,7
Mason,PRECINCT 6,STATE EXECUTIVE COMMITTEE,4,DEM,SHARON PICKENS,12
Mason,PRECINCT 7,STATE EXECUTIVE COMMITTEE,4,DEM,SHARON PICKENS,14
Mason,PRECINCT 8,STATE EXECUTIVE COMMITTEE,4,DEM,SHARON PICKENS,25
Mason,PRECINCT 9,STATE EXECUTIVE COMMITTEE,4,DEM,SHARON PICKENS,16
Mason,PRECINCT 10,STATE EXECUTIVE COMMITTEE,4,DEM,SHARON PICKENS,22
Mason,PRECINCT 11,STATE EXECUTIVE COMMITTEE,4,DEM,SHARON PICKENS,1
Mason,PRECINCT 12,STATE EXECUTIVE COMMITTEE,4,DEM,SHARON PICKENS,5
Mason,PRECINCT 13,STATE EXECUTIVE COMMITTEE,4,DEM,SHARON PICKENS,14
Mason,PRECINCT 14,STATE EXECUTIVE COMMITTEE,4,DEM,SHARON PICKENS,10
Mason,PRECINCT 15,STATE EXECUTIVE COMMITTEE,4,DEM,SHARON PICKENS,9
Mason,PRECINCT 16,STATE EXECUTIVE COMMITTEE,4,DEM,SHARON PICKENS,3
Mason,PRECINCT 17,STATE EXECUTIVE COMMITTEE,4,DEM,SHARON PICKENS,8
Mason,PRECINCT 18,STATE EXECUTIVE COMMITTEE,4,DEM,SHARON PICKENS,5
Mason,PRECINCT 19,STATE EXECUTIVE COMMITTEE,4,DEM,SHARON PICKENS,20
Mason,PRECINCT 19LE,STATE EXECUTIVE COMMITTEE,4,DEM,SHARON PICKENS,3
Mason,PRECINCT 20,STATE EXECUTIVE COMMITTEE,4,DEM,SHARON PICKENS,13
Mason,PRECINCT 21,STATE EXECUTIVE COMMITTEE,4,DEM,SHARON PICKENS,17
Mason,PRECINCT 22,STATE EXECUTIVE COMMITTEE,4,DEM,SHARON PICKENS,19
Mason,PRECINCT 23,STATE EXECUTIVE COMMITTEE,4,DEM,SHARON PICKENS,20
Mason,PRECINCT 24,STATE EXECUTIVE COMMITTEE,4,DEM,SHARON PICKENS,34
Mason,PRECINCT 25,STATE EXECUTIVE COMMITTEE,4,DEM,SHARON PICKENS,40
Mason,PRECINCT 26,STATE EXECUTIVE COMMITTEE,4,DEM,SHARON PICKENS,10
Mason,PRECINCT 27,STATE EXECUTIVE COMMITTEE,4,DEM,SHARON PICKENS,16
Mason,PRECINCT 28,STATE EXECUTIVE COMMITTEE,4,DEM,SHARON PICKENS,22
Mason,PRECINCT 29,STATE EXECUTIVE COMMITTEE,4,DEM,SHARON PICKENS,22
Mason,PRECINCT 30,STATE EXECUTIVE COMMITTEE,4,DEM,SHARON PICKENS,50
Mason,PRECINCT 1,STATE EXECUTIVE COMMITTEE,4,DEM,"THERESA ""TESS"" JACKSON",4
Mason,PRECINCT 2,STATE EXECUTIVE COMMITTEE,4,DEM,"THERESA ""TESS"" JACKSON",3
Mason,PRECINCT 3,STATE EXECUTIVE COMMITTEE,4,DEM,"THERESA ""TESS"" JACKSON",7
Mason,PRECINCT 4,STATE EXECUTIVE COMMITTEE,4,DEM,"THERESA ""TESS"" JACKSON",5
Mason,PRECINCT 5,STATE EXECUTIVE COMMITTEE,4,DEM,"THERESA ""TESS"" JACKSON",7
Mason,PRECINCT 6,STATE EXECUTIVE COMMITTEE,4,DEM,"THERESA ""TESS"" JACKSON",5
Mason,PRECINCT 7,STATE EXECUTIVE COMMITTEE,4,DEM,"THERESA ""TESS"" JACKSON",7
Mason,PRECINCT 8,STATE EXECUTIVE COMMITTEE,4,DEM,"THERESA ""TESS"" JACKSON",11
Mason,PRECINCT 9,STATE EXECUTIVE COMMITTEE,4,DEM,"THERESA ""TESS"" JACKSON",7
Mason,PRECINCT 10,STATE EXECUTIVE COMMITTEE,4,DEM,"THERESA ""TESS"" JACKSON",6
Mason,PRECINCT 11,STATE EXECUTIVE COMMITTEE,4,DEM,"THERESA ""TESS"" JACKSON",1
Mason,PRECINCT 12,STATE EXECUTIVE COMMITTEE,4,DEM,"THERESA ""TESS"" JACKSON",3
Mason,PRECINCT 13,STATE EXECUTIVE COMMITTEE,4,DEM,"THERESA ""TESS"" JACKSON",6
Mason,PRECINCT 14,STATE EXECUTIVE COMMITTEE,4,DEM,"THERESA ""TESS"" JACKSON",6
Mason,PRECINCT 15,STATE EXECUTIVE COMMITTEE,4,DEM,"THERESA ""TESS"" JACKSON",8
Mason,PRECINCT 16,STATE EXECUTIVE COMMITTEE,4,DEM,"THERESA ""TESS"" JACKSON",14
Mason,PRECINCT 17,STATE EXECUTIVE COMMITTEE,4,DEM,"THERESA ""TESS"" JACKSON",9
Mason,PRECINCT 18,STATE EXECUTIVE COMMITTEE,4,DEM,"THERESA ""TESS"" JACKSON",9
Mason,PRECINCT 19,STATE EXECUTIVE COMMITTEE,4,DEM,"THERESA ""TESS"" JACKSON",10
Mason,PRECINCT 19LE,STATE EXECUTIVE COMMITTEE,4,DEM,"THERESA ""TESS"" JACKSON",1
Mason,PRECINCT 20,STATE EXECUTIVE COMMITTEE,4,DEM,"THERESA ""TESS"" JACKSON",3
Mason,PRECINCT 21,STATE EXECUTIVE COMMITTEE,4,DEM,"THERESA ""TESS"" JACKSON",2
Mason,PRECINCT 22,STATE EXECUTIVE COMMITTEE,4,DEM,"THERESA ""TESS"" JACKSON",1
Mason,PRECINCT 23,STATE EXECUTIVE COMMITTEE,4,DEM,"THERESA ""TESS"" JACKSON",3
Mason,PRECINCT 24,STATE EXECUTIVE COMMITTEE,4,DEM,"THERESA ""TESS"" JACKSON",5
Mason,PRECINCT 25,STATE EXECUTIVE COMMITTEE,4,DEM,"THERESA ""TESS"" JACKSON",8
Mason,PRECINCT 26,STATE EXECUTIVE COMMITTEE,4,DEM,"THERESA ""TESS"" JACKSON",4
Mason,PRECINCT 27,STATE EXECUTIVE COMMITTEE,4,DEM,"THERESA ""TESS"" JACKSON",6
Mason,PRECINCT 28,STATE EXECUTIVE COMMITTEE,4,DEM,"THERESA ""TESS"" JACKSON",8
Mason,PRECINCT 29,STATE EXECUTIVE COMMITTEE,4,DEM,"THERESA ""TESS"" JACKSON",3
Mason,PRECINCT 30,STATE EXECUTIVE COMMITTEE,4,DEM,"THERESA ""TESS"" JACKSON",15
Mason,PRECINCT 1,STATE EXECUTIVE COMMITTEE,4,DEM,"LINDA ""SUZANNE"" HORNSBY",1
Mason,PRECINCT 2,STATE EXECUTIVE COMMITTEE,4,DEM,"LINDA ""SUZANNE"" HORNSBY",3
Mason,PRECINCT 3,STATE EXECUTIVE COMMITTEE,4,DEM,"LINDA ""SUZANNE"" HORNSBY",7
Mason,PRECINCT 4,STATE EXECUTIVE COMMITTEE,4,DEM,"LINDA ""SUZANNE"" HORNSBY",7
Mason,PRECINCT 5,STATE EXECUTIVE COMMITTEE,4,DEM,"LINDA ""SUZANNE"" HORNSBY",9
Mason,PRECINCT 6,STATE EXECUTIVE COMMITTEE,4,DEM,"LINDA ""SUZANNE"" HORNSBY",8
Mason,PRECINCT 7,STATE EXECUTIVE COMMITTEE,4,DEM,"LINDA ""SUZANNE"" HORNSBY",7
Mason,PRECINCT 8,STATE EXECUTIVE COMMITTEE,4,DEM,"LINDA ""SUZANNE"" HORNSBY",10
Mason,PRECINCT 9,STATE EXECUTIVE COMMITTEE,4,DEM,"LINDA ""SUZANNE"" HORNSBY",5
Mason,PRECINCT 10,STATE EXECUTIVE COMMITTEE,4,DEM,"LINDA ""SUZANNE"" HORNSBY",8
Mason,PRECINCT 11,STATE EXECUTIVE COMMITTEE,4,DEM,"LINDA ""SUZANNE"" HORNSBY",0
Mason,PRECINCT 12,STATE EXECUTIVE COMMITTEE,4,DEM,"LINDA ""SUZANNE"" HORNSBY",3
Mason,PRECINCT 13,STATE EXECUTIVE COMMITTEE,4,DEM,"LINDA ""SUZANNE"" HORNSBY",8
Mason,PRECINCT 14,STATE EXECUTIVE COMMITTEE,4,DEM,"LINDA ""SUZANNE"" HORNSBY",3
Mason,PRECINCT 15,STATE EXECUTIVE COMMITTEE,4,DEM,"LINDA ""SUZANNE"" HORNSBY",7
Mason,PRECINCT 16,STATE EXECUTIVE COMMITTEE,4,DEM,"LINDA ""SUZANNE"" HORNSBY",1
Mason,PRECINCT 17,STATE EXECUTIVE COMMITTEE,4,DEM,"LINDA ""SUZANNE"" HORNSBY",3
Mason,PRECINCT 18,STATE EXECUTIVE COMMITTEE,4,DEM,"LINDA ""SUZANNE"" HORNSBY",4
Mason,PRECINCT 19,STATE EXECUTIVE COMMITTEE,4,DEM,"LINDA ""SUZANNE"" HORNSBY",6
Mason,PRECINCT 19LE,STATE EXECUTIVE COMMITTEE,4,DEM,"LINDA ""SUZANNE"" HORNSBY",0
Mason,PRECINCT 20,STATE EXECUTIVE COMMITTEE,4,DEM,"LINDA ""SUZANNE"" HORNSBY",4
Mason,PRECINCT 21,STATE EXECUTIVE COMMITTEE,4,DEM,"LINDA ""SUZANNE"" HORNSBY",7
Mason,PRECINCT 22,STATE EXECUTIVE COMMITTEE,4,DEM,"LINDA ""SUZANNE"" HORNSBY",4
Mason,PRECINCT 23,STATE EXECUTIVE COMMITTEE,4,DEM,"LINDA ""SUZANNE"" HORNSBY",1
Mason,PRECINCT 24,STATE EXECUTIVE COMMITTEE,4,DEM,"LINDA ""SUZANNE"" HORNSBY",7
Mason,PRECINCT 25,STATE EXECUTIVE COMMITTEE,4,DEM,"LINDA ""SUZANNE"" HORNSBY",5
Mason,PRECINCT 26,STATE EXECUTIVE COMMITTEE,4,DEM,"LINDA ""SUZANNE"" HORNSBY",3
Mason,PRECINCT 27,STATE EXECUTIVE COMMITTEE,4,DEM,"LINDA ""SUZANNE"" HORNSBY",8
Mason,PRECINCT 28,STATE EXECUTIVE COMMITTEE,4,DEM,"LINDA ""SUZANNE"" HORNSBY",5
Mason,PRECINCT 29,STATE EXECUTIVE COMMITTEE,4,DEM,"LINDA ""SUZANNE"" HORNSBY",7
Mason,PRECINCT 30,STATE EXECUTIVE COMMITTEE,4,DEM,"LINDA ""SUZANNE"" HORNSBY",20
Mason,PRECINCT 1,STATE EXECUTIVE COMMITTEE,4,DEM,KAREN CORIA,1
Mason,PRECINCT 2,STATE EXECUTIVE COMMITTEE,4,DEM,KAREN CORIA,4
Mason,PRECINCT 3,STATE EXECUTIVE COMMITTEE,4,DEM,KAREN CORIA,4
Mason,PRECINCT 4,STATE EXECUTIVE COMMITTEE,4,DEM,KAREN CORIA,5
Mason,PRECINCT 5,STATE EXECUTIVE COMMITTEE,4,DEM,KAREN CORIA,9
Mason,PRECINCT 6,STATE EXECUTIVE COMMITTEE,4,DEM,KAREN CORIA,4
Mason,PRECINCT 7,STATE EXECUTIVE COMMITTEE,4,DEM,KAREN CORIA,6
Mason,PRECINCT 8,STATE EXECUTIVE COMMITTEE,4,DEM,KAREN CORIA,6
Mason,PRECINCT 9,STATE EXECUTIVE COMMITTEE,4,DEM,KAREN CORIA,6
Mason,PRECINCT 10,STATE EXECUTIVE COMMITTEE,4,DEM,KAREN CORIA,9
Mason,PRECINCT 11,STATE EXECUTIVE COMMITTEE,4,DEM,KAREN CORIA,1
Mason,PRECINCT 12,STATE EXECUTIVE COMMITTEE,4,DEM,KAREN CORIA,4
Mason,PRECINCT 13,STATE EXECUTIVE COMMITTEE,4,DEM,KAREN CORIA,6
Mason,PRECINCT 14,STATE EXECUTIVE COMMITTEE,4,DEM,KAREN CORIA,6
Mason,PRECINCT 15,STATE EXECUTIVE COMMITTEE,4,DEM,KAREN CORIA,7
Mason,PRECINCT 16,STATE EXECUTIVE COMMITTEE,4,DEM,KAREN CORIA,6
Mason,PRECINCT 17,STATE EXECUTIVE COMMITTEE,4,DEM,KAREN CORIA,2
Mason,PRECINCT 18,STATE EXECUTIVE COMMITTEE,4,DEM,KAREN CORIA,6
Mason,PRECINCT 19,STATE EXECUTIVE COMMITTEE,4,DEM,KAREN CORIA,6
Mason,PRECINCT 19LE,STATE EXECUTIVE COMMITTEE,4,DEM,KAREN CORIA,2
Mason,PRECINCT 20,STATE EXECUTIVE COMMITTEE,4,DEM,KAREN CORIA,1
Mason,PRECINCT 21,STATE EXECUTIVE COMMITTEE,4,DEM,KAREN CORIA,2
Mason,PRECINCT 22,STATE EXECUTIVE COMMITTEE,4,DEM,KAREN CORIA,5
Mason,PRECINCT 23,STATE EXECUTIVE COMMITTEE,4,DEM,KAREN CORIA,3
Mason,PRECINCT 24,STATE EXECUTIVE COMMITTEE,4,DEM,KAREN CORIA,1
Mason,PRECINCT 25,STATE EXECUTIVE COMMITTEE,4,DEM,KAREN CORIA,6
Mason,PRECINCT 26,STATE EXECUTIVE COMMITTEE,4,DEM,KAREN CORIA,1
Mason,PRECINCT 27,STATE EXECUTIVE COMMITTEE,4,DEM,KAREN CORIA,1
Mason,PRECINCT 28,STATE EXECUTIVE COMMITTEE,4,DEM,KAREN CORIA,2
Mason,PRECINCT 29,STATE EXECUTIVE COMMITTEE,4,DEM,KAREN CORIA,9
Mason,PRECINCT 30,STATE EXECUTIVE COMMITTEE,4,DEM,KAREN CORIA,10
Mason,PRECINCT 1,STATE EXECUTIVE COMMITTEE,4,REP,JIM BUTLER,20
Mason,PRECINCT 2,STATE EXECUTIVE COMMITTEE,4,REP,JIM BUTLER,18
Mason,PRECINCT 3,STATE EXECUTIVE COMMITTEE,4,REP,JIM BUTLER,17
Mason,PRECINCT 4,STATE EXECUTIVE COMMITTEE,4,REP,JIM BUTLER,31
Mason,PRECINCT 5,STATE EXECUTIVE COMMITTEE,4,REP,JIM BUTLER,21
Mason,PRECINCT 6,STATE EXECUTIVE COMMITTEE,4,REP,JIM BUTLER,31
Mason,PRECINCT 7,STATE EXECUTIVE COMMITTEE,4,REP,JIM BUTLER,50
Mason,PRECINCT 8,STATE EXECUTIVE COMMITTEE,4,REP,JIM BUTLER,37
Mason,PRECINCT 9,STATE EXECUTIVE COMMITTEE,4,REP,JIM BUTLER,59
Mason,PRECINCT 10,STATE EXECUTIVE COMMITTEE,4,REP,JIM BUTLER,48
Mason,PRECINCT 11,STATE EXECUTIVE COMMITTEE,4,REP,JIM BUTLER,11
Mason,PRECINCT 12,STATE EXECUTIVE COMMITTEE,4,REP,JIM BUTLER,34
Mason,PRECINCT 13,STATE EXECUTIVE COMMITTEE,4,REP,JIM BUTLER,93
Mason,PRECINCT 14,STATE EXECUTIVE COMMITTEE,4,REP,JIM BUTLER,57
Mason,PRECINCT 15,STATE EXECUTIVE COMMITTEE,4,REP,JIM BUTLER,34
Mason,PRECINCT 16,STATE EXECUTIVE COMMITTEE,4,REP,JIM BUTLER,49
Mason,PRECINCT 17,STATE EXECUTIVE COMMITTEE,4,REP,JIM BUTLER,44
Mason,PRECINCT 18,STATE EXECUTIVE COMMITTEE,4,REP,JIM BUTLER,36
Mason,PRECINCT 19,STATE EXECUTIVE COMMITTEE,4,REP,JIM BUTLER,53
Mason,PRECINCT 19LE,STATE EXECUTIVE COMMITTEE,4,REP,JIM BUTLER,8
Mason,PRECINCT 20,STATE EXECUTIVE COMMITTEE,4,REP,JIM BUTLER,27
Mason,PRECINCT 21,STATE EXECUTIVE COMMITTEE,4,REP,JIM BUTLER,37
Mason,PRECINCT 22,STATE EXECUTIVE COMMITTEE,4,REP,JIM BUTLER,70
Mason,PRECINCT 23,STATE EXECUTIVE COMMITTEE,4,REP,JIM BUTLER,41
Mason,PRECINCT 24,STATE EXECUTIVE COMMITTEE,4,REP,JIM BUTLER,45
Mason,PRECINCT 25,STATE EXECUTIVE COMMITTEE,4,REP,JIM BUTLER,65
Mason,PRECINCT 26,STATE EXECUTIVE COMMITTEE,4,REP,JIM BUTLER,8
Mason,PRECINCT 27,STATE EXECUTIVE COMMITTEE,4,REP,JIM BUTLER,42
Mason,PRECINCT 28,STATE EXECUTIVE COMMITTEE,4,REP,JIM BUTLER,60
Mason,PRECINCT 29,STATE EXECUTIVE COMMITTEE,4,REP,JIM BUTLER,41
Mason,PRECINCT 30,STATE EXECUTIVE COMMITTEE,4,REP,JIM BUTLER,143
Mason,PRECINCT 1,STATE EXECUTIVE COMMITTEE,4,REP,JOHNNIE WAMSLEY II,9
Mason,PRECINCT 2,STATE EXECUTIVE COMMITTEE,4,REP,JOHNNIE WAMSLEY II,13
Mason,PRECINCT 3,STATE EXECUTIVE COMMITTEE,4,REP,JOHNNIE WAMSLEY II,13
Mason,PRECINCT 4,STATE EXECUTIVE COMMITTEE,4,REP,JOHNNIE WAMSLEY II,46
Mason,PRECINCT 5,STATE EXECUTIVE COMMITTEE,4,REP,JOHNNIE WAMSLEY II,25
Mason,PRECINCT 6,STATE EXECUTIVE COMMITTEE,4,REP,JOHNNIE WAMSLEY II,28
Mason,PRECINCT 7,STATE EXECUTIVE COMMITTEE,4,REP,JOHNNIE WAMSLEY II,53
Mason,PRECINCT 8,STATE EXECUTIVE COMMITTEE,4,REP,JOHNNIE WAMSLEY II,48
Mason,PRECINCT 9,STATE EXECUTIVE COMMITTEE,4,REP,JOHNNIE WAMSLEY II,41
Mason,PRECINCT 10,STATE EXECUTIVE COMMITTEE,4,REP,JOHNNIE WAMSLEY II,70
Mason,PRECINCT 11,STATE EXECUTIVE COMMITTEE,4,REP,JOHNNIE WAMSLEY II,8
Mason,PRECINCT 12,STATE EXECUTIVE COMMITTEE,4,REP,JOHNNIE WAMSLEY II,33
Mason,PRECINCT 13,STATE EXECUTIVE COMMITTEE,4,REP,JOHNNIE WAMSLEY II,69
Mason,PRECINCT 14,STATE EXECUTIVE COMMITTEE,4,REP,JOHNNIE WAMSLEY II,45
Mason,PRECINCT 15,STATE EXECUTIVE COMMITTEE,4,REP,JOHNNIE WAMSLEY II,50
Mason,PRECINCT 16,STATE EXECUTIVE COMMITTEE,4,REP,JOHNNIE WAMSLEY II,44
Mason,PRECINCT 17,STATE EXECUTIVE COMMITTEE,4,REP,JOHNNIE WAMSLEY II,47
Mason,PRECINCT 18,STATE EXECUTIVE COMMITTEE,4,REP,JOHNNIE WAMSLEY II,34
Mason,PRECINCT 19,STATE EXECUTIVE COMMITTEE,4,REP,JOHNNIE WAMSLEY II,54
Mason,PRECINCT 19LE,STATE EXECUTIVE COMMITTEE,4,REP,JOHNNIE WAMSLEY II,1
Mason,PRECINCT 20,STATE EXECUTIVE COMMITTEE,4,REP,JOHNNIE WAMSLEY II,38
Mason,PRECINCT 21,STATE EXECUTIVE COMMITTEE,4,REP,JOHNNIE WAMSLEY II,49
Mason,PRECINCT 22,STATE EXECUTIVE COMMITTEE,4,REP,JOHNNIE WAMSLEY II,69
Mason,PRECINCT 23,STATE EXECUTIVE COMMITTEE,4,REP,JOHNNIE WAMSLEY II,50
Mason,PRECINCT 24,STATE EXECUTIVE COMMITTEE,4,REP,JOHNNIE WAMSLEY II,58
Mason,PRECINCT 25,STATE EXECUTIVE COMMITTEE,4,REP,JOHNNIE WAMSLEY II,75
Mason,PRECINCT 26,STATE EXECUTIVE COMMITTEE,4,REP,JOHNNIE WAMSLEY II,15
Mason,PRECINCT 27,STATE EXECUTIVE COMMITTEE,4,REP,JOHNNIE WAMSLEY II,37
Mason,PRECINCT 28,STATE EXECUTIVE COMMITTEE,4,REP,JOHNNIE WAMSLEY II,40
Mason,PRECINCT 29,STATE EXECUTIVE COMMITTEE,4,REP,JOHNNIE WAMSLEY II,39
Mason,PRECINCT 30,STATE EXECUTIVE COMMITTEE,4,REP,JOHNNIE WAMSLEY II,119
Mason,PRECINCT 1,STATE EXECUTIVE COMMITTEE,4,REP,JACOB G. HILL,7
Mason,PRECINCT 2,STATE EXECUTIVE COMMITTEE,4,REP,JACOB G. HILL,10
Mason,PRECINCT 3,STATE EXECUTIVE COMMITTEE,4,REP,JACOB G. HILL,18
Mason,PRECINCT 4,STATE EXECUTIVE COMMITTEE,4,REP,JACOB G. HILL,31
Mason,PRECINCT 5,STATE EXECUTIVE COMMITTEE,4,REP,JACOB G. HILL,15
Mason,PRECINCT 6,STATE EXECUTIVE COMMITTEE,4,REP,JACOB G. HILL,20
Mason,PRECINCT 7,STATE EXECUTIVE COMMITTEE,4,REP,JACOB G. HILL,34
Mason,PRECINCT 8,STATE EXECUTIVE COMMITTEE,4,REP,JACOB G. HILL,35
Mason,PRECINCT 9,STATE EXECUTIVE COMMITTEE,4,REP,JACOB G. HILL,40
Mason,PRECINCT 10,STATE EXECUTIVE COMMITTEE,4,REP,JACOB G. HILL,48
Mason,PRECINCT 11,STATE EXECUTIVE COMMITTEE,4,REP,JACOB G. HILL,3
Mason,PRECINCT 12,STATE EXECUTIVE COMMITTEE,4,REP,JACOB G. HILL,21
Mason,PRECINCT 13,STATE EXECUTIVE COMMITTEE,4,REP,JACOB G. HILL,46
Mason,PRECINCT 14,STATE EXECUTIVE COMMITTEE,4,REP,JACOB G. HILL,28
Mason,PRECINCT 15,STATE EXECUTIVE COMMITTEE,4,REP,JACOB G. HILL,22
Mason,PRECINCT 16,STATE EXECUTIVE COMMITTEE,4,REP,JACOB G. HILL,13
Mason,PRECINCT 17,STATE EXECUTIVE COMMITTEE,4,REP,JACOB G. HILL,17
Mason,PRECINCT 18,STATE EXECUTIVE COMMITTEE,4,REP,JACOB G. HILL,21
Mason,PRECINCT 19,STATE EXECUTIVE COMMITTEE,4,REP,JACOB G. HILL,31
Mason,PRECINCT 19LE,STATE EXECUTIVE COMMITTEE,4,REP,JACOB G. HILL,3
Mason,PRECINCT 20,STATE EXECUTIVE COMMITTEE,4,REP,JACOB G. HILL,18
Mason,PRECINCT 21,STATE EXECUTIVE COMMITTEE,4,REP,JACOB G. HILL,32
Mason,PRECINCT 22,STATE EXECUTIVE COMMITTEE,4,REP,JACOB G. HILL,40
Mason,PRECINCT 23,STATE EXECUTIVE COMMITTEE,4,REP,JACOB G. HILL,28
Mason,PRECINCT 24,STATE EXECUTIVE COMMITTEE,4,REP,JACOB G. HILL,30
Mason,PRECINCT 25,STATE EXECUTIVE COMMITTEE,4,REP,JACOB G. HILL,49
Mason,PRECINCT 26,STATE EXECUTIVE COMMITTEE,4,REP,JACOB G. HILL,10
Mason,PRECINCT 27,STATE EXECUTIVE COMMITTEE,4,REP,JACOB G. HILL,30
Mason,PRECINCT 28,STATE EXECUTIVE COMMITTEE,4,REP,JACOB G. HILL,22
Mason,PRECINCT 29,STATE EXECUTIVE COMMITTEE,4,REP,JACOB G. HILL,26
Mason,PRECINCT 30,STATE EXECUTIVE COMMITTEE,4,REP,JACOB G. HILL,98
Mason,PRECINCT 1,STATE EXECUTIVE COMMITTEE,4,REP,ERIC J. TARR,2
Mason,PRECINCT 2,STATE EXECUTIVE COMMITTEE,4,REP,ERIC J. TARR,3
Mason,PRECINCT 3,STATE EXECUTIVE COMMITTEE,4,REP,ERIC J. TARR,3
Mason,PRECINCT 4,STATE EXECUTIVE COMMITTEE,4,REP,ERIC J. TARR,5
Mason,PRECINCT 5,STATE EXECUTIVE COMMITTEE,4,REP,ERIC J. TARR,7
Mason,PRECINCT 6,STATE EXECUTIVE COMMITTEE,4,REP,ERIC J. TARR,6
Mason,PRECINCT 7,STATE EXECUTIVE COMMITTEE,4,REP,ERIC J. TARR,9
Mason,PRECINCT 8,STATE EXECUTIVE COMMITTEE,4,REP,ERIC J. TARR,9
Mason,PRECINCT 9,STATE EXECUTIVE COMMITTEE,4,REP,ERIC J. TARR,15
Mason,PRECINCT 10,STATE EXECUTIVE COMMITTEE,4,REP,ERIC J. TARR,15
Mason,PRECINCT 11,STATE EXECUTIVE COMMITTEE,4,REP,ERIC J. TARR,0
Mason,PRECINCT 12,STATE EXECUTIVE COMMITTEE,4,REP,ERIC J. TARR,10
Mason,PRECINCT 13,STATE EXECUTIVE COMMITTEE,4,REP,ERIC J. TARR,24
Mason,PRECINCT 14,STATE EXECUTIVE COMMITTEE,4,REP,ERIC J. TARR,16
Mason,PRECINCT 15,STATE EXECUTIVE COMMITTEE,4,REP,ERIC J. TARR,9
Mason,PRECINCT 16,STATE EXECUTIVE COMMITTEE,4,REP,ERIC J. TARR,33
Mason,PRECINCT 17,STATE EXECUTIVE COMMITTEE,4,REP,ERIC J. TARR,15
Mason,PRECINCT 18,STATE EXECUTIVE COMMITTEE,4,REP,ERIC J. TARR,5
Mason,PRECINCT 19,STATE EXECUTIVE COMMITTEE,4,REP,ERIC J. TARR,17
Mason,PRECINCT 19LE,STATE EXECUTIVE COMMITTEE,4,REP,ERIC J. TARR,4
Mason,PRECINCT 20,STATE EXECUTIVE COMMITTEE,4,REP,ERIC J. TARR,11
Mason,PRECINCT 21,STATE EXECUTIVE COMMITTEE,4,REP,ERIC J. TARR,12
Mason,PRECINCT 22,STATE EXECUTIVE COMMITTEE,4,REP,ERIC J. TARR,16
Mason,PRECINCT 23,STATE EXECUTIVE COMMITTEE,4,REP,ERIC J. TARR,4
Mason,PRECINCT 24,STATE EXECUTIVE COMMITTEE,4,REP,ERIC J. TARR,10
Mason,PRECINCT 25,STATE EXECUTIVE COMMITTEE,4,REP,ERIC J. TARR,17
Mason,PRECINCT 26,STATE EXECUTIVE COMMITTEE,4,REP,ERIC J. TARR,1
Mason,PRECINCT 27,STATE EXECUTIVE COMMITTEE,4,REP,ERIC J. TARR,13
Mason,PRECINCT 28,STATE EXECUTIVE COMMITTEE,4,REP,ERIC J. TARR,15
Mason,PRECINCT 29,STATE EXECUTIVE COMMITTEE,4,REP,ERIC J. TARR,11
Mason,PRECINCT 30,STATE EXECUTIVE COMMITTEE,4,REP,ERIC J. TARR,30
Mason,PRECINCT 1,STATE EXECUTIVE COMMITTEE,4,REP,DANIEL LINVILLE,0
Mason,PRECINCT 2,STATE EXECUTIVE COMMITTEE,4,REP,DANIEL LINVILLE,2
Mason,PRECINCT 3,STATE EXECUTIVE COMMITTEE,4,REP,DANIEL LINVILLE,0
Mason,PRECINCT 4,STATE EXECUTIVE COMMITTEE,4,REP,DANIEL LINVILLE,0
Mason,PRECINCT 5,STATE EXECUTIVE COMMITTEE,4,REP,DANIEL LINVILLE,1
Mason,PRECINCT 6,STATE EXECUTIVE COMMITTEE,4,REP,DANIEL LINVILLE,2
Mason,PRECINCT 7,STATE EXECUTIVE COMMITTEE,4,REP,DANIEL LINVILLE,0
Mason,PRECINCT 8,STATE EXECUTIVE COMMITTEE,4,REP,DANIEL LINVILLE,3
Mason,PRECINCT 9,STATE EXECUTIVE COMMITTEE,4,REP,DANIEL LINVILLE,2
Mason,PRECINCT 10,STATE EXECUTIVE COMMITTEE,4,REP,DANIEL LINVILLE,3
Mason,PRECINCT 11,STATE EXECUTIVE COMMITTEE,4,REP,DANIEL LINVILLE,0
Mason,PRECINCT 12,STATE EXECUTIVE COMMITTEE,4,REP,DANIEL LINVILLE,2
Mason,PRECINCT 13,STATE EXECUTIVE COMMITTEE,4,REP,DANIEL LINVILLE,2
Mason,PRECINCT 14,STATE EXECUTIVE COMMITTEE,4,REP,DANIEL LINVILLE,0
Mason,PRECINCT 15,STATE EXECUTIVE COMMITTEE,4,REP,DANIEL LINVILLE,3
Mason,PRECINCT 16,STATE EXECUTIVE COMMITTEE,4,REP,DANIEL LINVILLE,21
Mason,PRECINCT 17,STATE EXECUTIVE COMMITTEE,4,REP,DANIEL LINVILLE,4
Mason,PRECINCT 18,STATE EXECUTIVE COMMITTEE,4,REP,DANIEL LINVILLE,3
Mason,PRECINCT 19,STATE EXECUTIVE COMMITTEE,4,REP,DANIEL LINVILLE,1
Mason,PRECINCT 19LE,STATE EXECUTIVE COMMITTEE,4,REP,DANIEL LINVILLE,0
Mason,PRECINCT 20,STATE EXECUTIVE COMMITTEE,4,REP,DANIEL LINVILLE,0
Mason,PRECINCT 21,STATE EXECUTIVE COMMITTEE,4,REP,DANIEL LINVILLE,1
Mason,PRECINCT 22,STATE EXECUTIVE COMMITTEE,4,REP,DANIEL LINVILLE,6
Mason,PRECINCT 23,STATE EXECUTIVE COMMITTEE,4,REP,DANIEL LINVILLE,4
Mason,PRECINCT 24,STATE EXECUTIVE COMMITTEE,4,REP,DANIEL LINVILLE,1
Mason,PRECINCT 25,STATE EXECUTIVE COMMITTEE,4,REP,DANIEL LINVILLE,0
Mason,PRECINCT 26,STATE EXECUTIVE COMMITTEE,4,REP,DANIEL LINVILLE,2
Mason,PRECINCT 27,STATE EXECUTIVE COMMITTEE,4,REP,DANIEL LINVILLE,0
Mason,PRECINCT 28,STATE EXECUTIVE COMMITTEE,4,REP,DANIEL LINVILLE,1
Mason,PRECINCT 29,STATE EXECUTIVE COMMITTEE,4,REP,DANIEL LINVILLE,2
Mason,PRECINCT 30,STATE EXECUTIVE COMMITTEE,4,REP,DANIEL LINVILLE,6
Mason,PRECINCT 1,STATE EXECUTIVE COMMITTEE,4,REP,RONALD STONE,0
Mason,PRECINCT 2,STATE EXECUTIVE COMMITTEE,4,REP,RONALD STONE,0
Mason,PRECINCT 3,STATE EXECUTIVE COMMITTEE,4,REP,RONALD STONE,1
Mason,PRECINCT 4,STATE EXECUTIVE COMMITTEE,4,REP,RONALD STONE,1
Mason,PRECINCT 5,STATE EXECUTIVE COMMITTEE,4,REP,RONALD STONE,0
Mason,PRECINCT 6,STATE EXECUTIVE COMMITTEE,4,REP,RONALD STONE,3
Mason,PRECINCT 7,STATE EXECUTIVE COMMITTEE,4,REP,RONALD STONE,0
Mason,PRECINCT 8,STATE EXECUTIVE COMMITTEE,4,REP,RONALD STONE,1
Mason,PRECINCT 9,STATE EXECUTIVE COMMITTEE,4,REP,RONALD STONE,1
Mason,PRECINCT 10,STATE EXECUTIVE COMMITTEE,4,REP,RONALD STONE,2
Mason,PRECINCT 11,STATE EXECUTIVE COMMITTEE,4,REP,RONALD STONE,0
Mason,PRECINCT 12,STATE EXECUTIVE COMMITTEE,4,REP,RONALD STONE,1
Mason,PRECINCT 13,STATE EXECUTIVE COMMITTEE,4,REP,RONALD STONE,2
Mason,PRECINCT 14,STATE EXECUTIVE COMMITTEE,4,REP,RONALD STONE,1
Mason,PRECINCT 15,STATE EXECUTIVE COMMITTEE,4,REP,RONALD STONE,0
Mason,PRECINCT 16,STATE EXECUTIVE COMMITTEE,4,REP,RONALD STONE,4
Mason,PRECINCT 17,STATE EXECUTIVE COMMITTEE,4,REP,RONALD STONE,2
Mason,PRECINCT 18,STATE EXECUTIVE COMMITTEE,4,REP,RONALD STONE,2
Mason,PRECINCT 19,STATE EXECUTIVE COMMITTEE,4,REP,RONALD STONE,10
Mason,PRECINCT 19LE,STATE EXECUTIVE COMMITTEE,4,REP,RONALD STONE,1
Mason,PRECINCT 20,STATE EXECUTIVE COMMITTEE,4,REP,RONALD STONE,2
Mason,PRECINCT 21,STATE EXECUTIVE COMMITTEE,4,REP,RONALD STONE,3
Mason,PRECINCT 22,STATE EXECUTIVE COMMITTEE,4,REP,RONALD STONE,1
Mason,PRECINCT 23,STATE EXECUTIVE COMMITTEE,4,REP,RONALD STONE,1
Mason,PRECINCT 24,STATE EXECUTIVE COMMITTEE,4,REP,RONALD STONE,0
Mason,PRECINCT 25,STATE EXECUTIVE COMMITTEE,4,REP,RONALD STONE,1
Mason,PRECINCT 26,STATE EXECUTIVE COMMITTEE,4,REP,RONALD STONE,0
Mason,PRECINCT 27,STATE EXECUTIVE COMMITTEE,4,REP,RONALD STONE,0
Mason,PRECINCT 28,STATE EXECUTIVE COMMITTEE,4,REP,RONALD STONE,0
Mason,PRECINCT 29,STATE EXECUTIVE COMMITTEE,4,REP,RONALD STONE,1
Mason,PRECINCT 30,STATE EXECUTIVE COMMITTEE,4,REP,RONALD STONE,8
Mason,PRECINCT 1,STATE EXECUTIVE COMMITTEE,4,REP,ASHBY KAVE,0
Mason,PRECINCT 2,STATE EXECUTIVE COMMITTEE,4,REP,ASHBY KAVE,1
Mason,PRECINCT 3,STATE EXECUTIVE COMMITTEE,4,REP,ASHBY KAVE,0
Mason,PRECINCT 4,STATE EXECUTIVE COMMITTEE,4,REP,ASHBY KAVE,1
Mason,PRECINCT 5,STATE EXECUTIVE COMMITTEE,4,REP,ASHBY KAVE,0
Mason,PRECINCT 6,STATE EXECUTIVE COMMITTEE,4,REP,ASHBY KAVE,0
Mason,PRECINCT 7,STATE EXECUTIVE COMMITTEE,4,REP,ASHBY KAVE,1
Mason,PRECINCT 8,STATE EXECUTIVE COMMITTEE,4,REP,ASHBY KAVE,1
Mason,PRECINCT 9,STATE EXECUTIVE COMMITTEE,4,REP,ASHBY KAVE,1
Mason,PRECINCT 10,STATE EXECUTIVE COMMITTEE,4,REP,ASHBY KAVE,1
Mason,PRECINCT 11,STATE EXECUTIVE COMMITTEE,4,REP,ASHBY KAVE,1
Mason,PRECINCT 12,STATE EXECUTIVE COMMITTEE,4,REP,ASHBY KAVE,0
Mason,PRECINCT 13,STATE EXECUTIVE COMMITTEE,4,REP,ASHBY KAVE,4
Mason,PRECINCT 14,STATE EXECUTIVE COMMITTEE,4,REP,ASHBY KAVE,0
Mason,PRECINCT 15,STATE EXECUTIVE COMMITTEE,4,REP,ASHBY KAVE,2
Mason,PRECINCT 16,STATE EXECUTIVE COMMITTEE,4,REP,ASHBY KAVE,11
Mason,PRECINCT 17,STATE EXECUTIVE COMMITTEE,4,REP,ASHBY KAVE,2
Mason,PRECINCT 18,STATE EXECUTIVE COMMITTEE,4,REP,ASHBY KAVE,1
Mason,PRECINCT 19,STATE EXECUTIVE COMMITTEE,4,REP,ASHBY KAVE,2
Mason,PRECINCT 19LE,STATE EXECUTIVE COMMITTEE,4,REP,ASHBY KAVE,0
Mason,PRECINCT 20,STATE EXECUTIVE COMMITTEE,4,REP,ASHBY KAVE,0
Mason,PRECINCT 21,STATE EXECUTIVE COMMITTEE,4,REP,ASHBY KAVE,0
Mason,PRECINCT 22,STATE EXECUTIVE COMMITTEE,4,REP,ASHBY KAVE,2
Mason,PRECINCT 23,STATE EXECUTIVE COMMITTEE,4,REP,ASHBY KAVE,3
Mason,PRECINCT 24,STATE EXECUTIVE COMMITTEE,4,REP,ASHBY KAVE,2
Mason,PRECINCT 25,STATE EXECUTIVE COMMITTEE,4,REP,ASHBY KAVE,0
Mason,PRECINCT 26,STATE EXECUTIVE COMMITTEE,4,REP,ASHBY KAVE,1
Mason,PRECINCT 27,STATE EXECUTIVE COMMITTEE,4,REP,ASHBY KAVE,1
Mason,PRECINCT 28,STATE EXECUTIVE COMMITTEE,4,REP,ASHBY KAVE,2
Mason,PRECINCT 29,STATE EXECUTIVE COMMITTEE,4,REP,ASHBY KAVE,0
Mason,PRECINCT 30,STATE EXECUTIVE COMMITTEE,4,REP,ASHBY KAVE,2
Mason,PRECINCT 1,STATE EXECUTIVE COMMITTEE,4,REP,CALEB A. TURNER,2
Mason,PRECINCT 2,STATE EXECUTIVE COMMITTEE,4,REP,CALEB A. TURNER,0
Mason,PRECINCT 3,STATE EXECUTIVE COMMITTEE,4,REP,CALEB A. TURNER,0
Mason,PRECINCT 4,STATE EXECUTIVE COMMITTEE,4,REP,CALEB A. TURNER,2
Mason,PRECINCT 5,STATE EXECUTIVE COMMITTEE,4,REP,CALEB A. TURNER,0
Mason,PRECINCT 6,STATE EXECUTIVE COMMITTEE,4,REP,CALEB A. TURNER,1
Mason,PRECINCT 7,STATE EXECUTIVE COMMITTEE,4,REP,CALEB A. TURNER,1
Mason,PRECINCT 8,STATE EXECUTIVE COMMITTEE,4,REP,CALEB A. TURNER,2
Mason,PRECINCT 9,STATE EXECUTIVE COMMITTEE,4,REP,CALEB A. TURNER,4
Mason,PRECINCT 10,STATE EXECUTIVE COMMITTEE,4,REP,CALEB A. TURNER,1
Mason,PRECINCT 11,STATE EXECUTIVE COMMITTEE,4,REP,CALEB A. TURNER,1
Mason,PRECINCT 12,STATE EXECUTIVE COMMITTEE,4,REP,CALEB A. TURNER,0
Mason,PRECINCT 13,STATE EXECUTIVE COMMITTEE,4,REP,CALEB A. TURNER,1
Mason,PRECINCT 14,STATE EXECUTIVE COMMITTEE,4,REP,CALEB A. TURNER,0
Mason,PRECINCT 15,STATE EXECUTIVE COMMITTEE,4,REP,CALEB A. TURNER,1
Mason,PRECINCT 16,STATE EXECUTIVE COMMITTEE,4,REP,CALEB A. TURNER,0
Mason,PRECINCT 17,STATE EXECUTIVE COMMITTEE,4,REP,CALEB A. TURNER,4
Mason,PRECINCT 18,STATE EXECUTIVE COMMITTEE,4,REP,CALEB A. TURNER,1
Mason,PRECINCT 19,STATE EXECUTIVE COMMITTEE,4,REP,CALEB A. TURNER,4
Mason,PRECINCT 19LE,STATE EXECUTIVE COMMITTEE,4,REP,CALEB A. TURNER,0
Mason,PRECINCT 20,STATE EXECUTIVE COMMITTEE,4,REP,CALEB A. TURNER,1
Mason,PRECINCT 21,STATE EXECUTIVE COMMITTEE,4,REP,CALEB A. TURNER,1
Mason,PRECINCT 22,STATE EXECUTIVE COMMITTEE,4,REP,CALEB A. TURNER,2
Mason,PRECINCT 23,STATE EXECUTIVE COMMITTEE,4,REP,CALEB A. TURNER,1
Mason,PRECINCT 24,STATE EXECUTIVE COMMITTEE,4,REP,CALEB A. TURNER,1
Mason,PRECINCT 25,STATE EXECUTIVE COMMITTEE,4,REP,CALEB A. TURNER,1
Mason,PRECINCT 26,STATE EXECUTIVE COMMITTEE,4,REP,CALEB A. TURNER,0
Mason,PRECINCT 27,STATE EXECUTIVE COMMITTEE,4,REP,CALEB A. TURNER,1
Mason,PRECINCT 28,STATE EXECUTIVE COMMITTEE,4,REP,CALEB A. TURNER,0
Mason,PRECINCT 29,STATE EXECUTIVE COMMITTEE,4,REP,CALEB A. TURNER,2
Mason,PRECINCT 30,STATE EXECUTIVE COMMITTEE,4,REP,CALEB A. TURNER,5
Mason,PRECINCT 1,STATE EXECUTIVE COMMITTEE,4,REP,STEVE CONNOLLY,0
Mason,PRECINCT 2,STATE EXECUTIVE COMMITTEE,4,REP,STEVE CONNOLLY,0
Mason,PRECINCT 3,STATE EXECUTIVE COMMITTEE,4,REP,STEVE CONNOLLY,1
Mason,PRECINCT 4,STATE EXECUTIVE COMMITTEE,4,REP,STEVE CONNOLLY,2
Mason,PRECINCT 5,STATE EXECUTIVE COMMITTEE,4,REP,STEVE CONNOLLY,0
Mason,PRECINCT 6,STATE EXECUTIVE COMMITTEE,4,REP,STEVE CONNOLLY,2
Mason,PRECINCT 7,STATE EXECUTIVE COMMITTEE,4,REP,STEVE CONNOLLY,0
Mason,PRECINCT 8,STATE EXECUTIVE COMMITTEE,4,REP,STEVE CONNOLLY,1
Mason,PRECINCT 9,STATE EXECUTIVE COMMITTEE,4,REP,STEVE CONNOLLY,0
Mason,PRECINCT 10,STATE EXECUTIVE COMMITTEE,4,REP,STEVE CONNOLLY,1
Mason,PRECINCT 11,STATE EXECUTIVE COMMITTEE,4,REP,STEVE CONNOLLY,1
Mason,PRECINCT 12,STATE EXECUTIVE COMMITTEE,4,REP,STEVE CONNOLLY,0
Mason,PRECINCT 13,STATE EXECUTIVE COMMITTEE,4,REP,STEVE CONNOLLY,1
Mason,PRECINCT 14,STATE EXECUTIVE COMMITTEE,4,REP,STEVE CONNOLLY,1
Mason,PRECINCT 15,STATE EXECUTIVE COMMITTEE,4,REP,STEVE CONNOLLY,2
Mason,PRECINCT 16,STATE EXECUTIVE COMMITTEE,4,REP,STEVE CONNOLLY,4
Mason,PRECINCT 17,STATE EXECUTIVE COMMITTEE,4,REP,STEVE CONNOLLY,0
Mason,PRECINCT 18,STATE EXECUTIVE COMMITTEE,4,REP,STEVE CONNOLLY,2
Mason,PRECINCT 19,STATE EXECUTIVE COMMITTEE,4,REP,STEVE CONNOLLY,4
Mason,PRECINCT 19LE,STATE EXECUTIVE COMMITTEE,4,REP,STEVE CONNOLLY,0
Mason,PRECINCT 20,STATE EXECUTIVE COMMITTEE,4,REP,STEVE CONNOLLY,3
Mason,PRECINCT 21,STATE EXECUTIVE COMMITTEE,4,REP,STEVE CONNOLLY,4
Mason,PRECINCT 22,STATE EXECUTIVE COMMITTEE,4,REP,STEVE CONNOLLY,2
Mason,PRECINCT 23,STATE EXECUTIVE COMMITTEE,4,REP,STEVE CONNOLLY,1
Mason,PRECINCT 24,STATE EXECUTIVE COMMITTEE,4,REP,STEVE CONNOLLY,0
Mason,PRECINCT 25,STATE EXECUTIVE COMMITTEE,4,REP,STEVE CONNOLLY,2
Mason,PRECINCT 26,STATE EXECUTIVE COMMITTEE,4,REP,STEVE CONNOLLY,1
Mason,PRECINCT 27,STATE EXECUTIVE COMMITTEE,4,REP,STEVE CONNOLLY,1
Mason,PRECINCT 28,STATE EXECUTIVE COMMITTEE,4,REP,STEVE CONNOLLY,0
Mason,PRECINCT 29,STATE EXECUTIVE COMMITTEE,4,REP,STEVE CONNOLLY,1
Mason,PRECINCT 30,STATE EXECUTIVE COMMITTEE,4,REP,STEVE CONNOLLY,3
Mason,PRECINCT 1,STATE EXECUTIVE COMMITTEE,4,REP,PAUL HARTLING,0
Mason,PRECINCT 2,STATE EXECUTIVE COMMITTEE,4,REP,PAUL HARTLING,1
Mason,PRECINCT 3,STATE EXECUTIVE COMMITTEE,4,REP,PAUL HARTLING,0
Mason,PRECINCT 4,STATE EXECUTIVE COMMITTEE,4,REP,PAUL HARTLING,0
Mason,PRECINCT 5,STATE EXECUTIVE COMMITTEE,4,REP,PAUL HARTLING,0
Mason,PRECINCT 6,STATE EXECUTIVE COMMITTEE,4,REP,PAUL HARTLING,0
Mason,PRECINCT 7,STATE EXECUTIVE COMMITTEE,4,REP,PAUL HARTLING,1
Mason,PRECINCT 8,STATE EXECUTIVE COMMITTEE,4,REP,PAUL HARTLING,0
Mason,PRECINCT 9,STATE EXECUTIVE COMMITTEE,4,REP,PAUL HARTLING,0
Mason,PRECINCT 10,STATE EXECUTIVE COMMITTEE,4,REP,PAUL HARTLING,1
Mason,PRECINCT 11,STATE EXECUTIVE COMMITTEE,4,REP,PAUL HARTLING,0
Mason,PRECINCT 12,STATE EXECUTIVE COMMITTEE,4,REP,PAUL HARTLING,1
Mason,PRECINCT 13,STATE EXECUTIVE COMMITTEE,4,REP,PAUL HARTLING,1
Mason,PRECINCT 14,STATE EXECUTIVE COMMITTEE,4,REP,PAUL HARTLING,0
Mason,PRECINCT 15,STATE EXECUTIVE COMMITTEE,4,REP,PAUL HARTLING,1
Mason,PRECINCT 16,STATE EXECUTIVE COMMITTEE,4,REP,PAUL HARTLING,2
Mason,PRECINCT 17,STATE EXECUTIVE COMMITTEE,4,REP,PAUL HARTLING,1
Mason,PRECINCT 18,STATE EXECUTIVE COMMITTEE,4,REP,PAUL HARTLING,0
Mason,PRECINCT 19,STATE EXECUTIVE COMMITTEE,4,REP,PAUL HARTLING,1
Mason,PRECINCT 19LE,STATE EXECUTIVE COMMITTEE,4,REP,PAUL HARTLING,0
Mason,PRECINCT 20,STATE EXECUTIVE COMMITTEE,4,REP,PAUL HARTLING,1
Mason,PRECINCT 21,STATE EXECUTIVE COMMITTEE,4,REP,PAUL HARTLING,2
Mason,PRECINCT 22,STATE EXECUTIVE COMMITTEE,4,REP,PAUL HARTLING,2
Mason,PRECINCT 23,STATE EXECUTIVE COMMITTEE,4,REP,PAUL HARTLING,1
Mason,PRECINCT 24,STATE EXECUTIVE COMMITTEE,4,REP,PAUL HARTLING,2
Mason,PRECINCT 25,STATE EXECUTIVE COMMITTEE,4,REP,PAUL HARTLING,0
Mason,PRECINCT 26,STATE EXECUTIVE COMMITTEE,4,REP,PAUL HARTLING,0
Mason,PRECINCT 27,STATE EXECUTIVE COMMITTEE,4,REP,PAUL HARTLING,1
Mason,PRECINCT 28,STATE EXECUTIVE COMMITTEE,4,REP,PAUL HARTLING,1
Mason,PRECINCT 29,STATE EXECUTIVE COMMITTEE,4,REP,PAUL HARTLING,2
Mason,PRECINCT 30,STATE EXECUTIVE COMMITTEE,4,REP,PAUL HARTLING,2
Mason,PRECINCT 1,STATE EXECUTIVE COMMITTEE,4,REP,JARRED CANNON,0
Mason,PRECINCT 2,STATE EXECUTIVE COMMITTEE,4,REP,JARRED CANNON,0
Mason,PRECINCT 3,STATE EXECUTIVE COMMITTEE,4,REP,JARRED CANNON,1
Mason,PRECINCT 4,STATE EXECUTIVE COMMITTEE,4,REP,JARRED CANNON,0
Mason,PRECINCT 5,STATE EXECUTIVE COMMITTEE,4,REP,JARRED CANNON,0
Mason,PRECINCT 6,STATE EXECUTIVE COMMITTEE,4,REP,JARRED CANNON,0
Mason,PRECINCT 7,STATE EXECUTIVE COMMITTEE,4,REP,JARRED CANNON,0
Mason,PRECINCT 8,STATE EXECUTIVE COMMITTEE,4,REP,JARRED CANNON,2
Mason,PRECINCT 9,STATE EXECUTIVE COMMITTEE,4,REP,JARRED CANNON,1
Mason,PRECINCT 10,STATE EXECUTIVE COMMITTEE,4,REP,JARRED CANNON,0
Mason,PRECINCT 11,STATE EXECUTIVE COMMITTEE,4,REP,JARRED CANNON,0
Mason,PRECINCT 12,STATE EXECUTIVE COMMITTEE,4,REP,JARRED CANNON,1
Mason,PRECINCT 13,STATE EXECUTIVE COMMITTEE,4,REP,JARRED CANNON,1
Mason,PRECINCT 14,STATE EXECUTIVE COMMITTEE,4,REP,JARRED CANNON,1
Mason,PRECINCT 15,STATE EXECUTIVE COMMITTEE,4,REP,JARRED CANNON,0
Mason,PRECINCT 16,STATE EXECUTIVE COMMITTEE,4,REP,JARRED CANNON,2
Mason,PRECINCT 17,STATE EXECUTIVE COMMITTEE,4,REP,JARRED CANNON,0
Mason,PRECINCT 18,STATE EXECUTIVE COMMITTEE,4,REP,JARRED CANNON,0
Mason,PRECINCT 19,STATE EXECUTIVE COMMITTEE,4,REP,JARRED CANNON,2
Mason,PRECINCT 19LE,STATE EXECUTIVE COMMITTEE,4,REP,JARRED CANNON,0
Mason,PRECINCT 20,STATE EXECUTIVE COMMITTEE,4,REP,JARRED CANNON,0
Mason,PRECINCT 21,STATE EXECUTIVE COMMITTEE,4,REP,JARRED CANNON,0
Mason,PRECINCT 22,STATE EXECUTIVE COMMITTEE,4,REP,JARRED CANNON,2
Mason,PRECINCT 23,STATE EXECUTIVE COMMITTEE,4,REP,JARRED CANNON,1
Mason,PRECINCT 24,STATE EXECUTIVE COMMITTEE,4,REP,JARRED CANNON,0
Mason,PRECINCT 25,STATE EXECUTIVE COMMITTEE,4,REP,JARRED CANNON,3
Mason,PRECINCT 26,STATE EXECUTIVE COMMITTEE,4,REP,JARRED CANNON,0
Mason,PRECINCT 27,STATE EXECUTIVE COMMITTEE,4,REP,JARRED CANNON,2
Mason,PRECINCT 28,STATE EXECUTIVE COMMITTEE,4,REP,JARRED CANNON,2
Mason,PRECINCT 29,STATE EXECUTIVE COMMITTEE,4,REP,JARRED CANNON,0
Mason,PRECINCT 30,STATE EXECUTIVE COMMITTEE,4,REP,JARRED CANNON,1
Mason,PRECINCT 1,STATE EXECUTIVE COMMITTEE,4,DEM,FLOYD R. SAYRE,9
Mason,PRECINCT 2,STATE EXECUTIVE COMMITTEE,4,DEM,FLOYD R. SAYRE,14
Mason,PRECINCT 3,STATE EXECUTIVE COMMITTEE,4,DEM,FLOYD R. SAYRE,31
Mason,PRECINCT 4,STATE EXECUTIVE COMMITTEE,4,DEM,FLOYD R. SAYRE,28
Mason,PRECINCT 5,STATE EXECUTIVE COMMITTEE,4,DEM,FLOYD R. SAYRE,32
Mason,PRECINCT 6,STATE EXECUTIVE COMMITTEE,4,DEM,FLOYD R. SAYRE,29
Mason,PRECINCT 7,STATE EXECUTIVE COMMITTEE,4,DEM,FLOYD R. SAYRE,31
Mason,PRECINCT 8,STATE EXECUTIVE COMMITTEE,4,DEM,FLOYD R. SAYRE,59
Mason,PRECINCT 9,STATE EXECUTIVE COMMITTEE,4,DEM,FLOYD R. SAYRE,35
Mason,PRECINCT 10,STATE EXECUTIVE COMMITTEE,4,DEM,FLOYD R. SAYRE,45
Mason,PRECINCT 11,STATE EXECUTIVE COMMITTEE,4,DEM,FLOYD R. SAYRE,3
Mason,PRECINCT 12,STATE EXECUTIVE COMMITTEE,4,DEM,FLOYD R. SAYRE,17
Mason,PRECINCT 13,STATE EXECUTIVE COMMITTEE,4,DEM,FLOYD R. SAYRE,34
Mason,PRECINCT 14,STATE EXECUTIVE COMMITTEE,4,DEM,FLOYD R. SAYRE,33
Mason,PRECINCT 15,STATE EXECUTIVE COMMITTEE,4,DEM,FLOYD R. SAYRE,41
Mason,PRECINCT 16,STATE EXECUTIVE COMMITTEE,4,DEM,FLOYD R. SAYRE,24
Mason,PRECINCT 17,STATE EXECUTIVE COMMITTEE,4,DEM,FLOYD R. SAYRE,25
Mason,PRECINCT 18,STATE EXECUTIVE COMMITTEE,4,DEM,FLOYD R. SAYRE,34
Mason,PRECINCT 19,STATE EXECUTIVE COMMITTEE,4,DEM,FLOYD R. SAYRE,42
Mason,PRECINCT 19LE,STATE EXECUTIVE COMMITTEE,4,DEM,FLOYD R. SAYRE,5
Mason,PRECINCT 20,STATE EXECUTIVE COMMITTEE,4,DEM,FLOYD R. SAYRE,19
Mason,PRECINCT 21,STATE EXECUTIVE COMMITTEE,4,DEM,FLOYD R. SAYRE,28
Mason,PRECINCT 22,STATE EXECUTIVE COMMITTEE,4,DEM,FLOYD R. SAYRE,37
Mason,PRECINCT 23,STATE EXECUTIVE COMMITTEE,4,DEM,FLOYD R. SAYRE,31
Mason,PRECINCT 24,STATE EXECUTIVE COMMITTEE,4,DEM,FLOYD R. SAYRE,61
Mason,PRECINCT 25,STATE EXECUTIVE COMMITTEE,4,DEM,FLOYD R. SAYRE,56
Mason,PRECINCT 26,STATE EXECUTIVE COMMITTEE,4,DEM,FLOYD R. SAYRE,18
Mason,PRECINCT 27,STATE EXECUTIVE COMMITTEE,4,DEM,FLOYD R. SAYRE,36
Mason,PRECINCT 28,STATE EXECUTIVE COMMITTEE,4,DEM,FLOYD R. SAYRE,42
Mason,PRECINCT 29,STATE EXECUTIVE COMMITTEE,4,DEM,FLOYD R. SAYRE,37
Mason,PRECINCT 30,STATE EXECUTIVE COMMITTEE,4,DEM,FLOYD R. SAYRE,106
Mason,PRECINCT 1,STATE EXECUTIVE COMMITTEE,4,DEM,"JASON ""BIGLIFT"" BARR",3
Mason,PRECINCT 2,STATE EXECUTIVE COMMITTEE,4,DEM,"JASON ""BIGLIFT"" BARR",4
Mason,PRECINCT 3,STATE EXECUTIVE COMMITTEE,4,DEM,"JASON ""BIGLIFT"" BARR",5
Mason,PRECINCT 4,STATE EXECUTIVE COMMITTEE,4,DEM,"JASON ""BIGLIFT"" BARR",7
Mason,PRECINCT 5,STATE EXECUTIVE COMMITTEE,4,DEM,"JASON ""BIGLIFT"" BARR",7
Mason,PRECINCT 6,STATE EXECUTIVE COMMITTEE,4,DEM,"JASON ""BIGLIFT"" BARR",10
Mason,PRECINCT 7,STATE EXECUTIVE COMMITTEE,4,DEM,"JASON ""BIGLIFT"" BARR",5
Mason,PRECINCT 8,STATE EXECUTIVE COMMITTEE,4,DEM,"JASON ""BIGLIFT"" BARR",10
Mason,PRECINCT 9,STATE EXECUTIVE COMMITTEE,4,DEM,"JASON ""BIGLIFT"" BARR",14
Mason,PRECINCT 10,STATE EXECUTIVE COMMITTEE,4,DEM,"JASON ""BIGLIFT"" BARR",15
Mason,PRECINCT 11,STATE EXECUTIVE COMMITTEE,4,DEM,"JASON ""BIGLIFT"" BARR",1
Mason,PRECINCT 12,STATE EXECUTIVE COMMITTEE,4,DEM,"JASON ""BIGLIFT"" BARR",4
Mason,PRECINCT 13,STATE EXECUTIVE COMMITTEE,4,DEM,"JASON ""BIGLIFT"" BARR",12
Mason,PRECINCT 14,STATE EXECUTIVE COMMITTEE,4,DEM,"JASON ""BIGLIFT"" BARR",9
Mason,PRECINCT 15,STATE EXECUTIVE COMMITTEE,4,DEM,"JASON ""BIGLIFT"" BARR",7
Mason,PRECINCT 16,STATE EXECUTIVE COMMITTEE,4,DEM,"JASON ""BIGLIFT"" BARR",3
Mason,PRECINCT 17,STATE EXECUTIVE COMMITTEE,4,DEM,"JASON ""BIGLIFT"" BARR",8
Mason,PRECINCT 18,STATE EXECUTIVE COMMITTEE,4,DEM,"JASON ""BIGLIFT"" BARR",6
Mason,PRECINCT 19,STATE EXECUTIVE COMMITTEE,4,DEM,"JASON ""BIGLIFT"" BARR",25
Mason,PRECINCT 19LE,STATE EXECUTIVE COMMITTEE,4,DEM,"JASON ""BIGLIFT"" BARR",2
Mason,PRECINCT 20,STATE EXECUTIVE COMMITTEE,4,DEM,"JASON ""BIGLIFT"" BARR",14
Mason,PRECINCT 21,STATE EXECUTIVE COMMITTEE,4,DEM,"JASON ""BIGLIFT"" BARR",19
Mason,PRECINCT 22,STATE EXECUTIVE COMMITTEE,4,DEM,"JASON ""BIGLIFT"" BARR",9
Mason,PRECINCT 23,STATE EXECUTIVE COMMITTEE,4,DEM,"JASON ""BIGLIFT"" BARR",12
Mason,PRECINCT 24,STATE EXECUTIVE COMMITTEE,4,DEM,"JASON ""BIGLIFT"" BARR",19
Mason,PRECINCT 25,STATE EXECUTIVE COMMITTEE,4,DEM,"JASON ""BIGLIFT"" BARR",21
Mason,PRECINCT 26,STATE EXECUTIVE COMMITTEE,4,DEM,"JASON ""BIGLIFT"" BARR",5
Mason,PRECINCT 27,STATE EXECUTIVE COMMITTEE,4,DEM,"JASON ""BIGLIFT"" BARR",17
Mason,PRECINCT 28,STATE EXECUTIVE COMMITTEE,4,DEM,"JASON ""BIGLIFT"" BARR",18
Mason,PRECINCT 29,STATE EXECUTIVE COMMITTEE,4,DEM,"JASON ""BIGLIFT"" BARR",22
Mason,PRECINCT 30,STATE EXECUTIVE COMMITTEE,4,DEM,"JASON ""BIGLIFT"" BARR",31
Mason,PRECINCT 1,STATE EXECUTIVE COMMITTEE,4,DEM,BEN BARKEY,3
Mason,PRECINCT 2,STATE EXECUTIVE COMMITTEE,4,DEM,BEN BARKEY,6
Mason,PRECINCT 3,STATE EXECUTIVE COMMITTEE,4,DEM,BEN BARKEY,8
Mason,PRECINCT 4,STATE EXECUTIVE COMMITTEE,4,DEM,BEN BARKEY,9
Mason,PRECINCT 5,STATE EXECUTIVE COMMITTEE,4,DEM,BEN BARKEY,10
Mason,PRECINCT 6,STATE EXECUTIVE COMMITTEE,4,DEM,BEN BARKEY,5
Mason,PRECINCT 7,STATE EXECUTIVE COMMITTEE,4,DEM,BEN BARKEY,14
Mason,PRECINCT 8,STATE EXECUTIVE COMMITTEE,4,DEM,BEN BARKEY,17
Mason,PRECINCT 9,STATE EXECUTIVE COMMITTEE,4,DEM,BEN BARKEY,9
Mason,PRECINCT 10,STATE EXECUTIVE COMMITTEE,4,DEM,BEN BARKEY,13
Mason,PRECINCT 11,STATE EXECUTIVE COMMITTEE,4,DEM,BEN BARKEY,0
Mason,PRECINCT 12,STATE EXECUTIVE COMMITTEE,4,DEM,BEN BARKEY,2
Mason,PRECINCT 13,STATE EXECUTIVE COMMITTEE,4,DEM,BEN BARKEY,11
Mason,PRECINCT 14,STATE EXECUTIVE COMMITTEE,4,DEM,BEN BARKEY,6
Mason,PRECINCT 15,STATE EXECUTIVE COMMITTEE,4,DEM,BEN BARKEY,6
Mason,PRECINCT 16,STATE EXECUTIVE COMMITTEE,4,DEM,BEN BARKEY,9
Mason,PRECINCT 17,STATE EXECUTIVE COMMITTEE,4,DEM,BEN BARKEY,11
Mason,PRECINCT 18,STATE EXECUTIVE COMMITTEE,4,DEM,BEN BARKEY,13
Mason,PRECINCT 19,STATE EXECUTIVE COMMITTEE,4,DEM,BEN BARKEY,8
Mason,PRECINCT 19LE,STATE EXECUTIVE COMMITTEE,4,DEM,BEN BARKEY,2
Mason,PRECINCT 20,STATE EXECUTIVE COMMITTEE,4,DEM,BEN BARKEY,3
Mason,PRECINCT 21,STATE EXECUTIVE COMMITTEE,4,DEM,BEN BARKEY,3
Mason,PRECINCT 22,STATE EXECUTIVE COMMITTEE,4,DEM,BEN BARKEY,3
Mason,PRECINCT 23,STATE EXECUTIVE COMMITTEE,4,DEM,BEN BARKEY,3
Mason,PRECINCT 24,STATE EXECUTIVE COMMITTEE,4,DEM,BEN BARKEY,13
Mason,PRECINCT 25,STATE EXECUTIVE COMMITTEE,4,DEM,BEN BARKEY,20
Mason,PRECINCT 26,STATE EXECUTIVE COMMITTEE,4,DEM,BEN BARKEY,5
Mason,PRECINCT 27,STATE EXECUTIVE COMMITTEE,4,DEM,BEN BARKEY,4
Mason,PRECINCT 28,STATE EXECUTIVE COMMITTEE,4,DEM,BEN BARKEY,8
Mason,PRECINCT 29,STATE EXECUTIVE COMMITTEE,4,DEM,BEN BARKEY,8
Mason,PRECINCT 30,STATE EXECUTIVE COMMITTEE,4,DEM,BEN BARKEY,19
Mason,PRECINCT 1,STATE EXECUTIVE COMMITTEE,4,DEM,BILLY WAYNE BAILEY,4
Mason,PRECINCT 2,STATE EXECUTIVE COMMITTEE,4,DEM,BILLY WAYNE BAILEY,3
Mason,PRECINCT 3,STATE EXECUTIVE COMMITTEE,4,DEM,BILLY WAYNE BAILEY,2
Mason,PRECINCT 4,STATE EXECUTIVE COMMITTEE,4,DEM,BILLY WAYNE BAILEY,6
Mason,PRECINCT 5,STATE EXECUTIVE COMMITTEE,4,DEM,BILLY WAYNE BAILEY,7
Mason,PRECINCT 6,STATE EXECUTIVE COMMITTEE,4,DEM,BILLY WAYNE BAILEY,3
Mason,PRECINCT 7,STATE EXECUTIVE COMMITTEE,4,DEM,BILLY WAYNE BAILEY,5
Mason,PRECINCT 8,STATE EXECUTIVE COMMITTEE,4,DEM,BILLY WAYNE BAILEY,5
Mason,PRECINCT 9,STATE EXECUTIVE COMMITTEE,4,DEM,BILLY WAYNE BAILEY,5
Mason,PRECINCT 10,STATE EXECUTIVE COMMITTEE,4,DEM,BILLY WAYNE BAILEY,6
Mason,PRECINCT 11,STATE EXECUTIVE COMMITTEE,4,DEM,BILLY WAYNE BAILEY,1
Mason,PRECINCT 12,STATE EXECUTIVE COMMITTEE,4,DEM,BILLY WAYNE BAILEY,3
Mason,PRECINCT 13,STATE EXECUTIVE COMMITTEE,4,DEM,BILLY WAYNE BAILEY,2
Mason,PRECINCT 14,STATE EXECUTIVE COMMITTEE,4,DEM,BILLY WAYNE BAILEY,10
Mason,PRECINCT 15,STATE EXECUTIVE COMMITTEE,4,DEM,BILLY WAYNE BAILEY,14
Mason,PRECINCT 16,STATE EXECUTIVE COMMITTEE,4,DEM,BILLY WAYNE BAILEY,14
Mason,PRECINCT 17,STATE EXECUTIVE COMMITTEE,4,DEM,BILLY WAYNE BAILEY,7
Mason,PRECINCT 18,STATE EXECUTIVE COMMITTEE,4,DEM,BILLY WAYNE BAILEY,2
Mason,PRECINCT 19,STATE EXECUTIVE COMMITTEE,4,DEM,BILLY WAYNE BAILEY,6
Mason,PRECINCT 19LE,STATE EXECUTIVE COMMITTEE,4,DEM,BILLY WAYNE BAILEY,1
Mason,PRECINCT 20,STATE EXECUTIVE COMMITTEE,4,DEM,BILLY WAYNE BAILEY,1
Mason,PRECINCT 21,STATE EXECUTIVE COMMITTEE,4,DEM,BILLY WAYNE BAILEY,2
Mason,PRECINCT 22,STATE EXECUTIVE COMMITTEE,4,DEM,BILLY WAYNE BAILEY,2
Mason,PRECINCT 23,STATE EXECUTIVE COMMITTEE,4,DEM,BILLY WAYNE BAILEY,7
Mason,PRECINCT 24,STATE EXECUTIVE COMMITTEE,4,DEM,BILLY WAYNE BAILEY,4
Mason,PRECINCT 25,STATE EXECUTIVE COMMITTEE,4,DEM,BILLY WAYNE BAILEY,6
Mason,PRECINCT 26,STATE EXECUTIVE COMMITTEE,4,DEM,BILLY WAYNE BAILEY,4
Mason,PRECINCT 27,STATE EXECUTIVE COMMITTEE,4,DEM,BILLY WAYNE BAILEY,8
Mason,PRECINCT 28,STATE EXECUTIVE COMMITTEE,4,DEM,BILLY WAYNE BAILEY,5
Mason,PRECINCT 29,STATE EXECUTIVE COMMITTEE,4,DEM,BILLY WAYNE BAILEY,6
Mason,PRECINCT 30,STATE EXECUTIVE COMMITTEE,4,DEM,BILLY WAYNE BAILEY,23
Mason,PRECINCT 1,REP FOR CIRCUIT CLERK,,REP,ELIZABETH A JONES,18
Mason,PRECINCT 2,REP FOR CIRCUIT CLERK,,REP,ELIZABETH A JONES,25
Mason,PRECINCT 3,REP FOR CIRCUIT CLERK,,REP,ELIZABETH A JONES,29
Mason,PRECINCT 4,REP FOR CIRCUIT CLERK,,REP,ELIZABETH A JONES,57
Mason,PRECINCT 5,REP FOR CIRCUIT CLERK,,REP,ELIZABETH A JONES,36
Mason,PRECINCT 6,REP FOR CIRCUIT CLERK,,REP,ELIZABETH A JONES,54
Mason,PRECINCT 7,REP FOR CIRCUIT CLERK,,REP,ELIZABETH A JONES,78
Mason,PRECINCT 8,REP FOR CIRCUIT CLERK,,REP,ELIZABETH A JONES,72
Mason,PRECINCT 9,REP FOR CIRCUIT CLERK,,REP,ELIZABETH A JONES,81
Mason,PRECINCT 10,REP FOR CIRCUIT CLERK,,REP,ELIZABETH A JONES,95
Mason,PRECINCT 11,REP FOR CIRCUIT CLERK,,REP,ELIZABETH A JONES,10
Mason,PRECINCT 12,REP FOR CIRCUIT CLERK,,REP,ELIZABETH A JONES,54
Mason,PRECINCT 13,REP FOR CIRCUIT CLERK,,REP,ELIZABETH A JONES,123
Mason,PRECINCT 14,REP FOR CIRCUIT CLERK,,REP,ELIZABETH A JONES,68
Mason,PRECINCT 15,REP FOR CIRCUIT CLERK,,REP,ELIZABETH A JONES,59
Mason,PRECINCT 16,REP FOR CIRCUIT CLERK,,REP,ELIZABETH A JONES,81
Mason,PRECINCT 17,REP FOR CIRCUIT CLERK,,REP,ELIZABETH A JONES,68
Mason,PRECINCT 18,REP FOR CIRCUIT CLERK,,REP,ELIZABETH A JONES,46
Mason,PRECINCT 19,REP FOR CIRCUIT CLERK,,REP,ELIZABETH A JONES,84
Mason,PRECINCT 19LE,REP FOR CIRCUIT CLERK,,REP,ELIZABETH A JONES,10
Mason,PRECINCT 20,REP FOR CIRCUIT CLERK,,REP,ELIZABETH A JONES,55
Mason,PRECINCT 21,REP FOR CIRCUIT CLERK,,REP,ELIZABETH A JONES,69
Mason,PRECINCT 22,REP FOR CIRCUIT CLERK,,REP,ELIZABETH A JONES,107
Mason,PRECINCT 23,REP FOR CIRCUIT CLERK,,REP,ELIZABETH A JONES,67
Mason,PRECINCT 24,REP FOR CIRCUIT CLERK,,REP,ELIZABETH A JONES,79
Mason,PRECINCT 25,REP FOR CIRCUIT CLERK,,REP,ELIZABETH A JONES,110
Mason,PRECINCT 26,REP FOR CIRCUIT CLERK,,REP,ELIZABETH A JONES,19
Mason,PRECINCT 27,REP FOR CIRCUIT CLERK,,REP,ELIZABETH A JONES,67
Mason,PRECINCT 28,REP FOR CIRCUIT CLERK,,REP,ELIZABETH A JONES,69
Mason,PRECINCT 29,REP FOR CIRCUIT CLERK,,REP,ELIZABETH A JONES,67
Mason,PRECINCT 30,REP FOR CIRCUIT CLERK,,REP,ELIZABETH A JONES,202
Mason,PRECINCT 1,DEM FOR CIRCUIT CLERK,,DEM,NO CANDIDATE FILED,0
Mason,PRECINCT 2,DEM FOR CIRCUIT CLERK,,DEM,NO CANDIDATE FILED,0
Mason,PRECINCT 3,DEM FOR CIRCUIT CLERK,,DEM,NO CANDIDATE FILED,0
Mason,PRECINCT 4,DEM FOR CIRCUIT CLERK,,DEM,NO CANDIDATE FILED,0
Mason,PRECINCT 5,DEM FOR CIRCUIT CLERK,,DEM,NO CANDIDATE FILED,0
Mason,PRECINCT 6,DEM FOR CIRCUIT CLERK,,DEM,NO CANDIDATE FILED,0
Mason,PRECINCT 7,DEM FOR CIRCUIT CLERK,,DEM,NO CANDIDATE FILED,0
Mason,PRECINCT 8,DEM FOR CIRCUIT CLERK,,DEM,NO CANDIDATE FILED,0
Mason,PRECINCT 9,DEM FOR CIRCUIT CLERK,,DEM,NO CANDIDATE FILED,0
Mason,PRECINCT 10,DEM FOR CIRCUIT CLERK,,DEM,NO CANDIDATE FILED,0
Mason,PRECINCT 11,DEM FOR CIRCUIT CLERK,,DEM,NO CANDIDATE FILED,0
Mason,PRECINCT 12,DEM FOR CIRCUIT CLERK,,DEM,NO CANDIDATE FILED,0
Mason,PRECINCT 13,DEM FOR CIRCUIT CLERK,,DEM,NO CANDIDATE FILED,0
Mason,PRECINCT 14,DEM FOR CIRCUIT CLERK,,DEM,NO CANDIDATE FILED,0
Mason,PRECINCT 15,DEM FOR CIRCUIT CLERK,,DEM,NO CANDIDATE FILED,0
Mason,PRECINCT 16,DEM FOR CIRCUIT CLERK,,DEM,NO CANDIDATE FILED,0
Mason,PRECINCT 17,DEM FOR CIRCUIT CLERK,,DEM,NO CANDIDATE FILED,0
Mason,PRECINCT 18,DEM FOR CIRCUIT CLERK,,DEM,NO CANDIDATE FILED,0
Mason,PRECINCT 19,DEM FOR CIRCUIT CLERK,,DEM,NO CANDIDATE FILED,0
Mason,PRECINCT 19LE,DEM FOR CIRCUIT CLERK,,DEM,NO CANDIDATE FILED,0
Mason,PRECINCT 20,DEM FOR CIRCUIT CLERK,,DEM,NO CANDIDATE FILED,0
Mason,PRECINCT 21,DEM FOR CIRCUIT CLERK,,DEM,NO CANDIDATE FILED,0
Mason,PRECINCT 22,DEM FOR CIRCUIT CLERK,,DEM,NO CANDIDATE FILED,0
Mason,PRECINCT 23,DEM FOR CIRCUIT CLERK,,DEM,NO CANDIDATE FILED,0
Mason,PRECINCT 24,DEM FOR CIRCUIT CLERK,,DEM,NO CANDIDATE FILED,0
Mason,PRECINCT 25,DEM FOR CIRCUIT CLERK,,DEM,NO CANDIDATE FILED,0
Mason,PRECINCT 26,DEM FOR CIRCUIT CLERK,,DEM,NO CANDIDATE FILED,0
Mason,PRECINCT 27,DEM FOR CIRCUIT CLERK,,DEM,NO CANDIDATE FILED,0
Mason,PRECINCT 28,DEM FOR CIRCUIT CLERK,,DEM,NO CANDIDATE FILED,0
Mason,PRECINCT 29,DEM FOR CIRCUIT CLERK,,DEM,NO CANDIDATE FILED,0
Mason,PRECINCT 30,DEM FOR CIRCUIT CLERK,,DEM,NO CANDIDATE FILED,0
Mason,PRECINCT 1,REP FOR COUNTY COMMISSIONER,,REP,SAM NIBERT,19
Mason,PRECINCT 2,REP FOR COUNTY COMMISSIONER,,REP,SAM NIBERT,23
Mason,PRECINCT 3,REP FOR COUNTY COMMISSIONER,,REP,SAM NIBERT,29
Mason,PRECINCT 4,REP FOR COUNTY COMMISSIONER,,REP,SAM NIBERT,61
Mason,PRECINCT 5,REP FOR COUNTY COMMISSIONER,,REP,SAM NIBERT,34
Mason,PRECINCT 6,REP FOR COUNTY COMMISSIONER,,REP,SAM NIBERT,50
Mason,PRECINCT 7,REP FOR COUNTY COMMISSIONER,,REP,SAM NIBERT,81
Mason,PRECINCT 8,REP FOR COUNTY COMMISSIONER,,REP,SAM NIBERT,66
Mason,PRECINCT 9,REP FOR COUNTY COMMISSIONER,,REP,SAM NIBERT,86
Mason,PRECINCT 10,REP FOR COUNTY COMMISSIONER,,REP,SAM NIBERT,96
Mason,PRECINCT 11,REP FOR COUNTY COMMISSIONER,,REP,SAM NIBERT,8
Mason,PRECINCT 12,REP FOR COUNTY COMMISSIONER,,REP,SAM NIBERT,53
Mason,PRECINCT 13,REP FOR COUNTY COMMISSIONER,,REP,SAM NIBERT,133
Mason,PRECINCT 14,REP FOR COUNTY COMMISSIONER,,REP,SAM NIBERT,73
Mason,PRECINCT 15,REP FOR COUNTY COMMISSIONER,,REP,SAM NIBERT,65
Mason,PRECINCT 16,REP FOR COUNTY COMMISSIONER,,REP,SAM NIBERT,92
Mason,PRECINCT 17,REP FOR COUNTY COMMISSIONER,,REP,SAM NIBERT,68
Mason,PRECINCT 18,REP FOR COUNTY COMMISSIONER,,REP,SAM NIBERT,47
Mason,PRECINCT 19,REP FOR COUNTY COMMISSIONER,,REP,SAM NIBERT,82
Mason,PRECINCT 19LE,REP FOR COUNTY COMMISSIONER,,REP,SAM NIBERT,9
Mason,PRECINCT 20,REP FOR COUNTY COMMISSIONER,,REP,SAM NIBERT,56
Mason,PRECINCT 21,REP FOR COUNTY COMMISSIONER,,REP,SAM NIBERT,72
Mason,PRECINCT 22,REP FOR COUNTY COMMISSIONER,,REP,SAM NIBERT,108
Mason,PRECINCT 23,REP FOR COUNTY COMMISSIONER,,REP,SAM NIBERT,68
Mason,PRECINCT 24,REP FOR COUNTY COMMISSIONER,,REP,SAM NIBERT,77
Mason,PRECINCT 25,REP FOR COUNTY COMMISSIONER,,REP,SAM NIBERT,109
Mason,PRECINCT 26,REP FOR COUNTY COMMISSIONER,,REP,SAM NIBERT,20
Mason,PRECINCT 27,REP FOR COUNTY COMMISSIONER,,REP,SAM NIBERT,64
Mason,PRECINCT 28,REP FOR COUNTY COMMISSIONER,,REP,SAM NIBERT,69
Mason,PRECINCT 29,REP FOR COUNTY COMMISSIONER,,REP,SAM NIBERT,69
Mason,PRECINCT 30,REP FOR COUNTY COMMISSIONER,,REP,SAM NIBERT,213
Mason,PRECINCT 1,DEM FOR COUNTY COMMISSIONER,,DEM,MARKETTA CRUM,12
Mason,PRECINCT 2,DEM FOR COUNTY COMMISSIONER,,DEM,MARKETTA CRUM,15
Mason,PRECINCT 3,DEM FOR COUNTY COMMISSIONER,,DEM,MARKETTA CRUM,27
Mason,PRECINCT 4,DEM FOR COUNTY COMMISSIONER,,DEM,MARKETTA CRUM,24
Mason,PRECINCT 5,DEM FOR COUNTY COMMISSIONER,,DEM,MARKETTA CRUM,28
Mason,PRECINCT 6,DEM FOR COUNTY COMMISSIONER,,DEM,MARKETTA CRUM,29
Mason,PRECINCT 7,DEM FOR COUNTY COMMISSIONER,,DEM,MARKETTA CRUM,30
Mason,PRECINCT 8,DEM FOR COUNTY COMMISSIONER,,DEM,MARKETTA CRUM,52
Mason,PRECINCT 9,DEM FOR COUNTY COMMISSIONER,,DEM,MARKETTA CRUM,39
Mason,PRECINCT 10,DEM FOR COUNTY COMMISSIONER,,DEM,MARKETTA CRUM,40
Mason,PRECINCT 11,DEM FOR COUNTY COMMISSIONER,,DEM,MARKETTA CRUM,3
Mason,PRECINCT 12,DEM FOR COUNTY COMMISSIONER,,DEM,MARKETTA CRUM,15
Mason,PRECINCT 13,DEM FOR COUNTY COMMISSIONER,,DEM,MARKETTA CRUM,29
Mason,PRECINCT 14,DEM FOR COUNTY COMMISSIONER,,DEM,MARKETTA CRUM,28
Mason,PRECINCT 15,DEM FOR COUNTY COMMISSIONER,,DEM,MARKETTA CRUM,34
Mason,PRECINCT 16,DEM FOR COUNTY COMMISSIONER,,DEM,MARKETTA CRUM,25
Mason,PRECINCT 17,DEM FOR COUNTY COMMISSIONER,,DEM,MARKETTA CRUM,21
Mason,PRECINCT 18,DEM FOR COUNTY COMMISSIONER,,DEM,MARKETTA CRUM,28
Mason,PRECINCT 19,DEM FOR COUNTY COMMISSIONER,,DEM,MARKETTA CRUM,37
Mason,PRECINCT 19LE,DEM FOR COUNTY COMMISSIONER,,DEM,MARKETTA CRUM,4
Mason,PRECINCT 20,DEM FOR COUNTY COMMISSIONER,,DEM,MARKETTA CRUM,17
Mason,PRECINCT 21,DEM FOR COUNTY COMMISSIONER,,DEM,MARKETTA CRUM,24
Mason,PRECINCT 22,DEM FOR COUNTY COMMISSIONER,,DEM,MARKETTA CRUM,30
Mason,PRECINCT 23,DEM FOR COUNTY COMMISSIONER,,DEM,MARKETTA CRUM,26
Mason,PRECINCT 24,DEM FOR COUNTY COMMISSIONER,,DEM,MARKETTA CRUM,49
Mason,PRECINCT 25,DEM FOR COUNTY COMMISSIONER,,DEM,MARKETTA CRUM,47
Mason,PRECINCT 26,DEM FOR COUNTY COMMISSIONER,,DEM,MARKETTA CRUM,13
Mason,PRECINCT 27,DEM FOR COUNTY COMMISSIONER,,DEM,MARKETTA CRUM,29
Mason,PRECINCT 28,DEM FOR COUNTY COMMISSIONER,,DEM,MARKETTA CRUM,37
Mason,PRECINCT 29,DEM FOR COUNTY COMMISSIONER,,DEM,MARKETTA CRUM,33
Mason,PRECINCT 30,DEM FOR COUNTY COMMISSIONER,,DEM,MARKETTA CRUM,93
Mason,PRECINCT 1,REP FOR COUNTY CLERK,,REP,NO CANDIDATE FILED,0
Mason,PRECINCT 2,REP FOR COUNTY CLERK,,REP,NO CANDIDATE FILED,0
Mason,PRECINCT 3,REP FOR COUNTY CLERK,,REP,NO CANDIDATE FILED,0
Mason,PRECINCT 4,REP FOR COUNTY CLERK,,REP,NO CANDIDATE FILED,0
Mason,PRECINCT 5,REP FOR COUNTY CLERK,,REP,NO CANDIDATE FILED,0
Mason,PRECINCT 6,REP FOR COUNTY CLERK,,REP,NO CANDIDATE FILED,0
Mason,PRECINCT 7,REP FOR COUNTY CLERK,,REP,NO CANDIDATE FILED,0
Mason,PRECINCT 8,REP FOR COUNTY CLERK,,REP,NO CANDIDATE FILED,0
Mason,PRECINCT 9,REP FOR COUNTY CLERK,,REP,NO CANDIDATE FILED,0
Mason,PRECINCT 10,REP FOR COUNTY CLERK,,REP,NO CANDIDATE FILED,0
Mason,PRECINCT 11,REP FOR COUNTY CLERK,,REP,NO CANDIDATE FILED,0
Mason,PRECINCT 12,REP FOR COUNTY CLERK,,REP,NO CANDIDATE FILED,0
Mason,PRECINCT 13,REP FOR COUNTY CLERK,,REP,NO CANDIDATE FILED,0
Mason,PRECINCT 14,REP FOR COUNTY CLERK,,REP,NO CANDIDATE FILED,0
Mason,PRECINCT 15,REP FOR COUNTY CLERK,,REP,NO CANDIDATE FILED,0
Mason,PRECINCT 16,REP FOR COUNTY CLERK,,REP,NO CANDIDATE FILED,0
Mason,PRECINCT 17,REP FOR COUNTY CLERK,,REP,NO CANDIDATE FILED,0
Mason,PRECINCT 18,REP FOR COUNTY CLERK,,REP,NO CANDIDATE FILED,0
Mason,PRECINCT 19,REP FOR COUNTY CLERK,,REP,NO CANDIDATE FILED,0
Mason,PRECINCT 19LE,REP FOR COUNTY CLERK,,REP,NO CANDIDATE FILED,0
Mason,PRECINCT 20,REP FOR COUNTY CLERK,,REP,NO CANDIDATE FILED,0
Mason,PRECINCT 21,REP FOR COUNTY CLERK,,REP,NO CANDIDATE FILED,0
Mason,PRECINCT 22,REP FOR COUNTY CLERK,,REP,NO CANDIDATE FILED,0
Mason,PRECINCT 23,REP FOR COUNTY CLERK,,REP,NO CANDIDATE FILED,0
Mason,PRECINCT 24,REP FOR COUNTY CLERK,,REP,NO CANDIDATE FILED,0
Mason,PRECINCT 25,REP FOR COUNTY CLERK,,REP,NO CANDIDATE FILED,0
Mason,PRECINCT 26,REP FOR COUNTY CLERK,,REP,NO CANDIDATE FILED,0
Mason,PRECINCT 27,REP FOR COUNTY CLERK,,REP,NO CANDIDATE FILED,0
Mason,PRECINCT 28,REP FOR COUNTY CLERK,,REP,NO CANDIDATE FILED,0
Mason,PRECINCT 29,REP FOR COUNTY CLERK,,REP,NO CANDIDATE FILED,0
Mason,PRECINCT 30,REP FOR COUNTY CLERK,,REP,NO CANDIDATE FILED,0
Mason,PRECINCT 1,DEM FOR COUNTY CLERK,,DEM,DIANA CROMLEY,15
Mason,PRECINCT 2,DEM FOR COUNTY CLERK,,DEM,DIANA CROMLEY,16
Mason,PRECINCT 3,DEM FOR COUNTY CLERK,,DEM,DIANA CROMLEY,35
Mason,PRECINCT 4,DEM FOR COUNTY CLERK,,DEM,DIANA CROMLEY,31
Mason,PRECINCT 5,DEM FOR COUNTY CLERK,,DEM,DIANA CROMLEY,30
Mason,PRECINCT 6,DEM FOR COUNTY CLERK,,DEM,DIANA CROMLEY,28
Mason,PRECINCT 7,DEM FOR COUNTY CLERK,,DEM,DIANA CROMLEY,35
Mason,PRECINCT 8,DEM FOR COUNTY CLERK,,DEM,DIANA CROMLEY,58
Mason,PRECINCT 9,DEM FOR COUNTY CLERK,,DEM,DIANA CROMLEY,41
Mason,PRECINCT 10,DEM FOR COUNTY CLERK,,DEM,DIANA CROMLEY,46
Mason,PRECINCT 11,DEM FOR COUNTY CLERK,,DEM,DIANA CROMLEY,3
Mason,PRECINCT 12,DEM FOR COUNTY CLERK,,DEM,DIANA CROMLEY,16
Mason,PRECINCT 13,DEM FOR COUNTY CLERK,,DEM,DIANA CROMLEY,31
Mason,PRECINCT 14,DEM FOR COUNTY CLERK,,DEM,DIANA CROMLEY,27
Mason,PRECINCT 15,DEM FOR COUNTY CLERK,,DEM,DIANA CROMLEY,43
Mason,PRECINCT 16,DEM FOR COUNTY CLERK,,DEM,DIANA CROMLEY,33
Mason,PRECINCT 17,DEM FOR COUNTY CLERK,,DEM,DIANA CROMLEY,25
Mason,PRECINCT 18,DEM FOR COUNTY CLERK,,DEM,DIANA CROMLEY,38
Mason,PRECINCT 19,DEM FOR COUNTY CLERK,,DEM,DIANA CROMLEY,46
Mason,PRECINCT 19LE,DEM FOR COUNTY CLERK,,DEM,DIANA CROMLEY,6
Mason,PRECINCT 20,DEM FOR COUNTY CLERK,,DEM,DIANA CROMLEY,23
Mason,PRECINCT 21,DEM FOR COUNTY CLERK,,DEM,DIANA CROMLEY,27
Mason,PRECINCT 22,DEM FOR COUNTY CLERK,,DEM,DIANA CROMLEY,35
Mason,PRECINCT 23,DEM FOR COUNTY CLERK,,DEM,DIANA CROMLEY,32
Mason,PRECINCT 24,DEM FOR COUNTY CLERK,,DEM,DIANA CROMLEY,62
Mason,PRECINCT 25,DEM FOR COUNTY CLERK,,DEM,DIANA CROMLEY,66
Mason,PRECINCT 26,DEM FOR COUNTY CLERK,,DEM,DIANA CROMLEY,17
Mason,PRECINCT 27,DEM FOR COUNTY CLERK,,DEM,DIANA CROMLEY,51
Mason,PRECINCT 28,DEM FOR COUNTY CLERK,,DEM,DIANA CROMLEY,43
Mason,PRECINCT 29,DEM FOR COUNTY CLERK,,DEM,DIANA CROMLEY,38
Mason,PRECINCT 30,DEM FOR COUNTY CLERK,,DEM,DIANA CROMLEY,112
Mason,PRECINCT 1,REP FOR CONGRESSIONAL DISTRICT EXECUTIVE COMMITTEE DIST,,REP,ANNA MARIA BUTLER,22
Mason,PRECINCT 2,REP FOR CONGRESSIONAL DISTRICT EXECUTIVE COMMITTEE DIST,,REP,ANNA MARIA BUTLER,21
Mason,PRECINCT 3,REP FOR CONGRESSIONAL DISTRICT EXECUTIVE COMMITTEE DIST,,REP,ANNA MARIA BUTLER,23
Mason,PRECINCT 4,REP FOR CONGRESSIONAL DISTRICT EXECUTIVE COMMITTEE DIST,,REP,ANNA MARIA BUTLER,41
Mason,PRECINCT 5,REP FOR CONGRESSIONAL DISTRICT EXECUTIVE COMMITTEE DIST,,REP,ANNA MARIA BUTLER,32
Mason,PRECINCT 6,REP FOR CONGRESSIONAL DISTRICT EXECUTIVE COMMITTEE DIST,,REP,ANNA MARIA BUTLER,43
Mason,PRECINCT 7,REP FOR CONGRESSIONAL DISTRICT EXECUTIVE COMMITTEE DIST,,REP,ANNA MARIA BUTLER,67
Mason,PRECINCT 8,REP FOR CONGRESSIONAL DISTRICT EXECUTIVE COMMITTEE DIST,,REP,ANNA MARIA BUTLER,53
Mason,PRECINCT 9,REP FOR CONGRESSIONAL DISTRICT EXECUTIVE COMMITTEE DIST,,REP,ANNA MARIA BUTLER,77
Mason,PRECINCT 10,REP FOR CONGRESSIONAL DISTRICT EXECUTIVE COMMITTEE DIST,,REP,ANNA MARIA BUTLER,67
Mason,PRECINCT 11,REP FOR CONGRESSIONAL DISTRICT EXECUTIVE COMMITTEE DIST,,REP,ANNA MARIA BUTLER,12
Mason,PRECINCT 12,REP FOR CONGRESSIONAL DISTRICT EXECUTIVE COMMITTEE DIST,,REP,ANNA MARIA BUTLER,42
Mason,PRECINCT 13,REP FOR CONGRESSIONAL DISTRICT EXECUTIVE COMMITTEE DIST,,REP,ANNA MARIA BUTLER,107
Mason,PRECINCT 14,REP FOR CONGRESSIONAL DISTRICT EXECUTIVE COMMITTEE DIST,,REP,ANNA MARIA BUTLER,66
Mason,PRECINCT 15,REP FOR CONGRESSIONAL DISTRICT EXECUTIVE COMMITTEE DIST,,REP,ANNA MARIA BUTLER,51
Mason,PRECINCT 16,REP FOR CONGRESSIONAL DISTRICT EXECUTIVE COMMITTEE DIST,,REP,ANNA MARIA BUTLER,69
Mason,PRECINCT 17,REP FOR CONGRESSIONAL DISTRICT EXECUTIVE COMMITTEE DIST,,REP,ANNA MARIA BUTLER,59
Mason,PRECINCT 18,REP FOR CONGRESSIONAL DISTRICT EXECUTIVE COMMITTEE DIST,,REP,ANNA MARIA BUTLER,40
Mason,PRECINCT 19,REP FOR CONGRESSIONAL DISTRICT EXECUTIVE COMMITTEE DIST,,REP,ANNA MARIA BUTLER,75
Mason,PRECINCT 19LE,REP FOR CONGRESSIONAL DISTRICT EXECUTIVE COMMITTEE DIST,,REP,ANNA MARIA BUTLER,9
Mason,PRECINCT 20,REP FOR CONGRESSIONAL DISTRICT EXECUTIVE COMMITTEE DIST,,REP,ANNA MARIA BUTLER,43
Mason,PRECINCT 21,REP FOR CONGRESSIONAL DISTRICT EXECUTIVE COMMITTEE DIST,,REP,ANNA MARIA BUTLER,62
Mason,PRECINCT 22,REP FOR CONGRESSIONAL DISTRICT EXECUTIVE COMMITTEE DIST,,REP,ANNA MARIA BUTLER,97
Mason,PRECINCT 23,REP FOR CONGRESSIONAL DISTRICT EXECUTIVE COMMITTEE DIST,,REP,ANNA MARIA BUTLER,61
Mason,PRECINCT 24,REP FOR CONGRESSIONAL DISTRICT EXECUTIVE COMMITTEE DIST,,REP,ANNA MARIA BUTLER,73
Mason,PRECINCT 25,REP FOR CONGRESSIONAL DISTRICT EXECUTIVE COMMITTEE DIST,,REP,ANNA MARIA BUTLER,102
Mason,PRECINCT 26,REP FOR CONGRESSIONAL DISTRICT EXECUTIVE COMMITTEE DIST,,REP,ANNA MARIA BUTLER,19
Mason,PRECINCT 27,REP FOR CONGRESSIONAL DISTRICT EXECUTIVE COMMITTEE DIST,,REP,ANNA MARIA BUTLER,57
Mason,PRECINCT 28,REP FOR CONGRESSIONAL DISTRICT EXECUTIVE COMMITTEE DIST,,REP,ANNA MARIA BUTLER,76
Mason,PRECINCT 29,REP FOR CONGRESSIONAL DISTRICT EXECUTIVE COMMITTEE DIST,,REP,ANNA MARIA BUTLER,58
Mason,PRECINCT 30,REP FOR CONGRESSIONAL DISTRICT EXECUTIVE COMMITTEE DIST,,REP,ANNA MARIA BUTLER,188
Mason,PRECINCT 1,DEM FOR CONGRESSIONAL DISTRICT EXECUTIVE COMMITTEE DIST,,DEM,NO CANDIDATE FILED,0
Mason,PRECINCT 2,DEM FOR CONGRESSIONAL DISTRICT EXECUTIVE COMMITTEE DIST,,DEM,NO CANDIDATE FILED,0
Mason,PRECINCT 3,DEM FOR CONGRESSIONAL DISTRICT EXECUTIVE COMMITTEE DIST,,DEM,NO CANDIDATE FILED,0
Mason,PRECINCT 4,DEM FOR CONGRESSIONAL DISTRICT EXECUTIVE COMMITTEE DIST,,DEM,NO CANDIDATE FILED,0
Mason,PRECINCT 5,DEM FOR CONGRESSIONAL DISTRICT EXECUTIVE COMMITTEE DIST,,DEM,NO CANDIDATE FILED,0
Mason,PRECINCT 6,DEM FOR CONGRESSIONAL DISTRICT EXECUTIVE COMMITTEE DIST,,DEM,NO CANDIDATE FILED,0
Mason,PRECINCT 7,DEM FOR CONGRESSIONAL DISTRICT EXECUTIVE COMMITTEE DIST,,DEM,NO CANDIDATE FILED,0
Mason,PRECINCT 8,DEM FOR CONGRESSIONAL DISTRICT EXECUTIVE COMMITTEE DIST,,DEM,NO CANDIDATE FILED,0
Mason,PRECINCT 9,DEM FOR CONGRESSIONAL DISTRICT EXECUTIVE COMMITTEE DIST,,DEM,NO CANDIDATE FILED,0
Mason,PRECINCT 10,DEM FOR CONGRESSIONAL DISTRICT EXECUTIVE COMMITTEE DIST,,DEM,NO CANDIDATE FILED,0
Mason,PRECINCT 11,DEM FOR CONGRESSIONAL DISTRICT EXECUTIVE COMMITTEE DIST,,DEM,NO CANDIDATE FILED,0
Mason,PRECINCT 12,DEM FOR CONGRESSIONAL DISTRICT EXECUTIVE COMMITTEE DIST,,DEM,NO CANDIDATE FILED,0
Mason,PRECINCT 13,DEM FOR CONGRESSIONAL DISTRICT EXECUTIVE COMMITTEE DIST,,DEM,NO CANDIDATE FILED,0
Mason,PRECINCT 14,DEM FOR CONGRESSIONAL DISTRICT EXECUTIVE COMMITTEE DIST,,DEM,NO CANDIDATE FILED,0
Mason,PRECINCT 15,DEM FOR CONGRESSIONAL DISTRICT EXECUTIVE COMMITTEE DIST,,DEM,NO CANDIDATE FILED,0
Mason,PRECINCT 16,DEM FOR CONGRESSIONAL DISTRICT EXECUTIVE COMMITTEE DIST,,DEM,NO CANDIDATE FILED,0
Mason,PRECINCT 17,DEM FOR CONGRESSIONAL DISTRICT EXECUTIVE COMMITTEE DIST,,DEM,NO CANDIDATE FILED,0
Mason,PRECINCT 18,DEM FOR CONGRESSIONAL DISTRICT EXECUTIVE COMMITTEE DIST,,DEM,NO CANDIDATE FILED,0
Mason,PRECINCT 19,DEM FOR CONGRESSIONAL DISTRICT EXECUTIVE COMMITTEE DIST,,DEM,NO CANDIDATE FILED,0
Mason,PRECINCT 19LE,DEM FOR CONGRESSIONAL DISTRICT EXECUTIVE COMMITTEE DIST,,DEM,NO CANDIDATE FILED,0
Mason,PRECINCT 20,DEM FOR CONGRESSIONAL DISTRICT EXECUTIVE COMMITTEE DIST,,DEM,NO CANDIDATE FILED,0
Mason,PRECINCT 21,DEM FOR CONGRESSIONAL DISTRICT EXECUTIVE COMMITTEE DIST,,DEM,NO CANDIDATE FILED,0
Mason,PRECINCT 22,DEM FOR CONGRESSIONAL DISTRICT EXECUTIVE COMMITTEE DIST,,DEM,NO CANDIDATE FILED,0
Mason,PRECINCT 23,DEM FOR CONGRESSIONAL DISTRICT EXECUTIVE COMMITTEE DIST,,DEM,NO CANDIDATE FILED,0
Mason,PRECINCT 24,DEM FOR CONGRESSIONAL DISTRICT EXECUTIVE COMMITTEE DIST,,DEM,NO CANDIDATE FILED,0
Mason,PRECINCT 25,DEM FOR CONGRESSIONAL DISTRICT EXECUTIVE COMMITTEE DIST,,DEM,NO CANDIDATE FILED,0
Mason,PRECINCT 26,DEM FOR CONGRESSIONAL DISTRICT EXECUTIVE COMMITTEE DIST,,DEM,NO CANDIDATE FILED,0
Mason,PRECINCT 27,DEM FOR CONGRESSIONAL DISTRICT EXECUTIVE COMMITTEE DIST,,DEM,NO CANDIDATE FILED,0
Mason,PRECINCT 28,DEM FOR CONGRESSIONAL DISTRICT EXECUTIVE COMMITTEE DIST,,DEM,NO CANDIDATE FILED,0
Mason,PRECINCT 29,DEM FOR CONGRESSIONAL DISTRICT EXECUTIVE COMMITTEE DIST,,DEM,NO CANDIDATE FILED,0
Mason,PRECINCT 30,DEM FOR CONGRESSIONAL DISTRICT EXECUTIVE COMMITTEE DIST,,DEM,NO CANDIDATE FILED,0
Mason,PRECINCT 1,REP FOR CONGRESSIONAL DISTRICT EXECUTIVE COMMITTEE DIST,,REP,JIM BUTLER,18
Mason,PRECINCT 2,REP FOR CONGRESSIONAL DISTRICT EXECUTIVE COMMITTEE DIST,,REP,JIM BUTLER,15
Mason,PRECINCT 3,REP FOR CONGRESSIONAL DISTRICT EXECUTIVE COMMITTEE DIST,,REP,JIM BUTLER,16
Mason,PRECINCT 4,REP FOR CONGRESSIONAL DISTRICT EXECUTIVE COMMITTEE DIST,,REP,JIM BUTLER,25
Mason,PRECINCT 5,REP FOR CONGRESSIONAL DISTRICT EXECUTIVE COMMITTEE DIST,,REP,JIM BUTLER,21
Mason,PRECINCT 6,REP FOR CONGRESSIONAL DISTRICT EXECUTIVE COMMITTEE DIST,,REP,JIM BUTLER,30
Mason,PRECINCT 7,REP FOR CONGRESSIONAL DISTRICT EXECUTIVE COMMITTEE DIST,,REP,JIM BUTLER,42
Mason,PRECINCT 8,REP FOR CONGRESSIONAL DISTRICT EXECUTIVE COMMITTEE DIST,,REP,JIM BUTLER,36
Mason,PRECINCT 9,REP FOR CONGRESSIONAL DISTRICT EXECUTIVE COMMITTEE DIST,,REP,JIM BUTLER,56
Mason,PRECINCT 10,REP FOR CONGRESSIONAL DISTRICT EXECUTIVE COMMITTEE DIST,,REP,JIM BUTLER,45
Mason,PRECINCT 11,REP FOR CONGRESSIONAL DISTRICT EXECUTIVE COMMITTEE DIST,,REP,JIM BUTLER,10
Mason,PRECINCT 12,REP FOR CONGRESSIONAL DISTRICT EXECUTIVE COMMITTEE DIST,,REP,JIM BUTLER,34
Mason,PRECINCT 13,REP FOR CONGRESSIONAL DISTRICT EXECUTIVE COMMITTEE DIST,,REP,JIM BUTLER,88
Mason,PRECINCT 14,REP FOR CONGRESSIONAL DISTRICT EXECUTIVE COMMITTEE DIST,,REP,JIM BUTLER,55
Mason,PRECINCT 15,REP FOR CONGRESSIONAL DISTRICT EXECUTIVE COMMITTEE DIST,,REP,JIM BUTLER,30
Mason,PRECINCT 16,REP FOR CONGRESSIONAL DISTRICT EXECUTIVE COMMITTEE DIST,,REP,JIM BUTLER,57
Mason,PRECINCT 17,REP FOR CONGRESSIONAL DISTRICT EXECUTIVE COMMITTEE DIST,,REP,JIM BUTLER,28
Mason,PRECINCT 18,REP FOR CONGRESSIONAL DISTRICT EXECUTIVE COMMITTEE DIST,,REP,JIM BUTLER,35
Mason,PRECINCT 19,REP FOR CONGRESSIONAL DISTRICT EXECUTIVE COMMITTEE DIST,,REP,JIM BUTLER,45
Mason,PRECINCT 19LE,REP FOR CONGRESSIONAL DISTRICT EXECUTIVE COMMITTEE DIST,,REP,JIM BUTLER,9
Mason,PRECINCT 20,REP FOR CONGRESSIONAL DISTRICT EXECUTIVE COMMITTEE DIST,,REP,JIM BUTLER,18
Mason,PRECINCT 21,REP FOR CONGRESSIONAL DISTRICT EXECUTIVE COMMITTEE DIST,,REP,JIM BUTLER,35
Mason,PRECINCT 22,REP FOR CONGRESSIONAL DISTRICT EXECUTIVE COMMITTEE DIST,,REP,JIM BUTLER,59
Mason,PRECINCT 23,REP FOR CONGRESSIONAL DISTRICT EXECUTIVE COMMITTEE DIST,,REP,JIM BUTLER,33
Mason,PRECINCT 24,REP FOR CONGRESSIONAL DISTRICT EXECUTIVE COMMITTEE DIST,,REP,JIM BUTLER,42
Mason,PRECINCT 25,REP FOR CONGRESSIONAL DISTRICT EXECUTIVE COMMITTEE DIST,,REP,JIM BUTLER,45
Mason,PRECINCT 26,REP FOR CONGRESSIONAL DISTRICT EXECUTIVE COMMITTEE DIST,,REP,JIM BUTLER,12
Mason,PRECINCT 27,REP FOR CONGRESSIONAL DISTRICT EXECUTIVE COMMITTEE DIST,,REP,JIM BUTLER,32
Mason,PRECINCT 28,REP FOR CONGRESSIONAL DISTRICT EXECUTIVE COMMITTEE DIST,,REP,JIM BUTLER,58
Mason,PRECINCT 29,REP FOR CONGRESSIONAL DISTRICT EXECUTIVE COMMITTEE DIST,,REP,JIM BUTLER,43
Mason,PRECINCT 30,REP FOR CONGRESSIONAL DISTRICT EXECUTIVE COMMITTEE DIST,,REP,JIM BUTLER,126
Mason,PRECINCT 1,REP FOR CONGRESSIONAL DISTRICT EXECUTIVE COMMITTEE DIST,,REP,JOHNNIE WAMSLEY,5
Mason,PRECINCT 2,REP FOR CONGRESSIONAL DISTRICT EXECUTIVE COMMITTEE DIST,,REP,JOHNNIE WAMSLEY,11
Mason,PRECINCT 3,REP FOR CONGRESSIONAL DISTRICT EXECUTIVE COMMITTEE DIST,,REP,JOHNNIE WAMSLEY,15
Mason,PRECINCT 4,REP FOR CONGRESSIONAL DISTRICT EXECUTIVE COMMITTEE DIST,,REP,JOHNNIE WAMSLEY,39
Mason,PRECINCT 5,REP FOR CONGRESSIONAL DISTRICT EXECUTIVE COMMITTEE DIST,,REP,JOHNNIE WAMSLEY,17
Mason,PRECINCT 6,REP FOR CONGRESSIONAL DISTRICT EXECUTIVE COMMITTEE DIST,,REP,JOHNNIE WAMSLEY,25
Mason,PRECINCT 7,REP FOR CONGRESSIONAL DISTRICT EXECUTIVE COMMITTEE DIST,,REP,JOHNNIE WAMSLEY,41
Mason,PRECINCT 8,REP FOR CONGRESSIONAL DISTRICT EXECUTIVE COMMITTEE DIST,,REP,JOHNNIE WAMSLEY,38
Mason,PRECINCT 9,REP FOR CONGRESSIONAL DISTRICT EXECUTIVE COMMITTEE DIST,,REP,JOHNNIE WAMSLEY,36
Mason,PRECINCT 10,REP FOR CONGRESSIONAL DISTRICT EXECUTIVE COMMITTEE DIST,,REP,JOHNNIE WAMSLEY,60
Mason,PRECINCT 11,REP FOR CONGRESSIONAL DISTRICT EXECUTIVE COMMITTEE DIST,,REP,JOHNNIE WAMSLEY,4
Mason,PRECINCT 12,REP FOR CONGRESSIONAL DISTRICT EXECUTIVE COMMITTEE DIST,,REP,JOHNNIE WAMSLEY,23
Mason,PRECINCT 13,REP FOR CONGRESSIONAL DISTRICT EXECUTIVE COMMITTEE DIST,,REP,JOHNNIE WAMSLEY,53
Mason,PRECINCT 14,REP FOR CONGRESSIONAL DISTRICT EXECUTIVE COMMITTEE DIST,,REP,JOHNNIE WAMSLEY,30
Mason,PRECINCT 15,REP FOR CONGRESSIONAL DISTRICT EXECUTIVE COMMITTEE DIST,,REP,JOHNNIE WAMSLEY,35
Mason,PRECINCT 16,REP FOR CONGRESSIONAL DISTRICT EXECUTIVE COMMITTEE DIST,,REP,JOHNNIE WAMSLEY,38
Mason,PRECINCT 17,REP FOR CONGRESSIONAL DISTRICT EXECUTIVE COMMITTEE DIST,,REP,JOHNNIE WAMSLEY,47
Mason,PRECINCT 18,REP FOR CONGRESSIONAL DISTRICT EXECUTIVE COMMITTEE DIST,,REP,JOHNNIE WAMSLEY,24
Mason,PRECINCT 19,REP FOR CONGRESSIONAL DISTRICT EXECUTIVE COMMITTEE DIST,,REP,JOHNNIE WAMSLEY,51
Mason,PRECINCT 19LE,REP FOR CONGRESSIONAL DISTRICT EXECUTIVE COMMITTEE DIST,,REP,JOHNNIE WAMSLEY,1
Mason,PRECINCT 20,REP FOR CONGRESSIONAL DISTRICT EXECUTIVE COMMITTEE DIST,,REP,JOHNNIE WAMSLEY,39
Mason,PRECINCT 21,REP FOR CONGRESSIONAL DISTRICT EXECUTIVE COMMITTEE DIST,,REP,JOHNNIE WAMSLEY,41
Mason,PRECINCT 22,REP FOR CONGRESSIONAL DISTRICT EXECUTIVE COMMITTEE DIST,,REP,JOHNNIE WAMSLEY,62
Mason,PRECINCT 23,REP FOR CONGRESSIONAL DISTRICT EXECUTIVE COMMITTEE DIST,,REP,JOHNNIE WAMSLEY,43
Mason,PRECINCT 24,REP FOR CONGRESSIONAL DISTRICT EXECUTIVE COMMITTEE DIST,,REP,JOHNNIE WAMSLEY,45
Mason,PRECINCT 25,REP FOR CONGRESSIONAL DISTRICT EXECUTIVE COMMITTEE DIST,,REP,JOHNNIE WAMSLEY,73
Mason,PRECINCT 26,REP FOR CONGRESSIONAL DISTRICT EXECUTIVE COMMITTEE DIST,,REP,JOHNNIE WAMSLEY,9
Mason,PRECINCT 27,REP FOR CONGRESSIONAL DISTRICT EXECUTIVE COMMITTEE DIST,,REP,JOHNNIE WAMSLEY,38
Mason,PRECINCT 28,REP FOR CONGRESSIONAL DISTRICT EXECUTIVE COMMITTEE DIST,,REP,JOHNNIE WAMSLEY,30
Mason,PRECINCT 29,REP FOR CONGRESSIONAL DISTRICT EXECUTIVE COMMITTEE DIST,,REP,JOHNNIE WAMSLEY,31
Mason,PRECINCT 30,REP FOR CONGRESSIONAL DISTRICT EXECUTIVE COMMITTEE DIST,,REP,JOHNNIE WAMSLEY,103
Mason,PRECINCT 1,REP REP FOR SENATORIAL EXECUTIVE COMMITTEE D4,,REP,NO CANDIDATE FILED,0
Mason,PRECINCT 2,REP REP FOR SENATORIAL EXECUTIVE COMMITTEE D4,,REP,NO CANDIDATE FILED,0
Mason,PRECINCT 3,REP REP FOR SENATORIAL EXECUTIVE COMMITTEE D4,,REP,NO CANDIDATE FILED,0
Mason,PRECINCT 4,REP REP FOR SENATORIAL EXECUTIVE COMMITTEE D4,,REP,NO CANDIDATE FILED,0
Mason,PRECINCT 5,REP REP FOR SENATORIAL EXECUTIVE COMMITTEE D4,,REP,NO CANDIDATE FILED,0
Mason,PRECINCT 6,REP REP FOR SENATORIAL EXECUTIVE COMMITTEE D4,,REP,NO CANDIDATE FILED,0
Mason,PRECINCT 7,REP REP FOR SENATORIAL EXECUTIVE COMMITTEE D4,,REP,NO CANDIDATE FILED,0
Mason,PRECINCT 8,REP REP FOR SENATORIAL EXECUTIVE COMMITTEE D4,,REP,NO CANDIDATE FILED,0
Mason,PRECINCT 9,REP REP FOR SENATORIAL EXECUTIVE COMMITTEE D4,,REP,NO CANDIDATE FILED,0
Mason,PRECINCT 10,REP REP FOR SENATORIAL EXECUTIVE COMMITTEE D4,,REP,NO CANDIDATE FILED,0
Mason,PRECINCT 11,REP REP FOR SENATORIAL EXECUTIVE COMMITTEE D4,,REP,NO CANDIDATE FILED,0
Mason,PRECINCT 12,REP REP FOR SENATORIAL EXECUTIVE COMMITTEE D4,,REP,NO CANDIDATE FILED,0
Mason,PRECINCT 13,REP REP FOR SENATORIAL EXECUTIVE COMMITTEE D4,,REP,NO CANDIDATE FILED,0
Mason,PRECINCT 14,REP REP FOR SENATORIAL EXECUTIVE COMMITTEE D4,,REP,NO CANDIDATE FILED,0
Mason,PRECINCT 15,REP REP FOR SENATORIAL EXECUTIVE COMMITTEE D4,,REP,NO CANDIDATE FILED,0
Mason,PRECINCT 16,REP REP FOR SENATORIAL EXECUTIVE COMMITTEE D4,,REP,NO CANDIDATE FILED,0
Mason,PRECINCT 17,REP REP FOR SENATORIAL EXECUTIVE COMMITTEE D4,,REP,NO CANDIDATE FILED,0
Mason,PRECINCT 18,REP REP FOR SENATORIAL EXECUTIVE COMMITTEE D4,,REP,NO CANDIDATE FILED,0
Mason,PRECINCT 19,REP REP FOR SENATORIAL EXECUTIVE COMMITTEE D4,,REP,NO CANDIDATE FILED,0
Mason,PRECINCT 19LE,REP REP FOR SENATORIAL EXECUTIVE COMMITTEE D4,,REP,NO CANDIDATE FILED,0
Mason,PRECINCT 20,REP REP FOR SENATORIAL EXECUTIVE COMMITTEE D4,,REP,NO CANDIDATE FILED,0
Mason,PRECINCT 21,REP REP FOR SENATORIAL EXECUTIVE COMMITTEE D4,,REP,NO CANDIDATE FILED,0
Mason,PRECINCT 22,REP REP FOR SENATORIAL EXECUTIVE COMMITTEE D4,,REP,NO CANDIDATE FILED,0
Mason,PRECINCT 23,REP REP FOR SENATORIAL EXECUTIVE COMMITTEE D4,,REP,NO CANDIDATE FILED,0
Mason,PRECINCT 24,REP REP FOR SENATORIAL EXECUTIVE COMMITTEE D4,,REP,NO CANDIDATE FILED,0
Mason,PRECINCT 25,REP REP FOR SENATORIAL EXECUTIVE COMMITTEE D4,,REP,NO CANDIDATE FILED,0
Mason,PRECINCT 26,REP REP FOR SENATORIAL EXECUTIVE COMMITTEE D4,,REP,NO CANDIDATE FILED,0
Mason,PRECINCT 27,REP REP FOR SENATORIAL EXECUTIVE COMMITTEE D4,,REP,NO CANDIDATE FILED,0
Mason,PRECINCT 28,REP REP FOR SENATORIAL EXECUTIVE COMMITTEE D4,,REP,NO CANDIDATE FILED,0
Mason,PRECINCT 29,REP REP FOR SENATORIAL EXECUTIVE COMMITTEE D4,,REP,NO CANDIDATE FILED,0
Mason,PRECINCT 30,REP REP FOR SENATORIAL EXECUTIVE COMMITTEE D4,,REP,NO CANDIDATE FILED,0
Mason,PRECINCT 1,DEM DEM FOR SENATORIAL EXECUTIVE COMMITTEE D4,,DEM,NO CANDIDATE FILED,0
Mason,PRECINCT 2,DEM DEM FOR SENATORIAL EXECUTIVE COMMITTEE D4,,DEM,NO CANDIDATE FILED,0
Mason,PRECINCT 3,DEM DEM FOR SENATORIAL EXECUTIVE COMMITTEE D4,,DEM,NO CANDIDATE FILED,0
Mason,PRECINCT 4,DEM DEM FOR SENATORIAL EXECUTIVE COMMITTEE D4,,DEM,NO CANDIDATE FILED,0
Mason,PRECINCT 5,DEM DEM FOR SENATORIAL EXECUTIVE COMMITTEE D4,,DEM,NO CANDIDATE FILED,0
Mason,PRECINCT 6,DEM DEM FOR SENATORIAL EXECUTIVE COMMITTEE D4,,DEM,NO CANDIDATE FILED,0
Mason,PRECINCT 7,DEM DEM FOR SENATORIAL EXECUTIVE COMMITTEE D4,,DEM,NO CANDIDATE FILED,0
Mason,PRECINCT 8,DEM DEM FOR SENATORIAL EXECUTIVE COMMITTEE D4,,DEM,NO CANDIDATE FILED,0
Mason,PRECINCT 9,DEM DEM FOR SENATORIAL EXECUTIVE COMMITTEE D4,,DEM,NO CANDIDATE FILED,0
Mason,PRECINCT 10,DEM DEM FOR SENATORIAL EXECUTIVE COMMITTEE D4,,DEM,NO CANDIDATE FILED,0
Mason,PRECINCT 11,DEM DEM FOR SENATORIAL EXECUTIVE COMMITTEE D4,,DEM,NO CANDIDATE FILED,0
Mason,PRECINCT 12,DEM DEM FOR SENATORIAL EXECUTIVE COMMITTEE D4,,DEM,NO CANDIDATE FILED,0
Mason,PRECINCT 13,DEM DEM FOR SENATORIAL EXECUTIVE COMMITTEE D4,,DEM,NO CANDIDATE FILED,0
Mason,PRECINCT 14,DEM DEM FOR SENATORIAL EXECUTIVE COMMITTEE D4,,DEM,NO CANDIDATE FILED,0
Mason,PRECINCT 15,DEM DEM FOR SENATORIAL EXECUTIVE COMMITTEE D4,,DEM,NO CANDIDATE FILED,0
Mason,PRECINCT 16,DEM DEM FOR SENATORIAL EXECUTIVE COMMITTEE D4,,DEM,NO CANDIDATE FILED,0
Mason,PRECINCT 17,DEM DEM FOR SENATORIAL EXECUTIVE COMMITTEE D4,,DEM,NO CANDIDATE FILED,0
Mason,PRECINCT 18,DEM DEM FOR SENATORIAL EXECUTIVE COMMITTEE D4,,DEM,NO CANDIDATE FILED,0
Mason,PRECINCT 19,DEM DEM FOR SENATORIAL EXECUTIVE COMMITTEE D4,,DEM,NO CANDIDATE FILED,0
Mason,PRECINCT 19LE,DEM DEM FOR SENATORIAL EXECUTIVE COMMITTEE D4,,DEM,NO CANDIDATE FILED,0
Mason,PRECINCT 20,DEM DEM FOR SENATORIAL EXECUTIVE COMMITTEE D4,,DEM,NO CANDIDATE FILED,0
Mason,PRECINCT 21,DEM DEM FOR SENATORIAL EXECUTIVE COMMITTEE D4,,DEM,NO CANDIDATE FILED,0
Mason,PRECINCT 22,DEM DEM FOR SENATORIAL EXECUTIVE COMMITTEE D4,,DEM,NO CANDIDATE FILED,0
Mason,PRECINCT 23,DEM DEM FOR SENATORIAL EXECUTIVE COMMITTEE D4,,DEM,NO CANDIDATE FILED,0
Mason,PRECINCT 24,DEM DEM FOR SENATORIAL EXECUTIVE COMMITTEE D4,,DEM,NO CANDIDATE FILED,0
Mason,PRECINCT 25,DEM DEM FOR SENATORIAL EXECUTIVE COMMITTEE D4,,DEM,NO CANDIDATE FILED,0
Mason,PRECINCT 26,DEM DEM FOR SENATORIAL EXECUTIVE COMMITTEE D4,,DEM,NO CANDIDATE FILED,0
Mason,PRECINCT 27,DEM DEM FOR SENATORIAL EXECUTIVE COMMITTEE D4,,DEM,NO CANDIDATE FILED,0
Mason,PRECINCT 28,DEM DEM FOR SENATORIAL EXECUTIVE COMMITTEE D4,,DEM,NO CANDIDATE FILED,0
Mason,PRECINCT 29,DEM DEM FOR SENATORIAL EXECUTIVE COMMITTEE D4,,DEM,NO CANDIDATE FILED,0
Mason,PRECINCT 30,DEM DEM FOR SENATORIAL EXECUTIVE COMMITTEE D4,,DEM,NO CANDIDATE FILED,0
Mason,PRECINCT 20,REP FOR DELEGATE DISTRICT EXECUTIVE COMMITTEE FEMALE 17T,,REP,NO CANDIDATE FILED,0
Mason,PRECINCT 21,REP FOR DELEGATE DISTRICT EXECUTIVE COMMITTEE FEMALE 17T,,REP,NO CANDIDATE FILED,0
Mason,PRECINCT 22,REP FOR DELEGATE DISTRICT EXECUTIVE COMMITTEE FEMALE 17T,,REP,NO CANDIDATE FILED,0
Mason,PRECINCT 23,REP FOR DELEGATE DISTRICT EXECUTIVE COMMITTEE FEMALE 17T,,REP,NO CANDIDATE FILED,0
Mason,PRECINCT 24,REP FOR DELEGATE DISTRICT EXECUTIVE COMMITTEE FEMALE 17T,,REP,NO CANDIDATE FILED,0
Mason,PRECINCT 25,REP FOR DELEGATE DISTRICT EXECUTIVE COMMITTEE FEMALE 17T,,REP,NO CANDIDATE FILED,0
Mason,PRECINCT 26,REP FOR DELEGATE DISTRICT EXECUTIVE COMMITTEE FEMALE 17T,,REP,NO CANDIDATE FILED,0
Mason,PRECINCT 27,REP FOR DELEGATE DISTRICT EXECUTIVE COMMITTEE FEMALE 17T,,REP,NO CANDIDATE FILED,0
Mason,PRECINCT 28,REP FOR DELEGATE DISTRICT EXECUTIVE COMMITTEE FEMALE 17T,,REP,NO CANDIDATE FILED,0
Mason,PRECINCT 29,REP FOR DELEGATE DISTRICT EXECUTIVE COMMITTEE FEMALE 17T,,REP,NO CANDIDATE FILED,0
Mason,PRECINCT 20,DEM FOR DELEGATE DISTRICT EXECUTIVE COMMITTEE FEMALE 17T,,DEM,NO CANDIDATE FILED,0
Mason,PRECINCT 21,DEM FOR DELEGATE DISTRICT EXECUTIVE COMMITTEE FEMALE 17T,,DEM,NO CANDIDATE FILED,0
Mason,PRECINCT 22,DEM FOR DELEGATE DISTRICT EXECUTIVE COMMITTEE FEMALE 17T,,DEM,NO CANDIDATE FILED,0
Mason,PRECINCT 23,DEM FOR DELEGATE DISTRICT EXECUTIVE COMMITTEE FEMALE 17T,,DEM,NO CANDIDATE FILED,0
Mason,PRECINCT 24,DEM FOR DELEGATE DISTRICT EXECUTIVE COMMITTEE FEMALE 17T,,DEM,NO CANDIDATE FILED,0
Mason,PRECINCT 25,DEM FOR DELEGATE DISTRICT EXECUTIVE COMMITTEE FEMALE 17T,,DEM,NO CANDIDATE FILED,0
Mason,PRECINCT 26,DEM FOR DELEGATE DISTRICT EXECUTIVE COMMITTEE FEMALE 17T,,DEM,NO CANDIDATE FILED,0
Mason,PRECINCT 27,DEM FOR DELEGATE DISTRICT EXECUTIVE COMMITTEE FEMALE 17T,,DEM,NO CANDIDATE FILED,0
Mason,PRECINCT 28,DEM FOR DELEGATE DISTRICT EXECUTIVE COMMITTEE FEMALE 17T,,DEM,NO CANDIDATE FILED,0
Mason,PRECINCT 29,DEM FOR DELEGATE DISTRICT EXECUTIVE COMMITTEE FEMALE 17T,,DEM,NO CANDIDATE FILED,0
Mason,PRECINCT 20,REP FOR DELEGATE DISTRICT EXECUTIVE COMMITTEE MALE 17TH,,REP,NO CANDIDATE FILED,0
Mason,PRECINCT 21,REP FOR DELEGATE DISTRICT EXECUTIVE COMMITTEE MALE 17TH,,REP,NO CANDIDATE FILED,0
Mason,PRECINCT 22,REP FOR DELEGATE DISTRICT EXECUTIVE COMMITTEE MALE 17TH,,REP,NO CANDIDATE FILED,0
Mason,PRECINCT 23,REP FOR DELEGATE DISTRICT EXECUTIVE COMMITTEE MALE 17TH,,REP,NO CANDIDATE FILED,0
Mason,PRECINCT 24,REP FOR DELEGATE DISTRICT EXECUTIVE COMMITTEE MALE 17TH,,REP,NO CANDIDATE FILED,0
Mason,PRECINCT 25,REP FOR DELEGATE DISTRICT EXECUTIVE COMMITTEE MALE 17TH,,REP,NO CANDIDATE FILED,0
Mason,PRECINCT 26,REP FOR DELEGATE DISTRICT EXECUTIVE COMMITTEE MALE 17TH,,REP,NO CANDIDATE FILED,0
Mason,PRECINCT 27,REP FOR DELEGATE DISTRICT EXECUTIVE COMMITTEE MALE 17TH,,REP,NO CANDIDATE FILED,0
Mason,PRECINCT 28,REP FOR DELEGATE DISTRICT EXECUTIVE COMMITTEE MALE 17TH,,REP,NO CANDIDATE FILED,0
Mason,PRECINCT 29,REP FOR DELEGATE DISTRICT EXECUTIVE COMMITTEE MALE 17TH,,REP,NO CANDIDATE FILED,0
Mason,PRECINCT 20,DEM FOR DELEGATE DISTRICT EXECUTIVE COMMITTEE MALE 17TH,,DEM,NO CANDIDATE FILED,0
Mason,PRECINCT 21,DEM FOR DELEGATE DISTRICT EXECUTIVE COMMITTEE MALE 17TH,,DEM,NO CANDIDATE FILED,0
Mason,PRECINCT 22,DEM FOR DELEGATE DISTRICT EXECUTIVE COMMITTEE MALE 17TH,,DEM,NO CANDIDATE FILED,0
Mason,PRECINCT 23,DEM FOR DELEGATE DISTRICT EXECUTIVE COMMITTEE MALE 17TH,,DEM,NO CANDIDATE FILED,0
Mason,PRECINCT 24,DEM FOR DELEGATE DISTRICT EXECUTIVE COMMITTEE MALE 17TH,,DEM,NO CANDIDATE FILED,0
Mason,PRECINCT 25,DEM FOR DELEGATE DISTRICT EXECUTIVE COMMITTEE MALE 17TH,,DEM,NO CANDIDATE FILED,0
Mason,PRECINCT 26,DEM FOR DELEGATE DISTRICT EXECUTIVE COMMITTEE MALE 17TH,,DEM,NO CANDIDATE FILED,0
Mason,PRECINCT 27,DEM FOR DELEGATE DISTRICT EXECUTIVE COMMITTEE MALE 17TH,,DEM,NO CANDIDATE FILED,0
Mason,PRECINCT 28,DEM FOR DELEGATE DISTRICT EXECUTIVE COMMITTEE MALE 17TH,,DEM,NO CANDIDATE FILED,0
Mason,PRECINCT 29,DEM FOR DELEGATE DISTRICT EXECUTIVE COMMITTEE MALE 17TH,,DEM,NO CANDIDATE FILED,0
Mason,PRECINCT 1,REP FOR DELEGATE DISTRICT EXECUTIVE COMMITTEE FEMALE 18T,,REP,ANNA MARIA BUTLER,21
Mason,PRECINCT 2,REP FOR DELEGATE DISTRICT EXECUTIVE COMMITTEE FEMALE 18T,,REP,ANNA MARIA BUTLER,21
Mason,PRECINCT 3,REP FOR DELEGATE DISTRICT EXECUTIVE COMMITTEE FEMALE 18T,,REP,ANNA MARIA BUTLER,24
Mason,PRECINCT 4,REP FOR DELEGATE DISTRICT EXECUTIVE COMMITTEE FEMALE 18T,,REP,ANNA MARIA BUTLER,44
Mason,PRECINCT 5,REP FOR DELEGATE DISTRICT EXECUTIVE COMMITTEE FEMALE 18T,,REP,ANNA MARIA BUTLER,31
Mason,PRECINCT 6,REP FOR DELEGATE DISTRICT EXECUTIVE COMMITTEE FEMALE 18T,,REP,ANNA MARIA BUTLER,40
Mason,PRECINCT 7,REP FOR DELEGATE DISTRICT EXECUTIVE COMMITTEE FEMALE 18T,,REP,ANNA MARIA BUTLER,59
Mason,PRECINCT 8,REP FOR DELEGATE DISTRICT EXECUTIVE COMMITTEE FEMALE 18T,,REP,ANNA MARIA BUTLER,49
Mason,PRECINCT 9,REP FOR DELEGATE DISTRICT EXECUTIVE COMMITTEE FEMALE 18T,,REP,ANNA MARIA BUTLER,81
Mason,PRECINCT 10,REP FOR DELEGATE DISTRICT EXECUTIVE COMMITTEE FEMALE 18T,,REP,ANNA MARIA BUTLER,63
Mason,PRECINCT 11,REP FOR DELEGATE DISTRICT EXECUTIVE COMMITTEE FEMALE 18T,,REP,ANNA MARIA BUTLER,12
Mason,PRECINCT 12,REP FOR DELEGATE DISTRICT EXECUTIVE COMMITTEE FEMALE 18T,,REP,ANNA MARIA BUTLER,40
Mason,PRECINCT 13,REP FOR DELEGATE DISTRICT EXECUTIVE COMMITTEE FEMALE 18T,,REP,ANNA MARIA BUTLER,102
Mason,PRECINCT 14,REP FOR DELEGATE DISTRICT EXECUTIVE COMMITTEE FEMALE 18T,,REP,ANNA MARIA BUTLER,64
Mason,PRECINCT 15,REP FOR DELEGATE DISTRICT EXECUTIVE COMMITTEE FEMALE 18T,,REP,ANNA MARIA BUTLER,48
Mason,PRECINCT 16,REP FOR DELEGATE DISTRICT EXECUTIVE COMMITTEE FEMALE 18T,,REP,ANNA MARIA BUTLER,73
Mason,PRECINCT 17,REP FOR DELEGATE DISTRICT EXECUTIVE COMMITTEE FEMALE 18T,,REP,ANNA MARIA BUTLER,54
Mason,PRECINCT 18,REP FOR DELEGATE DISTRICT EXECUTIVE COMMITTEE FEMALE 18T,,REP,ANNA MARIA BUTLER,38
Mason,PRECINCT 19,REP FOR DELEGATE DISTRICT EXECUTIVE COMMITTEE FEMALE 18T,,REP,ANNA MARIA BUTLER,77
Mason,PRECINCT 19LE,REP FOR DELEGATE DISTRICT EXECUTIVE COMMITTEE FEMALE 18T,,REP,ANNA MARIA BUTLER,9
Mason,PRECINCT 30,REP FOR DELEGATE DISTRICT EXECUTIVE COMMITTEE FEMALE 18T,,REP,ANNA MARIA BUTLER,180
Mason,PRECINCT 1,DEM FOR DELEGATE DISTRICT EXECUTIVE COMMITTEE FEMALE 18T,,DEM,NO CANDIDATE FILED,0
Mason,PRECINCT 2,DEM FOR DELEGATE DISTRICT EXECUTIVE COMMITTEE FEMALE 18T,,DEM,NO CANDIDATE FILED,0
Mason,PRECINCT 3,DEM FOR DELEGATE DISTRICT EXECUTIVE COMMITTEE FEMALE 18T,,DEM,NO CANDIDATE FILED,0
Mason,PRECINCT 4,DEM FOR DELEGATE DISTRICT EXECUTIVE COMMITTEE FEMALE 18T,,DEM,NO CANDIDATE FILED,0
Mason,PRECINCT 5,DEM FOR DELEGATE DISTRICT EXECUTIVE COMMITTEE FEMALE 18T,,DEM,NO CANDIDATE FILED,0
Mason,PRECINCT 6,DEM FOR DELEGATE DISTRICT EXECUTIVE COMMITTEE FEMALE 18T,,DEM,NO CANDIDATE FILED,0
Mason,PRECINCT 7,DEM FOR DELEGATE DISTRICT EXECUTIVE COMMITTEE FEMALE 18T,,DEM,NO CANDIDATE FILED,0
Mason,PRECINCT 8,DEM FOR DELEGATE DISTRICT EXECUTIVE COMMITTEE FEMALE 18T,,DEM,NO CANDIDATE FILED,0
Mason,PRECINCT 9,DEM FOR DELEGATE DISTRICT EXECUTIVE COMMITTEE FEMALE 18T,,DEM,NO CANDIDATE FILED,0
Mason,PRECINCT 10,DEM FOR DELEGATE DISTRICT EXECUTIVE COMMITTEE FEMALE 18T,,DEM,NO CANDIDATE FILED,0
Mason,PRECINCT 11,DEM FOR DELEGATE DISTRICT EXECUTIVE COMMITTEE FEMALE 18T,,DEM,NO CANDIDATE FILED,0
Mason,PRECINCT 12,DEM FOR DELEGATE DISTRICT EXECUTIVE COMMITTEE FEMALE 18T,,DEM,NO CANDIDATE FILED,0
Mason,PRECINCT 13,DEM FOR DELEGATE DISTRICT EXECUTIVE COMMITTEE FEMALE 18T,,DEM,NO CANDIDATE FILED,0
Mason,PRECINCT 14,DEM FOR DELEGATE DISTRICT EXECUTIVE COMMITTEE FEMALE 18T,,DEM,NO CANDIDATE FILED,0
Mason,PRECINCT 15,DEM FOR DELEGATE DISTRICT EXECUTIVE COMMITTEE FEMALE 18T,,DEM,NO CANDIDATE FILED,0
Mason,PRECINCT 16,DEM FOR DELEGATE DISTRICT EXECUTIVE COMMITTEE FEMALE 18T,,DEM,NO CANDIDATE FILED,0
Mason,PRECINCT 17,DEM FOR DELEGATE DISTRICT EXECUTIVE COMMITTEE FEMALE 18T,,DEM,NO CANDIDATE FILED,0
Mason,PRECINCT 18,DEM FOR DELEGATE DISTRICT EXECUTIVE COMMITTEE FEMALE 18T,,DEM,NO CANDIDATE FILED,0
Mason,PRECINCT 19,DEM FOR DELEGATE DISTRICT EXECUTIVE COMMITTEE FEMALE 18T,,DEM,NO CANDIDATE FILED,0
Mason,PRECINCT 19LE,DEM FOR DELEGATE DISTRICT EXECUTIVE COMMITTEE FEMALE 18T,,DEM,NO CANDIDATE FILED,0
Mason,PRECINCT 30,DEM FOR DELEGATE DISTRICT EXECUTIVE COMMITTEE FEMALE 18T,,DEM,NO CANDIDATE FILED,0
Mason,PRECINCT 1,REP FOR DELEGATE DISTRICT EXECUTIVE COMMITTEE MALE 18TH,,REP,JIM BUTLER,17
Mason,PRECINCT 2,REP FOR DELEGATE DISTRICT EXECUTIVE COMMITTEE MALE 18TH,,REP,JIM BUTLER,18
Mason,PRECINCT 3,REP FOR DELEGATE DISTRICT EXECUTIVE COMMITTEE MALE 18TH,,REP,JIM BUTLER,17
Mason,PRECINCT 4,REP FOR DELEGATE DISTRICT EXECUTIVE COMMITTEE MALE 18TH,,REP,JIM BUTLER,26
Mason,PRECINCT 5,REP FOR DELEGATE DISTRICT EXECUTIVE COMMITTEE MALE 18TH,,REP,JIM BUTLER,22
Mason,PRECINCT 6,REP FOR DELEGATE DISTRICT EXECUTIVE COMMITTEE MALE 18TH,,REP,JIM BUTLER,32
Mason,PRECINCT 7,REP FOR DELEGATE DISTRICT EXECUTIVE COMMITTEE MALE 18TH,,REP,JIM BUTLER,40
Mason,PRECINCT 8,REP FOR DELEGATE DISTRICT EXECUTIVE COMMITTEE MALE 18TH,,REP,JIM BUTLER,33
Mason,PRECINCT 9,REP FOR DELEGATE DISTRICT EXECUTIVE COMMITTEE MALE 18TH,,REP,JIM BUTLER,55
Mason,PRECINCT 10,REP FOR DELEGATE DISTRICT EXECUTIVE COMMITTEE MALE 18TH,,REP,JIM BUTLER,47
Mason,PRECINCT 11,REP FOR DELEGATE DISTRICT EXECUTIVE COMMITTEE MALE 18TH,,REP,JIM BUTLER,12
Mason,PRECINCT 12,REP FOR DELEGATE DISTRICT EXECUTIVE COMMITTEE MALE 18TH,,REP,JIM BUTLER,32
Mason,PRECINCT 13,REP FOR DELEGATE DISTRICT EXECUTIVE COMMITTEE MALE 18TH,,REP,JIM BUTLER,85
Mason,PRECINCT 14,REP FOR DELEGATE DISTRICT EXECUTIVE COMMITTEE MALE 18TH,,REP,JIM BUTLER,54
Mason,PRECINCT 15,REP FOR DELEGATE DISTRICT EXECUTIVE COMMITTEE MALE 18TH,,REP,JIM BUTLER,31
Mason,PRECINCT 16,REP FOR DELEGATE DISTRICT EXECUTIVE COMMITTEE MALE 18TH,,REP,JIM BUTLER,62
Mason,PRECINCT 17,REP FOR DELEGATE DISTRICT EXECUTIVE COMMITTEE MALE 18TH,,REP,JIM BUTLER,30
Mason,PRECINCT 18,REP FOR DELEGATE DISTRICT EXECUTIVE COMMITTEE MALE 18TH,,REP,JIM BUTLER,32
Mason,PRECINCT 19,REP FOR DELEGATE DISTRICT EXECUTIVE COMMITTEE MALE 18TH,,REP,JIM BUTLER,47
Mason,PRECINCT 19LE,REP FOR DELEGATE DISTRICT EXECUTIVE COMMITTEE MALE 18TH,,REP,JIM BUTLER,8
Mason,PRECINCT 30,REP FOR DELEGATE DISTRICT EXECUTIVE COMMITTEE MALE 18TH,,REP,JIM BUTLER,132
Mason,PRECINCT 1,REP FOR DELEGATE DISTRICT EXECUTIVE COMMITTEE MALE 18TH,,REP,JOHNNIE WAMSLEY,5
Mason,PRECINCT 2,REP FOR DELEGATE DISTRICT EXECUTIVE COMMITTEE MALE 18TH,,REP,JOHNNIE WAMSLEY,9
Mason,PRECINCT 3,REP FOR DELEGATE DISTRICT EXECUTIVE COMMITTEE MALE 18TH,,REP,JOHNNIE WAMSLEY,15
Mason,PRECINCT 4,REP FOR DELEGATE DISTRICT EXECUTIVE COMMITTEE MALE 18TH,,REP,JOHNNIE WAMSLEY,42
Mason,PRECINCT 5,REP FOR DELEGATE DISTRICT EXECUTIVE COMMITTEE MALE 18TH,,REP,JOHNNIE WAMSLEY,15
Mason,PRECINCT 6,REP FOR DELEGATE DISTRICT EXECUTIVE COMMITTEE MALE 18TH,,REP,JOHNNIE WAMSLEY,24
Mason,PRECINCT 7,REP FOR DELEGATE DISTRICT EXECUTIVE COMMITTEE MALE 18TH,,REP,JOHNNIE WAMSLEY,38
Mason,PRECINCT 8,REP FOR DELEGATE DISTRICT EXECUTIVE COMMITTEE MALE 18TH,,REP,JOHNNIE WAMSLEY,41
Mason,PRECINCT 9,REP FOR DELEGATE DISTRICT EXECUTIVE COMMITTEE MALE 18TH,,REP,JOHNNIE WAMSLEY,39
Mason,PRECINCT 10,REP FOR DELEGATE DISTRICT EXECUTIVE COMMITTEE MALE 18TH,,REP,JOHNNIE WAMSLEY,58
Mason,PRECINCT 11,REP FOR DELEGATE DISTRICT EXECUTIVE COMMITTEE MALE 18TH,,REP,JOHNNIE WAMSLEY,2
Mason,PRECINCT 12,REP FOR DELEGATE DISTRICT EXECUTIVE COMMITTEE MALE 18TH,,REP,JOHNNIE WAMSLEY,24
Mason,PRECINCT 13,REP FOR DELEGATE DISTRICT EXECUTIVE COMMITTEE MALE 18TH,,REP,JOHNNIE WAMSLEY,52
Mason,PRECINCT 14,REP FOR DELEGATE DISTRICT EXECUTIVE COMMITTEE MALE 18TH,,REP,JOHNNIE WAMSLEY,32
Mason,PRECINCT 15,REP FOR DELEGATE DISTRICT EXECUTIVE COMMITTEE MALE 18TH,,REP,JOHNNIE WAMSLEY,39
Mason,PRECINCT 16,REP FOR DELEGATE DISTRICT EXECUTIVE COMMITTEE MALE 18TH,,REP,JOHNNIE WAMSLEY,38
Mason,PRECINCT 17,REP FOR DELEGATE DISTRICT EXECUTIVE COMMITTEE MALE 18TH,,REP,JOHNNIE WAMSLEY,45
Mason,PRECINCT 18,REP FOR DELEGATE DISTRICT EXECUTIVE COMMITTEE MALE 18TH,,REP,JOHNNIE WAMSLEY,24
Mason,PRECINCT 19,REP FOR DELEGATE DISTRICT EXECUTIVE COMMITTEE MALE 18TH,,REP,JOHNNIE WAMSLEY,50
Mason,PRECINCT 19LE,REP FOR DELEGATE DISTRICT EXECUTIVE COMMITTEE MALE 18TH,,REP,JOHNNIE WAMSLEY,1
Mason,PRECINCT 30,REP FOR DELEGATE DISTRICT EXECUTIVE COMMITTEE MALE 18TH,,REP,JOHNNIE WAMSLEY,100
Mason,PRECINCT 1,DEM FOR DELEGATE DISTRICT EXECUTIVE COMMITTEE MALE 18TH,,DEM,NO CANDIDATE FILED,0
Mason,PRECINCT 2,DEM FOR DELEGATE DISTRICT EXECUTIVE COMMITTEE MALE 18TH,,DEM,NO CANDIDATE FILED,0
Mason,PRECINCT 3,DEM FOR DELEGATE DISTRICT EXECUTIVE COMMITTEE MALE 18TH,,DEM,NO CANDIDATE FILED,0
Mason,PRECINCT 4,DEM FOR DELEGATE DISTRICT EXECUTIVE COMMITTEE MALE 18TH,,DEM,NO CANDIDATE FILED,0
Mason,PRECINCT 5,DEM FOR DELEGATE DISTRICT EXECUTIVE COMMITTEE MALE 18TH,,DEM,NO CANDIDATE FILED,0
Mason,PRECINCT 6,DEM FOR DELEGATE DISTRICT EXECUTIVE COMMITTEE MALE 18TH,,DEM,NO CANDIDATE FILED,0
Mason,PRECINCT 7,DEM FOR DELEGATE DISTRICT EXECUTIVE COMMITTEE MALE 18TH,,DEM,NO CANDIDATE FILED,0
Mason,PRECINCT 8,DEM FOR DELEGATE DISTRICT EXECUTIVE COMMITTEE MALE 18TH,,DEM,NO CANDIDATE FILED,0
Mason,PRECINCT 9,DEM FOR DELEGATE DISTRICT EXECUTIVE COMMITTEE MALE 18TH,,DEM,NO CANDIDATE FILED,0
Mason,PRECINCT 10,DEM FOR DELEGATE DISTRICT EXECUTIVE COMMITTEE MALE 18TH,,DEM,NO CANDIDATE FILED,0
Mason,PRECINCT 11,DEM FOR DELEGATE DISTRICT EXECUTIVE COMMITTEE MALE 18TH,,DEM,NO CANDIDATE FILED,0
Mason,PRECINCT 12,DEM FOR DELEGATE DISTRICT EXECUTIVE COMMITTEE MALE 18TH,,DEM,NO CANDIDATE FILED,0
Mason,PRECINCT 13,DEM FOR DELEGATE DISTRICT EXECUTIVE COMMITTEE MALE 18TH,,DEM,NO CANDIDATE FILED,0
Mason,PRECINCT 14,DEM FOR DELEGATE DISTRICT EXECUTIVE COMMITTEE MALE 18TH,,DEM,NO CANDIDATE FILED,0
Mason,PRECINCT 15,DEM FOR DELEGATE DISTRICT EXECUTIVE COMMITTEE MALE 18TH,,DEM,NO CANDIDATE FILED,0
Mason,PRECINCT 16,DEM FOR DELEGATE DISTRICT EXECUTIVE COMMITTEE MALE 18TH,,DEM,NO CANDIDATE FILED,0
Mason,PRECINCT 17,DEM FOR DELEGATE DISTRICT EXECUTIVE COMMITTEE MALE 18TH,,DEM,NO CANDIDATE FILED,0
Mason,PRECINCT 18,DEM FOR DELEGATE DISTRICT EXECUTIVE COMMITTEE MALE 18TH,,DEM,NO CANDIDATE FILED,0
Mason,PRECINCT 19,DEM FOR DELEGATE DISTRICT EXECUTIVE COMMITTEE MALE 18TH,,DEM,NO CANDIDATE FILED,0
Mason,PRECINCT 19LE,DEM FOR DELEGATE DISTRICT EXECUTIVE COMMITTEE MALE 18TH,,DEM,NO CANDIDATE FILED,0
Mason,PRECINCT 30,DEM FOR DELEGATE DISTRICT EXECUTIVE COMMITTEE MALE 18TH,,DEM,NO CANDIDATE FILED,0
Mason,PRECINCT 1,Supreme Court of Appeals,,,ASHLEY COSSIN,21
Mason,PRECINCT 2,Supreme Court of Appeals,,,ASHLEY COSSIN,29
Mason,PRECINCT 3,Supreme Court of Appeals,,,ASHLEY COSSIN,55
Mason,PRECINCT 4,Supreme Court of Appeals,,,ASHLEY COSSIN,76
Mason,PRECINCT 5,Supreme Court of Appeals,,,ASHLEY COSSIN,45
Mason,PRECINCT 6,Supreme Court of Appeals,,,ASHLEY COSSIN,44
Mason,PRECINCT 7,Supreme Court of Appeals,,,ASHLEY COSSIN,75
Mason,PRECINCT 8,Supreme Court of Appeals,,,ASHLEY COSSIN,95
Mason,PRECINCT 9,Supreme Court of Appeals,,,ASHLEY COSSIN,101
Mason,PRECINCT 10,Supreme Court of Appeals,,,ASHLEY COSSIN,109
Mason,PRECINCT 11,Supreme Court of Appeals,,,ASHLEY COSSIN,5
Mason,PRECINCT 12,Supreme Court of Appeals,,,ASHLEY COSSIN,45
Mason,PRECINCT 13,Supreme Court of Appeals,,,ASHLEY COSSIN,108
Mason,PRECINCT 14,Supreme Court of Appeals,,,ASHLEY COSSIN,58
Mason,PRECINCT 15,Supreme Court of Appeals,,,ASHLEY COSSIN,54
Mason,PRECINCT 16,Supreme Court of Appeals,,,ASHLEY COSSIN,76
Mason,PRECINCT 17,Supreme Court of Appeals,,,ASHLEY COSSIN,56
Mason,PRECINCT 18,Supreme Court of Appeals,,,ASHLEY COSSIN,50
Mason,PRECINCT 19,Supreme Court of Appeals,,,ASHLEY COSSIN,125
Mason,PRECINCT 19LE,Supreme Court of Appeals,,,ASHLEY COSSIN,10
Mason,PRECINCT 20,Supreme Court of Appeals,,,ASHLEY COSSIN,55
Mason,PRECINCT 21,Supreme Court of Appeals,,,ASHLEY COSSIN,84
Mason,PRECINCT 22,Supreme Court of Appeals,,,ASHLEY COSSIN,102
Mason,PRECINCT 23,Supreme Court of Appeals,,,ASHLEY COSSIN,53
Mason,PRECINCT 24,Supreme Court of Appeals,,,ASHLEY COSSIN,86
Mason,PRECINCT 25,Supreme Court of Appeals,,,ASHLEY COSSIN,91
Mason,PRECINCT 26,Supreme Court of Appeals,,,ASHLEY COSSIN,29
Mason,PRECINCT 27,Supreme Court of Appeals,,,ASHLEY COSSIN,45
Mason,PRECINCT 28,Supreme Court of Appeals,,,ASHLEY COSSIN,59
Mason,PRECINCT 29,Supreme Court of Appeals,,,ASHLEY COSSIN,74
Mason,PRECINCT 30,Supreme Court of Appeals,,,ASHLEY COSSIN,210
Mason,PRECINCT 1,Supreme Court of Appeals,,,JARED BILLINGS,22
Mason,PRECINCT 2,Supreme Court of Appeals,,,JARED BILLINGS,28
Mason,PRECINCT 3,Supreme Court of Appeals,,,JARED BILLINGS,53
Mason,PRECINCT 4,Supreme Court of Appeals,,,JARED BILLINGS,62
Mason,PRECINCT 5,Supreme Court of Appeals,,,JARED BILLINGS,52
Mason,PRECINCT 6,Supreme Court of Appeals,,,JARED BILLINGS,65
Mason,PRECINCT 7,Supreme Court of Appeals,,,JARED BILLINGS,73
Mason,PRECINCT 8,Supreme Court of Appeals,,,JARED BILLINGS,86
Mason,PRECINCT 9,Supreme Court of Appeals,,,JARED BILLINGS,82
Mason,PRECINCT 10,Supreme Court of Appeals,,,JARED BILLINGS,83
Mason,PRECINCT 11,Supreme Court of Appeals,,,JARED BILLINGS,12
Mason,PRECINCT 12,Supreme Court of Appeals,,,JARED BILLINGS,49
Mason,PRECINCT 13,Supreme Court of Appeals,,,JARED BILLINGS,111
Mason,PRECINCT 14,Supreme Court of Appeals,,,JARED BILLINGS,76
Mason,PRECINCT 15,Supreme Court of Appeals,,,JARED BILLINGS,59
Mason,PRECINCT 16,Supreme Court of Appeals,,,JARED BILLINGS,66
Mason,PRECINCT 17,Supreme Court of Appeals,,,JARED BILLINGS,82
Mason,PRECINCT 18,Supreme Court of Appeals,,,JARED BILLINGS,50
Mason,PRECINCT 19,Supreme Court of Appeals,,,JARED BILLINGS,71
Mason,PRECINCT 19LE,Supreme Court of Appeals,,,JARED BILLINGS,6
Mason,PRECINCT 20,Supreme Court of Appeals,,,JARED BILLINGS,41
Mason,PRECINCT 21,Supreme Court of Appeals,,,JARED BILLINGS,52
Mason,PRECINCT 22,Supreme Court of Appeals,,,JARED BILLINGS,80
Mason,PRECINCT 23,Supreme Court of Appeals,,,JARED BILLINGS,62
Mason,PRECINCT 24,Supreme Court of Appeals,,,JARED BILLINGS,70
Mason,PRECINCT 25,Supreme Court of Appeals,,,JARED BILLINGS,90
Mason,PRECINCT 26,Supreme Court of Appeals,,,JARED BILLINGS,19
Mason,PRECINCT 27,Supreme Court of Appeals,,,JARED BILLINGS,62
Mason,PRECINCT 28,Supreme Court of Appeals,,,JARED BILLINGS,64
Mason,PRECINCT 29,Supreme Court of Appeals,,,JARED BILLINGS,62
Mason,PRECINCT 30,Supreme Court of Appeals,,,JARED BILLINGS,223
Mason,PRECINCT 1,Supreme Court of Appeals,,,DALE SHOBE,20
Mason,PRECINCT 2,Supreme Court of Appeals,,,DALE SHOBE,27
Mason,PRECINCT 3,Supreme Court of Appeals,,,DALE SHOBE,49
Mason,PRECINCT 4,Supreme Court of Appeals,,,DALE SHOBE,58
Mason,PRECINCT 5,Supreme Court of Appeals,,,DALE SHOBE,46
Mason,PRECINCT 6,Supreme Court of Appeals,,,DALE SHOBE,42
Mason,PRECINCT 7,Supreme Court of Appeals,,,DALE SHOBE,62
Mason,PRECINCT 8,Supreme Court of Appeals,,,DALE SHOBE,74
Mason,PRECINCT 9,Supreme Court of Appeals,,,DALE SHOBE,80
Mason,PRECINCT 10,Supreme Court of Appeals,,,DALE SHOBE,93
Mason,PRECINCT 11,Supreme Court of Appeals,,,DALE SHOBE,6
Mason,PRECINCT 12,Supreme Court of Appeals,,,DALE SHOBE,39
Mason,PRECINCT 13,Supreme Court of Appeals,,,DALE SHOBE,78
Mason,PRECINCT 14,Supreme Court of Appeals,,,DALE SHOBE,47
Mason,PRECINCT 15,Supreme Court of Appeals,,,DALE SHOBE,53
Mason,PRECINCT 16,Supreme Court of Appeals,,,DALE SHOBE,56
Mason,PRECINCT 17,Supreme Court of Appeals,,,DALE SHOBE,60
Mason,PRECINCT 18,Supreme Court of Appeals,,,DALE SHOBE,64
Mason,PRECINCT 19,Supreme Court of Appeals,,,DALE SHOBE,72
Mason,PRECINCT 19LE,Supreme Court of Appeals,,,DALE SHOBE,9
Mason,PRECINCT 20,Supreme Court of Appeals,,,DALE SHOBE,34
Mason,PRECINCT 21,Supreme Court of Appeals,,,DALE SHOBE,49
Mason,PRECINCT 22,Supreme Court of Appeals,,,DALE SHOBE,89
Mason,PRECINCT 23,Supreme Court of Appeals,,,DALE SHOBE,66
Mason,PRECINCT 24,Supreme Court of Appeals,,,DALE SHOBE,74
Mason,PRECINCT 25,Supreme Court of Appeals,,,DALE SHOBE,77
Mason,PRECINCT 26,Supreme Court of Appeals,,,DALE SHOBE,21
Mason,PRECINCT 27,Supreme Court of Appeals,,,DALE SHOBE,53
Mason,PRECINCT 28,Supreme Court of Appeals,,,DALE SHOBE,47
Mason,PRECINCT 29,Supreme Court of Appeals,,,DALE SHOBE,55
Mason,PRECINCT 30,Supreme Court of Appeals,,,DALE SHOBE,191
Mason,PRECINCT 1,Supreme Court of Appeals,,,JASON P. SIMPKINS,7
Mason,PRECINCT 2,Supreme Court of Appeals,,,JASON P. SIMPKINS,18
Mason,PRECINCT 3,Supreme Court of Appeals,,,JASON P. SIMPKINS,19
Mason,PRECINCT 4,Supreme Court of Appeals,,,JASON P. SIMPKINS,20
Mason,PRECINCT 5,Supreme Court of Appeals,,,JASON P. SIMPKINS,20
Mason,PRECINCT 6,Supreme Court of Appeals,,,JASON P. SIMPKINS,26
Mason,PRECINCT 7,Supreme Court of Appeals,,,JASON P. SIMPKINS,43
Mason,PRECINCT 8,Supreme Court of Appeals,,,JASON P. SIMPKINS,40
Mason,PRECINCT 9,Supreme Court of Appeals,,,JASON P. SIMPKINS,44
Mason,PRECINCT 10,Supreme Court of Appeals,,,JASON P. SIMPKINS,58
Mason,PRECINCT 11,Supreme Court of Appeals,,,JASON P. SIMPKINS,3
Mason,PRECINCT 12,Supreme Court of Appeals,,,JASON P. SIMPKINS,24
Mason,PRECINCT 13,Supreme Court of Appeals,,,JASON P. SIMPKINS,56
Mason,PRECINCT 14,Supreme Court of Appeals,,,JASON P. SIMPKINS,30
Mason,PRECINCT 15,Supreme Court of Appeals,,,JASON P. SIMPKINS,33
Mason,PRECINCT 16,Supreme Court of Appeals,,,JASON P. SIMPKINS,13
Mason,PRECINCT 17,Supreme Court of Appeals,,,JASON P. SIMPKINS,21
Mason,PRECINCT 18,Supreme Court of Appeals,,,JASON P. SIMPKINS,22
Mason,PRECINCT 19,Supreme Court of Appeals,,,JASON P. SIMPKINS,26
Mason,PRECINCT 19LE,Supreme Court of Appeals,,,JASON P. SIMPKINS,2
Mason,PRECINCT 20,Supreme Court of Appeals,,,JASON P. SIMPKINS,39
Mason,PRECINCT 21,Supreme Court of Appeals,,,JASON P. SIMPKINS,40
Mason,PRECINCT 22,Supreme Court of Appeals,,,JASON P. SIMPKINS,52
Mason,PRECINCT 23,Supreme Court of Appeals,,,JASON P. SIMPKINS,57
Mason,PRECINCT 24,Supreme Court of Appeals,,,JASON P. SIMPKINS,103
Mason,PRECINCT 25,Supreme Court of Appeals,,,JASON P. SIMPKINS,163
Mason,PRECINCT 26,Supreme Court of Appeals,,,JASON P. SIMPKINS,33
Mason,PRECINCT 27,Supreme Court of Appeals,,,JASON P. SIMPKINS,92
Mason,PRECINCT 28,Supreme Court of Appeals,,,JASON P. SIMPKINS,115
Mason,PRECINCT 29,Supreme Court of Appeals,,,JASON P. SIMPKINS,72
Mason,PRECINCT 30,Supreme Court of Appeals,,,JASON P. SIMPKINS,135
Mason,PRECINCT 1,Supreme Court of Appeals,,,BRIAN SCOTT,7
Mason,PRECINCT 2,Supreme Court of Appeals,,,BRIAN SCOTT,15
Mason,PRECINCT 3,Supreme Court of Appeals,,,BRIAN SCOTT,13
Mason,PRECINCT 4,Supreme Court of Appeals,,,BRIAN SCOTT,21
Mason,PRECINCT 5,Supreme Court of Appeals,,,BRIAN SCOTT,14
Mason,PRECINCT 6,Supreme Court of Appeals,,,BRIAN SCOTT,28
Mason,PRECINCT 7,Supreme Court of Appeals,,,BRIAN SCOTT,33
Mason,PRECINCT 8,Supreme Court of Appeals,,,BRIAN SCOTT,40
Mason,PRECINCT 9,Supreme Court of Appeals,,,BRIAN SCOTT,33
Mason,PRECINCT 10,Supreme Court of Appeals,,,BRIAN SCOTT,41
Mason,PRECINCT 11,Supreme Court of Appeals,,,BRIAN SCOTT,7
Mason,PRECINCT 12,Supreme Court of Appeals,,,BRIAN SCOTT,18
Mason,PRECINCT 13,Supreme Court of Appeals,,,BRIAN SCOTT,83
Mason,PRECINCT 14,Supreme Court of Appeals,,,BRIAN SCOTT,43
Mason,PRECINCT 15,Supreme Court of Appeals,,,BRIAN SCOTT,57
Mason,PRECINCT 16,Supreme Court of Appeals,,,BRIAN SCOTT,95
Mason,PRECINCT 17,Supreme Court of Appeals,,,BRIAN SCOTT,37
Mason,PRECINCT 18,Supreme Court of Appeals,,,BRIAN SCOTT,31
Mason,PRECINCT 19,Supreme Court of Appeals,,,BRIAN SCOTT,45
Mason,PRECINCT 19LE,Supreme Court of Appeals,,,BRIAN SCOTT,5
Mason,PRECINCT 20,Supreme Court of Appeals,,,BRIAN SCOTT,23
Mason,PRECINCT 21,Supreme Court of Appeals,,,BRIAN SCOTT,31
Mason,PRECINCT 22,Supreme Court of Appeals,,,BRIAN SCOTT,43
Mason,PRECINCT 23,Supreme Court of Appeals,,,BRIAN SCOTT,30
Mason,PRECINCT 24,Supreme Court of Appeals,,,BRIAN SCOTT,35
Mason,PRECINCT 25,Supreme Court of Appeals,,,BRIAN SCOTT,39
Mason,PRECINCT 26,Supreme Court of Appeals,,,BRIAN SCOTT,8
Mason,PRECINCT 27,Supreme Court of Appeals,,,BRIAN SCOTT,35
Mason,PRECINCT 28,Supreme Court of Appeals,,,BRIAN SCOTT,30
Mason,PRECINCT 29,Supreme Court of Appeals,,,BRIAN SCOTT,39
Mason,PRECINCT 30,Supreme Court of Appeals,,,BRIAN SCOTT,96
Mason,PRECINCT 1,FOR CONSERVATION DISTRICT SUPERVISOR,,,CHARLES T. LIPSCOMB,26
Mason,PRECINCT 2,FOR CONSERVATION DISTRICT SUPERVISOR,,,CHARLES T. LIPSCOMB,35
Mason,PRECINCT 3,FOR CONSERVATION DISTRICT SUPERVISOR,,,CHARLES T. LIPSCOMB,51
Mason,PRECINCT 4,FOR CONSERVATION DISTRICT SUPERVISOR,,,CHARLES T. LIPSCOMB,74
Mason,PRECINCT 5,FOR CONSERVATION DISTRICT SUPERVISOR,,,CHARLES T. LIPSCOMB,49
Mason,PRECINCT 6,FOR CONSERVATION DISTRICT SUPERVISOR,,,CHARLES T. LIPSCOMB,65
Mason,PRECINCT 7,FOR CONSERVATION DISTRICT SUPERVISOR,,,CHARLES T. LIPSCOMB,83
Mason,PRECINCT 8,FOR CONSERVATION DISTRICT SUPERVISOR,,,CHARLES T. LIPSCOMB,95
Mason,PRECINCT 9,FOR CONSERVATION DISTRICT SUPERVISOR,,,CHARLES T. LIPSCOMB,110
Mason,PRECINCT 10,FOR CONSERVATION DISTRICT SUPERVISOR,,,CHARLES T. LIPSCOMB,112
Mason,PRECINCT 11,FOR CONSERVATION DISTRICT SUPERVISOR,,,CHARLES T. LIPSCOMB,14
Mason,PRECINCT 12,FOR CONSERVATION DISTRICT SUPERVISOR,,,CHARLES T. LIPSCOMB,55
Mason,PRECINCT 13,FOR CONSERVATION DISTRICT SUPERVISOR,,,CHARLES T. LIPSCOMB,128
Mason,PRECINCT 14,FOR CONSERVATION DISTRICT SUPERVISOR,,,CHARLES T. LIPSCOMB,79
Mason,PRECINCT 15,FOR CONSERVATION DISTRICT SUPERVISOR,,,CHARLES T. LIPSCOMB,66
Mason,PRECINCT 16,FOR CONSERVATION DISTRICT SUPERVISOR,,,CHARLES T. LIPSCOMB,94
Mason,PRECINCT 17,FOR CONSERVATION DISTRICT SUPERVISOR,,,CHARLES T. LIPSCOMB,79
Mason,PRECINCT 18,FOR CONSERVATION DISTRICT SUPERVISOR,,,CHARLES T. LIPSCOMB,62
Mason,PRECINCT 19,FOR CONSERVATION DISTRICT SUPERVISOR,,,CHARLES T. LIPSCOMB,114
Mason,PRECINCT 19LE,FOR CONSERVATION DISTRICT SUPERVISOR,,,CHARLES T. LIPSCOMB,12
Mason,PRECINCT 20,FOR CONSERVATION DISTRICT SUPERVISOR,,,CHARLES T. LIPSCOMB,60
Mason,PRECINCT 21,FOR CONSERVATION DISTRICT SUPERVISOR,,,CHARLES T. LIPSCOMB,84
Mason,PRECINCT 22,FOR CONSERVATION DISTRICT SUPERVISOR,,,CHARLES T. LIPSCOMB,124
Mason,PRECINCT 23,FOR CONSERVATION DISTRICT SUPERVISOR,,,CHARLES T. LIPSCOMB,93
Mason,PRECINCT 24,FOR CONSERVATION DISTRICT SUPERVISOR,,,CHARLES T. LIPSCOMB,113
Mason,PRECINCT 25,FOR CONSERVATION DISTRICT SUPERVISOR,,,CHARLES T. LIPSCOMB,138
Mason,PRECINCT 26,FOR CONSERVATION DISTRICT SUPERVISOR,,,CHARLES T. LIPSCOMB,33
Mason,PRECINCT 27,FOR CONSERVATION DISTRICT SUPERVISOR,,,CHARLES T. LIPSCOMB,92
Mason,PRECINCT 28,FOR CONSERVATION DISTRICT SUPERVISOR,,,CHARLES T. LIPSCOMB,84
Mason,PRECINCT 29,FOR CONSERVATION DISTRICT SUPERVISOR,,,CHARLES T. LIPSCOMB,95
Mason,PRECINCT 30,FOR CONSERVATION DISTRICT SUPERVISOR,,,CHARLES T. LIPSCOMB,261
Mason,PRECINCT 27,REP FOR COUNTY EXECUTIVE COMMITTEE DISTRICT FEMALE COMMI,,REP,SARAH Z. STOVER,66
Mason,PRECINCT 28,REP FOR COUNTY EXECUTIVE COMMITTEE DISTRICT FEMALE COMMI,,REP,SARAH Z. STOVER,77
Mason,PRECINCT 29,REP FOR COUNTY EXECUTIVE COMMITTEE DISTRICT FEMALE COMMI,,REP,SARAH Z. STOVER,67
Mason,PRECINCT 27,DEM FOR COUNTY EXECUTIVE COMMITTEE DISTRICT FEMALE COMMI,,DEM,NO CANDIDATE FILED,0
Mason,PRECINCT 28,DEM FOR COUNTY EXECUTIVE COMMITTEE DISTRICT FEMALE COMMI,,DEM,NO CANDIDATE FILED,0
Mason,PRECINCT 29,DEM FOR COUNTY EXECUTIVE COMMITTEE DISTRICT FEMALE COMMI,,DEM,NO CANDIDATE FILED,0
Mason,PRECINCT 27,REP FOR COUNTY EXECUTIVE COMMITTEE DISTRICT MALE COMMITT,,REP,RAY VARIAN,68
Mason,PRECINCT 28,REP FOR COUNTY EXECUTIVE COMMITTEE DISTRICT MALE COMMITT,,REP,RAY VARIAN,76
Mason,PRECINCT 29,REP FOR COUNTY EXECUTIVE COMMITTEE DISTRICT MALE COMMITT,,REP,RAY VARIAN,69
Mason,PRECINCT 27,DEM FOR COUNTY EXECUTIVE COMMITTEE DISTRICT MALE COMMITT,,DEM,NO CANDIDATE FILED,0
Mason,PRECINCT 28,DEM FOR COUNTY EXECUTIVE COMMITTEE DISTRICT MALE COMMITT,,DEM,NO CANDIDATE FILED,0
Mason,PRECINCT 29,DEM FOR COUNTY EXECUTIVE COMMITTEE DISTRICT MALE COMMITT,,DEM,NO CANDIDATE FILED,0
Mason,PRECINCT 24,REP FOR COUNTY EXECUTIVE COMMITTEE DISTRICT FEMALE COMMI,,REP,NO CANDIDATE FILED,0
Mason,PRECINCT 25,REP FOR COUNTY EXECUTIVE COMMITTEE DISTRICT FEMALE COMMI,,REP,NO CANDIDATE FILED,0
Mason,PRECINCT 26,REP FOR COUNTY EXECUTIVE COMMITTEE DISTRICT FEMALE COMMI,,REP,NO CANDIDATE FILED,0
Mason,PRECINCT 24,DEM FOR COUNTY EXECUTIVE COMMITTEE DISTRICT FEMALE COMMI,,DEM,NO CANDIDATE FILED,0
Mason,PRECINCT 25,DEM FOR COUNTY EXECUTIVE COMMITTEE DISTRICT FEMALE COMMI,,DEM,NO CANDIDATE FILED,0
Mason,PRECINCT 26,DEM FOR COUNTY EXECUTIVE COMMITTEE DISTRICT FEMALE COMMI,,DEM,NO CANDIDATE FILED,0
Mason,PRECINCT 24,REP FOR COUNTY EXECUTIVE COMMITTEE DISTRICT MALE COMMITT,,REP,MATTHEW ROUSH,86
Mason,PRECINCT 25,REP FOR COUNTY EXECUTIVE COMMITTEE DISTRICT MALE COMMITT,,REP,MATTHEW ROUSH,108
Mason,PRECINCT 26,REP FOR COUNTY EXECUTIVE COMMITTEE DISTRICT MALE COMMITT,,REP,MATTHEW ROUSH,19
Mason,PRECINCT 24,DEM FOR COUNTY EXECUTIVE COMMITTEE DISTRICT MALE COMMITT,,DEM,SCOTT BREWER,67
Mason,PRECINCT 25,DEM FOR COUNTY EXECUTIVE COMMITTEE DISTRICT MALE COMMITT,,DEM,SCOTT BREWER,64
Mason,PRECINCT 26,DEM FOR COUNTY EXECUTIVE COMMITTEE DISTRICT MALE COMMITT,,DEM,SCOTT BREWER,17
Mason,PRECINCT 9,REP FOR COUNTY EXECUTIVE COMMITTEE DISTRICT FEMALE COMMI,,REP,JESSICA D BRYANT,83
Mason,PRECINCT 21,REP FOR COUNTY EXECUTIVE COMMITTEE DISTRICT FEMALE COMMI,,REP,JESSICA D BRYANT,68
Mason,PRECINCT 22,REP FOR COUNTY EXECUTIVE COMMITTEE DISTRICT FEMALE COMMI,,REP,JESSICA D BRYANT,100
Mason,PRECINCT 23,REP FOR COUNTY EXECUTIVE COMMITTEE DISTRICT FEMALE COMMI,,REP,JESSICA D BRYANT,63
Mason,PRECINCT 9,DEM FOR COUNTY EXECUTIVE COMMITTEE DISTRICT FEMALE COMMI,,DEM,SHIRLEY LIVINGSTON,42
Mason,PRECINCT 21,DEM FOR COUNTY EXECUTIVE COMMITTEE DISTRICT FEMALE COMMI,,DEM,SHIRLEY LIVINGSTON,30
Mason,PRECINCT 22,DEM FOR COUNTY EXECUTIVE COMMITTEE DISTRICT FEMALE COMMI,,DEM,SHIRLEY LIVINGSTON,37
Mason,PRECINCT 23,DEM FOR COUNTY EXECUTIVE COMMITTEE DISTRICT FEMALE COMMI,,DEM,SHIRLEY LIVINGSTON,31
Mason,PRECINCT 9,REP FOR COUNTY EXECUTIVE COMMITTEE DISTRICT MALE COMMITT,,REP,NO CANDIDATE FILED,0
Mason,PRECINCT 21,REP FOR COUNTY EXECUTIVE COMMITTEE DISTRICT MALE COMMITT,,REP,NO CANDIDATE FILED,0
Mason,PRECINCT 22,REP FOR COUNTY EXECUTIVE COMMITTEE DISTRICT MALE COMMITT,,REP,NO CANDIDATE FILED,0
Mason,PRECINCT 23,REP FOR COUNTY EXECUTIVE COMMITTEE DISTRICT MALE COMMITT,,REP,NO CANDIDATE FILED,0
Mason,PRECINCT 9,DEM FOR COUNTY EXECUTIVE COMMITTEE DISTRICT MALE COMMITT,,DEM,NO CANDIDATE FILED,0
Mason,PRECINCT 21,DEM FOR COUNTY EXECUTIVE COMMITTEE DISTRICT MALE COMMITT,,DEM,NO CANDIDATE FILED,0
Mason,PRECINCT 22,DEM FOR COUNTY EXECUTIVE COMMITTEE DISTRICT MALE COMMITT,,DEM,NO CANDIDATE FILED,0
Mason,PRECINCT 23,DEM FOR COUNTY EXECUTIVE COMMITTEE DISTRICT MALE COMMITT,,DEM,NO CANDIDATE FILED,0
Mason,PRECINCT 10,REP FOR COUNTY EXECUTIVE COMMITTEE DISTRICT FEMALE COMMI,,REP,ROSE SAYRE,79
Mason,PRECINCT 18,REP FOR COUNTY EXECUTIVE COMMITTEE DISTRICT FEMALE COMMI,,REP,ROSE SAYRE,45
Mason,PRECINCT 19,REP FOR COUNTY EXECUTIVE COMMITTEE DISTRICT FEMALE COMMI,,REP,ROSE SAYRE,94
Mason,PRECINCT 19LE,REP FOR COUNTY EXECUTIVE COMMITTEE DISTRICT FEMALE COMMI,,REP,ROSE SAYRE,10
Mason,PRECINCT 20,REP FOR COUNTY EXECUTIVE COMMITTEE DISTRICT FEMALE COMMI,,REP,ROSE SAYRE,50
Mason,PRECINCT 10,DEM FOR COUNTY EXECUTIVE COMMITTEE DISTRICT FEMALE COMMI,,DEM,SARAH JEFFERS,48
Mason,PRECINCT 18,DEM FOR COUNTY EXECUTIVE COMMITTEE DISTRICT FEMALE COMMI,,DEM,SARAH JEFFERS,30
Mason,PRECINCT 19,DEM FOR COUNTY EXECUTIVE COMMITTEE DISTRICT FEMALE COMMI,,DEM,SARAH JEFFERS,42
Mason,PRECINCT 19LE,DEM FOR COUNTY EXECUTIVE COMMITTEE DISTRICT FEMALE COMMI,,DEM,SARAH JEFFERS,7
Mason,PRECINCT 20,DEM FOR COUNTY EXECUTIVE COMMITTEE DISTRICT FEMALE COMMI,,DEM,SARAH JEFFERS,21
Mason,PRECINCT 10,REP FOR COUNTY EXECUTIVE COMMITTEE DISTRICT MALE COMMITT,,REP,R. MICHAEL SHAW JR.,85
Mason,PRECINCT 18,REP FOR COUNTY EXECUTIVE COMMITTEE DISTRICT MALE COMMITT,,REP,R. MICHAEL SHAW JR.,47
Mason,PRECINCT 19,REP FOR COUNTY EXECUTIVE COMMITTEE DISTRICT MALE COMMITT,,REP,R. MICHAEL SHAW JR.,90
Mason,PRECINCT 19LE,REP FOR COUNTY EXECUTIVE COMMITTEE DISTRICT MALE COMMITT,,REP,R. MICHAEL SHAW JR.,10
Mason,PRECINCT 20,REP FOR COUNTY EXECUTIVE COMMITTEE DISTRICT MALE COMMITT,,REP,R. MICHAEL SHAW JR.,49
Mason,PRECINCT 10,DEM FOR COUNTY EXECUTIVE COMMITTEE DISTRICT MALE COMMITT,,DEM,FLOYD R. SAYRE,49
Mason,PRECINCT 18,DEM FOR COUNTY EXECUTIVE COMMITTEE DISTRICT MALE COMMITT,,DEM,FLOYD R. SAYRE,33
Mason,PRECINCT 19,DEM FOR COUNTY EXECUTIVE COMMITTEE DISTRICT MALE COMMITT,,DEM,FLOYD R. SAYRE,42
Mason,PRECINCT 19LE,DEM FOR COUNTY EXECUTIVE COMMITTEE DISTRICT MALE COMMITT,,DEM,FLOYD R. SAYRE,6
Mason,PRECINCT 20,DEM FOR COUNTY EXECUTIVE COMMITTEE DISTRICT MALE COMMITT,,DEM,FLOYD R. SAYRE,22
Mason,PRECINCT 7,REP FOR COUNTY EXECUTIVE COMMITTEE DISTRICT FEMALE COMMI,,REP,CANDACE MILLER,73
Mason,PRECINCT 8,REP FOR COUNTY EXECUTIVE COMMITTEE DISTRICT FEMALE COMMI,,REP,CANDACE MILLER,67
Mason,PRECINCT 30,REP FOR COUNTY EXECUTIVE COMMITTEE DISTRICT FEMALE COMMI,,REP,CANDACE MILLER,211
Mason,PRECINCT 7,DEM FOR COUNTY EXECUTIVE COMMITTEE DISTRICT FEMALE COMMI,,DEM,BONNIE J FRUTH,31
Mason,PRECINCT 8,DEM FOR COUNTY EXECUTIVE COMMITTEE DISTRICT FEMALE COMMI,,DEM,BONNIE J FRUTH,53
Mason,PRECINCT 30,DEM FOR COUNTY EXECUTIVE COMMITTEE DISTRICT FEMALE COMMI,,DEM,BONNIE J FRUTH,104
Mason,PRECINCT 7,REP FOR COUNTY EXECUTIVE COMMITTEE DISTRICT MALE COMMITT,,REP,JACOB G. HILL,71
Mason,PRECINCT 8,REP FOR COUNTY EXECUTIVE COMMITTEE DISTRICT MALE COMMITT,,REP,JACOB G. HILL,64
Mason,PRECINCT 30,REP FOR COUNTY EXECUTIVE COMMITTEE DISTRICT MALE COMMITT,,REP,JACOB G. HILL,199
Mason,PRECINCT 7,DEM FOR COUNTY EXECUTIVE COMMITTEE DISTRICT MALE COMMITT,,DEM,NO CANDIDATE FILED,0
Mason,PRECINCT 8,DEM FOR COUNTY EXECUTIVE COMMITTEE DISTRICT MALE COMMITT,,DEM,NO CANDIDATE FILED,0
Mason,PRECINCT 30,DEM FOR COUNTY EXECUTIVE COMMITTEE DISTRICT MALE COMMITT,,DEM,NO CANDIDATE FILED,0
Mason,PRECINCT 1,REP FOR COUNTY EXECUTIVE COMMITTEE DISTRICT FEMALE COMMI,,REP,AMBER TATTERSON,23
Mason,PRECINCT 2,REP FOR COUNTY EXECUTIVE COMMITTEE DISTRICT FEMALE COMMI,,REP,AMBER TATTERSON,24
Mason,PRECINCT 3,REP FOR COUNTY EXECUTIVE COMMITTEE DISTRICT FEMALE COMMI,,REP,AMBER TATTERSON,30
Mason,PRECINCT 4,REP FOR COUNTY EXECUTIVE COMMITTEE DISTRICT FEMALE COMMI,,REP,AMBER TATTERSON,61
Mason,PRECINCT 5,REP FOR COUNTY EXECUTIVE COMMITTEE DISTRICT FEMALE COMMI,,REP,AMBER TATTERSON,36
Mason,PRECINCT 6,REP FOR COUNTY EXECUTIVE COMMITTEE DISTRICT FEMALE COMMI,,REP,AMBER TATTERSON,53
Mason,PRECINCT 11,REP FOR COUNTY EXECUTIVE COMMITTEE DISTRICT FEMALE COMMI,,REP,AMBER TATTERSON,13
Mason,PRECINCT 1,DEM FOR COUNTY EXECUTIVE COMMITTEE DISTRICT FEMALE COMMI,,DEM,JERRIE HOWARD,12
Mason,PRECINCT 2,DEM FOR COUNTY EXECUTIVE COMMITTEE DISTRICT FEMALE COMMI,,DEM,JERRIE HOWARD,16
Mason,PRECINCT 3,DEM FOR COUNTY EXECUTIVE COMMITTEE DISTRICT FEMALE COMMI,,DEM,JERRIE HOWARD,31
Mason,PRECINCT 4,DEM FOR COUNTY EXECUTIVE COMMITTEE DISTRICT FEMALE COMMI,,DEM,JERRIE HOWARD,27
Mason,PRECINCT 5,DEM FOR COUNTY EXECUTIVE COMMITTEE DISTRICT FEMALE COMMI,,DEM,JERRIE HOWARD,29
Mason,PRECINCT 6,DEM FOR COUNTY EXECUTIVE COMMITTEE DISTRICT FEMALE COMMI,,DEM,JERRIE HOWARD,28
Mason,PRECINCT 11,DEM FOR COUNTY EXECUTIVE COMMITTEE DISTRICT FEMALE COMMI,,DEM,JERRIE HOWARD,2
Mason,PRECINCT 1,REP FOR COUNTY EXECUTIVE COMMITTEE DISTRICT MALE COMMITT,,REP,JOHNNIE WAMSLEY,20
Mason,PRECINCT 2,REP FOR COUNTY EXECUTIVE COMMITTEE DISTRICT MALE COMMITT,,REP,JOHNNIE WAMSLEY,21
Mason,PRECINCT 3,REP FOR COUNTY EXECUTIVE COMMITTEE DISTRICT MALE COMMITT,,REP,JOHNNIE WAMSLEY,27
Mason,PRECINCT 4,REP FOR COUNTY EXECUTIVE COMMITTEE DISTRICT MALE COMMITT,,REP,JOHNNIE WAMSLEY,56
Mason,PRECINCT 5,REP FOR COUNTY EXECUTIVE COMMITTEE DISTRICT MALE COMMITT,,REP,JOHNNIE WAMSLEY,32
Mason,PRECINCT 6,REP FOR COUNTY EXECUTIVE COMMITTEE DISTRICT MALE COMMITT,,REP,JOHNNIE WAMSLEY,42
Mason,PRECINCT 11,REP FOR COUNTY EXECUTIVE COMMITTEE DISTRICT MALE COMMITT,,REP,JOHNNIE WAMSLEY,14
Mason,PRECINCT 1,DEM FOR COUNTY EXECUTIVE COMMITTEE DISTRICT MALE COMMITT,,DEM,TOM A. MCNEELY,12
Mason,PRECINCT 2,DEM FOR COUNTY EXECUTIVE COMMITTEE DISTRICT MALE COMMITT,,DEM,TOM A. MCNEELY,16
Mason,PRECINCT 3,DEM FOR COUNTY EXECUTIVE COMMITTEE DISTRICT MALE COMMITT,,DEM,TOM A. MCNEELY,33
Mason,PRECINCT 4,DEM FOR COUNTY EXECUTIVE COMMITTEE DISTRICT MALE COMMITT,,DEM,TOM A. MCNEELY,31
Mason,PRECINCT 5,DEM FOR COUNTY EXECUTIVE COMMITTEE DISTRICT MALE COMMITT,,DEM,TOM A. MCNEELY,32
Mason,PRECINCT 6,DEM FOR COUNTY EXECUTIVE COMMITTEE DISTRICT MALE COMMITT,,DEM,TOM A. MCNEELY,28
Mason,PRECINCT 11,DEM FOR COUNTY EXECUTIVE COMMITTEE DISTRICT MALE COMMITT,,DEM,TOM A. MCNEELY,3
Mason,PRECINCT 12,REP FOR COUNTY EXECUTIVE COMMITTEE DISTRICT FEMALE COMMI,,REP,ANNA MARIA BUTLER,42
Mason,PRECINCT 13,REP FOR COUNTY EXECUTIVE COMMITTEE DISTRICT FEMALE COMMI,,REP,ANNA MARIA BUTLER,106
Mason,PRECINCT 14,REP FOR COUNTY EXECUTIVE COMMITTEE DISTRICT FEMALE COMMI,,REP,ANNA MARIA BUTLER,68
Mason,PRECINCT 12,DEM FOR COUNTY EXECUTIVE COMMITTEE DISTRICT FEMALE COMMI,,DEM,NO CANDIDATE FILED,0
Mason,PRECINCT 13,DEM FOR COUNTY EXECUTIVE COMMITTEE DISTRICT FEMALE COMMI,,DEM,NO CANDIDATE FILED,0
Mason,PRECINCT 14,DEM FOR COUNTY EXECUTIVE COMMITTEE DISTRICT FEMALE COMMI,,DEM,NO CANDIDATE FILED,0
Mason,PRECINCT 12,REP FOR COUNTY EXECUTIVE COMMITTEE DISTRICT MALE COMMITT,,REP,JIM BUTLER,41
Mason,PRECINCT 13,REP FOR COUNTY EXECUTIVE COMMITTEE DISTRICT MALE COMMITT,,REP,JIM BUTLER,110
Mason,PRECINCT 14,REP FOR COUNTY EXECUTIVE COMMITTEE DISTRICT MALE COMMITT,,REP,JIM BUTLER,68
Mason,PRECINCT 12,DEM FOR COUNTY EXECUTIVE COMMITTEE DISTRICT MALE COMMITT,,DEM,NO CANDIDATE FILED,0
Mason,PRECINCT 13,DEM FOR COUNTY EXECUTIVE COMMITTEE DISTRICT MALE COMMITT,,DEM,NO CANDIDATE FILED,0
Mason,PRECINCT 14,DEM FOR COUNTY EXECUTIVE COMMITTEE DISTRICT MALE COMMITT,,DEM,NO CANDIDATE FILED,0
Mason,PRECINCT 15,REP FOR COUNTY EXECUTIVE COMMITTEE DISTRICT FEMALE COMMI,,REP,NO CANDIDATE FILED,0
Mason,PRECINCT 16,REP FOR COUNTY EXECUTIVE COMMITTEE DISTRICT FEMALE COMMI,,REP,NO CANDIDATE FILED,0
Mason,PRECINCT 17,REP FOR COUNTY EXECUTIVE COMMITTEE DISTRICT FEMALE COMMI,,REP,NO CANDIDATE FILED,0
Mason,PRECINCT 15,DEM FOR COUNTY EXECUTIVE COMMITTEE DISTRICT FEMALE COMMI,,DEM,NO CANDIDATE FILED,0
Mason,PRECINCT 16,DEM FOR COUNTY EXECUTIVE COMMITTEE DISTRICT FEMALE COMMI,,DEM,NO CANDIDATE FILED,0
Mason,PRECINCT 17,DEM FOR COUNTY EXECUTIVE COMMITTEE DISTRICT FEMALE COMMI,,DEM,NO CANDIDATE FILED,0
Mason,PRECINCT 15,REP FOR COUNTY EXECUTIVE COMMITTEE DISTRICT MALE COMMITT,,REP,NO CANDIDATE FILED,0
Mason,PRECINCT 16,REP FOR COUNTY EXECUTIVE COMMITTEE DISTRICT MALE COMMITT,,REP,NO CANDIDATE FILED,0
Mason,PRECINCT 17,REP FOR COUNTY EXECUTIVE COMMITTEE DISTRICT MALE COMMITT,,REP,NO CANDIDATE FILED,0
Mason,PRECINCT 15,DEM FOR COUNTY EXECUTIVE COMMITTEE DISTRICT MALE COMMITT,,DEM,NO CANDIDATE FILED,0
Mason,PRECINCT 16,DEM FOR COUNTY EXECUTIVE COMMITTEE DISTRICT MALE COMMITT,,DEM,NO CANDIDATE FILED,0
Mason,PRECINCT 17,DEM FOR COUNTY EXECUTIVE COMMITTEE DISTRICT MALE COMMITT,,DEM,NO CANDIDATE FILED,0
