county,precinct,office,district,party,candidate,votes
Wyoming,PRECINCT 101,BALLOTS CAST,,REP,BALLOTS CAST - REPUBLICAN,70
Wyoming,PRECINCT 102,BALLOTS CAST,,REP,BALLOTS CAST - REPUBLICAN,22
Wyoming,PRECINCT 103,BALLOTS CAST,,REP,BALLOTS CAST - REPUBLICAN,93
Wyoming,PRECINCT 104,BALLOTS CAST,,REP,BALLOTS CAST - REPUBLICAN,17
Wyoming,PRECINCT 105,BALLOTS CAST,,REP,BALLOTS CAST - REPUBLICAN,33
Wyoming,PRECINCT 106,BALLOTS CAST,,REP,BALLOTS CAST - REPUBLICAN,103
Wyoming,PRECINCT 107,BALLOTS CAST,,REP,BALLOTS CAST - REPUBLICAN,68
Wyoming,PRECINCT 108,BALLOTS CAST,,REP,BALLOTS CAST - REPUBLICAN,86
Wyoming,PRECINCT 109,BALLOTS CAST,,REP,BALLOTS CAST - REPUBLICAN,65
Wyoming,PRECINCT 110,BALLOTS CAST,,REP,BALLOTS CAST - REPUBLICAN,30
Wyoming,PRECINCT 111,BALLOTS CAST,,REP,BALLOTS CAST - REPUBLICAN,87
Wyoming,PRECINCT 201,BALLOTS CAST,,REP,BALLOTS CAST - REPUBLICAN,19
Wyoming,PRECINCT 202,BALLOTS CAST,,REP,BALLOTS CAST - REPUBLICAN,86
Wyoming,PRECINCT 203,BALLOTS CAST,,REP,BALLOTS CAST - REPUBLICAN,138
Wyoming,PRECINCT 204,BALLOTS CAST,,REP,BALLOTS CAST - REPUBLICAN,75
Wyoming,PRECINCT 205,BALLOTS CAST,,REP,BALLOTS CAST - REPUBLICAN,131
Wyoming,PRECINCT 206,BALLOTS CAST,,REP,BALLOTS CAST - REPUBLICAN,101
Wyoming,PRECINCT 207,BALLOTS CAST,,REP,BALLOTS CAST - REPUBLICAN,36
Wyoming,PRECINCT 302,BALLOTS CAST,,REP,BALLOTS CAST - REPUBLICAN,86
Wyoming,PRECINCT 303,BALLOTS CAST,,REP,BALLOTS CAST - REPUBLICAN,81
Wyoming,PRECINCT 304,BALLOTS CAST,,REP,BALLOTS CAST - REPUBLICAN,72
Wyoming,PRECINCT 305,BALLOTS CAST,,REP,BALLOTS CAST - REPUBLICAN,100
Wyoming,PRECINCT 307,BALLOTS CAST,,REP,BALLOTS CAST - REPUBLICAN,87
Wyoming,PRECINCT 308,BALLOTS CAST,,REP,BALLOTS CAST - REPUBLICAN,77
Wyoming,PRECINCT 309,BALLOTS CAST,,REP,BALLOTS CAST - REPUBLICAN,13
Wyoming,PRECINCT 310,BALLOTS CAST,,REP,BALLOTS CAST - REPUBLICAN,34
Wyoming,PRECINCT 101,BALLOTS CAST,,DEM,BALLOTS CAST - DEMOCRATIC,59
Wyoming,PRECINCT 102,BALLOTS CAST,,DEM,BALLOTS CAST - DEMOCRATIC,25
Wyoming,PRECINCT 103,BALLOTS CAST,,DEM,BALLOTS CAST - DEMOCRATIC,94
Wyoming,PRECINCT 104,BALLOTS CAST,,DEM,BALLOTS CAST - DEMOCRATIC,50
Wyoming,PRECINCT 105,BALLOTS CAST,,DEM,BALLOTS CAST - DEMOCRATIC,28
Wyoming,PRECINCT 106,BALLOTS CAST,,DEM,BALLOTS CAST - DEMOCRATIC,148
Wyoming,PRECINCT 107,BALLOTS CAST,,DEM,BALLOTS CAST - DEMOCRATIC,111
Wyoming,PRECINCT 108,BALLOTS CAST,,DEM,BALLOTS CAST - DEMOCRATIC,58
Wyoming,PRECINCT 109,BALLOTS CAST,,DEM,BALLOTS CAST - DEMOCRATIC,43
Wyoming,PRECINCT 110,BALLOTS CAST,,DEM,BALLOTS CAST - DEMOCRATIC,11
Wyoming,PRECINCT 111,BALLOTS CAST,,DEM,BALLOTS CAST - DEMOCRATIC,102
Wyoming,PRECINCT 201,BALLOTS CAST,,DEM,BALLOTS CAST - DEMOCRATIC,19
Wyoming,PRECINCT 202,BALLOTS CAST,,DEM,BALLOTS CAST - DEMOCRATIC,82
Wyoming,PRECINCT 203,BALLOTS CAST,,DEM,BALLOTS CAST - DEMOCRATIC,104
Wyoming,PRECINCT 204,BALLOTS CAST,,DEM,BALLOTS CAST - DEMOCRATIC,51
Wyoming,PRECINCT 205,BALLOTS CAST,,DEM,BALLOTS CAST - DEMOCRATIC,214
Wyoming,PRECINCT 206,BALLOTS CAST,,DEM,BALLOTS CAST - DEMOCRATIC,124
Wyoming,PRECINCT 207,BALLOTS CAST,,DEM,BALLOTS CAST - DEMOCRATIC,35
Wyoming,PRECINCT 302,BALLOTS CAST,,DEM,BALLOTS CAST - DEMOCRATIC,112
Wyoming,PRECINCT 303,BALLOTS CAST,,DEM,BALLOTS CAST - DEMOCRATIC,81
Wyoming,PRECINCT 304,BALLOTS CAST,,DEM,BALLOTS CAST - DEMOCRATIC,117
Wyoming,PRECINCT 305,BALLOTS CAST,,DEM,BALLOTS CAST - DEMOCRATIC,38
Wyoming,PRECINCT 307,BALLOTS CAST,,DEM,BALLOTS CAST - DEMOCRATIC,86
Wyoming,PRECINCT 308,BALLOTS CAST,,DEM,BALLOTS CAST - DEMOCRATIC,61
Wyoming,PRECINCT 309,BALLOTS CAST,,DEM,BALLOTS CAST - DEMOCRATIC,16
Wyoming,PRECINCT 310,BALLOTS CAST,,DEM,BALLOTS CAST - DEMOCRATIC,18
Wyoming,PRECINCT 101,BALLOTS CAST,,,BALLOTS CAST - NONPARTISAN,1
Wyoming,PRECINCT 102,BALLOTS CAST,,,BALLOTS CAST - NONPARTISAN,0
Wyoming,PRECINCT 103,BALLOTS CAST,,,BALLOTS CAST - NONPARTISAN,0
Wyoming,PRECINCT 104,BALLOTS CAST,,,BALLOTS CAST - NONPARTISAN,1
Wyoming,PRECINCT 105,BALLOTS CAST,,,BALLOTS CAST - NONPARTISAN,0
Wyoming,PRECINCT 106,BALLOTS CAST,,,BALLOTS CAST - NONPARTISAN,1
Wyoming,PRECINCT 107,BALLOTS CAST,,,BALLOTS CAST - NONPARTISAN,0
Wyoming,PRECINCT 108,BALLOTS CAST,,,BALLOTS CAST - NONPARTISAN,2
Wyoming,PRECINCT 109,BALLOTS CAST,,,BALLOTS CAST - NONPARTISAN,5
Wyoming,PRECINCT 110,BALLOTS CAST,,,BALLOTS CAST - NONPARTISAN,1
Wyoming,PRECINCT 111,BALLOTS CAST,,,BALLOTS CAST - NONPARTISAN,1
Wyoming,PRECINCT 201,BALLOTS CAST,,,BALLOTS CAST - NONPARTISAN,3
Wyoming,PRECINCT 202,BALLOTS CAST,,,BALLOTS CAST - NONPARTISAN,5
Wyoming,PRECINCT 203,BALLOTS CAST,,,BALLOTS CAST - NONPARTISAN,2
Wyoming,PRECINCT 204,BALLOTS CAST,,,BALLOTS CAST - NONPARTISAN,1
Wyoming,PRECINCT 205,BALLOTS CAST,,,BALLOTS CAST - NONPARTISAN,11
Wyoming,PRECINCT 206,BALLOTS CAST,,,BALLOTS CAST - NONPARTISAN,27
Wyoming,PRECINCT 207,BALLOTS CAST,,,BALLOTS CAST - NONPARTISAN,1
Wyoming,PRECINCT 302,BALLOTS CAST,,,BALLOTS CAST - NONPARTISAN,4
Wyoming,PRECINCT 303,BALLOTS CAST,,,BALLOTS CAST - NONPARTISAN,1
Wyoming,PRECINCT 304,BALLOTS CAST,,,BALLOTS CAST - NONPARTISAN,0
Wyoming,PRECINCT 305,BALLOTS CAST,,,BALLOTS CAST - NONPARTISAN,4
Wyoming,PRECINCT 307,BALLOTS CAST,,,BALLOTS CAST - NONPARTISAN,4
Wyoming,PRECINCT 308,BALLOTS CAST,,,BALLOTS CAST - NONPARTISAN,0
Wyoming,PRECINCT 309,BALLOTS CAST,,,BALLOTS CAST - NONPARTISAN,0
Wyoming,PRECINCT 310,BALLOTS CAST,,,BALLOTS CAST - NONPARTISAN,0
Wyoming,PRECINCT 101,U.S. House,1,REP,SCOTT FULLER,6
Wyoming,PRECINCT 102,U.S. House,1,REP,SCOTT FULLER,0
Wyoming,PRECINCT 103,U.S. House,1,REP,SCOTT FULLER,5
Wyoming,PRECINCT 104,U.S. House,1,REP,SCOTT FULLER,1
Wyoming,PRECINCT 105,U.S. House,1,REP,SCOTT FULLER,2
Wyoming,PRECINCT 106,U.S. House,1,REP,SCOTT FULLER,4
Wyoming,PRECINCT 107,U.S. House,1,REP,SCOTT FULLER,3
Wyoming,PRECINCT 108,U.S. House,1,REP,SCOTT FULLER,1
Wyoming,PRECINCT 109,U.S. House,1,REP,SCOTT FULLER,1
Wyoming,PRECINCT 110,U.S. House,1,REP,SCOTT FULLER,0
Wyoming,PRECINCT 111,U.S. House,1,REP,SCOTT FULLER,9
Wyoming,PRECINCT 201,U.S. House,1,REP,SCOTT FULLER,2
Wyoming,PRECINCT 202,U.S. House,1,REP,SCOTT FULLER,2
Wyoming,PRECINCT 203,U.S. House,1,REP,SCOTT FULLER,10
Wyoming,PRECINCT 204,U.S. House,1,REP,SCOTT FULLER,8
Wyoming,PRECINCT 205,U.S. House,1,REP,SCOTT FULLER,12
Wyoming,PRECINCT 206,U.S. House,1,REP,SCOTT FULLER,10
Wyoming,PRECINCT 207,U.S. House,1,REP,SCOTT FULLER,3
Wyoming,PRECINCT 302,U.S. House,1,REP,SCOTT FULLER,9
Wyoming,PRECINCT 303,U.S. House,1,REP,SCOTT FULLER,9
Wyoming,PRECINCT 304,U.S. House,1,REP,SCOTT FULLER,4
Wyoming,PRECINCT 305,U.S. House,1,REP,SCOTT FULLER,5
Wyoming,PRECINCT 307,U.S. House,1,REP,SCOTT FULLER,7
Wyoming,PRECINCT 308,U.S. House,1,REP,SCOTT FULLER,6
Wyoming,PRECINCT 309,U.S. House,1,REP,SCOTT FULLER,0
Wyoming,PRECINCT 310,U.S. House,1,REP,SCOTT FULLER,8
Wyoming,PRECINCT 101,U.S. House,1,REP,ZANE LAWHORN,14
Wyoming,PRECINCT 102,U.S. House,1,REP,ZANE LAWHORN,4
Wyoming,PRECINCT 103,U.S. House,1,REP,ZANE LAWHORN,18
Wyoming,PRECINCT 104,U.S. House,1,REP,ZANE LAWHORN,5
Wyoming,PRECINCT 105,U.S. House,1,REP,ZANE LAWHORN,10
Wyoming,PRECINCT 106,U.S. House,1,REP,ZANE LAWHORN,33
Wyoming,PRECINCT 107,U.S. House,1,REP,ZANE LAWHORN,9
Wyoming,PRECINCT 108,U.S. House,1,REP,ZANE LAWHORN,18
Wyoming,PRECINCT 109,U.S. House,1,REP,ZANE LAWHORN,20
Wyoming,PRECINCT 110,U.S. House,1,REP,ZANE LAWHORN,9
Wyoming,PRECINCT 111,U.S. House,1,REP,ZANE LAWHORN,11
Wyoming,PRECINCT 201,U.S. House,1,REP,ZANE LAWHORN,3
Wyoming,PRECINCT 202,U.S. House,1,REP,ZANE LAWHORN,12
Wyoming,PRECINCT 203,U.S. House,1,REP,ZANE LAWHORN,26
Wyoming,PRECINCT 204,U.S. House,1,REP,ZANE LAWHORN,10
Wyoming,PRECINCT 205,U.S. House,1,REP,ZANE LAWHORN,37
Wyoming,PRECINCT 206,U.S. House,1,REP,ZANE LAWHORN,22
Wyoming,PRECINCT 207,U.S. House,1,REP,ZANE LAWHORN,8
Wyoming,PRECINCT 302,U.S. House,1,REP,ZANE LAWHORN,14
Wyoming,PRECINCT 303,U.S. House,1,REP,ZANE LAWHORN,16
Wyoming,PRECINCT 304,U.S. House,1,REP,ZANE LAWHORN,12
Wyoming,PRECINCT 305,U.S. House,1,REP,ZANE LAWHORN,9
Wyoming,PRECINCT 307,U.S. House,1,REP,ZANE LAWHORN,12
Wyoming,PRECINCT 308,U.S. House,1,REP,ZANE LAWHORN,16
Wyoming,PRECINCT 309,U.S. House,1,REP,ZANE LAWHORN,5
Wyoming,PRECINCT 310,U.S. House,1,REP,ZANE LAWHORN,7
Wyoming,PRECINCT 101,U.S. House,1,REP,CAROL MILLER,40
Wyoming,PRECINCT 102,U.S. House,1,REP,CAROL MILLER,15
Wyoming,PRECINCT 103,U.S. House,1,REP,CAROL MILLER,49
Wyoming,PRECINCT 104,U.S. House,1,REP,CAROL MILLER,9
Wyoming,PRECINCT 105,U.S. House,1,REP,CAROL MILLER,18
Wyoming,PRECINCT 106,U.S. House,1,REP,CAROL MILLER,49
Wyoming,PRECINCT 107,U.S. House,1,REP,CAROL MILLER,48
Wyoming,PRECINCT 108,U.S. House,1,REP,CAROL MILLER,58
Wyoming,PRECINCT 109,U.S. House,1,REP,CAROL MILLER,37
Wyoming,PRECINCT 110,U.S. House,1,REP,CAROL MILLER,16
Wyoming,PRECINCT 111,U.S. House,1,REP,CAROL MILLER,56
Wyoming,PRECINCT 201,U.S. House,1,REP,CAROL MILLER,13
Wyoming,PRECINCT 202,U.S. House,1,REP,CAROL MILLER,52
Wyoming,PRECINCT 203,U.S. House,1,REP,CAROL MILLER,75
Wyoming,PRECINCT 204,U.S. House,1,REP,CAROL MILLER,46
Wyoming,PRECINCT 205,U.S. House,1,REP,CAROL MILLER,61
Wyoming,PRECINCT 206,U.S. House,1,REP,CAROL MILLER,49
Wyoming,PRECINCT 207,U.S. House,1,REP,CAROL MILLER,18
Wyoming,PRECINCT 302,U.S. House,1,REP,CAROL MILLER,51
Wyoming,PRECINCT 303,U.S. House,1,REP,CAROL MILLER,39
Wyoming,PRECINCT 304,U.S. House,1,REP,CAROL MILLER,43
Wyoming,PRECINCT 305,U.S. House,1,REP,CAROL MILLER,65
Wyoming,PRECINCT 307,U.S. House,1,REP,CAROL MILLER,53
Wyoming,PRECINCT 308,U.S. House,1,REP,CAROL MILLER,47
Wyoming,PRECINCT 309,U.S. House,1,REP,CAROL MILLER,6
Wyoming,PRECINCT 310,U.S. House,1,REP,CAROL MILLER,11
Wyoming,PRECINCT 101,U.S. House,1,REP,JAMES EDWIN HOUSER,2
Wyoming,PRECINCT 102,U.S. House,1,REP,JAMES EDWIN HOUSER,0
Wyoming,PRECINCT 103,U.S. House,1,REP,JAMES EDWIN HOUSER,5
Wyoming,PRECINCT 104,U.S. House,1,REP,JAMES EDWIN HOUSER,0
Wyoming,PRECINCT 105,U.S. House,1,REP,JAMES EDWIN HOUSER,0
Wyoming,PRECINCT 106,U.S. House,1,REP,JAMES EDWIN HOUSER,3
Wyoming,PRECINCT 107,U.S. House,1,REP,JAMES EDWIN HOUSER,0
Wyoming,PRECINCT 108,U.S. House,1,REP,JAMES EDWIN HOUSER,3
Wyoming,PRECINCT 109,U.S. House,1,REP,JAMES EDWIN HOUSER,0
Wyoming,PRECINCT 110,U.S. House,1,REP,JAMES EDWIN HOUSER,1
Wyoming,PRECINCT 111,U.S. House,1,REP,JAMES EDWIN HOUSER,2
Wyoming,PRECINCT 201,U.S. House,1,REP,JAMES EDWIN HOUSER,0
Wyoming,PRECINCT 202,U.S. House,1,REP,JAMES EDWIN HOUSER,1
Wyoming,PRECINCT 203,U.S. House,1,REP,JAMES EDWIN HOUSER,3
Wyoming,PRECINCT 204,U.S. House,1,REP,JAMES EDWIN HOUSER,0
Wyoming,PRECINCT 205,U.S. House,1,REP,JAMES EDWIN HOUSER,6
Wyoming,PRECINCT 206,U.S. House,1,REP,JAMES EDWIN HOUSER,6
Wyoming,PRECINCT 207,U.S. House,1,REP,JAMES EDWIN HOUSER,0
Wyoming,PRECINCT 302,U.S. House,1,REP,JAMES EDWIN HOUSER,6
Wyoming,PRECINCT 303,U.S. House,1,REP,JAMES EDWIN HOUSER,4
Wyoming,PRECINCT 304,U.S. House,1,REP,JAMES EDWIN HOUSER,4
Wyoming,PRECINCT 305,U.S. House,1,REP,JAMES EDWIN HOUSER,5
Wyoming,PRECINCT 307,U.S. House,1,REP,JAMES EDWIN HOUSER,0
Wyoming,PRECINCT 308,U.S. House,1,REP,JAMES EDWIN HOUSER,0
Wyoming,PRECINCT 309,U.S. House,1,REP,JAMES EDWIN HOUSER,0
Wyoming,PRECINCT 310,U.S. House,1,REP,JAMES EDWIN HOUSER,2
Wyoming,PRECINCT 101,U.S. House,1,REP,KENT STEVENS,0
Wyoming,PRECINCT 102,U.S. House,1,REP,KENT STEVENS,1
Wyoming,PRECINCT 103,U.S. House,1,REP,KENT STEVENS,4
Wyoming,PRECINCT 104,U.S. House,1,REP,KENT STEVENS,0
Wyoming,PRECINCT 105,U.S. House,1,REP,KENT STEVENS,2
Wyoming,PRECINCT 106,U.S. House,1,REP,KENT STEVENS,2
Wyoming,PRECINCT 107,U.S. House,1,REP,KENT STEVENS,3
Wyoming,PRECINCT 108,U.S. House,1,REP,KENT STEVENS,1
Wyoming,PRECINCT 109,U.S. House,1,REP,KENT STEVENS,2
Wyoming,PRECINCT 110,U.S. House,1,REP,KENT STEVENS,2
Wyoming,PRECINCT 111,U.S. House,1,REP,KENT STEVENS,3
Wyoming,PRECINCT 201,U.S. House,1,REP,KENT STEVENS,0
Wyoming,PRECINCT 202,U.S. House,1,REP,KENT STEVENS,6
Wyoming,PRECINCT 203,U.S. House,1,REP,KENT STEVENS,4
Wyoming,PRECINCT 204,U.S. House,1,REP,KENT STEVENS,4
Wyoming,PRECINCT 205,U.S. House,1,REP,KENT STEVENS,5
Wyoming,PRECINCT 206,U.S. House,1,REP,KENT STEVENS,1
Wyoming,PRECINCT 207,U.S. House,1,REP,KENT STEVENS,2
Wyoming,PRECINCT 302,U.S. House,1,REP,KENT STEVENS,2
Wyoming,PRECINCT 303,U.S. House,1,REP,KENT STEVENS,4
Wyoming,PRECINCT 304,U.S. House,1,REP,KENT STEVENS,1
Wyoming,PRECINCT 305,U.S. House,1,REP,KENT STEVENS,3
Wyoming,PRECINCT 307,U.S. House,1,REP,KENT STEVENS,4
Wyoming,PRECINCT 308,U.S. House,1,REP,KENT STEVENS,3
Wyoming,PRECINCT 309,U.S. House,1,REP,KENT STEVENS,0
Wyoming,PRECINCT 310,U.S. House,1,REP,KENT STEVENS,0
Wyoming,PRECINCT 101,State Senate,9,REP,ROLLAN ROBERTS,38
Wyoming,PRECINCT 102,State Senate,9,REP,ROLLAN ROBERTS,14
Wyoming,PRECINCT 103,State Senate,9,REP,ROLLAN ROBERTS,38
Wyoming,PRECINCT 104,State Senate,9,REP,ROLLAN ROBERTS,4
Wyoming,PRECINCT 105,State Senate,9,REP,ROLLAN ROBERTS,14
Wyoming,PRECINCT 106,State Senate,9,REP,ROLLAN ROBERTS,48
Wyoming,PRECINCT 107,State Senate,9,REP,ROLLAN ROBERTS,38
Wyoming,PRECINCT 108,State Senate,9,REP,ROLLAN ROBERTS,33
Wyoming,PRECINCT 109,State Senate,9,REP,ROLLAN ROBERTS,28
Wyoming,PRECINCT 110,State Senate,9,REP,ROLLAN ROBERTS,8
Wyoming,PRECINCT 111,State Senate,9,REP,ROLLAN ROBERTS,34
Wyoming,PRECINCT 201,State Senate,9,REP,ROLLAN ROBERTS,9
Wyoming,PRECINCT 202,State Senate,9,REP,ROLLAN ROBERTS,24
Wyoming,PRECINCT 203,State Senate,9,REP,ROLLAN ROBERTS,59
Wyoming,PRECINCT 204,State Senate,9,REP,ROLLAN ROBERTS,27
Wyoming,PRECINCT 205,State Senate,9,REP,ROLLAN ROBERTS,44
Wyoming,PRECINCT 206,State Senate,9,REP,ROLLAN ROBERTS,36
Wyoming,PRECINCT 207,State Senate,9,REP,ROLLAN ROBERTS,15
Wyoming,PRECINCT 302,State Senate,9,REP,ROLLAN ROBERTS,43
Wyoming,PRECINCT 303,State Senate,9,REP,ROLLAN ROBERTS,29
Wyoming,PRECINCT 304,State Senate,9,REP,ROLLAN ROBERTS,36
Wyoming,PRECINCT 305,State Senate,9,REP,ROLLAN ROBERTS,35
Wyoming,PRECINCT 307,State Senate,9,REP,ROLLAN ROBERTS,23
Wyoming,PRECINCT 308,State Senate,9,REP,ROLLAN ROBERTS,43
Wyoming,PRECINCT 309,State Senate,9,REP,ROLLAN ROBERTS,2
Wyoming,PRECINCT 310,State Senate,9,REP,ROLLAN ROBERTS,9
Wyoming,PRECINCT 101,State Senate,9,REP,MICK BATES,22
Wyoming,PRECINCT 102,State Senate,9,REP,MICK BATES,7
Wyoming,PRECINCT 103,State Senate,9,REP,MICK BATES,46
Wyoming,PRECINCT 104,State Senate,9,REP,MICK BATES,10
Wyoming,PRECINCT 105,State Senate,9,REP,MICK BATES,18
Wyoming,PRECINCT 106,State Senate,9,REP,MICK BATES,45
Wyoming,PRECINCT 107,State Senate,9,REP,MICK BATES,28
Wyoming,PRECINCT 108,State Senate,9,REP,MICK BATES,44
Wyoming,PRECINCT 109,State Senate,9,REP,MICK BATES,30
Wyoming,PRECINCT 110,State Senate,9,REP,MICK BATES,18
Wyoming,PRECINCT 111,State Senate,9,REP,MICK BATES,42
Wyoming,PRECINCT 201,State Senate,9,REP,MICK BATES,7
Wyoming,PRECINCT 202,State Senate,9,REP,MICK BATES,34
Wyoming,PRECINCT 203,State Senate,9,REP,MICK BATES,49
Wyoming,PRECINCT 204,State Senate,9,REP,MICK BATES,35
Wyoming,PRECINCT 205,State Senate,9,REP,MICK BATES,75
Wyoming,PRECINCT 206,State Senate,9,REP,MICK BATES,49
Wyoming,PRECINCT 207,State Senate,9,REP,MICK BATES,15
Wyoming,PRECINCT 302,State Senate,9,REP,MICK BATES,38
Wyoming,PRECINCT 303,State Senate,9,REP,MICK BATES,42
Wyoming,PRECINCT 304,State Senate,9,REP,MICK BATES,26
Wyoming,PRECINCT 305,State Senate,9,REP,MICK BATES,40
Wyoming,PRECINCT 307,State Senate,9,REP,MICK BATES,44
Wyoming,PRECINCT 308,State Senate,9,REP,MICK BATES,23
Wyoming,PRECINCT 309,State Senate,9,REP,MICK BATES,3
Wyoming,PRECINCT 310,State Senate,9,REP,MICK BATES,15
Wyoming,PRECINCT 101,State House,35,REP,ADAM VANCE,57
Wyoming,PRECINCT 103,State House,35,REP,ADAM VANCE,77
Wyoming,PRECINCT 104,State House,35,REP,ADAM VANCE,13
Wyoming,PRECINCT 105,State House,35,REP,ADAM VANCE,26
Wyoming,PRECINCT 106,State House,35,REP,ADAM VANCE,80
Wyoming,PRECINCT 107,State House,35,REP,ADAM VANCE,57
Wyoming,PRECINCT 108,State House,35,REP,ADAM VANCE,62
Wyoming,PRECINCT 109,State House,35,REP,ADAM VANCE,46
Wyoming,PRECINCT 110,State House,35,REP,ADAM VANCE,28
Wyoming,PRECINCT 111,State House,35,REP,ADAM VANCE,64
Wyoming,PRECINCT 201,State House,35,REP,ADAM VANCE,18
Wyoming,PRECINCT 202,State House,35,REP,ADAM VANCE,71
Wyoming,PRECINCT 203,State House,35,REP,ADAM VANCE,114
Wyoming,PRECINCT 204,State House,35,REP,ADAM VANCE,52
Wyoming,PRECINCT 205,State House,35,REP,ADAM VANCE,110
Wyoming,PRECINCT 206,State House,35,REP,ADAM VANCE,73
Wyoming,PRECINCT 207,State House,35,REP,ADAM VANCE,31
Wyoming,PRECINCT 305,State House,35,REP,ADAM VANCE,77
Wyoming,PRECINCT 307,State House,35,REP,ADAM VANCE,62
Wyoming,PRECINCT 308,State House,35,REP,ADAM VANCE,69
Wyoming,PRECINCT 309,State House,35,REP,ADAM VANCE,11
Wyoming,PRECINCT 310,State House,35,REP,ADAM VANCE,30
Wyoming,PRECINCT 102,State House,43,REP,CHRISTOPHER W. TONEY,12
Wyoming,PRECINCT 302,State House,43,REP,CHRISTOPHER W. TONEY,32
Wyoming,PRECINCT 303,State House,43,REP,CHRISTOPHER W. TONEY,28
Wyoming,PRECINCT 304,State House,43,REP,CHRISTOPHER W. TONEY,26
Wyoming,PRECINCT 102,State House,43,REP,KASE POLING,8
Wyoming,PRECINCT 302,State House,43,REP,KASE POLING,44
Wyoming,PRECINCT 303,State House,43,REP,KASE POLING,42
Wyoming,PRECINCT 304,State House,43,REP,KASE POLING,39
Wyoming,PRECINCT 101,STATE EXECUTIVE COMMITTEE,9,REP,AMY A. OSGOOD,28
Wyoming,PRECINCT 102,STATE EXECUTIVE COMMITTEE,9,REP,AMY A. OSGOOD,10
Wyoming,PRECINCT 103,STATE EXECUTIVE COMMITTEE,9,REP,AMY A. OSGOOD,43
Wyoming,PRECINCT 104,STATE EXECUTIVE COMMITTEE,9,REP,AMY A. OSGOOD,3
Wyoming,PRECINCT 105,STATE EXECUTIVE COMMITTEE,9,REP,AMY A. OSGOOD,12
Wyoming,PRECINCT 106,STATE EXECUTIVE COMMITTEE,9,REP,AMY A. OSGOOD,36
Wyoming,PRECINCT 107,STATE EXECUTIVE COMMITTEE,9,REP,AMY A. OSGOOD,25
Wyoming,PRECINCT 108,STATE EXECUTIVE COMMITTEE,9,REP,AMY A. OSGOOD,37
Wyoming,PRECINCT 109,STATE EXECUTIVE COMMITTEE,9,REP,AMY A. OSGOOD,23
Wyoming,PRECINCT 110,STATE EXECUTIVE COMMITTEE,9,REP,AMY A. OSGOOD,11
Wyoming,PRECINCT 111,STATE EXECUTIVE COMMITTEE,9,REP,AMY A. OSGOOD,33
Wyoming,PRECINCT 201,STATE EXECUTIVE COMMITTEE,9,REP,AMY A. OSGOOD,6
Wyoming,PRECINCT 202,STATE EXECUTIVE COMMITTEE,9,REP,AMY A. OSGOOD,28
Wyoming,PRECINCT 203,STATE EXECUTIVE COMMITTEE,9,REP,AMY A. OSGOOD,44
Wyoming,PRECINCT 204,STATE EXECUTIVE COMMITTEE,9,REP,AMY A. OSGOOD,25
Wyoming,PRECINCT 205,STATE EXECUTIVE COMMITTEE,9,REP,AMY A. OSGOOD,53
Wyoming,PRECINCT 206,STATE EXECUTIVE COMMITTEE,9,REP,AMY A. OSGOOD,44
Wyoming,PRECINCT 207,STATE EXECUTIVE COMMITTEE,9,REP,AMY A. OSGOOD,13
Wyoming,PRECINCT 302,STATE EXECUTIVE COMMITTEE,9,REP,AMY A. OSGOOD,40
Wyoming,PRECINCT 303,STATE EXECUTIVE COMMITTEE,9,REP,AMY A. OSGOOD,29
Wyoming,PRECINCT 304,STATE EXECUTIVE COMMITTEE,9,REP,AMY A. OSGOOD,29
Wyoming,PRECINCT 305,STATE EXECUTIVE COMMITTEE,9,REP,AMY A. OSGOOD,35
Wyoming,PRECINCT 307,STATE EXECUTIVE COMMITTEE,9,REP,AMY A. OSGOOD,35
Wyoming,PRECINCT 308,STATE EXECUTIVE COMMITTEE,9,REP,AMY A. OSGOOD,28
Wyoming,PRECINCT 309,STATE EXECUTIVE COMMITTEE,9,REP,AMY A. OSGOOD,5
Wyoming,PRECINCT 310,STATE EXECUTIVE COMMITTEE,9,REP,AMY A. OSGOOD,14
Wyoming,PRECINCT 101,STATE EXECUTIVE COMMITTEE,9,REP,KAYLA KESSINGER,16
Wyoming,PRECINCT 102,STATE EXECUTIVE COMMITTEE,9,REP,KAYLA KESSINGER,6
Wyoming,PRECINCT 103,STATE EXECUTIVE COMMITTEE,9,REP,KAYLA KESSINGER,27
Wyoming,PRECINCT 104,STATE EXECUTIVE COMMITTEE,9,REP,KAYLA KESSINGER,5
Wyoming,PRECINCT 105,STATE EXECUTIVE COMMITTEE,9,REP,KAYLA KESSINGER,7
Wyoming,PRECINCT 106,STATE EXECUTIVE COMMITTEE,9,REP,KAYLA KESSINGER,18
Wyoming,PRECINCT 107,STATE EXECUTIVE COMMITTEE,9,REP,KAYLA KESSINGER,16
Wyoming,PRECINCT 108,STATE EXECUTIVE COMMITTEE,9,REP,KAYLA KESSINGER,25
Wyoming,PRECINCT 109,STATE EXECUTIVE COMMITTEE,9,REP,KAYLA KESSINGER,32
Wyoming,PRECINCT 110,STATE EXECUTIVE COMMITTEE,9,REP,KAYLA KESSINGER,6
Wyoming,PRECINCT 111,STATE EXECUTIVE COMMITTEE,9,REP,KAYLA KESSINGER,28
Wyoming,PRECINCT 201,STATE EXECUTIVE COMMITTEE,9,REP,KAYLA KESSINGER,6
Wyoming,PRECINCT 202,STATE EXECUTIVE COMMITTEE,9,REP,KAYLA KESSINGER,19
Wyoming,PRECINCT 203,STATE EXECUTIVE COMMITTEE,9,REP,KAYLA KESSINGER,33
Wyoming,PRECINCT 204,STATE EXECUTIVE COMMITTEE,9,REP,KAYLA KESSINGER,14
Wyoming,PRECINCT 205,STATE EXECUTIVE COMMITTEE,9,REP,KAYLA KESSINGER,31
Wyoming,PRECINCT 206,STATE EXECUTIVE COMMITTEE,9,REP,KAYLA KESSINGER,31
Wyoming,PRECINCT 207,STATE EXECUTIVE COMMITTEE,9,REP,KAYLA KESSINGER,10
Wyoming,PRECINCT 302,STATE EXECUTIVE COMMITTEE,9,REP,KAYLA KESSINGER,18
Wyoming,PRECINCT 303,STATE EXECUTIVE COMMITTEE,9,REP,KAYLA KESSINGER,27
Wyoming,PRECINCT 304,STATE EXECUTIVE COMMITTEE,9,REP,KAYLA KESSINGER,21
Wyoming,PRECINCT 305,STATE EXECUTIVE COMMITTEE,9,REP,KAYLA KESSINGER,26
Wyoming,PRECINCT 307,STATE EXECUTIVE COMMITTEE,9,REP,KAYLA KESSINGER,22
Wyoming,PRECINCT 308,STATE EXECUTIVE COMMITTEE,9,REP,KAYLA KESSINGER,25
Wyoming,PRECINCT 309,STATE EXECUTIVE COMMITTEE,9,REP,KAYLA KESSINGER,2
Wyoming,PRECINCT 310,STATE EXECUTIVE COMMITTEE,9,REP,KAYLA KESSINGER,10
Wyoming,PRECINCT 101,STATE EXECUTIVE COMMITTEE,9,REP,MICHELE R. DAVIS,30
Wyoming,PRECINCT 102,STATE EXECUTIVE COMMITTEE,9,REP,MICHELE R. DAVIS,6
Wyoming,PRECINCT 103,STATE EXECUTIVE COMMITTEE,9,REP,MICHELE R. DAVIS,34
Wyoming,PRECINCT 104,STATE EXECUTIVE COMMITTEE,9,REP,MICHELE R. DAVIS,4
Wyoming,PRECINCT 105,STATE EXECUTIVE COMMITTEE,9,REP,MICHELE R. DAVIS,18
Wyoming,PRECINCT 106,STATE EXECUTIVE COMMITTEE,9,REP,MICHELE R. DAVIS,46
Wyoming,PRECINCT 107,STATE EXECUTIVE COMMITTEE,9,REP,MICHELE R. DAVIS,32
Wyoming,PRECINCT 108,STATE EXECUTIVE COMMITTEE,9,REP,MICHELE R. DAVIS,40
Wyoming,PRECINCT 109,STATE EXECUTIVE COMMITTEE,9,REP,MICHELE R. DAVIS,32
Wyoming,PRECINCT 110,STATE EXECUTIVE COMMITTEE,9,REP,MICHELE R. DAVIS,16
Wyoming,PRECINCT 111,STATE EXECUTIVE COMMITTEE,9,REP,MICHELE R. DAVIS,39
Wyoming,PRECINCT 201,STATE EXECUTIVE COMMITTEE,9,REP,MICHELE R. DAVIS,10
Wyoming,PRECINCT 202,STATE EXECUTIVE COMMITTEE,9,REP,MICHELE R. DAVIS,38
Wyoming,PRECINCT 203,STATE EXECUTIVE COMMITTEE,9,REP,MICHELE R. DAVIS,67
Wyoming,PRECINCT 204,STATE EXECUTIVE COMMITTEE,9,REP,MICHELE R. DAVIS,38
Wyoming,PRECINCT 205,STATE EXECUTIVE COMMITTEE,9,REP,MICHELE R. DAVIS,63
Wyoming,PRECINCT 206,STATE EXECUTIVE COMMITTEE,9,REP,MICHELE R. DAVIS,40
Wyoming,PRECINCT 207,STATE EXECUTIVE COMMITTEE,9,REP,MICHELE R. DAVIS,18
Wyoming,PRECINCT 302,STATE EXECUTIVE COMMITTEE,9,REP,MICHELE R. DAVIS,40
Wyoming,PRECINCT 303,STATE EXECUTIVE COMMITTEE,9,REP,MICHELE R. DAVIS,32
Wyoming,PRECINCT 304,STATE EXECUTIVE COMMITTEE,9,REP,MICHELE R. DAVIS,30
Wyoming,PRECINCT 305,STATE EXECUTIVE COMMITTEE,9,REP,MICHELE R. DAVIS,42
Wyoming,PRECINCT 307,STATE EXECUTIVE COMMITTEE,9,REP,MICHELE R. DAVIS,31
Wyoming,PRECINCT 308,STATE EXECUTIVE COMMITTEE,9,REP,MICHELE R. DAVIS,31
Wyoming,PRECINCT 309,STATE EXECUTIVE COMMITTEE,9,REP,MICHELE R. DAVIS,0
Wyoming,PRECINCT 310,STATE EXECUTIVE COMMITTEE,9,REP,MICHELE R. DAVIS,15
Wyoming,PRECINCT 101,STATE EXECUTIVE COMMITTEE,9,REP,WILL DAVIS,8
Wyoming,PRECINCT 102,STATE EXECUTIVE COMMITTEE,9,REP,WILL DAVIS,4
Wyoming,PRECINCT 103,STATE EXECUTIVE COMMITTEE,9,REP,WILL DAVIS,12
Wyoming,PRECINCT 104,STATE EXECUTIVE COMMITTEE,9,REP,WILL DAVIS,0
Wyoming,PRECINCT 105,STATE EXECUTIVE COMMITTEE,9,REP,WILL DAVIS,3
Wyoming,PRECINCT 106,STATE EXECUTIVE COMMITTEE,9,REP,WILL DAVIS,10
Wyoming,PRECINCT 107,STATE EXECUTIVE COMMITTEE,9,REP,WILL DAVIS,7
Wyoming,PRECINCT 108,STATE EXECUTIVE COMMITTEE,9,REP,WILL DAVIS,11
Wyoming,PRECINCT 109,STATE EXECUTIVE COMMITTEE,9,REP,WILL DAVIS,12
Wyoming,PRECINCT 110,STATE EXECUTIVE COMMITTEE,9,REP,WILL DAVIS,2
Wyoming,PRECINCT 111,STATE EXECUTIVE COMMITTEE,9,REP,WILL DAVIS,15
Wyoming,PRECINCT 201,STATE EXECUTIVE COMMITTEE,9,REP,WILL DAVIS,1
Wyoming,PRECINCT 202,STATE EXECUTIVE COMMITTEE,9,REP,WILL DAVIS,9
Wyoming,PRECINCT 203,STATE EXECUTIVE COMMITTEE,9,REP,WILL DAVIS,22
Wyoming,PRECINCT 204,STATE EXECUTIVE COMMITTEE,9,REP,WILL DAVIS,11
Wyoming,PRECINCT 205,STATE EXECUTIVE COMMITTEE,9,REP,WILL DAVIS,19
Wyoming,PRECINCT 206,STATE EXECUTIVE COMMITTEE,9,REP,WILL DAVIS,19
Wyoming,PRECINCT 207,STATE EXECUTIVE COMMITTEE,9,REP,WILL DAVIS,8
Wyoming,PRECINCT 302,STATE EXECUTIVE COMMITTEE,9,REP,WILL DAVIS,10
Wyoming,PRECINCT 303,STATE EXECUTIVE COMMITTEE,9,REP,WILL DAVIS,9
Wyoming,PRECINCT 304,STATE EXECUTIVE COMMITTEE,9,REP,WILL DAVIS,14
Wyoming,PRECINCT 305,STATE EXECUTIVE COMMITTEE,9,REP,WILL DAVIS,16
Wyoming,PRECINCT 307,STATE EXECUTIVE COMMITTEE,9,REP,WILL DAVIS,15
Wyoming,PRECINCT 308,STATE EXECUTIVE COMMITTEE,9,REP,WILL DAVIS,18
Wyoming,PRECINCT 309,STATE EXECUTIVE COMMITTEE,9,REP,WILL DAVIS,0
Wyoming,PRECINCT 310,STATE EXECUTIVE COMMITTEE,9,REP,WILL DAVIS,4
Wyoming,PRECINCT 101,STATE EXECUTIVE COMMITTEE,9,REP,TOM LOUISOS,2
Wyoming,PRECINCT 102,STATE EXECUTIVE COMMITTEE,9,REP,TOM LOUISOS,0
Wyoming,PRECINCT 103,STATE EXECUTIVE COMMITTEE,9,REP,TOM LOUISOS,4
Wyoming,PRECINCT 104,STATE EXECUTIVE COMMITTEE,9,REP,TOM LOUISOS,0
Wyoming,PRECINCT 105,STATE EXECUTIVE COMMITTEE,9,REP,TOM LOUISOS,1
Wyoming,PRECINCT 106,STATE EXECUTIVE COMMITTEE,9,REP,TOM LOUISOS,4
Wyoming,PRECINCT 107,STATE EXECUTIVE COMMITTEE,9,REP,TOM LOUISOS,3
Wyoming,PRECINCT 108,STATE EXECUTIVE COMMITTEE,9,REP,TOM LOUISOS,4
Wyoming,PRECINCT 109,STATE EXECUTIVE COMMITTEE,9,REP,TOM LOUISOS,5
Wyoming,PRECINCT 110,STATE EXECUTIVE COMMITTEE,9,REP,TOM LOUISOS,3
Wyoming,PRECINCT 111,STATE EXECUTIVE COMMITTEE,9,REP,TOM LOUISOS,3
Wyoming,PRECINCT 201,STATE EXECUTIVE COMMITTEE,9,REP,TOM LOUISOS,1
Wyoming,PRECINCT 202,STATE EXECUTIVE COMMITTEE,9,REP,TOM LOUISOS,6
Wyoming,PRECINCT 203,STATE EXECUTIVE COMMITTEE,9,REP,TOM LOUISOS,2
Wyoming,PRECINCT 204,STATE EXECUTIVE COMMITTEE,9,REP,TOM LOUISOS,3
Wyoming,PRECINCT 205,STATE EXECUTIVE COMMITTEE,9,REP,TOM LOUISOS,8
Wyoming,PRECINCT 206,STATE EXECUTIVE COMMITTEE,9,REP,TOM LOUISOS,8
Wyoming,PRECINCT 207,STATE EXECUTIVE COMMITTEE,9,REP,TOM LOUISOS,1
Wyoming,PRECINCT 302,STATE EXECUTIVE COMMITTEE,9,REP,TOM LOUISOS,5
Wyoming,PRECINCT 303,STATE EXECUTIVE COMMITTEE,9,REP,TOM LOUISOS,1
Wyoming,PRECINCT 304,STATE EXECUTIVE COMMITTEE,9,REP,TOM LOUISOS,8
Wyoming,PRECINCT 305,STATE EXECUTIVE COMMITTEE,9,REP,TOM LOUISOS,2
Wyoming,PRECINCT 307,STATE EXECUTIVE COMMITTEE,9,REP,TOM LOUISOS,5
Wyoming,PRECINCT 308,STATE EXECUTIVE COMMITTEE,9,REP,TOM LOUISOS,3
Wyoming,PRECINCT 309,STATE EXECUTIVE COMMITTEE,9,REP,TOM LOUISOS,0
Wyoming,PRECINCT 310,STATE EXECUTIVE COMMITTEE,9,REP,TOM LOUISOS,3
Wyoming,PRECINCT 101,STATE EXECUTIVE COMMITTEE,9,REP,RUSSELL DALE BRAGG,7
Wyoming,PRECINCT 102,STATE EXECUTIVE COMMITTEE,9,REP,RUSSELL DALE BRAGG,1
Wyoming,PRECINCT 103,STATE EXECUTIVE COMMITTEE,9,REP,RUSSELL DALE BRAGG,5
Wyoming,PRECINCT 104,STATE EXECUTIVE COMMITTEE,9,REP,RUSSELL DALE BRAGG,2
Wyoming,PRECINCT 105,STATE EXECUTIVE COMMITTEE,9,REP,RUSSELL DALE BRAGG,3
Wyoming,PRECINCT 106,STATE EXECUTIVE COMMITTEE,9,REP,RUSSELL DALE BRAGG,6
Wyoming,PRECINCT 107,STATE EXECUTIVE COMMITTEE,9,REP,RUSSELL DALE BRAGG,3
Wyoming,PRECINCT 108,STATE EXECUTIVE COMMITTEE,9,REP,RUSSELL DALE BRAGG,4
Wyoming,PRECINCT 109,STATE EXECUTIVE COMMITTEE,9,REP,RUSSELL DALE BRAGG,8
Wyoming,PRECINCT 110,STATE EXECUTIVE COMMITTEE,9,REP,RUSSELL DALE BRAGG,2
Wyoming,PRECINCT 111,STATE EXECUTIVE COMMITTEE,9,REP,RUSSELL DALE BRAGG,6
Wyoming,PRECINCT 201,STATE EXECUTIVE COMMITTEE,9,REP,RUSSELL DALE BRAGG,1
Wyoming,PRECINCT 202,STATE EXECUTIVE COMMITTEE,9,REP,RUSSELL DALE BRAGG,9
Wyoming,PRECINCT 203,STATE EXECUTIVE COMMITTEE,9,REP,RUSSELL DALE BRAGG,9
Wyoming,PRECINCT 204,STATE EXECUTIVE COMMITTEE,9,REP,RUSSELL DALE BRAGG,4
Wyoming,PRECINCT 205,STATE EXECUTIVE COMMITTEE,9,REP,RUSSELL DALE BRAGG,3
Wyoming,PRECINCT 206,STATE EXECUTIVE COMMITTEE,9,REP,RUSSELL DALE BRAGG,4
Wyoming,PRECINCT 207,STATE EXECUTIVE COMMITTEE,9,REP,RUSSELL DALE BRAGG,2
Wyoming,PRECINCT 302,STATE EXECUTIVE COMMITTEE,9,REP,RUSSELL DALE BRAGG,4
Wyoming,PRECINCT 303,STATE EXECUTIVE COMMITTEE,9,REP,RUSSELL DALE BRAGG,3
Wyoming,PRECINCT 304,STATE EXECUTIVE COMMITTEE,9,REP,RUSSELL DALE BRAGG,3
Wyoming,PRECINCT 305,STATE EXECUTIVE COMMITTEE,9,REP,RUSSELL DALE BRAGG,4
Wyoming,PRECINCT 307,STATE EXECUTIVE COMMITTEE,9,REP,RUSSELL DALE BRAGG,4
Wyoming,PRECINCT 308,STATE EXECUTIVE COMMITTEE,9,REP,RUSSELL DALE BRAGG,6
Wyoming,PRECINCT 309,STATE EXECUTIVE COMMITTEE,9,REP,RUSSELL DALE BRAGG,1
Wyoming,PRECINCT 310,STATE EXECUTIVE COMMITTEE,9,REP,RUSSELL DALE BRAGG,2
Wyoming,PRECINCT 101,STATE EXECUTIVE COMMITTEE,9,REP,MICK BATES,18
Wyoming,PRECINCT 102,STATE EXECUTIVE COMMITTEE,9,REP,MICK BATES,6
Wyoming,PRECINCT 103,STATE EXECUTIVE COMMITTEE,9,REP,MICK BATES,43
Wyoming,PRECINCT 104,STATE EXECUTIVE COMMITTEE,9,REP,MICK BATES,7
Wyoming,PRECINCT 105,STATE EXECUTIVE COMMITTEE,9,REP,MICK BATES,14
Wyoming,PRECINCT 106,STATE EXECUTIVE COMMITTEE,9,REP,MICK BATES,32
Wyoming,PRECINCT 107,STATE EXECUTIVE COMMITTEE,9,REP,MICK BATES,22
Wyoming,PRECINCT 108,STATE EXECUTIVE COMMITTEE,9,REP,MICK BATES,41
Wyoming,PRECINCT 109,STATE EXECUTIVE COMMITTEE,9,REP,MICK BATES,34
Wyoming,PRECINCT 110,STATE EXECUTIVE COMMITTEE,9,REP,MICK BATES,15
Wyoming,PRECINCT 111,STATE EXECUTIVE COMMITTEE,9,REP,MICK BATES,33
Wyoming,PRECINCT 201,STATE EXECUTIVE COMMITTEE,9,REP,MICK BATES,6
Wyoming,PRECINCT 202,STATE EXECUTIVE COMMITTEE,9,REP,MICK BATES,21
Wyoming,PRECINCT 203,STATE EXECUTIVE COMMITTEE,9,REP,MICK BATES,45
Wyoming,PRECINCT 204,STATE EXECUTIVE COMMITTEE,9,REP,MICK BATES,31
Wyoming,PRECINCT 205,STATE EXECUTIVE COMMITTEE,9,REP,MICK BATES,59
Wyoming,PRECINCT 206,STATE EXECUTIVE COMMITTEE,9,REP,MICK BATES,47
Wyoming,PRECINCT 207,STATE EXECUTIVE COMMITTEE,9,REP,MICK BATES,14
Wyoming,PRECINCT 302,STATE EXECUTIVE COMMITTEE,9,REP,MICK BATES,31
Wyoming,PRECINCT 303,STATE EXECUTIVE COMMITTEE,9,REP,MICK BATES,36
Wyoming,PRECINCT 304,STATE EXECUTIVE COMMITTEE,9,REP,MICK BATES,18
Wyoming,PRECINCT 305,STATE EXECUTIVE COMMITTEE,9,REP,MICK BATES,35
Wyoming,PRECINCT 307,STATE EXECUTIVE COMMITTEE,9,REP,MICK BATES,33
Wyoming,PRECINCT 308,STATE EXECUTIVE COMMITTEE,9,REP,MICK BATES,25
Wyoming,PRECINCT 309,STATE EXECUTIVE COMMITTEE,9,REP,MICK BATES,2
Wyoming,PRECINCT 310,STATE EXECUTIVE COMMITTEE,9,REP,MICK BATES,12
Wyoming,PRECINCT 101,STATE EXECUTIVE COMMITTEE,9,REP,CHRISTOPHER W. TONEY,26
Wyoming,PRECINCT 102,STATE EXECUTIVE COMMITTEE,9,REP,CHRISTOPHER W. TONEY,8
Wyoming,PRECINCT 103,STATE EXECUTIVE COMMITTEE,9,REP,CHRISTOPHER W. TONEY,18
Wyoming,PRECINCT 104,STATE EXECUTIVE COMMITTEE,9,REP,CHRISTOPHER W. TONEY,2
Wyoming,PRECINCT 105,STATE EXECUTIVE COMMITTEE,9,REP,CHRISTOPHER W. TONEY,10
Wyoming,PRECINCT 106,STATE EXECUTIVE COMMITTEE,9,REP,CHRISTOPHER W. TONEY,14
Wyoming,PRECINCT 107,STATE EXECUTIVE COMMITTEE,9,REP,CHRISTOPHER W. TONEY,18
Wyoming,PRECINCT 108,STATE EXECUTIVE COMMITTEE,9,REP,CHRISTOPHER W. TONEY,20
Wyoming,PRECINCT 109,STATE EXECUTIVE COMMITTEE,9,REP,CHRISTOPHER W. TONEY,13
Wyoming,PRECINCT 110,STATE EXECUTIVE COMMITTEE,9,REP,CHRISTOPHER W. TONEY,8
Wyoming,PRECINCT 111,STATE EXECUTIVE COMMITTEE,9,REP,CHRISTOPHER W. TONEY,20
Wyoming,PRECINCT 201,STATE EXECUTIVE COMMITTEE,9,REP,CHRISTOPHER W. TONEY,5
Wyoming,PRECINCT 202,STATE EXECUTIVE COMMITTEE,9,REP,CHRISTOPHER W. TONEY,19
Wyoming,PRECINCT 203,STATE EXECUTIVE COMMITTEE,9,REP,CHRISTOPHER W. TONEY,34
Wyoming,PRECINCT 204,STATE EXECUTIVE COMMITTEE,9,REP,CHRISTOPHER W. TONEY,17
Wyoming,PRECINCT 205,STATE EXECUTIVE COMMITTEE,9,REP,CHRISTOPHER W. TONEY,26
Wyoming,PRECINCT 206,STATE EXECUTIVE COMMITTEE,9,REP,CHRISTOPHER W. TONEY,19
Wyoming,PRECINCT 207,STATE EXECUTIVE COMMITTEE,9,REP,CHRISTOPHER W. TONEY,6
Wyoming,PRECINCT 302,STATE EXECUTIVE COMMITTEE,9,REP,CHRISTOPHER W. TONEY,42
Wyoming,PRECINCT 303,STATE EXECUTIVE COMMITTEE,9,REP,CHRISTOPHER W. TONEY,35
Wyoming,PRECINCT 304,STATE EXECUTIVE COMMITTEE,9,REP,CHRISTOPHER W. TONEY,29
Wyoming,PRECINCT 305,STATE EXECUTIVE COMMITTEE,9,REP,CHRISTOPHER W. TONEY,19
Wyoming,PRECINCT 307,STATE EXECUTIVE COMMITTEE,9,REP,CHRISTOPHER W. TONEY,22
Wyoming,PRECINCT 308,STATE EXECUTIVE COMMITTEE,9,REP,CHRISTOPHER W. TONEY,16
Wyoming,PRECINCT 309,STATE EXECUTIVE COMMITTEE,9,REP,CHRISTOPHER W. TONEY,2
Wyoming,PRECINCT 310,STATE EXECUTIVE COMMITTEE,9,REP,CHRISTOPHER W. TONEY,6
Wyoming,PRECINCT 101,STATE EXECUTIVE COMMITTEE,9,REP,BRANDON STEELE,22
Wyoming,PRECINCT 102,STATE EXECUTIVE COMMITTEE,9,REP,BRANDON STEELE,10
Wyoming,PRECINCT 103,STATE EXECUTIVE COMMITTEE,9,REP,BRANDON STEELE,37
Wyoming,PRECINCT 104,STATE EXECUTIVE COMMITTEE,9,REP,BRANDON STEELE,8
Wyoming,PRECINCT 105,STATE EXECUTIVE COMMITTEE,9,REP,BRANDON STEELE,15
Wyoming,PRECINCT 106,STATE EXECUTIVE COMMITTEE,9,REP,BRANDON STEELE,59
Wyoming,PRECINCT 107,STATE EXECUTIVE COMMITTEE,9,REP,BRANDON STEELE,33
Wyoming,PRECINCT 108,STATE EXECUTIVE COMMITTEE,9,REP,BRANDON STEELE,32
Wyoming,PRECINCT 109,STATE EXECUTIVE COMMITTEE,9,REP,BRANDON STEELE,26
Wyoming,PRECINCT 110,STATE EXECUTIVE COMMITTEE,9,REP,BRANDON STEELE,7
Wyoming,PRECINCT 111,STATE EXECUTIVE COMMITTEE,9,REP,BRANDON STEELE,30
Wyoming,PRECINCT 201,STATE EXECUTIVE COMMITTEE,9,REP,BRANDON STEELE,8
Wyoming,PRECINCT 202,STATE EXECUTIVE COMMITTEE,9,REP,BRANDON STEELE,29
Wyoming,PRECINCT 203,STATE EXECUTIVE COMMITTEE,9,REP,BRANDON STEELE,48
Wyoming,PRECINCT 204,STATE EXECUTIVE COMMITTEE,9,REP,BRANDON STEELE,22
Wyoming,PRECINCT 205,STATE EXECUTIVE COMMITTEE,9,REP,BRANDON STEELE,56
Wyoming,PRECINCT 206,STATE EXECUTIVE COMMITTEE,9,REP,BRANDON STEELE,28
Wyoming,PRECINCT 207,STATE EXECUTIVE COMMITTEE,9,REP,BRANDON STEELE,19
Wyoming,PRECINCT 302,STATE EXECUTIVE COMMITTEE,9,REP,BRANDON STEELE,14
Wyoming,PRECINCT 303,STATE EXECUTIVE COMMITTEE,9,REP,BRANDON STEELE,17
Wyoming,PRECINCT 304,STATE EXECUTIVE COMMITTEE,9,REP,BRANDON STEELE,17
Wyoming,PRECINCT 305,STATE EXECUTIVE COMMITTEE,9,REP,BRANDON STEELE,28
Wyoming,PRECINCT 307,STATE EXECUTIVE COMMITTEE,9,REP,BRANDON STEELE,16
Wyoming,PRECINCT 308,STATE EXECUTIVE COMMITTEE,9,REP,BRANDON STEELE,28
Wyoming,PRECINCT 309,STATE EXECUTIVE COMMITTEE,9,REP,BRANDON STEELE,4
Wyoming,PRECINCT 310,STATE EXECUTIVE COMMITTEE,9,REP,BRANDON STEELE,13
Wyoming,PRECINCT 101,PROSECUTING ATTORNEY UNEXP TERM,,REP,GREG BISHOP,54
Wyoming,PRECINCT 102,PROSECUTING ATTORNEY UNEXP TERM,,REP,GREG BISHOP,17
Wyoming,PRECINCT 103,PROSECUTING ATTORNEY UNEXP TERM,,REP,GREG BISHOP,76
Wyoming,PRECINCT 104,PROSECUTING ATTORNEY UNEXP TERM,,REP,GREG BISHOP,12
Wyoming,PRECINCT 105,PROSECUTING ATTORNEY UNEXP TERM,,REP,GREG BISHOP,26
Wyoming,PRECINCT 106,PROSECUTING ATTORNEY UNEXP TERM,,REP,GREG BISHOP,86
Wyoming,PRECINCT 107,PROSECUTING ATTORNEY UNEXP TERM,,REP,GREG BISHOP,51
Wyoming,PRECINCT 108,PROSECUTING ATTORNEY UNEXP TERM,,REP,GREG BISHOP,63
Wyoming,PRECINCT 109,PROSECUTING ATTORNEY UNEXP TERM,,REP,GREG BISHOP,54
Wyoming,PRECINCT 110,PROSECUTING ATTORNEY UNEXP TERM,,REP,GREG BISHOP,27
Wyoming,PRECINCT 111,PROSECUTING ATTORNEY UNEXP TERM,,REP,GREG BISHOP,72
Wyoming,PRECINCT 201,PROSECUTING ATTORNEY UNEXP TERM,,REP,GREG BISHOP,18
Wyoming,PRECINCT 202,PROSECUTING ATTORNEY UNEXP TERM,,REP,GREG BISHOP,63
Wyoming,PRECINCT 203,PROSECUTING ATTORNEY UNEXP TERM,,REP,GREG BISHOP,103
Wyoming,PRECINCT 204,PROSECUTING ATTORNEY UNEXP TERM,,REP,GREG BISHOP,58
Wyoming,PRECINCT 205,PROSECUTING ATTORNEY UNEXP TERM,,REP,GREG BISHOP,112
Wyoming,PRECINCT 206,PROSECUTING ATTORNEY UNEXP TERM,,REP,GREG BISHOP,84
Wyoming,PRECINCT 207,PROSECUTING ATTORNEY UNEXP TERM,,REP,GREG BISHOP,34
Wyoming,PRECINCT 302,PROSECUTING ATTORNEY UNEXP TERM,,REP,GREG BISHOP,69
Wyoming,PRECINCT 303,PROSECUTING ATTORNEY UNEXP TERM,,REP,GREG BISHOP,60
Wyoming,PRECINCT 304,PROSECUTING ATTORNEY UNEXP TERM,,REP,GREG BISHOP,55
Wyoming,PRECINCT 305,PROSECUTING ATTORNEY UNEXP TERM,,REP,GREG BISHOP,68
Wyoming,PRECINCT 307,PROSECUTING ATTORNEY UNEXP TERM,,REP,GREG BISHOP,56
Wyoming,PRECINCT 308,PROSECUTING ATTORNEY UNEXP TERM,,REP,GREG BISHOP,64
Wyoming,PRECINCT 309,PROSECUTING ATTORNEY UNEXP TERM,,REP,GREG BISHOP,7
Wyoming,PRECINCT 310,PROSECUTING ATTORNEY UNEXP TERM,,REP,GREG BISHOP,26
Wyoming,PRECINCT 101,CIRCUIT CLERK,,REP,TONY PAYNTER,53
Wyoming,PRECINCT 102,CIRCUIT CLERK,,REP,TONY PAYNTER,11
Wyoming,PRECINCT 103,CIRCUIT CLERK,,REP,TONY PAYNTER,74
Wyoming,PRECINCT 104,CIRCUIT CLERK,,REP,TONY PAYNTER,7
Wyoming,PRECINCT 105,CIRCUIT CLERK,,REP,TONY PAYNTER,19
Wyoming,PRECINCT 106,CIRCUIT CLERK,,REP,TONY PAYNTER,56
Wyoming,PRECINCT 107,CIRCUIT CLERK,,REP,TONY PAYNTER,38
Wyoming,PRECINCT 108,CIRCUIT CLERK,,REP,TONY PAYNTER,59
Wyoming,PRECINCT 109,CIRCUIT CLERK,,REP,TONY PAYNTER,39
Wyoming,PRECINCT 110,CIRCUIT CLERK,,REP,TONY PAYNTER,15
Wyoming,PRECINCT 111,CIRCUIT CLERK,,REP,TONY PAYNTER,72
Wyoming,PRECINCT 201,CIRCUIT CLERK,,REP,TONY PAYNTER,19
Wyoming,PRECINCT 202,CIRCUIT CLERK,,REP,TONY PAYNTER,71
Wyoming,PRECINCT 203,CIRCUIT CLERK,,REP,TONY PAYNTER,119
Wyoming,PRECINCT 204,CIRCUIT CLERK,,REP,TONY PAYNTER,65
Wyoming,PRECINCT 205,CIRCUIT CLERK,,REP,TONY PAYNTER,109
Wyoming,PRECINCT 206,CIRCUIT CLERK,,REP,TONY PAYNTER,85
Wyoming,PRECINCT 207,CIRCUIT CLERK,,REP,TONY PAYNTER,28
Wyoming,PRECINCT 302,CIRCUIT CLERK,,REP,TONY PAYNTER,64
Wyoming,PRECINCT 303,CIRCUIT CLERK,,REP,TONY PAYNTER,49
Wyoming,PRECINCT 304,CIRCUIT CLERK,,REP,TONY PAYNTER,46
Wyoming,PRECINCT 305,CIRCUIT CLERK,,REP,TONY PAYNTER,71
Wyoming,PRECINCT 307,CIRCUIT CLERK,,REP,TONY PAYNTER,73
Wyoming,PRECINCT 308,CIRCUIT CLERK,,REP,TONY PAYNTER,63
Wyoming,PRECINCT 309,CIRCUIT CLERK,,REP,TONY PAYNTER,11
Wyoming,PRECINCT 310,CIRCUIT CLERK,,REP,TONY PAYNTER,28
Wyoming,PRECINCT 101,CIRCUIT CLERK,,REP,MICHAEL J. STOVER,17
Wyoming,PRECINCT 102,CIRCUIT CLERK,,REP,MICHAEL J. STOVER,10
Wyoming,PRECINCT 103,CIRCUIT CLERK,,REP,MICHAEL J. STOVER,16
Wyoming,PRECINCT 104,CIRCUIT CLERK,,REP,MICHAEL J. STOVER,9
Wyoming,PRECINCT 105,CIRCUIT CLERK,,REP,MICHAEL J. STOVER,14
Wyoming,PRECINCT 106,CIRCUIT CLERK,,REP,MICHAEL J. STOVER,46
Wyoming,PRECINCT 107,CIRCUIT CLERK,,REP,MICHAEL J. STOVER,30
Wyoming,PRECINCT 108,CIRCUIT CLERK,,REP,MICHAEL J. STOVER,27
Wyoming,PRECINCT 109,CIRCUIT CLERK,,REP,MICHAEL J. STOVER,24
Wyoming,PRECINCT 110,CIRCUIT CLERK,,REP,MICHAEL J. STOVER,15
Wyoming,PRECINCT 111,CIRCUIT CLERK,,REP,MICHAEL J. STOVER,14
Wyoming,PRECINCT 201,CIRCUIT CLERK,,REP,MICHAEL J. STOVER,0
Wyoming,PRECINCT 202,CIRCUIT CLERK,,REP,MICHAEL J. STOVER,14
Wyoming,PRECINCT 203,CIRCUIT CLERK,,REP,MICHAEL J. STOVER,16
Wyoming,PRECINCT 204,CIRCUIT CLERK,,REP,MICHAEL J. STOVER,8
Wyoming,PRECINCT 205,CIRCUIT CLERK,,REP,MICHAEL J. STOVER,22
Wyoming,PRECINCT 206,CIRCUIT CLERK,,REP,MICHAEL J. STOVER,14
Wyoming,PRECINCT 207,CIRCUIT CLERK,,REP,MICHAEL J. STOVER,8
Wyoming,PRECINCT 302,CIRCUIT CLERK,,REP,MICHAEL J. STOVER,19
Wyoming,PRECINCT 303,CIRCUIT CLERK,,REP,MICHAEL J. STOVER,30
Wyoming,PRECINCT 304,CIRCUIT CLERK,,REP,MICHAEL J. STOVER,23
Wyoming,PRECINCT 305,CIRCUIT CLERK,,REP,MICHAEL J. STOVER,19
Wyoming,PRECINCT 307,CIRCUIT CLERK,,REP,MICHAEL J. STOVER,10
Wyoming,PRECINCT 308,CIRCUIT CLERK,,REP,MICHAEL J. STOVER,12
Wyoming,PRECINCT 309,CIRCUIT CLERK,,REP,MICHAEL J. STOVER,2
Wyoming,PRECINCT 310,CIRCUIT CLERK,,REP,MICHAEL J. STOVER,6
Wyoming,PRECINCT 101,COUNTY COMMISSIONER,,REP,NO CANDIDATE FILED,0
Wyoming,PRECINCT 102,COUNTY COMMISSIONER,,REP,NO CANDIDATE FILED,0
Wyoming,PRECINCT 103,COUNTY COMMISSIONER,,REP,NO CANDIDATE FILED,0
Wyoming,PRECINCT 104,COUNTY COMMISSIONER,,REP,NO CANDIDATE FILED,0
Wyoming,PRECINCT 105,COUNTY COMMISSIONER,,REP,NO CANDIDATE FILED,0
Wyoming,PRECINCT 106,COUNTY COMMISSIONER,,REP,NO CANDIDATE FILED,0
Wyoming,PRECINCT 107,COUNTY COMMISSIONER,,REP,NO CANDIDATE FILED,0
Wyoming,PRECINCT 108,COUNTY COMMISSIONER,,REP,NO CANDIDATE FILED,0
Wyoming,PRECINCT 109,COUNTY COMMISSIONER,,REP,NO CANDIDATE FILED,0
Wyoming,PRECINCT 110,COUNTY COMMISSIONER,,REP,NO CANDIDATE FILED,0
Wyoming,PRECINCT 111,COUNTY COMMISSIONER,,REP,NO CANDIDATE FILED,0
Wyoming,PRECINCT 201,COUNTY COMMISSIONER,,REP,NO CANDIDATE FILED,0
Wyoming,PRECINCT 202,COUNTY COMMISSIONER,,REP,NO CANDIDATE FILED,0
Wyoming,PRECINCT 203,COUNTY COMMISSIONER,,REP,NO CANDIDATE FILED,0
Wyoming,PRECINCT 204,COUNTY COMMISSIONER,,REP,NO CANDIDATE FILED,0
Wyoming,PRECINCT 205,COUNTY COMMISSIONER,,REP,NO CANDIDATE FILED,0
Wyoming,PRECINCT 206,COUNTY COMMISSIONER,,REP,NO CANDIDATE FILED,0
Wyoming,PRECINCT 207,COUNTY COMMISSIONER,,REP,NO CANDIDATE FILED,0
Wyoming,PRECINCT 302,COUNTY COMMISSIONER,,REP,NO CANDIDATE FILED,0
Wyoming,PRECINCT 303,COUNTY COMMISSIONER,,REP,NO CANDIDATE FILED,0
Wyoming,PRECINCT 304,COUNTY COMMISSIONER,,REP,NO CANDIDATE FILED,0
Wyoming,PRECINCT 305,COUNTY COMMISSIONER,,REP,NO CANDIDATE FILED,0
Wyoming,PRECINCT 307,COUNTY COMMISSIONER,,REP,NO CANDIDATE FILED,0
Wyoming,PRECINCT 308,COUNTY COMMISSIONER,,REP,NO CANDIDATE FILED,0
Wyoming,PRECINCT 309,COUNTY COMMISSIONER,,REP,NO CANDIDATE FILED,0
Wyoming,PRECINCT 310,COUNTY COMMISSIONER,,REP,NO CANDIDATE FILED,0
Wyoming,PRECINCT 101,COUNTY CLERK,,REP,NO CANDIDATE FILED,0
Wyoming,PRECINCT 102,COUNTY CLERK,,REP,NO CANDIDATE FILED,0
Wyoming,PRECINCT 103,COUNTY CLERK,,REP,NO CANDIDATE FILED,0
Wyoming,PRECINCT 104,COUNTY CLERK,,REP,NO CANDIDATE FILED,0
Wyoming,PRECINCT 105,COUNTY CLERK,,REP,NO CANDIDATE FILED,0
Wyoming,PRECINCT 106,COUNTY CLERK,,REP,NO CANDIDATE FILED,0
Wyoming,PRECINCT 107,COUNTY CLERK,,REP,NO CANDIDATE FILED,0
Wyoming,PRECINCT 108,COUNTY CLERK,,REP,NO CANDIDATE FILED,0
Wyoming,PRECINCT 109,COUNTY CLERK,,REP,NO CANDIDATE FILED,0
Wyoming,PRECINCT 110,COUNTY CLERK,,REP,NO CANDIDATE FILED,0
Wyoming,PRECINCT 111,COUNTY CLERK,,REP,NO CANDIDATE FILED,0
Wyoming,PRECINCT 201,COUNTY CLERK,,REP,NO CANDIDATE FILED,0
Wyoming,PRECINCT 202,COUNTY CLERK,,REP,NO CANDIDATE FILED,0
Wyoming,PRECINCT 203,COUNTY CLERK,,REP,NO CANDIDATE FILED,0
Wyoming,PRECINCT 204,COUNTY CLERK,,REP,NO CANDIDATE FILED,0
Wyoming,PRECINCT 205,COUNTY CLERK,,REP,NO CANDIDATE FILED,0
Wyoming,PRECINCT 206,COUNTY CLERK,,REP,NO CANDIDATE FILED,0
Wyoming,PRECINCT 207,COUNTY CLERK,,REP,NO CANDIDATE FILED,0
Wyoming,PRECINCT 302,COUNTY CLERK,,REP,NO CANDIDATE FILED,0
Wyoming,PRECINCT 303,COUNTY CLERK,,REP,NO CANDIDATE FILED,0
Wyoming,PRECINCT 304,COUNTY CLERK,,REP,NO CANDIDATE FILED,0
Wyoming,PRECINCT 305,COUNTY CLERK,,REP,NO CANDIDATE FILED,0
Wyoming,PRECINCT 307,COUNTY CLERK,,REP,NO CANDIDATE FILED,0
Wyoming,PRECINCT 308,COUNTY CLERK,,REP,NO CANDIDATE FILED,0
Wyoming,PRECINCT 309,COUNTY CLERK,,REP,NO CANDIDATE FILED,0
Wyoming,PRECINCT 310,COUNTY CLERK,,REP,NO CANDIDATE FILED,0
Wyoming,PRECINCT 101,CONGRESSIONAL EXEC COMM D1 Female,,REP,NO CANDIDATE FILED,0
Wyoming,PRECINCT 102,CONGRESSIONAL EXEC COMM D1 Female,,REP,NO CANDIDATE FILED,0
Wyoming,PRECINCT 103,CONGRESSIONAL EXEC COMM D1 Female,,REP,NO CANDIDATE FILED,0
Wyoming,PRECINCT 104,CONGRESSIONAL EXEC COMM D1 Female,,REP,NO CANDIDATE FILED,0
Wyoming,PRECINCT 105,CONGRESSIONAL EXEC COMM D1 Female,,REP,NO CANDIDATE FILED,0
Wyoming,PRECINCT 106,CONGRESSIONAL EXEC COMM D1 Female,,REP,NO CANDIDATE FILED,0
Wyoming,PRECINCT 107,CONGRESSIONAL EXEC COMM D1 Female,,REP,NO CANDIDATE FILED,0
Wyoming,PRECINCT 108,CONGRESSIONAL EXEC COMM D1 Female,,REP,NO CANDIDATE FILED,0
Wyoming,PRECINCT 109,CONGRESSIONAL EXEC COMM D1 Female,,REP,NO CANDIDATE FILED,0
Wyoming,PRECINCT 110,CONGRESSIONAL EXEC COMM D1 Female,,REP,NO CANDIDATE FILED,0
Wyoming,PRECINCT 111,CONGRESSIONAL EXEC COMM D1 Female,,REP,NO CANDIDATE FILED,0
Wyoming,PRECINCT 201,CONGRESSIONAL EXEC COMM D1 Female,,REP,NO CANDIDATE FILED,0
Wyoming,PRECINCT 202,CONGRESSIONAL EXEC COMM D1 Female,,REP,NO CANDIDATE FILED,0
Wyoming,PRECINCT 203,CONGRESSIONAL EXEC COMM D1 Female,,REP,NO CANDIDATE FILED,0
Wyoming,PRECINCT 204,CONGRESSIONAL EXEC COMM D1 Female,,REP,NO CANDIDATE FILED,0
Wyoming,PRECINCT 205,CONGRESSIONAL EXEC COMM D1 Female,,REP,NO CANDIDATE FILED,0
Wyoming,PRECINCT 206,CONGRESSIONAL EXEC COMM D1 Female,,REP,NO CANDIDATE FILED,0
Wyoming,PRECINCT 207,CONGRESSIONAL EXEC COMM D1 Female,,REP,NO CANDIDATE FILED,0
Wyoming,PRECINCT 302,CONGRESSIONAL EXEC COMM D1 Female,,REP,NO CANDIDATE FILED,0
Wyoming,PRECINCT 303,CONGRESSIONAL EXEC COMM D1 Female,,REP,NO CANDIDATE FILED,0
Wyoming,PRECINCT 304,CONGRESSIONAL EXEC COMM D1 Female,,REP,NO CANDIDATE FILED,0
Wyoming,PRECINCT 305,CONGRESSIONAL EXEC COMM D1 Female,,REP,NO CANDIDATE FILED,0
Wyoming,PRECINCT 307,CONGRESSIONAL EXEC COMM D1 Female,,REP,NO CANDIDATE FILED,0
Wyoming,PRECINCT 308,CONGRESSIONAL EXEC COMM D1 Female,,REP,NO CANDIDATE FILED,0
Wyoming,PRECINCT 309,CONGRESSIONAL EXEC COMM D1 Female,,REP,NO CANDIDATE FILED,0
Wyoming,PRECINCT 310,CONGRESSIONAL EXEC COMM D1 Female,,REP,NO CANDIDATE FILED,0
Wyoming,PRECINCT 101,CONGRESSIONAL EXEC COMM D1 Male,,REP,NO CANDIDATE FILED,0
Wyoming,PRECINCT 102,CONGRESSIONAL EXEC COMM D1 Male,,REP,NO CANDIDATE FILED,0
Wyoming,PRECINCT 103,CONGRESSIONAL EXEC COMM D1 Male,,REP,NO CANDIDATE FILED,0
Wyoming,PRECINCT 104,CONGRESSIONAL EXEC COMM D1 Male,,REP,NO CANDIDATE FILED,0
Wyoming,PRECINCT 105,CONGRESSIONAL EXEC COMM D1 Male,,REP,NO CANDIDATE FILED,0
Wyoming,PRECINCT 106,CONGRESSIONAL EXEC COMM D1 Male,,REP,NO CANDIDATE FILED,0
Wyoming,PRECINCT 107,CONGRESSIONAL EXEC COMM D1 Male,,REP,NO CANDIDATE FILED,0
Wyoming,PRECINCT 108,CONGRESSIONAL EXEC COMM D1 Male,,REP,NO CANDIDATE FILED,0
Wyoming,PRECINCT 109,CONGRESSIONAL EXEC COMM D1 Male,,REP,NO CANDIDATE FILED,0
Wyoming,PRECINCT 110,CONGRESSIONAL EXEC COMM D1 Male,,REP,NO CANDIDATE FILED,0
Wyoming,PRECINCT 111,CONGRESSIONAL EXEC COMM D1 Male,,REP,NO CANDIDATE FILED,0
Wyoming,PRECINCT 201,CONGRESSIONAL EXEC COMM D1 Male,,REP,NO CANDIDATE FILED,0
Wyoming,PRECINCT 202,CONGRESSIONAL EXEC COMM D1 Male,,REP,NO CANDIDATE FILED,0
Wyoming,PRECINCT 203,CONGRESSIONAL EXEC COMM D1 Male,,REP,NO CANDIDATE FILED,0
Wyoming,PRECINCT 204,CONGRESSIONAL EXEC COMM D1 Male,,REP,NO CANDIDATE FILED,0
Wyoming,PRECINCT 205,CONGRESSIONAL EXEC COMM D1 Male,,REP,NO CANDIDATE FILED,0
Wyoming,PRECINCT 206,CONGRESSIONAL EXEC COMM D1 Male,,REP,NO CANDIDATE FILED,0
Wyoming,PRECINCT 207,CONGRESSIONAL EXEC COMM D1 Male,,REP,NO CANDIDATE FILED,0
Wyoming,PRECINCT 302,CONGRESSIONAL EXEC COMM D1 Male,,REP,NO CANDIDATE FILED,0
Wyoming,PRECINCT 303,CONGRESSIONAL EXEC COMM D1 Male,,REP,NO CANDIDATE FILED,0
Wyoming,PRECINCT 304,CONGRESSIONAL EXEC COMM D1 Male,,REP,NO CANDIDATE FILED,0
Wyoming,PRECINCT 305,CONGRESSIONAL EXEC COMM D1 Male,,REP,NO CANDIDATE FILED,0
Wyoming,PRECINCT 307,CONGRESSIONAL EXEC COMM D1 Male,,REP,NO CANDIDATE FILED,0
Wyoming,PRECINCT 308,CONGRESSIONAL EXEC COMM D1 Male,,REP,NO CANDIDATE FILED,0
Wyoming,PRECINCT 309,CONGRESSIONAL EXEC COMM D1 Male,,REP,NO CANDIDATE FILED,0
Wyoming,PRECINCT 310,CONGRESSIONAL EXEC COMM D1 Male,,REP,NO CANDIDATE FILED,0
Wyoming,PRECINCT 101,SENATORIAL EXEC COMM D9,,REP,NO CANDIDATE FILED,0
Wyoming,PRECINCT 102,SENATORIAL EXEC COMM D9,,REP,NO CANDIDATE FILED,0
Wyoming,PRECINCT 103,SENATORIAL EXEC COMM D9,,REP,NO CANDIDATE FILED,0
Wyoming,PRECINCT 104,SENATORIAL EXEC COMM D9,,REP,NO CANDIDATE FILED,0
Wyoming,PRECINCT 105,SENATORIAL EXEC COMM D9,,REP,NO CANDIDATE FILED,0
Wyoming,PRECINCT 106,SENATORIAL EXEC COMM D9,,REP,NO CANDIDATE FILED,0
Wyoming,PRECINCT 107,SENATORIAL EXEC COMM D9,,REP,NO CANDIDATE FILED,0
Wyoming,PRECINCT 108,SENATORIAL EXEC COMM D9,,REP,NO CANDIDATE FILED,0
Wyoming,PRECINCT 109,SENATORIAL EXEC COMM D9,,REP,NO CANDIDATE FILED,0
Wyoming,PRECINCT 110,SENATORIAL EXEC COMM D9,,REP,NO CANDIDATE FILED,0
Wyoming,PRECINCT 111,SENATORIAL EXEC COMM D9,,REP,NO CANDIDATE FILED,0
Wyoming,PRECINCT 201,SENATORIAL EXEC COMM D9,,REP,NO CANDIDATE FILED,0
Wyoming,PRECINCT 202,SENATORIAL EXEC COMM D9,,REP,NO CANDIDATE FILED,0
Wyoming,PRECINCT 203,SENATORIAL EXEC COMM D9,,REP,NO CANDIDATE FILED,0
Wyoming,PRECINCT 204,SENATORIAL EXEC COMM D9,,REP,NO CANDIDATE FILED,0
Wyoming,PRECINCT 205,SENATORIAL EXEC COMM D9,,REP,NO CANDIDATE FILED,0
Wyoming,PRECINCT 206,SENATORIAL EXEC COMM D9,,REP,NO CANDIDATE FILED,0
Wyoming,PRECINCT 207,SENATORIAL EXEC COMM D9,,REP,NO CANDIDATE FILED,0
Wyoming,PRECINCT 302,SENATORIAL EXEC COMM D9,,REP,NO CANDIDATE FILED,0
Wyoming,PRECINCT 303,SENATORIAL EXEC COMM D9,,REP,NO CANDIDATE FILED,0
Wyoming,PRECINCT 304,SENATORIAL EXEC COMM D9,,REP,NO CANDIDATE FILED,0
Wyoming,PRECINCT 305,SENATORIAL EXEC COMM D9,,REP,NO CANDIDATE FILED,0
Wyoming,PRECINCT 307,SENATORIAL EXEC COMM D9,,REP,NO CANDIDATE FILED,0
Wyoming,PRECINCT 308,SENATORIAL EXEC COMM D9,,REP,NO CANDIDATE FILED,0
Wyoming,PRECINCT 309,SENATORIAL EXEC COMM D9,,REP,NO CANDIDATE FILED,0
Wyoming,PRECINCT 310,SENATORIAL EXEC COMM D9,,REP,NO CANDIDATE FILED,0
Wyoming,PRECINCT 102,DELEGATE DIST EXEC COMM 43 FEMALE,,REP,NO CANDIDATE FILED,0
Wyoming,PRECINCT 302,DELEGATE DIST EXEC COMM 43 FEMALE,,REP,NO CANDIDATE FILED,0
Wyoming,PRECINCT 303,DELEGATE DIST EXEC COMM 43 FEMALE,,REP,NO CANDIDATE FILED,0
Wyoming,PRECINCT 304,DELEGATE DIST EXEC COMM 43 FEMALE,,REP,NO CANDIDATE FILED,0
Wyoming,PRECINCT 102,DELEGATE DIST EXEC COMM 43 MALE,,REP,NO CANDIDATE FILED,0
Wyoming,PRECINCT 302,DELEGATE DIST EXEC COMM 43 MALE,,REP,NO CANDIDATE FILED,0
Wyoming,PRECINCT 303,DELEGATE DIST EXEC COMM 43 MALE,,REP,NO CANDIDATE FILED,0
Wyoming,PRECINCT 304,DELEGATE DIST EXEC COMM 43 MALE,,REP,NO CANDIDATE FILED,0
Wyoming,PRECINCT 101,COUNTY EXEC COMM DIST I FEMALE,,REP,NO CANDIDATE FILED,0
Wyoming,PRECINCT 102,COUNTY EXEC COMM DIST I FEMALE,,REP,NO CANDIDATE FILED,0
Wyoming,PRECINCT 103,COUNTY EXEC COMM DIST I FEMALE,,REP,NO CANDIDATE FILED,0
Wyoming,PRECINCT 104,COUNTY EXEC COMM DIST I FEMALE,,REP,NO CANDIDATE FILED,0
Wyoming,PRECINCT 105,COUNTY EXEC COMM DIST I FEMALE,,REP,NO CANDIDATE FILED,0
Wyoming,PRECINCT 106,COUNTY EXEC COMM DIST I FEMALE,,REP,NO CANDIDATE FILED,0
Wyoming,PRECINCT 107,COUNTY EXEC COMM DIST I FEMALE,,REP,NO CANDIDATE FILED,0
Wyoming,PRECINCT 108,COUNTY EXEC COMM DIST I FEMALE,,REP,NO CANDIDATE FILED,0
Wyoming,PRECINCT 109,COUNTY EXEC COMM DIST I FEMALE,,REP,NO CANDIDATE FILED,0
Wyoming,PRECINCT 110,COUNTY EXEC COMM DIST I FEMALE,,REP,NO CANDIDATE FILED,0
Wyoming,PRECINCT 111,COUNTY EXEC COMM DIST I FEMALE,,REP,NO CANDIDATE FILED,0
Wyoming,PRECINCT 101,COUNTY EXEC COMM DIST I MALE,,REP,NO CANDIDATE FILED,0
Wyoming,PRECINCT 102,COUNTY EXEC COMM DIST I MALE,,REP,NO CANDIDATE FILED,0
Wyoming,PRECINCT 103,COUNTY EXEC COMM DIST I MALE,,REP,NO CANDIDATE FILED,0
Wyoming,PRECINCT 104,COUNTY EXEC COMM DIST I MALE,,REP,NO CANDIDATE FILED,0
Wyoming,PRECINCT 105,COUNTY EXEC COMM DIST I MALE,,REP,NO CANDIDATE FILED,0
Wyoming,PRECINCT 106,COUNTY EXEC COMM DIST I MALE,,REP,NO CANDIDATE FILED,0
Wyoming,PRECINCT 107,COUNTY EXEC COMM DIST I MALE,,REP,NO CANDIDATE FILED,0
Wyoming,PRECINCT 108,COUNTY EXEC COMM DIST I MALE,,REP,NO CANDIDATE FILED,0
Wyoming,PRECINCT 109,COUNTY EXEC COMM DIST I MALE,,REP,NO CANDIDATE FILED,0
Wyoming,PRECINCT 110,COUNTY EXEC COMM DIST I MALE,,REP,NO CANDIDATE FILED,0
Wyoming,PRECINCT 111,COUNTY EXEC COMM DIST I MALE,,REP,NO CANDIDATE FILED,0
Wyoming,PRECINCT 201,COUNTY EXEC COMM DIST II FEMALE,,REP,NO CANDIDATE FILED,0
Wyoming,PRECINCT 202,COUNTY EXEC COMM DIST II FEMALE,,REP,NO CANDIDATE FILED,0
Wyoming,PRECINCT 203,COUNTY EXEC COMM DIST II FEMALE,,REP,NO CANDIDATE FILED,0
Wyoming,PRECINCT 204,COUNTY EXEC COMM DIST II FEMALE,,REP,NO CANDIDATE FILED,0
Wyoming,PRECINCT 205,COUNTY EXEC COMM DIST II FEMALE,,REP,NO CANDIDATE FILED,0
Wyoming,PRECINCT 206,COUNTY EXEC COMM DIST II FEMALE,,REP,NO CANDIDATE FILED,0
Wyoming,PRECINCT 207,COUNTY EXEC COMM DIST II FEMALE,,REP,NO CANDIDATE FILED,0
Wyoming,PRECINCT 201,COUNTY EXEC COMM DIST II MALE,,REP,NO CANDIDATE FILED,0
Wyoming,PRECINCT 202,COUNTY EXEC COMM DIST II MALE,,REP,NO CANDIDATE FILED,0
Wyoming,PRECINCT 203,COUNTY EXEC COMM DIST II MALE,,REP,NO CANDIDATE FILED,0
Wyoming,PRECINCT 204,COUNTY EXEC COMM DIST II MALE,,REP,NO CANDIDATE FILED,0
Wyoming,PRECINCT 205,COUNTY EXEC COMM DIST II MALE,,REP,NO CANDIDATE FILED,0
Wyoming,PRECINCT 206,COUNTY EXEC COMM DIST II MALE,,REP,NO CANDIDATE FILED,0
Wyoming,PRECINCT 207,COUNTY EXEC COMM DIST II MALE,,REP,NO CANDIDATE FILED,0
Wyoming,PRECINCT 302,COUNTY EXEC COMM DIST III FEMALE,,REP,NO CANDIDATE FILED,0
Wyoming,PRECINCT 303,COUNTY EXEC COMM DIST III FEMALE,,REP,NO CANDIDATE FILED,0
Wyoming,PRECINCT 304,COUNTY EXEC COMM DIST III FEMALE,,REP,NO CANDIDATE FILED,0
Wyoming,PRECINCT 305,COUNTY EXEC COMM DIST III FEMALE,,REP,NO CANDIDATE FILED,0
Wyoming,PRECINCT 307,COUNTY EXEC COMM DIST III FEMALE,,REP,NO CANDIDATE FILED,0
Wyoming,PRECINCT 308,COUNTY EXEC COMM DIST III FEMALE,,REP,NO CANDIDATE FILED,0
Wyoming,PRECINCT 309,COUNTY EXEC COMM DIST III FEMALE,,REP,NO CANDIDATE FILED,0
Wyoming,PRECINCT 310,COUNTY EXEC COMM DIST III FEMALE,,REP,NO CANDIDATE FILED,0
Wyoming,PRECINCT 302,COUNTY EXEC COMM DIST III MALE,,REP,NO CANDIDATE FILED,0
Wyoming,PRECINCT 303,COUNTY EXEC COMM DIST III MALE,,REP,NO CANDIDATE FILED,0
Wyoming,PRECINCT 304,COUNTY EXEC COMM DIST III MALE,,REP,NO CANDIDATE FILED,0
Wyoming,PRECINCT 305,COUNTY EXEC COMM DIST III MALE,,REP,NO CANDIDATE FILED,0
Wyoming,PRECINCT 307,COUNTY EXEC COMM DIST III MALE,,REP,NO CANDIDATE FILED,0
Wyoming,PRECINCT 308,COUNTY EXEC COMM DIST III MALE,,REP,NO CANDIDATE FILED,0
Wyoming,PRECINCT 309,COUNTY EXEC COMM DIST III MALE,,REP,NO CANDIDATE FILED,0
Wyoming,PRECINCT 310,COUNTY EXEC COMM DIST III MALE,,REP,NO CANDIDATE FILED,0
Wyoming,PRECINCT 101,U.S. House,1,DEM,MR. LACY WATSON,30
Wyoming,PRECINCT 102,U.S. House,1,DEM,MR. LACY WATSON,17
Wyoming,PRECINCT 103,U.S. House,1,DEM,MR. LACY WATSON,43
Wyoming,PRECINCT 104,U.S. House,1,DEM,MR. LACY WATSON,25
Wyoming,PRECINCT 105,U.S. House,1,DEM,MR. LACY WATSON,16
Wyoming,PRECINCT 106,U.S. House,1,DEM,MR. LACY WATSON,87
Wyoming,PRECINCT 107,U.S. House,1,DEM,MR. LACY WATSON,66
Wyoming,PRECINCT 108,U.S. House,1,DEM,MR. LACY WATSON,30
Wyoming,PRECINCT 109,U.S. House,1,DEM,MR. LACY WATSON,24
Wyoming,PRECINCT 110,U.S. House,1,DEM,MR. LACY WATSON,3
Wyoming,PRECINCT 111,U.S. House,1,DEM,MR. LACY WATSON,64
Wyoming,PRECINCT 201,U.S. House,1,DEM,MR. LACY WATSON,9
Wyoming,PRECINCT 202,U.S. House,1,DEM,MR. LACY WATSON,43
Wyoming,PRECINCT 203,U.S. House,1,DEM,MR. LACY WATSON,61
Wyoming,PRECINCT 204,U.S. House,1,DEM,MR. LACY WATSON,23
Wyoming,PRECINCT 205,U.S. House,1,DEM,MR. LACY WATSON,116
Wyoming,PRECINCT 206,U.S. House,1,DEM,MR. LACY WATSON,76
Wyoming,PRECINCT 207,U.S. House,1,DEM,MR. LACY WATSON,18
Wyoming,PRECINCT 302,U.S. House,1,DEM,MR. LACY WATSON,59
Wyoming,PRECINCT 303,U.S. House,1,DEM,MR. LACY WATSON,45
Wyoming,PRECINCT 304,U.S. House,1,DEM,MR. LACY WATSON,62
Wyoming,PRECINCT 305,U.S. House,1,DEM,MR. LACY WATSON,18
Wyoming,PRECINCT 307,U.S. House,1,DEM,MR. LACY WATSON,42
Wyoming,PRECINCT 308,U.S. House,1,DEM,MR. LACY WATSON,34
Wyoming,PRECINCT 309,U.S. House,1,DEM,MR. LACY WATSON,8
Wyoming,PRECINCT 310,U.S. House,1,DEM,MR. LACY WATSON,8
Wyoming,PRECINCT 101,State Senate,9,DEM,NO CANDIDATE FILED,0
Wyoming,PRECINCT 102,State Senate,9,DEM,NO CANDIDATE FILED,0
Wyoming,PRECINCT 103,State Senate,9,DEM,NO CANDIDATE FILED,0
Wyoming,PRECINCT 104,State Senate,9,DEM,NO CANDIDATE FILED,0
Wyoming,PRECINCT 105,State Senate,9,DEM,NO CANDIDATE FILED,0
Wyoming,PRECINCT 106,State Senate,9,DEM,NO CANDIDATE FILED,0
Wyoming,PRECINCT 107,State Senate,9,DEM,NO CANDIDATE FILED,0
Wyoming,PRECINCT 108,State Senate,9,DEM,NO CANDIDATE FILED,0
Wyoming,PRECINCT 109,State Senate,9,DEM,NO CANDIDATE FILED,0
Wyoming,PRECINCT 110,State Senate,9,DEM,NO CANDIDATE FILED,0
Wyoming,PRECINCT 111,State Senate,9,DEM,NO CANDIDATE FILED,0
Wyoming,PRECINCT 201,State Senate,9,DEM,NO CANDIDATE FILED,0
Wyoming,PRECINCT 202,State Senate,9,DEM,NO CANDIDATE FILED,0
Wyoming,PRECINCT 203,State Senate,9,DEM,NO CANDIDATE FILED,0
Wyoming,PRECINCT 204,State Senate,9,DEM,NO CANDIDATE FILED,0
Wyoming,PRECINCT 205,State Senate,9,DEM,NO CANDIDATE FILED,0
Wyoming,PRECINCT 206,State Senate,9,DEM,NO CANDIDATE FILED,0
Wyoming,PRECINCT 207,State Senate,9,DEM,NO CANDIDATE FILED,0
Wyoming,PRECINCT 302,State Senate,9,DEM,NO CANDIDATE FILED,0
Wyoming,PRECINCT 303,State Senate,9,DEM,NO CANDIDATE FILED,0
Wyoming,PRECINCT 304,State Senate,9,DEM,NO CANDIDATE FILED,0
Wyoming,PRECINCT 305,State Senate,9,DEM,NO CANDIDATE FILED,0
Wyoming,PRECINCT 307,State Senate,9,DEM,NO CANDIDATE FILED,0
Wyoming,PRECINCT 308,State Senate,9,DEM,NO CANDIDATE FILED,0
Wyoming,PRECINCT 309,State Senate,9,DEM,NO CANDIDATE FILED,0
Wyoming,PRECINCT 310,State Senate,9,DEM,NO CANDIDATE FILED,0
Wyoming,PRECINCT 101,State House,35,DEM,"MARK ""BUCKY"" BLACKWELL",28
Wyoming,PRECINCT 103,State House,35,DEM,"MARK ""BUCKY"" BLACKWELL",26
Wyoming,PRECINCT 104,State House,35,DEM,"MARK ""BUCKY"" BLACKWELL",17
Wyoming,PRECINCT 105,State House,35,DEM,"MARK ""BUCKY"" BLACKWELL",12
Wyoming,PRECINCT 106,State House,35,DEM,"MARK ""BUCKY"" BLACKWELL",52
Wyoming,PRECINCT 107,State House,35,DEM,"MARK ""BUCKY"" BLACKWELL",42
Wyoming,PRECINCT 108,State House,35,DEM,"MARK ""BUCKY"" BLACKWELL",18
Wyoming,PRECINCT 109,State House,35,DEM,"MARK ""BUCKY"" BLACKWELL",15
Wyoming,PRECINCT 110,State House,35,DEM,"MARK ""BUCKY"" BLACKWELL",2
Wyoming,PRECINCT 111,State House,35,DEM,"MARK ""BUCKY"" BLACKWELL",39
Wyoming,PRECINCT 201,State House,35,DEM,"MARK ""BUCKY"" BLACKWELL",15
Wyoming,PRECINCT 202,State House,35,DEM,"MARK ""BUCKY"" BLACKWELL",39
Wyoming,PRECINCT 203,State House,35,DEM,"MARK ""BUCKY"" BLACKWELL",38
Wyoming,PRECINCT 204,State House,35,DEM,"MARK ""BUCKY"" BLACKWELL",14
Wyoming,PRECINCT 205,State House,35,DEM,"MARK ""BUCKY"" BLACKWELL",60
Wyoming,PRECINCT 206,State House,35,DEM,"MARK ""BUCKY"" BLACKWELL",38
Wyoming,PRECINCT 207,State House,35,DEM,"MARK ""BUCKY"" BLACKWELL",9
Wyoming,PRECINCT 305,State House,35,DEM,"MARK ""BUCKY"" BLACKWELL",21
Wyoming,PRECINCT 307,State House,35,DEM,"MARK ""BUCKY"" BLACKWELL",33
Wyoming,PRECINCT 308,State House,35,DEM,"MARK ""BUCKY"" BLACKWELL",26
Wyoming,PRECINCT 309,State House,35,DEM,"MARK ""BUCKY"" BLACKWELL",6
Wyoming,PRECINCT 310,State House,35,DEM,"MARK ""BUCKY"" BLACKWELL",7
Wyoming,PRECINCT 101,State House,35,DEM,DEWEY HOUCK,24
Wyoming,PRECINCT 103,State House,35,DEM,DEWEY HOUCK,60
Wyoming,PRECINCT 104,State House,35,DEM,DEWEY HOUCK,31
Wyoming,PRECINCT 105,State House,35,DEM,DEWEY HOUCK,15
Wyoming,PRECINCT 106,State House,35,DEM,DEWEY HOUCK,81
Wyoming,PRECINCT 107,State House,35,DEM,DEWEY HOUCK,66
Wyoming,PRECINCT 108,State House,35,DEM,DEWEY HOUCK,34
Wyoming,PRECINCT 109,State House,35,DEM,DEWEY HOUCK,25
Wyoming,PRECINCT 110,State House,35,DEM,DEWEY HOUCK,8
Wyoming,PRECINCT 111,State House,35,DEM,DEWEY HOUCK,53
Wyoming,PRECINCT 201,State House,35,DEM,DEWEY HOUCK,1
Wyoming,PRECINCT 202,State House,35,DEM,DEWEY HOUCK,25
Wyoming,PRECINCT 203,State House,35,DEM,DEWEY HOUCK,60
Wyoming,PRECINCT 204,State House,35,DEM,DEWEY HOUCK,31
Wyoming,PRECINCT 205,State House,35,DEM,DEWEY HOUCK,132
Wyoming,PRECINCT 206,State House,35,DEM,DEWEY HOUCK,76
Wyoming,PRECINCT 207,State House,35,DEM,DEWEY HOUCK,23
Wyoming,PRECINCT 305,State House,35,DEM,DEWEY HOUCK,12
Wyoming,PRECINCT 307,State House,35,DEM,DEWEY HOUCK,42
Wyoming,PRECINCT 308,State House,35,DEM,DEWEY HOUCK,26
Wyoming,PRECINCT 309,State House,35,DEM,DEWEY HOUCK,4
Wyoming,PRECINCT 310,State House,35,DEM,DEWEY HOUCK,6
Wyoming,PRECINCT 102,State House,43,DEM,JOANNA VANCE,16
Wyoming,PRECINCT 302,State House,43,DEM,JOANNA VANCE,65
Wyoming,PRECINCT 303,State House,43,DEM,JOANNA VANCE,47
Wyoming,PRECINCT 304,State House,43,DEM,JOANNA VANCE,64
Wyoming,PRECINCT 101,STATE EXECUTIVE COMMITTEE,9,DEM,DEBBIE BUSH,5
Wyoming,PRECINCT 102,STATE EXECUTIVE COMMITTEE,9,DEM,DEBBIE BUSH,1
Wyoming,PRECINCT 103,STATE EXECUTIVE COMMITTEE,9,DEM,DEBBIE BUSH,8
Wyoming,PRECINCT 104,STATE EXECUTIVE COMMITTEE,9,DEM,DEBBIE BUSH,5
Wyoming,PRECINCT 105,STATE EXECUTIVE COMMITTEE,9,DEM,DEBBIE BUSH,5
Wyoming,PRECINCT 106,STATE EXECUTIVE COMMITTEE,9,DEM,DEBBIE BUSH,8
Wyoming,PRECINCT 107,STATE EXECUTIVE COMMITTEE,9,DEM,DEBBIE BUSH,19
Wyoming,PRECINCT 108,STATE EXECUTIVE COMMITTEE,9,DEM,DEBBIE BUSH,12
Wyoming,PRECINCT 109,STATE EXECUTIVE COMMITTEE,9,DEM,DEBBIE BUSH,5
Wyoming,PRECINCT 110,STATE EXECUTIVE COMMITTEE,9,DEM,DEBBIE BUSH,1
Wyoming,PRECINCT 111,STATE EXECUTIVE COMMITTEE,9,DEM,DEBBIE BUSH,9
Wyoming,PRECINCT 201,STATE EXECUTIVE COMMITTEE,9,DEM,DEBBIE BUSH,0
Wyoming,PRECINCT 202,STATE EXECUTIVE COMMITTEE,9,DEM,DEBBIE BUSH,7
Wyoming,PRECINCT 203,STATE EXECUTIVE COMMITTEE,9,DEM,DEBBIE BUSH,10
Wyoming,PRECINCT 204,STATE EXECUTIVE COMMITTEE,9,DEM,DEBBIE BUSH,3
Wyoming,PRECINCT 205,STATE EXECUTIVE COMMITTEE,9,DEM,DEBBIE BUSH,18
Wyoming,PRECINCT 206,STATE EXECUTIVE COMMITTEE,9,DEM,DEBBIE BUSH,10
Wyoming,PRECINCT 207,STATE EXECUTIVE COMMITTEE,9,DEM,DEBBIE BUSH,4
Wyoming,PRECINCT 302,STATE EXECUTIVE COMMITTEE,9,DEM,DEBBIE BUSH,4
Wyoming,PRECINCT 303,STATE EXECUTIVE COMMITTEE,9,DEM,DEBBIE BUSH,8
Wyoming,PRECINCT 304,STATE EXECUTIVE COMMITTEE,9,DEM,DEBBIE BUSH,3
Wyoming,PRECINCT 305,STATE EXECUTIVE COMMITTEE,9,DEM,DEBBIE BUSH,5
Wyoming,PRECINCT 307,STATE EXECUTIVE COMMITTEE,9,DEM,DEBBIE BUSH,7
Wyoming,PRECINCT 308,STATE EXECUTIVE COMMITTEE,9,DEM,DEBBIE BUSH,6
Wyoming,PRECINCT 309,STATE EXECUTIVE COMMITTEE,9,DEM,DEBBIE BUSH,1
Wyoming,PRECINCT 310,STATE EXECUTIVE COMMITTEE,9,DEM,DEBBIE BUSH,0
Wyoming,PRECINCT 101,STATE EXECUTIVE COMMITTEE,9,DEM,CHRISTY CARDWELL,42
Wyoming,PRECINCT 102,STATE EXECUTIVE COMMITTEE,9,DEM,CHRISTY CARDWELL,17
Wyoming,PRECINCT 103,STATE EXECUTIVE COMMITTEE,9,DEM,CHRISTY CARDWELL,66
Wyoming,PRECINCT 104,STATE EXECUTIVE COMMITTEE,9,DEM,CHRISTY CARDWELL,37
Wyoming,PRECINCT 105,STATE EXECUTIVE COMMITTEE,9,DEM,CHRISTY CARDWELL,19
Wyoming,PRECINCT 106,STATE EXECUTIVE COMMITTEE,9,DEM,CHRISTY CARDWELL,99
Wyoming,PRECINCT 107,STATE EXECUTIVE COMMITTEE,9,DEM,CHRISTY CARDWELL,87
Wyoming,PRECINCT 108,STATE EXECUTIVE COMMITTEE,9,DEM,CHRISTY CARDWELL,44
Wyoming,PRECINCT 109,STATE EXECUTIVE COMMITTEE,9,DEM,CHRISTY CARDWELL,30
Wyoming,PRECINCT 110,STATE EXECUTIVE COMMITTEE,9,DEM,CHRISTY CARDWELL,5
Wyoming,PRECINCT 111,STATE EXECUTIVE COMMITTEE,9,DEM,CHRISTY CARDWELL,75
Wyoming,PRECINCT 201,STATE EXECUTIVE COMMITTEE,9,DEM,CHRISTY CARDWELL,11
Wyoming,PRECINCT 202,STATE EXECUTIVE COMMITTEE,9,DEM,CHRISTY CARDWELL,54
Wyoming,PRECINCT 203,STATE EXECUTIVE COMMITTEE,9,DEM,CHRISTY CARDWELL,84
Wyoming,PRECINCT 204,STATE EXECUTIVE COMMITTEE,9,DEM,CHRISTY CARDWELL,40
Wyoming,PRECINCT 205,STATE EXECUTIVE COMMITTEE,9,DEM,CHRISTY CARDWELL,160
Wyoming,PRECINCT 206,STATE EXECUTIVE COMMITTEE,9,DEM,CHRISTY CARDWELL,97
Wyoming,PRECINCT 207,STATE EXECUTIVE COMMITTEE,9,DEM,CHRISTY CARDWELL,24
Wyoming,PRECINCT 302,STATE EXECUTIVE COMMITTEE,9,DEM,CHRISTY CARDWELL,82
Wyoming,PRECINCT 303,STATE EXECUTIVE COMMITTEE,9,DEM,CHRISTY CARDWELL,61
Wyoming,PRECINCT 304,STATE EXECUTIVE COMMITTEE,9,DEM,CHRISTY CARDWELL,77
Wyoming,PRECINCT 305,STATE EXECUTIVE COMMITTEE,9,DEM,CHRISTY CARDWELL,26
Wyoming,PRECINCT 307,STATE EXECUTIVE COMMITTEE,9,DEM,CHRISTY CARDWELL,56
Wyoming,PRECINCT 308,STATE EXECUTIVE COMMITTEE,9,DEM,CHRISTY CARDWELL,39
Wyoming,PRECINCT 309,STATE EXECUTIVE COMMITTEE,9,DEM,CHRISTY CARDWELL,11
Wyoming,PRECINCT 310,STATE EXECUTIVE COMMITTEE,9,DEM,CHRISTY CARDWELL,10
Wyoming,PRECINCT 101,STATE EXECUTIVE COMMITTEE,9,DEM,KELLY ELKINS,16
Wyoming,PRECINCT 102,STATE EXECUTIVE COMMITTEE,9,DEM,KELLY ELKINS,11
Wyoming,PRECINCT 103,STATE EXECUTIVE COMMITTEE,9,DEM,KELLY ELKINS,25
Wyoming,PRECINCT 104,STATE EXECUTIVE COMMITTEE,9,DEM,KELLY ELKINS,12
Wyoming,PRECINCT 105,STATE EXECUTIVE COMMITTEE,9,DEM,KELLY ELKINS,10
Wyoming,PRECINCT 106,STATE EXECUTIVE COMMITTEE,9,DEM,KELLY ELKINS,44
Wyoming,PRECINCT 107,STATE EXECUTIVE COMMITTEE,9,DEM,KELLY ELKINS,28
Wyoming,PRECINCT 108,STATE EXECUTIVE COMMITTEE,9,DEM,KELLY ELKINS,21
Wyoming,PRECINCT 109,STATE EXECUTIVE COMMITTEE,9,DEM,KELLY ELKINS,11
Wyoming,PRECINCT 110,STATE EXECUTIVE COMMITTEE,9,DEM,KELLY ELKINS,2
Wyoming,PRECINCT 111,STATE EXECUTIVE COMMITTEE,9,DEM,KELLY ELKINS,33
Wyoming,PRECINCT 201,STATE EXECUTIVE COMMITTEE,9,DEM,KELLY ELKINS,3
Wyoming,PRECINCT 202,STATE EXECUTIVE COMMITTEE,9,DEM,KELLY ELKINS,14
Wyoming,PRECINCT 203,STATE EXECUTIVE COMMITTEE,9,DEM,KELLY ELKINS,22
Wyoming,PRECINCT 204,STATE EXECUTIVE COMMITTEE,9,DEM,KELLY ELKINS,11
Wyoming,PRECINCT 205,STATE EXECUTIVE COMMITTEE,9,DEM,KELLY ELKINS,52
Wyoming,PRECINCT 206,STATE EXECUTIVE COMMITTEE,9,DEM,KELLY ELKINS,40
Wyoming,PRECINCT 207,STATE EXECUTIVE COMMITTEE,9,DEM,KELLY ELKINS,7
Wyoming,PRECINCT 302,STATE EXECUTIVE COMMITTEE,9,DEM,KELLY ELKINS,27
Wyoming,PRECINCT 303,STATE EXECUTIVE COMMITTEE,9,DEM,KELLY ELKINS,19
Wyoming,PRECINCT 304,STATE EXECUTIVE COMMITTEE,9,DEM,KELLY ELKINS,32
Wyoming,PRECINCT 305,STATE EXECUTIVE COMMITTEE,9,DEM,KELLY ELKINS,13
Wyoming,PRECINCT 307,STATE EXECUTIVE COMMITTEE,9,DEM,KELLY ELKINS,20
Wyoming,PRECINCT 308,STATE EXECUTIVE COMMITTEE,9,DEM,KELLY ELKINS,12
Wyoming,PRECINCT 309,STATE EXECUTIVE COMMITTEE,9,DEM,KELLY ELKINS,1
Wyoming,PRECINCT 310,STATE EXECUTIVE COMMITTEE,9,DEM,KELLY ELKINS,5
Wyoming,PRECINCT 101,STATE EXECUTIVE COMMITTEE,9,DEM,CHRISTIAN MARTINE,10
Wyoming,PRECINCT 102,STATE EXECUTIVE COMMITTEE,9,DEM,CHRISTIAN MARTINE,4
Wyoming,PRECINCT 103,STATE EXECUTIVE COMMITTEE,9,DEM,CHRISTIAN MARTINE,10
Wyoming,PRECINCT 104,STATE EXECUTIVE COMMITTEE,9,DEM,CHRISTIAN MARTINE,4
Wyoming,PRECINCT 105,STATE EXECUTIVE COMMITTEE,9,DEM,CHRISTIAN MARTINE,7
Wyoming,PRECINCT 106,STATE EXECUTIVE COMMITTEE,9,DEM,CHRISTIAN MARTINE,20
Wyoming,PRECINCT 107,STATE EXECUTIVE COMMITTEE,9,DEM,CHRISTIAN MARTINE,20
Wyoming,PRECINCT 108,STATE EXECUTIVE COMMITTEE,9,DEM,CHRISTIAN MARTINE,14
Wyoming,PRECINCT 109,STATE EXECUTIVE COMMITTEE,9,DEM,CHRISTIAN MARTINE,7
Wyoming,PRECINCT 110,STATE EXECUTIVE COMMITTEE,9,DEM,CHRISTIAN MARTINE,1
Wyoming,PRECINCT 111,STATE EXECUTIVE COMMITTEE,9,DEM,CHRISTIAN MARTINE,24
Wyoming,PRECINCT 201,STATE EXECUTIVE COMMITTEE,9,DEM,CHRISTIAN MARTINE,1
Wyoming,PRECINCT 202,STATE EXECUTIVE COMMITTEE,9,DEM,CHRISTIAN MARTINE,5
Wyoming,PRECINCT 203,STATE EXECUTIVE COMMITTEE,9,DEM,CHRISTIAN MARTINE,11
Wyoming,PRECINCT 204,STATE EXECUTIVE COMMITTEE,9,DEM,CHRISTIAN MARTINE,4
Wyoming,PRECINCT 205,STATE EXECUTIVE COMMITTEE,9,DEM,CHRISTIAN MARTINE,23
Wyoming,PRECINCT 206,STATE EXECUTIVE COMMITTEE,9,DEM,CHRISTIAN MARTINE,18
Wyoming,PRECINCT 207,STATE EXECUTIVE COMMITTEE,9,DEM,CHRISTIAN MARTINE,3
Wyoming,PRECINCT 302,STATE EXECUTIVE COMMITTEE,9,DEM,CHRISTIAN MARTINE,7
Wyoming,PRECINCT 303,STATE EXECUTIVE COMMITTEE,9,DEM,CHRISTIAN MARTINE,10
Wyoming,PRECINCT 304,STATE EXECUTIVE COMMITTEE,9,DEM,CHRISTIAN MARTINE,7
Wyoming,PRECINCT 305,STATE EXECUTIVE COMMITTEE,9,DEM,CHRISTIAN MARTINE,4
Wyoming,PRECINCT 307,STATE EXECUTIVE COMMITTEE,9,DEM,CHRISTIAN MARTINE,11
Wyoming,PRECINCT 308,STATE EXECUTIVE COMMITTEE,9,DEM,CHRISTIAN MARTINE,7
Wyoming,PRECINCT 309,STATE EXECUTIVE COMMITTEE,9,DEM,CHRISTIAN MARTINE,0
Wyoming,PRECINCT 310,STATE EXECUTIVE COMMITTEE,9,DEM,CHRISTIAN MARTINE,0
Wyoming,PRECINCT 101,STATE EXECUTIVE COMMITTEE,9,DEM,"ROBERT S. ""BOB"" BAKER",10
Wyoming,PRECINCT 102,STATE EXECUTIVE COMMITTEE,9,DEM,"ROBERT S. ""BOB"" BAKER",6
Wyoming,PRECINCT 103,STATE EXECUTIVE COMMITTEE,9,DEM,"ROBERT S. ""BOB"" BAKER",18
Wyoming,PRECINCT 104,STATE EXECUTIVE COMMITTEE,9,DEM,"ROBERT S. ""BOB"" BAKER",8
Wyoming,PRECINCT 105,STATE EXECUTIVE COMMITTEE,9,DEM,"ROBERT S. ""BOB"" BAKER",6
Wyoming,PRECINCT 106,STATE EXECUTIVE COMMITTEE,9,DEM,"ROBERT S. ""BOB"" BAKER",27
Wyoming,PRECINCT 107,STATE EXECUTIVE COMMITTEE,9,DEM,"ROBERT S. ""BOB"" BAKER",22
Wyoming,PRECINCT 108,STATE EXECUTIVE COMMITTEE,9,DEM,"ROBERT S. ""BOB"" BAKER",19
Wyoming,PRECINCT 109,STATE EXECUTIVE COMMITTEE,9,DEM,"ROBERT S. ""BOB"" BAKER",6
Wyoming,PRECINCT 110,STATE EXECUTIVE COMMITTEE,9,DEM,"ROBERT S. ""BOB"" BAKER",0
Wyoming,PRECINCT 111,STATE EXECUTIVE COMMITTEE,9,DEM,"ROBERT S. ""BOB"" BAKER",24
Wyoming,PRECINCT 201,STATE EXECUTIVE COMMITTEE,9,DEM,"ROBERT S. ""BOB"" BAKER",2
Wyoming,PRECINCT 202,STATE EXECUTIVE COMMITTEE,9,DEM,"ROBERT S. ""BOB"" BAKER",14
Wyoming,PRECINCT 203,STATE EXECUTIVE COMMITTEE,9,DEM,"ROBERT S. ""BOB"" BAKER",23
Wyoming,PRECINCT 204,STATE EXECUTIVE COMMITTEE,9,DEM,"ROBERT S. ""BOB"" BAKER",11
Wyoming,PRECINCT 205,STATE EXECUTIVE COMMITTEE,9,DEM,"ROBERT S. ""BOB"" BAKER",42
Wyoming,PRECINCT 206,STATE EXECUTIVE COMMITTEE,9,DEM,"ROBERT S. ""BOB"" BAKER",29
Wyoming,PRECINCT 207,STATE EXECUTIVE COMMITTEE,9,DEM,"ROBERT S. ""BOB"" BAKER",3
Wyoming,PRECINCT 302,STATE EXECUTIVE COMMITTEE,9,DEM,"ROBERT S. ""BOB"" BAKER",22
Wyoming,PRECINCT 303,STATE EXECUTIVE COMMITTEE,9,DEM,"ROBERT S. ""BOB"" BAKER",13
Wyoming,PRECINCT 304,STATE EXECUTIVE COMMITTEE,9,DEM,"ROBERT S. ""BOB"" BAKER",28
Wyoming,PRECINCT 305,STATE EXECUTIVE COMMITTEE,9,DEM,"ROBERT S. ""BOB"" BAKER",7
Wyoming,PRECINCT 307,STATE EXECUTIVE COMMITTEE,9,DEM,"ROBERT S. ""BOB"" BAKER",12
Wyoming,PRECINCT 308,STATE EXECUTIVE COMMITTEE,9,DEM,"ROBERT S. ""BOB"" BAKER",6
Wyoming,PRECINCT 309,STATE EXECUTIVE COMMITTEE,9,DEM,"ROBERT S. ""BOB"" BAKER",2
Wyoming,PRECINCT 310,STATE EXECUTIVE COMMITTEE,9,DEM,"ROBERT S. ""BOB"" BAKER",1
Wyoming,PRECINCT 101,STATE EXECUTIVE COMMITTEE,9,DEM,BILL SOHONAGE,1
Wyoming,PRECINCT 102,STATE EXECUTIVE COMMITTEE,9,DEM,BILL SOHONAGE,1
Wyoming,PRECINCT 103,STATE EXECUTIVE COMMITTEE,9,DEM,BILL SOHONAGE,1
Wyoming,PRECINCT 104,STATE EXECUTIVE COMMITTEE,9,DEM,BILL SOHONAGE,3
Wyoming,PRECINCT 105,STATE EXECUTIVE COMMITTEE,9,DEM,BILL SOHONAGE,0
Wyoming,PRECINCT 106,STATE EXECUTIVE COMMITTEE,9,DEM,BILL SOHONAGE,1
Wyoming,PRECINCT 107,STATE EXECUTIVE COMMITTEE,9,DEM,BILL SOHONAGE,2
Wyoming,PRECINCT 108,STATE EXECUTIVE COMMITTEE,9,DEM,BILL SOHONAGE,1
Wyoming,PRECINCT 109,STATE EXECUTIVE COMMITTEE,9,DEM,BILL SOHONAGE,1
Wyoming,PRECINCT 110,STATE EXECUTIVE COMMITTEE,9,DEM,BILL SOHONAGE,1
Wyoming,PRECINCT 111,STATE EXECUTIVE COMMITTEE,9,DEM,BILL SOHONAGE,0
Wyoming,PRECINCT 201,STATE EXECUTIVE COMMITTEE,9,DEM,BILL SOHONAGE,1
Wyoming,PRECINCT 202,STATE EXECUTIVE COMMITTEE,9,DEM,BILL SOHONAGE,1
Wyoming,PRECINCT 203,STATE EXECUTIVE COMMITTEE,9,DEM,BILL SOHONAGE,2
Wyoming,PRECINCT 204,STATE EXECUTIVE COMMITTEE,9,DEM,BILL SOHONAGE,4
Wyoming,PRECINCT 205,STATE EXECUTIVE COMMITTEE,9,DEM,BILL SOHONAGE,2
Wyoming,PRECINCT 206,STATE EXECUTIVE COMMITTEE,9,DEM,BILL SOHONAGE,4
Wyoming,PRECINCT 207,STATE EXECUTIVE COMMITTEE,9,DEM,BILL SOHONAGE,1
Wyoming,PRECINCT 302,STATE EXECUTIVE COMMITTEE,9,DEM,BILL SOHONAGE,1
Wyoming,PRECINCT 303,STATE EXECUTIVE COMMITTEE,9,DEM,BILL SOHONAGE,1
Wyoming,PRECINCT 304,STATE EXECUTIVE COMMITTEE,9,DEM,BILL SOHONAGE,4
Wyoming,PRECINCT 305,STATE EXECUTIVE COMMITTEE,9,DEM,BILL SOHONAGE,1
Wyoming,PRECINCT 307,STATE EXECUTIVE COMMITTEE,9,DEM,BILL SOHONAGE,2
Wyoming,PRECINCT 308,STATE EXECUTIVE COMMITTEE,9,DEM,BILL SOHONAGE,0
Wyoming,PRECINCT 309,STATE EXECUTIVE COMMITTEE,9,DEM,BILL SOHONAGE,0
Wyoming,PRECINCT 310,STATE EXECUTIVE COMMITTEE,9,DEM,BILL SOHONAGE,1
Wyoming,PRECINCT 101,STATE EXECUTIVE COMMITTEE,9,DEM,CHRISTOPHER PENNINGTON,0
Wyoming,PRECINCT 102,STATE EXECUTIVE COMMITTEE,9,DEM,CHRISTOPHER PENNINGTON,2
Wyoming,PRECINCT 103,STATE EXECUTIVE COMMITTEE,9,DEM,CHRISTOPHER PENNINGTON,5
Wyoming,PRECINCT 104,STATE EXECUTIVE COMMITTEE,9,DEM,CHRISTOPHER PENNINGTON,2
Wyoming,PRECINCT 105,STATE EXECUTIVE COMMITTEE,9,DEM,CHRISTOPHER PENNINGTON,1
Wyoming,PRECINCT 106,STATE EXECUTIVE COMMITTEE,9,DEM,CHRISTOPHER PENNINGTON,3
Wyoming,PRECINCT 107,STATE EXECUTIVE COMMITTEE,9,DEM,CHRISTOPHER PENNINGTON,1
Wyoming,PRECINCT 108,STATE EXECUTIVE COMMITTEE,9,DEM,CHRISTOPHER PENNINGTON,2
Wyoming,PRECINCT 109,STATE EXECUTIVE COMMITTEE,9,DEM,CHRISTOPHER PENNINGTON,2
Wyoming,PRECINCT 110,STATE EXECUTIVE COMMITTEE,9,DEM,CHRISTOPHER PENNINGTON,0
Wyoming,PRECINCT 111,STATE EXECUTIVE COMMITTEE,9,DEM,CHRISTOPHER PENNINGTON,3
Wyoming,PRECINCT 201,STATE EXECUTIVE COMMITTEE,9,DEM,CHRISTOPHER PENNINGTON,0
Wyoming,PRECINCT 202,STATE EXECUTIVE COMMITTEE,9,DEM,CHRISTOPHER PENNINGTON,3
Wyoming,PRECINCT 203,STATE EXECUTIVE COMMITTEE,9,DEM,CHRISTOPHER PENNINGTON,5
Wyoming,PRECINCT 204,STATE EXECUTIVE COMMITTEE,9,DEM,CHRISTOPHER PENNINGTON,0
Wyoming,PRECINCT 205,STATE EXECUTIVE COMMITTEE,9,DEM,CHRISTOPHER PENNINGTON,13
Wyoming,PRECINCT 206,STATE EXECUTIVE COMMITTEE,9,DEM,CHRISTOPHER PENNINGTON,4
Wyoming,PRECINCT 207,STATE EXECUTIVE COMMITTEE,9,DEM,CHRISTOPHER PENNINGTON,6
Wyoming,PRECINCT 302,STATE EXECUTIVE COMMITTEE,9,DEM,CHRISTOPHER PENNINGTON,7
Wyoming,PRECINCT 303,STATE EXECUTIVE COMMITTEE,9,DEM,CHRISTOPHER PENNINGTON,5
Wyoming,PRECINCT 304,STATE EXECUTIVE COMMITTEE,9,DEM,CHRISTOPHER PENNINGTON,7
Wyoming,PRECINCT 305,STATE EXECUTIVE COMMITTEE,9,DEM,CHRISTOPHER PENNINGTON,3
Wyoming,PRECINCT 307,STATE EXECUTIVE COMMITTEE,9,DEM,CHRISTOPHER PENNINGTON,5
Wyoming,PRECINCT 308,STATE EXECUTIVE COMMITTEE,9,DEM,CHRISTOPHER PENNINGTON,4
Wyoming,PRECINCT 309,STATE EXECUTIVE COMMITTEE,9,DEM,CHRISTOPHER PENNINGTON,0
Wyoming,PRECINCT 310,STATE EXECUTIVE COMMITTEE,9,DEM,CHRISTOPHER PENNINGTON,2
Wyoming,PRECINCT 101,STATE EXECUTIVE COMMITTEE,9,DEM,DAVID G THOMPSON,49
Wyoming,PRECINCT 102,STATE EXECUTIVE COMMITTEE,9,DEM,DAVID G THOMPSON,22
Wyoming,PRECINCT 103,STATE EXECUTIVE COMMITTEE,9,DEM,DAVID G THOMPSON,75
Wyoming,PRECINCT 104,STATE EXECUTIVE COMMITTEE,9,DEM,DAVID G THOMPSON,37
Wyoming,PRECINCT 105,STATE EXECUTIVE COMMITTEE,9,DEM,DAVID G THOMPSON,26
Wyoming,PRECINCT 106,STATE EXECUTIVE COMMITTEE,9,DEM,DAVID G THOMPSON,112
Wyoming,PRECINCT 107,STATE EXECUTIVE COMMITTEE,9,DEM,DAVID G THOMPSON,88
Wyoming,PRECINCT 108,STATE EXECUTIVE COMMITTEE,9,DEM,DAVID G THOMPSON,45
Wyoming,PRECINCT 109,STATE EXECUTIVE COMMITTEE,9,DEM,DAVID G THOMPSON,30
Wyoming,PRECINCT 110,STATE EXECUTIVE COMMITTEE,9,DEM,DAVID G THOMPSON,6
Wyoming,PRECINCT 111,STATE EXECUTIVE COMMITTEE,9,DEM,DAVID G THOMPSON,75
Wyoming,PRECINCT 201,STATE EXECUTIVE COMMITTEE,9,DEM,DAVID G THOMPSON,16
Wyoming,PRECINCT 202,STATE EXECUTIVE COMMITTEE,9,DEM,DAVID G THOMPSON,65
Wyoming,PRECINCT 203,STATE EXECUTIVE COMMITTEE,9,DEM,DAVID G THOMPSON,85
Wyoming,PRECINCT 204,STATE EXECUTIVE COMMITTEE,9,DEM,DAVID G THOMPSON,41
Wyoming,PRECINCT 205,STATE EXECUTIVE COMMITTEE,9,DEM,DAVID G THOMPSON,166
Wyoming,PRECINCT 206,STATE EXECUTIVE COMMITTEE,9,DEM,DAVID G THOMPSON,105
Wyoming,PRECINCT 207,STATE EXECUTIVE COMMITTEE,9,DEM,DAVID G THOMPSON,26
Wyoming,PRECINCT 302,STATE EXECUTIVE COMMITTEE,9,DEM,DAVID G THOMPSON,89
Wyoming,PRECINCT 303,STATE EXECUTIVE COMMITTEE,9,DEM,DAVID G THOMPSON,63
Wyoming,PRECINCT 304,STATE EXECUTIVE COMMITTEE,9,DEM,DAVID G THOMPSON,98
Wyoming,PRECINCT 305,STATE EXECUTIVE COMMITTEE,9,DEM,DAVID G THOMPSON,31
Wyoming,PRECINCT 307,STATE EXECUTIVE COMMITTEE,9,DEM,DAVID G THOMPSON,63
Wyoming,PRECINCT 308,STATE EXECUTIVE COMMITTEE,9,DEM,DAVID G THOMPSON,46
Wyoming,PRECINCT 309,STATE EXECUTIVE COMMITTEE,9,DEM,DAVID G THOMPSON,10
Wyoming,PRECINCT 310,STATE EXECUTIVE COMMITTEE,9,DEM,DAVID G THOMPSON,13
Wyoming,PRECINCT 101,PROSECUTING ATTORNEY UNEXP TERM,,DEM,NO CANDIDATE FILED,0
Wyoming,PRECINCT 102,PROSECUTING ATTORNEY UNEXP TERM,,DEM,NO CANDIDATE FILED,0
Wyoming,PRECINCT 103,PROSECUTING ATTORNEY UNEXP TERM,,DEM,NO CANDIDATE FILED,0
Wyoming,PRECINCT 104,PROSECUTING ATTORNEY UNEXP TERM,,DEM,NO CANDIDATE FILED,0
Wyoming,PRECINCT 105,PROSECUTING ATTORNEY UNEXP TERM,,DEM,NO CANDIDATE FILED,0
Wyoming,PRECINCT 106,PROSECUTING ATTORNEY UNEXP TERM,,DEM,NO CANDIDATE FILED,0
Wyoming,PRECINCT 107,PROSECUTING ATTORNEY UNEXP TERM,,DEM,NO CANDIDATE FILED,0
Wyoming,PRECINCT 108,PROSECUTING ATTORNEY UNEXP TERM,,DEM,NO CANDIDATE FILED,0
Wyoming,PRECINCT 109,PROSECUTING ATTORNEY UNEXP TERM,,DEM,NO CANDIDATE FILED,0
Wyoming,PRECINCT 110,PROSECUTING ATTORNEY UNEXP TERM,,DEM,NO CANDIDATE FILED,0
Wyoming,PRECINCT 111,PROSECUTING ATTORNEY UNEXP TERM,,DEM,NO CANDIDATE FILED,0
Wyoming,PRECINCT 201,PROSECUTING ATTORNEY UNEXP TERM,,DEM,NO CANDIDATE FILED,0
Wyoming,PRECINCT 202,PROSECUTING ATTORNEY UNEXP TERM,,DEM,NO CANDIDATE FILED,0
Wyoming,PRECINCT 203,PROSECUTING ATTORNEY UNEXP TERM,,DEM,NO CANDIDATE FILED,0
Wyoming,PRECINCT 204,PROSECUTING ATTORNEY UNEXP TERM,,DEM,NO CANDIDATE FILED,0
Wyoming,PRECINCT 205,PROSECUTING ATTORNEY UNEXP TERM,,DEM,NO CANDIDATE FILED,0
Wyoming,PRECINCT 206,PROSECUTING ATTORNEY UNEXP TERM,,DEM,NO CANDIDATE FILED,0
Wyoming,PRECINCT 207,PROSECUTING ATTORNEY UNEXP TERM,,DEM,NO CANDIDATE FILED,0
Wyoming,PRECINCT 302,PROSECUTING ATTORNEY UNEXP TERM,,DEM,NO CANDIDATE FILED,0
Wyoming,PRECINCT 303,PROSECUTING ATTORNEY UNEXP TERM,,DEM,NO CANDIDATE FILED,0
Wyoming,PRECINCT 304,PROSECUTING ATTORNEY UNEXP TERM,,DEM,NO CANDIDATE FILED,0
Wyoming,PRECINCT 305,PROSECUTING ATTORNEY UNEXP TERM,,DEM,NO CANDIDATE FILED,0
Wyoming,PRECINCT 307,PROSECUTING ATTORNEY UNEXP TERM,,DEM,NO CANDIDATE FILED,0
Wyoming,PRECINCT 308,PROSECUTING ATTORNEY UNEXP TERM,,DEM,NO CANDIDATE FILED,0
Wyoming,PRECINCT 309,PROSECUTING ATTORNEY UNEXP TERM,,DEM,NO CANDIDATE FILED,0
Wyoming,PRECINCT 310,PROSECUTING ATTORNEY UNEXP TERM,,DEM,NO CANDIDATE FILED,0
Wyoming,PRECINCT 101,CIRCUIT CLERK,,DEM,NO CANDIDATE FILED,0
Wyoming,PRECINCT 102,CIRCUIT CLERK,,DEM,NO CANDIDATE FILED,0
Wyoming,PRECINCT 103,CIRCUIT CLERK,,DEM,NO CANDIDATE FILED,0
Wyoming,PRECINCT 104,CIRCUIT CLERK,,DEM,NO CANDIDATE FILED,0
Wyoming,PRECINCT 105,CIRCUIT CLERK,,DEM,NO CANDIDATE FILED,0
Wyoming,PRECINCT 106,CIRCUIT CLERK,,DEM,NO CANDIDATE FILED,0
Wyoming,PRECINCT 107,CIRCUIT CLERK,,DEM,NO CANDIDATE FILED,0
Wyoming,PRECINCT 108,CIRCUIT CLERK,,DEM,NO CANDIDATE FILED,0
Wyoming,PRECINCT 109,CIRCUIT CLERK,,DEM,NO CANDIDATE FILED,0
Wyoming,PRECINCT 110,CIRCUIT CLERK,,DEM,NO CANDIDATE FILED,0
Wyoming,PRECINCT 111,CIRCUIT CLERK,,DEM,NO CANDIDATE FILED,0
Wyoming,PRECINCT 201,CIRCUIT CLERK,,DEM,NO CANDIDATE FILED,0
Wyoming,PRECINCT 202,CIRCUIT CLERK,,DEM,NO CANDIDATE FILED,0
Wyoming,PRECINCT 203,CIRCUIT CLERK,,DEM,NO CANDIDATE FILED,0
Wyoming,PRECINCT 204,CIRCUIT CLERK,,DEM,NO CANDIDATE FILED,0
Wyoming,PRECINCT 205,CIRCUIT CLERK,,DEM,NO CANDIDATE FILED,0
Wyoming,PRECINCT 206,CIRCUIT CLERK,,DEM,NO CANDIDATE FILED,0
Wyoming,PRECINCT 207,CIRCUIT CLERK,,DEM,NO CANDIDATE FILED,0
Wyoming,PRECINCT 302,CIRCUIT CLERK,,DEM,NO CANDIDATE FILED,0
Wyoming,PRECINCT 303,CIRCUIT CLERK,,DEM,NO CANDIDATE FILED,0
Wyoming,PRECINCT 304,CIRCUIT CLERK,,DEM,NO CANDIDATE FILED,0
Wyoming,PRECINCT 305,CIRCUIT CLERK,,DEM,NO CANDIDATE FILED,0
Wyoming,PRECINCT 307,CIRCUIT CLERK,,DEM,NO CANDIDATE FILED,0
Wyoming,PRECINCT 308,CIRCUIT CLERK,,DEM,NO CANDIDATE FILED,0
Wyoming,PRECINCT 309,CIRCUIT CLERK,,DEM,NO CANDIDATE FILED,0
Wyoming,PRECINCT 310,CIRCUIT CLERK,,DEM,NO CANDIDATE FILED,0
Wyoming,PRECINCT 101,COUNTY COMMISSIONER,,DEM,DOUGLAS MAC PRICHARD,31
Wyoming,PRECINCT 102,COUNTY COMMISSIONER,,DEM,DOUGLAS MAC PRICHARD,8
Wyoming,PRECINCT 103,COUNTY COMMISSIONER,,DEM,DOUGLAS MAC PRICHARD,25
Wyoming,PRECINCT 104,COUNTY COMMISSIONER,,DEM,DOUGLAS MAC PRICHARD,20
Wyoming,PRECINCT 105,COUNTY COMMISSIONER,,DEM,DOUGLAS MAC PRICHARD,12
Wyoming,PRECINCT 106,COUNTY COMMISSIONER,,DEM,DOUGLAS MAC PRICHARD,56
Wyoming,PRECINCT 107,COUNTY COMMISSIONER,,DEM,DOUGLAS MAC PRICHARD,42
Wyoming,PRECINCT 108,COUNTY COMMISSIONER,,DEM,DOUGLAS MAC PRICHARD,14
Wyoming,PRECINCT 109,COUNTY COMMISSIONER,,DEM,DOUGLAS MAC PRICHARD,19
Wyoming,PRECINCT 110,COUNTY COMMISSIONER,,DEM,DOUGLAS MAC PRICHARD,3
Wyoming,PRECINCT 111,COUNTY COMMISSIONER,,DEM,DOUGLAS MAC PRICHARD,61
Wyoming,PRECINCT 201,COUNTY COMMISSIONER,,DEM,DOUGLAS MAC PRICHARD,4
Wyoming,PRECINCT 202,COUNTY COMMISSIONER,,DEM,DOUGLAS MAC PRICHARD,28
Wyoming,PRECINCT 203,COUNTY COMMISSIONER,,DEM,DOUGLAS MAC PRICHARD,48
Wyoming,PRECINCT 204,COUNTY COMMISSIONER,,DEM,DOUGLAS MAC PRICHARD,27
Wyoming,PRECINCT 205,COUNTY COMMISSIONER,,DEM,DOUGLAS MAC PRICHARD,83
Wyoming,PRECINCT 206,COUNTY COMMISSIONER,,DEM,DOUGLAS MAC PRICHARD,60
Wyoming,PRECINCT 207,COUNTY COMMISSIONER,,DEM,DOUGLAS MAC PRICHARD,14
Wyoming,PRECINCT 302,COUNTY COMMISSIONER,,DEM,DOUGLAS MAC PRICHARD,46
Wyoming,PRECINCT 303,COUNTY COMMISSIONER,,DEM,DOUGLAS MAC PRICHARD,42
Wyoming,PRECINCT 304,COUNTY COMMISSIONER,,DEM,DOUGLAS MAC PRICHARD,54
Wyoming,PRECINCT 305,COUNTY COMMISSIONER,,DEM,DOUGLAS MAC PRICHARD,18
Wyoming,PRECINCT 307,COUNTY COMMISSIONER,,DEM,DOUGLAS MAC PRICHARD,32
Wyoming,PRECINCT 308,COUNTY COMMISSIONER,,DEM,DOUGLAS MAC PRICHARD,20
Wyoming,PRECINCT 309,COUNTY COMMISSIONER,,DEM,DOUGLAS MAC PRICHARD,1
Wyoming,PRECINCT 310,COUNTY COMMISSIONER,,DEM,DOUGLAS MAC PRICHARD,6
Wyoming,PRECINCT 101,COUNTY COMMISSIONER,,DEM,"SAMUEL ""DOC""  MUSCARI SR",22
Wyoming,PRECINCT 102,COUNTY COMMISSIONER,,DEM,"SAMUEL ""DOC""  MUSCARI SR",15
Wyoming,PRECINCT 103,COUNTY COMMISSIONER,,DEM,"SAMUEL ""DOC""  MUSCARI SR",63
Wyoming,PRECINCT 104,COUNTY COMMISSIONER,,DEM,"SAMUEL ""DOC""  MUSCARI SR",27
Wyoming,PRECINCT 105,COUNTY COMMISSIONER,,DEM,"SAMUEL ""DOC""  MUSCARI SR",15
Wyoming,PRECINCT 106,COUNTY COMMISSIONER,,DEM,"SAMUEL ""DOC""  MUSCARI SR",82
Wyoming,PRECINCT 107,COUNTY COMMISSIONER,,DEM,"SAMUEL ""DOC""  MUSCARI SR",63
Wyoming,PRECINCT 108,COUNTY COMMISSIONER,,DEM,"SAMUEL ""DOC""  MUSCARI SR",42
Wyoming,PRECINCT 109,COUNTY COMMISSIONER,,DEM,"SAMUEL ""DOC""  MUSCARI SR",22
Wyoming,PRECINCT 110,COUNTY COMMISSIONER,,DEM,"SAMUEL ""DOC""  MUSCARI SR",7
Wyoming,PRECINCT 111,COUNTY COMMISSIONER,,DEM,"SAMUEL ""DOC""  MUSCARI SR",37
Wyoming,PRECINCT 201,COUNTY COMMISSIONER,,DEM,"SAMUEL ""DOC""  MUSCARI SR",11
Wyoming,PRECINCT 202,COUNTY COMMISSIONER,,DEM,"SAMUEL ""DOC""  MUSCARI SR",42
Wyoming,PRECINCT 203,COUNTY COMMISSIONER,,DEM,"SAMUEL ""DOC""  MUSCARI SR",56
Wyoming,PRECINCT 204,COUNTY COMMISSIONER,,DEM,"SAMUEL ""DOC""  MUSCARI SR",22
Wyoming,PRECINCT 205,COUNTY COMMISSIONER,,DEM,"SAMUEL ""DOC""  MUSCARI SR",117
Wyoming,PRECINCT 206,COUNTY COMMISSIONER,,DEM,"SAMUEL ""DOC""  MUSCARI SR",57
Wyoming,PRECINCT 207,COUNTY COMMISSIONER,,DEM,"SAMUEL ""DOC""  MUSCARI SR",18
Wyoming,PRECINCT 302,COUNTY COMMISSIONER,,DEM,"SAMUEL ""DOC""  MUSCARI SR",60
Wyoming,PRECINCT 303,COUNTY COMMISSIONER,,DEM,"SAMUEL ""DOC""  MUSCARI SR",33
Wyoming,PRECINCT 304,COUNTY COMMISSIONER,,DEM,"SAMUEL ""DOC""  MUSCARI SR",54
Wyoming,PRECINCT 305,COUNTY COMMISSIONER,,DEM,"SAMUEL ""DOC""  MUSCARI SR",17
Wyoming,PRECINCT 307,COUNTY COMMISSIONER,,DEM,"SAMUEL ""DOC""  MUSCARI SR",40
Wyoming,PRECINCT 308,COUNTY COMMISSIONER,,DEM,"SAMUEL ""DOC""  MUSCARI SR",34
Wyoming,PRECINCT 309,COUNTY COMMISSIONER,,DEM,"SAMUEL ""DOC""  MUSCARI SR",10
Wyoming,PRECINCT 310,COUNTY COMMISSIONER,,DEM,"SAMUEL ""DOC""  MUSCARI SR",7
Wyoming,PRECINCT 101,DEM FOR COUNTY CLERK,,DEM,"D. MICHAEL ""MIKE""  GOODE",20
Wyoming,PRECINCT 102,DEM FOR COUNTY CLERK,,DEM,"D. MICHAEL ""MIKE""  GOODE",19
Wyoming,PRECINCT 103,DEM FOR COUNTY CLERK,,DEM,"D. MICHAEL ""MIKE""  GOODE",51
Wyoming,PRECINCT 104,DEM FOR COUNTY CLERK,,DEM,"D. MICHAEL ""MIKE""  GOODE",21
Wyoming,PRECINCT 105,DEM FOR COUNTY CLERK,,DEM,"D. MICHAEL ""MIKE""  GOODE",20
Wyoming,PRECINCT 106,DEM FOR COUNTY CLERK,,DEM,"D. MICHAEL ""MIKE""  GOODE",61
Wyoming,PRECINCT 107,DEM FOR COUNTY CLERK,,DEM,"D. MICHAEL ""MIKE""  GOODE",47
Wyoming,PRECINCT 108,DEM FOR COUNTY CLERK,,DEM,"D. MICHAEL ""MIKE""  GOODE",34
Wyoming,PRECINCT 109,DEM FOR COUNTY CLERK,,DEM,"D. MICHAEL ""MIKE""  GOODE",22
Wyoming,PRECINCT 110,DEM FOR COUNTY CLERK,,DEM,"D. MICHAEL ""MIKE""  GOODE",1
Wyoming,PRECINCT 111,DEM FOR COUNTY CLERK,,DEM,"D. MICHAEL ""MIKE""  GOODE",32
Wyoming,PRECINCT 201,DEM FOR COUNTY CLERK,,DEM,"D. MICHAEL ""MIKE""  GOODE",5
Wyoming,PRECINCT 202,DEM FOR COUNTY CLERK,,DEM,"D. MICHAEL ""MIKE""  GOODE",32
Wyoming,PRECINCT 203,DEM FOR COUNTY CLERK,,DEM,"D. MICHAEL ""MIKE""  GOODE",50
Wyoming,PRECINCT 204,DEM FOR COUNTY CLERK,,DEM,"D. MICHAEL ""MIKE""  GOODE",29
Wyoming,PRECINCT 205,DEM FOR COUNTY CLERK,,DEM,"D. MICHAEL ""MIKE""  GOODE",117
Wyoming,PRECINCT 206,DEM FOR COUNTY CLERK,,DEM,"D. MICHAEL ""MIKE""  GOODE",65
Wyoming,PRECINCT 207,DEM FOR COUNTY CLERK,,DEM,"D. MICHAEL ""MIKE""  GOODE",10
Wyoming,PRECINCT 302,DEM FOR COUNTY CLERK,,DEM,"D. MICHAEL ""MIKE""  GOODE",19
Wyoming,PRECINCT 303,DEM FOR COUNTY CLERK,,DEM,"D. MICHAEL ""MIKE""  GOODE",20
Wyoming,PRECINCT 304,DEM FOR COUNTY CLERK,,DEM,"D. MICHAEL ""MIKE""  GOODE",21
Wyoming,PRECINCT 305,DEM FOR COUNTY CLERK,,DEM,"D. MICHAEL ""MIKE""  GOODE",9
Wyoming,PRECINCT 307,DEM FOR COUNTY CLERK,,DEM,"D. MICHAEL ""MIKE""  GOODE",27
Wyoming,PRECINCT 308,DEM FOR COUNTY CLERK,,DEM,"D. MICHAEL ""MIKE""  GOODE",15
Wyoming,PRECINCT 309,DEM FOR COUNTY CLERK,,DEM,"D. MICHAEL ""MIKE""  GOODE",4
Wyoming,PRECINCT 310,DEM FOR COUNTY CLERK,,DEM,"D. MICHAEL ""MIKE""  GOODE",6
Wyoming,PRECINCT 101,DEM FOR COUNTY CLERK,,DEM,JEWELL (SPEARS) AGUILAR,38
Wyoming,PRECINCT 102,DEM FOR COUNTY CLERK,,DEM,JEWELL (SPEARS) AGUILAR,5
Wyoming,PRECINCT 103,DEM FOR COUNTY CLERK,,DEM,JEWELL (SPEARS) AGUILAR,42
Wyoming,PRECINCT 104,DEM FOR COUNTY CLERK,,DEM,JEWELL (SPEARS) AGUILAR,29
Wyoming,PRECINCT 105,DEM FOR COUNTY CLERK,,DEM,JEWELL (SPEARS) AGUILAR,8
Wyoming,PRECINCT 106,DEM FOR COUNTY CLERK,,DEM,JEWELL (SPEARS) AGUILAR,86
Wyoming,PRECINCT 107,DEM FOR COUNTY CLERK,,DEM,JEWELL (SPEARS) AGUILAR,60
Wyoming,PRECINCT 108,DEM FOR COUNTY CLERK,,DEM,JEWELL (SPEARS) AGUILAR,21
Wyoming,PRECINCT 109,DEM FOR COUNTY CLERK,,DEM,JEWELL (SPEARS) AGUILAR,20
Wyoming,PRECINCT 110,DEM FOR COUNTY CLERK,,DEM,JEWELL (SPEARS) AGUILAR,9
Wyoming,PRECINCT 111,DEM FOR COUNTY CLERK,,DEM,JEWELL (SPEARS) AGUILAR,68
Wyoming,PRECINCT 201,DEM FOR COUNTY CLERK,,DEM,JEWELL (SPEARS) AGUILAR,13
Wyoming,PRECINCT 202,DEM FOR COUNTY CLERK,,DEM,JEWELL (SPEARS) AGUILAR,45
Wyoming,PRECINCT 203,DEM FOR COUNTY CLERK,,DEM,JEWELL (SPEARS) AGUILAR,54
Wyoming,PRECINCT 204,DEM FOR COUNTY CLERK,,DEM,JEWELL (SPEARS) AGUILAR,20
Wyoming,PRECINCT 205,DEM FOR COUNTY CLERK,,DEM,JEWELL (SPEARS) AGUILAR,93
Wyoming,PRECINCT 206,DEM FOR COUNTY CLERK,,DEM,JEWELL (SPEARS) AGUILAR,58
Wyoming,PRECINCT 207,DEM FOR COUNTY CLERK,,DEM,JEWELL (SPEARS) AGUILAR,22
Wyoming,PRECINCT 302,DEM FOR COUNTY CLERK,,DEM,JEWELL (SPEARS) AGUILAR,92
Wyoming,PRECINCT 303,DEM FOR COUNTY CLERK,,DEM,JEWELL (SPEARS) AGUILAR,59
Wyoming,PRECINCT 304,DEM FOR COUNTY CLERK,,DEM,JEWELL (SPEARS) AGUILAR,93
Wyoming,PRECINCT 305,DEM FOR COUNTY CLERK,,DEM,JEWELL (SPEARS) AGUILAR,27
Wyoming,PRECINCT 307,DEM FOR COUNTY CLERK,,DEM,JEWELL (SPEARS) AGUILAR,56
Wyoming,PRECINCT 308,DEM FOR COUNTY CLERK,,DEM,JEWELL (SPEARS) AGUILAR,46
Wyoming,PRECINCT 309,DEM FOR COUNTY CLERK,,DEM,JEWELL (SPEARS) AGUILAR,9
Wyoming,PRECINCT 310,DEM FOR COUNTY CLERK,,DEM,JEWELL (SPEARS) AGUILAR,10
Wyoming,PRECINCT 101,CONGRESSIONAL EXEC COMM D1 FEMALE,,DEM,NO CANDIDATE FILED,0
Wyoming,PRECINCT 102,CONGRESSIONAL EXEC COMM D1 FEMALE,,DEM,NO CANDIDATE FILED,0
Wyoming,PRECINCT 103,CONGRESSIONAL EXEC COMM D1 FEMALE,,DEM,NO CANDIDATE FILED,0
Wyoming,PRECINCT 104,CONGRESSIONAL EXEC COMM D1 FEMALE,,DEM,NO CANDIDATE FILED,0
Wyoming,PRECINCT 105,CONGRESSIONAL EXEC COMM D1 FEMALE,,DEM,NO CANDIDATE FILED,0
Wyoming,PRECINCT 106,CONGRESSIONAL EXEC COMM D1 FEMALE,,DEM,NO CANDIDATE FILED,0
Wyoming,PRECINCT 107,CONGRESSIONAL EXEC COMM D1 FEMALE,,DEM,NO CANDIDATE FILED,0
Wyoming,PRECINCT 108,CONGRESSIONAL EXEC COMM D1 FEMALE,,DEM,NO CANDIDATE FILED,0
Wyoming,PRECINCT 109,CONGRESSIONAL EXEC COMM D1 FEMALE,,DEM,NO CANDIDATE FILED,0
Wyoming,PRECINCT 110,CONGRESSIONAL EXEC COMM D1 FEMALE,,DEM,NO CANDIDATE FILED,0
Wyoming,PRECINCT 111,CONGRESSIONAL EXEC COMM D1 FEMALE,,DEM,NO CANDIDATE FILED,0
Wyoming,PRECINCT 201,CONGRESSIONAL EXEC COMM D1 FEMALE,,DEM,NO CANDIDATE FILED,0
Wyoming,PRECINCT 202,CONGRESSIONAL EXEC COMM D1 FEMALE,,DEM,NO CANDIDATE FILED,0
Wyoming,PRECINCT 203,CONGRESSIONAL EXEC COMM D1 FEMALE,,DEM,NO CANDIDATE FILED,0
Wyoming,PRECINCT 204,CONGRESSIONAL EXEC COMM D1 FEMALE,,DEM,NO CANDIDATE FILED,0
Wyoming,PRECINCT 205,CONGRESSIONAL EXEC COMM D1 FEMALE,,DEM,NO CANDIDATE FILED,0
Wyoming,PRECINCT 206,CONGRESSIONAL EXEC COMM D1 FEMALE,,DEM,NO CANDIDATE FILED,0
Wyoming,PRECINCT 207,CONGRESSIONAL EXEC COMM D1 FEMALE,,DEM,NO CANDIDATE FILED,0
Wyoming,PRECINCT 302,CONGRESSIONAL EXEC COMM D1 FEMALE,,DEM,NO CANDIDATE FILED,0
Wyoming,PRECINCT 303,CONGRESSIONAL EXEC COMM D1 FEMALE,,DEM,NO CANDIDATE FILED,0
Wyoming,PRECINCT 304,CONGRESSIONAL EXEC COMM D1 FEMALE,,DEM,NO CANDIDATE FILED,0
Wyoming,PRECINCT 305,CONGRESSIONAL EXEC COMM D1 FEMALE,,DEM,NO CANDIDATE FILED,0
Wyoming,PRECINCT 307,CONGRESSIONAL EXEC COMM D1 FEMALE,,DEM,NO CANDIDATE FILED,0
Wyoming,PRECINCT 308,CONGRESSIONAL EXEC COMM D1 FEMALE,,DEM,NO CANDIDATE FILED,0
Wyoming,PRECINCT 309,CONGRESSIONAL EXEC COMM D1 FEMALE,,DEM,NO CANDIDATE FILED,0
Wyoming,PRECINCT 310,CONGRESSIONAL EXEC COMM D1 FEMALE,,DEM,NO CANDIDATE FILED,0
Wyoming,PRECINCT 101,CONGRESSIONAL EXEC COMM D1 MALE,,DEM,NO CANDIDATE FILED,0
Wyoming,PRECINCT 102,CONGRESSIONAL EXEC COMM D1 MALE,,DEM,NO CANDIDATE FILED,0
Wyoming,PRECINCT 103,CONGRESSIONAL EXEC COMM D1 MALE,,DEM,NO CANDIDATE FILED,0
Wyoming,PRECINCT 104,CONGRESSIONAL EXEC COMM D1 MALE,,DEM,NO CANDIDATE FILED,0
Wyoming,PRECINCT 105,CONGRESSIONAL EXEC COMM D1 MALE,,DEM,NO CANDIDATE FILED,0
Wyoming,PRECINCT 106,CONGRESSIONAL EXEC COMM D1 MALE,,DEM,NO CANDIDATE FILED,0
Wyoming,PRECINCT 107,CONGRESSIONAL EXEC COMM D1 MALE,,DEM,NO CANDIDATE FILED,0
Wyoming,PRECINCT 108,CONGRESSIONAL EXEC COMM D1 MALE,,DEM,NO CANDIDATE FILED,0
Wyoming,PRECINCT 109,CONGRESSIONAL EXEC COMM D1 MALE,,DEM,NO CANDIDATE FILED,0
Wyoming,PRECINCT 110,CONGRESSIONAL EXEC COMM D1 MALE,,DEM,NO CANDIDATE FILED,0
Wyoming,PRECINCT 111,CONGRESSIONAL EXEC COMM D1 MALE,,DEM,NO CANDIDATE FILED,0
Wyoming,PRECINCT 201,CONGRESSIONAL EXEC COMM D1 MALE,,DEM,NO CANDIDATE FILED,0
Wyoming,PRECINCT 202,CONGRESSIONAL EXEC COMM D1 MALE,,DEM,NO CANDIDATE FILED,0
Wyoming,PRECINCT 203,CONGRESSIONAL EXEC COMM D1 MALE,,DEM,NO CANDIDATE FILED,0
Wyoming,PRECINCT 204,CONGRESSIONAL EXEC COMM D1 MALE,,DEM,NO CANDIDATE FILED,0
Wyoming,PRECINCT 205,CONGRESSIONAL EXEC COMM D1 MALE,,DEM,NO CANDIDATE FILED,0
Wyoming,PRECINCT 206,CONGRESSIONAL EXEC COMM D1 MALE,,DEM,NO CANDIDATE FILED,0
Wyoming,PRECINCT 207,CONGRESSIONAL EXEC COMM D1 MALE,,DEM,NO CANDIDATE FILED,0
Wyoming,PRECINCT 302,CONGRESSIONAL EXEC COMM D1 MALE,,DEM,NO CANDIDATE FILED,0
Wyoming,PRECINCT 303,CONGRESSIONAL EXEC COMM D1 MALE,,DEM,NO CANDIDATE FILED,0
Wyoming,PRECINCT 304,CONGRESSIONAL EXEC COMM D1 MALE,,DEM,NO CANDIDATE FILED,0
Wyoming,PRECINCT 305,CONGRESSIONAL EXEC COMM D1 MALE,,DEM,NO CANDIDATE FILED,0
Wyoming,PRECINCT 307,CONGRESSIONAL EXEC COMM D1 MALE,,DEM,NO CANDIDATE FILED,0
Wyoming,PRECINCT 308,CONGRESSIONAL EXEC COMM D1 MALE,,DEM,NO CANDIDATE FILED,0
Wyoming,PRECINCT 309,CONGRESSIONAL EXEC COMM D1 MALE,,DEM,NO CANDIDATE FILED,0
Wyoming,PRECINCT 310,CONGRESSIONAL EXEC COMM D1 MALE,,DEM,NO CANDIDATE FILED,0
Wyoming,PRECINCT 101,SENATORIAL EXEC COMM D9 FEMALE,,DEM,NO CANDIDATE FILED,0
Wyoming,PRECINCT 102,SENATORIAL EXEC COMM D9 FEMALE,,DEM,NO CANDIDATE FILED,0
Wyoming,PRECINCT 103,SENATORIAL EXEC COMM D9 FEMALE,,DEM,NO CANDIDATE FILED,0
Wyoming,PRECINCT 104,SENATORIAL EXEC COMM D9 FEMALE,,DEM,NO CANDIDATE FILED,0
Wyoming,PRECINCT 105,SENATORIAL EXEC COMM D9 FEMALE,,DEM,NO CANDIDATE FILED,0
Wyoming,PRECINCT 106,SENATORIAL EXEC COMM D9 FEMALE,,DEM,NO CANDIDATE FILED,0
Wyoming,PRECINCT 107,SENATORIAL EXEC COMM D9 FEMALE,,DEM,NO CANDIDATE FILED,0
Wyoming,PRECINCT 108,SENATORIAL EXEC COMM D9 FEMALE,,DEM,NO CANDIDATE FILED,0
Wyoming,PRECINCT 109,SENATORIAL EXEC COMM D9 FEMALE,,DEM,NO CANDIDATE FILED,0
Wyoming,PRECINCT 110,SENATORIAL EXEC COMM D9 FEMALE,,DEM,NO CANDIDATE FILED,0
Wyoming,PRECINCT 111,SENATORIAL EXEC COMM D9 FEMALE,,DEM,NO CANDIDATE FILED,0
Wyoming,PRECINCT 201,SENATORIAL EXEC COMM D9 FEMALE,,DEM,NO CANDIDATE FILED,0
Wyoming,PRECINCT 202,SENATORIAL EXEC COMM D9 FEMALE,,DEM,NO CANDIDATE FILED,0
Wyoming,PRECINCT 203,SENATORIAL EXEC COMM D9 FEMALE,,DEM,NO CANDIDATE FILED,0
Wyoming,PRECINCT 204,SENATORIAL EXEC COMM D9 FEMALE,,DEM,NO CANDIDATE FILED,0
Wyoming,PRECINCT 205,SENATORIAL EXEC COMM D9 FEMALE,,DEM,NO CANDIDATE FILED,0
Wyoming,PRECINCT 206,SENATORIAL EXEC COMM D9 FEMALE,,DEM,NO CANDIDATE FILED,0
Wyoming,PRECINCT 207,SENATORIAL EXEC COMM D9 FEMALE,,DEM,NO CANDIDATE FILED,0
Wyoming,PRECINCT 302,SENATORIAL EXEC COMM D9 FEMALE,,DEM,NO CANDIDATE FILED,0
Wyoming,PRECINCT 303,SENATORIAL EXEC COMM D9 FEMALE,,DEM,NO CANDIDATE FILED,0
Wyoming,PRECINCT 304,SENATORIAL EXEC COMM D9 FEMALE,,DEM,NO CANDIDATE FILED,0
Wyoming,PRECINCT 305,SENATORIAL EXEC COMM D9 FEMALE,,DEM,NO CANDIDATE FILED,0
Wyoming,PRECINCT 307,SENATORIAL EXEC COMM D9 FEMALE,,DEM,NO CANDIDATE FILED,0
Wyoming,PRECINCT 308,SENATORIAL EXEC COMM D9 FEMALE,,DEM,NO CANDIDATE FILED,0
Wyoming,PRECINCT 309,SENATORIAL EXEC COMM D9 FEMALE,,DEM,NO CANDIDATE FILED,0
Wyoming,PRECINCT 310,SENATORIAL EXEC COMM D9 FEMALE,,DEM,NO CANDIDATE FILED,0
Wyoming,PRECINCT 101,SENATORIAL EXEC COMM D9 MALE,,DEM,NO CANDIDATE FILED,0
Wyoming,PRECINCT 102,SENATORIAL EXEC COMM D9 MALE,,DEM,NO CANDIDATE FILED,0
Wyoming,PRECINCT 103,SENATORIAL EXEC COMM D9 MALE,,DEM,NO CANDIDATE FILED,0
Wyoming,PRECINCT 104,SENATORIAL EXEC COMM D9 MALE,,DEM,NO CANDIDATE FILED,0
Wyoming,PRECINCT 105,SENATORIAL EXEC COMM D9 MALE,,DEM,NO CANDIDATE FILED,0
Wyoming,PRECINCT 106,SENATORIAL EXEC COMM D9 MALE,,DEM,NO CANDIDATE FILED,0
Wyoming,PRECINCT 107,SENATORIAL EXEC COMM D9 MALE,,DEM,NO CANDIDATE FILED,0
Wyoming,PRECINCT 108,SENATORIAL EXEC COMM D9 MALE,,DEM,NO CANDIDATE FILED,0
Wyoming,PRECINCT 109,SENATORIAL EXEC COMM D9 MALE,,DEM,NO CANDIDATE FILED,0
Wyoming,PRECINCT 110,SENATORIAL EXEC COMM D9 MALE,,DEM,NO CANDIDATE FILED,0
Wyoming,PRECINCT 111,SENATORIAL EXEC COMM D9 MALE,,DEM,NO CANDIDATE FILED,0
Wyoming,PRECINCT 201,SENATORIAL EXEC COMM D9 MALE,,DEM,NO CANDIDATE FILED,0
Wyoming,PRECINCT 202,SENATORIAL EXEC COMM D9 MALE,,DEM,NO CANDIDATE FILED,0
Wyoming,PRECINCT 203,SENATORIAL EXEC COMM D9 MALE,,DEM,NO CANDIDATE FILED,0
Wyoming,PRECINCT 204,SENATORIAL EXEC COMM D9 MALE,,DEM,NO CANDIDATE FILED,0
Wyoming,PRECINCT 205,SENATORIAL EXEC COMM D9 MALE,,DEM,NO CANDIDATE FILED,0
Wyoming,PRECINCT 206,SENATORIAL EXEC COMM D9 MALE,,DEM,NO CANDIDATE FILED,0
Wyoming,PRECINCT 207,SENATORIAL EXEC COMM D9 MALE,,DEM,NO CANDIDATE FILED,0
Wyoming,PRECINCT 302,SENATORIAL EXEC COMM D9 MALE,,DEM,NO CANDIDATE FILED,0
Wyoming,PRECINCT 303,SENATORIAL EXEC COMM D9 MALE,,DEM,NO CANDIDATE FILED,0
Wyoming,PRECINCT 304,SENATORIAL EXEC COMM D9 MALE,,DEM,NO CANDIDATE FILED,0
Wyoming,PRECINCT 305,SENATORIAL EXEC COMM D9 MALE,,DEM,NO CANDIDATE FILED,0
Wyoming,PRECINCT 307,SENATORIAL EXEC COMM D9 MALE,,DEM,NO CANDIDATE FILED,0
Wyoming,PRECINCT 308,SENATORIAL EXEC COMM D9 MALE,,DEM,NO CANDIDATE FILED,0
Wyoming,PRECINCT 309,SENATORIAL EXEC COMM D9 MALE,,DEM,NO CANDIDATE FILED,0
Wyoming,PRECINCT 310,SENATORIAL EXEC COMM D9 MALE,,DEM,NO CANDIDATE FILED,0
Wyoming,PRECINCT 102,DELEGATE DIST EXEC COMM 43 FEMALE,,DEM,NO CANDIDATE FILED,0
Wyoming,PRECINCT 302,DELEGATE DIST EXEC COMM 43 FEMALE,,DEM,NO CANDIDATE FILED,0
Wyoming,PRECINCT 303,DELEGATE DIST EXEC COMM 43 FEMALE,,DEM,NO CANDIDATE FILED,0
Wyoming,PRECINCT 304,DELEGATE DIST EXEC COMM 43 FEMALE,,DEM,NO CANDIDATE FILED,0
Wyoming,PRECINCT 102,DELEGATE DIST EXEC COMM 43 MALE,,DEM,NO CANDIDATE FILED,0
Wyoming,PRECINCT 302,DELEGATE DIST EXEC COMM 43 MALE,,DEM,NO CANDIDATE FILED,0
Wyoming,PRECINCT 303,DELEGATE DIST EXEC COMM 43 MALE,,DEM,NO CANDIDATE FILED,0
Wyoming,PRECINCT 304,DELEGATE DIST EXEC COMM 43 MALE,,DEM,NO CANDIDATE FILED,0
Wyoming,PRECINCT 101,COUNTY EXEC COMM DIST I FEMALE,,DEM,CHRISTY  CARDWELL,39
Wyoming,PRECINCT 102,COUNTY EXEC COMM DIST I FEMALE,,DEM,CHRISTY  CARDWELL,16
Wyoming,PRECINCT 103,COUNTY EXEC COMM DIST I FEMALE,,DEM,CHRISTY  CARDWELL,61
Wyoming,PRECINCT 104,COUNTY EXEC COMM DIST I FEMALE,,DEM,CHRISTY  CARDWELL,35
Wyoming,PRECINCT 105,COUNTY EXEC COMM DIST I FEMALE,,DEM,CHRISTY  CARDWELL,20
Wyoming,PRECINCT 106,COUNTY EXEC COMM DIST I FEMALE,,DEM,CHRISTY  CARDWELL,103
Wyoming,PRECINCT 107,COUNTY EXEC COMM DIST I FEMALE,,DEM,CHRISTY  CARDWELL,84
Wyoming,PRECINCT 108,COUNTY EXEC COMM DIST I FEMALE,,DEM,CHRISTY  CARDWELL,45
Wyoming,PRECINCT 109,COUNTY EXEC COMM DIST I FEMALE,,DEM,CHRISTY  CARDWELL,27
Wyoming,PRECINCT 110,COUNTY EXEC COMM DIST I FEMALE,,DEM,CHRISTY  CARDWELL,5
Wyoming,PRECINCT 111,COUNTY EXEC COMM DIST I FEMALE,,DEM,CHRISTY  CARDWELL,66
Wyoming,PRECINCT 101,COUNTY EXEC COMM DIST I MALE,,DEM,RAYMOND  CARDWELL,15
Wyoming,PRECINCT 102,COUNTY EXEC COMM DIST I MALE,,DEM,RAYMOND  CARDWELL,9
Wyoming,PRECINCT 103,COUNTY EXEC COMM DIST I MALE,,DEM,RAYMOND  CARDWELL,34
Wyoming,PRECINCT 104,COUNTY EXEC COMM DIST I MALE,,DEM,RAYMOND  CARDWELL,15
Wyoming,PRECINCT 105,COUNTY EXEC COMM DIST I MALE,,DEM,RAYMOND  CARDWELL,6
Wyoming,PRECINCT 106,COUNTY EXEC COMM DIST I MALE,,DEM,RAYMOND  CARDWELL,26
Wyoming,PRECINCT 107,COUNTY EXEC COMM DIST I MALE,,DEM,RAYMOND  CARDWELL,33
Wyoming,PRECINCT 108,COUNTY EXEC COMM DIST I MALE,,DEM,RAYMOND  CARDWELL,22
Wyoming,PRECINCT 109,COUNTY EXEC COMM DIST I MALE,,DEM,RAYMOND  CARDWELL,10
Wyoming,PRECINCT 110,COUNTY EXEC COMM DIST I MALE,,DEM,RAYMOND  CARDWELL,2
Wyoming,PRECINCT 111,COUNTY EXEC COMM DIST I MALE,,DEM,RAYMOND  CARDWELL,41
Wyoming,PRECINCT 101,COUNTY EXEC COMM DIST I MALE,,DEM,LP PATE KING,14
Wyoming,PRECINCT 102,COUNTY EXEC COMM DIST I MALE,,DEM,LP PATE KING,5
Wyoming,PRECINCT 103,COUNTY EXEC COMM DIST I MALE,,DEM,LP PATE KING,14
Wyoming,PRECINCT 104,COUNTY EXEC COMM DIST I MALE,,DEM,LP PATE KING,14
Wyoming,PRECINCT 105,COUNTY EXEC COMM DIST I MALE,,DEM,LP PATE KING,9
Wyoming,PRECINCT 106,COUNTY EXEC COMM DIST I MALE,,DEM,LP PATE KING,60
Wyoming,PRECINCT 107,COUNTY EXEC COMM DIST I MALE,,DEM,LP PATE KING,50
Wyoming,PRECINCT 108,COUNTY EXEC COMM DIST I MALE,,DEM,LP PATE KING,25
Wyoming,PRECINCT 109,COUNTY EXEC COMM DIST I MALE,,DEM,LP PATE KING,9
Wyoming,PRECINCT 110,COUNTY EXEC COMM DIST I MALE,,DEM,LP PATE KING,3
Wyoming,PRECINCT 111,COUNTY EXEC COMM DIST I MALE,,DEM,LP PATE KING,13
Wyoming,PRECINCT 101,COUNTY EXEC COMM DIST I MALE,,DEM,TERRY A.  RUNION,33
Wyoming,PRECINCT 102,COUNTY EXEC COMM DIST I MALE,,DEM,TERRY A.  RUNION,15
Wyoming,PRECINCT 103,COUNTY EXEC COMM DIST I MALE,,DEM,TERRY A.  RUNION,54
Wyoming,PRECINCT 104,COUNTY EXEC COMM DIST I MALE,,DEM,TERRY A.  RUNION,27
Wyoming,PRECINCT 105,COUNTY EXEC COMM DIST I MALE,,DEM,TERRY A.  RUNION,21
Wyoming,PRECINCT 106,COUNTY EXEC COMM DIST I MALE,,DEM,TERRY A.  RUNION,95
Wyoming,PRECINCT 107,COUNTY EXEC COMM DIST I MALE,,DEM,TERRY A.  RUNION,73
Wyoming,PRECINCT 108,COUNTY EXEC COMM DIST I MALE,,DEM,TERRY A.  RUNION,40
Wyoming,PRECINCT 109,COUNTY EXEC COMM DIST I MALE,,DEM,TERRY A.  RUNION,31
Wyoming,PRECINCT 110,COUNTY EXEC COMM DIST I MALE,,DEM,TERRY A.  RUNION,7
Wyoming,PRECINCT 111,COUNTY EXEC COMM DIST I MALE,,DEM,TERRY A.  RUNION,56
Wyoming,PRECINCT 201,COUNTY EXEC COMM DIST II FEMALE,,DEM,NO CANDIDATE FILED,0
Wyoming,PRECINCT 202,COUNTY EXEC COMM DIST II FEMALE,,DEM,NO CANDIDATE FILED,0
Wyoming,PRECINCT 203,COUNTY EXEC COMM DIST II FEMALE,,DEM,NO CANDIDATE FILED,0
Wyoming,PRECINCT 204,COUNTY EXEC COMM DIST II FEMALE,,DEM,NO CANDIDATE FILED,0
Wyoming,PRECINCT 205,COUNTY EXEC COMM DIST II FEMALE,,DEM,NO CANDIDATE FILED,0
Wyoming,PRECINCT 206,COUNTY EXEC COMM DIST II FEMALE,,DEM,NO CANDIDATE FILED,0
Wyoming,PRECINCT 207,COUNTY EXEC COMM DIST II FEMALE,,DEM,NO CANDIDATE FILED,0
Wyoming,PRECINCT 201,COUNTY EXEC COMM DIST II MALE,,DEM,DAVID G.  THOMPSON,16
Wyoming,PRECINCT 202,COUNTY EXEC COMM DIST II MALE,,DEM,DAVID G.  THOMPSON,60
Wyoming,PRECINCT 203,COUNTY EXEC COMM DIST II MALE,,DEM,DAVID G.  THOMPSON,85
Wyoming,PRECINCT 204,COUNTY EXEC COMM DIST II MALE,,DEM,DAVID G.  THOMPSON,38
Wyoming,PRECINCT 205,COUNTY EXEC COMM DIST II MALE,,DEM,DAVID G.  THOMPSON,157
Wyoming,PRECINCT 206,COUNTY EXEC COMM DIST II MALE,,DEM,DAVID G.  THOMPSON,106
Wyoming,PRECINCT 207,COUNTY EXEC COMM DIST II MALE,,DEM,DAVID G.  THOMPSON,22
Wyoming,PRECINCT 302,COUNTY EXEC COMM DIST III FEMALE,,DEM,NO CANDIDATE FILED,0
Wyoming,PRECINCT 303,COUNTY EXEC COMM DIST III FEMALE,,DEM,NO CANDIDATE FILED,0
Wyoming,PRECINCT 304,COUNTY EXEC COMM DIST III FEMALE,,DEM,NO CANDIDATE FILED,0
Wyoming,PRECINCT 305,COUNTY EXEC COMM DIST III FEMALE,,DEM,NO CANDIDATE FILED,0
Wyoming,PRECINCT 307,COUNTY EXEC COMM DIST III FEMALE,,DEM,NO CANDIDATE FILED,0
Wyoming,PRECINCT 308,COUNTY EXEC COMM DIST III FEMALE,,DEM,NO CANDIDATE FILED,0
Wyoming,PRECINCT 309,COUNTY EXEC COMM DIST III FEMALE,,DEM,NO CANDIDATE FILED,0
Wyoming,PRECINCT 310,COUNTY EXEC COMM DIST III FEMALE,,DEM,NO CANDIDATE FILED,0
Wyoming,PRECINCT 302,COUNTY EXEC COMM DIST III MALE,,DEM,"MICHAEL E. ""MIKE"" COOK",94
Wyoming,PRECINCT 303,COUNTY EXEC COMM DIST III MALE,,DEM,"MICHAEL E. ""MIKE"" COOK",66
Wyoming,PRECINCT 304,COUNTY EXEC COMM DIST III MALE,,DEM,"MICHAEL E. ""MIKE"" COOK",92
Wyoming,PRECINCT 305,COUNTY EXEC COMM DIST III MALE,,DEM,"MICHAEL E. ""MIKE"" COOK",36
Wyoming,PRECINCT 307,COUNTY EXEC COMM DIST III MALE,,DEM,"MICHAEL E. ""MIKE"" COOK",63
Wyoming,PRECINCT 308,COUNTY EXEC COMM DIST III MALE,,DEM,"MICHAEL E. ""MIKE"" COOK",48
Wyoming,PRECINCT 309,COUNTY EXEC COMM DIST III MALE,,DEM,"MICHAEL E. ""MIKE"" COOK",12
Wyoming,PRECINCT 310,COUNTY EXEC COMM DIST III MALE,,DEM,"MICHAEL E. ""MIKE"" COOK",12
Wyoming,PRECINCT 101,Supreme Court of Appeals,27,,MICHAEL M. COCHRANE,55
Wyoming,PRECINCT 102,Supreme Court of Appeals,27,,MICHAEL M. COCHRANE,22
Wyoming,PRECINCT 103,Supreme Court of Appeals,27,,MICHAEL M. COCHRANE,94
Wyoming,PRECINCT 104,Supreme Court of Appeals,27,,MICHAEL M. COCHRANE,42
Wyoming,PRECINCT 105,Supreme Court of Appeals,27,,MICHAEL M. COCHRANE,37
Wyoming,PRECINCT 106,Supreme Court of Appeals,27,,MICHAEL M. COCHRANE,165
Wyoming,PRECINCT 107,Supreme Court of Appeals,27,,MICHAEL M. COCHRANE,99
Wyoming,PRECINCT 108,Supreme Court of Appeals,27,,MICHAEL M. COCHRANE,82
Wyoming,PRECINCT 109,Supreme Court of Appeals,27,,MICHAEL M. COCHRANE,58
Wyoming,PRECINCT 110,Supreme Court of Appeals,27,,MICHAEL M. COCHRANE,25
Wyoming,PRECINCT 111,Supreme Court of Appeals,27,,MICHAEL M. COCHRANE,99
Wyoming,PRECINCT 201,Supreme Court of Appeals,27,,MICHAEL M. COCHRANE,22
Wyoming,PRECINCT 202,Supreme Court of Appeals,27,,MICHAEL M. COCHRANE,82
Wyoming,PRECINCT 203,Supreme Court of Appeals,27,,MICHAEL M. COCHRANE,135
Wyoming,PRECINCT 204,Supreme Court of Appeals,27,,MICHAEL M. COCHRANE,77
Wyoming,PRECINCT 205,Supreme Court of Appeals,27,,MICHAEL M. COCHRANE,226
Wyoming,PRECINCT 206,Supreme Court of Appeals,27,,MICHAEL M. COCHRANE,147
Wyoming,PRECINCT 207,Supreme Court of Appeals,27,,MICHAEL M. COCHRANE,35
Wyoming,PRECINCT 302,Supreme Court of Appeals,27,,MICHAEL M. COCHRANE,95
Wyoming,PRECINCT 303,Supreme Court of Appeals,27,,MICHAEL M. COCHRANE,61
Wyoming,PRECINCT 304,Supreme Court of Appeals,27,,MICHAEL M. COCHRANE,72
Wyoming,PRECINCT 305,Supreme Court of Appeals,27,,MICHAEL M. COCHRANE,71
Wyoming,PRECINCT 307,Supreme Court of Appeals,27,,MICHAEL M. COCHRANE,78
Wyoming,PRECINCT 308,Supreme Court of Appeals,27,,MICHAEL M. COCHRANE,69
Wyoming,PRECINCT 309,Supreme Court of Appeals,27,,MICHAEL M. COCHRANE,15
Wyoming,PRECINCT 310,Supreme Court of Appeals,27,,MICHAEL M. COCHRANE,28
Wyoming,PRECINCT 101,Supreme Court of Appeals,27,,LINDSEY THOMPSON,44
Wyoming,PRECINCT 102,Supreme Court of Appeals,27,,LINDSEY THOMPSON,19
Wyoming,PRECINCT 103,Supreme Court of Appeals,27,,LINDSEY THOMPSON,81
Wyoming,PRECINCT 104,Supreme Court of Appeals,27,,LINDSEY THOMPSON,22
Wyoming,PRECINCT 105,Supreme Court of Appeals,27,,LINDSEY THOMPSON,17
Wyoming,PRECINCT 106,Supreme Court of Appeals,27,,LINDSEY THOMPSON,77
Wyoming,PRECINCT 107,Supreme Court of Appeals,27,,LINDSEY THOMPSON,73
Wyoming,PRECINCT 108,Supreme Court of Appeals,27,,LINDSEY THOMPSON,57
Wyoming,PRECINCT 109,Supreme Court of Appeals,27,,LINDSEY THOMPSON,45
Wyoming,PRECINCT 110,Supreme Court of Appeals,27,,LINDSEY THOMPSON,12
Wyoming,PRECINCT 111,Supreme Court of Appeals,27,,LINDSEY THOMPSON,47
Wyoming,PRECINCT 201,Supreme Court of Appeals,27,,LINDSEY THOMPSON,13
Wyoming,PRECINCT 202,Supreme Court of Appeals,27,,LINDSEY THOMPSON,65
Wyoming,PRECINCT 203,Supreme Court of Appeals,27,,LINDSEY THOMPSON,72
Wyoming,PRECINCT 204,Supreme Court of Appeals,27,,LINDSEY THOMPSON,46
Wyoming,PRECINCT 205,Supreme Court of Appeals,27,,LINDSEY THOMPSON,99
Wyoming,PRECINCT 206,Supreme Court of Appeals,27,,LINDSEY THOMPSON,84
Wyoming,PRECINCT 207,Supreme Court of Appeals,27,,LINDSEY THOMPSON,23
Wyoming,PRECINCT 302,Supreme Court of Appeals,27,,LINDSEY THOMPSON,40
Wyoming,PRECINCT 303,Supreme Court of Appeals,27,,LINDSEY THOMPSON,36
Wyoming,PRECINCT 304,Supreme Court of Appeals,27,,LINDSEY THOMPSON,42
Wyoming,PRECINCT 305,Supreme Court of Appeals,27,,LINDSEY THOMPSON,35
Wyoming,PRECINCT 307,Supreme Court of Appeals,27,,LINDSEY THOMPSON,51
Wyoming,PRECINCT 308,Supreme Court of Appeals,27,,LINDSEY THOMPSON,39
Wyoming,PRECINCT 309,Supreme Court of Appeals,27,,LINDSEY THOMPSON,4
Wyoming,PRECINCT 310,Supreme Court of Appeals,27,,LINDSEY THOMPSON,15
Wyoming,PRECINCT 101,Supreme Court of Appeals,27,,THOMAS H. EVANS III,29
Wyoming,PRECINCT 102,Supreme Court of Appeals,27,,THOMAS H. EVANS III,4
Wyoming,PRECINCT 103,Supreme Court of Appeals,27,,THOMAS H. EVANS III,12
Wyoming,PRECINCT 104,Supreme Court of Appeals,27,,THOMAS H. EVANS III,4
Wyoming,PRECINCT 105,Supreme Court of Appeals,27,,THOMAS H. EVANS III,7
Wyoming,PRECINCT 106,Supreme Court of Appeals,27,,THOMAS H. EVANS III,10
Wyoming,PRECINCT 107,Supreme Court of Appeals,27,,THOMAS H. EVANS III,4
Wyoming,PRECINCT 108,Supreme Court of Appeals,27,,THOMAS H. EVANS III,3
Wyoming,PRECINCT 109,Supreme Court of Appeals,27,,THOMAS H. EVANS III,9
Wyoming,PRECINCT 110,Supreme Court of Appeals,27,,THOMAS H. EVANS III,3
Wyoming,PRECINCT 111,Supreme Court of Appeals,27,,THOMAS H. EVANS III,44
Wyoming,PRECINCT 201,Supreme Court of Appeals,27,,THOMAS H. EVANS III,5
Wyoming,PRECINCT 202,Supreme Court of Appeals,27,,THOMAS H. EVANS III,18
Wyoming,PRECINCT 203,Supreme Court of Appeals,27,,THOMAS H. EVANS III,38
Wyoming,PRECINCT 204,Supreme Court of Appeals,27,,THOMAS H. EVANS III,3
Wyoming,PRECINCT 205,Supreme Court of Appeals,27,,THOMAS H. EVANS III,27
Wyoming,PRECINCT 206,Supreme Court of Appeals,27,,THOMAS H. EVANS III,19
Wyoming,PRECINCT 207,Supreme Court of Appeals,27,,THOMAS H. EVANS III,11
Wyoming,PRECINCT 302,Supreme Court of Appeals,27,,THOMAS H. EVANS III,64
Wyoming,PRECINCT 303,Supreme Court of Appeals,27,,THOMAS H. EVANS III,65
Wyoming,PRECINCT 304,Supreme Court of Appeals,27,,THOMAS H. EVANS III,68
Wyoming,PRECINCT 305,Supreme Court of Appeals,27,,THOMAS H. EVANS III,36
Wyoming,PRECINCT 307,Supreme Court of Appeals,27,,THOMAS H. EVANS III,46
Wyoming,PRECINCT 308,Supreme Court of Appeals,27,,THOMAS H. EVANS III,28
Wyoming,PRECINCT 309,Supreme Court of Appeals,27,,THOMAS H. EVANS III,6
Wyoming,PRECINCT 310,Supreme Court of Appeals,27,,THOMAS H. EVANS III,8
Wyoming,PRECINCT 101,Supreme Court of Appeals,,,MARY LAVINA FORD,97
Wyoming,PRECINCT 102,Supreme Court of Appeals,,,MARY LAVINA FORD,38
Wyoming,PRECINCT 103,Supreme Court of Appeals,,,MARY LAVINA FORD,100
Wyoming,PRECINCT 104,Supreme Court of Appeals,,,MARY LAVINA FORD,17
Wyoming,PRECINCT 105,Supreme Court of Appeals,,,MARY LAVINA FORD,29
Wyoming,PRECINCT 106,Supreme Court of Appeals,,,MARY LAVINA FORD,60
Wyoming,PRECINCT 107,Supreme Court of Appeals,,,MARY LAVINA FORD,48
Wyoming,PRECINCT 108,Supreme Court of Appeals,,,MARY LAVINA FORD,34
Wyoming,PRECINCT 109,Supreme Court of Appeals,,,MARY LAVINA FORD,49
Wyoming,PRECINCT 110,Supreme Court of Appeals,,,MARY LAVINA FORD,11
Wyoming,PRECINCT 111,Supreme Court of Appeals,,,MARY LAVINA FORD,73
Wyoming,PRECINCT 201,Supreme Court of Appeals,,,MARY LAVINA FORD,1
Wyoming,PRECINCT 202,Supreme Court of Appeals,,,MARY LAVINA FORD,16
Wyoming,PRECINCT 203,Supreme Court of Appeals,,,MARY LAVINA FORD,52
Wyoming,PRECINCT 204,Supreme Court of Appeals,,,MARY LAVINA FORD,35
Wyoming,PRECINCT 205,Supreme Court of Appeals,,,MARY LAVINA FORD,111
Wyoming,PRECINCT 206,Supreme Court of Appeals,,,MARY LAVINA FORD,105
Wyoming,PRECINCT 207,Supreme Court of Appeals,,,MARY LAVINA FORD,22
Wyoming,PRECINCT 302,Supreme Court of Appeals,,,MARY LAVINA FORD,56
Wyoming,PRECINCT 303,Supreme Court of Appeals,,,MARY LAVINA FORD,44
Wyoming,PRECINCT 304,Supreme Court of Appeals,,,MARY LAVINA FORD,44
Wyoming,PRECINCT 305,Supreme Court of Appeals,,,MARY LAVINA FORD,34
Wyoming,PRECINCT 307,Supreme Court of Appeals,,,MARY LAVINA FORD,40
Wyoming,PRECINCT 308,Supreme Court of Appeals,,,MARY LAVINA FORD,23
Wyoming,PRECINCT 309,Supreme Court of Appeals,,,MARY LAVINA FORD,0
Wyoming,PRECINCT 310,Supreme Court of Appeals,,,MARY LAVINA FORD,3
Wyoming,PRECINCT 101,Supreme Court of Appeals,,,KEN MCBRIDE,33
Wyoming,PRECINCT 102,Supreme Court of Appeals,,,KEN MCBRIDE,15
Wyoming,PRECINCT 103,Supreme Court of Appeals,,,KEN MCBRIDE,83
Wyoming,PRECINCT 104,Supreme Court of Appeals,,,KEN MCBRIDE,27
Wyoming,PRECINCT 105,Supreme Court of Appeals,,,KEN MCBRIDE,33
Wyoming,PRECINCT 106,Supreme Court of Appeals,,,KEN MCBRIDE,164
Wyoming,PRECINCT 107,Supreme Court of Appeals,,,KEN MCBRIDE,121
Wyoming,PRECINCT 108,Supreme Court of Appeals,,,KEN MCBRIDE,99
Wyoming,PRECINCT 109,Supreme Court of Appeals,,,KEN MCBRIDE,57
Wyoming,PRECINCT 110,Supreme Court of Appeals,,,KEN MCBRIDE,22
Wyoming,PRECINCT 111,Supreme Court of Appeals,,,KEN MCBRIDE,46
Wyoming,PRECINCT 201,Supreme Court of Appeals,,,KEN MCBRIDE,4
Wyoming,PRECINCT 202,Supreme Court of Appeals,,,KEN MCBRIDE,23
Wyoming,PRECINCT 203,Supreme Court of Appeals,,,KEN MCBRIDE,33
Wyoming,PRECINCT 204,Supreme Court of Appeals,,,KEN MCBRIDE,42
Wyoming,PRECINCT 205,Supreme Court of Appeals,,,KEN MCBRIDE,162
Wyoming,PRECINCT 206,Supreme Court of Appeals,,,KEN MCBRIDE,90
Wyoming,PRECINCT 207,Supreme Court of Appeals,,,KEN MCBRIDE,18
Wyoming,PRECINCT 302,Supreme Court of Appeals,,,KEN MCBRIDE,56
Wyoming,PRECINCT 303,Supreme Court of Appeals,,,KEN MCBRIDE,30
Wyoming,PRECINCT 304,Supreme Court of Appeals,,,KEN MCBRIDE,41
Wyoming,PRECINCT 305,Supreme Court of Appeals,,,KEN MCBRIDE,27
Wyoming,PRECINCT 307,Supreme Court of Appeals,,,KEN MCBRIDE,28
Wyoming,PRECINCT 308,Supreme Court of Appeals,,,KEN MCBRIDE,30
Wyoming,PRECINCT 309,Supreme Court of Appeals,,,KEN MCBRIDE,4
Wyoming,PRECINCT 310,Supreme Court of Appeals,,,KEN MCBRIDE,7
Wyoming,PRECINCT 101,Supreme Court of Appeals,,,DOUG KENNEDY,24
Wyoming,PRECINCT 102,Supreme Court of Appeals,,,DOUG KENNEDY,15
Wyoming,PRECINCT 103,Supreme Court of Appeals,,,DOUG KENNEDY,64
Wyoming,PRECINCT 104,Supreme Court of Appeals,,,DOUG KENNEDY,36
Wyoming,PRECINCT 105,Supreme Court of Appeals,,,DOUG KENNEDY,30
Wyoming,PRECINCT 106,Supreme Court of Appeals,,,DOUG KENNEDY,126
Wyoming,PRECINCT 107,Supreme Court of Appeals,,,DOUG KENNEDY,88
Wyoming,PRECINCT 108,Supreme Court of Appeals,,,DOUG KENNEDY,79
Wyoming,PRECINCT 109,Supreme Court of Appeals,,,DOUG KENNEDY,63
Wyoming,PRECINCT 110,Supreme Court of Appeals,,,DOUG KENNEDY,20
Wyoming,PRECINCT 111,Supreme Court of Appeals,,,DOUG KENNEDY,63
Wyoming,PRECINCT 201,Supreme Court of Appeals,,,DOUG KENNEDY,29
Wyoming,PRECINCT 202,Supreme Court of Appeals,,,DOUG KENNEDY,122
Wyoming,PRECINCT 203,Supreme Court of Appeals,,,DOUG KENNEDY,137
Wyoming,PRECINCT 204,Supreme Court of Appeals,,,DOUG KENNEDY,53
Wyoming,PRECINCT 205,Supreme Court of Appeals,,,DOUG KENNEDY,184
Wyoming,PRECINCT 206,Supreme Court of Appeals,,,DOUG KENNEDY,93
Wyoming,PRECINCT 207,Supreme Court of Appeals,,,DOUG KENNEDY,37
Wyoming,PRECINCT 302,Supreme Court of Appeals,,,DOUG KENNEDY,91
Wyoming,PRECINCT 303,Supreme Court of Appeals,,,DOUG KENNEDY,64
Wyoming,PRECINCT 304,Supreme Court of Appeals,,,DOUG KENNEDY,85
Wyoming,PRECINCT 305,Supreme Court of Appeals,,,DOUG KENNEDY,43
Wyoming,PRECINCT 307,Supreme Court of Appeals,,,DOUG KENNEDY,76
Wyoming,PRECINCT 308,Supreme Court of Appeals,,,DOUG KENNEDY,63
Wyoming,PRECINCT 309,Supreme Court of Appeals,,,DOUG KENNEDY,17
Wyoming,PRECINCT 310,Supreme Court of Appeals,,,DOUG KENNEDY,30
Wyoming,PRECINCT 101,Supreme Court of Appeals,,,DOUG LESTER,78
Wyoming,PRECINCT 102,Supreme Court of Appeals,,,DOUG LESTER,11
Wyoming,PRECINCT 103,Supreme Court of Appeals,,,DOUG LESTER,67
Wyoming,PRECINCT 104,Supreme Court of Appeals,,,DOUG LESTER,14
Wyoming,PRECINCT 105,Supreme Court of Appeals,,,DOUG LESTER,18
Wyoming,PRECINCT 106,Supreme Court of Appeals,,,DOUG LESTER,45
Wyoming,PRECINCT 107,Supreme Court of Appeals,,,DOUG LESTER,34
Wyoming,PRECINCT 108,Supreme Court of Appeals,,,DOUG LESTER,30
Wyoming,PRECINCT 109,Supreme Court of Appeals,,,DOUG LESTER,30
Wyoming,PRECINCT 110,Supreme Court of Appeals,,,DOUG LESTER,12
Wyoming,PRECINCT 111,Supreme Court of Appeals,,,DOUG LESTER,144
Wyoming,PRECINCT 201,Supreme Court of Appeals,,,DOUG LESTER,19
Wyoming,PRECINCT 202,Supreme Court of Appeals,,,DOUG LESTER,85
Wyoming,PRECINCT 203,Supreme Court of Appeals,,,DOUG LESTER,139
Wyoming,PRECINCT 204,Supreme Court of Appeals,,,DOUG LESTER,41
Wyoming,PRECINCT 205,Supreme Court of Appeals,,,DOUG LESTER,129
Wyoming,PRECINCT 206,Supreme Court of Appeals,,,DOUG LESTER,114
Wyoming,PRECINCT 207,Supreme Court of Appeals,,,DOUG LESTER,26
Wyoming,PRECINCT 302,Supreme Court of Appeals,,,DOUG LESTER,149
Wyoming,PRECINCT 303,Supreme Court of Appeals,,,DOUG LESTER,131
Wyoming,PRECINCT 304,Supreme Court of Appeals,,,DOUG LESTER,148
Wyoming,PRECINCT 305,Supreme Court of Appeals,,,DOUG LESTER,121
Wyoming,PRECINCT 307,Supreme Court of Appeals,,,DOUG LESTER,123
Wyoming,PRECINCT 308,Supreme Court of Appeals,,,DOUG LESTER,98
Wyoming,PRECINCT 309,Supreme Court of Appeals,,,DOUG LESTER,18
Wyoming,PRECINCT 310,Supreme Court of Appeals,,,DOUG LESTER,33
Wyoming,PRECINCT 101,Supreme Court of Appeals,,,ALLAN R.  STILTNER,34
Wyoming,PRECINCT 102,Supreme Court of Appeals,,,ALLAN R.  STILTNER,12
Wyoming,PRECINCT 103,Supreme Court of Appeals,,,ALLAN R.  STILTNER,88
Wyoming,PRECINCT 104,Supreme Court of Appeals,,,ALLAN R.  STILTNER,18
Wyoming,PRECINCT 105,Supreme Court of Appeals,,,ALLAN R.  STILTNER,13
Wyoming,PRECINCT 106,Supreme Court of Appeals,,,ALLAN R.  STILTNER,65
Wyoming,PRECINCT 107,Supreme Court of Appeals,,,ALLAN R.  STILTNER,46
Wyoming,PRECINCT 108,Supreme Court of Appeals,,,ALLAN R.  STILTNER,47
Wyoming,PRECINCT 109,Supreme Court of Appeals,,,ALLAN R.  STILTNER,39
Wyoming,PRECINCT 110,Supreme Court of Appeals,,,ALLAN R.  STILTNER,11
Wyoming,PRECINCT 111,Supreme Court of Appeals,,,ALLAN R.  STILTNER,92
Wyoming,PRECINCT 201,Supreme Court of Appeals,,,ALLAN R.  STILTNER,22
Wyoming,PRECINCT 202,Supreme Court of Appeals,,,ALLAN R.  STILTNER,107
Wyoming,PRECINCT 203,Supreme Court of Appeals,,,ALLAN R.  STILTNER,151
Wyoming,PRECINCT 204,Supreme Court of Appeals,,,ALLAN R.  STILTNER,70
Wyoming,PRECINCT 205,Supreme Court of Appeals,,,ALLAN R.  STILTNER,179
Wyoming,PRECINCT 206,Supreme Court of Appeals,,,ALLAN R.  STILTNER,137
Wyoming,PRECINCT 207,Supreme Court of Appeals,,,ALLAN R.  STILTNER,41
Wyoming,PRECINCT 302,Supreme Court of Appeals,,,ALLAN R.  STILTNER,70
Wyoming,PRECINCT 303,Supreme Court of Appeals,,,ALLAN R.  STILTNER,75
Wyoming,PRECINCT 304,Supreme Court of Appeals,,,ALLAN R.  STILTNER,63
Wyoming,PRECINCT 305,Supreme Court of Appeals,,,ALLAN R.  STILTNER,54
Wyoming,PRECINCT 307,Supreme Court of Appeals,,,ALLAN R.  STILTNER,78
Wyoming,PRECINCT 308,Supreme Court of Appeals,,,ALLAN R.  STILTNER,89
Wyoming,PRECINCT 309,Supreme Court of Appeals,,,ALLAN R.  STILTNER,21
Wyoming,PRECINCT 310,Supreme Court of Appeals,,,ALLAN R.  STILTNER,36
Wyoming,PRECINCT 101,CONSERVATION DISTRICT SUPERVISOR,,,NO CANDIDATE FILED,0
Wyoming,PRECINCT 102,CONSERVATION DISTRICT SUPERVISOR,,,NO CANDIDATE FILED,0
Wyoming,PRECINCT 103,CONSERVATION DISTRICT SUPERVISOR,,,NO CANDIDATE FILED,0
Wyoming,PRECINCT 104,CONSERVATION DISTRICT SUPERVISOR,,,NO CANDIDATE FILED,0
Wyoming,PRECINCT 105,CONSERVATION DISTRICT SUPERVISOR,,,NO CANDIDATE FILED,0
Wyoming,PRECINCT 106,CONSERVATION DISTRICT SUPERVISOR,,,NO CANDIDATE FILED,0
Wyoming,PRECINCT 107,CONSERVATION DISTRICT SUPERVISOR,,,NO CANDIDATE FILED,0
Wyoming,PRECINCT 108,CONSERVATION DISTRICT SUPERVISOR,,,NO CANDIDATE FILED,0
Wyoming,PRECINCT 109,CONSERVATION DISTRICT SUPERVISOR,,,NO CANDIDATE FILED,0
Wyoming,PRECINCT 110,CONSERVATION DISTRICT SUPERVISOR,,,NO CANDIDATE FILED,0
Wyoming,PRECINCT 111,CONSERVATION DISTRICT SUPERVISOR,,,NO CANDIDATE FILED,0
Wyoming,PRECINCT 201,CONSERVATION DISTRICT SUPERVISOR,,,NO CANDIDATE FILED,0
Wyoming,PRECINCT 202,CONSERVATION DISTRICT SUPERVISOR,,,NO CANDIDATE FILED,0
Wyoming,PRECINCT 203,CONSERVATION DISTRICT SUPERVISOR,,,NO CANDIDATE FILED,0
Wyoming,PRECINCT 204,CONSERVATION DISTRICT SUPERVISOR,,,NO CANDIDATE FILED,0
Wyoming,PRECINCT 205,CONSERVATION DISTRICT SUPERVISOR,,,NO CANDIDATE FILED,0
Wyoming,PRECINCT 206,CONSERVATION DISTRICT SUPERVISOR,,,NO CANDIDATE FILED,0
Wyoming,PRECINCT 207,CONSERVATION DISTRICT SUPERVISOR,,,NO CANDIDATE FILED,0
Wyoming,PRECINCT 302,CONSERVATION DISTRICT SUPERVISOR,,,NO CANDIDATE FILED,0
Wyoming,PRECINCT 303,CONSERVATION DISTRICT SUPERVISOR,,,NO CANDIDATE FILED,0
Wyoming,PRECINCT 304,CONSERVATION DISTRICT SUPERVISOR,,,NO CANDIDATE FILED,0
Wyoming,PRECINCT 305,CONSERVATION DISTRICT SUPERVISOR,,,NO CANDIDATE FILED,0
Wyoming,PRECINCT 307,CONSERVATION DISTRICT SUPERVISOR,,,NO CANDIDATE FILED,0
Wyoming,PRECINCT 308,CONSERVATION DISTRICT SUPERVISOR,,,NO CANDIDATE FILED,0
Wyoming,PRECINCT 309,CONSERVATION DISTRICT SUPERVISOR,,,NO CANDIDATE FILED,0
Wyoming,PRECINCT 310,CONSERVATION DISTRICT SUPERVISOR,,,NO CANDIDATE FILED,0
