county,precinct,office,district,party,candidate,votes
McDowell,PRECINCT 1,BALLOTS CAST,,REP,BALLOTS CAST - REPUBLICAN,0
McDowell,PRECINCT 6,BALLOTS CAST,,REP,BALLOTS CAST - REPUBLICAN,10
McDowell,PRECINCT 11,BALLOTS CAST,,REP,BALLOTS CAST - REPUBLICAN,6
McDowell,PRECINCT 17,BALLOTS CAST,,REP,BALLOTS CAST - REPUBLICAN,6
McDowell,PRECINCT 20,BALLOTS CAST,,REP,BALLOTS CAST - REPUBLICAN,11
McDowell,PRECINCT 23,BALLOTS CAST,,REP,BALLOTS CAST - REPUBLICAN,12
McDowell,PRECINCT 26,BALLOTS CAST,,REP,BALLOTS CAST - REPUBLICAN,2
McDowell,PRECINCT 28,BALLOTS CAST,,REP,BALLOTS CAST - REPUBLICAN,21
McDowell,PRECINCT 32,BALLOTS CAST,,REP,BALLOTS CAST - REPUBLICAN,13
McDowell,PRECINCT 34,BALLOTS CAST,,REP,BALLOTS CAST - REPUBLICAN,16
McDowell,PRECINCT 40,BALLOTS CAST,,REP,BALLOTS CAST - REPUBLICAN,14
McDowell,PRECINCT 50,BALLOTS CAST,,REP,BALLOTS CAST - REPUBLICAN,2
McDowell,PRECINCT 58,BALLOTS CAST,,REP,BALLOTS CAST - REPUBLICAN,6
McDowell,PRECINCT 63,BALLOTS CAST,,REP,BALLOTS CAST - REPUBLICAN,5
McDowell,PRECINCT 66,BALLOTS CAST,,REP,BALLOTS CAST - REPUBLICAN,18
McDowell,PRECINCT 72,BALLOTS CAST,,REP,BALLOTS CAST - REPUBLICAN,15
McDowell,PRECINCT 73,BALLOTS CAST,,REP,BALLOTS CAST - REPUBLICAN,16
McDowell,PRECINCT 78,BALLOTS CAST,,REP,BALLOTS CAST - REPUBLICAN,6
McDowell,PRECINCT 84,BALLOTS CAST,,REP,BALLOTS CAST - REPUBLICAN,15
McDowell,PRECINCT 87,BALLOTS CAST,,REP,BALLOTS CAST - REPUBLICAN,10
McDowell,PRECINCT 91,BALLOTS CAST,,REP,BALLOTS CAST - REPUBLICAN,9
McDowell,PRECINCT 93,BALLOTS CAST,,REP,BALLOTS CAST - REPUBLICAN,3
McDowell,PRECINCT 100,BALLOTS CAST,,REP,BALLOTS CAST - REPUBLICAN,15
McDowell,PRECINCT 102,BALLOTS CAST,,REP,BALLOTS CAST - REPUBLICAN,29
McDowell,PRECINCT 104,BALLOTS CAST,,REP,BALLOTS CAST - REPUBLICAN,37
McDowell,PRECINCT 105,BALLOTS CAST,,REP,BALLOTS CAST - REPUBLICAN,35
McDowell,PRECINCT 106,BALLOTS CAST,,REP,BALLOTS CAST - REPUBLICAN,19
McDowell,PRECINCT 107,BALLOTS CAST,,REP,BALLOTS CAST - REPUBLICAN,17
McDowell,PRECINCT 111,BALLOTS CAST,,REP,BALLOTS CAST - REPUBLICAN,18
McDowell,PRECINCT 112,BALLOTS CAST,,REP,BALLOTS CAST - REPUBLICAN,19
McDowell,PRECINCT 113,BALLOTS CAST,,REP,BALLOTS CAST - REPUBLICAN,36
McDowell,PRECINCT 114,BALLOTS CAST,,REP,BALLOTS CAST - REPUBLICAN,5
McDowell,PRECINCT 116,BALLOTS CAST,,REP,BALLOTS CAST - REPUBLICAN,10
McDowell,PRECINCT 1,BALLOTS CAST,,DEM,BALLOTS CAST - DEMOCRATIC,21
McDowell,PRECINCT 6,BALLOTS CAST,,DEM,BALLOTS CAST - DEMOCRATIC,26
McDowell,PRECINCT 11,BALLOTS CAST,,DEM,BALLOTS CAST - DEMOCRATIC,36
McDowell,PRECINCT 17,BALLOTS CAST,,DEM,BALLOTS CAST - DEMOCRATIC,20
McDowell,PRECINCT 20,BALLOTS CAST,,DEM,BALLOTS CAST - DEMOCRATIC,28
McDowell,PRECINCT 23,BALLOTS CAST,,DEM,BALLOTS CAST - DEMOCRATIC,17
McDowell,PRECINCT 26,BALLOTS CAST,,DEM,BALLOTS CAST - DEMOCRATIC,6
McDowell,PRECINCT 28,BALLOTS CAST,,DEM,BALLOTS CAST - DEMOCRATIC,57
McDowell,PRECINCT 32,BALLOTS CAST,,DEM,BALLOTS CAST - DEMOCRATIC,39
McDowell,PRECINCT 34,BALLOTS CAST,,DEM,BALLOTS CAST - DEMOCRATIC,53
McDowell,PRECINCT 40,BALLOTS CAST,,DEM,BALLOTS CAST - DEMOCRATIC,48
McDowell,PRECINCT 50,BALLOTS CAST,,DEM,BALLOTS CAST - DEMOCRATIC,16
McDowell,PRECINCT 58,BALLOTS CAST,,DEM,BALLOTS CAST - DEMOCRATIC,19
McDowell,PRECINCT 63,BALLOTS CAST,,DEM,BALLOTS CAST - DEMOCRATIC,28
McDowell,PRECINCT 66,BALLOTS CAST,,DEM,BALLOTS CAST - DEMOCRATIC,55
McDowell,PRECINCT 72,BALLOTS CAST,,DEM,BALLOTS CAST - DEMOCRATIC,23
McDowell,PRECINCT 73,BALLOTS CAST,,DEM,BALLOTS CAST - DEMOCRATIC,35
McDowell,PRECINCT 78,BALLOTS CAST,,DEM,BALLOTS CAST - DEMOCRATIC,25
McDowell,PRECINCT 84,BALLOTS CAST,,DEM,BALLOTS CAST - DEMOCRATIC,44
McDowell,PRECINCT 87,BALLOTS CAST,,DEM,BALLOTS CAST - DEMOCRATIC,16
McDowell,PRECINCT 91,BALLOTS CAST,,DEM,BALLOTS CAST - DEMOCRATIC,17
McDowell,PRECINCT 93,BALLOTS CAST,,DEM,BALLOTS CAST - DEMOCRATIC,4
McDowell,PRECINCT 100,BALLOTS CAST,,DEM,BALLOTS CAST - DEMOCRATIC,10
McDowell,PRECINCT 102,BALLOTS CAST,,DEM,BALLOTS CAST - DEMOCRATIC,11
McDowell,PRECINCT 104,BALLOTS CAST,,DEM,BALLOTS CAST - DEMOCRATIC,13
McDowell,PRECINCT 105,BALLOTS CAST,,DEM,BALLOTS CAST - DEMOCRATIC,16
McDowell,PRECINCT 106,BALLOTS CAST,,DEM,BALLOTS CAST - DEMOCRATIC,9
McDowell,PRECINCT 107,BALLOTS CAST,,DEM,BALLOTS CAST - DEMOCRATIC,8
McDowell,PRECINCT 111,BALLOTS CAST,,DEM,BALLOTS CAST - DEMOCRATIC,5
McDowell,PRECINCT 112,BALLOTS CAST,,DEM,BALLOTS CAST - DEMOCRATIC,10
McDowell,PRECINCT 113,BALLOTS CAST,,DEM,BALLOTS CAST - DEMOCRATIC,16
McDowell,PRECINCT 114,BALLOTS CAST,,DEM,BALLOTS CAST - DEMOCRATIC,12
McDowell,PRECINCT 116,BALLOTS CAST,,DEM,BALLOTS CAST - DEMOCRATIC,19
McDowell,PRECINCT 1,BALLOTS CAST,,,BALLOTS CAST - NONPARTISAN,0
McDowell,PRECINCT 6,BALLOTS CAST,,,BALLOTS CAST - NONPARTISAN,2
McDowell,PRECINCT 11,BALLOTS CAST,,,BALLOTS CAST - NONPARTISAN,2
McDowell,PRECINCT 17,BALLOTS CAST,,,BALLOTS CAST - NONPARTISAN,4
McDowell,PRECINCT 20,BALLOTS CAST,,,BALLOTS CAST - NONPARTISAN,9
McDowell,PRECINCT 23,BALLOTS CAST,,,BALLOTS CAST - NONPARTISAN,5
McDowell,PRECINCT 26,BALLOTS CAST,,,BALLOTS CAST - NONPARTISAN,2
McDowell,PRECINCT 28,BALLOTS CAST,,,BALLOTS CAST - NONPARTISAN,0
McDowell,PRECINCT 32,BALLOTS CAST,,,BALLOTS CAST - NONPARTISAN,5
McDowell,PRECINCT 34,BALLOTS CAST,,,BALLOTS CAST - NONPARTISAN,12
McDowell,PRECINCT 40,BALLOTS CAST,,,BALLOTS CAST - NONPARTISAN,14
McDowell,PRECINCT 50,BALLOTS CAST,,,BALLOTS CAST - NONPARTISAN,0
McDowell,PRECINCT 58,BALLOTS CAST,,,BALLOTS CAST - NONPARTISAN,1
McDowell,PRECINCT 63,BALLOTS CAST,,,BALLOTS CAST - NONPARTISAN,1
McDowell,PRECINCT 66,BALLOTS CAST,,,BALLOTS CAST - NONPARTISAN,1
McDowell,PRECINCT 72,BALLOTS CAST,,,BALLOTS CAST - NONPARTISAN,4
McDowell,PRECINCT 73,BALLOTS CAST,,,BALLOTS CAST - NONPARTISAN,8
McDowell,PRECINCT 78,BALLOTS CAST,,,BALLOTS CAST - NONPARTISAN,7
McDowell,PRECINCT 84,BALLOTS CAST,,,BALLOTS CAST - NONPARTISAN,0
McDowell,PRECINCT 87,BALLOTS CAST,,,BALLOTS CAST - NONPARTISAN,9
McDowell,PRECINCT 91,BALLOTS CAST,,,BALLOTS CAST - NONPARTISAN,1
McDowell,PRECINCT 93,BALLOTS CAST,,,BALLOTS CAST - NONPARTISAN,2
McDowell,PRECINCT 100,BALLOTS CAST,,,BALLOTS CAST - NONPARTISAN,9
McDowell,PRECINCT 102,BALLOTS CAST,,,BALLOTS CAST - NONPARTISAN,10
McDowell,PRECINCT 104,BALLOTS CAST,,,BALLOTS CAST - NONPARTISAN,9
McDowell,PRECINCT 105,BALLOTS CAST,,,BALLOTS CAST - NONPARTISAN,12
McDowell,PRECINCT 106,BALLOTS CAST,,,BALLOTS CAST - NONPARTISAN,3
McDowell,PRECINCT 107,BALLOTS CAST,,,BALLOTS CAST - NONPARTISAN,0
McDowell,PRECINCT 111,BALLOTS CAST,,,BALLOTS CAST - NONPARTISAN,6
McDowell,PRECINCT 112,BALLOTS CAST,,,BALLOTS CAST - NONPARTISAN,5
McDowell,PRECINCT 113,BALLOTS CAST,,,BALLOTS CAST - NONPARTISAN,15
McDowell,PRECINCT 114,BALLOTS CAST,,,BALLOTS CAST - NONPARTISAN,3
McDowell,PRECINCT 116,BALLOTS CAST,,,BALLOTS CAST - NONPARTISAN,4
McDowell,PRECINCT 1,U.S. Senate,,REP,JANET McNULTY,0
McDowell,PRECINCT 6,U.S. Senate,,REP,JANET McNULTY,1
McDowell,PRECINCT 11,U.S. Senate,,REP,JANET McNULTY,0
McDowell,PRECINCT 17,U.S. Senate,,REP,JANET McNULTY,0
McDowell,PRECINCT 20,U.S. Senate,,REP,JANET McNULTY,1
McDowell,PRECINCT 23,U.S. Senate,,REP,JANET McNULTY,0
McDowell,PRECINCT 26,U.S. Senate,,REP,JANET McNULTY,0
McDowell,PRECINCT 28,U.S. Senate,,REP,JANET McNULTY,1
McDowell,PRECINCT 32,U.S. Senate,,REP,JANET McNULTY,1
McDowell,PRECINCT 34,U.S. Senate,,REP,JANET McNULTY,0
McDowell,PRECINCT 40,U.S. Senate,,REP,JANET McNULTY,1
McDowell,PRECINCT 50,U.S. Senate,,REP,JANET McNULTY,0
McDowell,PRECINCT 58,U.S. Senate,,REP,JANET McNULTY,0
McDowell,PRECINCT 63,U.S. Senate,,REP,JANET McNULTY,0
McDowell,PRECINCT 66,U.S. Senate,,REP,JANET McNULTY,1
McDowell,PRECINCT 72,U.S. Senate,,REP,JANET McNULTY,0
McDowell,PRECINCT 73,U.S. Senate,,REP,JANET McNULTY,0
McDowell,PRECINCT 78,U.S. Senate,,REP,JANET McNULTY,0
McDowell,PRECINCT 84,U.S. Senate,,REP,JANET McNULTY,0
McDowell,PRECINCT 87,U.S. Senate,,REP,JANET McNULTY,0
McDowell,PRECINCT 91,U.S. Senate,,REP,JANET McNULTY,2
McDowell,PRECINCT 93,U.S. Senate,,REP,JANET McNULTY,0
McDowell,PRECINCT 100,U.S. Senate,,REP,JANET McNULTY,0
McDowell,PRECINCT 102,U.S. Senate,,REP,JANET McNULTY,0
McDowell,PRECINCT 104,U.S. Senate,,REP,JANET McNULTY,0
McDowell,PRECINCT 105,U.S. Senate,,REP,JANET McNULTY,1
McDowell,PRECINCT 106,U.S. Senate,,REP,JANET McNULTY,1
McDowell,PRECINCT 107,U.S. Senate,,REP,JANET McNULTY,0
McDowell,PRECINCT 111,U.S. Senate,,REP,JANET McNULTY,2
McDowell,PRECINCT 112,U.S. Senate,,REP,JANET McNULTY,0
McDowell,PRECINCT 113,U.S. Senate,,REP,JANET McNULTY,0
McDowell,PRECINCT 114,U.S. Senate,,REP,JANET McNULTY,0
McDowell,PRECINCT 116,U.S. Senate,,REP,JANET McNULTY,0
McDowell,PRECINCT 1,U.S. Senate,,REP,SHELLEY MOORE CAPITO,0
McDowell,PRECINCT 6,U.S. Senate,,REP,SHELLEY MOORE CAPITO,4
McDowell,PRECINCT 11,U.S. Senate,,REP,SHELLEY MOORE CAPITO,6
McDowell,PRECINCT 17,U.S. Senate,,REP,SHELLEY MOORE CAPITO,2
McDowell,PRECINCT 20,U.S. Senate,,REP,SHELLEY MOORE CAPITO,5
McDowell,PRECINCT 23,U.S. Senate,,REP,SHELLEY MOORE CAPITO,8
McDowell,PRECINCT 26,U.S. Senate,,REP,SHELLEY MOORE CAPITO,2
McDowell,PRECINCT 28,U.S. Senate,,REP,SHELLEY MOORE CAPITO,12
McDowell,PRECINCT 32,U.S. Senate,,REP,SHELLEY MOORE CAPITO,9
McDowell,PRECINCT 34,U.S. Senate,,REP,SHELLEY MOORE CAPITO,12
McDowell,PRECINCT 40,U.S. Senate,,REP,SHELLEY MOORE CAPITO,7
McDowell,PRECINCT 50,U.S. Senate,,REP,SHELLEY MOORE CAPITO,1
McDowell,PRECINCT 58,U.S. Senate,,REP,SHELLEY MOORE CAPITO,5
McDowell,PRECINCT 63,U.S. Senate,,REP,SHELLEY MOORE CAPITO,3
McDowell,PRECINCT 66,U.S. Senate,,REP,SHELLEY MOORE CAPITO,14
McDowell,PRECINCT 72,U.S. Senate,,REP,SHELLEY MOORE CAPITO,9
McDowell,PRECINCT 73,U.S. Senate,,REP,SHELLEY MOORE CAPITO,10
McDowell,PRECINCT 78,U.S. Senate,,REP,SHELLEY MOORE CAPITO,4
McDowell,PRECINCT 84,U.S. Senate,,REP,SHELLEY MOORE CAPITO,14
McDowell,PRECINCT 87,U.S. Senate,,REP,SHELLEY MOORE CAPITO,9
McDowell,PRECINCT 91,U.S. Senate,,REP,SHELLEY MOORE CAPITO,6
McDowell,PRECINCT 93,U.S. Senate,,REP,SHELLEY MOORE CAPITO,2
McDowell,PRECINCT 100,U.S. Senate,,REP,SHELLEY MOORE CAPITO,12
McDowell,PRECINCT 102,U.S. Senate,,REP,SHELLEY MOORE CAPITO,24
McDowell,PRECINCT 104,U.S. Senate,,REP,SHELLEY MOORE CAPITO,23
McDowell,PRECINCT 105,U.S. Senate,,REP,SHELLEY MOORE CAPITO,25
McDowell,PRECINCT 106,U.S. Senate,,REP,SHELLEY MOORE CAPITO,12
McDowell,PRECINCT 107,U.S. Senate,,REP,SHELLEY MOORE CAPITO,12
McDowell,PRECINCT 111,U.S. Senate,,REP,SHELLEY MOORE CAPITO,10
McDowell,PRECINCT 112,U.S. Senate,,REP,SHELLEY MOORE CAPITO,8
McDowell,PRECINCT 113,U.S. Senate,,REP,SHELLEY MOORE CAPITO,18
McDowell,PRECINCT 114,U.S. Senate,,REP,SHELLEY MOORE CAPITO,2
McDowell,PRECINCT 116,U.S. Senate,,REP,SHELLEY MOORE CAPITO,6
McDowell,PRECINCT 1,U.S. Senate,,REP,TOM WILLIS,0
McDowell,PRECINCT 6,U.S. Senate,,REP,TOM WILLIS,5
McDowell,PRECINCT 11,U.S. Senate,,REP,TOM WILLIS,0
McDowell,PRECINCT 17,U.S. Senate,,REP,TOM WILLIS,0
McDowell,PRECINCT 20,U.S. Senate,,REP,TOM WILLIS,1
McDowell,PRECINCT 23,U.S. Senate,,REP,TOM WILLIS,2
McDowell,PRECINCT 26,U.S. Senate,,REP,TOM WILLIS,0
McDowell,PRECINCT 28,U.S. Senate,,REP,TOM WILLIS,4
McDowell,PRECINCT 32,U.S. Senate,,REP,TOM WILLIS,1
McDowell,PRECINCT 34,U.S. Senate,,REP,TOM WILLIS,3
McDowell,PRECINCT 40,U.S. Senate,,REP,TOM WILLIS,4
McDowell,PRECINCT 50,U.S. Senate,,REP,TOM WILLIS,0
McDowell,PRECINCT 58,U.S. Senate,,REP,TOM WILLIS,1
McDowell,PRECINCT 63,U.S. Senate,,REP,TOM WILLIS,0
McDowell,PRECINCT 66,U.S. Senate,,REP,TOM WILLIS,2
McDowell,PRECINCT 72,U.S. Senate,,REP,TOM WILLIS,6
McDowell,PRECINCT 73,U.S. Senate,,REP,TOM WILLIS,3
McDowell,PRECINCT 78,U.S. Senate,,REP,TOM WILLIS,1
McDowell,PRECINCT 84,U.S. Senate,,REP,TOM WILLIS,0
McDowell,PRECINCT 87,U.S. Senate,,REP,TOM WILLIS,0
McDowell,PRECINCT 91,U.S. Senate,,REP,TOM WILLIS,0
McDowell,PRECINCT 93,U.S. Senate,,REP,TOM WILLIS,1
McDowell,PRECINCT 100,U.S. Senate,,REP,TOM WILLIS,1
McDowell,PRECINCT 102,U.S. Senate,,REP,TOM WILLIS,3
McDowell,PRECINCT 104,U.S. Senate,,REP,TOM WILLIS,5
McDowell,PRECINCT 105,U.S. Senate,,REP,TOM WILLIS,2
McDowell,PRECINCT 106,U.S. Senate,,REP,TOM WILLIS,3
McDowell,PRECINCT 107,U.S. Senate,,REP,TOM WILLIS,1
McDowell,PRECINCT 111,U.S. Senate,,REP,TOM WILLIS,2
McDowell,PRECINCT 112,U.S. Senate,,REP,TOM WILLIS,3
McDowell,PRECINCT 113,U.S. Senate,,REP,TOM WILLIS,12
McDowell,PRECINCT 114,U.S. Senate,,REP,TOM WILLIS,2
McDowell,PRECINCT 116,U.S. Senate,,REP,TOM WILLIS,2
McDowell,PRECINCT 1,U.S. Senate,,REP,BRYAN McKINNEY,0
McDowell,PRECINCT 6,U.S. Senate,,REP,BRYAN McKINNEY,0
McDowell,PRECINCT 11,U.S. Senate,,REP,BRYAN McKINNEY,0
McDowell,PRECINCT 17,U.S. Senate,,REP,BRYAN McKINNEY,1
McDowell,PRECINCT 20,U.S. Senate,,REP,BRYAN McKINNEY,0
McDowell,PRECINCT 23,U.S. Senate,,REP,BRYAN McKINNEY,1
McDowell,PRECINCT 26,U.S. Senate,,REP,BRYAN McKINNEY,0
McDowell,PRECINCT 28,U.S. Senate,,REP,BRYAN McKINNEY,0
McDowell,PRECINCT 32,U.S. Senate,,REP,BRYAN McKINNEY,1
McDowell,PRECINCT 34,U.S. Senate,,REP,BRYAN McKINNEY,1
McDowell,PRECINCT 40,U.S. Senate,,REP,BRYAN McKINNEY,0
McDowell,PRECINCT 50,U.S. Senate,,REP,BRYAN McKINNEY,1
McDowell,PRECINCT 58,U.S. Senate,,REP,BRYAN McKINNEY,0
McDowell,PRECINCT 63,U.S. Senate,,REP,BRYAN McKINNEY,2
McDowell,PRECINCT 66,U.S. Senate,,REP,BRYAN McKINNEY,0
McDowell,PRECINCT 72,U.S. Senate,,REP,BRYAN McKINNEY,0
McDowell,PRECINCT 73,U.S. Senate,,REP,BRYAN McKINNEY,0
McDowell,PRECINCT 78,U.S. Senate,,REP,BRYAN McKINNEY,0
McDowell,PRECINCT 84,U.S. Senate,,REP,BRYAN McKINNEY,0
McDowell,PRECINCT 87,U.S. Senate,,REP,BRYAN McKINNEY,0
McDowell,PRECINCT 91,U.S. Senate,,REP,BRYAN McKINNEY,0
McDowell,PRECINCT 93,U.S. Senate,,REP,BRYAN McKINNEY,0
McDowell,PRECINCT 100,U.S. Senate,,REP,BRYAN McKINNEY,0
McDowell,PRECINCT 102,U.S. Senate,,REP,BRYAN McKINNEY,1
McDowell,PRECINCT 104,U.S. Senate,,REP,BRYAN McKINNEY,2
McDowell,PRECINCT 105,U.S. Senate,,REP,BRYAN McKINNEY,2
McDowell,PRECINCT 106,U.S. Senate,,REP,BRYAN McKINNEY,1
McDowell,PRECINCT 107,U.S. Senate,,REP,BRYAN McKINNEY,2
McDowell,PRECINCT 111,U.S. Senate,,REP,BRYAN McKINNEY,1
McDowell,PRECINCT 112,U.S. Senate,,REP,BRYAN McKINNEY,0
McDowell,PRECINCT 113,U.S. Senate,,REP,BRYAN McKINNEY,1
McDowell,PRECINCT 114,U.S. Senate,,REP,BRYAN McKINNEY,1
McDowell,PRECINCT 116,U.S. Senate,,REP,BRYAN McKINNEY,0
McDowell,PRECINCT 1,U.S. Senate,,REP,ALEXANDER GAASERUD,0
McDowell,PRECINCT 6,U.S. Senate,,REP,ALEXANDER GAASERUD,0
McDowell,PRECINCT 11,U.S. Senate,,REP,ALEXANDER GAASERUD,0
McDowell,PRECINCT 17,U.S. Senate,,REP,ALEXANDER GAASERUD,3
McDowell,PRECINCT 20,U.S. Senate,,REP,ALEXANDER GAASERUD,0
McDowell,PRECINCT 23,U.S. Senate,,REP,ALEXANDER GAASERUD,0
McDowell,PRECINCT 26,U.S. Senate,,REP,ALEXANDER GAASERUD,0
McDowell,PRECINCT 28,U.S. Senate,,REP,ALEXANDER GAASERUD,3
McDowell,PRECINCT 32,U.S. Senate,,REP,ALEXANDER GAASERUD,0
McDowell,PRECINCT 34,U.S. Senate,,REP,ALEXANDER GAASERUD,0
McDowell,PRECINCT 40,U.S. Senate,,REP,ALEXANDER GAASERUD,1
McDowell,PRECINCT 50,U.S. Senate,,REP,ALEXANDER GAASERUD,0
McDowell,PRECINCT 58,U.S. Senate,,REP,ALEXANDER GAASERUD,0
McDowell,PRECINCT 63,U.S. Senate,,REP,ALEXANDER GAASERUD,0
McDowell,PRECINCT 66,U.S. Senate,,REP,ALEXANDER GAASERUD,0
McDowell,PRECINCT 72,U.S. Senate,,REP,ALEXANDER GAASERUD,0
McDowell,PRECINCT 73,U.S. Senate,,REP,ALEXANDER GAASERUD,2
McDowell,PRECINCT 78,U.S. Senate,,REP,ALEXANDER GAASERUD,0
McDowell,PRECINCT 84,U.S. Senate,,REP,ALEXANDER GAASERUD,0
McDowell,PRECINCT 87,U.S. Senate,,REP,ALEXANDER GAASERUD,1
McDowell,PRECINCT 91,U.S. Senate,,REP,ALEXANDER GAASERUD,0
McDowell,PRECINCT 93,U.S. Senate,,REP,ALEXANDER GAASERUD,0
McDowell,PRECINCT 100,U.S. Senate,,REP,ALEXANDER GAASERUD,0
McDowell,PRECINCT 102,U.S. Senate,,REP,ALEXANDER GAASERUD,0
McDowell,PRECINCT 104,U.S. Senate,,REP,ALEXANDER GAASERUD,1
McDowell,PRECINCT 105,U.S. Senate,,REP,ALEXANDER GAASERUD,1
McDowell,PRECINCT 106,U.S. Senate,,REP,ALEXANDER GAASERUD,0
McDowell,PRECINCT 107,U.S. Senate,,REP,ALEXANDER GAASERUD,0
McDowell,PRECINCT 111,U.S. Senate,,REP,ALEXANDER GAASERUD,0
McDowell,PRECINCT 112,U.S. Senate,,REP,ALEXANDER GAASERUD,2
McDowell,PRECINCT 113,U.S. Senate,,REP,ALEXANDER GAASERUD,1
McDowell,PRECINCT 114,U.S. Senate,,REP,ALEXANDER GAASERUD,0
McDowell,PRECINCT 116,U.S. Senate,,REP,ALEXANDER GAASERUD,0
McDowell,PRECINCT 1,U.S. Senate,,REP,DAVID PURKEY,0
McDowell,PRECINCT 6,U.S. Senate,,REP,DAVID PURKEY,0
McDowell,PRECINCT 11,U.S. Senate,,REP,DAVID PURKEY,0
McDowell,PRECINCT 17,U.S. Senate,,REP,DAVID PURKEY,0
McDowell,PRECINCT 20,U.S. Senate,,REP,DAVID PURKEY,0
McDowell,PRECINCT 23,U.S. Senate,,REP,DAVID PURKEY,0
McDowell,PRECINCT 26,U.S. Senate,,REP,DAVID PURKEY,0
McDowell,PRECINCT 28,U.S. Senate,,REP,DAVID PURKEY,0
McDowell,PRECINCT 32,U.S. Senate,,REP,DAVID PURKEY,1
McDowell,PRECINCT 34,U.S. Senate,,REP,DAVID PURKEY,0
McDowell,PRECINCT 40,U.S. Senate,,REP,DAVID PURKEY,0
McDowell,PRECINCT 50,U.S. Senate,,REP,DAVID PURKEY,0
McDowell,PRECINCT 58,U.S. Senate,,REP,DAVID PURKEY,0
McDowell,PRECINCT 63,U.S. Senate,,REP,DAVID PURKEY,0
McDowell,PRECINCT 66,U.S. Senate,,REP,DAVID PURKEY,0
McDowell,PRECINCT 72,U.S. Senate,,REP,DAVID PURKEY,0
McDowell,PRECINCT 73,U.S. Senate,,REP,DAVID PURKEY,0
McDowell,PRECINCT 78,U.S. Senate,,REP,DAVID PURKEY,0
McDowell,PRECINCT 84,U.S. Senate,,REP,DAVID PURKEY,0
McDowell,PRECINCT 87,U.S. Senate,,REP,DAVID PURKEY,0
McDowell,PRECINCT 91,U.S. Senate,,REP,DAVID PURKEY,0
McDowell,PRECINCT 93,U.S. Senate,,REP,DAVID PURKEY,0
McDowell,PRECINCT 100,U.S. Senate,,REP,DAVID PURKEY,0
McDowell,PRECINCT 102,U.S. Senate,,REP,DAVID PURKEY,0
McDowell,PRECINCT 104,U.S. Senate,,REP,DAVID PURKEY,1
McDowell,PRECINCT 105,U.S. Senate,,REP,DAVID PURKEY,0
McDowell,PRECINCT 106,U.S. Senate,,REP,DAVID PURKEY,0
McDowell,PRECINCT 107,U.S. Senate,,REP,DAVID PURKEY,1
McDowell,PRECINCT 111,U.S. Senate,,REP,DAVID PURKEY,0
McDowell,PRECINCT 112,U.S. Senate,,REP,DAVID PURKEY,0
McDowell,PRECINCT 113,U.S. Senate,,REP,DAVID PURKEY,3
McDowell,PRECINCT 114,U.S. Senate,,REP,DAVID PURKEY,0
McDowell,PRECINCT 116,U.S. Senate,,REP,DAVID PURKEY,0
McDowell,PRECINCT 1,U.S. Senate,,DEM,JEFFREY V. KESSLER,0
McDowell,PRECINCT 6,U.S. Senate,,DEM,JEFFREY V. KESSLER,2
McDowell,PRECINCT 11,U.S. Senate,,DEM,JEFFREY V. KESSLER,0
McDowell,PRECINCT 17,U.S. Senate,,DEM,JEFFREY V. KESSLER,1
McDowell,PRECINCT 20,U.S. Senate,,DEM,JEFFREY V. KESSLER,1
McDowell,PRECINCT 23,U.S. Senate,,DEM,JEFFREY V. KESSLER,4
McDowell,PRECINCT 26,U.S. Senate,,DEM,JEFFREY V. KESSLER,0
McDowell,PRECINCT 28,U.S. Senate,,DEM,JEFFREY V. KESSLER,5
McDowell,PRECINCT 32,U.S. Senate,,DEM,JEFFREY V. KESSLER,5
McDowell,PRECINCT 34,U.S. Senate,,DEM,JEFFREY V. KESSLER,4
McDowell,PRECINCT 40,U.S. Senate,,DEM,JEFFREY V. KESSLER,4
McDowell,PRECINCT 50,U.S. Senate,,DEM,JEFFREY V. KESSLER,0
McDowell,PRECINCT 58,U.S. Senate,,DEM,JEFFREY V. KESSLER,0
McDowell,PRECINCT 63,U.S. Senate,,DEM,JEFFREY V. KESSLER,4
McDowell,PRECINCT 66,U.S. Senate,,DEM,JEFFREY V. KESSLER,3
McDowell,PRECINCT 72,U.S. Senate,,DEM,JEFFREY V. KESSLER,4
McDowell,PRECINCT 73,U.S. Senate,,DEM,JEFFREY V. KESSLER,6
McDowell,PRECINCT 78,U.S. Senate,,DEM,JEFFREY V. KESSLER,3
McDowell,PRECINCT 84,U.S. Senate,,DEM,JEFFREY V. KESSLER,3
McDowell,PRECINCT 87,U.S. Senate,,DEM,JEFFREY V. KESSLER,1
McDowell,PRECINCT 91,U.S. Senate,,DEM,JEFFREY V. KESSLER,2
McDowell,PRECINCT 93,U.S. Senate,,DEM,JEFFREY V. KESSLER,0
McDowell,PRECINCT 100,U.S. Senate,,DEM,JEFFREY V. KESSLER,0
McDowell,PRECINCT 102,U.S. Senate,,DEM,JEFFREY V. KESSLER,1
McDowell,PRECINCT 104,U.S. Senate,,DEM,JEFFREY V. KESSLER,1
McDowell,PRECINCT 105,U.S. Senate,,DEM,JEFFREY V. KESSLER,2
McDowell,PRECINCT 106,U.S. Senate,,DEM,JEFFREY V. KESSLER,0
McDowell,PRECINCT 107,U.S. Senate,,DEM,JEFFREY V. KESSLER,1
McDowell,PRECINCT 111,U.S. Senate,,DEM,JEFFREY V. KESSLER,0
McDowell,PRECINCT 112,U.S. Senate,,DEM,JEFFREY V. KESSLER,2
McDowell,PRECINCT 113,U.S. Senate,,DEM,JEFFREY V. KESSLER,1
McDowell,PRECINCT 114,U.S. Senate,,DEM,JEFFREY V. KESSLER,3
McDowell,PRECINCT 116,U.S. Senate,,DEM,JEFFREY V. KESSLER,4
McDowell,PRECINCT 1,U.S. Senate,,DEM,RACHEL FETTY ANDERSON,3
McDowell,PRECINCT 6,U.S. Senate,,DEM,RACHEL FETTY ANDERSON,2
McDowell,PRECINCT 11,U.S. Senate,,DEM,RACHEL FETTY ANDERSON,3
McDowell,PRECINCT 17,U.S. Senate,,DEM,RACHEL FETTY ANDERSON,1
McDowell,PRECINCT 20,U.S. Senate,,DEM,RACHEL FETTY ANDERSON,1
McDowell,PRECINCT 23,U.S. Senate,,DEM,RACHEL FETTY ANDERSON,0
McDowell,PRECINCT 26,U.S. Senate,,DEM,RACHEL FETTY ANDERSON,0
McDowell,PRECINCT 28,U.S. Senate,,DEM,RACHEL FETTY ANDERSON,8
McDowell,PRECINCT 32,U.S. Senate,,DEM,RACHEL FETTY ANDERSON,4
McDowell,PRECINCT 34,U.S. Senate,,DEM,RACHEL FETTY ANDERSON,5
McDowell,PRECINCT 40,U.S. Senate,,DEM,RACHEL FETTY ANDERSON,4
McDowell,PRECINCT 50,U.S. Senate,,DEM,RACHEL FETTY ANDERSON,2
McDowell,PRECINCT 58,U.S. Senate,,DEM,RACHEL FETTY ANDERSON,1
McDowell,PRECINCT 63,U.S. Senate,,DEM,RACHEL FETTY ANDERSON,1
McDowell,PRECINCT 66,U.S. Senate,,DEM,RACHEL FETTY ANDERSON,5
McDowell,PRECINCT 72,U.S. Senate,,DEM,RACHEL FETTY ANDERSON,1
McDowell,PRECINCT 73,U.S. Senate,,DEM,RACHEL FETTY ANDERSON,1
McDowell,PRECINCT 78,U.S. Senate,,DEM,RACHEL FETTY ANDERSON,0
McDowell,PRECINCT 84,U.S. Senate,,DEM,RACHEL FETTY ANDERSON,3
McDowell,PRECINCT 87,U.S. Senate,,DEM,RACHEL FETTY ANDERSON,1
McDowell,PRECINCT 91,U.S. Senate,,DEM,RACHEL FETTY ANDERSON,2
McDowell,PRECINCT 93,U.S. Senate,,DEM,RACHEL FETTY ANDERSON,0
McDowell,PRECINCT 100,U.S. Senate,,DEM,RACHEL FETTY ANDERSON,0
McDowell,PRECINCT 102,U.S. Senate,,DEM,RACHEL FETTY ANDERSON,2
McDowell,PRECINCT 104,U.S. Senate,,DEM,RACHEL FETTY ANDERSON,2
McDowell,PRECINCT 105,U.S. Senate,,DEM,RACHEL FETTY ANDERSON,0
McDowell,PRECINCT 106,U.S. Senate,,DEM,RACHEL FETTY ANDERSON,1
McDowell,PRECINCT 107,U.S. Senate,,DEM,RACHEL FETTY ANDERSON,0
McDowell,PRECINCT 111,U.S. Senate,,DEM,RACHEL FETTY ANDERSON,0
McDowell,PRECINCT 112,U.S. Senate,,DEM,RACHEL FETTY ANDERSON,0
McDowell,PRECINCT 113,U.S. Senate,,DEM,RACHEL FETTY ANDERSON,2
McDowell,PRECINCT 114,U.S. Senate,,DEM,RACHEL FETTY ANDERSON,0
McDowell,PRECINCT 116,U.S. Senate,,DEM,RACHEL FETTY ANDERSON,2
McDowell,PRECINCT 1,U.S. Senate,,DEM,THORNTON COOPER,2
McDowell,PRECINCT 6,U.S. Senate,,DEM,THORNTON COOPER,2
McDowell,PRECINCT 11,U.S. Senate,,DEM,THORNTON COOPER,5
McDowell,PRECINCT 17,U.S. Senate,,DEM,THORNTON COOPER,1
McDowell,PRECINCT 20,U.S. Senate,,DEM,THORNTON COOPER,0
McDowell,PRECINCT 23,U.S. Senate,,DEM,THORNTON COOPER,0
McDowell,PRECINCT 26,U.S. Senate,,DEM,THORNTON COOPER,1
McDowell,PRECINCT 28,U.S. Senate,,DEM,THORNTON COOPER,4
McDowell,PRECINCT 32,U.S. Senate,,DEM,THORNTON COOPER,0
McDowell,PRECINCT 34,U.S. Senate,,DEM,THORNTON COOPER,1
McDowell,PRECINCT 40,U.S. Senate,,DEM,THORNTON COOPER,3
McDowell,PRECINCT 50,U.S. Senate,,DEM,THORNTON COOPER,2
McDowell,PRECINCT 58,U.S. Senate,,DEM,THORNTON COOPER,0
McDowell,PRECINCT 63,U.S. Senate,,DEM,THORNTON COOPER,2
McDowell,PRECINCT 66,U.S. Senate,,DEM,THORNTON COOPER,2
McDowell,PRECINCT 72,U.S. Senate,,DEM,THORNTON COOPER,1
McDowell,PRECINCT 73,U.S. Senate,,DEM,THORNTON COOPER,3
McDowell,PRECINCT 78,U.S. Senate,,DEM,THORNTON COOPER,1
McDowell,PRECINCT 84,U.S. Senate,,DEM,THORNTON COOPER,3
McDowell,PRECINCT 87,U.S. Senate,,DEM,THORNTON COOPER,2
McDowell,PRECINCT 91,U.S. Senate,,DEM,THORNTON COOPER,1
McDowell,PRECINCT 93,U.S. Senate,,DEM,THORNTON COOPER,0
McDowell,PRECINCT 100,U.S. Senate,,DEM,THORNTON COOPER,0
McDowell,PRECINCT 102,U.S. Senate,,DEM,THORNTON COOPER,0
McDowell,PRECINCT 104,U.S. Senate,,DEM,THORNTON COOPER,1
McDowell,PRECINCT 105,U.S. Senate,,DEM,THORNTON COOPER,0
McDowell,PRECINCT 106,U.S. Senate,,DEM,THORNTON COOPER,1
McDowell,PRECINCT 107,U.S. Senate,,DEM,THORNTON COOPER,0
McDowell,PRECINCT 111,U.S. Senate,,DEM,THORNTON COOPER,1
McDowell,PRECINCT 112,U.S. Senate,,DEM,THORNTON COOPER,0
McDowell,PRECINCT 113,U.S. Senate,,DEM,THORNTON COOPER,1
McDowell,PRECINCT 114,U.S. Senate,,DEM,THORNTON COOPER,1
McDowell,PRECINCT 116,U.S. Senate,,DEM,THORNTON COOPER,1
McDowell,PRECINCT 1,U.S. Senate,,DEM,ZACHARY SHREWSBURY,12
McDowell,PRECINCT 6,U.S. Senate,,DEM,ZACHARY SHREWSBURY,16
McDowell,PRECINCT 11,U.S. Senate,,DEM,ZACHARY SHREWSBURY,21
McDowell,PRECINCT 17,U.S. Senate,,DEM,ZACHARY SHREWSBURY,11
McDowell,PRECINCT 20,U.S. Senate,,DEM,ZACHARY SHREWSBURY,19
McDowell,PRECINCT 23,U.S. Senate,,DEM,ZACHARY SHREWSBURY,9
McDowell,PRECINCT 26,U.S. Senate,,DEM,ZACHARY SHREWSBURY,2
McDowell,PRECINCT 28,U.S. Senate,,DEM,ZACHARY SHREWSBURY,27
McDowell,PRECINCT 32,U.S. Senate,,DEM,ZACHARY SHREWSBURY,21
McDowell,PRECINCT 34,U.S. Senate,,DEM,ZACHARY SHREWSBURY,35
McDowell,PRECINCT 40,U.S. Senate,,DEM,ZACHARY SHREWSBURY,24
McDowell,PRECINCT 50,U.S. Senate,,DEM,ZACHARY SHREWSBURY,1
McDowell,PRECINCT 58,U.S. Senate,,DEM,ZACHARY SHREWSBURY,14
McDowell,PRECINCT 63,U.S. Senate,,DEM,ZACHARY SHREWSBURY,15
McDowell,PRECINCT 66,U.S. Senate,,DEM,ZACHARY SHREWSBURY,31
McDowell,PRECINCT 72,U.S. Senate,,DEM,ZACHARY SHREWSBURY,10
McDowell,PRECINCT 73,U.S. Senate,,DEM,ZACHARY SHREWSBURY,18
McDowell,PRECINCT 78,U.S. Senate,,DEM,ZACHARY SHREWSBURY,10
McDowell,PRECINCT 84,U.S. Senate,,DEM,ZACHARY SHREWSBURY,23
McDowell,PRECINCT 87,U.S. Senate,,DEM,ZACHARY SHREWSBURY,10
McDowell,PRECINCT 91,U.S. Senate,,DEM,ZACHARY SHREWSBURY,9
McDowell,PRECINCT 93,U.S. Senate,,DEM,ZACHARY SHREWSBURY,3
McDowell,PRECINCT 100,U.S. Senate,,DEM,ZACHARY SHREWSBURY,7
McDowell,PRECINCT 102,U.S. Senate,,DEM,ZACHARY SHREWSBURY,4
McDowell,PRECINCT 104,U.S. Senate,,DEM,ZACHARY SHREWSBURY,7
McDowell,PRECINCT 105,U.S. Senate,,DEM,ZACHARY SHREWSBURY,10
McDowell,PRECINCT 106,U.S. Senate,,DEM,ZACHARY SHREWSBURY,5
McDowell,PRECINCT 107,U.S. Senate,,DEM,ZACHARY SHREWSBURY,7
McDowell,PRECINCT 111,U.S. Senate,,DEM,ZACHARY SHREWSBURY,1
McDowell,PRECINCT 112,U.S. Senate,,DEM,ZACHARY SHREWSBURY,4
McDowell,PRECINCT 113,U.S. Senate,,DEM,ZACHARY SHREWSBURY,7
McDowell,PRECINCT 114,U.S. Senate,,DEM,ZACHARY SHREWSBURY,4
McDowell,PRECINCT 116,U.S. Senate,,DEM,ZACHARY SHREWSBURY,3
McDowell,PRECINCT 1,U.S. Senate,,DEM,RIO PHILLIPS,2
McDowell,PRECINCT 6,U.S. Senate,,DEM,RIO PHILLIPS,0
McDowell,PRECINCT 11,U.S. Senate,,DEM,RIO PHILLIPS,3
McDowell,PRECINCT 17,U.S. Senate,,DEM,RIO PHILLIPS,3
McDowell,PRECINCT 20,U.S. Senate,,DEM,RIO PHILLIPS,2
McDowell,PRECINCT 23,U.S. Senate,,DEM,RIO PHILLIPS,0
McDowell,PRECINCT 26,U.S. Senate,,DEM,RIO PHILLIPS,1
McDowell,PRECINCT 28,U.S. Senate,,DEM,RIO PHILLIPS,4
McDowell,PRECINCT 32,U.S. Senate,,DEM,RIO PHILLIPS,2
McDowell,PRECINCT 34,U.S. Senate,,DEM,RIO PHILLIPS,1
McDowell,PRECINCT 40,U.S. Senate,,DEM,RIO PHILLIPS,1
McDowell,PRECINCT 50,U.S. Senate,,DEM,RIO PHILLIPS,1
McDowell,PRECINCT 58,U.S. Senate,,DEM,RIO PHILLIPS,1
McDowell,PRECINCT 63,U.S. Senate,,DEM,RIO PHILLIPS,1
McDowell,PRECINCT 66,U.S. Senate,,DEM,RIO PHILLIPS,1
McDowell,PRECINCT 72,U.S. Senate,,DEM,RIO PHILLIPS,2
McDowell,PRECINCT 73,U.S. Senate,,DEM,RIO PHILLIPS,1
McDowell,PRECINCT 78,U.S. Senate,,DEM,RIO PHILLIPS,0
McDowell,PRECINCT 84,U.S. Senate,,DEM,RIO PHILLIPS,4
McDowell,PRECINCT 87,U.S. Senate,,DEM,RIO PHILLIPS,1
McDowell,PRECINCT 91,U.S. Senate,,DEM,RIO PHILLIPS,1
McDowell,PRECINCT 93,U.S. Senate,,DEM,RIO PHILLIPS,0
McDowell,PRECINCT 100,U.S. Senate,,DEM,RIO PHILLIPS,1
McDowell,PRECINCT 102,U.S. Senate,,DEM,RIO PHILLIPS,1
McDowell,PRECINCT 104,U.S. Senate,,DEM,RIO PHILLIPS,1
McDowell,PRECINCT 105,U.S. Senate,,DEM,RIO PHILLIPS,0
McDowell,PRECINCT 106,U.S. Senate,,DEM,RIO PHILLIPS,0
McDowell,PRECINCT 107,U.S. Senate,,DEM,RIO PHILLIPS,0
McDowell,PRECINCT 111,U.S. Senate,,DEM,RIO PHILLIPS,0
McDowell,PRECINCT 112,U.S. Senate,,DEM,RIO PHILLIPS,0
McDowell,PRECINCT 113,U.S. Senate,,DEM,RIO PHILLIPS,0
McDowell,PRECINCT 114,U.S. Senate,,DEM,RIO PHILLIPS,3
McDowell,PRECINCT 116,U.S. Senate,,DEM,RIO PHILLIPS,0
McDowell,PRECINCT 1,U.S. House,1,REP,CAROL MILLER,0
McDowell,PRECINCT 6,U.S. House,1,REP,CAROL MILLER,5
McDowell,PRECINCT 11,U.S. House,1,REP,CAROL MILLER,3
McDowell,PRECINCT 17,U.S. House,1,REP,CAROL MILLER,1
McDowell,PRECINCT 20,U.S. House,1,REP,CAROL MILLER,2
McDowell,PRECINCT 23,U.S. House,1,REP,CAROL MILLER,5
McDowell,PRECINCT 26,U.S. House,1,REP,CAROL MILLER,1
McDowell,PRECINCT 28,U.S. House,1,REP,CAROL MILLER,11
McDowell,PRECINCT 32,U.S. House,1,REP,CAROL MILLER,3
McDowell,PRECINCT 34,U.S. House,1,REP,CAROL MILLER,10
McDowell,PRECINCT 40,U.S. House,1,REP,CAROL MILLER,9
McDowell,PRECINCT 50,U.S. House,1,REP,CAROL MILLER,1
McDowell,PRECINCT 58,U.S. House,1,REP,CAROL MILLER,3
McDowell,PRECINCT 63,U.S. House,1,REP,CAROL MILLER,4
McDowell,PRECINCT 66,U.S. House,1,REP,CAROL MILLER,9
McDowell,PRECINCT 72,U.S. House,1,REP,CAROL MILLER,9
McDowell,PRECINCT 73,U.S. House,1,REP,CAROL MILLER,9
McDowell,PRECINCT 78,U.S. House,1,REP,CAROL MILLER,5
McDowell,PRECINCT 84,U.S. House,1,REP,CAROL MILLER,11
McDowell,PRECINCT 87,U.S. House,1,REP,CAROL MILLER,7
McDowell,PRECINCT 91,U.S. House,1,REP,CAROL MILLER,7
McDowell,PRECINCT 93,U.S. House,1,REP,CAROL MILLER,2
McDowell,PRECINCT 100,U.S. House,1,REP,CAROL MILLER,7
McDowell,PRECINCT 102,U.S. House,1,REP,CAROL MILLER,10
McDowell,PRECINCT 104,U.S. House,1,REP,CAROL MILLER,12
McDowell,PRECINCT 105,U.S. House,1,REP,CAROL MILLER,15
McDowell,PRECINCT 106,U.S. House,1,REP,CAROL MILLER,4
McDowell,PRECINCT 107,U.S. House,1,REP,CAROL MILLER,8
McDowell,PRECINCT 111,U.S. House,1,REP,CAROL MILLER,10
McDowell,PRECINCT 112,U.S. House,1,REP,CAROL MILLER,4
McDowell,PRECINCT 113,U.S. House,1,REP,CAROL MILLER,10
McDowell,PRECINCT 114,U.S. House,1,REP,CAROL MILLER,1
McDowell,PRECINCT 116,U.S. House,1,REP,CAROL MILLER,6
McDowell,PRECINCT 1,U.S. House,1,REP,LARRY JACKSON,0
McDowell,PRECINCT 6,U.S. House,1,REP,LARRY JACKSON,4
McDowell,PRECINCT 11,U.S. House,1,REP,LARRY JACKSON,3
McDowell,PRECINCT 17,U.S. House,1,REP,LARRY JACKSON,5
McDowell,PRECINCT 20,U.S. House,1,REP,LARRY JACKSON,6
McDowell,PRECINCT 23,U.S. House,1,REP,LARRY JACKSON,6
McDowell,PRECINCT 26,U.S. House,1,REP,LARRY JACKSON,1
McDowell,PRECINCT 28,U.S. House,1,REP,LARRY JACKSON,9
McDowell,PRECINCT 32,U.S. House,1,REP,LARRY JACKSON,9
McDowell,PRECINCT 34,U.S. House,1,REP,LARRY JACKSON,6
McDowell,PRECINCT 40,U.S. House,1,REP,LARRY JACKSON,5
McDowell,PRECINCT 50,U.S. House,1,REP,LARRY JACKSON,1
McDowell,PRECINCT 58,U.S. House,1,REP,LARRY JACKSON,3
McDowell,PRECINCT 63,U.S. House,1,REP,LARRY JACKSON,1
McDowell,PRECINCT 66,U.S. House,1,REP,LARRY JACKSON,7
McDowell,PRECINCT 72,U.S. House,1,REP,LARRY JACKSON,6
McDowell,PRECINCT 73,U.S. House,1,REP,LARRY JACKSON,7
McDowell,PRECINCT 78,U.S. House,1,REP,LARRY JACKSON,0
McDowell,PRECINCT 84,U.S. House,1,REP,LARRY JACKSON,3
McDowell,PRECINCT 87,U.S. House,1,REP,LARRY JACKSON,3
McDowell,PRECINCT 91,U.S. House,1,REP,LARRY JACKSON,1
McDowell,PRECINCT 93,U.S. House,1,REP,LARRY JACKSON,0
McDowell,PRECINCT 100,U.S. House,1,REP,LARRY JACKSON,6
McDowell,PRECINCT 102,U.S. House,1,REP,LARRY JACKSON,17
McDowell,PRECINCT 104,U.S. House,1,REP,LARRY JACKSON,16
McDowell,PRECINCT 105,U.S. House,1,REP,LARRY JACKSON,18
McDowell,PRECINCT 106,U.S. House,1,REP,LARRY JACKSON,14
McDowell,PRECINCT 107,U.S. House,1,REP,LARRY JACKSON,8
McDowell,PRECINCT 111,U.S. House,1,REP,LARRY JACKSON,8
McDowell,PRECINCT 112,U.S. House,1,REP,LARRY JACKSON,10
McDowell,PRECINCT 113,U.S. House,1,REP,LARRY JACKSON,19
McDowell,PRECINCT 114,U.S. House,1,REP,LARRY JACKSON,4
McDowell,PRECINCT 116,U.S. House,1,REP,LARRY JACKSON,3
McDowell,PRECINCT 1,U.S. House,1,DEM,BRITTA 'BRIT' AGUIRRE,12
McDowell,PRECINCT 6,U.S. House,1,DEM,BRITTA 'BRIT' AGUIRRE,13
McDowell,PRECINCT 11,U.S. House,1,DEM,BRITTA 'BRIT' AGUIRRE,17
McDowell,PRECINCT 17,U.S. House,1,DEM,BRITTA 'BRIT' AGUIRRE,9
McDowell,PRECINCT 20,U.S. House,1,DEM,BRITTA 'BRIT' AGUIRRE,18
McDowell,PRECINCT 23,U.S. House,1,DEM,BRITTA 'BRIT' AGUIRRE,10
McDowell,PRECINCT 26,U.S. House,1,DEM,BRITTA 'BRIT' AGUIRRE,3
McDowell,PRECINCT 28,U.S. House,1,DEM,BRITTA 'BRIT' AGUIRRE,32
McDowell,PRECINCT 32,U.S. House,1,DEM,BRITTA 'BRIT' AGUIRRE,23
McDowell,PRECINCT 34,U.S. House,1,DEM,BRITTA 'BRIT' AGUIRRE,38
McDowell,PRECINCT 40,U.S. House,1,DEM,BRITTA 'BRIT' AGUIRRE,18
McDowell,PRECINCT 50,U.S. House,1,DEM,BRITTA 'BRIT' AGUIRRE,2
McDowell,PRECINCT 58,U.S. House,1,DEM,BRITTA 'BRIT' AGUIRRE,7
McDowell,PRECINCT 63,U.S. House,1,DEM,BRITTA 'BRIT' AGUIRRE,16
McDowell,PRECINCT 66,U.S. House,1,DEM,BRITTA 'BRIT' AGUIRRE,26
McDowell,PRECINCT 72,U.S. House,1,DEM,BRITTA 'BRIT' AGUIRRE,13
McDowell,PRECINCT 73,U.S. House,1,DEM,BRITTA 'BRIT' AGUIRRE,14
McDowell,PRECINCT 78,U.S. House,1,DEM,BRITTA 'BRIT' AGUIRRE,10
McDowell,PRECINCT 84,U.S. House,1,DEM,BRITTA 'BRIT' AGUIRRE,28
McDowell,PRECINCT 87,U.S. House,1,DEM,BRITTA 'BRIT' AGUIRRE,9
McDowell,PRECINCT 91,U.S. House,1,DEM,BRITTA 'BRIT' AGUIRRE,15
McDowell,PRECINCT 93,U.S. House,1,DEM,BRITTA 'BRIT' AGUIRRE,2
McDowell,PRECINCT 100,U.S. House,1,DEM,BRITTA 'BRIT' AGUIRRE,8
McDowell,PRECINCT 102,U.S. House,1,DEM,BRITTA 'BRIT' AGUIRRE,6
McDowell,PRECINCT 104,U.S. House,1,DEM,BRITTA 'BRIT' AGUIRRE,8
McDowell,PRECINCT 105,U.S. House,1,DEM,BRITTA 'BRIT' AGUIRRE,11
McDowell,PRECINCT 106,U.S. House,1,DEM,BRITTA 'BRIT' AGUIRRE,7
McDowell,PRECINCT 107,U.S. House,1,DEM,BRITTA 'BRIT' AGUIRRE,7
McDowell,PRECINCT 111,U.S. House,1,DEM,BRITTA 'BRIT' AGUIRRE,2
McDowell,PRECINCT 112,U.S. House,1,DEM,BRITTA 'BRIT' AGUIRRE,5
McDowell,PRECINCT 113,U.S. House,1,DEM,BRITTA 'BRIT' AGUIRRE,8
McDowell,PRECINCT 114,U.S. House,1,DEM,BRITTA 'BRIT' AGUIRRE,6
McDowell,PRECINCT 116,U.S. House,1,DEM,BRITTA 'BRIT' AGUIRRE,5
McDowell,PRECINCT 1,U.S. House,1,DEM,VINCE GEORGE,4
McDowell,PRECINCT 6,U.S. House,1,DEM,VINCE GEORGE,9
McDowell,PRECINCT 11,U.S. House,1,DEM,VINCE GEORGE,10
McDowell,PRECINCT 17,U.S. House,1,DEM,VINCE GEORGE,3
McDowell,PRECINCT 20,U.S. House,1,DEM,VINCE GEORGE,6
McDowell,PRECINCT 23,U.S. House,1,DEM,VINCE GEORGE,3
McDowell,PRECINCT 26,U.S. House,1,DEM,VINCE GEORGE,1
McDowell,PRECINCT 28,U.S. House,1,DEM,VINCE GEORGE,14
McDowell,PRECINCT 32,U.S. House,1,DEM,VINCE GEORGE,8
McDowell,PRECINCT 34,U.S. House,1,DEM,VINCE GEORGE,5
McDowell,PRECINCT 40,U.S. House,1,DEM,VINCE GEORGE,16
McDowell,PRECINCT 50,U.S. House,1,DEM,VINCE GEORGE,2
McDowell,PRECINCT 58,U.S. House,1,DEM,VINCE GEORGE,6
McDowell,PRECINCT 63,U.S. House,1,DEM,VINCE GEORGE,6
McDowell,PRECINCT 66,U.S. House,1,DEM,VINCE GEORGE,12
McDowell,PRECINCT 72,U.S. House,1,DEM,VINCE GEORGE,4
McDowell,PRECINCT 73,U.S. House,1,DEM,VINCE GEORGE,11
McDowell,PRECINCT 78,U.S. House,1,DEM,VINCE GEORGE,1
McDowell,PRECINCT 84,U.S. House,1,DEM,VINCE GEORGE,6
McDowell,PRECINCT 87,U.S. House,1,DEM,VINCE GEORGE,5
McDowell,PRECINCT 91,U.S. House,1,DEM,VINCE GEORGE,1
McDowell,PRECINCT 93,U.S. House,1,DEM,VINCE GEORGE,1
McDowell,PRECINCT 100,U.S. House,1,DEM,VINCE GEORGE,0
McDowell,PRECINCT 102,U.S. House,1,DEM,VINCE GEORGE,1
McDowell,PRECINCT 104,U.S. House,1,DEM,VINCE GEORGE,3
McDowell,PRECINCT 105,U.S. House,1,DEM,VINCE GEORGE,0
McDowell,PRECINCT 106,U.S. House,1,DEM,VINCE GEORGE,0
McDowell,PRECINCT 107,U.S. House,1,DEM,VINCE GEORGE,1
McDowell,PRECINCT 111,U.S. House,1,DEM,VINCE GEORGE,0
McDowell,PRECINCT 112,U.S. House,1,DEM,VINCE GEORGE,0
McDowell,PRECINCT 113,U.S. House,1,DEM,VINCE GEORGE,2
McDowell,PRECINCT 114,U.S. House,1,DEM,VINCE GEORGE,4
McDowell,PRECINCT 116,U.S. House,1,DEM,VINCE GEORGE,2
McDowell,PRECINCT 1,State Senate,6,REP,JEFF DISIBBIO,0
McDowell,PRECINCT 6,State Senate,6,REP,JEFF DISIBBIO,3
McDowell,PRECINCT 11,State Senate,6,REP,JEFF DISIBBIO,3
McDowell,PRECINCT 17,State Senate,6,REP,JEFF DISIBBIO,2
McDowell,PRECINCT 20,State Senate,6,REP,JEFF DISIBBIO,0
McDowell,PRECINCT 23,State Senate,6,REP,JEFF DISIBBIO,1
McDowell,PRECINCT 26,State Senate,6,REP,JEFF DISIBBIO,0
McDowell,PRECINCT 28,State Senate,6,REP,JEFF DISIBBIO,5
McDowell,PRECINCT 32,State Senate,6,REP,JEFF DISIBBIO,6
McDowell,PRECINCT 34,State Senate,6,REP,JEFF DISIBBIO,5
McDowell,PRECINCT 40,State Senate,6,REP,JEFF DISIBBIO,2
McDowell,PRECINCT 50,State Senate,6,REP,JEFF DISIBBIO,1
McDowell,PRECINCT 58,State Senate,6,REP,JEFF DISIBBIO,2
McDowell,PRECINCT 63,State Senate,6,REP,JEFF DISIBBIO,0
McDowell,PRECINCT 66,State Senate,6,REP,JEFF DISIBBIO,4
McDowell,PRECINCT 72,State Senate,6,REP,JEFF DISIBBIO,2
McDowell,PRECINCT 73,State Senate,6,REP,JEFF DISIBBIO,5
McDowell,PRECINCT 78,State Senate,6,REP,JEFF DISIBBIO,0
McDowell,PRECINCT 84,State Senate,6,REP,JEFF DISIBBIO,7
McDowell,PRECINCT 87,State Senate,6,REP,JEFF DISIBBIO,2
McDowell,PRECINCT 91,State Senate,6,REP,JEFF DISIBBIO,4
McDowell,PRECINCT 93,State Senate,6,REP,JEFF DISIBBIO,1
McDowell,PRECINCT 100,State Senate,6,REP,JEFF DISIBBIO,5
McDowell,PRECINCT 102,State Senate,6,REP,JEFF DISIBBIO,13
McDowell,PRECINCT 104,State Senate,6,REP,JEFF DISIBBIO,8
McDowell,PRECINCT 105,State Senate,6,REP,JEFF DISIBBIO,19
McDowell,PRECINCT 106,State Senate,6,REP,JEFF DISIBBIO,6
McDowell,PRECINCT 107,State Senate,6,REP,JEFF DISIBBIO,6
McDowell,PRECINCT 111,State Senate,6,REP,JEFF DISIBBIO,4
McDowell,PRECINCT 112,State Senate,6,REP,JEFF DISIBBIO,5
McDowell,PRECINCT 113,State Senate,6,REP,JEFF DISIBBIO,2
McDowell,PRECINCT 114,State Senate,6,REP,JEFF DISIBBIO,2
McDowell,PRECINCT 116,State Senate,6,REP,JEFF DISIBBIO,9
McDowell,PRECINCT 1,State Senate,6,REP,MARK R MAYNARD,0
McDowell,PRECINCT 6,State Senate,6,REP,MARK R MAYNARD,5
McDowell,PRECINCT 11,State Senate,6,REP,MARK R MAYNARD,3
McDowell,PRECINCT 17,State Senate,6,REP,MARK R MAYNARD,0
McDowell,PRECINCT 20,State Senate,6,REP,MARK R MAYNARD,3
McDowell,PRECINCT 23,State Senate,6,REP,MARK R MAYNARD,4
McDowell,PRECINCT 26,State Senate,6,REP,MARK R MAYNARD,2
McDowell,PRECINCT 28,State Senate,6,REP,MARK R MAYNARD,10
McDowell,PRECINCT 32,State Senate,6,REP,MARK R MAYNARD,3
McDowell,PRECINCT 34,State Senate,6,REP,MARK R MAYNARD,7
McDowell,PRECINCT 40,State Senate,6,REP,MARK R MAYNARD,5
McDowell,PRECINCT 50,State Senate,6,REP,MARK R MAYNARD,0
McDowell,PRECINCT 58,State Senate,6,REP,MARK R MAYNARD,1
McDowell,PRECINCT 63,State Senate,6,REP,MARK R MAYNARD,2
McDowell,PRECINCT 66,State Senate,6,REP,MARK R MAYNARD,7
McDowell,PRECINCT 72,State Senate,6,REP,MARK R MAYNARD,8
McDowell,PRECINCT 73,State Senate,6,REP,MARK R MAYNARD,4
McDowell,PRECINCT 78,State Senate,6,REP,MARK R MAYNARD,2
McDowell,PRECINCT 84,State Senate,6,REP,MARK R MAYNARD,7
McDowell,PRECINCT 87,State Senate,6,REP,MARK R MAYNARD,3
McDowell,PRECINCT 91,State Senate,6,REP,MARK R MAYNARD,5
McDowell,PRECINCT 93,State Senate,6,REP,MARK R MAYNARD,2
McDowell,PRECINCT 100,State Senate,6,REP,MARK R MAYNARD,4
McDowell,PRECINCT 102,State Senate,6,REP,MARK R MAYNARD,10
McDowell,PRECINCT 104,State Senate,6,REP,MARK R MAYNARD,16
McDowell,PRECINCT 105,State Senate,6,REP,MARK R MAYNARD,12
McDowell,PRECINCT 106,State Senate,6,REP,MARK R MAYNARD,7
McDowell,PRECINCT 107,State Senate,6,REP,MARK R MAYNARD,3
McDowell,PRECINCT 111,State Senate,6,REP,MARK R MAYNARD,7
McDowell,PRECINCT 112,State Senate,6,REP,MARK R MAYNARD,6
McDowell,PRECINCT 113,State Senate,6,REP,MARK R MAYNARD,12
McDowell,PRECINCT 114,State Senate,6,REP,MARK R MAYNARD,2
McDowell,PRECINCT 116,State Senate,6,REP,MARK R MAYNARD,1
McDowell,PRECINCT 1,State Senate,6,REP,EDWIN RAY VANOVER,0
McDowell,PRECINCT 6,State Senate,6,REP,EDWIN RAY VANOVER,1
McDowell,PRECINCT 11,State Senate,6,REP,EDWIN RAY VANOVER,0
McDowell,PRECINCT 17,State Senate,6,REP,EDWIN RAY VANOVER,4
McDowell,PRECINCT 20,State Senate,6,REP,EDWIN RAY VANOVER,3
McDowell,PRECINCT 23,State Senate,6,REP,EDWIN RAY VANOVER,3
McDowell,PRECINCT 26,State Senate,6,REP,EDWIN RAY VANOVER,0
McDowell,PRECINCT 28,State Senate,6,REP,EDWIN RAY VANOVER,2
McDowell,PRECINCT 32,State Senate,6,REP,EDWIN RAY VANOVER,0
McDowell,PRECINCT 34,State Senate,6,REP,EDWIN RAY VANOVER,2
McDowell,PRECINCT 40,State Senate,6,REP,EDWIN RAY VANOVER,5
McDowell,PRECINCT 50,State Senate,6,REP,EDWIN RAY VANOVER,0
McDowell,PRECINCT 58,State Senate,6,REP,EDWIN RAY VANOVER,1
McDowell,PRECINCT 63,State Senate,6,REP,EDWIN RAY VANOVER,1
McDowell,PRECINCT 66,State Senate,6,REP,EDWIN RAY VANOVER,3
McDowell,PRECINCT 72,State Senate,6,REP,EDWIN RAY VANOVER,0
McDowell,PRECINCT 73,State Senate,6,REP,EDWIN RAY VANOVER,6
McDowell,PRECINCT 78,State Senate,6,REP,EDWIN RAY VANOVER,2
McDowell,PRECINCT 84,State Senate,6,REP,EDWIN RAY VANOVER,0
McDowell,PRECINCT 87,State Senate,6,REP,EDWIN RAY VANOVER,2
McDowell,PRECINCT 91,State Senate,6,REP,EDWIN RAY VANOVER,0
McDowell,PRECINCT 93,State Senate,6,REP,EDWIN RAY VANOVER,0
McDowell,PRECINCT 100,State Senate,6,REP,EDWIN RAY VANOVER,0
McDowell,PRECINCT 102,State Senate,6,REP,EDWIN RAY VANOVER,2
McDowell,PRECINCT 104,State Senate,6,REP,EDWIN RAY VANOVER,6
McDowell,PRECINCT 105,State Senate,6,REP,EDWIN RAY VANOVER,2
McDowell,PRECINCT 106,State Senate,6,REP,EDWIN RAY VANOVER,2
McDowell,PRECINCT 107,State Senate,6,REP,EDWIN RAY VANOVER,2
McDowell,PRECINCT 111,State Senate,6,REP,EDWIN RAY VANOVER,0
McDowell,PRECINCT 112,State Senate,6,REP,EDWIN RAY VANOVER,2
McDowell,PRECINCT 113,State Senate,6,REP,EDWIN RAY VANOVER,4
McDowell,PRECINCT 114,State Senate,6,REP,EDWIN RAY VANOVER,1
McDowell,PRECINCT 116,State Senate,6,REP,EDWIN RAY VANOVER,0
McDowell,PRECINCT 1,State Senate,6,REP,ERIC PORTERFIELD,0
McDowell,PRECINCT 6,State Senate,6,REP,ERIC PORTERFIELD,1
McDowell,PRECINCT 11,State Senate,6,REP,ERIC PORTERFIELD,0
McDowell,PRECINCT 17,State Senate,6,REP,ERIC PORTERFIELD,0
McDowell,PRECINCT 20,State Senate,6,REP,ERIC PORTERFIELD,5
McDowell,PRECINCT 23,State Senate,6,REP,ERIC PORTERFIELD,2
McDowell,PRECINCT 26,State Senate,6,REP,ERIC PORTERFIELD,0
McDowell,PRECINCT 28,State Senate,6,REP,ERIC PORTERFIELD,2
McDowell,PRECINCT 32,State Senate,6,REP,ERIC PORTERFIELD,2
McDowell,PRECINCT 34,State Senate,6,REP,ERIC PORTERFIELD,2
McDowell,PRECINCT 40,State Senate,6,REP,ERIC PORTERFIELD,1
McDowell,PRECINCT 50,State Senate,6,REP,ERIC PORTERFIELD,1
McDowell,PRECINCT 58,State Senate,6,REP,ERIC PORTERFIELD,0
McDowell,PRECINCT 63,State Senate,6,REP,ERIC PORTERFIELD,1
McDowell,PRECINCT 66,State Senate,6,REP,ERIC PORTERFIELD,3
McDowell,PRECINCT 72,State Senate,6,REP,ERIC PORTERFIELD,4
McDowell,PRECINCT 73,State Senate,6,REP,ERIC PORTERFIELD,1
McDowell,PRECINCT 78,State Senate,6,REP,ERIC PORTERFIELD,0
McDowell,PRECINCT 84,State Senate,6,REP,ERIC PORTERFIELD,0
McDowell,PRECINCT 87,State Senate,6,REP,ERIC PORTERFIELD,1
McDowell,PRECINCT 91,State Senate,6,REP,ERIC PORTERFIELD,0
McDowell,PRECINCT 93,State Senate,6,REP,ERIC PORTERFIELD,0
McDowell,PRECINCT 100,State Senate,6,REP,ERIC PORTERFIELD,3
McDowell,PRECINCT 102,State Senate,6,REP,ERIC PORTERFIELD,2
McDowell,PRECINCT 104,State Senate,6,REP,ERIC PORTERFIELD,4
McDowell,PRECINCT 105,State Senate,6,REP,ERIC PORTERFIELD,1
McDowell,PRECINCT 106,State Senate,6,REP,ERIC PORTERFIELD,2
McDowell,PRECINCT 107,State Senate,6,REP,ERIC PORTERFIELD,5
McDowell,PRECINCT 111,State Senate,6,REP,ERIC PORTERFIELD,5
McDowell,PRECINCT 112,State Senate,6,REP,ERIC PORTERFIELD,3
McDowell,PRECINCT 113,State Senate,6,REP,ERIC PORTERFIELD,10
McDowell,PRECINCT 114,State Senate,6,REP,ERIC PORTERFIELD,0
McDowell,PRECINCT 116,State Senate,6,REP,ERIC PORTERFIELD,0
McDowell,PRECINCT 1,State Senate,6,DEM,JOSHUA HAMBY,11
McDowell,PRECINCT 6,State Senate,6,DEM,JOSHUA HAMBY,12
McDowell,PRECINCT 11,State Senate,6,DEM,JOSHUA HAMBY,17
McDowell,PRECINCT 17,State Senate,6,DEM,JOSHUA HAMBY,8
McDowell,PRECINCT 20,State Senate,6,DEM,JOSHUA HAMBY,9
McDowell,PRECINCT 23,State Senate,6,DEM,JOSHUA HAMBY,4
McDowell,PRECINCT 26,State Senate,6,DEM,JOSHUA HAMBY,2
McDowell,PRECINCT 28,State Senate,6,DEM,JOSHUA HAMBY,23
McDowell,PRECINCT 32,State Senate,6,DEM,JOSHUA HAMBY,17
McDowell,PRECINCT 34,State Senate,6,DEM,JOSHUA HAMBY,22
McDowell,PRECINCT 40,State Senate,6,DEM,JOSHUA HAMBY,18
McDowell,PRECINCT 50,State Senate,6,DEM,JOSHUA HAMBY,2
McDowell,PRECINCT 58,State Senate,6,DEM,JOSHUA HAMBY,7
McDowell,PRECINCT 63,State Senate,6,DEM,JOSHUA HAMBY,8
McDowell,PRECINCT 66,State Senate,6,DEM,JOSHUA HAMBY,27
McDowell,PRECINCT 72,State Senate,6,DEM,JOSHUA HAMBY,6
McDowell,PRECINCT 73,State Senate,6,DEM,JOSHUA HAMBY,12
McDowell,PRECINCT 78,State Senate,6,DEM,JOSHUA HAMBY,5
McDowell,PRECINCT 84,State Senate,6,DEM,JOSHUA HAMBY,19
McDowell,PRECINCT 87,State Senate,6,DEM,JOSHUA HAMBY,8
McDowell,PRECINCT 91,State Senate,6,DEM,JOSHUA HAMBY,2
McDowell,PRECINCT 93,State Senate,6,DEM,JOSHUA HAMBY,2
McDowell,PRECINCT 100,State Senate,6,DEM,JOSHUA HAMBY,4
McDowell,PRECINCT 102,State Senate,6,DEM,JOSHUA HAMBY,0
McDowell,PRECINCT 104,State Senate,6,DEM,JOSHUA HAMBY,6
McDowell,PRECINCT 105,State Senate,6,DEM,JOSHUA HAMBY,6
McDowell,PRECINCT 106,State Senate,6,DEM,JOSHUA HAMBY,3
McDowell,PRECINCT 107,State Senate,6,DEM,JOSHUA HAMBY,2
McDowell,PRECINCT 111,State Senate,6,DEM,JOSHUA HAMBY,0
McDowell,PRECINCT 112,State Senate,6,DEM,JOSHUA HAMBY,2
McDowell,PRECINCT 113,State Senate,6,DEM,JOSHUA HAMBY,4
McDowell,PRECINCT 114,State Senate,6,DEM,JOSHUA HAMBY,6
McDowell,PRECINCT 116,State Senate,6,DEM,JOSHUA HAMBY,6
McDowell,PRECINCT 1,State Senate,6,DEM,WYATT LILLY,6
McDowell,PRECINCT 6,State Senate,6,DEM,WYATT LILLY,10
McDowell,PRECINCT 11,State Senate,6,DEM,WYATT LILLY,13
McDowell,PRECINCT 17,State Senate,6,DEM,WYATT LILLY,4
McDowell,PRECINCT 20,State Senate,6,DEM,WYATT LILLY,13
McDowell,PRECINCT 23,State Senate,6,DEM,WYATT LILLY,8
McDowell,PRECINCT 26,State Senate,6,DEM,WYATT LILLY,3
McDowell,PRECINCT 28,State Senate,6,DEM,WYATT LILLY,23
McDowell,PRECINCT 32,State Senate,6,DEM,WYATT LILLY,14
McDowell,PRECINCT 34,State Senate,6,DEM,WYATT LILLY,19
McDowell,PRECINCT 40,State Senate,6,DEM,WYATT LILLY,12
McDowell,PRECINCT 50,State Senate,6,DEM,WYATT LILLY,3
McDowell,PRECINCT 58,State Senate,6,DEM,WYATT LILLY,4
McDowell,PRECINCT 63,State Senate,6,DEM,WYATT LILLY,15
McDowell,PRECINCT 66,State Senate,6,DEM,WYATT LILLY,15
McDowell,PRECINCT 72,State Senate,6,DEM,WYATT LILLY,11
McDowell,PRECINCT 73,State Senate,6,DEM,WYATT LILLY,15
McDowell,PRECINCT 78,State Senate,6,DEM,WYATT LILLY,6
McDowell,PRECINCT 84,State Senate,6,DEM,WYATT LILLY,12
McDowell,PRECINCT 87,State Senate,6,DEM,WYATT LILLY,5
McDowell,PRECINCT 91,State Senate,6,DEM,WYATT LILLY,11
McDowell,PRECINCT 93,State Senate,6,DEM,WYATT LILLY,1
McDowell,PRECINCT 100,State Senate,6,DEM,WYATT LILLY,3
McDowell,PRECINCT 102,State Senate,6,DEM,WYATT LILLY,6
McDowell,PRECINCT 104,State Senate,6,DEM,WYATT LILLY,3
McDowell,PRECINCT 105,State Senate,6,DEM,WYATT LILLY,4
McDowell,PRECINCT 106,State Senate,6,DEM,WYATT LILLY,1
McDowell,PRECINCT 107,State Senate,6,DEM,WYATT LILLY,5
McDowell,PRECINCT 111,State Senate,6,DEM,WYATT LILLY,3
McDowell,PRECINCT 112,State Senate,6,DEM,WYATT LILLY,1
McDowell,PRECINCT 113,State Senate,6,DEM,WYATT LILLY,5
McDowell,PRECINCT 114,State Senate,6,DEM,WYATT LILLY,5
McDowell,PRECINCT 116,State Senate,6,DEM,WYATT LILLY,3
McDowell,PRECINCT 114,State House,34,REP,BARRY C. MARCUM,0
McDowell,PRECINCT 114,State House,34,REP,JOHN W. WHITE,0
McDowell,PRECINCT 114,State House,34,REP,BRAYDAN RODNEY GOFF,1
McDowell,PRECINCT 114,State House,34,REP,JAMES 'TIGE' HARLESS,4
McDowell,PRECINCT 114,State House,34,DEM,TARA 'BABYT' SEXTON,9
McDowell,PRECINCT 1,State House,36,REP,S.P. 'PAT' McKINNEY,0
McDowell,PRECINCT 6,State House,36,REP,S.P. 'PAT' McKINNEY,1
McDowell,PRECINCT 11,State House,36,REP,S.P. 'PAT' McKINNEY,3
McDowell,PRECINCT 17,State House,36,REP,S.P. 'PAT' McKINNEY,1
McDowell,PRECINCT 20,State House,36,REP,S.P. 'PAT' McKINNEY,3
McDowell,PRECINCT 23,State House,36,REP,S.P. 'PAT' McKINNEY,3
McDowell,PRECINCT 26,State House,36,REP,S.P. 'PAT' McKINNEY,1
McDowell,PRECINCT 28,State House,36,REP,S.P. 'PAT' McKINNEY,7
McDowell,PRECINCT 32,State House,36,REP,S.P. 'PAT' McKINNEY,2
McDowell,PRECINCT 34,State House,36,REP,S.P. 'PAT' McKINNEY,5
McDowell,PRECINCT 40,State House,36,REP,S.P. 'PAT' McKINNEY,5
McDowell,PRECINCT 50,State House,36,REP,S.P. 'PAT' McKINNEY,1
McDowell,PRECINCT 58,State House,36,REP,S.P. 'PAT' McKINNEY,2
McDowell,PRECINCT 63,State House,36,REP,S.P. 'PAT' McKINNEY,1
McDowell,PRECINCT 66,State House,36,REP,S.P. 'PAT' McKINNEY,8
McDowell,PRECINCT 72,State House,36,REP,S.P. 'PAT' McKINNEY,0
McDowell,PRECINCT 73,State House,36,REP,S.P. 'PAT' McKINNEY,3
McDowell,PRECINCT 78,State House,36,REP,S.P. 'PAT' McKINNEY,1
McDowell,PRECINCT 84,State House,36,REP,S.P. 'PAT' McKINNEY,3
McDowell,PRECINCT 87,State House,36,REP,S.P. 'PAT' McKINNEY,1
McDowell,PRECINCT 91,State House,36,REP,S.P. 'PAT' McKINNEY,6
McDowell,PRECINCT 93,State House,36,REP,S.P. 'PAT' McKINNEY,1
McDowell,PRECINCT 100,State House,36,REP,S.P. 'PAT' McKINNEY,3
McDowell,PRECINCT 102,State House,36,REP,S.P. 'PAT' McKINNEY,2
McDowell,PRECINCT 104,State House,36,REP,S.P. 'PAT' McKINNEY,0
McDowell,PRECINCT 105,State House,36,REP,S.P. 'PAT' McKINNEY,6
McDowell,PRECINCT 106,State House,36,REP,S.P. 'PAT' McKINNEY,2
McDowell,PRECINCT 107,State House,36,REP,S.P. 'PAT' McKINNEY,1
McDowell,PRECINCT 111,State House,36,REP,S.P. 'PAT' McKINNEY,1
McDowell,PRECINCT 112,State House,36,REP,S.P. 'PAT' McKINNEY,4
McDowell,PRECINCT 113,State House,36,REP,S.P. 'PAT' McKINNEY,1
McDowell,PRECINCT 116,State House,36,REP,S.P. 'PAT' McKINNEY,3
McDowell,PRECINCT 1,State House,36,REP,DAVID GREEN,0
McDowell,PRECINCT 6,State House,36,REP,DAVID GREEN,8
McDowell,PRECINCT 11,State House,36,REP,DAVID GREEN,3
McDowell,PRECINCT 17,State House,36,REP,DAVID GREEN,4
McDowell,PRECINCT 20,State House,36,REP,DAVID GREEN,7
McDowell,PRECINCT 23,State House,36,REP,DAVID GREEN,8
McDowell,PRECINCT 26,State House,36,REP,DAVID GREEN,1
McDowell,PRECINCT 28,State House,36,REP,DAVID GREEN,14
McDowell,PRECINCT 32,State House,36,REP,DAVID GREEN,9
McDowell,PRECINCT 34,State House,36,REP,DAVID GREEN,11
McDowell,PRECINCT 40,State House,36,REP,DAVID GREEN,8
McDowell,PRECINCT 50,State House,36,REP,DAVID GREEN,1
McDowell,PRECINCT 58,State House,36,REP,DAVID GREEN,4
McDowell,PRECINCT 63,State House,36,REP,DAVID GREEN,3
McDowell,PRECINCT 66,State House,36,REP,DAVID GREEN,10
McDowell,PRECINCT 72,State House,36,REP,DAVID GREEN,15
McDowell,PRECINCT 73,State House,36,REP,DAVID GREEN,13
McDowell,PRECINCT 78,State House,36,REP,DAVID GREEN,5
McDowell,PRECINCT 84,State House,36,REP,DAVID GREEN,9
McDowell,PRECINCT 87,State House,36,REP,DAVID GREEN,9
McDowell,PRECINCT 91,State House,36,REP,DAVID GREEN,3
McDowell,PRECINCT 93,State House,36,REP,DAVID GREEN,2
McDowell,PRECINCT 100,State House,36,REP,DAVID GREEN,11
McDowell,PRECINCT 102,State House,36,REP,DAVID GREEN,27
McDowell,PRECINCT 104,State House,36,REP,DAVID GREEN,34
McDowell,PRECINCT 105,State House,36,REP,DAVID GREEN,25
McDowell,PRECINCT 106,State House,36,REP,DAVID GREEN,16
McDowell,PRECINCT 107,State House,36,REP,DAVID GREEN,16
McDowell,PRECINCT 111,State House,36,REP,DAVID GREEN,16
McDowell,PRECINCT 112,State House,36,REP,DAVID GREEN,14
McDowell,PRECINCT 113,State House,36,REP,DAVID GREEN,33
McDowell,PRECINCT 116,State House,36,REP,DAVID GREEN,6
McDowell,PRECINCT 1,State House,36,DEM,KATELYNN JORDAN,17
McDowell,PRECINCT 6,State House,36,DEM,KATELYNN JORDAN,22
McDowell,PRECINCT 11,State House,36,DEM,KATELYNN JORDAN,27
McDowell,PRECINCT 17,State House,36,DEM,KATELYNN JORDAN,10
McDowell,PRECINCT 20,State House,36,DEM,KATELYNN JORDAN,23
McDowell,PRECINCT 23,State House,36,DEM,KATELYNN JORDAN,12
McDowell,PRECINCT 26,State House,36,DEM,KATELYNN JORDAN,4
McDowell,PRECINCT 28,State House,36,DEM,KATELYNN JORDAN,41
McDowell,PRECINCT 32,State House,36,DEM,KATELYNN JORDAN,30
McDowell,PRECINCT 34,State House,36,DEM,KATELYNN JORDAN,43
McDowell,PRECINCT 40,State House,36,DEM,KATELYNN JORDAN,33
McDowell,PRECINCT 50,State House,36,DEM,KATELYNN JORDAN,5
McDowell,PRECINCT 58,State House,36,DEM,KATELYNN JORDAN,15
McDowell,PRECINCT 63,State House,36,DEM,KATELYNN JORDAN,21
McDowell,PRECINCT 66,State House,36,DEM,KATELYNN JORDAN,37
McDowell,PRECINCT 72,State House,36,DEM,KATELYNN JORDAN,16
McDowell,PRECINCT 73,State House,36,DEM,KATELYNN JORDAN,21
McDowell,PRECINCT 78,State House,36,DEM,KATELYNN JORDAN,9
McDowell,PRECINCT 84,State House,36,DEM,KATELYNN JORDAN,28
McDowell,PRECINCT 87,State House,36,DEM,KATELYNN JORDAN,12
McDowell,PRECINCT 91,State House,36,DEM,KATELYNN JORDAN,15
McDowell,PRECINCT 93,State House,36,DEM,KATELYNN JORDAN,4
McDowell,PRECINCT 100,State House,36,DEM,KATELYNN JORDAN,6
McDowell,PRECINCT 102,State House,36,DEM,KATELYNN JORDAN,5
McDowell,PRECINCT 104,State House,36,DEM,KATELYNN JORDAN,11
McDowell,PRECINCT 105,State House,36,DEM,KATELYNN JORDAN,10
McDowell,PRECINCT 106,State House,36,DEM,KATELYNN JORDAN,7
McDowell,PRECINCT 107,State House,36,DEM,KATELYNN JORDAN,8
McDowell,PRECINCT 111,State House,36,DEM,KATELYNN JORDAN,2
McDowell,PRECINCT 112,State House,36,DEM,KATELYNN JORDAN,4
McDowell,PRECINCT 113,State House,36,DEM,KATELYNN JORDAN,10
McDowell,PRECINCT 116,State House,36,DEM,KATELYNN JORDAN,7
McDowell,PRECINCT 1,STATE EXECUTIVE COMMITTEE,6,REP,SANDRA J. DORSEY,0
McDowell,PRECINCT 6,STATE EXECUTIVE COMMITTEE,6,REP,SANDRA J. DORSEY,1
McDowell,PRECINCT 11,STATE EXECUTIVE COMMITTEE,6,REP,SANDRA J. DORSEY,3
McDowell,PRECINCT 17,STATE EXECUTIVE COMMITTEE,6,REP,SANDRA J. DORSEY,2
McDowell,PRECINCT 20,STATE EXECUTIVE COMMITTEE,6,REP,SANDRA J. DORSEY,0
McDowell,PRECINCT 23,STATE EXECUTIVE COMMITTEE,6,REP,SANDRA J. DORSEY,3
McDowell,PRECINCT 26,STATE EXECUTIVE COMMITTEE,6,REP,SANDRA J. DORSEY,0
McDowell,PRECINCT 28,STATE EXECUTIVE COMMITTEE,6,REP,SANDRA J. DORSEY,3
McDowell,PRECINCT 32,STATE EXECUTIVE COMMITTEE,6,REP,SANDRA J. DORSEY,1
McDowell,PRECINCT 34,STATE EXECUTIVE COMMITTEE,6,REP,SANDRA J. DORSEY,2
McDowell,PRECINCT 40,STATE EXECUTIVE COMMITTEE,6,REP,SANDRA J. DORSEY,3
McDowell,PRECINCT 50,STATE EXECUTIVE COMMITTEE,6,REP,SANDRA J. DORSEY,1
McDowell,PRECINCT 58,STATE EXECUTIVE COMMITTEE,6,REP,SANDRA J. DORSEY,3
McDowell,PRECINCT 63,STATE EXECUTIVE COMMITTEE,6,REP,SANDRA J. DORSEY,2
McDowell,PRECINCT 66,STATE EXECUTIVE COMMITTEE,6,REP,SANDRA J. DORSEY,6
McDowell,PRECINCT 72,STATE EXECUTIVE COMMITTEE,6,REP,SANDRA J. DORSEY,5
McDowell,PRECINCT 73,STATE EXECUTIVE COMMITTEE,6,REP,SANDRA J. DORSEY,4
McDowell,PRECINCT 78,STATE EXECUTIVE COMMITTEE,6,REP,SANDRA J. DORSEY,1
McDowell,PRECINCT 84,STATE EXECUTIVE COMMITTEE,6,REP,SANDRA J. DORSEY,8
McDowell,PRECINCT 87,STATE EXECUTIVE COMMITTEE,6,REP,SANDRA J. DORSEY,3
McDowell,PRECINCT 91,STATE EXECUTIVE COMMITTEE,6,REP,SANDRA J. DORSEY,2
McDowell,PRECINCT 93,STATE EXECUTIVE COMMITTEE,6,REP,SANDRA J. DORSEY,1
McDowell,PRECINCT 100,STATE EXECUTIVE COMMITTEE,6,REP,SANDRA J. DORSEY,4
McDowell,PRECINCT 102,STATE EXECUTIVE COMMITTEE,6,REP,SANDRA J. DORSEY,7
McDowell,PRECINCT 104,STATE EXECUTIVE COMMITTEE,6,REP,SANDRA J. DORSEY,3
McDowell,PRECINCT 105,STATE EXECUTIVE COMMITTEE,6,REP,SANDRA J. DORSEY,8
McDowell,PRECINCT 106,STATE EXECUTIVE COMMITTEE,6,REP,SANDRA J. DORSEY,1
McDowell,PRECINCT 107,STATE EXECUTIVE COMMITTEE,6,REP,SANDRA J. DORSEY,3
McDowell,PRECINCT 111,STATE EXECUTIVE COMMITTEE,6,REP,SANDRA J. DORSEY,4
McDowell,PRECINCT 112,STATE EXECUTIVE COMMITTEE,6,REP,SANDRA J. DORSEY,1
McDowell,PRECINCT 113,STATE EXECUTIVE COMMITTEE,6,REP,SANDRA J. DORSEY,15
McDowell,PRECINCT 114,STATE EXECUTIVE COMMITTEE,6,REP,SANDRA J. DORSEY,1
McDowell,PRECINCT 116,STATE EXECUTIVE COMMITTEE,6,REP,SANDRA J. DORSEY,1
McDowell,PRECINCT 1,STATE EXECUTIVE COMMITTEE,6,REP,KAREN PENDLETON CLARK,0
McDowell,PRECINCT 6,STATE EXECUTIVE COMMITTEE,6,REP,KAREN PENDLETON CLARK,0
McDowell,PRECINCT 11,STATE EXECUTIVE COMMITTEE,6,REP,KAREN PENDLETON CLARK,3
McDowell,PRECINCT 17,STATE EXECUTIVE COMMITTEE,6,REP,KAREN PENDLETON CLARK,2
McDowell,PRECINCT 20,STATE EXECUTIVE COMMITTEE,6,REP,KAREN PENDLETON CLARK,0
McDowell,PRECINCT 23,STATE EXECUTIVE COMMITTEE,6,REP,KAREN PENDLETON CLARK,1
McDowell,PRECINCT 26,STATE EXECUTIVE COMMITTEE,6,REP,KAREN PENDLETON CLARK,0
McDowell,PRECINCT 28,STATE EXECUTIVE COMMITTEE,6,REP,KAREN PENDLETON CLARK,4
McDowell,PRECINCT 32,STATE EXECUTIVE COMMITTEE,6,REP,KAREN PENDLETON CLARK,3
McDowell,PRECINCT 34,STATE EXECUTIVE COMMITTEE,6,REP,KAREN PENDLETON CLARK,5
McDowell,PRECINCT 40,STATE EXECUTIVE COMMITTEE,6,REP,KAREN PENDLETON CLARK,2
McDowell,PRECINCT 50,STATE EXECUTIVE COMMITTEE,6,REP,KAREN PENDLETON CLARK,2
McDowell,PRECINCT 58,STATE EXECUTIVE COMMITTEE,6,REP,KAREN PENDLETON CLARK,1
McDowell,PRECINCT 63,STATE EXECUTIVE COMMITTEE,6,REP,KAREN PENDLETON CLARK,1
McDowell,PRECINCT 66,STATE EXECUTIVE COMMITTEE,6,REP,KAREN PENDLETON CLARK,1
McDowell,PRECINCT 72,STATE EXECUTIVE COMMITTEE,6,REP,KAREN PENDLETON CLARK,1
McDowell,PRECINCT 73,STATE EXECUTIVE COMMITTEE,6,REP,KAREN PENDLETON CLARK,4
McDowell,PRECINCT 78,STATE EXECUTIVE COMMITTEE,6,REP,KAREN PENDLETON CLARK,0
McDowell,PRECINCT 84,STATE EXECUTIVE COMMITTEE,6,REP,KAREN PENDLETON CLARK,2
McDowell,PRECINCT 87,STATE EXECUTIVE COMMITTEE,6,REP,KAREN PENDLETON CLARK,1
McDowell,PRECINCT 91,STATE EXECUTIVE COMMITTEE,6,REP,KAREN PENDLETON CLARK,3
McDowell,PRECINCT 93,STATE EXECUTIVE COMMITTEE,6,REP,KAREN PENDLETON CLARK,1
McDowell,PRECINCT 100,STATE EXECUTIVE COMMITTEE,6,REP,KAREN PENDLETON CLARK,1
McDowell,PRECINCT 102,STATE EXECUTIVE COMMITTEE,6,REP,KAREN PENDLETON CLARK,1
McDowell,PRECINCT 104,STATE EXECUTIVE COMMITTEE,6,REP,KAREN PENDLETON CLARK,2
McDowell,PRECINCT 105,STATE EXECUTIVE COMMITTEE,6,REP,KAREN PENDLETON CLARK,2
McDowell,PRECINCT 106,STATE EXECUTIVE COMMITTEE,6,REP,KAREN PENDLETON CLARK,2
McDowell,PRECINCT 107,STATE EXECUTIVE COMMITTEE,6,REP,KAREN PENDLETON CLARK,1
McDowell,PRECINCT 111,STATE EXECUTIVE COMMITTEE,6,REP,KAREN PENDLETON CLARK,2
McDowell,PRECINCT 112,STATE EXECUTIVE COMMITTEE,6,REP,KAREN PENDLETON CLARK,1
McDowell,PRECINCT 113,STATE EXECUTIVE COMMITTEE,6,REP,KAREN PENDLETON CLARK,3
McDowell,PRECINCT 114,STATE EXECUTIVE COMMITTEE,6,REP,KAREN PENDLETON CLARK,0
McDowell,PRECINCT 116,STATE EXECUTIVE COMMITTEE,6,REP,KAREN PENDLETON CLARK,0
McDowell,PRECINCT 1,STATE EXECUTIVE COMMITTEE,6,REP,PATRICIA DAVIS,0
McDowell,PRECINCT 6,STATE EXECUTIVE COMMITTEE,6,REP,PATRICIA DAVIS,1
McDowell,PRECINCT 11,STATE EXECUTIVE COMMITTEE,6,REP,PATRICIA DAVIS,1
McDowell,PRECINCT 17,STATE EXECUTIVE COMMITTEE,6,REP,PATRICIA DAVIS,0
McDowell,PRECINCT 20,STATE EXECUTIVE COMMITTEE,6,REP,PATRICIA DAVIS,1
McDowell,PRECINCT 23,STATE EXECUTIVE COMMITTEE,6,REP,PATRICIA DAVIS,3
McDowell,PRECINCT 26,STATE EXECUTIVE COMMITTEE,6,REP,PATRICIA DAVIS,1
McDowell,PRECINCT 28,STATE EXECUTIVE COMMITTEE,6,REP,PATRICIA DAVIS,4
McDowell,PRECINCT 32,STATE EXECUTIVE COMMITTEE,6,REP,PATRICIA DAVIS,5
McDowell,PRECINCT 34,STATE EXECUTIVE COMMITTEE,6,REP,PATRICIA DAVIS,3
McDowell,PRECINCT 40,STATE EXECUTIVE COMMITTEE,6,REP,PATRICIA DAVIS,2
McDowell,PRECINCT 50,STATE EXECUTIVE COMMITTEE,6,REP,PATRICIA DAVIS,0
McDowell,PRECINCT 58,STATE EXECUTIVE COMMITTEE,6,REP,PATRICIA DAVIS,1
McDowell,PRECINCT 63,STATE EXECUTIVE COMMITTEE,6,REP,PATRICIA DAVIS,0
McDowell,PRECINCT 66,STATE EXECUTIVE COMMITTEE,6,REP,PATRICIA DAVIS,1
McDowell,PRECINCT 72,STATE EXECUTIVE COMMITTEE,6,REP,PATRICIA DAVIS,0
McDowell,PRECINCT 73,STATE EXECUTIVE COMMITTEE,6,REP,PATRICIA DAVIS,3
McDowell,PRECINCT 78,STATE EXECUTIVE COMMITTEE,6,REP,PATRICIA DAVIS,0
McDowell,PRECINCT 84,STATE EXECUTIVE COMMITTEE,6,REP,PATRICIA DAVIS,2
McDowell,PRECINCT 87,STATE EXECUTIVE COMMITTEE,6,REP,PATRICIA DAVIS,1
McDowell,PRECINCT 91,STATE EXECUTIVE COMMITTEE,6,REP,PATRICIA DAVIS,0
McDowell,PRECINCT 93,STATE EXECUTIVE COMMITTEE,6,REP,PATRICIA DAVIS,0
McDowell,PRECINCT 100,STATE EXECUTIVE COMMITTEE,6,REP,PATRICIA DAVIS,1
McDowell,PRECINCT 102,STATE EXECUTIVE COMMITTEE,6,REP,PATRICIA DAVIS,3
McDowell,PRECINCT 104,STATE EXECUTIVE COMMITTEE,6,REP,PATRICIA DAVIS,2
McDowell,PRECINCT 105,STATE EXECUTIVE COMMITTEE,6,REP,PATRICIA DAVIS,1
McDowell,PRECINCT 106,STATE EXECUTIVE COMMITTEE,6,REP,PATRICIA DAVIS,5
McDowell,PRECINCT 107,STATE EXECUTIVE COMMITTEE,6,REP,PATRICIA DAVIS,0
McDowell,PRECINCT 111,STATE EXECUTIVE COMMITTEE,6,REP,PATRICIA DAVIS,3
McDowell,PRECINCT 112,STATE EXECUTIVE COMMITTEE,6,REP,PATRICIA DAVIS,3
McDowell,PRECINCT 113,STATE EXECUTIVE COMMITTEE,6,REP,PATRICIA DAVIS,2
McDowell,PRECINCT 114,STATE EXECUTIVE COMMITTEE,6,REP,PATRICIA DAVIS,1
McDowell,PRECINCT 116,STATE EXECUTIVE COMMITTEE,6,REP,PATRICIA DAVIS,0
McDowell,PRECINCT 1,STATE EXECUTIVE COMMITTEE,6,REP,JULIE R. GREEN,0
McDowell,PRECINCT 6,STATE EXECUTIVE COMMITTEE,6,REP,JULIE R. GREEN,10
McDowell,PRECINCT 11,STATE EXECUTIVE COMMITTEE,6,REP,JULIE R. GREEN,3
McDowell,PRECINCT 17,STATE EXECUTIVE COMMITTEE,6,REP,JULIE R. GREEN,4
McDowell,PRECINCT 20,STATE EXECUTIVE COMMITTEE,6,REP,JULIE R. GREEN,10
McDowell,PRECINCT 23,STATE EXECUTIVE COMMITTEE,6,REP,JULIE R. GREEN,8
McDowell,PRECINCT 26,STATE EXECUTIVE COMMITTEE,6,REP,JULIE R. GREEN,2
McDowell,PRECINCT 28,STATE EXECUTIVE COMMITTEE,6,REP,JULIE R. GREEN,17
McDowell,PRECINCT 32,STATE EXECUTIVE COMMITTEE,6,REP,JULIE R. GREEN,10
McDowell,PRECINCT 34,STATE EXECUTIVE COMMITTEE,6,REP,JULIE R. GREEN,10
McDowell,PRECINCT 40,STATE EXECUTIVE COMMITTEE,6,REP,JULIE R. GREEN,9
McDowell,PRECINCT 50,STATE EXECUTIVE COMMITTEE,6,REP,JULIE R. GREEN,1
McDowell,PRECINCT 58,STATE EXECUTIVE COMMITTEE,6,REP,JULIE R. GREEN,3
McDowell,PRECINCT 63,STATE EXECUTIVE COMMITTEE,6,REP,JULIE R. GREEN,5
McDowell,PRECINCT 66,STATE EXECUTIVE COMMITTEE,6,REP,JULIE R. GREEN,14
McDowell,PRECINCT 72,STATE EXECUTIVE COMMITTEE,6,REP,JULIE R. GREEN,12
McDowell,PRECINCT 73,STATE EXECUTIVE COMMITTEE,6,REP,JULIE R. GREEN,11
McDowell,PRECINCT 78,STATE EXECUTIVE COMMITTEE,6,REP,JULIE R. GREEN,4
McDowell,PRECINCT 84,STATE EXECUTIVE COMMITTEE,6,REP,JULIE R. GREEN,6
McDowell,PRECINCT 87,STATE EXECUTIVE COMMITTEE,6,REP,JULIE R. GREEN,6
McDowell,PRECINCT 91,STATE EXECUTIVE COMMITTEE,6,REP,JULIE R. GREEN,5
McDowell,PRECINCT 93,STATE EXECUTIVE COMMITTEE,6,REP,JULIE R. GREEN,2
McDowell,PRECINCT 100,STATE EXECUTIVE COMMITTEE,6,REP,JULIE R. GREEN,10
McDowell,PRECINCT 102,STATE EXECUTIVE COMMITTEE,6,REP,JULIE R. GREEN,19
McDowell,PRECINCT 104,STATE EXECUTIVE COMMITTEE,6,REP,JULIE R. GREEN,26
McDowell,PRECINCT 105,STATE EXECUTIVE COMMITTEE,6,REP,JULIE R. GREEN,29
McDowell,PRECINCT 106,STATE EXECUTIVE COMMITTEE,6,REP,JULIE R. GREEN,16
McDowell,PRECINCT 107,STATE EXECUTIVE COMMITTEE,6,REP,JULIE R. GREEN,15
McDowell,PRECINCT 111,STATE EXECUTIVE COMMITTEE,6,REP,JULIE R. GREEN,15
McDowell,PRECINCT 112,STATE EXECUTIVE COMMITTEE,6,REP,JULIE R. GREEN,8
McDowell,PRECINCT 113,STATE EXECUTIVE COMMITTEE,6,REP,JULIE R. GREEN,24
McDowell,PRECINCT 114,STATE EXECUTIVE COMMITTEE,6,REP,JULIE R. GREEN,5
McDowell,PRECINCT 116,STATE EXECUTIVE COMMITTEE,6,REP,JULIE R. GREEN,8
McDowell,PRECINCT 1,STATE EXECUTIVE COMMITTEE,6,DEM,LESIA KAE SMITH,7
McDowell,PRECINCT 6,STATE EXECUTIVE COMMITTEE,6,DEM,LESIA KAE SMITH,4
McDowell,PRECINCT 11,STATE EXECUTIVE COMMITTEE,6,DEM,LESIA KAE SMITH,11
McDowell,PRECINCT 17,STATE EXECUTIVE COMMITTEE,6,DEM,LESIA KAE SMITH,4
McDowell,PRECINCT 20,STATE EXECUTIVE COMMITTEE,6,DEM,LESIA KAE SMITH,10
McDowell,PRECINCT 23,STATE EXECUTIVE COMMITTEE,6,DEM,LESIA KAE SMITH,4
McDowell,PRECINCT 26,STATE EXECUTIVE COMMITTEE,6,DEM,LESIA KAE SMITH,2
McDowell,PRECINCT 28,STATE EXECUTIVE COMMITTEE,6,DEM,LESIA KAE SMITH,18
McDowell,PRECINCT 32,STATE EXECUTIVE COMMITTEE,6,DEM,LESIA KAE SMITH,13
McDowell,PRECINCT 34,STATE EXECUTIVE COMMITTEE,6,DEM,LESIA KAE SMITH,23
McDowell,PRECINCT 40,STATE EXECUTIVE COMMITTEE,6,DEM,LESIA KAE SMITH,10
McDowell,PRECINCT 50,STATE EXECUTIVE COMMITTEE,6,DEM,LESIA KAE SMITH,2
McDowell,PRECINCT 58,STATE EXECUTIVE COMMITTEE,6,DEM,LESIA KAE SMITH,6
McDowell,PRECINCT 63,STATE EXECUTIVE COMMITTEE,6,DEM,LESIA KAE SMITH,7
McDowell,PRECINCT 66,STATE EXECUTIVE COMMITTEE,6,DEM,LESIA KAE SMITH,15
McDowell,PRECINCT 72,STATE EXECUTIVE COMMITTEE,6,DEM,LESIA KAE SMITH,6
McDowell,PRECINCT 73,STATE EXECUTIVE COMMITTEE,6,DEM,LESIA KAE SMITH,8
McDowell,PRECINCT 78,STATE EXECUTIVE COMMITTEE,6,DEM,LESIA KAE SMITH,5
McDowell,PRECINCT 84,STATE EXECUTIVE COMMITTEE,6,DEM,LESIA KAE SMITH,13
McDowell,PRECINCT 87,STATE EXECUTIVE COMMITTEE,6,DEM,LESIA KAE SMITH,8
McDowell,PRECINCT 91,STATE EXECUTIVE COMMITTEE,6,DEM,LESIA KAE SMITH,3
McDowell,PRECINCT 93,STATE EXECUTIVE COMMITTEE,6,DEM,LESIA KAE SMITH,1
McDowell,PRECINCT 100,STATE EXECUTIVE COMMITTEE,6,DEM,LESIA KAE SMITH,2
McDowell,PRECINCT 102,STATE EXECUTIVE COMMITTEE,6,DEM,LESIA KAE SMITH,5
McDowell,PRECINCT 104,STATE EXECUTIVE COMMITTEE,6,DEM,LESIA KAE SMITH,5
McDowell,PRECINCT 105,STATE EXECUTIVE COMMITTEE,6,DEM,LESIA KAE SMITH,6
McDowell,PRECINCT 106,STATE EXECUTIVE COMMITTEE,6,DEM,LESIA KAE SMITH,5
McDowell,PRECINCT 107,STATE EXECUTIVE COMMITTEE,6,DEM,LESIA KAE SMITH,4
McDowell,PRECINCT 111,STATE EXECUTIVE COMMITTEE,6,DEM,LESIA KAE SMITH,2
McDowell,PRECINCT 112,STATE EXECUTIVE COMMITTEE,6,DEM,LESIA KAE SMITH,4
McDowell,PRECINCT 113,STATE EXECUTIVE COMMITTEE,6,DEM,LESIA KAE SMITH,7
McDowell,PRECINCT 114,STATE EXECUTIVE COMMITTEE,6,DEM,LESIA KAE SMITH,10
McDowell,PRECINCT 116,STATE EXECUTIVE COMMITTEE,6,DEM,LESIA KAE SMITH,5
McDowell,PRECINCT 1,STATE EXECUTIVE COMMITTEE,6,DEM,RANDA D. FAULKNER,13
McDowell,PRECINCT 6,STATE EXECUTIVE COMMITTEE,6,DEM,RANDA D. FAULKNER,18
McDowell,PRECINCT 11,STATE EXECUTIVE COMMITTEE,6,DEM,RANDA D. FAULKNER,22
McDowell,PRECINCT 17,STATE EXECUTIVE COMMITTEE,6,DEM,RANDA D. FAULKNER,14
McDowell,PRECINCT 20,STATE EXECUTIVE COMMITTEE,6,DEM,RANDA D. FAULKNER,19
McDowell,PRECINCT 23,STATE EXECUTIVE COMMITTEE,6,DEM,RANDA D. FAULKNER,11
McDowell,PRECINCT 26,STATE EXECUTIVE COMMITTEE,6,DEM,RANDA D. FAULKNER,3
McDowell,PRECINCT 28,STATE EXECUTIVE COMMITTEE,6,DEM,RANDA D. FAULKNER,38
McDowell,PRECINCT 32,STATE EXECUTIVE COMMITTEE,6,DEM,RANDA D. FAULKNER,26
McDowell,PRECINCT 34,STATE EXECUTIVE COMMITTEE,6,DEM,RANDA D. FAULKNER,31
McDowell,PRECINCT 40,STATE EXECUTIVE COMMITTEE,6,DEM,RANDA D. FAULKNER,34
McDowell,PRECINCT 50,STATE EXECUTIVE COMMITTEE,6,DEM,RANDA D. FAULKNER,3
McDowell,PRECINCT 58,STATE EXECUTIVE COMMITTEE,6,DEM,RANDA D. FAULKNER,10
McDowell,PRECINCT 63,STATE EXECUTIVE COMMITTEE,6,DEM,RANDA D. FAULKNER,17
McDowell,PRECINCT 66,STATE EXECUTIVE COMMITTEE,6,DEM,RANDA D. FAULKNER,36
McDowell,PRECINCT 72,STATE EXECUTIVE COMMITTEE,6,DEM,RANDA D. FAULKNER,15
McDowell,PRECINCT 73,STATE EXECUTIVE COMMITTEE,6,DEM,RANDA D. FAULKNER,25
McDowell,PRECINCT 78,STATE EXECUTIVE COMMITTEE,6,DEM,RANDA D. FAULKNER,9
McDowell,PRECINCT 84,STATE EXECUTIVE COMMITTEE,6,DEM,RANDA D. FAULKNER,27
McDowell,PRECINCT 87,STATE EXECUTIVE COMMITTEE,6,DEM,RANDA D. FAULKNER,9
McDowell,PRECINCT 91,STATE EXECUTIVE COMMITTEE,6,DEM,RANDA D. FAULKNER,16
McDowell,PRECINCT 93,STATE EXECUTIVE COMMITTEE,6,DEM,RANDA D. FAULKNER,3
McDowell,PRECINCT 100,STATE EXECUTIVE COMMITTEE,6,DEM,RANDA D. FAULKNER,6
McDowell,PRECINCT 102,STATE EXECUTIVE COMMITTEE,6,DEM,RANDA D. FAULKNER,3
McDowell,PRECINCT 104,STATE EXECUTIVE COMMITTEE,6,DEM,RANDA D. FAULKNER,9
McDowell,PRECINCT 105,STATE EXECUTIVE COMMITTEE,6,DEM,RANDA D. FAULKNER,9
McDowell,PRECINCT 106,STATE EXECUTIVE COMMITTEE,6,DEM,RANDA D. FAULKNER,6
McDowell,PRECINCT 107,STATE EXECUTIVE COMMITTEE,6,DEM,RANDA D. FAULKNER,5
McDowell,PRECINCT 111,STATE EXECUTIVE COMMITTEE,6,DEM,RANDA D. FAULKNER,1
McDowell,PRECINCT 112,STATE EXECUTIVE COMMITTEE,6,DEM,RANDA D. FAULKNER,0
McDowell,PRECINCT 113,STATE EXECUTIVE COMMITTEE,6,DEM,RANDA D. FAULKNER,6
McDowell,PRECINCT 114,STATE EXECUTIVE COMMITTEE,6,DEM,RANDA D. FAULKNER,7
McDowell,PRECINCT 116,STATE EXECUTIVE COMMITTEE,6,DEM,RANDA D. FAULKNER,6
McDowell,PRECINCT 1,STATE EXECUTIVE COMMITTEE,6,REP,DAVID GREEN,0
McDowell,PRECINCT 6,STATE EXECUTIVE COMMITTEE,6,REP,DAVID GREEN,9
McDowell,PRECINCT 11,STATE EXECUTIVE COMMITTEE,6,REP,DAVID GREEN,4
McDowell,PRECINCT 17,STATE EXECUTIVE COMMITTEE,6,REP,DAVID GREEN,3
McDowell,PRECINCT 20,STATE EXECUTIVE COMMITTEE,6,REP,DAVID GREEN,6
McDowell,PRECINCT 23,STATE EXECUTIVE COMMITTEE,6,REP,DAVID GREEN,9
McDowell,PRECINCT 26,STATE EXECUTIVE COMMITTEE,6,REP,DAVID GREEN,1
McDowell,PRECINCT 28,STATE EXECUTIVE COMMITTEE,6,REP,DAVID GREEN,14
McDowell,PRECINCT 32,STATE EXECUTIVE COMMITTEE,6,REP,DAVID GREEN,9
McDowell,PRECINCT 34,STATE EXECUTIVE COMMITTEE,6,REP,DAVID GREEN,11
McDowell,PRECINCT 40,STATE EXECUTIVE COMMITTEE,6,REP,DAVID GREEN,5
McDowell,PRECINCT 50,STATE EXECUTIVE COMMITTEE,6,REP,DAVID GREEN,1
McDowell,PRECINCT 58,STATE EXECUTIVE COMMITTEE,6,REP,DAVID GREEN,4
McDowell,PRECINCT 63,STATE EXECUTIVE COMMITTEE,6,REP,DAVID GREEN,4
McDowell,PRECINCT 66,STATE EXECUTIVE COMMITTEE,6,REP,DAVID GREEN,10
McDowell,PRECINCT 72,STATE EXECUTIVE COMMITTEE,6,REP,DAVID GREEN,14
McDowell,PRECINCT 73,STATE EXECUTIVE COMMITTEE,6,REP,DAVID GREEN,13
McDowell,PRECINCT 78,STATE EXECUTIVE COMMITTEE,6,REP,DAVID GREEN,4
McDowell,PRECINCT 84,STATE EXECUTIVE COMMITTEE,6,REP,DAVID GREEN,7
McDowell,PRECINCT 87,STATE EXECUTIVE COMMITTEE,6,REP,DAVID GREEN,9
McDowell,PRECINCT 91,STATE EXECUTIVE COMMITTEE,6,REP,DAVID GREEN,4
McDowell,PRECINCT 93,STATE EXECUTIVE COMMITTEE,6,REP,DAVID GREEN,2
McDowell,PRECINCT 100,STATE EXECUTIVE COMMITTEE,6,REP,DAVID GREEN,11
McDowell,PRECINCT 102,STATE EXECUTIVE COMMITTEE,6,REP,DAVID GREEN,23
McDowell,PRECINCT 104,STATE EXECUTIVE COMMITTEE,6,REP,DAVID GREEN,33
McDowell,PRECINCT 105,STATE EXECUTIVE COMMITTEE,6,REP,DAVID GREEN,26
McDowell,PRECINCT 106,STATE EXECUTIVE COMMITTEE,6,REP,DAVID GREEN,16
McDowell,PRECINCT 107,STATE EXECUTIVE COMMITTEE,6,REP,DAVID GREEN,16
McDowell,PRECINCT 111,STATE EXECUTIVE COMMITTEE,6,REP,DAVID GREEN,15
McDowell,PRECINCT 112,STATE EXECUTIVE COMMITTEE,6,REP,DAVID GREEN,13
McDowell,PRECINCT 113,STATE EXECUTIVE COMMITTEE,6,REP,DAVID GREEN,30
McDowell,PRECINCT 114,STATE EXECUTIVE COMMITTEE,6,REP,DAVID GREEN,5
McDowell,PRECINCT 116,STATE EXECUTIVE COMMITTEE,6,REP,DAVID GREEN,6
McDowell,PRECINCT 1,STATE EXECUTIVE COMMITTEE,6,REP,MARTY GEARHEART,0
McDowell,PRECINCT 6,STATE EXECUTIVE COMMITTEE,6,REP,MARTY GEARHEART,2
McDowell,PRECINCT 11,STATE EXECUTIVE COMMITTEE,6,REP,MARTY GEARHEART,2
McDowell,PRECINCT 17,STATE EXECUTIVE COMMITTEE,6,REP,MARTY GEARHEART,3
McDowell,PRECINCT 20,STATE EXECUTIVE COMMITTEE,6,REP,MARTY GEARHEART,0
McDowell,PRECINCT 23,STATE EXECUTIVE COMMITTEE,6,REP,MARTY GEARHEART,1
McDowell,PRECINCT 26,STATE EXECUTIVE COMMITTEE,6,REP,MARTY GEARHEART,0
McDowell,PRECINCT 28,STATE EXECUTIVE COMMITTEE,6,REP,MARTY GEARHEART,3
McDowell,PRECINCT 32,STATE EXECUTIVE COMMITTEE,6,REP,MARTY GEARHEART,3
McDowell,PRECINCT 34,STATE EXECUTIVE COMMITTEE,6,REP,MARTY GEARHEART,1
McDowell,PRECINCT 40,STATE EXECUTIVE COMMITTEE,6,REP,MARTY GEARHEART,1
McDowell,PRECINCT 50,STATE EXECUTIVE COMMITTEE,6,REP,MARTY GEARHEART,0
McDowell,PRECINCT 58,STATE EXECUTIVE COMMITTEE,6,REP,MARTY GEARHEART,1
McDowell,PRECINCT 63,STATE EXECUTIVE COMMITTEE,6,REP,MARTY GEARHEART,0
McDowell,PRECINCT 66,STATE EXECUTIVE COMMITTEE,6,REP,MARTY GEARHEART,2
McDowell,PRECINCT 72,STATE EXECUTIVE COMMITTEE,6,REP,MARTY GEARHEART,3
McDowell,PRECINCT 73,STATE EXECUTIVE COMMITTEE,6,REP,MARTY GEARHEART,3
McDowell,PRECINCT 78,STATE EXECUTIVE COMMITTEE,6,REP,MARTY GEARHEART,0
McDowell,PRECINCT 84,STATE EXECUTIVE COMMITTEE,6,REP,MARTY GEARHEART,2
McDowell,PRECINCT 87,STATE EXECUTIVE COMMITTEE,6,REP,MARTY GEARHEART,1
McDowell,PRECINCT 91,STATE EXECUTIVE COMMITTEE,6,REP,MARTY GEARHEART,0
McDowell,PRECINCT 93,STATE EXECUTIVE COMMITTEE,6,REP,MARTY GEARHEART,1
McDowell,PRECINCT 100,STATE EXECUTIVE COMMITTEE,6,REP,MARTY GEARHEART,2
McDowell,PRECINCT 102,STATE EXECUTIVE COMMITTEE,6,REP,MARTY GEARHEART,3
McDowell,PRECINCT 104,STATE EXECUTIVE COMMITTEE,6,REP,MARTY GEARHEART,3
McDowell,PRECINCT 105,STATE EXECUTIVE COMMITTEE,6,REP,MARTY GEARHEART,8
McDowell,PRECINCT 106,STATE EXECUTIVE COMMITTEE,6,REP,MARTY GEARHEART,2
McDowell,PRECINCT 107,STATE EXECUTIVE COMMITTEE,6,REP,MARTY GEARHEART,1
McDowell,PRECINCT 111,STATE EXECUTIVE COMMITTEE,6,REP,MARTY GEARHEART,1
McDowell,PRECINCT 112,STATE EXECUTIVE COMMITTEE,6,REP,MARTY GEARHEART,1
McDowell,PRECINCT 113,STATE EXECUTIVE COMMITTEE,6,REP,MARTY GEARHEART,8
McDowell,PRECINCT 114,STATE EXECUTIVE COMMITTEE,6,REP,MARTY GEARHEART,0
McDowell,PRECINCT 116,STATE EXECUTIVE COMMITTEE,6,REP,MARTY GEARHEART,3
McDowell,PRECINCT 1,STATE EXECUTIVE COMMITTEE,6,REP,LYLE COTTLE,0
McDowell,PRECINCT 6,STATE EXECUTIVE COMMITTEE,6,REP,LYLE COTTLE,0
McDowell,PRECINCT 11,STATE EXECUTIVE COMMITTEE,6,REP,LYLE COTTLE,1
McDowell,PRECINCT 17,STATE EXECUTIVE COMMITTEE,6,REP,LYLE COTTLE,0
McDowell,PRECINCT 20,STATE EXECUTIVE COMMITTEE,6,REP,LYLE COTTLE,1
McDowell,PRECINCT 23,STATE EXECUTIVE COMMITTEE,6,REP,LYLE COTTLE,0
McDowell,PRECINCT 26,STATE EXECUTIVE COMMITTEE,6,REP,LYLE COTTLE,0
McDowell,PRECINCT 28,STATE EXECUTIVE COMMITTEE,6,REP,LYLE COTTLE,0
McDowell,PRECINCT 32,STATE EXECUTIVE COMMITTEE,6,REP,LYLE COTTLE,1
McDowell,PRECINCT 34,STATE EXECUTIVE COMMITTEE,6,REP,LYLE COTTLE,0
McDowell,PRECINCT 40,STATE EXECUTIVE COMMITTEE,6,REP,LYLE COTTLE,3
McDowell,PRECINCT 50,STATE EXECUTIVE COMMITTEE,6,REP,LYLE COTTLE,2
McDowell,PRECINCT 58,STATE EXECUTIVE COMMITTEE,6,REP,LYLE COTTLE,0
McDowell,PRECINCT 63,STATE EXECUTIVE COMMITTEE,6,REP,LYLE COTTLE,0
McDowell,PRECINCT 66,STATE EXECUTIVE COMMITTEE,6,REP,LYLE COTTLE,0
McDowell,PRECINCT 72,STATE EXECUTIVE COMMITTEE,6,REP,LYLE COTTLE,0
McDowell,PRECINCT 73,STATE EXECUTIVE COMMITTEE,6,REP,LYLE COTTLE,0
McDowell,PRECINCT 78,STATE EXECUTIVE COMMITTEE,6,REP,LYLE COTTLE,0
McDowell,PRECINCT 84,STATE EXECUTIVE COMMITTEE,6,REP,LYLE COTTLE,0
McDowell,PRECINCT 87,STATE EXECUTIVE COMMITTEE,6,REP,LYLE COTTLE,0
McDowell,PRECINCT 91,STATE EXECUTIVE COMMITTEE,6,REP,LYLE COTTLE,0
McDowell,PRECINCT 93,STATE EXECUTIVE COMMITTEE,6,REP,LYLE COTTLE,1
McDowell,PRECINCT 100,STATE EXECUTIVE COMMITTEE,6,REP,LYLE COTTLE,0
McDowell,PRECINCT 102,STATE EXECUTIVE COMMITTEE,6,REP,LYLE COTTLE,2
McDowell,PRECINCT 104,STATE EXECUTIVE COMMITTEE,6,REP,LYLE COTTLE,0
McDowell,PRECINCT 105,STATE EXECUTIVE COMMITTEE,6,REP,LYLE COTTLE,0
McDowell,PRECINCT 106,STATE EXECUTIVE COMMITTEE,6,REP,LYLE COTTLE,0
McDowell,PRECINCT 107,STATE EXECUTIVE COMMITTEE,6,REP,LYLE COTTLE,0
McDowell,PRECINCT 111,STATE EXECUTIVE COMMITTEE,6,REP,LYLE COTTLE,1
McDowell,PRECINCT 112,STATE EXECUTIVE COMMITTEE,6,REP,LYLE COTTLE,0
McDowell,PRECINCT 113,STATE EXECUTIVE COMMITTEE,6,REP,LYLE COTTLE,2
McDowell,PRECINCT 114,STATE EXECUTIVE COMMITTEE,6,REP,LYLE COTTLE,0
McDowell,PRECINCT 116,STATE EXECUTIVE COMMITTEE,6,REP,LYLE COTTLE,0
McDowell,PRECINCT 1,STATE EXECUTIVE COMMITTEE,6,REP,S.P. 'PAT' McKINNEY,0
McDowell,PRECINCT 6,STATE EXECUTIVE COMMITTEE,6,REP,S.P. 'PAT' McKINNEY,1
McDowell,PRECINCT 11,STATE EXECUTIVE COMMITTEE,6,REP,S.P. 'PAT' McKINNEY,3
McDowell,PRECINCT 17,STATE EXECUTIVE COMMITTEE,6,REP,S.P. 'PAT' McKINNEY,5
McDowell,PRECINCT 20,STATE EXECUTIVE COMMITTEE,6,REP,S.P. 'PAT' McKINNEY,3
McDowell,PRECINCT 23,STATE EXECUTIVE COMMITTEE,6,REP,S.P. 'PAT' McKINNEY,3
McDowell,PRECINCT 26,STATE EXECUTIVE COMMITTEE,6,REP,S.P. 'PAT' McKINNEY,1
McDowell,PRECINCT 28,STATE EXECUTIVE COMMITTEE,6,REP,S.P. 'PAT' McKINNEY,7
McDowell,PRECINCT 32,STATE EXECUTIVE COMMITTEE,6,REP,S.P. 'PAT' McKINNEY,2
McDowell,PRECINCT 34,STATE EXECUTIVE COMMITTEE,6,REP,S.P. 'PAT' McKINNEY,6
McDowell,PRECINCT 40,STATE EXECUTIVE COMMITTEE,6,REP,S.P. 'PAT' McKINNEY,5
McDowell,PRECINCT 50,STATE EXECUTIVE COMMITTEE,6,REP,S.P. 'PAT' McKINNEY,1
McDowell,PRECINCT 58,STATE EXECUTIVE COMMITTEE,6,REP,S.P. 'PAT' McKINNEY,2
McDowell,PRECINCT 63,STATE EXECUTIVE COMMITTEE,6,REP,S.P. 'PAT' McKINNEY,3
McDowell,PRECINCT 66,STATE EXECUTIVE COMMITTEE,6,REP,S.P. 'PAT' McKINNEY,7
McDowell,PRECINCT 72,STATE EXECUTIVE COMMITTEE,6,REP,S.P. 'PAT' McKINNEY,1
McDowell,PRECINCT 73,STATE EXECUTIVE COMMITTEE,6,REP,S.P. 'PAT' McKINNEY,2
McDowell,PRECINCT 78,STATE EXECUTIVE COMMITTEE,6,REP,S.P. 'PAT' McKINNEY,2
McDowell,PRECINCT 84,STATE EXECUTIVE COMMITTEE,6,REP,S.P. 'PAT' McKINNEY,5
McDowell,PRECINCT 87,STATE EXECUTIVE COMMITTEE,6,REP,S.P. 'PAT' McKINNEY,0
McDowell,PRECINCT 91,STATE EXECUTIVE COMMITTEE,6,REP,S.P. 'PAT' McKINNEY,3
McDowell,PRECINCT 93,STATE EXECUTIVE COMMITTEE,6,REP,S.P. 'PAT' McKINNEY,0
McDowell,PRECINCT 100,STATE EXECUTIVE COMMITTEE,6,REP,S.P. 'PAT' McKINNEY,2
McDowell,PRECINCT 102,STATE EXECUTIVE COMMITTEE,6,REP,S.P. 'PAT' McKINNEY,4
McDowell,PRECINCT 104,STATE EXECUTIVE COMMITTEE,6,REP,S.P. 'PAT' McKINNEY,3
McDowell,PRECINCT 105,STATE EXECUTIVE COMMITTEE,6,REP,S.P. 'PAT' McKINNEY,6
McDowell,PRECINCT 106,STATE EXECUTIVE COMMITTEE,6,REP,S.P. 'PAT' McKINNEY,2
McDowell,PRECINCT 107,STATE EXECUTIVE COMMITTEE,6,REP,S.P. 'PAT' McKINNEY,4
McDowell,PRECINCT 111,STATE EXECUTIVE COMMITTEE,6,REP,S.P. 'PAT' McKINNEY,4
McDowell,PRECINCT 112,STATE EXECUTIVE COMMITTEE,6,REP,S.P. 'PAT' McKINNEY,5
McDowell,PRECINCT 113,STATE EXECUTIVE COMMITTEE,6,REP,S.P. 'PAT' McKINNEY,3
McDowell,PRECINCT 114,STATE EXECUTIVE COMMITTEE,6,REP,S.P. 'PAT' McKINNEY,1
McDowell,PRECINCT 116,STATE EXECUTIVE COMMITTEE,6,REP,S.P. 'PAT' McKINNEY,2
McDowell,PRECINCT 1,STATE EXECUTIVE COMMITTEE,6,REP,MARK R. MAYNARD,0
McDowell,PRECINCT 6,STATE EXECUTIVE COMMITTEE,6,REP,MARK R. MAYNARD,4
McDowell,PRECINCT 11,STATE EXECUTIVE COMMITTEE,6,REP,MARK R. MAYNARD,0
McDowell,PRECINCT 17,STATE EXECUTIVE COMMITTEE,6,REP,MARK R. MAYNARD,0
McDowell,PRECINCT 20,STATE EXECUTIVE COMMITTEE,6,REP,MARK R. MAYNARD,1
McDowell,PRECINCT 23,STATE EXECUTIVE COMMITTEE,6,REP,MARK R. MAYNARD,3
McDowell,PRECINCT 26,STATE EXECUTIVE COMMITTEE,6,REP,MARK R. MAYNARD,1
McDowell,PRECINCT 28,STATE EXECUTIVE COMMITTEE,6,REP,MARK R. MAYNARD,6
McDowell,PRECINCT 32,STATE EXECUTIVE COMMITTEE,6,REP,MARK R. MAYNARD,5
McDowell,PRECINCT 34,STATE EXECUTIVE COMMITTEE,6,REP,MARK R. MAYNARD,4
McDowell,PRECINCT 40,STATE EXECUTIVE COMMITTEE,6,REP,MARK R. MAYNARD,2
McDowell,PRECINCT 50,STATE EXECUTIVE COMMITTEE,6,REP,MARK R. MAYNARD,0
McDowell,PRECINCT 58,STATE EXECUTIVE COMMITTEE,6,REP,MARK R. MAYNARD,2
McDowell,PRECINCT 63,STATE EXECUTIVE COMMITTEE,6,REP,MARK R. MAYNARD,1
McDowell,PRECINCT 66,STATE EXECUTIVE COMMITTEE,6,REP,MARK R. MAYNARD,7
McDowell,PRECINCT 72,STATE EXECUTIVE COMMITTEE,6,REP,MARK R. MAYNARD,6
McDowell,PRECINCT 73,STATE EXECUTIVE COMMITTEE,6,REP,MARK R. MAYNARD,5
McDowell,PRECINCT 78,STATE EXECUTIVE COMMITTEE,6,REP,MARK R. MAYNARD,0
McDowell,PRECINCT 84,STATE EXECUTIVE COMMITTEE,6,REP,MARK R. MAYNARD,5
McDowell,PRECINCT 87,STATE EXECUTIVE COMMITTEE,6,REP,MARK R. MAYNARD,2
McDowell,PRECINCT 91,STATE EXECUTIVE COMMITTEE,6,REP,MARK R. MAYNARD,3
McDowell,PRECINCT 93,STATE EXECUTIVE COMMITTEE,6,REP,MARK R. MAYNARD,1
McDowell,PRECINCT 100,STATE EXECUTIVE COMMITTEE,6,REP,MARK R. MAYNARD,4
McDowell,PRECINCT 102,STATE EXECUTIVE COMMITTEE,6,REP,MARK R. MAYNARD,10
McDowell,PRECINCT 104,STATE EXECUTIVE COMMITTEE,6,REP,MARK R. MAYNARD,14
McDowell,PRECINCT 105,STATE EXECUTIVE COMMITTEE,6,REP,MARK R. MAYNARD,7
McDowell,PRECINCT 106,STATE EXECUTIVE COMMITTEE,6,REP,MARK R. MAYNARD,5
McDowell,PRECINCT 107,STATE EXECUTIVE COMMITTEE,6,REP,MARK R. MAYNARD,1
McDowell,PRECINCT 111,STATE EXECUTIVE COMMITTEE,6,REP,MARK R. MAYNARD,6
McDowell,PRECINCT 112,STATE EXECUTIVE COMMITTEE,6,REP,MARK R. MAYNARD,4
McDowell,PRECINCT 113,STATE EXECUTIVE COMMITTEE,6,REP,MARK R. MAYNARD,9
McDowell,PRECINCT 114,STATE EXECUTIVE COMMITTEE,6,REP,MARK R. MAYNARD,1
McDowell,PRECINCT 116,STATE EXECUTIVE COMMITTEE,6,REP,MARK R. MAYNARD,0
McDowell,PRECINCT 1,STATE EXECUTIVE COMMITTEE,6,DEM,TREYVON SIMMONS,14
McDowell,PRECINCT 6,STATE EXECUTIVE COMMITTEE,6,DEM,TREYVON SIMMONS,19
McDowell,PRECINCT 11,STATE EXECUTIVE COMMITTEE,6,DEM,TREYVON SIMMONS,31
McDowell,PRECINCT 17,STATE EXECUTIVE COMMITTEE,6,DEM,TREYVON SIMMONS,15
McDowell,PRECINCT 20,STATE EXECUTIVE COMMITTEE,6,DEM,TREYVON SIMMONS,18
McDowell,PRECINCT 23,STATE EXECUTIVE COMMITTEE,6,DEM,TREYVON SIMMONS,11
McDowell,PRECINCT 26,STATE EXECUTIVE COMMITTEE,6,DEM,TREYVON SIMMONS,5
McDowell,PRECINCT 28,STATE EXECUTIVE COMMITTEE,6,DEM,TREYVON SIMMONS,36
McDowell,PRECINCT 32,STATE EXECUTIVE COMMITTEE,6,DEM,TREYVON SIMMONS,24
McDowell,PRECINCT 34,STATE EXECUTIVE COMMITTEE,6,DEM,TREYVON SIMMONS,31
McDowell,PRECINCT 40,STATE EXECUTIVE COMMITTEE,6,DEM,TREYVON SIMMONS,34
McDowell,PRECINCT 50,STATE EXECUTIVE COMMITTEE,6,DEM,TREYVON SIMMONS,8
McDowell,PRECINCT 58,STATE EXECUTIVE COMMITTEE,6,DEM,TREYVON SIMMONS,12
McDowell,PRECINCT 63,STATE EXECUTIVE COMMITTEE,6,DEM,TREYVON SIMMONS,16
McDowell,PRECINCT 66,STATE EXECUTIVE COMMITTEE,6,DEM,TREYVON SIMMONS,34
McDowell,PRECINCT 72,STATE EXECUTIVE COMMITTEE,6,DEM,TREYVON SIMMONS,10
McDowell,PRECINCT 73,STATE EXECUTIVE COMMITTEE,6,DEM,TREYVON SIMMONS,19
McDowell,PRECINCT 78,STATE EXECUTIVE COMMITTEE,6,DEM,TREYVON SIMMONS,10
McDowell,PRECINCT 84,STATE EXECUTIVE COMMITTEE,6,DEM,TREYVON SIMMONS,30
McDowell,PRECINCT 87,STATE EXECUTIVE COMMITTEE,6,DEM,TREYVON SIMMONS,11
McDowell,PRECINCT 91,STATE EXECUTIVE COMMITTEE,6,DEM,TREYVON SIMMONS,13
McDowell,PRECINCT 93,STATE EXECUTIVE COMMITTEE,6,DEM,TREYVON SIMMONS,2
McDowell,PRECINCT 100,STATE EXECUTIVE COMMITTEE,6,DEM,TREYVON SIMMONS,5
McDowell,PRECINCT 102,STATE EXECUTIVE COMMITTEE,6,DEM,TREYVON SIMMONS,6
McDowell,PRECINCT 104,STATE EXECUTIVE COMMITTEE,6,DEM,TREYVON SIMMONS,7
McDowell,PRECINCT 105,STATE EXECUTIVE COMMITTEE,6,DEM,TREYVON SIMMONS,8
McDowell,PRECINCT 106,STATE EXECUTIVE COMMITTEE,6,DEM,TREYVON SIMMONS,7
McDowell,PRECINCT 107,STATE EXECUTIVE COMMITTEE,6,DEM,TREYVON SIMMONS,5
McDowell,PRECINCT 111,STATE EXECUTIVE COMMITTEE,6,DEM,TREYVON SIMMONS,2
McDowell,PRECINCT 112,STATE EXECUTIVE COMMITTEE,6,DEM,TREYVON SIMMONS,3
McDowell,PRECINCT 113,STATE EXECUTIVE COMMITTEE,6,DEM,TREYVON SIMMONS,5
McDowell,PRECINCT 114,STATE EXECUTIVE COMMITTEE,6,DEM,TREYVON SIMMONS,9
McDowell,PRECINCT 116,STATE EXECUTIVE COMMITTEE,6,DEM,TREYVON SIMMONS,7
McDowell,PRECINCT 1,STATE EXECUTIVE COMMITTEE,6,DEM,JOHNNY NICK HAGER,1
McDowell,PRECINCT 6,STATE EXECUTIVE COMMITTEE,6,DEM,JOHNNY NICK HAGER,2
McDowell,PRECINCT 11,STATE EXECUTIVE COMMITTEE,6,DEM,JOHNNY NICK HAGER,1
McDowell,PRECINCT 17,STATE EXECUTIVE COMMITTEE,6,DEM,JOHNNY NICK HAGER,0
McDowell,PRECINCT 20,STATE EXECUTIVE COMMITTEE,6,DEM,JOHNNY NICK HAGER,9
McDowell,PRECINCT 23,STATE EXECUTIVE COMMITTEE,6,DEM,JOHNNY NICK HAGER,1
McDowell,PRECINCT 26,STATE EXECUTIVE COMMITTEE,6,DEM,JOHNNY NICK HAGER,2
McDowell,PRECINCT 28,STATE EXECUTIVE COMMITTEE,6,DEM,JOHNNY NICK HAGER,10
McDowell,PRECINCT 32,STATE EXECUTIVE COMMITTEE,6,DEM,JOHNNY NICK HAGER,2
McDowell,PRECINCT 34,STATE EXECUTIVE COMMITTEE,6,DEM,JOHNNY NICK HAGER,11
McDowell,PRECINCT 40,STATE EXECUTIVE COMMITTEE,6,DEM,JOHNNY NICK HAGER,4
McDowell,PRECINCT 50,STATE EXECUTIVE COMMITTEE,6,DEM,JOHNNY NICK HAGER,0
McDowell,PRECINCT 58,STATE EXECUTIVE COMMITTEE,6,DEM,JOHNNY NICK HAGER,2
McDowell,PRECINCT 63,STATE EXECUTIVE COMMITTEE,6,DEM,JOHNNY NICK HAGER,2
McDowell,PRECINCT 66,STATE EXECUTIVE COMMITTEE,6,DEM,JOHNNY NICK HAGER,5
McDowell,PRECINCT 72,STATE EXECUTIVE COMMITTEE,6,DEM,JOHNNY NICK HAGER,5
McDowell,PRECINCT 73,STATE EXECUTIVE COMMITTEE,6,DEM,JOHNNY NICK HAGER,4
McDowell,PRECINCT 78,STATE EXECUTIVE COMMITTEE,6,DEM,JOHNNY NICK HAGER,3
McDowell,PRECINCT 84,STATE EXECUTIVE COMMITTEE,6,DEM,JOHNNY NICK HAGER,1
McDowell,PRECINCT 87,STATE EXECUTIVE COMMITTEE,6,DEM,JOHNNY NICK HAGER,3
McDowell,PRECINCT 91,STATE EXECUTIVE COMMITTEE,6,DEM,JOHNNY NICK HAGER,2
McDowell,PRECINCT 93,STATE EXECUTIVE COMMITTEE,6,DEM,JOHNNY NICK HAGER,0
McDowell,PRECINCT 100,STATE EXECUTIVE COMMITTEE,6,DEM,JOHNNY NICK HAGER,2
McDowell,PRECINCT 102,STATE EXECUTIVE COMMITTEE,6,DEM,JOHNNY NICK HAGER,0
McDowell,PRECINCT 104,STATE EXECUTIVE COMMITTEE,6,DEM,JOHNNY NICK HAGER,5
McDowell,PRECINCT 105,STATE EXECUTIVE COMMITTEE,6,DEM,JOHNNY NICK HAGER,3
McDowell,PRECINCT 106,STATE EXECUTIVE COMMITTEE,6,DEM,JOHNNY NICK HAGER,2
McDowell,PRECINCT 107,STATE EXECUTIVE COMMITTEE,6,DEM,JOHNNY NICK HAGER,3
McDowell,PRECINCT 111,STATE EXECUTIVE COMMITTEE,6,DEM,JOHNNY NICK HAGER,0
McDowell,PRECINCT 112,STATE EXECUTIVE COMMITTEE,6,DEM,JOHNNY NICK HAGER,2
McDowell,PRECINCT 113,STATE EXECUTIVE COMMITTEE,6,DEM,JOHNNY NICK HAGER,5
McDowell,PRECINCT 114,STATE EXECUTIVE COMMITTEE,6,DEM,JOHNNY NICK HAGER,3
McDowell,PRECINCT 116,STATE EXECUTIVE COMMITTEE,6,DEM,JOHNNY NICK HAGER,4
McDowell,PRECINCT 1,STATE EXECUTIVE COMMITTEE,6,DEM,NEAL VESTAL,5
McDowell,PRECINCT 6,STATE EXECUTIVE COMMITTEE,6,DEM,NEAL VESTAL,3
McDowell,PRECINCT 11,STATE EXECUTIVE COMMITTEE,6,DEM,NEAL VESTAL,11
McDowell,PRECINCT 17,STATE EXECUTIVE COMMITTEE,6,DEM,NEAL VESTAL,7
McDowell,PRECINCT 20,STATE EXECUTIVE COMMITTEE,6,DEM,NEAL VESTAL,3
McDowell,PRECINCT 23,STATE EXECUTIVE COMMITTEE,6,DEM,NEAL VESTAL,7
McDowell,PRECINCT 26,STATE EXECUTIVE COMMITTEE,6,DEM,NEAL VESTAL,0
McDowell,PRECINCT 28,STATE EXECUTIVE COMMITTEE,6,DEM,NEAL VESTAL,13
McDowell,PRECINCT 32,STATE EXECUTIVE COMMITTEE,6,DEM,NEAL VESTAL,9
McDowell,PRECINCT 34,STATE EXECUTIVE COMMITTEE,6,DEM,NEAL VESTAL,17
McDowell,PRECINCT 40,STATE EXECUTIVE COMMITTEE,6,DEM,NEAL VESTAL,18
McDowell,PRECINCT 50,STATE EXECUTIVE COMMITTEE,6,DEM,NEAL VESTAL,2
McDowell,PRECINCT 58,STATE EXECUTIVE COMMITTEE,6,DEM,NEAL VESTAL,3
McDowell,PRECINCT 63,STATE EXECUTIVE COMMITTEE,6,DEM,NEAL VESTAL,5
McDowell,PRECINCT 66,STATE EXECUTIVE COMMITTEE,6,DEM,NEAL VESTAL,16
McDowell,PRECINCT 72,STATE EXECUTIVE COMMITTEE,6,DEM,NEAL VESTAL,8
McDowell,PRECINCT 73,STATE EXECUTIVE COMMITTEE,6,DEM,NEAL VESTAL,13
McDowell,PRECINCT 78,STATE EXECUTIVE COMMITTEE,6,DEM,NEAL VESTAL,2
McDowell,PRECINCT 84,STATE EXECUTIVE COMMITTEE,6,DEM,NEAL VESTAL,9
McDowell,PRECINCT 87,STATE EXECUTIVE COMMITTEE,6,DEM,NEAL VESTAL,6
McDowell,PRECINCT 91,STATE EXECUTIVE COMMITTEE,6,DEM,NEAL VESTAL,6
McDowell,PRECINCT 93,STATE EXECUTIVE COMMITTEE,6,DEM,NEAL VESTAL,2
McDowell,PRECINCT 100,STATE EXECUTIVE COMMITTEE,6,DEM,NEAL VESTAL,1
McDowell,PRECINCT 102,STATE EXECUTIVE COMMITTEE,6,DEM,NEAL VESTAL,3
McDowell,PRECINCT 104,STATE EXECUTIVE COMMITTEE,6,DEM,NEAL VESTAL,5
McDowell,PRECINCT 105,STATE EXECUTIVE COMMITTEE,6,DEM,NEAL VESTAL,2
McDowell,PRECINCT 106,STATE EXECUTIVE COMMITTEE,6,DEM,NEAL VESTAL,0
McDowell,PRECINCT 107,STATE EXECUTIVE COMMITTEE,6,DEM,NEAL VESTAL,1
McDowell,PRECINCT 111,STATE EXECUTIVE COMMITTEE,6,DEM,NEAL VESTAL,0
McDowell,PRECINCT 112,STATE EXECUTIVE COMMITTEE,6,DEM,NEAL VESTAL,0
McDowell,PRECINCT 113,STATE EXECUTIVE COMMITTEE,6,DEM,NEAL VESTAL,5
McDowell,PRECINCT 114,STATE EXECUTIVE COMMITTEE,6,DEM,NEAL VESTAL,5
McDowell,PRECINCT 116,STATE EXECUTIVE COMMITTEE,6,DEM,NEAL VESTAL,0
McDowell,PRECINCT 1,Supreme Court of Appeals,,,MARTIN P. 'RED HAT' SHEEHAN,1
McDowell,PRECINCT 6,Supreme Court of Appeals,,,MARTIN P. 'RED HAT' SHEEHAN,1
McDowell,PRECINCT 11,Supreme Court of Appeals,,,MARTIN P. 'RED HAT' SHEEHAN,0
McDowell,PRECINCT 17,Supreme Court of Appeals,,,MARTIN P. 'RED HAT' SHEEHAN,1
McDowell,PRECINCT 20,Supreme Court of Appeals,,,MARTIN P. 'RED HAT' SHEEHAN,1
McDowell,PRECINCT 23,Supreme Court of Appeals,,,MARTIN P. 'RED HAT' SHEEHAN,1
McDowell,PRECINCT 26,Supreme Court of Appeals,,,MARTIN P. 'RED HAT' SHEEHAN,0
McDowell,PRECINCT 28,Supreme Court of Appeals,,,MARTIN P. 'RED HAT' SHEEHAN,4
McDowell,PRECINCT 32,Supreme Court of Appeals,,,MARTIN P. 'RED HAT' SHEEHAN,3
McDowell,PRECINCT 34,Supreme Court of Appeals,,,MARTIN P. 'RED HAT' SHEEHAN,1
McDowell,PRECINCT 40,Supreme Court of Appeals,,,MARTIN P. 'RED HAT' SHEEHAN,4
McDowell,PRECINCT 50,Supreme Court of Appeals,,,MARTIN P. 'RED HAT' SHEEHAN,0
McDowell,PRECINCT 58,Supreme Court of Appeals,,,MARTIN P. 'RED HAT' SHEEHAN,1
McDowell,PRECINCT 63,Supreme Court of Appeals,,,MARTIN P. 'RED HAT' SHEEHAN,2
McDowell,PRECINCT 66,Supreme Court of Appeals,,,MARTIN P. 'RED HAT' SHEEHAN,3
McDowell,PRECINCT 72,Supreme Court of Appeals,,,MARTIN P. 'RED HAT' SHEEHAN,2
McDowell,PRECINCT 73,Supreme Court of Appeals,,,MARTIN P. 'RED HAT' SHEEHAN,3
McDowell,PRECINCT 78,Supreme Court of Appeals,,,MARTIN P. 'RED HAT' SHEEHAN,1
McDowell,PRECINCT 84,Supreme Court of Appeals,,,MARTIN P. 'RED HAT' SHEEHAN,3
McDowell,PRECINCT 87,Supreme Court of Appeals,,,MARTIN P. 'RED HAT' SHEEHAN,4
McDowell,PRECINCT 91,Supreme Court of Appeals,,,MARTIN P. 'RED HAT' SHEEHAN,2
McDowell,PRECINCT 93,Supreme Court of Appeals,,,MARTIN P. 'RED HAT' SHEEHAN,0
McDowell,PRECINCT 100,Supreme Court of Appeals,,,MARTIN P. 'RED HAT' SHEEHAN,1
McDowell,PRECINCT 102,Supreme Court of Appeals,,,MARTIN P. 'RED HAT' SHEEHAN,2
McDowell,PRECINCT 104,Supreme Court of Appeals,,,MARTIN P. 'RED HAT' SHEEHAN,2
McDowell,PRECINCT 105,Supreme Court of Appeals,,,MARTIN P. 'RED HAT' SHEEHAN,2
McDowell,PRECINCT 106,Supreme Court of Appeals,,,MARTIN P. 'RED HAT' SHEEHAN,1
McDowell,PRECINCT 107,Supreme Court of Appeals,,,MARTIN P. 'RED HAT' SHEEHAN,1
McDowell,PRECINCT 111,Supreme Court of Appeals,,,MARTIN P. 'RED HAT' SHEEHAN,1
McDowell,PRECINCT 112,Supreme Court of Appeals,,,MARTIN P. 'RED HAT' SHEEHAN,1
McDowell,PRECINCT 113,Supreme Court of Appeals,,,MARTIN P. 'RED HAT' SHEEHAN,0
McDowell,PRECINCT 114,Supreme Court of Appeals,,,MARTIN P. 'RED HAT' SHEEHAN,0
McDowell,PRECINCT 116,Supreme Court of Appeals,,,MARTIN P. 'RED HAT' SHEEHAN,0
McDowell,PRECINCT 1,Supreme Court of Appeals,,,H.L. 'KIRK' KIRKPATRICK,8
McDowell,PRECINCT 6,Supreme Court of Appeals,,,H.L. 'KIRK' KIRKPATRICK,15
McDowell,PRECINCT 11,Supreme Court of Appeals,,,H.L. 'KIRK' KIRKPATRICK,30
McDowell,PRECINCT 17,Supreme Court of Appeals,,,H.L. 'KIRK' KIRKPATRICK,9
McDowell,PRECINCT 20,Supreme Court of Appeals,,,H.L. 'KIRK' KIRKPATRICK,19
McDowell,PRECINCT 23,Supreme Court of Appeals,,,H.L. 'KIRK' KIRKPATRICK,21
McDowell,PRECINCT 26,Supreme Court of Appeals,,,H.L. 'KIRK' KIRKPATRICK,7
McDowell,PRECINCT 28,Supreme Court of Appeals,,,H.L. 'KIRK' KIRKPATRICK,38
McDowell,PRECINCT 32,Supreme Court of Appeals,,,H.L. 'KIRK' KIRKPATRICK,28
McDowell,PRECINCT 34,Supreme Court of Appeals,,,H.L. 'KIRK' KIRKPATRICK,44
McDowell,PRECINCT 40,Supreme Court of Appeals,,,H.L. 'KIRK' KIRKPATRICK,31
McDowell,PRECINCT 50,Supreme Court of Appeals,,,H.L. 'KIRK' KIRKPATRICK,5
McDowell,PRECINCT 58,Supreme Court of Appeals,,,H.L. 'KIRK' KIRKPATRICK,8
McDowell,PRECINCT 63,Supreme Court of Appeals,,,H.L. 'KIRK' KIRKPATRICK,17
McDowell,PRECINCT 66,Supreme Court of Appeals,,,H.L. 'KIRK' KIRKPATRICK,38
McDowell,PRECINCT 72,Supreme Court of Appeals,,,H.L. 'KIRK' KIRKPATRICK,18
McDowell,PRECINCT 73,Supreme Court of Appeals,,,H.L. 'KIRK' KIRKPATRICK,33
McDowell,PRECINCT 78,Supreme Court of Appeals,,,H.L. 'KIRK' KIRKPATRICK,15
McDowell,PRECINCT 84,Supreme Court of Appeals,,,H.L. 'KIRK' KIRKPATRICK,28
McDowell,PRECINCT 87,Supreme Court of Appeals,,,H.L. 'KIRK' KIRKPATRICK,10
McDowell,PRECINCT 91,Supreme Court of Appeals,,,H.L. 'KIRK' KIRKPATRICK,8
McDowell,PRECINCT 93,Supreme Court of Appeals,,,H.L. 'KIRK' KIRKPATRICK,3
McDowell,PRECINCT 100,Supreme Court of Appeals,,,H.L. 'KIRK' KIRKPATRICK,12
McDowell,PRECINCT 102,Supreme Court of Appeals,,,H.L. 'KIRK' KIRKPATRICK,17
McDowell,PRECINCT 104,Supreme Court of Appeals,,,H.L. 'KIRK' KIRKPATRICK,15
McDowell,PRECINCT 105,Supreme Court of Appeals,,,H.L. 'KIRK' KIRKPATRICK,15
McDowell,PRECINCT 106,Supreme Court of Appeals,,,H.L. 'KIRK' KIRKPATRICK,12
McDowell,PRECINCT 107,Supreme Court of Appeals,,,H.L. 'KIRK' KIRKPATRICK,12
McDowell,PRECINCT 111,Supreme Court of Appeals,,,H.L. 'KIRK' KIRKPATRICK,8
McDowell,PRECINCT 112,Supreme Court of Appeals,,,H.L. 'KIRK' KIRKPATRICK,12
McDowell,PRECINCT 113,Supreme Court of Appeals,,,H.L. 'KIRK' KIRKPATRICK,22
McDowell,PRECINCT 114,Supreme Court of Appeals,,,H.L. 'KIRK' KIRKPATRICK,10
McDowell,PRECINCT 116,Supreme Court of Appeals,,,H.L. 'KIRK' KIRKPATRICK,13
McDowell,PRECINCT 1,Supreme Court of Appeals,,,GERALD TITUS,2
McDowell,PRECINCT 6,Supreme Court of Appeals,,,GERALD TITUS,6
McDowell,PRECINCT 11,Supreme Court of Appeals,,,GERALD TITUS,6
McDowell,PRECINCT 17,Supreme Court of Appeals,,,GERALD TITUS,2
McDowell,PRECINCT 20,Supreme Court of Appeals,,,GERALD TITUS,4
McDowell,PRECINCT 23,Supreme Court of Appeals,,,GERALD TITUS,2
McDowell,PRECINCT 26,Supreme Court of Appeals,,,GERALD TITUS,0
McDowell,PRECINCT 28,Supreme Court of Appeals,,,GERALD TITUS,6
McDowell,PRECINCT 32,Supreme Court of Appeals,,,GERALD TITUS,4
McDowell,PRECINCT 34,Supreme Court of Appeals,,,GERALD TITUS,3
McDowell,PRECINCT 40,Supreme Court of Appeals,,,GERALD TITUS,3
McDowell,PRECINCT 50,Supreme Court of Appeals,,,GERALD TITUS,1
McDowell,PRECINCT 58,Supreme Court of Appeals,,,GERALD TITUS,2
McDowell,PRECINCT 63,Supreme Court of Appeals,,,GERALD TITUS,2
McDowell,PRECINCT 66,Supreme Court of Appeals,,,GERALD TITUS,8
McDowell,PRECINCT 72,Supreme Court of Appeals,,,GERALD TITUS,3
McDowell,PRECINCT 73,Supreme Court of Appeals,,,GERALD TITUS,4
McDowell,PRECINCT 78,Supreme Court of Appeals,,,GERALD TITUS,3
McDowell,PRECINCT 84,Supreme Court of Appeals,,,GERALD TITUS,2
McDowell,PRECINCT 87,Supreme Court of Appeals,,,GERALD TITUS,6
McDowell,PRECINCT 91,Supreme Court of Appeals,,,GERALD TITUS,7
McDowell,PRECINCT 93,Supreme Court of Appeals,,,GERALD TITUS,3
McDowell,PRECINCT 100,Supreme Court of Appeals,,,GERALD TITUS,4
McDowell,PRECINCT 102,Supreme Court of Appeals,,,GERALD TITUS,8
McDowell,PRECINCT 104,Supreme Court of Appeals,,,GERALD TITUS,3
McDowell,PRECINCT 105,Supreme Court of Appeals,,,GERALD TITUS,7
McDowell,PRECINCT 106,Supreme Court of Appeals,,,GERALD TITUS,1
McDowell,PRECINCT 107,Supreme Court of Appeals,,,GERALD TITUS,0
McDowell,PRECINCT 111,Supreme Court of Appeals,,,GERALD TITUS,9
McDowell,PRECINCT 112,Supreme Court of Appeals,,,GERALD TITUS,0
McDowell,PRECINCT 113,Supreme Court of Appeals,,,GERALD TITUS,8
McDowell,PRECINCT 114,Supreme Court of Appeals,,,GERALD TITUS,5
McDowell,PRECINCT 116,Supreme Court of Appeals,,,GERALD TITUS,3
McDowell,PRECINCT 1,Supreme Court of Appeals,,,TODD A. KIRBY,5
McDowell,PRECINCT 6,Supreme Court of Appeals,,,TODD A. KIRBY,6
McDowell,PRECINCT 11,Supreme Court of Appeals,,,TODD A. KIRBY,4
McDowell,PRECINCT 17,Supreme Court of Appeals,,,TODD A. KIRBY,12
McDowell,PRECINCT 20,Supreme Court of Appeals,,,TODD A. KIRBY,12
McDowell,PRECINCT 23,Supreme Court of Appeals,,,TODD A. KIRBY,4
McDowell,PRECINCT 26,Supreme Court of Appeals,,,TODD A. KIRBY,0
McDowell,PRECINCT 28,Supreme Court of Appeals,,,TODD A. KIRBY,13
McDowell,PRECINCT 32,Supreme Court of Appeals,,,TODD A. KIRBY,9
McDowell,PRECINCT 34,Supreme Court of Appeals,,,TODD A. KIRBY,18
McDowell,PRECINCT 40,Supreme Court of Appeals,,,TODD A. KIRBY,20
McDowell,PRECINCT 50,Supreme Court of Appeals,,,TODD A. KIRBY,1
McDowell,PRECINCT 58,Supreme Court of Appeals,,,TODD A. KIRBY,7
McDowell,PRECINCT 63,Supreme Court of Appeals,,,TODD A. KIRBY,6
McDowell,PRECINCT 66,Supreme Court of Appeals,,,TODD A. KIRBY,9
McDowell,PRECINCT 72,Supreme Court of Appeals,,,TODD A. KIRBY,8
McDowell,PRECINCT 73,Supreme Court of Appeals,,,TODD A. KIRBY,8
McDowell,PRECINCT 78,Supreme Court of Appeals,,,TODD A. KIRBY,3
McDowell,PRECINCT 84,Supreme Court of Appeals,,,TODD A. KIRBY,14
McDowell,PRECINCT 87,Supreme Court of Appeals,,,TODD A. KIRBY,7
McDowell,PRECINCT 91,Supreme Court of Appeals,,,TODD A. KIRBY,3
McDowell,PRECINCT 93,Supreme Court of Appeals,,,TODD A. KIRBY,2
McDowell,PRECINCT 100,Supreme Court of Appeals,,,TODD A. KIRBY,4
McDowell,PRECINCT 102,Supreme Court of Appeals,,,TODD A. KIRBY,8
McDowell,PRECINCT 104,Supreme Court of Appeals,,,TODD A. KIRBY,13
McDowell,PRECINCT 105,Supreme Court of Appeals,,,TODD A. KIRBY,23
McDowell,PRECINCT 106,Supreme Court of Appeals,,,TODD A. KIRBY,7
McDowell,PRECINCT 107,Supreme Court of Appeals,,,TODD A. KIRBY,8
McDowell,PRECINCT 111,Supreme Court of Appeals,,,TODD A. KIRBY,6
McDowell,PRECINCT 112,Supreme Court of Appeals,,,TODD A. KIRBY,3
McDowell,PRECINCT 113,Supreme Court of Appeals,,,TODD A. KIRBY,13
McDowell,PRECINCT 114,Supreme Court of Appeals,,,TODD A. KIRBY,4
McDowell,PRECINCT 116,Supreme Court of Appeals,,,TODD A. KIRBY,2
McDowell,PRECINCT 1,Supreme Court of Appeals,,,LAURA V. FAIRCLOTH,4
McDowell,PRECINCT 6,Supreme Court of Appeals,,,LAURA V. FAIRCLOTH,4
McDowell,PRECINCT 11,Supreme Court of Appeals,,,LAURA V. FAIRCLOTH,0
McDowell,PRECINCT 17,Supreme Court of Appeals,,,LAURA V. FAIRCLOTH,0
McDowell,PRECINCT 20,Supreme Court of Appeals,,,LAURA V. FAIRCLOTH,3
McDowell,PRECINCT 23,Supreme Court of Appeals,,,LAURA V. FAIRCLOTH,1
McDowell,PRECINCT 26,Supreme Court of Appeals,,,LAURA V. FAIRCLOTH,0
McDowell,PRECINCT 28,Supreme Court of Appeals,,,LAURA V. FAIRCLOTH,11
McDowell,PRECINCT 32,Supreme Court of Appeals,,,LAURA V. FAIRCLOTH,3
McDowell,PRECINCT 34,Supreme Court of Appeals,,,LAURA V. FAIRCLOTH,4
McDowell,PRECINCT 40,Supreme Court of Appeals,,,LAURA V. FAIRCLOTH,2
McDowell,PRECINCT 50,Supreme Court of Appeals,,,LAURA V. FAIRCLOTH,0
McDowell,PRECINCT 58,Supreme Court of Appeals,,,LAURA V. FAIRCLOTH,2
McDowell,PRECINCT 63,Supreme Court of Appeals,,,LAURA V. FAIRCLOTH,1
McDowell,PRECINCT 66,Supreme Court of Appeals,,,LAURA V. FAIRCLOTH,5
McDowell,PRECINCT 72,Supreme Court of Appeals,,,LAURA V. FAIRCLOTH,1
McDowell,PRECINCT 73,Supreme Court of Appeals,,,LAURA V. FAIRCLOTH,2
McDowell,PRECINCT 78,Supreme Court of Appeals,,,LAURA V. FAIRCLOTH,1
McDowell,PRECINCT 84,Supreme Court of Appeals,,,LAURA V. FAIRCLOTH,3
McDowell,PRECINCT 87,Supreme Court of Appeals,,,LAURA V. FAIRCLOTH,5
McDowell,PRECINCT 91,Supreme Court of Appeals,,,LAURA V. FAIRCLOTH,4
McDowell,PRECINCT 93,Supreme Court of Appeals,,,LAURA V. FAIRCLOTH,0
McDowell,PRECINCT 100,Supreme Court of Appeals,,,LAURA V. FAIRCLOTH,0
McDowell,PRECINCT 102,Supreme Court of Appeals,,,LAURA V. FAIRCLOTH,5
McDowell,PRECINCT 104,Supreme Court of Appeals,,,LAURA V. FAIRCLOTH,6
McDowell,PRECINCT 105,Supreme Court of Appeals,,,LAURA V. FAIRCLOTH,3
McDowell,PRECINCT 106,Supreme Court of Appeals,,,LAURA V. FAIRCLOTH,2
McDowell,PRECINCT 107,Supreme Court of Appeals,,,LAURA V. FAIRCLOTH,0
McDowell,PRECINCT 111,Supreme Court of Appeals,,,LAURA V. FAIRCLOTH,0
McDowell,PRECINCT 112,Supreme Court of Appeals,,,LAURA V. FAIRCLOTH,2
McDowell,PRECINCT 113,Supreme Court of Appeals,,,LAURA V. FAIRCLOTH,2
McDowell,PRECINCT 114,Supreme Court of Appeals,,,LAURA V. FAIRCLOTH,0
McDowell,PRECINCT 116,Supreme Court of Appeals,,,LAURA V. FAIRCLOTH,1
McDowell,PRECINCT 1,Supreme Court of Appeals,,,TOM EWING,5
McDowell,PRECINCT 6,Supreme Court of Appeals,,,TOM EWING,17
McDowell,PRECINCT 11,Supreme Court of Appeals,,,TOM EWING,11
McDowell,PRECINCT 17,Supreme Court of Appeals,,,TOM EWING,9
McDowell,PRECINCT 20,Supreme Court of Appeals,,,TOM EWING,18
McDowell,PRECINCT 23,Supreme Court of Appeals,,,TOM EWING,11
McDowell,PRECINCT 26,Supreme Court of Appeals,,,TOM EWING,3
McDowell,PRECINCT 28,Supreme Court of Appeals,,,TOM EWING,23
McDowell,PRECINCT 32,Supreme Court of Appeals,,,TOM EWING,22
McDowell,PRECINCT 34,Supreme Court of Appeals,,,TOM EWING,33
McDowell,PRECINCT 40,Supreme Court of Appeals,,,TOM EWING,29
McDowell,PRECINCT 50,Supreme Court of Appeals,,,TOM EWING,1
McDowell,PRECINCT 58,Supreme Court of Appeals,,,TOM EWING,9
McDowell,PRECINCT 63,Supreme Court of Appeals,,,TOM EWING,13
McDowell,PRECINCT 66,Supreme Court of Appeals,,,TOM EWING,33
McDowell,PRECINCT 72,Supreme Court of Appeals,,,TOM EWING,11
McDowell,PRECINCT 73,Supreme Court of Appeals,,,TOM EWING,21
McDowell,PRECINCT 78,Supreme Court of Appeals,,,TOM EWING,6
McDowell,PRECINCT 84,Supreme Court of Appeals,,,TOM EWING,26
McDowell,PRECINCT 87,Supreme Court of Appeals,,,TOM EWING,18
McDowell,PRECINCT 91,Supreme Court of Appeals,,,TOM EWING,12
McDowell,PRECINCT 93,Supreme Court of Appeals,,,TOM EWING,5
McDowell,PRECINCT 100,Supreme Court of Appeals,,,TOM EWING,11
McDowell,PRECINCT 102,Supreme Court of Appeals,,,TOM EWING,20
McDowell,PRECINCT 104,Supreme Court of Appeals,,,TOM EWING,13
McDowell,PRECINCT 105,Supreme Court of Appeals,,,TOM EWING,24
McDowell,PRECINCT 106,Supreme Court of Appeals,,,TOM EWING,5
McDowell,PRECINCT 107,Supreme Court of Appeals,,,TOM EWING,9
McDowell,PRECINCT 111,Supreme Court of Appeals,,,TOM EWING,11
McDowell,PRECINCT 112,Supreme Court of Appeals,,,TOM EWING,5
McDowell,PRECINCT 113,Supreme Court of Appeals,,,TOM EWING,22
McDowell,PRECINCT 114,Supreme Court of Appeals,,,TOM EWING,11
McDowell,PRECINCT 116,Supreme Court of Appeals,,,TOM EWING,6
McDowell,PRECINCT 1,Supreme Court of Appeals,,,BILL FLANIGAN,11
McDowell,PRECINCT 6,Supreme Court of Appeals,,,BILL FLANIGAN,11
McDowell,PRECINCT 11,Supreme Court of Appeals,,,BILL FLANIGAN,20
McDowell,PRECINCT 17,Supreme Court of Appeals,,,BILL FLANIGAN,12
McDowell,PRECINCT 20,Supreme Court of Appeals,,,BILL FLANIGAN,18
McDowell,PRECINCT 23,Supreme Court of Appeals,,,BILL FLANIGAN,10
McDowell,PRECINCT 26,Supreme Court of Appeals,,,BILL FLANIGAN,4
McDowell,PRECINCT 28,Supreme Court of Appeals,,,BILL FLANIGAN,39
McDowell,PRECINCT 32,Supreme Court of Appeals,,,BILL FLANIGAN,25
McDowell,PRECINCT 34,Supreme Court of Appeals,,,BILL FLANIGAN,34
McDowell,PRECINCT 40,Supreme Court of Appeals,,,BILL FLANIGAN,29
McDowell,PRECINCT 50,Supreme Court of Appeals,,,BILL FLANIGAN,5
McDowell,PRECINCT 58,Supreme Court of Appeals,,,BILL FLANIGAN,8
McDowell,PRECINCT 63,Supreme Court of Appeals,,,BILL FLANIGAN,15
McDowell,PRECINCT 66,Supreme Court of Appeals,,,BILL FLANIGAN,24
McDowell,PRECINCT 72,Supreme Court of Appeals,,,BILL FLANIGAN,21
McDowell,PRECINCT 73,Supreme Court of Appeals,,,BILL FLANIGAN,26
McDowell,PRECINCT 78,Supreme Court of Appeals,,,BILL FLANIGAN,11
McDowell,PRECINCT 84,Supreme Court of Appeals,,,BILL FLANIGAN,24
McDowell,PRECINCT 87,Supreme Court of Appeals,,,BILL FLANIGAN,10
McDowell,PRECINCT 91,Supreme Court of Appeals,,,BILL FLANIGAN,11
McDowell,PRECINCT 93,Supreme Court of Appeals,,,BILL FLANIGAN,3
McDowell,PRECINCT 100,Supreme Court of Appeals,,,BILL FLANIGAN,9
McDowell,PRECINCT 102,Supreme Court of Appeals,,,BILL FLANIGAN,16
McDowell,PRECINCT 104,Supreme Court of Appeals,,,BILL FLANIGAN,21
McDowell,PRECINCT 105,Supreme Court of Appeals,,,BILL FLANIGAN,21
McDowell,PRECINCT 106,Supreme Court of Appeals,,,BILL FLANIGAN,12
McDowell,PRECINCT 107,Supreme Court of Appeals,,,BILL FLANIGAN,11
McDowell,PRECINCT 111,Supreme Court of Appeals,,,BILL FLANIGAN,11
McDowell,PRECINCT 112,Supreme Court of Appeals,,,BILL FLANIGAN,10
McDowell,PRECINCT 113,Supreme Court of Appeals,,,BILL FLANIGAN,19
McDowell,PRECINCT 114,Supreme Court of Appeals,,,BILL FLANIGAN,8
McDowell,PRECINCT 116,Supreme Court of Appeals,,,BILL FLANIGAN,10
McDowell,PRECINCT 1,Intermediate Court of Appeals,,,DAN GREEAR,3
McDowell,PRECINCT 6,Intermediate Court of Appeals,,,DAN GREEAR,12
McDowell,PRECINCT 11,Intermediate Court of Appeals,,,DAN GREEAR,8
McDowell,PRECINCT 17,Intermediate Court of Appeals,,,DAN GREEAR,5
McDowell,PRECINCT 20,Intermediate Court of Appeals,,,DAN GREEAR,8
McDowell,PRECINCT 23,Intermediate Court of Appeals,,,DAN GREEAR,3
McDowell,PRECINCT 26,Intermediate Court of Appeals,,,DAN GREEAR,3
McDowell,PRECINCT 28,Intermediate Court of Appeals,,,DAN GREEAR,21
McDowell,PRECINCT 32,Intermediate Court of Appeals,,,DAN GREEAR,17
McDowell,PRECINCT 34,Intermediate Court of Appeals,,,DAN GREEAR,34
McDowell,PRECINCT 40,Intermediate Court of Appeals,,,DAN GREEAR,14
McDowell,PRECINCT 50,Intermediate Court of Appeals,,,DAN GREEAR,1
McDowell,PRECINCT 58,Intermediate Court of Appeals,,,DAN GREEAR,4
McDowell,PRECINCT 63,Intermediate Court of Appeals,,,DAN GREEAR,10
McDowell,PRECINCT 66,Intermediate Court of Appeals,,,DAN GREEAR,19
McDowell,PRECINCT 72,Intermediate Court of Appeals,,,DAN GREEAR,13
McDowell,PRECINCT 73,Intermediate Court of Appeals,,,DAN GREEAR,18
McDowell,PRECINCT 78,Intermediate Court of Appeals,,,DAN GREEAR,7
McDowell,PRECINCT 84,Intermediate Court of Appeals,,,DAN GREEAR,17
McDowell,PRECINCT 87,Intermediate Court of Appeals,,,DAN GREEAR,10
McDowell,PRECINCT 91,Intermediate Court of Appeals,,,DAN GREEAR,9
McDowell,PRECINCT 93,Intermediate Court of Appeals,,,DAN GREEAR,3
McDowell,PRECINCT 100,Intermediate Court of Appeals,,,DAN GREEAR,8
McDowell,PRECINCT 102,Intermediate Court of Appeals,,,DAN GREEAR,15
McDowell,PRECINCT 104,Intermediate Court of Appeals,,,DAN GREEAR,16
McDowell,PRECINCT 105,Intermediate Court of Appeals,,,DAN GREEAR,21
McDowell,PRECINCT 106,Intermediate Court of Appeals,,,DAN GREEAR,10
McDowell,PRECINCT 107,Intermediate Court of Appeals,,,DAN GREEAR,7
McDowell,PRECINCT 111,Intermediate Court of Appeals,,,DAN GREEAR,9
McDowell,PRECINCT 112,Intermediate Court of Appeals,,,DAN GREEAR,5
McDowell,PRECINCT 113,Intermediate Court of Appeals,,,DAN GREEAR,16
McDowell,PRECINCT 114,Intermediate Court of Appeals,,,DAN GREEAR,2
McDowell,PRECINCT 116,Intermediate Court of Appeals,,,DAN GREEAR,7
McDowell,PRECINCT 1,Intermediate Court of Appeals,,,JIM DOUGLAS,13
McDowell,PRECINCT 6,Intermediate Court of Appeals,,,JIM DOUGLAS,14
McDowell,PRECINCT 11,Intermediate Court of Appeals,,,JIM DOUGLAS,24
McDowell,PRECINCT 17,Intermediate Court of Appeals,,,JIM DOUGLAS,13
McDowell,PRECINCT 20,Intermediate Court of Appeals,,,JIM DOUGLAS,28
McDowell,PRECINCT 23,Intermediate Court of Appeals,,,JIM DOUGLAS,18
McDowell,PRECINCT 26,Intermediate Court of Appeals,,,JIM DOUGLAS,3
McDowell,PRECINCT 28,Intermediate Court of Appeals,,,JIM DOUGLAS,35
McDowell,PRECINCT 32,Intermediate Court of Appeals,,,JIM DOUGLAS,25
McDowell,PRECINCT 34,Intermediate Court of Appeals,,,JIM DOUGLAS,25
McDowell,PRECINCT 40,Intermediate Court of Appeals,,,JIM DOUGLAS,39
McDowell,PRECINCT 50,Intermediate Court of Appeals,,,JIM DOUGLAS,5
McDowell,PRECINCT 58,Intermediate Court of Appeals,,,JIM DOUGLAS,13
McDowell,PRECINCT 63,Intermediate Court of Appeals,,,JIM DOUGLAS,15
McDowell,PRECINCT 66,Intermediate Court of Appeals,,,JIM DOUGLAS,39
McDowell,PRECINCT 72,Intermediate Court of Appeals,,,JIM DOUGLAS,14
McDowell,PRECINCT 73,Intermediate Court of Appeals,,,JIM DOUGLAS,29
McDowell,PRECINCT 78,Intermediate Court of Appeals,,,JIM DOUGLAS,10
McDowell,PRECINCT 84,Intermediate Court of Appeals,,,JIM DOUGLAS,27
McDowell,PRECINCT 87,Intermediate Court of Appeals,,,JIM DOUGLAS,18
McDowell,PRECINCT 91,Intermediate Court of Appeals,,,JIM DOUGLAS,16
McDowell,PRECINCT 93,Intermediate Court of Appeals,,,JIM DOUGLAS,2
McDowell,PRECINCT 100,Intermediate Court of Appeals,,,JIM DOUGLAS,13
McDowell,PRECINCT 102,Intermediate Court of Appeals,,,JIM DOUGLAS,19
McDowell,PRECINCT 104,Intermediate Court of Appeals,,,JIM DOUGLAS,16
McDowell,PRECINCT 105,Intermediate Court of Appeals,,,JIM DOUGLAS,22
McDowell,PRECINCT 106,Intermediate Court of Appeals,,,JIM DOUGLAS,9
McDowell,PRECINCT 107,Intermediate Court of Appeals,,,JIM DOUGLAS,12
McDowell,PRECINCT 111,Intermediate Court of Appeals,,,JIM DOUGLAS,12
McDowell,PRECINCT 112,Intermediate Court of Appeals,,,JIM DOUGLAS,9
McDowell,PRECINCT 113,Intermediate Court of Appeals,,,JIM DOUGLAS,18
McDowell,PRECINCT 114,Intermediate Court of Appeals,,,JIM DOUGLAS,15
McDowell,PRECINCT 116,Intermediate Court of Appeals,,,JIM DOUGLAS,7
McDowell,PRECINCT 1,REP FOR COUNTY COMMISSIONER,,REP,NO CANDIDATE FILED,0
McDowell,PRECINCT 6,REP FOR COUNTY COMMISSIONER,,REP,NO CANDIDATE FILED,0
McDowell,PRECINCT 11,REP FOR COUNTY COMMISSIONER,,REP,NO CANDIDATE FILED,0
McDowell,PRECINCT 17,REP FOR COUNTY COMMISSIONER,,REP,NO CANDIDATE FILED,0
McDowell,PRECINCT 20,REP FOR COUNTY COMMISSIONER,,REP,NO CANDIDATE FILED,0
McDowell,PRECINCT 23,REP FOR COUNTY COMMISSIONER,,REP,NO CANDIDATE FILED,0
McDowell,PRECINCT 26,REP FOR COUNTY COMMISSIONER,,REP,NO CANDIDATE FILED,0
McDowell,PRECINCT 28,REP FOR COUNTY COMMISSIONER,,REP,NO CANDIDATE FILED,0
McDowell,PRECINCT 32,REP FOR COUNTY COMMISSIONER,,REP,NO CANDIDATE FILED,0
McDowell,PRECINCT 34,REP FOR COUNTY COMMISSIONER,,REP,NO CANDIDATE FILED,0
McDowell,PRECINCT 40,REP FOR COUNTY COMMISSIONER,,REP,NO CANDIDATE FILED,0
McDowell,PRECINCT 50,REP FOR COUNTY COMMISSIONER,,REP,NO CANDIDATE FILED,0
McDowell,PRECINCT 58,REP FOR COUNTY COMMISSIONER,,REP,NO CANDIDATE FILED,0
McDowell,PRECINCT 63,REP FOR COUNTY COMMISSIONER,,REP,NO CANDIDATE FILED,0
McDowell,PRECINCT 66,REP FOR COUNTY COMMISSIONER,,REP,NO CANDIDATE FILED,0
McDowell,PRECINCT 72,REP FOR COUNTY COMMISSIONER,,REP,NO CANDIDATE FILED,0
McDowell,PRECINCT 73,REP FOR COUNTY COMMISSIONER,,REP,NO CANDIDATE FILED,0
McDowell,PRECINCT 78,REP FOR COUNTY COMMISSIONER,,REP,NO CANDIDATE FILED,0
McDowell,PRECINCT 84,REP FOR COUNTY COMMISSIONER,,REP,NO CANDIDATE FILED,0
McDowell,PRECINCT 87,REP FOR COUNTY COMMISSIONER,,REP,NO CANDIDATE FILED,0
McDowell,PRECINCT 91,REP FOR COUNTY COMMISSIONER,,REP,NO CANDIDATE FILED,0
McDowell,PRECINCT 93,REP FOR COUNTY COMMISSIONER,,REP,NO CANDIDATE FILED,0
McDowell,PRECINCT 100,REP FOR COUNTY COMMISSIONER,,REP,NO CANDIDATE FILED,0
McDowell,PRECINCT 102,REP FOR COUNTY COMMISSIONER,,REP,NO CANDIDATE FILED,0
McDowell,PRECINCT 104,REP FOR COUNTY COMMISSIONER,,REP,NO CANDIDATE FILED,0
McDowell,PRECINCT 105,REP FOR COUNTY COMMISSIONER,,REP,NO CANDIDATE FILED,0
McDowell,PRECINCT 106,REP FOR COUNTY COMMISSIONER,,REP,NO CANDIDATE FILED,0
McDowell,PRECINCT 107,REP FOR COUNTY COMMISSIONER,,REP,NO CANDIDATE FILED,0
McDowell,PRECINCT 111,REP FOR COUNTY COMMISSIONER,,REP,NO CANDIDATE FILED,0
McDowell,PRECINCT 112,REP FOR COUNTY COMMISSIONER,,REP,NO CANDIDATE FILED,0
McDowell,PRECINCT 113,REP FOR COUNTY COMMISSIONER,,REP,NO CANDIDATE FILED,0
McDowell,PRECINCT 114,REP FOR COUNTY COMMISSIONER,,REP,NO CANDIDATE FILED,0
McDowell,PRECINCT 116,REP FOR COUNTY COMMISSIONER,,REP,NO CANDIDATE FILED,0
McDowell,PRECINCT 1,DEM FOR COUNTY COMMISSIONER,,DEM,CECIL DALE PATTERSON,17
McDowell,PRECINCT 6,DEM FOR COUNTY COMMISSIONER,,DEM,CECIL DALE PATTERSON,20
McDowell,PRECINCT 11,DEM FOR COUNTY COMMISSIONER,,DEM,CECIL DALE PATTERSON,29
McDowell,PRECINCT 17,DEM FOR COUNTY COMMISSIONER,,DEM,CECIL DALE PATTERSON,11
McDowell,PRECINCT 20,DEM FOR COUNTY COMMISSIONER,,DEM,CECIL DALE PATTERSON,20
McDowell,PRECINCT 23,DEM FOR COUNTY COMMISSIONER,,DEM,CECIL DALE PATTERSON,13
McDowell,PRECINCT 26,DEM FOR COUNTY COMMISSIONER,,DEM,CECIL DALE PATTERSON,5
McDowell,PRECINCT 28,DEM FOR COUNTY COMMISSIONER,,DEM,CECIL DALE PATTERSON,43
McDowell,PRECINCT 32,DEM FOR COUNTY COMMISSIONER,,DEM,CECIL DALE PATTERSON,34
McDowell,PRECINCT 34,DEM FOR COUNTY COMMISSIONER,,DEM,CECIL DALE PATTERSON,48
McDowell,PRECINCT 40,DEM FOR COUNTY COMMISSIONER,,DEM,CECIL DALE PATTERSON,38
McDowell,PRECINCT 50,DEM FOR COUNTY COMMISSIONER,,DEM,CECIL DALE PATTERSON,5
McDowell,PRECINCT 58,DEM FOR COUNTY COMMISSIONER,,DEM,CECIL DALE PATTERSON,14
McDowell,PRECINCT 63,DEM FOR COUNTY COMMISSIONER,,DEM,CECIL DALE PATTERSON,24
McDowell,PRECINCT 66,DEM FOR COUNTY COMMISSIONER,,DEM,CECIL DALE PATTERSON,45
McDowell,PRECINCT 72,DEM FOR COUNTY COMMISSIONER,,DEM,CECIL DALE PATTERSON,16
McDowell,PRECINCT 73,DEM FOR COUNTY COMMISSIONER,,DEM,CECIL DALE PATTERSON,29
McDowell,PRECINCT 78,DEM FOR COUNTY COMMISSIONER,,DEM,CECIL DALE PATTERSON,23
McDowell,PRECINCT 84,DEM FOR COUNTY COMMISSIONER,,DEM,CECIL DALE PATTERSON,39
McDowell,PRECINCT 87,DEM FOR COUNTY COMMISSIONER,,DEM,CECIL DALE PATTERSON,11
McDowell,PRECINCT 91,DEM FOR COUNTY COMMISSIONER,,DEM,CECIL DALE PATTERSON,16
McDowell,PRECINCT 93,DEM FOR COUNTY COMMISSIONER,,DEM,CECIL DALE PATTERSON,3
McDowell,PRECINCT 100,DEM FOR COUNTY COMMISSIONER,,DEM,CECIL DALE PATTERSON,6
McDowell,PRECINCT 102,DEM FOR COUNTY COMMISSIONER,,DEM,CECIL DALE PATTERSON,6
McDowell,PRECINCT 104,DEM FOR COUNTY COMMISSIONER,,DEM,CECIL DALE PATTERSON,11
McDowell,PRECINCT 105,DEM FOR COUNTY COMMISSIONER,,DEM,CECIL DALE PATTERSON,15
McDowell,PRECINCT 106,DEM FOR COUNTY COMMISSIONER,,DEM,CECIL DALE PATTERSON,6
McDowell,PRECINCT 107,DEM FOR COUNTY COMMISSIONER,,DEM,CECIL DALE PATTERSON,6
McDowell,PRECINCT 111,DEM FOR COUNTY COMMISSIONER,,DEM,CECIL DALE PATTERSON,4
McDowell,PRECINCT 112,DEM FOR COUNTY COMMISSIONER,,DEM,CECIL DALE PATTERSON,6
McDowell,PRECINCT 113,DEM FOR COUNTY COMMISSIONER,,DEM,CECIL DALE PATTERSON,7
McDowell,PRECINCT 114,DEM FOR COUNTY COMMISSIONER,,DEM,CECIL DALE PATTERSON,9
McDowell,PRECINCT 116,DEM FOR COUNTY COMMISSIONER,,DEM,CECIL DALE PATTERSON,11
McDowell,PRECINCT 1,REP FOR CONGRESSIONAL DIST EXEC COMMITTEE DIST 1 FEMALE,,REP,JULIE R. GREEN,0
McDowell,PRECINCT 6,REP FOR CONGRESSIONAL DIST EXEC COMMITTEE DIST 1 FEMALE,,REP,JULIE R. GREEN,9
McDowell,PRECINCT 11,REP FOR CONGRESSIONAL DIST EXEC COMMITTEE DIST 1 FEMALE,,REP,JULIE R. GREEN,6
McDowell,PRECINCT 17,REP FOR CONGRESSIONAL DIST EXEC COMMITTEE DIST 1 FEMALE,,REP,JULIE R. GREEN,5
McDowell,PRECINCT 20,REP FOR CONGRESSIONAL DIST EXEC COMMITTEE DIST 1 FEMALE,,REP,JULIE R. GREEN,11
McDowell,PRECINCT 23,REP FOR CONGRESSIONAL DIST EXEC COMMITTEE DIST 1 FEMALE,,REP,JULIE R. GREEN,11
McDowell,PRECINCT 26,REP FOR CONGRESSIONAL DIST EXEC COMMITTEE DIST 1 FEMALE,,REP,JULIE R. GREEN,2
McDowell,PRECINCT 28,REP FOR CONGRESSIONAL DIST EXEC COMMITTEE DIST 1 FEMALE,,REP,JULIE R. GREEN,19
McDowell,PRECINCT 32,REP FOR CONGRESSIONAL DIST EXEC COMMITTEE DIST 1 FEMALE,,REP,JULIE R. GREEN,8
McDowell,PRECINCT 34,REP FOR CONGRESSIONAL DIST EXEC COMMITTEE DIST 1 FEMALE,,REP,JULIE R. GREEN,12
McDowell,PRECINCT 40,REP FOR CONGRESSIONAL DIST EXEC COMMITTEE DIST 1 FEMALE,,REP,JULIE R. GREEN,10
McDowell,PRECINCT 50,REP FOR CONGRESSIONAL DIST EXEC COMMITTEE DIST 1 FEMALE,,REP,JULIE R. GREEN,1
McDowell,PRECINCT 58,REP FOR CONGRESSIONAL DIST EXEC COMMITTEE DIST 1 FEMALE,,REP,JULIE R. GREEN,4
McDowell,PRECINCT 63,REP FOR CONGRESSIONAL DIST EXEC COMMITTEE DIST 1 FEMALE,,REP,JULIE R. GREEN,5
McDowell,PRECINCT 66,REP FOR CONGRESSIONAL DIST EXEC COMMITTEE DIST 1 FEMALE,,REP,JULIE R. GREEN,16
McDowell,PRECINCT 72,REP FOR CONGRESSIONAL DIST EXEC COMMITTEE DIST 1 FEMALE,,REP,JULIE R. GREEN,14
McDowell,PRECINCT 73,REP FOR CONGRESSIONAL DIST EXEC COMMITTEE DIST 1 FEMALE,,REP,JULIE R. GREEN,13
McDowell,PRECINCT 78,REP FOR CONGRESSIONAL DIST EXEC COMMITTEE DIST 1 FEMALE,,REP,JULIE R. GREEN,4
McDowell,PRECINCT 84,REP FOR CONGRESSIONAL DIST EXEC COMMITTEE DIST 1 FEMALE,,REP,JULIE R. GREEN,10
McDowell,PRECINCT 87,REP FOR CONGRESSIONAL DIST EXEC COMMITTEE DIST 1 FEMALE,,REP,JULIE R. GREEN,8
McDowell,PRECINCT 91,REP FOR CONGRESSIONAL DIST EXEC COMMITTEE DIST 1 FEMALE,,REP,JULIE R. GREEN,7
McDowell,PRECINCT 93,REP FOR CONGRESSIONAL DIST EXEC COMMITTEE DIST 1 FEMALE,,REP,JULIE R. GREEN,1
McDowell,PRECINCT 100,REP FOR CONGRESSIONAL DIST EXEC COMMITTEE DIST 1 FEMALE,,REP,JULIE R. GREEN,11
McDowell,PRECINCT 102,REP FOR CONGRESSIONAL DIST EXEC COMMITTEE DIST 1 FEMALE,,REP,JULIE R. GREEN,21
McDowell,PRECINCT 104,REP FOR CONGRESSIONAL DIST EXEC COMMITTEE DIST 1 FEMALE,,REP,JULIE R. GREEN,24
McDowell,PRECINCT 105,REP FOR CONGRESSIONAL DIST EXEC COMMITTEE DIST 1 FEMALE,,REP,JULIE R. GREEN,28
McDowell,PRECINCT 106,REP FOR CONGRESSIONAL DIST EXEC COMMITTEE DIST 1 FEMALE,,REP,JULIE R. GREEN,17
McDowell,PRECINCT 107,REP FOR CONGRESSIONAL DIST EXEC COMMITTEE DIST 1 FEMALE,,REP,JULIE R. GREEN,13
McDowell,PRECINCT 111,REP FOR CONGRESSIONAL DIST EXEC COMMITTEE DIST 1 FEMALE,,REP,JULIE R. GREEN,13
McDowell,PRECINCT 112,REP FOR CONGRESSIONAL DIST EXEC COMMITTEE DIST 1 FEMALE,,REP,JULIE R. GREEN,9
McDowell,PRECINCT 113,REP FOR CONGRESSIONAL DIST EXEC COMMITTEE DIST 1 FEMALE,,REP,JULIE R. GREEN,24
McDowell,PRECINCT 114,REP FOR CONGRESSIONAL DIST EXEC COMMITTEE DIST 1 FEMALE,,REP,JULIE R. GREEN,5
McDowell,PRECINCT 116,REP FOR CONGRESSIONAL DIST EXEC COMMITTEE DIST 1 FEMALE,,REP,JULIE R. GREEN,6
McDowell,PRECINCT 1,DEM FOR CONGRESSIONAL DIST EXEC COMMITTEE DIST 1 FEMALE,,DEM,NO CANDIDATE FILED,0
McDowell,PRECINCT 6,DEM FOR CONGRESSIONAL DIST EXEC COMMITTEE DIST 1 FEMALE,,DEM,NO CANDIDATE FILED,0
McDowell,PRECINCT 11,DEM FOR CONGRESSIONAL DIST EXEC COMMITTEE DIST 1 FEMALE,,DEM,NO CANDIDATE FILED,0
McDowell,PRECINCT 17,DEM FOR CONGRESSIONAL DIST EXEC COMMITTEE DIST 1 FEMALE,,DEM,NO CANDIDATE FILED,0
McDowell,PRECINCT 20,DEM FOR CONGRESSIONAL DIST EXEC COMMITTEE DIST 1 FEMALE,,DEM,NO CANDIDATE FILED,0
McDowell,PRECINCT 23,DEM FOR CONGRESSIONAL DIST EXEC COMMITTEE DIST 1 FEMALE,,DEM,NO CANDIDATE FILED,0
McDowell,PRECINCT 26,DEM FOR CONGRESSIONAL DIST EXEC COMMITTEE DIST 1 FEMALE,,DEM,NO CANDIDATE FILED,0
McDowell,PRECINCT 28,DEM FOR CONGRESSIONAL DIST EXEC COMMITTEE DIST 1 FEMALE,,DEM,NO CANDIDATE FILED,0
McDowell,PRECINCT 32,DEM FOR CONGRESSIONAL DIST EXEC COMMITTEE DIST 1 FEMALE,,DEM,NO CANDIDATE FILED,0
McDowell,PRECINCT 34,DEM FOR CONGRESSIONAL DIST EXEC COMMITTEE DIST 1 FEMALE,,DEM,NO CANDIDATE FILED,0
McDowell,PRECINCT 40,DEM FOR CONGRESSIONAL DIST EXEC COMMITTEE DIST 1 FEMALE,,DEM,NO CANDIDATE FILED,0
McDowell,PRECINCT 50,DEM FOR CONGRESSIONAL DIST EXEC COMMITTEE DIST 1 FEMALE,,DEM,NO CANDIDATE FILED,0
McDowell,PRECINCT 58,DEM FOR CONGRESSIONAL DIST EXEC COMMITTEE DIST 1 FEMALE,,DEM,NO CANDIDATE FILED,0
McDowell,PRECINCT 63,DEM FOR CONGRESSIONAL DIST EXEC COMMITTEE DIST 1 FEMALE,,DEM,NO CANDIDATE FILED,0
McDowell,PRECINCT 66,DEM FOR CONGRESSIONAL DIST EXEC COMMITTEE DIST 1 FEMALE,,DEM,NO CANDIDATE FILED,0
McDowell,PRECINCT 72,DEM FOR CONGRESSIONAL DIST EXEC COMMITTEE DIST 1 FEMALE,,DEM,NO CANDIDATE FILED,0
McDowell,PRECINCT 73,DEM FOR CONGRESSIONAL DIST EXEC COMMITTEE DIST 1 FEMALE,,DEM,NO CANDIDATE FILED,0
McDowell,PRECINCT 78,DEM FOR CONGRESSIONAL DIST EXEC COMMITTEE DIST 1 FEMALE,,DEM,NO CANDIDATE FILED,0
McDowell,PRECINCT 84,DEM FOR CONGRESSIONAL DIST EXEC COMMITTEE DIST 1 FEMALE,,DEM,NO CANDIDATE FILED,0
McDowell,PRECINCT 87,DEM FOR CONGRESSIONAL DIST EXEC COMMITTEE DIST 1 FEMALE,,DEM,NO CANDIDATE FILED,0
McDowell,PRECINCT 91,DEM FOR CONGRESSIONAL DIST EXEC COMMITTEE DIST 1 FEMALE,,DEM,NO CANDIDATE FILED,0
McDowell,PRECINCT 93,DEM FOR CONGRESSIONAL DIST EXEC COMMITTEE DIST 1 FEMALE,,DEM,NO CANDIDATE FILED,0
McDowell,PRECINCT 100,DEM FOR CONGRESSIONAL DIST EXEC COMMITTEE DIST 1 FEMALE,,DEM,NO CANDIDATE FILED,0
McDowell,PRECINCT 102,DEM FOR CONGRESSIONAL DIST EXEC COMMITTEE DIST 1 FEMALE,,DEM,NO CANDIDATE FILED,0
McDowell,PRECINCT 104,DEM FOR CONGRESSIONAL DIST EXEC COMMITTEE DIST 1 FEMALE,,DEM,NO CANDIDATE FILED,0
McDowell,PRECINCT 105,DEM FOR CONGRESSIONAL DIST EXEC COMMITTEE DIST 1 FEMALE,,DEM,NO CANDIDATE FILED,0
McDowell,PRECINCT 106,DEM FOR CONGRESSIONAL DIST EXEC COMMITTEE DIST 1 FEMALE,,DEM,NO CANDIDATE FILED,0
McDowell,PRECINCT 107,DEM FOR CONGRESSIONAL DIST EXEC COMMITTEE DIST 1 FEMALE,,DEM,NO CANDIDATE FILED,0
McDowell,PRECINCT 111,DEM FOR CONGRESSIONAL DIST EXEC COMMITTEE DIST 1 FEMALE,,DEM,NO CANDIDATE FILED,0
McDowell,PRECINCT 112,DEM FOR CONGRESSIONAL DIST EXEC COMMITTEE DIST 1 FEMALE,,DEM,NO CANDIDATE FILED,0
McDowell,PRECINCT 113,DEM FOR CONGRESSIONAL DIST EXEC COMMITTEE DIST 1 FEMALE,,DEM,NO CANDIDATE FILED,0
McDowell,PRECINCT 114,DEM FOR CONGRESSIONAL DIST EXEC COMMITTEE DIST 1 FEMALE,,DEM,NO CANDIDATE FILED,0
McDowell,PRECINCT 116,DEM FOR CONGRESSIONAL DIST EXEC COMMITTEE DIST 1 FEMALE,,DEM,NO CANDIDATE FILED,0
McDowell,PRECINCT 1,REP FOR CONGRESSIONAL DIST EXEC COMMITTEE DIST 1 MALE,,REP,S.P. 'PAT' McKINNEY,0
McDowell,PRECINCT 6,REP FOR CONGRESSIONAL DIST EXEC COMMITTEE DIST 1 MALE,,REP,S.P. 'PAT' McKINNEY,1
McDowell,PRECINCT 11,REP FOR CONGRESSIONAL DIST EXEC COMMITTEE DIST 1 MALE,,REP,S.P. 'PAT' McKINNEY,3
McDowell,PRECINCT 17,REP FOR CONGRESSIONAL DIST EXEC COMMITTEE DIST 1 MALE,,REP,S.P. 'PAT' McKINNEY,3
McDowell,PRECINCT 20,REP FOR CONGRESSIONAL DIST EXEC COMMITTEE DIST 1 MALE,,REP,S.P. 'PAT' McKINNEY,3
McDowell,PRECINCT 23,REP FOR CONGRESSIONAL DIST EXEC COMMITTEE DIST 1 MALE,,REP,S.P. 'PAT' McKINNEY,2
McDowell,PRECINCT 26,REP FOR CONGRESSIONAL DIST EXEC COMMITTEE DIST 1 MALE,,REP,S.P. 'PAT' McKINNEY,1
McDowell,PRECINCT 28,REP FOR CONGRESSIONAL DIST EXEC COMMITTEE DIST 1 MALE,,REP,S.P. 'PAT' McKINNEY,6
McDowell,PRECINCT 32,REP FOR CONGRESSIONAL DIST EXEC COMMITTEE DIST 1 MALE,,REP,S.P. 'PAT' McKINNEY,2
McDowell,PRECINCT 34,REP FOR CONGRESSIONAL DIST EXEC COMMITTEE DIST 1 MALE,,REP,S.P. 'PAT' McKINNEY,5
McDowell,PRECINCT 40,REP FOR CONGRESSIONAL DIST EXEC COMMITTEE DIST 1 MALE,,REP,S.P. 'PAT' McKINNEY,5
McDowell,PRECINCT 50,REP FOR CONGRESSIONAL DIST EXEC COMMITTEE DIST 1 MALE,,REP,S.P. 'PAT' McKINNEY,1
McDowell,PRECINCT 58,REP FOR CONGRESSIONAL DIST EXEC COMMITTEE DIST 1 MALE,,REP,S.P. 'PAT' McKINNEY,1
McDowell,PRECINCT 63,REP FOR CONGRESSIONAL DIST EXEC COMMITTEE DIST 1 MALE,,REP,S.P. 'PAT' McKINNEY,3
McDowell,PRECINCT 66,REP FOR CONGRESSIONAL DIST EXEC COMMITTEE DIST 1 MALE,,REP,S.P. 'PAT' McKINNEY,8
McDowell,PRECINCT 72,REP FOR CONGRESSIONAL DIST EXEC COMMITTEE DIST 1 MALE,,REP,S.P. 'PAT' McKINNEY,0
McDowell,PRECINCT 73,REP FOR CONGRESSIONAL DIST EXEC COMMITTEE DIST 1 MALE,,REP,S.P. 'PAT' McKINNEY,2
McDowell,PRECINCT 78,REP FOR CONGRESSIONAL DIST EXEC COMMITTEE DIST 1 MALE,,REP,S.P. 'PAT' McKINNEY,1
McDowell,PRECINCT 84,REP FOR CONGRESSIONAL DIST EXEC COMMITTEE DIST 1 MALE,,REP,S.P. 'PAT' McKINNEY,5
McDowell,PRECINCT 87,REP FOR CONGRESSIONAL DIST EXEC COMMITTEE DIST 1 MALE,,REP,S.P. 'PAT' McKINNEY,2
McDowell,PRECINCT 91,REP FOR CONGRESSIONAL DIST EXEC COMMITTEE DIST 1 MALE,,REP,S.P. 'PAT' McKINNEY,5
McDowell,PRECINCT 93,REP FOR CONGRESSIONAL DIST EXEC COMMITTEE DIST 1 MALE,,REP,S.P. 'PAT' McKINNEY,1
McDowell,PRECINCT 100,REP FOR CONGRESSIONAL DIST EXEC COMMITTEE DIST 1 MALE,,REP,S.P. 'PAT' McKINNEY,2
McDowell,PRECINCT 102,REP FOR CONGRESSIONAL DIST EXEC COMMITTEE DIST 1 MALE,,REP,S.P. 'PAT' McKINNEY,3
McDowell,PRECINCT 104,REP FOR CONGRESSIONAL DIST EXEC COMMITTEE DIST 1 MALE,,REP,S.P. 'PAT' McKINNEY,0
McDowell,PRECINCT 105,REP FOR CONGRESSIONAL DIST EXEC COMMITTEE DIST 1 MALE,,REP,S.P. 'PAT' McKINNEY,7
McDowell,PRECINCT 106,REP FOR CONGRESSIONAL DIST EXEC COMMITTEE DIST 1 MALE,,REP,S.P. 'PAT' McKINNEY,1
McDowell,PRECINCT 107,REP FOR CONGRESSIONAL DIST EXEC COMMITTEE DIST 1 MALE,,REP,S.P. 'PAT' McKINNEY,1
McDowell,PRECINCT 111,REP FOR CONGRESSIONAL DIST EXEC COMMITTEE DIST 1 MALE,,REP,S.P. 'PAT' McKINNEY,1
McDowell,PRECINCT 112,REP FOR CONGRESSIONAL DIST EXEC COMMITTEE DIST 1 MALE,,REP,S.P. 'PAT' McKINNEY,4
McDowell,PRECINCT 113,REP FOR CONGRESSIONAL DIST EXEC COMMITTEE DIST 1 MALE,,REP,S.P. 'PAT' McKINNEY,1
McDowell,PRECINCT 114,REP FOR CONGRESSIONAL DIST EXEC COMMITTEE DIST 1 MALE,,REP,S.P. 'PAT' McKINNEY,0
McDowell,PRECINCT 116,REP FOR CONGRESSIONAL DIST EXEC COMMITTEE DIST 1 MALE,,REP,S.P. 'PAT' McKINNEY,2
McDowell,PRECINCT 1,REP FOR CONGRESSIONAL DIST EXEC COMMITTEE DIST 1 MALE,,REP,DAVID GREEN,0
McDowell,PRECINCT 6,REP FOR CONGRESSIONAL DIST EXEC COMMITTEE DIST 1 MALE,,REP,DAVID GREEN,9
McDowell,PRECINCT 11,REP FOR CONGRESSIONAL DIST EXEC COMMITTEE DIST 1 MALE,,REP,DAVID GREEN,3
McDowell,PRECINCT 17,REP FOR CONGRESSIONAL DIST EXEC COMMITTEE DIST 1 MALE,,REP,DAVID GREEN,1
McDowell,PRECINCT 20,REP FOR CONGRESSIONAL DIST EXEC COMMITTEE DIST 1 MALE,,REP,DAVID GREEN,7
McDowell,PRECINCT 23,REP FOR CONGRESSIONAL DIST EXEC COMMITTEE DIST 1 MALE,,REP,DAVID GREEN,10
McDowell,PRECINCT 26,REP FOR CONGRESSIONAL DIST EXEC COMMITTEE DIST 1 MALE,,REP,DAVID GREEN,1
McDowell,PRECINCT 28,REP FOR CONGRESSIONAL DIST EXEC COMMITTEE DIST 1 MALE,,REP,DAVID GREEN,13
McDowell,PRECINCT 32,REP FOR CONGRESSIONAL DIST EXEC COMMITTEE DIST 1 MALE,,REP,DAVID GREEN,9
McDowell,PRECINCT 34,REP FOR CONGRESSIONAL DIST EXEC COMMITTEE DIST 1 MALE,,REP,DAVID GREEN,10
McDowell,PRECINCT 40,REP FOR CONGRESSIONAL DIST EXEC COMMITTEE DIST 1 MALE,,REP,DAVID GREEN,7
McDowell,PRECINCT 50,REP FOR CONGRESSIONAL DIST EXEC COMMITTEE DIST 1 MALE,,REP,DAVID GREEN,1
McDowell,PRECINCT 58,REP FOR CONGRESSIONAL DIST EXEC COMMITTEE DIST 1 MALE,,REP,DAVID GREEN,4
McDowell,PRECINCT 63,REP FOR CONGRESSIONAL DIST EXEC COMMITTEE DIST 1 MALE,,REP,DAVID GREEN,2
McDowell,PRECINCT 66,REP FOR CONGRESSIONAL DIST EXEC COMMITTEE DIST 1 MALE,,REP,DAVID GREEN,10
McDowell,PRECINCT 72,REP FOR CONGRESSIONAL DIST EXEC COMMITTEE DIST 1 MALE,,REP,DAVID GREEN,14
McDowell,PRECINCT 73,REP FOR CONGRESSIONAL DIST EXEC COMMITTEE DIST 1 MALE,,REP,DAVID GREEN,12
McDowell,PRECINCT 78,REP FOR CONGRESSIONAL DIST EXEC COMMITTEE DIST 1 MALE,,REP,DAVID GREEN,4
McDowell,PRECINCT 84,REP FOR CONGRESSIONAL DIST EXEC COMMITTEE DIST 1 MALE,,REP,DAVID GREEN,9
McDowell,PRECINCT 87,REP FOR CONGRESSIONAL DIST EXEC COMMITTEE DIST 1 MALE,,REP,DAVID GREEN,8
McDowell,PRECINCT 91,REP FOR CONGRESSIONAL DIST EXEC COMMITTEE DIST 1 MALE,,REP,DAVID GREEN,3
McDowell,PRECINCT 93,REP FOR CONGRESSIONAL DIST EXEC COMMITTEE DIST 1 MALE,,REP,DAVID GREEN,2
McDowell,PRECINCT 100,REP FOR CONGRESSIONAL DIST EXEC COMMITTEE DIST 1 MALE,,REP,DAVID GREEN,11
McDowell,PRECINCT 102,REP FOR CONGRESSIONAL DIST EXEC COMMITTEE DIST 1 MALE,,REP,DAVID GREEN,23
McDowell,PRECINCT 104,REP FOR CONGRESSIONAL DIST EXEC COMMITTEE DIST 1 MALE,,REP,DAVID GREEN,32
McDowell,PRECINCT 105,REP FOR CONGRESSIONAL DIST EXEC COMMITTEE DIST 1 MALE,,REP,DAVID GREEN,26
McDowell,PRECINCT 106,REP FOR CONGRESSIONAL DIST EXEC COMMITTEE DIST 1 MALE,,REP,DAVID GREEN,18
McDowell,PRECINCT 107,REP FOR CONGRESSIONAL DIST EXEC COMMITTEE DIST 1 MALE,,REP,DAVID GREEN,14
McDowell,PRECINCT 111,REP FOR CONGRESSIONAL DIST EXEC COMMITTEE DIST 1 MALE,,REP,DAVID GREEN,16
McDowell,PRECINCT 112,REP FOR CONGRESSIONAL DIST EXEC COMMITTEE DIST 1 MALE,,REP,DAVID GREEN,14
McDowell,PRECINCT 113,REP FOR CONGRESSIONAL DIST EXEC COMMITTEE DIST 1 MALE,,REP,DAVID GREEN,32
McDowell,PRECINCT 114,REP FOR CONGRESSIONAL DIST EXEC COMMITTEE DIST 1 MALE,,REP,DAVID GREEN,5
McDowell,PRECINCT 116,REP FOR CONGRESSIONAL DIST EXEC COMMITTEE DIST 1 MALE,,REP,DAVID GREEN,6
McDowell,PRECINCT 1,DEM FOR CONGRESSIONAL DIST EXEC COMMITTEE DIST 1 MALE,,DEM,NO CANDIDATE FILED,0
McDowell,PRECINCT 6,DEM FOR CONGRESSIONAL DIST EXEC COMMITTEE DIST 1 MALE,,DEM,NO CANDIDATE FILED,0
McDowell,PRECINCT 11,DEM FOR CONGRESSIONAL DIST EXEC COMMITTEE DIST 1 MALE,,DEM,NO CANDIDATE FILED,0
McDowell,PRECINCT 17,DEM FOR CONGRESSIONAL DIST EXEC COMMITTEE DIST 1 MALE,,DEM,NO CANDIDATE FILED,0
McDowell,PRECINCT 20,DEM FOR CONGRESSIONAL DIST EXEC COMMITTEE DIST 1 MALE,,DEM,NO CANDIDATE FILED,0
McDowell,PRECINCT 23,DEM FOR CONGRESSIONAL DIST EXEC COMMITTEE DIST 1 MALE,,DEM,NO CANDIDATE FILED,0
McDowell,PRECINCT 26,DEM FOR CONGRESSIONAL DIST EXEC COMMITTEE DIST 1 MALE,,DEM,NO CANDIDATE FILED,0
McDowell,PRECINCT 28,DEM FOR CONGRESSIONAL DIST EXEC COMMITTEE DIST 1 MALE,,DEM,NO CANDIDATE FILED,0
McDowell,PRECINCT 32,DEM FOR CONGRESSIONAL DIST EXEC COMMITTEE DIST 1 MALE,,DEM,NO CANDIDATE FILED,0
McDowell,PRECINCT 34,DEM FOR CONGRESSIONAL DIST EXEC COMMITTEE DIST 1 MALE,,DEM,NO CANDIDATE FILED,0
McDowell,PRECINCT 40,DEM FOR CONGRESSIONAL DIST EXEC COMMITTEE DIST 1 MALE,,DEM,NO CANDIDATE FILED,0
McDowell,PRECINCT 50,DEM FOR CONGRESSIONAL DIST EXEC COMMITTEE DIST 1 MALE,,DEM,NO CANDIDATE FILED,0
McDowell,PRECINCT 58,DEM FOR CONGRESSIONAL DIST EXEC COMMITTEE DIST 1 MALE,,DEM,NO CANDIDATE FILED,0
McDowell,PRECINCT 63,DEM FOR CONGRESSIONAL DIST EXEC COMMITTEE DIST 1 MALE,,DEM,NO CANDIDATE FILED,0
McDowell,PRECINCT 66,DEM FOR CONGRESSIONAL DIST EXEC COMMITTEE DIST 1 MALE,,DEM,NO CANDIDATE FILED,0
McDowell,PRECINCT 72,DEM FOR CONGRESSIONAL DIST EXEC COMMITTEE DIST 1 MALE,,DEM,NO CANDIDATE FILED,0
McDowell,PRECINCT 73,DEM FOR CONGRESSIONAL DIST EXEC COMMITTEE DIST 1 MALE,,DEM,NO CANDIDATE FILED,0
McDowell,PRECINCT 78,DEM FOR CONGRESSIONAL DIST EXEC COMMITTEE DIST 1 MALE,,DEM,NO CANDIDATE FILED,0
McDowell,PRECINCT 84,DEM FOR CONGRESSIONAL DIST EXEC COMMITTEE DIST 1 MALE,,DEM,NO CANDIDATE FILED,0
McDowell,PRECINCT 87,DEM FOR CONGRESSIONAL DIST EXEC COMMITTEE DIST 1 MALE,,DEM,NO CANDIDATE FILED,0
McDowell,PRECINCT 91,DEM FOR CONGRESSIONAL DIST EXEC COMMITTEE DIST 1 MALE,,DEM,NO CANDIDATE FILED,0
McDowell,PRECINCT 93,DEM FOR CONGRESSIONAL DIST EXEC COMMITTEE DIST 1 MALE,,DEM,NO CANDIDATE FILED,0
McDowell,PRECINCT 100,DEM FOR CONGRESSIONAL DIST EXEC COMMITTEE DIST 1 MALE,,DEM,NO CANDIDATE FILED,0
McDowell,PRECINCT 102,DEM FOR CONGRESSIONAL DIST EXEC COMMITTEE DIST 1 MALE,,DEM,NO CANDIDATE FILED,0
McDowell,PRECINCT 104,DEM FOR CONGRESSIONAL DIST EXEC COMMITTEE DIST 1 MALE,,DEM,NO CANDIDATE FILED,0
McDowell,PRECINCT 105,DEM FOR CONGRESSIONAL DIST EXEC COMMITTEE DIST 1 MALE,,DEM,NO CANDIDATE FILED,0
McDowell,PRECINCT 106,DEM FOR CONGRESSIONAL DIST EXEC COMMITTEE DIST 1 MALE,,DEM,NO CANDIDATE FILED,0
McDowell,PRECINCT 107,DEM FOR CONGRESSIONAL DIST EXEC COMMITTEE DIST 1 MALE,,DEM,NO CANDIDATE FILED,0
McDowell,PRECINCT 111,DEM FOR CONGRESSIONAL DIST EXEC COMMITTEE DIST 1 MALE,,DEM,NO CANDIDATE FILED,0
McDowell,PRECINCT 112,DEM FOR CONGRESSIONAL DIST EXEC COMMITTEE DIST 1 MALE,,DEM,NO CANDIDATE FILED,0
McDowell,PRECINCT 113,DEM FOR CONGRESSIONAL DIST EXEC COMMITTEE DIST 1 MALE,,DEM,NO CANDIDATE FILED,0
McDowell,PRECINCT 114,DEM FOR CONGRESSIONAL DIST EXEC COMMITTEE DIST 1 MALE,,DEM,NO CANDIDATE FILED,0
McDowell,PRECINCT 116,DEM FOR CONGRESSIONAL DIST EXEC COMMITTEE DIST 1 MALE,,DEM,NO CANDIDATE FILED,0
McDowell,PRECINCT 1,REP FOR SENATORIAL EXEC COMMITTEE D6,,REP,JULIE R. GREEN,0
McDowell,PRECINCT 6,REP FOR SENATORIAL EXEC COMMITTEE D6,,REP,JULIE R. GREEN,9
McDowell,PRECINCT 11,REP FOR SENATORIAL EXEC COMMITTEE D6,,REP,JULIE R. GREEN,6
McDowell,PRECINCT 17,REP FOR SENATORIAL EXEC COMMITTEE D6,,REP,JULIE R. GREEN,3
McDowell,PRECINCT 20,REP FOR SENATORIAL EXEC COMMITTEE D6,,REP,JULIE R. GREEN,9
McDowell,PRECINCT 23,REP FOR SENATORIAL EXEC COMMITTEE D6,,REP,JULIE R. GREEN,10
McDowell,PRECINCT 26,REP FOR SENATORIAL EXEC COMMITTEE D6,,REP,JULIE R. GREEN,2
McDowell,PRECINCT 28,REP FOR SENATORIAL EXEC COMMITTEE D6,,REP,JULIE R. GREEN,18
McDowell,PRECINCT 32,REP FOR SENATORIAL EXEC COMMITTEE D6,,REP,JULIE R. GREEN,9
McDowell,PRECINCT 34,REP FOR SENATORIAL EXEC COMMITTEE D6,,REP,JULIE R. GREEN,13
McDowell,PRECINCT 40,REP FOR SENATORIAL EXEC COMMITTEE D6,,REP,JULIE R. GREEN,9
McDowell,PRECINCT 50,REP FOR SENATORIAL EXEC COMMITTEE D6,,REP,JULIE R. GREEN,1
McDowell,PRECINCT 58,REP FOR SENATORIAL EXEC COMMITTEE D6,,REP,JULIE R. GREEN,4
McDowell,PRECINCT 63,REP FOR SENATORIAL EXEC COMMITTEE D6,,REP,JULIE R. GREEN,5
McDowell,PRECINCT 66,REP FOR SENATORIAL EXEC COMMITTEE D6,,REP,JULIE R. GREEN,13
McDowell,PRECINCT 72,REP FOR SENATORIAL EXEC COMMITTEE D6,,REP,JULIE R. GREEN,14
McDowell,PRECINCT 73,REP FOR SENATORIAL EXEC COMMITTEE D6,,REP,JULIE R. GREEN,13
McDowell,PRECINCT 78,REP FOR SENATORIAL EXEC COMMITTEE D6,,REP,JULIE R. GREEN,4
McDowell,PRECINCT 84,REP FOR SENATORIAL EXEC COMMITTEE D6,,REP,JULIE R. GREEN,9
McDowell,PRECINCT 87,REP FOR SENATORIAL EXEC COMMITTEE D6,,REP,JULIE R. GREEN,8
McDowell,PRECINCT 91,REP FOR SENATORIAL EXEC COMMITTEE D6,,REP,JULIE R. GREEN,6
McDowell,PRECINCT 93,REP FOR SENATORIAL EXEC COMMITTEE D6,,REP,JULIE R. GREEN,1
McDowell,PRECINCT 100,REP FOR SENATORIAL EXEC COMMITTEE D6,,REP,JULIE R. GREEN,9
McDowell,PRECINCT 102,REP FOR SENATORIAL EXEC COMMITTEE D6,,REP,JULIE R. GREEN,22
McDowell,PRECINCT 104,REP FOR SENATORIAL EXEC COMMITTEE D6,,REP,JULIE R. GREEN,22
McDowell,PRECINCT 105,REP FOR SENATORIAL EXEC COMMITTEE D6,,REP,JULIE R. GREEN,29
McDowell,PRECINCT 106,REP FOR SENATORIAL EXEC COMMITTEE D6,,REP,JULIE R. GREEN,17
McDowell,PRECINCT 107,REP FOR SENATORIAL EXEC COMMITTEE D6,,REP,JULIE R. GREEN,14
McDowell,PRECINCT 111,REP FOR SENATORIAL EXEC COMMITTEE D6,,REP,JULIE R. GREEN,12
McDowell,PRECINCT 112,REP FOR SENATORIAL EXEC COMMITTEE D6,,REP,JULIE R. GREEN,9
McDowell,PRECINCT 113,REP FOR SENATORIAL EXEC COMMITTEE D6,,REP,JULIE R. GREEN,26
McDowell,PRECINCT 114,REP FOR SENATORIAL EXEC COMMITTEE D6,,REP,JULIE R. GREEN,5
McDowell,PRECINCT 116,REP FOR SENATORIAL EXEC COMMITTEE D6,,REP,JULIE R. GREEN,6
McDowell,PRECINCT 1,DEM FOR SENATORIAL EXEC COMMITTEE D6,,DEM,NO CANDIDATE FILED,0
McDowell,PRECINCT 6,DEM FOR SENATORIAL EXEC COMMITTEE D6,,DEM,NO CANDIDATE FILED,0
McDowell,PRECINCT 11,DEM FOR SENATORIAL EXEC COMMITTEE D6,,DEM,NO CANDIDATE FILED,0
McDowell,PRECINCT 17,DEM FOR SENATORIAL EXEC COMMITTEE D6,,DEM,NO CANDIDATE FILED,0
McDowell,PRECINCT 20,DEM FOR SENATORIAL EXEC COMMITTEE D6,,DEM,NO CANDIDATE FILED,0
McDowell,PRECINCT 23,DEM FOR SENATORIAL EXEC COMMITTEE D6,,DEM,NO CANDIDATE FILED,0
McDowell,PRECINCT 26,DEM FOR SENATORIAL EXEC COMMITTEE D6,,DEM,NO CANDIDATE FILED,0
McDowell,PRECINCT 28,DEM FOR SENATORIAL EXEC COMMITTEE D6,,DEM,NO CANDIDATE FILED,0
McDowell,PRECINCT 32,DEM FOR SENATORIAL EXEC COMMITTEE D6,,DEM,NO CANDIDATE FILED,0
McDowell,PRECINCT 34,DEM FOR SENATORIAL EXEC COMMITTEE D6,,DEM,NO CANDIDATE FILED,0
McDowell,PRECINCT 40,DEM FOR SENATORIAL EXEC COMMITTEE D6,,DEM,NO CANDIDATE FILED,0
McDowell,PRECINCT 50,DEM FOR SENATORIAL EXEC COMMITTEE D6,,DEM,NO CANDIDATE FILED,0
McDowell,PRECINCT 58,DEM FOR SENATORIAL EXEC COMMITTEE D6,,DEM,NO CANDIDATE FILED,0
McDowell,PRECINCT 63,DEM FOR SENATORIAL EXEC COMMITTEE D6,,DEM,NO CANDIDATE FILED,0
McDowell,PRECINCT 66,DEM FOR SENATORIAL EXEC COMMITTEE D6,,DEM,NO CANDIDATE FILED,0
McDowell,PRECINCT 72,DEM FOR SENATORIAL EXEC COMMITTEE D6,,DEM,NO CANDIDATE FILED,0
McDowell,PRECINCT 73,DEM FOR SENATORIAL EXEC COMMITTEE D6,,DEM,NO CANDIDATE FILED,0
McDowell,PRECINCT 78,DEM FOR SENATORIAL EXEC COMMITTEE D6,,DEM,NO CANDIDATE FILED,0
McDowell,PRECINCT 84,DEM FOR SENATORIAL EXEC COMMITTEE D6,,DEM,NO CANDIDATE FILED,0
McDowell,PRECINCT 87,DEM FOR SENATORIAL EXEC COMMITTEE D6,,DEM,NO CANDIDATE FILED,0
McDowell,PRECINCT 91,DEM FOR SENATORIAL EXEC COMMITTEE D6,,DEM,NO CANDIDATE FILED,0
McDowell,PRECINCT 93,DEM FOR SENATORIAL EXEC COMMITTEE D6,,DEM,NO CANDIDATE FILED,0
McDowell,PRECINCT 100,DEM FOR SENATORIAL EXEC COMMITTEE D6,,DEM,NO CANDIDATE FILED,0
McDowell,PRECINCT 102,DEM FOR SENATORIAL EXEC COMMITTEE D6,,DEM,NO CANDIDATE FILED,0
McDowell,PRECINCT 104,DEM FOR SENATORIAL EXEC COMMITTEE D6,,DEM,NO CANDIDATE FILED,0
McDowell,PRECINCT 105,DEM FOR SENATORIAL EXEC COMMITTEE D6,,DEM,NO CANDIDATE FILED,0
McDowell,PRECINCT 106,DEM FOR SENATORIAL EXEC COMMITTEE D6,,DEM,NO CANDIDATE FILED,0
McDowell,PRECINCT 107,DEM FOR SENATORIAL EXEC COMMITTEE D6,,DEM,NO CANDIDATE FILED,0
McDowell,PRECINCT 111,DEM FOR SENATORIAL EXEC COMMITTEE D6,,DEM,NO CANDIDATE FILED,0
McDowell,PRECINCT 112,DEM FOR SENATORIAL EXEC COMMITTEE D6,,DEM,NO CANDIDATE FILED,0
McDowell,PRECINCT 113,DEM FOR SENATORIAL EXEC COMMITTEE D6,,DEM,NO CANDIDATE FILED,0
McDowell,PRECINCT 114,DEM FOR SENATORIAL EXEC COMMITTEE D6,,DEM,NO CANDIDATE FILED,0
McDowell,PRECINCT 116,DEM FOR SENATORIAL EXEC COMMITTEE D6,,DEM,NO CANDIDATE FILED,0
McDowell,PRECINCT 1,REP FOR SENATORIAL EXEC COMMITTEE D6,,REP,S. P. 'PAT' McKINNEY,0
McDowell,PRECINCT 6,REP FOR SENATORIAL EXEC COMMITTEE D6,,REP,S. P. 'PAT' McKINNEY,0
McDowell,PRECINCT 11,REP FOR SENATORIAL EXEC COMMITTEE D6,,REP,S. P. 'PAT' McKINNEY,4
McDowell,PRECINCT 17,REP FOR SENATORIAL EXEC COMMITTEE D6,,REP,S. P. 'PAT' McKINNEY,1
McDowell,PRECINCT 20,REP FOR SENATORIAL EXEC COMMITTEE D6,,REP,S. P. 'PAT' McKINNEY,3
McDowell,PRECINCT 23,REP FOR SENATORIAL EXEC COMMITTEE D6,,REP,S. P. 'PAT' McKINNEY,3
McDowell,PRECINCT 26,REP FOR SENATORIAL EXEC COMMITTEE D6,,REP,S. P. 'PAT' McKINNEY,1
McDowell,PRECINCT 28,REP FOR SENATORIAL EXEC COMMITTEE D6,,REP,S. P. 'PAT' McKINNEY,7
McDowell,PRECINCT 32,REP FOR SENATORIAL EXEC COMMITTEE D6,,REP,S. P. 'PAT' McKINNEY,4
McDowell,PRECINCT 34,REP FOR SENATORIAL EXEC COMMITTEE D6,,REP,S. P. 'PAT' McKINNEY,5
McDowell,PRECINCT 40,REP FOR SENATORIAL EXEC COMMITTEE D6,,REP,S. P. 'PAT' McKINNEY,5
McDowell,PRECINCT 50,REP FOR SENATORIAL EXEC COMMITTEE D6,,REP,S. P. 'PAT' McKINNEY,1
McDowell,PRECINCT 58,REP FOR SENATORIAL EXEC COMMITTEE D6,,REP,S. P. 'PAT' McKINNEY,2
McDowell,PRECINCT 63,REP FOR SENATORIAL EXEC COMMITTEE D6,,REP,S. P. 'PAT' McKINNEY,4
McDowell,PRECINCT 66,REP FOR SENATORIAL EXEC COMMITTEE D6,,REP,S. P. 'PAT' McKINNEY,7
McDowell,PRECINCT 72,REP FOR SENATORIAL EXEC COMMITTEE D6,,REP,S. P. 'PAT' McKINNEY,0
McDowell,PRECINCT 73,REP FOR SENATORIAL EXEC COMMITTEE D6,,REP,S. P. 'PAT' McKINNEY,1
McDowell,PRECINCT 78,REP FOR SENATORIAL EXEC COMMITTEE D6,,REP,S. P. 'PAT' McKINNEY,1
McDowell,PRECINCT 84,REP FOR SENATORIAL EXEC COMMITTEE D6,,REP,S. P. 'PAT' McKINNEY,3
McDowell,PRECINCT 87,REP FOR SENATORIAL EXEC COMMITTEE D6,,REP,S. P. 'PAT' McKINNEY,2
McDowell,PRECINCT 91,REP FOR SENATORIAL EXEC COMMITTEE D6,,REP,S. P. 'PAT' McKINNEY,5
McDowell,PRECINCT 93,REP FOR SENATORIAL EXEC COMMITTEE D6,,REP,S. P. 'PAT' McKINNEY,1
McDowell,PRECINCT 100,REP FOR SENATORIAL EXEC COMMITTEE D6,,REP,S. P. 'PAT' McKINNEY,2
McDowell,PRECINCT 102,REP FOR SENATORIAL EXEC COMMITTEE D6,,REP,S. P. 'PAT' McKINNEY,3
McDowell,PRECINCT 104,REP FOR SENATORIAL EXEC COMMITTEE D6,,REP,S. P. 'PAT' McKINNEY,0
McDowell,PRECINCT 105,REP FOR SENATORIAL EXEC COMMITTEE D6,,REP,S. P. 'PAT' McKINNEY,6
McDowell,PRECINCT 106,REP FOR SENATORIAL EXEC COMMITTEE D6,,REP,S. P. 'PAT' McKINNEY,2
McDowell,PRECINCT 107,REP FOR SENATORIAL EXEC COMMITTEE D6,,REP,S. P. 'PAT' McKINNEY,0
McDowell,PRECINCT 111,REP FOR SENATORIAL EXEC COMMITTEE D6,,REP,S. P. 'PAT' McKINNEY,2
McDowell,PRECINCT 112,REP FOR SENATORIAL EXEC COMMITTEE D6,,REP,S. P. 'PAT' McKINNEY,4
McDowell,PRECINCT 113,REP FOR SENATORIAL EXEC COMMITTEE D6,,REP,S. P. 'PAT' McKINNEY,1
McDowell,PRECINCT 114,REP FOR SENATORIAL EXEC COMMITTEE D6,,REP,S. P. 'PAT' McKINNEY,0
McDowell,PRECINCT 116,REP FOR SENATORIAL EXEC COMMITTEE D6,,REP,S. P. 'PAT' McKINNEY,2
McDowell,PRECINCT 1,REP FOR SENATORIAL EXEC COMMITTEE D6,,REP,DAVID GREEN,0
McDowell,PRECINCT 6,REP FOR SENATORIAL EXEC COMMITTEE D6,,REP,DAVID GREEN,10
McDowell,PRECINCT 11,REP FOR SENATORIAL EXEC COMMITTEE D6,,REP,DAVID GREEN,2
McDowell,PRECINCT 17,REP FOR SENATORIAL EXEC COMMITTEE D6,,REP,DAVID GREEN,3
McDowell,PRECINCT 20,REP FOR SENATORIAL EXEC COMMITTEE D6,,REP,DAVID GREEN,6
McDowell,PRECINCT 23,REP FOR SENATORIAL EXEC COMMITTEE D6,,REP,DAVID GREEN,9
McDowell,PRECINCT 26,REP FOR SENATORIAL EXEC COMMITTEE D6,,REP,DAVID GREEN,1
McDowell,PRECINCT 28,REP FOR SENATORIAL EXEC COMMITTEE D6,,REP,DAVID GREEN,13
McDowell,PRECINCT 32,REP FOR SENATORIAL EXEC COMMITTEE D6,,REP,DAVID GREEN,8
McDowell,PRECINCT 34,REP FOR SENATORIAL EXEC COMMITTEE D6,,REP,DAVID GREEN,10
McDowell,PRECINCT 40,REP FOR SENATORIAL EXEC COMMITTEE D6,,REP,DAVID GREEN,7
McDowell,PRECINCT 50,REP FOR SENATORIAL EXEC COMMITTEE D6,,REP,DAVID GREEN,1
McDowell,PRECINCT 58,REP FOR SENATORIAL EXEC COMMITTEE D6,,REP,DAVID GREEN,4
McDowell,PRECINCT 63,REP FOR SENATORIAL EXEC COMMITTEE D6,,REP,DAVID GREEN,1
McDowell,PRECINCT 66,REP FOR SENATORIAL EXEC COMMITTEE D6,,REP,DAVID GREEN,9
McDowell,PRECINCT 72,REP FOR SENATORIAL EXEC COMMITTEE D6,,REP,DAVID GREEN,15
McDowell,PRECINCT 73,REP FOR SENATORIAL EXEC COMMITTEE D6,,REP,DAVID GREEN,14
McDowell,PRECINCT 78,REP FOR SENATORIAL EXEC COMMITTEE D6,,REP,DAVID GREEN,4
McDowell,PRECINCT 84,REP FOR SENATORIAL EXEC COMMITTEE D6,,REP,DAVID GREEN,8
McDowell,PRECINCT 87,REP FOR SENATORIAL EXEC COMMITTEE D6,,REP,DAVID GREEN,8
McDowell,PRECINCT 91,REP FOR SENATORIAL EXEC COMMITTEE D6,,REP,DAVID GREEN,3
McDowell,PRECINCT 93,REP FOR SENATORIAL EXEC COMMITTEE D6,,REP,DAVID GREEN,1
McDowell,PRECINCT 100,REP FOR SENATORIAL EXEC COMMITTEE D6,,REP,DAVID GREEN,9
McDowell,PRECINCT 102,REP FOR SENATORIAL EXEC COMMITTEE D6,,REP,DAVID GREEN,22
McDowell,PRECINCT 104,REP FOR SENATORIAL EXEC COMMITTEE D6,,REP,DAVID GREEN,32
McDowell,PRECINCT 105,REP FOR SENATORIAL EXEC COMMITTEE D6,,REP,DAVID GREEN,25
McDowell,PRECINCT 106,REP FOR SENATORIAL EXEC COMMITTEE D6,,REP,DAVID GREEN,17
McDowell,PRECINCT 107,REP FOR SENATORIAL EXEC COMMITTEE D6,,REP,DAVID GREEN,16
McDowell,PRECINCT 111,REP FOR SENATORIAL EXEC COMMITTEE D6,,REP,DAVID GREEN,16
McDowell,PRECINCT 112,REP FOR SENATORIAL EXEC COMMITTEE D6,,REP,DAVID GREEN,13
McDowell,PRECINCT 113,REP FOR SENATORIAL EXEC COMMITTEE D6,,REP,DAVID GREEN,32
McDowell,PRECINCT 114,REP FOR SENATORIAL EXEC COMMITTEE D6,,REP,DAVID GREEN,5
McDowell,PRECINCT 116,REP FOR SENATORIAL EXEC COMMITTEE D6,,REP,DAVID GREEN,5
McDowell,PRECINCT 114,REP FOR DELEGATE DIST EXEC COMMITTEE FEMALE 34TH DISTRIC,,REP,NO CANDIDATE FILED,0
McDowell,PRECINCT 114,DEM FOR DELEGATE DIST EXEC COMMITTEE FEMALE 34TH DISTRIC,,DEM,NO CANDIDATE FILED,0
McDowell,PRECINCT 114,REP FOR DELEGATE DIST EXEC COMMITTEE MALE 34TH DISTRICT,,REP,NO CANDIDATE FILED,0
McDowell,PRECINCT 114,DEM FOR DELEGATE DIST EXEC COMMITTEE MALE 34TH DISTRICT,,DEM,NO CANDIDATE FILED,0
McDowell,PRECINCT 1,Supreme Court of Appeals,,,JAMES 'JIMMY' COPOLO,17
McDowell,PRECINCT 6,Supreme Court of Appeals,,,JAMES 'JIMMY' COPOLO,28
McDowell,PRECINCT 11,Supreme Court of Appeals,,,JAMES 'JIMMY' COPOLO,36
McDowell,PRECINCT 17,Supreme Court of Appeals,,,JAMES 'JIMMY' COPOLO,25
McDowell,PRECINCT 20,Supreme Court of Appeals,,,JAMES 'JIMMY' COPOLO,10
McDowell,PRECINCT 23,Supreme Court of Appeals,,,JAMES 'JIMMY' COPOLO,8
McDowell,PRECINCT 26,Supreme Court of Appeals,,,JAMES 'JIMMY' COPOLO,3
McDowell,PRECINCT 28,Supreme Court of Appeals,,,JAMES 'JIMMY' COPOLO,35
McDowell,PRECINCT 32,Supreme Court of Appeals,,,JAMES 'JIMMY' COPOLO,30
McDowell,PRECINCT 34,Supreme Court of Appeals,,,JAMES 'JIMMY' COPOLO,35
McDowell,PRECINCT 40,Supreme Court of Appeals,,,JAMES 'JIMMY' COPOLO,29
McDowell,PRECINCT 50,Supreme Court of Appeals,,,JAMES 'JIMMY' COPOLO,11
McDowell,PRECINCT 58,Supreme Court of Appeals,,,JAMES 'JIMMY' COPOLO,15
McDowell,PRECINCT 63,Supreme Court of Appeals,,,JAMES 'JIMMY' COPOLO,13
McDowell,PRECINCT 66,Supreme Court of Appeals,,,JAMES 'JIMMY' COPOLO,43
McDowell,PRECINCT 72,Supreme Court of Appeals,,,JAMES 'JIMMY' COPOLO,25
McDowell,PRECINCT 73,Supreme Court of Appeals,,,JAMES 'JIMMY' COPOLO,52
McDowell,PRECINCT 78,Supreme Court of Appeals,,,JAMES 'JIMMY' COPOLO,10
McDowell,PRECINCT 84,Supreme Court of Appeals,,,JAMES 'JIMMY' COPOLO,17
McDowell,PRECINCT 87,Supreme Court of Appeals,,,JAMES 'JIMMY' COPOLO,5
McDowell,PRECINCT 91,Supreme Court of Appeals,,,JAMES 'JIMMY' COPOLO,8
McDowell,PRECINCT 93,Supreme Court of Appeals,,,JAMES 'JIMMY' COPOLO,3
McDowell,PRECINCT 100,Supreme Court of Appeals,,,JAMES 'JIMMY' COPOLO,2
McDowell,PRECINCT 102,Supreme Court of Appeals,,,JAMES 'JIMMY' COPOLO,7
McDowell,PRECINCT 104,Supreme Court of Appeals,,,JAMES 'JIMMY' COPOLO,4
McDowell,PRECINCT 105,Supreme Court of Appeals,,,JAMES 'JIMMY' COPOLO,18
McDowell,PRECINCT 106,Supreme Court of Appeals,,,JAMES 'JIMMY' COPOLO,5
McDowell,PRECINCT 107,Supreme Court of Appeals,,,JAMES 'JIMMY' COPOLO,3
McDowell,PRECINCT 111,Supreme Court of Appeals,,,JAMES 'JIMMY' COPOLO,5
McDowell,PRECINCT 112,Supreme Court of Appeals,,,JAMES 'JIMMY' COPOLO,1
McDowell,PRECINCT 113,Supreme Court of Appeals,,,JAMES 'JIMMY' COPOLO,4
McDowell,PRECINCT 114,Supreme Court of Appeals,,,JAMES 'JIMMY' COPOLO,5
McDowell,PRECINCT 116,Supreme Court of Appeals,,,JAMES 'JIMMY' COPOLO,1
McDowell,PRECINCT 1,Supreme Court of Appeals,,,LARKIN RIPPETH,2
McDowell,PRECINCT 6,Supreme Court of Appeals,,,LARKIN RIPPETH,1
McDowell,PRECINCT 11,Supreme Court of Appeals,,,LARKIN RIPPETH,10
McDowell,PRECINCT 17,Supreme Court of Appeals,,,LARKIN RIPPETH,2
McDowell,PRECINCT 20,Supreme Court of Appeals,,,LARKIN RIPPETH,11
McDowell,PRECINCT 23,Supreme Court of Appeals,,,LARKIN RIPPETH,13
McDowell,PRECINCT 26,Supreme Court of Appeals,,,LARKIN RIPPETH,3
McDowell,PRECINCT 28,Supreme Court of Appeals,,,LARKIN RIPPETH,16
McDowell,PRECINCT 32,Supreme Court of Appeals,,,LARKIN RIPPETH,10
McDowell,PRECINCT 34,Supreme Court of Appeals,,,LARKIN RIPPETH,11
McDowell,PRECINCT 40,Supreme Court of Appeals,,,LARKIN RIPPETH,12
McDowell,PRECINCT 50,Supreme Court of Appeals,,,LARKIN RIPPETH,0
McDowell,PRECINCT 58,Supreme Court of Appeals,,,LARKIN RIPPETH,6
McDowell,PRECINCT 63,Supreme Court of Appeals,,,LARKIN RIPPETH,4
McDowell,PRECINCT 66,Supreme Court of Appeals,,,LARKIN RIPPETH,14
McDowell,PRECINCT 72,Supreme Court of Appeals,,,LARKIN RIPPETH,6
McDowell,PRECINCT 73,Supreme Court of Appeals,,,LARKIN RIPPETH,5
McDowell,PRECINCT 78,Supreme Court of Appeals,,,LARKIN RIPPETH,8
McDowell,PRECINCT 84,Supreme Court of Appeals,,,LARKIN RIPPETH,20
McDowell,PRECINCT 87,Supreme Court of Appeals,,,LARKIN RIPPETH,11
McDowell,PRECINCT 91,Supreme Court of Appeals,,,LARKIN RIPPETH,11
McDowell,PRECINCT 93,Supreme Court of Appeals,,,LARKIN RIPPETH,2
McDowell,PRECINCT 100,Supreme Court of Appeals,,,LARKIN RIPPETH,12
McDowell,PRECINCT 102,Supreme Court of Appeals,,,LARKIN RIPPETH,20
McDowell,PRECINCT 104,Supreme Court of Appeals,,,LARKIN RIPPETH,27
McDowell,PRECINCT 105,Supreme Court of Appeals,,,LARKIN RIPPETH,30
McDowell,PRECINCT 106,Supreme Court of Appeals,,,LARKIN RIPPETH,11
McDowell,PRECINCT 107,Supreme Court of Appeals,,,LARKIN RIPPETH,11
McDowell,PRECINCT 111,Supreme Court of Appeals,,,LARKIN RIPPETH,13
McDowell,PRECINCT 112,Supreme Court of Appeals,,,LARKIN RIPPETH,10
McDowell,PRECINCT 113,Supreme Court of Appeals,,,LARKIN RIPPETH,25
McDowell,PRECINCT 114,Supreme Court of Appeals,,,LARKIN RIPPETH,12
McDowell,PRECINCT 116,Supreme Court of Appeals,,,LARKIN RIPPETH,11
McDowell,PRECINCT 1,Supreme Court of Appeals,,,ANGELA ROBINETTE,7
McDowell,PRECINCT 6,Supreme Court of Appeals,,,ANGELA ROBINETTE,19
McDowell,PRECINCT 11,Supreme Court of Appeals,,,ANGELA ROBINETTE,23
McDowell,PRECINCT 17,Supreme Court of Appeals,,,ANGELA ROBINETTE,22
McDowell,PRECINCT 20,Supreme Court of Appeals,,,ANGELA ROBINETTE,28
McDowell,PRECINCT 23,Supreme Court of Appeals,,,ANGELA ROBINETTE,12
McDowell,PRECINCT 26,Supreme Court of Appeals,,,ANGELA ROBINETTE,6
McDowell,PRECINCT 28,Supreme Court of Appeals,,,ANGELA ROBINETTE,46
McDowell,PRECINCT 32,Supreme Court of Appeals,,,ANGELA ROBINETTE,30
McDowell,PRECINCT 34,Supreme Court of Appeals,,,ANGELA ROBINETTE,41
McDowell,PRECINCT 40,Supreme Court of Appeals,,,ANGELA ROBINETTE,52
McDowell,PRECINCT 50,Supreme Court of Appeals,,,ANGELA ROBINETTE,9
McDowell,PRECINCT 58,Supreme Court of Appeals,,,ANGELA ROBINETTE,11
McDowell,PRECINCT 63,Supreme Court of Appeals,,,ANGELA ROBINETTE,10
McDowell,PRECINCT 66,Supreme Court of Appeals,,,ANGELA ROBINETTE,38
McDowell,PRECINCT 72,Supreme Court of Appeals,,,ANGELA ROBINETTE,18
McDowell,PRECINCT 73,Supreme Court of Appeals,,,ANGELA ROBINETTE,20
McDowell,PRECINCT 78,Supreme Court of Appeals,,,ANGELA ROBINETTE,15
McDowell,PRECINCT 84,Supreme Court of Appeals,,,ANGELA ROBINETTE,23
McDowell,PRECINCT 87,Supreme Court of Appeals,,,ANGELA ROBINETTE,9
McDowell,PRECINCT 91,Supreme Court of Appeals,,,ANGELA ROBINETTE,6
McDowell,PRECINCT 93,Supreme Court of Appeals,,,ANGELA ROBINETTE,5
McDowell,PRECINCT 100,Supreme Court of Appeals,,,ANGELA ROBINETTE,3
McDowell,PRECINCT 102,Supreme Court of Appeals,,,ANGELA ROBINETTE,3
McDowell,PRECINCT 104,Supreme Court of Appeals,,,ANGELA ROBINETTE,8
McDowell,PRECINCT 105,Supreme Court of Appeals,,,ANGELA ROBINETTE,9
McDowell,PRECINCT 106,Supreme Court of Appeals,,,ANGELA ROBINETTE,3
McDowell,PRECINCT 107,Supreme Court of Appeals,,,ANGELA ROBINETTE,2
McDowell,PRECINCT 111,Supreme Court of Appeals,,,ANGELA ROBINETTE,3
McDowell,PRECINCT 112,Supreme Court of Appeals,,,ANGELA ROBINETTE,5
McDowell,PRECINCT 113,Supreme Court of Appeals,,,ANGELA ROBINETTE,1
McDowell,PRECINCT 114,Supreme Court of Appeals,,,ANGELA ROBINETTE,1
McDowell,PRECINCT 116,Supreme Court of Appeals,,,ANGELA ROBINETTE,5
McDowell,PRECINCT 1,Supreme Court of Appeals,,,JENNIFER CRIGGER JUSTICE,1
McDowell,PRECINCT 6,Supreme Court of Appeals,,,JENNIFER CRIGGER JUSTICE,11
McDowell,PRECINCT 11,Supreme Court of Appeals,,,JENNIFER CRIGGER JUSTICE,9
McDowell,PRECINCT 17,Supreme Court of Appeals,,,JENNIFER CRIGGER JUSTICE,2
McDowell,PRECINCT 20,Supreme Court of Appeals,,,JENNIFER CRIGGER JUSTICE,22
McDowell,PRECINCT 23,Supreme Court of Appeals,,,JENNIFER CRIGGER JUSTICE,14
McDowell,PRECINCT 26,Supreme Court of Appeals,,,JENNIFER CRIGGER JUSTICE,4
McDowell,PRECINCT 28,Supreme Court of Appeals,,,JENNIFER CRIGGER JUSTICE,27
McDowell,PRECINCT 32,Supreme Court of Appeals,,,JENNIFER CRIGGER JUSTICE,25
McDowell,PRECINCT 34,Supreme Court of Appeals,,,JENNIFER CRIGGER JUSTICE,36
McDowell,PRECINCT 40,Supreme Court of Appeals,,,JENNIFER CRIGGER JUSTICE,22
McDowell,PRECINCT 50,Supreme Court of Appeals,,,JENNIFER CRIGGER JUSTICE,3
McDowell,PRECINCT 58,Supreme Court of Appeals,,,JENNIFER CRIGGER JUSTICE,7
McDowell,PRECINCT 63,Supreme Court of Appeals,,,JENNIFER CRIGGER JUSTICE,5
McDowell,PRECINCT 66,Supreme Court of Appeals,,,JENNIFER CRIGGER JUSTICE,23
McDowell,PRECINCT 72,Supreme Court of Appeals,,,JENNIFER CRIGGER JUSTICE,13
McDowell,PRECINCT 73,Supreme Court of Appeals,,,JENNIFER CRIGGER JUSTICE,21
McDowell,PRECINCT 78,Supreme Court of Appeals,,,JENNIFER CRIGGER JUSTICE,16
McDowell,PRECINCT 84,Supreme Court of Appeals,,,JENNIFER CRIGGER JUSTICE,29
McDowell,PRECINCT 87,Supreme Court of Appeals,,,JENNIFER CRIGGER JUSTICE,14
McDowell,PRECINCT 91,Supreme Court of Appeals,,,JENNIFER CRIGGER JUSTICE,9
McDowell,PRECINCT 93,Supreme Court of Appeals,,,JENNIFER CRIGGER JUSTICE,2
McDowell,PRECINCT 100,Supreme Court of Appeals,,,JENNIFER CRIGGER JUSTICE,25
McDowell,PRECINCT 102,Supreme Court of Appeals,,,JENNIFER CRIGGER JUSTICE,29
McDowell,PRECINCT 104,Supreme Court of Appeals,,,JENNIFER CRIGGER JUSTICE,29
McDowell,PRECINCT 105,Supreme Court of Appeals,,,JENNIFER CRIGGER JUSTICE,42
McDowell,PRECINCT 106,Supreme Court of Appeals,,,JENNIFER CRIGGER JUSTICE,15
McDowell,PRECINCT 107,Supreme Court of Appeals,,,JENNIFER CRIGGER JUSTICE,17
McDowell,PRECINCT 111,Supreme Court of Appeals,,,JENNIFER CRIGGER JUSTICE,10
McDowell,PRECINCT 112,Supreme Court of Appeals,,,JENNIFER CRIGGER JUSTICE,12
McDowell,PRECINCT 113,Supreme Court of Appeals,,,JENNIFER CRIGGER JUSTICE,29
McDowell,PRECINCT 114,Supreme Court of Appeals,,,JENNIFER CRIGGER JUSTICE,10
McDowell,PRECINCT 116,Supreme Court of Appeals,,,JENNIFER CRIGGER JUSTICE,18
McDowell,PRECINCT 1,Supreme Court of Appeals,,,LINDA LESTER WHITE,6
McDowell,PRECINCT 6,Supreme Court of Appeals,,,LINDA LESTER WHITE,6
McDowell,PRECINCT 11,Supreme Court of Appeals,,,LINDA LESTER WHITE,16
McDowell,PRECINCT 17,Supreme Court of Appeals,,,LINDA LESTER WHITE,7
McDowell,PRECINCT 20,Supreme Court of Appeals,,,LINDA LESTER WHITE,17
McDowell,PRECINCT 23,Supreme Court of Appeals,,,LINDA LESTER WHITE,14
McDowell,PRECINCT 26,Supreme Court of Appeals,,,LINDA LESTER WHITE,6
McDowell,PRECINCT 28,Supreme Court of Appeals,,,LINDA LESTER WHITE,26
McDowell,PRECINCT 32,Supreme Court of Appeals,,,LINDA LESTER WHITE,24
McDowell,PRECINCT 34,Supreme Court of Appeals,,,LINDA LESTER WHITE,31
McDowell,PRECINCT 40,Supreme Court of Appeals,,,LINDA LESTER WHITE,34
McDowell,PRECINCT 50,Supreme Court of Appeals,,,LINDA LESTER WHITE,6
McDowell,PRECINCT 58,Supreme Court of Appeals,,,LINDA LESTER WHITE,13
McDowell,PRECINCT 63,Supreme Court of Appeals,,,LINDA LESTER WHITE,15
McDowell,PRECINCT 66,Supreme Court of Appeals,,,LINDA LESTER WHITE,21
McDowell,PRECINCT 72,Supreme Court of Appeals,,,LINDA LESTER WHITE,18
McDowell,PRECINCT 73,Supreme Court of Appeals,,,LINDA LESTER WHITE,34
McDowell,PRECINCT 78,Supreme Court of Appeals,,,LINDA LESTER WHITE,17
McDowell,PRECINCT 84,Supreme Court of Appeals,,,LINDA LESTER WHITE,22
McDowell,PRECINCT 87,Supreme Court of Appeals,,,LINDA LESTER WHITE,21
McDowell,PRECINCT 91,Supreme Court of Appeals,,,LINDA LESTER WHITE,15
McDowell,PRECINCT 93,Supreme Court of Appeals,,,LINDA LESTER WHITE,4
McDowell,PRECINCT 100,Supreme Court of Appeals,,,LINDA LESTER WHITE,13
McDowell,PRECINCT 102,Supreme Court of Appeals,,,LINDA LESTER WHITE,25
McDowell,PRECINCT 104,Supreme Court of Appeals,,,LINDA LESTER WHITE,38
McDowell,PRECINCT 105,Supreme Court of Appeals,,,LINDA LESTER WHITE,31
McDowell,PRECINCT 106,Supreme Court of Appeals,,,LINDA LESTER WHITE,19
McDowell,PRECINCT 107,Supreme Court of Appeals,,,LINDA LESTER WHITE,11
McDowell,PRECINCT 111,Supreme Court of Appeals,,,LINDA LESTER WHITE,19
McDowell,PRECINCT 112,Supreme Court of Appeals,,,LINDA LESTER WHITE,24
McDowell,PRECINCT 113,Supreme Court of Appeals,,,LINDA LESTER WHITE,53
McDowell,PRECINCT 114,Supreme Court of Appeals,,,LINDA LESTER WHITE,9
McDowell,PRECINCT 116,Supreme Court of Appeals,,,LINDA LESTER WHITE,14
McDowell,PRECINCT 1,FOR CONSERVATION DISTRICT SUPERVISOR,,,RANDALL WAYNE PATTON,11
McDowell,PRECINCT 6,FOR CONSERVATION DISTRICT SUPERVISOR,,,RANDALL WAYNE PATTON,23
McDowell,PRECINCT 11,FOR CONSERVATION DISTRICT SUPERVISOR,,,RANDALL WAYNE PATTON,31
McDowell,PRECINCT 17,FOR CONSERVATION DISTRICT SUPERVISOR,,,RANDALL WAYNE PATTON,17
McDowell,PRECINCT 20,FOR CONSERVATION DISTRICT SUPERVISOR,,,RANDALL WAYNE PATTON,33
McDowell,PRECINCT 23,FOR CONSERVATION DISTRICT SUPERVISOR,,,RANDALL WAYNE PATTON,21
McDowell,PRECINCT 26,FOR CONSERVATION DISTRICT SUPERVISOR,,,RANDALL WAYNE PATTON,7
McDowell,PRECINCT 28,FOR CONSERVATION DISTRICT SUPERVISOR,,,RANDALL WAYNE PATTON,63
McDowell,PRECINCT 32,FOR CONSERVATION DISTRICT SUPERVISOR,,,RANDALL WAYNE PATTON,44
McDowell,PRECINCT 34,FOR CONSERVATION DISTRICT SUPERVISOR,,,RANDALL WAYNE PATTON,66
McDowell,PRECINCT 40,FOR CONSERVATION DISTRICT SUPERVISOR,,,RANDALL WAYNE PATTON,52
McDowell,PRECINCT 50,FOR CONSERVATION DISTRICT SUPERVISOR,,,RANDALL WAYNE PATTON,5
McDowell,PRECINCT 58,FOR CONSERVATION DISTRICT SUPERVISOR,,,RANDALL WAYNE PATTON,18
McDowell,PRECINCT 63,FOR CONSERVATION DISTRICT SUPERVISOR,,,RANDALL WAYNE PATTON,25
McDowell,PRECINCT 66,FOR CONSERVATION DISTRICT SUPERVISOR,,,RANDALL WAYNE PATTON,48
McDowell,PRECINCT 72,FOR CONSERVATION DISTRICT SUPERVISOR,,,RANDALL WAYNE PATTON,32
McDowell,PRECINCT 73,FOR CONSERVATION DISTRICT SUPERVISOR,,,RANDALL WAYNE PATTON,37
McDowell,PRECINCT 78,FOR CONSERVATION DISTRICT SUPERVISOR,,,RANDALL WAYNE PATTON,20
McDowell,PRECINCT 84,FOR CONSERVATION DISTRICT SUPERVISOR,,,RANDALL WAYNE PATTON,34
McDowell,PRECINCT 87,FOR CONSERVATION DISTRICT SUPERVISOR,,,RANDALL WAYNE PATTON,26
McDowell,PRECINCT 91,FOR CONSERVATION DISTRICT SUPERVISOR,,,RANDALL WAYNE PATTON,18
McDowell,PRECINCT 93,FOR CONSERVATION DISTRICT SUPERVISOR,,,RANDALL WAYNE PATTON,2
McDowell,PRECINCT 100,FOR CONSERVATION DISTRICT SUPERVISOR,,,RANDALL WAYNE PATTON,19
McDowell,PRECINCT 102,FOR CONSERVATION DISTRICT SUPERVISOR,,,RANDALL WAYNE PATTON,32
McDowell,PRECINCT 104,FOR CONSERVATION DISTRICT SUPERVISOR,,,RANDALL WAYNE PATTON,32
McDowell,PRECINCT 105,FOR CONSERVATION DISTRICT SUPERVISOR,,,RANDALL WAYNE PATTON,38
McDowell,PRECINCT 106,FOR CONSERVATION DISTRICT SUPERVISOR,,,RANDALL WAYNE PATTON,17
McDowell,PRECINCT 107,FOR CONSERVATION DISTRICT SUPERVISOR,,,RANDALL WAYNE PATTON,20
McDowell,PRECINCT 111,FOR CONSERVATION DISTRICT SUPERVISOR,,,RANDALL WAYNE PATTON,19
McDowell,PRECINCT 112,FOR CONSERVATION DISTRICT SUPERVISOR,,,RANDALL WAYNE PATTON,14
McDowell,PRECINCT 113,FOR CONSERVATION DISTRICT SUPERVISOR,,,RANDALL WAYNE PATTON,35
McDowell,PRECINCT 114,FOR CONSERVATION DISTRICT SUPERVISOR,,,RANDALL WAYNE PATTON,14
McDowell,PRECINCT 116,FOR CONSERVATION DISTRICT SUPERVISOR,,,RANDALL WAYNE PATTON,13
McDowell,PRECINCT 78,REP FOR COUNTY EXEC COMMITTEE,,REP,JULIE R. GREEN,4
McDowell,PRECINCT 84,REP FOR COUNTY EXEC COMMITTEE,,REP,JULIE R. GREEN,9
McDowell,PRECINCT 87,REP FOR COUNTY EXEC COMMITTEE,,REP,JULIE R. GREEN,10
McDowell,PRECINCT 91,REP FOR COUNTY EXEC COMMITTEE,,REP,JULIE R. GREEN,7
McDowell,PRECINCT 93,REP FOR COUNTY EXEC COMMITTEE,,REP,JULIE R. GREEN,1
McDowell,PRECINCT 100,REP FOR COUNTY EXEC COMMITTEE,,REP,JULIE R. GREEN,10
McDowell,PRECINCT 105,REP FOR COUNTY EXEC COMMITTEE,,REP,JULIE R. GREEN,29
McDowell,PRECINCT 78,DEM FOR COUNTY EXEC COMMITTEE,,DEM,NO CANDIDATE FILED,0
McDowell,PRECINCT 84,DEM FOR COUNTY EXEC COMMITTEE,,DEM,NO CANDIDATE FILED,0
McDowell,PRECINCT 87,DEM FOR COUNTY EXEC COMMITTEE,,DEM,NO CANDIDATE FILED,0
McDowell,PRECINCT 91,DEM FOR COUNTY EXEC COMMITTEE,,DEM,NO CANDIDATE FILED,0
McDowell,PRECINCT 93,DEM FOR COUNTY EXEC COMMITTEE,,DEM,NO CANDIDATE FILED,0
McDowell,PRECINCT 100,DEM FOR COUNTY EXEC COMMITTEE,,DEM,NO CANDIDATE FILED,0
McDowell,PRECINCT 105,DEM FOR COUNTY EXEC COMMITTEE,,DEM,NO CANDIDATE FILED,0
McDowell,PRECINCT 78,REP FOR COUNTY EXEC COMMITTEE,,REP,DAVID GREEN,4
McDowell,PRECINCT 84,REP FOR COUNTY EXEC COMMITTEE,,REP,DAVID GREEN,9
McDowell,PRECINCT 87,REP FOR COUNTY EXEC COMMITTEE,,REP,DAVID GREEN,9
McDowell,PRECINCT 91,REP FOR COUNTY EXEC COMMITTEE,,REP,DAVID GREEN,6
McDowell,PRECINCT 93,REP FOR COUNTY EXEC COMMITTEE,,REP,DAVID GREEN,2
McDowell,PRECINCT 100,REP FOR COUNTY EXEC COMMITTEE,,REP,DAVID GREEN,9
McDowell,PRECINCT 105,REP FOR COUNTY EXEC COMMITTEE,,REP,DAVID GREEN,27
McDowell,PRECINCT 20,REP FOR COUNTY EXEC COMMITTEE,,REP,CHRISTINA JUSTICE,6
McDowell,PRECINCT 23,REP FOR COUNTY EXEC COMMITTEE,,REP,CHRISTINA JUSTICE,7
McDowell,PRECINCT 26,REP FOR COUNTY EXEC COMMITTEE,,REP,CHRISTINA JUSTICE,2
McDowell,PRECINCT 28,REP FOR COUNTY EXEC COMMITTEE,,REP,CHRISTINA JUSTICE,18
McDowell,PRECINCT 32,REP FOR COUNTY EXEC COMMITTEE,,REP,CHRISTINA JUSTICE,10
McDowell,PRECINCT 34,REP FOR COUNTY EXEC COMMITTEE,,REP,CHRISTINA JUSTICE,11
McDowell,PRECINCT 20,DEM FOR COUNTY EXEC COMMITTEE,,DEM,NO CANDIDATE FILED,0
McDowell,PRECINCT 23,DEM FOR COUNTY EXEC COMMITTEE,,DEM,NO CANDIDATE FILED,0
McDowell,PRECINCT 26,DEM FOR COUNTY EXEC COMMITTEE,,DEM,NO CANDIDATE FILED,0
McDowell,PRECINCT 28,DEM FOR COUNTY EXEC COMMITTEE,,DEM,NO CANDIDATE FILED,0
McDowell,PRECINCT 32,DEM FOR COUNTY EXEC COMMITTEE,,DEM,NO CANDIDATE FILED,0
McDowell,PRECINCT 34,DEM FOR COUNTY EXEC COMMITTEE,,DEM,NO CANDIDATE FILED,0
McDowell,PRECINCT 20,REP FOR COUNTY EXEC COMMITTEE,,REP,S.P. 'PAT' McKINNEY,5
McDowell,PRECINCT 23,REP FOR COUNTY EXEC COMMITTEE,,REP,S.P. 'PAT' McKINNEY,3
McDowell,PRECINCT 26,REP FOR COUNTY EXEC COMMITTEE,,REP,S.P. 'PAT' McKINNEY,2
McDowell,PRECINCT 28,REP FOR COUNTY EXEC COMMITTEE,,REP,S.P. 'PAT' McKINNEY,7
McDowell,PRECINCT 32,REP FOR COUNTY EXEC COMMITTEE,,REP,S.P. 'PAT' McKINNEY,5
McDowell,PRECINCT 34,REP FOR COUNTY EXEC COMMITTEE,,REP,S.P. 'PAT' McKINNEY,6
McDowell,PRECINCT 20,REP FOR COUNTY EXEC COMMITTEE,,REP,MIKE LUSHBAUGH,3
McDowell,PRECINCT 23,REP FOR COUNTY EXEC COMMITTEE,,REP,MIKE LUSHBAUGH,6
McDowell,PRECINCT 26,REP FOR COUNTY EXEC COMMITTEE,,REP,MIKE LUSHBAUGH,0
McDowell,PRECINCT 28,REP FOR COUNTY EXEC COMMITTEE,,REP,MIKE LUSHBAUGH,14
McDowell,PRECINCT 32,REP FOR COUNTY EXEC COMMITTEE,,REP,MIKE LUSHBAUGH,7
McDowell,PRECINCT 34,REP FOR COUNTY EXEC COMMITTEE,,REP,MIKE LUSHBAUGH,8
McDowell,PRECINCT 1,REP FOR COUNTY EXEC COMMITTEE,,REP,DREMA HARMON,0
McDowell,PRECINCT 6,REP FOR COUNTY EXEC COMMITTEE,,REP,DREMA HARMON,4
McDowell,PRECINCT 11,REP FOR COUNTY EXEC COMMITTEE,,REP,DREMA HARMON,6
McDowell,PRECINCT 17,REP FOR COUNTY EXEC COMMITTEE,,REP,DREMA HARMON,4
McDowell,PRECINCT 40,REP FOR COUNTY EXEC COMMITTEE,,REP,DREMA HARMON,8
McDowell,PRECINCT 50,REP FOR COUNTY EXEC COMMITTEE,,REP,DREMA HARMON,2
McDowell,PRECINCT 58,REP FOR COUNTY EXEC COMMITTEE,,REP,DREMA HARMON,3
McDowell,PRECINCT 63,REP FOR COUNTY EXEC COMMITTEE,,REP,DREMA HARMON,3
McDowell,PRECINCT 66,REP FOR COUNTY EXEC COMMITTEE,,REP,DREMA HARMON,16
McDowell,PRECINCT 72,REP FOR COUNTY EXEC COMMITTEE,,REP,DREMA HARMON,11
McDowell,PRECINCT 73,REP FOR COUNTY EXEC COMMITTEE,,REP,DREMA HARMON,13
McDowell,PRECINCT 1,DEM FOR COUNTY EXEC COMMITTEE,,DEM,NO CANDIDATE FILED,0
McDowell,PRECINCT 6,DEM FOR COUNTY EXEC COMMITTEE,,DEM,NO CANDIDATE FILED,0
McDowell,PRECINCT 11,DEM FOR COUNTY EXEC COMMITTEE,,DEM,NO CANDIDATE FILED,0
McDowell,PRECINCT 17,DEM FOR COUNTY EXEC COMMITTEE,,DEM,NO CANDIDATE FILED,0
McDowell,PRECINCT 40,DEM FOR COUNTY EXEC COMMITTEE,,DEM,NO CANDIDATE FILED,0
McDowell,PRECINCT 50,DEM FOR COUNTY EXEC COMMITTEE,,DEM,NO CANDIDATE FILED,0
McDowell,PRECINCT 58,DEM FOR COUNTY EXEC COMMITTEE,,DEM,NO CANDIDATE FILED,0
McDowell,PRECINCT 63,DEM FOR COUNTY EXEC COMMITTEE,,DEM,NO CANDIDATE FILED,0
McDowell,PRECINCT 66,DEM FOR COUNTY EXEC COMMITTEE,,DEM,NO CANDIDATE FILED,0
McDowell,PRECINCT 72,DEM FOR COUNTY EXEC COMMITTEE,,DEM,NO CANDIDATE FILED,0
McDowell,PRECINCT 73,DEM FOR COUNTY EXEC COMMITTEE,,DEM,NO CANDIDATE FILED,0
McDowell,PRECINCT 1,REP FOR COUNTY EXEC COMMITTEE,,REP,DAVID HARMON,0
McDowell,PRECINCT 6,REP FOR COUNTY EXEC COMMITTEE,,REP,DAVID HARMON,3
McDowell,PRECINCT 11,REP FOR COUNTY EXEC COMMITTEE,,REP,DAVID HARMON,6
McDowell,PRECINCT 17,REP FOR COUNTY EXEC COMMITTEE,,REP,DAVID HARMON,5
McDowell,PRECINCT 40,REP FOR COUNTY EXEC COMMITTEE,,REP,DAVID HARMON,8
McDowell,PRECINCT 50,REP FOR COUNTY EXEC COMMITTEE,,REP,DAVID HARMON,1
McDowell,PRECINCT 58,REP FOR COUNTY EXEC COMMITTEE,,REP,DAVID HARMON,3
McDowell,PRECINCT 63,REP FOR COUNTY EXEC COMMITTEE,,REP,DAVID HARMON,4
McDowell,PRECINCT 66,REP FOR COUNTY EXEC COMMITTEE,,REP,DAVID HARMON,16
McDowell,PRECINCT 72,REP FOR COUNTY EXEC COMMITTEE,,REP,DAVID HARMON,12
McDowell,PRECINCT 73,REP FOR COUNTY EXEC COMMITTEE,,REP,DAVID HARMON,13
McDowell,PRECINCT 102,REP FOR COUNTY EXEC COMMITTEE,,REP,NO CANDIDATE FILED,0
McDowell,PRECINCT 104,REP FOR COUNTY EXEC COMMITTEE,,REP,NO CANDIDATE FILED,0
McDowell,PRECINCT 106,REP FOR COUNTY EXEC COMMITTEE,,REP,NO CANDIDATE FILED,0
McDowell,PRECINCT 107,REP FOR COUNTY EXEC COMMITTEE,,REP,NO CANDIDATE FILED,0
McDowell,PRECINCT 111,REP FOR COUNTY EXEC COMMITTEE,,REP,NO CANDIDATE FILED,0
McDowell,PRECINCT 112,REP FOR COUNTY EXEC COMMITTEE,,REP,NO CANDIDATE FILED,0
McDowell,PRECINCT 113,REP FOR COUNTY EXEC COMMITTEE,,REP,NO CANDIDATE FILED,0
McDowell,PRECINCT 114,REP FOR COUNTY EXEC COMMITTEE,,REP,NO CANDIDATE FILED,0
McDowell,PRECINCT 116,REP FOR COUNTY EXEC COMMITTEE,,REP,NO CANDIDATE FILED,0
McDowell,PRECINCT 102,DEM FOR COUNTY EXEC COMMITTEE,,DEM,NO CANDIDATE FILED,0
McDowell,PRECINCT 104,DEM FOR COUNTY EXEC COMMITTEE,,DEM,NO CANDIDATE FILED,0
McDowell,PRECINCT 106,DEM FOR COUNTY EXEC COMMITTEE,,DEM,NO CANDIDATE FILED,0
McDowell,PRECINCT 107,DEM FOR COUNTY EXEC COMMITTEE,,DEM,NO CANDIDATE FILED,0
McDowell,PRECINCT 111,DEM FOR COUNTY EXEC COMMITTEE,,DEM,NO CANDIDATE FILED,0
McDowell,PRECINCT 112,DEM FOR COUNTY EXEC COMMITTEE,,DEM,NO CANDIDATE FILED,0
McDowell,PRECINCT 113,DEM FOR COUNTY EXEC COMMITTEE,,DEM,NO CANDIDATE FILED,0
McDowell,PRECINCT 114,DEM FOR COUNTY EXEC COMMITTEE,,DEM,NO CANDIDATE FILED,0
McDowell,PRECINCT 116,DEM FOR COUNTY EXEC COMMITTEE,,DEM,NO CANDIDATE FILED,0
McDowell,PRECINCT 102,REP FOR COUNTY EXEC COMMITTEE,,REP,AARON E. ROBERTS,15
McDowell,PRECINCT 104,REP FOR COUNTY EXEC COMMITTEE,,REP,AARON E. ROBERTS,21
McDowell,PRECINCT 106,REP FOR COUNTY EXEC COMMITTEE,,REP,AARON E. ROBERTS,18
McDowell,PRECINCT 107,REP FOR COUNTY EXEC COMMITTEE,,REP,AARON E. ROBERTS,12
McDowell,PRECINCT 111,REP FOR COUNTY EXEC COMMITTEE,,REP,AARON E. ROBERTS,10
McDowell,PRECINCT 112,REP FOR COUNTY EXEC COMMITTEE,,REP,AARON E. ROBERTS,9
McDowell,PRECINCT 113,REP FOR COUNTY EXEC COMMITTEE,,REP,AARON E. ROBERTS,18
McDowell,PRECINCT 114,REP FOR COUNTY EXEC COMMITTEE,,REP,AARON E. ROBERTS,5
McDowell,PRECINCT 116,REP FOR COUNTY EXEC COMMITTEE,,REP,AARON E. ROBERTS,8
McDowell,PRECINCT 102,REP FOR COUNTY EXEC COMMITTEE,,REP,GEORGE KENNEDY,12
McDowell,PRECINCT 104,REP FOR COUNTY EXEC COMMITTEE,,REP,GEORGE KENNEDY,9
McDowell,PRECINCT 106,REP FOR COUNTY EXEC COMMITTEE,,REP,GEORGE KENNEDY,1
McDowell,PRECINCT 107,REP FOR COUNTY EXEC COMMITTEE,,REP,GEORGE KENNEDY,5
McDowell,PRECINCT 111,REP FOR COUNTY EXEC COMMITTEE,,REP,GEORGE KENNEDY,8
McDowell,PRECINCT 112,REP FOR COUNTY EXEC COMMITTEE,,REP,GEORGE KENNEDY,9
McDowell,PRECINCT 113,REP FOR COUNTY EXEC COMMITTEE,,REP,GEORGE KENNEDY,13
McDowell,PRECINCT 114,REP FOR COUNTY EXEC COMMITTEE,,REP,GEORGE KENNEDY,0
McDowell,PRECINCT 116,REP FOR COUNTY EXEC COMMITTEE,,REP,GEORGE KENNEDY,2
