county,precinct,office,district,party,candidate,votes
Harrison,PRECINCT 1,BALLOTS CAST,,REP,BALLOTS CAST - REPUBLICAN,149
Harrison,PRECINCT 1A,BALLOTS CAST,,REP,BALLOTS CAST - REPUBLICAN,11
Harrison,PRECINCT 2,BALLOTS CAST,,REP,BALLOTS CAST - REPUBLICAN,16
Harrison,PRECINCT 4,BALLOTS CAST,,REP,BALLOTS CAST - REPUBLICAN,105
Harrison,PRECINCT 6,BALLOTS CAST,,REP,BALLOTS CAST - REPUBLICAN,83
Harrison,PRECINCT 9,BALLOTS CAST,,REP,BALLOTS CAST - REPUBLICAN,43
Harrison,PRECINCT 10,BALLOTS CAST,,REP,BALLOTS CAST - REPUBLICAN,44
Harrison,PRECINCT 14,BALLOTS CAST,,REP,BALLOTS CAST - REPUBLICAN,137
Harrison,PRECINCT 28,BALLOTS CAST,,REP,BALLOTS CAST - REPUBLICAN,79
Harrison,PRECINCT 33,BALLOTS CAST,,REP,BALLOTS CAST - REPUBLICAN,128
Harrison,PRECINCT 36A,BALLOTS CAST,,REP,BALLOTS CAST - REPUBLICAN,50
Harrison,PRECINCT 43,BALLOTS CAST,,REP,BALLOTS CAST - REPUBLICAN,41
Harrison,PRECINCT 44,BALLOTS CAST,,REP,BALLOTS CAST - REPUBLICAN,31
Harrison,PRECINCT 45,BALLOTS CAST,,REP,BALLOTS CAST - REPUBLICAN,87
Harrison,PRECINCT 46,BALLOTS CAST,,REP,BALLOTS CAST - REPUBLICAN,58
Harrison,PRECINCT 48,BALLOTS CAST,,REP,BALLOTS CAST - REPUBLICAN,62
Harrison,PRECINCT 50,BALLOTS CAST,,REP,BALLOTS CAST - REPUBLICAN,70
Harrison,PRECINCT 51,BALLOTS CAST,,REP,BALLOTS CAST - REPUBLICAN,28
Harrison,PRECINCT 52,BALLOTS CAST,,REP,BALLOTS CAST - REPUBLICAN,68
Harrison,PRECINCT 53,BALLOTS CAST,,REP,BALLOTS CAST - REPUBLICAN,29
Harrison,PRECINCT 59,BALLOTS CAST,,REP,BALLOTS CAST - REPUBLICAN,33
Harrison,PRECINCT 61,BALLOTS CAST,,REP,BALLOTS CAST - REPUBLICAN,71
Harrison,PRECINCT 63,BALLOTS CAST,,REP,BALLOTS CAST - REPUBLICAN,72
Harrison,PRECINCT 66,BALLOTS CAST,,REP,BALLOTS CAST - REPUBLICAN,33
Harrison,PRECINCT 66A,BALLOTS CAST,,REP,BALLOTS CAST - REPUBLICAN,3
Harrison,PRECINCT 66B,BALLOTS CAST,,REP,BALLOTS CAST - REPUBLICAN,4
Harrison,PRECINCT 68,BALLOTS CAST,,REP,BALLOTS CAST - REPUBLICAN,87
Harrison,PRECINCT 74,BALLOTS CAST,,REP,BALLOTS CAST - REPUBLICAN,110
Harrison,PRECINCT 80,BALLOTS CAST,,REP,BALLOTS CAST - REPUBLICAN,141
Harrison,PRECINCT 87,BALLOTS CAST,,REP,BALLOTS CAST - REPUBLICAN,30
Harrison,PRECINCT 92,BALLOTS CAST,,REP,BALLOTS CAST - REPUBLICAN,49
Harrison,PRECINCT 95,BALLOTS CAST,,REP,BALLOTS CAST - REPUBLICAN,46
Harrison,PRECINCT 96,BALLOTS CAST,,REP,BALLOTS CAST - REPUBLICAN,55
Harrison,PRECINCT 98,BALLOTS CAST,,REP,BALLOTS CAST - REPUBLICAN,36
Harrison,PRECINCT 102,BALLOTS CAST,,REP,BALLOTS CAST - REPUBLICAN,164
Harrison,PRECINCT 103,BALLOTS CAST,,REP,BALLOTS CAST - REPUBLICAN,45
Harrison,PRECINCT 104,BALLOTS CAST,,REP,BALLOTS CAST - REPUBLICAN,64
Harrison,PRECINCT 106,BALLOTS CAST,,REP,BALLOTS CAST - REPUBLICAN,46
Harrison,PRECINCT 107,BALLOTS CAST,,REP,BALLOTS CAST - REPUBLICAN,22
Harrison,PRECINCT 108,BALLOTS CAST,,REP,BALLOTS CAST - REPUBLICAN,92
Harrison,PRECINCT 110,BALLOTS CAST,,REP,BALLOTS CAST - REPUBLICAN,54
Harrison,PRECINCT 114,BALLOTS CAST,,REP,BALLOTS CAST - REPUBLICAN,39
Harrison,PRECINCT 114A,BALLOTS CAST,,REP,BALLOTS CAST - REPUBLICAN,10
Harrison,PRECINCT 118,BALLOTS CAST,,REP,BALLOTS CAST - REPUBLICAN,36
Harrison,PRECINCT 120,BALLOTS CAST,,REP,BALLOTS CAST - REPUBLICAN,99
Harrison,PRECINCT 121,BALLOTS CAST,,REP,BALLOTS CAST - REPUBLICAN,19
Harrison,PRECINCT 122,BALLOTS CAST,,REP,BALLOTS CAST - REPUBLICAN,37
Harrison,PRECINCT 123,BALLOTS CAST,,REP,BALLOTS CAST - REPUBLICAN,285
Harrison,PRECINCT 125,BALLOTS CAST,,REP,BALLOTS CAST - REPUBLICAN,129
Harrison,PRECINCT 126,BALLOTS CAST,,REP,BALLOTS CAST - REPUBLICAN,118
Harrison,PRECINCT 128,BALLOTS CAST,,REP,BALLOTS CAST - REPUBLICAN,94
Harrison,PRECINCT 129,BALLOTS CAST,,REP,BALLOTS CAST - REPUBLICAN,224
Harrison,PRECINCT 129B,BALLOTS CAST,,REP,BALLOTS CAST - REPUBLICAN,165
Harrison,PRECINCT 129C,BALLOTS CAST,,REP,BALLOTS CAST - REPUBLICAN,59
Harrison,PRECINCT 130,BALLOTS CAST,,REP,BALLOTS CAST - REPUBLICAN,44
Harrison,PRECINCT 132,BALLOTS CAST,,REP,BALLOTS CAST - REPUBLICAN,24
Harrison,PRECINCT 133,BALLOTS CAST,,REP,BALLOTS CAST - REPUBLICAN,80
Harrison,PRECINCT 134,BALLOTS CAST,,REP,BALLOTS CAST - REPUBLICAN,50
Harrison,PRECINCT 135,BALLOTS CAST,,REP,BALLOTS CAST - REPUBLICAN,34
Harrison,PRECINCT 136,BALLOTS CAST,,REP,BALLOTS CAST - REPUBLICAN,23
Harrison,PRECINCT 137,BALLOTS CAST,,REP,BALLOTS CAST - REPUBLICAN,18
Harrison,PRECINCT 143,BALLOTS CAST,,REP,BALLOTS CAST - REPUBLICAN,150
Harrison,PRECINCT 144,BALLOTS CAST,,REP,BALLOTS CAST - REPUBLICAN,47
Harrison,PRECINCT 144A,BALLOTS CAST,,REP,BALLOTS CAST - REPUBLICAN,41
Harrison,PRECINCT 145,BALLOTS CAST,,REP,BALLOTS CAST - REPUBLICAN,65
Harrison,PRECINCT 1,BALLOTS CAST,,DEM,BALLOTS CAST - DEMOCRATIC,147
Harrison,PRECINCT 1A,BALLOTS CAST,,DEM,BALLOTS CAST - DEMOCRATIC,12
Harrison,PRECINCT 2,BALLOTS CAST,,DEM,BALLOTS CAST - DEMOCRATIC,17
Harrison,PRECINCT 4,BALLOTS CAST,,DEM,BALLOTS CAST - DEMOCRATIC,177
Harrison,PRECINCT 6,BALLOTS CAST,,DEM,BALLOTS CAST - DEMOCRATIC,122
Harrison,PRECINCT 9,BALLOTS CAST,,DEM,BALLOTS CAST - DEMOCRATIC,69
Harrison,PRECINCT 10,BALLOTS CAST,,DEM,BALLOTS CAST - DEMOCRATIC,47
Harrison,PRECINCT 14,BALLOTS CAST,,DEM,BALLOTS CAST - DEMOCRATIC,305
Harrison,PRECINCT 28,BALLOTS CAST,,DEM,BALLOTS CAST - DEMOCRATIC,162
Harrison,PRECINCT 33,BALLOTS CAST,,DEM,BALLOTS CAST - DEMOCRATIC,213
Harrison,PRECINCT 36A,BALLOTS CAST,,DEM,BALLOTS CAST - DEMOCRATIC,65
Harrison,PRECINCT 43,BALLOTS CAST,,DEM,BALLOTS CAST - DEMOCRATIC,18
Harrison,PRECINCT 44,BALLOTS CAST,,DEM,BALLOTS CAST - DEMOCRATIC,23
Harrison,PRECINCT 45,BALLOTS CAST,,DEM,BALLOTS CAST - DEMOCRATIC,35
Harrison,PRECINCT 46,BALLOTS CAST,,DEM,BALLOTS CAST - DEMOCRATIC,37
Harrison,PRECINCT 48,BALLOTS CAST,,DEM,BALLOTS CAST - DEMOCRATIC,52
Harrison,PRECINCT 50,BALLOTS CAST,,DEM,BALLOTS CAST - DEMOCRATIC,78
Harrison,PRECINCT 51,BALLOTS CAST,,DEM,BALLOTS CAST - DEMOCRATIC,47
Harrison,PRECINCT 52,BALLOTS CAST,,DEM,BALLOTS CAST - DEMOCRATIC,35
Harrison,PRECINCT 53,BALLOTS CAST,,DEM,BALLOTS CAST - DEMOCRATIC,27
Harrison,PRECINCT 59,BALLOTS CAST,,DEM,BALLOTS CAST - DEMOCRATIC,43
Harrison,PRECINCT 61,BALLOTS CAST,,DEM,BALLOTS CAST - DEMOCRATIC,69
Harrison,PRECINCT 63,BALLOTS CAST,,DEM,BALLOTS CAST - DEMOCRATIC,60
Harrison,PRECINCT 66,BALLOTS CAST,,DEM,BALLOTS CAST - DEMOCRATIC,50
Harrison,PRECINCT 66A,BALLOTS CAST,,DEM,BALLOTS CAST - DEMOCRATIC,11
Harrison,PRECINCT 66B,BALLOTS CAST,,DEM,BALLOTS CAST - DEMOCRATIC,8
Harrison,PRECINCT 68,BALLOTS CAST,,DEM,BALLOTS CAST - DEMOCRATIC,182
Harrison,PRECINCT 74,BALLOTS CAST,,DEM,BALLOTS CAST - DEMOCRATIC,166
Harrison,PRECINCT 80,BALLOTS CAST,,DEM,BALLOTS CAST - DEMOCRATIC,236
Harrison,PRECINCT 87,BALLOTS CAST,,DEM,BALLOTS CAST - DEMOCRATIC,30
Harrison,PRECINCT 92,BALLOTS CAST,,DEM,BALLOTS CAST - DEMOCRATIC,32
Harrison,PRECINCT 95,BALLOTS CAST,,DEM,BALLOTS CAST - DEMOCRATIC,32
Harrison,PRECINCT 96,BALLOTS CAST,,DEM,BALLOTS CAST - DEMOCRATIC,56
Harrison,PRECINCT 98,BALLOTS CAST,,DEM,BALLOTS CAST - DEMOCRATIC,23
Harrison,PRECINCT 102,BALLOTS CAST,,DEM,BALLOTS CAST - DEMOCRATIC,116
Harrison,PRECINCT 103,BALLOTS CAST,,DEM,BALLOTS CAST - DEMOCRATIC,24
Harrison,PRECINCT 104,BALLOTS CAST,,DEM,BALLOTS CAST - DEMOCRATIC,29
Harrison,PRECINCT 106,BALLOTS CAST,,DEM,BALLOTS CAST - DEMOCRATIC,35
Harrison,PRECINCT 107,BALLOTS CAST,,DEM,BALLOTS CAST - DEMOCRATIC,20
Harrison,PRECINCT 108,BALLOTS CAST,,DEM,BALLOTS CAST - DEMOCRATIC,38
Harrison,PRECINCT 110,BALLOTS CAST,,DEM,BALLOTS CAST - DEMOCRATIC,44
Harrison,PRECINCT 114,BALLOTS CAST,,DEM,BALLOTS CAST - DEMOCRATIC,36
Harrison,PRECINCT 114A,BALLOTS CAST,,DEM,BALLOTS CAST - DEMOCRATIC,6
Harrison,PRECINCT 118,BALLOTS CAST,,DEM,BALLOTS CAST - DEMOCRATIC,23
Harrison,PRECINCT 120,BALLOTS CAST,,DEM,BALLOTS CAST - DEMOCRATIC,45
Harrison,PRECINCT 121,BALLOTS CAST,,DEM,BALLOTS CAST - DEMOCRATIC,30
Harrison,PRECINCT 122,BALLOTS CAST,,DEM,BALLOTS CAST - DEMOCRATIC,25
Harrison,PRECINCT 123,BALLOTS CAST,,DEM,BALLOTS CAST - DEMOCRATIC,221
Harrison,PRECINCT 125,BALLOTS CAST,,DEM,BALLOTS CAST - DEMOCRATIC,123
Harrison,PRECINCT 126,BALLOTS CAST,,DEM,BALLOTS CAST - DEMOCRATIC,110
Harrison,PRECINCT 128,BALLOTS CAST,,DEM,BALLOTS CAST - DEMOCRATIC,89
Harrison,PRECINCT 129,BALLOTS CAST,,DEM,BALLOTS CAST - DEMOCRATIC,201
Harrison,PRECINCT 129B,BALLOTS CAST,,DEM,BALLOTS CAST - DEMOCRATIC,213
Harrison,PRECINCT 129C,BALLOTS CAST,,DEM,BALLOTS CAST - DEMOCRATIC,55
Harrison,PRECINCT 130,BALLOTS CAST,,DEM,BALLOTS CAST - DEMOCRATIC,13
Harrison,PRECINCT 132,BALLOTS CAST,,DEM,BALLOTS CAST - DEMOCRATIC,20
Harrison,PRECINCT 133,BALLOTS CAST,,DEM,BALLOTS CAST - DEMOCRATIC,79
Harrison,PRECINCT 134,BALLOTS CAST,,DEM,BALLOTS CAST - DEMOCRATIC,35
Harrison,PRECINCT 135,BALLOTS CAST,,DEM,BALLOTS CAST - DEMOCRATIC,10
Harrison,PRECINCT 136,BALLOTS CAST,,DEM,BALLOTS CAST - DEMOCRATIC,13
Harrison,PRECINCT 137,BALLOTS CAST,,DEM,BALLOTS CAST - DEMOCRATIC,7
Harrison,PRECINCT 143,BALLOTS CAST,,DEM,BALLOTS CAST - DEMOCRATIC,79
Harrison,PRECINCT 144,BALLOTS CAST,,DEM,BALLOTS CAST - DEMOCRATIC,39
Harrison,PRECINCT 144A,BALLOTS CAST,,DEM,BALLOTS CAST - DEMOCRATIC,28
Harrison,PRECINCT 145,BALLOTS CAST,,DEM,BALLOTS CAST - DEMOCRATIC,36
Harrison,PRECINCT 1,BALLOTS CAST,,,BALLOTS CAST - NONPARTISAN,26
Harrison,PRECINCT 1A,BALLOTS CAST,,,BALLOTS CAST - NONPARTISAN,1
Harrison,PRECINCT 2,BALLOTS CAST,,,BALLOTS CAST - NONPARTISAN,7
Harrison,PRECINCT 4,BALLOTS CAST,,,BALLOTS CAST - NONPARTISAN,32
Harrison,PRECINCT 6,BALLOTS CAST,,,BALLOTS CAST - NONPARTISAN,14
Harrison,PRECINCT 9,BALLOTS CAST,,,BALLOTS CAST - NONPARTISAN,18
Harrison,PRECINCT 10,BALLOTS CAST,,,BALLOTS CAST - NONPARTISAN,2
Harrison,PRECINCT 14,BALLOTS CAST,,,BALLOTS CAST - NONPARTISAN,78
Harrison,PRECINCT 28,BALLOTS CAST,,,BALLOTS CAST - NONPARTISAN,28
Harrison,PRECINCT 33,BALLOTS CAST,,,BALLOTS CAST - NONPARTISAN,36
Harrison,PRECINCT 36A,BALLOTS CAST,,,BALLOTS CAST - NONPARTISAN,14
Harrison,PRECINCT 43,BALLOTS CAST,,,BALLOTS CAST - NONPARTISAN,9
Harrison,PRECINCT 44,BALLOTS CAST,,,BALLOTS CAST - NONPARTISAN,8
Harrison,PRECINCT 45,BALLOTS CAST,,,BALLOTS CAST - NONPARTISAN,4
Harrison,PRECINCT 46,BALLOTS CAST,,,BALLOTS CAST - NONPARTISAN,9
Harrison,PRECINCT 48,BALLOTS CAST,,,BALLOTS CAST - NONPARTISAN,8
Harrison,PRECINCT 50,BALLOTS CAST,,,BALLOTS CAST - NONPARTISAN,19
Harrison,PRECINCT 51,BALLOTS CAST,,,BALLOTS CAST - NONPARTISAN,15
Harrison,PRECINCT 52,BALLOTS CAST,,,BALLOTS CAST - NONPARTISAN,9
Harrison,PRECINCT 53,BALLOTS CAST,,,BALLOTS CAST - NONPARTISAN,9
Harrison,PRECINCT 59,BALLOTS CAST,,,BALLOTS CAST - NONPARTISAN,13
Harrison,PRECINCT 61,BALLOTS CAST,,,BALLOTS CAST - NONPARTISAN,16
Harrison,PRECINCT 63,BALLOTS CAST,,,BALLOTS CAST - NONPARTISAN,13
Harrison,PRECINCT 66,BALLOTS CAST,,,BALLOTS CAST - NONPARTISAN,3
Harrison,PRECINCT 66A,BALLOTS CAST,,,BALLOTS CAST - NONPARTISAN,2
Harrison,PRECINCT 66B,BALLOTS CAST,,,BALLOTS CAST - NONPARTISAN,1
Harrison,PRECINCT 68,BALLOTS CAST,,,BALLOTS CAST - NONPARTISAN,32
Harrison,PRECINCT 74,BALLOTS CAST,,,BALLOTS CAST - NONPARTISAN,42
Harrison,PRECINCT 80,BALLOTS CAST,,,BALLOTS CAST - NONPARTISAN,26
Harrison,PRECINCT 87,BALLOTS CAST,,,BALLOTS CAST - NONPARTISAN,7
Harrison,PRECINCT 92,BALLOTS CAST,,,BALLOTS CAST - NONPARTISAN,19
Harrison,PRECINCT 95,BALLOTS CAST,,,BALLOTS CAST - NONPARTISAN,5
Harrison,PRECINCT 96,BALLOTS CAST,,,BALLOTS CAST - NONPARTISAN,8
Harrison,PRECINCT 98,BALLOTS CAST,,,BALLOTS CAST - NONPARTISAN,7
Harrison,PRECINCT 102,BALLOTS CAST,,,BALLOTS CAST - NONPARTISAN,15
Harrison,PRECINCT 103,BALLOTS CAST,,,BALLOTS CAST - NONPARTISAN,3
Harrison,PRECINCT 104,BALLOTS CAST,,,BALLOTS CAST - NONPARTISAN,4
Harrison,PRECINCT 106,BALLOTS CAST,,,BALLOTS CAST - NONPARTISAN,7
Harrison,PRECINCT 107,BALLOTS CAST,,,BALLOTS CAST - NONPARTISAN,3
Harrison,PRECINCT 108,BALLOTS CAST,,,BALLOTS CAST - NONPARTISAN,8
Harrison,PRECINCT 110,BALLOTS CAST,,,BALLOTS CAST - NONPARTISAN,14
Harrison,PRECINCT 114,BALLOTS CAST,,,BALLOTS CAST - NONPARTISAN,11
Harrison,PRECINCT 114A,BALLOTS CAST,,,BALLOTS CAST - NONPARTISAN,5
Harrison,PRECINCT 118,BALLOTS CAST,,,BALLOTS CAST - NONPARTISAN,9
Harrison,PRECINCT 120,BALLOTS CAST,,,BALLOTS CAST - NONPARTISAN,16
Harrison,PRECINCT 121,BALLOTS CAST,,,BALLOTS CAST - NONPARTISAN,4
Harrison,PRECINCT 122,BALLOTS CAST,,,BALLOTS CAST - NONPARTISAN,7
Harrison,PRECINCT 123,BALLOTS CAST,,,BALLOTS CAST - NONPARTISAN,49
Harrison,PRECINCT 125,BALLOTS CAST,,,BALLOTS CAST - NONPARTISAN,26
Harrison,PRECINCT 126,BALLOTS CAST,,,BALLOTS CAST - NONPARTISAN,16
Harrison,PRECINCT 128,BALLOTS CAST,,,BALLOTS CAST - NONPARTISAN,22
Harrison,PRECINCT 129,BALLOTS CAST,,,BALLOTS CAST - NONPARTISAN,35
Harrison,PRECINCT 129B,BALLOTS CAST,,,BALLOTS CAST - NONPARTISAN,24
Harrison,PRECINCT 129C,BALLOTS CAST,,,BALLOTS CAST - NONPARTISAN,6
Harrison,PRECINCT 130,BALLOTS CAST,,,BALLOTS CAST - NONPARTISAN,4
Harrison,PRECINCT 132,BALLOTS CAST,,,BALLOTS CAST - NONPARTISAN,5
Harrison,PRECINCT 133,BALLOTS CAST,,,BALLOTS CAST - NONPARTISAN,5
Harrison,PRECINCT 134,BALLOTS CAST,,,BALLOTS CAST - NONPARTISAN,10
Harrison,PRECINCT 135,BALLOTS CAST,,,BALLOTS CAST - NONPARTISAN,8
Harrison,PRECINCT 136,BALLOTS CAST,,,BALLOTS CAST - NONPARTISAN,3
Harrison,PRECINCT 137,BALLOTS CAST,,,BALLOTS CAST - NONPARTISAN,3
Harrison,PRECINCT 143,BALLOTS CAST,,,BALLOTS CAST - NONPARTISAN,12
Harrison,PRECINCT 144,BALLOTS CAST,,,BALLOTS CAST - NONPARTISAN,10
Harrison,PRECINCT 144A,BALLOTS CAST,,,BALLOTS CAST - NONPARTISAN,10
Harrison,PRECINCT 145,BALLOTS CAST,,,BALLOTS CAST - NONPARTISAN,11
Harrison,PRECINCT 1,U.S. Senate,,REP,DAVID PURKEY,21
Harrison,PRECINCT 1A,U.S. Senate,,REP,DAVID PURKEY,1
Harrison,PRECINCT 2,U.S. Senate,,REP,DAVID PURKEY,1
Harrison,PRECINCT 4,U.S. Senate,,REP,DAVID PURKEY,8
Harrison,PRECINCT 6,U.S. Senate,,REP,DAVID PURKEY,5
Harrison,PRECINCT 9,U.S. Senate,,REP,DAVID PURKEY,5
Harrison,PRECINCT 10,U.S. Senate,,REP,DAVID PURKEY,7
Harrison,PRECINCT 14,U.S. Senate,,REP,DAVID PURKEY,27
Harrison,PRECINCT 28,U.S. Senate,,REP,DAVID PURKEY,8
Harrison,PRECINCT 33,U.S. Senate,,REP,DAVID PURKEY,15
Harrison,PRECINCT 36A,U.S. Senate,,REP,DAVID PURKEY,3
Harrison,PRECINCT 43,U.S. Senate,,REP,DAVID PURKEY,7
Harrison,PRECINCT 44,U.S. Senate,,REP,DAVID PURKEY,6
Harrison,PRECINCT 45,U.S. Senate,,REP,DAVID PURKEY,12
Harrison,PRECINCT 46,U.S. Senate,,REP,DAVID PURKEY,5
Harrison,PRECINCT 48,U.S. Senate,,REP,DAVID PURKEY,7
Harrison,PRECINCT 50,U.S. Senate,,REP,DAVID PURKEY,8
Harrison,PRECINCT 51,U.S. Senate,,REP,DAVID PURKEY,1
Harrison,PRECINCT 52,U.S. Senate,,REP,DAVID PURKEY,9
Harrison,PRECINCT 53,U.S. Senate,,REP,DAVID PURKEY,6
Harrison,PRECINCT 59,U.S. Senate,,REP,DAVID PURKEY,2
Harrison,PRECINCT 61,U.S. Senate,,REP,DAVID PURKEY,9
Harrison,PRECINCT 63,U.S. Senate,,REP,DAVID PURKEY,14
Harrison,PRECINCT 66,U.S. Senate,,REP,DAVID PURKEY,1
Harrison,PRECINCT 66A,U.S. Senate,,REP,DAVID PURKEY,1
Harrison,PRECINCT 66B,U.S. Senate,,REP,DAVID PURKEY,0
Harrison,PRECINCT 68,U.S. Senate,,REP,DAVID PURKEY,10
Harrison,PRECINCT 74,U.S. Senate,,REP,DAVID PURKEY,16
Harrison,PRECINCT 80,U.S. Senate,,REP,DAVID PURKEY,14
Harrison,PRECINCT 87,U.S. Senate,,REP,DAVID PURKEY,1
Harrison,PRECINCT 92,U.S. Senate,,REP,DAVID PURKEY,4
Harrison,PRECINCT 95,U.S. Senate,,REP,DAVID PURKEY,7
Harrison,PRECINCT 96,U.S. Senate,,REP,DAVID PURKEY,8
Harrison,PRECINCT 98,U.S. Senate,,REP,DAVID PURKEY,5
Harrison,PRECINCT 102,U.S. Senate,,REP,DAVID PURKEY,23
Harrison,PRECINCT 103,U.S. Senate,,REP,DAVID PURKEY,1
Harrison,PRECINCT 104,U.S. Senate,,REP,DAVID PURKEY,6
Harrison,PRECINCT 106,U.S. Senate,,REP,DAVID PURKEY,3
Harrison,PRECINCT 107,U.S. Senate,,REP,DAVID PURKEY,1
Harrison,PRECINCT 108,U.S. Senate,,REP,DAVID PURKEY,9
Harrison,PRECINCT 110,U.S. Senate,,REP,DAVID PURKEY,6
Harrison,PRECINCT 114,U.S. Senate,,REP,DAVID PURKEY,7
Harrison,PRECINCT 114A,U.S. Senate,,REP,DAVID PURKEY,0
Harrison,PRECINCT 118,U.S. Senate,,REP,DAVID PURKEY,4
Harrison,PRECINCT 120,U.S. Senate,,REP,DAVID PURKEY,11
Harrison,PRECINCT 121,U.S. Senate,,REP,DAVID PURKEY,1
Harrison,PRECINCT 122,U.S. Senate,,REP,DAVID PURKEY,6
Harrison,PRECINCT 123,U.S. Senate,,REP,DAVID PURKEY,28
Harrison,PRECINCT 125,U.S. Senate,,REP,DAVID PURKEY,14
Harrison,PRECINCT 126,U.S. Senate,,REP,DAVID PURKEY,8
Harrison,PRECINCT 128,U.S. Senate,,REP,DAVID PURKEY,14
Harrison,PRECINCT 129,U.S. Senate,,REP,DAVID PURKEY,22
Harrison,PRECINCT 129B,U.S. Senate,,REP,DAVID PURKEY,12
Harrison,PRECINCT 129C,U.S. Senate,,REP,DAVID PURKEY,9
Harrison,PRECINCT 130,U.S. Senate,,REP,DAVID PURKEY,5
Harrison,PRECINCT 132,U.S. Senate,,REP,DAVID PURKEY,4
Harrison,PRECINCT 133,U.S. Senate,,REP,DAVID PURKEY,8
Harrison,PRECINCT 134,U.S. Senate,,REP,DAVID PURKEY,10
Harrison,PRECINCT 135,U.S. Senate,,REP,DAVID PURKEY,3
Harrison,PRECINCT 136,U.S. Senate,,REP,DAVID PURKEY,3
Harrison,PRECINCT 137,U.S. Senate,,REP,DAVID PURKEY,3
Harrison,PRECINCT 143,U.S. Senate,,REP,DAVID PURKEY,20
Harrison,PRECINCT 144,U.S. Senate,,REP,DAVID PURKEY,8
Harrison,PRECINCT 144A,U.S. Senate,,REP,DAVID PURKEY,1
Harrison,PRECINCT 145,U.S. Senate,,REP,DAVID PURKEY,5
Harrison,PRECINCT 1,U.S. Senate,,REP,JANET MCNULTY,2
Harrison,PRECINCT 1A,U.S. Senate,,REP,JANET MCNULTY,0
Harrison,PRECINCT 2,U.S. Senate,,REP,JANET MCNULTY,0
Harrison,PRECINCT 4,U.S. Senate,,REP,JANET MCNULTY,0
Harrison,PRECINCT 6,U.S. Senate,,REP,JANET MCNULTY,1
Harrison,PRECINCT 9,U.S. Senate,,REP,JANET MCNULTY,1
Harrison,PRECINCT 10,U.S. Senate,,REP,JANET MCNULTY,0
Harrison,PRECINCT 14,U.S. Senate,,REP,JANET MCNULTY,1
Harrison,PRECINCT 28,U.S. Senate,,REP,JANET MCNULTY,2
Harrison,PRECINCT 33,U.S. Senate,,REP,JANET MCNULTY,4
Harrison,PRECINCT 36A,U.S. Senate,,REP,JANET MCNULTY,1
Harrison,PRECINCT 43,U.S. Senate,,REP,JANET MCNULTY,0
Harrison,PRECINCT 44,U.S. Senate,,REP,JANET MCNULTY,1
Harrison,PRECINCT 45,U.S. Senate,,REP,JANET MCNULTY,1
Harrison,PRECINCT 46,U.S. Senate,,REP,JANET MCNULTY,1
Harrison,PRECINCT 48,U.S. Senate,,REP,JANET MCNULTY,0
Harrison,PRECINCT 50,U.S. Senate,,REP,JANET MCNULTY,1
Harrison,PRECINCT 51,U.S. Senate,,REP,JANET MCNULTY,0
Harrison,PRECINCT 52,U.S. Senate,,REP,JANET MCNULTY,2
Harrison,PRECINCT 53,U.S. Senate,,REP,JANET MCNULTY,1
Harrison,PRECINCT 59,U.S. Senate,,REP,JANET MCNULTY,0
Harrison,PRECINCT 61,U.S. Senate,,REP,JANET MCNULTY,0
Harrison,PRECINCT 63,U.S. Senate,,REP,JANET MCNULTY,1
Harrison,PRECINCT 66,U.S. Senate,,REP,JANET MCNULTY,0
Harrison,PRECINCT 66A,U.S. Senate,,REP,JANET MCNULTY,1
Harrison,PRECINCT 66B,U.S. Senate,,REP,JANET MCNULTY,0
Harrison,PRECINCT 68,U.S. Senate,,REP,JANET MCNULTY,3
Harrison,PRECINCT 74,U.S. Senate,,REP,JANET MCNULTY,4
Harrison,PRECINCT 80,U.S. Senate,,REP,JANET MCNULTY,3
Harrison,PRECINCT 87,U.S. Senate,,REP,JANET MCNULTY,0
Harrison,PRECINCT 92,U.S. Senate,,REP,JANET MCNULTY,0
Harrison,PRECINCT 95,U.S. Senate,,REP,JANET MCNULTY,0
Harrison,PRECINCT 96,U.S. Senate,,REP,JANET MCNULTY,0
Harrison,PRECINCT 98,U.S. Senate,,REP,JANET MCNULTY,0
Harrison,PRECINCT 102,U.S. Senate,,REP,JANET MCNULTY,2
Harrison,PRECINCT 103,U.S. Senate,,REP,JANET MCNULTY,1
Harrison,PRECINCT 104,U.S. Senate,,REP,JANET MCNULTY,2
Harrison,PRECINCT 106,U.S. Senate,,REP,JANET MCNULTY,2
Harrison,PRECINCT 107,U.S. Senate,,REP,JANET MCNULTY,1
Harrison,PRECINCT 108,U.S. Senate,,REP,JANET MCNULTY,3
Harrison,PRECINCT 110,U.S. Senate,,REP,JANET MCNULTY,1
Harrison,PRECINCT 114,U.S. Senate,,REP,JANET MCNULTY,0
Harrison,PRECINCT 114A,U.S. Senate,,REP,JANET MCNULTY,0
Harrison,PRECINCT 118,U.S. Senate,,REP,JANET MCNULTY,1
Harrison,PRECINCT 120,U.S. Senate,,REP,JANET MCNULTY,2
Harrison,PRECINCT 121,U.S. Senate,,REP,JANET MCNULTY,0
Harrison,PRECINCT 122,U.S. Senate,,REP,JANET MCNULTY,0
Harrison,PRECINCT 123,U.S. Senate,,REP,JANET MCNULTY,3
Harrison,PRECINCT 125,U.S. Senate,,REP,JANET MCNULTY,1
Harrison,PRECINCT 126,U.S. Senate,,REP,JANET MCNULTY,0
Harrison,PRECINCT 128,U.S. Senate,,REP,JANET MCNULTY,1
Harrison,PRECINCT 129,U.S. Senate,,REP,JANET MCNULTY,2
Harrison,PRECINCT 129B,U.S. Senate,,REP,JANET MCNULTY,3
Harrison,PRECINCT 129C,U.S. Senate,,REP,JANET MCNULTY,1
Harrison,PRECINCT 130,U.S. Senate,,REP,JANET MCNULTY,0
Harrison,PRECINCT 132,U.S. Senate,,REP,JANET MCNULTY,2
Harrison,PRECINCT 133,U.S. Senate,,REP,JANET MCNULTY,3
Harrison,PRECINCT 134,U.S. Senate,,REP,JANET MCNULTY,0
Harrison,PRECINCT 135,U.S. Senate,,REP,JANET MCNULTY,0
Harrison,PRECINCT 136,U.S. Senate,,REP,JANET MCNULTY,0
Harrison,PRECINCT 137,U.S. Senate,,REP,JANET MCNULTY,0
Harrison,PRECINCT 143,U.S. Senate,,REP,JANET MCNULTY,2
Harrison,PRECINCT 144,U.S. Senate,,REP,JANET MCNULTY,4
Harrison,PRECINCT 144A,U.S. Senate,,REP,JANET MCNULTY,1
Harrison,PRECINCT 145,U.S. Senate,,REP,JANET MCNULTY,0
Harrison,PRECINCT 1,U.S. Senate,,REP,BRYAN MCKINNEY,6
Harrison,PRECINCT 1A,U.S. Senate,,REP,BRYAN MCKINNEY,0
Harrison,PRECINCT 2,U.S. Senate,,REP,BRYAN MCKINNEY,1
Harrison,PRECINCT 4,U.S. Senate,,REP,BRYAN MCKINNEY,4
Harrison,PRECINCT 6,U.S. Senate,,REP,BRYAN MCKINNEY,0
Harrison,PRECINCT 9,U.S. Senate,,REP,BRYAN MCKINNEY,1
Harrison,PRECINCT 10,U.S. Senate,,REP,BRYAN MCKINNEY,2
Harrison,PRECINCT 14,U.S. Senate,,REP,BRYAN MCKINNEY,6
Harrison,PRECINCT 28,U.S. Senate,,REP,BRYAN MCKINNEY,4
Harrison,PRECINCT 33,U.S. Senate,,REP,BRYAN MCKINNEY,4
Harrison,PRECINCT 36A,U.S. Senate,,REP,BRYAN MCKINNEY,2
Harrison,PRECINCT 43,U.S. Senate,,REP,BRYAN MCKINNEY,2
Harrison,PRECINCT 44,U.S. Senate,,REP,BRYAN MCKINNEY,1
Harrison,PRECINCT 45,U.S. Senate,,REP,BRYAN MCKINNEY,2
Harrison,PRECINCT 46,U.S. Senate,,REP,BRYAN MCKINNEY,3
Harrison,PRECINCT 48,U.S. Senate,,REP,BRYAN MCKINNEY,1
Harrison,PRECINCT 50,U.S. Senate,,REP,BRYAN MCKINNEY,0
Harrison,PRECINCT 51,U.S. Senate,,REP,BRYAN MCKINNEY,3
Harrison,PRECINCT 52,U.S. Senate,,REP,BRYAN MCKINNEY,3
Harrison,PRECINCT 53,U.S. Senate,,REP,BRYAN MCKINNEY,0
Harrison,PRECINCT 59,U.S. Senate,,REP,BRYAN MCKINNEY,1
Harrison,PRECINCT 61,U.S. Senate,,REP,BRYAN MCKINNEY,6
Harrison,PRECINCT 63,U.S. Senate,,REP,BRYAN MCKINNEY,1
Harrison,PRECINCT 66,U.S. Senate,,REP,BRYAN MCKINNEY,2
Harrison,PRECINCT 66A,U.S. Senate,,REP,BRYAN MCKINNEY,0
Harrison,PRECINCT 66B,U.S. Senate,,REP,BRYAN MCKINNEY,0
Harrison,PRECINCT 68,U.S. Senate,,REP,BRYAN MCKINNEY,5
Harrison,PRECINCT 74,U.S. Senate,,REP,BRYAN MCKINNEY,7
Harrison,PRECINCT 80,U.S. Senate,,REP,BRYAN MCKINNEY,4
Harrison,PRECINCT 87,U.S. Senate,,REP,BRYAN MCKINNEY,2
Harrison,PRECINCT 92,U.S. Senate,,REP,BRYAN MCKINNEY,1
Harrison,PRECINCT 95,U.S. Senate,,REP,BRYAN MCKINNEY,4
Harrison,PRECINCT 96,U.S. Senate,,REP,BRYAN MCKINNEY,1
Harrison,PRECINCT 98,U.S. Senate,,REP,BRYAN MCKINNEY,1
Harrison,PRECINCT 102,U.S. Senate,,REP,BRYAN MCKINNEY,6
Harrison,PRECINCT 103,U.S. Senate,,REP,BRYAN MCKINNEY,1
Harrison,PRECINCT 104,U.S. Senate,,REP,BRYAN MCKINNEY,2
Harrison,PRECINCT 106,U.S. Senate,,REP,BRYAN MCKINNEY,0
Harrison,PRECINCT 107,U.S. Senate,,REP,BRYAN MCKINNEY,1
Harrison,PRECINCT 108,U.S. Senate,,REP,BRYAN MCKINNEY,4
Harrison,PRECINCT 110,U.S. Senate,,REP,BRYAN MCKINNEY,2
Harrison,PRECINCT 114,U.S. Senate,,REP,BRYAN MCKINNEY,1
Harrison,PRECINCT 114A,U.S. Senate,,REP,BRYAN MCKINNEY,0
Harrison,PRECINCT 118,U.S. Senate,,REP,BRYAN MCKINNEY,0
Harrison,PRECINCT 120,U.S. Senate,,REP,BRYAN MCKINNEY,1
Harrison,PRECINCT 121,U.S. Senate,,REP,BRYAN MCKINNEY,2
Harrison,PRECINCT 122,U.S. Senate,,REP,BRYAN MCKINNEY,1
Harrison,PRECINCT 123,U.S. Senate,,REP,BRYAN MCKINNEY,12
Harrison,PRECINCT 125,U.S. Senate,,REP,BRYAN MCKINNEY,3
Harrison,PRECINCT 126,U.S. Senate,,REP,BRYAN MCKINNEY,4
Harrison,PRECINCT 128,U.S. Senate,,REP,BRYAN MCKINNEY,3
Harrison,PRECINCT 129,U.S. Senate,,REP,BRYAN MCKINNEY,6
Harrison,PRECINCT 129B,U.S. Senate,,REP,BRYAN MCKINNEY,5
Harrison,PRECINCT 129C,U.S. Senate,,REP,BRYAN MCKINNEY,1
Harrison,PRECINCT 130,U.S. Senate,,REP,BRYAN MCKINNEY,0
Harrison,PRECINCT 132,U.S. Senate,,REP,BRYAN MCKINNEY,2
Harrison,PRECINCT 133,U.S. Senate,,REP,BRYAN MCKINNEY,3
Harrison,PRECINCT 134,U.S. Senate,,REP,BRYAN MCKINNEY,1
Harrison,PRECINCT 135,U.S. Senate,,REP,BRYAN MCKINNEY,1
Harrison,PRECINCT 136,U.S. Senate,,REP,BRYAN MCKINNEY,0
Harrison,PRECINCT 137,U.S. Senate,,REP,BRYAN MCKINNEY,0
Harrison,PRECINCT 143,U.S. Senate,,REP,BRYAN MCKINNEY,9
Harrison,PRECINCT 144,U.S. Senate,,REP,BRYAN MCKINNEY,1
Harrison,PRECINCT 144A,U.S. Senate,,REP,BRYAN MCKINNEY,4
Harrison,PRECINCT 145,U.S. Senate,,REP,BRYAN MCKINNEY,1
Harrison,PRECINCT 1,U.S. Senate,,REP,ALEXANDER GAASERUD,3
Harrison,PRECINCT 1A,U.S. Senate,,REP,ALEXANDER GAASERUD,0
Harrison,PRECINCT 2,U.S. Senate,,REP,ALEXANDER GAASERUD,0
Harrison,PRECINCT 4,U.S. Senate,,REP,ALEXANDER GAASERUD,4
Harrison,PRECINCT 6,U.S. Senate,,REP,ALEXANDER GAASERUD,3
Harrison,PRECINCT 9,U.S. Senate,,REP,ALEXANDER GAASERUD,0
Harrison,PRECINCT 10,U.S. Senate,,REP,ALEXANDER GAASERUD,0
Harrison,PRECINCT 14,U.S. Senate,,REP,ALEXANDER GAASERUD,1
Harrison,PRECINCT 28,U.S. Senate,,REP,ALEXANDER GAASERUD,1
Harrison,PRECINCT 33,U.S. Senate,,REP,ALEXANDER GAASERUD,5
Harrison,PRECINCT 36A,U.S. Senate,,REP,ALEXANDER GAASERUD,0
Harrison,PRECINCT 43,U.S. Senate,,REP,ALEXANDER GAASERUD,1
Harrison,PRECINCT 44,U.S. Senate,,REP,ALEXANDER GAASERUD,1
Harrison,PRECINCT 45,U.S. Senate,,REP,ALEXANDER GAASERUD,0
Harrison,PRECINCT 46,U.S. Senate,,REP,ALEXANDER GAASERUD,0
Harrison,PRECINCT 48,U.S. Senate,,REP,ALEXANDER GAASERUD,0
Harrison,PRECINCT 50,U.S. Senate,,REP,ALEXANDER GAASERUD,2
Harrison,PRECINCT 51,U.S. Senate,,REP,ALEXANDER GAASERUD,0
Harrison,PRECINCT 52,U.S. Senate,,REP,ALEXANDER GAASERUD,0
Harrison,PRECINCT 53,U.S. Senate,,REP,ALEXANDER GAASERUD,0
Harrison,PRECINCT 59,U.S. Senate,,REP,ALEXANDER GAASERUD,0
Harrison,PRECINCT 61,U.S. Senate,,REP,ALEXANDER GAASERUD,0
Harrison,PRECINCT 63,U.S. Senate,,REP,ALEXANDER GAASERUD,1
Harrison,PRECINCT 66,U.S. Senate,,REP,ALEXANDER GAASERUD,0
Harrison,PRECINCT 66A,U.S. Senate,,REP,ALEXANDER GAASERUD,0
Harrison,PRECINCT 66B,U.S. Senate,,REP,ALEXANDER GAASERUD,0
Harrison,PRECINCT 68,U.S. Senate,,REP,ALEXANDER GAASERUD,1
Harrison,PRECINCT 74,U.S. Senate,,REP,ALEXANDER GAASERUD,3
Harrison,PRECINCT 80,U.S. Senate,,REP,ALEXANDER GAASERUD,1
Harrison,PRECINCT 87,U.S. Senate,,REP,ALEXANDER GAASERUD,0
Harrison,PRECINCT 92,U.S. Senate,,REP,ALEXANDER GAASERUD,1
Harrison,PRECINCT 95,U.S. Senate,,REP,ALEXANDER GAASERUD,1
Harrison,PRECINCT 96,U.S. Senate,,REP,ALEXANDER GAASERUD,0
Harrison,PRECINCT 98,U.S. Senate,,REP,ALEXANDER GAASERUD,0
Harrison,PRECINCT 102,U.S. Senate,,REP,ALEXANDER GAASERUD,3
Harrison,PRECINCT 103,U.S. Senate,,REP,ALEXANDER GAASERUD,0
Harrison,PRECINCT 104,U.S. Senate,,REP,ALEXANDER GAASERUD,1
Harrison,PRECINCT 106,U.S. Senate,,REP,ALEXANDER GAASERUD,1
Harrison,PRECINCT 107,U.S. Senate,,REP,ALEXANDER GAASERUD,1
Harrison,PRECINCT 108,U.S. Senate,,REP,ALEXANDER GAASERUD,7
Harrison,PRECINCT 110,U.S. Senate,,REP,ALEXANDER GAASERUD,4
Harrison,PRECINCT 114,U.S. Senate,,REP,ALEXANDER GAASERUD,0
Harrison,PRECINCT 114A,U.S. Senate,,REP,ALEXANDER GAASERUD,0
Harrison,PRECINCT 118,U.S. Senate,,REP,ALEXANDER GAASERUD,3
Harrison,PRECINCT 120,U.S. Senate,,REP,ALEXANDER GAASERUD,0
Harrison,PRECINCT 121,U.S. Senate,,REP,ALEXANDER GAASERUD,1
Harrison,PRECINCT 122,U.S. Senate,,REP,ALEXANDER GAASERUD,0
Harrison,PRECINCT 123,U.S. Senate,,REP,ALEXANDER GAASERUD,2
Harrison,PRECINCT 125,U.S. Senate,,REP,ALEXANDER GAASERUD,2
Harrison,PRECINCT 126,U.S. Senate,,REP,ALEXANDER GAASERUD,2
Harrison,PRECINCT 128,U.S. Senate,,REP,ALEXANDER GAASERUD,1
Harrison,PRECINCT 129,U.S. Senate,,REP,ALEXANDER GAASERUD,5
Harrison,PRECINCT 129B,U.S. Senate,,REP,ALEXANDER GAASERUD,1
Harrison,PRECINCT 129C,U.S. Senate,,REP,ALEXANDER GAASERUD,0
Harrison,PRECINCT 130,U.S. Senate,,REP,ALEXANDER GAASERUD,1
Harrison,PRECINCT 132,U.S. Senate,,REP,ALEXANDER GAASERUD,1
Harrison,PRECINCT 133,U.S. Senate,,REP,ALEXANDER GAASERUD,0
Harrison,PRECINCT 134,U.S. Senate,,REP,ALEXANDER GAASERUD,0
Harrison,PRECINCT 135,U.S. Senate,,REP,ALEXANDER GAASERUD,0
Harrison,PRECINCT 136,U.S. Senate,,REP,ALEXANDER GAASERUD,2
Harrison,PRECINCT 137,U.S. Senate,,REP,ALEXANDER GAASERUD,0
Harrison,PRECINCT 143,U.S. Senate,,REP,ALEXANDER GAASERUD,2
Harrison,PRECINCT 144,U.S. Senate,,REP,ALEXANDER GAASERUD,0
Harrison,PRECINCT 144A,U.S. Senate,,REP,ALEXANDER GAASERUD,2
Harrison,PRECINCT 145,U.S. Senate,,REP,ALEXANDER GAASERUD,5
Harrison,PRECINCT 1,U.S. Senate,,REP,SHELLEY MOORE CAPITO,86
Harrison,PRECINCT 1A,U.S. Senate,,REP,SHELLEY MOORE CAPITO,7
Harrison,PRECINCT 2,U.S. Senate,,REP,SHELLEY MOORE CAPITO,9
Harrison,PRECINCT 4,U.S. Senate,,REP,SHELLEY MOORE CAPITO,69
Harrison,PRECINCT 6,U.S. Senate,,REP,SHELLEY MOORE CAPITO,57
Harrison,PRECINCT 9,U.S. Senate,,REP,SHELLEY MOORE CAPITO,31
Harrison,PRECINCT 10,U.S. Senate,,REP,SHELLEY MOORE CAPITO,27
Harrison,PRECINCT 14,U.S. Senate,,REP,SHELLEY MOORE CAPITO,77
Harrison,PRECINCT 28,U.S. Senate,,REP,SHELLEY MOORE CAPITO,47
Harrison,PRECINCT 33,U.S. Senate,,REP,SHELLEY MOORE CAPITO,72
Harrison,PRECINCT 36A,U.S. Senate,,REP,SHELLEY MOORE CAPITO,37
Harrison,PRECINCT 43,U.S. Senate,,REP,SHELLEY MOORE CAPITO,26
Harrison,PRECINCT 44,U.S. Senate,,REP,SHELLEY MOORE CAPITO,19
Harrison,PRECINCT 45,U.S. Senate,,REP,SHELLEY MOORE CAPITO,56
Harrison,PRECINCT 46,U.S. Senate,,REP,SHELLEY MOORE CAPITO,46
Harrison,PRECINCT 48,U.S. Senate,,REP,SHELLEY MOORE CAPITO,33
Harrison,PRECINCT 50,U.S. Senate,,REP,SHELLEY MOORE CAPITO,43
Harrison,PRECINCT 51,U.S. Senate,,REP,SHELLEY MOORE CAPITO,20
Harrison,PRECINCT 52,U.S. Senate,,REP,SHELLEY MOORE CAPITO,45
Harrison,PRECINCT 53,U.S. Senate,,REP,SHELLEY MOORE CAPITO,20
Harrison,PRECINCT 59,U.S. Senate,,REP,SHELLEY MOORE CAPITO,27
Harrison,PRECINCT 61,U.S. Senate,,REP,SHELLEY MOORE CAPITO,46
Harrison,PRECINCT 63,U.S. Senate,,REP,SHELLEY MOORE CAPITO,45
Harrison,PRECINCT 66,U.S. Senate,,REP,SHELLEY MOORE CAPITO,27
Harrison,PRECINCT 66A,U.S. Senate,,REP,SHELLEY MOORE CAPITO,1
Harrison,PRECINCT 66B,U.S. Senate,,REP,SHELLEY MOORE CAPITO,4
Harrison,PRECINCT 68,U.S. Senate,,REP,SHELLEY MOORE CAPITO,53
Harrison,PRECINCT 74,U.S. Senate,,REP,SHELLEY MOORE CAPITO,65
Harrison,PRECINCT 80,U.S. Senate,,REP,SHELLEY MOORE CAPITO,85
Harrison,PRECINCT 87,U.S. Senate,,REP,SHELLEY MOORE CAPITO,24
Harrison,PRECINCT 92,U.S. Senate,,REP,SHELLEY MOORE CAPITO,35
Harrison,PRECINCT 95,U.S. Senate,,REP,SHELLEY MOORE CAPITO,26
Harrison,PRECINCT 96,U.S. Senate,,REP,SHELLEY MOORE CAPITO,43
Harrison,PRECINCT 98,U.S. Senate,,REP,SHELLEY MOORE CAPITO,26
Harrison,PRECINCT 102,U.S. Senate,,REP,SHELLEY MOORE CAPITO,107
Harrison,PRECINCT 103,U.S. Senate,,REP,SHELLEY MOORE CAPITO,30
Harrison,PRECINCT 104,U.S. Senate,,REP,SHELLEY MOORE CAPITO,41
Harrison,PRECINCT 106,U.S. Senate,,REP,SHELLEY MOORE CAPITO,31
Harrison,PRECINCT 107,U.S. Senate,,REP,SHELLEY MOORE CAPITO,14
Harrison,PRECINCT 108,U.S. Senate,,REP,SHELLEY MOORE CAPITO,45
Harrison,PRECINCT 110,U.S. Senate,,REP,SHELLEY MOORE CAPITO,32
Harrison,PRECINCT 114,U.S. Senate,,REP,SHELLEY MOORE CAPITO,25
Harrison,PRECINCT 114A,U.S. Senate,,REP,SHELLEY MOORE CAPITO,5
Harrison,PRECINCT 118,U.S. Senate,,REP,SHELLEY MOORE CAPITO,21
Harrison,PRECINCT 120,U.S. Senate,,REP,SHELLEY MOORE CAPITO,69
Harrison,PRECINCT 121,U.S. Senate,,REP,SHELLEY MOORE CAPITO,12
Harrison,PRECINCT 122,U.S. Senate,,REP,SHELLEY MOORE CAPITO,25
Harrison,PRECINCT 123,U.S. Senate,,REP,SHELLEY MOORE CAPITO,188
Harrison,PRECINCT 125,U.S. Senate,,REP,SHELLEY MOORE CAPITO,93
Harrison,PRECINCT 126,U.S. Senate,,REP,SHELLEY MOORE CAPITO,86
Harrison,PRECINCT 128,U.S. Senate,,REP,SHELLEY MOORE CAPITO,63
Harrison,PRECINCT 129,U.S. Senate,,REP,SHELLEY MOORE CAPITO,149
Harrison,PRECINCT 129B,U.S. Senate,,REP,SHELLEY MOORE CAPITO,116
Harrison,PRECINCT 129C,U.S. Senate,,REP,SHELLEY MOORE CAPITO,38
Harrison,PRECINCT 130,U.S. Senate,,REP,SHELLEY MOORE CAPITO,31
Harrison,PRECINCT 132,U.S. Senate,,REP,SHELLEY MOORE CAPITO,13
Harrison,PRECINCT 133,U.S. Senate,,REP,SHELLEY MOORE CAPITO,48
Harrison,PRECINCT 134,U.S. Senate,,REP,SHELLEY MOORE CAPITO,32
Harrison,PRECINCT 135,U.S. Senate,,REP,SHELLEY MOORE CAPITO,22
Harrison,PRECINCT 136,U.S. Senate,,REP,SHELLEY MOORE CAPITO,13
Harrison,PRECINCT 137,U.S. Senate,,REP,SHELLEY MOORE CAPITO,10
Harrison,PRECINCT 143,U.S. Senate,,REP,SHELLEY MOORE CAPITO,91
Harrison,PRECINCT 144,U.S. Senate,,REP,SHELLEY MOORE CAPITO,24
Harrison,PRECINCT 144A,U.S. Senate,,REP,SHELLEY MOORE CAPITO,28
Harrison,PRECINCT 145,U.S. Senate,,REP,SHELLEY MOORE CAPITO,44
Harrison,PRECINCT 1,U.S. Senate,,REP,TOM WILLIS,24
Harrison,PRECINCT 1A,U.S. Senate,,REP,TOM WILLIS,2
Harrison,PRECINCT 2,U.S. Senate,,REP,TOM WILLIS,4
Harrison,PRECINCT 4,U.S. Senate,,REP,TOM WILLIS,13
Harrison,PRECINCT 6,U.S. Senate,,REP,TOM WILLIS,13
Harrison,PRECINCT 9,U.S. Senate,,REP,TOM WILLIS,5
Harrison,PRECINCT 10,U.S. Senate,,REP,TOM WILLIS,7
Harrison,PRECINCT 14,U.S. Senate,,REP,TOM WILLIS,19
Harrison,PRECINCT 28,U.S. Senate,,REP,TOM WILLIS,15
Harrison,PRECINCT 33,U.S. Senate,,REP,TOM WILLIS,23
Harrison,PRECINCT 36A,U.S. Senate,,REP,TOM WILLIS,5
Harrison,PRECINCT 43,U.S. Senate,,REP,TOM WILLIS,5
Harrison,PRECINCT 44,U.S. Senate,,REP,TOM WILLIS,2
Harrison,PRECINCT 45,U.S. Senate,,REP,TOM WILLIS,13
Harrison,PRECINCT 46,U.S. Senate,,REP,TOM WILLIS,3
Harrison,PRECINCT 48,U.S. Senate,,REP,TOM WILLIS,19
Harrison,PRECINCT 50,U.S. Senate,,REP,TOM WILLIS,11
Harrison,PRECINCT 51,U.S. Senate,,REP,TOM WILLIS,4
Harrison,PRECINCT 52,U.S. Senate,,REP,TOM WILLIS,6
Harrison,PRECINCT 53,U.S. Senate,,REP,TOM WILLIS,2
Harrison,PRECINCT 59,U.S. Senate,,REP,TOM WILLIS,3
Harrison,PRECINCT 61,U.S. Senate,,REP,TOM WILLIS,7
Harrison,PRECINCT 63,U.S. Senate,,REP,TOM WILLIS,9
Harrison,PRECINCT 66,U.S. Senate,,REP,TOM WILLIS,3
Harrison,PRECINCT 66A,U.S. Senate,,REP,TOM WILLIS,0
Harrison,PRECINCT 66B,U.S. Senate,,REP,TOM WILLIS,0
Harrison,PRECINCT 68,U.S. Senate,,REP,TOM WILLIS,10
Harrison,PRECINCT 74,U.S. Senate,,REP,TOM WILLIS,15
Harrison,PRECINCT 80,U.S. Senate,,REP,TOM WILLIS,29
Harrison,PRECINCT 87,U.S. Senate,,REP,TOM WILLIS,3
Harrison,PRECINCT 92,U.S. Senate,,REP,TOM WILLIS,8
Harrison,PRECINCT 95,U.S. Senate,,REP,TOM WILLIS,7
Harrison,PRECINCT 96,U.S. Senate,,REP,TOM WILLIS,3
Harrison,PRECINCT 98,U.S. Senate,,REP,TOM WILLIS,2
Harrison,PRECINCT 102,U.S. Senate,,REP,TOM WILLIS,23
Harrison,PRECINCT 103,U.S. Senate,,REP,TOM WILLIS,9
Harrison,PRECINCT 104,U.S. Senate,,REP,TOM WILLIS,10
Harrison,PRECINCT 106,U.S. Senate,,REP,TOM WILLIS,8
Harrison,PRECINCT 107,U.S. Senate,,REP,TOM WILLIS,4
Harrison,PRECINCT 108,U.S. Senate,,REP,TOM WILLIS,18
Harrison,PRECINCT 110,U.S. Senate,,REP,TOM WILLIS,6
Harrison,PRECINCT 114,U.S. Senate,,REP,TOM WILLIS,4
Harrison,PRECINCT 114A,U.S. Senate,,REP,TOM WILLIS,5
Harrison,PRECINCT 118,U.S. Senate,,REP,TOM WILLIS,7
Harrison,PRECINCT 120,U.S. Senate,,REP,TOM WILLIS,15
Harrison,PRECINCT 121,U.S. Senate,,REP,TOM WILLIS,3
Harrison,PRECINCT 122,U.S. Senate,,REP,TOM WILLIS,5
Harrison,PRECINCT 123,U.S. Senate,,REP,TOM WILLIS,40
Harrison,PRECINCT 125,U.S. Senate,,REP,TOM WILLIS,13
Harrison,PRECINCT 126,U.S. Senate,,REP,TOM WILLIS,16
Harrison,PRECINCT 128,U.S. Senate,,REP,TOM WILLIS,11
Harrison,PRECINCT 129,U.S. Senate,,REP,TOM WILLIS,28
Harrison,PRECINCT 129B,U.S. Senate,,REP,TOM WILLIS,21
Harrison,PRECINCT 129C,U.S. Senate,,REP,TOM WILLIS,10
Harrison,PRECINCT 130,U.S. Senate,,REP,TOM WILLIS,6
Harrison,PRECINCT 132,U.S. Senate,,REP,TOM WILLIS,2
Harrison,PRECINCT 133,U.S. Senate,,REP,TOM WILLIS,16
Harrison,PRECINCT 134,U.S. Senate,,REP,TOM WILLIS,7
Harrison,PRECINCT 135,U.S. Senate,,REP,TOM WILLIS,5
Harrison,PRECINCT 136,U.S. Senate,,REP,TOM WILLIS,5
Harrison,PRECINCT 137,U.S. Senate,,REP,TOM WILLIS,5
Harrison,PRECINCT 143,U.S. Senate,,REP,TOM WILLIS,23
Harrison,PRECINCT 144,U.S. Senate,,REP,TOM WILLIS,7
Harrison,PRECINCT 144A,U.S. Senate,,REP,TOM WILLIS,4
Harrison,PRECINCT 145,U.S. Senate,,REP,TOM WILLIS,9
Harrison,PRECINCT 1,U.S. Senate,,DEM,RIO PHILLIPS,8
Harrison,PRECINCT 1A,U.S. Senate,,DEM,RIO PHILLIPS,0
Harrison,PRECINCT 2,U.S. Senate,,DEM,RIO PHILLIPS,1
Harrison,PRECINCT 4,U.S. Senate,,DEM,RIO PHILLIPS,8
Harrison,PRECINCT 6,U.S. Senate,,DEM,RIO PHILLIPS,14
Harrison,PRECINCT 9,U.S. Senate,,DEM,RIO PHILLIPS,9
Harrison,PRECINCT 10,U.S. Senate,,DEM,RIO PHILLIPS,3
Harrison,PRECINCT 14,U.S. Senate,,DEM,RIO PHILLIPS,22
Harrison,PRECINCT 28,U.S. Senate,,DEM,RIO PHILLIPS,9
Harrison,PRECINCT 33,U.S. Senate,,DEM,RIO PHILLIPS,12
Harrison,PRECINCT 36A,U.S. Senate,,DEM,RIO PHILLIPS,8
Harrison,PRECINCT 43,U.S. Senate,,DEM,RIO PHILLIPS,2
Harrison,PRECINCT 44,U.S. Senate,,DEM,RIO PHILLIPS,4
Harrison,PRECINCT 45,U.S. Senate,,DEM,RIO PHILLIPS,2
Harrison,PRECINCT 46,U.S. Senate,,DEM,RIO PHILLIPS,2
Harrison,PRECINCT 48,U.S. Senate,,DEM,RIO PHILLIPS,3
Harrison,PRECINCT 50,U.S. Senate,,DEM,RIO PHILLIPS,5
Harrison,PRECINCT 51,U.S. Senate,,DEM,RIO PHILLIPS,6
Harrison,PRECINCT 52,U.S. Senate,,DEM,RIO PHILLIPS,3
Harrison,PRECINCT 53,U.S. Senate,,DEM,RIO PHILLIPS,2
Harrison,PRECINCT 59,U.S. Senate,,DEM,RIO PHILLIPS,4
Harrison,PRECINCT 61,U.S. Senate,,DEM,RIO PHILLIPS,6
Harrison,PRECINCT 63,U.S. Senate,,DEM,RIO PHILLIPS,4
Harrison,PRECINCT 66,U.S. Senate,,DEM,RIO PHILLIPS,5
Harrison,PRECINCT 66A,U.S. Senate,,DEM,RIO PHILLIPS,0
Harrison,PRECINCT 66B,U.S. Senate,,DEM,RIO PHILLIPS,0
Harrison,PRECINCT 68,U.S. Senate,,DEM,RIO PHILLIPS,10
Harrison,PRECINCT 74,U.S. Senate,,DEM,RIO PHILLIPS,21
Harrison,PRECINCT 80,U.S. Senate,,DEM,RIO PHILLIPS,8
Harrison,PRECINCT 87,U.S. Senate,,DEM,RIO PHILLIPS,3
Harrison,PRECINCT 92,U.S. Senate,,DEM,RIO PHILLIPS,1
Harrison,PRECINCT 95,U.S. Senate,,DEM,RIO PHILLIPS,4
Harrison,PRECINCT 96,U.S. Senate,,DEM,RIO PHILLIPS,5
Harrison,PRECINCT 98,U.S. Senate,,DEM,RIO PHILLIPS,0
Harrison,PRECINCT 102,U.S. Senate,,DEM,RIO PHILLIPS,5
Harrison,PRECINCT 103,U.S. Senate,,DEM,RIO PHILLIPS,2
Harrison,PRECINCT 104,U.S. Senate,,DEM,RIO PHILLIPS,0
Harrison,PRECINCT 106,U.S. Senate,,DEM,RIO PHILLIPS,3
Harrison,PRECINCT 107,U.S. Senate,,DEM,RIO PHILLIPS,1
Harrison,PRECINCT 108,U.S. Senate,,DEM,RIO PHILLIPS,2
Harrison,PRECINCT 110,U.S. Senate,,DEM,RIO PHILLIPS,2
Harrison,PRECINCT 114,U.S. Senate,,DEM,RIO PHILLIPS,4
Harrison,PRECINCT 114A,U.S. Senate,,DEM,RIO PHILLIPS,1
Harrison,PRECINCT 118,U.S. Senate,,DEM,RIO PHILLIPS,3
Harrison,PRECINCT 120,U.S. Senate,,DEM,RIO PHILLIPS,2
Harrison,PRECINCT 121,U.S. Senate,,DEM,RIO PHILLIPS,0
Harrison,PRECINCT 122,U.S. Senate,,DEM,RIO PHILLIPS,1
Harrison,PRECINCT 123,U.S. Senate,,DEM,RIO PHILLIPS,14
Harrison,PRECINCT 125,U.S. Senate,,DEM,RIO PHILLIPS,9
Harrison,PRECINCT 126,U.S. Senate,,DEM,RIO PHILLIPS,6
Harrison,PRECINCT 128,U.S. Senate,,DEM,RIO PHILLIPS,5
Harrison,PRECINCT 129,U.S. Senate,,DEM,RIO PHILLIPS,15
Harrison,PRECINCT 129B,U.S. Senate,,DEM,RIO PHILLIPS,13
Harrison,PRECINCT 129C,U.S. Senate,,DEM,RIO PHILLIPS,4
Harrison,PRECINCT 130,U.S. Senate,,DEM,RIO PHILLIPS,0
Harrison,PRECINCT 132,U.S. Senate,,DEM,RIO PHILLIPS,2
Harrison,PRECINCT 133,U.S. Senate,,DEM,RIO PHILLIPS,5
Harrison,PRECINCT 134,U.S. Senate,,DEM,RIO PHILLIPS,1
Harrison,PRECINCT 135,U.S. Senate,,DEM,RIO PHILLIPS,2
Harrison,PRECINCT 136,U.S. Senate,,DEM,RIO PHILLIPS,0
Harrison,PRECINCT 137,U.S. Senate,,DEM,RIO PHILLIPS,0
Harrison,PRECINCT 143,U.S. Senate,,DEM,RIO PHILLIPS,4
Harrison,PRECINCT 144,U.S. Senate,,DEM,RIO PHILLIPS,3
Harrison,PRECINCT 144A,U.S. Senate,,DEM,RIO PHILLIPS,3
Harrison,PRECINCT 145,U.S. Senate,,DEM,RIO PHILLIPS,1
Harrison,PRECINCT 1,U.S. Senate,,DEM,RACHEL FETTY ANDERSON,62
Harrison,PRECINCT 1A,U.S. Senate,,DEM,RACHEL FETTY ANDERSON,6
Harrison,PRECINCT 2,U.S. Senate,,DEM,RACHEL FETTY ANDERSON,5
Harrison,PRECINCT 4,U.S. Senate,,DEM,RACHEL FETTY ANDERSON,88
Harrison,PRECINCT 6,U.S. Senate,,DEM,RACHEL FETTY ANDERSON,67
Harrison,PRECINCT 9,U.S. Senate,,DEM,RACHEL FETTY ANDERSON,24
Harrison,PRECINCT 10,U.S. Senate,,DEM,RACHEL FETTY ANDERSON,25
Harrison,PRECINCT 14,U.S. Senate,,DEM,RACHEL FETTY ANDERSON,158
Harrison,PRECINCT 28,U.S. Senate,,DEM,RACHEL FETTY ANDERSON,80
Harrison,PRECINCT 33,U.S. Senate,,DEM,RACHEL FETTY ANDERSON,101
Harrison,PRECINCT 36A,U.S. Senate,,DEM,RACHEL FETTY ANDERSON,25
Harrison,PRECINCT 43,U.S. Senate,,DEM,RACHEL FETTY ANDERSON,12
Harrison,PRECINCT 44,U.S. Senate,,DEM,RACHEL FETTY ANDERSON,11
Harrison,PRECINCT 45,U.S. Senate,,DEM,RACHEL FETTY ANDERSON,19
Harrison,PRECINCT 46,U.S. Senate,,DEM,RACHEL FETTY ANDERSON,20
Harrison,PRECINCT 48,U.S. Senate,,DEM,RACHEL FETTY ANDERSON,29
Harrison,PRECINCT 50,U.S. Senate,,DEM,RACHEL FETTY ANDERSON,31
Harrison,PRECINCT 51,U.S. Senate,,DEM,RACHEL FETTY ANDERSON,28
Harrison,PRECINCT 52,U.S. Senate,,DEM,RACHEL FETTY ANDERSON,18
Harrison,PRECINCT 53,U.S. Senate,,DEM,RACHEL FETTY ANDERSON,16
Harrison,PRECINCT 59,U.S. Senate,,DEM,RACHEL FETTY ANDERSON,20
Harrison,PRECINCT 61,U.S. Senate,,DEM,RACHEL FETTY ANDERSON,30
Harrison,PRECINCT 63,U.S. Senate,,DEM,RACHEL FETTY ANDERSON,40
Harrison,PRECINCT 66,U.S. Senate,,DEM,RACHEL FETTY ANDERSON,23
Harrison,PRECINCT 66A,U.S. Senate,,DEM,RACHEL FETTY ANDERSON,8
Harrison,PRECINCT 66B,U.S. Senate,,DEM,RACHEL FETTY ANDERSON,2
Harrison,PRECINCT 68,U.S. Senate,,DEM,RACHEL FETTY ANDERSON,84
Harrison,PRECINCT 74,U.S. Senate,,DEM,RACHEL FETTY ANDERSON,77
Harrison,PRECINCT 80,U.S. Senate,,DEM,RACHEL FETTY ANDERSON,119
Harrison,PRECINCT 87,U.S. Senate,,DEM,RACHEL FETTY ANDERSON,16
Harrison,PRECINCT 92,U.S. Senate,,DEM,RACHEL FETTY ANDERSON,18
Harrison,PRECINCT 95,U.S. Senate,,DEM,RACHEL FETTY ANDERSON,11
Harrison,PRECINCT 96,U.S. Senate,,DEM,RACHEL FETTY ANDERSON,32
Harrison,PRECINCT 98,U.S. Senate,,DEM,RACHEL FETTY ANDERSON,10
Harrison,PRECINCT 102,U.S. Senate,,DEM,RACHEL FETTY ANDERSON,60
Harrison,PRECINCT 103,U.S. Senate,,DEM,RACHEL FETTY ANDERSON,14
Harrison,PRECINCT 104,U.S. Senate,,DEM,RACHEL FETTY ANDERSON,12
Harrison,PRECINCT 106,U.S. Senate,,DEM,RACHEL FETTY ANDERSON,16
Harrison,PRECINCT 107,U.S. Senate,,DEM,RACHEL FETTY ANDERSON,9
Harrison,PRECINCT 108,U.S. Senate,,DEM,RACHEL FETTY ANDERSON,20
Harrison,PRECINCT 110,U.S. Senate,,DEM,RACHEL FETTY ANDERSON,24
Harrison,PRECINCT 114,U.S. Senate,,DEM,RACHEL FETTY ANDERSON,19
Harrison,PRECINCT 114A,U.S. Senate,,DEM,RACHEL FETTY ANDERSON,2
Harrison,PRECINCT 118,U.S. Senate,,DEM,RACHEL FETTY ANDERSON,14
Harrison,PRECINCT 120,U.S. Senate,,DEM,RACHEL FETTY ANDERSON,25
Harrison,PRECINCT 121,U.S. Senate,,DEM,RACHEL FETTY ANDERSON,13
Harrison,PRECINCT 122,U.S. Senate,,DEM,RACHEL FETTY ANDERSON,11
Harrison,PRECINCT 123,U.S. Senate,,DEM,RACHEL FETTY ANDERSON,99
Harrison,PRECINCT 125,U.S. Senate,,DEM,RACHEL FETTY ANDERSON,64
Harrison,PRECINCT 126,U.S. Senate,,DEM,RACHEL FETTY ANDERSON,61
Harrison,PRECINCT 128,U.S. Senate,,DEM,RACHEL FETTY ANDERSON,39
Harrison,PRECINCT 129,U.S. Senate,,DEM,RACHEL FETTY ANDERSON,98
Harrison,PRECINCT 129B,U.S. Senate,,DEM,RACHEL FETTY ANDERSON,105
Harrison,PRECINCT 129C,U.S. Senate,,DEM,RACHEL FETTY ANDERSON,33
Harrison,PRECINCT 130,U.S. Senate,,DEM,RACHEL FETTY ANDERSON,6
Harrison,PRECINCT 132,U.S. Senate,,DEM,RACHEL FETTY ANDERSON,3
Harrison,PRECINCT 133,U.S. Senate,,DEM,RACHEL FETTY ANDERSON,44
Harrison,PRECINCT 134,U.S. Senate,,DEM,RACHEL FETTY ANDERSON,21
Harrison,PRECINCT 135,U.S. Senate,,DEM,RACHEL FETTY ANDERSON,4
Harrison,PRECINCT 136,U.S. Senate,,DEM,RACHEL FETTY ANDERSON,7
Harrison,PRECINCT 137,U.S. Senate,,DEM,RACHEL FETTY ANDERSON,5
Harrison,PRECINCT 143,U.S. Senate,,DEM,RACHEL FETTY ANDERSON,39
Harrison,PRECINCT 144,U.S. Senate,,DEM,RACHEL FETTY ANDERSON,19
Harrison,PRECINCT 144A,U.S. Senate,,DEM,RACHEL FETTY ANDERSON,14
Harrison,PRECINCT 145,U.S. Senate,,DEM,RACHEL FETTY ANDERSON,19
Harrison,PRECINCT 1,U.S. Senate,,DEM,ZACHARY SHREWSBURY,11
Harrison,PRECINCT 1A,U.S. Senate,,DEM,ZACHARY SHREWSBURY,0
Harrison,PRECINCT 2,U.S. Senate,,DEM,ZACHARY SHREWSBURY,1
Harrison,PRECINCT 4,U.S. Senate,,DEM,ZACHARY SHREWSBURY,20
Harrison,PRECINCT 6,U.S. Senate,,DEM,ZACHARY SHREWSBURY,5
Harrison,PRECINCT 9,U.S. Senate,,DEM,ZACHARY SHREWSBURY,9
Harrison,PRECINCT 10,U.S. Senate,,DEM,ZACHARY SHREWSBURY,4
Harrison,PRECINCT 14,U.S. Senate,,DEM,ZACHARY SHREWSBURY,33
Harrison,PRECINCT 28,U.S. Senate,,DEM,ZACHARY SHREWSBURY,19
Harrison,PRECINCT 33,U.S. Senate,,DEM,ZACHARY SHREWSBURY,30
Harrison,PRECINCT 36A,U.S. Senate,,DEM,ZACHARY SHREWSBURY,3
Harrison,PRECINCT 43,U.S. Senate,,DEM,ZACHARY SHREWSBURY,2
Harrison,PRECINCT 44,U.S. Senate,,DEM,ZACHARY SHREWSBURY,2
Harrison,PRECINCT 45,U.S. Senate,,DEM,ZACHARY SHREWSBURY,3
Harrison,PRECINCT 46,U.S. Senate,,DEM,ZACHARY SHREWSBURY,5
Harrison,PRECINCT 48,U.S. Senate,,DEM,ZACHARY SHREWSBURY,4
Harrison,PRECINCT 50,U.S. Senate,,DEM,ZACHARY SHREWSBURY,2
Harrison,PRECINCT 51,U.S. Senate,,DEM,ZACHARY SHREWSBURY,3
Harrison,PRECINCT 52,U.S. Senate,,DEM,ZACHARY SHREWSBURY,5
Harrison,PRECINCT 53,U.S. Senate,,DEM,ZACHARY SHREWSBURY,2
Harrison,PRECINCT 59,U.S. Senate,,DEM,ZACHARY SHREWSBURY,4
Harrison,PRECINCT 61,U.S. Senate,,DEM,ZACHARY SHREWSBURY,11
Harrison,PRECINCT 63,U.S. Senate,,DEM,ZACHARY SHREWSBURY,3
Harrison,PRECINCT 66,U.S. Senate,,DEM,ZACHARY SHREWSBURY,4
Harrison,PRECINCT 66A,U.S. Senate,,DEM,ZACHARY SHREWSBURY,1
Harrison,PRECINCT 66B,U.S. Senate,,DEM,ZACHARY SHREWSBURY,3
Harrison,PRECINCT 68,U.S. Senate,,DEM,ZACHARY SHREWSBURY,22
Harrison,PRECINCT 74,U.S. Senate,,DEM,ZACHARY SHREWSBURY,16
Harrison,PRECINCT 80,U.S. Senate,,DEM,ZACHARY SHREWSBURY,17
Harrison,PRECINCT 87,U.S. Senate,,DEM,ZACHARY SHREWSBURY,3
Harrison,PRECINCT 92,U.S. Senate,,DEM,ZACHARY SHREWSBURY,3
Harrison,PRECINCT 95,U.S. Senate,,DEM,ZACHARY SHREWSBURY,7
Harrison,PRECINCT 96,U.S. Senate,,DEM,ZACHARY SHREWSBURY,7
Harrison,PRECINCT 98,U.S. Senate,,DEM,ZACHARY SHREWSBURY,4
Harrison,PRECINCT 102,U.S. Senate,,DEM,ZACHARY SHREWSBURY,12
Harrison,PRECINCT 103,U.S. Senate,,DEM,ZACHARY SHREWSBURY,3
Harrison,PRECINCT 104,U.S. Senate,,DEM,ZACHARY SHREWSBURY,3
Harrison,PRECINCT 106,U.S. Senate,,DEM,ZACHARY SHREWSBURY,2
Harrison,PRECINCT 107,U.S. Senate,,DEM,ZACHARY SHREWSBURY,2
Harrison,PRECINCT 108,U.S. Senate,,DEM,ZACHARY SHREWSBURY,4
Harrison,PRECINCT 110,U.S. Senate,,DEM,ZACHARY SHREWSBURY,3
Harrison,PRECINCT 114,U.S. Senate,,DEM,ZACHARY SHREWSBURY,0
Harrison,PRECINCT 114A,U.S. Senate,,DEM,ZACHARY SHREWSBURY,0
Harrison,PRECINCT 118,U.S. Senate,,DEM,ZACHARY SHREWSBURY,1
Harrison,PRECINCT 120,U.S. Senate,,DEM,ZACHARY SHREWSBURY,3
Harrison,PRECINCT 121,U.S. Senate,,DEM,ZACHARY SHREWSBURY,4
Harrison,PRECINCT 122,U.S. Senate,,DEM,ZACHARY SHREWSBURY,5
Harrison,PRECINCT 123,U.S. Senate,,DEM,ZACHARY SHREWSBURY,21
Harrison,PRECINCT 125,U.S. Senate,,DEM,ZACHARY SHREWSBURY,15
Harrison,PRECINCT 126,U.S. Senate,,DEM,ZACHARY SHREWSBURY,7
Harrison,PRECINCT 128,U.S. Senate,,DEM,ZACHARY SHREWSBURY,12
Harrison,PRECINCT 129,U.S. Senate,,DEM,ZACHARY SHREWSBURY,22
Harrison,PRECINCT 129B,U.S. Senate,,DEM,ZACHARY SHREWSBURY,27
Harrison,PRECINCT 129C,U.S. Senate,,DEM,ZACHARY SHREWSBURY,2
Harrison,PRECINCT 130,U.S. Senate,,DEM,ZACHARY SHREWSBURY,3
Harrison,PRECINCT 132,U.S. Senate,,DEM,ZACHARY SHREWSBURY,3
Harrison,PRECINCT 133,U.S. Senate,,DEM,ZACHARY SHREWSBURY,8
Harrison,PRECINCT 134,U.S. Senate,,DEM,ZACHARY SHREWSBURY,3
Harrison,PRECINCT 135,U.S. Senate,,DEM,ZACHARY SHREWSBURY,0
Harrison,PRECINCT 136,U.S. Senate,,DEM,ZACHARY SHREWSBURY,1
Harrison,PRECINCT 137,U.S. Senate,,DEM,ZACHARY SHREWSBURY,1
Harrison,PRECINCT 143,U.S. Senate,,DEM,ZACHARY SHREWSBURY,11
Harrison,PRECINCT 144,U.S. Senate,,DEM,ZACHARY SHREWSBURY,2
Harrison,PRECINCT 144A,U.S. Senate,,DEM,ZACHARY SHREWSBURY,4
Harrison,PRECINCT 145,U.S. Senate,,DEM,ZACHARY SHREWSBURY,3
Harrison,PRECINCT 1,U.S. Senate,,DEM,JEFFREY V. KESSLER,35
Harrison,PRECINCT 1A,U.S. Senate,,DEM,JEFFREY V. KESSLER,2
Harrison,PRECINCT 2,U.S. Senate,,DEM,JEFFREY V. KESSLER,7
Harrison,PRECINCT 4,U.S. Senate,,DEM,JEFFREY V. KESSLER,29
Harrison,PRECINCT 6,U.S. Senate,,DEM,JEFFREY V. KESSLER,19
Harrison,PRECINCT 9,U.S. Senate,,DEM,JEFFREY V. KESSLER,8
Harrison,PRECINCT 10,U.S. Senate,,DEM,JEFFREY V. KESSLER,2
Harrison,PRECINCT 14,U.S. Senate,,DEM,JEFFREY V. KESSLER,45
Harrison,PRECINCT 28,U.S. Senate,,DEM,JEFFREY V. KESSLER,27
Harrison,PRECINCT 33,U.S. Senate,,DEM,JEFFREY V. KESSLER,34
Harrison,PRECINCT 36A,U.S. Senate,,DEM,JEFFREY V. KESSLER,16
Harrison,PRECINCT 43,U.S. Senate,,DEM,JEFFREY V. KESSLER,1
Harrison,PRECINCT 44,U.S. Senate,,DEM,JEFFREY V. KESSLER,3
Harrison,PRECINCT 45,U.S. Senate,,DEM,JEFFREY V. KESSLER,3
Harrison,PRECINCT 46,U.S. Senate,,DEM,JEFFREY V. KESSLER,7
Harrison,PRECINCT 48,U.S. Senate,,DEM,JEFFREY V. KESSLER,10
Harrison,PRECINCT 50,U.S. Senate,,DEM,JEFFREY V. KESSLER,25
Harrison,PRECINCT 51,U.S. Senate,,DEM,JEFFREY V. KESSLER,5
Harrison,PRECINCT 52,U.S. Senate,,DEM,JEFFREY V. KESSLER,4
Harrison,PRECINCT 53,U.S. Senate,,DEM,JEFFREY V. KESSLER,5
Harrison,PRECINCT 59,U.S. Senate,,DEM,JEFFREY V. KESSLER,11
Harrison,PRECINCT 61,U.S. Senate,,DEM,JEFFREY V. KESSLER,12
Harrison,PRECINCT 63,U.S. Senate,,DEM,JEFFREY V. KESSLER,9
Harrison,PRECINCT 66,U.S. Senate,,DEM,JEFFREY V. KESSLER,16
Harrison,PRECINCT 66A,U.S. Senate,,DEM,JEFFREY V. KESSLER,2
Harrison,PRECINCT 66B,U.S. Senate,,DEM,JEFFREY V. KESSLER,1
Harrison,PRECINCT 68,U.S. Senate,,DEM,JEFFREY V. KESSLER,34
Harrison,PRECINCT 74,U.S. Senate,,DEM,JEFFREY V. KESSLER,25
Harrison,PRECINCT 80,U.S. Senate,,DEM,JEFFREY V. KESSLER,43
Harrison,PRECINCT 87,U.S. Senate,,DEM,JEFFREY V. KESSLER,4
Harrison,PRECINCT 92,U.S. Senate,,DEM,JEFFREY V. KESSLER,5
Harrison,PRECINCT 95,U.S. Senate,,DEM,JEFFREY V. KESSLER,4
Harrison,PRECINCT 96,U.S. Senate,,DEM,JEFFREY V. KESSLER,5
Harrison,PRECINCT 98,U.S. Senate,,DEM,JEFFREY V. KESSLER,3
Harrison,PRECINCT 102,U.S. Senate,,DEM,JEFFREY V. KESSLER,28
Harrison,PRECINCT 103,U.S. Senate,,DEM,JEFFREY V. KESSLER,4
Harrison,PRECINCT 104,U.S. Senate,,DEM,JEFFREY V. KESSLER,9
Harrison,PRECINCT 106,U.S. Senate,,DEM,JEFFREY V. KESSLER,10
Harrison,PRECINCT 107,U.S. Senate,,DEM,JEFFREY V. KESSLER,4
Harrison,PRECINCT 108,U.S. Senate,,DEM,JEFFREY V. KESSLER,8
Harrison,PRECINCT 110,U.S. Senate,,DEM,JEFFREY V. KESSLER,11
Harrison,PRECINCT 114,U.S. Senate,,DEM,JEFFREY V. KESSLER,7
Harrison,PRECINCT 114A,U.S. Senate,,DEM,JEFFREY V. KESSLER,2
Harrison,PRECINCT 118,U.S. Senate,,DEM,JEFFREY V. KESSLER,4
Harrison,PRECINCT 120,U.S. Senate,,DEM,JEFFREY V. KESSLER,11
Harrison,PRECINCT 121,U.S. Senate,,DEM,JEFFREY V. KESSLER,10
Harrison,PRECINCT 122,U.S. Senate,,DEM,JEFFREY V. KESSLER,6
Harrison,PRECINCT 123,U.S. Senate,,DEM,JEFFREY V. KESSLER,53
Harrison,PRECINCT 125,U.S. Senate,,DEM,JEFFREY V. KESSLER,24
Harrison,PRECINCT 126,U.S. Senate,,DEM,JEFFREY V. KESSLER,21
Harrison,PRECINCT 128,U.S. Senate,,DEM,JEFFREY V. KESSLER,14
Harrison,PRECINCT 129,U.S. Senate,,DEM,JEFFREY V. KESSLER,46
Harrison,PRECINCT 129B,U.S. Senate,,DEM,JEFFREY V. KESSLER,43
Harrison,PRECINCT 129C,U.S. Senate,,DEM,JEFFREY V. KESSLER,10
Harrison,PRECINCT 130,U.S. Senate,,DEM,JEFFREY V. KESSLER,2
Harrison,PRECINCT 132,U.S. Senate,,DEM,JEFFREY V. KESSLER,9
Harrison,PRECINCT 133,U.S. Senate,,DEM,JEFFREY V. KESSLER,11
Harrison,PRECINCT 134,U.S. Senate,,DEM,JEFFREY V. KESSLER,6
Harrison,PRECINCT 135,U.S. Senate,,DEM,JEFFREY V. KESSLER,2
Harrison,PRECINCT 136,U.S. Senate,,DEM,JEFFREY V. KESSLER,3
Harrison,PRECINCT 137,U.S. Senate,,DEM,JEFFREY V. KESSLER,1
Harrison,PRECINCT 143,U.S. Senate,,DEM,JEFFREY V. KESSLER,17
Harrison,PRECINCT 144,U.S. Senate,,DEM,JEFFREY V. KESSLER,10
Harrison,PRECINCT 144A,U.S. Senate,,DEM,JEFFREY V. KESSLER,3
Harrison,PRECINCT 145,U.S. Senate,,DEM,JEFFREY V. KESSLER,10
Harrison,PRECINCT 1,U.S. Senate,,DEM,THORNTON COOPER,10
Harrison,PRECINCT 1A,U.S. Senate,,DEM,THORNTON COOPER,0
Harrison,PRECINCT 2,U.S. Senate,,DEM,THORNTON COOPER,2
Harrison,PRECINCT 4,U.S. Senate,,DEM,THORNTON COOPER,4
Harrison,PRECINCT 6,U.S. Senate,,DEM,THORNTON COOPER,6
Harrison,PRECINCT 9,U.S. Senate,,DEM,THORNTON COOPER,7
Harrison,PRECINCT 10,U.S. Senate,,DEM,THORNTON COOPER,4
Harrison,PRECINCT 14,U.S. Senate,,DEM,THORNTON COOPER,12
Harrison,PRECINCT 28,U.S. Senate,,DEM,THORNTON COOPER,6
Harrison,PRECINCT 33,U.S. Senate,,DEM,THORNTON COOPER,11
Harrison,PRECINCT 36A,U.S. Senate,,DEM,THORNTON COOPER,2
Harrison,PRECINCT 43,U.S. Senate,,DEM,THORNTON COOPER,0
Harrison,PRECINCT 44,U.S. Senate,,DEM,THORNTON COOPER,0
Harrison,PRECINCT 45,U.S. Senate,,DEM,THORNTON COOPER,2
Harrison,PRECINCT 46,U.S. Senate,,DEM,THORNTON COOPER,0
Harrison,PRECINCT 48,U.S. Senate,,DEM,THORNTON COOPER,1
Harrison,PRECINCT 50,U.S. Senate,,DEM,THORNTON COOPER,3
Harrison,PRECINCT 51,U.S. Senate,,DEM,THORNTON COOPER,2
Harrison,PRECINCT 52,U.S. Senate,,DEM,THORNTON COOPER,1
Harrison,PRECINCT 53,U.S. Senate,,DEM,THORNTON COOPER,1
Harrison,PRECINCT 59,U.S. Senate,,DEM,THORNTON COOPER,0
Harrison,PRECINCT 61,U.S. Senate,,DEM,THORNTON COOPER,4
Harrison,PRECINCT 63,U.S. Senate,,DEM,THORNTON COOPER,2
Harrison,PRECINCT 66,U.S. Senate,,DEM,THORNTON COOPER,1
Harrison,PRECINCT 66A,U.S. Senate,,DEM,THORNTON COOPER,0
Harrison,PRECINCT 66B,U.S. Senate,,DEM,THORNTON COOPER,0
Harrison,PRECINCT 68,U.S. Senate,,DEM,THORNTON COOPER,14
Harrison,PRECINCT 74,U.S. Senate,,DEM,THORNTON COOPER,5
Harrison,PRECINCT 80,U.S. Senate,,DEM,THORNTON COOPER,12
Harrison,PRECINCT 87,U.S. Senate,,DEM,THORNTON COOPER,4
Harrison,PRECINCT 92,U.S. Senate,,DEM,THORNTON COOPER,1
Harrison,PRECINCT 95,U.S. Senate,,DEM,THORNTON COOPER,2
Harrison,PRECINCT 96,U.S. Senate,,DEM,THORNTON COOPER,4
Harrison,PRECINCT 98,U.S. Senate,,DEM,THORNTON COOPER,4
Harrison,PRECINCT 102,U.S. Senate,,DEM,THORNTON COOPER,3
Harrison,PRECINCT 103,U.S. Senate,,DEM,THORNTON COOPER,1
Harrison,PRECINCT 104,U.S. Senate,,DEM,THORNTON COOPER,2
Harrison,PRECINCT 106,U.S. Senate,,DEM,THORNTON COOPER,1
Harrison,PRECINCT 107,U.S. Senate,,DEM,THORNTON COOPER,3
Harrison,PRECINCT 108,U.S. Senate,,DEM,THORNTON COOPER,0
Harrison,PRECINCT 110,U.S. Senate,,DEM,THORNTON COOPER,3
Harrison,PRECINCT 114,U.S. Senate,,DEM,THORNTON COOPER,1
Harrison,PRECINCT 114A,U.S. Senate,,DEM,THORNTON COOPER,1
Harrison,PRECINCT 118,U.S. Senate,,DEM,THORNTON COOPER,0
Harrison,PRECINCT 120,U.S. Senate,,DEM,THORNTON COOPER,2
Harrison,PRECINCT 121,U.S. Senate,,DEM,THORNTON COOPER,0
Harrison,PRECINCT 122,U.S. Senate,,DEM,THORNTON COOPER,1
Harrison,PRECINCT 123,U.S. Senate,,DEM,THORNTON COOPER,10
Harrison,PRECINCT 125,U.S. Senate,,DEM,THORNTON COOPER,3
Harrison,PRECINCT 126,U.S. Senate,,DEM,THORNTON COOPER,2
Harrison,PRECINCT 128,U.S. Senate,,DEM,THORNTON COOPER,7
Harrison,PRECINCT 129,U.S. Senate,,DEM,THORNTON COOPER,3
Harrison,PRECINCT 129B,U.S. Senate,,DEM,THORNTON COOPER,4
Harrison,PRECINCT 129C,U.S. Senate,,DEM,THORNTON COOPER,0
Harrison,PRECINCT 130,U.S. Senate,,DEM,THORNTON COOPER,1
Harrison,PRECINCT 132,U.S. Senate,,DEM,THORNTON COOPER,2
Harrison,PRECINCT 133,U.S. Senate,,DEM,THORNTON COOPER,4
Harrison,PRECINCT 134,U.S. Senate,,DEM,THORNTON COOPER,2
Harrison,PRECINCT 135,U.S. Senate,,DEM,THORNTON COOPER,0
Harrison,PRECINCT 136,U.S. Senate,,DEM,THORNTON COOPER,0
Harrison,PRECINCT 137,U.S. Senate,,DEM,THORNTON COOPER,0
Harrison,PRECINCT 143,U.S. Senate,,DEM,THORNTON COOPER,4
Harrison,PRECINCT 144,U.S. Senate,,DEM,THORNTON COOPER,0
Harrison,PRECINCT 144A,U.S. Senate,,DEM,THORNTON COOPER,1
Harrison,PRECINCT 145,U.S. Senate,,DEM,THORNTON COOPER,0
Harrison,PRECINCT 1,U.S. House,2,REP,RILEY MOORE,117
Harrison,PRECINCT 1A,U.S. House,2,REP,RILEY MOORE,8
Harrison,PRECINCT 2,U.S. House,2,REP,RILEY MOORE,12
Harrison,PRECINCT 4,U.S. House,2,REP,RILEY MOORE,78
Harrison,PRECINCT 6,U.S. House,2,REP,RILEY MOORE,67
Harrison,PRECINCT 9,U.S. House,2,REP,RILEY MOORE,35
Harrison,PRECINCT 10,U.S. House,2,REP,RILEY MOORE,35
Harrison,PRECINCT 14,U.S. House,2,REP,RILEY MOORE,109
Harrison,PRECINCT 28,U.S. House,2,REP,RILEY MOORE,64
Harrison,PRECINCT 33,U.S. House,2,REP,RILEY MOORE,104
Harrison,PRECINCT 36A,U.S. House,2,REP,RILEY MOORE,42
Harrison,PRECINCT 43,U.S. House,2,REP,RILEY MOORE,35
Harrison,PRECINCT 44,U.S. House,2,REP,RILEY MOORE,21
Harrison,PRECINCT 45,U.S. House,2,REP,RILEY MOORE,68
Harrison,PRECINCT 46,U.S. House,2,REP,RILEY MOORE,47
Harrison,PRECINCT 48,U.S. House,2,REP,RILEY MOORE,56
Harrison,PRECINCT 50,U.S. House,2,REP,RILEY MOORE,51
Harrison,PRECINCT 51,U.S. House,2,REP,RILEY MOORE,25
Harrison,PRECINCT 52,U.S. House,2,REP,RILEY MOORE,54
Harrison,PRECINCT 53,U.S. House,2,REP,RILEY MOORE,26
Harrison,PRECINCT 59,U.S. House,2,REP,RILEY MOORE,27
Harrison,PRECINCT 61,U.S. House,2,REP,RILEY MOORE,55
Harrison,PRECINCT 63,U.S. House,2,REP,RILEY MOORE,53
Harrison,PRECINCT 66,U.S. House,2,REP,RILEY MOORE,24
Harrison,PRECINCT 66A,U.S. House,2,REP,RILEY MOORE,3
Harrison,PRECINCT 66B,U.S. House,2,REP,RILEY MOORE,3
Harrison,PRECINCT 68,U.S. House,2,REP,RILEY MOORE,64
Harrison,PRECINCT 74,U.S. House,2,REP,RILEY MOORE,85
Harrison,PRECINCT 80,U.S. House,2,REP,RILEY MOORE,113
Harrison,PRECINCT 87,U.S. House,2,REP,RILEY MOORE,24
Harrison,PRECINCT 92,U.S. House,2,REP,RILEY MOORE,44
Harrison,PRECINCT 95,U.S. House,2,REP,RILEY MOORE,36
Harrison,PRECINCT 96,U.S. House,2,REP,RILEY MOORE,48
Harrison,PRECINCT 98,U.S. House,2,REP,RILEY MOORE,29
Harrison,PRECINCT 102,U.S. House,2,REP,RILEY MOORE,132
Harrison,PRECINCT 103,U.S. House,2,REP,RILEY MOORE,38
Harrison,PRECINCT 104,U.S. House,2,REP,RILEY MOORE,56
Harrison,PRECINCT 106,U.S. House,2,REP,RILEY MOORE,39
Harrison,PRECINCT 107,U.S. House,2,REP,RILEY MOORE,19
Harrison,PRECINCT 108,U.S. House,2,REP,RILEY MOORE,69
Harrison,PRECINCT 110,U.S. House,2,REP,RILEY MOORE,44
Harrison,PRECINCT 114,U.S. House,2,REP,RILEY MOORE,29
Harrison,PRECINCT 114A,U.S. House,2,REP,RILEY MOORE,9
Harrison,PRECINCT 118,U.S. House,2,REP,RILEY MOORE,28
Harrison,PRECINCT 120,U.S. House,2,REP,RILEY MOORE,78
Harrison,PRECINCT 121,U.S. House,2,REP,RILEY MOORE,16
Harrison,PRECINCT 122,U.S. House,2,REP,RILEY MOORE,29
Harrison,PRECINCT 123,U.S. House,2,REP,RILEY MOORE,217
Harrison,PRECINCT 125,U.S. House,2,REP,RILEY MOORE,101
Harrison,PRECINCT 126,U.S. House,2,REP,RILEY MOORE,97
Harrison,PRECINCT 128,U.S. House,2,REP,RILEY MOORE,83
Harrison,PRECINCT 129,U.S. House,2,REP,RILEY MOORE,169
Harrison,PRECINCT 129B,U.S. House,2,REP,RILEY MOORE,139
Harrison,PRECINCT 129C,U.S. House,2,REP,RILEY MOORE,48
Harrison,PRECINCT 130,U.S. House,2,REP,RILEY MOORE,39
Harrison,PRECINCT 132,U.S. House,2,REP,RILEY MOORE,18
Harrison,PRECINCT 133,U.S. House,2,REP,RILEY MOORE,72
Harrison,PRECINCT 134,U.S. House,2,REP,RILEY MOORE,40
Harrison,PRECINCT 135,U.S. House,2,REP,RILEY MOORE,28
Harrison,PRECINCT 136,U.S. House,2,REP,RILEY MOORE,19
Harrison,PRECINCT 137,U.S. House,2,REP,RILEY MOORE,17
Harrison,PRECINCT 143,U.S. House,2,REP,RILEY MOORE,131
Harrison,PRECINCT 144,U.S. House,2,REP,RILEY MOORE,34
Harrison,PRECINCT 144A,U.S. House,2,REP,RILEY MOORE,36
Harrison,PRECINCT 145,U.S. House,2,REP,RILEY MOORE,47
Harrison,PRECINCT 1,U.S. House,2,DEM,ACE PARSI,41
Harrison,PRECINCT 1A,U.S. House,2,DEM,ACE PARSI,2
Harrison,PRECINCT 2,U.S. House,2,DEM,ACE PARSI,7
Harrison,PRECINCT 4,U.S. House,2,DEM,ACE PARSI,58
Harrison,PRECINCT 6,U.S. House,2,DEM,ACE PARSI,38
Harrison,PRECINCT 9,U.S. House,2,DEM,ACE PARSI,23
Harrison,PRECINCT 10,U.S. House,2,DEM,ACE PARSI,8
Harrison,PRECINCT 14,U.S. House,2,DEM,ACE PARSI,89
Harrison,PRECINCT 28,U.S. House,2,DEM,ACE PARSI,45
Harrison,PRECINCT 33,U.S. House,2,DEM,ACE PARSI,45
Harrison,PRECINCT 36A,U.S. House,2,DEM,ACE PARSI,23
Harrison,PRECINCT 43,U.S. House,2,DEM,ACE PARSI,2
Harrison,PRECINCT 44,U.S. House,2,DEM,ACE PARSI,5
Harrison,PRECINCT 45,U.S. House,2,DEM,ACE PARSI,8
Harrison,PRECINCT 46,U.S. House,2,DEM,ACE PARSI,12
Harrison,PRECINCT 48,U.S. House,2,DEM,ACE PARSI,3
Harrison,PRECINCT 50,U.S. House,2,DEM,ACE PARSI,16
Harrison,PRECINCT 51,U.S. House,2,DEM,ACE PARSI,12
Harrison,PRECINCT 52,U.S. House,2,DEM,ACE PARSI,7
Harrison,PRECINCT 53,U.S. House,2,DEM,ACE PARSI,3
Harrison,PRECINCT 59,U.S. House,2,DEM,ACE PARSI,11
Harrison,PRECINCT 61,U.S. House,2,DEM,ACE PARSI,18
Harrison,PRECINCT 63,U.S. House,2,DEM,ACE PARSI,18
Harrison,PRECINCT 66,U.S. House,2,DEM,ACE PARSI,17
Harrison,PRECINCT 66A,U.S. House,2,DEM,ACE PARSI,5
Harrison,PRECINCT 66B,U.S. House,2,DEM,ACE PARSI,1
Harrison,PRECINCT 68,U.S. House,2,DEM,ACE PARSI,66
Harrison,PRECINCT 74,U.S. House,2,DEM,ACE PARSI,42
Harrison,PRECINCT 80,U.S. House,2,DEM,ACE PARSI,55
Harrison,PRECINCT 87,U.S. House,2,DEM,ACE PARSI,7
Harrison,PRECINCT 92,U.S. House,2,DEM,ACE PARSI,5
Harrison,PRECINCT 95,U.S. House,2,DEM,ACE PARSI,8
Harrison,PRECINCT 96,U.S. House,2,DEM,ACE PARSI,10
Harrison,PRECINCT 98,U.S. House,2,DEM,ACE PARSI,5
Harrison,PRECINCT 102,U.S. House,2,DEM,ACE PARSI,32
Harrison,PRECINCT 103,U.S. House,2,DEM,ACE PARSI,4
Harrison,PRECINCT 104,U.S. House,2,DEM,ACE PARSI,8
Harrison,PRECINCT 106,U.S. House,2,DEM,ACE PARSI,14
Harrison,PRECINCT 107,U.S. House,2,DEM,ACE PARSI,2
Harrison,PRECINCT 108,U.S. House,2,DEM,ACE PARSI,10
Harrison,PRECINCT 110,U.S. House,2,DEM,ACE PARSI,13
Harrison,PRECINCT 114,U.S. House,2,DEM,ACE PARSI,11
Harrison,PRECINCT 114A,U.S. House,2,DEM,ACE PARSI,2
Harrison,PRECINCT 118,U.S. House,2,DEM,ACE PARSI,6
Harrison,PRECINCT 120,U.S. House,2,DEM,ACE PARSI,15
Harrison,PRECINCT 121,U.S. House,2,DEM,ACE PARSI,8
Harrison,PRECINCT 122,U.S. House,2,DEM,ACE PARSI,3
Harrison,PRECINCT 123,U.S. House,2,DEM,ACE PARSI,68
Harrison,PRECINCT 125,U.S. House,2,DEM,ACE PARSI,41
Harrison,PRECINCT 126,U.S. House,2,DEM,ACE PARSI,25
Harrison,PRECINCT 128,U.S. House,2,DEM,ACE PARSI,34
Harrison,PRECINCT 129,U.S. House,2,DEM,ACE PARSI,60
Harrison,PRECINCT 129B,U.S. House,2,DEM,ACE PARSI,74
Harrison,PRECINCT 129C,U.S. House,2,DEM,ACE PARSI,19
Harrison,PRECINCT 130,U.S. House,2,DEM,ACE PARSI,1
Harrison,PRECINCT 132,U.S. House,2,DEM,ACE PARSI,6
Harrison,PRECINCT 133,U.S. House,2,DEM,ACE PARSI,20
Harrison,PRECINCT 134,U.S. House,2,DEM,ACE PARSI,6
Harrison,PRECINCT 135,U.S. House,2,DEM,ACE PARSI,1
Harrison,PRECINCT 136,U.S. House,2,DEM,ACE PARSI,1
Harrison,PRECINCT 137,U.S. House,2,DEM,ACE PARSI,1
Harrison,PRECINCT 143,U.S. House,2,DEM,ACE PARSI,24
Harrison,PRECINCT 144,U.S. House,2,DEM,ACE PARSI,9
Harrison,PRECINCT 144A,U.S. House,2,DEM,ACE PARSI,10
Harrison,PRECINCT 145,U.S. House,2,DEM,ACE PARSI,10
Harrison,PRECINCT 1,U.S. House,2,DEM,STEPHANIE SPEARS TOMANA,56
Harrison,PRECINCT 1A,U.S. House,2,DEM,STEPHANIE SPEARS TOMANA,3
Harrison,PRECINCT 2,U.S. House,2,DEM,STEPHANIE SPEARS TOMANA,5
Harrison,PRECINCT 4,U.S. House,2,DEM,STEPHANIE SPEARS TOMANA,67
Harrison,PRECINCT 6,U.S. House,2,DEM,STEPHANIE SPEARS TOMANA,52
Harrison,PRECINCT 9,U.S. House,2,DEM,STEPHANIE SPEARS TOMANA,26
Harrison,PRECINCT 10,U.S. House,2,DEM,STEPHANIE SPEARS TOMANA,24
Harrison,PRECINCT 14,U.S. House,2,DEM,STEPHANIE SPEARS TOMANA,128
Harrison,PRECINCT 28,U.S. House,2,DEM,STEPHANIE SPEARS TOMANA,72
Harrison,PRECINCT 33,U.S. House,2,DEM,STEPHANIE SPEARS TOMANA,102
Harrison,PRECINCT 36A,U.S. House,2,DEM,STEPHANIE SPEARS TOMANA,26
Harrison,PRECINCT 43,U.S. House,2,DEM,STEPHANIE SPEARS TOMANA,15
Harrison,PRECINCT 44,U.S. House,2,DEM,STEPHANIE SPEARS TOMANA,12
Harrison,PRECINCT 45,U.S. House,2,DEM,STEPHANIE SPEARS TOMANA,20
Harrison,PRECINCT 46,U.S. House,2,DEM,STEPHANIE SPEARS TOMANA,20
Harrison,PRECINCT 48,U.S. House,2,DEM,STEPHANIE SPEARS TOMANA,39
Harrison,PRECINCT 50,U.S. House,2,DEM,STEPHANIE SPEARS TOMANA,36
Harrison,PRECINCT 51,U.S. House,2,DEM,STEPHANIE SPEARS TOMANA,27
Harrison,PRECINCT 52,U.S. House,2,DEM,STEPHANIE SPEARS TOMANA,19
Harrison,PRECINCT 53,U.S. House,2,DEM,STEPHANIE SPEARS TOMANA,19
Harrison,PRECINCT 59,U.S. House,2,DEM,STEPHANIE SPEARS TOMANA,16
Harrison,PRECINCT 61,U.S. House,2,DEM,STEPHANIE SPEARS TOMANA,32
Harrison,PRECINCT 63,U.S. House,2,DEM,STEPHANIE SPEARS TOMANA,27
Harrison,PRECINCT 66,U.S. House,2,DEM,STEPHANIE SPEARS TOMANA,24
Harrison,PRECINCT 66A,U.S. House,2,DEM,STEPHANIE SPEARS TOMANA,4
Harrison,PRECINCT 66B,U.S. House,2,DEM,STEPHANIE SPEARS TOMANA,4
Harrison,PRECINCT 68,U.S. House,2,DEM,STEPHANIE SPEARS TOMANA,66
Harrison,PRECINCT 74,U.S. House,2,DEM,STEPHANIE SPEARS TOMANA,76
Harrison,PRECINCT 80,U.S. House,2,DEM,STEPHANIE SPEARS TOMANA,108
Harrison,PRECINCT 87,U.S. House,2,DEM,STEPHANIE SPEARS TOMANA,18
Harrison,PRECINCT 92,U.S. House,2,DEM,STEPHANIE SPEARS TOMANA,18
Harrison,PRECINCT 95,U.S. House,2,DEM,STEPHANIE SPEARS TOMANA,17
Harrison,PRECINCT 96,U.S. House,2,DEM,STEPHANIE SPEARS TOMANA,36
Harrison,PRECINCT 98,U.S. House,2,DEM,STEPHANIE SPEARS TOMANA,15
Harrison,PRECINCT 102,U.S. House,2,DEM,STEPHANIE SPEARS TOMANA,55
Harrison,PRECINCT 103,U.S. House,2,DEM,STEPHANIE SPEARS TOMANA,16
Harrison,PRECINCT 104,U.S. House,2,DEM,STEPHANIE SPEARS TOMANA,10
Harrison,PRECINCT 106,U.S. House,2,DEM,STEPHANIE SPEARS TOMANA,14
Harrison,PRECINCT 107,U.S. House,2,DEM,STEPHANIE SPEARS TOMANA,9
Harrison,PRECINCT 108,U.S. House,2,DEM,STEPHANIE SPEARS TOMANA,13
Harrison,PRECINCT 110,U.S. House,2,DEM,STEPHANIE SPEARS TOMANA,24
Harrison,PRECINCT 114,U.S. House,2,DEM,STEPHANIE SPEARS TOMANA,15
Harrison,PRECINCT 114A,U.S. House,2,DEM,STEPHANIE SPEARS TOMANA,3
Harrison,PRECINCT 118,U.S. House,2,DEM,STEPHANIE SPEARS TOMANA,14
Harrison,PRECINCT 120,U.S. House,2,DEM,STEPHANIE SPEARS TOMANA,20
Harrison,PRECINCT 121,U.S. House,2,DEM,STEPHANIE SPEARS TOMANA,12
Harrison,PRECINCT 122,U.S. House,2,DEM,STEPHANIE SPEARS TOMANA,18
Harrison,PRECINCT 123,U.S. House,2,DEM,STEPHANIE SPEARS TOMANA,89
Harrison,PRECINCT 125,U.S. House,2,DEM,STEPHANIE SPEARS TOMANA,52
Harrison,PRECINCT 126,U.S. House,2,DEM,STEPHANIE SPEARS TOMANA,57
Harrison,PRECINCT 128,U.S. House,2,DEM,STEPHANIE SPEARS TOMANA,35
Harrison,PRECINCT 129,U.S. House,2,DEM,STEPHANIE SPEARS TOMANA,87
Harrison,PRECINCT 129B,U.S. House,2,DEM,STEPHANIE SPEARS TOMANA,91
Harrison,PRECINCT 129C,U.S. House,2,DEM,STEPHANIE SPEARS TOMANA,23
Harrison,PRECINCT 130,U.S. House,2,DEM,STEPHANIE SPEARS TOMANA,5
Harrison,PRECINCT 132,U.S. House,2,DEM,STEPHANIE SPEARS TOMANA,8
Harrison,PRECINCT 133,U.S. House,2,DEM,STEPHANIE SPEARS TOMANA,39
Harrison,PRECINCT 134,U.S. House,2,DEM,STEPHANIE SPEARS TOMANA,22
Harrison,PRECINCT 135,U.S. House,2,DEM,STEPHANIE SPEARS TOMANA,5
Harrison,PRECINCT 136,U.S. House,2,DEM,STEPHANIE SPEARS TOMANA,7
Harrison,PRECINCT 137,U.S. House,2,DEM,STEPHANIE SPEARS TOMANA,5
Harrison,PRECINCT 143,U.S. House,2,DEM,STEPHANIE SPEARS TOMANA,33
Harrison,PRECINCT 144,U.S. House,2,DEM,STEPHANIE SPEARS TOMANA,19
Harrison,PRECINCT 144A,U.S. House,2,DEM,STEPHANIE SPEARS TOMANA,11
Harrison,PRECINCT 145,U.S. House,2,DEM,STEPHANIE SPEARS TOMANA,12
Harrison,PRECINCT 1,U.S. House,2,DEM,STEVEN WENDELIN,22
Harrison,PRECINCT 1A,U.S. House,2,DEM,STEVEN WENDELIN,4
Harrison,PRECINCT 2,U.S. House,2,DEM,STEVEN WENDELIN,4
Harrison,PRECINCT 4,U.S. House,2,DEM,STEVEN WENDELIN,18
Harrison,PRECINCT 6,U.S. House,2,DEM,STEVEN WENDELIN,16
Harrison,PRECINCT 9,U.S. House,2,DEM,STEVEN WENDELIN,10
Harrison,PRECINCT 10,U.S. House,2,DEM,STEVEN WENDELIN,6
Harrison,PRECINCT 14,U.S. House,2,DEM,STEVEN WENDELIN,45
Harrison,PRECINCT 28,U.S. House,2,DEM,STEVEN WENDELIN,14
Harrison,PRECINCT 33,U.S. House,2,DEM,STEVEN WENDELIN,28
Harrison,PRECINCT 36A,U.S. House,2,DEM,STEVEN WENDELIN,4
Harrison,PRECINCT 43,U.S. House,2,DEM,STEVEN WENDELIN,0
Harrison,PRECINCT 44,U.S. House,2,DEM,STEVEN WENDELIN,3
Harrison,PRECINCT 45,U.S. House,2,DEM,STEVEN WENDELIN,2
Harrison,PRECINCT 46,U.S. House,2,DEM,STEVEN WENDELIN,1
Harrison,PRECINCT 48,U.S. House,2,DEM,STEVEN WENDELIN,4
Harrison,PRECINCT 50,U.S. House,2,DEM,STEVEN WENDELIN,10
Harrison,PRECINCT 51,U.S. House,2,DEM,STEVEN WENDELIN,3
Harrison,PRECINCT 52,U.S. House,2,DEM,STEVEN WENDELIN,5
Harrison,PRECINCT 53,U.S. House,2,DEM,STEVEN WENDELIN,2
Harrison,PRECINCT 59,U.S. House,2,DEM,STEVEN WENDELIN,6
Harrison,PRECINCT 61,U.S. House,2,DEM,STEVEN WENDELIN,13
Harrison,PRECINCT 63,U.S. House,2,DEM,STEVEN WENDELIN,10
Harrison,PRECINCT 66,U.S. House,2,DEM,STEVEN WENDELIN,7
Harrison,PRECINCT 66A,U.S. House,2,DEM,STEVEN WENDELIN,1
Harrison,PRECINCT 66B,U.S. House,2,DEM,STEVEN WENDELIN,1
Harrison,PRECINCT 68,U.S. House,2,DEM,STEVEN WENDELIN,24
Harrison,PRECINCT 74,U.S. House,2,DEM,STEVEN WENDELIN,24
Harrison,PRECINCT 80,U.S. House,2,DEM,STEVEN WENDELIN,27
Harrison,PRECINCT 87,U.S. House,2,DEM,STEVEN WENDELIN,5
Harrison,PRECINCT 92,U.S. House,2,DEM,STEVEN WENDELIN,6
Harrison,PRECINCT 95,U.S. House,2,DEM,STEVEN WENDELIN,2
Harrison,PRECINCT 96,U.S. House,2,DEM,STEVEN WENDELIN,5
Harrison,PRECINCT 98,U.S. House,2,DEM,STEVEN WENDELIN,2
Harrison,PRECINCT 102,U.S. House,2,DEM,STEVEN WENDELIN,20
Harrison,PRECINCT 103,U.S. House,2,DEM,STEVEN WENDELIN,2
Harrison,PRECINCT 104,U.S. House,2,DEM,STEVEN WENDELIN,6
Harrison,PRECINCT 106,U.S. House,2,DEM,STEVEN WENDELIN,2
Harrison,PRECINCT 107,U.S. House,2,DEM,STEVEN WENDELIN,6
Harrison,PRECINCT 108,U.S. House,2,DEM,STEVEN WENDELIN,9
Harrison,PRECINCT 110,U.S. House,2,DEM,STEVEN WENDELIN,7
Harrison,PRECINCT 114,U.S. House,2,DEM,STEVEN WENDELIN,6
Harrison,PRECINCT 114A,U.S. House,2,DEM,STEVEN WENDELIN,1
Harrison,PRECINCT 118,U.S. House,2,DEM,STEVEN WENDELIN,2
Harrison,PRECINCT 120,U.S. House,2,DEM,STEVEN WENDELIN,7
Harrison,PRECINCT 121,U.S. House,2,DEM,STEVEN WENDELIN,6
Harrison,PRECINCT 122,U.S. House,2,DEM,STEVEN WENDELIN,3
Harrison,PRECINCT 123,U.S. House,2,DEM,STEVEN WENDELIN,38
Harrison,PRECINCT 125,U.S. House,2,DEM,STEVEN WENDELIN,15
Harrison,PRECINCT 126,U.S. House,2,DEM,STEVEN WENDELIN,12
Harrison,PRECINCT 128,U.S. House,2,DEM,STEVEN WENDELIN,8
Harrison,PRECINCT 129,U.S. House,2,DEM,STEVEN WENDELIN,29
Harrison,PRECINCT 129B,U.S. House,2,DEM,STEVEN WENDELIN,27
Harrison,PRECINCT 129C,U.S. House,2,DEM,STEVEN WENDELIN,7
Harrison,PRECINCT 130,U.S. House,2,DEM,STEVEN WENDELIN,5
Harrison,PRECINCT 132,U.S. House,2,DEM,STEVEN WENDELIN,5
Harrison,PRECINCT 133,U.S. House,2,DEM,STEVEN WENDELIN,12
Harrison,PRECINCT 134,U.S. House,2,DEM,STEVEN WENDELIN,5
Harrison,PRECINCT 135,U.S. House,2,DEM,STEVEN WENDELIN,2
Harrison,PRECINCT 136,U.S. House,2,DEM,STEVEN WENDELIN,1
Harrison,PRECINCT 137,U.S. House,2,DEM,STEVEN WENDELIN,1
Harrison,PRECINCT 143,U.S. House,2,DEM,STEVEN WENDELIN,20
Harrison,PRECINCT 144,U.S. House,2,DEM,STEVEN WENDELIN,2
Harrison,PRECINCT 144A,U.S. House,2,DEM,STEVEN WENDELIN,5
Harrison,PRECINCT 145,U.S. House,2,DEM,STEVEN WENDELIN,9
Harrison,PRECINCT 1,State Senate,12,REP,BEN QUEEN,77
Harrison,PRECINCT 1A,State Senate,12,REP,BEN QUEEN,6
Harrison,PRECINCT 2,State Senate,12,REP,BEN QUEEN,5
Harrison,PRECINCT 4,State Senate,12,REP,BEN QUEEN,69
Harrison,PRECINCT 6,State Senate,12,REP,BEN QUEEN,44
Harrison,PRECINCT 9,State Senate,12,REP,BEN QUEEN,17
Harrison,PRECINCT 10,State Senate,12,REP,BEN QUEEN,27
Harrison,PRECINCT 14,State Senate,12,REP,BEN QUEEN,70
Harrison,PRECINCT 28,State Senate,12,REP,BEN QUEEN,28
Harrison,PRECINCT 33,State Senate,12,REP,BEN QUEEN,66
Harrison,PRECINCT 36A,State Senate,12,REP,BEN QUEEN,28
Harrison,PRECINCT 43,State Senate,12,REP,BEN QUEEN,24
Harrison,PRECINCT 44,State Senate,12,REP,BEN QUEEN,14
Harrison,PRECINCT 45,State Senate,12,REP,BEN QUEEN,53
Harrison,PRECINCT 46,State Senate,12,REP,BEN QUEEN,40
Harrison,PRECINCT 48,State Senate,12,REP,BEN QUEEN,31
Harrison,PRECINCT 50,State Senate,12,REP,BEN QUEEN,39
Harrison,PRECINCT 51,State Senate,12,REP,BEN QUEEN,20
Harrison,PRECINCT 52,State Senate,12,REP,BEN QUEEN,35
Harrison,PRECINCT 53,State Senate,12,REP,BEN QUEEN,21
Harrison,PRECINCT 59,State Senate,12,REP,BEN QUEEN,18
Harrison,PRECINCT 61,State Senate,12,REP,BEN QUEEN,44
Harrison,PRECINCT 63,State Senate,12,REP,BEN QUEEN,37
Harrison,PRECINCT 66,State Senate,12,REP,BEN QUEEN,21
Harrison,PRECINCT 66A,State Senate,12,REP,BEN QUEEN,1
Harrison,PRECINCT 66B,State Senate,12,REP,BEN QUEEN,3
Harrison,PRECINCT 68,State Senate,12,REP,BEN QUEEN,35
Harrison,PRECINCT 74,State Senate,12,REP,BEN QUEEN,50
Harrison,PRECINCT 80,State Senate,12,REP,BEN QUEEN,68
Harrison,PRECINCT 87,State Senate,12,REP,BEN QUEEN,19
Harrison,PRECINCT 92,State Senate,12,REP,BEN QUEEN,17
Harrison,PRECINCT 95,State Senate,12,REP,BEN QUEEN,23
Harrison,PRECINCT 96,State Senate,12,REP,BEN QUEEN,39
Harrison,PRECINCT 98,State Senate,12,REP,BEN QUEEN,15
Harrison,PRECINCT 102,State Senate,12,REP,BEN QUEEN,89
Harrison,PRECINCT 103,State Senate,12,REP,BEN QUEEN,26
Harrison,PRECINCT 104,State Senate,12,REP,BEN QUEEN,37
Harrison,PRECINCT 106,State Senate,12,REP,BEN QUEEN,25
Harrison,PRECINCT 107,State Senate,12,REP,BEN QUEEN,10
Harrison,PRECINCT 108,State Senate,12,REP,BEN QUEEN,53
Harrison,PRECINCT 110,State Senate,12,REP,BEN QUEEN,33
Harrison,PRECINCT 114,State Senate,12,REP,BEN QUEEN,24
Harrison,PRECINCT 114A,State Senate,12,REP,BEN QUEEN,3
Harrison,PRECINCT 118,State Senate,12,REP,BEN QUEEN,16
Harrison,PRECINCT 120,State Senate,12,REP,BEN QUEEN,49
Harrison,PRECINCT 121,State Senate,12,REP,BEN QUEEN,11
Harrison,PRECINCT 122,State Senate,12,REP,BEN QUEEN,19
Harrison,PRECINCT 123,State Senate,12,REP,BEN QUEEN,171
Harrison,PRECINCT 125,State Senate,12,REP,BEN QUEEN,84
Harrison,PRECINCT 126,State Senate,12,REP,BEN QUEEN,67
Harrison,PRECINCT 128,State Senate,12,REP,BEN QUEEN,46
Harrison,PRECINCT 129,State Senate,12,REP,BEN QUEEN,130
Harrison,PRECINCT 129B,State Senate,12,REP,BEN QUEEN,80
Harrison,PRECINCT 129C,State Senate,12,REP,BEN QUEEN,33
Harrison,PRECINCT 130,State Senate,12,REP,BEN QUEEN,25
Harrison,PRECINCT 132,State Senate,12,REP,BEN QUEEN,14
Harrison,PRECINCT 133,State Senate,12,REP,BEN QUEEN,36
Harrison,PRECINCT 134,State Senate,12,REP,BEN QUEEN,25
Harrison,PRECINCT 135,State Senate,12,REP,BEN QUEEN,11
Harrison,PRECINCT 136,State Senate,12,REP,BEN QUEEN,9
Harrison,PRECINCT 137,State Senate,12,REP,BEN QUEEN,6
Harrison,PRECINCT 143,State Senate,12,REP,BEN QUEEN,82
Harrison,PRECINCT 144,State Senate,12,REP,BEN QUEEN,25
Harrison,PRECINCT 144A,State Senate,12,REP,BEN QUEEN,22
Harrison,PRECINCT 145,State Senate,12,REP,BEN QUEEN,33
Harrison,PRECINCT 1,State Senate,12,REP,JOSEPH (JOE) EARLEY,69
Harrison,PRECINCT 1A,State Senate,12,REP,JOSEPH (JOE) EARLEY,4
Harrison,PRECINCT 2,State Senate,12,REP,JOSEPH (JOE) EARLEY,11
Harrison,PRECINCT 4,State Senate,12,REP,JOSEPH (JOE) EARLEY,31
Harrison,PRECINCT 6,State Senate,12,REP,JOSEPH (JOE) EARLEY,39
Harrison,PRECINCT 9,State Senate,12,REP,JOSEPH (JOE) EARLEY,25
Harrison,PRECINCT 10,State Senate,12,REP,JOSEPH (JOE) EARLEY,15
Harrison,PRECINCT 14,State Senate,12,REP,JOSEPH (JOE) EARLEY,57
Harrison,PRECINCT 28,State Senate,12,REP,JOSEPH (JOE) EARLEY,49
Harrison,PRECINCT 33,State Senate,12,REP,JOSEPH (JOE) EARLEY,57
Harrison,PRECINCT 36A,State Senate,12,REP,JOSEPH (JOE) EARLEY,19
Harrison,PRECINCT 43,State Senate,12,REP,JOSEPH (JOE) EARLEY,16
Harrison,PRECINCT 44,State Senate,12,REP,JOSEPH (JOE) EARLEY,15
Harrison,PRECINCT 45,State Senate,12,REP,JOSEPH (JOE) EARLEY,27
Harrison,PRECINCT 46,State Senate,12,REP,JOSEPH (JOE) EARLEY,15
Harrison,PRECINCT 48,State Senate,12,REP,JOSEPH (JOE) EARLEY,29
Harrison,PRECINCT 50,State Senate,12,REP,JOSEPH (JOE) EARLEY,26
Harrison,PRECINCT 51,State Senate,12,REP,JOSEPH (JOE) EARLEY,8
Harrison,PRECINCT 52,State Senate,12,REP,JOSEPH (JOE) EARLEY,28
Harrison,PRECINCT 53,State Senate,12,REP,JOSEPH (JOE) EARLEY,7
Harrison,PRECINCT 59,State Senate,12,REP,JOSEPH (JOE) EARLEY,12
Harrison,PRECINCT 61,State Senate,12,REP,JOSEPH (JOE) EARLEY,24
Harrison,PRECINCT 63,State Senate,12,REP,JOSEPH (JOE) EARLEY,29
Harrison,PRECINCT 66,State Senate,12,REP,JOSEPH (JOE) EARLEY,11
Harrison,PRECINCT 66A,State Senate,12,REP,JOSEPH (JOE) EARLEY,1
Harrison,PRECINCT 66B,State Senate,12,REP,JOSEPH (JOE) EARLEY,1
Harrison,PRECINCT 68,State Senate,12,REP,JOSEPH (JOE) EARLEY,45
Harrison,PRECINCT 74,State Senate,12,REP,JOSEPH (JOE) EARLEY,53
Harrison,PRECINCT 80,State Senate,12,REP,JOSEPH (JOE) EARLEY,68
Harrison,PRECINCT 87,State Senate,12,REP,JOSEPH (JOE) EARLEY,6
Harrison,PRECINCT 92,State Senate,12,REP,JOSEPH (JOE) EARLEY,25
Harrison,PRECINCT 95,State Senate,12,REP,JOSEPH (JOE) EARLEY,22
Harrison,PRECINCT 96,State Senate,12,REP,JOSEPH (JOE) EARLEY,15
Harrison,PRECINCT 98,State Senate,12,REP,JOSEPH (JOE) EARLEY,18
Harrison,PRECINCT 102,State Senate,12,REP,JOSEPH (JOE) EARLEY,72
Harrison,PRECINCT 103,State Senate,12,REP,JOSEPH (JOE) EARLEY,17
Harrison,PRECINCT 104,State Senate,12,REP,JOSEPH (JOE) EARLEY,24
Harrison,PRECINCT 106,State Senate,12,REP,JOSEPH (JOE) EARLEY,20
Harrison,PRECINCT 107,State Senate,12,REP,JOSEPH (JOE) EARLEY,11
Harrison,PRECINCT 108,State Senate,12,REP,JOSEPH (JOE) EARLEY,34
Harrison,PRECINCT 110,State Senate,12,REP,JOSEPH (JOE) EARLEY,18
Harrison,PRECINCT 114,State Senate,12,REP,JOSEPH (JOE) EARLEY,12
Harrison,PRECINCT 114A,State Senate,12,REP,JOSEPH (JOE) EARLEY,5
Harrison,PRECINCT 118,State Senate,12,REP,JOSEPH (JOE) EARLEY,16
Harrison,PRECINCT 120,State Senate,12,REP,JOSEPH (JOE) EARLEY,45
Harrison,PRECINCT 121,State Senate,12,REP,JOSEPH (JOE) EARLEY,8
Harrison,PRECINCT 122,State Senate,12,REP,JOSEPH (JOE) EARLEY,16
Harrison,PRECINCT 123,State Senate,12,REP,JOSEPH (JOE) EARLEY,105
Harrison,PRECINCT 125,State Senate,12,REP,JOSEPH (JOE) EARLEY,38
Harrison,PRECINCT 126,State Senate,12,REP,JOSEPH (JOE) EARLEY,47
Harrison,PRECINCT 128,State Senate,12,REP,JOSEPH (JOE) EARLEY,44
Harrison,PRECINCT 129,State Senate,12,REP,JOSEPH (JOE) EARLEY,80
Harrison,PRECINCT 129B,State Senate,12,REP,JOSEPH (JOE) EARLEY,79
Harrison,PRECINCT 129C,State Senate,12,REP,JOSEPH (JOE) EARLEY,25
Harrison,PRECINCT 130,State Senate,12,REP,JOSEPH (JOE) EARLEY,17
Harrison,PRECINCT 132,State Senate,12,REP,JOSEPH (JOE) EARLEY,8
Harrison,PRECINCT 133,State Senate,12,REP,JOSEPH (JOE) EARLEY,39
Harrison,PRECINCT 134,State Senate,12,REP,JOSEPH (JOE) EARLEY,23
Harrison,PRECINCT 135,State Senate,12,REP,JOSEPH (JOE) EARLEY,19
Harrison,PRECINCT 136,State Senate,12,REP,JOSEPH (JOE) EARLEY,12
Harrison,PRECINCT 137,State Senate,12,REP,JOSEPH (JOE) EARLEY,11
Harrison,PRECINCT 143,State Senate,12,REP,JOSEPH (JOE) EARLEY,52
Harrison,PRECINCT 144,State Senate,12,REP,JOSEPH (JOE) EARLEY,20
Harrison,PRECINCT 144A,State Senate,12,REP,JOSEPH (JOE) EARLEY,19
Harrison,PRECINCT 145,State Senate,12,REP,JOSEPH (JOE) EARLEY,26
Harrison,PRECINCT 1,State Senate,12,DEM,LYNETTE MURRAY,111
Harrison,PRECINCT 1A,State Senate,12,DEM,LYNETTE MURRAY,8
Harrison,PRECINCT 2,State Senate,12,DEM,LYNETTE MURRAY,13
Harrison,PRECINCT 4,State Senate,12,DEM,LYNETTE MURRAY,128
Harrison,PRECINCT 6,State Senate,12,DEM,LYNETTE MURRAY,84
Harrison,PRECINCT 9,State Senate,12,DEM,LYNETTE MURRAY,48
Harrison,PRECINCT 10,State Senate,12,DEM,LYNETTE MURRAY,30
Harrison,PRECINCT 14,State Senate,12,DEM,LYNETTE MURRAY,220
Harrison,PRECINCT 28,State Senate,12,DEM,LYNETTE MURRAY,102
Harrison,PRECINCT 33,State Senate,12,DEM,LYNETTE MURRAY,138
Harrison,PRECINCT 36A,State Senate,12,DEM,LYNETTE MURRAY,41
Harrison,PRECINCT 43,State Senate,12,DEM,LYNETTE MURRAY,16
Harrison,PRECINCT 44,State Senate,12,DEM,LYNETTE MURRAY,21
Harrison,PRECINCT 45,State Senate,12,DEM,LYNETTE MURRAY,26
Harrison,PRECINCT 46,State Senate,12,DEM,LYNETTE MURRAY,32
Harrison,PRECINCT 48,State Senate,12,DEM,LYNETTE MURRAY,41
Harrison,PRECINCT 50,State Senate,12,DEM,LYNETTE MURRAY,62
Harrison,PRECINCT 51,State Senate,12,DEM,LYNETTE MURRAY,37
Harrison,PRECINCT 52,State Senate,12,DEM,LYNETTE MURRAY,27
Harrison,PRECINCT 53,State Senate,12,DEM,LYNETTE MURRAY,22
Harrison,PRECINCT 59,State Senate,12,DEM,LYNETTE MURRAY,33
Harrison,PRECINCT 61,State Senate,12,DEM,LYNETTE MURRAY,52
Harrison,PRECINCT 63,State Senate,12,DEM,LYNETTE MURRAY,51
Harrison,PRECINCT 66,State Senate,12,DEM,LYNETTE MURRAY,48
Harrison,PRECINCT 66A,State Senate,12,DEM,LYNETTE MURRAY,10
Harrison,PRECINCT 66B,State Senate,12,DEM,LYNETTE MURRAY,5
Harrison,PRECINCT 68,State Senate,12,DEM,LYNETTE MURRAY,128
Harrison,PRECINCT 74,State Senate,12,DEM,LYNETTE MURRAY,120
Harrison,PRECINCT 80,State Senate,12,DEM,LYNETTE MURRAY,158
Harrison,PRECINCT 87,State Senate,12,DEM,LYNETTE MURRAY,28
Harrison,PRECINCT 92,State Senate,12,DEM,LYNETTE MURRAY,25
Harrison,PRECINCT 95,State Senate,12,DEM,LYNETTE MURRAY,23
Harrison,PRECINCT 96,State Senate,12,DEM,LYNETTE MURRAY,49
Harrison,PRECINCT 98,State Senate,12,DEM,LYNETTE MURRAY,22
Harrison,PRECINCT 102,State Senate,12,DEM,LYNETTE MURRAY,87
Harrison,PRECINCT 103,State Senate,12,DEM,LYNETTE MURRAY,21
Harrison,PRECINCT 104,State Senate,12,DEM,LYNETTE MURRAY,22
Harrison,PRECINCT 106,State Senate,12,DEM,LYNETTE MURRAY,26
Harrison,PRECINCT 107,State Senate,12,DEM,LYNETTE MURRAY,16
Harrison,PRECINCT 108,State Senate,12,DEM,LYNETTE MURRAY,29
Harrison,PRECINCT 110,State Senate,12,DEM,LYNETTE MURRAY,34
Harrison,PRECINCT 114,State Senate,12,DEM,LYNETTE MURRAY,31
Harrison,PRECINCT 114A,State Senate,12,DEM,LYNETTE MURRAY,5
Harrison,PRECINCT 118,State Senate,12,DEM,LYNETTE MURRAY,19
Harrison,PRECINCT 120,State Senate,12,DEM,LYNETTE MURRAY,37
Harrison,PRECINCT 121,State Senate,12,DEM,LYNETTE MURRAY,22
Harrison,PRECINCT 122,State Senate,12,DEM,LYNETTE MURRAY,20
Harrison,PRECINCT 123,State Senate,12,DEM,LYNETTE MURRAY,167
Harrison,PRECINCT 125,State Senate,12,DEM,LYNETTE MURRAY,93
Harrison,PRECINCT 126,State Senate,12,DEM,LYNETTE MURRAY,81
Harrison,PRECINCT 128,State Senate,12,DEM,LYNETTE MURRAY,71
Harrison,PRECINCT 129,State Senate,12,DEM,LYNETTE MURRAY,150
Harrison,PRECINCT 129B,State Senate,12,DEM,LYNETTE MURRAY,180
Harrison,PRECINCT 129C,State Senate,12,DEM,LYNETTE MURRAY,44
Harrison,PRECINCT 130,State Senate,12,DEM,LYNETTE MURRAY,11
Harrison,PRECINCT 132,State Senate,12,DEM,LYNETTE MURRAY,19
Harrison,PRECINCT 133,State Senate,12,DEM,LYNETTE MURRAY,62
Harrison,PRECINCT 134,State Senate,12,DEM,LYNETTE MURRAY,29
Harrison,PRECINCT 135,State Senate,12,DEM,LYNETTE MURRAY,8
Harrison,PRECINCT 136,State Senate,12,DEM,LYNETTE MURRAY,7
Harrison,PRECINCT 137,State Senate,12,DEM,LYNETTE MURRAY,7
Harrison,PRECINCT 143,State Senate,12,DEM,LYNETTE MURRAY,62
Harrison,PRECINCT 144,State Senate,12,DEM,LYNETTE MURRAY,26
Harrison,PRECINCT 144A,State Senate,12,DEM,LYNETTE MURRAY,21
Harrison,PRECINCT 145,State Senate,12,DEM,LYNETTE MURRAY,23
Harrison,PRECINCT 1,State House,69,REP,KEITH MARPLE,48
Harrison,PRECINCT 1A,State House,69,REP,KEITH MARPLE,1
Harrison,PRECINCT 2,State House,69,REP,KEITH MARPLE,5
Harrison,PRECINCT 59,State House,69,REP,KEITH MARPLE,8
Harrison,PRECINCT 61,State House,69,REP,KEITH MARPLE,15
Harrison,PRECINCT 102,State House,69,REP,KEITH MARPLE,58
Harrison,PRECINCT 103,State House,69,REP,KEITH MARPLE,23
Harrison,PRECINCT 104,State House,69,REP,KEITH MARPLE,39
Harrison,PRECINCT 106,State House,69,REP,KEITH MARPLE,18
Harrison,PRECINCT 107,State House,69,REP,KEITH MARPLE,15
Harrison,PRECINCT 108,State House,69,REP,KEITH MARPLE,49
Harrison,PRECINCT 110,State House,69,REP,KEITH MARPLE,23
Harrison,PRECINCT 114,State House,69,REP,KEITH MARPLE,7
Harrison,PRECINCT 133,State House,69,REP,KEITH MARPLE,24
Harrison,PRECINCT 134,State House,69,REP,KEITH MARPLE,14
Harrison,PRECINCT 143,State House,69,REP,KEITH MARPLE,64
Harrison,PRECINCT 144,State House,69,REP,KEITH MARPLE,27
Harrison,PRECINCT 144A,State House,69,REP,KEITH MARPLE,24
Harrison,PRECINCT 145,State House,69,REP,KEITH MARPLE,27
Harrison,PRECINCT 1,State House,69,REP,ANDREW YOST,20
Harrison,PRECINCT 1A,State House,69,REP,ANDREW YOST,2
Harrison,PRECINCT 2,State House,69,REP,ANDREW YOST,1
Harrison,PRECINCT 59,State House,69,REP,ANDREW YOST,1
Harrison,PRECINCT 61,State House,69,REP,ANDREW YOST,17
Harrison,PRECINCT 102,State House,69,REP,ANDREW YOST,25
Harrison,PRECINCT 103,State House,69,REP,ANDREW YOST,6
Harrison,PRECINCT 104,State House,69,REP,ANDREW YOST,13
Harrison,PRECINCT 106,State House,69,REP,ANDREW YOST,8
Harrison,PRECINCT 107,State House,69,REP,ANDREW YOST,2
Harrison,PRECINCT 108,State House,69,REP,ANDREW YOST,18
Harrison,PRECINCT 110,State House,69,REP,ANDREW YOST,10
Harrison,PRECINCT 114,State House,69,REP,ANDREW YOST,5
Harrison,PRECINCT 133,State House,69,REP,ANDREW YOST,3
Harrison,PRECINCT 134,State House,69,REP,ANDREW YOST,5
Harrison,PRECINCT 143,State House,69,REP,ANDREW YOST,20
Harrison,PRECINCT 144,State House,69,REP,ANDREW YOST,5
Harrison,PRECINCT 144A,State House,69,REP,ANDREW YOST,6
Harrison,PRECINCT 145,State House,69,REP,ANDREW YOST,7
Harrison,PRECINCT 1,State House,69,REP,DANNY HAMRICK,76
Harrison,PRECINCT 1A,State House,69,REP,DANNY HAMRICK,8
Harrison,PRECINCT 2,State House,69,REP,DANNY HAMRICK,8
Harrison,PRECINCT 59,State House,69,REP,DANNY HAMRICK,21
Harrison,PRECINCT 61,State House,69,REP,DANNY HAMRICK,36
Harrison,PRECINCT 102,State House,69,REP,DANNY HAMRICK,78
Harrison,PRECINCT 103,State House,69,REP,DANNY HAMRICK,16
Harrison,PRECINCT 104,State House,69,REP,DANNY HAMRICK,11
Harrison,PRECINCT 106,State House,69,REP,DANNY HAMRICK,20
Harrison,PRECINCT 107,State House,69,REP,DANNY HAMRICK,4
Harrison,PRECINCT 108,State House,69,REP,DANNY HAMRICK,17
Harrison,PRECINCT 110,State House,69,REP,DANNY HAMRICK,19
Harrison,PRECINCT 114,State House,69,REP,DANNY HAMRICK,25
Harrison,PRECINCT 133,State House,69,REP,DANNY HAMRICK,48
Harrison,PRECINCT 134,State House,69,REP,DANNY HAMRICK,28
Harrison,PRECINCT 143,State House,69,REP,DANNY HAMRICK,60
Harrison,PRECINCT 144,State House,69,REP,DANNY HAMRICK,14
Harrison,PRECINCT 144A,State House,69,REP,DANNY HAMRICK,9
Harrison,PRECINCT 145,State House,69,REP,DANNY HAMRICK,30
Harrison,PRECINCT 1,State House,69,DEM,JOCELYN BLACKWELL,56
Harrison,PRECINCT 1A,State House,69,DEM,JOCELYN BLACKWELL,3
Harrison,PRECINCT 2,State House,69,DEM,JOCELYN BLACKWELL,5
Harrison,PRECINCT 59,State House,69,DEM,JOCELYN BLACKWELL,27
Harrison,PRECINCT 61,State House,69,DEM,JOCELYN BLACKWELL,32
Harrison,PRECINCT 102,State House,69,DEM,JOCELYN BLACKWELL,46
Harrison,PRECINCT 103,State House,69,DEM,JOCELYN BLACKWELL,10
Harrison,PRECINCT 104,State House,69,DEM,JOCELYN BLACKWELL,13
Harrison,PRECINCT 106,State House,69,DEM,JOCELYN BLACKWELL,17
Harrison,PRECINCT 107,State House,69,DEM,JOCELYN BLACKWELL,13
Harrison,PRECINCT 108,State House,69,DEM,JOCELYN BLACKWELL,18
Harrison,PRECINCT 110,State House,69,DEM,JOCELYN BLACKWELL,23
Harrison,PRECINCT 114,State House,69,DEM,JOCELYN BLACKWELL,22
Harrison,PRECINCT 133,State House,69,DEM,JOCELYN BLACKWELL,66
Harrison,PRECINCT 134,State House,69,DEM,JOCELYN BLACKWELL,22
Harrison,PRECINCT 143,State House,69,DEM,JOCELYN BLACKWELL,48
Harrison,PRECINCT 144,State House,69,DEM,JOCELYN BLACKWELL,23
Harrison,PRECINCT 144A,State House,69,DEM,JOCELYN BLACKWELL,14
Harrison,PRECINCT 145,State House,69,DEM,JOCELYN BLACKWELL,20
Harrison,PRECINCT 1,State House,69,DEM,LOU ASSARO,63
Harrison,PRECINCT 1A,State House,69,DEM,LOU ASSARO,3
Harrison,PRECINCT 2,State House,69,DEM,LOU ASSARO,11
Harrison,PRECINCT 59,State House,69,DEM,LOU ASSARO,8
Harrison,PRECINCT 61,State House,69,DEM,LOU ASSARO,26
Harrison,PRECINCT 102,State House,69,DEM,LOU ASSARO,53
Harrison,PRECINCT 103,State House,69,DEM,LOU ASSARO,9
Harrison,PRECINCT 104,State House,69,DEM,LOU ASSARO,10
Harrison,PRECINCT 106,State House,69,DEM,LOU ASSARO,12
Harrison,PRECINCT 107,State House,69,DEM,LOU ASSARO,5
Harrison,PRECINCT 108,State House,69,DEM,LOU ASSARO,16
Harrison,PRECINCT 110,State House,69,DEM,LOU ASSARO,17
Harrison,PRECINCT 114,State House,69,DEM,LOU ASSARO,8
Harrison,PRECINCT 133,State House,69,DEM,LOU ASSARO,12
Harrison,PRECINCT 134,State House,69,DEM,LOU ASSARO,9
Harrison,PRECINCT 143,State House,69,DEM,LOU ASSARO,27
Harrison,PRECINCT 144,State House,69,DEM,LOU ASSARO,7
Harrison,PRECINCT 144A,State House,69,DEM,LOU ASSARO,11
Harrison,PRECINCT 145,State House,69,DEM,LOU ASSARO,9
Harrison,PRECINCT 6,State House,70,REP,SALVATORE M. BOMBARDIERE,31
Harrison,PRECINCT 9,State House,70,REP,SALVATORE M. BOMBARDIERE,21
Harrison,PRECINCT 14,State House,70,REP,SALVATORE M. BOMBARDIERE,63
Harrison,PRECINCT 28,State House,70,REP,SALVATORE M. BOMBARDIERE,31
Harrison,PRECINCT 33,State House,70,REP,SALVATORE M. BOMBARDIERE,57
Harrison,PRECINCT 36A,State House,70,REP,SALVATORE M. BOMBARDIERE,22
Harrison,PRECINCT 66A,State House,70,REP,SALVATORE M. BOMBARDIERE,3
Harrison,PRECINCT 68,State House,70,REP,SALVATORE M. BOMBARDIERE,39
Harrison,PRECINCT 74,State House,70,REP,SALVATORE M. BOMBARDIERE,51
Harrison,PRECINCT 80,State House,70,REP,SALVATORE M. BOMBARDIERE,66
Harrison,PRECINCT 6,State House,70,REP,PAUL J. HOWE III,45
Harrison,PRECINCT 9,State House,70,REP,PAUL J. HOWE III,19
Harrison,PRECINCT 14,State House,70,REP,PAUL J. HOWE III,59
Harrison,PRECINCT 28,State House,70,REP,PAUL J. HOWE III,39
Harrison,PRECINCT 33,State House,70,REP,PAUL J. HOWE III,61
Harrison,PRECINCT 36A,State House,70,REP,PAUL J. HOWE III,26
Harrison,PRECINCT 66A,State House,70,REP,PAUL J. HOWE III,0
Harrison,PRECINCT 68,State House,70,REP,PAUL J. HOWE III,42
Harrison,PRECINCT 74,State House,70,REP,PAUL J. HOWE III,51
Harrison,PRECINCT 80,State House,70,REP,PAUL J. HOWE III,60
Harrison,PRECINCT 6,State House,70,DEM,JACKSON HOWE,47
Harrison,PRECINCT 9,State House,70,DEM,JACKSON HOWE,22
Harrison,PRECINCT 14,State House,70,DEM,JACKSON HOWE,137
Harrison,PRECINCT 28,State House,70,DEM,JACKSON HOWE,78
Harrison,PRECINCT 33,State House,70,DEM,JACKSON HOWE,102
Harrison,PRECINCT 36A,State House,70,DEM,JACKSON HOWE,29
Harrison,PRECINCT 66A,State House,70,DEM,JACKSON HOWE,7
Harrison,PRECINCT 68,State House,70,DEM,JACKSON HOWE,90
Harrison,PRECINCT 74,State House,70,DEM,JACKSON HOWE,78
Harrison,PRECINCT 80,State House,70,DEM,JACKSON HOWE,80
Harrison,PRECINCT 6,State House,70,DEM,SHANNON WELSH,66
Harrison,PRECINCT 9,State House,70,DEM,SHANNON WELSH,39
Harrison,PRECINCT 14,State House,70,DEM,SHANNON WELSH,147
Harrison,PRECINCT 28,State House,70,DEM,SHANNON WELSH,75
Harrison,PRECINCT 33,State House,70,DEM,SHANNON WELSH,98
Harrison,PRECINCT 36A,State House,70,DEM,SHANNON WELSH,33
Harrison,PRECINCT 66A,State House,70,DEM,SHANNON WELSH,4
Harrison,PRECINCT 68,State House,70,DEM,SHANNON WELSH,83
Harrison,PRECINCT 74,State House,70,DEM,SHANNON WELSH,76
Harrison,PRECINCT 80,State House,70,DEM,SHANNON WELSH,135
Harrison,PRECINCT 4,State House,71,REP,LAURA KIMBLE,59
Harrison,PRECINCT 10,State House,71,REP,LAURA KIMBLE,20
Harrison,PRECINCT 66,State House,71,REP,LAURA KIMBLE,15
Harrison,PRECINCT 66B,State House,71,REP,LAURA KIMBLE,3
Harrison,PRECINCT 120,State House,71,REP,LAURA KIMBLE,53
Harrison,PRECINCT 121,State House,71,REP,LAURA KIMBLE,12
Harrison,PRECINCT 122,State House,71,REP,LAURA KIMBLE,26
Harrison,PRECINCT 123,State House,71,REP,LAURA KIMBLE,136
Harrison,PRECINCT 125,State House,71,REP,LAURA KIMBLE,75
Harrison,PRECINCT 126,State House,71,REP,LAURA KIMBLE,58
Harrison,PRECINCT 128,State House,71,REP,LAURA KIMBLE,46
Harrison,PRECINCT 129,State House,71,REP,LAURA KIMBLE,88
Harrison,PRECINCT 129B,State House,71,REP,LAURA KIMBLE,62
Harrison,PRECINCT 129C,State House,71,REP,LAURA KIMBLE,29
Harrison,PRECINCT 4,State House,71,REP,TIM MCNEELY,39
Harrison,PRECINCT 10,State House,71,REP,TIM MCNEELY,21
Harrison,PRECINCT 66,State House,71,REP,TIM MCNEELY,16
Harrison,PRECINCT 66B,State House,71,REP,TIM MCNEELY,1
Harrison,PRECINCT 120,State House,71,REP,TIM MCNEELY,43
Harrison,PRECINCT 121,State House,71,REP,TIM MCNEELY,7
Harrison,PRECINCT 122,State House,71,REP,TIM MCNEELY,11
Harrison,PRECINCT 123,State House,71,REP,TIM MCNEELY,145
Harrison,PRECINCT 125,State House,71,REP,TIM MCNEELY,53
Harrison,PRECINCT 126,State House,71,REP,TIM MCNEELY,57
Harrison,PRECINCT 128,State House,71,REP,TIM MCNEELY,43
Harrison,PRECINCT 129,State House,71,REP,TIM MCNEELY,133
Harrison,PRECINCT 129B,State House,71,REP,TIM MCNEELY,92
Harrison,PRECINCT 129C,State House,71,REP,TIM MCNEELY,27
Harrison,PRECINCT 4,State House,71,DEM,ROBERT 'ROB' GARCIA,147
Harrison,PRECINCT 10,State House,71,DEM,ROBERT 'ROB' GARCIA,37
Harrison,PRECINCT 66,State House,71,DEM,ROBERT 'ROB' GARCIA,43
Harrison,PRECINCT 66B,State House,71,DEM,ROBERT 'ROB' GARCIA,7
Harrison,PRECINCT 120,State House,71,DEM,ROBERT 'ROB' GARCIA,38
Harrison,PRECINCT 121,State House,71,DEM,ROBERT 'ROB' GARCIA,26
Harrison,PRECINCT 122,State House,71,DEM,ROBERT 'ROB' GARCIA,24
Harrison,PRECINCT 123,State House,71,DEM,ROBERT 'ROB' GARCIA,201
Harrison,PRECINCT 125,State House,71,DEM,ROBERT 'ROB' GARCIA,110
Harrison,PRECINCT 126,State House,71,DEM,ROBERT 'ROB' GARCIA,95
Harrison,PRECINCT 128,State House,71,DEM,ROBERT 'ROB' GARCIA,80
Harrison,PRECINCT 129,State House,71,DEM,ROBERT 'ROB' GARCIA,175
Harrison,PRECINCT 129B,State House,71,DEM,ROBERT 'ROB' GARCIA,189
Harrison,PRECINCT 129C,State House,71,DEM,ROBERT 'ROB' GARCIA,45
Harrison,PRECINCT 43,State House,72,REP,MEGAN M. KRAJEWSKI,10
Harrison,PRECINCT 44,State House,72,REP,MEGAN M. KRAJEWSKI,5
Harrison,PRECINCT 45,State House,72,REP,MEGAN M. KRAJEWSKI,23
Harrison,PRECINCT 46,State House,72,REP,MEGAN M. KRAJEWSKI,12
Harrison,PRECINCT 48,State House,72,REP,MEGAN M. KRAJEWSKI,17
Harrison,PRECINCT 50,State House,72,REP,MEGAN M. KRAJEWSKI,19
Harrison,PRECINCT 51,State House,72,REP,MEGAN M. KRAJEWSKI,7
Harrison,PRECINCT 52,State House,72,REP,MEGAN M. KRAJEWSKI,13
Harrison,PRECINCT 53,State House,72,REP,MEGAN M. KRAJEWSKI,6
Harrison,PRECINCT 63,State House,72,REP,MEGAN M. KRAJEWSKI,27
Harrison,PRECINCT 87,State House,72,REP,MEGAN M. KRAJEWSKI,15
Harrison,PRECINCT 92,State House,72,REP,MEGAN M. KRAJEWSKI,3
Harrison,PRECINCT 95,State House,72,REP,MEGAN M. KRAJEWSKI,13
Harrison,PRECINCT 96,State House,72,REP,MEGAN M. KRAJEWSKI,13
Harrison,PRECINCT 98,State House,72,REP,MEGAN M. KRAJEWSKI,12
Harrison,PRECINCT 114A,State House,72,REP,MEGAN M. KRAJEWSKI,3
Harrison,PRECINCT 118,State House,72,REP,MEGAN M. KRAJEWSKI,15
Harrison,PRECINCT 130,State House,72,REP,MEGAN M. KRAJEWSKI,18
Harrison,PRECINCT 132,State House,72,REP,MEGAN M. KRAJEWSKI,5
Harrison,PRECINCT 135,State House,72,REP,MEGAN M. KRAJEWSKI,19
Harrison,PRECINCT 136,State House,72,REP,MEGAN M. KRAJEWSKI,9
Harrison,PRECINCT 137,State House,72,REP,MEGAN M. KRAJEWSKI,9
Harrison,PRECINCT 43,State House,72,REP,CLAY RILEY,28
Harrison,PRECINCT 44,State House,72,REP,CLAY RILEY,26
Harrison,PRECINCT 45,State House,72,REP,CLAY RILEY,60
Harrison,PRECINCT 46,State House,72,REP,CLAY RILEY,45
Harrison,PRECINCT 48,State House,72,REP,CLAY RILEY,43
Harrison,PRECINCT 50,State House,72,REP,CLAY RILEY,47
Harrison,PRECINCT 51,State House,72,REP,CLAY RILEY,21
Harrison,PRECINCT 52,State House,72,REP,CLAY RILEY,52
Harrison,PRECINCT 53,State House,72,REP,CLAY RILEY,23
Harrison,PRECINCT 63,State House,72,REP,CLAY RILEY,43
Harrison,PRECINCT 87,State House,72,REP,CLAY RILEY,12
Harrison,PRECINCT 92,State House,72,REP,CLAY RILEY,45
Harrison,PRECINCT 95,State House,72,REP,CLAY RILEY,30
Harrison,PRECINCT 96,State House,72,REP,CLAY RILEY,41
Harrison,PRECINCT 98,State House,72,REP,CLAY RILEY,22
Harrison,PRECINCT 114A,State House,72,REP,CLAY RILEY,6
Harrison,PRECINCT 118,State House,72,REP,CLAY RILEY,21
Harrison,PRECINCT 130,State House,72,REP,CLAY RILEY,21
Harrison,PRECINCT 132,State House,72,REP,CLAY RILEY,16
Harrison,PRECINCT 135,State House,72,REP,CLAY RILEY,13
Harrison,PRECINCT 136,State House,72,REP,CLAY RILEY,14
Harrison,PRECINCT 137,State House,72,REP,CLAY RILEY,8
Harrison,PRECINCT 43,State House,72,DEM,NO CANDIDATE FILED,0
Harrison,PRECINCT 44,State House,72,DEM,NO CANDIDATE FILED,0
Harrison,PRECINCT 45,State House,72,DEM,NO CANDIDATE FILED,0
Harrison,PRECINCT 46,State House,72,DEM,NO CANDIDATE FILED,0
Harrison,PRECINCT 48,State House,72,DEM,NO CANDIDATE FILED,0
Harrison,PRECINCT 50,State House,72,DEM,NO CANDIDATE FILED,0
Harrison,PRECINCT 51,State House,72,DEM,NO CANDIDATE FILED,0
Harrison,PRECINCT 52,State House,72,DEM,NO CANDIDATE FILED,0
Harrison,PRECINCT 53,State House,72,DEM,NO CANDIDATE FILED,0
Harrison,PRECINCT 63,State House,72,DEM,NO CANDIDATE FILED,0
Harrison,PRECINCT 87,State House,72,DEM,NO CANDIDATE FILED,0
Harrison,PRECINCT 92,State House,72,DEM,NO CANDIDATE FILED,0
Harrison,PRECINCT 95,State House,72,DEM,NO CANDIDATE FILED,0
Harrison,PRECINCT 96,State House,72,DEM,NO CANDIDATE FILED,0
Harrison,PRECINCT 98,State House,72,DEM,NO CANDIDATE FILED,0
Harrison,PRECINCT 114A,State House,72,DEM,NO CANDIDATE FILED,0
Harrison,PRECINCT 118,State House,72,DEM,NO CANDIDATE FILED,0
Harrison,PRECINCT 130,State House,72,DEM,NO CANDIDATE FILED,0
Harrison,PRECINCT 132,State House,72,DEM,NO CANDIDATE FILED,0
Harrison,PRECINCT 135,State House,72,DEM,NO CANDIDATE FILED,0
Harrison,PRECINCT 136,State House,72,DEM,NO CANDIDATE FILED,0
Harrison,PRECINCT 137,State House,72,DEM,NO CANDIDATE FILED,0
Harrison,PRECINCT 1,STATE EXECUTIVE COMMITTEE,12,REP,MADISON MARTIN,21
Harrison,PRECINCT 1A,STATE EXECUTIVE COMMITTEE,12,REP,MADISON MARTIN,1
Harrison,PRECINCT 2,STATE EXECUTIVE COMMITTEE,12,REP,MADISON MARTIN,5
Harrison,PRECINCT 4,STATE EXECUTIVE COMMITTEE,12,REP,MADISON MARTIN,16
Harrison,PRECINCT 6,STATE EXECUTIVE COMMITTEE,12,REP,MADISON MARTIN,12
Harrison,PRECINCT 9,STATE EXECUTIVE COMMITTEE,12,REP,MADISON MARTIN,4
Harrison,PRECINCT 10,STATE EXECUTIVE COMMITTEE,12,REP,MADISON MARTIN,5
Harrison,PRECINCT 14,STATE EXECUTIVE COMMITTEE,12,REP,MADISON MARTIN,8
Harrison,PRECINCT 28,STATE EXECUTIVE COMMITTEE,12,REP,MADISON MARTIN,10
Harrison,PRECINCT 33,STATE EXECUTIVE COMMITTEE,12,REP,MADISON MARTIN,10
Harrison,PRECINCT 36A,STATE EXECUTIVE COMMITTEE,12,REP,MADISON MARTIN,7
Harrison,PRECINCT 43,STATE EXECUTIVE COMMITTEE,12,REP,MADISON MARTIN,8
Harrison,PRECINCT 44,STATE EXECUTIVE COMMITTEE,12,REP,MADISON MARTIN,5
Harrison,PRECINCT 45,STATE EXECUTIVE COMMITTEE,12,REP,MADISON MARTIN,22
Harrison,PRECINCT 46,STATE EXECUTIVE COMMITTEE,12,REP,MADISON MARTIN,9
Harrison,PRECINCT 48,STATE EXECUTIVE COMMITTEE,12,REP,MADISON MARTIN,14
Harrison,PRECINCT 50,STATE EXECUTIVE COMMITTEE,12,REP,MADISON MARTIN,7
Harrison,PRECINCT 51,STATE EXECUTIVE COMMITTEE,12,REP,MADISON MARTIN,8
Harrison,PRECINCT 52,STATE EXECUTIVE COMMITTEE,12,REP,MADISON MARTIN,7
Harrison,PRECINCT 53,STATE EXECUTIVE COMMITTEE,12,REP,MADISON MARTIN,3
Harrison,PRECINCT 59,STATE EXECUTIVE COMMITTEE,12,REP,MADISON MARTIN,2
Harrison,PRECINCT 61,STATE EXECUTIVE COMMITTEE,12,REP,MADISON MARTIN,17
Harrison,PRECINCT 63,STATE EXECUTIVE COMMITTEE,12,REP,MADISON MARTIN,15
Harrison,PRECINCT 66,STATE EXECUTIVE COMMITTEE,12,REP,MADISON MARTIN,5
Harrison,PRECINCT 66A,STATE EXECUTIVE COMMITTEE,12,REP,MADISON MARTIN,0
Harrison,PRECINCT 66B,STATE EXECUTIVE COMMITTEE,12,REP,MADISON MARTIN,0
Harrison,PRECINCT 68,STATE EXECUTIVE COMMITTEE,12,REP,MADISON MARTIN,9
Harrison,PRECINCT 74,STATE EXECUTIVE COMMITTEE,12,REP,MADISON MARTIN,17
Harrison,PRECINCT 80,STATE EXECUTIVE COMMITTEE,12,REP,MADISON MARTIN,15
Harrison,PRECINCT 87,STATE EXECUTIVE COMMITTEE,12,REP,MADISON MARTIN,6
Harrison,PRECINCT 92,STATE EXECUTIVE COMMITTEE,12,REP,MADISON MARTIN,7
Harrison,PRECINCT 95,STATE EXECUTIVE COMMITTEE,12,REP,MADISON MARTIN,9
Harrison,PRECINCT 96,STATE EXECUTIVE COMMITTEE,12,REP,MADISON MARTIN,10
Harrison,PRECINCT 98,STATE EXECUTIVE COMMITTEE,12,REP,MADISON MARTIN,7
Harrison,PRECINCT 102,STATE EXECUTIVE COMMITTEE,12,REP,MADISON MARTIN,35
Harrison,PRECINCT 103,STATE EXECUTIVE COMMITTEE,12,REP,MADISON MARTIN,14
Harrison,PRECINCT 104,STATE EXECUTIVE COMMITTEE,12,REP,MADISON MARTIN,23
Harrison,PRECINCT 106,STATE EXECUTIVE COMMITTEE,12,REP,MADISON MARTIN,14
Harrison,PRECINCT 107,STATE EXECUTIVE COMMITTEE,12,REP,MADISON MARTIN,10
Harrison,PRECINCT 108,STATE EXECUTIVE COMMITTEE,12,REP,MADISON MARTIN,42
Harrison,PRECINCT 110,STATE EXECUTIVE COMMITTEE,12,REP,MADISON MARTIN,21
Harrison,PRECINCT 114,STATE EXECUTIVE COMMITTEE,12,REP,MADISON MARTIN,2
Harrison,PRECINCT 114A,STATE EXECUTIVE COMMITTEE,12,REP,MADISON MARTIN,0
Harrison,PRECINCT 118,STATE EXECUTIVE COMMITTEE,12,REP,MADISON MARTIN,9
Harrison,PRECINCT 120,STATE EXECUTIVE COMMITTEE,12,REP,MADISON MARTIN,20
Harrison,PRECINCT 121,STATE EXECUTIVE COMMITTEE,12,REP,MADISON MARTIN,1
Harrison,PRECINCT 122,STATE EXECUTIVE COMMITTEE,12,REP,MADISON MARTIN,8
Harrison,PRECINCT 123,STATE EXECUTIVE COMMITTEE,12,REP,MADISON MARTIN,44
Harrison,PRECINCT 125,STATE EXECUTIVE COMMITTEE,12,REP,MADISON MARTIN,17
Harrison,PRECINCT 126,STATE EXECUTIVE COMMITTEE,12,REP,MADISON MARTIN,15
Harrison,PRECINCT 128,STATE EXECUTIVE COMMITTEE,12,REP,MADISON MARTIN,5
Harrison,PRECINCT 129,STATE EXECUTIVE COMMITTEE,12,REP,MADISON MARTIN,27
Harrison,PRECINCT 129B,STATE EXECUTIVE COMMITTEE,12,REP,MADISON MARTIN,27
Harrison,PRECINCT 129C,STATE EXECUTIVE COMMITTEE,12,REP,MADISON MARTIN,4
Harrison,PRECINCT 130,STATE EXECUTIVE COMMITTEE,12,REP,MADISON MARTIN,15
Harrison,PRECINCT 132,STATE EXECUTIVE COMMITTEE,12,REP,MADISON MARTIN,7
Harrison,PRECINCT 133,STATE EXECUTIVE COMMITTEE,12,REP,MADISON MARTIN,15
Harrison,PRECINCT 134,STATE EXECUTIVE COMMITTEE,12,REP,MADISON MARTIN,7
Harrison,PRECINCT 135,STATE EXECUTIVE COMMITTEE,12,REP,MADISON MARTIN,4
Harrison,PRECINCT 136,STATE EXECUTIVE COMMITTEE,12,REP,MADISON MARTIN,3
Harrison,PRECINCT 137,STATE EXECUTIVE COMMITTEE,12,REP,MADISON MARTIN,3
Harrison,PRECINCT 143,STATE EXECUTIVE COMMITTEE,12,REP,MADISON MARTIN,79
Harrison,PRECINCT 144,STATE EXECUTIVE COMMITTEE,12,REP,MADISON MARTIN,18
Harrison,PRECINCT 144A,STATE EXECUTIVE COMMITTEE,12,REP,MADISON MARTIN,13
Harrison,PRECINCT 145,STATE EXECUTIVE COMMITTEE,12,REP,MADISON MARTIN,15
Harrison,PRECINCT 1,STATE EXECUTIVE COMMITTEE,12,REP,LAURA KENNEDY,76
Harrison,PRECINCT 1A,STATE EXECUTIVE COMMITTEE,12,REP,LAURA KENNEDY,5
Harrison,PRECINCT 2,STATE EXECUTIVE COMMITTEE,12,REP,LAURA KENNEDY,8
Harrison,PRECINCT 4,STATE EXECUTIVE COMMITTEE,12,REP,LAURA KENNEDY,37
Harrison,PRECINCT 6,STATE EXECUTIVE COMMITTEE,12,REP,LAURA KENNEDY,34
Harrison,PRECINCT 9,STATE EXECUTIVE COMMITTEE,12,REP,LAURA KENNEDY,20
Harrison,PRECINCT 10,STATE EXECUTIVE COMMITTEE,12,REP,LAURA KENNEDY,19
Harrison,PRECINCT 14,STATE EXECUTIVE COMMITTEE,12,REP,LAURA KENNEDY,71
Harrison,PRECINCT 28,STATE EXECUTIVE COMMITTEE,12,REP,LAURA KENNEDY,30
Harrison,PRECINCT 33,STATE EXECUTIVE COMMITTEE,12,REP,LAURA KENNEDY,71
Harrison,PRECINCT 36A,STATE EXECUTIVE COMMITTEE,12,REP,LAURA KENNEDY,27
Harrison,PRECINCT 43,STATE EXECUTIVE COMMITTEE,12,REP,LAURA KENNEDY,13
Harrison,PRECINCT 44,STATE EXECUTIVE COMMITTEE,12,REP,LAURA KENNEDY,13
Harrison,PRECINCT 45,STATE EXECUTIVE COMMITTEE,12,REP,LAURA KENNEDY,22
Harrison,PRECINCT 46,STATE EXECUTIVE COMMITTEE,12,REP,LAURA KENNEDY,23
Harrison,PRECINCT 48,STATE EXECUTIVE COMMITTEE,12,REP,LAURA KENNEDY,24
Harrison,PRECINCT 50,STATE EXECUTIVE COMMITTEE,12,REP,LAURA KENNEDY,16
Harrison,PRECINCT 51,STATE EXECUTIVE COMMITTEE,12,REP,LAURA KENNEDY,8
Harrison,PRECINCT 52,STATE EXECUTIVE COMMITTEE,12,REP,LAURA KENNEDY,13
Harrison,PRECINCT 53,STATE EXECUTIVE COMMITTEE,12,REP,LAURA KENNEDY,10
Harrison,PRECINCT 59,STATE EXECUTIVE COMMITTEE,12,REP,LAURA KENNEDY,9
Harrison,PRECINCT 61,STATE EXECUTIVE COMMITTEE,12,REP,LAURA KENNEDY,32
Harrison,PRECINCT 63,STATE EXECUTIVE COMMITTEE,12,REP,LAURA KENNEDY,16
Harrison,PRECINCT 66,STATE EXECUTIVE COMMITTEE,12,REP,LAURA KENNEDY,15
Harrison,PRECINCT 66A,STATE EXECUTIVE COMMITTEE,12,REP,LAURA KENNEDY,3
Harrison,PRECINCT 66B,STATE EXECUTIVE COMMITTEE,12,REP,LAURA KENNEDY,2
Harrison,PRECINCT 68,STATE EXECUTIVE COMMITTEE,12,REP,LAURA KENNEDY,39
Harrison,PRECINCT 74,STATE EXECUTIVE COMMITTEE,12,REP,LAURA KENNEDY,46
Harrison,PRECINCT 80,STATE EXECUTIVE COMMITTEE,12,REP,LAURA KENNEDY,67
Harrison,PRECINCT 87,STATE EXECUTIVE COMMITTEE,12,REP,LAURA KENNEDY,14
Harrison,PRECINCT 92,STATE EXECUTIVE COMMITTEE,12,REP,LAURA KENNEDY,20
Harrison,PRECINCT 95,STATE EXECUTIVE COMMITTEE,12,REP,LAURA KENNEDY,17
Harrison,PRECINCT 96,STATE EXECUTIVE COMMITTEE,12,REP,LAURA KENNEDY,24
Harrison,PRECINCT 98,STATE EXECUTIVE COMMITTEE,12,REP,LAURA KENNEDY,15
Harrison,PRECINCT 102,STATE EXECUTIVE COMMITTEE,12,REP,LAURA KENNEDY,53
Harrison,PRECINCT 103,STATE EXECUTIVE COMMITTEE,12,REP,LAURA KENNEDY,14
Harrison,PRECINCT 104,STATE EXECUTIVE COMMITTEE,12,REP,LAURA KENNEDY,21
Harrison,PRECINCT 106,STATE EXECUTIVE COMMITTEE,12,REP,LAURA KENNEDY,14
Harrison,PRECINCT 107,STATE EXECUTIVE COMMITTEE,12,REP,LAURA KENNEDY,4
Harrison,PRECINCT 108,STATE EXECUTIVE COMMITTEE,12,REP,LAURA KENNEDY,32
Harrison,PRECINCT 110,STATE EXECUTIVE COMMITTEE,12,REP,LAURA KENNEDY,23
Harrison,PRECINCT 114,STATE EXECUTIVE COMMITTEE,12,REP,LAURA KENNEDY,16
Harrison,PRECINCT 114A,STATE EXECUTIVE COMMITTEE,12,REP,LAURA KENNEDY,3
Harrison,PRECINCT 118,STATE EXECUTIVE COMMITTEE,12,REP,LAURA KENNEDY,15
Harrison,PRECINCT 120,STATE EXECUTIVE COMMITTEE,12,REP,LAURA KENNEDY,38
Harrison,PRECINCT 121,STATE EXECUTIVE COMMITTEE,12,REP,LAURA KENNEDY,5
Harrison,PRECINCT 122,STATE EXECUTIVE COMMITTEE,12,REP,LAURA KENNEDY,11
Harrison,PRECINCT 123,STATE EXECUTIVE COMMITTEE,12,REP,LAURA KENNEDY,93
Harrison,PRECINCT 125,STATE EXECUTIVE COMMITTEE,12,REP,LAURA KENNEDY,35
Harrison,PRECINCT 126,STATE EXECUTIVE COMMITTEE,12,REP,LAURA KENNEDY,25
Harrison,PRECINCT 128,STATE EXECUTIVE COMMITTEE,12,REP,LAURA KENNEDY,35
Harrison,PRECINCT 129,STATE EXECUTIVE COMMITTEE,12,REP,LAURA KENNEDY,69
Harrison,PRECINCT 129B,STATE EXECUTIVE COMMITTEE,12,REP,LAURA KENNEDY,56
Harrison,PRECINCT 129C,STATE EXECUTIVE COMMITTEE,12,REP,LAURA KENNEDY,14
Harrison,PRECINCT 130,STATE EXECUTIVE COMMITTEE,12,REP,LAURA KENNEDY,22
Harrison,PRECINCT 132,STATE EXECUTIVE COMMITTEE,12,REP,LAURA KENNEDY,7
Harrison,PRECINCT 133,STATE EXECUTIVE COMMITTEE,12,REP,LAURA KENNEDY,30
Harrison,PRECINCT 134,STATE EXECUTIVE COMMITTEE,12,REP,LAURA KENNEDY,25
Harrison,PRECINCT 135,STATE EXECUTIVE COMMITTEE,12,REP,LAURA KENNEDY,18
Harrison,PRECINCT 136,STATE EXECUTIVE COMMITTEE,12,REP,LAURA KENNEDY,6
Harrison,PRECINCT 137,STATE EXECUTIVE COMMITTEE,12,REP,LAURA KENNEDY,6
Harrison,PRECINCT 143,STATE EXECUTIVE COMMITTEE,12,REP,LAURA KENNEDY,48
Harrison,PRECINCT 144,STATE EXECUTIVE COMMITTEE,12,REP,LAURA KENNEDY,9
Harrison,PRECINCT 144A,STATE EXECUTIVE COMMITTEE,12,REP,LAURA KENNEDY,11
Harrison,PRECINCT 145,STATE EXECUTIVE COMMITTEE,12,REP,LAURA KENNEDY,19
Harrison,PRECINCT 1,STATE EXECUTIVE COMMITTEE,12,REP,DIANA CRITCHFIELD,48
Harrison,PRECINCT 1A,STATE EXECUTIVE COMMITTEE,12,REP,DIANA CRITCHFIELD,2
Harrison,PRECINCT 2,STATE EXECUTIVE COMMITTEE,12,REP,DIANA CRITCHFIELD,4
Harrison,PRECINCT 4,STATE EXECUTIVE COMMITTEE,12,REP,DIANA CRITCHFIELD,26
Harrison,PRECINCT 6,STATE EXECUTIVE COMMITTEE,12,REP,DIANA CRITCHFIELD,20
Harrison,PRECINCT 9,STATE EXECUTIVE COMMITTEE,12,REP,DIANA CRITCHFIELD,13
Harrison,PRECINCT 10,STATE EXECUTIVE COMMITTEE,12,REP,DIANA CRITCHFIELD,11
Harrison,PRECINCT 14,STATE EXECUTIVE COMMITTEE,12,REP,DIANA CRITCHFIELD,54
Harrison,PRECINCT 28,STATE EXECUTIVE COMMITTEE,12,REP,DIANA CRITCHFIELD,25
Harrison,PRECINCT 33,STATE EXECUTIVE COMMITTEE,12,REP,DIANA CRITCHFIELD,43
Harrison,PRECINCT 36A,STATE EXECUTIVE COMMITTEE,12,REP,DIANA CRITCHFIELD,9
Harrison,PRECINCT 43,STATE EXECUTIVE COMMITTEE,12,REP,DIANA CRITCHFIELD,4
Harrison,PRECINCT 44,STATE EXECUTIVE COMMITTEE,12,REP,DIANA CRITCHFIELD,2
Harrison,PRECINCT 45,STATE EXECUTIVE COMMITTEE,12,REP,DIANA CRITCHFIELD,15
Harrison,PRECINCT 46,STATE EXECUTIVE COMMITTEE,12,REP,DIANA CRITCHFIELD,6
Harrison,PRECINCT 48,STATE EXECUTIVE COMMITTEE,12,REP,DIANA CRITCHFIELD,16
Harrison,PRECINCT 50,STATE EXECUTIVE COMMITTEE,12,REP,DIANA CRITCHFIELD,16
Harrison,PRECINCT 51,STATE EXECUTIVE COMMITTEE,12,REP,DIANA CRITCHFIELD,4
Harrison,PRECINCT 52,STATE EXECUTIVE COMMITTEE,12,REP,DIANA CRITCHFIELD,12
Harrison,PRECINCT 53,STATE EXECUTIVE COMMITTEE,12,REP,DIANA CRITCHFIELD,4
Harrison,PRECINCT 59,STATE EXECUTIVE COMMITTEE,12,REP,DIANA CRITCHFIELD,11
Harrison,PRECINCT 61,STATE EXECUTIVE COMMITTEE,12,REP,DIANA CRITCHFIELD,20
Harrison,PRECINCT 63,STATE EXECUTIVE COMMITTEE,12,REP,DIANA CRITCHFIELD,28
Harrison,PRECINCT 66,STATE EXECUTIVE COMMITTEE,12,REP,DIANA CRITCHFIELD,11
Harrison,PRECINCT 66A,STATE EXECUTIVE COMMITTEE,12,REP,DIANA CRITCHFIELD,0
Harrison,PRECINCT 66B,STATE EXECUTIVE COMMITTEE,12,REP,DIANA CRITCHFIELD,1
Harrison,PRECINCT 68,STATE EXECUTIVE COMMITTEE,12,REP,DIANA CRITCHFIELD,17
Harrison,PRECINCT 74,STATE EXECUTIVE COMMITTEE,12,REP,DIANA CRITCHFIELD,26
Harrison,PRECINCT 80,STATE EXECUTIVE COMMITTEE,12,REP,DIANA CRITCHFIELD,44
Harrison,PRECINCT 87,STATE EXECUTIVE COMMITTEE,12,REP,DIANA CRITCHFIELD,5
Harrison,PRECINCT 92,STATE EXECUTIVE COMMITTEE,12,REP,DIANA CRITCHFIELD,14
Harrison,PRECINCT 95,STATE EXECUTIVE COMMITTEE,12,REP,DIANA CRITCHFIELD,7
Harrison,PRECINCT 96,STATE EXECUTIVE COMMITTEE,12,REP,DIANA CRITCHFIELD,7
Harrison,PRECINCT 98,STATE EXECUTIVE COMMITTEE,12,REP,DIANA CRITCHFIELD,8
Harrison,PRECINCT 102,STATE EXECUTIVE COMMITTEE,12,REP,DIANA CRITCHFIELD,35
Harrison,PRECINCT 103,STATE EXECUTIVE COMMITTEE,12,REP,DIANA CRITCHFIELD,9
Harrison,PRECINCT 104,STATE EXECUTIVE COMMITTEE,12,REP,DIANA CRITCHFIELD,15
Harrison,PRECINCT 106,STATE EXECUTIVE COMMITTEE,12,REP,DIANA CRITCHFIELD,10
Harrison,PRECINCT 107,STATE EXECUTIVE COMMITTEE,12,REP,DIANA CRITCHFIELD,4
Harrison,PRECINCT 108,STATE EXECUTIVE COMMITTEE,12,REP,DIANA CRITCHFIELD,13
Harrison,PRECINCT 110,STATE EXECUTIVE COMMITTEE,12,REP,DIANA CRITCHFIELD,10
Harrison,PRECINCT 114,STATE EXECUTIVE COMMITTEE,12,REP,DIANA CRITCHFIELD,15
Harrison,PRECINCT 114A,STATE EXECUTIVE COMMITTEE,12,REP,DIANA CRITCHFIELD,5
Harrison,PRECINCT 118,STATE EXECUTIVE COMMITTEE,12,REP,DIANA CRITCHFIELD,7
Harrison,PRECINCT 120,STATE EXECUTIVE COMMITTEE,12,REP,DIANA CRITCHFIELD,23
Harrison,PRECINCT 121,STATE EXECUTIVE COMMITTEE,12,REP,DIANA CRITCHFIELD,4
Harrison,PRECINCT 122,STATE EXECUTIVE COMMITTEE,12,REP,DIANA CRITCHFIELD,3
Harrison,PRECINCT 123,STATE EXECUTIVE COMMITTEE,12,REP,DIANA CRITCHFIELD,69
Harrison,PRECINCT 125,STATE EXECUTIVE COMMITTEE,12,REP,DIANA CRITCHFIELD,16
Harrison,PRECINCT 126,STATE EXECUTIVE COMMITTEE,12,REP,DIANA CRITCHFIELD,23
Harrison,PRECINCT 128,STATE EXECUTIVE COMMITTEE,12,REP,DIANA CRITCHFIELD,18
Harrison,PRECINCT 129,STATE EXECUTIVE COMMITTEE,12,REP,DIANA CRITCHFIELD,49
Harrison,PRECINCT 129B,STATE EXECUTIVE COMMITTEE,12,REP,DIANA CRITCHFIELD,31
Harrison,PRECINCT 129C,STATE EXECUTIVE COMMITTEE,12,REP,DIANA CRITCHFIELD,9
Harrison,PRECINCT 130,STATE EXECUTIVE COMMITTEE,12,REP,DIANA CRITCHFIELD,15
Harrison,PRECINCT 132,STATE EXECUTIVE COMMITTEE,12,REP,DIANA CRITCHFIELD,6
Harrison,PRECINCT 133,STATE EXECUTIVE COMMITTEE,12,REP,DIANA CRITCHFIELD,30
Harrison,PRECINCT 134,STATE EXECUTIVE COMMITTEE,12,REP,DIANA CRITCHFIELD,14
Harrison,PRECINCT 135,STATE EXECUTIVE COMMITTEE,12,REP,DIANA CRITCHFIELD,16
Harrison,PRECINCT 136,STATE EXECUTIVE COMMITTEE,12,REP,DIANA CRITCHFIELD,7
Harrison,PRECINCT 137,STATE EXECUTIVE COMMITTEE,12,REP,DIANA CRITCHFIELD,5
Harrison,PRECINCT 143,STATE EXECUTIVE COMMITTEE,12,REP,DIANA CRITCHFIELD,28
Harrison,PRECINCT 144,STATE EXECUTIVE COMMITTEE,12,REP,DIANA CRITCHFIELD,11
Harrison,PRECINCT 144A,STATE EXECUTIVE COMMITTEE,12,REP,DIANA CRITCHFIELD,14
Harrison,PRECINCT 145,STATE EXECUTIVE COMMITTEE,12,REP,DIANA CRITCHFIELD,10
Harrison,PRECINCT 1,STATE EXECUTIVE COMMITTEE,12,REP,VIRGINIA ROCKWELL,11
Harrison,PRECINCT 1A,STATE EXECUTIVE COMMITTEE,12,REP,VIRGINIA ROCKWELL,1
Harrison,PRECINCT 2,STATE EXECUTIVE COMMITTEE,12,REP,VIRGINIA ROCKWELL,1
Harrison,PRECINCT 4,STATE EXECUTIVE COMMITTEE,12,REP,VIRGINIA ROCKWELL,10
Harrison,PRECINCT 6,STATE EXECUTIVE COMMITTEE,12,REP,VIRGINIA ROCKWELL,12
Harrison,PRECINCT 9,STATE EXECUTIVE COMMITTEE,12,REP,VIRGINIA ROCKWELL,1
Harrison,PRECINCT 10,STATE EXECUTIVE COMMITTEE,12,REP,VIRGINIA ROCKWELL,8
Harrison,PRECINCT 14,STATE EXECUTIVE COMMITTEE,12,REP,VIRGINIA ROCKWELL,7
Harrison,PRECINCT 28,STATE EXECUTIVE COMMITTEE,12,REP,VIRGINIA ROCKWELL,1
Harrison,PRECINCT 33,STATE EXECUTIVE COMMITTEE,12,REP,VIRGINIA ROCKWELL,9
Harrison,PRECINCT 36A,STATE EXECUTIVE COMMITTEE,12,REP,VIRGINIA ROCKWELL,5
Harrison,PRECINCT 43,STATE EXECUTIVE COMMITTEE,12,REP,VIRGINIA ROCKWELL,11
Harrison,PRECINCT 44,STATE EXECUTIVE COMMITTEE,12,REP,VIRGINIA ROCKWELL,7
Harrison,PRECINCT 45,STATE EXECUTIVE COMMITTEE,12,REP,VIRGINIA ROCKWELL,13
Harrison,PRECINCT 46,STATE EXECUTIVE COMMITTEE,12,REP,VIRGINIA ROCKWELL,18
Harrison,PRECINCT 48,STATE EXECUTIVE COMMITTEE,12,REP,VIRGINIA ROCKWELL,18
Harrison,PRECINCT 50,STATE EXECUTIVE COMMITTEE,12,REP,VIRGINIA ROCKWELL,18
Harrison,PRECINCT 51,STATE EXECUTIVE COMMITTEE,12,REP,VIRGINIA ROCKWELL,10
Harrison,PRECINCT 52,STATE EXECUTIVE COMMITTEE,12,REP,VIRGINIA ROCKWELL,21
Harrison,PRECINCT 53,STATE EXECUTIVE COMMITTEE,12,REP,VIRGINIA ROCKWELL,13
Harrison,PRECINCT 59,STATE EXECUTIVE COMMITTEE,12,REP,VIRGINIA ROCKWELL,4
Harrison,PRECINCT 61,STATE EXECUTIVE COMMITTEE,12,REP,VIRGINIA ROCKWELL,14
Harrison,PRECINCT 63,STATE EXECUTIVE COMMITTEE,12,REP,VIRGINIA ROCKWELL,9
Harrison,PRECINCT 66,STATE EXECUTIVE COMMITTEE,12,REP,VIRGINIA ROCKWELL,1
Harrison,PRECINCT 66A,STATE EXECUTIVE COMMITTEE,12,REP,VIRGINIA ROCKWELL,0
Harrison,PRECINCT 66B,STATE EXECUTIVE COMMITTEE,12,REP,VIRGINIA ROCKWELL,1
Harrison,PRECINCT 68,STATE EXECUTIVE COMMITTEE,12,REP,VIRGINIA ROCKWELL,5
Harrison,PRECINCT 74,STATE EXECUTIVE COMMITTEE,12,REP,VIRGINIA ROCKWELL,15
Harrison,PRECINCT 80,STATE EXECUTIVE COMMITTEE,12,REP,VIRGINIA ROCKWELL,5
Harrison,PRECINCT 87,STATE EXECUTIVE COMMITTEE,12,REP,VIRGINIA ROCKWELL,1
Harrison,PRECINCT 92,STATE EXECUTIVE COMMITTEE,12,REP,VIRGINIA ROCKWELL,11
Harrison,PRECINCT 95,STATE EXECUTIVE COMMITTEE,12,REP,VIRGINIA ROCKWELL,9
Harrison,PRECINCT 96,STATE EXECUTIVE COMMITTEE,12,REP,VIRGINIA ROCKWELL,14
Harrison,PRECINCT 98,STATE EXECUTIVE COMMITTEE,12,REP,VIRGINIA ROCKWELL,9
Harrison,PRECINCT 102,STATE EXECUTIVE COMMITTEE,12,REP,VIRGINIA ROCKWELL,20
Harrison,PRECINCT 103,STATE EXECUTIVE COMMITTEE,12,REP,VIRGINIA ROCKWELL,1
Harrison,PRECINCT 104,STATE EXECUTIVE COMMITTEE,12,REP,VIRGINIA ROCKWELL,4
Harrison,PRECINCT 106,STATE EXECUTIVE COMMITTEE,12,REP,VIRGINIA ROCKWELL,6
Harrison,PRECINCT 107,STATE EXECUTIVE COMMITTEE,12,REP,VIRGINIA ROCKWELL,1
Harrison,PRECINCT 108,STATE EXECUTIVE COMMITTEE,12,REP,VIRGINIA ROCKWELL,9
Harrison,PRECINCT 110,STATE EXECUTIVE COMMITTEE,12,REP,VIRGINIA ROCKWELL,6
Harrison,PRECINCT 114,STATE EXECUTIVE COMMITTEE,12,REP,VIRGINIA ROCKWELL,8
Harrison,PRECINCT 114A,STATE EXECUTIVE COMMITTEE,12,REP,VIRGINIA ROCKWELL,2
Harrison,PRECINCT 118,STATE EXECUTIVE COMMITTEE,12,REP,VIRGINIA ROCKWELL,12
Harrison,PRECINCT 120,STATE EXECUTIVE COMMITTEE,12,REP,VIRGINIA ROCKWELL,5
Harrison,PRECINCT 121,STATE EXECUTIVE COMMITTEE,12,REP,VIRGINIA ROCKWELL,0
Harrison,PRECINCT 122,STATE EXECUTIVE COMMITTEE,12,REP,VIRGINIA ROCKWELL,3
Harrison,PRECINCT 123,STATE EXECUTIVE COMMITTEE,12,REP,VIRGINIA ROCKWELL,27
Harrison,PRECINCT 125,STATE EXECUTIVE COMMITTEE,12,REP,VIRGINIA ROCKWELL,11
Harrison,PRECINCT 126,STATE EXECUTIVE COMMITTEE,12,REP,VIRGINIA ROCKWELL,12
Harrison,PRECINCT 128,STATE EXECUTIVE COMMITTEE,12,REP,VIRGINIA ROCKWELL,14
Harrison,PRECINCT 129,STATE EXECUTIVE COMMITTEE,12,REP,VIRGINIA ROCKWELL,26
Harrison,PRECINCT 129B,STATE EXECUTIVE COMMITTEE,12,REP,VIRGINIA ROCKWELL,16
Harrison,PRECINCT 129C,STATE EXECUTIVE COMMITTEE,12,REP,VIRGINIA ROCKWELL,6
Harrison,PRECINCT 130,STATE EXECUTIVE COMMITTEE,12,REP,VIRGINIA ROCKWELL,8
Harrison,PRECINCT 132,STATE EXECUTIVE COMMITTEE,12,REP,VIRGINIA ROCKWELL,3
Harrison,PRECINCT 133,STATE EXECUTIVE COMMITTEE,12,REP,VIRGINIA ROCKWELL,6
Harrison,PRECINCT 134,STATE EXECUTIVE COMMITTEE,12,REP,VIRGINIA ROCKWELL,8
Harrison,PRECINCT 135,STATE EXECUTIVE COMMITTEE,12,REP,VIRGINIA ROCKWELL,6
Harrison,PRECINCT 136,STATE EXECUTIVE COMMITTEE,12,REP,VIRGINIA ROCKWELL,4
Harrison,PRECINCT 137,STATE EXECUTIVE COMMITTEE,12,REP,VIRGINIA ROCKWELL,4
Harrison,PRECINCT 143,STATE EXECUTIVE COMMITTEE,12,REP,VIRGINIA ROCKWELL,13
Harrison,PRECINCT 144,STATE EXECUTIVE COMMITTEE,12,REP,VIRGINIA ROCKWELL,5
Harrison,PRECINCT 144A,STATE EXECUTIVE COMMITTEE,12,REP,VIRGINIA ROCKWELL,4
Harrison,PRECINCT 145,STATE EXECUTIVE COMMITTEE,12,REP,VIRGINIA ROCKWELL,10
Harrison,PRECINCT 1,STATE EXECUTIVE COMMITTEE,12,REP,LAURA KIMBLE,75
Harrison,PRECINCT 1A,STATE EXECUTIVE COMMITTEE,12,REP,LAURA KIMBLE,6
Harrison,PRECINCT 2,STATE EXECUTIVE COMMITTEE,12,REP,LAURA KIMBLE,11
Harrison,PRECINCT 4,STATE EXECUTIVE COMMITTEE,12,REP,LAURA KIMBLE,63
Harrison,PRECINCT 6,STATE EXECUTIVE COMMITTEE,12,REP,LAURA KIMBLE,52
Harrison,PRECINCT 9,STATE EXECUTIVE COMMITTEE,12,REP,LAURA KIMBLE,29
Harrison,PRECINCT 10,STATE EXECUTIVE COMMITTEE,12,REP,LAURA KIMBLE,26
Harrison,PRECINCT 14,STATE EXECUTIVE COMMITTEE,12,REP,LAURA KIMBLE,70
Harrison,PRECINCT 28,STATE EXECUTIVE COMMITTEE,12,REP,LAURA KIMBLE,46
Harrison,PRECINCT 33,STATE EXECUTIVE COMMITTEE,12,REP,LAURA KIMBLE,61
Harrison,PRECINCT 36A,STATE EXECUTIVE COMMITTEE,12,REP,LAURA KIMBLE,33
Harrison,PRECINCT 43,STATE EXECUTIVE COMMITTEE,12,REP,LAURA KIMBLE,28
Harrison,PRECINCT 44,STATE EXECUTIVE COMMITTEE,12,REP,LAURA KIMBLE,17
Harrison,PRECINCT 45,STATE EXECUTIVE COMMITTEE,12,REP,LAURA KIMBLE,51
Harrison,PRECINCT 46,STATE EXECUTIVE COMMITTEE,12,REP,LAURA KIMBLE,37
Harrison,PRECINCT 48,STATE EXECUTIVE COMMITTEE,12,REP,LAURA KIMBLE,23
Harrison,PRECINCT 50,STATE EXECUTIVE COMMITTEE,12,REP,LAURA KIMBLE,41
Harrison,PRECINCT 51,STATE EXECUTIVE COMMITTEE,12,REP,LAURA KIMBLE,14
Harrison,PRECINCT 52,STATE EXECUTIVE COMMITTEE,12,REP,LAURA KIMBLE,41
Harrison,PRECINCT 53,STATE EXECUTIVE COMMITTEE,12,REP,LAURA KIMBLE,18
Harrison,PRECINCT 59,STATE EXECUTIVE COMMITTEE,12,REP,LAURA KIMBLE,18
Harrison,PRECINCT 61,STATE EXECUTIVE COMMITTEE,12,REP,LAURA KIMBLE,35
Harrison,PRECINCT 63,STATE EXECUTIVE COMMITTEE,12,REP,LAURA KIMBLE,39
Harrison,PRECINCT 66,STATE EXECUTIVE COMMITTEE,12,REP,LAURA KIMBLE,20
Harrison,PRECINCT 66A,STATE EXECUTIVE COMMITTEE,12,REP,LAURA KIMBLE,1
Harrison,PRECINCT 66B,STATE EXECUTIVE COMMITTEE,12,REP,LAURA KIMBLE,3
Harrison,PRECINCT 68,STATE EXECUTIVE COMMITTEE,12,REP,LAURA KIMBLE,55
Harrison,PRECINCT 74,STATE EXECUTIVE COMMITTEE,12,REP,LAURA KIMBLE,58
Harrison,PRECINCT 80,STATE EXECUTIVE COMMITTEE,12,REP,LAURA KIMBLE,89
Harrison,PRECINCT 87,STATE EXECUTIVE COMMITTEE,12,REP,LAURA KIMBLE,20
Harrison,PRECINCT 92,STATE EXECUTIVE COMMITTEE,12,REP,LAURA KIMBLE,27
Harrison,PRECINCT 95,STATE EXECUTIVE COMMITTEE,12,REP,LAURA KIMBLE,31
Harrison,PRECINCT 96,STATE EXECUTIVE COMMITTEE,12,REP,LAURA KIMBLE,31
Harrison,PRECINCT 98,STATE EXECUTIVE COMMITTEE,12,REP,LAURA KIMBLE,16
Harrison,PRECINCT 102,STATE EXECUTIVE COMMITTEE,12,REP,LAURA KIMBLE,90
Harrison,PRECINCT 103,STATE EXECUTIVE COMMITTEE,12,REP,LAURA KIMBLE,22
Harrison,PRECINCT 104,STATE EXECUTIVE COMMITTEE,12,REP,LAURA KIMBLE,36
Harrison,PRECINCT 106,STATE EXECUTIVE COMMITTEE,12,REP,LAURA KIMBLE,31
Harrison,PRECINCT 107,STATE EXECUTIVE COMMITTEE,12,REP,LAURA KIMBLE,12
Harrison,PRECINCT 108,STATE EXECUTIVE COMMITTEE,12,REP,LAURA KIMBLE,43
Harrison,PRECINCT 110,STATE EXECUTIVE COMMITTEE,12,REP,LAURA KIMBLE,28
Harrison,PRECINCT 114,STATE EXECUTIVE COMMITTEE,12,REP,LAURA KIMBLE,27
Harrison,PRECINCT 114A,STATE EXECUTIVE COMMITTEE,12,REP,LAURA KIMBLE,2
Harrison,PRECINCT 118,STATE EXECUTIVE COMMITTEE,12,REP,LAURA KIMBLE,12
Harrison,PRECINCT 120,STATE EXECUTIVE COMMITTEE,12,REP,LAURA KIMBLE,60
Harrison,PRECINCT 121,STATE EXECUTIVE COMMITTEE,12,REP,LAURA KIMBLE,13
Harrison,PRECINCT 122,STATE EXECUTIVE COMMITTEE,12,REP,LAURA KIMBLE,32
Harrison,PRECINCT 123,STATE EXECUTIVE COMMITTEE,12,REP,LAURA KIMBLE,168
Harrison,PRECINCT 125,STATE EXECUTIVE COMMITTEE,12,REP,LAURA KIMBLE,91
Harrison,PRECINCT 126,STATE EXECUTIVE COMMITTEE,12,REP,LAURA KIMBLE,81
Harrison,PRECINCT 128,STATE EXECUTIVE COMMITTEE,12,REP,LAURA KIMBLE,66
Harrison,PRECINCT 129,STATE EXECUTIVE COMMITTEE,12,REP,LAURA KIMBLE,132
Harrison,PRECINCT 129B,STATE EXECUTIVE COMMITTEE,12,REP,LAURA KIMBLE,95
Harrison,PRECINCT 129C,STATE EXECUTIVE COMMITTEE,12,REP,LAURA KIMBLE,44
Harrison,PRECINCT 130,STATE EXECUTIVE COMMITTEE,12,REP,LAURA KIMBLE,14
Harrison,PRECINCT 132,STATE EXECUTIVE COMMITTEE,12,REP,LAURA KIMBLE,13
Harrison,PRECINCT 133,STATE EXECUTIVE COMMITTEE,12,REP,LAURA KIMBLE,38
Harrison,PRECINCT 134,STATE EXECUTIVE COMMITTEE,12,REP,LAURA KIMBLE,31
Harrison,PRECINCT 135,STATE EXECUTIVE COMMITTEE,12,REP,LAURA KIMBLE,8
Harrison,PRECINCT 136,STATE EXECUTIVE COMMITTEE,12,REP,LAURA KIMBLE,13
Harrison,PRECINCT 137,STATE EXECUTIVE COMMITTEE,12,REP,LAURA KIMBLE,11
Harrison,PRECINCT 143,STATE EXECUTIVE COMMITTEE,12,REP,LAURA KIMBLE,60
Harrison,PRECINCT 144,STATE EXECUTIVE COMMITTEE,12,REP,LAURA KIMBLE,20
Harrison,PRECINCT 144A,STATE EXECUTIVE COMMITTEE,12,REP,LAURA KIMBLE,19
Harrison,PRECINCT 145,STATE EXECUTIVE COMMITTEE,12,REP,LAURA KIMBLE,40
Harrison,PRECINCT 1,STATE EXECUTIVE COMMITTEE,12,DEM,KENDRA SULLIVAN,85
Harrison,PRECINCT 1A,STATE EXECUTIVE COMMITTEE,12,DEM,KENDRA SULLIVAN,6
Harrison,PRECINCT 2,STATE EXECUTIVE COMMITTEE,12,DEM,KENDRA SULLIVAN,13
Harrison,PRECINCT 4,STATE EXECUTIVE COMMITTEE,12,DEM,KENDRA SULLIVAN,106
Harrison,PRECINCT 6,STATE EXECUTIVE COMMITTEE,12,DEM,KENDRA SULLIVAN,59
Harrison,PRECINCT 9,STATE EXECUTIVE COMMITTEE,12,DEM,KENDRA SULLIVAN,33
Harrison,PRECINCT 10,STATE EXECUTIVE COMMITTEE,12,DEM,KENDRA SULLIVAN,27
Harrison,PRECINCT 14,STATE EXECUTIVE COMMITTEE,12,DEM,KENDRA SULLIVAN,154
Harrison,PRECINCT 28,STATE EXECUTIVE COMMITTEE,12,DEM,KENDRA SULLIVAN,79
Harrison,PRECINCT 33,STATE EXECUTIVE COMMITTEE,12,DEM,KENDRA SULLIVAN,114
Harrison,PRECINCT 36A,STATE EXECUTIVE COMMITTEE,12,DEM,KENDRA SULLIVAN,27
Harrison,PRECINCT 43,STATE EXECUTIVE COMMITTEE,12,DEM,KENDRA SULLIVAN,15
Harrison,PRECINCT 44,STATE EXECUTIVE COMMITTEE,12,DEM,KENDRA SULLIVAN,13
Harrison,PRECINCT 45,STATE EXECUTIVE COMMITTEE,12,DEM,KENDRA SULLIVAN,21
Harrison,PRECINCT 46,STATE EXECUTIVE COMMITTEE,12,DEM,KENDRA SULLIVAN,18
Harrison,PRECINCT 48,STATE EXECUTIVE COMMITTEE,12,DEM,KENDRA SULLIVAN,28
Harrison,PRECINCT 50,STATE EXECUTIVE COMMITTEE,12,DEM,KENDRA SULLIVAN,44
Harrison,PRECINCT 51,STATE EXECUTIVE COMMITTEE,12,DEM,KENDRA SULLIVAN,31
Harrison,PRECINCT 52,STATE EXECUTIVE COMMITTEE,12,DEM,KENDRA SULLIVAN,22
Harrison,PRECINCT 53,STATE EXECUTIVE COMMITTEE,12,DEM,KENDRA SULLIVAN,15
Harrison,PRECINCT 59,STATE EXECUTIVE COMMITTEE,12,DEM,KENDRA SULLIVAN,26
Harrison,PRECINCT 61,STATE EXECUTIVE COMMITTEE,12,DEM,KENDRA SULLIVAN,39
Harrison,PRECINCT 63,STATE EXECUTIVE COMMITTEE,12,DEM,KENDRA SULLIVAN,40
Harrison,PRECINCT 66,STATE EXECUTIVE COMMITTEE,12,DEM,KENDRA SULLIVAN,39
Harrison,PRECINCT 66A,STATE EXECUTIVE COMMITTEE,12,DEM,KENDRA SULLIVAN,7
Harrison,PRECINCT 66B,STATE EXECUTIVE COMMITTEE,12,DEM,KENDRA SULLIVAN,3
Harrison,PRECINCT 68,STATE EXECUTIVE COMMITTEE,12,DEM,KENDRA SULLIVAN,88
Harrison,PRECINCT 74,STATE EXECUTIVE COMMITTEE,12,DEM,KENDRA SULLIVAN,72
Harrison,PRECINCT 80,STATE EXECUTIVE COMMITTEE,12,DEM,KENDRA SULLIVAN,102
Harrison,PRECINCT 87,STATE EXECUTIVE COMMITTEE,12,DEM,KENDRA SULLIVAN,22
Harrison,PRECINCT 92,STATE EXECUTIVE COMMITTEE,12,DEM,KENDRA SULLIVAN,16
Harrison,PRECINCT 95,STATE EXECUTIVE COMMITTEE,12,DEM,KENDRA SULLIVAN,19
Harrison,PRECINCT 96,STATE EXECUTIVE COMMITTEE,12,DEM,KENDRA SULLIVAN,39
Harrison,PRECINCT 98,STATE EXECUTIVE COMMITTEE,12,DEM,KENDRA SULLIVAN,14
Harrison,PRECINCT 102,STATE EXECUTIVE COMMITTEE,12,DEM,KENDRA SULLIVAN,86
Harrison,PRECINCT 103,STATE EXECUTIVE COMMITTEE,12,DEM,KENDRA SULLIVAN,14
Harrison,PRECINCT 104,STATE EXECUTIVE COMMITTEE,12,DEM,KENDRA SULLIVAN,16
Harrison,PRECINCT 106,STATE EXECUTIVE COMMITTEE,12,DEM,KENDRA SULLIVAN,19
Harrison,PRECINCT 107,STATE EXECUTIVE COMMITTEE,12,DEM,KENDRA SULLIVAN,13
Harrison,PRECINCT 108,STATE EXECUTIVE COMMITTEE,12,DEM,KENDRA SULLIVAN,27
Harrison,PRECINCT 110,STATE EXECUTIVE COMMITTEE,12,DEM,KENDRA SULLIVAN,21
Harrison,PRECINCT 114,STATE EXECUTIVE COMMITTEE,12,DEM,KENDRA SULLIVAN,16
Harrison,PRECINCT 114A,STATE EXECUTIVE COMMITTEE,12,DEM,KENDRA SULLIVAN,3
Harrison,PRECINCT 118,STATE EXECUTIVE COMMITTEE,12,DEM,KENDRA SULLIVAN,10
Harrison,PRECINCT 120,STATE EXECUTIVE COMMITTEE,12,DEM,KENDRA SULLIVAN,30
Harrison,PRECINCT 121,STATE EXECUTIVE COMMITTEE,12,DEM,KENDRA SULLIVAN,17
Harrison,PRECINCT 122,STATE EXECUTIVE COMMITTEE,12,DEM,KENDRA SULLIVAN,19
Harrison,PRECINCT 123,STATE EXECUTIVE COMMITTEE,12,DEM,KENDRA SULLIVAN,148
Harrison,PRECINCT 125,STATE EXECUTIVE COMMITTEE,12,DEM,KENDRA SULLIVAN,81
Harrison,PRECINCT 126,STATE EXECUTIVE COMMITTEE,12,DEM,KENDRA SULLIVAN,64
Harrison,PRECINCT 128,STATE EXECUTIVE COMMITTEE,12,DEM,KENDRA SULLIVAN,62
Harrison,PRECINCT 129,STATE EXECUTIVE COMMITTEE,12,DEM,KENDRA SULLIVAN,126
Harrison,PRECINCT 129B,STATE EXECUTIVE COMMITTEE,12,DEM,KENDRA SULLIVAN,127
Harrison,PRECINCT 129C,STATE EXECUTIVE COMMITTEE,12,DEM,KENDRA SULLIVAN,37
Harrison,PRECINCT 130,STATE EXECUTIVE COMMITTEE,12,DEM,KENDRA SULLIVAN,11
Harrison,PRECINCT 132,STATE EXECUTIVE COMMITTEE,12,DEM,KENDRA SULLIVAN,13
Harrison,PRECINCT 133,STATE EXECUTIVE COMMITTEE,12,DEM,KENDRA SULLIVAN,43
Harrison,PRECINCT 134,STATE EXECUTIVE COMMITTEE,12,DEM,KENDRA SULLIVAN,18
Harrison,PRECINCT 135,STATE EXECUTIVE COMMITTEE,12,DEM,KENDRA SULLIVAN,6
Harrison,PRECINCT 136,STATE EXECUTIVE COMMITTEE,12,DEM,KENDRA SULLIVAN,6
Harrison,PRECINCT 137,STATE EXECUTIVE COMMITTEE,12,DEM,KENDRA SULLIVAN,5
Harrison,PRECINCT 143,STATE EXECUTIVE COMMITTEE,12,DEM,KENDRA SULLIVAN,57
Harrison,PRECINCT 144,STATE EXECUTIVE COMMITTEE,12,DEM,KENDRA SULLIVAN,18
Harrison,PRECINCT 144A,STATE EXECUTIVE COMMITTEE,12,DEM,KENDRA SULLIVAN,17
Harrison,PRECINCT 145,STATE EXECUTIVE COMMITTEE,12,DEM,KENDRA SULLIVAN,25
Harrison,PRECINCT 1,STATE EXECUTIVE COMMITTEE,12,DEM,SHANNON WELSH,96
Harrison,PRECINCT 1A,STATE EXECUTIVE COMMITTEE,12,DEM,SHANNON WELSH,5
Harrison,PRECINCT 2,STATE EXECUTIVE COMMITTEE,12,DEM,SHANNON WELSH,11
Harrison,PRECINCT 4,STATE EXECUTIVE COMMITTEE,12,DEM,SHANNON WELSH,110
Harrison,PRECINCT 6,STATE EXECUTIVE COMMITTEE,12,DEM,SHANNON WELSH,88
Harrison,PRECINCT 9,STATE EXECUTIVE COMMITTEE,12,DEM,SHANNON WELSH,47
Harrison,PRECINCT 10,STATE EXECUTIVE COMMITTEE,12,DEM,SHANNON WELSH,27
Harrison,PRECINCT 14,STATE EXECUTIVE COMMITTEE,12,DEM,SHANNON WELSH,217
Harrison,PRECINCT 28,STATE EXECUTIVE COMMITTEE,12,DEM,SHANNON WELSH,107
Harrison,PRECINCT 33,STATE EXECUTIVE COMMITTEE,12,DEM,SHANNON WELSH,138
Harrison,PRECINCT 36A,STATE EXECUTIVE COMMITTEE,12,DEM,SHANNON WELSH,37
Harrison,PRECINCT 43,STATE EXECUTIVE COMMITTEE,12,DEM,SHANNON WELSH,7
Harrison,PRECINCT 44,STATE EXECUTIVE COMMITTEE,12,DEM,SHANNON WELSH,19
Harrison,PRECINCT 45,STATE EXECUTIVE COMMITTEE,12,DEM,SHANNON WELSH,20
Harrison,PRECINCT 46,STATE EXECUTIVE COMMITTEE,12,DEM,SHANNON WELSH,24
Harrison,PRECINCT 48,STATE EXECUTIVE COMMITTEE,12,DEM,SHANNON WELSH,38
Harrison,PRECINCT 50,STATE EXECUTIVE COMMITTEE,12,DEM,SHANNON WELSH,54
Harrison,PRECINCT 51,STATE EXECUTIVE COMMITTEE,12,DEM,SHANNON WELSH,29
Harrison,PRECINCT 52,STATE EXECUTIVE COMMITTEE,12,DEM,SHANNON WELSH,25
Harrison,PRECINCT 53,STATE EXECUTIVE COMMITTEE,12,DEM,SHANNON WELSH,21
Harrison,PRECINCT 59,STATE EXECUTIVE COMMITTEE,12,DEM,SHANNON WELSH,29
Harrison,PRECINCT 61,STATE EXECUTIVE COMMITTEE,12,DEM,SHANNON WELSH,51
Harrison,PRECINCT 63,STATE EXECUTIVE COMMITTEE,12,DEM,SHANNON WELSH,44
Harrison,PRECINCT 66,STATE EXECUTIVE COMMITTEE,12,DEM,SHANNON WELSH,40
Harrison,PRECINCT 66A,STATE EXECUTIVE COMMITTEE,12,DEM,SHANNON WELSH,7
Harrison,PRECINCT 66B,STATE EXECUTIVE COMMITTEE,12,DEM,SHANNON WELSH,4
Harrison,PRECINCT 68,STATE EXECUTIVE COMMITTEE,12,DEM,SHANNON WELSH,124
Harrison,PRECINCT 74,STATE EXECUTIVE COMMITTEE,12,DEM,SHANNON WELSH,126
Harrison,PRECINCT 80,STATE EXECUTIVE COMMITTEE,12,DEM,SHANNON WELSH,172
Harrison,PRECINCT 87,STATE EXECUTIVE COMMITTEE,12,DEM,SHANNON WELSH,23
Harrison,PRECINCT 92,STATE EXECUTIVE COMMITTEE,12,DEM,SHANNON WELSH,22
Harrison,PRECINCT 95,STATE EXECUTIVE COMMITTEE,12,DEM,SHANNON WELSH,20
Harrison,PRECINCT 96,STATE EXECUTIVE COMMITTEE,12,DEM,SHANNON WELSH,33
Harrison,PRECINCT 98,STATE EXECUTIVE COMMITTEE,12,DEM,SHANNON WELSH,19
Harrison,PRECINCT 102,STATE EXECUTIVE COMMITTEE,12,DEM,SHANNON WELSH,84
Harrison,PRECINCT 103,STATE EXECUTIVE COMMITTEE,12,DEM,SHANNON WELSH,18
Harrison,PRECINCT 104,STATE EXECUTIVE COMMITTEE,12,DEM,SHANNON WELSH,20
Harrison,PRECINCT 106,STATE EXECUTIVE COMMITTEE,12,DEM,SHANNON WELSH,26
Harrison,PRECINCT 107,STATE EXECUTIVE COMMITTEE,12,DEM,SHANNON WELSH,14
Harrison,PRECINCT 108,STATE EXECUTIVE COMMITTEE,12,DEM,SHANNON WELSH,30
Harrison,PRECINCT 110,STATE EXECUTIVE COMMITTEE,12,DEM,SHANNON WELSH,37
Harrison,PRECINCT 114,STATE EXECUTIVE COMMITTEE,12,DEM,SHANNON WELSH,25
Harrison,PRECINCT 114A,STATE EXECUTIVE COMMITTEE,12,DEM,SHANNON WELSH,5
Harrison,PRECINCT 118,STATE EXECUTIVE COMMITTEE,12,DEM,SHANNON WELSH,20
Harrison,PRECINCT 120,STATE EXECUTIVE COMMITTEE,12,DEM,SHANNON WELSH,26
Harrison,PRECINCT 121,STATE EXECUTIVE COMMITTEE,12,DEM,SHANNON WELSH,22
Harrison,PRECINCT 122,STATE EXECUTIVE COMMITTEE,12,DEM,SHANNON WELSH,19
Harrison,PRECINCT 123,STATE EXECUTIVE COMMITTEE,12,DEM,SHANNON WELSH,154
Harrison,PRECINCT 125,STATE EXECUTIVE COMMITTEE,12,DEM,SHANNON WELSH,78
Harrison,PRECINCT 126,STATE EXECUTIVE COMMITTEE,12,DEM,SHANNON WELSH,77
Harrison,PRECINCT 128,STATE EXECUTIVE COMMITTEE,12,DEM,SHANNON WELSH,56
Harrison,PRECINCT 129,STATE EXECUTIVE COMMITTEE,12,DEM,SHANNON WELSH,136
Harrison,PRECINCT 129B,STATE EXECUTIVE COMMITTEE,12,DEM,SHANNON WELSH,141
Harrison,PRECINCT 129C,STATE EXECUTIVE COMMITTEE,12,DEM,SHANNON WELSH,35
Harrison,PRECINCT 130,STATE EXECUTIVE COMMITTEE,12,DEM,SHANNON WELSH,9
Harrison,PRECINCT 132,STATE EXECUTIVE COMMITTEE,12,DEM,SHANNON WELSH,15
Harrison,PRECINCT 133,STATE EXECUTIVE COMMITTEE,12,DEM,SHANNON WELSH,62
Harrison,PRECINCT 134,STATE EXECUTIVE COMMITTEE,12,DEM,SHANNON WELSH,26
Harrison,PRECINCT 135,STATE EXECUTIVE COMMITTEE,12,DEM,SHANNON WELSH,6
Harrison,PRECINCT 136,STATE EXECUTIVE COMMITTEE,12,DEM,SHANNON WELSH,9
Harrison,PRECINCT 137,STATE EXECUTIVE COMMITTEE,12,DEM,SHANNON WELSH,6
Harrison,PRECINCT 143,STATE EXECUTIVE COMMITTEE,12,DEM,SHANNON WELSH,55
Harrison,PRECINCT 144,STATE EXECUTIVE COMMITTEE,12,DEM,SHANNON WELSH,28
Harrison,PRECINCT 144A,STATE EXECUTIVE COMMITTEE,12,DEM,SHANNON WELSH,17
Harrison,PRECINCT 145,STATE EXECUTIVE COMMITTEE,12,DEM,SHANNON WELSH,21
Harrison,PRECINCT 1,STATE EXECUTIVE COMMITTEE,12,REP,DANNY HAMRICK,90
Harrison,PRECINCT 1A,STATE EXECUTIVE COMMITTEE,12,REP,DANNY HAMRICK,6
Harrison,PRECINCT 2,STATE EXECUTIVE COMMITTEE,12,REP,DANNY HAMRICK,10
Harrison,PRECINCT 4,STATE EXECUTIVE COMMITTEE,12,REP,DANNY HAMRICK,63
Harrison,PRECINCT 6,STATE EXECUTIVE COMMITTEE,12,REP,DANNY HAMRICK,43
Harrison,PRECINCT 9,STATE EXECUTIVE COMMITTEE,12,REP,DANNY HAMRICK,22
Harrison,PRECINCT 10,STATE EXECUTIVE COMMITTEE,12,REP,DANNY HAMRICK,27
Harrison,PRECINCT 14,STATE EXECUTIVE COMMITTEE,12,REP,DANNY HAMRICK,79
Harrison,PRECINCT 28,STATE EXECUTIVE COMMITTEE,12,REP,DANNY HAMRICK,39
Harrison,PRECINCT 33,STATE EXECUTIVE COMMITTEE,12,REP,DANNY HAMRICK,77
Harrison,PRECINCT 36A,STATE EXECUTIVE COMMITTEE,12,REP,DANNY HAMRICK,25
Harrison,PRECINCT 43,STATE EXECUTIVE COMMITTEE,12,REP,DANNY HAMRICK,24
Harrison,PRECINCT 44,STATE EXECUTIVE COMMITTEE,12,REP,DANNY HAMRICK,15
Harrison,PRECINCT 45,STATE EXECUTIVE COMMITTEE,12,REP,DANNY HAMRICK,27
Harrison,PRECINCT 46,STATE EXECUTIVE COMMITTEE,12,REP,DANNY HAMRICK,21
Harrison,PRECINCT 48,STATE EXECUTIVE COMMITTEE,12,REP,DANNY HAMRICK,19
Harrison,PRECINCT 50,STATE EXECUTIVE COMMITTEE,12,REP,DANNY HAMRICK,27
Harrison,PRECINCT 51,STATE EXECUTIVE COMMITTEE,12,REP,DANNY HAMRICK,15
Harrison,PRECINCT 52,STATE EXECUTIVE COMMITTEE,12,REP,DANNY HAMRICK,25
Harrison,PRECINCT 53,STATE EXECUTIVE COMMITTEE,12,REP,DANNY HAMRICK,10
Harrison,PRECINCT 59,STATE EXECUTIVE COMMITTEE,12,REP,DANNY HAMRICK,23
Harrison,PRECINCT 61,STATE EXECUTIVE COMMITTEE,12,REP,DANNY HAMRICK,41
Harrison,PRECINCT 63,STATE EXECUTIVE COMMITTEE,12,REP,DANNY HAMRICK,38
Harrison,PRECINCT 66,STATE EXECUTIVE COMMITTEE,12,REP,DANNY HAMRICK,21
Harrison,PRECINCT 66A,STATE EXECUTIVE COMMITTEE,12,REP,DANNY HAMRICK,2
Harrison,PRECINCT 66B,STATE EXECUTIVE COMMITTEE,12,REP,DANNY HAMRICK,2
Harrison,PRECINCT 68,STATE EXECUTIVE COMMITTEE,12,REP,DANNY HAMRICK,46
Harrison,PRECINCT 74,STATE EXECUTIVE COMMITTEE,12,REP,DANNY HAMRICK,58
Harrison,PRECINCT 80,STATE EXECUTIVE COMMITTEE,12,REP,DANNY HAMRICK,88
Harrison,PRECINCT 87,STATE EXECUTIVE COMMITTEE,12,REP,DANNY HAMRICK,25
Harrison,PRECINCT 92,STATE EXECUTIVE COMMITTEE,12,REP,DANNY HAMRICK,28
Harrison,PRECINCT 95,STATE EXECUTIVE COMMITTEE,12,REP,DANNY HAMRICK,22
Harrison,PRECINCT 96,STATE EXECUTIVE COMMITTEE,12,REP,DANNY HAMRICK,24
Harrison,PRECINCT 98,STATE EXECUTIVE COMMITTEE,12,REP,DANNY HAMRICK,18
Harrison,PRECINCT 102,STATE EXECUTIVE COMMITTEE,12,REP,DANNY HAMRICK,89
Harrison,PRECINCT 103,STATE EXECUTIVE COMMITTEE,12,REP,DANNY HAMRICK,27
Harrison,PRECINCT 104,STATE EXECUTIVE COMMITTEE,12,REP,DANNY HAMRICK,30
Harrison,PRECINCT 106,STATE EXECUTIVE COMMITTEE,12,REP,DANNY HAMRICK,29
Harrison,PRECINCT 107,STATE EXECUTIVE COMMITTEE,12,REP,DANNY HAMRICK,11
Harrison,PRECINCT 108,STATE EXECUTIVE COMMITTEE,12,REP,DANNY HAMRICK,36
Harrison,PRECINCT 110,STATE EXECUTIVE COMMITTEE,12,REP,DANNY HAMRICK,30
Harrison,PRECINCT 114,STATE EXECUTIVE COMMITTEE,12,REP,DANNY HAMRICK,26
Harrison,PRECINCT 114A,STATE EXECUTIVE COMMITTEE,12,REP,DANNY HAMRICK,5
Harrison,PRECINCT 118,STATE EXECUTIVE COMMITTEE,12,REP,DANNY HAMRICK,26
Harrison,PRECINCT 120,STATE EXECUTIVE COMMITTEE,12,REP,DANNY HAMRICK,50
Harrison,PRECINCT 121,STATE EXECUTIVE COMMITTEE,12,REP,DANNY HAMRICK,12
Harrison,PRECINCT 122,STATE EXECUTIVE COMMITTEE,12,REP,DANNY HAMRICK,18
Harrison,PRECINCT 123,STATE EXECUTIVE COMMITTEE,12,REP,DANNY HAMRICK,105
Harrison,PRECINCT 125,STATE EXECUTIVE COMMITTEE,12,REP,DANNY HAMRICK,51
Harrison,PRECINCT 126,STATE EXECUTIVE COMMITTEE,12,REP,DANNY HAMRICK,47
Harrison,PRECINCT 128,STATE EXECUTIVE COMMITTEE,12,REP,DANNY HAMRICK,43
Harrison,PRECINCT 129,STATE EXECUTIVE COMMITTEE,12,REP,DANNY HAMRICK,71
Harrison,PRECINCT 129B,STATE EXECUTIVE COMMITTEE,12,REP,DANNY HAMRICK,63
Harrison,PRECINCT 129C,STATE EXECUTIVE COMMITTEE,12,REP,DANNY HAMRICK,17
Harrison,PRECINCT 130,STATE EXECUTIVE COMMITTEE,12,REP,DANNY HAMRICK,32
Harrison,PRECINCT 132,STATE EXECUTIVE COMMITTEE,12,REP,DANNY HAMRICK,17
Harrison,PRECINCT 133,STATE EXECUTIVE COMMITTEE,12,REP,DANNY HAMRICK,48
Harrison,PRECINCT 134,STATE EXECUTIVE COMMITTEE,12,REP,DANNY HAMRICK,36
Harrison,PRECINCT 135,STATE EXECUTIVE COMMITTEE,12,REP,DANNY HAMRICK,20
Harrison,PRECINCT 136,STATE EXECUTIVE COMMITTEE,12,REP,DANNY HAMRICK,10
Harrison,PRECINCT 137,STATE EXECUTIVE COMMITTEE,12,REP,DANNY HAMRICK,7
Harrison,PRECINCT 143,STATE EXECUTIVE COMMITTEE,12,REP,DANNY HAMRICK,76
Harrison,PRECINCT 144,STATE EXECUTIVE COMMITTEE,12,REP,DANNY HAMRICK,26
Harrison,PRECINCT 144A,STATE EXECUTIVE COMMITTEE,12,REP,DANNY HAMRICK,20
Harrison,PRECINCT 145,STATE EXECUTIVE COMMITTEE,12,REP,DANNY HAMRICK,28
Harrison,PRECINCT 1,STATE EXECUTIVE COMMITTEE,12,REP,PATRICK S. MARTIN,31
Harrison,PRECINCT 1A,STATE EXECUTIVE COMMITTEE,12,REP,PATRICK S. MARTIN,3
Harrison,PRECINCT 2,STATE EXECUTIVE COMMITTEE,12,REP,PATRICK S. MARTIN,0
Harrison,PRECINCT 4,STATE EXECUTIVE COMMITTEE,12,REP,PATRICK S. MARTIN,12
Harrison,PRECINCT 6,STATE EXECUTIVE COMMITTEE,12,REP,PATRICK S. MARTIN,13
Harrison,PRECINCT 9,STATE EXECUTIVE COMMITTEE,12,REP,PATRICK S. MARTIN,5
Harrison,PRECINCT 10,STATE EXECUTIVE COMMITTEE,12,REP,PATRICK S. MARTIN,7
Harrison,PRECINCT 14,STATE EXECUTIVE COMMITTEE,12,REP,PATRICK S. MARTIN,19
Harrison,PRECINCT 28,STATE EXECUTIVE COMMITTEE,12,REP,PATRICK S. MARTIN,9
Harrison,PRECINCT 33,STATE EXECUTIVE COMMITTEE,12,REP,PATRICK S. MARTIN,20
Harrison,PRECINCT 36A,STATE EXECUTIVE COMMITTEE,12,REP,PATRICK S. MARTIN,7
Harrison,PRECINCT 43,STATE EXECUTIVE COMMITTEE,12,REP,PATRICK S. MARTIN,6
Harrison,PRECINCT 44,STATE EXECUTIVE COMMITTEE,12,REP,PATRICK S. MARTIN,3
Harrison,PRECINCT 45,STATE EXECUTIVE COMMITTEE,12,REP,PATRICK S. MARTIN,8
Harrison,PRECINCT 46,STATE EXECUTIVE COMMITTEE,12,REP,PATRICK S. MARTIN,4
Harrison,PRECINCT 48,STATE EXECUTIVE COMMITTEE,12,REP,PATRICK S. MARTIN,18
Harrison,PRECINCT 50,STATE EXECUTIVE COMMITTEE,12,REP,PATRICK S. MARTIN,6
Harrison,PRECINCT 51,STATE EXECUTIVE COMMITTEE,12,REP,PATRICK S. MARTIN,5
Harrison,PRECINCT 52,STATE EXECUTIVE COMMITTEE,12,REP,PATRICK S. MARTIN,4
Harrison,PRECINCT 53,STATE EXECUTIVE COMMITTEE,12,REP,PATRICK S. MARTIN,2
Harrison,PRECINCT 59,STATE EXECUTIVE COMMITTEE,12,REP,PATRICK S. MARTIN,3
Harrison,PRECINCT 61,STATE EXECUTIVE COMMITTEE,12,REP,PATRICK S. MARTIN,9
Harrison,PRECINCT 63,STATE EXECUTIVE COMMITTEE,12,REP,PATRICK S. MARTIN,14
Harrison,PRECINCT 66,STATE EXECUTIVE COMMITTEE,12,REP,PATRICK S. MARTIN,1
Harrison,PRECINCT 66A,STATE EXECUTIVE COMMITTEE,12,REP,PATRICK S. MARTIN,0
Harrison,PRECINCT 66B,STATE EXECUTIVE COMMITTEE,12,REP,PATRICK S. MARTIN,0
Harrison,PRECINCT 68,STATE EXECUTIVE COMMITTEE,12,REP,PATRICK S. MARTIN,7
Harrison,PRECINCT 74,STATE EXECUTIVE COMMITTEE,12,REP,PATRICK S. MARTIN,24
Harrison,PRECINCT 80,STATE EXECUTIVE COMMITTEE,12,REP,PATRICK S. MARTIN,15
Harrison,PRECINCT 87,STATE EXECUTIVE COMMITTEE,12,REP,PATRICK S. MARTIN,2
Harrison,PRECINCT 92,STATE EXECUTIVE COMMITTEE,12,REP,PATRICK S. MARTIN,3
Harrison,PRECINCT 95,STATE EXECUTIVE COMMITTEE,12,REP,PATRICK S. MARTIN,5
Harrison,PRECINCT 96,STATE EXECUTIVE COMMITTEE,12,REP,PATRICK S. MARTIN,6
Harrison,PRECINCT 98,STATE EXECUTIVE COMMITTEE,12,REP,PATRICK S. MARTIN,4
Harrison,PRECINCT 102,STATE EXECUTIVE COMMITTEE,12,REP,PATRICK S. MARTIN,35
Harrison,PRECINCT 103,STATE EXECUTIVE COMMITTEE,12,REP,PATRICK S. MARTIN,9
Harrison,PRECINCT 104,STATE EXECUTIVE COMMITTEE,12,REP,PATRICK S. MARTIN,19
Harrison,PRECINCT 106,STATE EXECUTIVE COMMITTEE,12,REP,PATRICK S. MARTIN,13
Harrison,PRECINCT 107,STATE EXECUTIVE COMMITTEE,12,REP,PATRICK S. MARTIN,7
Harrison,PRECINCT 108,STATE EXECUTIVE COMMITTEE,12,REP,PATRICK S. MARTIN,35
Harrison,PRECINCT 110,STATE EXECUTIVE COMMITTEE,12,REP,PATRICK S. MARTIN,17
Harrison,PRECINCT 114,STATE EXECUTIVE COMMITTEE,12,REP,PATRICK S. MARTIN,2
Harrison,PRECINCT 114A,STATE EXECUTIVE COMMITTEE,12,REP,PATRICK S. MARTIN,3
Harrison,PRECINCT 118,STATE EXECUTIVE COMMITTEE,12,REP,PATRICK S. MARTIN,2
Harrison,PRECINCT 120,STATE EXECUTIVE COMMITTEE,12,REP,PATRICK S. MARTIN,11
Harrison,PRECINCT 121,STATE EXECUTIVE COMMITTEE,12,REP,PATRICK S. MARTIN,1
Harrison,PRECINCT 122,STATE EXECUTIVE COMMITTEE,12,REP,PATRICK S. MARTIN,3
Harrison,PRECINCT 123,STATE EXECUTIVE COMMITTEE,12,REP,PATRICK S. MARTIN,46
Harrison,PRECINCT 125,STATE EXECUTIVE COMMITTEE,12,REP,PATRICK S. MARTIN,12
Harrison,PRECINCT 126,STATE EXECUTIVE COMMITTEE,12,REP,PATRICK S. MARTIN,9
Harrison,PRECINCT 128,STATE EXECUTIVE COMMITTEE,12,REP,PATRICK S. MARTIN,13
Harrison,PRECINCT 129,STATE EXECUTIVE COMMITTEE,12,REP,PATRICK S. MARTIN,26
Harrison,PRECINCT 129B,STATE EXECUTIVE COMMITTEE,12,REP,PATRICK S. MARTIN,28
Harrison,PRECINCT 129C,STATE EXECUTIVE COMMITTEE,12,REP,PATRICK S. MARTIN,7
Harrison,PRECINCT 130,STATE EXECUTIVE COMMITTEE,12,REP,PATRICK S. MARTIN,9
Harrison,PRECINCT 132,STATE EXECUTIVE COMMITTEE,12,REP,PATRICK S. MARTIN,0
Harrison,PRECINCT 133,STATE EXECUTIVE COMMITTEE,12,REP,PATRICK S. MARTIN,20
Harrison,PRECINCT 134,STATE EXECUTIVE COMMITTEE,12,REP,PATRICK S. MARTIN,6
Harrison,PRECINCT 135,STATE EXECUTIVE COMMITTEE,12,REP,PATRICK S. MARTIN,5
Harrison,PRECINCT 136,STATE EXECUTIVE COMMITTEE,12,REP,PATRICK S. MARTIN,2
Harrison,PRECINCT 137,STATE EXECUTIVE COMMITTEE,12,REP,PATRICK S. MARTIN,1
Harrison,PRECINCT 143,STATE EXECUTIVE COMMITTEE,12,REP,PATRICK S. MARTIN,68
Harrison,PRECINCT 144,STATE EXECUTIVE COMMITTEE,12,REP,PATRICK S. MARTIN,11
Harrison,PRECINCT 144A,STATE EXECUTIVE COMMITTEE,12,REP,PATRICK S. MARTIN,8
Harrison,PRECINCT 145,STATE EXECUTIVE COMMITTEE,12,REP,PATRICK S. MARTIN,11
Harrison,PRECINCT 1,STATE EXECUTIVE COMMITTEE,12,REP,JEFF KIMBLE,34
Harrison,PRECINCT 1A,STATE EXECUTIVE COMMITTEE,12,REP,JEFF KIMBLE,4
Harrison,PRECINCT 2,STATE EXECUTIVE COMMITTEE,12,REP,JEFF KIMBLE,5
Harrison,PRECINCT 4,STATE EXECUTIVE COMMITTEE,12,REP,JEFF KIMBLE,35
Harrison,PRECINCT 6,STATE EXECUTIVE COMMITTEE,12,REP,JEFF KIMBLE,25
Harrison,PRECINCT 9,STATE EXECUTIVE COMMITTEE,12,REP,JEFF KIMBLE,18
Harrison,PRECINCT 10,STATE EXECUTIVE COMMITTEE,12,REP,JEFF KIMBLE,10
Harrison,PRECINCT 14,STATE EXECUTIVE COMMITTEE,12,REP,JEFF KIMBLE,43
Harrison,PRECINCT 28,STATE EXECUTIVE COMMITTEE,12,REP,JEFF KIMBLE,26
Harrison,PRECINCT 33,STATE EXECUTIVE COMMITTEE,12,REP,JEFF KIMBLE,36
Harrison,PRECINCT 36A,STATE EXECUTIVE COMMITTEE,12,REP,JEFF KIMBLE,17
Harrison,PRECINCT 43,STATE EXECUTIVE COMMITTEE,12,REP,JEFF KIMBLE,10
Harrison,PRECINCT 44,STATE EXECUTIVE COMMITTEE,12,REP,JEFF KIMBLE,3
Harrison,PRECINCT 45,STATE EXECUTIVE COMMITTEE,12,REP,JEFF KIMBLE,27
Harrison,PRECINCT 46,STATE EXECUTIVE COMMITTEE,12,REP,JEFF KIMBLE,13
Harrison,PRECINCT 48,STATE EXECUTIVE COMMITTEE,12,REP,JEFF KIMBLE,14
Harrison,PRECINCT 50,STATE EXECUTIVE COMMITTEE,12,REP,JEFF KIMBLE,18
Harrison,PRECINCT 51,STATE EXECUTIVE COMMITTEE,12,REP,JEFF KIMBLE,4
Harrison,PRECINCT 52,STATE EXECUTIVE COMMITTEE,12,REP,JEFF KIMBLE,12
Harrison,PRECINCT 53,STATE EXECUTIVE COMMITTEE,12,REP,JEFF KIMBLE,5
Harrison,PRECINCT 59,STATE EXECUTIVE COMMITTEE,12,REP,JEFF KIMBLE,8
Harrison,PRECINCT 61,STATE EXECUTIVE COMMITTEE,12,REP,JEFF KIMBLE,20
Harrison,PRECINCT 63,STATE EXECUTIVE COMMITTEE,12,REP,JEFF KIMBLE,22
Harrison,PRECINCT 66,STATE EXECUTIVE COMMITTEE,12,REP,JEFF KIMBLE,10
Harrison,PRECINCT 66A,STATE EXECUTIVE COMMITTEE,12,REP,JEFF KIMBLE,2
Harrison,PRECINCT 66B,STATE EXECUTIVE COMMITTEE,12,REP,JEFF KIMBLE,3
Harrison,PRECINCT 68,STATE EXECUTIVE COMMITTEE,12,REP,JEFF KIMBLE,24
Harrison,PRECINCT 74,STATE EXECUTIVE COMMITTEE,12,REP,JEFF KIMBLE,32
Harrison,PRECINCT 80,STATE EXECUTIVE COMMITTEE,12,REP,JEFF KIMBLE,35
Harrison,PRECINCT 87,STATE EXECUTIVE COMMITTEE,12,REP,JEFF KIMBLE,5
Harrison,PRECINCT 92,STATE EXECUTIVE COMMITTEE,12,REP,JEFF KIMBLE,7
Harrison,PRECINCT 95,STATE EXECUTIVE COMMITTEE,12,REP,JEFF KIMBLE,14
Harrison,PRECINCT 96,STATE EXECUTIVE COMMITTEE,12,REP,JEFF KIMBLE,8
Harrison,PRECINCT 98,STATE EXECUTIVE COMMITTEE,12,REP,JEFF KIMBLE,3
Harrison,PRECINCT 102,STATE EXECUTIVE COMMITTEE,12,REP,JEFF KIMBLE,47
Harrison,PRECINCT 103,STATE EXECUTIVE COMMITTEE,12,REP,JEFF KIMBLE,12
Harrison,PRECINCT 104,STATE EXECUTIVE COMMITTEE,12,REP,JEFF KIMBLE,12
Harrison,PRECINCT 106,STATE EXECUTIVE COMMITTEE,12,REP,JEFF KIMBLE,15
Harrison,PRECINCT 107,STATE EXECUTIVE COMMITTEE,12,REP,JEFF KIMBLE,6
Harrison,PRECINCT 108,STATE EXECUTIVE COMMITTEE,12,REP,JEFF KIMBLE,20
Harrison,PRECINCT 110,STATE EXECUTIVE COMMITTEE,12,REP,JEFF KIMBLE,9
Harrison,PRECINCT 114,STATE EXECUTIVE COMMITTEE,12,REP,JEFF KIMBLE,8
Harrison,PRECINCT 114A,STATE EXECUTIVE COMMITTEE,12,REP,JEFF KIMBLE,1
Harrison,PRECINCT 118,STATE EXECUTIVE COMMITTEE,12,REP,JEFF KIMBLE,2
Harrison,PRECINCT 120,STATE EXECUTIVE COMMITTEE,12,REP,JEFF KIMBLE,37
Harrison,PRECINCT 121,STATE EXECUTIVE COMMITTEE,12,REP,JEFF KIMBLE,5
Harrison,PRECINCT 122,STATE EXECUTIVE COMMITTEE,12,REP,JEFF KIMBLE,24
Harrison,PRECINCT 123,STATE EXECUTIVE COMMITTEE,12,REP,JEFF KIMBLE,128
Harrison,PRECINCT 125,STATE EXECUTIVE COMMITTEE,12,REP,JEFF KIMBLE,64
Harrison,PRECINCT 126,STATE EXECUTIVE COMMITTEE,12,REP,JEFF KIMBLE,61
Harrison,PRECINCT 128,STATE EXECUTIVE COMMITTEE,12,REP,JEFF KIMBLE,46
Harrison,PRECINCT 129,STATE EXECUTIVE COMMITTEE,12,REP,JEFF KIMBLE,110
Harrison,PRECINCT 129B,STATE EXECUTIVE COMMITTEE,12,REP,JEFF KIMBLE,75
Harrison,PRECINCT 129C,STATE EXECUTIVE COMMITTEE,12,REP,JEFF KIMBLE,33
Harrison,PRECINCT 130,STATE EXECUTIVE COMMITTEE,12,REP,JEFF KIMBLE,8
Harrison,PRECINCT 132,STATE EXECUTIVE COMMITTEE,12,REP,JEFF KIMBLE,8
Harrison,PRECINCT 133,STATE EXECUTIVE COMMITTEE,12,REP,JEFF KIMBLE,16
Harrison,PRECINCT 134,STATE EXECUTIVE COMMITTEE,12,REP,JEFF KIMBLE,12
Harrison,PRECINCT 135,STATE EXECUTIVE COMMITTEE,12,REP,JEFF KIMBLE,9
Harrison,PRECINCT 136,STATE EXECUTIVE COMMITTEE,12,REP,JEFF KIMBLE,6
Harrison,PRECINCT 137,STATE EXECUTIVE COMMITTEE,12,REP,JEFF KIMBLE,7
Harrison,PRECINCT 143,STATE EXECUTIVE COMMITTEE,12,REP,JEFF KIMBLE,14
Harrison,PRECINCT 144,STATE EXECUTIVE COMMITTEE,12,REP,JEFF KIMBLE,8
Harrison,PRECINCT 144A,STATE EXECUTIVE COMMITTEE,12,REP,JEFF KIMBLE,8
Harrison,PRECINCT 145,STATE EXECUTIVE COMMITTEE,12,REP,JEFF KIMBLE,21
Harrison,PRECINCT 1,STATE EXECUTIVE COMMITTEE,12,REP,JOE SOLBERG,9
Harrison,PRECINCT 1A,STATE EXECUTIVE COMMITTEE,12,REP,JOE SOLBERG,0
Harrison,PRECINCT 2,STATE EXECUTIVE COMMITTEE,12,REP,JOE SOLBERG,0
Harrison,PRECINCT 4,STATE EXECUTIVE COMMITTEE,12,REP,JOE SOLBERG,6
Harrison,PRECINCT 6,STATE EXECUTIVE COMMITTEE,12,REP,JOE SOLBERG,3
Harrison,PRECINCT 9,STATE EXECUTIVE COMMITTEE,12,REP,JOE SOLBERG,1
Harrison,PRECINCT 10,STATE EXECUTIVE COMMITTEE,12,REP,JOE SOLBERG,5
Harrison,PRECINCT 14,STATE EXECUTIVE COMMITTEE,12,REP,JOE SOLBERG,5
Harrison,PRECINCT 28,STATE EXECUTIVE COMMITTEE,12,REP,JOE SOLBERG,2
Harrison,PRECINCT 33,STATE EXECUTIVE COMMITTEE,12,REP,JOE SOLBERG,6
Harrison,PRECINCT 36A,STATE EXECUTIVE COMMITTEE,12,REP,JOE SOLBERG,4
Harrison,PRECINCT 43,STATE EXECUTIVE COMMITTEE,12,REP,JOE SOLBERG,1
Harrison,PRECINCT 44,STATE EXECUTIVE COMMITTEE,12,REP,JOE SOLBERG,1
Harrison,PRECINCT 45,STATE EXECUTIVE COMMITTEE,12,REP,JOE SOLBERG,2
Harrison,PRECINCT 46,STATE EXECUTIVE COMMITTEE,12,REP,JOE SOLBERG,2
Harrison,PRECINCT 48,STATE EXECUTIVE COMMITTEE,12,REP,JOE SOLBERG,3
Harrison,PRECINCT 50,STATE EXECUTIVE COMMITTEE,12,REP,JOE SOLBERG,5
Harrison,PRECINCT 51,STATE EXECUTIVE COMMITTEE,12,REP,JOE SOLBERG,0
Harrison,PRECINCT 52,STATE EXECUTIVE COMMITTEE,12,REP,JOE SOLBERG,2
Harrison,PRECINCT 53,STATE EXECUTIVE COMMITTEE,12,REP,JOE SOLBERG,1
Harrison,PRECINCT 59,STATE EXECUTIVE COMMITTEE,12,REP,JOE SOLBERG,1
Harrison,PRECINCT 61,STATE EXECUTIVE COMMITTEE,12,REP,JOE SOLBERG,6
Harrison,PRECINCT 63,STATE EXECUTIVE COMMITTEE,12,REP,JOE SOLBERG,4
Harrison,PRECINCT 66,STATE EXECUTIVE COMMITTEE,12,REP,JOE SOLBERG,0
Harrison,PRECINCT 66A,STATE EXECUTIVE COMMITTEE,12,REP,JOE SOLBERG,0
Harrison,PRECINCT 66B,STATE EXECUTIVE COMMITTEE,12,REP,JOE SOLBERG,0
Harrison,PRECINCT 68,STATE EXECUTIVE COMMITTEE,12,REP,JOE SOLBERG,10
Harrison,PRECINCT 74,STATE EXECUTIVE COMMITTEE,12,REP,JOE SOLBERG,9
Harrison,PRECINCT 80,STATE EXECUTIVE COMMITTEE,12,REP,JOE SOLBERG,9
Harrison,PRECINCT 87,STATE EXECUTIVE COMMITTEE,12,REP,JOE SOLBERG,0
Harrison,PRECINCT 92,STATE EXECUTIVE COMMITTEE,12,REP,JOE SOLBERG,0
Harrison,PRECINCT 95,STATE EXECUTIVE COMMITTEE,12,REP,JOE SOLBERG,1
Harrison,PRECINCT 96,STATE EXECUTIVE COMMITTEE,12,REP,JOE SOLBERG,3
Harrison,PRECINCT 98,STATE EXECUTIVE COMMITTEE,12,REP,JOE SOLBERG,2
Harrison,PRECINCT 102,STATE EXECUTIVE COMMITTEE,12,REP,JOE SOLBERG,13
Harrison,PRECINCT 103,STATE EXECUTIVE COMMITTEE,12,REP,JOE SOLBERG,5
Harrison,PRECINCT 104,STATE EXECUTIVE COMMITTEE,12,REP,JOE SOLBERG,4
Harrison,PRECINCT 106,STATE EXECUTIVE COMMITTEE,12,REP,JOE SOLBERG,3
Harrison,PRECINCT 107,STATE EXECUTIVE COMMITTEE,12,REP,JOE SOLBERG,2
Harrison,PRECINCT 108,STATE EXECUTIVE COMMITTEE,12,REP,JOE SOLBERG,22
Harrison,PRECINCT 110,STATE EXECUTIVE COMMITTEE,12,REP,JOE SOLBERG,7
Harrison,PRECINCT 114,STATE EXECUTIVE COMMITTEE,12,REP,JOE SOLBERG,2
Harrison,PRECINCT 114A,STATE EXECUTIVE COMMITTEE,12,REP,JOE SOLBERG,0
Harrison,PRECINCT 118,STATE EXECUTIVE COMMITTEE,12,REP,JOE SOLBERG,2
Harrison,PRECINCT 120,STATE EXECUTIVE COMMITTEE,12,REP,JOE SOLBERG,4
Harrison,PRECINCT 121,STATE EXECUTIVE COMMITTEE,12,REP,JOE SOLBERG,0
Harrison,PRECINCT 122,STATE EXECUTIVE COMMITTEE,12,REP,JOE SOLBERG,0
Harrison,PRECINCT 123,STATE EXECUTIVE COMMITTEE,12,REP,JOE SOLBERG,16
Harrison,PRECINCT 125,STATE EXECUTIVE COMMITTEE,12,REP,JOE SOLBERG,2
Harrison,PRECINCT 126,STATE EXECUTIVE COMMITTEE,12,REP,JOE SOLBERG,4
Harrison,PRECINCT 128,STATE EXECUTIVE COMMITTEE,12,REP,JOE SOLBERG,6
Harrison,PRECINCT 129,STATE EXECUTIVE COMMITTEE,12,REP,JOE SOLBERG,10
Harrison,PRECINCT 129B,STATE EXECUTIVE COMMITTEE,12,REP,JOE SOLBERG,5
Harrison,PRECINCT 129C,STATE EXECUTIVE COMMITTEE,12,REP,JOE SOLBERG,3
Harrison,PRECINCT 130,STATE EXECUTIVE COMMITTEE,12,REP,JOE SOLBERG,3
Harrison,PRECINCT 132,STATE EXECUTIVE COMMITTEE,12,REP,JOE SOLBERG,3
Harrison,PRECINCT 133,STATE EXECUTIVE COMMITTEE,12,REP,JOE SOLBERG,2
Harrison,PRECINCT 134,STATE EXECUTIVE COMMITTEE,12,REP,JOE SOLBERG,5
Harrison,PRECINCT 135,STATE EXECUTIVE COMMITTEE,12,REP,JOE SOLBERG,2
Harrison,PRECINCT 136,STATE EXECUTIVE COMMITTEE,12,REP,JOE SOLBERG,2
Harrison,PRECINCT 137,STATE EXECUTIVE COMMITTEE,12,REP,JOE SOLBERG,1
Harrison,PRECINCT 143,STATE EXECUTIVE COMMITTEE,12,REP,JOE SOLBERG,31
Harrison,PRECINCT 144,STATE EXECUTIVE COMMITTEE,12,REP,JOE SOLBERG,8
Harrison,PRECINCT 144A,STATE EXECUTIVE COMMITTEE,12,REP,JOE SOLBERG,5
Harrison,PRECINCT 145,STATE EXECUTIVE COMMITTEE,12,REP,JOE SOLBERG,3
Harrison,PRECINCT 1,STATE EXECUTIVE COMMITTEE,12,REP,KENNETH DRUM,24
Harrison,PRECINCT 1A,STATE EXECUTIVE COMMITTEE,12,REP,KENNETH DRUM,0
Harrison,PRECINCT 2,STATE EXECUTIVE COMMITTEE,12,REP,KENNETH DRUM,0
Harrison,PRECINCT 4,STATE EXECUTIVE COMMITTEE,12,REP,KENNETH DRUM,10
Harrison,PRECINCT 6,STATE EXECUTIVE COMMITTEE,12,REP,KENNETH DRUM,11
Harrison,PRECINCT 9,STATE EXECUTIVE COMMITTEE,12,REP,KENNETH DRUM,5
Harrison,PRECINCT 10,STATE EXECUTIVE COMMITTEE,12,REP,KENNETH DRUM,3
Harrison,PRECINCT 14,STATE EXECUTIVE COMMITTEE,12,REP,KENNETH DRUM,30
Harrison,PRECINCT 28,STATE EXECUTIVE COMMITTEE,12,REP,KENNETH DRUM,7
Harrison,PRECINCT 33,STATE EXECUTIVE COMMITTEE,12,REP,KENNETH DRUM,26
Harrison,PRECINCT 36A,STATE EXECUTIVE COMMITTEE,12,REP,KENNETH DRUM,8
Harrison,PRECINCT 43,STATE EXECUTIVE COMMITTEE,12,REP,KENNETH DRUM,1
Harrison,PRECINCT 44,STATE EXECUTIVE COMMITTEE,12,REP,KENNETH DRUM,1
Harrison,PRECINCT 45,STATE EXECUTIVE COMMITTEE,12,REP,KENNETH DRUM,2
Harrison,PRECINCT 46,STATE EXECUTIVE COMMITTEE,12,REP,KENNETH DRUM,2
Harrison,PRECINCT 48,STATE EXECUTIVE COMMITTEE,12,REP,KENNETH DRUM,6
Harrison,PRECINCT 50,STATE EXECUTIVE COMMITTEE,12,REP,KENNETH DRUM,3
Harrison,PRECINCT 51,STATE EXECUTIVE COMMITTEE,12,REP,KENNETH DRUM,1
Harrison,PRECINCT 52,STATE EXECUTIVE COMMITTEE,12,REP,KENNETH DRUM,3
Harrison,PRECINCT 53,STATE EXECUTIVE COMMITTEE,12,REP,KENNETH DRUM,3
Harrison,PRECINCT 59,STATE EXECUTIVE COMMITTEE,12,REP,KENNETH DRUM,3
Harrison,PRECINCT 61,STATE EXECUTIVE COMMITTEE,12,REP,KENNETH DRUM,6
Harrison,PRECINCT 63,STATE EXECUTIVE COMMITTEE,12,REP,KENNETH DRUM,3
Harrison,PRECINCT 66,STATE EXECUTIVE COMMITTEE,12,REP,KENNETH DRUM,3
Harrison,PRECINCT 66A,STATE EXECUTIVE COMMITTEE,12,REP,KENNETH DRUM,1
Harrison,PRECINCT 66B,STATE EXECUTIVE COMMITTEE,12,REP,KENNETH DRUM,0
Harrison,PRECINCT 68,STATE EXECUTIVE COMMITTEE,12,REP,KENNETH DRUM,9
Harrison,PRECINCT 74,STATE EXECUTIVE COMMITTEE,12,REP,KENNETH DRUM,12
Harrison,PRECINCT 80,STATE EXECUTIVE COMMITTEE,12,REP,KENNETH DRUM,31
Harrison,PRECINCT 87,STATE EXECUTIVE COMMITTEE,12,REP,KENNETH DRUM,9
Harrison,PRECINCT 92,STATE EXECUTIVE COMMITTEE,12,REP,KENNETH DRUM,3
Harrison,PRECINCT 95,STATE EXECUTIVE COMMITTEE,12,REP,KENNETH DRUM,1
Harrison,PRECINCT 96,STATE EXECUTIVE COMMITTEE,12,REP,KENNETH DRUM,2
Harrison,PRECINCT 98,STATE EXECUTIVE COMMITTEE,12,REP,KENNETH DRUM,4
Harrison,PRECINCT 102,STATE EXECUTIVE COMMITTEE,12,REP,KENNETH DRUM,15
Harrison,PRECINCT 103,STATE EXECUTIVE COMMITTEE,12,REP,KENNETH DRUM,1
Harrison,PRECINCT 104,STATE EXECUTIVE COMMITTEE,12,REP,KENNETH DRUM,12
Harrison,PRECINCT 106,STATE EXECUTIVE COMMITTEE,12,REP,KENNETH DRUM,8
Harrison,PRECINCT 107,STATE EXECUTIVE COMMITTEE,12,REP,KENNETH DRUM,0
Harrison,PRECINCT 108,STATE EXECUTIVE COMMITTEE,12,REP,KENNETH DRUM,7
Harrison,PRECINCT 110,STATE EXECUTIVE COMMITTEE,12,REP,KENNETH DRUM,4
Harrison,PRECINCT 114,STATE EXECUTIVE COMMITTEE,12,REP,KENNETH DRUM,5
Harrison,PRECINCT 114A,STATE EXECUTIVE COMMITTEE,12,REP,KENNETH DRUM,0
Harrison,PRECINCT 118,STATE EXECUTIVE COMMITTEE,12,REP,KENNETH DRUM,4
Harrison,PRECINCT 120,STATE EXECUTIVE COMMITTEE,12,REP,KENNETH DRUM,7
Harrison,PRECINCT 121,STATE EXECUTIVE COMMITTEE,12,REP,KENNETH DRUM,1
Harrison,PRECINCT 122,STATE EXECUTIVE COMMITTEE,12,REP,KENNETH DRUM,3
Harrison,PRECINCT 123,STATE EXECUTIVE COMMITTEE,12,REP,KENNETH DRUM,16
Harrison,PRECINCT 125,STATE EXECUTIVE COMMITTEE,12,REP,KENNETH DRUM,9
Harrison,PRECINCT 126,STATE EXECUTIVE COMMITTEE,12,REP,KENNETH DRUM,2
Harrison,PRECINCT 128,STATE EXECUTIVE COMMITTEE,12,REP,KENNETH DRUM,3
Harrison,PRECINCT 129,STATE EXECUTIVE COMMITTEE,12,REP,KENNETH DRUM,10
Harrison,PRECINCT 129B,STATE EXECUTIVE COMMITTEE,12,REP,KENNETH DRUM,12
Harrison,PRECINCT 129C,STATE EXECUTIVE COMMITTEE,12,REP,KENNETH DRUM,1
Harrison,PRECINCT 130,STATE EXECUTIVE COMMITTEE,12,REP,KENNETH DRUM,4
Harrison,PRECINCT 132,STATE EXECUTIVE COMMITTEE,12,REP,KENNETH DRUM,2
Harrison,PRECINCT 133,STATE EXECUTIVE COMMITTEE,12,REP,KENNETH DRUM,8
Harrison,PRECINCT 134,STATE EXECUTIVE COMMITTEE,12,REP,KENNETH DRUM,3
Harrison,PRECINCT 135,STATE EXECUTIVE COMMITTEE,12,REP,KENNETH DRUM,5
Harrison,PRECINCT 136,STATE EXECUTIVE COMMITTEE,12,REP,KENNETH DRUM,5
Harrison,PRECINCT 137,STATE EXECUTIVE COMMITTEE,12,REP,KENNETH DRUM,1
Harrison,PRECINCT 143,STATE EXECUTIVE COMMITTEE,12,REP,KENNETH DRUM,8
Harrison,PRECINCT 144,STATE EXECUTIVE COMMITTEE,12,REP,KENNETH DRUM,1
Harrison,PRECINCT 144A,STATE EXECUTIVE COMMITTEE,12,REP,KENNETH DRUM,5
Harrison,PRECINCT 145,STATE EXECUTIVE COMMITTEE,12,REP,KENNETH DRUM,10
Harrison,PRECINCT 1,STATE EXECUTIVE COMMITTEE,12,REP,CLAY RILEY,51
Harrison,PRECINCT 1A,STATE EXECUTIVE COMMITTEE,12,REP,CLAY RILEY,5
Harrison,PRECINCT 2,STATE EXECUTIVE COMMITTEE,12,REP,CLAY RILEY,6
Harrison,PRECINCT 4,STATE EXECUTIVE COMMITTEE,12,REP,CLAY RILEY,28
Harrison,PRECINCT 6,STATE EXECUTIVE COMMITTEE,12,REP,CLAY RILEY,28
Harrison,PRECINCT 9,STATE EXECUTIVE COMMITTEE,12,REP,CLAY RILEY,20
Harrison,PRECINCT 10,STATE EXECUTIVE COMMITTEE,12,REP,CLAY RILEY,16
Harrison,PRECINCT 14,STATE EXECUTIVE COMMITTEE,12,REP,CLAY RILEY,40
Harrison,PRECINCT 28,STATE EXECUTIVE COMMITTEE,12,REP,CLAY RILEY,31
Harrison,PRECINCT 33,STATE EXECUTIVE COMMITTEE,12,REP,CLAY RILEY,28
Harrison,PRECINCT 36A,STATE EXECUTIVE COMMITTEE,12,REP,CLAY RILEY,19
Harrison,PRECINCT 43,STATE EXECUTIVE COMMITTEE,12,REP,CLAY RILEY,26
Harrison,PRECINCT 44,STATE EXECUTIVE COMMITTEE,12,REP,CLAY RILEY,23
Harrison,PRECINCT 45,STATE EXECUTIVE COMMITTEE,12,REP,CLAY RILEY,57
Harrison,PRECINCT 46,STATE EXECUTIVE COMMITTEE,12,REP,CLAY RILEY,45
Harrison,PRECINCT 48,STATE EXECUTIVE COMMITTEE,12,REP,CLAY RILEY,42
Harrison,PRECINCT 50,STATE EXECUTIVE COMMITTEE,12,REP,CLAY RILEY,47
Harrison,PRECINCT 51,STATE EXECUTIVE COMMITTEE,12,REP,CLAY RILEY,23
Harrison,PRECINCT 52,STATE EXECUTIVE COMMITTEE,12,REP,CLAY RILEY,52
Harrison,PRECINCT 53,STATE EXECUTIVE COMMITTEE,12,REP,CLAY RILEY,22
Harrison,PRECINCT 59,STATE EXECUTIVE COMMITTEE,12,REP,CLAY RILEY,11
Harrison,PRECINCT 61,STATE EXECUTIVE COMMITTEE,12,REP,CLAY RILEY,30
Harrison,PRECINCT 63,STATE EXECUTIVE COMMITTEE,12,REP,CLAY RILEY,39
Harrison,PRECINCT 66,STATE EXECUTIVE COMMITTEE,12,REP,CLAY RILEY,18
Harrison,PRECINCT 66A,STATE EXECUTIVE COMMITTEE,12,REP,CLAY RILEY,0
Harrison,PRECINCT 66B,STATE EXECUTIVE COMMITTEE,12,REP,CLAY RILEY,2
Harrison,PRECINCT 68,STATE EXECUTIVE COMMITTEE,12,REP,CLAY RILEY,29
Harrison,PRECINCT 74,STATE EXECUTIVE COMMITTEE,12,REP,CLAY RILEY,36
Harrison,PRECINCT 80,STATE EXECUTIVE COMMITTEE,12,REP,CLAY RILEY,39
Harrison,PRECINCT 87,STATE EXECUTIVE COMMITTEE,12,REP,CLAY RILEY,10
Harrison,PRECINCT 92,STATE EXECUTIVE COMMITTEE,12,REP,CLAY RILEY,40
Harrison,PRECINCT 95,STATE EXECUTIVE COMMITTEE,12,REP,CLAY RILEY,31
Harrison,PRECINCT 96,STATE EXECUTIVE COMMITTEE,12,REP,CLAY RILEY,44
Harrison,PRECINCT 98,STATE EXECUTIVE COMMITTEE,12,REP,CLAY RILEY,25
Harrison,PRECINCT 102,STATE EXECUTIVE COMMITTEE,12,REP,CLAY RILEY,58
Harrison,PRECINCT 103,STATE EXECUTIVE COMMITTEE,12,REP,CLAY RILEY,12
Harrison,PRECINCT 104,STATE EXECUTIVE COMMITTEE,12,REP,CLAY RILEY,21
Harrison,PRECINCT 106,STATE EXECUTIVE COMMITTEE,12,REP,CLAY RILEY,8
Harrison,PRECINCT 107,STATE EXECUTIVE COMMITTEE,12,REP,CLAY RILEY,6
Harrison,PRECINCT 108,STATE EXECUTIVE COMMITTEE,12,REP,CLAY RILEY,23
Harrison,PRECINCT 110,STATE EXECUTIVE COMMITTEE,12,REP,CLAY RILEY,25
Harrison,PRECINCT 114,STATE EXECUTIVE COMMITTEE,12,REP,CLAY RILEY,23
Harrison,PRECINCT 114A,STATE EXECUTIVE COMMITTEE,12,REP,CLAY RILEY,6
Harrison,PRECINCT 118,STATE EXECUTIVE COMMITTEE,12,REP,CLAY RILEY,18
Harrison,PRECINCT 120,STATE EXECUTIVE COMMITTEE,12,REP,CLAY RILEY,39
Harrison,PRECINCT 121,STATE EXECUTIVE COMMITTEE,12,REP,CLAY RILEY,4
Harrison,PRECINCT 122,STATE EXECUTIVE COMMITTEE,12,REP,CLAY RILEY,10
Harrison,PRECINCT 123,STATE EXECUTIVE COMMITTEE,12,REP,CLAY RILEY,118
Harrison,PRECINCT 125,STATE EXECUTIVE COMMITTEE,12,REP,CLAY RILEY,53
Harrison,PRECINCT 126,STATE EXECUTIVE COMMITTEE,12,REP,CLAY RILEY,42
Harrison,PRECINCT 128,STATE EXECUTIVE COMMITTEE,12,REP,CLAY RILEY,30
Harrison,PRECINCT 129,STATE EXECUTIVE COMMITTEE,12,REP,CLAY RILEY,103
Harrison,PRECINCT 129B,STATE EXECUTIVE COMMITTEE,12,REP,CLAY RILEY,61
Harrison,PRECINCT 129C,STATE EXECUTIVE COMMITTEE,12,REP,CLAY RILEY,25
Harrison,PRECINCT 130,STATE EXECUTIVE COMMITTEE,12,REP,CLAY RILEY,17
Harrison,PRECINCT 132,STATE EXECUTIVE COMMITTEE,12,REP,CLAY RILEY,11
Harrison,PRECINCT 133,STATE EXECUTIVE COMMITTEE,12,REP,CLAY RILEY,31
Harrison,PRECINCT 134,STATE EXECUTIVE COMMITTEE,12,REP,CLAY RILEY,18
Harrison,PRECINCT 135,STATE EXECUTIVE COMMITTEE,12,REP,CLAY RILEY,14
Harrison,PRECINCT 136,STATE EXECUTIVE COMMITTEE,12,REP,CLAY RILEY,13
Harrison,PRECINCT 137,STATE EXECUTIVE COMMITTEE,12,REP,CLAY RILEY,12
Harrison,PRECINCT 143,STATE EXECUTIVE COMMITTEE,12,REP,CLAY RILEY,40
Harrison,PRECINCT 144,STATE EXECUTIVE COMMITTEE,12,REP,CLAY RILEY,14
Harrison,PRECINCT 144A,STATE EXECUTIVE COMMITTEE,12,REP,CLAY RILEY,12
Harrison,PRECINCT 145,STATE EXECUTIVE COMMITTEE,12,REP,CLAY RILEY,23
Harrison,PRECINCT 1,STATE EXECUTIVE COMMITTEE,12,DEM,CHASE MOSS,47
Harrison,PRECINCT 1A,STATE EXECUTIVE COMMITTEE,12,DEM,CHASE MOSS,1
Harrison,PRECINCT 2,STATE EXECUTIVE COMMITTEE,12,DEM,CHASE MOSS,8
Harrison,PRECINCT 4,STATE EXECUTIVE COMMITTEE,12,DEM,CHASE MOSS,62
Harrison,PRECINCT 6,STATE EXECUTIVE COMMITTEE,12,DEM,CHASE MOSS,34
Harrison,PRECINCT 9,STATE EXECUTIVE COMMITTEE,12,DEM,CHASE MOSS,22
Harrison,PRECINCT 10,STATE EXECUTIVE COMMITTEE,12,DEM,CHASE MOSS,18
Harrison,PRECINCT 14,STATE EXECUTIVE COMMITTEE,12,DEM,CHASE MOSS,105
Harrison,PRECINCT 28,STATE EXECUTIVE COMMITTEE,12,DEM,CHASE MOSS,48
Harrison,PRECINCT 33,STATE EXECUTIVE COMMITTEE,12,DEM,CHASE MOSS,79
Harrison,PRECINCT 36A,STATE EXECUTIVE COMMITTEE,12,DEM,CHASE MOSS,23
Harrison,PRECINCT 43,STATE EXECUTIVE COMMITTEE,12,DEM,CHASE MOSS,5
Harrison,PRECINCT 44,STATE EXECUTIVE COMMITTEE,12,DEM,CHASE MOSS,11
Harrison,PRECINCT 45,STATE EXECUTIVE COMMITTEE,12,DEM,CHASE MOSS,16
Harrison,PRECINCT 46,STATE EXECUTIVE COMMITTEE,12,DEM,CHASE MOSS,13
Harrison,PRECINCT 48,STATE EXECUTIVE COMMITTEE,12,DEM,CHASE MOSS,20
Harrison,PRECINCT 50,STATE EXECUTIVE COMMITTEE,12,DEM,CHASE MOSS,23
Harrison,PRECINCT 51,STATE EXECUTIVE COMMITTEE,12,DEM,CHASE MOSS,15
Harrison,PRECINCT 52,STATE EXECUTIVE COMMITTEE,12,DEM,CHASE MOSS,13
Harrison,PRECINCT 53,STATE EXECUTIVE COMMITTEE,12,DEM,CHASE MOSS,10
Harrison,PRECINCT 59,STATE EXECUTIVE COMMITTEE,12,DEM,CHASE MOSS,14
Harrison,PRECINCT 61,STATE EXECUTIVE COMMITTEE,12,DEM,CHASE MOSS,29
Harrison,PRECINCT 63,STATE EXECUTIVE COMMITTEE,12,DEM,CHASE MOSS,25
Harrison,PRECINCT 66,STATE EXECUTIVE COMMITTEE,12,DEM,CHASE MOSS,26
Harrison,PRECINCT 66A,STATE EXECUTIVE COMMITTEE,12,DEM,CHASE MOSS,3
Harrison,PRECINCT 66B,STATE EXECUTIVE COMMITTEE,12,DEM,CHASE MOSS,4
Harrison,PRECINCT 68,STATE EXECUTIVE COMMITTEE,12,DEM,CHASE MOSS,53
Harrison,PRECINCT 74,STATE EXECUTIVE COMMITTEE,12,DEM,CHASE MOSS,52
Harrison,PRECINCT 80,STATE EXECUTIVE COMMITTEE,12,DEM,CHASE MOSS,67
Harrison,PRECINCT 87,STATE EXECUTIVE COMMITTEE,12,DEM,CHASE MOSS,16
Harrison,PRECINCT 92,STATE EXECUTIVE COMMITTEE,12,DEM,CHASE MOSS,13
Harrison,PRECINCT 95,STATE EXECUTIVE COMMITTEE,12,DEM,CHASE MOSS,14
Harrison,PRECINCT 96,STATE EXECUTIVE COMMITTEE,12,DEM,CHASE MOSS,20
Harrison,PRECINCT 98,STATE EXECUTIVE COMMITTEE,12,DEM,CHASE MOSS,10
Harrison,PRECINCT 102,STATE EXECUTIVE COMMITTEE,12,DEM,CHASE MOSS,50
Harrison,PRECINCT 103,STATE EXECUTIVE COMMITTEE,12,DEM,CHASE MOSS,9
Harrison,PRECINCT 104,STATE EXECUTIVE COMMITTEE,12,DEM,CHASE MOSS,9
Harrison,PRECINCT 106,STATE EXECUTIVE COMMITTEE,12,DEM,CHASE MOSS,17
Harrison,PRECINCT 107,STATE EXECUTIVE COMMITTEE,12,DEM,CHASE MOSS,8
Harrison,PRECINCT 108,STATE EXECUTIVE COMMITTEE,12,DEM,CHASE MOSS,21
Harrison,PRECINCT 110,STATE EXECUTIVE COMMITTEE,12,DEM,CHASE MOSS,18
Harrison,PRECINCT 114,STATE EXECUTIVE COMMITTEE,12,DEM,CHASE MOSS,9
Harrison,PRECINCT 114A,STATE EXECUTIVE COMMITTEE,12,DEM,CHASE MOSS,2
Harrison,PRECINCT 118,STATE EXECUTIVE COMMITTEE,12,DEM,CHASE MOSS,6
Harrison,PRECINCT 120,STATE EXECUTIVE COMMITTEE,12,DEM,CHASE MOSS,15
Harrison,PRECINCT 121,STATE EXECUTIVE COMMITTEE,12,DEM,CHASE MOSS,11
Harrison,PRECINCT 122,STATE EXECUTIVE COMMITTEE,12,DEM,CHASE MOSS,12
Harrison,PRECINCT 123,STATE EXECUTIVE COMMITTEE,12,DEM,CHASE MOSS,88
Harrison,PRECINCT 125,STATE EXECUTIVE COMMITTEE,12,DEM,CHASE MOSS,49
Harrison,PRECINCT 126,STATE EXECUTIVE COMMITTEE,12,DEM,CHASE MOSS,44
Harrison,PRECINCT 128,STATE EXECUTIVE COMMITTEE,12,DEM,CHASE MOSS,36
Harrison,PRECINCT 129,STATE EXECUTIVE COMMITTEE,12,DEM,CHASE MOSS,77
Harrison,PRECINCT 129B,STATE EXECUTIVE COMMITTEE,12,DEM,CHASE MOSS,85
Harrison,PRECINCT 129C,STATE EXECUTIVE COMMITTEE,12,DEM,CHASE MOSS,18
Harrison,PRECINCT 130,STATE EXECUTIVE COMMITTEE,12,DEM,CHASE MOSS,8
Harrison,PRECINCT 132,STATE EXECUTIVE COMMITTEE,12,DEM,CHASE MOSS,12
Harrison,PRECINCT 133,STATE EXECUTIVE COMMITTEE,12,DEM,CHASE MOSS,42
Harrison,PRECINCT 134,STATE EXECUTIVE COMMITTEE,12,DEM,CHASE MOSS,16
Harrison,PRECINCT 135,STATE EXECUTIVE COMMITTEE,12,DEM,CHASE MOSS,4
Harrison,PRECINCT 136,STATE EXECUTIVE COMMITTEE,12,DEM,CHASE MOSS,4
Harrison,PRECINCT 137,STATE EXECUTIVE COMMITTEE,12,DEM,CHASE MOSS,5
Harrison,PRECINCT 143,STATE EXECUTIVE COMMITTEE,12,DEM,CHASE MOSS,45
Harrison,PRECINCT 144,STATE EXECUTIVE COMMITTEE,12,DEM,CHASE MOSS,16
Harrison,PRECINCT 144A,STATE EXECUTIVE COMMITTEE,12,DEM,CHASE MOSS,11
Harrison,PRECINCT 145,STATE EXECUTIVE COMMITTEE,12,DEM,CHASE MOSS,16
Harrison,PRECINCT 1,STATE EXECUTIVE COMMITTEE,12,DEM,ROCKY ROMANO,126
Harrison,PRECINCT 1A,STATE EXECUTIVE COMMITTEE,12,DEM,ROCKY ROMANO,10
Harrison,PRECINCT 2,STATE EXECUTIVE COMMITTEE,12,DEM,ROCKY ROMANO,16
Harrison,PRECINCT 4,STATE EXECUTIVE COMMITTEE,12,DEM,ROCKY ROMANO,150
Harrison,PRECINCT 6,STATE EXECUTIVE COMMITTEE,12,DEM,ROCKY ROMANO,98
Harrison,PRECINCT 9,STATE EXECUTIVE COMMITTEE,12,DEM,ROCKY ROMANO,56
Harrison,PRECINCT 10,STATE EXECUTIVE COMMITTEE,12,DEM,ROCKY ROMANO,41
Harrison,PRECINCT 14,STATE EXECUTIVE COMMITTEE,12,DEM,ROCKY ROMANO,245
Harrison,PRECINCT 28,STATE EXECUTIVE COMMITTEE,12,DEM,ROCKY ROMANO,129
Harrison,PRECINCT 33,STATE EXECUTIVE COMMITTEE,12,DEM,ROCKY ROMANO,163
Harrison,PRECINCT 36A,STATE EXECUTIVE COMMITTEE,12,DEM,ROCKY ROMANO,54
Harrison,PRECINCT 43,STATE EXECUTIVE COMMITTEE,12,DEM,ROCKY ROMANO,13
Harrison,PRECINCT 44,STATE EXECUTIVE COMMITTEE,12,DEM,ROCKY ROMANO,21
Harrison,PRECINCT 45,STATE EXECUTIVE COMMITTEE,12,DEM,ROCKY ROMANO,27
Harrison,PRECINCT 46,STATE EXECUTIVE COMMITTEE,12,DEM,ROCKY ROMANO,25
Harrison,PRECINCT 48,STATE EXECUTIVE COMMITTEE,12,DEM,ROCKY ROMANO,45
Harrison,PRECINCT 50,STATE EXECUTIVE COMMITTEE,12,DEM,ROCKY ROMANO,66
Harrison,PRECINCT 51,STATE EXECUTIVE COMMITTEE,12,DEM,ROCKY ROMANO,41
Harrison,PRECINCT 52,STATE EXECUTIVE COMMITTEE,12,DEM,ROCKY ROMANO,29
Harrison,PRECINCT 53,STATE EXECUTIVE COMMITTEE,12,DEM,ROCKY ROMANO,22
Harrison,PRECINCT 59,STATE EXECUTIVE COMMITTEE,12,DEM,ROCKY ROMANO,39
Harrison,PRECINCT 61,STATE EXECUTIVE COMMITTEE,12,DEM,ROCKY ROMANO,51
Harrison,PRECINCT 63,STATE EXECUTIVE COMMITTEE,12,DEM,ROCKY ROMANO,49
Harrison,PRECINCT 66,STATE EXECUTIVE COMMITTEE,12,DEM,ROCKY ROMANO,42
Harrison,PRECINCT 66A,STATE EXECUTIVE COMMITTEE,12,DEM,ROCKY ROMANO,11
Harrison,PRECINCT 66B,STATE EXECUTIVE COMMITTEE,12,DEM,ROCKY ROMANO,7
Harrison,PRECINCT 68,STATE EXECUTIVE COMMITTEE,12,DEM,ROCKY ROMANO,158
Harrison,PRECINCT 74,STATE EXECUTIVE COMMITTEE,12,DEM,ROCKY ROMANO,126
Harrison,PRECINCT 80,STATE EXECUTIVE COMMITTEE,12,DEM,ROCKY ROMANO,190
Harrison,PRECINCT 87,STATE EXECUTIVE COMMITTEE,12,DEM,ROCKY ROMANO,22
Harrison,PRECINCT 92,STATE EXECUTIVE COMMITTEE,12,DEM,ROCKY ROMANO,26
Harrison,PRECINCT 95,STATE EXECUTIVE COMMITTEE,12,DEM,ROCKY ROMANO,25
Harrison,PRECINCT 96,STATE EXECUTIVE COMMITTEE,12,DEM,ROCKY ROMANO,42
Harrison,PRECINCT 98,STATE EXECUTIVE COMMITTEE,12,DEM,ROCKY ROMANO,21
Harrison,PRECINCT 102,STATE EXECUTIVE COMMITTEE,12,DEM,ROCKY ROMANO,103
Harrison,PRECINCT 103,STATE EXECUTIVE COMMITTEE,12,DEM,ROCKY ROMANO,20
Harrison,PRECINCT 104,STATE EXECUTIVE COMMITTEE,12,DEM,ROCKY ROMANO,22
Harrison,PRECINCT 106,STATE EXECUTIVE COMMITTEE,12,DEM,ROCKY ROMANO,26
Harrison,PRECINCT 107,STATE EXECUTIVE COMMITTEE,12,DEM,ROCKY ROMANO,16
Harrison,PRECINCT 108,STATE EXECUTIVE COMMITTEE,12,DEM,ROCKY ROMANO,31
Harrison,PRECINCT 110,STATE EXECUTIVE COMMITTEE,12,DEM,ROCKY ROMANO,35
Harrison,PRECINCT 114,STATE EXECUTIVE COMMITTEE,12,DEM,ROCKY ROMANO,32
Harrison,PRECINCT 114A,STATE EXECUTIVE COMMITTEE,12,DEM,ROCKY ROMANO,4
Harrison,PRECINCT 118,STATE EXECUTIVE COMMITTEE,12,DEM,ROCKY ROMANO,20
Harrison,PRECINCT 120,STATE EXECUTIVE COMMITTEE,12,DEM,ROCKY ROMANO,36
Harrison,PRECINCT 121,STATE EXECUTIVE COMMITTEE,12,DEM,ROCKY ROMANO,23
Harrison,PRECINCT 122,STATE EXECUTIVE COMMITTEE,12,DEM,ROCKY ROMANO,23
Harrison,PRECINCT 123,STATE EXECUTIVE COMMITTEE,12,DEM,ROCKY ROMANO,188
Harrison,PRECINCT 125,STATE EXECUTIVE COMMITTEE,12,DEM,ROCKY ROMANO,104
Harrison,PRECINCT 126,STATE EXECUTIVE COMMITTEE,12,DEM,ROCKY ROMANO,91
Harrison,PRECINCT 128,STATE EXECUTIVE COMMITTEE,12,DEM,ROCKY ROMANO,77
Harrison,PRECINCT 129,STATE EXECUTIVE COMMITTEE,12,DEM,ROCKY ROMANO,169
Harrison,PRECINCT 129B,STATE EXECUTIVE COMMITTEE,12,DEM,ROCKY ROMANO,177
Harrison,PRECINCT 129C,STATE EXECUTIVE COMMITTEE,12,DEM,ROCKY ROMANO,47
Harrison,PRECINCT 130,STATE EXECUTIVE COMMITTEE,12,DEM,ROCKY ROMANO,11
Harrison,PRECINCT 132,STATE EXECUTIVE COMMITTEE,12,DEM,ROCKY ROMANO,18
Harrison,PRECINCT 133,STATE EXECUTIVE COMMITTEE,12,DEM,ROCKY ROMANO,58
Harrison,PRECINCT 134,STATE EXECUTIVE COMMITTEE,12,DEM,ROCKY ROMANO,26
Harrison,PRECINCT 135,STATE EXECUTIVE COMMITTEE,12,DEM,ROCKY ROMANO,6
Harrison,PRECINCT 136,STATE EXECUTIVE COMMITTEE,12,DEM,ROCKY ROMANO,7
Harrison,PRECINCT 137,STATE EXECUTIVE COMMITTEE,12,DEM,ROCKY ROMANO,6
Harrison,PRECINCT 143,STATE EXECUTIVE COMMITTEE,12,DEM,ROCKY ROMANO,63
Harrison,PRECINCT 144,STATE EXECUTIVE COMMITTEE,12,DEM,ROCKY ROMANO,31
Harrison,PRECINCT 144A,STATE EXECUTIVE COMMITTEE,12,DEM,ROCKY ROMANO,24
Harrison,PRECINCT 145,STATE EXECUTIVE COMMITTEE,12,DEM,ROCKY ROMANO,31
Harrison,PRECINCT 1,Supreme Court of Appeals,,,MARTIN P. 'RED HAT' SHEEHAN,29
Harrison,PRECINCT 1A,Supreme Court of Appeals,,,MARTIN P. 'RED HAT' SHEEHAN,0
Harrison,PRECINCT 2,Supreme Court of Appeals,,,MARTIN P. 'RED HAT' SHEEHAN,3
Harrison,PRECINCT 4,Supreme Court of Appeals,,,MARTIN P. 'RED HAT' SHEEHAN,28
Harrison,PRECINCT 6,Supreme Court of Appeals,,,MARTIN P. 'RED HAT' SHEEHAN,18
Harrison,PRECINCT 9,Supreme Court of Appeals,,,MARTIN P. 'RED HAT' SHEEHAN,16
Harrison,PRECINCT 10,Supreme Court of Appeals,,,MARTIN P. 'RED HAT' SHEEHAN,10
Harrison,PRECINCT 14,Supreme Court of Appeals,,,MARTIN P. 'RED HAT' SHEEHAN,58
Harrison,PRECINCT 28,Supreme Court of Appeals,,,MARTIN P. 'RED HAT' SHEEHAN,25
Harrison,PRECINCT 33,Supreme Court of Appeals,,,MARTIN P. 'RED HAT' SHEEHAN,34
Harrison,PRECINCT 36A,Supreme Court of Appeals,,,MARTIN P. 'RED HAT' SHEEHAN,7
Harrison,PRECINCT 43,Supreme Court of Appeals,,,MARTIN P. 'RED HAT' SHEEHAN,4
Harrison,PRECINCT 44,Supreme Court of Appeals,,,MARTIN P. 'RED HAT' SHEEHAN,9
Harrison,PRECINCT 45,Supreme Court of Appeals,,,MARTIN P. 'RED HAT' SHEEHAN,8
Harrison,PRECINCT 46,Supreme Court of Appeals,,,MARTIN P. 'RED HAT' SHEEHAN,11
Harrison,PRECINCT 48,Supreme Court of Appeals,,,MARTIN P. 'RED HAT' SHEEHAN,8
Harrison,PRECINCT 50,Supreme Court of Appeals,,,MARTIN P. 'RED HAT' SHEEHAN,19
Harrison,PRECINCT 51,Supreme Court of Appeals,,,MARTIN P. 'RED HAT' SHEEHAN,7
Harrison,PRECINCT 52,Supreme Court of Appeals,,,MARTIN P. 'RED HAT' SHEEHAN,12
Harrison,PRECINCT 53,Supreme Court of Appeals,,,MARTIN P. 'RED HAT' SHEEHAN,5
Harrison,PRECINCT 59,Supreme Court of Appeals,,,MARTIN P. 'RED HAT' SHEEHAN,12
Harrison,PRECINCT 61,Supreme Court of Appeals,,,MARTIN P. 'RED HAT' SHEEHAN,9
Harrison,PRECINCT 63,Supreme Court of Appeals,,,MARTIN P. 'RED HAT' SHEEHAN,16
Harrison,PRECINCT 66,Supreme Court of Appeals,,,MARTIN P. 'RED HAT' SHEEHAN,10
Harrison,PRECINCT 66A,Supreme Court of Appeals,,,MARTIN P. 'RED HAT' SHEEHAN,4
Harrison,PRECINCT 66B,Supreme Court of Appeals,,,MARTIN P. 'RED HAT' SHEEHAN,4
Harrison,PRECINCT 68,Supreme Court of Appeals,,,MARTIN P. 'RED HAT' SHEEHAN,27
Harrison,PRECINCT 74,Supreme Court of Appeals,,,MARTIN P. 'RED HAT' SHEEHAN,28
Harrison,PRECINCT 80,Supreme Court of Appeals,,,MARTIN P. 'RED HAT' SHEEHAN,33
Harrison,PRECINCT 87,Supreme Court of Appeals,,,MARTIN P. 'RED HAT' SHEEHAN,7
Harrison,PRECINCT 92,Supreme Court of Appeals,,,MARTIN P. 'RED HAT' SHEEHAN,16
Harrison,PRECINCT 95,Supreme Court of Appeals,,,MARTIN P. 'RED HAT' SHEEHAN,10
Harrison,PRECINCT 96,Supreme Court of Appeals,,,MARTIN P. 'RED HAT' SHEEHAN,23
Harrison,PRECINCT 98,Supreme Court of Appeals,,,MARTIN P. 'RED HAT' SHEEHAN,12
Harrison,PRECINCT 102,Supreme Court of Appeals,,,MARTIN P. 'RED HAT' SHEEHAN,32
Harrison,PRECINCT 103,Supreme Court of Appeals,,,MARTIN P. 'RED HAT' SHEEHAN,6
Harrison,PRECINCT 104,Supreme Court of Appeals,,,MARTIN P. 'RED HAT' SHEEHAN,6
Harrison,PRECINCT 106,Supreme Court of Appeals,,,MARTIN P. 'RED HAT' SHEEHAN,8
Harrison,PRECINCT 107,Supreme Court of Appeals,,,MARTIN P. 'RED HAT' SHEEHAN,2
Harrison,PRECINCT 108,Supreme Court of Appeals,,,MARTIN P. 'RED HAT' SHEEHAN,13
Harrison,PRECINCT 110,Supreme Court of Appeals,,,MARTIN P. 'RED HAT' SHEEHAN,9
Harrison,PRECINCT 114,Supreme Court of Appeals,,,MARTIN P. 'RED HAT' SHEEHAN,8
Harrison,PRECINCT 114A,Supreme Court of Appeals,,,MARTIN P. 'RED HAT' SHEEHAN,3
Harrison,PRECINCT 118,Supreme Court of Appeals,,,MARTIN P. 'RED HAT' SHEEHAN,13
Harrison,PRECINCT 120,Supreme Court of Appeals,,,MARTIN P. 'RED HAT' SHEEHAN,14
Harrison,PRECINCT 121,Supreme Court of Appeals,,,MARTIN P. 'RED HAT' SHEEHAN,4
Harrison,PRECINCT 122,Supreme Court of Appeals,,,MARTIN P. 'RED HAT' SHEEHAN,4
Harrison,PRECINCT 123,Supreme Court of Appeals,,,MARTIN P. 'RED HAT' SHEEHAN,40
Harrison,PRECINCT 125,Supreme Court of Appeals,,,MARTIN P. 'RED HAT' SHEEHAN,27
Harrison,PRECINCT 126,Supreme Court of Appeals,,,MARTIN P. 'RED HAT' SHEEHAN,13
Harrison,PRECINCT 128,Supreme Court of Appeals,,,MARTIN P. 'RED HAT' SHEEHAN,25
Harrison,PRECINCT 129,Supreme Court of Appeals,,,MARTIN P. 'RED HAT' SHEEHAN,25
Harrison,PRECINCT 129B,Supreme Court of Appeals,,,MARTIN P. 'RED HAT' SHEEHAN,18
Harrison,PRECINCT 129C,Supreme Court of Appeals,,,MARTIN P. 'RED HAT' SHEEHAN,12
Harrison,PRECINCT 130,Supreme Court of Appeals,,,MARTIN P. 'RED HAT' SHEEHAN,3
Harrison,PRECINCT 132,Supreme Court of Appeals,,,MARTIN P. 'RED HAT' SHEEHAN,4
Harrison,PRECINCT 133,Supreme Court of Appeals,,,MARTIN P. 'RED HAT' SHEEHAN,12
Harrison,PRECINCT 134,Supreme Court of Appeals,,,MARTIN P. 'RED HAT' SHEEHAN,6
Harrison,PRECINCT 135,Supreme Court of Appeals,,,MARTIN P. 'RED HAT' SHEEHAN,8
Harrison,PRECINCT 136,Supreme Court of Appeals,,,MARTIN P. 'RED HAT' SHEEHAN,3
Harrison,PRECINCT 137,Supreme Court of Appeals,,,MARTIN P. 'RED HAT' SHEEHAN,3
Harrison,PRECINCT 143,Supreme Court of Appeals,,,MARTIN P. 'RED HAT' SHEEHAN,23
Harrison,PRECINCT 144,Supreme Court of Appeals,,,MARTIN P. 'RED HAT' SHEEHAN,10
Harrison,PRECINCT 144A,Supreme Court of Appeals,,,MARTIN P. 'RED HAT' SHEEHAN,4
Harrison,PRECINCT 145,Supreme Court of Appeals,,,MARTIN P. 'RED HAT' SHEEHAN,8
Harrison,PRECINCT 1,Supreme Court of Appeals,,,GERALD TITUS,74
Harrison,PRECINCT 1A,Supreme Court of Appeals,,,GERALD TITUS,6
Harrison,PRECINCT 2,Supreme Court of Appeals,,,GERALD TITUS,10
Harrison,PRECINCT 4,Supreme Court of Appeals,,,GERALD TITUS,44
Harrison,PRECINCT 6,Supreme Court of Appeals,,,GERALD TITUS,40
Harrison,PRECINCT 9,Supreme Court of Appeals,,,GERALD TITUS,18
Harrison,PRECINCT 10,Supreme Court of Appeals,,,GERALD TITUS,12
Harrison,PRECINCT 14,Supreme Court of Appeals,,,GERALD TITUS,78
Harrison,PRECINCT 28,Supreme Court of Appeals,,,GERALD TITUS,48
Harrison,PRECINCT 33,Supreme Court of Appeals,,,GERALD TITUS,65
Harrison,PRECINCT 36A,Supreme Court of Appeals,,,GERALD TITUS,30
Harrison,PRECINCT 43,Supreme Court of Appeals,,,GERALD TITUS,19
Harrison,PRECINCT 44,Supreme Court of Appeals,,,GERALD TITUS,14
Harrison,PRECINCT 45,Supreme Court of Appeals,,,GERALD TITUS,37
Harrison,PRECINCT 46,Supreme Court of Appeals,,,GERALD TITUS,22
Harrison,PRECINCT 48,Supreme Court of Appeals,,,GERALD TITUS,27
Harrison,PRECINCT 50,Supreme Court of Appeals,,,GERALD TITUS,17
Harrison,PRECINCT 51,Supreme Court of Appeals,,,GERALD TITUS,17
Harrison,PRECINCT 52,Supreme Court of Appeals,,,GERALD TITUS,24
Harrison,PRECINCT 53,Supreme Court of Appeals,,,GERALD TITUS,13
Harrison,PRECINCT 59,Supreme Court of Appeals,,,GERALD TITUS,21
Harrison,PRECINCT 61,Supreme Court of Appeals,,,GERALD TITUS,29
Harrison,PRECINCT 63,Supreme Court of Appeals,,,GERALD TITUS,29
Harrison,PRECINCT 66,Supreme Court of Appeals,,,GERALD TITUS,14
Harrison,PRECINCT 66A,Supreme Court of Appeals,,,GERALD TITUS,1
Harrison,PRECINCT 66B,Supreme Court of Appeals,,,GERALD TITUS,3
Harrison,PRECINCT 68,Supreme Court of Appeals,,,GERALD TITUS,49
Harrison,PRECINCT 74,Supreme Court of Appeals,,,GERALD TITUS,75
Harrison,PRECINCT 80,Supreme Court of Appeals,,,GERALD TITUS,68
Harrison,PRECINCT 87,Supreme Court of Appeals,,,GERALD TITUS,16
Harrison,PRECINCT 92,Supreme Court of Appeals,,,GERALD TITUS,17
Harrison,PRECINCT 95,Supreme Court of Appeals,,,GERALD TITUS,13
Harrison,PRECINCT 96,Supreme Court of Appeals,,,GERALD TITUS,23
Harrison,PRECINCT 98,Supreme Court of Appeals,,,GERALD TITUS,20
Harrison,PRECINCT 102,Supreme Court of Appeals,,,GERALD TITUS,67
Harrison,PRECINCT 103,Supreme Court of Appeals,,,GERALD TITUS,16
Harrison,PRECINCT 104,Supreme Court of Appeals,,,GERALD TITUS,19
Harrison,PRECINCT 106,Supreme Court of Appeals,,,GERALD TITUS,15
Harrison,PRECINCT 107,Supreme Court of Appeals,,,GERALD TITUS,14
Harrison,PRECINCT 108,Supreme Court of Appeals,,,GERALD TITUS,34
Harrison,PRECINCT 110,Supreme Court of Appeals,,,GERALD TITUS,30
Harrison,PRECINCT 114,Supreme Court of Appeals,,,GERALD TITUS,17
Harrison,PRECINCT 114A,Supreme Court of Appeals,,,GERALD TITUS,4
Harrison,PRECINCT 118,Supreme Court of Appeals,,,GERALD TITUS,13
Harrison,PRECINCT 120,Supreme Court of Appeals,,,GERALD TITUS,45
Harrison,PRECINCT 121,Supreme Court of Appeals,,,GERALD TITUS,14
Harrison,PRECINCT 122,Supreme Court of Appeals,,,GERALD TITUS,13
Harrison,PRECINCT 123,Supreme Court of Appeals,,,GERALD TITUS,154
Harrison,PRECINCT 125,Supreme Court of Appeals,,,GERALD TITUS,66
Harrison,PRECINCT 126,Supreme Court of Appeals,,,GERALD TITUS,70
Harrison,PRECINCT 128,Supreme Court of Appeals,,,GERALD TITUS,41
Harrison,PRECINCT 129,Supreme Court of Appeals,,,GERALD TITUS,124
Harrison,PRECINCT 129B,Supreme Court of Appeals,,,GERALD TITUS,94
Harrison,PRECINCT 129C,Supreme Court of Appeals,,,GERALD TITUS,35
Harrison,PRECINCT 130,Supreme Court of Appeals,,,GERALD TITUS,17
Harrison,PRECINCT 132,Supreme Court of Appeals,,,GERALD TITUS,8
Harrison,PRECINCT 133,Supreme Court of Appeals,,,GERALD TITUS,48
Harrison,PRECINCT 134,Supreme Court of Appeals,,,GERALD TITUS,22
Harrison,PRECINCT 135,Supreme Court of Appeals,,,GERALD TITUS,11
Harrison,PRECINCT 136,Supreme Court of Appeals,,,GERALD TITUS,12
Harrison,PRECINCT 137,Supreme Court of Appeals,,,GERALD TITUS,5
Harrison,PRECINCT 143,Supreme Court of Appeals,,,GERALD TITUS,55
Harrison,PRECINCT 144,Supreme Court of Appeals,,,GERALD TITUS,12
Harrison,PRECINCT 144A,Supreme Court of Appeals,,,GERALD TITUS,10
Harrison,PRECINCT 145,Supreme Court of Appeals,,,GERALD TITUS,25
Harrison,PRECINCT 1,Supreme Court of Appeals,,,TODD A. KIRBY,32
Harrison,PRECINCT 1A,Supreme Court of Appeals,,,TODD A. KIRBY,2
Harrison,PRECINCT 2,Supreme Court of Appeals,,,TODD A. KIRBY,1
Harrison,PRECINCT 4,Supreme Court of Appeals,,,TODD A. KIRBY,37
Harrison,PRECINCT 6,Supreme Court of Appeals,,,TODD A. KIRBY,16
Harrison,PRECINCT 9,Supreme Court of Appeals,,,TODD A. KIRBY,14
Harrison,PRECINCT 10,Supreme Court of Appeals,,,TODD A. KIRBY,13
Harrison,PRECINCT 14,Supreme Court of Appeals,,,TODD A. KIRBY,54
Harrison,PRECINCT 28,Supreme Court of Appeals,,,TODD A. KIRBY,13
Harrison,PRECINCT 33,Supreme Court of Appeals,,,TODD A. KIRBY,37
Harrison,PRECINCT 36A,Supreme Court of Appeals,,,TODD A. KIRBY,10
Harrison,PRECINCT 43,Supreme Court of Appeals,,,TODD A. KIRBY,4
Harrison,PRECINCT 44,Supreme Court of Appeals,,,TODD A. KIRBY,7
Harrison,PRECINCT 45,Supreme Court of Appeals,,,TODD A. KIRBY,11
Harrison,PRECINCT 46,Supreme Court of Appeals,,,TODD A. KIRBY,16
Harrison,PRECINCT 48,Supreme Court of Appeals,,,TODD A. KIRBY,23
Harrison,PRECINCT 50,Supreme Court of Appeals,,,TODD A. KIRBY,13
Harrison,PRECINCT 51,Supreme Court of Appeals,,,TODD A. KIRBY,7
Harrison,PRECINCT 52,Supreme Court of Appeals,,,TODD A. KIRBY,15
Harrison,PRECINCT 53,Supreme Court of Appeals,,,TODD A. KIRBY,6
Harrison,PRECINCT 59,Supreme Court of Appeals,,,TODD A. KIRBY,10
Harrison,PRECINCT 61,Supreme Court of Appeals,,,TODD A. KIRBY,21
Harrison,PRECINCT 63,Supreme Court of Appeals,,,TODD A. KIRBY,24
Harrison,PRECINCT 66,Supreme Court of Appeals,,,TODD A. KIRBY,9
Harrison,PRECINCT 66A,Supreme Court of Appeals,,,TODD A. KIRBY,0
Harrison,PRECINCT 66B,Supreme Court of Appeals,,,TODD A. KIRBY,1
Harrison,PRECINCT 68,Supreme Court of Appeals,,,TODD A. KIRBY,21
Harrison,PRECINCT 74,Supreme Court of Appeals,,,TODD A. KIRBY,39
Harrison,PRECINCT 80,Supreme Court of Appeals,,,TODD A. KIRBY,32
Harrison,PRECINCT 87,Supreme Court of Appeals,,,TODD A. KIRBY,8
Harrison,PRECINCT 92,Supreme Court of Appeals,,,TODD A. KIRBY,7
Harrison,PRECINCT 95,Supreme Court of Appeals,,,TODD A. KIRBY,15
Harrison,PRECINCT 96,Supreme Court of Appeals,,,TODD A. KIRBY,9
Harrison,PRECINCT 98,Supreme Court of Appeals,,,TODD A. KIRBY,5
Harrison,PRECINCT 102,Supreme Court of Appeals,,,TODD A. KIRBY,35
Harrison,PRECINCT 103,Supreme Court of Appeals,,,TODD A. KIRBY,12
Harrison,PRECINCT 104,Supreme Court of Appeals,,,TODD A. KIRBY,9
Harrison,PRECINCT 106,Supreme Court of Appeals,,,TODD A. KIRBY,15
Harrison,PRECINCT 107,Supreme Court of Appeals,,,TODD A. KIRBY,8
Harrison,PRECINCT 108,Supreme Court of Appeals,,,TODD A. KIRBY,20
Harrison,PRECINCT 110,Supreme Court of Appeals,,,TODD A. KIRBY,14
Harrison,PRECINCT 114,Supreme Court of Appeals,,,TODD A. KIRBY,6
Harrison,PRECINCT 114A,Supreme Court of Appeals,,,TODD A. KIRBY,5
Harrison,PRECINCT 118,Supreme Court of Appeals,,,TODD A. KIRBY,15
Harrison,PRECINCT 120,Supreme Court of Appeals,,,TODD A. KIRBY,21
Harrison,PRECINCT 121,Supreme Court of Appeals,,,TODD A. KIRBY,8
Harrison,PRECINCT 122,Supreme Court of Appeals,,,TODD A. KIRBY,6
Harrison,PRECINCT 123,Supreme Court of Appeals,,,TODD A. KIRBY,53
Harrison,PRECINCT 125,Supreme Court of Appeals,,,TODD A. KIRBY,24
Harrison,PRECINCT 126,Supreme Court of Appeals,,,TODD A. KIRBY,23
Harrison,PRECINCT 128,Supreme Court of Appeals,,,TODD A. KIRBY,18
Harrison,PRECINCT 129,Supreme Court of Appeals,,,TODD A. KIRBY,40
Harrison,PRECINCT 129B,Supreme Court of Appeals,,,TODD A. KIRBY,37
Harrison,PRECINCT 129C,Supreme Court of Appeals,,,TODD A. KIRBY,13
Harrison,PRECINCT 130,Supreme Court of Appeals,,,TODD A. KIRBY,3
Harrison,PRECINCT 132,Supreme Court of Appeals,,,TODD A. KIRBY,4
Harrison,PRECINCT 133,Supreme Court of Appeals,,,TODD A. KIRBY,16
Harrison,PRECINCT 134,Supreme Court of Appeals,,,TODD A. KIRBY,11
Harrison,PRECINCT 135,Supreme Court of Appeals,,,TODD A. KIRBY,6
Harrison,PRECINCT 136,Supreme Court of Appeals,,,TODD A. KIRBY,2
Harrison,PRECINCT 137,Supreme Court of Appeals,,,TODD A. KIRBY,6
Harrison,PRECINCT 143,Supreme Court of Appeals,,,TODD A. KIRBY,26
Harrison,PRECINCT 144,Supreme Court of Appeals,,,TODD A. KIRBY,6
Harrison,PRECINCT 144A,Supreme Court of Appeals,,,TODD A. KIRBY,17
Harrison,PRECINCT 145,Supreme Court of Appeals,,,TODD A. KIRBY,6
Harrison,PRECINCT 1,Supreme Court of Appeals,,,H.L. 'KIRK' KIRKPATRICK,74
Harrison,PRECINCT 1A,Supreme Court of Appeals,,,H.L. 'KIRK' KIRKPATRICK,8
Harrison,PRECINCT 2,Supreme Court of Appeals,,,H.L. 'KIRK' KIRKPATRICK,17
Harrison,PRECINCT 4,Supreme Court of Appeals,,,H.L. 'KIRK' KIRKPATRICK,95
Harrison,PRECINCT 6,Supreme Court of Appeals,,,H.L. 'KIRK' KIRKPATRICK,69
Harrison,PRECINCT 9,Supreme Court of Appeals,,,H.L. 'KIRK' KIRKPATRICK,28
Harrison,PRECINCT 10,Supreme Court of Appeals,,,H.L. 'KIRK' KIRKPATRICK,24
Harrison,PRECINCT 14,Supreme Court of Appeals,,,H.L. 'KIRK' KIRKPATRICK,128
Harrison,PRECINCT 28,Supreme Court of Appeals,,,H.L. 'KIRK' KIRKPATRICK,67
Harrison,PRECINCT 33,Supreme Court of Appeals,,,H.L. 'KIRK' KIRKPATRICK,82
Harrison,PRECINCT 36A,Supreme Court of Appeals,,,H.L. 'KIRK' KIRKPATRICK,39
Harrison,PRECINCT 43,Supreme Court of Appeals,,,H.L. 'KIRK' KIRKPATRICK,21
Harrison,PRECINCT 44,Supreme Court of Appeals,,,H.L. 'KIRK' KIRKPATRICK,12
Harrison,PRECINCT 45,Supreme Court of Appeals,,,H.L. 'KIRK' KIRKPATRICK,26
Harrison,PRECINCT 46,Supreme Court of Appeals,,,H.L. 'KIRK' KIRKPATRICK,25
Harrison,PRECINCT 48,Supreme Court of Appeals,,,H.L. 'KIRK' KIRKPATRICK,33
Harrison,PRECINCT 50,Supreme Court of Appeals,,,H.L. 'KIRK' KIRKPATRICK,54
Harrison,PRECINCT 51,Supreme Court of Appeals,,,H.L. 'KIRK' KIRKPATRICK,32
Harrison,PRECINCT 52,Supreme Court of Appeals,,,H.L. 'KIRK' KIRKPATRICK,29
Harrison,PRECINCT 53,Supreme Court of Appeals,,,H.L. 'KIRK' KIRKPATRICK,15
Harrison,PRECINCT 59,Supreme Court of Appeals,,,H.L. 'KIRK' KIRKPATRICK,22
Harrison,PRECINCT 61,Supreme Court of Appeals,,,H.L. 'KIRK' KIRKPATRICK,46
Harrison,PRECINCT 63,Supreme Court of Appeals,,,H.L. 'KIRK' KIRKPATRICK,40
Harrison,PRECINCT 66,Supreme Court of Appeals,,,H.L. 'KIRK' KIRKPATRICK,25
Harrison,PRECINCT 66A,Supreme Court of Appeals,,,H.L. 'KIRK' KIRKPATRICK,4
Harrison,PRECINCT 66B,Supreme Court of Appeals,,,H.L. 'KIRK' KIRKPATRICK,3
Harrison,PRECINCT 68,Supreme Court of Appeals,,,H.L. 'KIRK' KIRKPATRICK,74
Harrison,PRECINCT 74,Supreme Court of Appeals,,,H.L. 'KIRK' KIRKPATRICK,65
Harrison,PRECINCT 80,Supreme Court of Appeals,,,H.L. 'KIRK' KIRKPATRICK,113
Harrison,PRECINCT 87,Supreme Court of Appeals,,,H.L. 'KIRK' KIRKPATRICK,14
Harrison,PRECINCT 92,Supreme Court of Appeals,,,H.L. 'KIRK' KIRKPATRICK,29
Harrison,PRECINCT 95,Supreme Court of Appeals,,,H.L. 'KIRK' KIRKPATRICK,22
Harrison,PRECINCT 96,Supreme Court of Appeals,,,H.L. 'KIRK' KIRKPATRICK,35
Harrison,PRECINCT 98,Supreme Court of Appeals,,,H.L. 'KIRK' KIRKPATRICK,17
Harrison,PRECINCT 102,Supreme Court of Appeals,,,H.L. 'KIRK' KIRKPATRICK,76
Harrison,PRECINCT 103,Supreme Court of Appeals,,,H.L. 'KIRK' KIRKPATRICK,11
Harrison,PRECINCT 104,Supreme Court of Appeals,,,H.L. 'KIRK' KIRKPATRICK,35
Harrison,PRECINCT 106,Supreme Court of Appeals,,,H.L. 'KIRK' KIRKPATRICK,24
Harrison,PRECINCT 107,Supreme Court of Appeals,,,H.L. 'KIRK' KIRKPATRICK,9
Harrison,PRECINCT 108,Supreme Court of Appeals,,,H.L. 'KIRK' KIRKPATRICK,35
Harrison,PRECINCT 110,Supreme Court of Appeals,,,H.L. 'KIRK' KIRKPATRICK,24
Harrison,PRECINCT 114,Supreme Court of Appeals,,,H.L. 'KIRK' KIRKPATRICK,28
Harrison,PRECINCT 114A,Supreme Court of Appeals,,,H.L. 'KIRK' KIRKPATRICK,3
Harrison,PRECINCT 118,Supreme Court of Appeals,,,H.L. 'KIRK' KIRKPATRICK,10
Harrison,PRECINCT 120,Supreme Court of Appeals,,,H.L. 'KIRK' KIRKPATRICK,37
Harrison,PRECINCT 121,Supreme Court of Appeals,,,H.L. 'KIRK' KIRKPATRICK,14
Harrison,PRECINCT 122,Supreme Court of Appeals,,,H.L. 'KIRK' KIRKPATRICK,15
Harrison,PRECINCT 123,Supreme Court of Appeals,,,H.L. 'KIRK' KIRKPATRICK,120
Harrison,PRECINCT 125,Supreme Court of Appeals,,,H.L. 'KIRK' KIRKPATRICK,54
Harrison,PRECINCT 126,Supreme Court of Appeals,,,H.L. 'KIRK' KIRKPATRICK,51
Harrison,PRECINCT 128,Supreme Court of Appeals,,,H.L. 'KIRK' KIRKPATRICK,49
Harrison,PRECINCT 129,Supreme Court of Appeals,,,H.L. 'KIRK' KIRKPATRICK,107
Harrison,PRECINCT 129B,Supreme Court of Appeals,,,H.L. 'KIRK' KIRKPATRICK,92
Harrison,PRECINCT 129C,Supreme Court of Appeals,,,H.L. 'KIRK' KIRKPATRICK,19
Harrison,PRECINCT 130,Supreme Court of Appeals,,,H.L. 'KIRK' KIRKPATRICK,19
Harrison,PRECINCT 132,Supreme Court of Appeals,,,H.L. 'KIRK' KIRKPATRICK,17
Harrison,PRECINCT 133,Supreme Court of Appeals,,,H.L. 'KIRK' KIRKPATRICK,40
Harrison,PRECINCT 134,Supreme Court of Appeals,,,H.L. 'KIRK' KIRKPATRICK,25
Harrison,PRECINCT 135,Supreme Court of Appeals,,,H.L. 'KIRK' KIRKPATRICK,14
Harrison,PRECINCT 136,Supreme Court of Appeals,,,H.L. 'KIRK' KIRKPATRICK,8
Harrison,PRECINCT 137,Supreme Court of Appeals,,,H.L. 'KIRK' KIRKPATRICK,7
Harrison,PRECINCT 143,Supreme Court of Appeals,,,H.L. 'KIRK' KIRKPATRICK,59
Harrison,PRECINCT 144,Supreme Court of Appeals,,,H.L. 'KIRK' KIRKPATRICK,22
Harrison,PRECINCT 144A,Supreme Court of Appeals,,,H.L. 'KIRK' KIRKPATRICK,20
Harrison,PRECINCT 145,Supreme Court of Appeals,,,H.L. 'KIRK' KIRKPATRICK,37
Harrison,PRECINCT 1,Supreme Court of Appeals,,,LAURA V. FAIRCLOTH,73
Harrison,PRECINCT 1A,Supreme Court of Appeals,,,LAURA V. FAIRCLOTH,4
Harrison,PRECINCT 2,Supreme Court of Appeals,,,LAURA V. FAIRCLOTH,4
Harrison,PRECINCT 4,Supreme Court of Appeals,,,LAURA V. FAIRCLOTH,61
Harrison,PRECINCT 6,Supreme Court of Appeals,,,LAURA V. FAIRCLOTH,49
Harrison,PRECINCT 9,Supreme Court of Appeals,,,LAURA V. FAIRCLOTH,30
Harrison,PRECINCT 10,Supreme Court of Appeals,,,LAURA V. FAIRCLOTH,20
Harrison,PRECINCT 14,Supreme Court of Appeals,,,LAURA V. FAIRCLOTH,120
Harrison,PRECINCT 28,Supreme Court of Appeals,,,LAURA V. FAIRCLOTH,62
Harrison,PRECINCT 33,Supreme Court of Appeals,,,LAURA V. FAIRCLOTH,100
Harrison,PRECINCT 36A,Supreme Court of Appeals,,,LAURA V. FAIRCLOTH,24
Harrison,PRECINCT 43,Supreme Court of Appeals,,,LAURA V. FAIRCLOTH,11
Harrison,PRECINCT 44,Supreme Court of Appeals,,,LAURA V. FAIRCLOTH,14
Harrison,PRECINCT 45,Supreme Court of Appeals,,,LAURA V. FAIRCLOTH,23
Harrison,PRECINCT 46,Supreme Court of Appeals,,,LAURA V. FAIRCLOTH,17
Harrison,PRECINCT 48,Supreme Court of Appeals,,,LAURA V. FAIRCLOTH,20
Harrison,PRECINCT 50,Supreme Court of Appeals,,,LAURA V. FAIRCLOTH,28
Harrison,PRECINCT 51,Supreme Court of Appeals,,,LAURA V. FAIRCLOTH,11
Harrison,PRECINCT 52,Supreme Court of Appeals,,,LAURA V. FAIRCLOTH,18
Harrison,PRECINCT 53,Supreme Court of Appeals,,,LAURA V. FAIRCLOTH,19
Harrison,PRECINCT 59,Supreme Court of Appeals,,,LAURA V. FAIRCLOTH,15
Harrison,PRECINCT 61,Supreme Court of Appeals,,,LAURA V. FAIRCLOTH,37
Harrison,PRECINCT 63,Supreme Court of Appeals,,,LAURA V. FAIRCLOTH,23
Harrison,PRECINCT 66,Supreme Court of Appeals,,,LAURA V. FAIRCLOTH,22
Harrison,PRECINCT 66A,Supreme Court of Appeals,,,LAURA V. FAIRCLOTH,7
Harrison,PRECINCT 66B,Supreme Court of Appeals,,,LAURA V. FAIRCLOTH,1
Harrison,PRECINCT 68,Supreme Court of Appeals,,,LAURA V. FAIRCLOTH,73
Harrison,PRECINCT 74,Supreme Court of Appeals,,,LAURA V. FAIRCLOTH,60
Harrison,PRECINCT 80,Supreme Court of Appeals,,,LAURA V. FAIRCLOTH,91
Harrison,PRECINCT 87,Supreme Court of Appeals,,,LAURA V. FAIRCLOTH,16
Harrison,PRECINCT 92,Supreme Court of Appeals,,,LAURA V. FAIRCLOTH,25
Harrison,PRECINCT 95,Supreme Court of Appeals,,,LAURA V. FAIRCLOTH,13
Harrison,PRECINCT 96,Supreme Court of Appeals,,,LAURA V. FAIRCLOTH,14
Harrison,PRECINCT 98,Supreme Court of Appeals,,,LAURA V. FAIRCLOTH,8
Harrison,PRECINCT 102,Supreme Court of Appeals,,,LAURA V. FAIRCLOTH,57
Harrison,PRECINCT 103,Supreme Court of Appeals,,,LAURA V. FAIRCLOTH,16
Harrison,PRECINCT 104,Supreme Court of Appeals,,,LAURA V. FAIRCLOTH,22
Harrison,PRECINCT 106,Supreme Court of Appeals,,,LAURA V. FAIRCLOTH,14
Harrison,PRECINCT 107,Supreme Court of Appeals,,,LAURA V. FAIRCLOTH,9
Harrison,PRECINCT 108,Supreme Court of Appeals,,,LAURA V. FAIRCLOTH,24
Harrison,PRECINCT 110,Supreme Court of Appeals,,,LAURA V. FAIRCLOTH,27
Harrison,PRECINCT 114,Supreme Court of Appeals,,,LAURA V. FAIRCLOTH,12
Harrison,PRECINCT 114A,Supreme Court of Appeals,,,LAURA V. FAIRCLOTH,4
Harrison,PRECINCT 118,Supreme Court of Appeals,,,LAURA V. FAIRCLOTH,9
Harrison,PRECINCT 120,Supreme Court of Appeals,,,LAURA V. FAIRCLOTH,28
Harrison,PRECINCT 121,Supreme Court of Appeals,,,LAURA V. FAIRCLOTH,8
Harrison,PRECINCT 122,Supreme Court of Appeals,,,LAURA V. FAIRCLOTH,18
Harrison,PRECINCT 123,Supreme Court of Appeals,,,LAURA V. FAIRCLOTH,107
Harrison,PRECINCT 125,Supreme Court of Appeals,,,LAURA V. FAIRCLOTH,63
Harrison,PRECINCT 126,Supreme Court of Appeals,,,LAURA V. FAIRCLOTH,52
Harrison,PRECINCT 128,Supreme Court of Appeals,,,LAURA V. FAIRCLOTH,44
Harrison,PRECINCT 129,Supreme Court of Appeals,,,LAURA V. FAIRCLOTH,95
Harrison,PRECINCT 129B,Supreme Court of Appeals,,,LAURA V. FAIRCLOTH,112
Harrison,PRECINCT 129C,Supreme Court of Appeals,,,LAURA V. FAIRCLOTH,23
Harrison,PRECINCT 130,Supreme Court of Appeals,,,LAURA V. FAIRCLOTH,10
Harrison,PRECINCT 132,Supreme Court of Appeals,,,LAURA V. FAIRCLOTH,13
Harrison,PRECINCT 133,Supreme Court of Appeals,,,LAURA V. FAIRCLOTH,28
Harrison,PRECINCT 134,Supreme Court of Appeals,,,LAURA V. FAIRCLOTH,26
Harrison,PRECINCT 135,Supreme Court of Appeals,,,LAURA V. FAIRCLOTH,10
Harrison,PRECINCT 136,Supreme Court of Appeals,,,LAURA V. FAIRCLOTH,8
Harrison,PRECINCT 137,Supreme Court of Appeals,,,LAURA V. FAIRCLOTH,5
Harrison,PRECINCT 143,Supreme Court of Appeals,,,LAURA V. FAIRCLOTH,44
Harrison,PRECINCT 144,Supreme Court of Appeals,,,LAURA V. FAIRCLOTH,24
Harrison,PRECINCT 144A,Supreme Court of Appeals,,,LAURA V. FAIRCLOTH,17
Harrison,PRECINCT 145,Supreme Court of Appeals,,,LAURA V. FAIRCLOTH,20
Harrison,PRECINCT 1,Supreme Court of Appeals,,,TOM EWING,107
Harrison,PRECINCT 1A,Supreme Court of Appeals,,,TOM EWING,6
Harrison,PRECINCT 2,Supreme Court of Appeals,,,TOM EWING,10
Harrison,PRECINCT 4,Supreme Court of Appeals,,,TOM EWING,61
Harrison,PRECINCT 6,Supreme Court of Appeals,,,TOM EWING,49
Harrison,PRECINCT 9,Supreme Court of Appeals,,,TOM EWING,41
Harrison,PRECINCT 10,Supreme Court of Appeals,,,TOM EWING,25
Harrison,PRECINCT 14,Supreme Court of Appeals,,,TOM EWING,126
Harrison,PRECINCT 28,Supreme Court of Appeals,,,TOM EWING,70
Harrison,PRECINCT 33,Supreme Court of Appeals,,,TOM EWING,106
Harrison,PRECINCT 36A,Supreme Court of Appeals,,,TOM EWING,30
Harrison,PRECINCT 43,Supreme Court of Appeals,,,TOM EWING,17
Harrison,PRECINCT 44,Supreme Court of Appeals,,,TOM EWING,19
Harrison,PRECINCT 45,Supreme Court of Appeals,,,TOM EWING,47
Harrison,PRECINCT 46,Supreme Court of Appeals,,,TOM EWING,28
Harrison,PRECINCT 48,Supreme Court of Appeals,,,TOM EWING,38
Harrison,PRECINCT 50,Supreme Court of Appeals,,,TOM EWING,21
Harrison,PRECINCT 51,Supreme Court of Appeals,,,TOM EWING,23
Harrison,PRECINCT 52,Supreme Court of Appeals,,,TOM EWING,27
Harrison,PRECINCT 53,Supreme Court of Appeals,,,TOM EWING,24
Harrison,PRECINCT 59,Supreme Court of Appeals,,,TOM EWING,19
Harrison,PRECINCT 61,Supreme Court of Appeals,,,TOM EWING,40
Harrison,PRECINCT 63,Supreme Court of Appeals,,,TOM EWING,46
Harrison,PRECINCT 66,Supreme Court of Appeals,,,TOM EWING,23
Harrison,PRECINCT 66A,Supreme Court of Appeals,,,TOM EWING,5
Harrison,PRECINCT 66B,Supreme Court of Appeals,,,TOM EWING,2
Harrison,PRECINCT 68,Supreme Court of Appeals,,,TOM EWING,63
Harrison,PRECINCT 74,Supreme Court of Appeals,,,TOM EWING,80
Harrison,PRECINCT 80,Supreme Court of Appeals,,,TOM EWING,69
Harrison,PRECINCT 87,Supreme Court of Appeals,,,TOM EWING,16
Harrison,PRECINCT 92,Supreme Court of Appeals,,,TOM EWING,22
Harrison,PRECINCT 95,Supreme Court of Appeals,,,TOM EWING,21
Harrison,PRECINCT 96,Supreme Court of Appeals,,,TOM EWING,27
Harrison,PRECINCT 98,Supreme Court of Appeals,,,TOM EWING,21
Harrison,PRECINCT 102,Supreme Court of Appeals,,,TOM EWING,87
Harrison,PRECINCT 103,Supreme Court of Appeals,,,TOM EWING,25
Harrison,PRECINCT 104,Supreme Court of Appeals,,,TOM EWING,25
Harrison,PRECINCT 106,Supreme Court of Appeals,,,TOM EWING,26
Harrison,PRECINCT 107,Supreme Court of Appeals,,,TOM EWING,18
Harrison,PRECINCT 108,Supreme Court of Appeals,,,TOM EWING,49
Harrison,PRECINCT 110,Supreme Court of Appeals,,,TOM EWING,38
Harrison,PRECINCT 114,Supreme Court of Appeals,,,TOM EWING,17
Harrison,PRECINCT 114A,Supreme Court of Appeals,,,TOM EWING,7
Harrison,PRECINCT 118,Supreme Court of Appeals,,,TOM EWING,15
Harrison,PRECINCT 120,Supreme Court of Appeals,,,TOM EWING,57
Harrison,PRECINCT 121,Supreme Court of Appeals,,,TOM EWING,17
Harrison,PRECINCT 122,Supreme Court of Appeals,,,TOM EWING,27
Harrison,PRECINCT 123,Supreme Court of Appeals,,,TOM EWING,164
Harrison,PRECINCT 125,Supreme Court of Appeals,,,TOM EWING,71
Harrison,PRECINCT 126,Supreme Court of Appeals,,,TOM EWING,83
Harrison,PRECINCT 128,Supreme Court of Appeals,,,TOM EWING,73
Harrison,PRECINCT 129,Supreme Court of Appeals,,,TOM EWING,136
Harrison,PRECINCT 129B,Supreme Court of Appeals,,,TOM EWING,108
Harrison,PRECINCT 129C,Supreme Court of Appeals,,,TOM EWING,44
Harrison,PRECINCT 130,Supreme Court of Appeals,,,TOM EWING,18
Harrison,PRECINCT 132,Supreme Court of Appeals,,,TOM EWING,15
Harrison,PRECINCT 133,Supreme Court of Appeals,,,TOM EWING,50
Harrison,PRECINCT 134,Supreme Court of Appeals,,,TOM EWING,24
Harrison,PRECINCT 135,Supreme Court of Appeals,,,TOM EWING,9
Harrison,PRECINCT 136,Supreme Court of Appeals,,,TOM EWING,10
Harrison,PRECINCT 137,Supreme Court of Appeals,,,TOM EWING,9
Harrison,PRECINCT 143,Supreme Court of Appeals,,,TOM EWING,74
Harrison,PRECINCT 144,Supreme Court of Appeals,,,TOM EWING,16
Harrison,PRECINCT 144A,Supreme Court of Appeals,,,TOM EWING,13
Harrison,PRECINCT 145,Supreme Court of Appeals,,,TOM EWING,44
Harrison,PRECINCT 1,Supreme Court of Appeals,,,BILL FLANIGAN,157
Harrison,PRECINCT 1A,Supreme Court of Appeals,,,BILL FLANIGAN,11
Harrison,PRECINCT 2,Supreme Court of Appeals,,,BILL FLANIGAN,25
Harrison,PRECINCT 4,Supreme Court of Appeals,,,BILL FLANIGAN,183
Harrison,PRECINCT 6,Supreme Court of Appeals,,,BILL FLANIGAN,131
Harrison,PRECINCT 9,Supreme Court of Appeals,,,BILL FLANIGAN,55
Harrison,PRECINCT 10,Supreme Court of Appeals,,,BILL FLANIGAN,52
Harrison,PRECINCT 14,Supreme Court of Appeals,,,BILL FLANIGAN,290
Harrison,PRECINCT 28,Supreme Court of Appeals,,,BILL FLANIGAN,138
Harrison,PRECINCT 33,Supreme Court of Appeals,,,BILL FLANIGAN,200
Harrison,PRECINCT 36A,Supreme Court of Appeals,,,BILL FLANIGAN,71
Harrison,PRECINCT 43,Supreme Court of Appeals,,,BILL FLANIGAN,43
Harrison,PRECINCT 44,Supreme Court of Appeals,,,BILL FLANIGAN,34
Harrison,PRECINCT 45,Supreme Court of Appeals,,,BILL FLANIGAN,52
Harrison,PRECINCT 46,Supreme Court of Appeals,,,BILL FLANIGAN,65
Harrison,PRECINCT 48,Supreme Court of Appeals,,,BILL FLANIGAN,64
Harrison,PRECINCT 50,Supreme Court of Appeals,,,BILL FLANIGAN,101
Harrison,PRECINCT 51,Supreme Court of Appeals,,,BILL FLANIGAN,50
Harrison,PRECINCT 52,Supreme Court of Appeals,,,BILL FLANIGAN,62
Harrison,PRECINCT 53,Supreme Court of Appeals,,,BILL FLANIGAN,33
Harrison,PRECINCT 59,Supreme Court of Appeals,,,BILL FLANIGAN,56
Harrison,PRECINCT 61,Supreme Court of Appeals,,,BILL FLANIGAN,94
Harrison,PRECINCT 63,Supreme Court of Appeals,,,BILL FLANIGAN,80
Harrison,PRECINCT 66,Supreme Court of Appeals,,,BILL FLANIGAN,54
Harrison,PRECINCT 66A,Supreme Court of Appeals,,,BILL FLANIGAN,11
Harrison,PRECINCT 66B,Supreme Court of Appeals,,,BILL FLANIGAN,7
Harrison,PRECINCT 68,Supreme Court of Appeals,,,BILL FLANIGAN,171
Harrison,PRECINCT 74,Supreme Court of Appeals,,,BILL FLANIGAN,172
Harrison,PRECINCT 80,Supreme Court of Appeals,,,BILL FLANIGAN,252
Harrison,PRECINCT 87,Supreme Court of Appeals,,,BILL FLANIGAN,38
Harrison,PRECINCT 92,Supreme Court of Appeals,,,BILL FLANIGAN,63
Harrison,PRECINCT 95,Supreme Court of Appeals,,,BILL FLANIGAN,47
Harrison,PRECINCT 96,Supreme Court of Appeals,,,BILL FLANIGAN,75
Harrison,PRECINCT 98,Supreme Court of Appeals,,,BILL FLANIGAN,40
Harrison,PRECINCT 102,Supreme Court of Appeals,,,BILL FLANIGAN,169
Harrison,PRECINCT 103,Supreme Court of Appeals,,,BILL FLANIGAN,36
Harrison,PRECINCT 104,Supreme Court of Appeals,,,BILL FLANIGAN,62
Harrison,PRECINCT 106,Supreme Court of Appeals,,,BILL FLANIGAN,47
Harrison,PRECINCT 107,Supreme Court of Appeals,,,BILL FLANIGAN,23
Harrison,PRECINCT 108,Supreme Court of Appeals,,,BILL FLANIGAN,68
Harrison,PRECINCT 110,Supreme Court of Appeals,,,BILL FLANIGAN,66
Harrison,PRECINCT 114,Supreme Court of Appeals,,,BILL FLANIGAN,50
Harrison,PRECINCT 114A,Supreme Court of Appeals,,,BILL FLANIGAN,11
Harrison,PRECINCT 118,Supreme Court of Appeals,,,BILL FLANIGAN,44
Harrison,PRECINCT 120,Supreme Court of Appeals,,,BILL FLANIGAN,82
Harrison,PRECINCT 121,Supreme Court of Appeals,,,BILL FLANIGAN,25
Harrison,PRECINCT 122,Supreme Court of Appeals,,,BILL FLANIGAN,28
Harrison,PRECINCT 123,Supreme Court of Appeals,,,BILL FLANIGAN,295
Harrison,PRECINCT 125,Supreme Court of Appeals,,,BILL FLANIGAN,150
Harrison,PRECINCT 126,Supreme Court of Appeals,,,BILL FLANIGAN,114
Harrison,PRECINCT 128,Supreme Court of Appeals,,,BILL FLANIGAN,92
Harrison,PRECINCT 129,Supreme Court of Appeals,,,BILL FLANIGAN,238
Harrison,PRECINCT 129B,Supreme Court of Appeals,,,BILL FLANIGAN,222
Harrison,PRECINCT 129C,Supreme Court of Appeals,,,BILL FLANIGAN,52
Harrison,PRECINCT 130,Supreme Court of Appeals,,,BILL FLANIGAN,37
Harrison,PRECINCT 132,Supreme Court of Appeals,,,BILL FLANIGAN,32
Harrison,PRECINCT 133,Supreme Court of Appeals,,,BILL FLANIGAN,94
Harrison,PRECINCT 134,Supreme Court of Appeals,,,BILL FLANIGAN,64
Harrison,PRECINCT 135,Supreme Court of Appeals,,,BILL FLANIGAN,41
Harrison,PRECINCT 136,Supreme Court of Appeals,,,BILL FLANIGAN,25
Harrison,PRECINCT 137,Supreme Court of Appeals,,,BILL FLANIGAN,18
Harrison,PRECINCT 143,Supreme Court of Appeals,,,BILL FLANIGAN,143
Harrison,PRECINCT 144,Supreme Court of Appeals,,,BILL FLANIGAN,67
Harrison,PRECINCT 144A,Supreme Court of Appeals,,,BILL FLANIGAN,55
Harrison,PRECINCT 145,Supreme Court of Appeals,,,BILL FLANIGAN,49
Harrison,PRECINCT 1,Intermediate Court of Appeals,,,DAN GREEAR,108
Harrison,PRECINCT 1A,Intermediate Court of Appeals,,,DAN GREEAR,7
Harrison,PRECINCT 2,Intermediate Court of Appeals,,,DAN GREEAR,12
Harrison,PRECINCT 4,Intermediate Court of Appeals,,,DAN GREEAR,99
Harrison,PRECINCT 6,Intermediate Court of Appeals,,,DAN GREEAR,69
Harrison,PRECINCT 9,Intermediate Court of Appeals,,,DAN GREEAR,44
Harrison,PRECINCT 10,Intermediate Court of Appeals,,,DAN GREEAR,28
Harrison,PRECINCT 14,Intermediate Court of Appeals,,,DAN GREEAR,154
Harrison,PRECINCT 28,Intermediate Court of Appeals,,,DAN GREEAR,78
Harrison,PRECINCT 33,Intermediate Court of Appeals,,,DAN GREEAR,128
Harrison,PRECINCT 36A,Intermediate Court of Appeals,,,DAN GREEAR,40
Harrison,PRECINCT 43,Intermediate Court of Appeals,,,DAN GREEAR,21
Harrison,PRECINCT 44,Intermediate Court of Appeals,,,DAN GREEAR,18
Harrison,PRECINCT 45,Intermediate Court of Appeals,,,DAN GREEAR,53
Harrison,PRECINCT 46,Intermediate Court of Appeals,,,DAN GREEAR,25
Harrison,PRECINCT 48,Intermediate Court of Appeals,,,DAN GREEAR,47
Harrison,PRECINCT 50,Intermediate Court of Appeals,,,DAN GREEAR,40
Harrison,PRECINCT 51,Intermediate Court of Appeals,,,DAN GREEAR,20
Harrison,PRECINCT 52,Intermediate Court of Appeals,,,DAN GREEAR,29
Harrison,PRECINCT 53,Intermediate Court of Appeals,,,DAN GREEAR,26
Harrison,PRECINCT 59,Intermediate Court of Appeals,,,DAN GREEAR,36
Harrison,PRECINCT 61,Intermediate Court of Appeals,,,DAN GREEAR,53
Harrison,PRECINCT 63,Intermediate Court of Appeals,,,DAN GREEAR,42
Harrison,PRECINCT 66,Intermediate Court of Appeals,,,DAN GREEAR,16
Harrison,PRECINCT 66A,Intermediate Court of Appeals,,,DAN GREEAR,4
Harrison,PRECINCT 66B,Intermediate Court of Appeals,,,DAN GREEAR,2
Harrison,PRECINCT 68,Intermediate Court of Appeals,,,DAN GREEAR,75
Harrison,PRECINCT 74,Intermediate Court of Appeals,,,DAN GREEAR,90
Harrison,PRECINCT 80,Intermediate Court of Appeals,,,DAN GREEAR,115
Harrison,PRECINCT 87,Intermediate Court of Appeals,,,DAN GREEAR,23
Harrison,PRECINCT 92,Intermediate Court of Appeals,,,DAN GREEAR,26
Harrison,PRECINCT 95,Intermediate Court of Appeals,,,DAN GREEAR,20
Harrison,PRECINCT 96,Intermediate Court of Appeals,,,DAN GREEAR,34
Harrison,PRECINCT 98,Intermediate Court of Appeals,,,DAN GREEAR,20
Harrison,PRECINCT 102,Intermediate Court of Appeals,,,DAN GREEAR,102
Harrison,PRECINCT 103,Intermediate Court of Appeals,,,DAN GREEAR,27
Harrison,PRECINCT 104,Intermediate Court of Appeals,,,DAN GREEAR,32
Harrison,PRECINCT 106,Intermediate Court of Appeals,,,DAN GREEAR,32
Harrison,PRECINCT 107,Intermediate Court of Appeals,,,DAN GREEAR,14
Harrison,PRECINCT 108,Intermediate Court of Appeals,,,DAN GREEAR,46
Harrison,PRECINCT 110,Intermediate Court of Appeals,,,DAN GREEAR,43
Harrison,PRECINCT 114,Intermediate Court of Appeals,,,DAN GREEAR,23
Harrison,PRECINCT 114A,Intermediate Court of Appeals,,,DAN GREEAR,8
Harrison,PRECINCT 118,Intermediate Court of Appeals,,,DAN GREEAR,17
Harrison,PRECINCT 120,Intermediate Court of Appeals,,,DAN GREEAR,63
Harrison,PRECINCT 121,Intermediate Court of Appeals,,,DAN GREEAR,19
Harrison,PRECINCT 122,Intermediate Court of Appeals,,,DAN GREEAR,23
Harrison,PRECINCT 123,Intermediate Court of Appeals,,,DAN GREEAR,187
Harrison,PRECINCT 125,Intermediate Court of Appeals,,,DAN GREEAR,88
Harrison,PRECINCT 126,Intermediate Court of Appeals,,,DAN GREEAR,88
Harrison,PRECINCT 128,Intermediate Court of Appeals,,,DAN GREEAR,56
Harrison,PRECINCT 129,Intermediate Court of Appeals,,,DAN GREEAR,144
Harrison,PRECINCT 129B,Intermediate Court of Appeals,,,DAN GREEAR,129
Harrison,PRECINCT 129C,Intermediate Court of Appeals,,,DAN GREEAR,38
Harrison,PRECINCT 130,Intermediate Court of Appeals,,,DAN GREEAR,19
Harrison,PRECINCT 132,Intermediate Court of Appeals,,,DAN GREEAR,19
Harrison,PRECINCT 133,Intermediate Court of Appeals,,,DAN GREEAR,60
Harrison,PRECINCT 134,Intermediate Court of Appeals,,,DAN GREEAR,34
Harrison,PRECINCT 135,Intermediate Court of Appeals,,,DAN GREEAR,16
Harrison,PRECINCT 136,Intermediate Court of Appeals,,,DAN GREEAR,14
Harrison,PRECINCT 137,Intermediate Court of Appeals,,,DAN GREEAR,9
Harrison,PRECINCT 143,Intermediate Court of Appeals,,,DAN GREEAR,75
Harrison,PRECINCT 144,Intermediate Court of Appeals,,,DAN GREEAR,31
Harrison,PRECINCT 144A,Intermediate Court of Appeals,,,DAN GREEAR,23
Harrison,PRECINCT 145,Intermediate Court of Appeals,,,DAN GREEAR,43
Harrison,PRECINCT 1,Intermediate Court of Appeals,,,JIM DOUGLAS,148
Harrison,PRECINCT 1A,Intermediate Court of Appeals,,,JIM DOUGLAS,11
Harrison,PRECINCT 2,Intermediate Court of Appeals,,,JIM DOUGLAS,21
Harrison,PRECINCT 4,Intermediate Court of Appeals,,,JIM DOUGLAS,136
Harrison,PRECINCT 6,Intermediate Court of Appeals,,,JIM DOUGLAS,102
Harrison,PRECINCT 9,Intermediate Court of Appeals,,,JIM DOUGLAS,52
Harrison,PRECINCT 10,Intermediate Court of Appeals,,,JIM DOUGLAS,49
Harrison,PRECINCT 14,Intermediate Court of Appeals,,,JIM DOUGLAS,241
Harrison,PRECINCT 28,Intermediate Court of Appeals,,,JIM DOUGLAS,107
Harrison,PRECINCT 33,Intermediate Court of Appeals,,,JIM DOUGLAS,164
Harrison,PRECINCT 36A,Intermediate Court of Appeals,,,JIM DOUGLAS,57
Harrison,PRECINCT 43,Intermediate Court of Appeals,,,JIM DOUGLAS,30
Harrison,PRECINCT 44,Intermediate Court of Appeals,,,JIM DOUGLAS,32
Harrison,PRECINCT 45,Intermediate Court of Appeals,,,JIM DOUGLAS,38
Harrison,PRECINCT 46,Intermediate Court of Appeals,,,JIM DOUGLAS,63
Harrison,PRECINCT 48,Intermediate Court of Appeals,,,JIM DOUGLAS,60
Harrison,PRECINCT 50,Intermediate Court of Appeals,,,JIM DOUGLAS,83
Harrison,PRECINCT 51,Intermediate Court of Appeals,,,JIM DOUGLAS,49
Harrison,PRECINCT 52,Intermediate Court of Appeals,,,JIM DOUGLAS,56
Harrison,PRECINCT 53,Intermediate Court of Appeals,,,JIM DOUGLAS,29
Harrison,PRECINCT 59,Intermediate Court of Appeals,,,JIM DOUGLAS,40
Harrison,PRECINCT 61,Intermediate Court of Appeals,,,JIM DOUGLAS,79
Harrison,PRECINCT 63,Intermediate Court of Appeals,,,JIM DOUGLAS,77
Harrison,PRECINCT 66,Intermediate Court of Appeals,,,JIM DOUGLAS,59
Harrison,PRECINCT 66A,Intermediate Court of Appeals,,,JIM DOUGLAS,12
Harrison,PRECINCT 66B,Intermediate Court of Appeals,,,JIM DOUGLAS,6
Harrison,PRECINCT 68,Intermediate Court of Appeals,,,JIM DOUGLAS,142
Harrison,PRECINCT 74,Intermediate Court of Appeals,,,JIM DOUGLAS,154
Harrison,PRECINCT 80,Intermediate Court of Appeals,,,JIM DOUGLAS,192
Harrison,PRECINCT 87,Intermediate Court of Appeals,,,JIM DOUGLAS,33
Harrison,PRECINCT 92,Intermediate Court of Appeals,,,JIM DOUGLAS,53
Harrison,PRECINCT 95,Intermediate Court of Appeals,,,JIM DOUGLAS,44
Harrison,PRECINCT 96,Intermediate Court of Appeals,,,JIM DOUGLAS,65
Harrison,PRECINCT 98,Intermediate Court of Appeals,,,JIM DOUGLAS,32
Harrison,PRECINCT 102,Intermediate Court of Appeals,,,JIM DOUGLAS,140
Harrison,PRECINCT 103,Intermediate Court of Appeals,,,JIM DOUGLAS,37
Harrison,PRECINCT 104,Intermediate Court of Appeals,,,JIM DOUGLAS,52
Harrison,PRECINCT 106,Intermediate Court of Appeals,,,JIM DOUGLAS,38
Harrison,PRECINCT 107,Intermediate Court of Appeals,,,JIM DOUGLAS,21
Harrison,PRECINCT 108,Intermediate Court of Appeals,,,JIM DOUGLAS,66
Harrison,PRECINCT 110,Intermediate Court of Appeals,,,JIM DOUGLAS,54
Harrison,PRECINCT 114,Intermediate Court of Appeals,,,JIM DOUGLAS,41
Harrison,PRECINCT 114A,Intermediate Court of Appeals,,,JIM DOUGLAS,11
Harrison,PRECINCT 118,Intermediate Court of Appeals,,,JIM DOUGLAS,39
Harrison,PRECINCT 120,Intermediate Court of Appeals,,,JIM DOUGLAS,70
Harrison,PRECINCT 121,Intermediate Court of Appeals,,,JIM DOUGLAS,22
Harrison,PRECINCT 122,Intermediate Court of Appeals,,,JIM DOUGLAS,33
Harrison,PRECINCT 123,Intermediate Court of Appeals,,,JIM DOUGLAS,245
Harrison,PRECINCT 125,Intermediate Court of Appeals,,,JIM DOUGLAS,112
Harrison,PRECINCT 126,Intermediate Court of Appeals,,,JIM DOUGLAS,100
Harrison,PRECINCT 128,Intermediate Court of Appeals,,,JIM DOUGLAS,100
Harrison,PRECINCT 129,Intermediate Court of Appeals,,,JIM DOUGLAS,199
Harrison,PRECINCT 129B,Intermediate Court of Appeals,,,JIM DOUGLAS,178
Harrison,PRECINCT 129C,Intermediate Court of Appeals,,,JIM DOUGLAS,58
Harrison,PRECINCT 130,Intermediate Court of Appeals,,,JIM DOUGLAS,33
Harrison,PRECINCT 132,Intermediate Court of Appeals,,,JIM DOUGLAS,23
Harrison,PRECINCT 133,Intermediate Court of Appeals,,,JIM DOUGLAS,66
Harrison,PRECINCT 134,Intermediate Court of Appeals,,,JIM DOUGLAS,52
Harrison,PRECINCT 135,Intermediate Court of Appeals,,,JIM DOUGLAS,28
Harrison,PRECINCT 136,Intermediate Court of Appeals,,,JIM DOUGLAS,19
Harrison,PRECINCT 137,Intermediate Court of Appeals,,,JIM DOUGLAS,17
Harrison,PRECINCT 143,Intermediate Court of Appeals,,,JIM DOUGLAS,125
Harrison,PRECINCT 144,Intermediate Court of Appeals,,,JIM DOUGLAS,33
Harrison,PRECINCT 144A,Intermediate Court of Appeals,,,JIM DOUGLAS,40
Harrison,PRECINCT 145,Intermediate Court of Appeals,,,JIM DOUGLAS,41
Harrison,PRECINCT 1,REP FOR COUNTY COMMISSIONER,,REP,MARTIN HOWE,84
Harrison,PRECINCT 1A,REP FOR COUNTY COMMISSIONER,,REP,MARTIN HOWE,6
Harrison,PRECINCT 2,REP FOR COUNTY COMMISSIONER,,REP,MARTIN HOWE,6
Harrison,PRECINCT 4,REP FOR COUNTY COMMISSIONER,,REP,MARTIN HOWE,59
Harrison,PRECINCT 6,REP FOR COUNTY COMMISSIONER,,REP,MARTIN HOWE,38
Harrison,PRECINCT 9,REP FOR COUNTY COMMISSIONER,,REP,MARTIN HOWE,23
Harrison,PRECINCT 10,REP FOR COUNTY COMMISSIONER,,REP,MARTIN HOWE,20
Harrison,PRECINCT 14,REP FOR COUNTY COMMISSIONER,,REP,MARTIN HOWE,71
Harrison,PRECINCT 28,REP FOR COUNTY COMMISSIONER,,REP,MARTIN HOWE,40
Harrison,PRECINCT 33,REP FOR COUNTY COMMISSIONER,,REP,MARTIN HOWE,71
Harrison,PRECINCT 36A,REP FOR COUNTY COMMISSIONER,,REP,MARTIN HOWE,26
Harrison,PRECINCT 43,REP FOR COUNTY COMMISSIONER,,REP,MARTIN HOWE,21
Harrison,PRECINCT 44,REP FOR COUNTY COMMISSIONER,,REP,MARTIN HOWE,17
Harrison,PRECINCT 45,REP FOR COUNTY COMMISSIONER,,REP,MARTIN HOWE,47
Harrison,PRECINCT 46,REP FOR COUNTY COMMISSIONER,,REP,MARTIN HOWE,28
Harrison,PRECINCT 48,REP FOR COUNTY COMMISSIONER,,REP,MARTIN HOWE,29
Harrison,PRECINCT 50,REP FOR COUNTY COMMISSIONER,,REP,MARTIN HOWE,38
Harrison,PRECINCT 51,REP FOR COUNTY COMMISSIONER,,REP,MARTIN HOWE,19
Harrison,PRECINCT 52,REP FOR COUNTY COMMISSIONER,,REP,MARTIN HOWE,29
Harrison,PRECINCT 53,REP FOR COUNTY COMMISSIONER,,REP,MARTIN HOWE,16
Harrison,PRECINCT 59,REP FOR COUNTY COMMISSIONER,,REP,MARTIN HOWE,14
Harrison,PRECINCT 61,REP FOR COUNTY COMMISSIONER,,REP,MARTIN HOWE,33
Harrison,PRECINCT 63,REP FOR COUNTY COMMISSIONER,,REP,MARTIN HOWE,28
Harrison,PRECINCT 66,REP FOR COUNTY COMMISSIONER,,REP,MARTIN HOWE,17
Harrison,PRECINCT 66A,REP FOR COUNTY COMMISSIONER,,REP,MARTIN HOWE,2
Harrison,PRECINCT 66B,REP FOR COUNTY COMMISSIONER,,REP,MARTIN HOWE,2
Harrison,PRECINCT 68,REP FOR COUNTY COMMISSIONER,,REP,MARTIN HOWE,55
Harrison,PRECINCT 74,REP FOR COUNTY COMMISSIONER,,REP,MARTIN HOWE,62
Harrison,PRECINCT 80,REP FOR COUNTY COMMISSIONER,,REP,MARTIN HOWE,63
Harrison,PRECINCT 87,REP FOR COUNTY COMMISSIONER,,REP,MARTIN HOWE,19
Harrison,PRECINCT 92,REP FOR COUNTY COMMISSIONER,,REP,MARTIN HOWE,32
Harrison,PRECINCT 95,REP FOR COUNTY COMMISSIONER,,REP,MARTIN HOWE,27
Harrison,PRECINCT 96,REP FOR COUNTY COMMISSIONER,,REP,MARTIN HOWE,38
Harrison,PRECINCT 98,REP FOR COUNTY COMMISSIONER,,REP,MARTIN HOWE,13
Harrison,PRECINCT 102,REP FOR COUNTY COMMISSIONER,,REP,MARTIN HOWE,80
Harrison,PRECINCT 103,REP FOR COUNTY COMMISSIONER,,REP,MARTIN HOWE,19
Harrison,PRECINCT 104,REP FOR COUNTY COMMISSIONER,,REP,MARTIN HOWE,34
Harrison,PRECINCT 106,REP FOR COUNTY COMMISSIONER,,REP,MARTIN HOWE,22
Harrison,PRECINCT 107,REP FOR COUNTY COMMISSIONER,,REP,MARTIN HOWE,8
Harrison,PRECINCT 108,REP FOR COUNTY COMMISSIONER,,REP,MARTIN HOWE,44
Harrison,PRECINCT 110,REP FOR COUNTY COMMISSIONER,,REP,MARTIN HOWE,22
Harrison,PRECINCT 114,REP FOR COUNTY COMMISSIONER,,REP,MARTIN HOWE,26
Harrison,PRECINCT 114A,REP FOR COUNTY COMMISSIONER,,REP,MARTIN HOWE,2
Harrison,PRECINCT 118,REP FOR COUNTY COMMISSIONER,,REP,MARTIN HOWE,23
Harrison,PRECINCT 120,REP FOR COUNTY COMMISSIONER,,REP,MARTIN HOWE,45
Harrison,PRECINCT 121,REP FOR COUNTY COMMISSIONER,,REP,MARTIN HOWE,11
Harrison,PRECINCT 122,REP FOR COUNTY COMMISSIONER,,REP,MARTIN HOWE,14
Harrison,PRECINCT 123,REP FOR COUNTY COMMISSIONER,,REP,MARTIN HOWE,127
Harrison,PRECINCT 125,REP FOR COUNTY COMMISSIONER,,REP,MARTIN HOWE,54
Harrison,PRECINCT 126,REP FOR COUNTY COMMISSIONER,,REP,MARTIN HOWE,58
Harrison,PRECINCT 128,REP FOR COUNTY COMMISSIONER,,REP,MARTIN HOWE,51
Harrison,PRECINCT 129,REP FOR COUNTY COMMISSIONER,,REP,MARTIN HOWE,115
Harrison,PRECINCT 129B,REP FOR COUNTY COMMISSIONER,,REP,MARTIN HOWE,68
Harrison,PRECINCT 129C,REP FOR COUNTY COMMISSIONER,,REP,MARTIN HOWE,29
Harrison,PRECINCT 130,REP FOR COUNTY COMMISSIONER,,REP,MARTIN HOWE,26
Harrison,PRECINCT 132,REP FOR COUNTY COMMISSIONER,,REP,MARTIN HOWE,15
Harrison,PRECINCT 133,REP FOR COUNTY COMMISSIONER,,REP,MARTIN HOWE,48
Harrison,PRECINCT 134,REP FOR COUNTY COMMISSIONER,,REP,MARTIN HOWE,30
Harrison,PRECINCT 135,REP FOR COUNTY COMMISSIONER,,REP,MARTIN HOWE,16
Harrison,PRECINCT 136,REP FOR COUNTY COMMISSIONER,,REP,MARTIN HOWE,10
Harrison,PRECINCT 137,REP FOR COUNTY COMMISSIONER,,REP,MARTIN HOWE,10
Harrison,PRECINCT 143,REP FOR COUNTY COMMISSIONER,,REP,MARTIN HOWE,76
Harrison,PRECINCT 144,REP FOR COUNTY COMMISSIONER,,REP,MARTIN HOWE,19
Harrison,PRECINCT 144A,REP FOR COUNTY COMMISSIONER,,REP,MARTIN HOWE,20
Harrison,PRECINCT 145,REP FOR COUNTY COMMISSIONER,,REP,MARTIN HOWE,33
Harrison,PRECINCT 1,REP FOR COUNTY COMMISSIONER,,REP,MICKEY PETITTO,61
Harrison,PRECINCT 1A,REP FOR COUNTY COMMISSIONER,,REP,MICKEY PETITTO,4
Harrison,PRECINCT 2,REP FOR COUNTY COMMISSIONER,,REP,MICKEY PETITTO,8
Harrison,PRECINCT 4,REP FOR COUNTY COMMISSIONER,,REP,MICKEY PETITTO,37
Harrison,PRECINCT 6,REP FOR COUNTY COMMISSIONER,,REP,MICKEY PETITTO,40
Harrison,PRECINCT 9,REP FOR COUNTY COMMISSIONER,,REP,MICKEY PETITTO,13
Harrison,PRECINCT 10,REP FOR COUNTY COMMISSIONER,,REP,MICKEY PETITTO,20
Harrison,PRECINCT 14,REP FOR COUNTY COMMISSIONER,,REP,MICKEY PETITTO,55
Harrison,PRECINCT 28,REP FOR COUNTY COMMISSIONER,,REP,MICKEY PETITTO,33
Harrison,PRECINCT 33,REP FOR COUNTY COMMISSIONER,,REP,MICKEY PETITTO,52
Harrison,PRECINCT 36A,REP FOR COUNTY COMMISSIONER,,REP,MICKEY PETITTO,23
Harrison,PRECINCT 43,REP FOR COUNTY COMMISSIONER,,REP,MICKEY PETITTO,18
Harrison,PRECINCT 44,REP FOR COUNTY COMMISSIONER,,REP,MICKEY PETITTO,11
Harrison,PRECINCT 45,REP FOR COUNTY COMMISSIONER,,REP,MICKEY PETITTO,29
Harrison,PRECINCT 46,REP FOR COUNTY COMMISSIONER,,REP,MICKEY PETITTO,25
Harrison,PRECINCT 48,REP FOR COUNTY COMMISSIONER,,REP,MICKEY PETITTO,29
Harrison,PRECINCT 50,REP FOR COUNTY COMMISSIONER,,REP,MICKEY PETITTO,22
Harrison,PRECINCT 51,REP FOR COUNTY COMMISSIONER,,REP,MICKEY PETITTO,7
Harrison,PRECINCT 52,REP FOR COUNTY COMMISSIONER,,REP,MICKEY PETITTO,27
Harrison,PRECINCT 53,REP FOR COUNTY COMMISSIONER,,REP,MICKEY PETITTO,12
Harrison,PRECINCT 59,REP FOR COUNTY COMMISSIONER,,REP,MICKEY PETITTO,19
Harrison,PRECINCT 61,REP FOR COUNTY COMMISSIONER,,REP,MICKEY PETITTO,33
Harrison,PRECINCT 63,REP FOR COUNTY COMMISSIONER,,REP,MICKEY PETITTO,33
Harrison,PRECINCT 66,REP FOR COUNTY COMMISSIONER,,REP,MICKEY PETITTO,15
Harrison,PRECINCT 66A,REP FOR COUNTY COMMISSIONER,,REP,MICKEY PETITTO,1
Harrison,PRECINCT 66B,REP FOR COUNTY COMMISSIONER,,REP,MICKEY PETITTO,1
Harrison,PRECINCT 68,REP FOR COUNTY COMMISSIONER,,REP,MICKEY PETITTO,30
Harrison,PRECINCT 74,REP FOR COUNTY COMMISSIONER,,REP,MICKEY PETITTO,37
Harrison,PRECINCT 80,REP FOR COUNTY COMMISSIONER,,REP,MICKEY PETITTO,67
Harrison,PRECINCT 87,REP FOR COUNTY COMMISSIONER,,REP,MICKEY PETITTO,8
Harrison,PRECINCT 92,REP FOR COUNTY COMMISSIONER,,REP,MICKEY PETITTO,12
Harrison,PRECINCT 95,REP FOR COUNTY COMMISSIONER,,REP,MICKEY PETITTO,13
Harrison,PRECINCT 96,REP FOR COUNTY COMMISSIONER,,REP,MICKEY PETITTO,14
Harrison,PRECINCT 98,REP FOR COUNTY COMMISSIONER,,REP,MICKEY PETITTO,18
Harrison,PRECINCT 102,REP FOR COUNTY COMMISSIONER,,REP,MICKEY PETITTO,70
Harrison,PRECINCT 103,REP FOR COUNTY COMMISSIONER,,REP,MICKEY PETITTO,21
Harrison,PRECINCT 104,REP FOR COUNTY COMMISSIONER,,REP,MICKEY PETITTO,28
Harrison,PRECINCT 106,REP FOR COUNTY COMMISSIONER,,REP,MICKEY PETITTO,22
Harrison,PRECINCT 107,REP FOR COUNTY COMMISSIONER,,REP,MICKEY PETITTO,9
Harrison,PRECINCT 108,REP FOR COUNTY COMMISSIONER,,REP,MICKEY PETITTO,36
Harrison,PRECINCT 110,REP FOR COUNTY COMMISSIONER,,REP,MICKEY PETITTO,27
Harrison,PRECINCT 114,REP FOR COUNTY COMMISSIONER,,REP,MICKEY PETITTO,8
Harrison,PRECINCT 114A,REP FOR COUNTY COMMISSIONER,,REP,MICKEY PETITTO,6
Harrison,PRECINCT 118,REP FOR COUNTY COMMISSIONER,,REP,MICKEY PETITTO,10
Harrison,PRECINCT 120,REP FOR COUNTY COMMISSIONER,,REP,MICKEY PETITTO,45
Harrison,PRECINCT 121,REP FOR COUNTY COMMISSIONER,,REP,MICKEY PETITTO,7
Harrison,PRECINCT 122,REP FOR COUNTY COMMISSIONER,,REP,MICKEY PETITTO,17
Harrison,PRECINCT 123,REP FOR COUNTY COMMISSIONER,,REP,MICKEY PETITTO,126
Harrison,PRECINCT 125,REP FOR COUNTY COMMISSIONER,,REP,MICKEY PETITTO,55
Harrison,PRECINCT 126,REP FOR COUNTY COMMISSIONER,,REP,MICKEY PETITTO,48
Harrison,PRECINCT 128,REP FOR COUNTY COMMISSIONER,,REP,MICKEY PETITTO,35
Harrison,PRECINCT 129,REP FOR COUNTY COMMISSIONER,,REP,MICKEY PETITTO,83
Harrison,PRECINCT 129B,REP FOR COUNTY COMMISSIONER,,REP,MICKEY PETITTO,76
Harrison,PRECINCT 129C,REP FOR COUNTY COMMISSIONER,,REP,MICKEY PETITTO,23
Harrison,PRECINCT 130,REP FOR COUNTY COMMISSIONER,,REP,MICKEY PETITTO,13
Harrison,PRECINCT 132,REP FOR COUNTY COMMISSIONER,,REP,MICKEY PETITTO,8
Harrison,PRECINCT 133,REP FOR COUNTY COMMISSIONER,,REP,MICKEY PETITTO,23
Harrison,PRECINCT 134,REP FOR COUNTY COMMISSIONER,,REP,MICKEY PETITTO,15
Harrison,PRECINCT 135,REP FOR COUNTY COMMISSIONER,,REP,MICKEY PETITTO,14
Harrison,PRECINCT 136,REP FOR COUNTY COMMISSIONER,,REP,MICKEY PETITTO,10
Harrison,PRECINCT 137,REP FOR COUNTY COMMISSIONER,,REP,MICKEY PETITTO,8
Harrison,PRECINCT 143,REP FOR COUNTY COMMISSIONER,,REP,MICKEY PETITTO,66
Harrison,PRECINCT 144,REP FOR COUNTY COMMISSIONER,,REP,MICKEY PETITTO,24
Harrison,PRECINCT 144A,REP FOR COUNTY COMMISSIONER,,REP,MICKEY PETITTO,17
Harrison,PRECINCT 145,REP FOR COUNTY COMMISSIONER,,REP,MICKEY PETITTO,28
Harrison,PRECINCT 1,DEM FOR COUNTY COMMISSIONER,,DEM,SUSAN THOMAS,122
Harrison,PRECINCT 1A,DEM FOR COUNTY COMMISSIONER,,DEM,SUSAN THOMAS,10
Harrison,PRECINCT 2,DEM FOR COUNTY COMMISSIONER,,DEM,SUSAN THOMAS,15
Harrison,PRECINCT 4,DEM FOR COUNTY COMMISSIONER,,DEM,SUSAN THOMAS,152
Harrison,PRECINCT 6,DEM FOR COUNTY COMMISSIONER,,DEM,SUSAN THOMAS,107
Harrison,PRECINCT 9,DEM FOR COUNTY COMMISSIONER,,DEM,SUSAN THOMAS,62
Harrison,PRECINCT 10,DEM FOR COUNTY COMMISSIONER,,DEM,SUSAN THOMAS,41
Harrison,PRECINCT 14,DEM FOR COUNTY COMMISSIONER,,DEM,SUSAN THOMAS,264
Harrison,PRECINCT 28,DEM FOR COUNTY COMMISSIONER,,DEM,SUSAN THOMAS,135
Harrison,PRECINCT 33,DEM FOR COUNTY COMMISSIONER,,DEM,SUSAN THOMAS,178
Harrison,PRECINCT 36A,DEM FOR COUNTY COMMISSIONER,,DEM,SUSAN THOMAS,58
Harrison,PRECINCT 43,DEM FOR COUNTY COMMISSIONER,,DEM,SUSAN THOMAS,17
Harrison,PRECINCT 44,DEM FOR COUNTY COMMISSIONER,,DEM,SUSAN THOMAS,21
Harrison,PRECINCT 45,DEM FOR COUNTY COMMISSIONER,,DEM,SUSAN THOMAS,27
Harrison,PRECINCT 46,DEM FOR COUNTY COMMISSIONER,,DEM,SUSAN THOMAS,36
Harrison,PRECINCT 48,DEM FOR COUNTY COMMISSIONER,,DEM,SUSAN THOMAS,43
Harrison,PRECINCT 50,DEM FOR COUNTY COMMISSIONER,,DEM,SUSAN THOMAS,69
Harrison,PRECINCT 51,DEM FOR COUNTY COMMISSIONER,,DEM,SUSAN THOMAS,41
Harrison,PRECINCT 52,DEM FOR COUNTY COMMISSIONER,,DEM,SUSAN THOMAS,33
Harrison,PRECINCT 53,DEM FOR COUNTY COMMISSIONER,,DEM,SUSAN THOMAS,25
Harrison,PRECINCT 59,DEM FOR COUNTY COMMISSIONER,,DEM,SUSAN THOMAS,38
Harrison,PRECINCT 61,DEM FOR COUNTY COMMISSIONER,,DEM,SUSAN THOMAS,58
Harrison,PRECINCT 63,DEM FOR COUNTY COMMISSIONER,,DEM,SUSAN THOMAS,57
Harrison,PRECINCT 66,DEM FOR COUNTY COMMISSIONER,,DEM,SUSAN THOMAS,47
Harrison,PRECINCT 66A,DEM FOR COUNTY COMMISSIONER,,DEM,SUSAN THOMAS,10
Harrison,PRECINCT 66B,DEM FOR COUNTY COMMISSIONER,,DEM,SUSAN THOMAS,5
Harrison,PRECINCT 68,DEM FOR COUNTY COMMISSIONER,,DEM,SUSAN THOMAS,151
Harrison,PRECINCT 74,DEM FOR COUNTY COMMISSIONER,,DEM,SUSAN THOMAS,139
Harrison,PRECINCT 80,DEM FOR COUNTY COMMISSIONER,,DEM,SUSAN THOMAS,210
Harrison,PRECINCT 87,DEM FOR COUNTY COMMISSIONER,,DEM,SUSAN THOMAS,25
Harrison,PRECINCT 92,DEM FOR COUNTY COMMISSIONER,,DEM,SUSAN THOMAS,29
Harrison,PRECINCT 95,DEM FOR COUNTY COMMISSIONER,,DEM,SUSAN THOMAS,29
Harrison,PRECINCT 96,DEM FOR COUNTY COMMISSIONER,,DEM,SUSAN THOMAS,53
Harrison,PRECINCT 98,DEM FOR COUNTY COMMISSIONER,,DEM,SUSAN THOMAS,20
Harrison,PRECINCT 102,DEM FOR COUNTY COMMISSIONER,,DEM,SUSAN THOMAS,108
Harrison,PRECINCT 103,DEM FOR COUNTY COMMISSIONER,,DEM,SUSAN THOMAS,18
Harrison,PRECINCT 104,DEM FOR COUNTY COMMISSIONER,,DEM,SUSAN THOMAS,29
Harrison,PRECINCT 106,DEM FOR COUNTY COMMISSIONER,,DEM,SUSAN THOMAS,26
Harrison,PRECINCT 107,DEM FOR COUNTY COMMISSIONER,,DEM,SUSAN THOMAS,18
Harrison,PRECINCT 108,DEM FOR COUNTY COMMISSIONER,,DEM,SUSAN THOMAS,34
Harrison,PRECINCT 110,DEM FOR COUNTY COMMISSIONER,,DEM,SUSAN THOMAS,37
Harrison,PRECINCT 114,DEM FOR COUNTY COMMISSIONER,,DEM,SUSAN THOMAS,35
Harrison,PRECINCT 114A,DEM FOR COUNTY COMMISSIONER,,DEM,SUSAN THOMAS,6
Harrison,PRECINCT 118,DEM FOR COUNTY COMMISSIONER,,DEM,SUSAN THOMAS,21
Harrison,PRECINCT 120,DEM FOR COUNTY COMMISSIONER,,DEM,SUSAN THOMAS,39
Harrison,PRECINCT 121,DEM FOR COUNTY COMMISSIONER,,DEM,SUSAN THOMAS,21
Harrison,PRECINCT 122,DEM FOR COUNTY COMMISSIONER,,DEM,SUSAN THOMAS,23
Harrison,PRECINCT 123,DEM FOR COUNTY COMMISSIONER,,DEM,SUSAN THOMAS,197
Harrison,PRECINCT 125,DEM FOR COUNTY COMMISSIONER,,DEM,SUSAN THOMAS,108
Harrison,PRECINCT 126,DEM FOR COUNTY COMMISSIONER,,DEM,SUSAN THOMAS,91
Harrison,PRECINCT 128,DEM FOR COUNTY COMMISSIONER,,DEM,SUSAN THOMAS,77
Harrison,PRECINCT 129,DEM FOR COUNTY COMMISSIONER,,DEM,SUSAN THOMAS,179
Harrison,PRECINCT 129B,DEM FOR COUNTY COMMISSIONER,,DEM,SUSAN THOMAS,192
Harrison,PRECINCT 129C,DEM FOR COUNTY COMMISSIONER,,DEM,SUSAN THOMAS,45
Harrison,PRECINCT 130,DEM FOR COUNTY COMMISSIONER,,DEM,SUSAN THOMAS,12
Harrison,PRECINCT 132,DEM FOR COUNTY COMMISSIONER,,DEM,SUSAN THOMAS,20
Harrison,PRECINCT 133,DEM FOR COUNTY COMMISSIONER,,DEM,SUSAN THOMAS,68
Harrison,PRECINCT 134,DEM FOR COUNTY COMMISSIONER,,DEM,SUSAN THOMAS,32
Harrison,PRECINCT 135,DEM FOR COUNTY COMMISSIONER,,DEM,SUSAN THOMAS,10
Harrison,PRECINCT 136,DEM FOR COUNTY COMMISSIONER,,DEM,SUSAN THOMAS,11
Harrison,PRECINCT 137,DEM FOR COUNTY COMMISSIONER,,DEM,SUSAN THOMAS,7
Harrison,PRECINCT 143,DEM FOR COUNTY COMMISSIONER,,DEM,SUSAN THOMAS,74
Harrison,PRECINCT 144,DEM FOR COUNTY COMMISSIONER,,DEM,SUSAN THOMAS,36
Harrison,PRECINCT 144A,DEM FOR COUNTY COMMISSIONER,,DEM,SUSAN THOMAS,24
Harrison,PRECINCT 145,DEM FOR COUNTY COMMISSIONER,,DEM,SUSAN THOMAS,31
Harrison,PRECINCT 1,REP FOR CONGRESSIONAL DIST EXEC COMMITTEE DIST 2 FEMALE,,REP,LAURA KIMBLE,78
Harrison,PRECINCT 1A,REP FOR CONGRESSIONAL DIST EXEC COMMITTEE DIST 2 FEMALE,,REP,LAURA KIMBLE,7
Harrison,PRECINCT 2,REP FOR CONGRESSIONAL DIST EXEC COMMITTEE DIST 2 FEMALE,,REP,LAURA KIMBLE,13
Harrison,PRECINCT 4,REP FOR CONGRESSIONAL DIST EXEC COMMITTEE DIST 2 FEMALE,,REP,LAURA KIMBLE,62
Harrison,PRECINCT 6,REP FOR CONGRESSIONAL DIST EXEC COMMITTEE DIST 2 FEMALE,,REP,LAURA KIMBLE,51
Harrison,PRECINCT 9,REP FOR CONGRESSIONAL DIST EXEC COMMITTEE DIST 2 FEMALE,,REP,LAURA KIMBLE,28
Harrison,PRECINCT 10,REP FOR CONGRESSIONAL DIST EXEC COMMITTEE DIST 2 FEMALE,,REP,LAURA KIMBLE,24
Harrison,PRECINCT 14,REP FOR CONGRESSIONAL DIST EXEC COMMITTEE DIST 2 FEMALE,,REP,LAURA KIMBLE,69
Harrison,PRECINCT 28,REP FOR CONGRESSIONAL DIST EXEC COMMITTEE DIST 2 FEMALE,,REP,LAURA KIMBLE,40
Harrison,PRECINCT 33,REP FOR CONGRESSIONAL DIST EXEC COMMITTEE DIST 2 FEMALE,,REP,LAURA KIMBLE,60
Harrison,PRECINCT 36A,REP FOR CONGRESSIONAL DIST EXEC COMMITTEE DIST 2 FEMALE,,REP,LAURA KIMBLE,27
Harrison,PRECINCT 43,REP FOR CONGRESSIONAL DIST EXEC COMMITTEE DIST 2 FEMALE,,REP,LAURA KIMBLE,29
Harrison,PRECINCT 44,REP FOR CONGRESSIONAL DIST EXEC COMMITTEE DIST 2 FEMALE,,REP,LAURA KIMBLE,18
Harrison,PRECINCT 45,REP FOR CONGRESSIONAL DIST EXEC COMMITTEE DIST 2 FEMALE,,REP,LAURA KIMBLE,51
Harrison,PRECINCT 46,REP FOR CONGRESSIONAL DIST EXEC COMMITTEE DIST 2 FEMALE,,REP,LAURA KIMBLE,37
Harrison,PRECINCT 48,REP FOR CONGRESSIONAL DIST EXEC COMMITTEE DIST 2 FEMALE,,REP,LAURA KIMBLE,36
Harrison,PRECINCT 50,REP FOR CONGRESSIONAL DIST EXEC COMMITTEE DIST 2 FEMALE,,REP,LAURA KIMBLE,39
Harrison,PRECINCT 51,REP FOR CONGRESSIONAL DIST EXEC COMMITTEE DIST 2 FEMALE,,REP,LAURA KIMBLE,19
Harrison,PRECINCT 52,REP FOR CONGRESSIONAL DIST EXEC COMMITTEE DIST 2 FEMALE,,REP,LAURA KIMBLE,46
Harrison,PRECINCT 53,REP FOR CONGRESSIONAL DIST EXEC COMMITTEE DIST 2 FEMALE,,REP,LAURA KIMBLE,18
Harrison,PRECINCT 59,REP FOR CONGRESSIONAL DIST EXEC COMMITTEE DIST 2 FEMALE,,REP,LAURA KIMBLE,18
Harrison,PRECINCT 61,REP FOR CONGRESSIONAL DIST EXEC COMMITTEE DIST 2 FEMALE,,REP,LAURA KIMBLE,39
Harrison,PRECINCT 63,REP FOR CONGRESSIONAL DIST EXEC COMMITTEE DIST 2 FEMALE,,REP,LAURA KIMBLE,40
Harrison,PRECINCT 66,REP FOR CONGRESSIONAL DIST EXEC COMMITTEE DIST 2 FEMALE,,REP,LAURA KIMBLE,19
Harrison,PRECINCT 66A,REP FOR CONGRESSIONAL DIST EXEC COMMITTEE DIST 2 FEMALE,,REP,LAURA KIMBLE,2
Harrison,PRECINCT 66B,REP FOR CONGRESSIONAL DIST EXEC COMMITTEE DIST 2 FEMALE,,REP,LAURA KIMBLE,3
Harrison,PRECINCT 68,REP FOR CONGRESSIONAL DIST EXEC COMMITTEE DIST 2 FEMALE,,REP,LAURA KIMBLE,46
Harrison,PRECINCT 74,REP FOR CONGRESSIONAL DIST EXEC COMMITTEE DIST 2 FEMALE,,REP,LAURA KIMBLE,65
Harrison,PRECINCT 80,REP FOR CONGRESSIONAL DIST EXEC COMMITTEE DIST 2 FEMALE,,REP,LAURA KIMBLE,78
Harrison,PRECINCT 87,REP FOR CONGRESSIONAL DIST EXEC COMMITTEE DIST 2 FEMALE,,REP,LAURA KIMBLE,17
Harrison,PRECINCT 92,REP FOR CONGRESSIONAL DIST EXEC COMMITTEE DIST 2 FEMALE,,REP,LAURA KIMBLE,29
Harrison,PRECINCT 95,REP FOR CONGRESSIONAL DIST EXEC COMMITTEE DIST 2 FEMALE,,REP,LAURA KIMBLE,28
Harrison,PRECINCT 96,REP FOR CONGRESSIONAL DIST EXEC COMMITTEE DIST 2 FEMALE,,REP,LAURA KIMBLE,36
Harrison,PRECINCT 98,REP FOR CONGRESSIONAL DIST EXEC COMMITTEE DIST 2 FEMALE,,REP,LAURA KIMBLE,20
Harrison,PRECINCT 102,REP FOR CONGRESSIONAL DIST EXEC COMMITTEE DIST 2 FEMALE,,REP,LAURA KIMBLE,90
Harrison,PRECINCT 103,REP FOR CONGRESSIONAL DIST EXEC COMMITTEE DIST 2 FEMALE,,REP,LAURA KIMBLE,25
Harrison,PRECINCT 104,REP FOR CONGRESSIONAL DIST EXEC COMMITTEE DIST 2 FEMALE,,REP,LAURA KIMBLE,36
Harrison,PRECINCT 106,REP FOR CONGRESSIONAL DIST EXEC COMMITTEE DIST 2 FEMALE,,REP,LAURA KIMBLE,32
Harrison,PRECINCT 107,REP FOR CONGRESSIONAL DIST EXEC COMMITTEE DIST 2 FEMALE,,REP,LAURA KIMBLE,13
Harrison,PRECINCT 108,REP FOR CONGRESSIONAL DIST EXEC COMMITTEE DIST 2 FEMALE,,REP,LAURA KIMBLE,43
Harrison,PRECINCT 110,REP FOR CONGRESSIONAL DIST EXEC COMMITTEE DIST 2 FEMALE,,REP,LAURA KIMBLE,27
Harrison,PRECINCT 114,REP FOR CONGRESSIONAL DIST EXEC COMMITTEE DIST 2 FEMALE,,REP,LAURA KIMBLE,20
Harrison,PRECINCT 114A,REP FOR CONGRESSIONAL DIST EXEC COMMITTEE DIST 2 FEMALE,,REP,LAURA KIMBLE,4
Harrison,PRECINCT 118,REP FOR CONGRESSIONAL DIST EXEC COMMITTEE DIST 2 FEMALE,,REP,LAURA KIMBLE,15
Harrison,PRECINCT 120,REP FOR CONGRESSIONAL DIST EXEC COMMITTEE DIST 2 FEMALE,,REP,LAURA KIMBLE,64
Harrison,PRECINCT 121,REP FOR CONGRESSIONAL DIST EXEC COMMITTEE DIST 2 FEMALE,,REP,LAURA KIMBLE,15
Harrison,PRECINCT 122,REP FOR CONGRESSIONAL DIST EXEC COMMITTEE DIST 2 FEMALE,,REP,LAURA KIMBLE,31
Harrison,PRECINCT 123,REP FOR CONGRESSIONAL DIST EXEC COMMITTEE DIST 2 FEMALE,,REP,LAURA KIMBLE,173
Harrison,PRECINCT 125,REP FOR CONGRESSIONAL DIST EXEC COMMITTEE DIST 2 FEMALE,,REP,LAURA KIMBLE,80
Harrison,PRECINCT 126,REP FOR CONGRESSIONAL DIST EXEC COMMITTEE DIST 2 FEMALE,,REP,LAURA KIMBLE,77
Harrison,PRECINCT 128,REP FOR CONGRESSIONAL DIST EXEC COMMITTEE DIST 2 FEMALE,,REP,LAURA KIMBLE,61
Harrison,PRECINCT 129,REP FOR CONGRESSIONAL DIST EXEC COMMITTEE DIST 2 FEMALE,,REP,LAURA KIMBLE,127
Harrison,PRECINCT 129B,REP FOR CONGRESSIONAL DIST EXEC COMMITTEE DIST 2 FEMALE,,REP,LAURA KIMBLE,95
Harrison,PRECINCT 129C,REP FOR CONGRESSIONAL DIST EXEC COMMITTEE DIST 2 FEMALE,,REP,LAURA KIMBLE,40
Harrison,PRECINCT 130,REP FOR CONGRESSIONAL DIST EXEC COMMITTEE DIST 2 FEMALE,,REP,LAURA KIMBLE,20
Harrison,PRECINCT 132,REP FOR CONGRESSIONAL DIST EXEC COMMITTEE DIST 2 FEMALE,,REP,LAURA KIMBLE,18
Harrison,PRECINCT 133,REP FOR CONGRESSIONAL DIST EXEC COMMITTEE DIST 2 FEMALE,,REP,LAURA KIMBLE,44
Harrison,PRECINCT 134,REP FOR CONGRESSIONAL DIST EXEC COMMITTEE DIST 2 FEMALE,,REP,LAURA KIMBLE,29
Harrison,PRECINCT 135,REP FOR CONGRESSIONAL DIST EXEC COMMITTEE DIST 2 FEMALE,,REP,LAURA KIMBLE,14
Harrison,PRECINCT 136,REP FOR CONGRESSIONAL DIST EXEC COMMITTEE DIST 2 FEMALE,,REP,LAURA KIMBLE,9
Harrison,PRECINCT 137,REP FOR CONGRESSIONAL DIST EXEC COMMITTEE DIST 2 FEMALE,,REP,LAURA KIMBLE,10
Harrison,PRECINCT 143,REP FOR CONGRESSIONAL DIST EXEC COMMITTEE DIST 2 FEMALE,,REP,LAURA KIMBLE,66
Harrison,PRECINCT 144,REP FOR CONGRESSIONAL DIST EXEC COMMITTEE DIST 2 FEMALE,,REP,LAURA KIMBLE,23
Harrison,PRECINCT 144A,REP FOR CONGRESSIONAL DIST EXEC COMMITTEE DIST 2 FEMALE,,REP,LAURA KIMBLE,16
Harrison,PRECINCT 145,REP FOR CONGRESSIONAL DIST EXEC COMMITTEE DIST 2 FEMALE,,REP,LAURA KIMBLE,38
Harrison,PRECINCT 1,REP FOR CONGRESSIONAL DIST EXEC COMMITTEE DIST 2 FEMALE,,REP,DIANA CRITCHFIELD,53
Harrison,PRECINCT 1A,REP FOR CONGRESSIONAL DIST EXEC COMMITTEE DIST 2 FEMALE,,REP,DIANA CRITCHFIELD,2
Harrison,PRECINCT 2,REP FOR CONGRESSIONAL DIST EXEC COMMITTEE DIST 2 FEMALE,,REP,DIANA CRITCHFIELD,2
Harrison,PRECINCT 4,REP FOR CONGRESSIONAL DIST EXEC COMMITTEE DIST 2 FEMALE,,REP,DIANA CRITCHFIELD,33
Harrison,PRECINCT 6,REP FOR CONGRESSIONAL DIST EXEC COMMITTEE DIST 2 FEMALE,,REP,DIANA CRITCHFIELD,24
Harrison,PRECINCT 9,REP FOR CONGRESSIONAL DIST EXEC COMMITTEE DIST 2 FEMALE,,REP,DIANA CRITCHFIELD,14
Harrison,PRECINCT 10,REP FOR CONGRESSIONAL DIST EXEC COMMITTEE DIST 2 FEMALE,,REP,DIANA CRITCHFIELD,16
Harrison,PRECINCT 14,REP FOR CONGRESSIONAL DIST EXEC COMMITTEE DIST 2 FEMALE,,REP,DIANA CRITCHFIELD,53
Harrison,PRECINCT 28,REP FOR CONGRESSIONAL DIST EXEC COMMITTEE DIST 2 FEMALE,,REP,DIANA CRITCHFIELD,27
Harrison,PRECINCT 33,REP FOR CONGRESSIONAL DIST EXEC COMMITTEE DIST 2 FEMALE,,REP,DIANA CRITCHFIELD,54
Harrison,PRECINCT 36A,REP FOR CONGRESSIONAL DIST EXEC COMMITTEE DIST 2 FEMALE,,REP,DIANA CRITCHFIELD,18
Harrison,PRECINCT 43,REP FOR CONGRESSIONAL DIST EXEC COMMITTEE DIST 2 FEMALE,,REP,DIANA CRITCHFIELD,9
Harrison,PRECINCT 44,REP FOR CONGRESSIONAL DIST EXEC COMMITTEE DIST 2 FEMALE,,REP,DIANA CRITCHFIELD,8
Harrison,PRECINCT 45,REP FOR CONGRESSIONAL DIST EXEC COMMITTEE DIST 2 FEMALE,,REP,DIANA CRITCHFIELD,17
Harrison,PRECINCT 46,REP FOR CONGRESSIONAL DIST EXEC COMMITTEE DIST 2 FEMALE,,REP,DIANA CRITCHFIELD,16
Harrison,PRECINCT 48,REP FOR CONGRESSIONAL DIST EXEC COMMITTEE DIST 2 FEMALE,,REP,DIANA CRITCHFIELD,19
Harrison,PRECINCT 50,REP FOR CONGRESSIONAL DIST EXEC COMMITTEE DIST 2 FEMALE,,REP,DIANA CRITCHFIELD,16
Harrison,PRECINCT 51,REP FOR CONGRESSIONAL DIST EXEC COMMITTEE DIST 2 FEMALE,,REP,DIANA CRITCHFIELD,6
Harrison,PRECINCT 52,REP FOR CONGRESSIONAL DIST EXEC COMMITTEE DIST 2 FEMALE,,REP,DIANA CRITCHFIELD,11
Harrison,PRECINCT 53,REP FOR CONGRESSIONAL DIST EXEC COMMITTEE DIST 2 FEMALE,,REP,DIANA CRITCHFIELD,10
Harrison,PRECINCT 59,REP FOR CONGRESSIONAL DIST EXEC COMMITTEE DIST 2 FEMALE,,REP,DIANA CRITCHFIELD,14
Harrison,PRECINCT 61,REP FOR CONGRESSIONAL DIST EXEC COMMITTEE DIST 2 FEMALE,,REP,DIANA CRITCHFIELD,30
Harrison,PRECINCT 63,REP FOR CONGRESSIONAL DIST EXEC COMMITTEE DIST 2 FEMALE,,REP,DIANA CRITCHFIELD,25
Harrison,PRECINCT 66,REP FOR CONGRESSIONAL DIST EXEC COMMITTEE DIST 2 FEMALE,,REP,DIANA CRITCHFIELD,10
Harrison,PRECINCT 66A,REP FOR CONGRESSIONAL DIST EXEC COMMITTEE DIST 2 FEMALE,,REP,DIANA CRITCHFIELD,1
Harrison,PRECINCT 66B,REP FOR CONGRESSIONAL DIST EXEC COMMITTEE DIST 2 FEMALE,,REP,DIANA CRITCHFIELD,1
Harrison,PRECINCT 68,REP FOR CONGRESSIONAL DIST EXEC COMMITTEE DIST 2 FEMALE,,REP,DIANA CRITCHFIELD,30
Harrison,PRECINCT 74,REP FOR CONGRESSIONAL DIST EXEC COMMITTEE DIST 2 FEMALE,,REP,DIANA CRITCHFIELD,32
Harrison,PRECINCT 80,REP FOR CONGRESSIONAL DIST EXEC COMMITTEE DIST 2 FEMALE,,REP,DIANA CRITCHFIELD,48
Harrison,PRECINCT 87,REP FOR CONGRESSIONAL DIST EXEC COMMITTEE DIST 2 FEMALE,,REP,DIANA CRITCHFIELD,9
Harrison,PRECINCT 92,REP FOR CONGRESSIONAL DIST EXEC COMMITTEE DIST 2 FEMALE,,REP,DIANA CRITCHFIELD,19
Harrison,PRECINCT 95,REP FOR CONGRESSIONAL DIST EXEC COMMITTEE DIST 2 FEMALE,,REP,DIANA CRITCHFIELD,13
Harrison,PRECINCT 96,REP FOR CONGRESSIONAL DIST EXEC COMMITTEE DIST 2 FEMALE,,REP,DIANA CRITCHFIELD,12
Harrison,PRECINCT 98,REP FOR CONGRESSIONAL DIST EXEC COMMITTEE DIST 2 FEMALE,,REP,DIANA CRITCHFIELD,11
Harrison,PRECINCT 102,REP FOR CONGRESSIONAL DIST EXEC COMMITTEE DIST 2 FEMALE,,REP,DIANA CRITCHFIELD,53
Harrison,PRECINCT 103,REP FOR CONGRESSIONAL DIST EXEC COMMITTEE DIST 2 FEMALE,,REP,DIANA CRITCHFIELD,15
Harrison,PRECINCT 104,REP FOR CONGRESSIONAL DIST EXEC COMMITTEE DIST 2 FEMALE,,REP,DIANA CRITCHFIELD,26
Harrison,PRECINCT 106,REP FOR CONGRESSIONAL DIST EXEC COMMITTEE DIST 2 FEMALE,,REP,DIANA CRITCHFIELD,11
Harrison,PRECINCT 107,REP FOR CONGRESSIONAL DIST EXEC COMMITTEE DIST 2 FEMALE,,REP,DIANA CRITCHFIELD,7
Harrison,PRECINCT 108,REP FOR CONGRESSIONAL DIST EXEC COMMITTEE DIST 2 FEMALE,,REP,DIANA CRITCHFIELD,33
Harrison,PRECINCT 110,REP FOR CONGRESSIONAL DIST EXEC COMMITTEE DIST 2 FEMALE,,REP,DIANA CRITCHFIELD,23
Harrison,PRECINCT 114,REP FOR CONGRESSIONAL DIST EXEC COMMITTEE DIST 2 FEMALE,,REP,DIANA CRITCHFIELD,18
Harrison,PRECINCT 114A,REP FOR CONGRESSIONAL DIST EXEC COMMITTEE DIST 2 FEMALE,,REP,DIANA CRITCHFIELD,3
Harrison,PRECINCT 118,REP FOR CONGRESSIONAL DIST EXEC COMMITTEE DIST 2 FEMALE,,REP,DIANA CRITCHFIELD,17
Harrison,PRECINCT 120,REP FOR CONGRESSIONAL DIST EXEC COMMITTEE DIST 2 FEMALE,,REP,DIANA CRITCHFIELD,30
Harrison,PRECINCT 121,REP FOR CONGRESSIONAL DIST EXEC COMMITTEE DIST 2 FEMALE,,REP,DIANA CRITCHFIELD,2
Harrison,PRECINCT 122,REP FOR CONGRESSIONAL DIST EXEC COMMITTEE DIST 2 FEMALE,,REP,DIANA CRITCHFIELD,6
Harrison,PRECINCT 123,REP FOR CONGRESSIONAL DIST EXEC COMMITTEE DIST 2 FEMALE,,REP,DIANA CRITCHFIELD,74
Harrison,PRECINCT 125,REP FOR CONGRESSIONAL DIST EXEC COMMITTEE DIST 2 FEMALE,,REP,DIANA CRITCHFIELD,33
Harrison,PRECINCT 126,REP FOR CONGRESSIONAL DIST EXEC COMMITTEE DIST 2 FEMALE,,REP,DIANA CRITCHFIELD,27
Harrison,PRECINCT 128,REP FOR CONGRESSIONAL DIST EXEC COMMITTEE DIST 2 FEMALE,,REP,DIANA CRITCHFIELD,25
Harrison,PRECINCT 129,REP FOR CONGRESSIONAL DIST EXEC COMMITTEE DIST 2 FEMALE,,REP,DIANA CRITCHFIELD,67
Harrison,PRECINCT 129B,REP FOR CONGRESSIONAL DIST EXEC COMMITTEE DIST 2 FEMALE,,REP,DIANA CRITCHFIELD,53
Harrison,PRECINCT 129C,REP FOR CONGRESSIONAL DIST EXEC COMMITTEE DIST 2 FEMALE,,REP,DIANA CRITCHFIELD,9
Harrison,PRECINCT 130,REP FOR CONGRESSIONAL DIST EXEC COMMITTEE DIST 2 FEMALE,,REP,DIANA CRITCHFIELD,20
Harrison,PRECINCT 132,REP FOR CONGRESSIONAL DIST EXEC COMMITTEE DIST 2 FEMALE,,REP,DIANA CRITCHFIELD,5
Harrison,PRECINCT 133,REP FOR CONGRESSIONAL DIST EXEC COMMITTEE DIST 2 FEMALE,,REP,DIANA CRITCHFIELD,25
Harrison,PRECINCT 134,REP FOR CONGRESSIONAL DIST EXEC COMMITTEE DIST 2 FEMALE,,REP,DIANA CRITCHFIELD,20
Harrison,PRECINCT 135,REP FOR CONGRESSIONAL DIST EXEC COMMITTEE DIST 2 FEMALE,,REP,DIANA CRITCHFIELD,15
Harrison,PRECINCT 136,REP FOR CONGRESSIONAL DIST EXEC COMMITTEE DIST 2 FEMALE,,REP,DIANA CRITCHFIELD,10
Harrison,PRECINCT 137,REP FOR CONGRESSIONAL DIST EXEC COMMITTEE DIST 2 FEMALE,,REP,DIANA CRITCHFIELD,8
Harrison,PRECINCT 143,REP FOR CONGRESSIONAL DIST EXEC COMMITTEE DIST 2 FEMALE,,REP,DIANA CRITCHFIELD,65
Harrison,PRECINCT 144,REP FOR CONGRESSIONAL DIST EXEC COMMITTEE DIST 2 FEMALE,,REP,DIANA CRITCHFIELD,17
Harrison,PRECINCT 144A,REP FOR CONGRESSIONAL DIST EXEC COMMITTEE DIST 2 FEMALE,,REP,DIANA CRITCHFIELD,21
Harrison,PRECINCT 145,REP FOR CONGRESSIONAL DIST EXEC COMMITTEE DIST 2 FEMALE,,REP,DIANA CRITCHFIELD,17
Harrison,PRECINCT 1,DEM FOR CONGRESSIONAL DIST EXEC COMMITTEE DIST 2 FEMALE,,DEM,NO CANDIDATE FILED,0
Harrison,PRECINCT 1A,DEM FOR CONGRESSIONAL DIST EXEC COMMITTEE DIST 2 FEMALE,,DEM,NO CANDIDATE FILED,0
Harrison,PRECINCT 2,DEM FOR CONGRESSIONAL DIST EXEC COMMITTEE DIST 2 FEMALE,,DEM,NO CANDIDATE FILED,0
Harrison,PRECINCT 4,DEM FOR CONGRESSIONAL DIST EXEC COMMITTEE DIST 2 FEMALE,,DEM,NO CANDIDATE FILED,0
Harrison,PRECINCT 6,DEM FOR CONGRESSIONAL DIST EXEC COMMITTEE DIST 2 FEMALE,,DEM,NO CANDIDATE FILED,0
Harrison,PRECINCT 9,DEM FOR CONGRESSIONAL DIST EXEC COMMITTEE DIST 2 FEMALE,,DEM,NO CANDIDATE FILED,0
Harrison,PRECINCT 10,DEM FOR CONGRESSIONAL DIST EXEC COMMITTEE DIST 2 FEMALE,,DEM,NO CANDIDATE FILED,0
Harrison,PRECINCT 14,DEM FOR CONGRESSIONAL DIST EXEC COMMITTEE DIST 2 FEMALE,,DEM,NO CANDIDATE FILED,0
Harrison,PRECINCT 28,DEM FOR CONGRESSIONAL DIST EXEC COMMITTEE DIST 2 FEMALE,,DEM,NO CANDIDATE FILED,0
Harrison,PRECINCT 33,DEM FOR CONGRESSIONAL DIST EXEC COMMITTEE DIST 2 FEMALE,,DEM,NO CANDIDATE FILED,0
Harrison,PRECINCT 36A,DEM FOR CONGRESSIONAL DIST EXEC COMMITTEE DIST 2 FEMALE,,DEM,NO CANDIDATE FILED,0
Harrison,PRECINCT 43,DEM FOR CONGRESSIONAL DIST EXEC COMMITTEE DIST 2 FEMALE,,DEM,NO CANDIDATE FILED,0
Harrison,PRECINCT 44,DEM FOR CONGRESSIONAL DIST EXEC COMMITTEE DIST 2 FEMALE,,DEM,NO CANDIDATE FILED,0
Harrison,PRECINCT 45,DEM FOR CONGRESSIONAL DIST EXEC COMMITTEE DIST 2 FEMALE,,DEM,NO CANDIDATE FILED,0
Harrison,PRECINCT 46,DEM FOR CONGRESSIONAL DIST EXEC COMMITTEE DIST 2 FEMALE,,DEM,NO CANDIDATE FILED,0
Harrison,PRECINCT 48,DEM FOR CONGRESSIONAL DIST EXEC COMMITTEE DIST 2 FEMALE,,DEM,NO CANDIDATE FILED,0
Harrison,PRECINCT 50,DEM FOR CONGRESSIONAL DIST EXEC COMMITTEE DIST 2 FEMALE,,DEM,NO CANDIDATE FILED,0
Harrison,PRECINCT 51,DEM FOR CONGRESSIONAL DIST EXEC COMMITTEE DIST 2 FEMALE,,DEM,NO CANDIDATE FILED,0
Harrison,PRECINCT 52,DEM FOR CONGRESSIONAL DIST EXEC COMMITTEE DIST 2 FEMALE,,DEM,NO CANDIDATE FILED,0
Harrison,PRECINCT 53,DEM FOR CONGRESSIONAL DIST EXEC COMMITTEE DIST 2 FEMALE,,DEM,NO CANDIDATE FILED,0
Harrison,PRECINCT 59,DEM FOR CONGRESSIONAL DIST EXEC COMMITTEE DIST 2 FEMALE,,DEM,NO CANDIDATE FILED,0
Harrison,PRECINCT 61,DEM FOR CONGRESSIONAL DIST EXEC COMMITTEE DIST 2 FEMALE,,DEM,NO CANDIDATE FILED,0
Harrison,PRECINCT 63,DEM FOR CONGRESSIONAL DIST EXEC COMMITTEE DIST 2 FEMALE,,DEM,NO CANDIDATE FILED,0
Harrison,PRECINCT 66,DEM FOR CONGRESSIONAL DIST EXEC COMMITTEE DIST 2 FEMALE,,DEM,NO CANDIDATE FILED,0
Harrison,PRECINCT 66A,DEM FOR CONGRESSIONAL DIST EXEC COMMITTEE DIST 2 FEMALE,,DEM,NO CANDIDATE FILED,0
Harrison,PRECINCT 66B,DEM FOR CONGRESSIONAL DIST EXEC COMMITTEE DIST 2 FEMALE,,DEM,NO CANDIDATE FILED,0
Harrison,PRECINCT 68,DEM FOR CONGRESSIONAL DIST EXEC COMMITTEE DIST 2 FEMALE,,DEM,NO CANDIDATE FILED,0
Harrison,PRECINCT 74,DEM FOR CONGRESSIONAL DIST EXEC COMMITTEE DIST 2 FEMALE,,DEM,NO CANDIDATE FILED,0
Harrison,PRECINCT 80,DEM FOR CONGRESSIONAL DIST EXEC COMMITTEE DIST 2 FEMALE,,DEM,NO CANDIDATE FILED,0
Harrison,PRECINCT 87,DEM FOR CONGRESSIONAL DIST EXEC COMMITTEE DIST 2 FEMALE,,DEM,NO CANDIDATE FILED,0
Harrison,PRECINCT 92,DEM FOR CONGRESSIONAL DIST EXEC COMMITTEE DIST 2 FEMALE,,DEM,NO CANDIDATE FILED,0
Harrison,PRECINCT 95,DEM FOR CONGRESSIONAL DIST EXEC COMMITTEE DIST 2 FEMALE,,DEM,NO CANDIDATE FILED,0
Harrison,PRECINCT 96,DEM FOR CONGRESSIONAL DIST EXEC COMMITTEE DIST 2 FEMALE,,DEM,NO CANDIDATE FILED,0
Harrison,PRECINCT 98,DEM FOR CONGRESSIONAL DIST EXEC COMMITTEE DIST 2 FEMALE,,DEM,NO CANDIDATE FILED,0
Harrison,PRECINCT 102,DEM FOR CONGRESSIONAL DIST EXEC COMMITTEE DIST 2 FEMALE,,DEM,NO CANDIDATE FILED,0
Harrison,PRECINCT 103,DEM FOR CONGRESSIONAL DIST EXEC COMMITTEE DIST 2 FEMALE,,DEM,NO CANDIDATE FILED,0
Harrison,PRECINCT 104,DEM FOR CONGRESSIONAL DIST EXEC COMMITTEE DIST 2 FEMALE,,DEM,NO CANDIDATE FILED,0
Harrison,PRECINCT 106,DEM FOR CONGRESSIONAL DIST EXEC COMMITTEE DIST 2 FEMALE,,DEM,NO CANDIDATE FILED,0
Harrison,PRECINCT 107,DEM FOR CONGRESSIONAL DIST EXEC COMMITTEE DIST 2 FEMALE,,DEM,NO CANDIDATE FILED,0
Harrison,PRECINCT 108,DEM FOR CONGRESSIONAL DIST EXEC COMMITTEE DIST 2 FEMALE,,DEM,NO CANDIDATE FILED,0
Harrison,PRECINCT 110,DEM FOR CONGRESSIONAL DIST EXEC COMMITTEE DIST 2 FEMALE,,DEM,NO CANDIDATE FILED,0
Harrison,PRECINCT 114,DEM FOR CONGRESSIONAL DIST EXEC COMMITTEE DIST 2 FEMALE,,DEM,NO CANDIDATE FILED,0
Harrison,PRECINCT 114A,DEM FOR CONGRESSIONAL DIST EXEC COMMITTEE DIST 2 FEMALE,,DEM,NO CANDIDATE FILED,0
Harrison,PRECINCT 118,DEM FOR CONGRESSIONAL DIST EXEC COMMITTEE DIST 2 FEMALE,,DEM,NO CANDIDATE FILED,0
Harrison,PRECINCT 120,DEM FOR CONGRESSIONAL DIST EXEC COMMITTEE DIST 2 FEMALE,,DEM,NO CANDIDATE FILED,0
Harrison,PRECINCT 121,DEM FOR CONGRESSIONAL DIST EXEC COMMITTEE DIST 2 FEMALE,,DEM,NO CANDIDATE FILED,0
Harrison,PRECINCT 122,DEM FOR CONGRESSIONAL DIST EXEC COMMITTEE DIST 2 FEMALE,,DEM,NO CANDIDATE FILED,0
Harrison,PRECINCT 123,DEM FOR CONGRESSIONAL DIST EXEC COMMITTEE DIST 2 FEMALE,,DEM,NO CANDIDATE FILED,0
Harrison,PRECINCT 125,DEM FOR CONGRESSIONAL DIST EXEC COMMITTEE DIST 2 FEMALE,,DEM,NO CANDIDATE FILED,0
Harrison,PRECINCT 126,DEM FOR CONGRESSIONAL DIST EXEC COMMITTEE DIST 2 FEMALE,,DEM,NO CANDIDATE FILED,0
Harrison,PRECINCT 128,DEM FOR CONGRESSIONAL DIST EXEC COMMITTEE DIST 2 FEMALE,,DEM,NO CANDIDATE FILED,0
Harrison,PRECINCT 129,DEM FOR CONGRESSIONAL DIST EXEC COMMITTEE DIST 2 FEMALE,,DEM,NO CANDIDATE FILED,0
Harrison,PRECINCT 129B,DEM FOR CONGRESSIONAL DIST EXEC COMMITTEE DIST 2 FEMALE,,DEM,NO CANDIDATE FILED,0
Harrison,PRECINCT 129C,DEM FOR CONGRESSIONAL DIST EXEC COMMITTEE DIST 2 FEMALE,,DEM,NO CANDIDATE FILED,0
Harrison,PRECINCT 130,DEM FOR CONGRESSIONAL DIST EXEC COMMITTEE DIST 2 FEMALE,,DEM,NO CANDIDATE FILED,0
Harrison,PRECINCT 132,DEM FOR CONGRESSIONAL DIST EXEC COMMITTEE DIST 2 FEMALE,,DEM,NO CANDIDATE FILED,0
Harrison,PRECINCT 133,DEM FOR CONGRESSIONAL DIST EXEC COMMITTEE DIST 2 FEMALE,,DEM,NO CANDIDATE FILED,0
Harrison,PRECINCT 134,DEM FOR CONGRESSIONAL DIST EXEC COMMITTEE DIST 2 FEMALE,,DEM,NO CANDIDATE FILED,0
Harrison,PRECINCT 135,DEM FOR CONGRESSIONAL DIST EXEC COMMITTEE DIST 2 FEMALE,,DEM,NO CANDIDATE FILED,0
Harrison,PRECINCT 136,DEM FOR CONGRESSIONAL DIST EXEC COMMITTEE DIST 2 FEMALE,,DEM,NO CANDIDATE FILED,0
Harrison,PRECINCT 137,DEM FOR CONGRESSIONAL DIST EXEC COMMITTEE DIST 2 FEMALE,,DEM,NO CANDIDATE FILED,0
Harrison,PRECINCT 143,DEM FOR CONGRESSIONAL DIST EXEC COMMITTEE DIST 2 FEMALE,,DEM,NO CANDIDATE FILED,0
Harrison,PRECINCT 144,DEM FOR CONGRESSIONAL DIST EXEC COMMITTEE DIST 2 FEMALE,,DEM,NO CANDIDATE FILED,0
Harrison,PRECINCT 144A,DEM FOR CONGRESSIONAL DIST EXEC COMMITTEE DIST 2 FEMALE,,DEM,NO CANDIDATE FILED,0
Harrison,PRECINCT 145,DEM FOR CONGRESSIONAL DIST EXEC COMMITTEE DIST 2 FEMALE,,DEM,NO CANDIDATE FILED,0
Harrison,PRECINCT 1,REP FOR CONGRESSIONAL DIST EXEC COMMITTEE DIST 2 MALE,,REP,JEFF KIMBLE,115
Harrison,PRECINCT 1A,REP FOR CONGRESSIONAL DIST EXEC COMMITTEE DIST 2 MALE,,REP,JEFF KIMBLE,9
Harrison,PRECINCT 2,REP FOR CONGRESSIONAL DIST EXEC COMMITTEE DIST 2 MALE,,REP,JEFF KIMBLE,14
Harrison,PRECINCT 4,REP FOR CONGRESSIONAL DIST EXEC COMMITTEE DIST 2 MALE,,REP,JEFF KIMBLE,80
Harrison,PRECINCT 6,REP FOR CONGRESSIONAL DIST EXEC COMMITTEE DIST 2 MALE,,REP,JEFF KIMBLE,60
Harrison,PRECINCT 9,REP FOR CONGRESSIONAL DIST EXEC COMMITTEE DIST 2 MALE,,REP,JEFF KIMBLE,34
Harrison,PRECINCT 10,REP FOR CONGRESSIONAL DIST EXEC COMMITTEE DIST 2 MALE,,REP,JEFF KIMBLE,38
Harrison,PRECINCT 14,REP FOR CONGRESSIONAL DIST EXEC COMMITTEE DIST 2 MALE,,REP,JEFF KIMBLE,102
Harrison,PRECINCT 28,REP FOR CONGRESSIONAL DIST EXEC COMMITTEE DIST 2 MALE,,REP,JEFF KIMBLE,60
Harrison,PRECINCT 33,REP FOR CONGRESSIONAL DIST EXEC COMMITTEE DIST 2 MALE,,REP,JEFF KIMBLE,100
Harrison,PRECINCT 36A,REP FOR CONGRESSIONAL DIST EXEC COMMITTEE DIST 2 MALE,,REP,JEFF KIMBLE,40
Harrison,PRECINCT 43,REP FOR CONGRESSIONAL DIST EXEC COMMITTEE DIST 2 MALE,,REP,JEFF KIMBLE,33
Harrison,PRECINCT 44,REP FOR CONGRESSIONAL DIST EXEC COMMITTEE DIST 2 MALE,,REP,JEFF KIMBLE,22
Harrison,PRECINCT 45,REP FOR CONGRESSIONAL DIST EXEC COMMITTEE DIST 2 MALE,,REP,JEFF KIMBLE,55
Harrison,PRECINCT 46,REP FOR CONGRESSIONAL DIST EXEC COMMITTEE DIST 2 MALE,,REP,JEFF KIMBLE,50
Harrison,PRECINCT 48,REP FOR CONGRESSIONAL DIST EXEC COMMITTEE DIST 2 MALE,,REP,JEFF KIMBLE,54
Harrison,PRECINCT 50,REP FOR CONGRESSIONAL DIST EXEC COMMITTEE DIST 2 MALE,,REP,JEFF KIMBLE,51
Harrison,PRECINCT 51,REP FOR CONGRESSIONAL DIST EXEC COMMITTEE DIST 2 MALE,,REP,JEFF KIMBLE,22
Harrison,PRECINCT 52,REP FOR CONGRESSIONAL DIST EXEC COMMITTEE DIST 2 MALE,,REP,JEFF KIMBLE,47
Harrison,PRECINCT 53,REP FOR CONGRESSIONAL DIST EXEC COMMITTEE DIST 2 MALE,,REP,JEFF KIMBLE,26
Harrison,PRECINCT 59,REP FOR CONGRESSIONAL DIST EXEC COMMITTEE DIST 2 MALE,,REP,JEFF KIMBLE,29
Harrison,PRECINCT 61,REP FOR CONGRESSIONAL DIST EXEC COMMITTEE DIST 2 MALE,,REP,JEFF KIMBLE,60
Harrison,PRECINCT 63,REP FOR CONGRESSIONAL DIST EXEC COMMITTEE DIST 2 MALE,,REP,JEFF KIMBLE,56
Harrison,PRECINCT 66,REP FOR CONGRESSIONAL DIST EXEC COMMITTEE DIST 2 MALE,,REP,JEFF KIMBLE,27
Harrison,PRECINCT 66A,REP FOR CONGRESSIONAL DIST EXEC COMMITTEE DIST 2 MALE,,REP,JEFF KIMBLE,2
Harrison,PRECINCT 66B,REP FOR CONGRESSIONAL DIST EXEC COMMITTEE DIST 2 MALE,,REP,JEFF KIMBLE,4
Harrison,PRECINCT 68,REP FOR CONGRESSIONAL DIST EXEC COMMITTEE DIST 2 MALE,,REP,JEFF KIMBLE,65
Harrison,PRECINCT 74,REP FOR CONGRESSIONAL DIST EXEC COMMITTEE DIST 2 MALE,,REP,JEFF KIMBLE,88
Harrison,PRECINCT 80,REP FOR CONGRESSIONAL DIST EXEC COMMITTEE DIST 2 MALE,,REP,JEFF KIMBLE,104
Harrison,PRECINCT 87,REP FOR CONGRESSIONAL DIST EXEC COMMITTEE DIST 2 MALE,,REP,JEFF KIMBLE,23
Harrison,PRECINCT 92,REP FOR CONGRESSIONAL DIST EXEC COMMITTEE DIST 2 MALE,,REP,JEFF KIMBLE,41
Harrison,PRECINCT 95,REP FOR CONGRESSIONAL DIST EXEC COMMITTEE DIST 2 MALE,,REP,JEFF KIMBLE,36
Harrison,PRECINCT 96,REP FOR CONGRESSIONAL DIST EXEC COMMITTEE DIST 2 MALE,,REP,JEFF KIMBLE,44
Harrison,PRECINCT 98,REP FOR CONGRESSIONAL DIST EXEC COMMITTEE DIST 2 MALE,,REP,JEFF KIMBLE,30
Harrison,PRECINCT 102,REP FOR CONGRESSIONAL DIST EXEC COMMITTEE DIST 2 MALE,,REP,JEFF KIMBLE,127
Harrison,PRECINCT 103,REP FOR CONGRESSIONAL DIST EXEC COMMITTEE DIST 2 MALE,,REP,JEFF KIMBLE,32
Harrison,PRECINCT 104,REP FOR CONGRESSIONAL DIST EXEC COMMITTEE DIST 2 MALE,,REP,JEFF KIMBLE,49
Harrison,PRECINCT 106,REP FOR CONGRESSIONAL DIST EXEC COMMITTEE DIST 2 MALE,,REP,JEFF KIMBLE,40
Harrison,PRECINCT 107,REP FOR CONGRESSIONAL DIST EXEC COMMITTEE DIST 2 MALE,,REP,JEFF KIMBLE,17
Harrison,PRECINCT 108,REP FOR CONGRESSIONAL DIST EXEC COMMITTEE DIST 2 MALE,,REP,JEFF KIMBLE,63
Harrison,PRECINCT 110,REP FOR CONGRESSIONAL DIST EXEC COMMITTEE DIST 2 MALE,,REP,JEFF KIMBLE,46
Harrison,PRECINCT 114,REP FOR CONGRESSIONAL DIST EXEC COMMITTEE DIST 2 MALE,,REP,JEFF KIMBLE,30
Harrison,PRECINCT 114A,REP FOR CONGRESSIONAL DIST EXEC COMMITTEE DIST 2 MALE,,REP,JEFF KIMBLE,8
Harrison,PRECINCT 118,REP FOR CONGRESSIONAL DIST EXEC COMMITTEE DIST 2 MALE,,REP,JEFF KIMBLE,25
Harrison,PRECINCT 120,REP FOR CONGRESSIONAL DIST EXEC COMMITTEE DIST 2 MALE,,REP,JEFF KIMBLE,83
Harrison,PRECINCT 121,REP FOR CONGRESSIONAL DIST EXEC COMMITTEE DIST 2 MALE,,REP,JEFF KIMBLE,16
Harrison,PRECINCT 122,REP FOR CONGRESSIONAL DIST EXEC COMMITTEE DIST 2 MALE,,REP,JEFF KIMBLE,33
Harrison,PRECINCT 123,REP FOR CONGRESSIONAL DIST EXEC COMMITTEE DIST 2 MALE,,REP,JEFF KIMBLE,213
Harrison,PRECINCT 125,REP FOR CONGRESSIONAL DIST EXEC COMMITTEE DIST 2 MALE,,REP,JEFF KIMBLE,90
Harrison,PRECINCT 126,REP FOR CONGRESSIONAL DIST EXEC COMMITTEE DIST 2 MALE,,REP,JEFF KIMBLE,87
Harrison,PRECINCT 128,REP FOR CONGRESSIONAL DIST EXEC COMMITTEE DIST 2 MALE,,REP,JEFF KIMBLE,75
Harrison,PRECINCT 129,REP FOR CONGRESSIONAL DIST EXEC COMMITTEE DIST 2 MALE,,REP,JEFF KIMBLE,154
Harrison,PRECINCT 129B,REP FOR CONGRESSIONAL DIST EXEC COMMITTEE DIST 2 MALE,,REP,JEFF KIMBLE,124
Harrison,PRECINCT 129C,REP FOR CONGRESSIONAL DIST EXEC COMMITTEE DIST 2 MALE,,REP,JEFF KIMBLE,44
Harrison,PRECINCT 130,REP FOR CONGRESSIONAL DIST EXEC COMMITTEE DIST 2 MALE,,REP,JEFF KIMBLE,36
Harrison,PRECINCT 132,REP FOR CONGRESSIONAL DIST EXEC COMMITTEE DIST 2 MALE,,REP,JEFF KIMBLE,17
Harrison,PRECINCT 133,REP FOR CONGRESSIONAL DIST EXEC COMMITTEE DIST 2 MALE,,REP,JEFF KIMBLE,62
Harrison,PRECINCT 134,REP FOR CONGRESSIONAL DIST EXEC COMMITTEE DIST 2 MALE,,REP,JEFF KIMBLE,40
Harrison,PRECINCT 135,REP FOR CONGRESSIONAL DIST EXEC COMMITTEE DIST 2 MALE,,REP,JEFF KIMBLE,28
Harrison,PRECINCT 136,REP FOR CONGRESSIONAL DIST EXEC COMMITTEE DIST 2 MALE,,REP,JEFF KIMBLE,15
Harrison,PRECINCT 137,REP FOR CONGRESSIONAL DIST EXEC COMMITTEE DIST 2 MALE,,REP,JEFF KIMBLE,17
Harrison,PRECINCT 143,REP FOR CONGRESSIONAL DIST EXEC COMMITTEE DIST 2 MALE,,REP,JEFF KIMBLE,119
Harrison,PRECINCT 144,REP FOR CONGRESSIONAL DIST EXEC COMMITTEE DIST 2 MALE,,REP,JEFF KIMBLE,37
Harrison,PRECINCT 144A,REP FOR CONGRESSIONAL DIST EXEC COMMITTEE DIST 2 MALE,,REP,JEFF KIMBLE,30
Harrison,PRECINCT 145,REP FOR CONGRESSIONAL DIST EXEC COMMITTEE DIST 2 MALE,,REP,JEFF KIMBLE,45
Harrison,PRECINCT 1,DEM FOR CONGRESSIONAL DIST EXEC COMMITTEE DIST 2 MALE,,DEM,XAVIER SCOTT,109
Harrison,PRECINCT 1A,DEM FOR CONGRESSIONAL DIST EXEC COMMITTEE DIST 2 MALE,,DEM,XAVIER SCOTT,6
Harrison,PRECINCT 2,DEM FOR CONGRESSIONAL DIST EXEC COMMITTEE DIST 2 MALE,,DEM,XAVIER SCOTT,15
Harrison,PRECINCT 4,DEM FOR CONGRESSIONAL DIST EXEC COMMITTEE DIST 2 MALE,,DEM,XAVIER SCOTT,143
Harrison,PRECINCT 6,DEM FOR CONGRESSIONAL DIST EXEC COMMITTEE DIST 2 MALE,,DEM,XAVIER SCOTT,93
Harrison,PRECINCT 9,DEM FOR CONGRESSIONAL DIST EXEC COMMITTEE DIST 2 MALE,,DEM,XAVIER SCOTT,50
Harrison,PRECINCT 10,DEM FOR CONGRESSIONAL DIST EXEC COMMITTEE DIST 2 MALE,,DEM,XAVIER SCOTT,34
Harrison,PRECINCT 14,DEM FOR CONGRESSIONAL DIST EXEC COMMITTEE DIST 2 MALE,,DEM,XAVIER SCOTT,224
Harrison,PRECINCT 28,DEM FOR CONGRESSIONAL DIST EXEC COMMITTEE DIST 2 MALE,,DEM,XAVIER SCOTT,113
Harrison,PRECINCT 33,DEM FOR CONGRESSIONAL DIST EXEC COMMITTEE DIST 2 MALE,,DEM,XAVIER SCOTT,151
Harrison,PRECINCT 36A,DEM FOR CONGRESSIONAL DIST EXEC COMMITTEE DIST 2 MALE,,DEM,XAVIER SCOTT,49
Harrison,PRECINCT 43,DEM FOR CONGRESSIONAL DIST EXEC COMMITTEE DIST 2 MALE,,DEM,XAVIER SCOTT,13
Harrison,PRECINCT 44,DEM FOR CONGRESSIONAL DIST EXEC COMMITTEE DIST 2 MALE,,DEM,XAVIER SCOTT,18
Harrison,PRECINCT 45,DEM FOR CONGRESSIONAL DIST EXEC COMMITTEE DIST 2 MALE,,DEM,XAVIER SCOTT,25
Harrison,PRECINCT 46,DEM FOR CONGRESSIONAL DIST EXEC COMMITTEE DIST 2 MALE,,DEM,XAVIER SCOTT,32
Harrison,PRECINCT 48,DEM FOR CONGRESSIONAL DIST EXEC COMMITTEE DIST 2 MALE,,DEM,XAVIER SCOTT,38
Harrison,PRECINCT 50,DEM FOR CONGRESSIONAL DIST EXEC COMMITTEE DIST 2 MALE,,DEM,XAVIER SCOTT,52
Harrison,PRECINCT 51,DEM FOR CONGRESSIONAL DIST EXEC COMMITTEE DIST 2 MALE,,DEM,XAVIER SCOTT,32
Harrison,PRECINCT 52,DEM FOR CONGRESSIONAL DIST EXEC COMMITTEE DIST 2 MALE,,DEM,XAVIER SCOTT,31
Harrison,PRECINCT 53,DEM FOR CONGRESSIONAL DIST EXEC COMMITTEE DIST 2 MALE,,DEM,XAVIER SCOTT,21
Harrison,PRECINCT 59,DEM FOR CONGRESSIONAL DIST EXEC COMMITTEE DIST 2 MALE,,DEM,XAVIER SCOTT,30
Harrison,PRECINCT 61,DEM FOR CONGRESSIONAL DIST EXEC COMMITTEE DIST 2 MALE,,DEM,XAVIER SCOTT,52
Harrison,PRECINCT 63,DEM FOR CONGRESSIONAL DIST EXEC COMMITTEE DIST 2 MALE,,DEM,XAVIER SCOTT,51
Harrison,PRECINCT 66,DEM FOR CONGRESSIONAL DIST EXEC COMMITTEE DIST 2 MALE,,DEM,XAVIER SCOTT,44
Harrison,PRECINCT 66A,DEM FOR CONGRESSIONAL DIST EXEC COMMITTEE DIST 2 MALE,,DEM,XAVIER SCOTT,11
Harrison,PRECINCT 66B,DEM FOR CONGRESSIONAL DIST EXEC COMMITTEE DIST 2 MALE,,DEM,XAVIER SCOTT,6
Harrison,PRECINCT 68,DEM FOR CONGRESSIONAL DIST EXEC COMMITTEE DIST 2 MALE,,DEM,XAVIER SCOTT,132
Harrison,PRECINCT 74,DEM FOR CONGRESSIONAL DIST EXEC COMMITTEE DIST 2 MALE,,DEM,XAVIER SCOTT,125
Harrison,PRECINCT 80,DEM FOR CONGRESSIONAL DIST EXEC COMMITTEE DIST 2 MALE,,DEM,XAVIER SCOTT,187
Harrison,PRECINCT 87,DEM FOR CONGRESSIONAL DIST EXEC COMMITTEE DIST 2 MALE,,DEM,XAVIER SCOTT,21
Harrison,PRECINCT 92,DEM FOR CONGRESSIONAL DIST EXEC COMMITTEE DIST 2 MALE,,DEM,XAVIER SCOTT,22
Harrison,PRECINCT 95,DEM FOR CONGRESSIONAL DIST EXEC COMMITTEE DIST 2 MALE,,DEM,XAVIER SCOTT,23
Harrison,PRECINCT 96,DEM FOR CONGRESSIONAL DIST EXEC COMMITTEE DIST 2 MALE,,DEM,XAVIER SCOTT,41
Harrison,PRECINCT 98,DEM FOR CONGRESSIONAL DIST EXEC COMMITTEE DIST 2 MALE,,DEM,XAVIER SCOTT,18
Harrison,PRECINCT 102,DEM FOR CONGRESSIONAL DIST EXEC COMMITTEE DIST 2 MALE,,DEM,XAVIER SCOTT,98
Harrison,PRECINCT 103,DEM FOR CONGRESSIONAL DIST EXEC COMMITTEE DIST 2 MALE,,DEM,XAVIER SCOTT,17
Harrison,PRECINCT 104,DEM FOR CONGRESSIONAL DIST EXEC COMMITTEE DIST 2 MALE,,DEM,XAVIER SCOTT,20
Harrison,PRECINCT 106,DEM FOR CONGRESSIONAL DIST EXEC COMMITTEE DIST 2 MALE,,DEM,XAVIER SCOTT,21
Harrison,PRECINCT 107,DEM FOR CONGRESSIONAL DIST EXEC COMMITTEE DIST 2 MALE,,DEM,XAVIER SCOTT,19
Harrison,PRECINCT 108,DEM FOR CONGRESSIONAL DIST EXEC COMMITTEE DIST 2 MALE,,DEM,XAVIER SCOTT,29
Harrison,PRECINCT 110,DEM FOR CONGRESSIONAL DIST EXEC COMMITTEE DIST 2 MALE,,DEM,XAVIER SCOTT,38
Harrison,PRECINCT 114,DEM FOR CONGRESSIONAL DIST EXEC COMMITTEE DIST 2 MALE,,DEM,XAVIER SCOTT,32
Harrison,PRECINCT 114A,DEM FOR CONGRESSIONAL DIST EXEC COMMITTEE DIST 2 MALE,,DEM,XAVIER SCOTT,5
Harrison,PRECINCT 118,DEM FOR CONGRESSIONAL DIST EXEC COMMITTEE DIST 2 MALE,,DEM,XAVIER SCOTT,20
Harrison,PRECINCT 120,DEM FOR CONGRESSIONAL DIST EXEC COMMITTEE DIST 2 MALE,,DEM,XAVIER SCOTT,34
Harrison,PRECINCT 121,DEM FOR CONGRESSIONAL DIST EXEC COMMITTEE DIST 2 MALE,,DEM,XAVIER SCOTT,22
Harrison,PRECINCT 122,DEM FOR CONGRESSIONAL DIST EXEC COMMITTEE DIST 2 MALE,,DEM,XAVIER SCOTT,21
Harrison,PRECINCT 123,DEM FOR CONGRESSIONAL DIST EXEC COMMITTEE DIST 2 MALE,,DEM,XAVIER SCOTT,169
Harrison,PRECINCT 125,DEM FOR CONGRESSIONAL DIST EXEC COMMITTEE DIST 2 MALE,,DEM,XAVIER SCOTT,89
Harrison,PRECINCT 126,DEM FOR CONGRESSIONAL DIST EXEC COMMITTEE DIST 2 MALE,,DEM,XAVIER SCOTT,84
Harrison,PRECINCT 128,DEM FOR CONGRESSIONAL DIST EXEC COMMITTEE DIST 2 MALE,,DEM,XAVIER SCOTT,69
Harrison,PRECINCT 129,DEM FOR CONGRESSIONAL DIST EXEC COMMITTEE DIST 2 MALE,,DEM,XAVIER SCOTT,141
Harrison,PRECINCT 129B,DEM FOR CONGRESSIONAL DIST EXEC COMMITTEE DIST 2 MALE,,DEM,XAVIER SCOTT,169
Harrison,PRECINCT 129C,DEM FOR CONGRESSIONAL DIST EXEC COMMITTEE DIST 2 MALE,,DEM,XAVIER SCOTT,40
Harrison,PRECINCT 130,DEM FOR CONGRESSIONAL DIST EXEC COMMITTEE DIST 2 MALE,,DEM,XAVIER SCOTT,11
Harrison,PRECINCT 132,DEM FOR CONGRESSIONAL DIST EXEC COMMITTEE DIST 2 MALE,,DEM,XAVIER SCOTT,16
Harrison,PRECINCT 133,DEM FOR CONGRESSIONAL DIST EXEC COMMITTEE DIST 2 MALE,,DEM,XAVIER SCOTT,67
Harrison,PRECINCT 134,DEM FOR CONGRESSIONAL DIST EXEC COMMITTEE DIST 2 MALE,,DEM,XAVIER SCOTT,29
Harrison,PRECINCT 135,DEM FOR CONGRESSIONAL DIST EXEC COMMITTEE DIST 2 MALE,,DEM,XAVIER SCOTT,6
Harrison,PRECINCT 136,DEM FOR CONGRESSIONAL DIST EXEC COMMITTEE DIST 2 MALE,,DEM,XAVIER SCOTT,10
Harrison,PRECINCT 137,DEM FOR CONGRESSIONAL DIST EXEC COMMITTEE DIST 2 MALE,,DEM,XAVIER SCOTT,5
Harrison,PRECINCT 143,DEM FOR CONGRESSIONAL DIST EXEC COMMITTEE DIST 2 MALE,,DEM,XAVIER SCOTT,63
Harrison,PRECINCT 144,DEM FOR CONGRESSIONAL DIST EXEC COMMITTEE DIST 2 MALE,,DEM,XAVIER SCOTT,26
Harrison,PRECINCT 144A,DEM FOR CONGRESSIONAL DIST EXEC COMMITTEE DIST 2 MALE,,DEM,XAVIER SCOTT,22
Harrison,PRECINCT 145,DEM FOR CONGRESSIONAL DIST EXEC COMMITTEE DIST 2 MALE,,DEM,XAVIER SCOTT,28
Harrison,PRECINCT 1,REP FOR SENATORIAL EXEC COMMITTEE D12,,REP,DIANA CRITCHFIELD,60
Harrison,PRECINCT 1A,REP FOR SENATORIAL EXEC COMMITTEE D12,,REP,DIANA CRITCHFIELD,2
Harrison,PRECINCT 2,REP FOR SENATORIAL EXEC COMMITTEE D12,,REP,DIANA CRITCHFIELD,3
Harrison,PRECINCT 4,REP FOR SENATORIAL EXEC COMMITTEE D12,,REP,DIANA CRITCHFIELD,33
Harrison,PRECINCT 6,REP FOR SENATORIAL EXEC COMMITTEE D12,,REP,DIANA CRITCHFIELD,23
Harrison,PRECINCT 9,REP FOR SENATORIAL EXEC COMMITTEE D12,,REP,DIANA CRITCHFIELD,16
Harrison,PRECINCT 10,REP FOR SENATORIAL EXEC COMMITTEE D12,,REP,DIANA CRITCHFIELD,12
Harrison,PRECINCT 14,REP FOR SENATORIAL EXEC COMMITTEE D12,,REP,DIANA CRITCHFIELD,51
Harrison,PRECINCT 28,REP FOR SENATORIAL EXEC COMMITTEE D12,,REP,DIANA CRITCHFIELD,31
Harrison,PRECINCT 33,REP FOR SENATORIAL EXEC COMMITTEE D12,,REP,DIANA CRITCHFIELD,54
Harrison,PRECINCT 36A,REP FOR SENATORIAL EXEC COMMITTEE D12,,REP,DIANA CRITCHFIELD,20
Harrison,PRECINCT 43,REP FOR SENATORIAL EXEC COMMITTEE D12,,REP,DIANA CRITCHFIELD,11
Harrison,PRECINCT 44,REP FOR SENATORIAL EXEC COMMITTEE D12,,REP,DIANA CRITCHFIELD,8
Harrison,PRECINCT 45,REP FOR SENATORIAL EXEC COMMITTEE D12,,REP,DIANA CRITCHFIELD,21
Harrison,PRECINCT 46,REP FOR SENATORIAL EXEC COMMITTEE D12,,REP,DIANA CRITCHFIELD,13
Harrison,PRECINCT 48,REP FOR SENATORIAL EXEC COMMITTEE D12,,REP,DIANA CRITCHFIELD,23
Harrison,PRECINCT 50,REP FOR SENATORIAL EXEC COMMITTEE D12,,REP,DIANA CRITCHFIELD,20
Harrison,PRECINCT 51,REP FOR SENATORIAL EXEC COMMITTEE D12,,REP,DIANA CRITCHFIELD,7
Harrison,PRECINCT 52,REP FOR SENATORIAL EXEC COMMITTEE D12,,REP,DIANA CRITCHFIELD,22
Harrison,PRECINCT 53,REP FOR SENATORIAL EXEC COMMITTEE D12,,REP,DIANA CRITCHFIELD,11
Harrison,PRECINCT 59,REP FOR SENATORIAL EXEC COMMITTEE D12,,REP,DIANA CRITCHFIELD,14
Harrison,PRECINCT 61,REP FOR SENATORIAL EXEC COMMITTEE D12,,REP,DIANA CRITCHFIELD,37
Harrison,PRECINCT 63,REP FOR SENATORIAL EXEC COMMITTEE D12,,REP,DIANA CRITCHFIELD,23
Harrison,PRECINCT 66,REP FOR SENATORIAL EXEC COMMITTEE D12,,REP,DIANA CRITCHFIELD,15
Harrison,PRECINCT 66A,REP FOR SENATORIAL EXEC COMMITTEE D12,,REP,DIANA CRITCHFIELD,2
Harrison,PRECINCT 66B,REP FOR SENATORIAL EXEC COMMITTEE D12,,REP,DIANA CRITCHFIELD,1
Harrison,PRECINCT 68,REP FOR SENATORIAL EXEC COMMITTEE D12,,REP,DIANA CRITCHFIELD,31
Harrison,PRECINCT 74,REP FOR SENATORIAL EXEC COMMITTEE D12,,REP,DIANA CRITCHFIELD,32
Harrison,PRECINCT 80,REP FOR SENATORIAL EXEC COMMITTEE D12,,REP,DIANA CRITCHFIELD,49
Harrison,PRECINCT 87,REP FOR SENATORIAL EXEC COMMITTEE D12,,REP,DIANA CRITCHFIELD,7
Harrison,PRECINCT 92,REP FOR SENATORIAL EXEC COMMITTEE D12,,REP,DIANA CRITCHFIELD,17
Harrison,PRECINCT 95,REP FOR SENATORIAL EXEC COMMITTEE D12,,REP,DIANA CRITCHFIELD,13
Harrison,PRECINCT 96,REP FOR SENATORIAL EXEC COMMITTEE D12,,REP,DIANA CRITCHFIELD,17
Harrison,PRECINCT 98,REP FOR SENATORIAL EXEC COMMITTEE D12,,REP,DIANA CRITCHFIELD,12
Harrison,PRECINCT 102,REP FOR SENATORIAL EXEC COMMITTEE D12,,REP,DIANA CRITCHFIELD,58
Harrison,PRECINCT 103,REP FOR SENATORIAL EXEC COMMITTEE D12,,REP,DIANA CRITCHFIELD,11
Harrison,PRECINCT 104,REP FOR SENATORIAL EXEC COMMITTEE D12,,REP,DIANA CRITCHFIELD,30
Harrison,PRECINCT 106,REP FOR SENATORIAL EXEC COMMITTEE D12,,REP,DIANA CRITCHFIELD,14
Harrison,PRECINCT 107,REP FOR SENATORIAL EXEC COMMITTEE D12,,REP,DIANA CRITCHFIELD,6
Harrison,PRECINCT 108,REP FOR SENATORIAL EXEC COMMITTEE D12,,REP,DIANA CRITCHFIELD,36
Harrison,PRECINCT 110,REP FOR SENATORIAL EXEC COMMITTEE D12,,REP,DIANA CRITCHFIELD,16
Harrison,PRECINCT 114,REP FOR SENATORIAL EXEC COMMITTEE D12,,REP,DIANA CRITCHFIELD,15
Harrison,PRECINCT 114A,REP FOR SENATORIAL EXEC COMMITTEE D12,,REP,DIANA CRITCHFIELD,1
Harrison,PRECINCT 118,REP FOR SENATORIAL EXEC COMMITTEE D12,,REP,DIANA CRITCHFIELD,15
Harrison,PRECINCT 120,REP FOR SENATORIAL EXEC COMMITTEE D12,,REP,DIANA CRITCHFIELD,33
Harrison,PRECINCT 121,REP FOR SENATORIAL EXEC COMMITTEE D12,,REP,DIANA CRITCHFIELD,7
Harrison,PRECINCT 122,REP FOR SENATORIAL EXEC COMMITTEE D12,,REP,DIANA CRITCHFIELD,8
Harrison,PRECINCT 123,REP FOR SENATORIAL EXEC COMMITTEE D12,,REP,DIANA CRITCHFIELD,89
Harrison,PRECINCT 125,REP FOR SENATORIAL EXEC COMMITTEE D12,,REP,DIANA CRITCHFIELD,27
Harrison,PRECINCT 126,REP FOR SENATORIAL EXEC COMMITTEE D12,,REP,DIANA CRITCHFIELD,33
Harrison,PRECINCT 128,REP FOR SENATORIAL EXEC COMMITTEE D12,,REP,DIANA CRITCHFIELD,22
Harrison,PRECINCT 129,REP FOR SENATORIAL EXEC COMMITTEE D12,,REP,DIANA CRITCHFIELD,71
Harrison,PRECINCT 129B,REP FOR SENATORIAL EXEC COMMITTEE D12,,REP,DIANA CRITCHFIELD,53
Harrison,PRECINCT 129C,REP FOR SENATORIAL EXEC COMMITTEE D12,,REP,DIANA CRITCHFIELD,9
Harrison,PRECINCT 130,REP FOR SENATORIAL EXEC COMMITTEE D12,,REP,DIANA CRITCHFIELD,20
Harrison,PRECINCT 132,REP FOR SENATORIAL EXEC COMMITTEE D12,,REP,DIANA CRITCHFIELD,8
Harrison,PRECINCT 133,REP FOR SENATORIAL EXEC COMMITTEE D12,,REP,DIANA CRITCHFIELD,26
Harrison,PRECINCT 134,REP FOR SENATORIAL EXEC COMMITTEE D12,,REP,DIANA CRITCHFIELD,19
Harrison,PRECINCT 135,REP FOR SENATORIAL EXEC COMMITTEE D12,,REP,DIANA CRITCHFIELD,16
Harrison,PRECINCT 136,REP FOR SENATORIAL EXEC COMMITTEE D12,,REP,DIANA CRITCHFIELD,10
Harrison,PRECINCT 137,REP FOR SENATORIAL EXEC COMMITTEE D12,,REP,DIANA CRITCHFIELD,4
Harrison,PRECINCT 143,REP FOR SENATORIAL EXEC COMMITTEE D12,,REP,DIANA CRITCHFIELD,57
Harrison,PRECINCT 144,REP FOR SENATORIAL EXEC COMMITTEE D12,,REP,DIANA CRITCHFIELD,19
Harrison,PRECINCT 144A,REP FOR SENATORIAL EXEC COMMITTEE D12,,REP,DIANA CRITCHFIELD,17
Harrison,PRECINCT 145,REP FOR SENATORIAL EXEC COMMITTEE D12,,REP,DIANA CRITCHFIELD,13
Harrison,PRECINCT 1,REP FOR SENATORIAL EXEC COMMITTEE D12,,REP,LAURA KIMBLE,69
Harrison,PRECINCT 1A,REP FOR SENATORIAL EXEC COMMITTEE D12,,REP,LAURA KIMBLE,7
Harrison,PRECINCT 2,REP FOR SENATORIAL EXEC COMMITTEE D12,,REP,LAURA KIMBLE,12
Harrison,PRECINCT 4,REP FOR SENATORIAL EXEC COMMITTEE D12,,REP,LAURA KIMBLE,57
Harrison,PRECINCT 6,REP FOR SENATORIAL EXEC COMMITTEE D12,,REP,LAURA KIMBLE,50
Harrison,PRECINCT 9,REP FOR SENATORIAL EXEC COMMITTEE D12,,REP,LAURA KIMBLE,25
Harrison,PRECINCT 10,REP FOR SENATORIAL EXEC COMMITTEE D12,,REP,LAURA KIMBLE,28
Harrison,PRECINCT 14,REP FOR SENATORIAL EXEC COMMITTEE D12,,REP,LAURA KIMBLE,69
Harrison,PRECINCT 28,REP FOR SENATORIAL EXEC COMMITTEE D12,,REP,LAURA KIMBLE,37
Harrison,PRECINCT 33,REP FOR SENATORIAL EXEC COMMITTEE D12,,REP,LAURA KIMBLE,57
Harrison,PRECINCT 36A,REP FOR SENATORIAL EXEC COMMITTEE D12,,REP,LAURA KIMBLE,24
Harrison,PRECINCT 43,REP FOR SENATORIAL EXEC COMMITTEE D12,,REP,LAURA KIMBLE,27
Harrison,PRECINCT 44,REP FOR SENATORIAL EXEC COMMITTEE D12,,REP,LAURA KIMBLE,16
Harrison,PRECINCT 45,REP FOR SENATORIAL EXEC COMMITTEE D12,,REP,LAURA KIMBLE,47
Harrison,PRECINCT 46,REP FOR SENATORIAL EXEC COMMITTEE D12,,REP,LAURA KIMBLE,37
Harrison,PRECINCT 48,REP FOR SENATORIAL EXEC COMMITTEE D12,,REP,LAURA KIMBLE,33
Harrison,PRECINCT 50,REP FOR SENATORIAL EXEC COMMITTEE D12,,REP,LAURA KIMBLE,36
Harrison,PRECINCT 51,REP FOR SENATORIAL EXEC COMMITTEE D12,,REP,LAURA KIMBLE,18
Harrison,PRECINCT 52,REP FOR SENATORIAL EXEC COMMITTEE D12,,REP,LAURA KIMBLE,34
Harrison,PRECINCT 53,REP FOR SENATORIAL EXEC COMMITTEE D12,,REP,LAURA KIMBLE,15
Harrison,PRECINCT 59,REP FOR SENATORIAL EXEC COMMITTEE D12,,REP,LAURA KIMBLE,17
Harrison,PRECINCT 61,REP FOR SENATORIAL EXEC COMMITTEE D12,,REP,LAURA KIMBLE,29
Harrison,PRECINCT 63,REP FOR SENATORIAL EXEC COMMITTEE D12,,REP,LAURA KIMBLE,40
Harrison,PRECINCT 66,REP FOR SENATORIAL EXEC COMMITTEE D12,,REP,LAURA KIMBLE,14
Harrison,PRECINCT 66A,REP FOR SENATORIAL EXEC COMMITTEE D12,,REP,LAURA KIMBLE,0
Harrison,PRECINCT 66B,REP FOR SENATORIAL EXEC COMMITTEE D12,,REP,LAURA KIMBLE,3
Harrison,PRECINCT 68,REP FOR SENATORIAL EXEC COMMITTEE D12,,REP,LAURA KIMBLE,43
Harrison,PRECINCT 74,REP FOR SENATORIAL EXEC COMMITTEE D12,,REP,LAURA KIMBLE,61
Harrison,PRECINCT 80,REP FOR SENATORIAL EXEC COMMITTEE D12,,REP,LAURA KIMBLE,68
Harrison,PRECINCT 87,REP FOR SENATORIAL EXEC COMMITTEE D12,,REP,LAURA KIMBLE,18
Harrison,PRECINCT 92,REP FOR SENATORIAL EXEC COMMITTEE D12,,REP,LAURA KIMBLE,29
Harrison,PRECINCT 95,REP FOR SENATORIAL EXEC COMMITTEE D12,,REP,LAURA KIMBLE,27
Harrison,PRECINCT 96,REP FOR SENATORIAL EXEC COMMITTEE D12,,REP,LAURA KIMBLE,30
Harrison,PRECINCT 98,REP FOR SENATORIAL EXEC COMMITTEE D12,,REP,LAURA KIMBLE,18
Harrison,PRECINCT 102,REP FOR SENATORIAL EXEC COMMITTEE D12,,REP,LAURA KIMBLE,81
Harrison,PRECINCT 103,REP FOR SENATORIAL EXEC COMMITTEE D12,,REP,LAURA KIMBLE,27
Harrison,PRECINCT 104,REP FOR SENATORIAL EXEC COMMITTEE D12,,REP,LAURA KIMBLE,30
Harrison,PRECINCT 106,REP FOR SENATORIAL EXEC COMMITTEE D12,,REP,LAURA KIMBLE,28
Harrison,PRECINCT 107,REP FOR SENATORIAL EXEC COMMITTEE D12,,REP,LAURA KIMBLE,13
Harrison,PRECINCT 108,REP FOR SENATORIAL EXEC COMMITTEE D12,,REP,LAURA KIMBLE,41
Harrison,PRECINCT 110,REP FOR SENATORIAL EXEC COMMITTEE D12,,REP,LAURA KIMBLE,32
Harrison,PRECINCT 114,REP FOR SENATORIAL EXEC COMMITTEE D12,,REP,LAURA KIMBLE,19
Harrison,PRECINCT 114A,REP FOR SENATORIAL EXEC COMMITTEE D12,,REP,LAURA KIMBLE,6
Harrison,PRECINCT 118,REP FOR SENATORIAL EXEC COMMITTEE D12,,REP,LAURA KIMBLE,15
Harrison,PRECINCT 120,REP FOR SENATORIAL EXEC COMMITTEE D12,,REP,LAURA KIMBLE,56
Harrison,PRECINCT 121,REP FOR SENATORIAL EXEC COMMITTEE D12,,REP,LAURA KIMBLE,10
Harrison,PRECINCT 122,REP FOR SENATORIAL EXEC COMMITTEE D12,,REP,LAURA KIMBLE,28
Harrison,PRECINCT 123,REP FOR SENATORIAL EXEC COMMITTEE D12,,REP,LAURA KIMBLE,155
Harrison,PRECINCT 125,REP FOR SENATORIAL EXEC COMMITTEE D12,,REP,LAURA KIMBLE,84
Harrison,PRECINCT 126,REP FOR SENATORIAL EXEC COMMITTEE D12,,REP,LAURA KIMBLE,71
Harrison,PRECINCT 128,REP FOR SENATORIAL EXEC COMMITTEE D12,,REP,LAURA KIMBLE,63
Harrison,PRECINCT 129,REP FOR SENATORIAL EXEC COMMITTEE D12,,REP,LAURA KIMBLE,121
Harrison,PRECINCT 129B,REP FOR SENATORIAL EXEC COMMITTEE D12,,REP,LAURA KIMBLE,91
Harrison,PRECINCT 129C,REP FOR SENATORIAL EXEC COMMITTEE D12,,REP,LAURA KIMBLE,39
Harrison,PRECINCT 130,REP FOR SENATORIAL EXEC COMMITTEE D12,,REP,LAURA KIMBLE,19
Harrison,PRECINCT 132,REP FOR SENATORIAL EXEC COMMITTEE D12,,REP,LAURA KIMBLE,15
Harrison,PRECINCT 133,REP FOR SENATORIAL EXEC COMMITTEE D12,,REP,LAURA KIMBLE,42
Harrison,PRECINCT 134,REP FOR SENATORIAL EXEC COMMITTEE D12,,REP,LAURA KIMBLE,30
Harrison,PRECINCT 135,REP FOR SENATORIAL EXEC COMMITTEE D12,,REP,LAURA KIMBLE,14
Harrison,PRECINCT 136,REP FOR SENATORIAL EXEC COMMITTEE D12,,REP,LAURA KIMBLE,9
Harrison,PRECINCT 137,REP FOR SENATORIAL EXEC COMMITTEE D12,,REP,LAURA KIMBLE,14
Harrison,PRECINCT 143,REP FOR SENATORIAL EXEC COMMITTEE D12,,REP,LAURA KIMBLE,69
Harrison,PRECINCT 144,REP FOR SENATORIAL EXEC COMMITTEE D12,,REP,LAURA KIMBLE,20
Harrison,PRECINCT 144A,REP FOR SENATORIAL EXEC COMMITTEE D12,,REP,LAURA KIMBLE,19
Harrison,PRECINCT 145,REP FOR SENATORIAL EXEC COMMITTEE D12,,REP,LAURA KIMBLE,40
Harrison,PRECINCT 1,DEM FOR SENATORIAL EXEC COMMITTEE D12,,DEM,NO CANDIDATE FILED,0
Harrison,PRECINCT 1A,DEM FOR SENATORIAL EXEC COMMITTEE D12,,DEM,NO CANDIDATE FILED,0
Harrison,PRECINCT 2,DEM FOR SENATORIAL EXEC COMMITTEE D12,,DEM,NO CANDIDATE FILED,0
Harrison,PRECINCT 4,DEM FOR SENATORIAL EXEC COMMITTEE D12,,DEM,NO CANDIDATE FILED,0
Harrison,PRECINCT 6,DEM FOR SENATORIAL EXEC COMMITTEE D12,,DEM,NO CANDIDATE FILED,0
Harrison,PRECINCT 9,DEM FOR SENATORIAL EXEC COMMITTEE D12,,DEM,NO CANDIDATE FILED,0
Harrison,PRECINCT 10,DEM FOR SENATORIAL EXEC COMMITTEE D12,,DEM,NO CANDIDATE FILED,0
Harrison,PRECINCT 14,DEM FOR SENATORIAL EXEC COMMITTEE D12,,DEM,NO CANDIDATE FILED,0
Harrison,PRECINCT 28,DEM FOR SENATORIAL EXEC COMMITTEE D12,,DEM,NO CANDIDATE FILED,0
Harrison,PRECINCT 33,DEM FOR SENATORIAL EXEC COMMITTEE D12,,DEM,NO CANDIDATE FILED,0
Harrison,PRECINCT 36A,DEM FOR SENATORIAL EXEC COMMITTEE D12,,DEM,NO CANDIDATE FILED,0
Harrison,PRECINCT 43,DEM FOR SENATORIAL EXEC COMMITTEE D12,,DEM,NO CANDIDATE FILED,0
Harrison,PRECINCT 44,DEM FOR SENATORIAL EXEC COMMITTEE D12,,DEM,NO CANDIDATE FILED,0
Harrison,PRECINCT 45,DEM FOR SENATORIAL EXEC COMMITTEE D12,,DEM,NO CANDIDATE FILED,0
Harrison,PRECINCT 46,DEM FOR SENATORIAL EXEC COMMITTEE D12,,DEM,NO CANDIDATE FILED,0
Harrison,PRECINCT 48,DEM FOR SENATORIAL EXEC COMMITTEE D12,,DEM,NO CANDIDATE FILED,0
Harrison,PRECINCT 50,DEM FOR SENATORIAL EXEC COMMITTEE D12,,DEM,NO CANDIDATE FILED,0
Harrison,PRECINCT 51,DEM FOR SENATORIAL EXEC COMMITTEE D12,,DEM,NO CANDIDATE FILED,0
Harrison,PRECINCT 52,DEM FOR SENATORIAL EXEC COMMITTEE D12,,DEM,NO CANDIDATE FILED,0
Harrison,PRECINCT 53,DEM FOR SENATORIAL EXEC COMMITTEE D12,,DEM,NO CANDIDATE FILED,0
Harrison,PRECINCT 59,DEM FOR SENATORIAL EXEC COMMITTEE D12,,DEM,NO CANDIDATE FILED,0
Harrison,PRECINCT 61,DEM FOR SENATORIAL EXEC COMMITTEE D12,,DEM,NO CANDIDATE FILED,0
Harrison,PRECINCT 63,DEM FOR SENATORIAL EXEC COMMITTEE D12,,DEM,NO CANDIDATE FILED,0
Harrison,PRECINCT 66,DEM FOR SENATORIAL EXEC COMMITTEE D12,,DEM,NO CANDIDATE FILED,0
Harrison,PRECINCT 66A,DEM FOR SENATORIAL EXEC COMMITTEE D12,,DEM,NO CANDIDATE FILED,0
Harrison,PRECINCT 66B,DEM FOR SENATORIAL EXEC COMMITTEE D12,,DEM,NO CANDIDATE FILED,0
Harrison,PRECINCT 68,DEM FOR SENATORIAL EXEC COMMITTEE D12,,DEM,NO CANDIDATE FILED,0
Harrison,PRECINCT 74,DEM FOR SENATORIAL EXEC COMMITTEE D12,,DEM,NO CANDIDATE FILED,0
Harrison,PRECINCT 80,DEM FOR SENATORIAL EXEC COMMITTEE D12,,DEM,NO CANDIDATE FILED,0
Harrison,PRECINCT 87,DEM FOR SENATORIAL EXEC COMMITTEE D12,,DEM,NO CANDIDATE FILED,0
Harrison,PRECINCT 92,DEM FOR SENATORIAL EXEC COMMITTEE D12,,DEM,NO CANDIDATE FILED,0
Harrison,PRECINCT 95,DEM FOR SENATORIAL EXEC COMMITTEE D12,,DEM,NO CANDIDATE FILED,0
Harrison,PRECINCT 96,DEM FOR SENATORIAL EXEC COMMITTEE D12,,DEM,NO CANDIDATE FILED,0
Harrison,PRECINCT 98,DEM FOR SENATORIAL EXEC COMMITTEE D12,,DEM,NO CANDIDATE FILED,0
Harrison,PRECINCT 102,DEM FOR SENATORIAL EXEC COMMITTEE D12,,DEM,NO CANDIDATE FILED,0
Harrison,PRECINCT 103,DEM FOR SENATORIAL EXEC COMMITTEE D12,,DEM,NO CANDIDATE FILED,0
Harrison,PRECINCT 104,DEM FOR SENATORIAL EXEC COMMITTEE D12,,DEM,NO CANDIDATE FILED,0
Harrison,PRECINCT 106,DEM FOR SENATORIAL EXEC COMMITTEE D12,,DEM,NO CANDIDATE FILED,0
Harrison,PRECINCT 107,DEM FOR SENATORIAL EXEC COMMITTEE D12,,DEM,NO CANDIDATE FILED,0
Harrison,PRECINCT 108,DEM FOR SENATORIAL EXEC COMMITTEE D12,,DEM,NO CANDIDATE FILED,0
Harrison,PRECINCT 110,DEM FOR SENATORIAL EXEC COMMITTEE D12,,DEM,NO CANDIDATE FILED,0
Harrison,PRECINCT 114,DEM FOR SENATORIAL EXEC COMMITTEE D12,,DEM,NO CANDIDATE FILED,0
Harrison,PRECINCT 114A,DEM FOR SENATORIAL EXEC COMMITTEE D12,,DEM,NO CANDIDATE FILED,0
Harrison,PRECINCT 118,DEM FOR SENATORIAL EXEC COMMITTEE D12,,DEM,NO CANDIDATE FILED,0
Harrison,PRECINCT 120,DEM FOR SENATORIAL EXEC COMMITTEE D12,,DEM,NO CANDIDATE FILED,0
Harrison,PRECINCT 121,DEM FOR SENATORIAL EXEC COMMITTEE D12,,DEM,NO CANDIDATE FILED,0
Harrison,PRECINCT 122,DEM FOR SENATORIAL EXEC COMMITTEE D12,,DEM,NO CANDIDATE FILED,0
Harrison,PRECINCT 123,DEM FOR SENATORIAL EXEC COMMITTEE D12,,DEM,NO CANDIDATE FILED,0
Harrison,PRECINCT 125,DEM FOR SENATORIAL EXEC COMMITTEE D12,,DEM,NO CANDIDATE FILED,0
Harrison,PRECINCT 126,DEM FOR SENATORIAL EXEC COMMITTEE D12,,DEM,NO CANDIDATE FILED,0
Harrison,PRECINCT 128,DEM FOR SENATORIAL EXEC COMMITTEE D12,,DEM,NO CANDIDATE FILED,0
Harrison,PRECINCT 129,DEM FOR SENATORIAL EXEC COMMITTEE D12,,DEM,NO CANDIDATE FILED,0
Harrison,PRECINCT 129B,DEM FOR SENATORIAL EXEC COMMITTEE D12,,DEM,NO CANDIDATE FILED,0
Harrison,PRECINCT 129C,DEM FOR SENATORIAL EXEC COMMITTEE D12,,DEM,NO CANDIDATE FILED,0
Harrison,PRECINCT 130,DEM FOR SENATORIAL EXEC COMMITTEE D12,,DEM,NO CANDIDATE FILED,0
Harrison,PRECINCT 132,DEM FOR SENATORIAL EXEC COMMITTEE D12,,DEM,NO CANDIDATE FILED,0
Harrison,PRECINCT 133,DEM FOR SENATORIAL EXEC COMMITTEE D12,,DEM,NO CANDIDATE FILED,0
Harrison,PRECINCT 134,DEM FOR SENATORIAL EXEC COMMITTEE D12,,DEM,NO CANDIDATE FILED,0
Harrison,PRECINCT 135,DEM FOR SENATORIAL EXEC COMMITTEE D12,,DEM,NO CANDIDATE FILED,0
Harrison,PRECINCT 136,DEM FOR SENATORIAL EXEC COMMITTEE D12,,DEM,NO CANDIDATE FILED,0
Harrison,PRECINCT 137,DEM FOR SENATORIAL EXEC COMMITTEE D12,,DEM,NO CANDIDATE FILED,0
Harrison,PRECINCT 143,DEM FOR SENATORIAL EXEC COMMITTEE D12,,DEM,NO CANDIDATE FILED,0
Harrison,PRECINCT 144,DEM FOR SENATORIAL EXEC COMMITTEE D12,,DEM,NO CANDIDATE FILED,0
Harrison,PRECINCT 144A,DEM FOR SENATORIAL EXEC COMMITTEE D12,,DEM,NO CANDIDATE FILED,0
Harrison,PRECINCT 145,DEM FOR SENATORIAL EXEC COMMITTEE D12,,DEM,NO CANDIDATE FILED,0
Harrison,PRECINCT 1,REP FOR SENATORIAL EXEC COMMITTEE D12,,REP,JEFF KIMBLE,117
Harrison,PRECINCT 1A,REP FOR SENATORIAL EXEC COMMITTEE D12,,REP,JEFF KIMBLE,9
Harrison,PRECINCT 2,REP FOR SENATORIAL EXEC COMMITTEE D12,,REP,JEFF KIMBLE,14
Harrison,PRECINCT 4,REP FOR SENATORIAL EXEC COMMITTEE D12,,REP,JEFF KIMBLE,81
Harrison,PRECINCT 6,REP FOR SENATORIAL EXEC COMMITTEE D12,,REP,JEFF KIMBLE,61
Harrison,PRECINCT 9,REP FOR SENATORIAL EXEC COMMITTEE D12,,REP,JEFF KIMBLE,35
Harrison,PRECINCT 10,REP FOR SENATORIAL EXEC COMMITTEE D12,,REP,JEFF KIMBLE,38
Harrison,PRECINCT 14,REP FOR SENATORIAL EXEC COMMITTEE D12,,REP,JEFF KIMBLE,106
Harrison,PRECINCT 28,REP FOR SENATORIAL EXEC COMMITTEE D12,,REP,JEFF KIMBLE,57
Harrison,PRECINCT 33,REP FOR SENATORIAL EXEC COMMITTEE D12,,REP,JEFF KIMBLE,98
Harrison,PRECINCT 36A,REP FOR SENATORIAL EXEC COMMITTEE D12,,REP,JEFF KIMBLE,40
Harrison,PRECINCT 43,REP FOR SENATORIAL EXEC COMMITTEE D12,,REP,JEFF KIMBLE,32
Harrison,PRECINCT 44,REP FOR SENATORIAL EXEC COMMITTEE D12,,REP,JEFF KIMBLE,23
Harrison,PRECINCT 45,REP FOR SENATORIAL EXEC COMMITTEE D12,,REP,JEFF KIMBLE,51
Harrison,PRECINCT 46,REP FOR SENATORIAL EXEC COMMITTEE D12,,REP,JEFF KIMBLE,46
Harrison,PRECINCT 48,REP FOR SENATORIAL EXEC COMMITTEE D12,,REP,JEFF KIMBLE,52
Harrison,PRECINCT 50,REP FOR SENATORIAL EXEC COMMITTEE D12,,REP,JEFF KIMBLE,49
Harrison,PRECINCT 51,REP FOR SENATORIAL EXEC COMMITTEE D12,,REP,JEFF KIMBLE,20
Harrison,PRECINCT 52,REP FOR SENATORIAL EXEC COMMITTEE D12,,REP,JEFF KIMBLE,48
Harrison,PRECINCT 53,REP FOR SENATORIAL EXEC COMMITTEE D12,,REP,JEFF KIMBLE,26
Harrison,PRECINCT 59,REP FOR SENATORIAL EXEC COMMITTEE D12,,REP,JEFF KIMBLE,30
Harrison,PRECINCT 61,REP FOR SENATORIAL EXEC COMMITTEE D12,,REP,JEFF KIMBLE,59
Harrison,PRECINCT 63,REP FOR SENATORIAL EXEC COMMITTEE D12,,REP,JEFF KIMBLE,55
Harrison,PRECINCT 66,REP FOR SENATORIAL EXEC COMMITTEE D12,,REP,JEFF KIMBLE,26
Harrison,PRECINCT 66A,REP FOR SENATORIAL EXEC COMMITTEE D12,,REP,JEFF KIMBLE,2
Harrison,PRECINCT 66B,REP FOR SENATORIAL EXEC COMMITTEE D12,,REP,JEFF KIMBLE,3
Harrison,PRECINCT 68,REP FOR SENATORIAL EXEC COMMITTEE D12,,REP,JEFF KIMBLE,62
Harrison,PRECINCT 74,REP FOR SENATORIAL EXEC COMMITTEE D12,,REP,JEFF KIMBLE,84
Harrison,PRECINCT 80,REP FOR SENATORIAL EXEC COMMITTEE D12,,REP,JEFF KIMBLE,106
Harrison,PRECINCT 87,REP FOR SENATORIAL EXEC COMMITTEE D12,,REP,JEFF KIMBLE,23
Harrison,PRECINCT 92,REP FOR SENATORIAL EXEC COMMITTEE D12,,REP,JEFF KIMBLE,41
Harrison,PRECINCT 95,REP FOR SENATORIAL EXEC COMMITTEE D12,,REP,JEFF KIMBLE,35
Harrison,PRECINCT 96,REP FOR SENATORIAL EXEC COMMITTEE D12,,REP,JEFF KIMBLE,42
Harrison,PRECINCT 98,REP FOR SENATORIAL EXEC COMMITTEE D12,,REP,JEFF KIMBLE,30
Harrison,PRECINCT 102,REP FOR SENATORIAL EXEC COMMITTEE D12,,REP,JEFF KIMBLE,120
Harrison,PRECINCT 103,REP FOR SENATORIAL EXEC COMMITTEE D12,,REP,JEFF KIMBLE,34
Harrison,PRECINCT 104,REP FOR SENATORIAL EXEC COMMITTEE D12,,REP,JEFF KIMBLE,48
Harrison,PRECINCT 106,REP FOR SENATORIAL EXEC COMMITTEE D12,,REP,JEFF KIMBLE,40
Harrison,PRECINCT 107,REP FOR SENATORIAL EXEC COMMITTEE D12,,REP,JEFF KIMBLE,17
Harrison,PRECINCT 108,REP FOR SENATORIAL EXEC COMMITTEE D12,,REP,JEFF KIMBLE,64
Harrison,PRECINCT 110,REP FOR SENATORIAL EXEC COMMITTEE D12,,REP,JEFF KIMBLE,46
Harrison,PRECINCT 114,REP FOR SENATORIAL EXEC COMMITTEE D12,,REP,JEFF KIMBLE,30
Harrison,PRECINCT 114A,REP FOR SENATORIAL EXEC COMMITTEE D12,,REP,JEFF KIMBLE,7
Harrison,PRECINCT 118,REP FOR SENATORIAL EXEC COMMITTEE D12,,REP,JEFF KIMBLE,25
Harrison,PRECINCT 120,REP FOR SENATORIAL EXEC COMMITTEE D12,,REP,JEFF KIMBLE,81
Harrison,PRECINCT 121,REP FOR SENATORIAL EXEC COMMITTEE D12,,REP,JEFF KIMBLE,15
Harrison,PRECINCT 122,REP FOR SENATORIAL EXEC COMMITTEE D12,,REP,JEFF KIMBLE,33
Harrison,PRECINCT 123,REP FOR SENATORIAL EXEC COMMITTEE D12,,REP,JEFF KIMBLE,205
Harrison,PRECINCT 125,REP FOR SENATORIAL EXEC COMMITTEE D12,,REP,JEFF KIMBLE,90
Harrison,PRECINCT 126,REP FOR SENATORIAL EXEC COMMITTEE D12,,REP,JEFF KIMBLE,85
Harrison,PRECINCT 128,REP FOR SENATORIAL EXEC COMMITTEE D12,,REP,JEFF KIMBLE,73
Harrison,PRECINCT 129,REP FOR SENATORIAL EXEC COMMITTEE D12,,REP,JEFF KIMBLE,153
Harrison,PRECINCT 129B,REP FOR SENATORIAL EXEC COMMITTEE D12,,REP,JEFF KIMBLE,121
Harrison,PRECINCT 129C,REP FOR SENATORIAL EXEC COMMITTEE D12,,REP,JEFF KIMBLE,45
Harrison,PRECINCT 130,REP FOR SENATORIAL EXEC COMMITTEE D12,,REP,JEFF KIMBLE,36
Harrison,PRECINCT 132,REP FOR SENATORIAL EXEC COMMITTEE D12,,REP,JEFF KIMBLE,21
Harrison,PRECINCT 133,REP FOR SENATORIAL EXEC COMMITTEE D12,,REP,JEFF KIMBLE,61
Harrison,PRECINCT 134,REP FOR SENATORIAL EXEC COMMITTEE D12,,REP,JEFF KIMBLE,40
Harrison,PRECINCT 135,REP FOR SENATORIAL EXEC COMMITTEE D12,,REP,JEFF KIMBLE,29
Harrison,PRECINCT 136,REP FOR SENATORIAL EXEC COMMITTEE D12,,REP,JEFF KIMBLE,15
Harrison,PRECINCT 137,REP FOR SENATORIAL EXEC COMMITTEE D12,,REP,JEFF KIMBLE,18
Harrison,PRECINCT 143,REP FOR SENATORIAL EXEC COMMITTEE D12,,REP,JEFF KIMBLE,118
Harrison,PRECINCT 144,REP FOR SENATORIAL EXEC COMMITTEE D12,,REP,JEFF KIMBLE,35
Harrison,PRECINCT 144A,REP FOR SENATORIAL EXEC COMMITTEE D12,,REP,JEFF KIMBLE,30
Harrison,PRECINCT 145,REP FOR SENATORIAL EXEC COMMITTEE D12,,REP,JEFF KIMBLE,46
Harrison,PRECINCT 1,DEM FOR SENATORIAL EXEC COMMITTEE D12,,DEM,XAVIER SCOTT,98
Harrison,PRECINCT 1A,DEM FOR SENATORIAL EXEC COMMITTEE D12,,DEM,XAVIER SCOTT,6
Harrison,PRECINCT 2,DEM FOR SENATORIAL EXEC COMMITTEE D12,,DEM,XAVIER SCOTT,14
Harrison,PRECINCT 4,DEM FOR SENATORIAL EXEC COMMITTEE D12,,DEM,XAVIER SCOTT,133
Harrison,PRECINCT 6,DEM FOR SENATORIAL EXEC COMMITTEE D12,,DEM,XAVIER SCOTT,93
Harrison,PRECINCT 9,DEM FOR SENATORIAL EXEC COMMITTEE D12,,DEM,XAVIER SCOTT,46
Harrison,PRECINCT 10,DEM FOR SENATORIAL EXEC COMMITTEE D12,,DEM,XAVIER SCOTT,34
Harrison,PRECINCT 14,DEM FOR SENATORIAL EXEC COMMITTEE D12,,DEM,XAVIER SCOTT,218
Harrison,PRECINCT 28,DEM FOR SENATORIAL EXEC COMMITTEE D12,,DEM,XAVIER SCOTT,102
Harrison,PRECINCT 33,DEM FOR SENATORIAL EXEC COMMITTEE D12,,DEM,XAVIER SCOTT,150
Harrison,PRECINCT 36A,DEM FOR SENATORIAL EXEC COMMITTEE D12,,DEM,XAVIER SCOTT,48
Harrison,PRECINCT 43,DEM FOR SENATORIAL EXEC COMMITTEE D12,,DEM,XAVIER SCOTT,13
Harrison,PRECINCT 44,DEM FOR SENATORIAL EXEC COMMITTEE D12,,DEM,XAVIER SCOTT,18
Harrison,PRECINCT 45,DEM FOR SENATORIAL EXEC COMMITTEE D12,,DEM,XAVIER SCOTT,23
Harrison,PRECINCT 46,DEM FOR SENATORIAL EXEC COMMITTEE D12,,DEM,XAVIER SCOTT,30
Harrison,PRECINCT 48,DEM FOR SENATORIAL EXEC COMMITTEE D12,,DEM,XAVIER SCOTT,35
Harrison,PRECINCT 50,DEM FOR SENATORIAL EXEC COMMITTEE D12,,DEM,XAVIER SCOTT,51
Harrison,PRECINCT 51,DEM FOR SENATORIAL EXEC COMMITTEE D12,,DEM,XAVIER SCOTT,29
Harrison,PRECINCT 52,DEM FOR SENATORIAL EXEC COMMITTEE D12,,DEM,XAVIER SCOTT,29
Harrison,PRECINCT 53,DEM FOR SENATORIAL EXEC COMMITTEE D12,,DEM,XAVIER SCOTT,19
Harrison,PRECINCT 59,DEM FOR SENATORIAL EXEC COMMITTEE D12,,DEM,XAVIER SCOTT,27
Harrison,PRECINCT 61,DEM FOR SENATORIAL EXEC COMMITTEE D12,,DEM,XAVIER SCOTT,49
Harrison,PRECINCT 63,DEM FOR SENATORIAL EXEC COMMITTEE D12,,DEM,XAVIER SCOTT,47
Harrison,PRECINCT 66,DEM FOR SENATORIAL EXEC COMMITTEE D12,,DEM,XAVIER SCOTT,39
Harrison,PRECINCT 66A,DEM FOR SENATORIAL EXEC COMMITTEE D12,,DEM,XAVIER SCOTT,10
Harrison,PRECINCT 66B,DEM FOR SENATORIAL EXEC COMMITTEE D12,,DEM,XAVIER SCOTT,4
Harrison,PRECINCT 68,DEM FOR SENATORIAL EXEC COMMITTEE D12,,DEM,XAVIER SCOTT,126
Harrison,PRECINCT 74,DEM FOR SENATORIAL EXEC COMMITTEE D12,,DEM,XAVIER SCOTT,113
Harrison,PRECINCT 80,DEM FOR SENATORIAL EXEC COMMITTEE D12,,DEM,XAVIER SCOTT,173
Harrison,PRECINCT 87,DEM FOR SENATORIAL EXEC COMMITTEE D12,,DEM,XAVIER SCOTT,21
Harrison,PRECINCT 92,DEM FOR SENATORIAL EXEC COMMITTEE D12,,DEM,XAVIER SCOTT,19
Harrison,PRECINCT 95,DEM FOR SENATORIAL EXEC COMMITTEE D12,,DEM,XAVIER SCOTT,22
Harrison,PRECINCT 96,DEM FOR SENATORIAL EXEC COMMITTEE D12,,DEM,XAVIER SCOTT,45
Harrison,PRECINCT 98,DEM FOR SENATORIAL EXEC COMMITTEE D12,,DEM,XAVIER SCOTT,16
Harrison,PRECINCT 102,DEM FOR SENATORIAL EXEC COMMITTEE D12,,DEM,XAVIER SCOTT,90
Harrison,PRECINCT 103,DEM FOR SENATORIAL EXEC COMMITTEE D12,,DEM,XAVIER SCOTT,17
Harrison,PRECINCT 104,DEM FOR SENATORIAL EXEC COMMITTEE D12,,DEM,XAVIER SCOTT,22
Harrison,PRECINCT 106,DEM FOR SENATORIAL EXEC COMMITTEE D12,,DEM,XAVIER SCOTT,25
Harrison,PRECINCT 107,DEM FOR SENATORIAL EXEC COMMITTEE D12,,DEM,XAVIER SCOTT,14
Harrison,PRECINCT 108,DEM FOR SENATORIAL EXEC COMMITTEE D12,,DEM,XAVIER SCOTT,24
Harrison,PRECINCT 110,DEM FOR SENATORIAL EXEC COMMITTEE D12,,DEM,XAVIER SCOTT,35
Harrison,PRECINCT 114,DEM FOR SENATORIAL EXEC COMMITTEE D12,,DEM,XAVIER SCOTT,28
Harrison,PRECINCT 114A,DEM FOR SENATORIAL EXEC COMMITTEE D12,,DEM,XAVIER SCOTT,6
Harrison,PRECINCT 118,DEM FOR SENATORIAL EXEC COMMITTEE D12,,DEM,XAVIER SCOTT,19
Harrison,PRECINCT 120,DEM FOR SENATORIAL EXEC COMMITTEE D12,,DEM,XAVIER SCOTT,30
Harrison,PRECINCT 121,DEM FOR SENATORIAL EXEC COMMITTEE D12,,DEM,XAVIER SCOTT,22
Harrison,PRECINCT 122,DEM FOR SENATORIAL EXEC COMMITTEE D12,,DEM,XAVIER SCOTT,20
Harrison,PRECINCT 123,DEM FOR SENATORIAL EXEC COMMITTEE D12,,DEM,XAVIER SCOTT,162
Harrison,PRECINCT 125,DEM FOR SENATORIAL EXEC COMMITTEE D12,,DEM,XAVIER SCOTT,83
Harrison,PRECINCT 126,DEM FOR SENATORIAL EXEC COMMITTEE D12,,DEM,XAVIER SCOTT,78
Harrison,PRECINCT 128,DEM FOR SENATORIAL EXEC COMMITTEE D12,,DEM,XAVIER SCOTT,64
Harrison,PRECINCT 129,DEM FOR SENATORIAL EXEC COMMITTEE D12,,DEM,XAVIER SCOTT,143
Harrison,PRECINCT 129B,DEM FOR SENATORIAL EXEC COMMITTEE D12,,DEM,XAVIER SCOTT,159
Harrison,PRECINCT 129C,DEM FOR SENATORIAL EXEC COMMITTEE D12,,DEM,XAVIER SCOTT,39
Harrison,PRECINCT 130,DEM FOR SENATORIAL EXEC COMMITTEE D12,,DEM,XAVIER SCOTT,11
Harrison,PRECINCT 132,DEM FOR SENATORIAL EXEC COMMITTEE D12,,DEM,XAVIER SCOTT,16
Harrison,PRECINCT 133,DEM FOR SENATORIAL EXEC COMMITTEE D12,,DEM,XAVIER SCOTT,59
Harrison,PRECINCT 134,DEM FOR SENATORIAL EXEC COMMITTEE D12,,DEM,XAVIER SCOTT,27
Harrison,PRECINCT 135,DEM FOR SENATORIAL EXEC COMMITTEE D12,,DEM,XAVIER SCOTT,7
Harrison,PRECINCT 136,DEM FOR SENATORIAL EXEC COMMITTEE D12,,DEM,XAVIER SCOTT,10
Harrison,PRECINCT 137,DEM FOR SENATORIAL EXEC COMMITTEE D12,,DEM,XAVIER SCOTT,5
Harrison,PRECINCT 143,DEM FOR SENATORIAL EXEC COMMITTEE D12,,DEM,XAVIER SCOTT,62
Harrison,PRECINCT 144,DEM FOR SENATORIAL EXEC COMMITTEE D12,,DEM,XAVIER SCOTT,27
Harrison,PRECINCT 144A,DEM FOR SENATORIAL EXEC COMMITTEE D12,,DEM,XAVIER SCOTT,20
Harrison,PRECINCT 145,DEM FOR SENATORIAL EXEC COMMITTEE D12,,DEM,XAVIER SCOTT,26
Harrison,PRECINCT 1,REP FOR DELEGATE DIST EXEC COMMITTEE FEMALE 69TH DISTRIC,,REP,NO CANDIDATE FILED,0
Harrison,PRECINCT 1A,REP FOR DELEGATE DIST EXEC COMMITTEE FEMALE 69TH DISTRIC,,REP,NO CANDIDATE FILED,0
Harrison,PRECINCT 2,REP FOR DELEGATE DIST EXEC COMMITTEE FEMALE 69TH DISTRIC,,REP,NO CANDIDATE FILED,0
Harrison,PRECINCT 59,REP FOR DELEGATE DIST EXEC COMMITTEE FEMALE 69TH DISTRIC,,REP,NO CANDIDATE FILED,0
Harrison,PRECINCT 61,REP FOR DELEGATE DIST EXEC COMMITTEE FEMALE 69TH DISTRIC,,REP,NO CANDIDATE FILED,0
Harrison,PRECINCT 102,REP FOR DELEGATE DIST EXEC COMMITTEE FEMALE 69TH DISTRIC,,REP,NO CANDIDATE FILED,0
Harrison,PRECINCT 103,REP FOR DELEGATE DIST EXEC COMMITTEE FEMALE 69TH DISTRIC,,REP,NO CANDIDATE FILED,0
Harrison,PRECINCT 104,REP FOR DELEGATE DIST EXEC COMMITTEE FEMALE 69TH DISTRIC,,REP,NO CANDIDATE FILED,0
Harrison,PRECINCT 106,REP FOR DELEGATE DIST EXEC COMMITTEE FEMALE 69TH DISTRIC,,REP,NO CANDIDATE FILED,0
Harrison,PRECINCT 107,REP FOR DELEGATE DIST EXEC COMMITTEE FEMALE 69TH DISTRIC,,REP,NO CANDIDATE FILED,0
Harrison,PRECINCT 108,REP FOR DELEGATE DIST EXEC COMMITTEE FEMALE 69TH DISTRIC,,REP,NO CANDIDATE FILED,0
Harrison,PRECINCT 110,REP FOR DELEGATE DIST EXEC COMMITTEE FEMALE 69TH DISTRIC,,REP,NO CANDIDATE FILED,0
Harrison,PRECINCT 114,REP FOR DELEGATE DIST EXEC COMMITTEE FEMALE 69TH DISTRIC,,REP,NO CANDIDATE FILED,0
Harrison,PRECINCT 133,REP FOR DELEGATE DIST EXEC COMMITTEE FEMALE 69TH DISTRIC,,REP,NO CANDIDATE FILED,0
Harrison,PRECINCT 134,REP FOR DELEGATE DIST EXEC COMMITTEE FEMALE 69TH DISTRIC,,REP,NO CANDIDATE FILED,0
Harrison,PRECINCT 143,REP FOR DELEGATE DIST EXEC COMMITTEE FEMALE 69TH DISTRIC,,REP,NO CANDIDATE FILED,0
Harrison,PRECINCT 144,REP FOR DELEGATE DIST EXEC COMMITTEE FEMALE 69TH DISTRIC,,REP,NO CANDIDATE FILED,0
Harrison,PRECINCT 144A,REP FOR DELEGATE DIST EXEC COMMITTEE FEMALE 69TH DISTRIC,,REP,NO CANDIDATE FILED,0
Harrison,PRECINCT 145,REP FOR DELEGATE DIST EXEC COMMITTEE FEMALE 69TH DISTRIC,,REP,NO CANDIDATE FILED,0
Harrison,PRECINCT 1,DEM FOR DELEGATE DIST EXEC COMMITTEE FEMALE 69TH DISTRIC,,DEM,NO CANDIDATE FILED,0
Harrison,PRECINCT 1A,DEM FOR DELEGATE DIST EXEC COMMITTEE FEMALE 69TH DISTRIC,,DEM,NO CANDIDATE FILED,0
Harrison,PRECINCT 2,DEM FOR DELEGATE DIST EXEC COMMITTEE FEMALE 69TH DISTRIC,,DEM,NO CANDIDATE FILED,0
Harrison,PRECINCT 59,DEM FOR DELEGATE DIST EXEC COMMITTEE FEMALE 69TH DISTRIC,,DEM,NO CANDIDATE FILED,0
Harrison,PRECINCT 61,DEM FOR DELEGATE DIST EXEC COMMITTEE FEMALE 69TH DISTRIC,,DEM,NO CANDIDATE FILED,0
Harrison,PRECINCT 102,DEM FOR DELEGATE DIST EXEC COMMITTEE FEMALE 69TH DISTRIC,,DEM,NO CANDIDATE FILED,0
Harrison,PRECINCT 103,DEM FOR DELEGATE DIST EXEC COMMITTEE FEMALE 69TH DISTRIC,,DEM,NO CANDIDATE FILED,0
Harrison,PRECINCT 104,DEM FOR DELEGATE DIST EXEC COMMITTEE FEMALE 69TH DISTRIC,,DEM,NO CANDIDATE FILED,0
Harrison,PRECINCT 106,DEM FOR DELEGATE DIST EXEC COMMITTEE FEMALE 69TH DISTRIC,,DEM,NO CANDIDATE FILED,0
Harrison,PRECINCT 107,DEM FOR DELEGATE DIST EXEC COMMITTEE FEMALE 69TH DISTRIC,,DEM,NO CANDIDATE FILED,0
Harrison,PRECINCT 108,DEM FOR DELEGATE DIST EXEC COMMITTEE FEMALE 69TH DISTRIC,,DEM,NO CANDIDATE FILED,0
Harrison,PRECINCT 110,DEM FOR DELEGATE DIST EXEC COMMITTEE FEMALE 69TH DISTRIC,,DEM,NO CANDIDATE FILED,0
Harrison,PRECINCT 114,DEM FOR DELEGATE DIST EXEC COMMITTEE FEMALE 69TH DISTRIC,,DEM,NO CANDIDATE FILED,0
Harrison,PRECINCT 133,DEM FOR DELEGATE DIST EXEC COMMITTEE FEMALE 69TH DISTRIC,,DEM,NO CANDIDATE FILED,0
Harrison,PRECINCT 134,DEM FOR DELEGATE DIST EXEC COMMITTEE FEMALE 69TH DISTRIC,,DEM,NO CANDIDATE FILED,0
Harrison,PRECINCT 143,DEM FOR DELEGATE DIST EXEC COMMITTEE FEMALE 69TH DISTRIC,,DEM,NO CANDIDATE FILED,0
Harrison,PRECINCT 144,DEM FOR DELEGATE DIST EXEC COMMITTEE FEMALE 69TH DISTRIC,,DEM,NO CANDIDATE FILED,0
Harrison,PRECINCT 144A,DEM FOR DELEGATE DIST EXEC COMMITTEE FEMALE 69TH DISTRIC,,DEM,NO CANDIDATE FILED,0
Harrison,PRECINCT 145,DEM FOR DELEGATE DIST EXEC COMMITTEE FEMALE 69TH DISTRIC,,DEM,NO CANDIDATE FILED,0
Harrison,PRECINCT 1,REP FOR DELEGATE DIST EXEC COMMITTEE MALE 69TH DISTRICT,,REP,NO CANDIDATE FILED,0
Harrison,PRECINCT 1A,REP FOR DELEGATE DIST EXEC COMMITTEE MALE 69TH DISTRICT,,REP,NO CANDIDATE FILED,0
Harrison,PRECINCT 2,REP FOR DELEGATE DIST EXEC COMMITTEE MALE 69TH DISTRICT,,REP,NO CANDIDATE FILED,0
Harrison,PRECINCT 59,REP FOR DELEGATE DIST EXEC COMMITTEE MALE 69TH DISTRICT,,REP,NO CANDIDATE FILED,0
Harrison,PRECINCT 61,REP FOR DELEGATE DIST EXEC COMMITTEE MALE 69TH DISTRICT,,REP,NO CANDIDATE FILED,0
Harrison,PRECINCT 102,REP FOR DELEGATE DIST EXEC COMMITTEE MALE 69TH DISTRICT,,REP,NO CANDIDATE FILED,0
Harrison,PRECINCT 103,REP FOR DELEGATE DIST EXEC COMMITTEE MALE 69TH DISTRICT,,REP,NO CANDIDATE FILED,0
Harrison,PRECINCT 104,REP FOR DELEGATE DIST EXEC COMMITTEE MALE 69TH DISTRICT,,REP,NO CANDIDATE FILED,0
Harrison,PRECINCT 106,REP FOR DELEGATE DIST EXEC COMMITTEE MALE 69TH DISTRICT,,REP,NO CANDIDATE FILED,0
Harrison,PRECINCT 107,REP FOR DELEGATE DIST EXEC COMMITTEE MALE 69TH DISTRICT,,REP,NO CANDIDATE FILED,0
Harrison,PRECINCT 108,REP FOR DELEGATE DIST EXEC COMMITTEE MALE 69TH DISTRICT,,REP,NO CANDIDATE FILED,0
Harrison,PRECINCT 110,REP FOR DELEGATE DIST EXEC COMMITTEE MALE 69TH DISTRICT,,REP,NO CANDIDATE FILED,0
Harrison,PRECINCT 114,REP FOR DELEGATE DIST EXEC COMMITTEE MALE 69TH DISTRICT,,REP,NO CANDIDATE FILED,0
Harrison,PRECINCT 133,REP FOR DELEGATE DIST EXEC COMMITTEE MALE 69TH DISTRICT,,REP,NO CANDIDATE FILED,0
Harrison,PRECINCT 134,REP FOR DELEGATE DIST EXEC COMMITTEE MALE 69TH DISTRICT,,REP,NO CANDIDATE FILED,0
Harrison,PRECINCT 143,REP FOR DELEGATE DIST EXEC COMMITTEE MALE 69TH DISTRICT,,REP,NO CANDIDATE FILED,0
Harrison,PRECINCT 144,REP FOR DELEGATE DIST EXEC COMMITTEE MALE 69TH DISTRICT,,REP,NO CANDIDATE FILED,0
Harrison,PRECINCT 144A,REP FOR DELEGATE DIST EXEC COMMITTEE MALE 69TH DISTRICT,,REP,NO CANDIDATE FILED,0
Harrison,PRECINCT 145,REP FOR DELEGATE DIST EXEC COMMITTEE MALE 69TH DISTRICT,,REP,NO CANDIDATE FILED,0
Harrison,PRECINCT 1,DEM FOR DELEGATE DIST EXEC COMMITTEE MALE 69TH DISTRICT,,DEM,XAVIER SCOTT,99
Harrison,PRECINCT 1A,DEM FOR DELEGATE DIST EXEC COMMITTEE MALE 69TH DISTRICT,,DEM,XAVIER SCOTT,6
Harrison,PRECINCT 2,DEM FOR DELEGATE DIST EXEC COMMITTEE MALE 69TH DISTRICT,,DEM,XAVIER SCOTT,14
Harrison,PRECINCT 59,DEM FOR DELEGATE DIST EXEC COMMITTEE MALE 69TH DISTRICT,,DEM,XAVIER SCOTT,24
Harrison,PRECINCT 61,DEM FOR DELEGATE DIST EXEC COMMITTEE MALE 69TH DISTRICT,,DEM,XAVIER SCOTT,45
Harrison,PRECINCT 102,DEM FOR DELEGATE DIST EXEC COMMITTEE MALE 69TH DISTRICT,,DEM,XAVIER SCOTT,89
Harrison,PRECINCT 103,DEM FOR DELEGATE DIST EXEC COMMITTEE MALE 69TH DISTRICT,,DEM,XAVIER SCOTT,17
Harrison,PRECINCT 104,DEM FOR DELEGATE DIST EXEC COMMITTEE MALE 69TH DISTRICT,,DEM,XAVIER SCOTT,19
Harrison,PRECINCT 106,DEM FOR DELEGATE DIST EXEC COMMITTEE MALE 69TH DISTRICT,,DEM,XAVIER SCOTT,24
Harrison,PRECINCT 107,DEM FOR DELEGATE DIST EXEC COMMITTEE MALE 69TH DISTRICT,,DEM,XAVIER SCOTT,13
Harrison,PRECINCT 108,DEM FOR DELEGATE DIST EXEC COMMITTEE MALE 69TH DISTRICT,,DEM,XAVIER SCOTT,26
Harrison,PRECINCT 110,DEM FOR DELEGATE DIST EXEC COMMITTEE MALE 69TH DISTRICT,,DEM,XAVIER SCOTT,34
Harrison,PRECINCT 114,DEM FOR DELEGATE DIST EXEC COMMITTEE MALE 69TH DISTRICT,,DEM,XAVIER SCOTT,29
Harrison,PRECINCT 133,DEM FOR DELEGATE DIST EXEC COMMITTEE MALE 69TH DISTRICT,,DEM,XAVIER SCOTT,61
Harrison,PRECINCT 134,DEM FOR DELEGATE DIST EXEC COMMITTEE MALE 69TH DISTRICT,,DEM,XAVIER SCOTT,27
Harrison,PRECINCT 143,DEM FOR DELEGATE DIST EXEC COMMITTEE MALE 69TH DISTRICT,,DEM,XAVIER SCOTT,60
Harrison,PRECINCT 144,DEM FOR DELEGATE DIST EXEC COMMITTEE MALE 69TH DISTRICT,,DEM,XAVIER SCOTT,25
Harrison,PRECINCT 144A,DEM FOR DELEGATE DIST EXEC COMMITTEE MALE 69TH DISTRICT,,DEM,XAVIER SCOTT,18
Harrison,PRECINCT 145,DEM FOR DELEGATE DIST EXEC COMMITTEE MALE 69TH DISTRICT,,DEM,XAVIER SCOTT,26
Harrison,PRECINCT 43,REP FOR DELEGATE DIST EXEC COMMITTEE FEMALE 72ND DISTRIC,,REP,VIRGINIA ROCKWELL,29
Harrison,PRECINCT 44,REP FOR DELEGATE DIST EXEC COMMITTEE FEMALE 72ND DISTRIC,,REP,VIRGINIA ROCKWELL,17
Harrison,PRECINCT 45,REP FOR DELEGATE DIST EXEC COMMITTEE FEMALE 72ND DISTRIC,,REP,VIRGINIA ROCKWELL,48
Harrison,PRECINCT 46,REP FOR DELEGATE DIST EXEC COMMITTEE FEMALE 72ND DISTRIC,,REP,VIRGINIA ROCKWELL,29
Harrison,PRECINCT 48,REP FOR DELEGATE DIST EXEC COMMITTEE FEMALE 72ND DISTRIC,,REP,VIRGINIA ROCKWELL,37
Harrison,PRECINCT 50,REP FOR DELEGATE DIST EXEC COMMITTEE FEMALE 72ND DISTRIC,,REP,VIRGINIA ROCKWELL,30
Harrison,PRECINCT 51,REP FOR DELEGATE DIST EXEC COMMITTEE FEMALE 72ND DISTRIC,,REP,VIRGINIA ROCKWELL,15
Harrison,PRECINCT 52,REP FOR DELEGATE DIST EXEC COMMITTEE FEMALE 72ND DISTRIC,,REP,VIRGINIA ROCKWELL,32
Harrison,PRECINCT 53,REP FOR DELEGATE DIST EXEC COMMITTEE FEMALE 72ND DISTRIC,,REP,VIRGINIA ROCKWELL,19
Harrison,PRECINCT 63,REP FOR DELEGATE DIST EXEC COMMITTEE FEMALE 72ND DISTRIC,,REP,VIRGINIA ROCKWELL,45
Harrison,PRECINCT 87,REP FOR DELEGATE DIST EXEC COMMITTEE FEMALE 72ND DISTRIC,,REP,VIRGINIA ROCKWELL,18
Harrison,PRECINCT 92,REP FOR DELEGATE DIST EXEC COMMITTEE FEMALE 72ND DISTRIC,,REP,VIRGINIA ROCKWELL,36
Harrison,PRECINCT 95,REP FOR DELEGATE DIST EXEC COMMITTEE FEMALE 72ND DISTRIC,,REP,VIRGINIA ROCKWELL,33
Harrison,PRECINCT 96,REP FOR DELEGATE DIST EXEC COMMITTEE FEMALE 72ND DISTRIC,,REP,VIRGINIA ROCKWELL,36
Harrison,PRECINCT 98,REP FOR DELEGATE DIST EXEC COMMITTEE FEMALE 72ND DISTRIC,,REP,VIRGINIA ROCKWELL,20
Harrison,PRECINCT 114A,REP FOR DELEGATE DIST EXEC COMMITTEE FEMALE 72ND DISTRIC,,REP,VIRGINIA ROCKWELL,7
Harrison,PRECINCT 118,REP FOR DELEGATE DIST EXEC COMMITTEE FEMALE 72ND DISTRIC,,REP,VIRGINIA ROCKWELL,28
Harrison,PRECINCT 130,REP FOR DELEGATE DIST EXEC COMMITTEE FEMALE 72ND DISTRIC,,REP,VIRGINIA ROCKWELL,31
Harrison,PRECINCT 132,REP FOR DELEGATE DIST EXEC COMMITTEE FEMALE 72ND DISTRIC,,REP,VIRGINIA ROCKWELL,18
Harrison,PRECINCT 135,REP FOR DELEGATE DIST EXEC COMMITTEE FEMALE 72ND DISTRIC,,REP,VIRGINIA ROCKWELL,25
Harrison,PRECINCT 136,REP FOR DELEGATE DIST EXEC COMMITTEE FEMALE 72ND DISTRIC,,REP,VIRGINIA ROCKWELL,17
Harrison,PRECINCT 137,REP FOR DELEGATE DIST EXEC COMMITTEE FEMALE 72ND DISTRIC,,REP,VIRGINIA ROCKWELL,16
Harrison,PRECINCT 43,DEM FOR DELEGATE DIST EXEC COMMITTEE FEMALE 72ND DISTRIC,,DEM,NO CANDIDATE FILED,0
Harrison,PRECINCT 44,DEM FOR DELEGATE DIST EXEC COMMITTEE FEMALE 72ND DISTRIC,,DEM,NO CANDIDATE FILED,0
Harrison,PRECINCT 45,DEM FOR DELEGATE DIST EXEC COMMITTEE FEMALE 72ND DISTRIC,,DEM,NO CANDIDATE FILED,0
Harrison,PRECINCT 46,DEM FOR DELEGATE DIST EXEC COMMITTEE FEMALE 72ND DISTRIC,,DEM,NO CANDIDATE FILED,0
Harrison,PRECINCT 48,DEM FOR DELEGATE DIST EXEC COMMITTEE FEMALE 72ND DISTRIC,,DEM,NO CANDIDATE FILED,0
Harrison,PRECINCT 50,DEM FOR DELEGATE DIST EXEC COMMITTEE FEMALE 72ND DISTRIC,,DEM,NO CANDIDATE FILED,0
Harrison,PRECINCT 51,DEM FOR DELEGATE DIST EXEC COMMITTEE FEMALE 72ND DISTRIC,,DEM,NO CANDIDATE FILED,0
Harrison,PRECINCT 52,DEM FOR DELEGATE DIST EXEC COMMITTEE FEMALE 72ND DISTRIC,,DEM,NO CANDIDATE FILED,0
Harrison,PRECINCT 53,DEM FOR DELEGATE DIST EXEC COMMITTEE FEMALE 72ND DISTRIC,,DEM,NO CANDIDATE FILED,0
Harrison,PRECINCT 63,DEM FOR DELEGATE DIST EXEC COMMITTEE FEMALE 72ND DISTRIC,,DEM,NO CANDIDATE FILED,0
Harrison,PRECINCT 87,DEM FOR DELEGATE DIST EXEC COMMITTEE FEMALE 72ND DISTRIC,,DEM,NO CANDIDATE FILED,0
Harrison,PRECINCT 92,DEM FOR DELEGATE DIST EXEC COMMITTEE FEMALE 72ND DISTRIC,,DEM,NO CANDIDATE FILED,0
Harrison,PRECINCT 95,DEM FOR DELEGATE DIST EXEC COMMITTEE FEMALE 72ND DISTRIC,,DEM,NO CANDIDATE FILED,0
Harrison,PRECINCT 96,DEM FOR DELEGATE DIST EXEC COMMITTEE FEMALE 72ND DISTRIC,,DEM,NO CANDIDATE FILED,0
Harrison,PRECINCT 98,DEM FOR DELEGATE DIST EXEC COMMITTEE FEMALE 72ND DISTRIC,,DEM,NO CANDIDATE FILED,0
Harrison,PRECINCT 114A,DEM FOR DELEGATE DIST EXEC COMMITTEE FEMALE 72ND DISTRIC,,DEM,NO CANDIDATE FILED,0
Harrison,PRECINCT 118,DEM FOR DELEGATE DIST EXEC COMMITTEE FEMALE 72ND DISTRIC,,DEM,NO CANDIDATE FILED,0
Harrison,PRECINCT 130,DEM FOR DELEGATE DIST EXEC COMMITTEE FEMALE 72ND DISTRIC,,DEM,NO CANDIDATE FILED,0
Harrison,PRECINCT 132,DEM FOR DELEGATE DIST EXEC COMMITTEE FEMALE 72ND DISTRIC,,DEM,NO CANDIDATE FILED,0
Harrison,PRECINCT 135,DEM FOR DELEGATE DIST EXEC COMMITTEE FEMALE 72ND DISTRIC,,DEM,NO CANDIDATE FILED,0
Harrison,PRECINCT 136,DEM FOR DELEGATE DIST EXEC COMMITTEE FEMALE 72ND DISTRIC,,DEM,NO CANDIDATE FILED,0
Harrison,PRECINCT 137,DEM FOR DELEGATE DIST EXEC COMMITTEE FEMALE 72ND DISTRIC,,DEM,NO CANDIDATE FILED,0
Harrison,PRECINCT 43,REP FOR DELEGATE DIST EXEC COMMITTEE MALE 72ND DISTRICT,,REP,NO CANDIDATE FILED,0
Harrison,PRECINCT 44,REP FOR DELEGATE DIST EXEC COMMITTEE MALE 72ND DISTRICT,,REP,NO CANDIDATE FILED,0
Harrison,PRECINCT 45,REP FOR DELEGATE DIST EXEC COMMITTEE MALE 72ND DISTRICT,,REP,NO CANDIDATE FILED,0
Harrison,PRECINCT 46,REP FOR DELEGATE DIST EXEC COMMITTEE MALE 72ND DISTRICT,,REP,NO CANDIDATE FILED,0
Harrison,PRECINCT 48,REP FOR DELEGATE DIST EXEC COMMITTEE MALE 72ND DISTRICT,,REP,NO CANDIDATE FILED,0
Harrison,PRECINCT 50,REP FOR DELEGATE DIST EXEC COMMITTEE MALE 72ND DISTRICT,,REP,NO CANDIDATE FILED,0
Harrison,PRECINCT 51,REP FOR DELEGATE DIST EXEC COMMITTEE MALE 72ND DISTRICT,,REP,NO CANDIDATE FILED,0
Harrison,PRECINCT 52,REP FOR DELEGATE DIST EXEC COMMITTEE MALE 72ND DISTRICT,,REP,NO CANDIDATE FILED,0
Harrison,PRECINCT 53,REP FOR DELEGATE DIST EXEC COMMITTEE MALE 72ND DISTRICT,,REP,NO CANDIDATE FILED,0
Harrison,PRECINCT 63,REP FOR DELEGATE DIST EXEC COMMITTEE MALE 72ND DISTRICT,,REP,NO CANDIDATE FILED,0
Harrison,PRECINCT 87,REP FOR DELEGATE DIST EXEC COMMITTEE MALE 72ND DISTRICT,,REP,NO CANDIDATE FILED,0
Harrison,PRECINCT 92,REP FOR DELEGATE DIST EXEC COMMITTEE MALE 72ND DISTRICT,,REP,NO CANDIDATE FILED,0
Harrison,PRECINCT 95,REP FOR DELEGATE DIST EXEC COMMITTEE MALE 72ND DISTRICT,,REP,NO CANDIDATE FILED,0
Harrison,PRECINCT 96,REP FOR DELEGATE DIST EXEC COMMITTEE MALE 72ND DISTRICT,,REP,NO CANDIDATE FILED,0
Harrison,PRECINCT 98,REP FOR DELEGATE DIST EXEC COMMITTEE MALE 72ND DISTRICT,,REP,NO CANDIDATE FILED,0
Harrison,PRECINCT 114A,REP FOR DELEGATE DIST EXEC COMMITTEE MALE 72ND DISTRICT,,REP,NO CANDIDATE FILED,0
Harrison,PRECINCT 118,REP FOR DELEGATE DIST EXEC COMMITTEE MALE 72ND DISTRICT,,REP,NO CANDIDATE FILED,0
Harrison,PRECINCT 130,REP FOR DELEGATE DIST EXEC COMMITTEE MALE 72ND DISTRICT,,REP,NO CANDIDATE FILED,0
Harrison,PRECINCT 132,REP FOR DELEGATE DIST EXEC COMMITTEE MALE 72ND DISTRICT,,REP,NO CANDIDATE FILED,0
Harrison,PRECINCT 135,REP FOR DELEGATE DIST EXEC COMMITTEE MALE 72ND DISTRICT,,REP,NO CANDIDATE FILED,0
Harrison,PRECINCT 136,REP FOR DELEGATE DIST EXEC COMMITTEE MALE 72ND DISTRICT,,REP,NO CANDIDATE FILED,0
Harrison,PRECINCT 137,REP FOR DELEGATE DIST EXEC COMMITTEE MALE 72ND DISTRICT,,REP,NO CANDIDATE FILED,0
Harrison,PRECINCT 43,DEM FOR DELEGATE DIST EXEC COMMITTEE MALE 72ND DISTRICT,,DEM,NO CANDIDATE FILED,0
Harrison,PRECINCT 44,DEM FOR DELEGATE DIST EXEC COMMITTEE MALE 72ND DISTRICT,,DEM,NO CANDIDATE FILED,0
Harrison,PRECINCT 45,DEM FOR DELEGATE DIST EXEC COMMITTEE MALE 72ND DISTRICT,,DEM,NO CANDIDATE FILED,0
Harrison,PRECINCT 46,DEM FOR DELEGATE DIST EXEC COMMITTEE MALE 72ND DISTRICT,,DEM,NO CANDIDATE FILED,0
Harrison,PRECINCT 48,DEM FOR DELEGATE DIST EXEC COMMITTEE MALE 72ND DISTRICT,,DEM,NO CANDIDATE FILED,0
Harrison,PRECINCT 50,DEM FOR DELEGATE DIST EXEC COMMITTEE MALE 72ND DISTRICT,,DEM,NO CANDIDATE FILED,0
Harrison,PRECINCT 51,DEM FOR DELEGATE DIST EXEC COMMITTEE MALE 72ND DISTRICT,,DEM,NO CANDIDATE FILED,0
Harrison,PRECINCT 52,DEM FOR DELEGATE DIST EXEC COMMITTEE MALE 72ND DISTRICT,,DEM,NO CANDIDATE FILED,0
Harrison,PRECINCT 53,DEM FOR DELEGATE DIST EXEC COMMITTEE MALE 72ND DISTRICT,,DEM,NO CANDIDATE FILED,0
Harrison,PRECINCT 63,DEM FOR DELEGATE DIST EXEC COMMITTEE MALE 72ND DISTRICT,,DEM,NO CANDIDATE FILED,0
Harrison,PRECINCT 87,DEM FOR DELEGATE DIST EXEC COMMITTEE MALE 72ND DISTRICT,,DEM,NO CANDIDATE FILED,0
Harrison,PRECINCT 92,DEM FOR DELEGATE DIST EXEC COMMITTEE MALE 72ND DISTRICT,,DEM,NO CANDIDATE FILED,0
Harrison,PRECINCT 95,DEM FOR DELEGATE DIST EXEC COMMITTEE MALE 72ND DISTRICT,,DEM,NO CANDIDATE FILED,0
Harrison,PRECINCT 96,DEM FOR DELEGATE DIST EXEC COMMITTEE MALE 72ND DISTRICT,,DEM,NO CANDIDATE FILED,0
Harrison,PRECINCT 98,DEM FOR DELEGATE DIST EXEC COMMITTEE MALE 72ND DISTRICT,,DEM,NO CANDIDATE FILED,0
Harrison,PRECINCT 114A,DEM FOR DELEGATE DIST EXEC COMMITTEE MALE 72ND DISTRICT,,DEM,NO CANDIDATE FILED,0
Harrison,PRECINCT 118,DEM FOR DELEGATE DIST EXEC COMMITTEE MALE 72ND DISTRICT,,DEM,NO CANDIDATE FILED,0
Harrison,PRECINCT 130,DEM FOR DELEGATE DIST EXEC COMMITTEE MALE 72ND DISTRICT,,DEM,NO CANDIDATE FILED,0
Harrison,PRECINCT 132,DEM FOR DELEGATE DIST EXEC COMMITTEE MALE 72ND DISTRICT,,DEM,NO CANDIDATE FILED,0
Harrison,PRECINCT 135,DEM FOR DELEGATE DIST EXEC COMMITTEE MALE 72ND DISTRICT,,DEM,NO CANDIDATE FILED,0
Harrison,PRECINCT 136,DEM FOR DELEGATE DIST EXEC COMMITTEE MALE 72ND DISTRICT,,DEM,NO CANDIDATE FILED,0
Harrison,PRECINCT 137,DEM FOR DELEGATE DIST EXEC COMMITTEE MALE 72ND DISTRICT,,DEM,NO CANDIDATE FILED,0
Harrison,PRECINCT 1,Supreme Court of Appeals,,,TOM TUCKER,154
Harrison,PRECINCT 1A,Supreme Court of Appeals,,,TOM TUCKER,12
Harrison,PRECINCT 2,Supreme Court of Appeals,,,TOM TUCKER,18
Harrison,PRECINCT 4,Supreme Court of Appeals,,,TOM TUCKER,117
Harrison,PRECINCT 6,Supreme Court of Appeals,,,TOM TUCKER,92
Harrison,PRECINCT 9,Supreme Court of Appeals,,,TOM TUCKER,69
Harrison,PRECINCT 10,Supreme Court of Appeals,,,TOM TUCKER,43
Harrison,PRECINCT 14,Supreme Court of Appeals,,,TOM TUCKER,232
Harrison,PRECINCT 28,Supreme Court of Appeals,,,TOM TUCKER,126
Harrison,PRECINCT 33,Supreme Court of Appeals,,,TOM TUCKER,184
Harrison,PRECINCT 36A,Supreme Court of Appeals,,,TOM TUCKER,69
Harrison,PRECINCT 43,Supreme Court of Appeals,,,TOM TUCKER,46
Harrison,PRECINCT 44,Supreme Court of Appeals,,,TOM TUCKER,54
Harrison,PRECINCT 45,Supreme Court of Appeals,,,TOM TUCKER,75
Harrison,PRECINCT 46,Supreme Court of Appeals,,,TOM TUCKER,79
Harrison,PRECINCT 48,Supreme Court of Appeals,,,TOM TUCKER,100
Harrison,PRECINCT 50,Supreme Court of Appeals,,,TOM TUCKER,124
Harrison,PRECINCT 51,Supreme Court of Appeals,,,TOM TUCKER,77
Harrison,PRECINCT 52,Supreme Court of Appeals,,,TOM TUCKER,84
Harrison,PRECINCT 53,Supreme Court of Appeals,,,TOM TUCKER,42
Harrison,PRECINCT 59,Supreme Court of Appeals,,,TOM TUCKER,41
Harrison,PRECINCT 61,Supreme Court of Appeals,,,TOM TUCKER,92
Harrison,PRECINCT 63,Supreme Court of Appeals,,,TOM TUCKER,97
Harrison,PRECINCT 66,Supreme Court of Appeals,,,TOM TUCKER,48
Harrison,PRECINCT 66A,Supreme Court of Appeals,,,TOM TUCKER,8
Harrison,PRECINCT 66B,Supreme Court of Appeals,,,TOM TUCKER,7
Harrison,PRECINCT 68,Supreme Court of Appeals,,,TOM TUCKER,101
Harrison,PRECINCT 74,Supreme Court of Appeals,,,TOM TUCKER,149
Harrison,PRECINCT 80,Supreme Court of Appeals,,,TOM TUCKER,164
Harrison,PRECINCT 87,Supreme Court of Appeals,,,TOM TUCKER,36
Harrison,PRECINCT 92,Supreme Court of Appeals,,,TOM TUCKER,84
Harrison,PRECINCT 95,Supreme Court of Appeals,,,TOM TUCKER,68
Harrison,PRECINCT 96,Supreme Court of Appeals,,,TOM TUCKER,103
Harrison,PRECINCT 98,Supreme Court of Appeals,,,TOM TUCKER,51
Harrison,PRECINCT 102,Supreme Court of Appeals,,,TOM TUCKER,134
Harrison,PRECINCT 103,Supreme Court of Appeals,,,TOM TUCKER,32
Harrison,PRECINCT 104,Supreme Court of Appeals,,,TOM TUCKER,50
Harrison,PRECINCT 106,Supreme Court of Appeals,,,TOM TUCKER,41
Harrison,PRECINCT 107,Supreme Court of Appeals,,,TOM TUCKER,21
Harrison,PRECINCT 108,Supreme Court of Appeals,,,TOM TUCKER,60
Harrison,PRECINCT 110,Supreme Court of Appeals,,,TOM TUCKER,66
Harrison,PRECINCT 114,Supreme Court of Appeals,,,TOM TUCKER,57
Harrison,PRECINCT 114A,Supreme Court of Appeals,,,TOM TUCKER,16
Harrison,PRECINCT 118,Supreme Court of Appeals,,,TOM TUCKER,62
Harrison,PRECINCT 120,Supreme Court of Appeals,,,TOM TUCKER,54
Harrison,PRECINCT 121,Supreme Court of Appeals,,,TOM TUCKER,18
Harrison,PRECINCT 122,Supreme Court of Appeals,,,TOM TUCKER,28
Harrison,PRECINCT 123,Supreme Court of Appeals,,,TOM TUCKER,198
Harrison,PRECINCT 125,Supreme Court of Appeals,,,TOM TUCKER,92
Harrison,PRECINCT 126,Supreme Court of Appeals,,,TOM TUCKER,92
Harrison,PRECINCT 128,Supreme Court of Appeals,,,TOM TUCKER,76
Harrison,PRECINCT 129,Supreme Court of Appeals,,,TOM TUCKER,163
Harrison,PRECINCT 129B,Supreme Court of Appeals,,,TOM TUCKER,154
Harrison,PRECINCT 129C,Supreme Court of Appeals,,,TOM TUCKER,57
Harrison,PRECINCT 130,Supreme Court of Appeals,,,TOM TUCKER,36
Harrison,PRECINCT 132,Supreme Court of Appeals,,,TOM TUCKER,29
Harrison,PRECINCT 133,Supreme Court of Appeals,,,TOM TUCKER,77
Harrison,PRECINCT 134,Supreme Court of Appeals,,,TOM TUCKER,65
Harrison,PRECINCT 135,Supreme Court of Appeals,,,TOM TUCKER,36
Harrison,PRECINCT 136,Supreme Court of Appeals,,,TOM TUCKER,21
Harrison,PRECINCT 137,Supreme Court of Appeals,,,TOM TUCKER,12
Harrison,PRECINCT 143,Supreme Court of Appeals,,,TOM TUCKER,130
Harrison,PRECINCT 144,Supreme Court of Appeals,,,TOM TUCKER,47
Harrison,PRECINCT 144A,Supreme Court of Appeals,,,TOM TUCKER,45
Harrison,PRECINCT 145,Supreme Court of Appeals,,,TOM TUCKER,49
Harrison,PRECINCT 1,Supreme Court of Appeals,,,MARY FRANCES BETO SMITH,168
Harrison,PRECINCT 1A,Supreme Court of Appeals,,,MARY FRANCES BETO SMITH,8
Harrison,PRECINCT 2,Supreme Court of Appeals,,,MARY FRANCES BETO SMITH,24
Harrison,PRECINCT 4,Supreme Court of Appeals,,,MARY FRANCES BETO SMITH,167
Harrison,PRECINCT 6,Supreme Court of Appeals,,,MARY FRANCES BETO SMITH,99
Harrison,PRECINCT 9,Supreme Court of Appeals,,,MARY FRANCES BETO SMITH,66
Harrison,PRECINCT 10,Supreme Court of Appeals,,,MARY FRANCES BETO SMITH,41
Harrison,PRECINCT 14,Supreme Court of Appeals,,,MARY FRANCES BETO SMITH,280
Harrison,PRECINCT 28,Supreme Court of Appeals,,,MARY FRANCES BETO SMITH,128
Harrison,PRECINCT 33,Supreme Court of Appeals,,,MARY FRANCES BETO SMITH,192
Harrison,PRECINCT 36A,Supreme Court of Appeals,,,MARY FRANCES BETO SMITH,72
Harrison,PRECINCT 43,Supreme Court of Appeals,,,MARY FRANCES BETO SMITH,32
Harrison,PRECINCT 44,Supreme Court of Appeals,,,MARY FRANCES BETO SMITH,32
Harrison,PRECINCT 45,Supreme Court of Appeals,,,MARY FRANCES BETO SMITH,57
Harrison,PRECINCT 46,Supreme Court of Appeals,,,MARY FRANCES BETO SMITH,49
Harrison,PRECINCT 48,Supreme Court of Appeals,,,MARY FRANCES BETO SMITH,58
Harrison,PRECINCT 50,Supreme Court of Appeals,,,MARY FRANCES BETO SMITH,72
Harrison,PRECINCT 51,Supreme Court of Appeals,,,MARY FRANCES BETO SMITH,30
Harrison,PRECINCT 52,Supreme Court of Appeals,,,MARY FRANCES BETO SMITH,45
Harrison,PRECINCT 53,Supreme Court of Appeals,,,MARY FRANCES BETO SMITH,26
Harrison,PRECINCT 59,Supreme Court of Appeals,,,MARY FRANCES BETO SMITH,40
Harrison,PRECINCT 61,Supreme Court of Appeals,,,MARY FRANCES BETO SMITH,75
Harrison,PRECINCT 63,Supreme Court of Appeals,,,MARY FRANCES BETO SMITH,69
Harrison,PRECINCT 66,Supreme Court of Appeals,,,MARY FRANCES BETO SMITH,45
Harrison,PRECINCT 66A,Supreme Court of Appeals,,,MARY FRANCES BETO SMITH,10
Harrison,PRECINCT 66B,Supreme Court of Appeals,,,MARY FRANCES BETO SMITH,5
Harrison,PRECINCT 68,Supreme Court of Appeals,,,MARY FRANCES BETO SMITH,146
Harrison,PRECINCT 74,Supreme Court of Appeals,,,MARY FRANCES BETO SMITH,154
Harrison,PRECINCT 80,Supreme Court of Appeals,,,MARY FRANCES BETO SMITH,212
Harrison,PRECINCT 87,Supreme Court of Appeals,,,MARY FRANCES BETO SMITH,36
Harrison,PRECINCT 92,Supreme Court of Appeals,,,MARY FRANCES BETO SMITH,36
Harrison,PRECINCT 95,Supreme Court of Appeals,,,MARY FRANCES BETO SMITH,44
Harrison,PRECINCT 96,Supreme Court of Appeals,,,MARY FRANCES BETO SMITH,41
Harrison,PRECINCT 98,Supreme Court of Appeals,,,MARY FRANCES BETO SMITH,23
Harrison,PRECINCT 102,Supreme Court of Appeals,,,MARY FRANCES BETO SMITH,162
Harrison,PRECINCT 103,Supreme Court of Appeals,,,MARY FRANCES BETO SMITH,35
Harrison,PRECINCT 104,Supreme Court of Appeals,,,MARY FRANCES BETO SMITH,50
Harrison,PRECINCT 106,Supreme Court of Appeals,,,MARY FRANCES BETO SMITH,57
Harrison,PRECINCT 107,Supreme Court of Appeals,,,MARY FRANCES BETO SMITH,18
Harrison,PRECINCT 108,Supreme Court of Appeals,,,MARY FRANCES BETO SMITH,59
Harrison,PRECINCT 110,Supreme Court of Appeals,,,MARY FRANCES BETO SMITH,51
Harrison,PRECINCT 114,Supreme Court of Appeals,,,MARY FRANCES BETO SMITH,28
Harrison,PRECINCT 114A,Supreme Court of Appeals,,,MARY FRANCES BETO SMITH,3
Harrison,PRECINCT 118,Supreme Court of Appeals,,,MARY FRANCES BETO SMITH,23
Harrison,PRECINCT 120,Supreme Court of Appeals,,,MARY FRANCES BETO SMITH,80
Harrison,PRECINCT 121,Supreme Court of Appeals,,,MARY FRANCES BETO SMITH,25
Harrison,PRECINCT 122,Supreme Court of Appeals,,,MARY FRANCES BETO SMITH,42
Harrison,PRECINCT 123,Supreme Court of Appeals,,,MARY FRANCES BETO SMITH,332
Harrison,PRECINCT 125,Supreme Court of Appeals,,,MARY FRANCES BETO SMITH,182
Harrison,PRECINCT 126,Supreme Court of Appeals,,,MARY FRANCES BETO SMITH,151
Harrison,PRECINCT 128,Supreme Court of Appeals,,,MARY FRANCES BETO SMITH,130
Harrison,PRECINCT 129,Supreme Court of Appeals,,,MARY FRANCES BETO SMITH,277
Harrison,PRECINCT 129B,Supreme Court of Appeals,,,MARY FRANCES BETO SMITH,254
Harrison,PRECINCT 129C,Supreme Court of Appeals,,,MARY FRANCES BETO SMITH,65
Harrison,PRECINCT 130,Supreme Court of Appeals,,,MARY FRANCES BETO SMITH,32
Harrison,PRECINCT 132,Supreme Court of Appeals,,,MARY FRANCES BETO SMITH,26
Harrison,PRECINCT 133,Supreme Court of Appeals,,,MARY FRANCES BETO SMITH,70
Harrison,PRECINCT 134,Supreme Court of Appeals,,,MARY FRANCES BETO SMITH,47
Harrison,PRECINCT 135,Supreme Court of Appeals,,,MARY FRANCES BETO SMITH,21
Harrison,PRECINCT 136,Supreme Court of Appeals,,,MARY FRANCES BETO SMITH,19
Harrison,PRECINCT 137,Supreme Court of Appeals,,,MARY FRANCES BETO SMITH,16
Harrison,PRECINCT 143,Supreme Court of Appeals,,,MARY FRANCES BETO SMITH,108
Harrison,PRECINCT 144,Supreme Court of Appeals,,,MARY FRANCES BETO SMITH,42
Harrison,PRECINCT 144A,Supreme Court of Appeals,,,MARY FRANCES BETO SMITH,39
Harrison,PRECINCT 145,Supreme Court of Appeals,,,MARY FRANCES BETO SMITH,44
Harrison,PRECINCT 1,Supreme Court of Appeals,,,JUSTIN CAROLI,148
Harrison,PRECINCT 1A,Supreme Court of Appeals,,,JUSTIN CAROLI,11
Harrison,PRECINCT 2,Supreme Court of Appeals,,,JUSTIN CAROLI,18
Harrison,PRECINCT 4,Supreme Court of Appeals,,,JUSTIN CAROLI,195
Harrison,PRECINCT 6,Supreme Court of Appeals,,,JUSTIN CAROLI,123
Harrison,PRECINCT 9,Supreme Court of Appeals,,,JUSTIN CAROLI,55
Harrison,PRECINCT 10,Supreme Court of Appeals,,,JUSTIN CAROLI,40
Harrison,PRECINCT 14,Supreme Court of Appeals,,,JUSTIN CAROLI,227
Harrison,PRECINCT 28,Supreme Court of Appeals,,,JUSTIN CAROLI,105
Harrison,PRECINCT 33,Supreme Court of Appeals,,,JUSTIN CAROLI,154
Harrison,PRECINCT 36A,Supreme Court of Appeals,,,JUSTIN CAROLI,54
Harrison,PRECINCT 43,Supreme Court of Appeals,,,JUSTIN CAROLI,31
Harrison,PRECINCT 44,Supreme Court of Appeals,,,JUSTIN CAROLI,24
Harrison,PRECINCT 45,Supreme Court of Appeals,,,JUSTIN CAROLI,49
Harrison,PRECINCT 46,Supreme Court of Appeals,,,JUSTIN CAROLI,42
Harrison,PRECINCT 48,Supreme Court of Appeals,,,JUSTIN CAROLI,47
Harrison,PRECINCT 50,Supreme Court of Appeals,,,JUSTIN CAROLI,43
Harrison,PRECINCT 51,Supreme Court of Appeals,,,JUSTIN CAROLI,28
Harrison,PRECINCT 52,Supreme Court of Appeals,,,JUSTIN CAROLI,30
Harrison,PRECINCT 53,Supreme Court of Appeals,,,JUSTIN CAROLI,25
Harrison,PRECINCT 59,Supreme Court of Appeals,,,JUSTIN CAROLI,39
Harrison,PRECINCT 61,Supreme Court of Appeals,,,JUSTIN CAROLI,70
Harrison,PRECINCT 63,Supreme Court of Appeals,,,JUSTIN CAROLI,54
Harrison,PRECINCT 66,Supreme Court of Appeals,,,JUSTIN CAROLI,40
Harrison,PRECINCT 66A,Supreme Court of Appeals,,,JUSTIN CAROLI,8
Harrison,PRECINCT 66B,Supreme Court of Appeals,,,JUSTIN CAROLI,1
Harrison,PRECINCT 68,Supreme Court of Appeals,,,JUSTIN CAROLI,116
Harrison,PRECINCT 74,Supreme Court of Appeals,,,JUSTIN CAROLI,129
Harrison,PRECINCT 80,Supreme Court of Appeals,,,JUSTIN CAROLI,179
Harrison,PRECINCT 87,Supreme Court of Appeals,,,JUSTIN CAROLI,30
Harrison,PRECINCT 92,Supreme Court of Appeals,,,JUSTIN CAROLI,29
Harrison,PRECINCT 95,Supreme Court of Appeals,,,JUSTIN CAROLI,31
Harrison,PRECINCT 96,Supreme Court of Appeals,,,JUSTIN CAROLI,39
Harrison,PRECINCT 98,Supreme Court of Appeals,,,JUSTIN CAROLI,23
Harrison,PRECINCT 102,Supreme Court of Appeals,,,JUSTIN CAROLI,164
Harrison,PRECINCT 103,Supreme Court of Appeals,,,JUSTIN CAROLI,43
Harrison,PRECINCT 104,Supreme Court of Appeals,,,JUSTIN CAROLI,43
Harrison,PRECINCT 106,Supreme Court of Appeals,,,JUSTIN CAROLI,43
Harrison,PRECINCT 107,Supreme Court of Appeals,,,JUSTIN CAROLI,23
Harrison,PRECINCT 108,Supreme Court of Appeals,,,JUSTIN CAROLI,69
Harrison,PRECINCT 110,Supreme Court of Appeals,,,JUSTIN CAROLI,54
Harrison,PRECINCT 114,Supreme Court of Appeals,,,JUSTIN CAROLI,33
Harrison,PRECINCT 114A,Supreme Court of Appeals,,,JUSTIN CAROLI,11
Harrison,PRECINCT 118,Supreme Court of Appeals,,,JUSTIN CAROLI,23
Harrison,PRECINCT 120,Supreme Court of Appeals,,,JUSTIN CAROLI,73
Harrison,PRECINCT 121,Supreme Court of Appeals,,,JUSTIN CAROLI,26
Harrison,PRECINCT 122,Supreme Court of Appeals,,,JUSTIN CAROLI,25
Harrison,PRECINCT 123,Supreme Court of Appeals,,,JUSTIN CAROLI,238
Harrison,PRECINCT 125,Supreme Court of Appeals,,,JUSTIN CAROLI,116
Harrison,PRECINCT 126,Supreme Court of Appeals,,,JUSTIN CAROLI,95
Harrison,PRECINCT 128,Supreme Court of Appeals,,,JUSTIN CAROLI,76
Harrison,PRECINCT 129,Supreme Court of Appeals,,,JUSTIN CAROLI,194
Harrison,PRECINCT 129B,Supreme Court of Appeals,,,JUSTIN CAROLI,153
Harrison,PRECINCT 129C,Supreme Court of Appeals,,,JUSTIN CAROLI,52
Harrison,PRECINCT 130,Supreme Court of Appeals,,,JUSTIN CAROLI,28
Harrison,PRECINCT 132,Supreme Court of Appeals,,,JUSTIN CAROLI,25
Harrison,PRECINCT 133,Supreme Court of Appeals,,,JUSTIN CAROLI,70
Harrison,PRECINCT 134,Supreme Court of Appeals,,,JUSTIN CAROLI,49
Harrison,PRECINCT 135,Supreme Court of Appeals,,,JUSTIN CAROLI,30
Harrison,PRECINCT 136,Supreme Court of Appeals,,,JUSTIN CAROLI,18
Harrison,PRECINCT 137,Supreme Court of Appeals,,,JUSTIN CAROLI,12
Harrison,PRECINCT 143,Supreme Court of Appeals,,,JUSTIN CAROLI,114
Harrison,PRECINCT 144,Supreme Court of Appeals,,,JUSTIN CAROLI,45
Harrison,PRECINCT 144A,Supreme Court of Appeals,,,JUSTIN CAROLI,36
Harrison,PRECINCT 145,Supreme Court of Appeals,,,JUSTIN CAROLI,53
Harrison,PRECINCT 1,Supreme Court of Appeals,,,FRANK DEVONO JR.,185
Harrison,PRECINCT 1A,Supreme Court of Appeals,,,FRANK DEVONO JR.,12
Harrison,PRECINCT 2,Supreme Court of Appeals,,,FRANK DEVONO JR.,20
Harrison,PRECINCT 4,Supreme Court of Appeals,,,FRANK DEVONO JR.,160
Harrison,PRECINCT 6,Supreme Court of Appeals,,,FRANK DEVONO JR.,114
Harrison,PRECINCT 9,Supreme Court of Appeals,,,FRANK DEVONO JR.,67
Harrison,PRECINCT 10,Supreme Court of Appeals,,,FRANK DEVONO JR.,51
Harrison,PRECINCT 14,Supreme Court of Appeals,,,FRANK DEVONO JR.,264
Harrison,PRECINCT 28,Supreme Court of Appeals,,,FRANK DEVONO JR.,137
Harrison,PRECINCT 33,Supreme Court of Appeals,,,FRANK DEVONO JR.,205
Harrison,PRECINCT 36A,Supreme Court of Appeals,,,FRANK DEVONO JR.,82
Harrison,PRECINCT 43,Supreme Court of Appeals,,,FRANK DEVONO JR.,25
Harrison,PRECINCT 44,Supreme Court of Appeals,,,FRANK DEVONO JR.,18
Harrison,PRECINCT 45,Supreme Court of Appeals,,,FRANK DEVONO JR.,61
Harrison,PRECINCT 46,Supreme Court of Appeals,,,FRANK DEVONO JR.,46
Harrison,PRECINCT 48,Supreme Court of Appeals,,,FRANK DEVONO JR.,44
Harrison,PRECINCT 50,Supreme Court of Appeals,,,FRANK DEVONO JR.,59
Harrison,PRECINCT 51,Supreme Court of Appeals,,,FRANK DEVONO JR.,29
Harrison,PRECINCT 52,Supreme Court of Appeals,,,FRANK DEVONO JR.,42
Harrison,PRECINCT 53,Supreme Court of Appeals,,,FRANK DEVONO JR.,31
Harrison,PRECINCT 59,Supreme Court of Appeals,,,FRANK DEVONO JR.,39
Harrison,PRECINCT 61,Supreme Court of Appeals,,,FRANK DEVONO JR.,71
Harrison,PRECINCT 63,Supreme Court of Appeals,,,FRANK DEVONO JR.,72
Harrison,PRECINCT 66,Supreme Court of Appeals,,,FRANK DEVONO JR.,58
Harrison,PRECINCT 66A,Supreme Court of Appeals,,,FRANK DEVONO JR.,6
Harrison,PRECINCT 66B,Supreme Court of Appeals,,,FRANK DEVONO JR.,4
Harrison,PRECINCT 68,Supreme Court of Appeals,,,FRANK DEVONO JR.,178
Harrison,PRECINCT 74,Supreme Court of Appeals,,,FRANK DEVONO JR.,136
Harrison,PRECINCT 80,Supreme Court of Appeals,,,FRANK DEVONO JR.,220
Harrison,PRECINCT 87,Supreme Court of Appeals,,,FRANK DEVONO JR.,25
Harrison,PRECINCT 92,Supreme Court of Appeals,,,FRANK DEVONO JR.,32
Harrison,PRECINCT 95,Supreme Court of Appeals,,,FRANK DEVONO JR.,33
Harrison,PRECINCT 96,Supreme Court of Appeals,,,FRANK DEVONO JR.,51
Harrison,PRECINCT 98,Supreme Court of Appeals,,,FRANK DEVONO JR.,32
Harrison,PRECINCT 102,Supreme Court of Appeals,,,FRANK DEVONO JR.,143
Harrison,PRECINCT 103,Supreme Court of Appeals,,,FRANK DEVONO JR.,36
Harrison,PRECINCT 104,Supreme Court of Appeals,,,FRANK DEVONO JR.,46
Harrison,PRECINCT 106,Supreme Court of Appeals,,,FRANK DEVONO JR.,47
Harrison,PRECINCT 107,Supreme Court of Appeals,,,FRANK DEVONO JR.,21
Harrison,PRECINCT 108,Supreme Court of Appeals,,,FRANK DEVONO JR.,70
Harrison,PRECINCT 110,Supreme Court of Appeals,,,FRANK DEVONO JR.,63
Harrison,PRECINCT 114,Supreme Court of Appeals,,,FRANK DEVONO JR.,41
Harrison,PRECINCT 114A,Supreme Court of Appeals,,,FRANK DEVONO JR.,9
Harrison,PRECINCT 118,Supreme Court of Appeals,,,FRANK DEVONO JR.,27
Harrison,PRECINCT 120,Supreme Court of Appeals,,,FRANK DEVONO JR.,94
Harrison,PRECINCT 121,Supreme Court of Appeals,,,FRANK DEVONO JR.,22
Harrison,PRECINCT 122,Supreme Court of Appeals,,,FRANK DEVONO JR.,45
Harrison,PRECINCT 123,Supreme Court of Appeals,,,FRANK DEVONO JR.,345
Harrison,PRECINCT 125,Supreme Court of Appeals,,,FRANK DEVONO JR.,180
Harrison,PRECINCT 126,Supreme Court of Appeals,,,FRANK DEVONO JR.,156
Harrison,PRECINCT 128,Supreme Court of Appeals,,,FRANK DEVONO JR.,127
Harrison,PRECINCT 129,Supreme Court of Appeals,,,FRANK DEVONO JR.,275
Harrison,PRECINCT 129B,Supreme Court of Appeals,,,FRANK DEVONO JR.,240
Harrison,PRECINCT 129C,Supreme Court of Appeals,,,FRANK DEVONO JR.,75
Harrison,PRECINCT 130,Supreme Court of Appeals,,,FRANK DEVONO JR.,20
Harrison,PRECINCT 132,Supreme Court of Appeals,,,FRANK DEVONO JR.,28
Harrison,PRECINCT 133,Supreme Court of Appeals,,,FRANK DEVONO JR.,75
Harrison,PRECINCT 134,Supreme Court of Appeals,,,FRANK DEVONO JR.,37
Harrison,PRECINCT 135,Supreme Court of Appeals,,,FRANK DEVONO JR.,21
Harrison,PRECINCT 136,Supreme Court of Appeals,,,FRANK DEVONO JR.,14
Harrison,PRECINCT 137,Supreme Court of Appeals,,,FRANK DEVONO JR.,13
Harrison,PRECINCT 143,Supreme Court of Appeals,,,FRANK DEVONO JR.,122
Harrison,PRECINCT 144,Supreme Court of Appeals,,,FRANK DEVONO JR.,49
Harrison,PRECINCT 144A,Supreme Court of Appeals,,,FRANK DEVONO JR.,48
Harrison,PRECINCT 145,Supreme Court of Appeals,,,FRANK DEVONO JR.,61
Harrison,PRECINCT 1,FOR CONSERVATION DISTRICT SUPERVISOR,,,PETER A. SCOTT,116
Harrison,PRECINCT 1A,FOR CONSERVATION DISTRICT SUPERVISOR,,,PETER A. SCOTT,12
Harrison,PRECINCT 2,FOR CONSERVATION DISTRICT SUPERVISOR,,,PETER A. SCOTT,10
Harrison,PRECINCT 4,FOR CONSERVATION DISTRICT SUPERVISOR,,,PETER A. SCOTT,107
Harrison,PRECINCT 6,FOR CONSERVATION DISTRICT SUPERVISOR,,,PETER A. SCOTT,59
Harrison,PRECINCT 9,FOR CONSERVATION DISTRICT SUPERVISOR,,,PETER A. SCOTT,43
Harrison,PRECINCT 10,FOR CONSERVATION DISTRICT SUPERVISOR,,,PETER A. SCOTT,27
Harrison,PRECINCT 14,FOR CONSERVATION DISTRICT SUPERVISOR,,,PETER A. SCOTT,210
Harrison,PRECINCT 28,FOR CONSERVATION DISTRICT SUPERVISOR,,,PETER A. SCOTT,96
Harrison,PRECINCT 33,FOR CONSERVATION DISTRICT SUPERVISOR,,,PETER A. SCOTT,131
Harrison,PRECINCT 36A,FOR CONSERVATION DISTRICT SUPERVISOR,,,PETER A. SCOTT,56
Harrison,PRECINCT 43,FOR CONSERVATION DISTRICT SUPERVISOR,,,PETER A. SCOTT,28
Harrison,PRECINCT 44,FOR CONSERVATION DISTRICT SUPERVISOR,,,PETER A. SCOTT,25
Harrison,PRECINCT 45,FOR CONSERVATION DISTRICT SUPERVISOR,,,PETER A. SCOTT,50
Harrison,PRECINCT 46,FOR CONSERVATION DISTRICT SUPERVISOR,,,PETER A. SCOTT,38
Harrison,PRECINCT 48,FOR CONSERVATION DISTRICT SUPERVISOR,,,PETER A. SCOTT,50
Harrison,PRECINCT 50,FOR CONSERVATION DISTRICT SUPERVISOR,,,PETER A. SCOTT,67
Harrison,PRECINCT 51,FOR CONSERVATION DISTRICT SUPERVISOR,,,PETER A. SCOTT,32
Harrison,PRECINCT 52,FOR CONSERVATION DISTRICT SUPERVISOR,,,PETER A. SCOTT,31
Harrison,PRECINCT 53,FOR CONSERVATION DISTRICT SUPERVISOR,,,PETER A. SCOTT,23
Harrison,PRECINCT 59,FOR CONSERVATION DISTRICT SUPERVISOR,,,PETER A. SCOTT,27
Harrison,PRECINCT 61,FOR CONSERVATION DISTRICT SUPERVISOR,,,PETER A. SCOTT,43
Harrison,PRECINCT 63,FOR CONSERVATION DISTRICT SUPERVISOR,,,PETER A. SCOTT,51
Harrison,PRECINCT 66,FOR CONSERVATION DISTRICT SUPERVISOR,,,PETER A. SCOTT,34
Harrison,PRECINCT 66A,FOR CONSERVATION DISTRICT SUPERVISOR,,,PETER A. SCOTT,5
Harrison,PRECINCT 66B,FOR CONSERVATION DISTRICT SUPERVISOR,,,PETER A. SCOTT,6
Harrison,PRECINCT 68,FOR CONSERVATION DISTRICT SUPERVISOR,,,PETER A. SCOTT,122
Harrison,PRECINCT 74,FOR CONSERVATION DISTRICT SUPERVISOR,,,PETER A. SCOTT,104
Harrison,PRECINCT 80,FOR CONSERVATION DISTRICT SUPERVISOR,,,PETER A. SCOTT,159
Harrison,PRECINCT 87,FOR CONSERVATION DISTRICT SUPERVISOR,,,PETER A. SCOTT,20
Harrison,PRECINCT 92,FOR CONSERVATION DISTRICT SUPERVISOR,,,PETER A. SCOTT,31
Harrison,PRECINCT 95,FOR CONSERVATION DISTRICT SUPERVISOR,,,PETER A. SCOTT,25
Harrison,PRECINCT 96,FOR CONSERVATION DISTRICT SUPERVISOR,,,PETER A. SCOTT,38
Harrison,PRECINCT 98,FOR CONSERVATION DISTRICT SUPERVISOR,,,PETER A. SCOTT,23
Harrison,PRECINCT 102,FOR CONSERVATION DISTRICT SUPERVISOR,,,PETER A. SCOTT,84
Harrison,PRECINCT 103,FOR CONSERVATION DISTRICT SUPERVISOR,,,PETER A. SCOTT,17
Harrison,PRECINCT 104,FOR CONSERVATION DISTRICT SUPERVISOR,,,PETER A. SCOTT,6
Harrison,PRECINCT 106,FOR CONSERVATION DISTRICT SUPERVISOR,,,PETER A. SCOTT,16
Harrison,PRECINCT 107,FOR CONSERVATION DISTRICT SUPERVISOR,,,PETER A. SCOTT,5
Harrison,PRECINCT 108,FOR CONSERVATION DISTRICT SUPERVISOR,,,PETER A. SCOTT,9
Harrison,PRECINCT 110,FOR CONSERVATION DISTRICT SUPERVISOR,,,PETER A. SCOTT,19
Harrison,PRECINCT 114,FOR CONSERVATION DISTRICT SUPERVISOR,,,PETER A. SCOTT,28
Harrison,PRECINCT 114A,FOR CONSERVATION DISTRICT SUPERVISOR,,,PETER A. SCOTT,4
Harrison,PRECINCT 118,FOR CONSERVATION DISTRICT SUPERVISOR,,,PETER A. SCOTT,23
Harrison,PRECINCT 120,FOR CONSERVATION DISTRICT SUPERVISOR,,,PETER A. SCOTT,80
Harrison,PRECINCT 121,FOR CONSERVATION DISTRICT SUPERVISOR,,,PETER A. SCOTT,23
Harrison,PRECINCT 122,FOR CONSERVATION DISTRICT SUPERVISOR,,,PETER A. SCOTT,38
Harrison,PRECINCT 123,FOR CONSERVATION DISTRICT SUPERVISOR,,,PETER A. SCOTT,315
Harrison,PRECINCT 125,FOR CONSERVATION DISTRICT SUPERVISOR,,,PETER A. SCOTT,151
Harrison,PRECINCT 126,FOR CONSERVATION DISTRICT SUPERVISOR,,,PETER A. SCOTT,134
Harrison,PRECINCT 128,FOR CONSERVATION DISTRICT SUPERVISOR,,,PETER A. SCOTT,115
Harrison,PRECINCT 129,FOR CONSERVATION DISTRICT SUPERVISOR,,,PETER A. SCOTT,244
Harrison,PRECINCT 129B,FOR CONSERVATION DISTRICT SUPERVISOR,,,PETER A. SCOTT,218
Harrison,PRECINCT 129C,FOR CONSERVATION DISTRICT SUPERVISOR,,,PETER A. SCOTT,67
Harrison,PRECINCT 130,FOR CONSERVATION DISTRICT SUPERVISOR,,,PETER A. SCOTT,23
Harrison,PRECINCT 132,FOR CONSERVATION DISTRICT SUPERVISOR,,,PETER A. SCOTT,16
Harrison,PRECINCT 133,FOR CONSERVATION DISTRICT SUPERVISOR,,,PETER A. SCOTT,46
Harrison,PRECINCT 134,FOR CONSERVATION DISTRICT SUPERVISOR,,,PETER A. SCOTT,25
Harrison,PRECINCT 135,FOR CONSERVATION DISTRICT SUPERVISOR,,,PETER A. SCOTT,7
Harrison,PRECINCT 136,FOR CONSERVATION DISTRICT SUPERVISOR,,,PETER A. SCOTT,12
Harrison,PRECINCT 137,FOR CONSERVATION DISTRICT SUPERVISOR,,,PETER A. SCOTT,12
Harrison,PRECINCT 143,FOR CONSERVATION DISTRICT SUPERVISOR,,,PETER A. SCOTT,40
Harrison,PRECINCT 144,FOR CONSERVATION DISTRICT SUPERVISOR,,,PETER A. SCOTT,5
Harrison,PRECINCT 144A,FOR CONSERVATION DISTRICT SUPERVISOR,,,PETER A. SCOTT,12
Harrison,PRECINCT 145,FOR CONSERVATION DISTRICT SUPERVISOR,,,PETER A. SCOTT,26
Harrison,PRECINCT 1,FOR CONSERVATION DISTRICT SUPERVISOR,,,VIRGINIA ROCKWELL,64
Harrison,PRECINCT 1A,FOR CONSERVATION DISTRICT SUPERVISOR,,,VIRGINIA ROCKWELL,1
Harrison,PRECINCT 2,FOR CONSERVATION DISTRICT SUPERVISOR,,,VIRGINIA ROCKWELL,8
Harrison,PRECINCT 4,FOR CONSERVATION DISTRICT SUPERVISOR,,,VIRGINIA ROCKWELL,45
Harrison,PRECINCT 6,FOR CONSERVATION DISTRICT SUPERVISOR,,,VIRGINIA ROCKWELL,56
Harrison,PRECINCT 9,FOR CONSERVATION DISTRICT SUPERVISOR,,,VIRGINIA ROCKWELL,37
Harrison,PRECINCT 10,FOR CONSERVATION DISTRICT SUPERVISOR,,,VIRGINIA ROCKWELL,22
Harrison,PRECINCT 14,FOR CONSERVATION DISTRICT SUPERVISOR,,,VIRGINIA ROCKWELL,110
Harrison,PRECINCT 28,FOR CONSERVATION DISTRICT SUPERVISOR,,,VIRGINIA ROCKWELL,40
Harrison,PRECINCT 33,FOR CONSERVATION DISTRICT SUPERVISOR,,,VIRGINIA ROCKWELL,88
Harrison,PRECINCT 36A,FOR CONSERVATION DISTRICT SUPERVISOR,,,VIRGINIA ROCKWELL,27
Harrison,PRECINCT 43,FOR CONSERVATION DISTRICT SUPERVISOR,,,VIRGINIA ROCKWELL,21
Harrison,PRECINCT 44,FOR CONSERVATION DISTRICT SUPERVISOR,,,VIRGINIA ROCKWELL,18
Harrison,PRECINCT 45,FOR CONSERVATION DISTRICT SUPERVISOR,,,VIRGINIA ROCKWELL,22
Harrison,PRECINCT 46,FOR CONSERVATION DISTRICT SUPERVISOR,,,VIRGINIA ROCKWELL,34
Harrison,PRECINCT 48,FOR CONSERVATION DISTRICT SUPERVISOR,,,VIRGINIA ROCKWELL,33
Harrison,PRECINCT 50,FOR CONSERVATION DISTRICT SUPERVISOR,,,VIRGINIA ROCKWELL,42
Harrison,PRECINCT 51,FOR CONSERVATION DISTRICT SUPERVISOR,,,VIRGINIA ROCKWELL,25
Harrison,PRECINCT 52,FOR CONSERVATION DISTRICT SUPERVISOR,,,VIRGINIA ROCKWELL,35
Harrison,PRECINCT 53,FOR CONSERVATION DISTRICT SUPERVISOR,,,VIRGINIA ROCKWELL,24
Harrison,PRECINCT 59,FOR CONSERVATION DISTRICT SUPERVISOR,,,VIRGINIA ROCKWELL,24
Harrison,PRECINCT 61,FOR CONSERVATION DISTRICT SUPERVISOR,,,VIRGINIA ROCKWELL,48
Harrison,PRECINCT 63,FOR CONSERVATION DISTRICT SUPERVISOR,,,VIRGINIA ROCKWELL,43
Harrison,PRECINCT 66,FOR CONSERVATION DISTRICT SUPERVISOR,,,VIRGINIA ROCKWELL,21
Harrison,PRECINCT 66A,FOR CONSERVATION DISTRICT SUPERVISOR,,,VIRGINIA ROCKWELL,10
Harrison,PRECINCT 66B,FOR CONSERVATION DISTRICT SUPERVISOR,,,VIRGINIA ROCKWELL,0
Harrison,PRECINCT 68,FOR CONSERVATION DISTRICT SUPERVISOR,,,VIRGINIA ROCKWELL,55
Harrison,PRECINCT 74,FOR CONSERVATION DISTRICT SUPERVISOR,,,VIRGINIA ROCKWELL,74
Harrison,PRECINCT 80,FOR CONSERVATION DISTRICT SUPERVISOR,,,VIRGINIA ROCKWELL,76
Harrison,PRECINCT 87,FOR CONSERVATION DISTRICT SUPERVISOR,,,VIRGINIA ROCKWELL,22
Harrison,PRECINCT 92,FOR CONSERVATION DISTRICT SUPERVISOR,,,VIRGINIA ROCKWELL,29
Harrison,PRECINCT 95,FOR CONSERVATION DISTRICT SUPERVISOR,,,VIRGINIA ROCKWELL,29
Harrison,PRECINCT 96,FOR CONSERVATION DISTRICT SUPERVISOR,,,VIRGINIA ROCKWELL,43
Harrison,PRECINCT 98,FOR CONSERVATION DISTRICT SUPERVISOR,,,VIRGINIA ROCKWELL,17
Harrison,PRECINCT 102,FOR CONSERVATION DISTRICT SUPERVISOR,,,VIRGINIA ROCKWELL,49
Harrison,PRECINCT 103,FOR CONSERVATION DISTRICT SUPERVISOR,,,VIRGINIA ROCKWELL,8
Harrison,PRECINCT 104,FOR CONSERVATION DISTRICT SUPERVISOR,,,VIRGINIA ROCKWELL,6
Harrison,PRECINCT 106,FOR CONSERVATION DISTRICT SUPERVISOR,,,VIRGINIA ROCKWELL,12
Harrison,PRECINCT 107,FOR CONSERVATION DISTRICT SUPERVISOR,,,VIRGINIA ROCKWELL,0
Harrison,PRECINCT 108,FOR CONSERVATION DISTRICT SUPERVISOR,,,VIRGINIA ROCKWELL,9
Harrison,PRECINCT 110,FOR CONSERVATION DISTRICT SUPERVISOR,,,VIRGINIA ROCKWELL,13
Harrison,PRECINCT 114,FOR CONSERVATION DISTRICT SUPERVISOR,,,VIRGINIA ROCKWELL,21
Harrison,PRECINCT 114A,FOR CONSERVATION DISTRICT SUPERVISOR,,,VIRGINIA ROCKWELL,6
Harrison,PRECINCT 118,FOR CONSERVATION DISTRICT SUPERVISOR,,,VIRGINIA ROCKWELL,35
Harrison,PRECINCT 120,FOR CONSERVATION DISTRICT SUPERVISOR,,,VIRGINIA ROCKWELL,26
Harrison,PRECINCT 121,FOR CONSERVATION DISTRICT SUPERVISOR,,,VIRGINIA ROCKWELL,6
Harrison,PRECINCT 122,FOR CONSERVATION DISTRICT SUPERVISOR,,,VIRGINIA ROCKWELL,8
Harrison,PRECINCT 123,FOR CONSERVATION DISTRICT SUPERVISOR,,,VIRGINIA ROCKWELL,60
Harrison,PRECINCT 125,FOR CONSERVATION DISTRICT SUPERVISOR,,,VIRGINIA ROCKWELL,38
Harrison,PRECINCT 126,FOR CONSERVATION DISTRICT SUPERVISOR,,,VIRGINIA ROCKWELL,25
Harrison,PRECINCT 128,FOR CONSERVATION DISTRICT SUPERVISOR,,,VIRGINIA ROCKWELL,29
Harrison,PRECINCT 129,FOR CONSERVATION DISTRICT SUPERVISOR,,,VIRGINIA ROCKWELL,63
Harrison,PRECINCT 129B,FOR CONSERVATION DISTRICT SUPERVISOR,,,VIRGINIA ROCKWELL,67
Harrison,PRECINCT 129C,FOR CONSERVATION DISTRICT SUPERVISOR,,,VIRGINIA ROCKWELL,18
Harrison,PRECINCT 130,FOR CONSERVATION DISTRICT SUPERVISOR,,,VIRGINIA ROCKWELL,15
Harrison,PRECINCT 132,FOR CONSERVATION DISTRICT SUPERVISOR,,,VIRGINIA ROCKWELL,15
Harrison,PRECINCT 133,FOR CONSERVATION DISTRICT SUPERVISOR,,,VIRGINIA ROCKWELL,36
Harrison,PRECINCT 134,FOR CONSERVATION DISTRICT SUPERVISOR,,,VIRGINIA ROCKWELL,30
Harrison,PRECINCT 135,FOR CONSERVATION DISTRICT SUPERVISOR,,,VIRGINIA ROCKWELL,14
Harrison,PRECINCT 136,FOR CONSERVATION DISTRICT SUPERVISOR,,,VIRGINIA ROCKWELL,11
Harrison,PRECINCT 137,FOR CONSERVATION DISTRICT SUPERVISOR,,,VIRGINIA ROCKWELL,8
Harrison,PRECINCT 143,FOR CONSERVATION DISTRICT SUPERVISOR,,,VIRGINIA ROCKWELL,28
Harrison,PRECINCT 144,FOR CONSERVATION DISTRICT SUPERVISOR,,,VIRGINIA ROCKWELL,17
Harrison,PRECINCT 144A,FOR CONSERVATION DISTRICT SUPERVISOR,,,VIRGINIA ROCKWELL,4
Harrison,PRECINCT 145,FOR CONSERVATION DISTRICT SUPERVISOR,,,VIRGINIA ROCKWELL,18
Harrison,PRECINCT 1,FOR CONSERVATION DISTRICT SUPERVISOR,,,ROBERT SUAN,95
Harrison,PRECINCT 1A,FOR CONSERVATION DISTRICT SUPERVISOR,,,ROBERT SUAN,2
Harrison,PRECINCT 2,FOR CONSERVATION DISTRICT SUPERVISOR,,,ROBERT SUAN,16
Harrison,PRECINCT 4,FOR CONSERVATION DISTRICT SUPERVISOR,,,ROBERT SUAN,109
Harrison,PRECINCT 6,FOR CONSERVATION DISTRICT SUPERVISOR,,,ROBERT SUAN,74
Harrison,PRECINCT 9,FOR CONSERVATION DISTRICT SUPERVISOR,,,ROBERT SUAN,32
Harrison,PRECINCT 10,FOR CONSERVATION DISTRICT SUPERVISOR,,,ROBERT SUAN,32
Harrison,PRECINCT 14,FOR CONSERVATION DISTRICT SUPERVISOR,,,ROBERT SUAN,113
Harrison,PRECINCT 28,FOR CONSERVATION DISTRICT SUPERVISOR,,,ROBERT SUAN,60
Harrison,PRECINCT 33,FOR CONSERVATION DISTRICT SUPERVISOR,,,ROBERT SUAN,96
Harrison,PRECINCT 36A,FOR CONSERVATION DISTRICT SUPERVISOR,,,ROBERT SUAN,29
Harrison,PRECINCT 43,FOR CONSERVATION DISTRICT SUPERVISOR,,,ROBERT SUAN,12
Harrison,PRECINCT 44,FOR CONSERVATION DISTRICT SUPERVISOR,,,ROBERT SUAN,12
Harrison,PRECINCT 45,FOR CONSERVATION DISTRICT SUPERVISOR,,,ROBERT SUAN,25
Harrison,PRECINCT 46,FOR CONSERVATION DISTRICT SUPERVISOR,,,ROBERT SUAN,23
Harrison,PRECINCT 48,FOR CONSERVATION DISTRICT SUPERVISOR,,,ROBERT SUAN,29
Harrison,PRECINCT 50,FOR CONSERVATION DISTRICT SUPERVISOR,,,ROBERT SUAN,20
Harrison,PRECINCT 51,FOR CONSERVATION DISTRICT SUPERVISOR,,,ROBERT SUAN,20
Harrison,PRECINCT 52,FOR CONSERVATION DISTRICT SUPERVISOR,,,ROBERT SUAN,21
Harrison,PRECINCT 53,FOR CONSERVATION DISTRICT SUPERVISOR,,,ROBERT SUAN,12
Harrison,PRECINCT 59,FOR CONSERVATION DISTRICT SUPERVISOR,,,ROBERT SUAN,27
Harrison,PRECINCT 61,FOR CONSERVATION DISTRICT SUPERVISOR,,,ROBERT SUAN,47
Harrison,PRECINCT 63,FOR CONSERVATION DISTRICT SUPERVISOR,,,ROBERT SUAN,31
Harrison,PRECINCT 66,FOR CONSERVATION DISTRICT SUPERVISOR,,,ROBERT SUAN,25
Harrison,PRECINCT 66A,FOR CONSERVATION DISTRICT SUPERVISOR,,,ROBERT SUAN,1
Harrison,PRECINCT 66B,FOR CONSERVATION DISTRICT SUPERVISOR,,,ROBERT SUAN,4
Harrison,PRECINCT 68,FOR CONSERVATION DISTRICT SUPERVISOR,,,ROBERT SUAN,72
Harrison,PRECINCT 74,FOR CONSERVATION DISTRICT SUPERVISOR,,,ROBERT SUAN,85
Harrison,PRECINCT 80,FOR CONSERVATION DISTRICT SUPERVISOR,,,ROBERT SUAN,103
Harrison,PRECINCT 87,FOR CONSERVATION DISTRICT SUPERVISOR,,,ROBERT SUAN,20
Harrison,PRECINCT 92,FOR CONSERVATION DISTRICT SUPERVISOR,,,ROBERT SUAN,25
Harrison,PRECINCT 95,FOR CONSERVATION DISTRICT SUPERVISOR,,,ROBERT SUAN,19
Harrison,PRECINCT 96,FOR CONSERVATION DISTRICT SUPERVISOR,,,ROBERT SUAN,22
Harrison,PRECINCT 98,FOR CONSERVATION DISTRICT SUPERVISOR,,,ROBERT SUAN,17
Harrison,PRECINCT 102,FOR CONSERVATION DISTRICT SUPERVISOR,,,ROBERT SUAN,135
Harrison,PRECINCT 103,FOR CONSERVATION DISTRICT SUPERVISOR,,,ROBERT SUAN,38
Harrison,PRECINCT 104,FOR CONSERVATION DISTRICT SUPERVISOR,,,ROBERT SUAN,81
Harrison,PRECINCT 106,FOR CONSERVATION DISTRICT SUPERVISOR,,,ROBERT SUAN,48
Harrison,PRECINCT 107,FOR CONSERVATION DISTRICT SUPERVISOR,,,ROBERT SUAN,39
Harrison,PRECINCT 108,FOR CONSERVATION DISTRICT SUPERVISOR,,,ROBERT SUAN,100
Harrison,PRECINCT 110,FOR CONSERVATION DISTRICT SUPERVISOR,,,ROBERT SUAN,74
Harrison,PRECINCT 114,FOR CONSERVATION DISTRICT SUPERVISOR,,,ROBERT SUAN,22
Harrison,PRECINCT 114A,FOR CONSERVATION DISTRICT SUPERVISOR,,,ROBERT SUAN,8
Harrison,PRECINCT 118,FOR CONSERVATION DISTRICT SUPERVISOR,,,ROBERT SUAN,4
Harrison,PRECINCT 120,FOR CONSERVATION DISTRICT SUPERVISOR,,,ROBERT SUAN,31
Harrison,PRECINCT 121,FOR CONSERVATION DISTRICT SUPERVISOR,,,ROBERT SUAN,17
Harrison,PRECINCT 122,FOR CONSERVATION DISTRICT SUPERVISOR,,,ROBERT SUAN,14
Harrison,PRECINCT 123,FOR CONSERVATION DISTRICT SUPERVISOR,,,ROBERT SUAN,71
Harrison,PRECINCT 125,FOR CONSERVATION DISTRICT SUPERVISOR,,,ROBERT SUAN,33
Harrison,PRECINCT 126,FOR CONSERVATION DISTRICT SUPERVISOR,,,ROBERT SUAN,41
Harrison,PRECINCT 128,FOR CONSERVATION DISTRICT SUPERVISOR,,,ROBERT SUAN,39
Harrison,PRECINCT 129,FOR CONSERVATION DISTRICT SUPERVISOR,,,ROBERT SUAN,61
Harrison,PRECINCT 129B,FOR CONSERVATION DISTRICT SUPERVISOR,,,ROBERT SUAN,59
Harrison,PRECINCT 129C,FOR CONSERVATION DISTRICT SUPERVISOR,,,ROBERT SUAN,16
Harrison,PRECINCT 130,FOR CONSERVATION DISTRICT SUPERVISOR,,,ROBERT SUAN,15
Harrison,PRECINCT 132,FOR CONSERVATION DISTRICT SUPERVISOR,,,ROBERT SUAN,11
Harrison,PRECINCT 133,FOR CONSERVATION DISTRICT SUPERVISOR,,,ROBERT SUAN,46
Harrison,PRECINCT 134,FOR CONSERVATION DISTRICT SUPERVISOR,,,ROBERT SUAN,34
Harrison,PRECINCT 135,FOR CONSERVATION DISTRICT SUPERVISOR,,,ROBERT SUAN,23
Harrison,PRECINCT 136,FOR CONSERVATION DISTRICT SUPERVISOR,,,ROBERT SUAN,13
Harrison,PRECINCT 137,FOR CONSERVATION DISTRICT SUPERVISOR,,,ROBERT SUAN,7
Harrison,PRECINCT 143,FOR CONSERVATION DISTRICT SUPERVISOR,,,ROBERT SUAN,143
Harrison,PRECINCT 144,FOR CONSERVATION DISTRICT SUPERVISOR,,,ROBERT SUAN,53
Harrison,PRECINCT 144A,FOR CONSERVATION DISTRICT SUPERVISOR,,,ROBERT SUAN,52
Harrison,PRECINCT 145,FOR CONSERVATION DISTRICT SUPERVISOR,,,ROBERT SUAN,52
Harrison,PRECINCT 63,REP FOR COUNTY EXEC COMMITTEE,,REP,LAURA KIMBLE,53
Harrison,PRECINCT 66,REP FOR COUNTY EXEC COMMITTEE,,REP,LAURA KIMBLE,20
Harrison,PRECINCT 66B,REP FOR COUNTY EXEC COMMITTEE,,REP,LAURA KIMBLE,3
Harrison,PRECINCT 123,REP FOR COUNTY EXEC COMMITTEE,,REP,LAURA KIMBLE,199
Harrison,PRECINCT 125,REP FOR COUNTY EXEC COMMITTEE,,REP,LAURA KIMBLE,84
Harrison,PRECINCT 126,REP FOR COUNTY EXEC COMMITTEE,,REP,LAURA KIMBLE,88
Harrison,PRECINCT 128,REP FOR COUNTY EXEC COMMITTEE,,REP,LAURA KIMBLE,74
Harrison,PRECINCT 129,REP FOR COUNTY EXEC COMMITTEE,,REP,LAURA KIMBLE,149
Harrison,PRECINCT 129B,REP FOR COUNTY EXEC COMMITTEE,,REP,LAURA KIMBLE,113
Harrison,PRECINCT 129C,REP FOR COUNTY EXEC COMMITTEE,,REP,LAURA KIMBLE,43
Harrison,PRECINCT 63,DEM FOR COUNTY EXEC COMMITTEE,,DEM,NO CANDIDATE FILED,0
Harrison,PRECINCT 66,DEM FOR COUNTY EXEC COMMITTEE,,DEM,NO CANDIDATE FILED,0
Harrison,PRECINCT 66B,DEM FOR COUNTY EXEC COMMITTEE,,DEM,NO CANDIDATE FILED,0
Harrison,PRECINCT 123,DEM FOR COUNTY EXEC COMMITTEE,,DEM,NO CANDIDATE FILED,0
Harrison,PRECINCT 125,DEM FOR COUNTY EXEC COMMITTEE,,DEM,NO CANDIDATE FILED,0
Harrison,PRECINCT 126,DEM FOR COUNTY EXEC COMMITTEE,,DEM,NO CANDIDATE FILED,0
Harrison,PRECINCT 128,DEM FOR COUNTY EXEC COMMITTEE,,DEM,NO CANDIDATE FILED,0
Harrison,PRECINCT 129,DEM FOR COUNTY EXEC COMMITTEE,,DEM,NO CANDIDATE FILED,0
Harrison,PRECINCT 129B,DEM FOR COUNTY EXEC COMMITTEE,,DEM,NO CANDIDATE FILED,0
Harrison,PRECINCT 129C,DEM FOR COUNTY EXEC COMMITTEE,,DEM,NO CANDIDATE FILED,0
Harrison,PRECINCT 63,REP FOR COUNTY EXEC COMMITTEE,,REP,DREW HARBERT,53
Harrison,PRECINCT 66,REP FOR COUNTY EXEC COMMITTEE,,REP,DREW HARBERT,25
Harrison,PRECINCT 66B,REP FOR COUNTY EXEC COMMITTEE,,REP,DREW HARBERT,3
Harrison,PRECINCT 123,REP FOR COUNTY EXEC COMMITTEE,,REP,DREW HARBERT,211
Harrison,PRECINCT 125,REP FOR COUNTY EXEC COMMITTEE,,REP,DREW HARBERT,85
Harrison,PRECINCT 126,REP FOR COUNTY EXEC COMMITTEE,,REP,DREW HARBERT,83
Harrison,PRECINCT 128,REP FOR COUNTY EXEC COMMITTEE,,REP,DREW HARBERT,75
Harrison,PRECINCT 129,REP FOR COUNTY EXEC COMMITTEE,,REP,DREW HARBERT,159
Harrison,PRECINCT 129B,REP FOR COUNTY EXEC COMMITTEE,,REP,DREW HARBERT,125
Harrison,PRECINCT 129C,REP FOR COUNTY EXEC COMMITTEE,,REP,DREW HARBERT,43
Harrison,PRECINCT 61,REP FOR COUNTY EXEC COMMITTEE,,REP,JEANNIE OLDAKER,40
Harrison,PRECINCT 66A,REP FOR COUNTY EXEC COMMITTEE,,REP,JEANNIE OLDAKER,2
Harrison,PRECINCT 68,REP FOR COUNTY EXEC COMMITTEE,,REP,JEANNIE OLDAKER,28
Harrison,PRECINCT 74,REP FOR COUNTY EXEC COMMITTEE,,REP,JEANNIE OLDAKER,56
Harrison,PRECINCT 80,REP FOR COUNTY EXEC COMMITTEE,,REP,JEANNIE OLDAKER,53
Harrison,PRECINCT 87,REP FOR COUNTY EXEC COMMITTEE,,REP,JEANNIE OLDAKER,24
Harrison,PRECINCT 114,REP FOR COUNTY EXEC COMMITTEE,,REP,JEANNIE OLDAKER,20
Harrison,PRECINCT 114A,REP FOR COUNTY EXEC COMMITTEE,,REP,JEANNIE OLDAKER,3
Harrison,PRECINCT 61,REP FOR COUNTY EXEC COMMITTEE,,REP,DIANA CRITCHFIELD,24
Harrison,PRECINCT 66A,REP FOR COUNTY EXEC COMMITTEE,,REP,DIANA CRITCHFIELD,0
Harrison,PRECINCT 68,REP FOR COUNTY EXEC COMMITTEE,,REP,DIANA CRITCHFIELD,35
Harrison,PRECINCT 74,REP FOR COUNTY EXEC COMMITTEE,,REP,DIANA CRITCHFIELD,37
Harrison,PRECINCT 80,REP FOR COUNTY EXEC COMMITTEE,,REP,DIANA CRITCHFIELD,59
Harrison,PRECINCT 87,REP FOR COUNTY EXEC COMMITTEE,,REP,DIANA CRITCHFIELD,6
Harrison,PRECINCT 114,REP FOR COUNTY EXEC COMMITTEE,,REP,DIANA CRITCHFIELD,12
Harrison,PRECINCT 114A,REP FOR COUNTY EXEC COMMITTEE,,REP,DIANA CRITCHFIELD,4
Harrison,PRECINCT 61,DEM FOR COUNTY EXEC COMMITTEE,,DEM,NO CANDIDATE FILED,0
Harrison,PRECINCT 66A,DEM FOR COUNTY EXEC COMMITTEE,,DEM,NO CANDIDATE FILED,0
Harrison,PRECINCT 68,DEM FOR COUNTY EXEC COMMITTEE,,DEM,NO CANDIDATE FILED,0
Harrison,PRECINCT 74,DEM FOR COUNTY EXEC COMMITTEE,,DEM,NO CANDIDATE FILED,0
Harrison,PRECINCT 80,DEM FOR COUNTY EXEC COMMITTEE,,DEM,NO CANDIDATE FILED,0
Harrison,PRECINCT 87,DEM FOR COUNTY EXEC COMMITTEE,,DEM,NO CANDIDATE FILED,0
Harrison,PRECINCT 114,DEM FOR COUNTY EXEC COMMITTEE,,DEM,NO CANDIDATE FILED,0
Harrison,PRECINCT 114A,DEM FOR COUNTY EXEC COMMITTEE,,DEM,NO CANDIDATE FILED,0
Harrison,PRECINCT 61,REP FOR COUNTY EXEC COMMITTEE,,REP,KENNETH DRUM,57
Harrison,PRECINCT 66A,REP FOR COUNTY EXEC COMMITTEE,,REP,KENNETH DRUM,2
Harrison,PRECINCT 68,REP FOR COUNTY EXEC COMMITTEE,,REP,KENNETH DRUM,55
Harrison,PRECINCT 74,REP FOR COUNTY EXEC COMMITTEE,,REP,KENNETH DRUM,79
Harrison,PRECINCT 80,REP FOR COUNTY EXEC COMMITTEE,,REP,KENNETH DRUM,97
Harrison,PRECINCT 87,REP FOR COUNTY EXEC COMMITTEE,,REP,KENNETH DRUM,19
Harrison,PRECINCT 114,REP FOR COUNTY EXEC COMMITTEE,,REP,KENNETH DRUM,29
Harrison,PRECINCT 114A,REP FOR COUNTY EXEC COMMITTEE,,REP,KENNETH DRUM,7
Harrison,PRECINCT 43,REP FOR COUNTY EXEC COMMITTEE,,REP,VIRGINIA ROCKWELL,26
Harrison,PRECINCT 44,REP FOR COUNTY EXEC COMMITTEE,,REP,VIRGINIA ROCKWELL,17
Harrison,PRECINCT 45,REP FOR COUNTY EXEC COMMITTEE,,REP,VIRGINIA ROCKWELL,42
Harrison,PRECINCT 46,REP FOR COUNTY EXEC COMMITTEE,,REP,VIRGINIA ROCKWELL,30
Harrison,PRECINCT 48,REP FOR COUNTY EXEC COMMITTEE,,REP,VIRGINIA ROCKWELL,36
Harrison,PRECINCT 50,REP FOR COUNTY EXEC COMMITTEE,,REP,VIRGINIA ROCKWELL,29
Harrison,PRECINCT 51,REP FOR COUNTY EXEC COMMITTEE,,REP,VIRGINIA ROCKWELL,14
Harrison,PRECINCT 52,REP FOR COUNTY EXEC COMMITTEE,,REP,VIRGINIA ROCKWELL,35
Harrison,PRECINCT 53,REP FOR COUNTY EXEC COMMITTEE,,REP,VIRGINIA ROCKWELL,19
Harrison,PRECINCT 92,REP FOR COUNTY EXEC COMMITTEE,,REP,VIRGINIA ROCKWELL,32
Harrison,PRECINCT 95,REP FOR COUNTY EXEC COMMITTEE,,REP,VIRGINIA ROCKWELL,33
Harrison,PRECINCT 96,REP FOR COUNTY EXEC COMMITTEE,,REP,VIRGINIA ROCKWELL,33
Harrison,PRECINCT 98,REP FOR COUNTY EXEC COMMITTEE,,REP,VIRGINIA ROCKWELL,20
Harrison,PRECINCT 118,REP FOR COUNTY EXEC COMMITTEE,,REP,VIRGINIA ROCKWELL,27
Harrison,PRECINCT 43,DEM FOR COUNTY EXEC COMMITTEE,,DEM,NO CANDIDATE FILED,0
Harrison,PRECINCT 44,DEM FOR COUNTY EXEC COMMITTEE,,DEM,NO CANDIDATE FILED,0
Harrison,PRECINCT 45,DEM FOR COUNTY EXEC COMMITTEE,,DEM,NO CANDIDATE FILED,0
Harrison,PRECINCT 46,DEM FOR COUNTY EXEC COMMITTEE,,DEM,NO CANDIDATE FILED,0
Harrison,PRECINCT 48,DEM FOR COUNTY EXEC COMMITTEE,,DEM,NO CANDIDATE FILED,0
Harrison,PRECINCT 50,DEM FOR COUNTY EXEC COMMITTEE,,DEM,NO CANDIDATE FILED,0
Harrison,PRECINCT 51,DEM FOR COUNTY EXEC COMMITTEE,,DEM,NO CANDIDATE FILED,0
Harrison,PRECINCT 52,DEM FOR COUNTY EXEC COMMITTEE,,DEM,NO CANDIDATE FILED,0
Harrison,PRECINCT 53,DEM FOR COUNTY EXEC COMMITTEE,,DEM,NO CANDIDATE FILED,0
Harrison,PRECINCT 92,DEM FOR COUNTY EXEC COMMITTEE,,DEM,NO CANDIDATE FILED,0
Harrison,PRECINCT 95,DEM FOR COUNTY EXEC COMMITTEE,,DEM,NO CANDIDATE FILED,0
Harrison,PRECINCT 96,DEM FOR COUNTY EXEC COMMITTEE,,DEM,NO CANDIDATE FILED,0
Harrison,PRECINCT 98,DEM FOR COUNTY EXEC COMMITTEE,,DEM,NO CANDIDATE FILED,0
Harrison,PRECINCT 118,DEM FOR COUNTY EXEC COMMITTEE,,DEM,NO CANDIDATE FILED,0
Harrison,PRECINCT 43,REP FOR COUNTY EXEC COMMITTEE,,REP,NO CANDIDATE FILED,0
Harrison,PRECINCT 44,REP FOR COUNTY EXEC COMMITTEE,,REP,NO CANDIDATE FILED,0
Harrison,PRECINCT 45,REP FOR COUNTY EXEC COMMITTEE,,REP,NO CANDIDATE FILED,0
Harrison,PRECINCT 46,REP FOR COUNTY EXEC COMMITTEE,,REP,NO CANDIDATE FILED,0
Harrison,PRECINCT 48,REP FOR COUNTY EXEC COMMITTEE,,REP,NO CANDIDATE FILED,0
Harrison,PRECINCT 50,REP FOR COUNTY EXEC COMMITTEE,,REP,NO CANDIDATE FILED,0
Harrison,PRECINCT 51,REP FOR COUNTY EXEC COMMITTEE,,REP,NO CANDIDATE FILED,0
Harrison,PRECINCT 52,REP FOR COUNTY EXEC COMMITTEE,,REP,NO CANDIDATE FILED,0
Harrison,PRECINCT 53,REP FOR COUNTY EXEC COMMITTEE,,REP,NO CANDIDATE FILED,0
Harrison,PRECINCT 92,REP FOR COUNTY EXEC COMMITTEE,,REP,NO CANDIDATE FILED,0
Harrison,PRECINCT 95,REP FOR COUNTY EXEC COMMITTEE,,REP,NO CANDIDATE FILED,0
Harrison,PRECINCT 96,REP FOR COUNTY EXEC COMMITTEE,,REP,NO CANDIDATE FILED,0
Harrison,PRECINCT 98,REP FOR COUNTY EXEC COMMITTEE,,REP,NO CANDIDATE FILED,0
Harrison,PRECINCT 118,REP FOR COUNTY EXEC COMMITTEE,,REP,NO CANDIDATE FILED,0
Harrison,PRECINCT 1,REP FOR COUNTY EXEC COMMITTEE,,REP,MICKEY PETITTO,103
Harrison,PRECINCT 1A,REP FOR COUNTY EXEC COMMITTEE,,REP,MICKEY PETITTO,7
Harrison,PRECINCT 2,REP FOR COUNTY EXEC COMMITTEE,,REP,MICKEY PETITTO,10
Harrison,PRECINCT 14,REP FOR COUNTY EXEC COMMITTEE,,REP,MICKEY PETITTO,94
Harrison,PRECINCT 28,REP FOR COUNTY EXEC COMMITTEE,,REP,MICKEY PETITTO,52
Harrison,PRECINCT 33,REP FOR COUNTY EXEC COMMITTEE,,REP,MICKEY PETITTO,98
Harrison,PRECINCT 36A,REP FOR COUNTY EXEC COMMITTEE,,REP,MICKEY PETITTO,40
Harrison,PRECINCT 1,DEM FOR COUNTY EXEC COMMITTEE,,DEM,KENDRA SULLIVAN,58
Harrison,PRECINCT 1A,DEM FOR COUNTY EXEC COMMITTEE,,DEM,KENDRA SULLIVAN,6
Harrison,PRECINCT 2,DEM FOR COUNTY EXEC COMMITTEE,,DEM,KENDRA SULLIVAN,12
Harrison,PRECINCT 14,DEM FOR COUNTY EXEC COMMITTEE,,DEM,KENDRA SULLIVAN,144
Harrison,PRECINCT 28,DEM FOR COUNTY EXEC COMMITTEE,,DEM,KENDRA SULLIVAN,77
Harrison,PRECINCT 33,DEM FOR COUNTY EXEC COMMITTEE,,DEM,KENDRA SULLIVAN,94
Harrison,PRECINCT 36A,DEM FOR COUNTY EXEC COMMITTEE,,DEM,KENDRA SULLIVAN,27
Harrison,PRECINCT 1,DEM FOR COUNTY EXEC COMMITTEE,,DEM,MARSHA VIGLIANCO,61
Harrison,PRECINCT 1A,DEM FOR COUNTY EXEC COMMITTEE,,DEM,MARSHA VIGLIANCO,2
Harrison,PRECINCT 2,DEM FOR COUNTY EXEC COMMITTEE,,DEM,MARSHA VIGLIANCO,5
Harrison,PRECINCT 14,DEM FOR COUNTY EXEC COMMITTEE,,DEM,MARSHA VIGLIANCO,130
Harrison,PRECINCT 28,DEM FOR COUNTY EXEC COMMITTEE,,DEM,MARSHA VIGLIANCO,51
Harrison,PRECINCT 33,DEM FOR COUNTY EXEC COMMITTEE,,DEM,MARSHA VIGLIANCO,87
Harrison,PRECINCT 36A,DEM FOR COUNTY EXEC COMMITTEE,,DEM,MARSHA VIGLIANCO,28
Harrison,PRECINCT 1,REP FOR COUNTY EXEC COMMITTEE,,REP,BRYAN K. PAYNE,108
Harrison,PRECINCT 1A,REP FOR COUNTY EXEC COMMITTEE,,REP,BRYAN K. PAYNE,7
Harrison,PRECINCT 2,REP FOR COUNTY EXEC COMMITTEE,,REP,BRYAN K. PAYNE,12
Harrison,PRECINCT 14,REP FOR COUNTY EXEC COMMITTEE,,REP,BRYAN K. PAYNE,101
Harrison,PRECINCT 28,REP FOR COUNTY EXEC COMMITTEE,,REP,BRYAN K. PAYNE,52
Harrison,PRECINCT 33,REP FOR COUNTY EXEC COMMITTEE,,REP,BRYAN K. PAYNE,97
Harrison,PRECINCT 36A,REP FOR COUNTY EXEC COMMITTEE,,REP,BRYAN K. PAYNE,35
Harrison,PRECINCT 1,DEM FOR COUNTY EXEC COMMITTEE,,DEM,DORIAN ARCHIE JAMES,102
Harrison,PRECINCT 1A,DEM FOR COUNTY EXEC COMMITTEE,,DEM,DORIAN ARCHIE JAMES,5
Harrison,PRECINCT 2,DEM FOR COUNTY EXEC COMMITTEE,,DEM,DORIAN ARCHIE JAMES,16
Harrison,PRECINCT 14,DEM FOR COUNTY EXEC COMMITTEE,,DEM,DORIAN ARCHIE JAMES,222
Harrison,PRECINCT 28,DEM FOR COUNTY EXEC COMMITTEE,,DEM,DORIAN ARCHIE JAMES,95
Harrison,PRECINCT 33,DEM FOR COUNTY EXEC COMMITTEE,,DEM,DORIAN ARCHIE JAMES,153
Harrison,PRECINCT 36A,DEM FOR COUNTY EXEC COMMITTEE,,DEM,DORIAN ARCHIE JAMES,41
Harrison,PRECINCT 4,REP FOR COUNTY EXEC COMMITTEE,,REP,CAROLYN YOST,74
Harrison,PRECINCT 6,REP FOR COUNTY EXEC COMMITTEE,,REP,CAROLYN YOST,57
Harrison,PRECINCT 9,REP FOR COUNTY EXEC COMMITTEE,,REP,CAROLYN YOST,30
Harrison,PRECINCT 10,REP FOR COUNTY EXEC COMMITTEE,,REP,CAROLYN YOST,38
Harrison,PRECINCT 102,REP FOR COUNTY EXEC COMMITTEE,,REP,CAROLYN YOST,120
Harrison,PRECINCT 103,REP FOR COUNTY EXEC COMMITTEE,,REP,CAROLYN YOST,32
Harrison,PRECINCT 104,REP FOR COUNTY EXEC COMMITTEE,,REP,CAROLYN YOST,51
Harrison,PRECINCT 106,REP FOR COUNTY EXEC COMMITTEE,,REP,CAROLYN YOST,38
Harrison,PRECINCT 107,REP FOR COUNTY EXEC COMMITTEE,,REP,CAROLYN YOST,16
Harrison,PRECINCT 108,REP FOR COUNTY EXEC COMMITTEE,,REP,CAROLYN YOST,61
Harrison,PRECINCT 120,REP FOR COUNTY EXEC COMMITTEE,,REP,CAROLYN YOST,76
Harrison,PRECINCT 121,REP FOR COUNTY EXEC COMMITTEE,,REP,CAROLYN YOST,14
Harrison,PRECINCT 122,REP FOR COUNTY EXEC COMMITTEE,,REP,CAROLYN YOST,31
Harrison,PRECINCT 4,DEM FOR COUNTY EXEC COMMITTEE,,DEM,NO CANDIDATE FILED,0
Harrison,PRECINCT 6,DEM FOR COUNTY EXEC COMMITTEE,,DEM,NO CANDIDATE FILED,0
Harrison,PRECINCT 9,DEM FOR COUNTY EXEC COMMITTEE,,DEM,NO CANDIDATE FILED,0
Harrison,PRECINCT 10,DEM FOR COUNTY EXEC COMMITTEE,,DEM,NO CANDIDATE FILED,0
Harrison,PRECINCT 102,DEM FOR COUNTY EXEC COMMITTEE,,DEM,NO CANDIDATE FILED,0
Harrison,PRECINCT 103,DEM FOR COUNTY EXEC COMMITTEE,,DEM,NO CANDIDATE FILED,0
Harrison,PRECINCT 104,DEM FOR COUNTY EXEC COMMITTEE,,DEM,NO CANDIDATE FILED,0
Harrison,PRECINCT 106,DEM FOR COUNTY EXEC COMMITTEE,,DEM,NO CANDIDATE FILED,0
Harrison,PRECINCT 107,DEM FOR COUNTY EXEC COMMITTEE,,DEM,NO CANDIDATE FILED,0
Harrison,PRECINCT 108,DEM FOR COUNTY EXEC COMMITTEE,,DEM,NO CANDIDATE FILED,0
Harrison,PRECINCT 120,DEM FOR COUNTY EXEC COMMITTEE,,DEM,NO CANDIDATE FILED,0
Harrison,PRECINCT 121,DEM FOR COUNTY EXEC COMMITTEE,,DEM,NO CANDIDATE FILED,0
Harrison,PRECINCT 122,DEM FOR COUNTY EXEC COMMITTEE,,DEM,NO CANDIDATE FILED,0
Harrison,PRECINCT 4,REP FOR COUNTY EXEC COMMITTEE,,REP,BRIAN YOST,73
Harrison,PRECINCT 6,REP FOR COUNTY EXEC COMMITTEE,,REP,BRIAN YOST,56
Harrison,PRECINCT 9,REP FOR COUNTY EXEC COMMITTEE,,REP,BRIAN YOST,31
Harrison,PRECINCT 10,REP FOR COUNTY EXEC COMMITTEE,,REP,BRIAN YOST,38
Harrison,PRECINCT 102,REP FOR COUNTY EXEC COMMITTEE,,REP,BRIAN YOST,120
Harrison,PRECINCT 103,REP FOR COUNTY EXEC COMMITTEE,,REP,BRIAN YOST,29
Harrison,PRECINCT 104,REP FOR COUNTY EXEC COMMITTEE,,REP,BRIAN YOST,47
Harrison,PRECINCT 106,REP FOR COUNTY EXEC COMMITTEE,,REP,BRIAN YOST,39
Harrison,PRECINCT 107,REP FOR COUNTY EXEC COMMITTEE,,REP,BRIAN YOST,17
Harrison,PRECINCT 108,REP FOR COUNTY EXEC COMMITTEE,,REP,BRIAN YOST,62
Harrison,PRECINCT 120,REP FOR COUNTY EXEC COMMITTEE,,REP,BRIAN YOST,74
Harrison,PRECINCT 121,REP FOR COUNTY EXEC COMMITTEE,,REP,BRIAN YOST,13
Harrison,PRECINCT 122,REP FOR COUNTY EXEC COMMITTEE,,REP,BRIAN YOST,29
Harrison,PRECINCT 59,REP FOR COUNTY EXEC COMMITTEE,,REP,SHERRI LYNN JEFFRIES,26
Harrison,PRECINCT 110,REP FOR COUNTY EXEC COMMITTEE,,REP,SHERRI LYNN JEFFRIES,45
Harrison,PRECINCT 130,REP FOR COUNTY EXEC COMMITTEE,,REP,SHERRI LYNN JEFFRIES,37
Harrison,PRECINCT 132,REP FOR COUNTY EXEC COMMITTEE,,REP,SHERRI LYNN JEFFRIES,22
Harrison,PRECINCT 133,REP FOR COUNTY EXEC COMMITTEE,,REP,SHERRI LYNN JEFFRIES,63
Harrison,PRECINCT 134,REP FOR COUNTY EXEC COMMITTEE,,REP,SHERRI LYNN JEFFRIES,40
Harrison,PRECINCT 135,REP FOR COUNTY EXEC COMMITTEE,,REP,SHERRI LYNN JEFFRIES,28
Harrison,PRECINCT 136,REP FOR COUNTY EXEC COMMITTEE,,REP,SHERRI LYNN JEFFRIES,19
Harrison,PRECINCT 137,REP FOR COUNTY EXEC COMMITTEE,,REP,SHERRI LYNN JEFFRIES,17
Harrison,PRECINCT 143,REP FOR COUNTY EXEC COMMITTEE,,REP,SHERRI LYNN JEFFRIES,114
Harrison,PRECINCT 144,REP FOR COUNTY EXEC COMMITTEE,,REP,SHERRI LYNN JEFFRIES,31
Harrison,PRECINCT 144A,REP FOR COUNTY EXEC COMMITTEE,,REP,SHERRI LYNN JEFFRIES,29
Harrison,PRECINCT 145,REP FOR COUNTY EXEC COMMITTEE,,REP,SHERRI LYNN JEFFRIES,44
Harrison,PRECINCT 59,DEM FOR COUNTY EXEC COMMITTEE,,DEM,NO CANDIDATE FILED,0
Harrison,PRECINCT 110,DEM FOR COUNTY EXEC COMMITTEE,,DEM,NO CANDIDATE FILED,0
Harrison,PRECINCT 130,DEM FOR COUNTY EXEC COMMITTEE,,DEM,NO CANDIDATE FILED,0
Harrison,PRECINCT 132,DEM FOR COUNTY EXEC COMMITTEE,,DEM,NO CANDIDATE FILED,0
Harrison,PRECINCT 133,DEM FOR COUNTY EXEC COMMITTEE,,DEM,NO CANDIDATE FILED,0
Harrison,PRECINCT 134,DEM FOR COUNTY EXEC COMMITTEE,,DEM,NO CANDIDATE FILED,0
Harrison,PRECINCT 135,DEM FOR COUNTY EXEC COMMITTEE,,DEM,NO CANDIDATE FILED,0
Harrison,PRECINCT 136,DEM FOR COUNTY EXEC COMMITTEE,,DEM,NO CANDIDATE FILED,0
Harrison,PRECINCT 137,DEM FOR COUNTY EXEC COMMITTEE,,DEM,NO CANDIDATE FILED,0
Harrison,PRECINCT 143,DEM FOR COUNTY EXEC COMMITTEE,,DEM,NO CANDIDATE FILED,0
Harrison,PRECINCT 144,DEM FOR COUNTY EXEC COMMITTEE,,DEM,NO CANDIDATE FILED,0
Harrison,PRECINCT 144A,DEM FOR COUNTY EXEC COMMITTEE,,DEM,NO CANDIDATE FILED,0
Harrison,PRECINCT 145,DEM FOR COUNTY EXEC COMMITTEE,,DEM,NO CANDIDATE FILED,0
Harrison,PRECINCT 59,REP FOR COUNTY EXEC COMMITTEE,,REP,NO CANDIDATE FILED,0
Harrison,PRECINCT 110,REP FOR COUNTY EXEC COMMITTEE,,REP,NO CANDIDATE FILED,0
Harrison,PRECINCT 130,REP FOR COUNTY EXEC COMMITTEE,,REP,NO CANDIDATE FILED,0
Harrison,PRECINCT 132,REP FOR COUNTY EXEC COMMITTEE,,REP,NO CANDIDATE FILED,0
Harrison,PRECINCT 133,REP FOR COUNTY EXEC COMMITTEE,,REP,NO CANDIDATE FILED,0
Harrison,PRECINCT 134,REP FOR COUNTY EXEC COMMITTEE,,REP,NO CANDIDATE FILED,0
Harrison,PRECINCT 135,REP FOR COUNTY EXEC COMMITTEE,,REP,NO CANDIDATE FILED,0
Harrison,PRECINCT 136,REP FOR COUNTY EXEC COMMITTEE,,REP,NO CANDIDATE FILED,0
Harrison,PRECINCT 137,REP FOR COUNTY EXEC COMMITTEE,,REP,NO CANDIDATE FILED,0
Harrison,PRECINCT 143,REP FOR COUNTY EXEC COMMITTEE,,REP,NO CANDIDATE FILED,0
Harrison,PRECINCT 144,REP FOR COUNTY EXEC COMMITTEE,,REP,NO CANDIDATE FILED,0
Harrison,PRECINCT 144A,REP FOR COUNTY EXEC COMMITTEE,,REP,NO CANDIDATE FILED,0
Harrison,PRECINCT 145,REP FOR COUNTY EXEC COMMITTEE,,REP,NO CANDIDATE FILED,0
Harrison,PRECINCT 59,DEM FOR COUNTY EXEC COMMITTEE,,DEM,XAVIER SCOTT,27
Harrison,PRECINCT 110,DEM FOR COUNTY EXEC COMMITTEE,,DEM,XAVIER SCOTT,34
Harrison,PRECINCT 130,DEM FOR COUNTY EXEC COMMITTEE,,DEM,XAVIER SCOTT,11
Harrison,PRECINCT 132,DEM FOR COUNTY EXEC COMMITTEE,,DEM,XAVIER SCOTT,14
Harrison,PRECINCT 133,DEM FOR COUNTY EXEC COMMITTEE,,DEM,XAVIER SCOTT,61
Harrison,PRECINCT 134,DEM FOR COUNTY EXEC COMMITTEE,,DEM,XAVIER SCOTT,28
Harrison,PRECINCT 135,DEM FOR COUNTY EXEC COMMITTEE,,DEM,XAVIER SCOTT,6
Harrison,PRECINCT 136,DEM FOR COUNTY EXEC COMMITTEE,,DEM,XAVIER SCOTT,10
Harrison,PRECINCT 137,DEM FOR COUNTY EXEC COMMITTEE,,DEM,XAVIER SCOTT,6
Harrison,PRECINCT 143,DEM FOR COUNTY EXEC COMMITTEE,,DEM,XAVIER SCOTT,59
Harrison,PRECINCT 144,DEM FOR COUNTY EXEC COMMITTEE,,DEM,XAVIER SCOTT,24
Harrison,PRECINCT 144A,DEM FOR COUNTY EXEC COMMITTEE,,DEM,XAVIER SCOTT,20
Harrison,PRECINCT 145,DEM FOR COUNTY EXEC COMMITTEE,,DEM,XAVIER SCOTT,27
Harrison,PRECINCT 1A,FOR MAYOR CITY OF CLARKSBURG,,,TYLER VINCENT HART,4
Harrison,PRECINCT 9,FOR MAYOR CITY OF CLARKSBURG,,,TYLER VINCENT HART,16
Harrison,PRECINCT 14,FOR MAYOR CITY OF CLARKSBURG,,,TYLER VINCENT HART,49
Harrison,PRECINCT 28,FOR MAYOR CITY OF CLARKSBURG,,,TYLER VINCENT HART,30
Harrison,PRECINCT 33,FOR MAYOR CITY OF CLARKSBURG,,,TYLER VINCENT HART,41
Harrison,PRECINCT 36A,FOR MAYOR CITY OF CLARKSBURG,,,TYLER VINCENT HART,11
Harrison,PRECINCT 66B,FOR MAYOR CITY OF CLARKSBURG,,,TYLER VINCENT HART,1
Harrison,PRECINCT 68,FOR MAYOR CITY OF CLARKSBURG,,,TYLER VINCENT HART,25
Harrison,PRECINCT 74,FOR MAYOR CITY OF CLARKSBURG,,,TYLER VINCENT HART,49
Harrison,PRECINCT 80,FOR MAYOR CITY OF CLARKSBURG,,,TYLER VINCENT HART,43
Harrison,PRECINCT 1A,FOR MAYOR CITY OF CLARKSBURG,,,MATEEN 'TUNA' ABDUL-AZIZ,7
Harrison,PRECINCT 9,FOR MAYOR CITY OF CLARKSBURG,,,MATEEN 'TUNA' ABDUL-AZIZ,44
Harrison,PRECINCT 14,FOR MAYOR CITY OF CLARKSBURG,,,MATEEN 'TUNA' ABDUL-AZIZ,227
Harrison,PRECINCT 28,FOR MAYOR CITY OF CLARKSBURG,,,MATEEN 'TUNA' ABDUL-AZIZ,88
Harrison,PRECINCT 33,FOR MAYOR CITY OF CLARKSBURG,,,MATEEN 'TUNA' ABDUL-AZIZ,115
Harrison,PRECINCT 36A,FOR MAYOR CITY OF CLARKSBURG,,,MATEEN 'TUNA' ABDUL-AZIZ,38
Harrison,PRECINCT 66B,FOR MAYOR CITY OF CLARKSBURG,,,MATEEN 'TUNA' ABDUL-AZIZ,6
Harrison,PRECINCT 68,FOR MAYOR CITY OF CLARKSBURG,,,MATEEN 'TUNA' ABDUL-AZIZ,102
Harrison,PRECINCT 74,FOR MAYOR CITY OF CLARKSBURG,,,MATEEN 'TUNA' ABDUL-AZIZ,100
Harrison,PRECINCT 80,FOR MAYOR CITY OF CLARKSBURG,,,MATEEN 'TUNA' ABDUL-AZIZ,143
Harrison,PRECINCT 1A,FOR MAYOR CITY OF CLARKSBURG,,,WAYNE WORTH,11
Harrison,PRECINCT 9,FOR MAYOR CITY OF CLARKSBURG,,,WAYNE WORTH,62
Harrison,PRECINCT 14,FOR MAYOR CITY OF CLARKSBURG,,,WAYNE WORTH,221
Harrison,PRECINCT 28,FOR MAYOR CITY OF CLARKSBURG,,,WAYNE WORTH,129
Harrison,PRECINCT 33,FOR MAYOR CITY OF CLARKSBURG,,,WAYNE WORTH,203
Harrison,PRECINCT 36A,FOR MAYOR CITY OF CLARKSBURG,,,WAYNE WORTH,75
Harrison,PRECINCT 66B,FOR MAYOR CITY OF CLARKSBURG,,,WAYNE WORTH,6
Harrison,PRECINCT 68,FOR MAYOR CITY OF CLARKSBURG,,,WAYNE WORTH,158
Harrison,PRECINCT 74,FOR MAYOR CITY OF CLARKSBURG,,,WAYNE WORTH,157
Harrison,PRECINCT 80,FOR MAYOR CITY OF CLARKSBURG,,,WAYNE WORTH,201
Harrison,PRECINCT 1A,FOR CITY COUNCIL CITY OF CLARKSBURG,,,BILL O'FIELD,1
Harrison,PRECINCT 9,FOR CITY COUNCIL CITY OF CLARKSBURG,,,BILL O'FIELD,18
Harrison,PRECINCT 14,FOR CITY COUNCIL CITY OF CLARKSBURG,,,BILL O'FIELD,62
Harrison,PRECINCT 28,FOR CITY COUNCIL CITY OF CLARKSBURG,,,BILL O'FIELD,27
Harrison,PRECINCT 33,FOR CITY COUNCIL CITY OF CLARKSBURG,,,BILL O'FIELD,63
Harrison,PRECINCT 36A,FOR CITY COUNCIL CITY OF CLARKSBURG,,,BILL O'FIELD,14
Harrison,PRECINCT 66B,FOR CITY COUNCIL CITY OF CLARKSBURG,,,BILL O'FIELD,3
Harrison,PRECINCT 68,FOR CITY COUNCIL CITY OF CLARKSBURG,,,BILL O'FIELD,35
Harrison,PRECINCT 74,FOR CITY COUNCIL CITY OF CLARKSBURG,,,BILL O'FIELD,56
Harrison,PRECINCT 80,FOR CITY COUNCIL CITY OF CLARKSBURG,,,BILL O'FIELD,57
Harrison,PRECINCT 1A,FOR CITY COUNCIL CITY OF CLARKSBURG,,,TAMIRA RUTTER,5
Harrison,PRECINCT 9,FOR CITY COUNCIL CITY OF CLARKSBURG,,,TAMIRA RUTTER,35
Harrison,PRECINCT 14,FOR CITY COUNCIL CITY OF CLARKSBURG,,,TAMIRA RUTTER,152
Harrison,PRECINCT 28,FOR CITY COUNCIL CITY OF CLARKSBURG,,,TAMIRA RUTTER,58
Harrison,PRECINCT 33,FOR CITY COUNCIL CITY OF CLARKSBURG,,,TAMIRA RUTTER,106
Harrison,PRECINCT 36A,FOR CITY COUNCIL CITY OF CLARKSBURG,,,TAMIRA RUTTER,24
Harrison,PRECINCT 66B,FOR CITY COUNCIL CITY OF CLARKSBURG,,,TAMIRA RUTTER,2
Harrison,PRECINCT 68,FOR CITY COUNCIL CITY OF CLARKSBURG,,,TAMIRA RUTTER,72
Harrison,PRECINCT 74,FOR CITY COUNCIL CITY OF CLARKSBURG,,,TAMIRA RUTTER,99
Harrison,PRECINCT 80,FOR CITY COUNCIL CITY OF CLARKSBURG,,,TAMIRA RUTTER,81
Harrison,PRECINCT 1A,FOR CITY COUNCIL CITY OF CLARKSBURG,,,MICKEY PETITTO,4
Harrison,PRECINCT 9,FOR CITY COUNCIL CITY OF CLARKSBURG,,,MICKEY PETITTO,26
Harrison,PRECINCT 14,FOR CITY COUNCIL CITY OF CLARKSBURG,,,MICKEY PETITTO,82
Harrison,PRECINCT 28,FOR CITY COUNCIL CITY OF CLARKSBURG,,,MICKEY PETITTO,44
Harrison,PRECINCT 33,FOR CITY COUNCIL CITY OF CLARKSBURG,,,MICKEY PETITTO,52
Harrison,PRECINCT 36A,FOR CITY COUNCIL CITY OF CLARKSBURG,,,MICKEY PETITTO,23
Harrison,PRECINCT 66B,FOR CITY COUNCIL CITY OF CLARKSBURG,,,MICKEY PETITTO,3
Harrison,PRECINCT 68,FOR CITY COUNCIL CITY OF CLARKSBURG,,,MICKEY PETITTO,39
Harrison,PRECINCT 74,FOR CITY COUNCIL CITY OF CLARKSBURG,,,MICKEY PETITTO,44
Harrison,PRECINCT 80,FOR CITY COUNCIL CITY OF CLARKSBURG,,,MICKEY PETITTO,57
Harrison,PRECINCT 1A,FOR CITY COUNCIL CITY OF CLARKSBURG,,,JERRY RIFFLE,7
Harrison,PRECINCT 9,FOR CITY COUNCIL CITY OF CLARKSBURG,,,JERRY RIFFLE,38
Harrison,PRECINCT 14,FOR CITY COUNCIL CITY OF CLARKSBURG,,,JERRY RIFFLE,199
Harrison,PRECINCT 28,FOR CITY COUNCIL CITY OF CLARKSBURG,,,JERRY RIFFLE,82
Harrison,PRECINCT 33,FOR CITY COUNCIL CITY OF CLARKSBURG,,,JERRY RIFFLE,107
Harrison,PRECINCT 36A,FOR CITY COUNCIL CITY OF CLARKSBURG,,,JERRY RIFFLE,28
Harrison,PRECINCT 66B,FOR CITY COUNCIL CITY OF CLARKSBURG,,,JERRY RIFFLE,3
Harrison,PRECINCT 68,FOR CITY COUNCIL CITY OF CLARKSBURG,,,JERRY RIFFLE,105
Harrison,PRECINCT 74,FOR CITY COUNCIL CITY OF CLARKSBURG,,,JERRY RIFFLE,116
Harrison,PRECINCT 80,FOR CITY COUNCIL CITY OF CLARKSBURG,,,JERRY RIFFLE,162
Harrison,PRECINCT 1A,FOR CITY COUNCIL CITY OF CLARKSBURG,,,TREVOR VANCE,3
Harrison,PRECINCT 9,FOR CITY COUNCIL CITY OF CLARKSBURG,,,TREVOR VANCE,10
Harrison,PRECINCT 14,FOR CITY COUNCIL CITY OF CLARKSBURG,,,TREVOR VANCE,19
Harrison,PRECINCT 28,FOR CITY COUNCIL CITY OF CLARKSBURG,,,TREVOR VANCE,17
Harrison,PRECINCT 33,FOR CITY COUNCIL CITY OF CLARKSBURG,,,TREVOR VANCE,23
Harrison,PRECINCT 36A,FOR CITY COUNCIL CITY OF CLARKSBURG,,,TREVOR VANCE,12
Harrison,PRECINCT 66B,FOR CITY COUNCIL CITY OF CLARKSBURG,,,TREVOR VANCE,1
Harrison,PRECINCT 68,FOR CITY COUNCIL CITY OF CLARKSBURG,,,TREVOR VANCE,7
Harrison,PRECINCT 74,FOR CITY COUNCIL CITY OF CLARKSBURG,,,TREVOR VANCE,38
Harrison,PRECINCT 80,FOR CITY COUNCIL CITY OF CLARKSBURG,,,TREVOR VANCE,11
Harrison,PRECINCT 1A,FOR CITY COUNCIL CITY OF CLARKSBURG,,,HATTIE MAE WRIGHT,11
Harrison,PRECINCT 9,FOR CITY COUNCIL CITY OF CLARKSBURG,,,HATTIE MAE WRIGHT,44
Harrison,PRECINCT 14,FOR CITY COUNCIL CITY OF CLARKSBURG,,,HATTIE MAE WRIGHT,176
Harrison,PRECINCT 28,FOR CITY COUNCIL CITY OF CLARKSBURG,,,HATTIE MAE WRIGHT,85
Harrison,PRECINCT 33,FOR CITY COUNCIL CITY OF CLARKSBURG,,,HATTIE MAE WRIGHT,131
Harrison,PRECINCT 36A,FOR CITY COUNCIL CITY OF CLARKSBURG,,,HATTIE MAE WRIGHT,45
Harrison,PRECINCT 66B,FOR CITY COUNCIL CITY OF CLARKSBURG,,,HATTIE MAE WRIGHT,2
Harrison,PRECINCT 68,FOR CITY COUNCIL CITY OF CLARKSBURG,,,HATTIE MAE WRIGHT,110
Harrison,PRECINCT 74,FOR CITY COUNCIL CITY OF CLARKSBURG,,,HATTIE MAE WRIGHT,76
Harrison,PRECINCT 80,FOR CITY COUNCIL CITY OF CLARKSBURG,,,HATTIE MAE WRIGHT,150
Harrison,PRECINCT 1A,FOR CITY COUNCIL CITY OF CLARKSBURG,,,ANDREW J. 'DREW' BANKO,9
Harrison,PRECINCT 9,FOR CITY COUNCIL CITY OF CLARKSBURG,,,ANDREW J. 'DREW' BANKO,38
Harrison,PRECINCT 14,FOR CITY COUNCIL CITY OF CLARKSBURG,,,ANDREW J. 'DREW' BANKO,194
Harrison,PRECINCT 28,FOR CITY COUNCIL CITY OF CLARKSBURG,,,ANDREW J. 'DREW' BANKO,101
Harrison,PRECINCT 33,FOR CITY COUNCIL CITY OF CLARKSBURG,,,ANDREW J. 'DREW' BANKO,140
Harrison,PRECINCT 36A,FOR CITY COUNCIL CITY OF CLARKSBURG,,,ANDREW J. 'DREW' BANKO,38
Harrison,PRECINCT 66B,FOR CITY COUNCIL CITY OF CLARKSBURG,,,ANDREW J. 'DREW' BANKO,8
Harrison,PRECINCT 68,FOR CITY COUNCIL CITY OF CLARKSBURG,,,ANDREW J. 'DREW' BANKO,102
Harrison,PRECINCT 74,FOR CITY COUNCIL CITY OF CLARKSBURG,,,ANDREW J. 'DREW' BANKO,88
Harrison,PRECINCT 80,FOR CITY COUNCIL CITY OF CLARKSBURG,,,ANDREW J. 'DREW' BANKO,185
Harrison,PRECINCT 1A,FOR CITY COUNCIL CITY OF CLARKSBURG,,,ROCKY ROMANO II,11
Harrison,PRECINCT 9,FOR CITY COUNCIL CITY OF CLARKSBURG,,,ROCKY ROMANO II,49
Harrison,PRECINCT 14,FOR CITY COUNCIL CITY OF CLARKSBURG,,,ROCKY ROMANO II,200
Harrison,PRECINCT 28,FOR CITY COUNCIL CITY OF CLARKSBURG,,,ROCKY ROMANO II,125
Harrison,PRECINCT 33,FOR CITY COUNCIL CITY OF CLARKSBURG,,,ROCKY ROMANO II,147
Harrison,PRECINCT 36A,FOR CITY COUNCIL CITY OF CLARKSBURG,,,ROCKY ROMANO II,78
Harrison,PRECINCT 66B,FOR CITY COUNCIL CITY OF CLARKSBURG,,,ROCKY ROMANO II,4
Harrison,PRECINCT 68,FOR CITY COUNCIL CITY OF CLARKSBURG,,,ROCKY ROMANO II,142
Harrison,PRECINCT 74,FOR CITY COUNCIL CITY OF CLARKSBURG,,,ROCKY ROMANO II,124
Harrison,PRECINCT 80,FOR CITY COUNCIL CITY OF CLARKSBURG,,,ROCKY ROMANO II,176
Harrison,PRECINCT 1A,FOR CITY COUNCIL CITY OF CLARKSBURG,,,JIM MALFREGEOT,4
Harrison,PRECINCT 9,FOR CITY COUNCIL CITY OF CLARKSBURG,,,JIM MALFREGEOT,40
Harrison,PRECINCT 14,FOR CITY COUNCIL CITY OF CLARKSBURG,,,JIM MALFREGEOT,140
Harrison,PRECINCT 28,FOR CITY COUNCIL CITY OF CLARKSBURG,,,JIM MALFREGEOT,66
Harrison,PRECINCT 33,FOR CITY COUNCIL CITY OF CLARKSBURG,,,JIM MALFREGEOT,88
Harrison,PRECINCT 36A,FOR CITY COUNCIL CITY OF CLARKSBURG,,,JIM MALFREGEOT,43
Harrison,PRECINCT 66B,FOR CITY COUNCIL CITY OF CLARKSBURG,,,JIM MALFREGEOT,1
Harrison,PRECINCT 68,FOR CITY COUNCIL CITY OF CLARKSBURG,,,JIM MALFREGEOT,95
Harrison,PRECINCT 74,FOR CITY COUNCIL CITY OF CLARKSBURG,,,JIM MALFREGEOT,75
Harrison,PRECINCT 80,FOR CITY COUNCIL CITY OF CLARKSBURG,,,JIM MALFREGEOT,99
Harrison,PRECINCT 1A,FOR CITY COUNCIL CITY OF CLARKSBURG,,,KEVIN BRAND,5
Harrison,PRECINCT 9,FOR CITY COUNCIL CITY OF CLARKSBURG,,,KEVIN BRAND,28
Harrison,PRECINCT 14,FOR CITY COUNCIL CITY OF CLARKSBURG,,,KEVIN BRAND,80
Harrison,PRECINCT 28,FOR CITY COUNCIL CITY OF CLARKSBURG,,,KEVIN BRAND,78
Harrison,PRECINCT 33,FOR CITY COUNCIL CITY OF CLARKSBURG,,,KEVIN BRAND,120
Harrison,PRECINCT 36A,FOR CITY COUNCIL CITY OF CLARKSBURG,,,KEVIN BRAND,21
Harrison,PRECINCT 66B,FOR CITY COUNCIL CITY OF CLARKSBURG,,,KEVIN BRAND,2
Harrison,PRECINCT 68,FOR CITY COUNCIL CITY OF CLARKSBURG,,,KEVIN BRAND,51
Harrison,PRECINCT 74,FOR CITY COUNCIL CITY OF CLARKSBURG,,,KEVIN BRAND,67
Harrison,PRECINCT 80,FOR CITY COUNCIL CITY OF CLARKSBURG,,,KEVIN BRAND,56
Harrison,PRECINCT 1A,FOR WATER BOARD CITY OF CLARKSBURG,,,CHAD SIGMON,14
Harrison,PRECINCT 9,FOR WATER BOARD CITY OF CLARKSBURG,,,CHAD SIGMON,54
Harrison,PRECINCT 14,FOR WATER BOARD CITY OF CLARKSBURG,,,CHAD SIGMON,181
Harrison,PRECINCT 28,FOR WATER BOARD CITY OF CLARKSBURG,,,CHAD SIGMON,111
Harrison,PRECINCT 33,FOR WATER BOARD CITY OF CLARKSBURG,,,CHAD SIGMON,184
Harrison,PRECINCT 36A,FOR WATER BOARD CITY OF CLARKSBURG,,,CHAD SIGMON,61
Harrison,PRECINCT 66B,FOR WATER BOARD CITY OF CLARKSBURG,,,CHAD SIGMON,4
Harrison,PRECINCT 68,FOR WATER BOARD CITY OF CLARKSBURG,,,CHAD SIGMON,123
Harrison,PRECINCT 74,FOR WATER BOARD CITY OF CLARKSBURG,,,CHAD SIGMON,107
Harrison,PRECINCT 80,FOR WATER BOARD CITY OF CLARKSBURG,,,CHAD SIGMON,157
Harrison,PRECINCT 1A,FOR WATER BOARD CITY OF CLARKSBURG,,,TONY OLIVITO,4
Harrison,PRECINCT 9,FOR WATER BOARD CITY OF CLARKSBURG,,,TONY OLIVITO,31
Harrison,PRECINCT 14,FOR WATER BOARD CITY OF CLARKSBURG,,,TONY OLIVITO,134
Harrison,PRECINCT 28,FOR WATER BOARD CITY OF CLARKSBURG,,,TONY OLIVITO,78
Harrison,PRECINCT 33,FOR WATER BOARD CITY OF CLARKSBURG,,,TONY OLIVITO,74
Harrison,PRECINCT 36A,FOR WATER BOARD CITY OF CLARKSBURG,,,TONY OLIVITO,32
Harrison,PRECINCT 66B,FOR WATER BOARD CITY OF CLARKSBURG,,,TONY OLIVITO,3
Harrison,PRECINCT 68,FOR WATER BOARD CITY OF CLARKSBURG,,,TONY OLIVITO,78
Harrison,PRECINCT 74,FOR WATER BOARD CITY OF CLARKSBURG,,,TONY OLIVITO,76
Harrison,PRECINCT 80,FOR WATER BOARD CITY OF CLARKSBURG,,,TONY OLIVITO,102
Harrison,PRECINCT 1A,FOR WATER BOARD CITY OF CLARKSBURG,,,GARY 'GK' KEITH II,4
Harrison,PRECINCT 9,FOR WATER BOARD CITY OF CLARKSBURG,,,GARY 'GK' KEITH II,37
Harrison,PRECINCT 14,FOR WATER BOARD CITY OF CLARKSBURG,,,GARY 'GK' KEITH II,162
Harrison,PRECINCT 28,FOR WATER BOARD CITY OF CLARKSBURG,,,GARY 'GK' KEITH II,53
Harrison,PRECINCT 33,FOR WATER BOARD CITY OF CLARKSBURG,,,GARY 'GK' KEITH II,91
Harrison,PRECINCT 36A,FOR WATER BOARD CITY OF CLARKSBURG,,,GARY 'GK' KEITH II,27
Harrison,PRECINCT 66B,FOR WATER BOARD CITY OF CLARKSBURG,,,GARY 'GK' KEITH II,2
Harrison,PRECINCT 68,FOR WATER BOARD CITY OF CLARKSBURG,,,GARY 'GK' KEITH II,69
Harrison,PRECINCT 74,FOR WATER BOARD CITY OF CLARKSBURG,,,GARY 'GK' KEITH II,100
Harrison,PRECINCT 80,FOR WATER BOARD CITY OF CLARKSBURG,,,GARY 'GK' KEITH II,107
Harrison,PRECINCT 144,FOR MAYOR CITY OF WEST MILFORD,,,JEFF BARNHART,83
Harrison,PRECINCT 144,FOR CITY COUNCIL CITY OF WEST MILFORD,,,JAMES C. TOOTHMAN,79
Harrison,PRECINCT 144,FOR CITY COUNCIL CITY OF WEST MILFORD,,,CODY GOLDSMITH,79
Harrison,PRECINCT 144,FOR CITY COUNCIL CITY OF WEST MILFORD,,,ROBERT CHIP MYERS,79
Harrison,PRECINCT 144,FOR CITY COUNCIL CITY OF WEST MILFORD,,,NO CANDIDATE FILED,0
Harrison,PRECINCT 144,FOR RECORDER CITY OF WEST MILFORD,,,PATTY FLOWERS,83
Harrison,PRECINCT 50,FOR CITY COUNCIL AT-LARGE CITY OF SHINNSTON,,,RODNEY K. STRAIT,101
Harrison,PRECINCT 51,FOR CITY COUNCIL AT-LARGE CITY OF SHINNSTON,,,RODNEY K. STRAIT,53
Harrison,PRECINCT 52,FOR CITY COUNCIL AT-LARGE CITY OF SHINNSTON,,,RODNEY K. STRAIT,78
Harrison,PRECINCT 53,FOR CITY COUNCIL AT-LARGE CITY OF SHINNSTON,,,RODNEY K. STRAIT,40
Harrison,PRECINCT 50,FOR CITY COUNCIL AT-LARGE CITY OF SHINNSTON,,,KEVIN WILES,54
Harrison,PRECINCT 51,FOR CITY COUNCIL AT-LARGE CITY OF SHINNSTON,,,KEVIN WILES,32
Harrison,PRECINCT 52,FOR CITY COUNCIL AT-LARGE CITY OF SHINNSTON,,,KEVIN WILES,24
Harrison,PRECINCT 53,FOR CITY COUNCIL AT-LARGE CITY OF SHINNSTON,,,KEVIN WILES,23
Harrison,PRECINCT 50,FOR CITY COUNCIL WARD 1 SHINNSTON,,,ANDREW KISAMORE,130
Harrison,PRECINCT 51,FOR CITY COUNCIL WARD 2 SHINNSTON,,,AMANDA SAYERS,37
Harrison,PRECINCT 51,FOR CITY COUNCIL WARD 2 SHINNSTON,,,KIMBERLY HOWELL,47
Harrison,PRECINCT 52,FOR CITY COUNCIL WARD 3 SHINNSTON,,,PATRICK A. KOVALCK,101
Harrison,PRECINCT 53,FOR CITY COUNCIL WARD 4 SHINNSTON,,,JULIA A. CURREY,50
Harrison,PRECINCT 1,CO. LEVY VITAL SERVICES,,,Yes,237
Harrison,PRECINCT 1A,CO. LEVY VITAL SERVICES,,,Yes,17
Harrison,PRECINCT 2,CO. LEVY VITAL SERVICES,,,Yes,33
Harrison,PRECINCT 4,CO. LEVY VITAL SERVICES,,,Yes,241
Harrison,PRECINCT 6,CO. LEVY VITAL SERVICES,,,Yes,155
Harrison,PRECINCT 9,CO. LEVY VITAL SERVICES,,,Yes,82
Harrison,PRECINCT 10,CO. LEVY VITAL SERVICES,,,Yes,62
Harrison,PRECINCT 14,CO. LEVY VITAL SERVICES,,,Yes,394
Harrison,PRECINCT 28,CO. LEVY VITAL SERVICES,,,Yes,192
Harrison,PRECINCT 33,CO. LEVY VITAL SERVICES,,,Yes,279
Harrison,PRECINCT 36A,CO. LEVY VITAL SERVICES,,,Yes,95
Harrison,PRECINCT 43,CO. LEVY VITAL SERVICES,,,Yes,50
Harrison,PRECINCT 44,CO. LEVY VITAL SERVICES,,,Yes,44
Harrison,PRECINCT 45,CO. LEVY VITAL SERVICES,,,Yes,88
Harrison,PRECINCT 46,CO. LEVY VITAL SERVICES,,,Yes,66
Harrison,PRECINCT 48,CO. LEVY VITAL SERVICES,,,Yes,86
Harrison,PRECINCT 50,CO. LEVY VITAL SERVICES,,,Yes,128
Harrison,PRECINCT 51,CO. LEVY VITAL SERVICES,,,Yes,70
Harrison,PRECINCT 52,CO. LEVY VITAL SERVICES,,,Yes,77
Harrison,PRECINCT 53,CO. LEVY VITAL SERVICES,,,Yes,47
Harrison,PRECINCT 59,CO. LEVY VITAL SERVICES,,,Yes,64
Harrison,PRECINCT 61,CO. LEVY VITAL SERVICES,,,Yes,113
Harrison,PRECINCT 63,CO. LEVY VITAL SERVICES,,,Yes,99
Harrison,PRECINCT 66,CO. LEVY VITAL SERVICES,,,Yes,63
Harrison,PRECINCT 66A,CO. LEVY VITAL SERVICES,,,Yes,13
Harrison,PRECINCT 66B,CO. LEVY VITAL SERVICES,,,Yes,9
Harrison,PRECINCT 68,CO. LEVY VITAL SERVICES,,,Yes,206
Harrison,PRECINCT 74,CO. LEVY VITAL SERVICES,,,Yes,219
Harrison,PRECINCT 80,CO. LEVY VITAL SERVICES,,,Yes,292
Harrison,PRECINCT 87,CO. LEVY VITAL SERVICES,,,Yes,42
Harrison,PRECINCT 92,CO. LEVY VITAL SERVICES,,,Yes,67
Harrison,PRECINCT 95,CO. LEVY VITAL SERVICES,,,Yes,61
Harrison,PRECINCT 96,CO. LEVY VITAL SERVICES,,,Yes,92
Harrison,PRECINCT 98,CO. LEVY VITAL SERVICES,,,Yes,41
Harrison,PRECINCT 102,CO. LEVY VITAL SERVICES,,,Yes,198
Harrison,PRECINCT 103,CO. LEVY VITAL SERVICES,,,Yes,42
Harrison,PRECINCT 104,CO. LEVY VITAL SERVICES,,,Yes,72
Harrison,PRECINCT 106,CO. LEVY VITAL SERVICES,,,Yes,56
Harrison,PRECINCT 107,CO. LEVY VITAL SERVICES,,,Yes,27
Harrison,PRECINCT 108,CO. LEVY VITAL SERVICES,,,Yes,96
Harrison,PRECINCT 110,CO. LEVY VITAL SERVICES,,,Yes,72
Harrison,PRECINCT 114,CO. LEVY VITAL SERVICES,,,Yes,62
Harrison,PRECINCT 114A,CO. LEVY VITAL SERVICES,,,Yes,14
Harrison,PRECINCT 118,CO. LEVY VITAL SERVICES,,,Yes,41
Harrison,PRECINCT 120,CO. LEVY VITAL SERVICES,,,Yes,118
Harrison,PRECINCT 121,CO. LEVY VITAL SERVICES,,,Yes,34
Harrison,PRECINCT 122,CO. LEVY VITAL SERVICES,,,Yes,58
Harrison,PRECINCT 123,CO. LEVY VITAL SERVICES,,,Yes,420
Harrison,PRECINCT 125,CO. LEVY VITAL SERVICES,,,Yes,204
Harrison,PRECINCT 126,CO. LEVY VITAL SERVICES,,,Yes,185
Harrison,PRECINCT 128,CO. LEVY VITAL SERVICES,,,Yes,166
Harrison,PRECINCT 129,CO. LEVY VITAL SERVICES,,,Yes,354
Harrison,PRECINCT 129B,CO. LEVY VITAL SERVICES,,,Yes,330
Harrison,PRECINCT 129C,CO. LEVY VITAL SERVICES,,,Yes,91
Harrison,PRECINCT 130,CO. LEVY VITAL SERVICES,,,Yes,48
Harrison,PRECINCT 132,CO. LEVY VITAL SERVICES,,,Yes,37
Harrison,PRECINCT 133,CO. LEVY VITAL SERVICES,,,Yes,113
Harrison,PRECINCT 134,CO. LEVY VITAL SERVICES,,,Yes,71
Harrison,PRECINCT 135,CO. LEVY VITAL SERVICES,,,Yes,34
Harrison,PRECINCT 136,CO. LEVY VITAL SERVICES,,,Yes,29
Harrison,PRECINCT 137,CO. LEVY VITAL SERVICES,,,Yes,22
Harrison,PRECINCT 143,CO. LEVY VITAL SERVICES,,,Yes,155
Harrison,PRECINCT 144,CO. LEVY VITAL SERVICES,,,Yes,67
Harrison,PRECINCT 144A,CO. LEVY VITAL SERVICES,,,Yes,48
Harrison,PRECINCT 145,CO. LEVY VITAL SERVICES,,,Yes,79
Harrison,PRECINCT 1,CO. LEVY VITAL SERVICES,,,No,51
Harrison,PRECINCT 1A,CO. LEVY VITAL SERVICES,,,No,2
Harrison,PRECINCT 2,CO. LEVY VITAL SERVICES,,,No,4
Harrison,PRECINCT 4,CO. LEVY VITAL SERVICES,,,No,47
Harrison,PRECINCT 6,CO. LEVY VITAL SERVICES,,,No,34
Harrison,PRECINCT 9,CO. LEVY VITAL SERVICES,,,No,34
Harrison,PRECINCT 10,CO. LEVY VITAL SERVICES,,,No,19
Harrison,PRECINCT 14,CO. LEVY VITAL SERVICES,,,No,63
Harrison,PRECINCT 28,CO. LEVY VITAL SERVICES,,,No,45
Harrison,PRECINCT 33,CO. LEVY VITAL SERVICES,,,No,57
Harrison,PRECINCT 36A,CO. LEVY VITAL SERVICES,,,No,19
Harrison,PRECINCT 43,CO. LEVY VITAL SERVICES,,,No,14
Harrison,PRECINCT 44,CO. LEVY VITAL SERVICES,,,No,13
Harrison,PRECINCT 45,CO. LEVY VITAL SERVICES,,,No,25
Harrison,PRECINCT 46,CO. LEVY VITAL SERVICES,,,No,17
Harrison,PRECINCT 48,CO. LEVY VITAL SERVICES,,,No,22
Harrison,PRECINCT 50,CO. LEVY VITAL SERVICES,,,No,13
Harrison,PRECINCT 51,CO. LEVY VITAL SERVICES,,,No,12
Harrison,PRECINCT 52,CO. LEVY VITAL SERVICES,,,No,23
Harrison,PRECINCT 53,CO. LEVY VITAL SERVICES,,,No,8
Harrison,PRECINCT 59,CO. LEVY VITAL SERVICES,,,No,18
Harrison,PRECINCT 61,CO. LEVY VITAL SERVICES,,,No,29
Harrison,PRECINCT 63,CO. LEVY VITAL SERVICES,,,No,28
Harrison,PRECINCT 66,CO. LEVY VITAL SERVICES,,,No,16
Harrison,PRECINCT 66A,CO. LEVY VITAL SERVICES,,,No,2
Harrison,PRECINCT 66B,CO. LEVY VITAL SERVICES,,,No,2
Harrison,PRECINCT 68,CO. LEVY VITAL SERVICES,,,No,52
Harrison,PRECINCT 74,CO. LEVY VITAL SERVICES,,,No,60
Harrison,PRECINCT 80,CO. LEVY VITAL SERVICES,,,No,68
Harrison,PRECINCT 87,CO. LEVY VITAL SERVICES,,,No,18
Harrison,PRECINCT 92,CO. LEVY VITAL SERVICES,,,No,20
Harrison,PRECINCT 95,CO. LEVY VITAL SERVICES,,,No,13
Harrison,PRECINCT 96,CO. LEVY VITAL SERVICES,,,No,14
Harrison,PRECINCT 98,CO. LEVY VITAL SERVICES,,,No,17
Harrison,PRECINCT 102,CO. LEVY VITAL SERVICES,,,No,74
Harrison,PRECINCT 103,CO. LEVY VITAL SERVICES,,,No,15
Harrison,PRECINCT 104,CO. LEVY VITAL SERVICES,,,No,16
Harrison,PRECINCT 106,CO. LEVY VITAL SERVICES,,,No,20
Harrison,PRECINCT 107,CO. LEVY VITAL SERVICES,,,No,11
Harrison,PRECINCT 108,CO. LEVY VITAL SERVICES,,,No,31
Harrison,PRECINCT 110,CO. LEVY VITAL SERVICES,,,No,32
Harrison,PRECINCT 114,CO. LEVY VITAL SERVICES,,,No,16
Harrison,PRECINCT 114A,CO. LEVY VITAL SERVICES,,,No,5
Harrison,PRECINCT 118,CO. LEVY VITAL SERVICES,,,No,13
Harrison,PRECINCT 120,CO. LEVY VITAL SERVICES,,,No,33
Harrison,PRECINCT 121,CO. LEVY VITAL SERVICES,,,No,10
Harrison,PRECINCT 122,CO. LEVY VITAL SERVICES,,,No,8
Harrison,PRECINCT 123,CO. LEVY VITAL SERVICES,,,No,81
Harrison,PRECINCT 125,CO. LEVY VITAL SERVICES,,,No,32
Harrison,PRECINCT 126,CO. LEVY VITAL SERVICES,,,No,31
Harrison,PRECINCT 128,CO. LEVY VITAL SERVICES,,,No,23
Harrison,PRECINCT 129,CO. LEVY VITAL SERVICES,,,No,57
Harrison,PRECINCT 129B,CO. LEVY VITAL SERVICES,,,No,40
Harrison,PRECINCT 129C,CO. LEVY VITAL SERVICES,,,No,13
Harrison,PRECINCT 130,CO. LEVY VITAL SERVICES,,,No,8
Harrison,PRECINCT 132,CO. LEVY VITAL SERVICES,,,No,6
Harrison,PRECINCT 133,CO. LEVY VITAL SERVICES,,,No,37
Harrison,PRECINCT 134,CO. LEVY VITAL SERVICES,,,No,19
Harrison,PRECINCT 135,CO. LEVY VITAL SERVICES,,,No,11
Harrison,PRECINCT 136,CO. LEVY VITAL SERVICES,,,No,5
Harrison,PRECINCT 137,CO. LEVY VITAL SERVICES,,,No,4
Harrison,PRECINCT 143,CO. LEVY VITAL SERVICES,,,No,68
Harrison,PRECINCT 144,CO. LEVY VITAL SERVICES,,,No,19
Harrison,PRECINCT 144A,CO. LEVY VITAL SERVICES,,,No,22
Harrison,PRECINCT 145,CO. LEVY VITAL SERVICES,,,No,23
Harrison,PRECINCT 1,CO. LEVY MASS TRANS,,,Yes,240
Harrison,PRECINCT 1A,CO. LEVY MASS TRANS,,,Yes,19
Harrison,PRECINCT 2,CO. LEVY MASS TRANS,,,Yes,33
Harrison,PRECINCT 4,CO. LEVY MASS TRANS,,,Yes,244
Harrison,PRECINCT 6,CO. LEVY MASS TRANS,,,Yes,173
Harrison,PRECINCT 9,CO. LEVY MASS TRANS,,,Yes,94
Harrison,PRECINCT 10,CO. LEVY MASS TRANS,,,Yes,70
Harrison,PRECINCT 14,CO. LEVY MASS TRANS,,,Yes,435
Harrison,PRECINCT 28,CO. LEVY MASS TRANS,,,Yes,214
Harrison,PRECINCT 33,CO. LEVY MASS TRANS,,,Yes,300
Harrison,PRECINCT 36A,CO. LEVY MASS TRANS,,,Yes,108
Harrison,PRECINCT 43,CO. LEVY MASS TRANS,,,Yes,52
Harrison,PRECINCT 44,CO. LEVY MASS TRANS,,,Yes,44
Harrison,PRECINCT 45,CO. LEVY MASS TRANS,,,Yes,85
Harrison,PRECINCT 46,CO. LEVY MASS TRANS,,,Yes,77
Harrison,PRECINCT 48,CO. LEVY MASS TRANS,,,Yes,87
Harrison,PRECINCT 50,CO. LEVY MASS TRANS,,,Yes,132
Harrison,PRECINCT 51,CO. LEVY MASS TRANS,,,Yes,77
Harrison,PRECINCT 52,CO. LEVY MASS TRANS,,,Yes,87
Harrison,PRECINCT 53,CO. LEVY MASS TRANS,,,Yes,54
Harrison,PRECINCT 59,CO. LEVY MASS TRANS,,,Yes,67
Harrison,PRECINCT 61,CO. LEVY MASS TRANS,,,Yes,110
Harrison,PRECINCT 63,CO. LEVY MASS TRANS,,,Yes,102
Harrison,PRECINCT 66,CO. LEVY MASS TRANS,,,Yes,67
Harrison,PRECINCT 66A,CO. LEVY MASS TRANS,,,Yes,12
Harrison,PRECINCT 66B,CO. LEVY MASS TRANS,,,Yes,11
Harrison,PRECINCT 68,CO. LEVY MASS TRANS,,,Yes,239
Harrison,PRECINCT 74,CO. LEVY MASS TRANS,,,Yes,251
Harrison,PRECINCT 80,CO. LEVY MASS TRANS,,,Yes,315
Harrison,PRECINCT 87,CO. LEVY MASS TRANS,,,Yes,46
Harrison,PRECINCT 92,CO. LEVY MASS TRANS,,,Yes,75
Harrison,PRECINCT 95,CO. LEVY MASS TRANS,,,Yes,62
Harrison,PRECINCT 96,CO. LEVY MASS TRANS,,,Yes,91
Harrison,PRECINCT 98,CO. LEVY MASS TRANS,,,Yes,49
Harrison,PRECINCT 102,CO. LEVY MASS TRANS,,,Yes,195
Harrison,PRECINCT 103,CO. LEVY MASS TRANS,,,Yes,49
Harrison,PRECINCT 104,CO. LEVY MASS TRANS,,,Yes,66
Harrison,PRECINCT 106,CO. LEVY MASS TRANS,,,Yes,53
Harrison,PRECINCT 107,CO. LEVY MASS TRANS,,,Yes,33
Harrison,PRECINCT 108,CO. LEVY MASS TRANS,,,Yes,94
Harrison,PRECINCT 110,CO. LEVY MASS TRANS,,,Yes,75
Harrison,PRECINCT 114,CO. LEVY MASS TRANS,,,Yes,61
Harrison,PRECINCT 114A,CO. LEVY MASS TRANS,,,Yes,14
Harrison,PRECINCT 118,CO. LEVY MASS TRANS,,,Yes,47
Harrison,PRECINCT 120,CO. LEVY MASS TRANS,,,Yes,114
Harrison,PRECINCT 121,CO. LEVY MASS TRANS,,,Yes,41
Harrison,PRECINCT 122,CO. LEVY MASS TRANS,,,Yes,56
Harrison,PRECINCT 123,CO. LEVY MASS TRANS,,,Yes,434
Harrison,PRECINCT 125,CO. LEVY MASS TRANS,,,Yes,224
Harrison,PRECINCT 126,CO. LEVY MASS TRANS,,,Yes,199
Harrison,PRECINCT 128,CO. LEVY MASS TRANS,,,Yes,166
Harrison,PRECINCT 129,CO. LEVY MASS TRANS,,,Yes,376
Harrison,PRECINCT 129B,CO. LEVY MASS TRANS,,,Yes,329
Harrison,PRECINCT 129C,CO. LEVY MASS TRANS,,,Yes,98
Harrison,PRECINCT 130,CO. LEVY MASS TRANS,,,Yes,39
Harrison,PRECINCT 132,CO. LEVY MASS TRANS,,,Yes,34
Harrison,PRECINCT 133,CO. LEVY MASS TRANS,,,Yes,120
Harrison,PRECINCT 134,CO. LEVY MASS TRANS,,,Yes,66
Harrison,PRECINCT 135,CO. LEVY MASS TRANS,,,Yes,37
Harrison,PRECINCT 136,CO. LEVY MASS TRANS,,,Yes,30
Harrison,PRECINCT 137,CO. LEVY MASS TRANS,,,Yes,23
Harrison,PRECINCT 143,CO. LEVY MASS TRANS,,,Yes,162
Harrison,PRECINCT 144,CO. LEVY MASS TRANS,,,Yes,71
Harrison,PRECINCT 144A,CO. LEVY MASS TRANS,,,Yes,54
Harrison,PRECINCT 145,CO. LEVY MASS TRANS,,,Yes,76
Harrison,PRECINCT 1,CO. LEVY MASS TRANS,,,No,73
Harrison,PRECINCT 1A,CO. LEVY MASS TRANS,,,No,3
Harrison,PRECINCT 2,CO. LEVY MASS TRANS,,,No,6
Harrison,PRECINCT 4,CO. LEVY MASS TRANS,,,No,59
Harrison,PRECINCT 6,CO. LEVY MASS TRANS,,,No,38
Harrison,PRECINCT 9,CO. LEVY MASS TRANS,,,No,36
Harrison,PRECINCT 10,CO. LEVY MASS TRANS,,,No,17
Harrison,PRECINCT 14,CO. LEVY MASS TRANS,,,No,70
Harrison,PRECINCT 28,CO. LEVY MASS TRANS,,,No,45
Harrison,PRECINCT 33,CO. LEVY MASS TRANS,,,No,71
Harrison,PRECINCT 36A,CO. LEVY MASS TRANS,,,No,18
Harrison,PRECINCT 43,CO. LEVY MASS TRANS,,,No,15
Harrison,PRECINCT 44,CO. LEVY MASS TRANS,,,No,17
Harrison,PRECINCT 45,CO. LEVY MASS TRANS,,,No,37
Harrison,PRECINCT 46,CO. LEVY MASS TRANS,,,No,21
Harrison,PRECINCT 48,CO. LEVY MASS TRANS,,,No,30
Harrison,PRECINCT 50,CO. LEVY MASS TRANS,,,No,25
Harrison,PRECINCT 51,CO. LEVY MASS TRANS,,,No,12
Harrison,PRECINCT 52,CO. LEVY MASS TRANS,,,No,22
Harrison,PRECINCT 53,CO. LEVY MASS TRANS,,,No,10
Harrison,PRECINCT 59,CO. LEVY MASS TRANS,,,No,21
Harrison,PRECINCT 61,CO. LEVY MASS TRANS,,,No,42
Harrison,PRECINCT 63,CO. LEVY MASS TRANS,,,No,38
Harrison,PRECINCT 66,CO. LEVY MASS TRANS,,,No,15
Harrison,PRECINCT 66A,CO. LEVY MASS TRANS,,,No,4
Harrison,PRECINCT 66B,CO. LEVY MASS TRANS,,,No,1
Harrison,PRECINCT 68,CO. LEVY MASS TRANS,,,No,54
Harrison,PRECINCT 74,CO. LEVY MASS TRANS,,,No,51
Harrison,PRECINCT 80,CO. LEVY MASS TRANS,,,No,72
Harrison,PRECINCT 87,CO. LEVY MASS TRANS,,,No,18
Harrison,PRECINCT 92,CO. LEVY MASS TRANS,,,No,19
Harrison,PRECINCT 95,CO. LEVY MASS TRANS,,,No,18
Harrison,PRECINCT 96,CO. LEVY MASS TRANS,,,No,24
Harrison,PRECINCT 98,CO. LEVY MASS TRANS,,,No,11
Harrison,PRECINCT 102,CO. LEVY MASS TRANS,,,No,89
Harrison,PRECINCT 103,CO. LEVY MASS TRANS,,,No,22
Harrison,PRECINCT 104,CO. LEVY MASS TRANS,,,No,28
Harrison,PRECINCT 106,CO. LEVY MASS TRANS,,,No,32
Harrison,PRECINCT 107,CO. LEVY MASS TRANS,,,No,9
Harrison,PRECINCT 108,CO. LEVY MASS TRANS,,,No,37
Harrison,PRECINCT 110,CO. LEVY MASS TRANS,,,No,33
Harrison,PRECINCT 114,CO. LEVY MASS TRANS,,,No,21
Harrison,PRECINCT 114A,CO. LEVY MASS TRANS,,,No,6
Harrison,PRECINCT 118,CO. LEVY MASS TRANS,,,No,18
Harrison,PRECINCT 120,CO. LEVY MASS TRANS,,,No,41
Harrison,PRECINCT 121,CO. LEVY MASS TRANS,,,No,10
Harrison,PRECINCT 122,CO. LEVY MASS TRANS,,,No,11
Harrison,PRECINCT 123,CO. LEVY MASS TRANS,,,No,106
Harrison,PRECINCT 125,CO. LEVY MASS TRANS,,,No,44
Harrison,PRECINCT 126,CO. LEVY MASS TRANS,,,No,38
Harrison,PRECINCT 128,CO. LEVY MASS TRANS,,,No,36
Harrison,PRECINCT 129,CO. LEVY MASS TRANS,,,No,64
Harrison,PRECINCT 129B,CO. LEVY MASS TRANS,,,No,62
Harrison,PRECINCT 129C,CO. LEVY MASS TRANS,,,No,20
Harrison,PRECINCT 130,CO. LEVY MASS TRANS,,,No,21
Harrison,PRECINCT 132,CO. LEVY MASS TRANS,,,No,10
Harrison,PRECINCT 133,CO. LEVY MASS TRANS,,,No,41
Harrison,PRECINCT 134,CO. LEVY MASS TRANS,,,No,27
Harrison,PRECINCT 135,CO. LEVY MASS TRANS,,,No,15
Harrison,PRECINCT 136,CO. LEVY MASS TRANS,,,No,8
Harrison,PRECINCT 137,CO. LEVY MASS TRANS,,,No,5
Harrison,PRECINCT 143,CO. LEVY MASS TRANS,,,No,73
Harrison,PRECINCT 144,CO. LEVY MASS TRANS,,,No,25
Harrison,PRECINCT 144A,CO. LEVY MASS TRANS,,,No,20
Harrison,PRECINCT 145,CO. LEVY MASS TRANS,,,No,36
Harrison,PRECINCT 1A,SPECIAL LEVY CITY OF CLARKSBURG,,,For,18
Harrison,PRECINCT 9,SPECIAL LEVY CITY OF CLARKSBURG,,,For,92
Harrison,PRECINCT 14,SPECIAL LEVY CITY OF CLARKSBURG,,,For,402
Harrison,PRECINCT 28,SPECIAL LEVY CITY OF CLARKSBURG,,,For,200
Harrison,PRECINCT 33,SPECIAL LEVY CITY OF CLARKSBURG,,,For,283
Harrison,PRECINCT 36A,SPECIAL LEVY CITY OF CLARKSBURG,,,For,103
Harrison,PRECINCT 66B,SPECIAL LEVY CITY OF CLARKSBURG,,,For,9
Harrison,PRECINCT 68,SPECIAL LEVY CITY OF CLARKSBURG,,,For,226
Harrison,PRECINCT 74,SPECIAL LEVY CITY OF CLARKSBURG,,,For,219
Harrison,PRECINCT 80,SPECIAL LEVY CITY OF CLARKSBURG,,,For,294
Harrison,PRECINCT 1A,SPECIAL LEVY CITY OF CLARKSBURG,,,Against,4
Harrison,PRECINCT 9,SPECIAL LEVY CITY OF CLARKSBURG,,,Against,35
Harrison,PRECINCT 14,SPECIAL LEVY CITY OF CLARKSBURG,,,Against,88
Harrison,PRECINCT 28,SPECIAL LEVY CITY OF CLARKSBURG,,,Against,55
Harrison,PRECINCT 33,SPECIAL LEVY CITY OF CLARKSBURG,,,Against,80
Harrison,PRECINCT 36A,SPECIAL LEVY CITY OF CLARKSBURG,,,Against,24
Harrison,PRECINCT 66B,SPECIAL LEVY CITY OF CLARKSBURG,,,Against,3
Harrison,PRECINCT 68,SPECIAL LEVY CITY OF CLARKSBURG,,,Against,58
Harrison,PRECINCT 74,SPECIAL LEVY CITY OF CLARKSBURG,,,Against,69
Harrison,PRECINCT 80,SPECIAL LEVY CITY OF CLARKSBURG,,,Against,81
Harrison,PRECINCT 50,SPECIAL LEVY CITY OF SHINNSTON,,,FOR THE LEVIES,130
Harrison,PRECINCT 51,SPECIAL LEVY CITY OF SHINNSTON,,,FOR THE LEVIES,72
Harrison,PRECINCT 52,SPECIAL LEVY CITY OF SHINNSTON,,,FOR THE LEVIES,78
Harrison,PRECINCT 53,SPECIAL LEVY CITY OF SHINNSTON,,,FOR THE LEVIES,52
Harrison,PRECINCT 50,SPECIAL LEVY CITY OF SHINNSTON,,,AGAINST THE LEVIES,32
Harrison,PRECINCT 51,SPECIAL LEVY CITY OF SHINNSTON,,,AGAINST THE LEVIES,17
Harrison,PRECINCT 52,SPECIAL LEVY CITY OF SHINNSTON,,,AGAINST THE LEVIES,32
Harrison,PRECINCT 53,SPECIAL LEVY CITY OF SHINNSTON,,,AGAINST THE LEVIES,10
Harrison,PRECINCT 4,SPECIAL LEVY CITY OF STONEWOOD,,,For the Levies,246
Harrison,PRECINCT 4,SPECIAL LEVY CITY OF STONEWOOD,,,Against the Levies,60
