county,precinct,office,district,party,candidate,votes
Mason,PRECINCT 1,BALLOTS CAST,,REP,BALLOTS CAST - REPUBLICAN,18
Mason,PRECINCT 2,BALLOTS CAST,,REP,BALLOTS CAST - REPUBLICAN,16
Mason,PRECINCT 3,BALLOTS CAST,,REP,BALLOTS CAST - REPUBLICAN,31
Mason,PRECINCT 4,BALLOTS CAST,,REP,BALLOTS CAST - REPUBLICAN,62
Mason,PRECINCT 5,BALLOTS CAST,,REP,BALLOTS CAST - REPUBLICAN,38
Mason,PRECINCT 6,BALLOTS CAST,,REP,BALLOTS CAST - REPUBLICAN,47
Mason,PRECINCT 7,BALLOTS CAST,,REP,BALLOTS CAST - REPUBLICAN,63
Mason,PRECINCT 8,BALLOTS CAST,,REP,BALLOTS CAST - REPUBLICAN,72
Mason,PRECINCT 9,BALLOTS CAST,,REP,BALLOTS CAST - REPUBLICAN,94
Mason,PRECINCT 10,BALLOTS CAST,,REP,BALLOTS CAST - REPUBLICAN,85
Mason,PRECINCT 11,BALLOTS CAST,,REP,BALLOTS CAST - REPUBLICAN,5
Mason,PRECINCT 12,BALLOTS CAST,,REP,BALLOTS CAST - REPUBLICAN,55
Mason,PRECINCT 13,BALLOTS CAST,,REP,BALLOTS CAST - REPUBLICAN,106
Mason,PRECINCT 14,BALLOTS CAST,,REP,BALLOTS CAST - REPUBLICAN,60
Mason,PRECINCT 15,BALLOTS CAST,,REP,BALLOTS CAST - REPUBLICAN,53
Mason,PRECINCT 16,BALLOTS CAST,,REP,BALLOTS CAST - REPUBLICAN,82
Mason,PRECINCT 17,BALLOTS CAST,,REP,BALLOTS CAST - REPUBLICAN,66
Mason,PRECINCT 18,BALLOTS CAST,,REP,BALLOTS CAST - REPUBLICAN,48
Mason,PRECINCT 19,BALLOTS CAST,,REP,BALLOTS CAST - REPUBLICAN,84
Mason,PRECINCT 20,BALLOTS CAST,,REP,BALLOTS CAST - REPUBLICAN,67
Mason,PRECINCT 21,BALLOTS CAST,,REP,BALLOTS CAST - REPUBLICAN,79
Mason,PRECINCT 22,BALLOTS CAST,,REP,BALLOTS CAST - REPUBLICAN,106
Mason,PRECINCT 23,BALLOTS CAST,,REP,BALLOTS CAST - REPUBLICAN,79
Mason,PRECINCT 24,BALLOTS CAST,,REP,BALLOTS CAST - REPUBLICAN,89
Mason,PRECINCT 25,BALLOTS CAST,,REP,BALLOTS CAST - REPUBLICAN,140
Mason,PRECINCT 26,BALLOTS CAST,,REP,BALLOTS CAST - REPUBLICAN,19
Mason,PRECINCT 27,BALLOTS CAST,,REP,BALLOTS CAST - REPUBLICAN,66
Mason,PRECINCT 28,BALLOTS CAST,,REP,BALLOTS CAST - REPUBLICAN,65
Mason,PRECINCT 29,BALLOTS CAST,,REP,BALLOTS CAST - REPUBLICAN,83
Mason,PRECINCT 30,BALLOTS CAST,,REP,BALLOTS CAST - REPUBLICAN,194
Mason,PRECINCT 1,BALLOTS CAST,,DEM,BALLOTS CAST - DEMOCRATIC,11
Mason,PRECINCT 2,BALLOTS CAST,,DEM,BALLOTS CAST - DEMOCRATIC,10
Mason,PRECINCT 3,BALLOTS CAST,,DEM,BALLOTS CAST - DEMOCRATIC,30
Mason,PRECINCT 4,BALLOTS CAST,,DEM,BALLOTS CAST - DEMOCRATIC,34
Mason,PRECINCT 5,BALLOTS CAST,,DEM,BALLOTS CAST - DEMOCRATIC,35
Mason,PRECINCT 6,BALLOTS CAST,,DEM,BALLOTS CAST - DEMOCRATIC,27
Mason,PRECINCT 7,BALLOTS CAST,,DEM,BALLOTS CAST - DEMOCRATIC,42
Mason,PRECINCT 8,BALLOTS CAST,,DEM,BALLOTS CAST - DEMOCRATIC,48
Mason,PRECINCT 9,BALLOTS CAST,,DEM,BALLOTS CAST - DEMOCRATIC,53
Mason,PRECINCT 10,BALLOTS CAST,,DEM,BALLOTS CAST - DEMOCRATIC,48
Mason,PRECINCT 11,BALLOTS CAST,,DEM,BALLOTS CAST - DEMOCRATIC,10
Mason,PRECINCT 12,BALLOTS CAST,,DEM,BALLOTS CAST - DEMOCRATIC,20
Mason,PRECINCT 13,BALLOTS CAST,,DEM,BALLOTS CAST - DEMOCRATIC,32
Mason,PRECINCT 14,BALLOTS CAST,,DEM,BALLOTS CAST - DEMOCRATIC,24
Mason,PRECINCT 15,BALLOTS CAST,,DEM,BALLOTS CAST - DEMOCRATIC,32
Mason,PRECINCT 16,BALLOTS CAST,,DEM,BALLOTS CAST - DEMOCRATIC,54
Mason,PRECINCT 17,BALLOTS CAST,,DEM,BALLOTS CAST - DEMOCRATIC,30
Mason,PRECINCT 18,BALLOTS CAST,,DEM,BALLOTS CAST - DEMOCRATIC,31
Mason,PRECINCT 19,BALLOTS CAST,,DEM,BALLOTS CAST - DEMOCRATIC,41
Mason,PRECINCT 20,BALLOTS CAST,,DEM,BALLOTS CAST - DEMOCRATIC,24
Mason,PRECINCT 21,BALLOTS CAST,,DEM,BALLOTS CAST - DEMOCRATIC,36
Mason,PRECINCT 22,BALLOTS CAST,,DEM,BALLOTS CAST - DEMOCRATIC,39
Mason,PRECINCT 23,BALLOTS CAST,,DEM,BALLOTS CAST - DEMOCRATIC,39
Mason,PRECINCT 24,BALLOTS CAST,,DEM,BALLOTS CAST - DEMOCRATIC,55
Mason,PRECINCT 25,BALLOTS CAST,,DEM,BALLOTS CAST - DEMOCRATIC,78
Mason,PRECINCT 26,BALLOTS CAST,,DEM,BALLOTS CAST - DEMOCRATIC,21
Mason,PRECINCT 27,BALLOTS CAST,,DEM,BALLOTS CAST - DEMOCRATIC,32
Mason,PRECINCT 28,BALLOTS CAST,,DEM,BALLOTS CAST - DEMOCRATIC,44
Mason,PRECINCT 29,BALLOTS CAST,,DEM,BALLOTS CAST - DEMOCRATIC,46
Mason,PRECINCT 30,BALLOTS CAST,,DEM,BALLOTS CAST - DEMOCRATIC,106
Mason,PRECINCT 1,BALLOTS CAST,,,BALLOTS CAST - NONPARTISAN,1
Mason,PRECINCT 2,BALLOTS CAST,,,BALLOTS CAST - NONPARTISAN,0
Mason,PRECINCT 3,BALLOTS CAST,,,BALLOTS CAST - NONPARTISAN,7
Mason,PRECINCT 4,BALLOTS CAST,,,BALLOTS CAST - NONPARTISAN,2
Mason,PRECINCT 5,BALLOTS CAST,,,BALLOTS CAST - NONPARTISAN,6
Mason,PRECINCT 6,BALLOTS CAST,,,BALLOTS CAST - NONPARTISAN,4
Mason,PRECINCT 7,BALLOTS CAST,,,BALLOTS CAST - NONPARTISAN,3
Mason,PRECINCT 8,BALLOTS CAST,,,BALLOTS CAST - NONPARTISAN,8
Mason,PRECINCT 9,BALLOTS CAST,,,BALLOTS CAST - NONPARTISAN,9
Mason,PRECINCT 10,BALLOTS CAST,,,BALLOTS CAST - NONPARTISAN,12
Mason,PRECINCT 11,BALLOTS CAST,,,BALLOTS CAST - NONPARTISAN,0
Mason,PRECINCT 12,BALLOTS CAST,,,BALLOTS CAST - NONPARTISAN,5
Mason,PRECINCT 13,BALLOTS CAST,,,BALLOTS CAST - NONPARTISAN,15
Mason,PRECINCT 14,BALLOTS CAST,,,BALLOTS CAST - NONPARTISAN,6
Mason,PRECINCT 15,BALLOTS CAST,,,BALLOTS CAST - NONPARTISAN,4
Mason,PRECINCT 16,BALLOTS CAST,,,BALLOTS CAST - NONPARTISAN,6
Mason,PRECINCT 17,BALLOTS CAST,,,BALLOTS CAST - NONPARTISAN,8
Mason,PRECINCT 18,BALLOTS CAST,,,BALLOTS CAST - NONPARTISAN,5
Mason,PRECINCT 19,BALLOTS CAST,,,BALLOTS CAST - NONPARTISAN,5
Mason,PRECINCT 20,BALLOTS CAST,,,BALLOTS CAST - NONPARTISAN,8
Mason,PRECINCT 21,BALLOTS CAST,,,BALLOTS CAST - NONPARTISAN,4
Mason,PRECINCT 22,BALLOTS CAST,,,BALLOTS CAST - NONPARTISAN,16
Mason,PRECINCT 23,BALLOTS CAST,,,BALLOTS CAST - NONPARTISAN,4
Mason,PRECINCT 24,BALLOTS CAST,,,BALLOTS CAST - NONPARTISAN,3
Mason,PRECINCT 25,BALLOTS CAST,,,BALLOTS CAST - NONPARTISAN,23
Mason,PRECINCT 26,BALLOTS CAST,,,BALLOTS CAST - NONPARTISAN,5
Mason,PRECINCT 27,BALLOTS CAST,,,BALLOTS CAST - NONPARTISAN,2
Mason,PRECINCT 28,BALLOTS CAST,,,BALLOTS CAST - NONPARTISAN,6
Mason,PRECINCT 29,BALLOTS CAST,,,BALLOTS CAST - NONPARTISAN,4
Mason,PRECINCT 30,BALLOTS CAST,,,BALLOTS CAST - NONPARTISAN,18
Mason,PRECINCT 1,U.S. Senate,,REP,BRYAN McKINNEY,0
Mason,PRECINCT 2,U.S. Senate,,REP,BRYAN McKINNEY,2
Mason,PRECINCT 3,U.S. Senate,,REP,BRYAN McKINNEY,2
Mason,PRECINCT 4,U.S. Senate,,REP,BRYAN McKINNEY,2
Mason,PRECINCT 5,U.S. Senate,,REP,BRYAN McKINNEY,4
Mason,PRECINCT 6,U.S. Senate,,REP,BRYAN McKINNEY,2
Mason,PRECINCT 7,U.S. Senate,,REP,BRYAN McKINNEY,3
Mason,PRECINCT 8,U.S. Senate,,REP,BRYAN McKINNEY,6
Mason,PRECINCT 9,U.S. Senate,,REP,BRYAN McKINNEY,1
Mason,PRECINCT 10,U.S. Senate,,REP,BRYAN McKINNEY,7
Mason,PRECINCT 11,U.S. Senate,,REP,BRYAN McKINNEY,0
Mason,PRECINCT 12,U.S. Senate,,REP,BRYAN McKINNEY,5
Mason,PRECINCT 13,U.S. Senate,,REP,BRYAN McKINNEY,3
Mason,PRECINCT 14,U.S. Senate,,REP,BRYAN McKINNEY,4
Mason,PRECINCT 15,U.S. Senate,,REP,BRYAN McKINNEY,3
Mason,PRECINCT 16,U.S. Senate,,REP,BRYAN McKINNEY,5
Mason,PRECINCT 17,U.S. Senate,,REP,BRYAN McKINNEY,6
Mason,PRECINCT 18,U.S. Senate,,REP,BRYAN McKINNEY,5
Mason,PRECINCT 19,U.S. Senate,,REP,BRYAN McKINNEY,5
Mason,PRECINCT 20,U.S. Senate,,REP,BRYAN McKINNEY,6
Mason,PRECINCT 21,U.S. Senate,,REP,BRYAN McKINNEY,5
Mason,PRECINCT 22,U.S. Senate,,REP,BRYAN McKINNEY,9
Mason,PRECINCT 23,U.S. Senate,,REP,BRYAN McKINNEY,6
Mason,PRECINCT 24,U.S. Senate,,REP,BRYAN McKINNEY,5
Mason,PRECINCT 25,U.S. Senate,,REP,BRYAN McKINNEY,5
Mason,PRECINCT 26,U.S. Senate,,REP,BRYAN McKINNEY,1
Mason,PRECINCT 27,U.S. Senate,,REP,BRYAN McKINNEY,1
Mason,PRECINCT 28,U.S. Senate,,REP,BRYAN McKINNEY,0
Mason,PRECINCT 29,U.S. Senate,,REP,BRYAN McKINNEY,6
Mason,PRECINCT 30,U.S. Senate,,REP,BRYAN McKINNEY,14
Mason,PRECINCT 1,U.S. Senate,,REP,ALEXANDER GAASERUD,3
Mason,PRECINCT 2,U.S. Senate,,REP,ALEXANDER GAASERUD,2
Mason,PRECINCT 3,U.S. Senate,,REP,ALEXANDER GAASERUD,2
Mason,PRECINCT 4,U.S. Senate,,REP,ALEXANDER GAASERUD,5
Mason,PRECINCT 5,U.S. Senate,,REP,ALEXANDER GAASERUD,2
Mason,PRECINCT 6,U.S. Senate,,REP,ALEXANDER GAASERUD,3
Mason,PRECINCT 7,U.S. Senate,,REP,ALEXANDER GAASERUD,2
Mason,PRECINCT 8,U.S. Senate,,REP,ALEXANDER GAASERUD,3
Mason,PRECINCT 9,U.S. Senate,,REP,ALEXANDER GAASERUD,7
Mason,PRECINCT 10,U.S. Senate,,REP,ALEXANDER GAASERUD,5
Mason,PRECINCT 11,U.S. Senate,,REP,ALEXANDER GAASERUD,0
Mason,PRECINCT 12,U.S. Senate,,REP,ALEXANDER GAASERUD,3
Mason,PRECINCT 13,U.S. Senate,,REP,ALEXANDER GAASERUD,3
Mason,PRECINCT 14,U.S. Senate,,REP,ALEXANDER GAASERUD,2
Mason,PRECINCT 15,U.S. Senate,,REP,ALEXANDER GAASERUD,3
Mason,PRECINCT 16,U.S. Senate,,REP,ALEXANDER GAASERUD,2
Mason,PRECINCT 17,U.S. Senate,,REP,ALEXANDER GAASERUD,4
Mason,PRECINCT 18,U.S. Senate,,REP,ALEXANDER GAASERUD,3
Mason,PRECINCT 19,U.S. Senate,,REP,ALEXANDER GAASERUD,4
Mason,PRECINCT 20,U.S. Senate,,REP,ALEXANDER GAASERUD,2
Mason,PRECINCT 21,U.S. Senate,,REP,ALEXANDER GAASERUD,11
Mason,PRECINCT 22,U.S. Senate,,REP,ALEXANDER GAASERUD,12
Mason,PRECINCT 23,U.S. Senate,,REP,ALEXANDER GAASERUD,6
Mason,PRECINCT 24,U.S. Senate,,REP,ALEXANDER GAASERUD,4
Mason,PRECINCT 25,U.S. Senate,,REP,ALEXANDER GAASERUD,10
Mason,PRECINCT 26,U.S. Senate,,REP,ALEXANDER GAASERUD,3
Mason,PRECINCT 27,U.S. Senate,,REP,ALEXANDER GAASERUD,1
Mason,PRECINCT 28,U.S. Senate,,REP,ALEXANDER GAASERUD,6
Mason,PRECINCT 29,U.S. Senate,,REP,ALEXANDER GAASERUD,7
Mason,PRECINCT 30,U.S. Senate,,REP,ALEXANDER GAASERUD,8
Mason,PRECINCT 1,U.S. Senate,,REP,SHELLEY MOORE CAPITO,10
Mason,PRECINCT 2,U.S. Senate,,REP,SHELLEY MOORE CAPITO,10
Mason,PRECINCT 3,U.S. Senate,,REP,SHELLEY MOORE CAPITO,25
Mason,PRECINCT 4,U.S. Senate,,REP,SHELLEY MOORE CAPITO,42
Mason,PRECINCT 5,U.S. Senate,,REP,SHELLEY MOORE CAPITO,29
Mason,PRECINCT 6,U.S. Senate,,REP,SHELLEY MOORE CAPITO,30
Mason,PRECINCT 7,U.S. Senate,,REP,SHELLEY MOORE CAPITO,46
Mason,PRECINCT 8,U.S. Senate,,REP,SHELLEY MOORE CAPITO,48
Mason,PRECINCT 9,U.S. Senate,,REP,SHELLEY MOORE CAPITO,65
Mason,PRECINCT 10,U.S. Senate,,REP,SHELLEY MOORE CAPITO,57
Mason,PRECINCT 11,U.S. Senate,,REP,SHELLEY MOORE CAPITO,5
Mason,PRECINCT 12,U.S. Senate,,REP,SHELLEY MOORE CAPITO,33
Mason,PRECINCT 13,U.S. Senate,,REP,SHELLEY MOORE CAPITO,78
Mason,PRECINCT 14,U.S. Senate,,REP,SHELLEY MOORE CAPITO,37
Mason,PRECINCT 15,U.S. Senate,,REP,SHELLEY MOORE CAPITO,34
Mason,PRECINCT 16,U.S. Senate,,REP,SHELLEY MOORE CAPITO,54
Mason,PRECINCT 17,U.S. Senate,,REP,SHELLEY MOORE CAPITO,33
Mason,PRECINCT 18,U.S. Senate,,REP,SHELLEY MOORE CAPITO,33
Mason,PRECINCT 19,U.S. Senate,,REP,SHELLEY MOORE CAPITO,52
Mason,PRECINCT 20,U.S. Senate,,REP,SHELLEY MOORE CAPITO,44
Mason,PRECINCT 21,U.S. Senate,,REP,SHELLEY MOORE CAPITO,50
Mason,PRECINCT 22,U.S. Senate,,REP,SHELLEY MOORE CAPITO,63
Mason,PRECINCT 23,U.S. Senate,,REP,SHELLEY MOORE CAPITO,53
Mason,PRECINCT 24,U.S. Senate,,REP,SHELLEY MOORE CAPITO,56
Mason,PRECINCT 25,U.S. Senate,,REP,SHELLEY MOORE CAPITO,95
Mason,PRECINCT 26,U.S. Senate,,REP,SHELLEY MOORE CAPITO,9
Mason,PRECINCT 27,U.S. Senate,,REP,SHELLEY MOORE CAPITO,52
Mason,PRECINCT 28,U.S. Senate,,REP,SHELLEY MOORE CAPITO,46
Mason,PRECINCT 29,U.S. Senate,,REP,SHELLEY MOORE CAPITO,52
Mason,PRECINCT 30,U.S. Senate,,REP,SHELLEY MOORE CAPITO,121
Mason,PRECINCT 1,U.S. Senate,,REP,JANET McNULTY,0
Mason,PRECINCT 2,U.S. Senate,,REP,JANET McNULTY,1
Mason,PRECINCT 3,U.S. Senate,,REP,JANET McNULTY,0
Mason,PRECINCT 4,U.S. Senate,,REP,JANET McNULTY,1
Mason,PRECINCT 5,U.S. Senate,,REP,JANET McNULTY,0
Mason,PRECINCT 6,U.S. Senate,,REP,JANET McNULTY,1
Mason,PRECINCT 7,U.S. Senate,,REP,JANET McNULTY,1
Mason,PRECINCT 8,U.S. Senate,,REP,JANET McNULTY,1
Mason,PRECINCT 9,U.S. Senate,,REP,JANET McNULTY,2
Mason,PRECINCT 10,U.S. Senate,,REP,JANET McNULTY,1
Mason,PRECINCT 11,U.S. Senate,,REP,JANET McNULTY,0
Mason,PRECINCT 12,U.S. Senate,,REP,JANET McNULTY,0
Mason,PRECINCT 13,U.S. Senate,,REP,JANET McNULTY,2
Mason,PRECINCT 14,U.S. Senate,,REP,JANET McNULTY,1
Mason,PRECINCT 15,U.S. Senate,,REP,JANET McNULTY,1
Mason,PRECINCT 16,U.S. Senate,,REP,JANET McNULTY,0
Mason,PRECINCT 17,U.S. Senate,,REP,JANET McNULTY,1
Mason,PRECINCT 18,U.S. Senate,,REP,JANET McNULTY,0
Mason,PRECINCT 19,U.S. Senate,,REP,JANET McNULTY,0
Mason,PRECINCT 20,U.S. Senate,,REP,JANET McNULTY,1
Mason,PRECINCT 21,U.S. Senate,,REP,JANET McNULTY,0
Mason,PRECINCT 22,U.S. Senate,,REP,JANET McNULTY,1
Mason,PRECINCT 23,U.S. Senate,,REP,JANET McNULTY,0
Mason,PRECINCT 24,U.S. Senate,,REP,JANET McNULTY,0
Mason,PRECINCT 25,U.S. Senate,,REP,JANET McNULTY,1
Mason,PRECINCT 26,U.S. Senate,,REP,JANET McNULTY,0
Mason,PRECINCT 27,U.S. Senate,,REP,JANET McNULTY,0
Mason,PRECINCT 28,U.S. Senate,,REP,JANET McNULTY,2
Mason,PRECINCT 29,U.S. Senate,,REP,JANET McNULTY,3
Mason,PRECINCT 30,U.S. Senate,,REP,JANET McNULTY,5
Mason,PRECINCT 1,U.S. Senate,,REP,DAVID PURKEY,0
Mason,PRECINCT 2,U.S. Senate,,REP,DAVID PURKEY,0
Mason,PRECINCT 3,U.S. Senate,,REP,DAVID PURKEY,0
Mason,PRECINCT 4,U.S. Senate,,REP,DAVID PURKEY,0
Mason,PRECINCT 5,U.S. Senate,,REP,DAVID PURKEY,1
Mason,PRECINCT 6,U.S. Senate,,REP,DAVID PURKEY,0
Mason,PRECINCT 7,U.S. Senate,,REP,DAVID PURKEY,0
Mason,PRECINCT 8,U.S. Senate,,REP,DAVID PURKEY,1
Mason,PRECINCT 9,U.S. Senate,,REP,DAVID PURKEY,1
Mason,PRECINCT 10,U.S. Senate,,REP,DAVID PURKEY,0
Mason,PRECINCT 11,U.S. Senate,,REP,DAVID PURKEY,0
Mason,PRECINCT 12,U.S. Senate,,REP,DAVID PURKEY,2
Mason,PRECINCT 13,U.S. Senate,,REP,DAVID PURKEY,1
Mason,PRECINCT 14,U.S. Senate,,REP,DAVID PURKEY,0
Mason,PRECINCT 15,U.S. Senate,,REP,DAVID PURKEY,1
Mason,PRECINCT 16,U.S. Senate,,REP,DAVID PURKEY,3
Mason,PRECINCT 17,U.S. Senate,,REP,DAVID PURKEY,1
Mason,PRECINCT 18,U.S. Senate,,REP,DAVID PURKEY,1
Mason,PRECINCT 19,U.S. Senate,,REP,DAVID PURKEY,1
Mason,PRECINCT 20,U.S. Senate,,REP,DAVID PURKEY,0
Mason,PRECINCT 21,U.S. Senate,,REP,DAVID PURKEY,4
Mason,PRECINCT 22,U.S. Senate,,REP,DAVID PURKEY,2
Mason,PRECINCT 23,U.S. Senate,,REP,DAVID PURKEY,1
Mason,PRECINCT 24,U.S. Senate,,REP,DAVID PURKEY,1
Mason,PRECINCT 25,U.S. Senate,,REP,DAVID PURKEY,0
Mason,PRECINCT 26,U.S. Senate,,REP,DAVID PURKEY,1
Mason,PRECINCT 27,U.S. Senate,,REP,DAVID PURKEY,1
Mason,PRECINCT 28,U.S. Senate,,REP,DAVID PURKEY,0
Mason,PRECINCT 29,U.S. Senate,,REP,DAVID PURKEY,1
Mason,PRECINCT 30,U.S. Senate,,REP,DAVID PURKEY,3
Mason,PRECINCT 1,U.S. Senate,,REP,TOM WILLIS,4
Mason,PRECINCT 2,U.S. Senate,,REP,TOM WILLIS,1
Mason,PRECINCT 3,U.S. Senate,,REP,TOM WILLIS,1
Mason,PRECINCT 4,U.S. Senate,,REP,TOM WILLIS,6
Mason,PRECINCT 5,U.S. Senate,,REP,TOM WILLIS,2
Mason,PRECINCT 6,U.S. Senate,,REP,TOM WILLIS,8
Mason,PRECINCT 7,U.S. Senate,,REP,TOM WILLIS,10
Mason,PRECINCT 8,U.S. Senate,,REP,TOM WILLIS,9
Mason,PRECINCT 9,U.S. Senate,,REP,TOM WILLIS,15
Mason,PRECINCT 10,U.S. Senate,,REP,TOM WILLIS,12
Mason,PRECINCT 11,U.S. Senate,,REP,TOM WILLIS,0
Mason,PRECINCT 12,U.S. Senate,,REP,TOM WILLIS,10
Mason,PRECINCT 13,U.S. Senate,,REP,TOM WILLIS,15
Mason,PRECINCT 14,U.S. Senate,,REP,TOM WILLIS,14
Mason,PRECINCT 15,U.S. Senate,,REP,TOM WILLIS,7
Mason,PRECINCT 16,U.S. Senate,,REP,TOM WILLIS,14
Mason,PRECINCT 17,U.S. Senate,,REP,TOM WILLIS,18
Mason,PRECINCT 18,U.S. Senate,,REP,TOM WILLIS,5
Mason,PRECINCT 19,U.S. Senate,,REP,TOM WILLIS,18
Mason,PRECINCT 20,U.S. Senate,,REP,TOM WILLIS,12
Mason,PRECINCT 21,U.S. Senate,,REP,TOM WILLIS,9
Mason,PRECINCT 22,U.S. Senate,,REP,TOM WILLIS,16
Mason,PRECINCT 23,U.S. Senate,,REP,TOM WILLIS,10
Mason,PRECINCT 24,U.S. Senate,,REP,TOM WILLIS,19
Mason,PRECINCT 25,U.S. Senate,,REP,TOM WILLIS,19
Mason,PRECINCT 26,U.S. Senate,,REP,TOM WILLIS,5
Mason,PRECINCT 27,U.S. Senate,,REP,TOM WILLIS,6
Mason,PRECINCT 28,U.S. Senate,,REP,TOM WILLIS,9
Mason,PRECINCT 29,U.S. Senate,,REP,TOM WILLIS,11
Mason,PRECINCT 30,U.S. Senate,,REP,TOM WILLIS,36
Mason,PRECINCT 1,U.S. Senate,,DEM,RIO PHILLIPS,3
Mason,PRECINCT 2,U.S. Senate,,DEM,RIO PHILLIPS,4
Mason,PRECINCT 3,U.S. Senate,,DEM,RIO PHILLIPS,6
Mason,PRECINCT 4,U.S. Senate,,DEM,RIO PHILLIPS,11
Mason,PRECINCT 5,U.S. Senate,,DEM,RIO PHILLIPS,3
Mason,PRECINCT 6,U.S. Senate,,DEM,RIO PHILLIPS,10
Mason,PRECINCT 7,U.S. Senate,,DEM,RIO PHILLIPS,3
Mason,PRECINCT 8,U.S. Senate,,DEM,RIO PHILLIPS,5
Mason,PRECINCT 9,U.S. Senate,,DEM,RIO PHILLIPS,9
Mason,PRECINCT 10,U.S. Senate,,DEM,RIO PHILLIPS,11
Mason,PRECINCT 11,U.S. Senate,,DEM,RIO PHILLIPS,2
Mason,PRECINCT 12,U.S. Senate,,DEM,RIO PHILLIPS,4
Mason,PRECINCT 13,U.S. Senate,,DEM,RIO PHILLIPS,12
Mason,PRECINCT 14,U.S. Senate,,DEM,RIO PHILLIPS,7
Mason,PRECINCT 15,U.S. Senate,,DEM,RIO PHILLIPS,10
Mason,PRECINCT 16,U.S. Senate,,DEM,RIO PHILLIPS,12
Mason,PRECINCT 17,U.S. Senate,,DEM,RIO PHILLIPS,1
Mason,PRECINCT 18,U.S. Senate,,DEM,RIO PHILLIPS,5
Mason,PRECINCT 19,U.S. Senate,,DEM,RIO PHILLIPS,7
Mason,PRECINCT 20,U.S. Senate,,DEM,RIO PHILLIPS,6
Mason,PRECINCT 21,U.S. Senate,,DEM,RIO PHILLIPS,5
Mason,PRECINCT 22,U.S. Senate,,DEM,RIO PHILLIPS,8
Mason,PRECINCT 23,U.S. Senate,,DEM,RIO PHILLIPS,7
Mason,PRECINCT 24,U.S. Senate,,DEM,RIO PHILLIPS,9
Mason,PRECINCT 25,U.S. Senate,,DEM,RIO PHILLIPS,13
Mason,PRECINCT 26,U.S. Senate,,DEM,RIO PHILLIPS,4
Mason,PRECINCT 27,U.S. Senate,,DEM,RIO PHILLIPS,3
Mason,PRECINCT 28,U.S. Senate,,DEM,RIO PHILLIPS,9
Mason,PRECINCT 29,U.S. Senate,,DEM,RIO PHILLIPS,6
Mason,PRECINCT 30,U.S. Senate,,DEM,RIO PHILLIPS,13
Mason,PRECINCT 1,U.S. Senate,,DEM,RACHEL FETTY ANDERSON,0
Mason,PRECINCT 2,U.S. Senate,,DEM,RACHEL FETTY ANDERSON,1
Mason,PRECINCT 3,U.S. Senate,,DEM,RACHEL FETTY ANDERSON,7
Mason,PRECINCT 4,U.S. Senate,,DEM,RACHEL FETTY ANDERSON,6
Mason,PRECINCT 5,U.S. Senate,,DEM,RACHEL FETTY ANDERSON,13
Mason,PRECINCT 6,U.S. Senate,,DEM,RACHEL FETTY ANDERSON,1
Mason,PRECINCT 7,U.S. Senate,,DEM,RACHEL FETTY ANDERSON,13
Mason,PRECINCT 8,U.S. Senate,,DEM,RACHEL FETTY ANDERSON,14
Mason,PRECINCT 9,U.S. Senate,,DEM,RACHEL FETTY ANDERSON,12
Mason,PRECINCT 10,U.S. Senate,,DEM,RACHEL FETTY ANDERSON,9
Mason,PRECINCT 11,U.S. Senate,,DEM,RACHEL FETTY ANDERSON,2
Mason,PRECINCT 12,U.S. Senate,,DEM,RACHEL FETTY ANDERSON,6
Mason,PRECINCT 13,U.S. Senate,,DEM,RACHEL FETTY ANDERSON,6
Mason,PRECINCT 14,U.S. Senate,,DEM,RACHEL FETTY ANDERSON,4
Mason,PRECINCT 15,U.S. Senate,,DEM,RACHEL FETTY ANDERSON,5
Mason,PRECINCT 16,U.S. Senate,,DEM,RACHEL FETTY ANDERSON,9
Mason,PRECINCT 17,U.S. Senate,,DEM,RACHEL FETTY ANDERSON,4
Mason,PRECINCT 18,U.S. Senate,,DEM,RACHEL FETTY ANDERSON,8
Mason,PRECINCT 19,U.S. Senate,,DEM,RACHEL FETTY ANDERSON,8
Mason,PRECINCT 20,U.S. Senate,,DEM,RACHEL FETTY ANDERSON,5
Mason,PRECINCT 21,U.S. Senate,,DEM,RACHEL FETTY ANDERSON,9
Mason,PRECINCT 22,U.S. Senate,,DEM,RACHEL FETTY ANDERSON,12
Mason,PRECINCT 23,U.S. Senate,,DEM,RACHEL FETTY ANDERSON,9
Mason,PRECINCT 24,U.S. Senate,,DEM,RACHEL FETTY ANDERSON,9
Mason,PRECINCT 25,U.S. Senate,,DEM,RACHEL FETTY ANDERSON,15
Mason,PRECINCT 26,U.S. Senate,,DEM,RACHEL FETTY ANDERSON,5
Mason,PRECINCT 27,U.S. Senate,,DEM,RACHEL FETTY ANDERSON,8
Mason,PRECINCT 28,U.S. Senate,,DEM,RACHEL FETTY ANDERSON,12
Mason,PRECINCT 29,U.S. Senate,,DEM,RACHEL FETTY ANDERSON,13
Mason,PRECINCT 30,U.S. Senate,,DEM,RACHEL FETTY ANDERSON,23
Mason,PRECINCT 1,U.S. Senate,,DEM,JEFFREY V. KESSLER,5
Mason,PRECINCT 2,U.S. Senate,,DEM,JEFFREY V. KESSLER,1
Mason,PRECINCT 3,U.S. Senate,,DEM,JEFFREY V. KESSLER,6
Mason,PRECINCT 4,U.S. Senate,,DEM,JEFFREY V. KESSLER,3
Mason,PRECINCT 5,U.S. Senate,,DEM,JEFFREY V. KESSLER,8
Mason,PRECINCT 6,U.S. Senate,,DEM,JEFFREY V. KESSLER,4
Mason,PRECINCT 7,U.S. Senate,,DEM,JEFFREY V. KESSLER,9
Mason,PRECINCT 8,U.S. Senate,,DEM,JEFFREY V. KESSLER,15
Mason,PRECINCT 9,U.S. Senate,,DEM,JEFFREY V. KESSLER,12
Mason,PRECINCT 10,U.S. Senate,,DEM,JEFFREY V. KESSLER,11
Mason,PRECINCT 11,U.S. Senate,,DEM,JEFFREY V. KESSLER,2
Mason,PRECINCT 12,U.S. Senate,,DEM,JEFFREY V. KESSLER,5
Mason,PRECINCT 13,U.S. Senate,,DEM,JEFFREY V. KESSLER,3
Mason,PRECINCT 14,U.S. Senate,,DEM,JEFFREY V. KESSLER,1
Mason,PRECINCT 15,U.S. Senate,,DEM,JEFFREY V. KESSLER,9
Mason,PRECINCT 16,U.S. Senate,,DEM,JEFFREY V. KESSLER,5
Mason,PRECINCT 17,U.S. Senate,,DEM,JEFFREY V. KESSLER,7
Mason,PRECINCT 18,U.S. Senate,,DEM,JEFFREY V. KESSLER,6
Mason,PRECINCT 19,U.S. Senate,,DEM,JEFFREY V. KESSLER,7
Mason,PRECINCT 20,U.S. Senate,,DEM,JEFFREY V. KESSLER,4
Mason,PRECINCT 21,U.S. Senate,,DEM,JEFFREY V. KESSLER,8
Mason,PRECINCT 22,U.S. Senate,,DEM,JEFFREY V. KESSLER,4
Mason,PRECINCT 23,U.S. Senate,,DEM,JEFFREY V. KESSLER,10
Mason,PRECINCT 24,U.S. Senate,,DEM,JEFFREY V. KESSLER,12
Mason,PRECINCT 25,U.S. Senate,,DEM,JEFFREY V. KESSLER,18
Mason,PRECINCT 26,U.S. Senate,,DEM,JEFFREY V. KESSLER,2
Mason,PRECINCT 27,U.S. Senate,,DEM,JEFFREY V. KESSLER,4
Mason,PRECINCT 28,U.S. Senate,,DEM,JEFFREY V. KESSLER,11
Mason,PRECINCT 29,U.S. Senate,,DEM,JEFFREY V. KESSLER,9
Mason,PRECINCT 30,U.S. Senate,,DEM,JEFFREY V. KESSLER,24
Mason,PRECINCT 1,U.S. Senate,,DEM,THORNTON COOPER,1
Mason,PRECINCT 2,U.S. Senate,,DEM,THORNTON COOPER,1
Mason,PRECINCT 3,U.S. Senate,,DEM,THORNTON COOPER,3
Mason,PRECINCT 4,U.S. Senate,,DEM,THORNTON COOPER,6
Mason,PRECINCT 5,U.S. Senate,,DEM,THORNTON COOPER,5
Mason,PRECINCT 6,U.S. Senate,,DEM,THORNTON COOPER,5
Mason,PRECINCT 7,U.S. Senate,,DEM,THORNTON COOPER,7
Mason,PRECINCT 8,U.S. Senate,,DEM,THORNTON COOPER,7
Mason,PRECINCT 9,U.S. Senate,,DEM,THORNTON COOPER,10
Mason,PRECINCT 10,U.S. Senate,,DEM,THORNTON COOPER,11
Mason,PRECINCT 11,U.S. Senate,,DEM,THORNTON COOPER,1
Mason,PRECINCT 12,U.S. Senate,,DEM,THORNTON COOPER,2
Mason,PRECINCT 13,U.S. Senate,,DEM,THORNTON COOPER,6
Mason,PRECINCT 14,U.S. Senate,,DEM,THORNTON COOPER,7
Mason,PRECINCT 15,U.S. Senate,,DEM,THORNTON COOPER,5
Mason,PRECINCT 16,U.S. Senate,,DEM,THORNTON COOPER,12
Mason,PRECINCT 17,U.S. Senate,,DEM,THORNTON COOPER,8
Mason,PRECINCT 18,U.S. Senate,,DEM,THORNTON COOPER,9
Mason,PRECINCT 19,U.S. Senate,,DEM,THORNTON COOPER,8
Mason,PRECINCT 20,U.S. Senate,,DEM,THORNTON COOPER,5
Mason,PRECINCT 21,U.S. Senate,,DEM,THORNTON COOPER,6
Mason,PRECINCT 22,U.S. Senate,,DEM,THORNTON COOPER,5
Mason,PRECINCT 23,U.S. Senate,,DEM,THORNTON COOPER,4
Mason,PRECINCT 24,U.S. Senate,,DEM,THORNTON COOPER,10
Mason,PRECINCT 25,U.S. Senate,,DEM,THORNTON COOPER,7
Mason,PRECINCT 26,U.S. Senate,,DEM,THORNTON COOPER,3
Mason,PRECINCT 27,U.S. Senate,,DEM,THORNTON COOPER,4
Mason,PRECINCT 28,U.S. Senate,,DEM,THORNTON COOPER,5
Mason,PRECINCT 29,U.S. Senate,,DEM,THORNTON COOPER,5
Mason,PRECINCT 30,U.S. Senate,,DEM,THORNTON COOPER,19
Mason,PRECINCT 1,U.S. Senate,,DEM,ZACHARY SHREWSBURY,1
Mason,PRECINCT 2,U.S. Senate,,DEM,ZACHARY SHREWSBURY,3
Mason,PRECINCT 3,U.S. Senate,,DEM,ZACHARY SHREWSBURY,2
Mason,PRECINCT 4,U.S. Senate,,DEM,ZACHARY SHREWSBURY,4
Mason,PRECINCT 5,U.S. Senate,,DEM,ZACHARY SHREWSBURY,5
Mason,PRECINCT 6,U.S. Senate,,DEM,ZACHARY SHREWSBURY,6
Mason,PRECINCT 7,U.S. Senate,,DEM,ZACHARY SHREWSBURY,5
Mason,PRECINCT 8,U.S. Senate,,DEM,ZACHARY SHREWSBURY,3
Mason,PRECINCT 9,U.S. Senate,,DEM,ZACHARY SHREWSBURY,6
Mason,PRECINCT 10,U.S. Senate,,DEM,ZACHARY SHREWSBURY,3
Mason,PRECINCT 11,U.S. Senate,,DEM,ZACHARY SHREWSBURY,3
Mason,PRECINCT 12,U.S. Senate,,DEM,ZACHARY SHREWSBURY,2
Mason,PRECINCT 13,U.S. Senate,,DEM,ZACHARY SHREWSBURY,4
Mason,PRECINCT 14,U.S. Senate,,DEM,ZACHARY SHREWSBURY,2
Mason,PRECINCT 15,U.S. Senate,,DEM,ZACHARY SHREWSBURY,2
Mason,PRECINCT 16,U.S. Senate,,DEM,ZACHARY SHREWSBURY,12
Mason,PRECINCT 17,U.S. Senate,,DEM,ZACHARY SHREWSBURY,4
Mason,PRECINCT 18,U.S. Senate,,DEM,ZACHARY SHREWSBURY,0
Mason,PRECINCT 19,U.S. Senate,,DEM,ZACHARY SHREWSBURY,7
Mason,PRECINCT 20,U.S. Senate,,DEM,ZACHARY SHREWSBURY,2
Mason,PRECINCT 21,U.S. Senate,,DEM,ZACHARY SHREWSBURY,6
Mason,PRECINCT 22,U.S. Senate,,DEM,ZACHARY SHREWSBURY,5
Mason,PRECINCT 23,U.S. Senate,,DEM,ZACHARY SHREWSBURY,6
Mason,PRECINCT 24,U.S. Senate,,DEM,ZACHARY SHREWSBURY,6
Mason,PRECINCT 25,U.S. Senate,,DEM,ZACHARY SHREWSBURY,8
Mason,PRECINCT 26,U.S. Senate,,DEM,ZACHARY SHREWSBURY,4
Mason,PRECINCT 27,U.S. Senate,,DEM,ZACHARY SHREWSBURY,4
Mason,PRECINCT 28,U.S. Senate,,DEM,ZACHARY SHREWSBURY,5
Mason,PRECINCT 29,U.S. Senate,,DEM,ZACHARY SHREWSBURY,11
Mason,PRECINCT 30,U.S. Senate,,DEM,ZACHARY SHREWSBURY,14
Mason,PRECINCT 1,U.S. House,1,REP,LARRY JACKSON,3
Mason,PRECINCT 2,U.S. House,1,REP,LARRY JACKSON,6
Mason,PRECINCT 3,U.S. House,1,REP,LARRY JACKSON,5
Mason,PRECINCT 4,U.S. House,1,REP,LARRY JACKSON,16
Mason,PRECINCT 5,U.S. House,1,REP,LARRY JACKSON,3
Mason,PRECINCT 6,U.S. House,1,REP,LARRY JACKSON,11
Mason,PRECINCT 7,U.S. House,1,REP,LARRY JACKSON,13
Mason,PRECINCT 8,U.S. House,1,REP,LARRY JACKSON,19
Mason,PRECINCT 9,U.S. House,1,REP,LARRY JACKSON,21
Mason,PRECINCT 10,U.S. House,1,REP,LARRY JACKSON,15
Mason,PRECINCT 11,U.S. House,1,REP,LARRY JACKSON,0
Mason,PRECINCT 12,U.S. House,1,REP,LARRY JACKSON,15
Mason,PRECINCT 13,U.S. House,1,REP,LARRY JACKSON,27
Mason,PRECINCT 14,U.S. House,1,REP,LARRY JACKSON,14
Mason,PRECINCT 15,U.S. House,1,REP,LARRY JACKSON,9
Mason,PRECINCT 16,U.S. House,1,REP,LARRY JACKSON,24
Mason,PRECINCT 17,U.S. House,1,REP,LARRY JACKSON,28
Mason,PRECINCT 18,U.S. House,1,REP,LARRY JACKSON,13
Mason,PRECINCT 19,U.S. House,1,REP,LARRY JACKSON,26
Mason,PRECINCT 20,U.S. House,1,REP,LARRY JACKSON,12
Mason,PRECINCT 21,U.S. House,1,REP,LARRY JACKSON,21
Mason,PRECINCT 22,U.S. House,1,REP,LARRY JACKSON,33
Mason,PRECINCT 23,U.S. House,1,REP,LARRY JACKSON,22
Mason,PRECINCT 24,U.S. House,1,REP,LARRY JACKSON,26
Mason,PRECINCT 25,U.S. House,1,REP,LARRY JACKSON,36
Mason,PRECINCT 26,U.S. House,1,REP,LARRY JACKSON,9
Mason,PRECINCT 27,U.S. House,1,REP,LARRY JACKSON,13
Mason,PRECINCT 28,U.S. House,1,REP,LARRY JACKSON,15
Mason,PRECINCT 29,U.S. House,1,REP,LARRY JACKSON,30
Mason,PRECINCT 30,U.S. House,1,REP,LARRY JACKSON,50
Mason,PRECINCT 1,U.S. House,1,REP,CAROL MILLER,14
Mason,PRECINCT 2,U.S. House,1,REP,CAROL MILLER,10
Mason,PRECINCT 3,U.S. House,1,REP,CAROL MILLER,25
Mason,PRECINCT 4,U.S. House,1,REP,CAROL MILLER,42
Mason,PRECINCT 5,U.S. House,1,REP,CAROL MILLER,34
Mason,PRECINCT 6,U.S. House,1,REP,CAROL MILLER,35
Mason,PRECINCT 7,U.S. House,1,REP,CAROL MILLER,43
Mason,PRECINCT 8,U.S. House,1,REP,CAROL MILLER,49
Mason,PRECINCT 9,U.S. House,1,REP,CAROL MILLER,68
Mason,PRECINCT 10,U.S. House,1,REP,CAROL MILLER,66
Mason,PRECINCT 11,U.S. House,1,REP,CAROL MILLER,5
Mason,PRECINCT 12,U.S. House,1,REP,CAROL MILLER,34
Mason,PRECINCT 13,U.S. House,1,REP,CAROL MILLER,69
Mason,PRECINCT 14,U.S. House,1,REP,CAROL MILLER,42
Mason,PRECINCT 15,U.S. House,1,REP,CAROL MILLER,40
Mason,PRECINCT 16,U.S. House,1,REP,CAROL MILLER,57
Mason,PRECINCT 17,U.S. House,1,REP,CAROL MILLER,33
Mason,PRECINCT 18,U.S. House,1,REP,CAROL MILLER,34
Mason,PRECINCT 19,U.S. House,1,REP,CAROL MILLER,52
Mason,PRECINCT 20,U.S. House,1,REP,CAROL MILLER,49
Mason,PRECINCT 21,U.S. House,1,REP,CAROL MILLER,57
Mason,PRECINCT 22,U.S. House,1,REP,CAROL MILLER,62
Mason,PRECINCT 23,U.S. House,1,REP,CAROL MILLER,53
Mason,PRECINCT 24,U.S. House,1,REP,CAROL MILLER,57
Mason,PRECINCT 25,U.S. House,1,REP,CAROL MILLER,88
Mason,PRECINCT 26,U.S. House,1,REP,CAROL MILLER,9
Mason,PRECINCT 27,U.S. House,1,REP,CAROL MILLER,46
Mason,PRECINCT 28,U.S. House,1,REP,CAROL MILLER,44
Mason,PRECINCT 29,U.S. House,1,REP,CAROL MILLER,49
Mason,PRECINCT 30,U.S. House,1,REP,CAROL MILLER,131
Mason,PRECINCT 1,U.S. House,1,DEM,BRITTA 'BRIT' AGUIRRE,9
Mason,PRECINCT 2,U.S. House,1,DEM,BRITTA 'BRIT' AGUIRRE,5
Mason,PRECINCT 3,U.S. House,1,DEM,BRITTA 'BRIT' AGUIRRE,16
Mason,PRECINCT 4,U.S. House,1,DEM,BRITTA 'BRIT' AGUIRRE,16
Mason,PRECINCT 5,U.S. House,1,DEM,BRITTA 'BRIT' AGUIRRE,16
Mason,PRECINCT 6,U.S. House,1,DEM,BRITTA 'BRIT' AGUIRRE,14
Mason,PRECINCT 7,U.S. House,1,DEM,BRITTA 'BRIT' AGUIRRE,16
Mason,PRECINCT 8,U.S. House,1,DEM,BRITTA 'BRIT' AGUIRRE,24
Mason,PRECINCT 9,U.S. House,1,DEM,BRITTA 'BRIT' AGUIRRE,16
Mason,PRECINCT 10,U.S. House,1,DEM,BRITTA 'BRIT' AGUIRRE,17
Mason,PRECINCT 11,U.S. House,1,DEM,BRITTA 'BRIT' AGUIRRE,2
Mason,PRECINCT 12,U.S. House,1,DEM,BRITTA 'BRIT' AGUIRRE,10
Mason,PRECINCT 13,U.S. House,1,DEM,BRITTA 'BRIT' AGUIRRE,13
Mason,PRECINCT 14,U.S. House,1,DEM,BRITTA 'BRIT' AGUIRRE,7
Mason,PRECINCT 15,U.S. House,1,DEM,BRITTA 'BRIT' AGUIRRE,18
Mason,PRECINCT 16,U.S. House,1,DEM,BRITTA 'BRIT' AGUIRRE,18
Mason,PRECINCT 17,U.S. House,1,DEM,BRITTA 'BRIT' AGUIRRE,9
Mason,PRECINCT 18,U.S. House,1,DEM,BRITTA 'BRIT' AGUIRRE,4
Mason,PRECINCT 19,U.S. House,1,DEM,BRITTA 'BRIT' AGUIRRE,14
Mason,PRECINCT 20,U.S. House,1,DEM,BRITTA 'BRIT' AGUIRRE,10
Mason,PRECINCT 21,U.S. House,1,DEM,BRITTA 'BRIT' AGUIRRE,19
Mason,PRECINCT 22,U.S. House,1,DEM,BRITTA 'BRIT' AGUIRRE,16
Mason,PRECINCT 23,U.S. House,1,DEM,BRITTA 'BRIT' AGUIRRE,17
Mason,PRECINCT 24,U.S. House,1,DEM,BRITTA 'BRIT' AGUIRRE,14
Mason,PRECINCT 25,U.S. House,1,DEM,BRITTA 'BRIT' AGUIRRE,33
Mason,PRECINCT 26,U.S. House,1,DEM,BRITTA 'BRIT' AGUIRRE,9
Mason,PRECINCT 27,U.S. House,1,DEM,BRITTA 'BRIT' AGUIRRE,14
Mason,PRECINCT 28,U.S. House,1,DEM,BRITTA 'BRIT' AGUIRRE,21
Mason,PRECINCT 29,U.S. House,1,DEM,BRITTA 'BRIT' AGUIRRE,27
Mason,PRECINCT 30,U.S. House,1,DEM,BRITTA 'BRIT' AGUIRRE,48
Mason,PRECINCT 1,U.S. House,1,DEM,VINCE GEORGE,0
Mason,PRECINCT 2,U.S. House,1,DEM,VINCE GEORGE,4
Mason,PRECINCT 3,U.S. House,1,DEM,VINCE GEORGE,8
Mason,PRECINCT 4,U.S. House,1,DEM,VINCE GEORGE,11
Mason,PRECINCT 5,U.S. House,1,DEM,VINCE GEORGE,17
Mason,PRECINCT 6,U.S. House,1,DEM,VINCE GEORGE,13
Mason,PRECINCT 7,U.S. House,1,DEM,VINCE GEORGE,17
Mason,PRECINCT 8,U.S. House,1,DEM,VINCE GEORGE,20
Mason,PRECINCT 9,U.S. House,1,DEM,VINCE GEORGE,31
Mason,PRECINCT 10,U.S. House,1,DEM,VINCE GEORGE,27
Mason,PRECINCT 11,U.S. House,1,DEM,VINCE GEORGE,5
Mason,PRECINCT 12,U.S. House,1,DEM,VINCE GEORGE,7
Mason,PRECINCT 13,U.S. House,1,DEM,VINCE GEORGE,18
Mason,PRECINCT 14,U.S. House,1,DEM,VINCE GEORGE,13
Mason,PRECINCT 15,U.S. House,1,DEM,VINCE GEORGE,12
Mason,PRECINCT 16,U.S. House,1,DEM,VINCE GEORGE,32
Mason,PRECINCT 17,U.S. House,1,DEM,VINCE GEORGE,16
Mason,PRECINCT 18,U.S. House,1,DEM,VINCE GEORGE,20
Mason,PRECINCT 19,U.S. House,1,DEM,VINCE GEORGE,24
Mason,PRECINCT 20,U.S. House,1,DEM,VINCE GEORGE,12
Mason,PRECINCT 21,U.S. House,1,DEM,VINCE GEORGE,14
Mason,PRECINCT 22,U.S. House,1,DEM,VINCE GEORGE,20
Mason,PRECINCT 23,U.S. House,1,DEM,VINCE GEORGE,17
Mason,PRECINCT 24,U.S. House,1,DEM,VINCE GEORGE,30
Mason,PRECINCT 25,U.S. House,1,DEM,VINCE GEORGE,23
Mason,PRECINCT 26,U.S. House,1,DEM,VINCE GEORGE,8
Mason,PRECINCT 27,U.S. House,1,DEM,VINCE GEORGE,10
Mason,PRECINCT 28,U.S. House,1,DEM,VINCE GEORGE,20
Mason,PRECINCT 29,U.S. House,1,DEM,VINCE GEORGE,16
Mason,PRECINCT 30,U.S. House,1,DEM,VINCE GEORGE,45
Mason,PRECINCT 1,State Senate,4,REP,ERIC J. TARR,7
Mason,PRECINCT 2,State Senate,4,REP,ERIC J. TARR,10
Mason,PRECINCT 3,State Senate,4,REP,ERIC J. TARR,8
Mason,PRECINCT 4,State Senate,4,REP,ERIC J. TARR,16
Mason,PRECINCT 5,State Senate,4,REP,ERIC J. TARR,8
Mason,PRECINCT 6,State Senate,4,REP,ERIC J. TARR,17
Mason,PRECINCT 7,State Senate,4,REP,ERIC J. TARR,17
Mason,PRECINCT 8,State Senate,4,REP,ERIC J. TARR,17
Mason,PRECINCT 9,State Senate,4,REP,ERIC J. TARR,23
Mason,PRECINCT 10,State Senate,4,REP,ERIC J. TARR,24
Mason,PRECINCT 11,State Senate,4,REP,ERIC J. TARR,3
Mason,PRECINCT 12,State Senate,4,REP,ERIC J. TARR,18
Mason,PRECINCT 13,State Senate,4,REP,ERIC J. TARR,49
Mason,PRECINCT 14,State Senate,4,REP,ERIC J. TARR,20
Mason,PRECINCT 15,State Senate,4,REP,ERIC J. TARR,18
Mason,PRECINCT 16,State Senate,4,REP,ERIC J. TARR,33
Mason,PRECINCT 17,State Senate,4,REP,ERIC J. TARR,23
Mason,PRECINCT 18,State Senate,4,REP,ERIC J. TARR,19
Mason,PRECINCT 19,State Senate,4,REP,ERIC J. TARR,28
Mason,PRECINCT 20,State Senate,4,REP,ERIC J. TARR,27
Mason,PRECINCT 21,State Senate,4,REP,ERIC J. TARR,28
Mason,PRECINCT 22,State Senate,4,REP,ERIC J. TARR,32
Mason,PRECINCT 23,State Senate,4,REP,ERIC J. TARR,32
Mason,PRECINCT 24,State Senate,4,REP,ERIC J. TARR,30
Mason,PRECINCT 25,State Senate,4,REP,ERIC J. TARR,55
Mason,PRECINCT 26,State Senate,4,REP,ERIC J. TARR,4
Mason,PRECINCT 27,State Senate,4,REP,ERIC J. TARR,26
Mason,PRECINCT 28,State Senate,4,REP,ERIC J. TARR,27
Mason,PRECINCT 29,State Senate,4,REP,ERIC J. TARR,34
Mason,PRECINCT 30,State Senate,4,REP,ERIC J. TARR,45
Mason,PRECINCT 1,State Senate,4,REP,TRAVIS WILLARD,3
Mason,PRECINCT 2,State Senate,4,REP,TRAVIS WILLARD,3
Mason,PRECINCT 3,State Senate,4,REP,TRAVIS WILLARD,14
Mason,PRECINCT 4,State Senate,4,REP,TRAVIS WILLARD,32
Mason,PRECINCT 5,State Senate,4,REP,TRAVIS WILLARD,14
Mason,PRECINCT 6,State Senate,4,REP,TRAVIS WILLARD,17
Mason,PRECINCT 7,State Senate,4,REP,TRAVIS WILLARD,25
Mason,PRECINCT 8,State Senate,4,REP,TRAVIS WILLARD,40
Mason,PRECINCT 9,State Senate,4,REP,TRAVIS WILLARD,34
Mason,PRECINCT 10,State Senate,4,REP,TRAVIS WILLARD,35
Mason,PRECINCT 11,State Senate,4,REP,TRAVIS WILLARD,1
Mason,PRECINCT 12,State Senate,4,REP,TRAVIS WILLARD,25
Mason,PRECINCT 13,State Senate,4,REP,TRAVIS WILLARD,41
Mason,PRECINCT 14,State Senate,4,REP,TRAVIS WILLARD,20
Mason,PRECINCT 15,State Senate,4,REP,TRAVIS WILLARD,14
Mason,PRECINCT 16,State Senate,4,REP,TRAVIS WILLARD,28
Mason,PRECINCT 17,State Senate,4,REP,TRAVIS WILLARD,23
Mason,PRECINCT 18,State Senate,4,REP,TRAVIS WILLARD,12
Mason,PRECINCT 19,State Senate,4,REP,TRAVIS WILLARD,24
Mason,PRECINCT 20,State Senate,4,REP,TRAVIS WILLARD,15
Mason,PRECINCT 21,State Senate,4,REP,TRAVIS WILLARD,24
Mason,PRECINCT 22,State Senate,4,REP,TRAVIS WILLARD,40
Mason,PRECINCT 23,State Senate,4,REP,TRAVIS WILLARD,23
Mason,PRECINCT 24,State Senate,4,REP,TRAVIS WILLARD,27
Mason,PRECINCT 25,State Senate,4,REP,TRAVIS WILLARD,39
Mason,PRECINCT 26,State Senate,4,REP,TRAVIS WILLARD,10
Mason,PRECINCT 27,State Senate,4,REP,TRAVIS WILLARD,12
Mason,PRECINCT 28,State Senate,4,REP,TRAVIS WILLARD,18
Mason,PRECINCT 29,State Senate,4,REP,TRAVIS WILLARD,32
Mason,PRECINCT 30,State Senate,4,REP,TRAVIS WILLARD,89
Mason,PRECINCT 1,State Senate,4,REP,PHILLIP SURFACE,6
Mason,PRECINCT 2,State Senate,4,REP,PHILLIP SURFACE,3
Mason,PRECINCT 3,State Senate,4,REP,PHILLIP SURFACE,7
Mason,PRECINCT 4,State Senate,4,REP,PHILLIP SURFACE,10
Mason,PRECINCT 5,State Senate,4,REP,PHILLIP SURFACE,13
Mason,PRECINCT 6,State Senate,4,REP,PHILLIP SURFACE,11
Mason,PRECINCT 7,State Senate,4,REP,PHILLIP SURFACE,16
Mason,PRECINCT 8,State Senate,4,REP,PHILLIP SURFACE,12
Mason,PRECINCT 9,State Senate,4,REP,PHILLIP SURFACE,33
Mason,PRECINCT 10,State Senate,4,REP,PHILLIP SURFACE,21
Mason,PRECINCT 11,State Senate,4,REP,PHILLIP SURFACE,1
Mason,PRECINCT 12,State Senate,4,REP,PHILLIP SURFACE,9
Mason,PRECINCT 13,State Senate,4,REP,PHILLIP SURFACE,13
Mason,PRECINCT 14,State Senate,4,REP,PHILLIP SURFACE,15
Mason,PRECINCT 15,State Senate,4,REP,PHILLIP SURFACE,16
Mason,PRECINCT 16,State Senate,4,REP,PHILLIP SURFACE,19
Mason,PRECINCT 17,State Senate,4,REP,PHILLIP SURFACE,20
Mason,PRECINCT 18,State Senate,4,REP,PHILLIP SURFACE,13
Mason,PRECINCT 19,State Senate,4,REP,PHILLIP SURFACE,28
Mason,PRECINCT 20,State Senate,4,REP,PHILLIP SURFACE,21
Mason,PRECINCT 21,State Senate,4,REP,PHILLIP SURFACE,24
Mason,PRECINCT 22,State Senate,4,REP,PHILLIP SURFACE,26
Mason,PRECINCT 23,State Senate,4,REP,PHILLIP SURFACE,17
Mason,PRECINCT 24,State Senate,4,REP,PHILLIP SURFACE,21
Mason,PRECINCT 25,State Senate,4,REP,PHILLIP SURFACE,26
Mason,PRECINCT 26,State Senate,4,REP,PHILLIP SURFACE,5
Mason,PRECINCT 27,State Senate,4,REP,PHILLIP SURFACE,13
Mason,PRECINCT 28,State Senate,4,REP,PHILLIP SURFACE,11
Mason,PRECINCT 29,State Senate,4,REP,PHILLIP SURFACE,11
Mason,PRECINCT 30,State Senate,4,REP,PHILLIP SURFACE,51
Mason,PRECINCT 1,State Senate,4,DEM,ZACHARY ABBOTT,7
Mason,PRECINCT 2,State Senate,4,DEM,ZACHARY ABBOTT,6
Mason,PRECINCT 3,State Senate,4,DEM,ZACHARY ABBOTT,15
Mason,PRECINCT 4,State Senate,4,DEM,ZACHARY ABBOTT,24
Mason,PRECINCT 5,State Senate,4,DEM,ZACHARY ABBOTT,25
Mason,PRECINCT 6,State Senate,4,DEM,ZACHARY ABBOTT,20
Mason,PRECINCT 7,State Senate,4,DEM,ZACHARY ABBOTT,28
Mason,PRECINCT 8,State Senate,4,DEM,ZACHARY ABBOTT,37
Mason,PRECINCT 9,State Senate,4,DEM,ZACHARY ABBOTT,41
Mason,PRECINCT 10,State Senate,4,DEM,ZACHARY ABBOTT,28
Mason,PRECINCT 11,State Senate,4,DEM,ZACHARY ABBOTT,6
Mason,PRECINCT 12,State Senate,4,DEM,ZACHARY ABBOTT,15
Mason,PRECINCT 13,State Senate,4,DEM,ZACHARY ABBOTT,26
Mason,PRECINCT 14,State Senate,4,DEM,ZACHARY ABBOTT,16
Mason,PRECINCT 15,State Senate,4,DEM,ZACHARY ABBOTT,23
Mason,PRECINCT 16,State Senate,4,DEM,ZACHARY ABBOTT,40
Mason,PRECINCT 17,State Senate,4,DEM,ZACHARY ABBOTT,18
Mason,PRECINCT 18,State Senate,4,DEM,ZACHARY ABBOTT,19
Mason,PRECINCT 19,State Senate,4,DEM,ZACHARY ABBOTT,27
Mason,PRECINCT 20,State Senate,4,DEM,ZACHARY ABBOTT,17
Mason,PRECINCT 21,State Senate,4,DEM,ZACHARY ABBOTT,25
Mason,PRECINCT 22,State Senate,4,DEM,ZACHARY ABBOTT,27
Mason,PRECINCT 23,State Senate,4,DEM,ZACHARY ABBOTT,29
Mason,PRECINCT 24,State Senate,4,DEM,ZACHARY ABBOTT,32
Mason,PRECINCT 25,State Senate,4,DEM,ZACHARY ABBOTT,44
Mason,PRECINCT 26,State Senate,4,DEM,ZACHARY ABBOTT,17
Mason,PRECINCT 27,State Senate,4,DEM,ZACHARY ABBOTT,21
Mason,PRECINCT 28,State Senate,4,DEM,ZACHARY ABBOTT,27
Mason,PRECINCT 29,State Senate,4,DEM,ZACHARY ABBOTT,38
Mason,PRECINCT 30,State Senate,4,DEM,ZACHARY ABBOTT,67
Mason,PRECINCT 20,State House,17,REP,SCOTT CADLE,19
Mason,PRECINCT 21,State House,17,REP,SCOTT CADLE,32
Mason,PRECINCT 22,State House,17,REP,SCOTT CADLE,50
Mason,PRECINCT 23,State House,17,REP,SCOTT CADLE,38
Mason,PRECINCT 24,State House,17,REP,SCOTT CADLE,55
Mason,PRECINCT 25,State House,17,REP,SCOTT CADLE,71
Mason,PRECINCT 26,State House,17,REP,SCOTT CADLE,14
Mason,PRECINCT 27,State House,17,REP,SCOTT CADLE,31
Mason,PRECINCT 28,State House,17,REP,SCOTT CADLE,23
Mason,PRECINCT 29,State House,17,REP,SCOTT CADLE,42
Mason,PRECINCT 20,State House,17,REP,JONATHAN ADAM PINSON,43
Mason,PRECINCT 21,State House,17,REP,JONATHAN ADAM PINSON,46
Mason,PRECINCT 22,State House,17,REP,JONATHAN ADAM PINSON,52
Mason,PRECINCT 23,State House,17,REP,JONATHAN ADAM PINSON,39
Mason,PRECINCT 24,State House,17,REP,JONATHAN ADAM PINSON,34
Mason,PRECINCT 25,State House,17,REP,JONATHAN ADAM PINSON,64
Mason,PRECINCT 26,State House,17,REP,JONATHAN ADAM PINSON,5
Mason,PRECINCT 27,State House,17,REP,JONATHAN ADAM PINSON,33
Mason,PRECINCT 28,State House,17,REP,JONATHAN ADAM PINSON,42
Mason,PRECINCT 29,State House,17,REP,JONATHAN ADAM PINSON,40
Mason,PRECINCT 20,State House,17,DEM,KATHRYN 'KAT' WEILAND,22
Mason,PRECINCT 21,State House,17,DEM,KATHRYN 'KAT' WEILAND,32
Mason,PRECINCT 22,State House,17,DEM,KATHRYN 'KAT' WEILAND,33
Mason,PRECINCT 23,State House,17,DEM,KATHRYN 'KAT' WEILAND,36
Mason,PRECINCT 24,State House,17,DEM,KATHRYN 'KAT' WEILAND,51
Mason,PRECINCT 25,State House,17,DEM,KATHRYN 'KAT' WEILAND,68
Mason,PRECINCT 26,State House,17,DEM,KATHRYN 'KAT' WEILAND,18
Mason,PRECINCT 27,State House,17,DEM,KATHRYN 'KAT' WEILAND,29
Mason,PRECINCT 28,State House,17,DEM,KATHRYN 'KAT' WEILAND,42
Mason,PRECINCT 29,State House,17,DEM,KATHRYN 'KAT' WEILAND,40
Mason,PRECINCT 1,State House,18,REP,JIM BUTLER,17
Mason,PRECINCT 2,State House,18,REP,JIM BUTLER,14
Mason,PRECINCT 3,State House,18,REP,JIM BUTLER,22
Mason,PRECINCT 4,State House,18,REP,JIM BUTLER,41
Mason,PRECINCT 5,State House,18,REP,JIM BUTLER,26
Mason,PRECINCT 6,State House,18,REP,JIM BUTLER,31
Mason,PRECINCT 7,State House,18,REP,JIM BUTLER,48
Mason,PRECINCT 8,State House,18,REP,JIM BUTLER,47
Mason,PRECINCT 9,State House,18,REP,JIM BUTLER,72
Mason,PRECINCT 10,State House,18,REP,JIM BUTLER,68
Mason,PRECINCT 11,State House,18,REP,JIM BUTLER,5
Mason,PRECINCT 12,State House,18,REP,JIM BUTLER,39
Mason,PRECINCT 13,State House,18,REP,JIM BUTLER,78
Mason,PRECINCT 14,State House,18,REP,JIM BUTLER,40
Mason,PRECINCT 15,State House,18,REP,JIM BUTLER,42
Mason,PRECINCT 16,State House,18,REP,JIM BUTLER,70
Mason,PRECINCT 17,State House,18,REP,JIM BUTLER,53
Mason,PRECINCT 18,State House,18,REP,JIM BUTLER,37
Mason,PRECINCT 19,State House,18,REP,JIM BUTLER,65
Mason,PRECINCT 30,State House,18,REP,JIM BUTLER,113
Mason,PRECINCT 1,State House,18,DEM,JONATHAN HERSMAN,9
Mason,PRECINCT 2,State House,18,DEM,JONATHAN HERSMAN,10
Mason,PRECINCT 3,State House,18,DEM,JONATHAN HERSMAN,27
Mason,PRECINCT 4,State House,18,DEM,JONATHAN HERSMAN,25
Mason,PRECINCT 5,State House,18,DEM,JONATHAN HERSMAN,29
Mason,PRECINCT 6,State House,18,DEM,JONATHAN HERSMAN,26
Mason,PRECINCT 7,State House,18,DEM,JONATHAN HERSMAN,36
Mason,PRECINCT 8,State House,18,DEM,JONATHAN HERSMAN,44
Mason,PRECINCT 9,State House,18,DEM,JONATHAN HERSMAN,49
Mason,PRECINCT 10,State House,18,DEM,JONATHAN HERSMAN,43
Mason,PRECINCT 11,State House,18,DEM,JONATHAN HERSMAN,9
Mason,PRECINCT 12,State House,18,DEM,JONATHAN HERSMAN,16
Mason,PRECINCT 13,State House,18,DEM,JONATHAN HERSMAN,30
Mason,PRECINCT 14,State House,18,DEM,JONATHAN HERSMAN,19
Mason,PRECINCT 15,State House,18,DEM,JONATHAN HERSMAN,29
Mason,PRECINCT 16,State House,18,DEM,JONATHAN HERSMAN,44
Mason,PRECINCT 17,State House,18,DEM,JONATHAN HERSMAN,26
Mason,PRECINCT 18,State House,18,DEM,JONATHAN HERSMAN,26
Mason,PRECINCT 19,State House,18,DEM,JONATHAN HERSMAN,34
Mason,PRECINCT 30,State House,18,DEM,JONATHAN HERSMAN,91
Mason,PRECINCT 1,STATE EXECUTIVE COMMITTEE,4,REP,JESSICA HODGE,3
Mason,PRECINCT 2,STATE EXECUTIVE COMMITTEE,4,REP,JESSICA HODGE,5
Mason,PRECINCT 3,STATE EXECUTIVE COMMITTEE,4,REP,JESSICA HODGE,7
Mason,PRECINCT 4,STATE EXECUTIVE COMMITTEE,4,REP,JESSICA HODGE,25
Mason,PRECINCT 5,STATE EXECUTIVE COMMITTEE,4,REP,JESSICA HODGE,17
Mason,PRECINCT 6,STATE EXECUTIVE COMMITTEE,4,REP,JESSICA HODGE,14
Mason,PRECINCT 7,STATE EXECUTIVE COMMITTEE,4,REP,JESSICA HODGE,22
Mason,PRECINCT 8,STATE EXECUTIVE COMMITTEE,4,REP,JESSICA HODGE,27
Mason,PRECINCT 9,STATE EXECUTIVE COMMITTEE,4,REP,JESSICA HODGE,21
Mason,PRECINCT 10,STATE EXECUTIVE COMMITTEE,4,REP,JESSICA HODGE,21
Mason,PRECINCT 11,STATE EXECUTIVE COMMITTEE,4,REP,JESSICA HODGE,1
Mason,PRECINCT 12,STATE EXECUTIVE COMMITTEE,4,REP,JESSICA HODGE,11
Mason,PRECINCT 13,STATE EXECUTIVE COMMITTEE,4,REP,JESSICA HODGE,28
Mason,PRECINCT 14,STATE EXECUTIVE COMMITTEE,4,REP,JESSICA HODGE,11
Mason,PRECINCT 15,STATE EXECUTIVE COMMITTEE,4,REP,JESSICA HODGE,6
Mason,PRECINCT 16,STATE EXECUTIVE COMMITTEE,4,REP,JESSICA HODGE,17
Mason,PRECINCT 17,STATE EXECUTIVE COMMITTEE,4,REP,JESSICA HODGE,19
Mason,PRECINCT 18,STATE EXECUTIVE COMMITTEE,4,REP,JESSICA HODGE,11
Mason,PRECINCT 19,STATE EXECUTIVE COMMITTEE,4,REP,JESSICA HODGE,26
Mason,PRECINCT 20,STATE EXECUTIVE COMMITTEE,4,REP,JESSICA HODGE,19
Mason,PRECINCT 21,STATE EXECUTIVE COMMITTEE,4,REP,JESSICA HODGE,30
Mason,PRECINCT 22,STATE EXECUTIVE COMMITTEE,4,REP,JESSICA HODGE,25
Mason,PRECINCT 23,STATE EXECUTIVE COMMITTEE,4,REP,JESSICA HODGE,18
Mason,PRECINCT 24,STATE EXECUTIVE COMMITTEE,4,REP,JESSICA HODGE,22
Mason,PRECINCT 25,STATE EXECUTIVE COMMITTEE,4,REP,JESSICA HODGE,37
Mason,PRECINCT 26,STATE EXECUTIVE COMMITTEE,4,REP,JESSICA HODGE,4
Mason,PRECINCT 27,STATE EXECUTIVE COMMITTEE,4,REP,JESSICA HODGE,18
Mason,PRECINCT 28,STATE EXECUTIVE COMMITTEE,4,REP,JESSICA HODGE,10
Mason,PRECINCT 29,STATE EXECUTIVE COMMITTEE,4,REP,JESSICA HODGE,21
Mason,PRECINCT 30,STATE EXECUTIVE COMMITTEE,4,REP,JESSICA HODGE,64
Mason,PRECINCT 1,STATE EXECUTIVE COMMITTEE,4,REP,ANNA MARIA BUTLER,14
Mason,PRECINCT 2,STATE EXECUTIVE COMMITTEE,4,REP,ANNA MARIA BUTLER,11
Mason,PRECINCT 3,STATE EXECUTIVE COMMITTEE,4,REP,ANNA MARIA BUTLER,23
Mason,PRECINCT 4,STATE EXECUTIVE COMMITTEE,4,REP,ANNA MARIA BUTLER,35
Mason,PRECINCT 5,STATE EXECUTIVE COMMITTEE,4,REP,ANNA MARIA BUTLER,19
Mason,PRECINCT 6,STATE EXECUTIVE COMMITTEE,4,REP,ANNA MARIA BUTLER,30
Mason,PRECINCT 7,STATE EXECUTIVE COMMITTEE,4,REP,ANNA MARIA BUTLER,42
Mason,PRECINCT 8,STATE EXECUTIVE COMMITTEE,4,REP,ANNA MARIA BUTLER,41
Mason,PRECINCT 9,STATE EXECUTIVE COMMITTEE,4,REP,ANNA MARIA BUTLER,65
Mason,PRECINCT 10,STATE EXECUTIVE COMMITTEE,4,REP,ANNA MARIA BUTLER,60
Mason,PRECINCT 11,STATE EXECUTIVE COMMITTEE,4,REP,ANNA MARIA BUTLER,3
Mason,PRECINCT 12,STATE EXECUTIVE COMMITTEE,4,REP,ANNA MARIA BUTLER,36
Mason,PRECINCT 13,STATE EXECUTIVE COMMITTEE,4,REP,ANNA MARIA BUTLER,74
Mason,PRECINCT 14,STATE EXECUTIVE COMMITTEE,4,REP,ANNA MARIA BUTLER,36
Mason,PRECINCT 15,STATE EXECUTIVE COMMITTEE,4,REP,ANNA MARIA BUTLER,26
Mason,PRECINCT 16,STATE EXECUTIVE COMMITTEE,4,REP,ANNA MARIA BUTLER,34
Mason,PRECINCT 17,STATE EXECUTIVE COMMITTEE,4,REP,ANNA MARIA BUTLER,37
Mason,PRECINCT 18,STATE EXECUTIVE COMMITTEE,4,REP,ANNA MARIA BUTLER,28
Mason,PRECINCT 19,STATE EXECUTIVE COMMITTEE,4,REP,ANNA MARIA BUTLER,45
Mason,PRECINCT 20,STATE EXECUTIVE COMMITTEE,4,REP,ANNA MARIA BUTLER,41
Mason,PRECINCT 21,STATE EXECUTIVE COMMITTEE,4,REP,ANNA MARIA BUTLER,46
Mason,PRECINCT 22,STATE EXECUTIVE COMMITTEE,4,REP,ANNA MARIA BUTLER,70
Mason,PRECINCT 23,STATE EXECUTIVE COMMITTEE,4,REP,ANNA MARIA BUTLER,54
Mason,PRECINCT 24,STATE EXECUTIVE COMMITTEE,4,REP,ANNA MARIA BUTLER,61
Mason,PRECINCT 25,STATE EXECUTIVE COMMITTEE,4,REP,ANNA MARIA BUTLER,98
Mason,PRECINCT 26,STATE EXECUTIVE COMMITTEE,4,REP,ANNA MARIA BUTLER,18
Mason,PRECINCT 27,STATE EXECUTIVE COMMITTEE,4,REP,ANNA MARIA BUTLER,49
Mason,PRECINCT 28,STATE EXECUTIVE COMMITTEE,4,REP,ANNA MARIA BUTLER,52
Mason,PRECINCT 29,STATE EXECUTIVE COMMITTEE,4,REP,ANNA MARIA BUTLER,51
Mason,PRECINCT 30,STATE EXECUTIVE COMMITTEE,4,REP,ANNA MARIA BUTLER,103
Mason,PRECINCT 1,STATE EXECUTIVE COMMITTEE,4,REP,LOUISA FOSTER,3
Mason,PRECINCT 2,STATE EXECUTIVE COMMITTEE,4,REP,LOUISA FOSTER,3
Mason,PRECINCT 3,STATE EXECUTIVE COMMITTEE,4,REP,LOUISA FOSTER,6
Mason,PRECINCT 4,STATE EXECUTIVE COMMITTEE,4,REP,LOUISA FOSTER,15
Mason,PRECINCT 5,STATE EXECUTIVE COMMITTEE,4,REP,LOUISA FOSTER,11
Mason,PRECINCT 6,STATE EXECUTIVE COMMITTEE,4,REP,LOUISA FOSTER,8
Mason,PRECINCT 7,STATE EXECUTIVE COMMITTEE,4,REP,LOUISA FOSTER,16
Mason,PRECINCT 8,STATE EXECUTIVE COMMITTEE,4,REP,LOUISA FOSTER,21
Mason,PRECINCT 9,STATE EXECUTIVE COMMITTEE,4,REP,LOUISA FOSTER,20
Mason,PRECINCT 10,STATE EXECUTIVE COMMITTEE,4,REP,LOUISA FOSTER,15
Mason,PRECINCT 11,STATE EXECUTIVE COMMITTEE,4,REP,LOUISA FOSTER,1
Mason,PRECINCT 12,STATE EXECUTIVE COMMITTEE,4,REP,LOUISA FOSTER,11
Mason,PRECINCT 13,STATE EXECUTIVE COMMITTEE,4,REP,LOUISA FOSTER,21
Mason,PRECINCT 14,STATE EXECUTIVE COMMITTEE,4,REP,LOUISA FOSTER,14
Mason,PRECINCT 15,STATE EXECUTIVE COMMITTEE,4,REP,LOUISA FOSTER,13
Mason,PRECINCT 16,STATE EXECUTIVE COMMITTEE,4,REP,LOUISA FOSTER,23
Mason,PRECINCT 17,STATE EXECUTIVE COMMITTEE,4,REP,LOUISA FOSTER,25
Mason,PRECINCT 18,STATE EXECUTIVE COMMITTEE,4,REP,LOUISA FOSTER,14
Mason,PRECINCT 19,STATE EXECUTIVE COMMITTEE,4,REP,LOUISA FOSTER,28
Mason,PRECINCT 20,STATE EXECUTIVE COMMITTEE,4,REP,LOUISA FOSTER,16
Mason,PRECINCT 21,STATE EXECUTIVE COMMITTEE,4,REP,LOUISA FOSTER,22
Mason,PRECINCT 22,STATE EXECUTIVE COMMITTEE,4,REP,LOUISA FOSTER,25
Mason,PRECINCT 23,STATE EXECUTIVE COMMITTEE,4,REP,LOUISA FOSTER,19
Mason,PRECINCT 24,STATE EXECUTIVE COMMITTEE,4,REP,LOUISA FOSTER,20
Mason,PRECINCT 25,STATE EXECUTIVE COMMITTEE,4,REP,LOUISA FOSTER,16
Mason,PRECINCT 26,STATE EXECUTIVE COMMITTEE,4,REP,LOUISA FOSTER,5
Mason,PRECINCT 27,STATE EXECUTIVE COMMITTEE,4,REP,LOUISA FOSTER,7
Mason,PRECINCT 28,STATE EXECUTIVE COMMITTEE,4,REP,LOUISA FOSTER,17
Mason,PRECINCT 29,STATE EXECUTIVE COMMITTEE,4,REP,LOUISA FOSTER,14
Mason,PRECINCT 30,STATE EXECUTIVE COMMITTEE,4,REP,LOUISA FOSTER,54
Mason,PRECINCT 1,STATE EXECUTIVE COMMITTEE,4,REP,SHELBY HILL,1
Mason,PRECINCT 2,STATE EXECUTIVE COMMITTEE,4,REP,SHELBY HILL,2
Mason,PRECINCT 3,STATE EXECUTIVE COMMITTEE,4,REP,SHELBY HILL,3
Mason,PRECINCT 4,STATE EXECUTIVE COMMITTEE,4,REP,SHELBY HILL,7
Mason,PRECINCT 5,STATE EXECUTIVE COMMITTEE,4,REP,SHELBY HILL,0
Mason,PRECINCT 6,STATE EXECUTIVE COMMITTEE,4,REP,SHELBY HILL,6
Mason,PRECINCT 7,STATE EXECUTIVE COMMITTEE,4,REP,SHELBY HILL,3
Mason,PRECINCT 8,STATE EXECUTIVE COMMITTEE,4,REP,SHELBY HILL,10
Mason,PRECINCT 9,STATE EXECUTIVE COMMITTEE,4,REP,SHELBY HILL,13
Mason,PRECINCT 10,STATE EXECUTIVE COMMITTEE,4,REP,SHELBY HILL,11
Mason,PRECINCT 11,STATE EXECUTIVE COMMITTEE,4,REP,SHELBY HILL,1
Mason,PRECINCT 12,STATE EXECUTIVE COMMITTEE,4,REP,SHELBY HILL,2
Mason,PRECINCT 13,STATE EXECUTIVE COMMITTEE,4,REP,SHELBY HILL,15
Mason,PRECINCT 14,STATE EXECUTIVE COMMITTEE,4,REP,SHELBY HILL,13
Mason,PRECINCT 15,STATE EXECUTIVE COMMITTEE,4,REP,SHELBY HILL,10
Mason,PRECINCT 16,STATE EXECUTIVE COMMITTEE,4,REP,SHELBY HILL,17
Mason,PRECINCT 17,STATE EXECUTIVE COMMITTEE,4,REP,SHELBY HILL,9
Mason,PRECINCT 18,STATE EXECUTIVE COMMITTEE,4,REP,SHELBY HILL,6
Mason,PRECINCT 19,STATE EXECUTIVE COMMITTEE,4,REP,SHELBY HILL,7
Mason,PRECINCT 20,STATE EXECUTIVE COMMITTEE,4,REP,SHELBY HILL,8
Mason,PRECINCT 21,STATE EXECUTIVE COMMITTEE,4,REP,SHELBY HILL,8
Mason,PRECINCT 22,STATE EXECUTIVE COMMITTEE,4,REP,SHELBY HILL,14
Mason,PRECINCT 23,STATE EXECUTIVE COMMITTEE,4,REP,SHELBY HILL,16
Mason,PRECINCT 24,STATE EXECUTIVE COMMITTEE,4,REP,SHELBY HILL,13
Mason,PRECINCT 25,STATE EXECUTIVE COMMITTEE,4,REP,SHELBY HILL,13
Mason,PRECINCT 26,STATE EXECUTIVE COMMITTEE,4,REP,SHELBY HILL,4
Mason,PRECINCT 27,STATE EXECUTIVE COMMITTEE,4,REP,SHELBY HILL,8
Mason,PRECINCT 28,STATE EXECUTIVE COMMITTEE,4,REP,SHELBY HILL,3
Mason,PRECINCT 29,STATE EXECUTIVE COMMITTEE,4,REP,SHELBY HILL,13
Mason,PRECINCT 30,STATE EXECUTIVE COMMITTEE,4,REP,SHELBY HILL,24
Mason,PRECINCT 1,STATE EXECUTIVE COMMITTEE,4,REP,CARLA LINVILLE,3
Mason,PRECINCT 2,STATE EXECUTIVE COMMITTEE,4,REP,CARLA LINVILLE,3
Mason,PRECINCT 3,STATE EXECUTIVE COMMITTEE,4,REP,CARLA LINVILLE,5
Mason,PRECINCT 4,STATE EXECUTIVE COMMITTEE,4,REP,CARLA LINVILLE,6
Mason,PRECINCT 5,STATE EXECUTIVE COMMITTEE,4,REP,CARLA LINVILLE,3
Mason,PRECINCT 6,STATE EXECUTIVE COMMITTEE,4,REP,CARLA LINVILLE,5
Mason,PRECINCT 7,STATE EXECUTIVE COMMITTEE,4,REP,CARLA LINVILLE,2
Mason,PRECINCT 8,STATE EXECUTIVE COMMITTEE,4,REP,CARLA LINVILLE,8
Mason,PRECINCT 9,STATE EXECUTIVE COMMITTEE,4,REP,CARLA LINVILLE,7
Mason,PRECINCT 10,STATE EXECUTIVE COMMITTEE,4,REP,CARLA LINVILLE,5
Mason,PRECINCT 11,STATE EXECUTIVE COMMITTEE,4,REP,CARLA LINVILLE,0
Mason,PRECINCT 12,STATE EXECUTIVE COMMITTEE,4,REP,CARLA LINVILLE,2
Mason,PRECINCT 13,STATE EXECUTIVE COMMITTEE,4,REP,CARLA LINVILLE,8
Mason,PRECINCT 14,STATE EXECUTIVE COMMITTEE,4,REP,CARLA LINVILLE,7
Mason,PRECINCT 15,STATE EXECUTIVE COMMITTEE,4,REP,CARLA LINVILLE,10
Mason,PRECINCT 16,STATE EXECUTIVE COMMITTEE,4,REP,CARLA LINVILLE,19
Mason,PRECINCT 17,STATE EXECUTIVE COMMITTEE,4,REP,CARLA LINVILLE,8
Mason,PRECINCT 18,STATE EXECUTIVE COMMITTEE,4,REP,CARLA LINVILLE,3
Mason,PRECINCT 19,STATE EXECUTIVE COMMITTEE,4,REP,CARLA LINVILLE,5
Mason,PRECINCT 20,STATE EXECUTIVE COMMITTEE,4,REP,CARLA LINVILLE,6
Mason,PRECINCT 21,STATE EXECUTIVE COMMITTEE,4,REP,CARLA LINVILLE,8
Mason,PRECINCT 22,STATE EXECUTIVE COMMITTEE,4,REP,CARLA LINVILLE,9
Mason,PRECINCT 23,STATE EXECUTIVE COMMITTEE,4,REP,CARLA LINVILLE,4
Mason,PRECINCT 24,STATE EXECUTIVE COMMITTEE,4,REP,CARLA LINVILLE,5
Mason,PRECINCT 25,STATE EXECUTIVE COMMITTEE,4,REP,CARLA LINVILLE,4
Mason,PRECINCT 26,STATE EXECUTIVE COMMITTEE,4,REP,CARLA LINVILLE,0
Mason,PRECINCT 27,STATE EXECUTIVE COMMITTEE,4,REP,CARLA LINVILLE,5
Mason,PRECINCT 28,STATE EXECUTIVE COMMITTEE,4,REP,CARLA LINVILLE,3
Mason,PRECINCT 29,STATE EXECUTIVE COMMITTEE,4,REP,CARLA LINVILLE,7
Mason,PRECINCT 30,STATE EXECUTIVE COMMITTEE,4,REP,CARLA LINVILLE,13
Mason,PRECINCT 1,STATE EXECUTIVE COMMITTEE,4,DEM,BONNIE J. FRUTH,7
Mason,PRECINCT 2,STATE EXECUTIVE COMMITTEE,4,DEM,BONNIE J. FRUTH,9
Mason,PRECINCT 3,STATE EXECUTIVE COMMITTEE,4,DEM,BONNIE J. FRUTH,23
Mason,PRECINCT 4,STATE EXECUTIVE COMMITTEE,4,DEM,BONNIE J. FRUTH,23
Mason,PRECINCT 5,STATE EXECUTIVE COMMITTEE,4,DEM,BONNIE J. FRUTH,28
Mason,PRECINCT 6,STATE EXECUTIVE COMMITTEE,4,DEM,BONNIE J. FRUTH,21
Mason,PRECINCT 7,STATE EXECUTIVE COMMITTEE,4,DEM,BONNIE J. FRUTH,28
Mason,PRECINCT 8,STATE EXECUTIVE COMMITTEE,4,DEM,BONNIE J. FRUTH,42
Mason,PRECINCT 9,STATE EXECUTIVE COMMITTEE,4,DEM,BONNIE J. FRUTH,37
Mason,PRECINCT 10,STATE EXECUTIVE COMMITTEE,4,DEM,BONNIE J. FRUTH,37
Mason,PRECINCT 11,STATE EXECUTIVE COMMITTEE,4,DEM,BONNIE J. FRUTH,7
Mason,PRECINCT 12,STATE EXECUTIVE COMMITTEE,4,DEM,BONNIE J. FRUTH,16
Mason,PRECINCT 13,STATE EXECUTIVE COMMITTEE,4,DEM,BONNIE J. FRUTH,24
Mason,PRECINCT 14,STATE EXECUTIVE COMMITTEE,4,DEM,BONNIE J. FRUTH,20
Mason,PRECINCT 15,STATE EXECUTIVE COMMITTEE,4,DEM,BONNIE J. FRUTH,25
Mason,PRECINCT 16,STATE EXECUTIVE COMMITTEE,4,DEM,BONNIE J. FRUTH,41
Mason,PRECINCT 17,STATE EXECUTIVE COMMITTEE,4,DEM,BONNIE J. FRUTH,25
Mason,PRECINCT 18,STATE EXECUTIVE COMMITTEE,4,DEM,BONNIE J. FRUTH,23
Mason,PRECINCT 19,STATE EXECUTIVE COMMITTEE,4,DEM,BONNIE J. FRUTH,31
Mason,PRECINCT 20,STATE EXECUTIVE COMMITTEE,4,DEM,BONNIE J. FRUTH,15
Mason,PRECINCT 21,STATE EXECUTIVE COMMITTEE,4,DEM,BONNIE J. FRUTH,27
Mason,PRECINCT 22,STATE EXECUTIVE COMMITTEE,4,DEM,BONNIE J. FRUTH,24
Mason,PRECINCT 23,STATE EXECUTIVE COMMITTEE,4,DEM,BONNIE J. FRUTH,28
Mason,PRECINCT 24,STATE EXECUTIVE COMMITTEE,4,DEM,BONNIE J. FRUTH,44
Mason,PRECINCT 25,STATE EXECUTIVE COMMITTEE,4,DEM,BONNIE J. FRUTH,57
Mason,PRECINCT 26,STATE EXECUTIVE COMMITTEE,4,DEM,BONNIE J. FRUTH,16
Mason,PRECINCT 27,STATE EXECUTIVE COMMITTEE,4,DEM,BONNIE J. FRUTH,24
Mason,PRECINCT 28,STATE EXECUTIVE COMMITTEE,4,DEM,BONNIE J. FRUTH,40
Mason,PRECINCT 29,STATE EXECUTIVE COMMITTEE,4,DEM,BONNIE J. FRUTH,34
Mason,PRECINCT 30,STATE EXECUTIVE COMMITTEE,4,DEM,BONNIE J. FRUTH,76
Mason,PRECINCT 1,STATE EXECUTIVE COMMITTEE,4,DEM,KAREN CORIA,3
Mason,PRECINCT 2,STATE EXECUTIVE COMMITTEE,4,DEM,KAREN CORIA,6
Mason,PRECINCT 3,STATE EXECUTIVE COMMITTEE,4,DEM,KAREN CORIA,17
Mason,PRECINCT 4,STATE EXECUTIVE COMMITTEE,4,DEM,KAREN CORIA,19
Mason,PRECINCT 5,STATE EXECUTIVE COMMITTEE,4,DEM,KAREN CORIA,25
Mason,PRECINCT 6,STATE EXECUTIVE COMMITTEE,4,DEM,KAREN CORIA,17
Mason,PRECINCT 7,STATE EXECUTIVE COMMITTEE,4,DEM,KAREN CORIA,23
Mason,PRECINCT 8,STATE EXECUTIVE COMMITTEE,4,DEM,KAREN CORIA,22
Mason,PRECINCT 9,STATE EXECUTIVE COMMITTEE,4,DEM,KAREN CORIA,21
Mason,PRECINCT 10,STATE EXECUTIVE COMMITTEE,4,DEM,KAREN CORIA,19
Mason,PRECINCT 11,STATE EXECUTIVE COMMITTEE,4,DEM,KAREN CORIA,3
Mason,PRECINCT 12,STATE EXECUTIVE COMMITTEE,4,DEM,KAREN CORIA,12
Mason,PRECINCT 13,STATE EXECUTIVE COMMITTEE,4,DEM,KAREN CORIA,24
Mason,PRECINCT 14,STATE EXECUTIVE COMMITTEE,4,DEM,KAREN CORIA,11
Mason,PRECINCT 15,STATE EXECUTIVE COMMITTEE,4,DEM,KAREN CORIA,17
Mason,PRECINCT 16,STATE EXECUTIVE COMMITTEE,4,DEM,KAREN CORIA,28
Mason,PRECINCT 17,STATE EXECUTIVE COMMITTEE,4,DEM,KAREN CORIA,14
Mason,PRECINCT 18,STATE EXECUTIVE COMMITTEE,4,DEM,KAREN CORIA,11
Mason,PRECINCT 19,STATE EXECUTIVE COMMITTEE,4,DEM,KAREN CORIA,25
Mason,PRECINCT 20,STATE EXECUTIVE COMMITTEE,4,DEM,KAREN CORIA,13
Mason,PRECINCT 21,STATE EXECUTIVE COMMITTEE,4,DEM,KAREN CORIA,18
Mason,PRECINCT 22,STATE EXECUTIVE COMMITTEE,4,DEM,KAREN CORIA,24
Mason,PRECINCT 23,STATE EXECUTIVE COMMITTEE,4,DEM,KAREN CORIA,17
Mason,PRECINCT 24,STATE EXECUTIVE COMMITTEE,4,DEM,KAREN CORIA,21
Mason,PRECINCT 25,STATE EXECUTIVE COMMITTEE,4,DEM,KAREN CORIA,29
Mason,PRECINCT 26,STATE EXECUTIVE COMMITTEE,4,DEM,KAREN CORIA,10
Mason,PRECINCT 27,STATE EXECUTIVE COMMITTEE,4,DEM,KAREN CORIA,11
Mason,PRECINCT 28,STATE EXECUTIVE COMMITTEE,4,DEM,KAREN CORIA,18
Mason,PRECINCT 29,STATE EXECUTIVE COMMITTEE,4,DEM,KAREN CORIA,26
Mason,PRECINCT 30,STATE EXECUTIVE COMMITTEE,4,DEM,KAREN CORIA,55
Mason,PRECINCT 1,STATE EXECUTIVE COMMITTEE,4,REP,ISAAC TINCHER,0
Mason,PRECINCT 2,STATE EXECUTIVE COMMITTEE,4,REP,ISAAC TINCHER,2
Mason,PRECINCT 3,STATE EXECUTIVE COMMITTEE,4,REP,ISAAC TINCHER,7
Mason,PRECINCT 4,STATE EXECUTIVE COMMITTEE,4,REP,ISAAC TINCHER,8
Mason,PRECINCT 5,STATE EXECUTIVE COMMITTEE,4,REP,ISAAC TINCHER,4
Mason,PRECINCT 6,STATE EXECUTIVE COMMITTEE,4,REP,ISAAC TINCHER,5
Mason,PRECINCT 7,STATE EXECUTIVE COMMITTEE,4,REP,ISAAC TINCHER,7
Mason,PRECINCT 8,STATE EXECUTIVE COMMITTEE,4,REP,ISAAC TINCHER,13
Mason,PRECINCT 9,STATE EXECUTIVE COMMITTEE,4,REP,ISAAC TINCHER,9
Mason,PRECINCT 10,STATE EXECUTIVE COMMITTEE,4,REP,ISAAC TINCHER,11
Mason,PRECINCT 11,STATE EXECUTIVE COMMITTEE,4,REP,ISAAC TINCHER,2
Mason,PRECINCT 12,STATE EXECUTIVE COMMITTEE,4,REP,ISAAC TINCHER,5
Mason,PRECINCT 13,STATE EXECUTIVE COMMITTEE,4,REP,ISAAC TINCHER,22
Mason,PRECINCT 14,STATE EXECUTIVE COMMITTEE,4,REP,ISAAC TINCHER,16
Mason,PRECINCT 15,STATE EXECUTIVE COMMITTEE,4,REP,ISAAC TINCHER,11
Mason,PRECINCT 16,STATE EXECUTIVE COMMITTEE,4,REP,ISAAC TINCHER,18
Mason,PRECINCT 17,STATE EXECUTIVE COMMITTEE,4,REP,ISAAC TINCHER,13
Mason,PRECINCT 18,STATE EXECUTIVE COMMITTEE,4,REP,ISAAC TINCHER,6
Mason,PRECINCT 19,STATE EXECUTIVE COMMITTEE,4,REP,ISAAC TINCHER,14
Mason,PRECINCT 20,STATE EXECUTIVE COMMITTEE,4,REP,ISAAC TINCHER,17
Mason,PRECINCT 21,STATE EXECUTIVE COMMITTEE,4,REP,ISAAC TINCHER,13
Mason,PRECINCT 22,STATE EXECUTIVE COMMITTEE,4,REP,ISAAC TINCHER,16
Mason,PRECINCT 23,STATE EXECUTIVE COMMITTEE,4,REP,ISAAC TINCHER,11
Mason,PRECINCT 24,STATE EXECUTIVE COMMITTEE,4,REP,ISAAC TINCHER,10
Mason,PRECINCT 25,STATE EXECUTIVE COMMITTEE,4,REP,ISAAC TINCHER,8
Mason,PRECINCT 26,STATE EXECUTIVE COMMITTEE,4,REP,ISAAC TINCHER,2
Mason,PRECINCT 27,STATE EXECUTIVE COMMITTEE,4,REP,ISAAC TINCHER,5
Mason,PRECINCT 28,STATE EXECUTIVE COMMITTEE,4,REP,ISAAC TINCHER,5
Mason,PRECINCT 29,STATE EXECUTIVE COMMITTEE,4,REP,ISAAC TINCHER,12
Mason,PRECINCT 30,STATE EXECUTIVE COMMITTEE,4,REP,ISAAC TINCHER,36
Mason,PRECINCT 1,STATE EXECUTIVE COMMITTEE,4,REP,JIM BUTLER,15
Mason,PRECINCT 2,STATE EXECUTIVE COMMITTEE,4,REP,JIM BUTLER,11
Mason,PRECINCT 3,STATE EXECUTIVE COMMITTEE,4,REP,JIM BUTLER,23
Mason,PRECINCT 4,STATE EXECUTIVE COMMITTEE,4,REP,JIM BUTLER,36
Mason,PRECINCT 5,STATE EXECUTIVE COMMITTEE,4,REP,JIM BUTLER,24
Mason,PRECINCT 6,STATE EXECUTIVE COMMITTEE,4,REP,JIM BUTLER,30
Mason,PRECINCT 7,STATE EXECUTIVE COMMITTEE,4,REP,JIM BUTLER,45
Mason,PRECINCT 8,STATE EXECUTIVE COMMITTEE,4,REP,JIM BUTLER,42
Mason,PRECINCT 9,STATE EXECUTIVE COMMITTEE,4,REP,JIM BUTLER,58
Mason,PRECINCT 10,STATE EXECUTIVE COMMITTEE,4,REP,JIM BUTLER,63
Mason,PRECINCT 11,STATE EXECUTIVE COMMITTEE,4,REP,JIM BUTLER,3
Mason,PRECINCT 12,STATE EXECUTIVE COMMITTEE,4,REP,JIM BUTLER,35
Mason,PRECINCT 13,STATE EXECUTIVE COMMITTEE,4,REP,JIM BUTLER,72
Mason,PRECINCT 14,STATE EXECUTIVE COMMITTEE,4,REP,JIM BUTLER,39
Mason,PRECINCT 15,STATE EXECUTIVE COMMITTEE,4,REP,JIM BUTLER,33
Mason,PRECINCT 16,STATE EXECUTIVE COMMITTEE,4,REP,JIM BUTLER,56
Mason,PRECINCT 17,STATE EXECUTIVE COMMITTEE,4,REP,JIM BUTLER,43
Mason,PRECINCT 18,STATE EXECUTIVE COMMITTEE,4,REP,JIM BUTLER,33
Mason,PRECINCT 19,STATE EXECUTIVE COMMITTEE,4,REP,JIM BUTLER,53
Mason,PRECINCT 20,STATE EXECUTIVE COMMITTEE,4,REP,JIM BUTLER,45
Mason,PRECINCT 21,STATE EXECUTIVE COMMITTEE,4,REP,JIM BUTLER,45
Mason,PRECINCT 22,STATE EXECUTIVE COMMITTEE,4,REP,JIM BUTLER,68
Mason,PRECINCT 23,STATE EXECUTIVE COMMITTEE,4,REP,JIM BUTLER,55
Mason,PRECINCT 24,STATE EXECUTIVE COMMITTEE,4,REP,JIM BUTLER,54
Mason,PRECINCT 25,STATE EXECUTIVE COMMITTEE,4,REP,JIM BUTLER,91
Mason,PRECINCT 26,STATE EXECUTIVE COMMITTEE,4,REP,JIM BUTLER,16
Mason,PRECINCT 27,STATE EXECUTIVE COMMITTEE,4,REP,JIM BUTLER,54
Mason,PRECINCT 28,STATE EXECUTIVE COMMITTEE,4,REP,JIM BUTLER,57
Mason,PRECINCT 29,STATE EXECUTIVE COMMITTEE,4,REP,JIM BUTLER,47
Mason,PRECINCT 30,STATE EXECUTIVE COMMITTEE,4,REP,JIM BUTLER,102
Mason,PRECINCT 1,STATE EXECUTIVE COMMITTEE,4,REP,ROY L. RAMEY II,4
Mason,PRECINCT 2,STATE EXECUTIVE COMMITTEE,4,REP,ROY L. RAMEY II,3
Mason,PRECINCT 3,STATE EXECUTIVE COMMITTEE,4,REP,ROY L. RAMEY II,5
Mason,PRECINCT 4,STATE EXECUTIVE COMMITTEE,4,REP,ROY L. RAMEY II,5
Mason,PRECINCT 5,STATE EXECUTIVE COMMITTEE,4,REP,ROY L. RAMEY II,6
Mason,PRECINCT 6,STATE EXECUTIVE COMMITTEE,4,REP,ROY L. RAMEY II,9
Mason,PRECINCT 7,STATE EXECUTIVE COMMITTEE,4,REP,ROY L. RAMEY II,9
Mason,PRECINCT 8,STATE EXECUTIVE COMMITTEE,4,REP,ROY L. RAMEY II,15
Mason,PRECINCT 9,STATE EXECUTIVE COMMITTEE,4,REP,ROY L. RAMEY II,22
Mason,PRECINCT 10,STATE EXECUTIVE COMMITTEE,4,REP,ROY L. RAMEY II,10
Mason,PRECINCT 11,STATE EXECUTIVE COMMITTEE,4,REP,ROY L. RAMEY II,1
Mason,PRECINCT 12,STATE EXECUTIVE COMMITTEE,4,REP,ROY L. RAMEY II,10
Mason,PRECINCT 13,STATE EXECUTIVE COMMITTEE,4,REP,ROY L. RAMEY II,16
Mason,PRECINCT 14,STATE EXECUTIVE COMMITTEE,4,REP,ROY L. RAMEY II,14
Mason,PRECINCT 15,STATE EXECUTIVE COMMITTEE,4,REP,ROY L. RAMEY II,11
Mason,PRECINCT 16,STATE EXECUTIVE COMMITTEE,4,REP,ROY L. RAMEY II,11
Mason,PRECINCT 17,STATE EXECUTIVE COMMITTEE,4,REP,ROY L. RAMEY II,12
Mason,PRECINCT 18,STATE EXECUTIVE COMMITTEE,4,REP,ROY L. RAMEY II,6
Mason,PRECINCT 19,STATE EXECUTIVE COMMITTEE,4,REP,ROY L. RAMEY II,7
Mason,PRECINCT 20,STATE EXECUTIVE COMMITTEE,4,REP,ROY L. RAMEY II,2
Mason,PRECINCT 21,STATE EXECUTIVE COMMITTEE,4,REP,ROY L. RAMEY II,13
Mason,PRECINCT 22,STATE EXECUTIVE COMMITTEE,4,REP,ROY L. RAMEY II,23
Mason,PRECINCT 23,STATE EXECUTIVE COMMITTEE,4,REP,ROY L. RAMEY II,20
Mason,PRECINCT 24,STATE EXECUTIVE COMMITTEE,4,REP,ROY L. RAMEY II,18
Mason,PRECINCT 25,STATE EXECUTIVE COMMITTEE,4,REP,ROY L. RAMEY II,17
Mason,PRECINCT 26,STATE EXECUTIVE COMMITTEE,4,REP,ROY L. RAMEY II,4
Mason,PRECINCT 27,STATE EXECUTIVE COMMITTEE,4,REP,ROY L. RAMEY II,11
Mason,PRECINCT 28,STATE EXECUTIVE COMMITTEE,4,REP,ROY L. RAMEY II,6
Mason,PRECINCT 29,STATE EXECUTIVE COMMITTEE,4,REP,ROY L. RAMEY II,16
Mason,PRECINCT 30,STATE EXECUTIVE COMMITTEE,4,REP,ROY L. RAMEY II,39
Mason,PRECINCT 1,STATE EXECUTIVE COMMITTEE,4,REP,GUNNAR FOSTER,3
Mason,PRECINCT 2,STATE EXECUTIVE COMMITTEE,4,REP,GUNNAR FOSTER,3
Mason,PRECINCT 3,STATE EXECUTIVE COMMITTEE,4,REP,GUNNAR FOSTER,6
Mason,PRECINCT 4,STATE EXECUTIVE COMMITTEE,4,REP,GUNNAR FOSTER,12
Mason,PRECINCT 5,STATE EXECUTIVE COMMITTEE,4,REP,GUNNAR FOSTER,6
Mason,PRECINCT 6,STATE EXECUTIVE COMMITTEE,4,REP,GUNNAR FOSTER,11
Mason,PRECINCT 7,STATE EXECUTIVE COMMITTEE,4,REP,GUNNAR FOSTER,12
Mason,PRECINCT 8,STATE EXECUTIVE COMMITTEE,4,REP,GUNNAR FOSTER,11
Mason,PRECINCT 9,STATE EXECUTIVE COMMITTEE,4,REP,GUNNAR FOSTER,14
Mason,PRECINCT 10,STATE EXECUTIVE COMMITTEE,4,REP,GUNNAR FOSTER,18
Mason,PRECINCT 11,STATE EXECUTIVE COMMITTEE,4,REP,GUNNAR FOSTER,0
Mason,PRECINCT 12,STATE EXECUTIVE COMMITTEE,4,REP,GUNNAR FOSTER,10
Mason,PRECINCT 13,STATE EXECUTIVE COMMITTEE,4,REP,GUNNAR FOSTER,23
Mason,PRECINCT 14,STATE EXECUTIVE COMMITTEE,4,REP,GUNNAR FOSTER,8
Mason,PRECINCT 15,STATE EXECUTIVE COMMITTEE,4,REP,GUNNAR FOSTER,11
Mason,PRECINCT 16,STATE EXECUTIVE COMMITTEE,4,REP,GUNNAR FOSTER,18
Mason,PRECINCT 17,STATE EXECUTIVE COMMITTEE,4,REP,GUNNAR FOSTER,21
Mason,PRECINCT 18,STATE EXECUTIVE COMMITTEE,4,REP,GUNNAR FOSTER,14
Mason,PRECINCT 19,STATE EXECUTIVE COMMITTEE,4,REP,GUNNAR FOSTER,22
Mason,PRECINCT 20,STATE EXECUTIVE COMMITTEE,4,REP,GUNNAR FOSTER,19
Mason,PRECINCT 21,STATE EXECUTIVE COMMITTEE,4,REP,GUNNAR FOSTER,28
Mason,PRECINCT 22,STATE EXECUTIVE COMMITTEE,4,REP,GUNNAR FOSTER,19
Mason,PRECINCT 23,STATE EXECUTIVE COMMITTEE,4,REP,GUNNAR FOSTER,16
Mason,PRECINCT 24,STATE EXECUTIVE COMMITTEE,4,REP,GUNNAR FOSTER,15
Mason,PRECINCT 25,STATE EXECUTIVE COMMITTEE,4,REP,GUNNAR FOSTER,17
Mason,PRECINCT 26,STATE EXECUTIVE COMMITTEE,4,REP,GUNNAR FOSTER,3
Mason,PRECINCT 27,STATE EXECUTIVE COMMITTEE,4,REP,GUNNAR FOSTER,6
Mason,PRECINCT 28,STATE EXECUTIVE COMMITTEE,4,REP,GUNNAR FOSTER,13
Mason,PRECINCT 29,STATE EXECUTIVE COMMITTEE,4,REP,GUNNAR FOSTER,16
Mason,PRECINCT 30,STATE EXECUTIVE COMMITTEE,4,REP,GUNNAR FOSTER,41
Mason,PRECINCT 1,STATE EXECUTIVE COMMITTEE,4,REP,TONY HODGE,2
Mason,PRECINCT 2,STATE EXECUTIVE COMMITTEE,4,REP,TONY HODGE,4
Mason,PRECINCT 3,STATE EXECUTIVE COMMITTEE,4,REP,TONY HODGE,5
Mason,PRECINCT 4,STATE EXECUTIVE COMMITTEE,4,REP,TONY HODGE,22
Mason,PRECINCT 5,STATE EXECUTIVE COMMITTEE,4,REP,TONY HODGE,15
Mason,PRECINCT 6,STATE EXECUTIVE COMMITTEE,4,REP,TONY HODGE,11
Mason,PRECINCT 7,STATE EXECUTIVE COMMITTEE,4,REP,TONY HODGE,15
Mason,PRECINCT 8,STATE EXECUTIVE COMMITTEE,4,REP,TONY HODGE,24
Mason,PRECINCT 9,STATE EXECUTIVE COMMITTEE,4,REP,TONY HODGE,24
Mason,PRECINCT 10,STATE EXECUTIVE COMMITTEE,4,REP,TONY HODGE,14
Mason,PRECINCT 11,STATE EXECUTIVE COMMITTEE,4,REP,TONY HODGE,0
Mason,PRECINCT 12,STATE EXECUTIVE COMMITTEE,4,REP,TONY HODGE,10
Mason,PRECINCT 13,STATE EXECUTIVE COMMITTEE,4,REP,TONY HODGE,18
Mason,PRECINCT 14,STATE EXECUTIVE COMMITTEE,4,REP,TONY HODGE,9
Mason,PRECINCT 15,STATE EXECUTIVE COMMITTEE,4,REP,TONY HODGE,5
Mason,PRECINCT 16,STATE EXECUTIVE COMMITTEE,4,REP,TONY HODGE,19
Mason,PRECINCT 17,STATE EXECUTIVE COMMITTEE,4,REP,TONY HODGE,16
Mason,PRECINCT 18,STATE EXECUTIVE COMMITTEE,4,REP,TONY HODGE,8
Mason,PRECINCT 19,STATE EXECUTIVE COMMITTEE,4,REP,TONY HODGE,22
Mason,PRECINCT 20,STATE EXECUTIVE COMMITTEE,4,REP,TONY HODGE,11
Mason,PRECINCT 21,STATE EXECUTIVE COMMITTEE,4,REP,TONY HODGE,15
Mason,PRECINCT 22,STATE EXECUTIVE COMMITTEE,4,REP,TONY HODGE,18
Mason,PRECINCT 23,STATE EXECUTIVE COMMITTEE,4,REP,TONY HODGE,11
Mason,PRECINCT 24,STATE EXECUTIVE COMMITTEE,4,REP,TONY HODGE,16
Mason,PRECINCT 25,STATE EXECUTIVE COMMITTEE,4,REP,TONY HODGE,28
Mason,PRECINCT 26,STATE EXECUTIVE COMMITTEE,4,REP,TONY HODGE,5
Mason,PRECINCT 27,STATE EXECUTIVE COMMITTEE,4,REP,TONY HODGE,16
Mason,PRECINCT 28,STATE EXECUTIVE COMMITTEE,4,REP,TONY HODGE,7
Mason,PRECINCT 29,STATE EXECUTIVE COMMITTEE,4,REP,TONY HODGE,15
Mason,PRECINCT 30,STATE EXECUTIVE COMMITTEE,4,REP,TONY HODGE,51
Mason,PRECINCT 1,STATE EXECUTIVE COMMITTEE,4,DEM,BEN BARKEY,3
Mason,PRECINCT 2,STATE EXECUTIVE COMMITTEE,4,DEM,BEN BARKEY,4
Mason,PRECINCT 3,STATE EXECUTIVE COMMITTEE,4,DEM,BEN BARKEY,12
Mason,PRECINCT 4,STATE EXECUTIVE COMMITTEE,4,DEM,BEN BARKEY,13
Mason,PRECINCT 5,STATE EXECUTIVE COMMITTEE,4,DEM,BEN BARKEY,16
Mason,PRECINCT 6,STATE EXECUTIVE COMMITTEE,4,DEM,BEN BARKEY,12
Mason,PRECINCT 7,STATE EXECUTIVE COMMITTEE,4,DEM,BEN BARKEY,18
Mason,PRECINCT 8,STATE EXECUTIVE COMMITTEE,4,DEM,BEN BARKEY,15
Mason,PRECINCT 9,STATE EXECUTIVE COMMITTEE,4,DEM,BEN BARKEY,18
Mason,PRECINCT 10,STATE EXECUTIVE COMMITTEE,4,DEM,BEN BARKEY,14
Mason,PRECINCT 11,STATE EXECUTIVE COMMITTEE,4,DEM,BEN BARKEY,4
Mason,PRECINCT 12,STATE EXECUTIVE COMMITTEE,4,DEM,BEN BARKEY,7
Mason,PRECINCT 13,STATE EXECUTIVE COMMITTEE,4,DEM,BEN BARKEY,19
Mason,PRECINCT 14,STATE EXECUTIVE COMMITTEE,4,DEM,BEN BARKEY,10
Mason,PRECINCT 15,STATE EXECUTIVE COMMITTEE,4,DEM,BEN BARKEY,15
Mason,PRECINCT 16,STATE EXECUTIVE COMMITTEE,4,DEM,BEN BARKEY,30
Mason,PRECINCT 17,STATE EXECUTIVE COMMITTEE,4,DEM,BEN BARKEY,13
Mason,PRECINCT 18,STATE EXECUTIVE COMMITTEE,4,DEM,BEN BARKEY,11
Mason,PRECINCT 19,STATE EXECUTIVE COMMITTEE,4,DEM,BEN BARKEY,20
Mason,PRECINCT 20,STATE EXECUTIVE COMMITTEE,4,DEM,BEN BARKEY,9
Mason,PRECINCT 21,STATE EXECUTIVE COMMITTEE,4,DEM,BEN BARKEY,15
Mason,PRECINCT 22,STATE EXECUTIVE COMMITTEE,4,DEM,BEN BARKEY,13
Mason,PRECINCT 23,STATE EXECUTIVE COMMITTEE,4,DEM,BEN BARKEY,9
Mason,PRECINCT 24,STATE EXECUTIVE COMMITTEE,4,DEM,BEN BARKEY,18
Mason,PRECINCT 25,STATE EXECUTIVE COMMITTEE,4,DEM,BEN BARKEY,27
Mason,PRECINCT 26,STATE EXECUTIVE COMMITTEE,4,DEM,BEN BARKEY,10
Mason,PRECINCT 27,STATE EXECUTIVE COMMITTEE,4,DEM,BEN BARKEY,8
Mason,PRECINCT 28,STATE EXECUTIVE COMMITTEE,4,DEM,BEN BARKEY,16
Mason,PRECINCT 29,STATE EXECUTIVE COMMITTEE,4,DEM,BEN BARKEY,19
Mason,PRECINCT 30,STATE EXECUTIVE COMMITTEE,4,DEM,BEN BARKEY,37
Mason,PRECINCT 1,STATE EXECUTIVE COMMITTEE,4,DEM,SCOTT BREWER,6
Mason,PRECINCT 2,STATE EXECUTIVE COMMITTEE,4,DEM,SCOTT BREWER,9
Mason,PRECINCT 3,STATE EXECUTIVE COMMITTEE,4,DEM,SCOTT BREWER,27
Mason,PRECINCT 4,STATE EXECUTIVE COMMITTEE,4,DEM,SCOTT BREWER,31
Mason,PRECINCT 5,STATE EXECUTIVE COMMITTEE,4,DEM,SCOTT BREWER,35
Mason,PRECINCT 6,STATE EXECUTIVE COMMITTEE,4,DEM,SCOTT BREWER,24
Mason,PRECINCT 7,STATE EXECUTIVE COMMITTEE,4,DEM,SCOTT BREWER,34
Mason,PRECINCT 8,STATE EXECUTIVE COMMITTEE,4,DEM,SCOTT BREWER,41
Mason,PRECINCT 9,STATE EXECUTIVE COMMITTEE,4,DEM,SCOTT BREWER,46
Mason,PRECINCT 10,STATE EXECUTIVE COMMITTEE,4,DEM,SCOTT BREWER,42
Mason,PRECINCT 11,STATE EXECUTIVE COMMITTEE,4,DEM,SCOTT BREWER,7
Mason,PRECINCT 12,STATE EXECUTIVE COMMITTEE,4,DEM,SCOTT BREWER,20
Mason,PRECINCT 13,STATE EXECUTIVE COMMITTEE,4,DEM,SCOTT BREWER,25
Mason,PRECINCT 14,STATE EXECUTIVE COMMITTEE,4,DEM,SCOTT BREWER,22
Mason,PRECINCT 15,STATE EXECUTIVE COMMITTEE,4,DEM,SCOTT BREWER,25
Mason,PRECINCT 16,STATE EXECUTIVE COMMITTEE,4,DEM,SCOTT BREWER,35
Mason,PRECINCT 17,STATE EXECUTIVE COMMITTEE,4,DEM,SCOTT BREWER,23
Mason,PRECINCT 18,STATE EXECUTIVE COMMITTEE,4,DEM,SCOTT BREWER,25
Mason,PRECINCT 19,STATE EXECUTIVE COMMITTEE,4,DEM,SCOTT BREWER,38
Mason,PRECINCT 20,STATE EXECUTIVE COMMITTEE,4,DEM,SCOTT BREWER,21
Mason,PRECINCT 21,STATE EXECUTIVE COMMITTEE,4,DEM,SCOTT BREWER,30
Mason,PRECINCT 22,STATE EXECUTIVE COMMITTEE,4,DEM,SCOTT BREWER,36
Mason,PRECINCT 23,STATE EXECUTIVE COMMITTEE,4,DEM,SCOTT BREWER,36
Mason,PRECINCT 24,STATE EXECUTIVE COMMITTEE,4,DEM,SCOTT BREWER,52
Mason,PRECINCT 25,STATE EXECUTIVE COMMITTEE,4,DEM,SCOTT BREWER,67
Mason,PRECINCT 26,STATE EXECUTIVE COMMITTEE,4,DEM,SCOTT BREWER,18
Mason,PRECINCT 27,STATE EXECUTIVE COMMITTEE,4,DEM,SCOTT BREWER,26
Mason,PRECINCT 28,STATE EXECUTIVE COMMITTEE,4,DEM,SCOTT BREWER,39
Mason,PRECINCT 29,STATE EXECUTIVE COMMITTEE,4,DEM,SCOTT BREWER,36
Mason,PRECINCT 30,STATE EXECUTIVE COMMITTEE,4,DEM,SCOTT BREWER,88
Mason,PRECINCT 1,Supreme Court of Appeals,,,GERALD TITUS,10
Mason,PRECINCT 2,Supreme Court of Appeals,,,GERALD TITUS,17
Mason,PRECINCT 3,Supreme Court of Appeals,,,GERALD TITUS,28
Mason,PRECINCT 4,Supreme Court of Appeals,,,GERALD TITUS,37
Mason,PRECINCT 5,Supreme Court of Appeals,,,GERALD TITUS,26
Mason,PRECINCT 6,Supreme Court of Appeals,,,GERALD TITUS,20
Mason,PRECINCT 7,Supreme Court of Appeals,,,GERALD TITUS,36
Mason,PRECINCT 8,Supreme Court of Appeals,,,GERALD TITUS,42
Mason,PRECINCT 9,Supreme Court of Appeals,,,GERALD TITUS,54
Mason,PRECINCT 10,Supreme Court of Appeals,,,GERALD TITUS,50
Mason,PRECINCT 11,Supreme Court of Appeals,,,GERALD TITUS,3
Mason,PRECINCT 12,Supreme Court of Appeals,,,GERALD TITUS,22
Mason,PRECINCT 13,Supreme Court of Appeals,,,GERALD TITUS,55
Mason,PRECINCT 14,Supreme Court of Appeals,,,GERALD TITUS,28
Mason,PRECINCT 15,Supreme Court of Appeals,,,GERALD TITUS,32
Mason,PRECINCT 16,Supreme Court of Appeals,,,GERALD TITUS,51
Mason,PRECINCT 17,Supreme Court of Appeals,,,GERALD TITUS,43
Mason,PRECINCT 18,Supreme Court of Appeals,,,GERALD TITUS,29
Mason,PRECINCT 19,Supreme Court of Appeals,,,GERALD TITUS,32
Mason,PRECINCT 20,Supreme Court of Appeals,,,GERALD TITUS,42
Mason,PRECINCT 21,Supreme Court of Appeals,,,GERALD TITUS,46
Mason,PRECINCT 22,Supreme Court of Appeals,,,GERALD TITUS,48
Mason,PRECINCT 23,Supreme Court of Appeals,,,GERALD TITUS,34
Mason,PRECINCT 24,Supreme Court of Appeals,,,GERALD TITUS,51
Mason,PRECINCT 25,Supreme Court of Appeals,,,GERALD TITUS,67
Mason,PRECINCT 26,Supreme Court of Appeals,,,GERALD TITUS,13
Mason,PRECINCT 27,Supreme Court of Appeals,,,GERALD TITUS,21
Mason,PRECINCT 28,Supreme Court of Appeals,,,GERALD TITUS,36
Mason,PRECINCT 29,Supreme Court of Appeals,,,GERALD TITUS,39
Mason,PRECINCT 30,Supreme Court of Appeals,,,GERALD TITUS,93
Mason,PRECINCT 1,Supreme Court of Appeals,,,H.L. 'KIRK' KIRKPATRICK,14
Mason,PRECINCT 2,Supreme Court of Appeals,,,H.L. 'KIRK' KIRKPATRICK,3
Mason,PRECINCT 3,Supreme Court of Appeals,,,H.L. 'KIRK' KIRKPATRICK,19
Mason,PRECINCT 4,Supreme Court of Appeals,,,H.L. 'KIRK' KIRKPATRICK,24
Mason,PRECINCT 5,Supreme Court of Appeals,,,H.L. 'KIRK' KIRKPATRICK,24
Mason,PRECINCT 6,Supreme Court of Appeals,,,H.L. 'KIRK' KIRKPATRICK,31
Mason,PRECINCT 7,Supreme Court of Appeals,,,H.L. 'KIRK' KIRKPATRICK,36
Mason,PRECINCT 8,Supreme Court of Appeals,,,H.L. 'KIRK' KIRKPATRICK,37
Mason,PRECINCT 9,Supreme Court of Appeals,,,H.L. 'KIRK' KIRKPATRICK,46
Mason,PRECINCT 10,Supreme Court of Appeals,,,H.L. 'KIRK' KIRKPATRICK,41
Mason,PRECINCT 11,Supreme Court of Appeals,,,H.L. 'KIRK' KIRKPATRICK,7
Mason,PRECINCT 12,Supreme Court of Appeals,,,H.L. 'KIRK' KIRKPATRICK,32
Mason,PRECINCT 13,Supreme Court of Appeals,,,H.L. 'KIRK' KIRKPATRICK,49
Mason,PRECINCT 14,Supreme Court of Appeals,,,H.L. 'KIRK' KIRKPATRICK,37
Mason,PRECINCT 15,Supreme Court of Appeals,,,H.L. 'KIRK' KIRKPATRICK,29
Mason,PRECINCT 16,Supreme Court of Appeals,,,H.L. 'KIRK' KIRKPATRICK,38
Mason,PRECINCT 17,Supreme Court of Appeals,,,H.L. 'KIRK' KIRKPATRICK,33
Mason,PRECINCT 18,Supreme Court of Appeals,,,H.L. 'KIRK' KIRKPATRICK,22
Mason,PRECINCT 19,Supreme Court of Appeals,,,H.L. 'KIRK' KIRKPATRICK,46
Mason,PRECINCT 20,Supreme Court of Appeals,,,H.L. 'KIRK' KIRKPATRICK,22
Mason,PRECINCT 21,Supreme Court of Appeals,,,H.L. 'KIRK' KIRKPATRICK,34
Mason,PRECINCT 22,Supreme Court of Appeals,,,H.L. 'KIRK' KIRKPATRICK,53
Mason,PRECINCT 23,Supreme Court of Appeals,,,H.L. 'KIRK' KIRKPATRICK,54
Mason,PRECINCT 24,Supreme Court of Appeals,,,H.L. 'KIRK' KIRKPATRICK,44
Mason,PRECINCT 25,Supreme Court of Appeals,,,H.L. 'KIRK' KIRKPATRICK,81
Mason,PRECINCT 26,Supreme Court of Appeals,,,H.L. 'KIRK' KIRKPATRICK,16
Mason,PRECINCT 27,Supreme Court of Appeals,,,H.L. 'KIRK' KIRKPATRICK,32
Mason,PRECINCT 28,Supreme Court of Appeals,,,H.L. 'KIRK' KIRKPATRICK,32
Mason,PRECINCT 29,Supreme Court of Appeals,,,H.L. 'KIRK' KIRKPATRICK,47
Mason,PRECINCT 30,Supreme Court of Appeals,,,H.L. 'KIRK' KIRKPATRICK,98
Mason,PRECINCT 1,Supreme Court of Appeals,,,TODD A. KIRBY,2
Mason,PRECINCT 2,Supreme Court of Appeals,,,TODD A. KIRBY,2
Mason,PRECINCT 3,Supreme Court of Appeals,,,TODD A. KIRBY,7
Mason,PRECINCT 4,Supreme Court of Appeals,,,TODD A. KIRBY,6
Mason,PRECINCT 5,Supreme Court of Appeals,,,TODD A. KIRBY,5
Mason,PRECINCT 6,Supreme Court of Appeals,,,TODD A. KIRBY,5
Mason,PRECINCT 7,Supreme Court of Appeals,,,TODD A. KIRBY,2
Mason,PRECINCT 8,Supreme Court of Appeals,,,TODD A. KIRBY,10
Mason,PRECINCT 9,Supreme Court of Appeals,,,TODD A. KIRBY,16
Mason,PRECINCT 10,Supreme Court of Appeals,,,TODD A. KIRBY,12
Mason,PRECINCT 11,Supreme Court of Appeals,,,TODD A. KIRBY,1
Mason,PRECINCT 12,Supreme Court of Appeals,,,TODD A. KIRBY,6
Mason,PRECINCT 13,Supreme Court of Appeals,,,TODD A. KIRBY,16
Mason,PRECINCT 14,Supreme Court of Appeals,,,TODD A. KIRBY,8
Mason,PRECINCT 15,Supreme Court of Appeals,,,TODD A. KIRBY,1
Mason,PRECINCT 16,Supreme Court of Appeals,,,TODD A. KIRBY,9
Mason,PRECINCT 17,Supreme Court of Appeals,,,TODD A. KIRBY,10
Mason,PRECINCT 18,Supreme Court of Appeals,,,TODD A. KIRBY,9
Mason,PRECINCT 19,Supreme Court of Appeals,,,TODD A. KIRBY,12
Mason,PRECINCT 20,Supreme Court of Appeals,,,TODD A. KIRBY,13
Mason,PRECINCT 21,Supreme Court of Appeals,,,TODD A. KIRBY,11
Mason,PRECINCT 22,Supreme Court of Appeals,,,TODD A. KIRBY,18
Mason,PRECINCT 23,Supreme Court of Appeals,,,TODD A. KIRBY,9
Mason,PRECINCT 24,Supreme Court of Appeals,,,TODD A. KIRBY,11
Mason,PRECINCT 25,Supreme Court of Appeals,,,TODD A. KIRBY,17
Mason,PRECINCT 26,Supreme Court of Appeals,,,TODD A. KIRBY,5
Mason,PRECINCT 27,Supreme Court of Appeals,,,TODD A. KIRBY,9
Mason,PRECINCT 28,Supreme Court of Appeals,,,TODD A. KIRBY,13
Mason,PRECINCT 29,Supreme Court of Appeals,,,TODD A. KIRBY,11
Mason,PRECINCT 30,Supreme Court of Appeals,,,TODD A. KIRBY,24
Mason,PRECINCT 1,Supreme Court of Appeals,,,LAURA V. FAIRCLOTH,4
Mason,PRECINCT 2,Supreme Court of Appeals,,,LAURA V. FAIRCLOTH,2
Mason,PRECINCT 3,Supreme Court of Appeals,,,LAURA V. FAIRCLOTH,5
Mason,PRECINCT 4,Supreme Court of Appeals,,,LAURA V. FAIRCLOTH,11
Mason,PRECINCT 5,Supreme Court of Appeals,,,LAURA V. FAIRCLOTH,12
Mason,PRECINCT 6,Supreme Court of Appeals,,,LAURA V. FAIRCLOTH,9
Mason,PRECINCT 7,Supreme Court of Appeals,,,LAURA V. FAIRCLOTH,16
Mason,PRECINCT 8,Supreme Court of Appeals,,,LAURA V. FAIRCLOTH,22
Mason,PRECINCT 9,Supreme Court of Appeals,,,LAURA V. FAIRCLOTH,19
Mason,PRECINCT 10,Supreme Court of Appeals,,,LAURA V. FAIRCLOTH,17
Mason,PRECINCT 11,Supreme Court of Appeals,,,LAURA V. FAIRCLOTH,1
Mason,PRECINCT 12,Supreme Court of Appeals,,,LAURA V. FAIRCLOTH,7
Mason,PRECINCT 13,Supreme Court of Appeals,,,LAURA V. FAIRCLOTH,8
Mason,PRECINCT 14,Supreme Court of Appeals,,,LAURA V. FAIRCLOTH,6
Mason,PRECINCT 15,Supreme Court of Appeals,,,LAURA V. FAIRCLOTH,5
Mason,PRECINCT 16,Supreme Court of Appeals,,,LAURA V. FAIRCLOTH,19
Mason,PRECINCT 17,Supreme Court of Appeals,,,LAURA V. FAIRCLOTH,3
Mason,PRECINCT 18,Supreme Court of Appeals,,,LAURA V. FAIRCLOTH,5
Mason,PRECINCT 19,Supreme Court of Appeals,,,LAURA V. FAIRCLOTH,17
Mason,PRECINCT 20,Supreme Court of Appeals,,,LAURA V. FAIRCLOTH,7
Mason,PRECINCT 21,Supreme Court of Appeals,,,LAURA V. FAIRCLOTH,17
Mason,PRECINCT 22,Supreme Court of Appeals,,,LAURA V. FAIRCLOTH,16
Mason,PRECINCT 23,Supreme Court of Appeals,,,LAURA V. FAIRCLOTH,6
Mason,PRECINCT 24,Supreme Court of Appeals,,,LAURA V. FAIRCLOTH,10
Mason,PRECINCT 25,Supreme Court of Appeals,,,LAURA V. FAIRCLOTH,19
Mason,PRECINCT 26,Supreme Court of Appeals,,,LAURA V. FAIRCLOTH,4
Mason,PRECINCT 27,Supreme Court of Appeals,,,LAURA V. FAIRCLOTH,6
Mason,PRECINCT 28,Supreme Court of Appeals,,,LAURA V. FAIRCLOTH,13
Mason,PRECINCT 29,Supreme Court of Appeals,,,LAURA V. FAIRCLOTH,14
Mason,PRECINCT 30,Supreme Court of Appeals,,,LAURA V. FAIRCLOTH,51
Mason,PRECINCT 1,Supreme Court of Appeals,,,MARTIN P. 'RED HAT' SHEEHAN,0
Mason,PRECINCT 2,Supreme Court of Appeals,,,MARTIN P. 'RED HAT' SHEEHAN,0
Mason,PRECINCT 3,Supreme Court of Appeals,,,MARTIN P. 'RED HAT' SHEEHAN,2
Mason,PRECINCT 4,Supreme Court of Appeals,,,MARTIN P. 'RED HAT' SHEEHAN,3
Mason,PRECINCT 5,Supreme Court of Appeals,,,MARTIN P. 'RED HAT' SHEEHAN,5
Mason,PRECINCT 6,Supreme Court of Appeals,,,MARTIN P. 'RED HAT' SHEEHAN,2
Mason,PRECINCT 7,Supreme Court of Appeals,,,MARTIN P. 'RED HAT' SHEEHAN,2
Mason,PRECINCT 8,Supreme Court of Appeals,,,MARTIN P. 'RED HAT' SHEEHAN,5
Mason,PRECINCT 9,Supreme Court of Appeals,,,MARTIN P. 'RED HAT' SHEEHAN,6
Mason,PRECINCT 10,Supreme Court of Appeals,,,MARTIN P. 'RED HAT' SHEEHAN,5
Mason,PRECINCT 11,Supreme Court of Appeals,,,MARTIN P. 'RED HAT' SHEEHAN,1
Mason,PRECINCT 12,Supreme Court of Appeals,,,MARTIN P. 'RED HAT' SHEEHAN,4
Mason,PRECINCT 13,Supreme Court of Appeals,,,MARTIN P. 'RED HAT' SHEEHAN,8
Mason,PRECINCT 14,Supreme Court of Appeals,,,MARTIN P. 'RED HAT' SHEEHAN,1
Mason,PRECINCT 15,Supreme Court of Appeals,,,MARTIN P. 'RED HAT' SHEEHAN,3
Mason,PRECINCT 16,Supreme Court of Appeals,,,MARTIN P. 'RED HAT' SHEEHAN,8
Mason,PRECINCT 17,Supreme Court of Appeals,,,MARTIN P. 'RED HAT' SHEEHAN,7
Mason,PRECINCT 18,Supreme Court of Appeals,,,MARTIN P. 'RED HAT' SHEEHAN,4
Mason,PRECINCT 19,Supreme Court of Appeals,,,MARTIN P. 'RED HAT' SHEEHAN,4
Mason,PRECINCT 20,Supreme Court of Appeals,,,MARTIN P. 'RED HAT' SHEEHAN,4
Mason,PRECINCT 21,Supreme Court of Appeals,,,MARTIN P. 'RED HAT' SHEEHAN,6
Mason,PRECINCT 22,Supreme Court of Appeals,,,MARTIN P. 'RED HAT' SHEEHAN,10
Mason,PRECINCT 23,Supreme Court of Appeals,,,MARTIN P. 'RED HAT' SHEEHAN,5
Mason,PRECINCT 24,Supreme Court of Appeals,,,MARTIN P. 'RED HAT' SHEEHAN,7
Mason,PRECINCT 25,Supreme Court of Appeals,,,MARTIN P. 'RED HAT' SHEEHAN,9
Mason,PRECINCT 26,Supreme Court of Appeals,,,MARTIN P. 'RED HAT' SHEEHAN,3
Mason,PRECINCT 27,Supreme Court of Appeals,,,MARTIN P. 'RED HAT' SHEEHAN,4
Mason,PRECINCT 28,Supreme Court of Appeals,,,MARTIN P. 'RED HAT' SHEEHAN,3
Mason,PRECINCT 29,Supreme Court of Appeals,,,MARTIN P. 'RED HAT' SHEEHAN,7
Mason,PRECINCT 30,Supreme Court of Appeals,,,MARTIN P. 'RED HAT' SHEEHAN,11
Mason,PRECINCT 1,Supreme Court of Appeals,,,BILL FLANIGAN,19
Mason,PRECINCT 2,Supreme Court of Appeals,,,BILL FLANIGAN,13
Mason,PRECINCT 3,Supreme Court of Appeals,,,BILL FLANIGAN,33
Mason,PRECINCT 4,Supreme Court of Appeals,,,BILL FLANIGAN,48
Mason,PRECINCT 5,Supreme Court of Appeals,,,BILL FLANIGAN,42
Mason,PRECINCT 6,Supreme Court of Appeals,,,BILL FLANIGAN,28
Mason,PRECINCT 7,Supreme Court of Appeals,,,BILL FLANIGAN,49
Mason,PRECINCT 8,Supreme Court of Appeals,,,BILL FLANIGAN,57
Mason,PRECINCT 9,Supreme Court of Appeals,,,BILL FLANIGAN,74
Mason,PRECINCT 10,Supreme Court of Appeals,,,BILL FLANIGAN,56
Mason,PRECINCT 11,Supreme Court of Appeals,,,BILL FLANIGAN,8
Mason,PRECINCT 12,Supreme Court of Appeals,,,BILL FLANIGAN,33
Mason,PRECINCT 13,Supreme Court of Appeals,,,BILL FLANIGAN,67
Mason,PRECINCT 14,Supreme Court of Appeals,,,BILL FLANIGAN,42
Mason,PRECINCT 15,Supreme Court of Appeals,,,BILL FLANIGAN,40
Mason,PRECINCT 16,Supreme Court of Appeals,,,BILL FLANIGAN,71
Mason,PRECINCT 17,Supreme Court of Appeals,,,BILL FLANIGAN,50
Mason,PRECINCT 18,Supreme Court of Appeals,,,BILL FLANIGAN,30
Mason,PRECINCT 19,Supreme Court of Appeals,,,BILL FLANIGAN,59
Mason,PRECINCT 20,Supreme Court of Appeals,,,BILL FLANIGAN,51
Mason,PRECINCT 21,Supreme Court of Appeals,,,BILL FLANIGAN,52
Mason,PRECINCT 22,Supreme Court of Appeals,,,BILL FLANIGAN,68
Mason,PRECINCT 23,Supreme Court of Appeals,,,BILL FLANIGAN,57
Mason,PRECINCT 24,Supreme Court of Appeals,,,BILL FLANIGAN,50
Mason,PRECINCT 25,Supreme Court of Appeals,,,BILL FLANIGAN,86
Mason,PRECINCT 26,Supreme Court of Appeals,,,BILL FLANIGAN,21
Mason,PRECINCT 27,Supreme Court of Appeals,,,BILL FLANIGAN,35
Mason,PRECINCT 28,Supreme Court of Appeals,,,BILL FLANIGAN,41
Mason,PRECINCT 29,Supreme Court of Appeals,,,BILL FLANIGAN,59
Mason,PRECINCT 30,Supreme Court of Appeals,,,BILL FLANIGAN,146
Mason,PRECINCT 1,Supreme Court of Appeals,,,TOM EWING,9
Mason,PRECINCT 2,Supreme Court of Appeals,,,TOM EWING,10
Mason,PRECINCT 3,Supreme Court of Appeals,,,TOM EWING,23
Mason,PRECINCT 4,Supreme Court of Appeals,,,TOM EWING,29
Mason,PRECINCT 5,Supreme Court of Appeals,,,TOM EWING,27
Mason,PRECINCT 6,Supreme Court of Appeals,,,TOM EWING,34
Mason,PRECINCT 7,Supreme Court of Appeals,,,TOM EWING,39
Mason,PRECINCT 8,Supreme Court of Appeals,,,TOM EWING,42
Mason,PRECINCT 9,Supreme Court of Appeals,,,TOM EWING,57
Mason,PRECINCT 10,Supreme Court of Appeals,,,TOM EWING,61
Mason,PRECINCT 11,Supreme Court of Appeals,,,TOM EWING,5
Mason,PRECINCT 12,Supreme Court of Appeals,,,TOM EWING,33
Mason,PRECINCT 13,Supreme Court of Appeals,,,TOM EWING,60
Mason,PRECINCT 14,Supreme Court of Appeals,,,TOM EWING,33
Mason,PRECINCT 15,Supreme Court of Appeals,,,TOM EWING,29
Mason,PRECINCT 16,Supreme Court of Appeals,,,TOM EWING,48
Mason,PRECINCT 17,Supreme Court of Appeals,,,TOM EWING,41
Mason,PRECINCT 18,Supreme Court of Appeals,,,TOM EWING,29
Mason,PRECINCT 19,Supreme Court of Appeals,,,TOM EWING,46
Mason,PRECINCT 20,Supreme Court of Appeals,,,TOM EWING,30
Mason,PRECINCT 21,Supreme Court of Appeals,,,TOM EWING,50
Mason,PRECINCT 22,Supreme Court of Appeals,,,TOM EWING,66
Mason,PRECINCT 23,Supreme Court of Appeals,,,TOM EWING,45
Mason,PRECINCT 24,Supreme Court of Appeals,,,TOM EWING,65
Mason,PRECINCT 25,Supreme Court of Appeals,,,TOM EWING,97
Mason,PRECINCT 26,Supreme Court of Appeals,,,TOM EWING,17
Mason,PRECINCT 27,Supreme Court of Appeals,,,TOM EWING,37
Mason,PRECINCT 28,Supreme Court of Appeals,,,TOM EWING,51
Mason,PRECINCT 29,Supreme Court of Appeals,,,TOM EWING,52
Mason,PRECINCT 30,Supreme Court of Appeals,,,TOM EWING,106
Mason,PRECINCT 1,Intermediate Court of Appeals,,,DAN GREEAR,11
Mason,PRECINCT 2,Intermediate Court of Appeals,,,DAN GREEAR,10
Mason,PRECINCT 3,Intermediate Court of Appeals,,,DAN GREEAR,13
Mason,PRECINCT 4,Intermediate Court of Appeals,,,DAN GREEAR,30
Mason,PRECINCT 5,Intermediate Court of Appeals,,,DAN GREEAR,22
Mason,PRECINCT 6,Intermediate Court of Appeals,,,DAN GREEAR,27
Mason,PRECINCT 7,Intermediate Court of Appeals,,,DAN GREEAR,32
Mason,PRECINCT 8,Intermediate Court of Appeals,,,DAN GREEAR,20
Mason,PRECINCT 9,Intermediate Court of Appeals,,,DAN GREEAR,47
Mason,PRECINCT 10,Intermediate Court of Appeals,,,DAN GREEAR,36
Mason,PRECINCT 11,Intermediate Court of Appeals,,,DAN GREEAR,5
Mason,PRECINCT 12,Intermediate Court of Appeals,,,DAN GREEAR,20
Mason,PRECINCT 13,Intermediate Court of Appeals,,,DAN GREEAR,43
Mason,PRECINCT 14,Intermediate Court of Appeals,,,DAN GREEAR,27
Mason,PRECINCT 15,Intermediate Court of Appeals,,,DAN GREEAR,33
Mason,PRECINCT 16,Intermediate Court of Appeals,,,DAN GREEAR,48
Mason,PRECINCT 17,Intermediate Court of Appeals,,,DAN GREEAR,47
Mason,PRECINCT 18,Intermediate Court of Appeals,,,DAN GREEAR,23
Mason,PRECINCT 19,Intermediate Court of Appeals,,,DAN GREEAR,44
Mason,PRECINCT 20,Intermediate Court of Appeals,,,DAN GREEAR,30
Mason,PRECINCT 21,Intermediate Court of Appeals,,,DAN GREEAR,41
Mason,PRECINCT 22,Intermediate Court of Appeals,,,DAN GREEAR,48
Mason,PRECINCT 23,Intermediate Court of Appeals,,,DAN GREEAR,29
Mason,PRECINCT 24,Intermediate Court of Appeals,,,DAN GREEAR,51
Mason,PRECINCT 25,Intermediate Court of Appeals,,,DAN GREEAR,73
Mason,PRECINCT 26,Intermediate Court of Appeals,,,DAN GREEAR,13
Mason,PRECINCT 27,Intermediate Court of Appeals,,,DAN GREEAR,22
Mason,PRECINCT 28,Intermediate Court of Appeals,,,DAN GREEAR,44
Mason,PRECINCT 29,Intermediate Court of Appeals,,,DAN GREEAR,42
Mason,PRECINCT 30,Intermediate Court of Appeals,,,DAN GREEAR,82
Mason,PRECINCT 1,Intermediate Court of Appeals,,,JIM DOUGLAS,17
Mason,PRECINCT 2,Intermediate Court of Appeals,,,JIM DOUGLAS,14
Mason,PRECINCT 3,Intermediate Court of Appeals,,,JIM DOUGLAS,42
Mason,PRECINCT 4,Intermediate Court of Appeals,,,JIM DOUGLAS,48
Mason,PRECINCT 5,Intermediate Court of Appeals,,,JIM DOUGLAS,52
Mason,PRECINCT 6,Intermediate Court of Appeals,,,JIM DOUGLAS,36
Mason,PRECINCT 7,Intermediate Court of Appeals,,,JIM DOUGLAS,49
Mason,PRECINCT 8,Intermediate Court of Appeals,,,JIM DOUGLAS,81
Mason,PRECINCT 9,Intermediate Court of Appeals,,,JIM DOUGLAS,85
Mason,PRECINCT 10,Intermediate Court of Appeals,,,JIM DOUGLAS,79
Mason,PRECINCT 11,Intermediate Court of Appeals,,,JIM DOUGLAS,8
Mason,PRECINCT 12,Intermediate Court of Appeals,,,JIM DOUGLAS,42
Mason,PRECINCT 13,Intermediate Court of Appeals,,,JIM DOUGLAS,84
Mason,PRECINCT 14,Intermediate Court of Appeals,,,JIM DOUGLAS,48
Mason,PRECINCT 15,Intermediate Court of Appeals,,,JIM DOUGLAS,41
Mason,PRECINCT 16,Intermediate Court of Appeals,,,JIM DOUGLAS,71
Mason,PRECINCT 17,Intermediate Court of Appeals,,,JIM DOUGLAS,45
Mason,PRECINCT 18,Intermediate Court of Appeals,,,JIM DOUGLAS,44
Mason,PRECINCT 19,Intermediate Court of Appeals,,,JIM DOUGLAS,63
Mason,PRECINCT 20,Intermediate Court of Appeals,,,JIM DOUGLAS,54
Mason,PRECINCT 21,Intermediate Court of Appeals,,,JIM DOUGLAS,71
Mason,PRECINCT 22,Intermediate Court of Appeals,,,JIM DOUGLAS,83
Mason,PRECINCT 23,Intermediate Court of Appeals,,,JIM DOUGLAS,71
Mason,PRECINCT 24,Intermediate Court of Appeals,,,JIM DOUGLAS,70
Mason,PRECINCT 25,Intermediate Court of Appeals,,,JIM DOUGLAS,102
Mason,PRECINCT 26,Intermediate Court of Appeals,,,JIM DOUGLAS,26
Mason,PRECINCT 27,Intermediate Court of Appeals,,,JIM DOUGLAS,53
Mason,PRECINCT 28,Intermediate Court of Appeals,,,JIM DOUGLAS,47
Mason,PRECINCT 29,Intermediate Court of Appeals,,,JIM DOUGLAS,75
Mason,PRECINCT 30,Intermediate Court of Appeals,,,JIM DOUGLAS,174
Mason,PRECINCT 1,REP FOR COUNTY COMMISSIONER,,REP,JOHN BRADLEY SANG (BRAD),16
Mason,PRECINCT 2,REP FOR COUNTY COMMISSIONER,,REP,JOHN BRADLEY SANG (BRAD),14
Mason,PRECINCT 3,REP FOR COUNTY COMMISSIONER,,REP,JOHN BRADLEY SANG (BRAD),27
Mason,PRECINCT 4,REP FOR COUNTY COMMISSIONER,,REP,JOHN BRADLEY SANG (BRAD),54
Mason,PRECINCT 5,REP FOR COUNTY COMMISSIONER,,REP,JOHN BRADLEY SANG (BRAD),36
Mason,PRECINCT 6,REP FOR COUNTY COMMISSIONER,,REP,JOHN BRADLEY SANG (BRAD),39
Mason,PRECINCT 7,REP FOR COUNTY COMMISSIONER,,REP,JOHN BRADLEY SANG (BRAD),52
Mason,PRECINCT 8,REP FOR COUNTY COMMISSIONER,,REP,JOHN BRADLEY SANG (BRAD),62
Mason,PRECINCT 9,REP FOR COUNTY COMMISSIONER,,REP,JOHN BRADLEY SANG (BRAD),83
Mason,PRECINCT 10,REP FOR COUNTY COMMISSIONER,,REP,JOHN BRADLEY SANG (BRAD),73
Mason,PRECINCT 11,REP FOR COUNTY COMMISSIONER,,REP,JOHN BRADLEY SANG (BRAD),4
Mason,PRECINCT 12,REP FOR COUNTY COMMISSIONER,,REP,JOHN BRADLEY SANG (BRAD),50
Mason,PRECINCT 13,REP FOR COUNTY COMMISSIONER,,REP,JOHN BRADLEY SANG (BRAD),88
Mason,PRECINCT 14,REP FOR COUNTY COMMISSIONER,,REP,JOHN BRADLEY SANG (BRAD),54
Mason,PRECINCT 15,REP FOR COUNTY COMMISSIONER,,REP,JOHN BRADLEY SANG (BRAD),45
Mason,PRECINCT 16,REP FOR COUNTY COMMISSIONER,,REP,JOHN BRADLEY SANG (BRAD),67
Mason,PRECINCT 17,REP FOR COUNTY COMMISSIONER,,REP,JOHN BRADLEY SANG (BRAD),56
Mason,PRECINCT 18,REP FOR COUNTY COMMISSIONER,,REP,JOHN BRADLEY SANG (BRAD),34
Mason,PRECINCT 19,REP FOR COUNTY COMMISSIONER,,REP,JOHN BRADLEY SANG (BRAD),71
Mason,PRECINCT 20,REP FOR COUNTY COMMISSIONER,,REP,JOHN BRADLEY SANG (BRAD),55
Mason,PRECINCT 21,REP FOR COUNTY COMMISSIONER,,REP,JOHN BRADLEY SANG (BRAD),72
Mason,PRECINCT 22,REP FOR COUNTY COMMISSIONER,,REP,JOHN BRADLEY SANG (BRAD),91
Mason,PRECINCT 23,REP FOR COUNTY COMMISSIONER,,REP,JOHN BRADLEY SANG (BRAD),68
Mason,PRECINCT 24,REP FOR COUNTY COMMISSIONER,,REP,JOHN BRADLEY SANG (BRAD),81
Mason,PRECINCT 25,REP FOR COUNTY COMMISSIONER,,REP,JOHN BRADLEY SANG (BRAD),113
Mason,PRECINCT 26,REP FOR COUNTY COMMISSIONER,,REP,JOHN BRADLEY SANG (BRAD),19
Mason,PRECINCT 27,REP FOR COUNTY COMMISSIONER,,REP,JOHN BRADLEY SANG (BRAD),57
Mason,PRECINCT 28,REP FOR COUNTY COMMISSIONER,,REP,JOHN BRADLEY SANG (BRAD),58
Mason,PRECINCT 29,REP FOR COUNTY COMMISSIONER,,REP,JOHN BRADLEY SANG (BRAD),74
Mason,PRECINCT 30,REP FOR COUNTY COMMISSIONER,,REP,JOHN BRADLEY SANG (BRAD),166
Mason,PRECINCT 1,DEM FOR COUNTY COMMISSIONER,,DEM,RICK HANDLEY,8
Mason,PRECINCT 2,DEM FOR COUNTY COMMISSIONER,,DEM,RICK HANDLEY,10
Mason,PRECINCT 3,DEM FOR COUNTY COMMISSIONER,,DEM,RICK HANDLEY,27
Mason,PRECINCT 4,DEM FOR COUNTY COMMISSIONER,,DEM,RICK HANDLEY,21
Mason,PRECINCT 5,DEM FOR COUNTY COMMISSIONER,,DEM,RICK HANDLEY,32
Mason,PRECINCT 6,DEM FOR COUNTY COMMISSIONER,,DEM,RICK HANDLEY,25
Mason,PRECINCT 7,DEM FOR COUNTY COMMISSIONER,,DEM,RICK HANDLEY,33
Mason,PRECINCT 8,DEM FOR COUNTY COMMISSIONER,,DEM,RICK HANDLEY,32
Mason,PRECINCT 9,DEM FOR COUNTY COMMISSIONER,,DEM,RICK HANDLEY,45
Mason,PRECINCT 10,DEM FOR COUNTY COMMISSIONER,,DEM,RICK HANDLEY,40
Mason,PRECINCT 11,DEM FOR COUNTY COMMISSIONER,,DEM,RICK HANDLEY,7
Mason,PRECINCT 12,DEM FOR COUNTY COMMISSIONER,,DEM,RICK HANDLEY,18
Mason,PRECINCT 13,DEM FOR COUNTY COMMISSIONER,,DEM,RICK HANDLEY,28
Mason,PRECINCT 14,DEM FOR COUNTY COMMISSIONER,,DEM,RICK HANDLEY,16
Mason,PRECINCT 15,DEM FOR COUNTY COMMISSIONER,,DEM,RICK HANDLEY,24
Mason,PRECINCT 16,DEM FOR COUNTY COMMISSIONER,,DEM,RICK HANDLEY,44
Mason,PRECINCT 17,DEM FOR COUNTY COMMISSIONER,,DEM,RICK HANDLEY,26
Mason,PRECINCT 18,DEM FOR COUNTY COMMISSIONER,,DEM,RICK HANDLEY,25
Mason,PRECINCT 19,DEM FOR COUNTY COMMISSIONER,,DEM,RICK HANDLEY,34
Mason,PRECINCT 20,DEM FOR COUNTY COMMISSIONER,,DEM,RICK HANDLEY,16
Mason,PRECINCT 21,DEM FOR COUNTY COMMISSIONER,,DEM,RICK HANDLEY,27
Mason,PRECINCT 22,DEM FOR COUNTY COMMISSIONER,,DEM,RICK HANDLEY,31
Mason,PRECINCT 23,DEM FOR COUNTY COMMISSIONER,,DEM,RICK HANDLEY,32
Mason,PRECINCT 24,DEM FOR COUNTY COMMISSIONER,,DEM,RICK HANDLEY,41
Mason,PRECINCT 25,DEM FOR COUNTY COMMISSIONER,,DEM,RICK HANDLEY,62
Mason,PRECINCT 26,DEM FOR COUNTY COMMISSIONER,,DEM,RICK HANDLEY,20
Mason,PRECINCT 27,DEM FOR COUNTY COMMISSIONER,,DEM,RICK HANDLEY,28
Mason,PRECINCT 28,DEM FOR COUNTY COMMISSIONER,,DEM,RICK HANDLEY,36
Mason,PRECINCT 29,DEM FOR COUNTY COMMISSIONER,,DEM,RICK HANDLEY,36
Mason,PRECINCT 30,DEM FOR COUNTY COMMISSIONER,,DEM,RICK HANDLEY,71
Mason,PRECINCT 1,REP FOR CONGRESSIONAL DIST EXEC COMMITTEE DIST 1 FEMALE,,REP,ANNA MARIA BUTLER,15
Mason,PRECINCT 2,REP FOR CONGRESSIONAL DIST EXEC COMMITTEE DIST 1 FEMALE,,REP,ANNA MARIA BUTLER,13
Mason,PRECINCT 3,REP FOR CONGRESSIONAL DIST EXEC COMMITTEE DIST 1 FEMALE,,REP,ANNA MARIA BUTLER,22
Mason,PRECINCT 4,REP FOR CONGRESSIONAL DIST EXEC COMMITTEE DIST 1 FEMALE,,REP,ANNA MARIA BUTLER,37
Mason,PRECINCT 5,REP FOR CONGRESSIONAL DIST EXEC COMMITTEE DIST 1 FEMALE,,REP,ANNA MARIA BUTLER,25
Mason,PRECINCT 6,REP FOR CONGRESSIONAL DIST EXEC COMMITTEE DIST 1 FEMALE,,REP,ANNA MARIA BUTLER,30
Mason,PRECINCT 7,REP FOR CONGRESSIONAL DIST EXEC COMMITTEE DIST 1 FEMALE,,REP,ANNA MARIA BUTLER,43
Mason,PRECINCT 8,REP FOR CONGRESSIONAL DIST EXEC COMMITTEE DIST 1 FEMALE,,REP,ANNA MARIA BUTLER,47
Mason,PRECINCT 9,REP FOR CONGRESSIONAL DIST EXEC COMMITTEE DIST 1 FEMALE,,REP,ANNA MARIA BUTLER,71
Mason,PRECINCT 10,REP FOR CONGRESSIONAL DIST EXEC COMMITTEE DIST 1 FEMALE,,REP,ANNA MARIA BUTLER,64
Mason,PRECINCT 11,REP FOR CONGRESSIONAL DIST EXEC COMMITTEE DIST 1 FEMALE,,REP,ANNA MARIA BUTLER,5
Mason,PRECINCT 12,REP FOR CONGRESSIONAL DIST EXEC COMMITTEE DIST 1 FEMALE,,REP,ANNA MARIA BUTLER,37
Mason,PRECINCT 13,REP FOR CONGRESSIONAL DIST EXEC COMMITTEE DIST 1 FEMALE,,REP,ANNA MARIA BUTLER,69
Mason,PRECINCT 14,REP FOR CONGRESSIONAL DIST EXEC COMMITTEE DIST 1 FEMALE,,REP,ANNA MARIA BUTLER,42
Mason,PRECINCT 15,REP FOR CONGRESSIONAL DIST EXEC COMMITTEE DIST 1 FEMALE,,REP,ANNA MARIA BUTLER,35
Mason,PRECINCT 16,REP FOR CONGRESSIONAL DIST EXEC COMMITTEE DIST 1 FEMALE,,REP,ANNA MARIA BUTLER,66
Mason,PRECINCT 17,REP FOR CONGRESSIONAL DIST EXEC COMMITTEE DIST 1 FEMALE,,REP,ANNA MARIA BUTLER,50
Mason,PRECINCT 18,REP FOR CONGRESSIONAL DIST EXEC COMMITTEE DIST 1 FEMALE,,REP,ANNA MARIA BUTLER,31
Mason,PRECINCT 19,REP FOR CONGRESSIONAL DIST EXEC COMMITTEE DIST 1 FEMALE,,REP,ANNA MARIA BUTLER,62
Mason,PRECINCT 20,REP FOR CONGRESSIONAL DIST EXEC COMMITTEE DIST 1 FEMALE,,REP,ANNA MARIA BUTLER,50
Mason,PRECINCT 21,REP FOR CONGRESSIONAL DIST EXEC COMMITTEE DIST 1 FEMALE,,REP,ANNA MARIA BUTLER,66
Mason,PRECINCT 22,REP FOR CONGRESSIONAL DIST EXEC COMMITTEE DIST 1 FEMALE,,REP,ANNA MARIA BUTLER,75
Mason,PRECINCT 23,REP FOR CONGRESSIONAL DIST EXEC COMMITTEE DIST 1 FEMALE,,REP,ANNA MARIA BUTLER,56
Mason,PRECINCT 24,REP FOR CONGRESSIONAL DIST EXEC COMMITTEE DIST 1 FEMALE,,REP,ANNA MARIA BUTLER,60
Mason,PRECINCT 25,REP FOR CONGRESSIONAL DIST EXEC COMMITTEE DIST 1 FEMALE,,REP,ANNA MARIA BUTLER,99
Mason,PRECINCT 26,REP FOR CONGRESSIONAL DIST EXEC COMMITTEE DIST 1 FEMALE,,REP,ANNA MARIA BUTLER,19
Mason,PRECINCT 27,REP FOR CONGRESSIONAL DIST EXEC COMMITTEE DIST 1 FEMALE,,REP,ANNA MARIA BUTLER,50
Mason,PRECINCT 28,REP FOR CONGRESSIONAL DIST EXEC COMMITTEE DIST 1 FEMALE,,REP,ANNA MARIA BUTLER,58
Mason,PRECINCT 29,REP FOR CONGRESSIONAL DIST EXEC COMMITTEE DIST 1 FEMALE,,REP,ANNA MARIA BUTLER,59
Mason,PRECINCT 30,REP FOR CONGRESSIONAL DIST EXEC COMMITTEE DIST 1 FEMALE,,REP,ANNA MARIA BUTLER,108
Mason,PRECINCT 1,DEM FOR CONGRESSIONAL DIST EXEC COMMITTEE DIST 1 FEMALE,,DEM,NO CANDIDATE FILED,0
Mason,PRECINCT 2,DEM FOR CONGRESSIONAL DIST EXEC COMMITTEE DIST 1 FEMALE,,DEM,NO CANDIDATE FILED,0
Mason,PRECINCT 3,DEM FOR CONGRESSIONAL DIST EXEC COMMITTEE DIST 1 FEMALE,,DEM,NO CANDIDATE FILED,0
Mason,PRECINCT 4,DEM FOR CONGRESSIONAL DIST EXEC COMMITTEE DIST 1 FEMALE,,DEM,NO CANDIDATE FILED,0
Mason,PRECINCT 5,DEM FOR CONGRESSIONAL DIST EXEC COMMITTEE DIST 1 FEMALE,,DEM,NO CANDIDATE FILED,0
Mason,PRECINCT 6,DEM FOR CONGRESSIONAL DIST EXEC COMMITTEE DIST 1 FEMALE,,DEM,NO CANDIDATE FILED,0
Mason,PRECINCT 7,DEM FOR CONGRESSIONAL DIST EXEC COMMITTEE DIST 1 FEMALE,,DEM,NO CANDIDATE FILED,0
Mason,PRECINCT 8,DEM FOR CONGRESSIONAL DIST EXEC COMMITTEE DIST 1 FEMALE,,DEM,NO CANDIDATE FILED,0
Mason,PRECINCT 9,DEM FOR CONGRESSIONAL DIST EXEC COMMITTEE DIST 1 FEMALE,,DEM,NO CANDIDATE FILED,0
Mason,PRECINCT 10,DEM FOR CONGRESSIONAL DIST EXEC COMMITTEE DIST 1 FEMALE,,DEM,NO CANDIDATE FILED,0
Mason,PRECINCT 11,DEM FOR CONGRESSIONAL DIST EXEC COMMITTEE DIST 1 FEMALE,,DEM,NO CANDIDATE FILED,0
Mason,PRECINCT 12,DEM FOR CONGRESSIONAL DIST EXEC COMMITTEE DIST 1 FEMALE,,DEM,NO CANDIDATE FILED,0
Mason,PRECINCT 13,DEM FOR CONGRESSIONAL DIST EXEC COMMITTEE DIST 1 FEMALE,,DEM,NO CANDIDATE FILED,0
Mason,PRECINCT 14,DEM FOR CONGRESSIONAL DIST EXEC COMMITTEE DIST 1 FEMALE,,DEM,NO CANDIDATE FILED,0
Mason,PRECINCT 15,DEM FOR CONGRESSIONAL DIST EXEC COMMITTEE DIST 1 FEMALE,,DEM,NO CANDIDATE FILED,0
Mason,PRECINCT 16,DEM FOR CONGRESSIONAL DIST EXEC COMMITTEE DIST 1 FEMALE,,DEM,NO CANDIDATE FILED,0
Mason,PRECINCT 17,DEM FOR CONGRESSIONAL DIST EXEC COMMITTEE DIST 1 FEMALE,,DEM,NO CANDIDATE FILED,0
Mason,PRECINCT 18,DEM FOR CONGRESSIONAL DIST EXEC COMMITTEE DIST 1 FEMALE,,DEM,NO CANDIDATE FILED,0
Mason,PRECINCT 19,DEM FOR CONGRESSIONAL DIST EXEC COMMITTEE DIST 1 FEMALE,,DEM,NO CANDIDATE FILED,0
Mason,PRECINCT 20,DEM FOR CONGRESSIONAL DIST EXEC COMMITTEE DIST 1 FEMALE,,DEM,NO CANDIDATE FILED,0
Mason,PRECINCT 21,DEM FOR CONGRESSIONAL DIST EXEC COMMITTEE DIST 1 FEMALE,,DEM,NO CANDIDATE FILED,0
Mason,PRECINCT 22,DEM FOR CONGRESSIONAL DIST EXEC COMMITTEE DIST 1 FEMALE,,DEM,NO CANDIDATE FILED,0
Mason,PRECINCT 23,DEM FOR CONGRESSIONAL DIST EXEC COMMITTEE DIST 1 FEMALE,,DEM,NO CANDIDATE FILED,0
Mason,PRECINCT 24,DEM FOR CONGRESSIONAL DIST EXEC COMMITTEE DIST 1 FEMALE,,DEM,NO CANDIDATE FILED,0
Mason,PRECINCT 25,DEM FOR CONGRESSIONAL DIST EXEC COMMITTEE DIST 1 FEMALE,,DEM,NO CANDIDATE FILED,0
Mason,PRECINCT 26,DEM FOR CONGRESSIONAL DIST EXEC COMMITTEE DIST 1 FEMALE,,DEM,NO CANDIDATE FILED,0
Mason,PRECINCT 27,DEM FOR CONGRESSIONAL DIST EXEC COMMITTEE DIST 1 FEMALE,,DEM,NO CANDIDATE FILED,0
Mason,PRECINCT 28,DEM FOR CONGRESSIONAL DIST EXEC COMMITTEE DIST 1 FEMALE,,DEM,NO CANDIDATE FILED,0
Mason,PRECINCT 29,DEM FOR CONGRESSIONAL DIST EXEC COMMITTEE DIST 1 FEMALE,,DEM,NO CANDIDATE FILED,0
Mason,PRECINCT 30,DEM FOR CONGRESSIONAL DIST EXEC COMMITTEE DIST 1 FEMALE,,DEM,NO CANDIDATE FILED,0
Mason,PRECINCT 1,REP FOR CONGRESSIONAL DIST EXEC COMMITTEE DIST 1 MALE,,REP,JIM BUTLER,15
Mason,PRECINCT 2,REP FOR CONGRESSIONAL DIST EXEC COMMITTEE DIST 1 MALE,,REP,JIM BUTLER,12
Mason,PRECINCT 3,REP FOR CONGRESSIONAL DIST EXEC COMMITTEE DIST 1 MALE,,REP,JIM BUTLER,23
Mason,PRECINCT 4,REP FOR CONGRESSIONAL DIST EXEC COMMITTEE DIST 1 MALE,,REP,JIM BUTLER,40
Mason,PRECINCT 5,REP FOR CONGRESSIONAL DIST EXEC COMMITTEE DIST 1 MALE,,REP,JIM BUTLER,25
Mason,PRECINCT 6,REP FOR CONGRESSIONAL DIST EXEC COMMITTEE DIST 1 MALE,,REP,JIM BUTLER,29
Mason,PRECINCT 7,REP FOR CONGRESSIONAL DIST EXEC COMMITTEE DIST 1 MALE,,REP,JIM BUTLER,45
Mason,PRECINCT 8,REP FOR CONGRESSIONAL DIST EXEC COMMITTEE DIST 1 MALE,,REP,JIM BUTLER,46
Mason,PRECINCT 9,REP FOR CONGRESSIONAL DIST EXEC COMMITTEE DIST 1 MALE,,REP,JIM BUTLER,70
Mason,PRECINCT 10,REP FOR CONGRESSIONAL DIST EXEC COMMITTEE DIST 1 MALE,,REP,JIM BUTLER,65
Mason,PRECINCT 11,REP FOR CONGRESSIONAL DIST EXEC COMMITTEE DIST 1 MALE,,REP,JIM BUTLER,5
Mason,PRECINCT 12,REP FOR CONGRESSIONAL DIST EXEC COMMITTEE DIST 1 MALE,,REP,JIM BUTLER,38
Mason,PRECINCT 13,REP FOR CONGRESSIONAL DIST EXEC COMMITTEE DIST 1 MALE,,REP,JIM BUTLER,70
Mason,PRECINCT 14,REP FOR CONGRESSIONAL DIST EXEC COMMITTEE DIST 1 MALE,,REP,JIM BUTLER,43
Mason,PRECINCT 15,REP FOR CONGRESSIONAL DIST EXEC COMMITTEE DIST 1 MALE,,REP,JIM BUTLER,39
Mason,PRECINCT 16,REP FOR CONGRESSIONAL DIST EXEC COMMITTEE DIST 1 MALE,,REP,JIM BUTLER,68
Mason,PRECINCT 17,REP FOR CONGRESSIONAL DIST EXEC COMMITTEE DIST 1 MALE,,REP,JIM BUTLER,47
Mason,PRECINCT 18,REP FOR CONGRESSIONAL DIST EXEC COMMITTEE DIST 1 MALE,,REP,JIM BUTLER,31
Mason,PRECINCT 19,REP FOR CONGRESSIONAL DIST EXEC COMMITTEE DIST 1 MALE,,REP,JIM BUTLER,65
Mason,PRECINCT 20,REP FOR CONGRESSIONAL DIST EXEC COMMITTEE DIST 1 MALE,,REP,JIM BUTLER,49
Mason,PRECINCT 21,REP FOR CONGRESSIONAL DIST EXEC COMMITTEE DIST 1 MALE,,REP,JIM BUTLER,67
Mason,PRECINCT 22,REP FOR CONGRESSIONAL DIST EXEC COMMITTEE DIST 1 MALE,,REP,JIM BUTLER,76
Mason,PRECINCT 23,REP FOR CONGRESSIONAL DIST EXEC COMMITTEE DIST 1 MALE,,REP,JIM BUTLER,57
Mason,PRECINCT 24,REP FOR CONGRESSIONAL DIST EXEC COMMITTEE DIST 1 MALE,,REP,JIM BUTLER,59
Mason,PRECINCT 25,REP FOR CONGRESSIONAL DIST EXEC COMMITTEE DIST 1 MALE,,REP,JIM BUTLER,101
Mason,PRECINCT 26,REP FOR CONGRESSIONAL DIST EXEC COMMITTEE DIST 1 MALE,,REP,JIM BUTLER,18
Mason,PRECINCT 27,REP FOR CONGRESSIONAL DIST EXEC COMMITTEE DIST 1 MALE,,REP,JIM BUTLER,53
Mason,PRECINCT 28,REP FOR CONGRESSIONAL DIST EXEC COMMITTEE DIST 1 MALE,,REP,JIM BUTLER,59
Mason,PRECINCT 29,REP FOR CONGRESSIONAL DIST EXEC COMMITTEE DIST 1 MALE,,REP,JIM BUTLER,56
Mason,PRECINCT 30,REP FOR CONGRESSIONAL DIST EXEC COMMITTEE DIST 1 MALE,,REP,JIM BUTLER,111
Mason,PRECINCT 1,DEM FOR CONGRESSIONAL DIST EXEC COMMITTEE DIST 1 MALE,,DEM,NO CANDIDATE FILED,0
Mason,PRECINCT 2,DEM FOR CONGRESSIONAL DIST EXEC COMMITTEE DIST 1 MALE,,DEM,NO CANDIDATE FILED,0
Mason,PRECINCT 3,DEM FOR CONGRESSIONAL DIST EXEC COMMITTEE DIST 1 MALE,,DEM,NO CANDIDATE FILED,0
Mason,PRECINCT 4,DEM FOR CONGRESSIONAL DIST EXEC COMMITTEE DIST 1 MALE,,DEM,NO CANDIDATE FILED,0
Mason,PRECINCT 5,DEM FOR CONGRESSIONAL DIST EXEC COMMITTEE DIST 1 MALE,,DEM,NO CANDIDATE FILED,0
Mason,PRECINCT 6,DEM FOR CONGRESSIONAL DIST EXEC COMMITTEE DIST 1 MALE,,DEM,NO CANDIDATE FILED,0
Mason,PRECINCT 7,DEM FOR CONGRESSIONAL DIST EXEC COMMITTEE DIST 1 MALE,,DEM,NO CANDIDATE FILED,0
Mason,PRECINCT 8,DEM FOR CONGRESSIONAL DIST EXEC COMMITTEE DIST 1 MALE,,DEM,NO CANDIDATE FILED,0
Mason,PRECINCT 9,DEM FOR CONGRESSIONAL DIST EXEC COMMITTEE DIST 1 MALE,,DEM,NO CANDIDATE FILED,0
Mason,PRECINCT 10,DEM FOR CONGRESSIONAL DIST EXEC COMMITTEE DIST 1 MALE,,DEM,NO CANDIDATE FILED,0
Mason,PRECINCT 11,DEM FOR CONGRESSIONAL DIST EXEC COMMITTEE DIST 1 MALE,,DEM,NO CANDIDATE FILED,0
Mason,PRECINCT 12,DEM FOR CONGRESSIONAL DIST EXEC COMMITTEE DIST 1 MALE,,DEM,NO CANDIDATE FILED,0
Mason,PRECINCT 13,DEM FOR CONGRESSIONAL DIST EXEC COMMITTEE DIST 1 MALE,,DEM,NO CANDIDATE FILED,0
Mason,PRECINCT 14,DEM FOR CONGRESSIONAL DIST EXEC COMMITTEE DIST 1 MALE,,DEM,NO CANDIDATE FILED,0
Mason,PRECINCT 15,DEM FOR CONGRESSIONAL DIST EXEC COMMITTEE DIST 1 MALE,,DEM,NO CANDIDATE FILED,0
Mason,PRECINCT 16,DEM FOR CONGRESSIONAL DIST EXEC COMMITTEE DIST 1 MALE,,DEM,NO CANDIDATE FILED,0
Mason,PRECINCT 17,DEM FOR CONGRESSIONAL DIST EXEC COMMITTEE DIST 1 MALE,,DEM,NO CANDIDATE FILED,0
Mason,PRECINCT 18,DEM FOR CONGRESSIONAL DIST EXEC COMMITTEE DIST 1 MALE,,DEM,NO CANDIDATE FILED,0
Mason,PRECINCT 19,DEM FOR CONGRESSIONAL DIST EXEC COMMITTEE DIST 1 MALE,,DEM,NO CANDIDATE FILED,0
Mason,PRECINCT 20,DEM FOR CONGRESSIONAL DIST EXEC COMMITTEE DIST 1 MALE,,DEM,NO CANDIDATE FILED,0
Mason,PRECINCT 21,DEM FOR CONGRESSIONAL DIST EXEC COMMITTEE DIST 1 MALE,,DEM,NO CANDIDATE FILED,0
Mason,PRECINCT 22,DEM FOR CONGRESSIONAL DIST EXEC COMMITTEE DIST 1 MALE,,DEM,NO CANDIDATE FILED,0
Mason,PRECINCT 23,DEM FOR CONGRESSIONAL DIST EXEC COMMITTEE DIST 1 MALE,,DEM,NO CANDIDATE FILED,0
Mason,PRECINCT 24,DEM FOR CONGRESSIONAL DIST EXEC COMMITTEE DIST 1 MALE,,DEM,NO CANDIDATE FILED,0
Mason,PRECINCT 25,DEM FOR CONGRESSIONAL DIST EXEC COMMITTEE DIST 1 MALE,,DEM,NO CANDIDATE FILED,0
Mason,PRECINCT 26,DEM FOR CONGRESSIONAL DIST EXEC COMMITTEE DIST 1 MALE,,DEM,NO CANDIDATE FILED,0
Mason,PRECINCT 27,DEM FOR CONGRESSIONAL DIST EXEC COMMITTEE DIST 1 MALE,,DEM,NO CANDIDATE FILED,0
Mason,PRECINCT 28,DEM FOR CONGRESSIONAL DIST EXEC COMMITTEE DIST 1 MALE,,DEM,NO CANDIDATE FILED,0
Mason,PRECINCT 29,DEM FOR CONGRESSIONAL DIST EXEC COMMITTEE DIST 1 MALE,,DEM,NO CANDIDATE FILED,0
Mason,PRECINCT 30,DEM FOR CONGRESSIONAL DIST EXEC COMMITTEE DIST 1 MALE,,DEM,NO CANDIDATE FILED,0
Mason,PRECINCT 1,REP FOR SENATORIAL EXEC COMMITTEE D4,,REP,ANNA MARIA BUTLER,14
Mason,PRECINCT 2,REP FOR SENATORIAL EXEC COMMITTEE D4,,REP,ANNA MARIA BUTLER,11
Mason,PRECINCT 3,REP FOR SENATORIAL EXEC COMMITTEE D4,,REP,ANNA MARIA BUTLER,24
Mason,PRECINCT 4,REP FOR SENATORIAL EXEC COMMITTEE D4,,REP,ANNA MARIA BUTLER,38
Mason,PRECINCT 5,REP FOR SENATORIAL EXEC COMMITTEE D4,,REP,ANNA MARIA BUTLER,25
Mason,PRECINCT 6,REP FOR SENATORIAL EXEC COMMITTEE D4,,REP,ANNA MARIA BUTLER,28
Mason,PRECINCT 7,REP FOR SENATORIAL EXEC COMMITTEE D4,,REP,ANNA MARIA BUTLER,45
Mason,PRECINCT 8,REP FOR SENATORIAL EXEC COMMITTEE D4,,REP,ANNA MARIA BUTLER,46
Mason,PRECINCT 9,REP FOR SENATORIAL EXEC COMMITTEE D4,,REP,ANNA MARIA BUTLER,71
Mason,PRECINCT 10,REP FOR SENATORIAL EXEC COMMITTEE D4,,REP,ANNA MARIA BUTLER,61
Mason,PRECINCT 11,REP FOR SENATORIAL EXEC COMMITTEE D4,,REP,ANNA MARIA BUTLER,4
Mason,PRECINCT 12,REP FOR SENATORIAL EXEC COMMITTEE D4,,REP,ANNA MARIA BUTLER,37
Mason,PRECINCT 13,REP FOR SENATORIAL EXEC COMMITTEE D4,,REP,ANNA MARIA BUTLER,67
Mason,PRECINCT 14,REP FOR SENATORIAL EXEC COMMITTEE D4,,REP,ANNA MARIA BUTLER,41
Mason,PRECINCT 15,REP FOR SENATORIAL EXEC COMMITTEE D4,,REP,ANNA MARIA BUTLER,36
Mason,PRECINCT 16,REP FOR SENATORIAL EXEC COMMITTEE D4,,REP,ANNA MARIA BUTLER,61
Mason,PRECINCT 17,REP FOR SENATORIAL EXEC COMMITTEE D4,,REP,ANNA MARIA BUTLER,47
Mason,PRECINCT 18,REP FOR SENATORIAL EXEC COMMITTEE D4,,REP,ANNA MARIA BUTLER,30
Mason,PRECINCT 19,REP FOR SENATORIAL EXEC COMMITTEE D4,,REP,ANNA MARIA BUTLER,60
Mason,PRECINCT 20,REP FOR SENATORIAL EXEC COMMITTEE D4,,REP,ANNA MARIA BUTLER,47
Mason,PRECINCT 21,REP FOR SENATORIAL EXEC COMMITTEE D4,,REP,ANNA MARIA BUTLER,66
Mason,PRECINCT 22,REP FOR SENATORIAL EXEC COMMITTEE D4,,REP,ANNA MARIA BUTLER,73
Mason,PRECINCT 23,REP FOR SENATORIAL EXEC COMMITTEE D4,,REP,ANNA MARIA BUTLER,56
Mason,PRECINCT 24,REP FOR SENATORIAL EXEC COMMITTEE D4,,REP,ANNA MARIA BUTLER,59
Mason,PRECINCT 25,REP FOR SENATORIAL EXEC COMMITTEE D4,,REP,ANNA MARIA BUTLER,102
Mason,PRECINCT 26,REP FOR SENATORIAL EXEC COMMITTEE D4,,REP,ANNA MARIA BUTLER,19
Mason,PRECINCT 27,REP FOR SENATORIAL EXEC COMMITTEE D4,,REP,ANNA MARIA BUTLER,53
Mason,PRECINCT 28,REP FOR SENATORIAL EXEC COMMITTEE D4,,REP,ANNA MARIA BUTLER,59
Mason,PRECINCT 29,REP FOR SENATORIAL EXEC COMMITTEE D4,,REP,ANNA MARIA BUTLER,58
Mason,PRECINCT 30,REP FOR SENATORIAL EXEC COMMITTEE D4,,REP,ANNA MARIA BUTLER,110
Mason,PRECINCT 1,DEM FOR SENATORIAL EXEC COMMITTEE D4,,DEM,NO CANDIDATE FILED,0
Mason,PRECINCT 2,DEM FOR SENATORIAL EXEC COMMITTEE D4,,DEM,NO CANDIDATE FILED,0
Mason,PRECINCT 3,DEM FOR SENATORIAL EXEC COMMITTEE D4,,DEM,NO CANDIDATE FILED,0
Mason,PRECINCT 4,DEM FOR SENATORIAL EXEC COMMITTEE D4,,DEM,NO CANDIDATE FILED,0
Mason,PRECINCT 5,DEM FOR SENATORIAL EXEC COMMITTEE D4,,DEM,NO CANDIDATE FILED,0
Mason,PRECINCT 6,DEM FOR SENATORIAL EXEC COMMITTEE D4,,DEM,NO CANDIDATE FILED,0
Mason,PRECINCT 7,DEM FOR SENATORIAL EXEC COMMITTEE D4,,DEM,NO CANDIDATE FILED,0
Mason,PRECINCT 8,DEM FOR SENATORIAL EXEC COMMITTEE D4,,DEM,NO CANDIDATE FILED,0
Mason,PRECINCT 9,DEM FOR SENATORIAL EXEC COMMITTEE D4,,DEM,NO CANDIDATE FILED,0
Mason,PRECINCT 10,DEM FOR SENATORIAL EXEC COMMITTEE D4,,DEM,NO CANDIDATE FILED,0
Mason,PRECINCT 11,DEM FOR SENATORIAL EXEC COMMITTEE D4,,DEM,NO CANDIDATE FILED,0
Mason,PRECINCT 12,DEM FOR SENATORIAL EXEC COMMITTEE D4,,DEM,NO CANDIDATE FILED,0
Mason,PRECINCT 13,DEM FOR SENATORIAL EXEC COMMITTEE D4,,DEM,NO CANDIDATE FILED,0
Mason,PRECINCT 14,DEM FOR SENATORIAL EXEC COMMITTEE D4,,DEM,NO CANDIDATE FILED,0
Mason,PRECINCT 15,DEM FOR SENATORIAL EXEC COMMITTEE D4,,DEM,NO CANDIDATE FILED,0
Mason,PRECINCT 16,DEM FOR SENATORIAL EXEC COMMITTEE D4,,DEM,NO CANDIDATE FILED,0
Mason,PRECINCT 17,DEM FOR SENATORIAL EXEC COMMITTEE D4,,DEM,NO CANDIDATE FILED,0
Mason,PRECINCT 18,DEM FOR SENATORIAL EXEC COMMITTEE D4,,DEM,NO CANDIDATE FILED,0
Mason,PRECINCT 19,DEM FOR SENATORIAL EXEC COMMITTEE D4,,DEM,NO CANDIDATE FILED,0
Mason,PRECINCT 20,DEM FOR SENATORIAL EXEC COMMITTEE D4,,DEM,NO CANDIDATE FILED,0
Mason,PRECINCT 21,DEM FOR SENATORIAL EXEC COMMITTEE D4,,DEM,NO CANDIDATE FILED,0
Mason,PRECINCT 22,DEM FOR SENATORIAL EXEC COMMITTEE D4,,DEM,NO CANDIDATE FILED,0
Mason,PRECINCT 23,DEM FOR SENATORIAL EXEC COMMITTEE D4,,DEM,NO CANDIDATE FILED,0
Mason,PRECINCT 24,DEM FOR SENATORIAL EXEC COMMITTEE D4,,DEM,NO CANDIDATE FILED,0
Mason,PRECINCT 25,DEM FOR SENATORIAL EXEC COMMITTEE D4,,DEM,NO CANDIDATE FILED,0
Mason,PRECINCT 26,DEM FOR SENATORIAL EXEC COMMITTEE D4,,DEM,NO CANDIDATE FILED,0
Mason,PRECINCT 27,DEM FOR SENATORIAL EXEC COMMITTEE D4,,DEM,NO CANDIDATE FILED,0
Mason,PRECINCT 28,DEM FOR SENATORIAL EXEC COMMITTEE D4,,DEM,NO CANDIDATE FILED,0
Mason,PRECINCT 29,DEM FOR SENATORIAL EXEC COMMITTEE D4,,DEM,NO CANDIDATE FILED,0
Mason,PRECINCT 30,DEM FOR SENATORIAL EXEC COMMITTEE D4,,DEM,NO CANDIDATE FILED,0
Mason,PRECINCT 1,REP FOR SENATORIAL EXEC COMMITTEE D4,,REP,JIM BUTLER,15
Mason,PRECINCT 2,REP FOR SENATORIAL EXEC COMMITTEE D4,,REP,JIM BUTLER,13
Mason,PRECINCT 3,REP FOR SENATORIAL EXEC COMMITTEE D4,,REP,JIM BUTLER,22
Mason,PRECINCT 4,REP FOR SENATORIAL EXEC COMMITTEE D4,,REP,JIM BUTLER,39
Mason,PRECINCT 5,REP FOR SENATORIAL EXEC COMMITTEE D4,,REP,JIM BUTLER,25
Mason,PRECINCT 6,REP FOR SENATORIAL EXEC COMMITTEE D4,,REP,JIM BUTLER,26
Mason,PRECINCT 7,REP FOR SENATORIAL EXEC COMMITTEE D4,,REP,JIM BUTLER,46
Mason,PRECINCT 8,REP FOR SENATORIAL EXEC COMMITTEE D4,,REP,JIM BUTLER,46
Mason,PRECINCT 9,REP FOR SENATORIAL EXEC COMMITTEE D4,,REP,JIM BUTLER,71
Mason,PRECINCT 10,REP FOR SENATORIAL EXEC COMMITTEE D4,,REP,JIM BUTLER,63
Mason,PRECINCT 11,REP FOR SENATORIAL EXEC COMMITTEE D4,,REP,JIM BUTLER,4
Mason,PRECINCT 12,REP FOR SENATORIAL EXEC COMMITTEE D4,,REP,JIM BUTLER,37
Mason,PRECINCT 13,REP FOR SENATORIAL EXEC COMMITTEE D4,,REP,JIM BUTLER,68
Mason,PRECINCT 14,REP FOR SENATORIAL EXEC COMMITTEE D4,,REP,JIM BUTLER,41
Mason,PRECINCT 15,REP FOR SENATORIAL EXEC COMMITTEE D4,,REP,JIM BUTLER,39
Mason,PRECINCT 16,REP FOR SENATORIAL EXEC COMMITTEE D4,,REP,JIM BUTLER,63
Mason,PRECINCT 17,REP FOR SENATORIAL EXEC COMMITTEE D4,,REP,JIM BUTLER,48
Mason,PRECINCT 18,REP FOR SENATORIAL EXEC COMMITTEE D4,,REP,JIM BUTLER,30
Mason,PRECINCT 19,REP FOR SENATORIAL EXEC COMMITTEE D4,,REP,JIM BUTLER,60
Mason,PRECINCT 20,REP FOR SENATORIAL EXEC COMMITTEE D4,,REP,JIM BUTLER,47
Mason,PRECINCT 21,REP FOR SENATORIAL EXEC COMMITTEE D4,,REP,JIM BUTLER,66
Mason,PRECINCT 22,REP FOR SENATORIAL EXEC COMMITTEE D4,,REP,JIM BUTLER,74
Mason,PRECINCT 23,REP FOR SENATORIAL EXEC COMMITTEE D4,,REP,JIM BUTLER,57
Mason,PRECINCT 24,REP FOR SENATORIAL EXEC COMMITTEE D4,,REP,JIM BUTLER,59
Mason,PRECINCT 25,REP FOR SENATORIAL EXEC COMMITTEE D4,,REP,JIM BUTLER,98
Mason,PRECINCT 26,REP FOR SENATORIAL EXEC COMMITTEE D4,,REP,JIM BUTLER,18
Mason,PRECINCT 27,REP FOR SENATORIAL EXEC COMMITTEE D4,,REP,JIM BUTLER,55
Mason,PRECINCT 28,REP FOR SENATORIAL EXEC COMMITTEE D4,,REP,JIM BUTLER,59
Mason,PRECINCT 29,REP FOR SENATORIAL EXEC COMMITTEE D4,,REP,JIM BUTLER,58
Mason,PRECINCT 30,REP FOR SENATORIAL EXEC COMMITTEE D4,,REP,JIM BUTLER,108
Mason,PRECINCT 20,REP FOR DELEGATE DIST EXEC COMMITTEE DIST 17 FEMALE,,REP,NO CANDIDATE FILED,0
Mason,PRECINCT 21,REP FOR DELEGATE DIST EXEC COMMITTEE DIST 17 FEMALE,,REP,NO CANDIDATE FILED,0
Mason,PRECINCT 22,REP FOR DELEGATE DIST EXEC COMMITTEE DIST 17 FEMALE,,REP,NO CANDIDATE FILED,0
Mason,PRECINCT 23,REP FOR DELEGATE DIST EXEC COMMITTEE DIST 17 FEMALE,,REP,NO CANDIDATE FILED,0
Mason,PRECINCT 24,REP FOR DELEGATE DIST EXEC COMMITTEE DIST 17 FEMALE,,REP,NO CANDIDATE FILED,0
Mason,PRECINCT 25,REP FOR DELEGATE DIST EXEC COMMITTEE DIST 17 FEMALE,,REP,NO CANDIDATE FILED,0
Mason,PRECINCT 26,REP FOR DELEGATE DIST EXEC COMMITTEE DIST 17 FEMALE,,REP,NO CANDIDATE FILED,0
Mason,PRECINCT 27,REP FOR DELEGATE DIST EXEC COMMITTEE DIST 17 FEMALE,,REP,NO CANDIDATE FILED,0
Mason,PRECINCT 28,REP FOR DELEGATE DIST EXEC COMMITTEE DIST 17 FEMALE,,REP,NO CANDIDATE FILED,0
Mason,PRECINCT 29,REP FOR DELEGATE DIST EXEC COMMITTEE DIST 17 FEMALE,,REP,NO CANDIDATE FILED,0
Mason,PRECINCT 20,DEM FOR DELEGATE DIST EXEC COMMITTEE DIST 17 FEMALE,,DEM,NO CANDIDATE FILED,0
Mason,PRECINCT 21,DEM FOR DELEGATE DIST EXEC COMMITTEE DIST 17 FEMALE,,DEM,NO CANDIDATE FILED,0
Mason,PRECINCT 22,DEM FOR DELEGATE DIST EXEC COMMITTEE DIST 17 FEMALE,,DEM,NO CANDIDATE FILED,0
Mason,PRECINCT 23,DEM FOR DELEGATE DIST EXEC COMMITTEE DIST 17 FEMALE,,DEM,NO CANDIDATE FILED,0
Mason,PRECINCT 24,DEM FOR DELEGATE DIST EXEC COMMITTEE DIST 17 FEMALE,,DEM,NO CANDIDATE FILED,0
Mason,PRECINCT 25,DEM FOR DELEGATE DIST EXEC COMMITTEE DIST 17 FEMALE,,DEM,NO CANDIDATE FILED,0
Mason,PRECINCT 26,DEM FOR DELEGATE DIST EXEC COMMITTEE DIST 17 FEMALE,,DEM,NO CANDIDATE FILED,0
Mason,PRECINCT 27,DEM FOR DELEGATE DIST EXEC COMMITTEE DIST 17 FEMALE,,DEM,NO CANDIDATE FILED,0
Mason,PRECINCT 28,DEM FOR DELEGATE DIST EXEC COMMITTEE DIST 17 FEMALE,,DEM,NO CANDIDATE FILED,0
Mason,PRECINCT 29,DEM FOR DELEGATE DIST EXEC COMMITTEE DIST 17 FEMALE,,DEM,NO CANDIDATE FILED,0
Mason,PRECINCT 20,REP FOR DELEGATE DIST EXEC COMMITTEE DIST 17 MALE,,REP,NO CANDIDATE FILED,0
Mason,PRECINCT 21,REP FOR DELEGATE DIST EXEC COMMITTEE DIST 17 MALE,,REP,NO CANDIDATE FILED,0
Mason,PRECINCT 22,REP FOR DELEGATE DIST EXEC COMMITTEE DIST 17 MALE,,REP,NO CANDIDATE FILED,0
Mason,PRECINCT 23,REP FOR DELEGATE DIST EXEC COMMITTEE DIST 17 MALE,,REP,NO CANDIDATE FILED,0
Mason,PRECINCT 24,REP FOR DELEGATE DIST EXEC COMMITTEE DIST 17 MALE,,REP,NO CANDIDATE FILED,0
Mason,PRECINCT 25,REP FOR DELEGATE DIST EXEC COMMITTEE DIST 17 MALE,,REP,NO CANDIDATE FILED,0
Mason,PRECINCT 26,REP FOR DELEGATE DIST EXEC COMMITTEE DIST 17 MALE,,REP,NO CANDIDATE FILED,0
Mason,PRECINCT 27,REP FOR DELEGATE DIST EXEC COMMITTEE DIST 17 MALE,,REP,NO CANDIDATE FILED,0
Mason,PRECINCT 28,REP FOR DELEGATE DIST EXEC COMMITTEE DIST 17 MALE,,REP,NO CANDIDATE FILED,0
Mason,PRECINCT 29,REP FOR DELEGATE DIST EXEC COMMITTEE DIST 17 MALE,,REP,NO CANDIDATE FILED,0
Mason,PRECINCT 20,DEM FOR DELEGATE DIST EXEC COMMITTEE DIST 17 MALE,,DEM,NO CANDIDATE FILED,0
Mason,PRECINCT 21,DEM FOR DELEGATE DIST EXEC COMMITTEE DIST 17 MALE,,DEM,NO CANDIDATE FILED,0
Mason,PRECINCT 22,DEM FOR DELEGATE DIST EXEC COMMITTEE DIST 17 MALE,,DEM,NO CANDIDATE FILED,0
Mason,PRECINCT 23,DEM FOR DELEGATE DIST EXEC COMMITTEE DIST 17 MALE,,DEM,NO CANDIDATE FILED,0
Mason,PRECINCT 24,DEM FOR DELEGATE DIST EXEC COMMITTEE DIST 17 MALE,,DEM,NO CANDIDATE FILED,0
Mason,PRECINCT 25,DEM FOR DELEGATE DIST EXEC COMMITTEE DIST 17 MALE,,DEM,NO CANDIDATE FILED,0
Mason,PRECINCT 26,DEM FOR DELEGATE DIST EXEC COMMITTEE DIST 17 MALE,,DEM,NO CANDIDATE FILED,0
Mason,PRECINCT 27,DEM FOR DELEGATE DIST EXEC COMMITTEE DIST 17 MALE,,DEM,NO CANDIDATE FILED,0
Mason,PRECINCT 28,DEM FOR DELEGATE DIST EXEC COMMITTEE DIST 17 MALE,,DEM,NO CANDIDATE FILED,0
Mason,PRECINCT 29,DEM FOR DELEGATE DIST EXEC COMMITTEE DIST 17 MALE,,DEM,NO CANDIDATE FILED,0
Mason,PRECINCT 1,REP FOR DELEGATE DIST EXEC COMMITTEE DIST 18 FEMALE,,REP,ANNA MARIA BUTLER,15
Mason,PRECINCT 2,REP FOR DELEGATE DIST EXEC COMMITTEE DIST 18 FEMALE,,REP,ANNA MARIA BUTLER,12
Mason,PRECINCT 3,REP FOR DELEGATE DIST EXEC COMMITTEE DIST 18 FEMALE,,REP,ANNA MARIA BUTLER,22
Mason,PRECINCT 4,REP FOR DELEGATE DIST EXEC COMMITTEE DIST 18 FEMALE,,REP,ANNA MARIA BUTLER,38
Mason,PRECINCT 5,REP FOR DELEGATE DIST EXEC COMMITTEE DIST 18 FEMALE,,REP,ANNA MARIA BUTLER,25
Mason,PRECINCT 6,REP FOR DELEGATE DIST EXEC COMMITTEE DIST 18 FEMALE,,REP,ANNA MARIA BUTLER,27
Mason,PRECINCT 7,REP FOR DELEGATE DIST EXEC COMMITTEE DIST 18 FEMALE,,REP,ANNA MARIA BUTLER,46
Mason,PRECINCT 8,REP FOR DELEGATE DIST EXEC COMMITTEE DIST 18 FEMALE,,REP,ANNA MARIA BUTLER,46
Mason,PRECINCT 9,REP FOR DELEGATE DIST EXEC COMMITTEE DIST 18 FEMALE,,REP,ANNA MARIA BUTLER,72
Mason,PRECINCT 10,REP FOR DELEGATE DIST EXEC COMMITTEE DIST 18 FEMALE,,REP,ANNA MARIA BUTLER,63
Mason,PRECINCT 11,REP FOR DELEGATE DIST EXEC COMMITTEE DIST 18 FEMALE,,REP,ANNA MARIA BUTLER,4
Mason,PRECINCT 12,REP FOR DELEGATE DIST EXEC COMMITTEE DIST 18 FEMALE,,REP,ANNA MARIA BUTLER,37
Mason,PRECINCT 13,REP FOR DELEGATE DIST EXEC COMMITTEE DIST 18 FEMALE,,REP,ANNA MARIA BUTLER,66
Mason,PRECINCT 14,REP FOR DELEGATE DIST EXEC COMMITTEE DIST 18 FEMALE,,REP,ANNA MARIA BUTLER,40
Mason,PRECINCT 15,REP FOR DELEGATE DIST EXEC COMMITTEE DIST 18 FEMALE,,REP,ANNA MARIA BUTLER,35
Mason,PRECINCT 16,REP FOR DELEGATE DIST EXEC COMMITTEE DIST 18 FEMALE,,REP,ANNA MARIA BUTLER,59
Mason,PRECINCT 17,REP FOR DELEGATE DIST EXEC COMMITTEE DIST 18 FEMALE,,REP,ANNA MARIA BUTLER,46
Mason,PRECINCT 18,REP FOR DELEGATE DIST EXEC COMMITTEE DIST 18 FEMALE,,REP,ANNA MARIA BUTLER,28
Mason,PRECINCT 19,REP FOR DELEGATE DIST EXEC COMMITTEE DIST 18 FEMALE,,REP,ANNA MARIA BUTLER,59
Mason,PRECINCT 30,REP FOR DELEGATE DIST EXEC COMMITTEE DIST 18 FEMALE,,REP,ANNA MARIA BUTLER,110
Mason,PRECINCT 1,DEM FOR DELEGATE DIST EXEC COMMITTEE DIST 18 FEMALE,,DEM,NO CANDIDATE FILED,0
Mason,PRECINCT 2,DEM FOR DELEGATE DIST EXEC COMMITTEE DIST 18 FEMALE,,DEM,NO CANDIDATE FILED,0
Mason,PRECINCT 3,DEM FOR DELEGATE DIST EXEC COMMITTEE DIST 18 FEMALE,,DEM,NO CANDIDATE FILED,0
Mason,PRECINCT 4,DEM FOR DELEGATE DIST EXEC COMMITTEE DIST 18 FEMALE,,DEM,NO CANDIDATE FILED,0
Mason,PRECINCT 5,DEM FOR DELEGATE DIST EXEC COMMITTEE DIST 18 FEMALE,,DEM,NO CANDIDATE FILED,0
Mason,PRECINCT 6,DEM FOR DELEGATE DIST EXEC COMMITTEE DIST 18 FEMALE,,DEM,NO CANDIDATE FILED,0
Mason,PRECINCT 7,DEM FOR DELEGATE DIST EXEC COMMITTEE DIST 18 FEMALE,,DEM,NO CANDIDATE FILED,0
Mason,PRECINCT 8,DEM FOR DELEGATE DIST EXEC COMMITTEE DIST 18 FEMALE,,DEM,NO CANDIDATE FILED,0
Mason,PRECINCT 9,DEM FOR DELEGATE DIST EXEC COMMITTEE DIST 18 FEMALE,,DEM,NO CANDIDATE FILED,0
Mason,PRECINCT 10,DEM FOR DELEGATE DIST EXEC COMMITTEE DIST 18 FEMALE,,DEM,NO CANDIDATE FILED,0
Mason,PRECINCT 11,DEM FOR DELEGATE DIST EXEC COMMITTEE DIST 18 FEMALE,,DEM,NO CANDIDATE FILED,0
Mason,PRECINCT 12,DEM FOR DELEGATE DIST EXEC COMMITTEE DIST 18 FEMALE,,DEM,NO CANDIDATE FILED,0
Mason,PRECINCT 13,DEM FOR DELEGATE DIST EXEC COMMITTEE DIST 18 FEMALE,,DEM,NO CANDIDATE FILED,0
Mason,PRECINCT 14,DEM FOR DELEGATE DIST EXEC COMMITTEE DIST 18 FEMALE,,DEM,NO CANDIDATE FILED,0
Mason,PRECINCT 15,DEM FOR DELEGATE DIST EXEC COMMITTEE DIST 18 FEMALE,,DEM,NO CANDIDATE FILED,0
Mason,PRECINCT 16,DEM FOR DELEGATE DIST EXEC COMMITTEE DIST 18 FEMALE,,DEM,NO CANDIDATE FILED,0
Mason,PRECINCT 17,DEM FOR DELEGATE DIST EXEC COMMITTEE DIST 18 FEMALE,,DEM,NO CANDIDATE FILED,0
Mason,PRECINCT 18,DEM FOR DELEGATE DIST EXEC COMMITTEE DIST 18 FEMALE,,DEM,NO CANDIDATE FILED,0
Mason,PRECINCT 19,DEM FOR DELEGATE DIST EXEC COMMITTEE DIST 18 FEMALE,,DEM,NO CANDIDATE FILED,0
Mason,PRECINCT 30,DEM FOR DELEGATE DIST EXEC COMMITTEE DIST 18 FEMALE,,DEM,NO CANDIDATE FILED,0
Mason,PRECINCT 1,REP FOR DELEGATE DIST EXEC COMMITTEE DIST 18 MALE,,REP,JIM BUTLER,14
Mason,PRECINCT 2,REP FOR DELEGATE DIST EXEC COMMITTEE DIST 18 MALE,,REP,JIM BUTLER,12
Mason,PRECINCT 3,REP FOR DELEGATE DIST EXEC COMMITTEE DIST 18 MALE,,REP,JIM BUTLER,22
Mason,PRECINCT 4,REP FOR DELEGATE DIST EXEC COMMITTEE DIST 18 MALE,,REP,JIM BUTLER,39
Mason,PRECINCT 5,REP FOR DELEGATE DIST EXEC COMMITTEE DIST 18 MALE,,REP,JIM BUTLER,24
Mason,PRECINCT 6,REP FOR DELEGATE DIST EXEC COMMITTEE DIST 18 MALE,,REP,JIM BUTLER,27
Mason,PRECINCT 7,REP FOR DELEGATE DIST EXEC COMMITTEE DIST 18 MALE,,REP,JIM BUTLER,45
Mason,PRECINCT 8,REP FOR DELEGATE DIST EXEC COMMITTEE DIST 18 MALE,,REP,JIM BUTLER,46
Mason,PRECINCT 9,REP FOR DELEGATE DIST EXEC COMMITTEE DIST 18 MALE,,REP,JIM BUTLER,71
Mason,PRECINCT 10,REP FOR DELEGATE DIST EXEC COMMITTEE DIST 18 MALE,,REP,JIM BUTLER,63
Mason,PRECINCT 11,REP FOR DELEGATE DIST EXEC COMMITTEE DIST 18 MALE,,REP,JIM BUTLER,4
Mason,PRECINCT 12,REP FOR DELEGATE DIST EXEC COMMITTEE DIST 18 MALE,,REP,JIM BUTLER,37
Mason,PRECINCT 13,REP FOR DELEGATE DIST EXEC COMMITTEE DIST 18 MALE,,REP,JIM BUTLER,69
Mason,PRECINCT 14,REP FOR DELEGATE DIST EXEC COMMITTEE DIST 18 MALE,,REP,JIM BUTLER,41
Mason,PRECINCT 15,REP FOR DELEGATE DIST EXEC COMMITTEE DIST 18 MALE,,REP,JIM BUTLER,40
Mason,PRECINCT 16,REP FOR DELEGATE DIST EXEC COMMITTEE DIST 18 MALE,,REP,JIM BUTLER,65
Mason,PRECINCT 17,REP FOR DELEGATE DIST EXEC COMMITTEE DIST 18 MALE,,REP,JIM BUTLER,47
Mason,PRECINCT 18,REP FOR DELEGATE DIST EXEC COMMITTEE DIST 18 MALE,,REP,JIM BUTLER,29
Mason,PRECINCT 19,REP FOR DELEGATE DIST EXEC COMMITTEE DIST 18 MALE,,REP,JIM BUTLER,60
Mason,PRECINCT 30,REP FOR DELEGATE DIST EXEC COMMITTEE DIST 18 MALE,,REP,JIM BUTLER,106
Mason,PRECINCT 1,DEM FOR DELEGATE DIST EXEC COMMITTEE DIST 18 MALE,,DEM,NO CANDIDATE FILED,0
Mason,PRECINCT 2,DEM FOR DELEGATE DIST EXEC COMMITTEE DIST 18 MALE,,DEM,NO CANDIDATE FILED,0
Mason,PRECINCT 3,DEM FOR DELEGATE DIST EXEC COMMITTEE DIST 18 MALE,,DEM,NO CANDIDATE FILED,0
Mason,PRECINCT 4,DEM FOR DELEGATE DIST EXEC COMMITTEE DIST 18 MALE,,DEM,NO CANDIDATE FILED,0
Mason,PRECINCT 5,DEM FOR DELEGATE DIST EXEC COMMITTEE DIST 18 MALE,,DEM,NO CANDIDATE FILED,0
Mason,PRECINCT 6,DEM FOR DELEGATE DIST EXEC COMMITTEE DIST 18 MALE,,DEM,NO CANDIDATE FILED,0
Mason,PRECINCT 7,DEM FOR DELEGATE DIST EXEC COMMITTEE DIST 18 MALE,,DEM,NO CANDIDATE FILED,0
Mason,PRECINCT 8,DEM FOR DELEGATE DIST EXEC COMMITTEE DIST 18 MALE,,DEM,NO CANDIDATE FILED,0
Mason,PRECINCT 9,DEM FOR DELEGATE DIST EXEC COMMITTEE DIST 18 MALE,,DEM,NO CANDIDATE FILED,0
Mason,PRECINCT 10,DEM FOR DELEGATE DIST EXEC COMMITTEE DIST 18 MALE,,DEM,NO CANDIDATE FILED,0
Mason,PRECINCT 11,DEM FOR DELEGATE DIST EXEC COMMITTEE DIST 18 MALE,,DEM,NO CANDIDATE FILED,0
Mason,PRECINCT 12,DEM FOR DELEGATE DIST EXEC COMMITTEE DIST 18 MALE,,DEM,NO CANDIDATE FILED,0
Mason,PRECINCT 13,DEM FOR DELEGATE DIST EXEC COMMITTEE DIST 18 MALE,,DEM,NO CANDIDATE FILED,0
Mason,PRECINCT 14,DEM FOR DELEGATE DIST EXEC COMMITTEE DIST 18 MALE,,DEM,NO CANDIDATE FILED,0
Mason,PRECINCT 15,DEM FOR DELEGATE DIST EXEC COMMITTEE DIST 18 MALE,,DEM,NO CANDIDATE FILED,0
Mason,PRECINCT 16,DEM FOR DELEGATE DIST EXEC COMMITTEE DIST 18 MALE,,DEM,NO CANDIDATE FILED,0
Mason,PRECINCT 17,DEM FOR DELEGATE DIST EXEC COMMITTEE DIST 18 MALE,,DEM,NO CANDIDATE FILED,0
Mason,PRECINCT 18,DEM FOR DELEGATE DIST EXEC COMMITTEE DIST 18 MALE,,DEM,NO CANDIDATE FILED,0
Mason,PRECINCT 19,DEM FOR DELEGATE DIST EXEC COMMITTEE DIST 18 MALE,,DEM,NO CANDIDATE FILED,0
Mason,PRECINCT 30,DEM FOR DELEGATE DIST EXEC COMMITTEE DIST 18 MALE,,DEM,NO CANDIDATE FILED,0
Mason,PRECINCT 1,Supreme Court of Appeals,,,JARED BILLINGS,17
Mason,PRECINCT 2,Supreme Court of Appeals,,,JARED BILLINGS,15
Mason,PRECINCT 3,Supreme Court of Appeals,,,JARED BILLINGS,49
Mason,PRECINCT 4,Supreme Court of Appeals,,,JARED BILLINGS,58
Mason,PRECINCT 5,Supreme Court of Appeals,,,JARED BILLINGS,58
Mason,PRECINCT 6,Supreme Court of Appeals,,,JARED BILLINGS,58
Mason,PRECINCT 7,Supreme Court of Appeals,,,JARED BILLINGS,69
Mason,PRECINCT 8,Supreme Court of Appeals,,,JARED BILLINGS,83
Mason,PRECINCT 9,Supreme Court of Appeals,,,JARED BILLINGS,99
Mason,PRECINCT 10,Supreme Court of Appeals,,,JARED BILLINGS,80
Mason,PRECINCT 11,Supreme Court of Appeals,,,JARED BILLINGS,6
Mason,PRECINCT 12,Supreme Court of Appeals,,,JARED BILLINGS,59
Mason,PRECINCT 13,Supreme Court of Appeals,,,JARED BILLINGS,119
Mason,PRECINCT 14,Supreme Court of Appeals,,,JARED BILLINGS,61
Mason,PRECINCT 15,Supreme Court of Appeals,,,JARED BILLINGS,60
Mason,PRECINCT 16,Supreme Court of Appeals,,,JARED BILLINGS,70
Mason,PRECINCT 17,Supreme Court of Appeals,,,JARED BILLINGS,73
Mason,PRECINCT 18,Supreme Court of Appeals,,,JARED BILLINGS,50
Mason,PRECINCT 19,Supreme Court of Appeals,,,JARED BILLINGS,54
Mason,PRECINCT 20,Supreme Court of Appeals,,,JARED BILLINGS,55
Mason,PRECINCT 21,Supreme Court of Appeals,,,JARED BILLINGS,52
Mason,PRECINCT 22,Supreme Court of Appeals,,,JARED BILLINGS,82
Mason,PRECINCT 23,Supreme Court of Appeals,,,JARED BILLINGS,69
Mason,PRECINCT 24,Supreme Court of Appeals,,,JARED BILLINGS,74
Mason,PRECINCT 25,Supreme Court of Appeals,,,JARED BILLINGS,128
Mason,PRECINCT 26,Supreme Court of Appeals,,,JARED BILLINGS,29
Mason,PRECINCT 27,Supreme Court of Appeals,,,JARED BILLINGS,50
Mason,PRECINCT 28,Supreme Court of Appeals,,,JARED BILLINGS,68
Mason,PRECINCT 29,Supreme Court of Appeals,,,JARED BILLINGS,82
Mason,PRECINCT 30,Supreme Court of Appeals,,,JARED BILLINGS,189
Mason,PRECINCT 1,Supreme Court of Appeals,,,DALE SHOBE,14
Mason,PRECINCT 2,Supreme Court of Appeals,,,DALE SHOBE,16
Mason,PRECINCT 3,Supreme Court of Appeals,,,DALE SHOBE,47
Mason,PRECINCT 4,Supreme Court of Appeals,,,DALE SHOBE,61
Mason,PRECINCT 5,Supreme Court of Appeals,,,DALE SHOBE,48
Mason,PRECINCT 6,Supreme Court of Appeals,,,DALE SHOBE,44
Mason,PRECINCT 7,Supreme Court of Appeals,,,DALE SHOBE,65
Mason,PRECINCT 8,Supreme Court of Appeals,,,DALE SHOBE,70
Mason,PRECINCT 9,Supreme Court of Appeals,,,DALE SHOBE,93
Mason,PRECINCT 10,Supreme Court of Appeals,,,DALE SHOBE,86
Mason,PRECINCT 11,Supreme Court of Appeals,,,DALE SHOBE,7
Mason,PRECINCT 12,Supreme Court of Appeals,,,DALE SHOBE,45
Mason,PRECINCT 13,Supreme Court of Appeals,,,DALE SHOBE,79
Mason,PRECINCT 14,Supreme Court of Appeals,,,DALE SHOBE,45
Mason,PRECINCT 15,Supreme Court of Appeals,,,DALE SHOBE,51
Mason,PRECINCT 16,Supreme Court of Appeals,,,DALE SHOBE,74
Mason,PRECINCT 17,Supreme Court of Appeals,,,DALE SHOBE,57
Mason,PRECINCT 18,Supreme Court of Appeals,,,DALE SHOBE,57
Mason,PRECINCT 19,Supreme Court of Appeals,,,DALE SHOBE,57
Mason,PRECINCT 20,Supreme Court of Appeals,,,DALE SHOBE,50
Mason,PRECINCT 21,Supreme Court of Appeals,,,DALE SHOBE,52
Mason,PRECINCT 22,Supreme Court of Appeals,,,DALE SHOBE,78
Mason,PRECINCT 23,Supreme Court of Appeals,,,DALE SHOBE,81
Mason,PRECINCT 24,Supreme Court of Appeals,,,DALE SHOBE,83
Mason,PRECINCT 25,Supreme Court of Appeals,,,DALE SHOBE,119
Mason,PRECINCT 26,Supreme Court of Appeals,,,DALE SHOBE,26
Mason,PRECINCT 27,Supreme Court of Appeals,,,DALE SHOBE,52
Mason,PRECINCT 28,Supreme Court of Appeals,,,DALE SHOBE,61
Mason,PRECINCT 29,Supreme Court of Appeals,,,DALE SHOBE,65
Mason,PRECINCT 30,Supreme Court of Appeals,,,DALE SHOBE,173
Mason,PRECINCT 1,Supreme Court of Appeals,,,ASHLEY THOMAS COSSIN,17
Mason,PRECINCT 2,Supreme Court of Appeals,,,ASHLEY THOMAS COSSIN,15
Mason,PRECINCT 3,Supreme Court of Appeals,,,ASHLEY THOMAS COSSIN,46
Mason,PRECINCT 4,Supreme Court of Appeals,,,ASHLEY THOMAS COSSIN,63
Mason,PRECINCT 5,Supreme Court of Appeals,,,ASHLEY THOMAS COSSIN,55
Mason,PRECINCT 6,Supreme Court of Appeals,,,ASHLEY THOMAS COSSIN,57
Mason,PRECINCT 7,Supreme Court of Appeals,,,ASHLEY THOMAS COSSIN,66
Mason,PRECINCT 8,Supreme Court of Appeals,,,ASHLEY THOMAS COSSIN,83
Mason,PRECINCT 9,Supreme Court of Appeals,,,ASHLEY THOMAS COSSIN,110
Mason,PRECINCT 10,Supreme Court of Appeals,,,ASHLEY THOMAS COSSIN,86
Mason,PRECINCT 11,Supreme Court of Appeals,,,ASHLEY THOMAS COSSIN,11
Mason,PRECINCT 12,Supreme Court of Appeals,,,ASHLEY THOMAS COSSIN,45
Mason,PRECINCT 13,Supreme Court of Appeals,,,ASHLEY THOMAS COSSIN,97
Mason,PRECINCT 14,Supreme Court of Appeals,,,ASHLEY THOMAS COSSIN,45
Mason,PRECINCT 15,Supreme Court of Appeals,,,ASHLEY THOMAS COSSIN,46
Mason,PRECINCT 16,Supreme Court of Appeals,,,ASHLEY THOMAS COSSIN,72
Mason,PRECINCT 17,Supreme Court of Appeals,,,ASHLEY THOMAS COSSIN,56
Mason,PRECINCT 18,Supreme Court of Appeals,,,ASHLEY THOMAS COSSIN,42
Mason,PRECINCT 19,Supreme Court of Appeals,,,ASHLEY THOMAS COSSIN,98
Mason,PRECINCT 20,Supreme Court of Appeals,,,ASHLEY THOMAS COSSIN,71
Mason,PRECINCT 21,Supreme Court of Appeals,,,ASHLEY THOMAS COSSIN,93
Mason,PRECINCT 22,Supreme Court of Appeals,,,ASHLEY THOMAS COSSIN,93
Mason,PRECINCT 23,Supreme Court of Appeals,,,ASHLEY THOMAS COSSIN,77
Mason,PRECINCT 24,Supreme Court of Appeals,,,ASHLEY THOMAS COSSIN,80
Mason,PRECINCT 25,Supreme Court of Appeals,,,ASHLEY THOMAS COSSIN,126
Mason,PRECINCT 26,Supreme Court of Appeals,,,ASHLEY THOMAS COSSIN,32
Mason,PRECINCT 27,Supreme Court of Appeals,,,ASHLEY THOMAS COSSIN,52
Mason,PRECINCT 28,Supreme Court of Appeals,,,ASHLEY THOMAS COSSIN,73
Mason,PRECINCT 29,Supreme Court of Appeals,,,ASHLEY THOMAS COSSIN,92
Mason,PRECINCT 30,Supreme Court of Appeals,,,ASHLEY THOMAS COSSIN,193
Mason,PRECINCT 1,FOR CONSERVATION DISTRICT SUPERVISOR,,REP,REP CHARLES T LIPSCOMB,23
Mason,PRECINCT 2,FOR CONSERVATION DISTRICT SUPERVISOR,,REP,REP CHARLES T LIPSCOMB,23
Mason,PRECINCT 3,FOR CONSERVATION DISTRICT SUPERVISOR,,REP,REP CHARLES T LIPSCOMB,50
Mason,PRECINCT 4,FOR CONSERVATION DISTRICT SUPERVISOR,,REP,REP CHARLES T LIPSCOMB,81
Mason,PRECINCT 5,FOR CONSERVATION DISTRICT SUPERVISOR,,REP,REP CHARLES T LIPSCOMB,63
Mason,PRECINCT 6,FOR CONSERVATION DISTRICT SUPERVISOR,,REP,REP CHARLES T LIPSCOMB,65
Mason,PRECINCT 7,FOR CONSERVATION DISTRICT SUPERVISOR,,REP,REP CHARLES T LIPSCOMB,79
Mason,PRECINCT 8,FOR CONSERVATION DISTRICT SUPERVISOR,,REP,REP CHARLES T LIPSCOMB,103
Mason,PRECINCT 9,FOR CONSERVATION DISTRICT SUPERVISOR,,REP,REP CHARLES T LIPSCOMB,132
Mason,PRECINCT 10,FOR CONSERVATION DISTRICT SUPERVISOR,,REP,REP CHARLES T LIPSCOMB,118
Mason,PRECINCT 11,FOR CONSERVATION DISTRICT SUPERVISOR,,REP,REP CHARLES T LIPSCOMB,9
Mason,PRECINCT 12,FOR CONSERVATION DISTRICT SUPERVISOR,,REP,REP CHARLES T LIPSCOMB,66
Mason,PRECINCT 13,FOR CONSERVATION DISTRICT SUPERVISOR,,REP,REP CHARLES T LIPSCOMB,122
Mason,PRECINCT 14,FOR CONSERVATION DISTRICT SUPERVISOR,,REP,REP CHARLES T LIPSCOMB,65
Mason,PRECINCT 15,FOR CONSERVATION DISTRICT SUPERVISOR,,REP,REP CHARLES T LIPSCOMB,69
Mason,PRECINCT 16,FOR CONSERVATION DISTRICT SUPERVISOR,,REP,REP CHARLES T LIPSCOMB,110
Mason,PRECINCT 17,FOR CONSERVATION DISTRICT SUPERVISOR,,REP,REP CHARLES T LIPSCOMB,78
Mason,PRECINCT 18,FOR CONSERVATION DISTRICT SUPERVISOR,,REP,REP CHARLES T LIPSCOMB,63
Mason,PRECINCT 19,FOR CONSERVATION DISTRICT SUPERVISOR,,REP,REP CHARLES T LIPSCOMB,102
Mason,PRECINCT 20,FOR CONSERVATION DISTRICT SUPERVISOR,,REP,REP CHARLES T LIPSCOMB,70
Mason,PRECINCT 21,FOR CONSERVATION DISTRICT SUPERVISOR,,REP,REP CHARLES T LIPSCOMB,103
Mason,PRECINCT 22,FOR CONSERVATION DISTRICT SUPERVISOR,,REP,REP CHARLES T LIPSCOMB,128
Mason,PRECINCT 23,FOR CONSERVATION DISTRICT SUPERVISOR,,REP,REP CHARLES T LIPSCOMB,101
Mason,PRECINCT 24,FOR CONSERVATION DISTRICT SUPERVISOR,,REP,REP CHARLES T LIPSCOMB,118
Mason,PRECINCT 25,FOR CONSERVATION DISTRICT SUPERVISOR,,REP,REP CHARLES T LIPSCOMB,172
Mason,PRECINCT 26,FOR CONSERVATION DISTRICT SUPERVISOR,,REP,REP CHARLES T LIPSCOMB,36
Mason,PRECINCT 27,FOR CONSERVATION DISTRICT SUPERVISOR,,REP,REP CHARLES T LIPSCOMB,71
Mason,PRECINCT 28,FOR CONSERVATION DISTRICT SUPERVISOR,,REP,REP CHARLES T LIPSCOMB,97
Mason,PRECINCT 29,FOR CONSERVATION DISTRICT SUPERVISOR,,REP,REP CHARLES T LIPSCOMB,116
Mason,PRECINCT 30,FOR CONSERVATION DISTRICT SUPERVISOR,,REP,REP CHARLES T LIPSCOMB,229
Mason,PRECINCT 27,REP FOR COUNTY EXEC COMMITTEE,,REP,SARAH Z. STOVER,54
Mason,PRECINCT 28,REP FOR COUNTY EXEC COMMITTEE,,REP,SARAH Z. STOVER,57
Mason,PRECINCT 29,REP FOR COUNTY EXEC COMMITTEE,,REP,SARAH Z. STOVER,71
Mason,PRECINCT 27,DEM FOR COUNTY EXEC COMMITTEE,,DEM,ELIZABETH LISA CRUMP,28
Mason,PRECINCT 28,DEM FOR COUNTY EXEC COMMITTEE,,DEM,ELIZABETH LISA CRUMP,40
Mason,PRECINCT 29,DEM FOR COUNTY EXEC COMMITTEE,,DEM,ELIZABETH LISA CRUMP,43
Mason,PRECINCT 27,REP FOR COUNTY EXEC COMMITTEE,,REP,MICHAEL ZIRKLE,57
Mason,PRECINCT 28,REP FOR COUNTY EXEC COMMITTEE,,REP,MICHAEL ZIRKLE,59
Mason,PRECINCT 29,REP FOR COUNTY EXEC COMMITTEE,,REP,MICHAEL ZIRKLE,71
Mason,PRECINCT 27,DEM FOR COUNTY EXEC COMMITTEE,,DEM,NO CANDIDATE FILED,0
Mason,PRECINCT 28,DEM FOR COUNTY EXEC COMMITTEE,,DEM,NO CANDIDATE FILED,0
Mason,PRECINCT 29,DEM FOR COUNTY EXEC COMMITTEE,,DEM,NO CANDIDATE FILED,0
Mason,PRECINCT 24,REP FOR COUNTY EXEC COMMITTEE,,REP,NO CANDIDATE FILED,0
Mason,PRECINCT 25,REP FOR COUNTY EXEC COMMITTEE,,REP,NO CANDIDATE FILED,0
Mason,PRECINCT 26,REP FOR COUNTY EXEC COMMITTEE,,REP,NO CANDIDATE FILED,0
Mason,PRECINCT 24,DEM FOR COUNTY EXEC COMMITTEE,,DEM,LINDA LOU BREWER,50
Mason,PRECINCT 25,DEM FOR COUNTY EXEC COMMITTEE,,DEM,LINDA LOU BREWER,60
Mason,PRECINCT 26,DEM FOR COUNTY EXEC COMMITTEE,,DEM,LINDA LOU BREWER,21
Mason,PRECINCT 24,DEM FOR COUNTY EXEC COMMITTEE,,DEM,SCOTT BREWER,51
Mason,PRECINCT 25,DEM FOR COUNTY EXEC COMMITTEE,,DEM,SCOTT BREWER,65
Mason,PRECINCT 26,DEM FOR COUNTY EXEC COMMITTEE,,DEM,SCOTT BREWER,21
Mason,PRECINCT 9,REP FOR COUNTY EXEC COMMITTEE,,REP,JESSICA D. BRYANT,80
Mason,PRECINCT 21,REP FOR COUNTY EXEC COMMITTEE,,REP,JESSICA D. BRYANT,67
Mason,PRECINCT 22,REP FOR COUNTY EXEC COMMITTEE,,REP,JESSICA D. BRYANT,79
Mason,PRECINCT 23,REP FOR COUNTY EXEC COMMITTEE,,REP,JESSICA D. BRYANT,68
Mason,PRECINCT 9,DEM FOR COUNTY EXEC COMMITTEE,,DEM,NO CANDIDATE FILED,0
Mason,PRECINCT 21,DEM FOR COUNTY EXEC COMMITTEE,,DEM,NO CANDIDATE FILED,0
Mason,PRECINCT 22,DEM FOR COUNTY EXEC COMMITTEE,,DEM,NO CANDIDATE FILED,0
Mason,PRECINCT 23,DEM FOR COUNTY EXEC COMMITTEE,,DEM,NO CANDIDATE FILED,0
Mason,PRECINCT 9,REP FOR COUNTY EXEC COMMITTEE,,REP,NO CANDIDATE FILED,0
Mason,PRECINCT 21,REP FOR COUNTY EXEC COMMITTEE,,REP,NO CANDIDATE FILED,0
Mason,PRECINCT 22,REP FOR COUNTY EXEC COMMITTEE,,REP,NO CANDIDATE FILED,0
Mason,PRECINCT 23,REP FOR COUNTY EXEC COMMITTEE,,REP,NO CANDIDATE FILED,0
Mason,PRECINCT 10,REP FOR COUNTY EXEC COMMITTEE,,REP,ROSE SAYRE,68
Mason,PRECINCT 11,REP FOR COUNTY EXEC COMMITTEE,,REP,ROSE SAYRE,5
Mason,PRECINCT 18,REP FOR COUNTY EXEC COMMITTEE,,REP,ROSE SAYRE,34
Mason,PRECINCT 19,REP FOR COUNTY EXEC COMMITTEE,,REP,ROSE SAYRE,71
Mason,PRECINCT 20,REP FOR COUNTY EXEC COMMITTEE,,REP,ROSE SAYRE,54
Mason,PRECINCT 10,DEM FOR COUNTY EXEC COMMITTEE,,DEM,NO CANDIDATE FILED,0
Mason,PRECINCT 11,DEM FOR COUNTY EXEC COMMITTEE,,DEM,NO CANDIDATE FILED,0
Mason,PRECINCT 18,DEM FOR COUNTY EXEC COMMITTEE,,DEM,NO CANDIDATE FILED,0
Mason,PRECINCT 19,DEM FOR COUNTY EXEC COMMITTEE,,DEM,NO CANDIDATE FILED,0
Mason,PRECINCT 20,DEM FOR COUNTY EXEC COMMITTEE,,DEM,NO CANDIDATE FILED,0
Mason,PRECINCT 10,REP FOR COUNTY EXEC COMMITTEE,,REP,NO CANDIDATE FILED,0
Mason,PRECINCT 11,REP FOR COUNTY EXEC COMMITTEE,,REP,NO CANDIDATE FILED,0
Mason,PRECINCT 18,REP FOR COUNTY EXEC COMMITTEE,,REP,NO CANDIDATE FILED,0
Mason,PRECINCT 19,REP FOR COUNTY EXEC COMMITTEE,,REP,NO CANDIDATE FILED,0
Mason,PRECINCT 20,REP FOR COUNTY EXEC COMMITTEE,,REP,NO CANDIDATE FILED,0
Mason,PRECINCT 7,REP FOR COUNTY EXEC COMMITTEE,,REP,NO CANDIDATE FILED,0
Mason,PRECINCT 8,REP FOR COUNTY EXEC COMMITTEE,,REP,NO CANDIDATE FILED,0
Mason,PRECINCT 30,REP FOR COUNTY EXEC COMMITTEE,,REP,NO CANDIDATE FILED,0
Mason,PRECINCT 7,DEM FOR COUNTY EXEC COMMITTEE,,DEM,BONNIE J. FRUTH,28
Mason,PRECINCT 8,DEM FOR COUNTY EXEC COMMITTEE,,DEM,BONNIE J. FRUTH,37
Mason,PRECINCT 30,DEM FOR COUNTY EXEC COMMITTEE,,DEM,BONNIE J. FRUTH,85
Mason,PRECINCT 7,DEM FOR COUNTY EXEC COMMITTEE,,DEM,J. DAVID MORGAN,32
Mason,PRECINCT 8,DEM FOR COUNTY EXEC COMMITTEE,,DEM,J. DAVID MORGAN,43
Mason,PRECINCT 30,DEM FOR COUNTY EXEC COMMITTEE,,DEM,J. DAVID MORGAN,89
Mason,PRECINCT 1,REP FOR COUNTY EXEC COMMITTEE,,REP,NO CANDIDATE FILED,0
Mason,PRECINCT 2,REP FOR COUNTY EXEC COMMITTEE,,REP,NO CANDIDATE FILED,0
Mason,PRECINCT 3,REP FOR COUNTY EXEC COMMITTEE,,REP,NO CANDIDATE FILED,0
Mason,PRECINCT 4,REP FOR COUNTY EXEC COMMITTEE,,REP,NO CANDIDATE FILED,0
Mason,PRECINCT 5,REP FOR COUNTY EXEC COMMITTEE,,REP,NO CANDIDATE FILED,0
Mason,PRECINCT 6,REP FOR COUNTY EXEC COMMITTEE,,REP,NO CANDIDATE FILED,0
Mason,PRECINCT 1,DEM FOR COUNTY EXEC COMMITTEE,,DEM,NO CANDIDATE FILED,0
Mason,PRECINCT 2,DEM FOR COUNTY EXEC COMMITTEE,,DEM,NO CANDIDATE FILED,0
Mason,PRECINCT 3,DEM FOR COUNTY EXEC COMMITTEE,,DEM,NO CANDIDATE FILED,0
Mason,PRECINCT 4,DEM FOR COUNTY EXEC COMMITTEE,,DEM,NO CANDIDATE FILED,0
Mason,PRECINCT 5,DEM FOR COUNTY EXEC COMMITTEE,,DEM,NO CANDIDATE FILED,0
Mason,PRECINCT 6,DEM FOR COUNTY EXEC COMMITTEE,,DEM,NO CANDIDATE FILED,0
Mason,PRECINCT 12,REP FOR COUNTY EXEC COMMITTEE,,REP,ANNA MARIA BUTLER,36
Mason,PRECINCT 13,REP FOR COUNTY EXEC COMMITTEE,,REP,ANNA MARIA BUTLER,67
Mason,PRECINCT 14,REP FOR COUNTY EXEC COMMITTEE,,REP,ANNA MARIA BUTLER,39
Mason,PRECINCT 12,DEM FOR COUNTY EXEC COMMITTEE,,DEM,NO CANDIDATE FILED,0
Mason,PRECINCT 13,DEM FOR COUNTY EXEC COMMITTEE,,DEM,NO CANDIDATE FILED,0
Mason,PRECINCT 14,DEM FOR COUNTY EXEC COMMITTEE,,DEM,NO CANDIDATE FILED,0
Mason,PRECINCT 12,REP FOR COUNTY EXEC COMMITTEE,,REP,JIM BUTLER,35
Mason,PRECINCT 13,REP FOR COUNTY EXEC COMMITTEE,,REP,JIM BUTLER,69
Mason,PRECINCT 14,REP FOR COUNTY EXEC COMMITTEE,,REP,JIM BUTLER,39
Mason,PRECINCT 15,REP FOR COUNTY EXEC COMMITTEE,,REP,NO CANDIDATE FILED,0
Mason,PRECINCT 16,REP FOR COUNTY EXEC COMMITTEE,,REP,NO CANDIDATE FILED,0
Mason,PRECINCT 17,REP FOR COUNTY EXEC COMMITTEE,,REP,NO CANDIDATE FILED,0
Mason,PRECINCT 15,DEM FOR COUNTY EXEC COMMITTEE,,DEM,NO CANDIDATE FILED,0
Mason,PRECINCT 16,DEM FOR COUNTY EXEC COMMITTEE,,DEM,NO CANDIDATE FILED,0
Mason,PRECINCT 17,DEM FOR COUNTY EXEC COMMITTEE,,DEM,NO CANDIDATE FILED,0
Mason,PRECINCT 25,MAYOR NEW HAVEN,,,PHILIP A. SEREVICZ,177
Mason,PRECINCT 25,RECORDER NEW HAVEN,,,SCOTT BREWER,172
Mason,PRECINCT 25,COUNCIL MEMBERS NEW HAVEN,,,THOMAS ANDERSON,108
Mason,PRECINCT 25,COUNCIL MEMBERS NEW HAVEN,,,STEPHEN OHLINGER JR,121
Mason,PRECINCT 25,COUNCIL MEMBERS NEW HAVEN,,,BRANDY JEAN HUDNALL,103
Mason,PRECINCT 25,COUNCIL MEMBERS NEW HAVEN,,,STEVE CARPENTER,130
Mason,PRECINCT 25,COUNCIL MEMBERS NEW HAVEN,,,KELVIN HONAKER,166
Mason,PRECINCT 25,COUNCIL MEMBERS NEW HAVEN,,,CATHY SUE ZERKLE,118
Mason,PRECINCT 25,COUNCIL MEMBERS NEW HAVEN,,,NOLAN PIERCE,137
Mason,PRECINCT 25,COUNCIL MEMBERS NEW HAVEN,,,REBECCA BECKY BENSON,120
Mason,PRECINCT 25,NEW HAVEN BALLOT QUESTION,,,YES,160
Mason,PRECINCT 25,NEW HAVEN BALLOT QUESTION,,,NO,59
